g BG
v 0.32718685 -0.4240861 0
v 0.30295336 -0.44831964 0
v 0.32718685 -0.44831964 0
v 0.30295336 -0.4240861 0
v 0.30295336 -0.4240861 0
v 0.27871987 -0.44831964 0
v 0.30295336 -0.44831964 0
v 0.27871987 -0.4240861 0
v 0.2787199 -0.4240861 0
v 0.2544864 -0.44831964 0
v 0.2787199 -0.44831964 0
v 0.2544864 -0.4240861 0
v 0.25448644 -0.4240861 0
v 0.23025297 -0.44831964 0
v 0.25448644 -0.44831964 0
v 0.23025297 -0.4240861 0
v 0.23025297 -0.4240861 0
v 0.20601948 -0.44831964 0
v 0.23025297 -0.44831964 0
v 0.20601948 -0.4240861 0
v 0.2060195 -0.4240861 0
v 0.18178602 -0.44831964 0
v 0.2060195 -0.44831964 0
v 0.18178602 -0.4240861 0
v 0.18178605 -0.4240861 0
v 0.15755257 -0.44831964 0
v 0.18178605 -0.44831964 0
v 0.15755257 -0.4240861 0
v 0.15755259 -0.4240861 0
v 0.1333191 -0.44831964 0
v 0.15755259 -0.44831964 0
v 0.1333191 -0.4240861 0
v 0.13331912 -0.4240861 0
v 0.109085634 -0.44831964 0
v 0.13331912 -0.44831964 0
v 0.109085634 -0.4240861 0
v 0.10908564 -0.4240861 0
v 0.08485216 -0.44831964 0
v 0.10908564 -0.44831964 0
v 0.08485216 -0.4240861 0
v 0.08485218 -0.4240861 0
v 0.060618695 -0.44831964 0
v 0.08485218 -0.44831964 0
v 0.060618695 -0.4240861 0
v 0.060618725 -0.4240861 0
v 0.036385242 -0.44831964 0
v 0.060618725 -0.44831964 0
v 0.036385242 -0.4240861 0
v 0.036385257 -0.4240861 0
v 0.012151773 -0.44831964 0
v 0.036385257 -0.44831964 0
v 0.012151773 -0.4240861 0
v 0.01215179 -0.4240861 0
v -0.012081695 -0.44831964 0
v 0.01215179 -0.44831964 0
v -0.012081695 -0.4240861 0
v -0.012081678 -0.4240861 0
v -0.03631516 -0.44831964 0
v -0.012081678 -0.44831964 0
v -0.03631516 -0.4240861 0
v -0.036315147 -0.4240861 0
v -0.06054863 -0.44831964 0
v -0.036315147 -0.44831964 0
v -0.06054863 -0.4240861 0
v -0.06054861 -0.4240861 0
v -0.084782094 -0.44831964 0
v -0.06054861 -0.44831964 0
v -0.084782094 -0.4240861 0
v -0.08478209 -0.4240861 0
v -0.10901556 -0.44831964 0
v -0.08478209 -0.44831964 0
v -0.10901556 -0.4240861 0
v -0.10901555 -0.4240861 0
v -0.13324903 -0.44831964 0
v -0.10901555 -0.44831964 0
v -0.13324903 -0.4240861 0
v -0.13324901 -0.4240861 0
v -0.15748249 -0.44831964 0
v -0.13324901 -0.44831964 0
v -0.15748249 -0.4240861 0
v -0.15748249 -0.4240861 0
v -0.18171597 -0.44831964 0
v -0.15748249 -0.44831964 0
v -0.18171597 -0.4240861 0
v -0.18171595 -0.4240861 0
v -0.20594946 -0.44831964 0
v -0.18171595 -0.44831964 0
v -0.20594946 -0.4240861 0
v -0.20594938 -0.4240861 0
v -0.23018287 -0.44831964 0
v -0.20594938 -0.44831964 0
v -0.23018287 -0.4240861 0
v -0.23018289 -0.4240861 0
v -0.25441638 -0.44831964 0
v -0.23018289 -0.44831964 0
v -0.25441638 -0.4240861 0
v -0.25441632 -0.4240861 0
v -0.2786498 -0.44831964 0
v -0.25441632 -0.44831964 0
v -0.2786498 -0.4240861 0
v -0.2786498 -0.4240861 0
v -0.3028833 -0.44831964 0
v -0.2786498 -0.44831964 0
v -0.3028833 -0.4240861 0
v -0.30288327 -0.4240861 0
v -0.32711676 -0.44831964 0
v -0.30288327 -0.44831964 0
v -0.32711676 -0.4240861 0
v 0.32718685 -0.39985263 0
v 0.30295336 -0.4240861 0
v 0.32718685 -0.4240861 0
v 0.30295336 -0.39985263 0
v 0.30295336 -0.39985263 0
v 0.27871987 -0.4240861 0
v 0.30295336 -0.4240861 0
v 0.27871987 -0.39985263 0
v 0.2787199 -0.39985263 0
v 0.2544864 -0.4240861 0
v 0.2787199 -0.4240861 0
v 0.2544864 -0.39985263 0
v 0.25448644 -0.39985263 0
v 0.23025297 -0.4240861 0
v 0.25448644 -0.4240861 0
v 0.23025297 -0.39985263 0
v 0.23025297 -0.39985263 0
v 0.20601948 -0.4240861 0
v 0.23025297 -0.4240861 0
v 0.20601948 -0.39985263 0
v 0.2060195 -0.39985263 0
v 0.18178602 -0.4240861 0
v 0.2060195 -0.4240861 0
v 0.18178602 -0.39985263 0
v 0.18178605 -0.39985263 0
v 0.15755257 -0.4240861 0
v 0.18178605 -0.4240861 0
v 0.15755257 -0.39985263 0
v 0.15755259 -0.39985263 0
v 0.1333191 -0.4240861 0
v 0.15755259 -0.4240861 0
v 0.1333191 -0.39985263 0
v 0.13331912 -0.39985263 0
v 0.109085634 -0.4240861 0
v 0.13331912 -0.4240861 0
v 0.109085634 -0.39985263 0
v 0.10908564 -0.39985263 0
v 0.08485216 -0.4240861 0
v 0.10908564 -0.4240861 0
v 0.08485216 -0.39985263 0
v 0.08485218 -0.39985263 0
v 0.060618695 -0.4240861 0
v 0.08485218 -0.4240861 0
v 0.060618695 -0.39985263 0
v 0.060618725 -0.39985263 0
v 0.036385242 -0.4240861 0
v 0.060618725 -0.4240861 0
v 0.036385242 -0.39985263 0
v 0.036385257 -0.39985263 0
v 0.012151773 -0.4240861 0
v 0.036385257 -0.4240861 0
v 0.012151773 -0.39985263 0
v 0.01215179 -0.39985263 0
v -0.012081695 -0.4240861 0
v 0.01215179 -0.4240861 0
v -0.012081695 -0.39985263 0
v -0.012081678 -0.39985263 0
v -0.03631516 -0.4240861 0
v -0.012081678 -0.4240861 0
v -0.03631516 -0.39985263 0
v -0.036315147 -0.39985263 0
v -0.06054863 -0.4240861 0
v -0.036315147 -0.4240861 0
v -0.06054863 -0.39985263 0
v -0.06054861 -0.39985263 0
v -0.084782094 -0.4240861 0
v -0.06054861 -0.4240861 0
v -0.084782094 -0.39985263 0
v -0.08478209 -0.39985263 0
v -0.10901556 -0.4240861 0
v -0.08478209 -0.4240861 0
v -0.10901556 -0.39985263 0
v -0.10901555 -0.39985263 0
v -0.13324903 -0.4240861 0
v -0.10901555 -0.4240861 0
v -0.13324903 -0.39985263 0
v -0.13324901 -0.39985263 0
v -0.15748249 -0.4240861 0
v -0.13324901 -0.4240861 0
v -0.15748249 -0.39985263 0
v -0.15748249 -0.39985263 0
v -0.18171597 -0.4240861 0
v -0.15748249 -0.4240861 0
v -0.18171597 -0.39985263 0
v -0.18171595 -0.39985263 0
v -0.20594946 -0.4240861 0
v -0.18171595 -0.4240861 0
v -0.20594946 -0.39985263 0
v -0.20594938 -0.39985263 0
v -0.23018287 -0.4240861 0
v -0.20594938 -0.4240861 0
v -0.23018287 -0.39985263 0
v -0.23018289 -0.39985263 0
v -0.25441638 -0.4240861 0
v -0.23018289 -0.4240861 0
v -0.25441638 -0.39985263 0
v -0.25441632 -0.39985263 0
v -0.2786498 -0.4240861 0
v -0.25441632 -0.4240861 0
v -0.2786498 -0.39985263 0
v -0.2786498 -0.39985263 0
v -0.3028833 -0.4240861 0
v -0.2786498 -0.4240861 0
v -0.3028833 -0.39985263 0
v -0.30288327 -0.39985263 0
v -0.32711676 -0.4240861 0
v -0.30288327 -0.4240861 0
v -0.32711676 -0.39985263 0
v 0.32718685 -0.37561914 0
v 0.30295336 -0.39985263 0
v 0.32718685 -0.39985263 0
v 0.30295336 -0.37561914 0
v 0.30295336 -0.37561914 0
v 0.27871987 -0.39985263 0
v 0.30295336 -0.39985263 0
v 0.27871987 -0.37561914 0
v 0.2787199 -0.37561914 0
v 0.2544864 -0.39985263 0
v 0.2787199 -0.39985263 0
v 0.2544864 -0.37561914 0
v 0.25448644 -0.37561914 0
v 0.23025297 -0.39985263 0
v 0.25448644 -0.39985263 0
v 0.23025297 -0.37561914 0
v 0.23025297 -0.37561914 0
v 0.20601948 -0.39985263 0
v 0.23025297 -0.39985263 0
v 0.20601948 -0.37561914 0
v 0.2060195 -0.37561914 0
v 0.18178602 -0.39985263 0
v 0.2060195 -0.39985263 0
v 0.18178602 -0.37561914 0
v 0.18178605 -0.37561914 0
v 0.15755257 -0.39985263 0
v 0.18178605 -0.39985263 0
v 0.15755257 -0.37561914 0
v 0.15755259 -0.37561914 0
v 0.1333191 -0.39985263 0
v 0.15755259 -0.39985263 0
v 0.1333191 -0.37561914 0
v 0.13331912 -0.37561914 0
v 0.109085634 -0.39985263 0
v 0.13331912 -0.39985263 0
v 0.109085634 -0.37561914 0
v 0.10908564 -0.37561914 0
v 0.08485216 -0.39985263 0
v 0.10908564 -0.39985263 0
v 0.08485216 -0.37561914 0
v 0.08485218 -0.37561914 0
v 0.060618695 -0.39985263 0
v 0.08485218 -0.39985263 0
v 0.060618695 -0.37561914 0
v 0.060618725 -0.37561914 0
v 0.036385242 -0.39985263 0
v 0.060618725 -0.39985263 0
v 0.036385242 -0.37561914 0
v 0.036385257 -0.37561914 0
v 0.012151773 -0.39985263 0
v 0.036385257 -0.39985263 0
v 0.012151773 -0.37561914 0
v 0.01215179 -0.37561914 0
v -0.012081695 -0.39985263 0
v 0.01215179 -0.39985263 0
v -0.012081695 -0.37561914 0
v -0.012081678 -0.37561914 0
v -0.03631516 -0.39985263 0
v -0.012081678 -0.39985263 0
v -0.03631516 -0.37561914 0
v -0.036315147 -0.37561914 0
v -0.06054863 -0.39985263 0
v -0.036315147 -0.39985263 0
v -0.06054863 -0.37561914 0
v -0.06054861 -0.37561914 0
v -0.084782094 -0.39985263 0
v -0.06054861 -0.39985263 0
v -0.084782094 -0.37561914 0
v -0.08478209 -0.37561914 0
v -0.10901556 -0.39985263 0
v -0.08478209 -0.39985263 0
v -0.10901556 -0.37561914 0
v -0.10901555 -0.37561914 0
v -0.13324903 -0.39985263 0
v -0.10901555 -0.39985263 0
v -0.13324903 -0.37561914 0
v -0.13324901 -0.37561914 0
v -0.15748249 -0.39985263 0
v -0.13324901 -0.39985263 0
v -0.15748249 -0.37561914 0
v -0.15748249 -0.37561914 0
v -0.18171597 -0.39985263 0
v -0.15748249 -0.39985263 0
v -0.18171597 -0.37561914 0
v -0.18171595 -0.37561914 0
v -0.20594946 -0.39985263 0
v -0.18171595 -0.39985263 0
v -0.20594946 -0.37561914 0
v -0.20594938 -0.37561914 0
v -0.23018287 -0.39985263 0
v -0.20594938 -0.39985263 0
v -0.23018287 -0.37561914 0
v -0.23018289 -0.37561914 0
v -0.25441638 -0.39985263 0
v -0.23018289 -0.39985263 0
v -0.25441638 -0.37561914 0
v -0.25441632 -0.37561914 0
v -0.2786498 -0.39985263 0
v -0.25441632 -0.39985263 0
v -0.2786498 -0.37561914 0
v -0.2786498 -0.37561914 0
v -0.3028833 -0.39985263 0
v -0.2786498 -0.39985263 0
v -0.3028833 -0.37561914 0
v -0.30288327 -0.37561914 0
v -0.32711676 -0.39985263 0
v -0.30288327 -0.39985263 0
v -0.32711676 -0.37561914 0
v 0.32718685 -0.35138562 0
v 0.30295336 -0.3756191 0
v 0.32718685 -0.3756191 0
v 0.30295336 -0.35138562 0
v 0.30295336 -0.35138562 0
v 0.27871987 -0.3756191 0
v 0.30295336 -0.3756191 0
v 0.27871987 -0.35138562 0
v 0.2787199 -0.35138562 0
v 0.2544864 -0.3756191 0
v 0.2787199 -0.3756191 0
v 0.2544864 -0.35138562 0
v 0.25448644 -0.35138562 0
v 0.23025297 -0.3756191 0
v 0.25448644 -0.3756191 0
v 0.23025297 -0.35138562 0
v 0.23025297 -0.35138562 0
v 0.20601948 -0.3756191 0
v 0.23025297 -0.3756191 0
v 0.20601948 -0.35138562 0
v 0.2060195 -0.35138562 0
v 0.18178602 -0.3756191 0
v 0.2060195 -0.3756191 0
v 0.18178602 -0.35138562 0
v 0.18178605 -0.35138562 0
v 0.15755257 -0.3756191 0
v 0.18178605 -0.3756191 0
v 0.15755257 -0.35138562 0
v 0.15755259 -0.35138562 0
v 0.1333191 -0.3756191 0
v 0.15755259 -0.3756191 0
v 0.1333191 -0.35138562 0
v 0.13331912 -0.35138562 0
v 0.109085634 -0.3756191 0
v 0.13331912 -0.3756191 0
v 0.109085634 -0.35138562 0
v 0.10908564 -0.35138562 0
v 0.08485216 -0.3756191 0
v 0.10908564 -0.3756191 0
v 0.08485216 -0.35138562 0
v 0.08485218 -0.35138562 0
v 0.060618695 -0.3756191 0
v 0.08485218 -0.3756191 0
v 0.060618695 -0.35138562 0
v 0.060618725 -0.35138562 0
v 0.036385242 -0.3756191 0
v 0.060618725 -0.3756191 0
v 0.036385242 -0.35138562 0
v 0.036385257 -0.35138562 0
v 0.012151773 -0.3756191 0
v 0.036385257 -0.3756191 0
v 0.012151773 -0.35138562 0
v 0.01215179 -0.35138562 0
v -0.012081695 -0.3756191 0
v 0.01215179 -0.3756191 0
v -0.012081695 -0.35138562 0
v -0.012081678 -0.35138562 0
v -0.03631516 -0.3756191 0
v -0.012081678 -0.3756191 0
v -0.03631516 -0.35138562 0
v -0.036315147 -0.35138562 0
v -0.06054863 -0.3756191 0
v -0.036315147 -0.3756191 0
v -0.06054863 -0.35138562 0
v -0.06054861 -0.35138562 0
v -0.084782094 -0.3756191 0
v -0.06054861 -0.3756191 0
v -0.084782094 -0.35138562 0
v -0.08478209 -0.35138562 0
v -0.10901556 -0.3756191 0
v -0.08478209 -0.3756191 0
v -0.10901556 -0.35138562 0
v -0.10901555 -0.35138562 0
v -0.13324903 -0.3756191 0
v -0.10901555 -0.3756191 0
v -0.13324903 -0.35138562 0
v -0.13324901 -0.35138562 0
v -0.15748249 -0.3756191 0
v -0.13324901 -0.3756191 0
v -0.15748249 -0.35138562 0
v -0.15748249 -0.35138562 0
v -0.18171597 -0.3756191 0
v -0.15748249 -0.3756191 0
v -0.18171597 -0.35138562 0
v -0.18171595 -0.35138562 0
v -0.20594946 -0.3756191 0
v -0.18171595 -0.3756191 0
v -0.20594946 -0.35138562 0
v -0.20594938 -0.35138562 0
v -0.23018287 -0.3756191 0
v -0.20594938 -0.3756191 0
v -0.23018287 -0.35138562 0
v -0.23018289 -0.35138562 0
v -0.25441638 -0.3756191 0
v -0.23018289 -0.3756191 0
v -0.25441638 -0.35138562 0
v -0.25441632 -0.35138562 0
v -0.2786498 -0.3756191 0
v -0.25441632 -0.3756191 0
v -0.2786498 -0.35138562 0
v -0.2786498 -0.35138562 0
v -0.3028833 -0.3756191 0
v -0.2786498 -0.3756191 0
v -0.3028833 -0.35138562 0
v -0.30288327 -0.35138562 0
v -0.32711676 -0.3756191 0
v -0.30288327 -0.3756191 0
v -0.32711676 -0.35138562 0
v 0.32718685 -0.32715213 0
v 0.30295336 -0.35138562 0
v 0.32718685 -0.35138562 0
v 0.30295336 -0.32715213 0
v 0.30295336 -0.32715213 0
v 0.27871987 -0.35138562 0
v 0.30295336 -0.35138562 0
v 0.27871987 -0.32715213 0
v 0.2787199 -0.32715213 0
v 0.2544864 -0.35138562 0
v 0.2787199 -0.35138562 0
v 0.2544864 -0.32715213 0
v 0.25448644 -0.32715213 0
v 0.23025297 -0.35138562 0
v 0.25448644 -0.35138562 0
v 0.23025297 -0.32715213 0
v 0.23025297 -0.32715213 0
v 0.20601948 -0.35138562 0
v 0.23025297 -0.35138562 0
v 0.20601948 -0.32715213 0
v 0.2060195 -0.32715213 0
v 0.18178602 -0.35138562 0
v 0.2060195 -0.35138562 0
v 0.18178602 -0.32715213 0
v 0.18178605 -0.32715213 0
v 0.15755257 -0.35138562 0
v 0.18178605 -0.35138562 0
v 0.15755257 -0.32715213 0
v 0.15755259 -0.32715213 0
v 0.1333191 -0.35138562 0
v 0.15755259 -0.35138562 0
v 0.1333191 -0.32715213 0
v 0.13331912 -0.32715213 0
v 0.109085634 -0.35138562 0
v 0.13331912 -0.35138562 0
v 0.109085634 -0.32715213 0
v 0.10908564 -0.32715213 0
v 0.08485216 -0.35138562 0
v 0.10908564 -0.35138562 0
v 0.08485216 -0.32715213 0
v 0.08485218 -0.32715213 0
v 0.060618695 -0.35138562 0
v 0.08485218 -0.35138562 0
v 0.060618695 -0.32715213 0
v 0.060618725 -0.32715213 0
v 0.036385242 -0.35138562 0
v 0.060618725 -0.35138562 0
v 0.036385242 -0.32715213 0
v 0.036385257 -0.32715213 0
v 0.012151773 -0.35138562 0
v 0.036385257 -0.35138562 0
v 0.012151773 -0.32715213 0
v 0.01215179 -0.32715213 0
v -0.012081695 -0.35138562 0
v 0.01215179 -0.35138562 0
v -0.012081695 -0.32715213 0
v -0.012081678 -0.32715213 0
v -0.03631516 -0.35138562 0
v -0.012081678 -0.35138562 0
v -0.03631516 -0.32715213 0
v -0.036315147 -0.32715213 0
v -0.06054863 -0.35138562 0
v -0.036315147 -0.35138562 0
v -0.06054863 -0.32715213 0
v -0.06054861 -0.32715213 0
v -0.084782094 -0.35138562 0
v -0.06054861 -0.35138562 0
v -0.084782094 -0.32715213 0
v -0.08478209 -0.32715213 0
v -0.10901556 -0.35138562 0
v -0.08478209 -0.35138562 0
v -0.10901556 -0.32715213 0
v -0.10901555 -0.32715213 0
v -0.13324903 -0.35138562 0
v -0.10901555 -0.35138562 0
v -0.13324903 -0.32715213 0
v -0.13324901 -0.32715213 0
v -0.15748249 -0.35138562 0
v -0.13324901 -0.35138562 0
v -0.15748249 -0.32715213 0
v -0.15748249 -0.32715213 0
v -0.18171597 -0.35138562 0
v -0.15748249 -0.35138562 0
v -0.18171597 -0.32715213 0
v -0.18171595 -0.32715213 0
v -0.20594946 -0.35138562 0
v -0.18171595 -0.35138562 0
v -0.20594946 -0.32715213 0
v -0.20594938 -0.32715213 0
v -0.23018287 -0.35138562 0
v -0.20594938 -0.35138562 0
v -0.23018287 -0.32715213 0
v -0.23018289 -0.32715213 0
v -0.25441638 -0.35138562 0
v -0.23018289 -0.35138562 0
v -0.25441638 -0.32715213 0
v -0.25441632 -0.32715213 0
v -0.2786498 -0.35138562 0
v -0.25441632 -0.35138562 0
v -0.2786498 -0.32715213 0
v -0.2786498 -0.32715213 0
v -0.3028833 -0.35138562 0
v -0.2786498 -0.35138562 0
v -0.3028833 -0.32715213 0
v -0.30288327 -0.32715213 0
v -0.32711676 -0.35138562 0
v -0.30288327 -0.35138562 0
v -0.32711676 -0.32715213 0
v 0.32718685 -0.30291864 0
v 0.30295336 -0.32715213 0
v 0.32718685 -0.32715213 0
v 0.30295336 -0.30291864 0
v 0.30295336 -0.30291864 0
v 0.27871987 -0.32715213 0
v 0.30295336 -0.32715213 0
v 0.27871987 -0.30291864 0
v 0.2787199 -0.30291864 0
v 0.2544864 -0.32715213 0
v 0.2787199 -0.32715213 0
v 0.2544864 -0.30291864 0
v 0.25448644 -0.30291864 0
v 0.23025297 -0.32715213 0
v 0.25448644 -0.32715213 0
v 0.23025297 -0.30291864 0
v 0.23025297 -0.30291864 0
v 0.20601948 -0.32715213 0
v 0.23025297 -0.32715213 0
v 0.20601948 -0.30291864 0
v 0.2060195 -0.30291864 0
v 0.18178602 -0.32715213 0
v 0.2060195 -0.32715213 0
v 0.18178602 -0.30291864 0
v 0.18178605 -0.30291864 0
v 0.15755257 -0.32715213 0
v 0.18178605 -0.32715213 0
v 0.15755257 -0.30291864 0
v 0.15755259 -0.30291864 0
v 0.1333191 -0.32715213 0
v 0.15755259 -0.32715213 0
v 0.1333191 -0.30291864 0
v 0.13331912 -0.30291864 0
v 0.109085634 -0.32715213 0
v 0.13331912 -0.32715213 0
v 0.109085634 -0.30291864 0
v 0.10908564 -0.30291864 0
v 0.08485216 -0.32715213 0
v 0.10908564 -0.32715213 0
v 0.08485216 -0.30291864 0
v 0.08485218 -0.30291864 0
v 0.060618695 -0.32715213 0
v 0.08485218 -0.32715213 0
v 0.060618695 -0.30291864 0
v 0.060618725 -0.30291864 0
v 0.036385242 -0.32715213 0
v 0.060618725 -0.32715213 0
v 0.036385242 -0.30291864 0
v 0.036385257 -0.30291864 0
v 0.012151773 -0.32715213 0
v 0.036385257 -0.32715213 0
v 0.012151773 -0.30291864 0
v 0.01215179 -0.30291864 0
v -0.012081695 -0.32715213 0
v 0.01215179 -0.32715213 0
v -0.012081695 -0.30291864 0
v -0.012081678 -0.30291864 0
v -0.03631516 -0.32715213 0
v -0.012081678 -0.32715213 0
v -0.03631516 -0.30291864 0
v -0.036315147 -0.30291864 0
v -0.06054863 -0.32715213 0
v -0.036315147 -0.32715213 0
v -0.06054863 -0.30291864 0
v -0.06054861 -0.30291864 0
v -0.084782094 -0.32715213 0
v -0.06054861 -0.32715213 0
v -0.084782094 -0.30291864 0
v -0.08478209 -0.30291864 0
v -0.10901556 -0.32715213 0
v -0.08478209 -0.32715213 0
v -0.10901556 -0.30291864 0
v -0.10901555 -0.30291864 0
v -0.13324903 -0.32715213 0
v -0.10901555 -0.32715213 0
v -0.13324903 -0.30291864 0
v -0.13324901 -0.30291864 0
v -0.15748249 -0.32715213 0
v -0.13324901 -0.32715213 0
v -0.15748249 -0.30291864 0
v -0.15748249 -0.30291864 0
v -0.18171597 -0.32715213 0
v -0.15748249 -0.32715213 0
v -0.18171597 -0.30291864 0
v -0.18171595 -0.30291864 0
v -0.20594946 -0.32715213 0
v -0.18171595 -0.32715213 0
v -0.20594946 -0.30291864 0
v -0.20594938 -0.30291864 0
v -0.23018287 -0.32715213 0
v -0.20594938 -0.32715213 0
v -0.23018287 -0.30291864 0
v -0.23018289 -0.30291864 0
v -0.25441638 -0.32715213 0
v -0.23018289 -0.32715213 0
v -0.25441638 -0.30291864 0
v -0.25441632 -0.30291864 0
v -0.2786498 -0.32715213 0
v -0.25441632 -0.32715213 0
v -0.2786498 -0.30291864 0
v -0.2786498 -0.30291864 0
v -0.3028833 -0.32715213 0
v -0.2786498 -0.32715213 0
v -0.3028833 -0.30291864 0
v -0.30288327 -0.30291864 0
v -0.32711676 -0.32715213 0
v -0.30288327 -0.32715213 0
v -0.32711676 -0.30291864 0
v 0.32718685 -0.27868515 0
v 0.30295336 -0.30291864 0
v 0.32718685 -0.30291864 0
v 0.30295336 -0.27868515 0
v 0.30295336 -0.27868515 0
v 0.27871987 -0.30291864 0
v 0.30295336 -0.30291864 0
v 0.27871987 -0.27868515 0
v 0.2787199 -0.27868515 0
v 0.2544864 -0.30291864 0
v 0.2787199 -0.30291864 0
v 0.2544864 -0.27868515 0
v 0.25448644 -0.27868515 0
v 0.23025297 -0.30291864 0
v 0.25448644 -0.30291864 0
v 0.23025297 -0.27868515 0
v 0.23025297 -0.27868515 0
v 0.20601948 -0.30291864 0
v 0.23025297 -0.30291864 0
v 0.20601948 -0.27868515 0
v 0.2060195 -0.27868515 0
v 0.18178602 -0.30291864 0
v 0.2060195 -0.30291864 0
v 0.18178602 -0.27868515 0
v 0.18178605 -0.27868515 0
v 0.15755257 -0.30291864 0
v 0.18178605 -0.30291864 0
v 0.15755257 -0.27868515 0
v 0.15755259 -0.27868515 0
v 0.1333191 -0.30291864 0
v 0.15755259 -0.30291864 0
v 0.1333191 -0.27868515 0
v 0.13331912 -0.27868515 0
v 0.109085634 -0.30291864 0
v 0.13331912 -0.30291864 0
v 0.109085634 -0.27868515 0
v 0.10908564 -0.27868515 0
v 0.08485216 -0.30291864 0
v 0.10908564 -0.30291864 0
v 0.08485216 -0.27868515 0
v 0.08485218 -0.27868515 0
v 0.060618695 -0.30291864 0
v 0.08485218 -0.30291864 0
v 0.060618695 -0.27868515 0
v 0.060618725 -0.27868515 0
v 0.036385242 -0.30291864 0
v 0.060618725 -0.30291864 0
v 0.036385242 -0.27868515 0
v 0.036385257 -0.27868515 0
v 0.012151773 -0.30291864 0
v 0.036385257 -0.30291864 0
v 0.012151773 -0.27868515 0
v 0.01215179 -0.27868515 0
v -0.012081695 -0.30291864 0
v 0.01215179 -0.30291864 0
v -0.012081695 -0.27868515 0
v -0.012081678 -0.27868515 0
v -0.03631516 -0.30291864 0
v -0.012081678 -0.30291864 0
v -0.03631516 -0.27868515 0
v -0.036315147 -0.27868515 0
v -0.06054863 -0.30291864 0
v -0.036315147 -0.30291864 0
v -0.06054863 -0.27868515 0
v -0.06054861 -0.27868515 0
v -0.084782094 -0.30291864 0
v -0.06054861 -0.30291864 0
v -0.084782094 -0.27868515 0
v -0.08478209 -0.27868515 0
v -0.10901556 -0.30291864 0
v -0.08478209 -0.30291864 0
v -0.10901556 -0.27868515 0
v -0.10901555 -0.27868515 0
v -0.13324903 -0.30291864 0
v -0.10901555 -0.30291864 0
v -0.13324903 -0.27868515 0
v -0.13324901 -0.27868515 0
v -0.15748249 -0.30291864 0
v -0.13324901 -0.30291864 0
v -0.15748249 -0.27868515 0
v -0.15748249 -0.27868515 0
v -0.18171597 -0.30291864 0
v -0.15748249 -0.30291864 0
v -0.18171597 -0.27868515 0
v -0.18171595 -0.27868515 0
v -0.20594946 -0.30291864 0
v -0.18171595 -0.30291864 0
v -0.20594946 -0.27868515 0
v -0.20594938 -0.27868515 0
v -0.23018287 -0.30291864 0
v -0.20594938 -0.30291864 0
v -0.23018287 -0.27868515 0
v -0.23018289 -0.27868515 0
v -0.25441638 -0.30291864 0
v -0.23018289 -0.30291864 0
v -0.25441638 -0.27868515 0
v -0.25441632 -0.27868515 0
v -0.2786498 -0.30291864 0
v -0.25441632 -0.30291864 0
v -0.2786498 -0.27868515 0
v -0.2786498 -0.27868515 0
v -0.3028833 -0.30291864 0
v -0.2786498 -0.30291864 0
v -0.3028833 -0.27868515 0
v -0.30288327 -0.27868515 0
v -0.32711676 -0.30291864 0
v -0.30288327 -0.30291864 0
v -0.32711676 -0.27868515 0
v 0.32718685 -0.25445166 0
v 0.30295336 -0.27868515 0
v 0.32718685 -0.27868515 0
v 0.30295336 -0.25445166 0
v 0.30295336 -0.25445166 0
v 0.27871987 -0.27868515 0
v 0.30295336 -0.27868515 0
v 0.27871987 -0.25445166 0
v 0.2787199 -0.25445166 0
v 0.2544864 -0.27868515 0
v 0.2787199 -0.27868515 0
v 0.2544864 -0.25445166 0
v 0.25448644 -0.25445166 0
v 0.23025297 -0.27868515 0
v 0.25448644 -0.27868515 0
v 0.23025297 -0.25445166 0
v 0.23025297 -0.25445166 0
v 0.20601948 -0.27868515 0
v 0.23025297 -0.27868515 0
v 0.20601948 -0.25445166 0
v 0.2060195 -0.25445166 0
v 0.18178602 -0.27868515 0
v 0.2060195 -0.27868515 0
v 0.18178602 -0.25445166 0
v 0.18178605 -0.25445166 0
v 0.15755257 -0.27868515 0
v 0.18178605 -0.27868515 0
v 0.15755257 -0.25445166 0
v 0.15755259 -0.25445166 0
v 0.1333191 -0.27868515 0
v 0.15755259 -0.27868515 0
v 0.1333191 -0.25445166 0
v 0.13331912 -0.25445166 0
v 0.109085634 -0.27868515 0
v 0.13331912 -0.27868515 0
v 0.109085634 -0.25445166 0
v 0.10908564 -0.25445166 0
v 0.08485216 -0.27868515 0
v 0.10908564 -0.27868515 0
v 0.08485216 -0.25445166 0
v 0.08485218 -0.25445166 0
v 0.060618695 -0.27868515 0
v 0.08485218 -0.27868515 0
v 0.060618695 -0.25445166 0
v 0.060618725 -0.25445166 0
v 0.036385242 -0.27868515 0
v 0.060618725 -0.27868515 0
v 0.036385242 -0.25445166 0
v 0.036385257 -0.25445166 0
v 0.012151773 -0.27868515 0
v 0.036385257 -0.27868515 0
v 0.012151773 -0.25445166 0
v 0.01215179 -0.25445166 0
v -0.012081695 -0.27868515 0
v 0.01215179 -0.27868515 0
v -0.012081695 -0.25445166 0
v -0.012081678 -0.25445166 0
v -0.03631516 -0.27868515 0
v -0.012081678 -0.27868515 0
v -0.03631516 -0.25445166 0
v -0.036315147 -0.25445166 0
v -0.06054863 -0.27868515 0
v -0.036315147 -0.27868515 0
v -0.06054863 -0.25445166 0
v -0.06054861 -0.25445166 0
v -0.084782094 -0.27868515 0
v -0.06054861 -0.27868515 0
v -0.084782094 -0.25445166 0
v -0.08478209 -0.25445166 0
v -0.10901556 -0.27868515 0
v -0.08478209 -0.27868515 0
v -0.10901556 -0.25445166 0
v -0.10901555 -0.25445166 0
v -0.13324903 -0.27868515 0
v -0.10901555 -0.27868515 0
v -0.13324903 -0.25445166 0
v -0.13324901 -0.25445166 0
v -0.15748249 -0.27868515 0
v -0.13324901 -0.27868515 0
v -0.15748249 -0.25445166 0
v -0.15748249 -0.25445166 0
v -0.18171597 -0.27868515 0
v -0.15748249 -0.27868515 0
v -0.18171597 -0.25445166 0
v -0.18171595 -0.25445166 0
v -0.20594946 -0.27868515 0
v -0.18171595 -0.27868515 0
v -0.20594946 -0.25445166 0
v -0.20594938 -0.25445166 0
v -0.23018287 -0.27868515 0
v -0.20594938 -0.27868515 0
v -0.23018287 -0.25445166 0
v -0.23018289 -0.25445166 0
v -0.25441638 -0.27868515 0
v -0.23018289 -0.27868515 0
v -0.25441638 -0.25445166 0
v -0.25441632 -0.25445166 0
v -0.2786498 -0.27868515 0
v -0.25441632 -0.27868515 0
v -0.2786498 -0.25445166 0
v -0.2786498 -0.25445166 0
v -0.3028833 -0.27868515 0
v -0.2786498 -0.27868515 0
v -0.3028833 -0.25445166 0
v -0.30288327 -0.25445166 0
v -0.32711676 -0.27868515 0
v -0.30288327 -0.27868515 0
v -0.32711676 -0.25445166 0
v 0.32718685 -0.23021817 0
v 0.30295336 -0.25445166 0
v 0.32718685 -0.25445166 0
v 0.30295336 -0.23021817 0
v 0.30295336 -0.23021817 0
v 0.27871987 -0.25445166 0
v 0.30295336 -0.25445166 0
v 0.27871987 -0.23021817 0
v 0.2787199 -0.23021817 0
v 0.2544864 -0.25445166 0
v 0.2787199 -0.25445166 0
v 0.2544864 -0.23021817 0
v 0.25448644 -0.23021817 0
v 0.23025297 -0.25445166 0
v 0.25448644 -0.25445166 0
v 0.23025297 -0.23021817 0
v 0.23025297 -0.23021817 0
v 0.20601948 -0.25445166 0
v 0.23025297 -0.25445166 0
v 0.20601948 -0.23021817 0
v 0.2060195 -0.23021817 0
v 0.18178602 -0.25445166 0
v 0.2060195 -0.25445166 0
v 0.18178602 -0.23021817 0
v 0.18178605 -0.23021817 0
v 0.15755257 -0.25445166 0
v 0.18178605 -0.25445166 0
v 0.15755257 -0.23021817 0
v 0.15755259 -0.23021817 0
v 0.1333191 -0.25445166 0
v 0.15755259 -0.25445166 0
v 0.1333191 -0.23021817 0
v 0.13331912 -0.23021817 0
v 0.109085634 -0.25445166 0
v 0.13331912 -0.25445166 0
v 0.109085634 -0.23021817 0
v 0.10908564 -0.23021817 0
v 0.08485216 -0.25445166 0
v 0.10908564 -0.25445166 0
v 0.08485216 -0.23021817 0
v 0.08485218 -0.23021817 0
v 0.060618695 -0.25445166 0
v 0.08485218 -0.25445166 0
v 0.060618695 -0.23021817 0
v 0.060618725 -0.23021817 0
v 0.036385242 -0.25445166 0
v 0.060618725 -0.25445166 0
v 0.036385242 -0.23021817 0
v 0.036385257 -0.23021817 0
v 0.012151773 -0.25445166 0
v 0.036385257 -0.25445166 0
v 0.012151773 -0.23021817 0
v 0.01215179 -0.23021817 0
v -0.012081695 -0.25445166 0
v 0.01215179 -0.25445166 0
v -0.012081695 -0.23021817 0
v -0.012081678 -0.23021817 0
v -0.03631516 -0.25445166 0
v -0.012081678 -0.25445166 0
v -0.03631516 -0.23021817 0
v -0.036315147 -0.23021817 0
v -0.06054863 -0.25445166 0
v -0.036315147 -0.25445166 0
v -0.06054863 -0.23021817 0
v -0.06054861 -0.23021817 0
v -0.084782094 -0.25445166 0
v -0.06054861 -0.25445166 0
v -0.084782094 -0.23021817 0
v -0.08478209 -0.23021817 0
v -0.10901556 -0.25445166 0
v -0.08478209 -0.25445166 0
v -0.10901556 -0.23021817 0
v -0.10901555 -0.23021817 0
v -0.13324903 -0.25445166 0
v -0.10901555 -0.25445166 0
v -0.13324903 -0.23021817 0
v -0.13324901 -0.23021817 0
v -0.15748249 -0.25445166 0
v -0.13324901 -0.25445166 0
v -0.15748249 -0.23021817 0
v -0.15748249 -0.23021817 0
v -0.18171597 -0.25445166 0
v -0.15748249 -0.25445166 0
v -0.18171597 -0.23021817 0
v -0.18171595 -0.23021817 0
v -0.20594946 -0.25445166 0
v -0.18171595 -0.25445166 0
v -0.20594946 -0.23021817 0
v -0.20594938 -0.23021817 0
v -0.23018287 -0.25445166 0
v -0.20594938 -0.25445166 0
v -0.23018287 -0.23021817 0
v -0.23018289 -0.23021817 0
v -0.25441638 -0.25445166 0
v -0.23018289 -0.25445166 0
v -0.25441638 -0.23021817 0
v -0.25441632 -0.23021817 0
v -0.2786498 -0.25445166 0
v -0.25441632 -0.25445166 0
v -0.2786498 -0.23021817 0
v -0.2786498 -0.23021817 0
v -0.3028833 -0.25445166 0
v -0.2786498 -0.25445166 0
v -0.3028833 -0.23021817 0
v -0.30288327 -0.23021817 0
v -0.32711676 -0.25445166 0
v -0.30288327 -0.25445166 0
v -0.32711676 -0.23021817 0
v 0.32718685 -0.2059847 0
v 0.30295336 -0.23021817 0
v 0.32718685 -0.23021817 0
v 0.30295336 -0.2059847 0
v 0.30295336 -0.2059847 0
v 0.27871987 -0.23021817 0
v 0.30295336 -0.23021817 0
v 0.27871987 -0.2059847 0
v 0.2787199 -0.2059847 0
v 0.2544864 -0.23021817 0
v 0.2787199 -0.23021817 0
v 0.2544864 -0.2059847 0
v 0.25448644 -0.2059847 0
v 0.23025297 -0.23021817 0
v 0.25448644 -0.23021817 0
v 0.23025297 -0.2059847 0
v 0.23025297 -0.2059847 0
v 0.20601948 -0.23021817 0
v 0.23025297 -0.23021817 0
v 0.20601948 -0.2059847 0
v 0.2060195 -0.2059847 0
v 0.18178602 -0.23021817 0
v 0.2060195 -0.23021817 0
v 0.18178602 -0.2059847 0
v 0.18178605 -0.2059847 0
v 0.15755257 -0.23021817 0
v 0.18178605 -0.23021817 0
v 0.15755257 -0.2059847 0
v 0.15755259 -0.2059847 0
v 0.1333191 -0.23021817 0
v 0.15755259 -0.23021817 0
v 0.1333191 -0.2059847 0
v 0.13331912 -0.2059847 0
v 0.109085634 -0.23021817 0
v 0.13331912 -0.23021817 0
v 0.109085634 -0.2059847 0
v 0.10908564 -0.2059847 0
v 0.08485216 -0.23021817 0
v 0.10908564 -0.23021817 0
v 0.08485216 -0.2059847 0
v 0.08485218 -0.2059847 0
v 0.060618695 -0.23021817 0
v 0.08485218 -0.23021817 0
v 0.060618695 -0.2059847 0
v 0.060618725 -0.2059847 0
v 0.036385242 -0.23021817 0
v 0.060618725 -0.23021817 0
v 0.036385242 -0.2059847 0
v 0.036385257 -0.2059847 0
v 0.012151773 -0.23021817 0
v 0.036385257 -0.23021817 0
v 0.012151773 -0.2059847 0
v 0.01215179 -0.2059847 0
v -0.012081695 -0.23021817 0
v 0.01215179 -0.23021817 0
v -0.012081695 -0.2059847 0
v -0.012081678 -0.2059847 0
v -0.03631516 -0.23021817 0
v -0.012081678 -0.23021817 0
v -0.03631516 -0.2059847 0
v -0.036315147 -0.2059847 0
v -0.06054863 -0.23021817 0
v -0.036315147 -0.23021817 0
v -0.06054863 -0.2059847 0
v -0.06054861 -0.2059847 0
v -0.084782094 -0.23021817 0
v -0.06054861 -0.23021817 0
v -0.084782094 -0.2059847 0
v -0.08478209 -0.2059847 0
v -0.10901556 -0.23021817 0
v -0.08478209 -0.23021817 0
v -0.10901556 -0.2059847 0
v -0.10901555 -0.2059847 0
v -0.13324903 -0.23021817 0
v -0.10901555 -0.23021817 0
v -0.13324903 -0.2059847 0
v -0.13324901 -0.2059847 0
v -0.15748249 -0.23021817 0
v -0.13324901 -0.23021817 0
v -0.15748249 -0.2059847 0
v -0.15748249 -0.2059847 0
v -0.18171597 -0.23021817 0
v -0.15748249 -0.23021817 0
v -0.18171597 -0.2059847 0
v -0.18171595 -0.2059847 0
v -0.20594946 -0.23021817 0
v -0.18171595 -0.23021817 0
v -0.20594946 -0.2059847 0
v -0.20594938 -0.2059847 0
v -0.23018287 -0.23021817 0
v -0.20594938 -0.23021817 0
v -0.23018287 -0.2059847 0
v -0.23018289 -0.2059847 0
v -0.25441638 -0.23021817 0
v -0.23018289 -0.23021817 0
v -0.25441638 -0.2059847 0
v -0.25441632 -0.2059847 0
v -0.2786498 -0.23021817 0
v -0.25441632 -0.23021817 0
v -0.2786498 -0.2059847 0
v -0.2786498 -0.2059847 0
v -0.3028833 -0.23021817 0
v -0.2786498 -0.23021817 0
v -0.3028833 -0.2059847 0
v -0.30288327 -0.2059847 0
v -0.32711676 -0.23021817 0
v -0.30288327 -0.23021817 0
v -0.32711676 -0.2059847 0
v 0.32718685 -0.18175118 0
v 0.30295336 -0.20598467 0
v 0.32718685 -0.20598467 0
v 0.30295336 -0.18175118 0
v 0.30295336 -0.18175118 0
v 0.27871987 -0.20598467 0
v 0.30295336 -0.20598467 0
v 0.27871987 -0.18175118 0
v 0.2787199 -0.18175118 0
v 0.2544864 -0.20598467 0
v 0.2787199 -0.20598467 0
v 0.2544864 -0.18175118 0
v 0.25448644 -0.18175118 0
v 0.23025297 -0.20598467 0
v 0.25448644 -0.20598467 0
v 0.23025297 -0.18175118 0
v 0.23025297 -0.18175118 0
v 0.20601948 -0.20598467 0
v 0.23025297 -0.20598467 0
v 0.20601948 -0.18175118 0
v 0.2060195 -0.18175118 0
v 0.18178602 -0.20598467 0
v 0.2060195 -0.20598467 0
v 0.18178602 -0.18175118 0
v 0.18178605 -0.18175118 0
v 0.15755257 -0.20598467 0
v 0.18178605 -0.20598467 0
v 0.15755257 -0.18175118 0
v 0.15755259 -0.18175118 0
v 0.1333191 -0.20598467 0
v 0.15755259 -0.20598467 0
v 0.1333191 -0.18175118 0
v 0.13331912 -0.18175118 0
v 0.109085634 -0.20598467 0
v 0.13331912 -0.20598467 0
v 0.109085634 -0.18175118 0
v 0.10908564 -0.18175118 0
v 0.08485216 -0.20598467 0
v 0.10908564 -0.20598467 0
v 0.08485216 -0.18175118 0
v 0.08485218 -0.18175118 0
v 0.060618695 -0.20598467 0
v 0.08485218 -0.20598467 0
v 0.060618695 -0.18175118 0
v 0.060618725 -0.18175118 0
v 0.036385242 -0.20598467 0
v 0.060618725 -0.20598467 0
v 0.036385242 -0.18175118 0
v 0.036385257 -0.18175118 0
v 0.012151773 -0.20598467 0
v 0.036385257 -0.20598467 0
v 0.012151773 -0.18175118 0
v 0.01215179 -0.18175118 0
v -0.012081695 -0.20598467 0
v 0.01215179 -0.20598467 0
v -0.012081695 -0.18175118 0
v -0.012081678 -0.18175118 0
v -0.03631516 -0.20598467 0
v -0.012081678 -0.20598467 0
v -0.03631516 -0.18175118 0
v -0.036315147 -0.18175118 0
v -0.06054863 -0.20598467 0
v -0.036315147 -0.20598467 0
v -0.06054863 -0.18175118 0
v -0.06054861 -0.18175118 0
v -0.084782094 -0.20598467 0
v -0.06054861 -0.20598467 0
v -0.084782094 -0.18175118 0
v -0.08478209 -0.18175118 0
v -0.10901556 -0.20598467 0
v -0.08478209 -0.20598467 0
v -0.10901556 -0.18175118 0
v -0.10901555 -0.18175118 0
v -0.13324903 -0.20598467 0
v -0.10901555 -0.20598467 0
v -0.13324903 -0.18175118 0
v -0.13324901 -0.18175118 0
v -0.15748249 -0.20598467 0
v -0.13324901 -0.20598467 0
v -0.15748249 -0.18175118 0
v -0.15748249 -0.18175118 0
v -0.18171597 -0.20598467 0
v -0.15748249 -0.20598467 0
v -0.18171597 -0.18175118 0
v -0.18171595 -0.18175118 0
v -0.20594946 -0.20598467 0
v -0.18171595 -0.20598467 0
v -0.20594946 -0.18175118 0
v -0.20594938 -0.18175118 0
v -0.23018287 -0.20598467 0
v -0.20594938 -0.20598467 0
v -0.23018287 -0.18175118 0
v -0.23018289 -0.18175118 0
v -0.25441638 -0.20598467 0
v -0.23018289 -0.20598467 0
v -0.25441638 -0.18175118 0
v -0.25441632 -0.18175118 0
v -0.2786498 -0.20598467 0
v -0.25441632 -0.20598467 0
v -0.2786498 -0.18175118 0
v -0.2786498 -0.18175118 0
v -0.3028833 -0.20598467 0
v -0.2786498 -0.20598467 0
v -0.3028833 -0.18175118 0
v -0.30288327 -0.18175118 0
v -0.32711676 -0.20598467 0
v -0.30288327 -0.20598467 0
v -0.32711676 -0.18175118 0
v 0.32718685 -0.15751767 0
v 0.30295336 -0.18175116 0
v 0.32718685 -0.18175116 0
v 0.30295336 -0.15751767 0
v 0.30295336 -0.15751767 0
v 0.27871987 -0.18175116 0
v 0.30295336 -0.18175116 0
v 0.27871987 -0.15751767 0
v 0.2787199 -0.15751767 0
v 0.2544864 -0.18175116 0
v 0.2787199 -0.18175116 0
v 0.2544864 -0.15751767 0
v 0.25448644 -0.15751767 0
v 0.23025297 -0.18175116 0
v 0.25448644 -0.18175116 0
v 0.23025297 -0.15751767 0
v 0.23025297 -0.15751767 0
v 0.20601948 -0.18175116 0
v 0.23025297 -0.18175116 0
v 0.20601948 -0.15751767 0
v 0.2060195 -0.15751767 0
v 0.18178602 -0.18175116 0
v 0.2060195 -0.18175116 0
v 0.18178602 -0.15751767 0
v 0.18178605 -0.15751767 0
v 0.15755257 -0.18175116 0
v 0.18178605 -0.18175116 0
v 0.15755257 -0.15751767 0
v 0.15755259 -0.15751767 0
v 0.1333191 -0.18175116 0
v 0.15755259 -0.18175116 0
v 0.1333191 -0.15751767 0
v 0.13331912 -0.15751767 0
v 0.109085634 -0.18175116 0
v 0.13331912 -0.18175116 0
v 0.109085634 -0.15751767 0
v 0.10908564 -0.15751767 0
v 0.08485216 -0.18175116 0
v 0.10908564 -0.18175116 0
v 0.08485216 -0.15751767 0
v 0.08485218 -0.15751767 0
v 0.060618695 -0.18175116 0
v 0.08485218 -0.18175116 0
v 0.060618695 -0.15751767 0
v 0.060618725 -0.15751767 0
v 0.036385242 -0.18175116 0
v 0.060618725 -0.18175116 0
v 0.036385242 -0.15751767 0
v 0.036385257 -0.15751767 0
v 0.012151773 -0.18175116 0
v 0.036385257 -0.18175116 0
v 0.012151773 -0.15751767 0
v 0.01215179 -0.15751767 0
v -0.012081695 -0.18175116 0
v 0.01215179 -0.18175116 0
v -0.012081695 -0.15751767 0
v -0.012081678 -0.15751767 0
v -0.03631516 -0.18175116 0
v -0.012081678 -0.18175116 0
v -0.03631516 -0.15751767 0
v -0.036315147 -0.15751767 0
v -0.06054863 -0.18175116 0
v -0.036315147 -0.18175116 0
v -0.06054863 -0.15751767 0
v -0.06054861 -0.15751767 0
v -0.084782094 -0.18175116 0
v -0.06054861 -0.18175116 0
v -0.084782094 -0.15751767 0
v -0.08478209 -0.15751767 0
v -0.10901556 -0.18175116 0
v -0.08478209 -0.18175116 0
v -0.10901556 -0.15751767 0
v -0.10901555 -0.15751767 0
v -0.13324903 -0.18175116 0
v -0.10901555 -0.18175116 0
v -0.13324903 -0.15751767 0
v -0.13324901 -0.15751767 0
v -0.15748249 -0.18175116 0
v -0.13324901 -0.18175116 0
v -0.15748249 -0.15751767 0
v -0.15748249 -0.15751767 0
v -0.18171597 -0.18175116 0
v -0.15748249 -0.18175116 0
v -0.18171597 -0.15751767 0
v -0.18171595 -0.15751767 0
v -0.20594946 -0.18175116 0
v -0.18171595 -0.18175116 0
v -0.20594946 -0.15751767 0
v -0.20594938 -0.15751767 0
v -0.23018287 -0.18175116 0
v -0.20594938 -0.18175116 0
v -0.23018287 -0.15751767 0
v -0.23018289 -0.15751767 0
v -0.25441638 -0.18175116 0
v -0.23018289 -0.18175116 0
v -0.25441638 -0.15751767 0
v -0.25441632 -0.15751767 0
v -0.2786498 -0.18175116 0
v -0.25441632 -0.18175116 0
v -0.2786498 -0.15751767 0
v -0.2786498 -0.15751767 0
v -0.3028833 -0.18175116 0
v -0.2786498 -0.18175116 0
v -0.3028833 -0.15751767 0
v -0.30288327 -0.15751767 0
v -0.32711676 -0.18175116 0
v -0.30288327 -0.18175116 0
v -0.32711676 -0.15751767 0
v 0.32718685 -0.1332842 0
v 0.30295336 -0.15751767 0
v 0.32718685 -0.15751767 0
v 0.30295336 -0.1332842 0
v 0.30295336 -0.1332842 0
v 0.27871987 -0.15751767 0
v 0.30295336 -0.15751767 0
v 0.27871987 -0.1332842 0
v 0.2787199 -0.1332842 0
v 0.2544864 -0.15751767 0
v 0.2787199 -0.15751767 0
v 0.2544864 -0.1332842 0
v 0.25448644 -0.1332842 0
v 0.23025297 -0.15751767 0
v 0.25448644 -0.15751767 0
v 0.23025297 -0.1332842 0
v 0.23025297 -0.1332842 0
v 0.20601948 -0.15751767 0
v 0.23025297 -0.15751767 0
v 0.20601948 -0.1332842 0
v 0.2060195 -0.1332842 0
v 0.18178602 -0.15751767 0
v 0.2060195 -0.15751767 0
v 0.18178602 -0.1332842 0
v 0.18178605 -0.1332842 0
v 0.15755257 -0.15751767 0
v 0.18178605 -0.15751767 0
v 0.15755257 -0.1332842 0
v 0.15755259 -0.1332842 0
v 0.1333191 -0.15751767 0
v 0.15755259 -0.15751767 0
v 0.1333191 -0.1332842 0
v 0.13331912 -0.1332842 0
v 0.109085634 -0.15751767 0
v 0.13331912 -0.15751767 0
v 0.109085634 -0.1332842 0
v 0.10908564 -0.1332842 0
v 0.08485216 -0.15751767 0
v 0.10908564 -0.15751767 0
v 0.08485216 -0.1332842 0
v 0.08485218 -0.1332842 0
v 0.060618695 -0.15751767 0
v 0.08485218 -0.15751767 0
v 0.060618695 -0.1332842 0
v 0.060618725 -0.1332842 0
v 0.036385242 -0.15751767 0
v 0.060618725 -0.15751767 0
v 0.036385242 -0.1332842 0
v 0.036385257 -0.1332842 0
v 0.012151773 -0.15751767 0
v 0.036385257 -0.15751767 0
v 0.012151773 -0.1332842 0
v 0.01215179 -0.1332842 0
v -0.012081695 -0.15751767 0
v 0.01215179 -0.15751767 0
v -0.012081695 -0.1332842 0
v -0.012081678 -0.1332842 0
v -0.03631516 -0.15751767 0
v -0.012081678 -0.15751767 0
v -0.03631516 -0.1332842 0
v -0.036315147 -0.1332842 0
v -0.06054863 -0.15751767 0
v -0.036315147 -0.15751767 0
v -0.06054863 -0.1332842 0
v -0.06054861 -0.1332842 0
v -0.084782094 -0.15751767 0
v -0.06054861 -0.15751767 0
v -0.084782094 -0.1332842 0
v -0.08478209 -0.1332842 0
v -0.10901556 -0.15751767 0
v -0.08478209 -0.15751767 0
v -0.10901556 -0.1332842 0
v -0.10901555 -0.1332842 0
v -0.13324903 -0.15751767 0
v -0.10901555 -0.15751767 0
v -0.13324903 -0.1332842 0
v -0.13324901 -0.1332842 0
v -0.15748249 -0.15751767 0
v -0.13324901 -0.15751767 0
v -0.15748249 -0.1332842 0
v -0.15748249 -0.1332842 0
v -0.18171597 -0.15751767 0
v -0.15748249 -0.15751767 0
v -0.18171597 -0.1332842 0
v -0.18171595 -0.1332842 0
v -0.20594946 -0.15751767 0
v -0.18171595 -0.15751767 0
v -0.20594946 -0.1332842 0
v -0.20594938 -0.1332842 0
v -0.23018287 -0.15751767 0
v -0.20594938 -0.15751767 0
v -0.23018287 -0.1332842 0
v -0.23018289 -0.1332842 0
v -0.25441638 -0.15751767 0
v -0.23018289 -0.15751767 0
v -0.25441638 -0.1332842 0
v -0.25441632 -0.1332842 0
v -0.2786498 -0.15751767 0
v -0.25441632 -0.15751767 0
v -0.2786498 -0.1332842 0
v -0.2786498 -0.1332842 0
v -0.3028833 -0.15751767 0
v -0.2786498 -0.15751767 0
v -0.3028833 -0.1332842 0
v -0.30288327 -0.1332842 0
v -0.32711676 -0.15751767 0
v -0.30288327 -0.15751767 0
v -0.32711676 -0.1332842 0
v 0.32718685 -0.10905071 0
v 0.30295336 -0.1332842 0
v 0.32718685 -0.1332842 0
v 0.30295336 -0.10905071 0
v 0.30295336 -0.10905071 0
v 0.27871987 -0.1332842 0
v 0.30295336 -0.1332842 0
v 0.27871987 -0.10905071 0
v 0.2787199 -0.10905071 0
v 0.2544864 -0.1332842 0
v 0.2787199 -0.1332842 0
v 0.2544864 -0.10905071 0
v 0.25448644 -0.10905071 0
v 0.23025297 -0.1332842 0
v 0.25448644 -0.1332842 0
v 0.23025297 -0.10905071 0
v 0.23025297 -0.10905071 0
v 0.20601948 -0.1332842 0
v 0.23025297 -0.1332842 0
v 0.20601948 -0.10905071 0
v 0.2060195 -0.10905071 0
v 0.18178602 -0.1332842 0
v 0.2060195 -0.1332842 0
v 0.18178602 -0.10905071 0
v 0.18178605 -0.10905071 0
v 0.15755257 -0.1332842 0
v 0.18178605 -0.1332842 0
v 0.15755257 -0.10905071 0
v 0.15755259 -0.10905071 0
v 0.1333191 -0.1332842 0
v 0.15755259 -0.1332842 0
v 0.1333191 -0.10905071 0
v 0.13331912 -0.10905071 0
v 0.109085634 -0.1332842 0
v 0.13331912 -0.1332842 0
v 0.109085634 -0.10905071 0
v 0.10908564 -0.10905071 0
v 0.08485216 -0.1332842 0
v 0.10908564 -0.1332842 0
v 0.08485216 -0.10905071 0
v 0.08485218 -0.10905071 0
v 0.060618695 -0.1332842 0
v 0.08485218 -0.1332842 0
v 0.060618695 -0.10905071 0
v 0.060618725 -0.10905071 0
v 0.036385242 -0.1332842 0
v 0.060618725 -0.1332842 0
v 0.036385242 -0.10905071 0
v 0.036385257 -0.10905071 0
v 0.012151773 -0.1332842 0
v 0.036385257 -0.1332842 0
v 0.012151773 -0.10905071 0
v 0.01215179 -0.10905071 0
v -0.012081695 -0.1332842 0
v 0.01215179 -0.1332842 0
v -0.012081695 -0.10905071 0
v -0.012081678 -0.10905071 0
v -0.03631516 -0.1332842 0
v -0.012081678 -0.1332842 0
v -0.03631516 -0.10905071 0
v -0.036315147 -0.10905071 0
v -0.06054863 -0.1332842 0
v -0.036315147 -0.1332842 0
v -0.06054863 -0.10905071 0
v -0.06054861 -0.10905071 0
v -0.084782094 -0.1332842 0
v -0.06054861 -0.1332842 0
v -0.084782094 -0.10905071 0
v -0.08478209 -0.10905071 0
v -0.10901556 -0.1332842 0
v -0.08478209 -0.1332842 0
v -0.10901556 -0.10905071 0
v -0.10901555 -0.10905071 0
v -0.13324903 -0.1332842 0
v -0.10901555 -0.1332842 0
v -0.13324903 -0.10905071 0
v -0.13324901 -0.10905071 0
v -0.15748249 -0.1332842 0
v -0.13324901 -0.1332842 0
v -0.15748249 -0.10905071 0
v -0.15748249 -0.10905071 0
v -0.18171597 -0.1332842 0
v -0.15748249 -0.1332842 0
v -0.18171597 -0.10905071 0
v -0.18171595 -0.10905071 0
v -0.20594946 -0.1332842 0
v -0.18171595 -0.1332842 0
v -0.20594946 -0.10905071 0
v -0.20594938 -0.10905071 0
v -0.23018287 -0.1332842 0
v -0.20594938 -0.1332842 0
v -0.23018287 -0.10905071 0
v -0.23018289 -0.10905071 0
v -0.25441638 -0.1332842 0
v -0.23018289 -0.1332842 0
v -0.25441638 -0.10905071 0
v -0.25441632 -0.10905071 0
v -0.2786498 -0.1332842 0
v -0.25441632 -0.1332842 0
v -0.2786498 -0.10905071 0
v -0.2786498 -0.10905071 0
v -0.3028833 -0.1332842 0
v -0.2786498 -0.1332842 0
v -0.3028833 -0.10905071 0
v -0.30288327 -0.10905071 0
v -0.32711676 -0.1332842 0
v -0.30288327 -0.1332842 0
v -0.32711676 -0.10905071 0
v 0.32718685 -0.08481721 0
v 0.30295336 -0.10905069 0
v 0.32718685 -0.10905069 0
v 0.30295336 -0.08481721 0
v 0.30295336 -0.08481721 0
v 0.27871987 -0.10905069 0
v 0.30295336 -0.10905069 0
v 0.27871987 -0.08481721 0
v 0.2787199 -0.08481721 0
v 0.2544864 -0.10905069 0
v 0.2787199 -0.10905069 0
v 0.2544864 -0.08481721 0
v 0.25448644 -0.08481721 0
v 0.23025297 -0.10905069 0
v 0.25448644 -0.10905069 0
v 0.23025297 -0.08481721 0
v 0.23025297 -0.08481721 0
v 0.20601948 -0.10905069 0
v 0.23025297 -0.10905069 0
v 0.20601948 -0.08481721 0
v 0.2060195 -0.08481721 0
v 0.18178602 -0.10905069 0
v 0.2060195 -0.10905069 0
v 0.18178602 -0.08481721 0
v 0.18178605 -0.08481721 0
v 0.15755257 -0.10905069 0
v 0.18178605 -0.10905069 0
v 0.15755257 -0.08481721 0
v 0.15755259 -0.08481721 0
v 0.1333191 -0.10905069 0
v 0.15755259 -0.10905069 0
v 0.1333191 -0.08481721 0
v 0.13331912 -0.08481721 0
v 0.109085634 -0.10905069 0
v 0.13331912 -0.10905069 0
v 0.109085634 -0.08481721 0
v 0.10908564 -0.08481721 0
v 0.08485216 -0.10905069 0
v 0.10908564 -0.10905069 0
v 0.08485216 -0.08481721 0
v 0.08485218 -0.08481721 0
v 0.060618695 -0.10905069 0
v 0.08485218 -0.10905069 0
v 0.060618695 -0.08481721 0
v 0.060618725 -0.08481721 0
v 0.036385242 -0.10905069 0
v 0.060618725 -0.10905069 0
v 0.036385242 -0.08481721 0
v 0.036385257 -0.08481721 0
v 0.012151773 -0.10905069 0
v 0.036385257 -0.10905069 0
v 0.012151773 -0.08481721 0
v 0.01215179 -0.08481721 0
v -0.012081695 -0.10905069 0
v 0.01215179 -0.10905069 0
v -0.012081695 -0.08481721 0
v -0.012081678 -0.08481721 0
v -0.03631516 -0.10905069 0
v -0.012081678 -0.10905069 0
v -0.03631516 -0.08481721 0
v -0.036315147 -0.08481721 0
v -0.06054863 -0.10905069 0
v -0.036315147 -0.10905069 0
v -0.06054863 -0.08481721 0
v -0.06054861 -0.08481721 0
v -0.084782094 -0.10905069 0
v -0.06054861 -0.10905069 0
v -0.084782094 -0.08481721 0
v -0.08478209 -0.08481721 0
v -0.10901556 -0.10905069 0
v -0.08478209 -0.10905069 0
v -0.10901556 -0.08481721 0
v -0.10901555 -0.08481721 0
v -0.13324903 -0.10905069 0
v -0.10901555 -0.10905069 0
v -0.13324903 -0.08481721 0
v -0.13324901 -0.08481721 0
v -0.15748249 -0.10905069 0
v -0.13324901 -0.10905069 0
v -0.15748249 -0.08481721 0
v -0.15748249 -0.08481721 0
v -0.18171597 -0.10905069 0
v -0.15748249 -0.10905069 0
v -0.18171597 -0.08481721 0
v -0.18171595 -0.08481721 0
v -0.20594946 -0.10905069 0
v -0.18171595 -0.10905069 0
v -0.20594946 -0.08481721 0
v -0.20594938 -0.08481721 0
v -0.23018287 -0.10905069 0
v -0.20594938 -0.10905069 0
v -0.23018287 -0.08481721 0
v -0.23018289 -0.08481721 0
v -0.25441638 -0.10905069 0
v -0.23018289 -0.10905069 0
v -0.25441638 -0.08481721 0
v -0.25441632 -0.08481721 0
v -0.2786498 -0.10905069 0
v -0.25441632 -0.10905069 0
v -0.2786498 -0.08481721 0
v -0.2786498 -0.08481721 0
v -0.3028833 -0.10905069 0
v -0.2786498 -0.10905069 0
v -0.3028833 -0.08481721 0
v -0.30288327 -0.08481721 0
v -0.32711676 -0.10905069 0
v -0.30288327 -0.10905069 0
v -0.32711676 -0.08481721 0
v 0.32718685 -0.060583707 0
v 0.30295336 -0.08481719 0
v 0.32718685 -0.08481719 0
v 0.30295336 -0.060583707 0
v 0.30295336 -0.060583707 0
v 0.27871987 -0.08481719 0
v 0.30295336 -0.08481719 0
v 0.27871987 -0.060583707 0
v 0.2787199 -0.060583707 0
v 0.2544864 -0.08481719 0
v 0.2787199 -0.08481719 0
v 0.2544864 -0.060583707 0
v 0.25448644 -0.060583707 0
v 0.23025297 -0.08481719 0
v 0.25448644 -0.08481719 0
v 0.23025297 -0.060583707 0
v 0.23025297 -0.060583707 0
v 0.20601948 -0.08481719 0
v 0.23025297 -0.08481719 0
v 0.20601948 -0.060583707 0
v 0.2060195 -0.060583707 0
v 0.18178602 -0.08481719 0
v 0.2060195 -0.08481719 0
v 0.18178602 -0.060583707 0
v 0.18178605 -0.060583707 0
v 0.15755257 -0.08481719 0
v 0.18178605 -0.08481719 0
v 0.15755257 -0.060583707 0
v 0.15755259 -0.060583707 0
v 0.1333191 -0.08481719 0
v 0.15755259 -0.08481719 0
v 0.1333191 -0.060583707 0
v 0.13331912 -0.060583707 0
v 0.109085634 -0.08481719 0
v 0.13331912 -0.08481719 0
v 0.109085634 -0.060583707 0
v 0.10908564 -0.060583707 0
v 0.08485216 -0.08481719 0
v 0.10908564 -0.08481719 0
v 0.08485216 -0.060583707 0
v 0.08485218 -0.060583707 0
v 0.060618695 -0.08481719 0
v 0.08485218 -0.08481719 0
v 0.060618695 -0.060583707 0
v 0.060618725 -0.060583707 0
v 0.036385242 -0.08481719 0
v 0.060618725 -0.08481719 0
v 0.036385242 -0.060583707 0
v 0.036385257 -0.060583707 0
v 0.012151773 -0.08481719 0
v 0.036385257 -0.08481719 0
v 0.012151773 -0.060583707 0
v 0.01215179 -0.060583707 0
v -0.012081695 -0.08481719 0
v 0.01215179 -0.08481719 0
v -0.012081695 -0.060583707 0
v -0.012081678 -0.060583707 0
v -0.03631516 -0.08481719 0
v -0.012081678 -0.08481719 0
v -0.03631516 -0.060583707 0
v -0.036315147 -0.060583707 0
v -0.06054863 -0.08481719 0
v -0.036315147 -0.08481719 0
v -0.06054863 -0.060583707 0
v -0.06054861 -0.060583707 0
v -0.084782094 -0.08481719 0
v -0.06054861 -0.08481719 0
v -0.084782094 -0.060583707 0
v -0.08478209 -0.060583707 0
v -0.10901556 -0.08481719 0
v -0.08478209 -0.08481719 0
v -0.10901556 -0.060583707 0
v -0.10901555 -0.060583707 0
v -0.13324903 -0.08481719 0
v -0.10901555 -0.08481719 0
v -0.13324903 -0.060583707 0
v -0.13324901 -0.060583707 0
v -0.15748249 -0.08481719 0
v -0.13324901 -0.08481719 0
v -0.15748249 -0.060583707 0
v -0.15748249 -0.060583707 0
v -0.18171597 -0.08481719 0
v -0.15748249 -0.08481719 0
v -0.18171597 -0.060583707 0
v -0.18171595 -0.060583707 0
v -0.20594946 -0.08481719 0
v -0.18171595 -0.08481719 0
v -0.20594946 -0.060583707 0
v -0.20594938 -0.060583707 0
v -0.23018287 -0.08481719 0
v -0.20594938 -0.08481719 0
v -0.23018287 -0.060583707 0
v -0.23018289 -0.060583707 0
v -0.25441638 -0.08481719 0
v -0.23018289 -0.08481719 0
v -0.25441638 -0.060583707 0
v -0.25441632 -0.060583707 0
v -0.2786498 -0.08481719 0
v -0.25441632 -0.08481719 0
v -0.2786498 -0.060583707 0
v -0.2786498 -0.060583707 0
v -0.3028833 -0.08481719 0
v -0.2786498 -0.08481719 0
v -0.3028833 -0.060583707 0
v -0.30288327 -0.060583707 0
v -0.32711676 -0.08481719 0
v -0.30288327 -0.08481719 0
v -0.32711676 -0.060583707 0
v 0.32718685 -0.036350224 0
v 0.30295336 -0.06058371 0
v 0.32718685 -0.06058371 0
v 0.30295336 -0.036350224 0
v 0.30295336 -0.036350224 0
v 0.27871987 -0.06058371 0
v 0.30295336 -0.06058371 0
v 0.27871987 -0.036350224 0
v 0.2787199 -0.036350224 0
v 0.2544864 -0.06058371 0
v 0.2787199 -0.06058371 0
v 0.2544864 -0.036350224 0
v 0.25448644 -0.036350224 0
v 0.23025297 -0.06058371 0
v 0.25448644 -0.06058371 0
v 0.23025297 -0.036350224 0
v 0.23025297 -0.036350224 0
v 0.20601948 -0.06058371 0
v 0.23025297 -0.06058371 0
v 0.20601948 -0.036350224 0
v 0.2060195 -0.036350224 0
v 0.18178602 -0.06058371 0
v 0.2060195 -0.06058371 0
v 0.18178602 -0.036350224 0
v 0.18178605 -0.036350224 0
v 0.15755257 -0.06058371 0
v 0.18178605 -0.06058371 0
v 0.15755257 -0.036350224 0
v 0.15755259 -0.036350224 0
v 0.1333191 -0.06058371 0
v 0.15755259 -0.06058371 0
v 0.1333191 -0.036350224 0
v 0.13331912 -0.036350224 0
v 0.109085634 -0.06058371 0
v 0.13331912 -0.06058371 0
v 0.109085634 -0.036350224 0
v 0.10908564 -0.036350224 0
v 0.08485216 -0.06058371 0
v 0.10908564 -0.06058371 0
v 0.08485216 -0.036350224 0
v 0.08485218 -0.036350224 0
v 0.060618695 -0.06058371 0
v 0.08485218 -0.06058371 0
v 0.060618695 -0.036350224 0
v 0.060618725 -0.036350224 0
v 0.036385242 -0.06058371 0
v 0.060618725 -0.06058371 0
v 0.036385242 -0.036350224 0
v 0.036385257 -0.036350224 0
v 0.012151773 -0.06058371 0
v 0.036385257 -0.06058371 0
v 0.012151773 -0.036350224 0
v 0.01215179 -0.036350224 0
v -0.012081695 -0.06058371 0
v 0.01215179 -0.06058371 0
v -0.012081695 -0.036350224 0
v -0.012081678 -0.036350224 0
v -0.03631516 -0.06058371 0
v -0.012081678 -0.06058371 0
v -0.03631516 -0.036350224 0
v -0.036315147 -0.036350224 0
v -0.06054863 -0.06058371 0
v -0.036315147 -0.06058371 0
v -0.06054863 -0.036350224 0
v -0.06054861 -0.036350224 0
v -0.084782094 -0.06058371 0
v -0.06054861 -0.06058371 0
v -0.084782094 -0.036350224 0
v -0.08478209 -0.036350224 0
v -0.10901556 -0.06058371 0
v -0.08478209 -0.06058371 0
v -0.10901556 -0.036350224 0
v -0.10901555 -0.036350224 0
v -0.13324903 -0.06058371 0
v -0.10901555 -0.06058371 0
v -0.13324903 -0.036350224 0
v -0.13324901 -0.036350224 0
v -0.15748249 -0.06058371 0
v -0.13324901 -0.06058371 0
v -0.15748249 -0.036350224 0
v -0.15748249 -0.036350224 0
v -0.18171597 -0.06058371 0
v -0.15748249 -0.06058371 0
v -0.18171597 -0.036350224 0
v -0.18171595 -0.036350224 0
v -0.20594946 -0.06058371 0
v -0.18171595 -0.06058371 0
v -0.20594946 -0.036350224 0
v -0.20594938 -0.036350224 0
v -0.23018287 -0.06058371 0
v -0.20594938 -0.06058371 0
v -0.23018287 -0.036350224 0
v -0.23018289 -0.036350224 0
v -0.25441638 -0.06058371 0
v -0.23018289 -0.06058371 0
v -0.25441638 -0.036350224 0
v -0.25441632 -0.036350224 0
v -0.2786498 -0.06058371 0
v -0.25441632 -0.06058371 0
v -0.2786498 -0.036350224 0
v -0.2786498 -0.036350224 0
v -0.3028833 -0.06058371 0
v -0.2786498 -0.06058371 0
v -0.3028833 -0.036350224 0
v -0.30288327 -0.036350224 0
v -0.32711676 -0.06058371 0
v -0.30288327 -0.06058371 0
v -0.32711676 -0.036350224 0
v 0.32718685 -0.01211674 0
v 0.30295336 -0.036350228 0
v 0.32718685 -0.036350228 0
v 0.30295336 -0.01211674 0
v 0.30295336 -0.01211674 0
v 0.27871987 -0.036350228 0
v 0.30295336 -0.036350228 0
v 0.27871987 -0.01211674 0
v 0.2787199 -0.01211674 0
v 0.2544864 -0.036350228 0
v 0.2787199 -0.036350228 0
v 0.2544864 -0.01211674 0
v 0.25448644 -0.01211674 0
v 0.23025297 -0.036350228 0
v 0.25448644 -0.036350228 0
v 0.23025297 -0.01211674 0
v 0.23025297 -0.01211674 0
v 0.20601948 -0.036350228 0
v 0.23025297 -0.036350228 0
v 0.20601948 -0.01211674 0
v 0.2060195 -0.01211674 0
v 0.18178602 -0.036350228 0
v 0.2060195 -0.036350228 0
v 0.18178602 -0.01211674 0
v 0.18178605 -0.01211674 0
v 0.15755257 -0.036350228 0
v 0.18178605 -0.036350228 0
v 0.15755257 -0.01211674 0
v 0.15755259 -0.01211674 0
v 0.1333191 -0.036350228 0
v 0.15755259 -0.036350228 0
v 0.1333191 -0.01211674 0
v 0.13331912 -0.01211674 0
v 0.109085634 -0.036350228 0
v 0.13331912 -0.036350228 0
v 0.109085634 -0.01211674 0
v 0.10908564 -0.01211674 0
v 0.08485216 -0.036350228 0
v 0.10908564 -0.036350228 0
v 0.08485216 -0.01211674 0
v 0.08485218 -0.01211674 0
v 0.060618695 -0.036350228 0
v 0.08485218 -0.036350228 0
v 0.060618695 -0.01211674 0
v 0.060618725 -0.01211674 0
v 0.036385242 -0.036350228 0
v 0.060618725 -0.036350228 0
v 0.036385242 -0.01211674 0
v 0.036385257 -0.01211674 0
v 0.012151773 -0.036350228 0
v 0.036385257 -0.036350228 0
v 0.012151773 -0.01211674 0
v 0.01215179 -0.01211674 0
v -0.012081695 -0.036350228 0
v 0.01215179 -0.036350228 0
v -0.012081695 -0.01211674 0
v -0.012081678 -0.01211674 0
v -0.03631516 -0.036350228 0
v -0.012081678 -0.036350228 0
v -0.03631516 -0.01211674 0
v -0.036315147 -0.01211674 0
v -0.06054863 -0.036350228 0
v -0.036315147 -0.036350228 0
v -0.06054863 -0.01211674 0
v -0.06054861 -0.01211674 0
v -0.084782094 -0.036350228 0
v -0.06054861 -0.036350228 0
v -0.084782094 -0.01211674 0
v -0.08478209 -0.01211674 0
v -0.10901556 -0.036350228 0
v -0.08478209 -0.036350228 0
v -0.10901556 -0.01211674 0
v -0.10901555 -0.01211674 0
v -0.13324903 -0.036350228 0
v -0.10901555 -0.036350228 0
v -0.13324903 -0.01211674 0
v -0.13324901 -0.01211674 0
v -0.15748249 -0.036350228 0
v -0.13324901 -0.036350228 0
v -0.15748249 -0.01211674 0
v -0.15748249 -0.01211674 0
v -0.18171597 -0.036350228 0
v -0.15748249 -0.036350228 0
v -0.18171597 -0.01211674 0
v -0.18171595 -0.01211674 0
v -0.20594946 -0.036350228 0
v -0.18171595 -0.036350228 0
v -0.20594946 -0.01211674 0
v -0.20594938 -0.01211674 0
v -0.23018287 -0.036350228 0
v -0.20594938 -0.036350228 0
v -0.23018287 -0.01211674 0
v -0.23018289 -0.01211674 0
v -0.25441638 -0.036350228 0
v -0.23018289 -0.036350228 0
v -0.25441638 -0.01211674 0
v -0.25441632 -0.01211674 0
v -0.2786498 -0.036350228 0
v -0.25441632 -0.036350228 0
v -0.2786498 -0.01211674 0
v -0.2786498 -0.01211674 0
v -0.3028833 -0.036350228 0
v -0.2786498 -0.036350228 0
v -0.3028833 -0.01211674 0
v -0.30288327 -0.01211674 0
v -0.32711676 -0.036350228 0
v -0.30288327 -0.036350228 0
v -0.32711676 -0.01211674 0
v 0.32718685 0.012116742 0
v 0.30295336 -0.012116742 0
v 0.32718685 -0.012116742 0
v 0.30295336 0.012116742 0
v 0.30295336 0.012116742 0
v 0.27871987 -0.012116742 0
v 0.30295336 -0.012116742 0
v 0.27871987 0.012116742 0
v 0.2787199 0.012116742 0
v 0.2544864 -0.012116742 0
v 0.2787199 -0.012116742 0
v 0.2544864 0.012116742 0
v 0.25448644 0.012116742 0
v 0.23025297 -0.012116742 0
v 0.25448644 -0.012116742 0
v 0.23025297 0.012116742 0
v 0.23025297 0.012116742 0
v 0.20601948 -0.012116742 0
v 0.23025297 -0.012116742 0
v 0.20601948 0.012116742 0
v 0.2060195 0.012116742 0
v 0.18178602 -0.012116742 0
v 0.2060195 -0.012116742 0
v 0.18178602 0.012116742 0
v 0.18178605 0.012116742 0
v 0.15755257 -0.012116742 0
v 0.18178605 -0.012116742 0
v 0.15755257 0.012116742 0
v 0.15755259 0.012116742 0
v 0.1333191 -0.012116742 0
v 0.15755259 -0.012116742 0
v 0.1333191 0.012116742 0
v 0.13331912 0.012116742 0
v 0.109085634 -0.012116742 0
v 0.13331912 -0.012116742 0
v 0.109085634 0.012116742 0
v 0.10908564 0.012116742 0
v 0.08485216 -0.012116742 0
v 0.10908564 -0.012116742 0
v 0.08485216 0.012116742 0
v 0.08485218 0.012116742 0
v 0.060618695 -0.012116742 0
v 0.08485218 -0.012116742 0
v 0.060618695 0.012116742 0
v 0.060618725 0.012116742 0
v 0.036385242 -0.012116742 0
v 0.060618725 -0.012116742 0
v 0.036385242 0.012116742 0
v 0.036385257 0.012116742 0
v 0.012151773 -0.012116742 0
v 0.036385257 -0.012116742 0
v 0.012151773 0.012116742 0
v 0.01215179 0.012116742 0
v -0.012081695 -0.012116742 0
v 0.01215179 -0.012116742 0
v -0.012081695 0.012116742 0
v -0.012081678 0.012116742 0
v -0.03631516 -0.012116742 0
v -0.012081678 -0.012116742 0
v -0.03631516 0.012116742 0
v -0.036315147 0.012116742 0
v -0.06054863 -0.012116742 0
v -0.036315147 -0.012116742 0
v -0.06054863 0.012116742 0
v -0.06054861 0.012116742 0
v -0.084782094 -0.012116742 0
v -0.06054861 -0.012116742 0
v -0.084782094 0.012116742 0
v -0.08478209 0.012116742 0
v -0.10901556 -0.012116742 0
v -0.08478209 -0.012116742 0
v -0.10901556 0.012116742 0
v -0.10901555 0.012116742 0
v -0.13324903 -0.012116742 0
v -0.10901555 -0.012116742 0
v -0.13324903 0.012116742 0
v -0.13324901 0.012116742 0
v -0.15748249 -0.012116742 0
v -0.13324901 -0.012116742 0
v -0.15748249 0.012116742 0
v -0.15748249 0.012116742 0
v -0.18171597 -0.012116742 0
v -0.15748249 -0.012116742 0
v -0.18171597 0.012116742 0
v -0.18171595 0.012116742 0
v -0.20594946 -0.012116742 0
v -0.18171595 -0.012116742 0
v -0.20594946 0.012116742 0
v -0.20594938 0.012116742 0
v -0.23018287 -0.012116742 0
v -0.20594938 -0.012116742 0
v -0.23018287 0.012116742 0
v -0.23018289 0.012116742 0
v -0.25441638 -0.012116742 0
v -0.23018289 -0.012116742 0
v -0.25441638 0.012116742 0
v -0.25441632 0.012116742 0
v -0.2786498 -0.012116742 0
v -0.25441632 -0.012116742 0
v -0.2786498 0.012116742 0
v -0.2786498 0.012116742 0
v -0.3028833 -0.012116742 0
v -0.2786498 -0.012116742 0
v -0.3028833 0.012116742 0
v -0.30288327 0.012116742 0
v -0.32711676 -0.012116742 0
v -0.30288327 -0.012116742 0
v -0.32711676 0.012116742 0
v 0.32718685 0.03635027 0
v 0.30295336 0.012116782 0
v 0.32718685 0.012116782 0
v 0.30295336 0.03635027 0
v 0.30295336 0.03635027 0
v 0.27871987 0.012116782 0
v 0.30295336 0.012116782 0
v 0.27871987 0.03635027 0
v 0.2787199 0.03635027 0
v 0.2544864 0.012116782 0
v 0.2787199 0.012116782 0
v 0.2544864 0.03635027 0
v 0.25448644 0.03635027 0
v 0.23025297 0.012116782 0
v 0.25448644 0.012116782 0
v 0.23025297 0.03635027 0
v 0.23025297 0.03635027 0
v 0.20601948 0.012116782 0
v 0.23025297 0.012116782 0
v 0.20601948 0.03635027 0
v 0.2060195 0.03635027 0
v 0.18178602 0.012116782 0
v 0.2060195 0.012116782 0
v 0.18178602 0.03635027 0
v 0.18178605 0.03635027 0
v 0.15755257 0.012116782 0
v 0.18178605 0.012116782 0
v 0.15755257 0.03635027 0
v 0.15755259 0.03635027 0
v 0.1333191 0.012116782 0
v 0.15755259 0.012116782 0
v 0.1333191 0.03635027 0
v 0.13331912 0.03635027 0
v 0.109085634 0.012116782 0
v 0.13331912 0.012116782 0
v 0.109085634 0.03635027 0
v 0.10908564 0.03635027 0
v 0.08485216 0.012116782 0
v 0.10908564 0.012116782 0
v 0.08485216 0.03635027 0
v 0.08485218 0.03635027 0
v 0.060618695 0.012116782 0
v 0.08485218 0.012116782 0
v 0.060618695 0.03635027 0
v 0.060618725 0.03635027 0
v 0.036385242 0.012116782 0
v 0.060618725 0.012116782 0
v 0.036385242 0.03635027 0
v 0.036385257 0.03635027 0
v 0.012151773 0.012116782 0
v 0.036385257 0.012116782 0
v 0.012151773 0.03635027 0
v 0.01215179 0.03635027 0
v -0.012081695 0.012116782 0
v 0.01215179 0.012116782 0
v -0.012081695 0.03635027 0
v -0.012081678 0.03635027 0
v -0.03631516 0.012116782 0
v -0.012081678 0.012116782 0
v -0.03631516 0.03635027 0
v -0.036315147 0.03635027 0
v -0.06054863 0.012116782 0
v -0.036315147 0.012116782 0
v -0.06054863 0.03635027 0
v -0.06054861 0.03635027 0
v -0.084782094 0.012116782 0
v -0.06054861 0.012116782 0
v -0.084782094 0.03635027 0
v -0.08478209 0.03635027 0
v -0.10901556 0.012116782 0
v -0.08478209 0.012116782 0
v -0.10901556 0.03635027 0
v -0.10901555 0.03635027 0
v -0.13324903 0.012116782 0
v -0.10901555 0.012116782 0
v -0.13324903 0.03635027 0
v -0.13324901 0.03635027 0
v -0.15748249 0.012116782 0
v -0.13324901 0.012116782 0
v -0.15748249 0.03635027 0
v -0.15748249 0.03635027 0
v -0.18171597 0.012116782 0
v -0.15748249 0.012116782 0
v -0.18171597 0.03635027 0
v -0.18171595 0.03635027 0
v -0.20594946 0.012116782 0
v -0.18171595 0.012116782 0
v -0.20594946 0.03635027 0
v -0.20594938 0.03635027 0
v -0.23018287 0.012116782 0
v -0.20594938 0.012116782 0
v -0.23018287 0.03635027 0
v -0.23018289 0.03635027 0
v -0.25441638 0.012116782 0
v -0.23018289 0.012116782 0
v -0.25441638 0.03635027 0
v -0.25441632 0.03635027 0
v -0.2786498 0.012116782 0
v -0.25441632 0.012116782 0
v -0.2786498 0.03635027 0
v -0.2786498 0.03635027 0
v -0.3028833 0.012116782 0
v -0.2786498 0.012116782 0
v -0.3028833 0.03635027 0
v -0.30288327 0.03635027 0
v -0.32711676 0.012116782 0
v -0.30288327 0.012116782 0
v -0.32711676 0.03635027 0
v 0.32718685 0.060583748 0
v 0.30295336 0.036350265 0
v 0.32718685 0.036350265 0
v 0.30295336 0.060583748 0
v 0.30295336 0.060583748 0
v 0.27871987 0.036350265 0
v 0.30295336 0.036350265 0
v 0.27871987 0.060583748 0
v 0.2787199 0.060583748 0
v 0.2544864 0.036350265 0
v 0.2787199 0.036350265 0
v 0.2544864 0.060583748 0
v 0.25448644 0.060583748 0
v 0.23025297 0.036350265 0
v 0.25448644 0.036350265 0
v 0.23025297 0.060583748 0
v 0.23025297 0.060583748 0
v 0.20601948 0.036350265 0
v 0.23025297 0.036350265 0
v 0.20601948 0.060583748 0
v 0.2060195 0.060583748 0
v 0.18178602 0.036350265 0
v 0.2060195 0.036350265 0
v 0.18178602 0.060583748 0
v 0.18178605 0.060583748 0
v 0.15755257 0.036350265 0
v 0.18178605 0.036350265 0
v 0.15755257 0.060583748 0
v 0.15755259 0.060583748 0
v 0.1333191 0.036350265 0
v 0.15755259 0.036350265 0
v 0.1333191 0.060583748 0
v 0.13331912 0.060583748 0
v 0.109085634 0.036350265 0
v 0.13331912 0.036350265 0
v 0.109085634 0.060583748 0
v 0.10908564 0.060583748 0
v 0.08485216 0.036350265 0
v 0.10908564 0.036350265 0
v 0.08485216 0.060583748 0
v 0.08485218 0.060583748 0
v 0.060618695 0.036350265 0
v 0.08485218 0.036350265 0
v 0.060618695 0.060583748 0
v 0.060618725 0.060583748 0
v 0.036385242 0.036350265 0
v 0.060618725 0.036350265 0
v 0.036385242 0.060583748 0
v 0.036385257 0.060583748 0
v 0.012151773 0.036350265 0
v 0.036385257 0.036350265 0
v 0.012151773 0.060583748 0
v 0.01215179 0.060583748 0
v -0.012081695 0.036350265 0
v 0.01215179 0.036350265 0
v -0.012081695 0.060583748 0
v -0.012081678 0.060583748 0
v -0.03631516 0.036350265 0
v -0.012081678 0.036350265 0
v -0.03631516 0.060583748 0
v -0.036315147 0.060583748 0
v -0.06054863 0.036350265 0
v -0.036315147 0.036350265 0
v -0.06054863 0.060583748 0
v -0.06054861 0.060583748 0
v -0.084782094 0.036350265 0
v -0.06054861 0.036350265 0
v -0.084782094 0.060583748 0
v -0.08478209 0.060583748 0
v -0.10901556 0.036350265 0
v -0.08478209 0.036350265 0
v -0.10901556 0.060583748 0
v -0.10901555 0.060583748 0
v -0.13324903 0.036350265 0
v -0.10901555 0.036350265 0
v -0.13324903 0.060583748 0
v -0.13324901 0.060583748 0
v -0.15748249 0.036350265 0
v -0.13324901 0.036350265 0
v -0.15748249 0.060583748 0
v -0.15748249 0.060583748 0
v -0.18171597 0.036350265 0
v -0.15748249 0.036350265 0
v -0.18171597 0.060583748 0
v -0.18171595 0.060583748 0
v -0.20594946 0.036350265 0
v -0.18171595 0.036350265 0
v -0.20594946 0.060583748 0
v -0.20594938 0.060583748 0
v -0.23018287 0.036350265 0
v -0.20594938 0.036350265 0
v -0.23018287 0.060583748 0
v -0.23018289 0.060583748 0
v -0.25441638 0.036350265 0
v -0.23018289 0.036350265 0
v -0.25441638 0.060583748 0
v -0.25441632 0.060583748 0
v -0.2786498 0.036350265 0
v -0.25441632 0.036350265 0
v -0.2786498 0.060583748 0
v -0.2786498 0.060583748 0
v -0.3028833 0.036350265 0
v -0.2786498 0.036350265 0
v -0.3028833 0.060583748 0
v -0.30288327 0.060583748 0
v -0.32711676 0.036350265 0
v -0.30288327 0.036350265 0
v -0.32711676 0.060583748 0
v 0.32718685 0.08481723 0
v 0.30295336 0.060583748 0
v 0.32718685 0.060583748 0
v 0.30295336 0.08481723 0
v 0.30295336 0.08481723 0
v 0.27871987 0.060583748 0
v 0.30295336 0.060583748 0
v 0.27871987 0.08481723 0
v 0.2787199 0.08481723 0
v 0.2544864 0.060583748 0
v 0.2787199 0.060583748 0
v 0.2544864 0.08481723 0
v 0.25448644 0.08481723 0
v 0.23025297 0.060583748 0
v 0.25448644 0.060583748 0
v 0.23025297 0.08481723 0
v 0.23025297 0.08481723 0
v 0.20601948 0.060583748 0
v 0.23025297 0.060583748 0
v 0.20601948 0.08481723 0
v 0.2060195 0.08481723 0
v 0.18178602 0.060583748 0
v 0.2060195 0.060583748 0
v 0.18178602 0.08481723 0
v 0.18178605 0.08481723 0
v 0.15755257 0.060583748 0
v 0.18178605 0.060583748 0
v 0.15755257 0.08481723 0
v 0.15755259 0.08481723 0
v 0.1333191 0.060583748 0
v 0.15755259 0.060583748 0
v 0.1333191 0.08481723 0
v 0.13331912 0.08481723 0
v 0.109085634 0.060583748 0
v 0.13331912 0.060583748 0
v 0.109085634 0.08481723 0
v 0.10908564 0.08481723 0
v 0.08485216 0.060583748 0
v 0.10908564 0.060583748 0
v 0.08485216 0.08481723 0
v 0.08485218 0.08481723 0
v 0.060618695 0.060583748 0
v 0.08485218 0.060583748 0
v 0.060618695 0.08481723 0
v 0.060618725 0.08481723 0
v 0.036385242 0.060583748 0
v 0.060618725 0.060583748 0
v 0.036385242 0.08481723 0
v 0.036385257 0.08481723 0
v 0.012151773 0.060583748 0
v 0.036385257 0.060583748 0
v 0.012151773 0.08481723 0
v 0.01215179 0.08481723 0
v -0.012081695 0.060583748 0
v 0.01215179 0.060583748 0
v -0.012081695 0.08481723 0
v -0.012081678 0.08481723 0
v -0.03631516 0.060583748 0
v -0.012081678 0.060583748 0
v -0.03631516 0.08481723 0
v -0.036315147 0.08481723 0
v -0.06054863 0.060583748 0
v -0.036315147 0.060583748 0
v -0.06054863 0.08481723 0
v -0.06054861 0.08481723 0
v -0.084782094 0.060583748 0
v -0.06054861 0.060583748 0
v -0.084782094 0.08481723 0
v -0.08478209 0.08481723 0
v -0.10901556 0.060583748 0
v -0.08478209 0.060583748 0
v -0.10901556 0.08481723 0
v -0.10901555 0.08481723 0
v -0.13324903 0.060583748 0
v -0.10901555 0.060583748 0
v -0.13324903 0.08481723 0
v -0.13324901 0.08481723 0
v -0.15748249 0.060583748 0
v -0.13324901 0.060583748 0
v -0.15748249 0.08481723 0
v -0.15748249 0.08481723 0
v -0.18171597 0.060583748 0
v -0.15748249 0.060583748 0
v -0.18171597 0.08481723 0
v -0.18171595 0.08481723 0
v -0.20594946 0.060583748 0
v -0.18171595 0.060583748 0
v -0.20594946 0.08481723 0
v -0.20594938 0.08481723 0
v -0.23018287 0.060583748 0
v -0.20594938 0.060583748 0
v -0.23018287 0.08481723 0
v -0.23018289 0.08481723 0
v -0.25441638 0.060583748 0
v -0.23018289 0.060583748 0
v -0.25441638 0.08481723 0
v -0.25441632 0.08481723 0
v -0.2786498 0.060583748 0
v -0.25441632 0.060583748 0
v -0.2786498 0.08481723 0
v -0.2786498 0.08481723 0
v -0.3028833 0.060583748 0
v -0.2786498 0.060583748 0
v -0.3028833 0.08481723 0
v -0.30288327 0.08481723 0
v -0.32711676 0.060583748 0
v -0.30288327 0.060583748 0
v -0.32711676 0.08481723 0
v 0.32718685 0.10905075 0
v 0.30295336 0.084817275 0
v 0.32718685 0.084817275 0
v 0.30295336 0.10905075 0
v 0.30295336 0.10905075 0
v 0.27871987 0.084817275 0
v 0.30295336 0.084817275 0
v 0.27871987 0.10905075 0
v 0.2787199 0.10905075 0
v 0.2544864 0.084817275 0
v 0.2787199 0.084817275 0
v 0.2544864 0.10905075 0
v 0.25448644 0.10905075 0
v 0.23025297 0.084817275 0
v 0.25448644 0.084817275 0
v 0.23025297 0.10905075 0
v 0.23025297 0.10905075 0
v 0.20601948 0.084817275 0
v 0.23025297 0.084817275 0
v 0.20601948 0.10905075 0
v 0.2060195 0.10905075 0
v 0.18178602 0.084817275 0
v 0.2060195 0.084817275 0
v 0.18178602 0.10905075 0
v 0.18178605 0.10905075 0
v 0.15755257 0.084817275 0
v 0.18178605 0.084817275 0
v 0.15755257 0.10905075 0
v 0.15755259 0.10905075 0
v 0.1333191 0.084817275 0
v 0.15755259 0.084817275 0
v 0.1333191 0.10905075 0
v 0.13331912 0.10905075 0
v 0.109085634 0.084817275 0
v 0.13331912 0.084817275 0
v 0.109085634 0.10905075 0
v 0.10908564 0.10905075 0
v 0.08485216 0.084817275 0
v 0.10908564 0.084817275 0
v 0.08485216 0.10905075 0
v 0.08485218 0.10905075 0
v 0.060618695 0.084817275 0
v 0.08485218 0.084817275 0
v 0.060618695 0.10905075 0
v 0.060618725 0.10905075 0
v 0.036385242 0.084817275 0
v 0.060618725 0.084817275 0
v 0.036385242 0.10905075 0
v 0.036385257 0.10905075 0
v 0.012151773 0.084817275 0
v 0.036385257 0.084817275 0
v 0.012151773 0.10905075 0
v 0.01215179 0.10905075 0
v -0.012081695 0.084817275 0
v 0.01215179 0.084817275 0
v -0.012081695 0.10905075 0
v -0.012081678 0.10905075 0
v -0.03631516 0.084817275 0
v -0.012081678 0.084817275 0
v -0.03631516 0.10905075 0
v -0.036315147 0.10905075 0
v -0.06054863 0.084817275 0
v -0.036315147 0.084817275 0
v -0.06054863 0.10905075 0
v -0.06054861 0.10905075 0
v -0.084782094 0.084817275 0
v -0.06054861 0.084817275 0
v -0.084782094 0.10905075 0
v -0.08478209 0.10905075 0
v -0.10901556 0.084817275 0
v -0.08478209 0.084817275 0
v -0.10901556 0.10905075 0
v -0.10901555 0.10905075 0
v -0.13324903 0.084817275 0
v -0.10901555 0.084817275 0
v -0.13324903 0.10905075 0
v -0.13324901 0.10905075 0
v -0.15748249 0.084817275 0
v -0.13324901 0.084817275 0
v -0.15748249 0.10905075 0
v -0.15748249 0.10905075 0
v -0.18171597 0.084817275 0
v -0.15748249 0.084817275 0
v -0.18171597 0.10905075 0
v -0.18171595 0.10905075 0
v -0.20594946 0.084817275 0
v -0.18171595 0.084817275 0
v -0.20594946 0.10905075 0
v -0.20594938 0.10905075 0
v -0.23018287 0.084817275 0
v -0.20594938 0.084817275 0
v -0.23018287 0.10905075 0
v -0.23018289 0.10905075 0
v -0.25441638 0.084817275 0
v -0.23018289 0.084817275 0
v -0.25441638 0.10905075 0
v -0.25441632 0.10905075 0
v -0.2786498 0.084817275 0
v -0.25441632 0.084817275 0
v -0.2786498 0.10905075 0
v -0.2786498 0.10905075 0
v -0.3028833 0.084817275 0
v -0.2786498 0.084817275 0
v -0.3028833 0.10905075 0
v -0.30288327 0.10905075 0
v -0.32711676 0.084817275 0
v -0.30288327 0.084817275 0
v -0.32711676 0.10905075 0
v 0.32718685 0.13328424 0
v 0.30295336 0.10905075 0
v 0.32718685 0.10905075 0
v 0.30295336 0.13328424 0
v 0.30295336 0.13328424 0
v 0.27871987 0.10905075 0
v 0.30295336 0.10905075 0
v 0.27871987 0.13328424 0
v 0.2787199 0.13328424 0
v 0.2544864 0.10905075 0
v 0.2787199 0.10905075 0
v 0.2544864 0.13328424 0
v 0.25448644 0.13328424 0
v 0.23025297 0.10905075 0
v 0.25448644 0.10905075 0
v 0.23025297 0.13328424 0
v 0.23025297 0.13328424 0
v 0.20601948 0.10905075 0
v 0.23025297 0.10905075 0
v 0.20601948 0.13328424 0
v 0.2060195 0.13328424 0
v 0.18178602 0.10905075 0
v 0.2060195 0.10905075 0
v 0.18178602 0.13328424 0
v 0.18178605 0.13328424 0
v 0.15755257 0.10905075 0
v 0.18178605 0.10905075 0
v 0.15755257 0.13328424 0
v 0.15755259 0.13328424 0
v 0.1333191 0.10905075 0
v 0.15755259 0.10905075 0
v 0.1333191 0.13328424 0
v 0.13331912 0.13328424 0
v 0.109085634 0.10905075 0
v 0.13331912 0.10905075 0
v 0.109085634 0.13328424 0
v 0.10908564 0.13328424 0
v 0.08485216 0.10905075 0
v 0.10908564 0.10905075 0
v 0.08485216 0.13328424 0
v 0.08485218 0.13328424 0
v 0.060618695 0.10905075 0
v 0.08485218 0.10905075 0
v 0.060618695 0.13328424 0
v 0.060618725 0.13328424 0
v 0.036385242 0.10905075 0
v 0.060618725 0.10905075 0
v 0.036385242 0.13328424 0
v 0.036385257 0.13328424 0
v 0.012151773 0.10905075 0
v 0.036385257 0.10905075 0
v 0.012151773 0.13328424 0
v 0.01215179 0.13328424 0
v -0.012081695 0.10905075 0
v 0.01215179 0.10905075 0
v -0.012081695 0.13328424 0
v -0.012081678 0.13328424 0
v -0.03631516 0.10905075 0
v -0.012081678 0.10905075 0
v -0.03631516 0.13328424 0
v -0.036315147 0.13328424 0
v -0.06054863 0.10905075 0
v -0.036315147 0.10905075 0
v -0.06054863 0.13328424 0
v -0.06054861 0.13328424 0
v -0.084782094 0.10905075 0
v -0.06054861 0.10905075 0
v -0.084782094 0.13328424 0
v -0.08478209 0.13328424 0
v -0.10901556 0.10905075 0
v -0.08478209 0.10905075 0
v -0.10901556 0.13328424 0
v -0.10901555 0.13328424 0
v -0.13324903 0.10905075 0
v -0.10901555 0.10905075 0
v -0.13324903 0.13328424 0
v -0.13324901 0.13328424 0
v -0.15748249 0.10905075 0
v -0.13324901 0.10905075 0
v -0.15748249 0.13328424 0
v -0.15748249 0.13328424 0
v -0.18171597 0.10905075 0
v -0.15748249 0.10905075 0
v -0.18171597 0.13328424 0
v -0.18171595 0.13328424 0
v -0.20594946 0.10905075 0
v -0.18171595 0.10905075 0
v -0.20594946 0.13328424 0
v -0.20594938 0.13328424 0
v -0.23018287 0.10905075 0
v -0.20594938 0.10905075 0
v -0.23018287 0.13328424 0
v -0.23018289 0.13328424 0
v -0.25441638 0.10905075 0
v -0.23018289 0.10905075 0
v -0.25441638 0.13328424 0
v -0.25441632 0.13328424 0
v -0.2786498 0.10905075 0
v -0.25441632 0.10905075 0
v -0.2786498 0.13328424 0
v -0.2786498 0.13328424 0
v -0.3028833 0.10905075 0
v -0.2786498 0.10905075 0
v -0.3028833 0.13328424 0
v -0.30288327 0.13328424 0
v -0.32711676 0.10905075 0
v -0.30288327 0.10905075 0
v -0.32711676 0.13328424 0
v 0.32718685 0.15751772 0
v 0.30295336 0.13328424 0
v 0.32718685 0.13328424 0
v 0.30295336 0.15751772 0
v 0.30295336 0.15751772 0
v 0.27871987 0.13328424 0
v 0.30295336 0.13328424 0
v 0.27871987 0.15751772 0
v 0.2787199 0.15751772 0
v 0.2544864 0.13328424 0
v 0.2787199 0.13328424 0
v 0.2544864 0.15751772 0
v 0.25448644 0.15751772 0
v 0.23025297 0.13328424 0
v 0.25448644 0.13328424 0
v 0.23025297 0.15751772 0
v 0.23025297 0.15751772 0
v 0.20601948 0.13328424 0
v 0.23025297 0.13328424 0
v 0.20601948 0.15751772 0
v 0.2060195 0.15751772 0
v 0.18178602 0.13328424 0
v 0.2060195 0.13328424 0
v 0.18178602 0.15751772 0
v 0.18178605 0.15751772 0
v 0.15755257 0.13328424 0
v 0.18178605 0.13328424 0
v 0.15755257 0.15751772 0
v 0.15755259 0.15751772 0
v 0.1333191 0.13328424 0
v 0.15755259 0.13328424 0
v 0.1333191 0.15751772 0
v 0.13331912 0.15751772 0
v 0.109085634 0.13328424 0
v 0.13331912 0.13328424 0
v 0.109085634 0.15751772 0
v 0.10908564 0.15751772 0
v 0.08485216 0.13328424 0
v 0.10908564 0.13328424 0
v 0.08485216 0.15751772 0
v 0.08485218 0.15751772 0
v 0.060618695 0.13328424 0
v 0.08485218 0.13328424 0
v 0.060618695 0.15751772 0
v 0.060618725 0.15751772 0
v 0.036385242 0.13328424 0
v 0.060618725 0.13328424 0
v 0.036385242 0.15751772 0
v 0.036385257 0.15751772 0
v 0.012151773 0.13328424 0
v 0.036385257 0.13328424 0
v 0.012151773 0.15751772 0
v 0.01215179 0.15751772 0
v -0.012081695 0.13328424 0
v 0.01215179 0.13328424 0
v -0.012081695 0.15751772 0
v -0.012081678 0.15751772 0
v -0.03631516 0.13328424 0
v -0.012081678 0.13328424 0
v -0.03631516 0.15751772 0
v -0.036315147 0.15751772 0
v -0.06054863 0.13328424 0
v -0.036315147 0.13328424 0
v -0.06054863 0.15751772 0
v -0.06054861 0.15751772 0
v -0.084782094 0.13328424 0
v -0.06054861 0.13328424 0
v -0.084782094 0.15751772 0
v -0.08478209 0.15751772 0
v -0.10901556 0.13328424 0
v -0.08478209 0.13328424 0
v -0.10901556 0.15751772 0
v -0.10901555 0.15751772 0
v -0.13324903 0.13328424 0
v -0.10901555 0.13328424 0
v -0.13324903 0.15751772 0
v -0.13324901 0.15751772 0
v -0.15748249 0.13328424 0
v -0.13324901 0.13328424 0
v -0.15748249 0.15751772 0
v -0.15748249 0.15751772 0
v -0.18171597 0.13328424 0
v -0.15748249 0.13328424 0
v -0.18171597 0.15751772 0
v -0.18171595 0.15751772 0
v -0.20594946 0.13328424 0
v -0.18171595 0.13328424 0
v -0.20594946 0.15751772 0
v -0.20594938 0.15751772 0
v -0.23018287 0.13328424 0
v -0.20594938 0.13328424 0
v -0.23018287 0.15751772 0
v -0.23018289 0.15751772 0
v -0.25441638 0.13328424 0
v -0.23018289 0.13328424 0
v -0.25441638 0.15751772 0
v -0.25441632 0.15751772 0
v -0.2786498 0.13328424 0
v -0.25441632 0.13328424 0
v -0.2786498 0.15751772 0
v -0.2786498 0.15751772 0
v -0.3028833 0.13328424 0
v -0.2786498 0.13328424 0
v -0.3028833 0.15751772 0
v -0.30288327 0.15751772 0
v -0.32711676 0.13328424 0
v -0.30288327 0.13328424 0
v -0.32711676 0.15751772 0
v 0.32718685 0.1817512 0
v 0.30295336 0.15751772 0
v 0.32718685 0.15751772 0
v 0.30295336 0.1817512 0
v 0.30295336 0.1817512 0
v 0.27871987 0.15751772 0
v 0.30295336 0.15751772 0
v 0.27871987 0.1817512 0
v 0.2787199 0.1817512 0
v 0.2544864 0.15751772 0
v 0.2787199 0.15751772 0
v 0.2544864 0.1817512 0
v 0.25448644 0.1817512 0
v 0.23025297 0.15751772 0
v 0.25448644 0.15751772 0
v 0.23025297 0.1817512 0
v 0.23025297 0.1817512 0
v 0.20601948 0.15751772 0
v 0.23025297 0.15751772 0
v 0.20601948 0.1817512 0
v 0.2060195 0.1817512 0
v 0.18178602 0.15751772 0
v 0.2060195 0.15751772 0
v 0.18178602 0.1817512 0
v 0.18178605 0.1817512 0
v 0.15755257 0.15751772 0
v 0.18178605 0.15751772 0
v 0.15755257 0.1817512 0
v 0.15755259 0.1817512 0
v 0.1333191 0.15751772 0
v 0.15755259 0.15751772 0
v 0.1333191 0.1817512 0
v 0.13331912 0.1817512 0
v 0.109085634 0.15751772 0
v 0.13331912 0.15751772 0
v 0.109085634 0.1817512 0
v 0.10908564 0.1817512 0
v 0.08485216 0.15751772 0
v 0.10908564 0.15751772 0
v 0.08485216 0.1817512 0
v 0.08485218 0.1817512 0
v 0.060618695 0.15751772 0
v 0.08485218 0.15751772 0
v 0.060618695 0.1817512 0
v 0.060618725 0.1817512 0
v 0.036385242 0.15751772 0
v 0.060618725 0.15751772 0
v 0.036385242 0.1817512 0
v 0.036385257 0.1817512 0
v 0.012151773 0.15751772 0
v 0.036385257 0.15751772 0
v 0.012151773 0.1817512 0
v 0.01215179 0.1817512 0
v -0.012081695 0.15751772 0
v 0.01215179 0.15751772 0
v -0.012081695 0.1817512 0
v -0.012081678 0.1817512 0
v -0.03631516 0.15751772 0
v -0.012081678 0.15751772 0
v -0.03631516 0.1817512 0
v -0.036315147 0.1817512 0
v -0.06054863 0.15751772 0
v -0.036315147 0.15751772 0
v -0.06054863 0.1817512 0
v -0.06054861 0.1817512 0
v -0.084782094 0.15751772 0
v -0.06054861 0.15751772 0
v -0.084782094 0.1817512 0
v -0.08478209 0.1817512 0
v -0.10901556 0.15751772 0
v -0.08478209 0.15751772 0
v -0.10901556 0.1817512 0
v -0.10901555 0.1817512 0
v -0.13324903 0.15751772 0
v -0.10901555 0.15751772 0
v -0.13324903 0.1817512 0
v -0.13324901 0.1817512 0
v -0.15748249 0.15751772 0
v -0.13324901 0.15751772 0
v -0.15748249 0.1817512 0
v -0.15748249 0.1817512 0
v -0.18171597 0.15751772 0
v -0.15748249 0.15751772 0
v -0.18171597 0.1817512 0
v -0.18171595 0.1817512 0
v -0.20594946 0.15751772 0
v -0.18171595 0.15751772 0
v -0.20594946 0.1817512 0
v -0.20594938 0.1817512 0
v -0.23018287 0.15751772 0
v -0.20594938 0.15751772 0
v -0.23018287 0.1817512 0
v -0.23018289 0.1817512 0
v -0.25441638 0.15751772 0
v -0.23018289 0.15751772 0
v -0.25441638 0.1817512 0
v -0.25441632 0.1817512 0
v -0.2786498 0.15751772 0
v -0.25441632 0.15751772 0
v -0.2786498 0.1817512 0
v -0.2786498 0.1817512 0
v -0.3028833 0.15751772 0
v -0.2786498 0.15751772 0
v -0.3028833 0.1817512 0
v -0.30288327 0.1817512 0
v -0.32711676 0.15751772 0
v -0.30288327 0.15751772 0
v -0.32711676 0.1817512 0
v 0.32718685 0.2059847 0
v 0.30295336 0.1817512 0
v 0.32718685 0.1817512 0
v 0.30295336 0.2059847 0
v 0.30295336 0.2059847 0
v 0.27871987 0.1817512 0
v 0.30295336 0.1817512 0
v 0.27871987 0.2059847 0
v 0.2787199 0.2059847 0
v 0.2544864 0.1817512 0
v 0.2787199 0.1817512 0
v 0.2544864 0.2059847 0
v 0.25448644 0.2059847 0
v 0.23025297 0.1817512 0
v 0.25448644 0.1817512 0
v 0.23025297 0.2059847 0
v 0.23025297 0.2059847 0
v 0.20601948 0.1817512 0
v 0.23025297 0.1817512 0
v 0.20601948 0.2059847 0
v 0.2060195 0.2059847 0
v 0.18178602 0.1817512 0
v 0.2060195 0.1817512 0
v 0.18178602 0.2059847 0
v 0.18178605 0.2059847 0
v 0.15755257 0.1817512 0
v 0.18178605 0.1817512 0
v 0.15755257 0.2059847 0
v 0.15755259 0.2059847 0
v 0.1333191 0.1817512 0
v 0.15755259 0.1817512 0
v 0.1333191 0.2059847 0
v 0.13331912 0.2059847 0
v 0.109085634 0.1817512 0
v 0.13331912 0.1817512 0
v 0.109085634 0.2059847 0
v 0.10908564 0.2059847 0
v 0.08485216 0.1817512 0
v 0.10908564 0.1817512 0
v 0.08485216 0.2059847 0
v 0.08485218 0.2059847 0
v 0.060618695 0.1817512 0
v 0.08485218 0.1817512 0
v 0.060618695 0.2059847 0
v 0.060618725 0.2059847 0
v 0.036385242 0.1817512 0
v 0.060618725 0.1817512 0
v 0.036385242 0.2059847 0
v 0.036385257 0.2059847 0
v 0.012151773 0.1817512 0
v 0.036385257 0.1817512 0
v 0.012151773 0.2059847 0
v 0.01215179 0.2059847 0
v -0.012081695 0.1817512 0
v 0.01215179 0.1817512 0
v -0.012081695 0.2059847 0
v -0.012081678 0.2059847 0
v -0.03631516 0.1817512 0
v -0.012081678 0.1817512 0
v -0.03631516 0.2059847 0
v -0.036315147 0.2059847 0
v -0.06054863 0.1817512 0
v -0.036315147 0.1817512 0
v -0.06054863 0.2059847 0
v -0.06054861 0.2059847 0
v -0.084782094 0.1817512 0
v -0.06054861 0.1817512 0
v -0.084782094 0.2059847 0
v -0.08478209 0.2059847 0
v -0.10901556 0.1817512 0
v -0.08478209 0.1817512 0
v -0.10901556 0.2059847 0
v -0.10901555 0.2059847 0
v -0.13324903 0.1817512 0
v -0.10901555 0.1817512 0
v -0.13324903 0.2059847 0
v -0.13324901 0.2059847 0
v -0.15748249 0.1817512 0
v -0.13324901 0.1817512 0
v -0.15748249 0.2059847 0
v -0.15748249 0.2059847 0
v -0.18171597 0.1817512 0
v -0.15748249 0.1817512 0
v -0.18171597 0.2059847 0
v -0.18171595 0.2059847 0
v -0.20594946 0.1817512 0
v -0.18171595 0.1817512 0
v -0.20594946 0.2059847 0
v -0.20594938 0.2059847 0
v -0.23018287 0.1817512 0
v -0.20594938 0.1817512 0
v -0.23018287 0.2059847 0
v -0.23018289 0.2059847 0
v -0.25441638 0.1817512 0
v -0.23018289 0.1817512 0
v -0.25441638 0.2059847 0
v -0.25441632 0.2059847 0
v -0.2786498 0.1817512 0
v -0.25441632 0.1817512 0
v -0.2786498 0.2059847 0
v -0.2786498 0.2059847 0
v -0.3028833 0.1817512 0
v -0.2786498 0.1817512 0
v -0.3028833 0.2059847 0
v -0.30288327 0.2059847 0
v -0.32711676 0.1817512 0
v -0.30288327 0.1817512 0
v -0.32711676 0.2059847 0
v 0.32718685 0.23021822 0
v 0.30295336 0.20598474 0
v 0.32718685 0.20598474 0
v 0.30295336 0.23021822 0
v 0.30295336 0.23021822 0
v 0.27871987 0.20598474 0
v 0.30295336 0.20598474 0
v 0.27871987 0.23021822 0
v 0.2787199 0.23021822 0
v 0.2544864 0.20598474 0
v 0.2787199 0.20598474 0
v 0.2544864 0.23021822 0
v 0.25448644 0.23021822 0
v 0.23025297 0.20598474 0
v 0.25448644 0.20598474 0
v 0.23025297 0.23021822 0
v 0.23025297 0.23021822 0
v 0.20601948 0.20598474 0
v 0.23025297 0.20598474 0
v 0.20601948 0.23021822 0
v 0.2060195 0.23021822 0
v 0.18178602 0.20598474 0
v 0.2060195 0.20598474 0
v 0.18178602 0.23021822 0
v 0.18178605 0.23021822 0
v 0.15755257 0.20598474 0
v 0.18178605 0.20598474 0
v 0.15755257 0.23021822 0
v 0.15755259 0.23021822 0
v 0.1333191 0.20598474 0
v 0.15755259 0.20598474 0
v 0.1333191 0.23021822 0
v 0.13331912 0.23021822 0
v 0.109085634 0.20598474 0
v 0.13331912 0.20598474 0
v 0.109085634 0.23021822 0
v 0.10908564 0.23021822 0
v 0.08485216 0.20598474 0
v 0.10908564 0.20598474 0
v 0.08485216 0.23021822 0
v 0.08485218 0.23021822 0
v 0.060618695 0.20598474 0
v 0.08485218 0.20598474 0
v 0.060618695 0.23021822 0
v 0.060618725 0.23021822 0
v 0.036385242 0.20598474 0
v 0.060618725 0.20598474 0
v 0.036385242 0.23021822 0
v 0.036385257 0.23021822 0
v 0.012151773 0.20598474 0
v 0.036385257 0.20598474 0
v 0.012151773 0.23021822 0
v 0.01215179 0.23021822 0
v -0.012081695 0.20598474 0
v 0.01215179 0.20598474 0
v -0.012081695 0.23021822 0
v -0.012081678 0.23021822 0
v -0.03631516 0.20598474 0
v -0.012081678 0.20598474 0
v -0.03631516 0.23021822 0
v -0.036315147 0.23021822 0
v -0.06054863 0.20598474 0
v -0.036315147 0.20598474 0
v -0.06054863 0.23021822 0
v -0.06054861 0.23021822 0
v -0.084782094 0.20598474 0
v -0.06054861 0.20598474 0
v -0.084782094 0.23021822 0
v -0.08478209 0.23021822 0
v -0.10901556 0.20598474 0
v -0.08478209 0.20598474 0
v -0.10901556 0.23021822 0
v -0.10901555 0.23021822 0
v -0.13324903 0.20598474 0
v -0.10901555 0.20598474 0
v -0.13324903 0.23021822 0
v -0.13324901 0.23021822 0
v -0.15748249 0.20598474 0
v -0.13324901 0.20598474 0
v -0.15748249 0.23021822 0
v -0.15748249 0.23021822 0
v -0.18171597 0.20598474 0
v -0.15748249 0.20598474 0
v -0.18171597 0.23021822 0
v -0.18171595 0.23021822 0
v -0.20594946 0.20598474 0
v -0.18171595 0.20598474 0
v -0.20594946 0.23021822 0
v -0.20594938 0.23021822 0
v -0.23018287 0.20598474 0
v -0.20594938 0.20598474 0
v -0.23018287 0.23021822 0
v -0.23018289 0.23021822 0
v -0.25441638 0.20598474 0
v -0.23018289 0.20598474 0
v -0.25441638 0.23021822 0
v -0.25441632 0.23021822 0
v -0.2786498 0.20598474 0
v -0.25441632 0.20598474 0
v -0.2786498 0.23021822 0
v -0.2786498 0.23021822 0
v -0.3028833 0.20598474 0
v -0.2786498 0.20598474 0
v -0.3028833 0.23021822 0
v -0.30288327 0.23021822 0
v -0.32711676 0.20598474 0
v -0.30288327 0.20598474 0
v -0.32711676 0.23021822 0
v 0.32718685 0.2544517 0
v 0.30295336 0.2302182 0
v 0.32718685 0.2302182 0
v 0.30295336 0.2544517 0
v 0.30295336 0.2544517 0
v 0.27871987 0.2302182 0
v 0.30295336 0.2302182 0
v 0.27871987 0.2544517 0
v 0.2787199 0.2544517 0
v 0.2544864 0.2302182 0
v 0.2787199 0.2302182 0
v 0.2544864 0.2544517 0
v 0.25448644 0.2544517 0
v 0.23025297 0.2302182 0
v 0.25448644 0.2302182 0
v 0.23025297 0.2544517 0
v 0.23025297 0.2544517 0
v 0.20601948 0.2302182 0
v 0.23025297 0.2302182 0
v 0.20601948 0.2544517 0
v 0.2060195 0.2544517 0
v 0.18178602 0.2302182 0
v 0.2060195 0.2302182 0
v 0.18178602 0.2544517 0
v 0.18178605 0.2544517 0
v 0.15755257 0.2302182 0
v 0.18178605 0.2302182 0
v 0.15755257 0.2544517 0
v 0.15755259 0.2544517 0
v 0.1333191 0.2302182 0
v 0.15755259 0.2302182 0
v 0.1333191 0.2544517 0
v 0.13331912 0.2544517 0
v 0.109085634 0.2302182 0
v 0.13331912 0.2302182 0
v 0.109085634 0.2544517 0
v 0.10908564 0.2544517 0
v 0.08485216 0.2302182 0
v 0.10908564 0.2302182 0
v 0.08485216 0.2544517 0
v 0.08485218 0.2544517 0
v 0.060618695 0.2302182 0
v 0.08485218 0.2302182 0
v 0.060618695 0.2544517 0
v 0.060618725 0.2544517 0
v 0.036385242 0.2302182 0
v 0.060618725 0.2302182 0
v 0.036385242 0.2544517 0
v 0.036385257 0.2544517 0
v 0.012151773 0.2302182 0
v 0.036385257 0.2302182 0
v 0.012151773 0.2544517 0
v 0.01215179 0.2544517 0
v -0.012081695 0.2302182 0
v 0.01215179 0.2302182 0
v -0.012081695 0.2544517 0
v -0.012081678 0.2544517 0
v -0.03631516 0.2302182 0
v -0.012081678 0.2302182 0
v -0.03631516 0.2544517 0
v -0.036315147 0.2544517 0
v -0.06054863 0.2302182 0
v -0.036315147 0.2302182 0
v -0.06054863 0.2544517 0
v -0.06054861 0.2544517 0
v -0.084782094 0.2302182 0
v -0.06054861 0.2302182 0
v -0.084782094 0.2544517 0
v -0.08478209 0.2544517 0
v -0.10901556 0.2302182 0
v -0.08478209 0.2302182 0
v -0.10901556 0.2544517 0
v -0.10901555 0.2544517 0
v -0.13324903 0.2302182 0
v -0.10901555 0.2302182 0
v -0.13324903 0.2544517 0
v -0.13324901 0.2544517 0
v -0.15748249 0.2302182 0
v -0.13324901 0.2302182 0
v -0.15748249 0.2544517 0
v -0.15748249 0.2544517 0
v -0.18171597 0.2302182 0
v -0.15748249 0.2302182 0
v -0.18171597 0.2544517 0
v -0.18171595 0.2544517 0
v -0.20594946 0.2302182 0
v -0.18171595 0.2302182 0
v -0.20594946 0.2544517 0
v -0.20594938 0.2544517 0
v -0.23018287 0.2302182 0
v -0.20594938 0.2302182 0
v -0.23018287 0.2544517 0
v -0.23018289 0.2544517 0
v -0.25441638 0.2302182 0
v -0.23018289 0.2302182 0
v -0.25441638 0.2544517 0
v -0.25441632 0.2544517 0
v -0.2786498 0.2302182 0
v -0.25441632 0.2302182 0
v -0.2786498 0.2544517 0
v -0.2786498 0.2544517 0
v -0.3028833 0.2302182 0
v -0.2786498 0.2302182 0
v -0.3028833 0.2544517 0
v -0.30288327 0.2544517 0
v -0.32711676 0.2302182 0
v -0.30288327 0.2302182 0
v -0.32711676 0.2544517 0
v 0.32718685 0.2786852 0
v 0.30295336 0.25445172 0
v 0.32718685 0.25445172 0
v 0.30295336 0.2786852 0
v 0.30295336 0.2786852 0
v 0.27871987 0.25445172 0
v 0.30295336 0.25445172 0
v 0.27871987 0.2786852 0
v 0.2787199 0.2786852 0
v 0.2544864 0.25445172 0
v 0.2787199 0.25445172 0
v 0.2544864 0.2786852 0
v 0.25448644 0.2786852 0
v 0.23025297 0.25445172 0
v 0.25448644 0.25445172 0
v 0.23025297 0.2786852 0
v 0.23025297 0.2786852 0
v 0.20601948 0.25445172 0
v 0.23025297 0.25445172 0
v 0.20601948 0.2786852 0
v 0.2060195 0.2786852 0
v 0.18178602 0.25445172 0
v 0.2060195 0.25445172 0
v 0.18178602 0.2786852 0
v 0.18178605 0.2786852 0
v 0.15755257 0.25445172 0
v 0.18178605 0.25445172 0
v 0.15755257 0.2786852 0
v 0.15755259 0.2786852 0
v 0.1333191 0.25445172 0
v 0.15755259 0.25445172 0
v 0.1333191 0.2786852 0
v 0.13331912 0.2786852 0
v 0.109085634 0.25445172 0
v 0.13331912 0.25445172 0
v 0.109085634 0.2786852 0
v 0.10908564 0.2786852 0
v 0.08485216 0.25445172 0
v 0.10908564 0.25445172 0
v 0.08485216 0.2786852 0
v 0.08485218 0.2786852 0
v 0.060618695 0.25445172 0
v 0.08485218 0.25445172 0
v 0.060618695 0.2786852 0
v 0.060618725 0.2786852 0
v 0.036385242 0.25445172 0
v 0.060618725 0.25445172 0
v 0.036385242 0.2786852 0
v 0.036385257 0.2786852 0
v 0.012151773 0.25445172 0
v 0.036385257 0.25445172 0
v 0.012151773 0.2786852 0
v 0.01215179 0.2786852 0
v -0.012081695 0.25445172 0
v 0.01215179 0.25445172 0
v -0.012081695 0.2786852 0
v -0.012081678 0.2786852 0
v -0.03631516 0.25445172 0
v -0.012081678 0.25445172 0
v -0.03631516 0.2786852 0
v -0.036315147 0.2786852 0
v -0.06054863 0.25445172 0
v -0.036315147 0.25445172 0
v -0.06054863 0.2786852 0
v -0.06054861 0.2786852 0
v -0.084782094 0.25445172 0
v -0.06054861 0.25445172 0
v -0.084782094 0.2786852 0
v -0.08478209 0.2786852 0
v -0.10901556 0.25445172 0
v -0.08478209 0.25445172 0
v -0.10901556 0.2786852 0
v -0.10901555 0.2786852 0
v -0.13324903 0.25445172 0
v -0.10901555 0.25445172 0
v -0.13324903 0.2786852 0
v -0.13324901 0.2786852 0
v -0.15748249 0.25445172 0
v -0.13324901 0.25445172 0
v -0.15748249 0.2786852 0
v -0.15748249 0.2786852 0
v -0.18171597 0.25445172 0
v -0.15748249 0.25445172 0
v -0.18171597 0.2786852 0
v -0.18171595 0.2786852 0
v -0.20594946 0.25445172 0
v -0.18171595 0.25445172 0
v -0.20594946 0.2786852 0
v -0.20594938 0.2786852 0
v -0.23018287 0.25445172 0
v -0.20594938 0.25445172 0
v -0.23018287 0.2786852 0
v -0.23018289 0.2786852 0
v -0.25441638 0.25445172 0
v -0.23018289 0.25445172 0
v -0.25441638 0.2786852 0
v -0.25441632 0.2786852 0
v -0.2786498 0.25445172 0
v -0.25441632 0.25445172 0
v -0.2786498 0.2786852 0
v -0.2786498 0.2786852 0
v -0.3028833 0.25445172 0
v -0.2786498 0.25445172 0
v -0.3028833 0.2786852 0
v -0.30288327 0.2786852 0
v -0.32711676 0.25445172 0
v -0.30288327 0.25445172 0
v -0.32711676 0.2786852 0
v 0.32718685 0.3029187 0
v 0.30295336 0.2786852 0
v 0.32718685 0.2786852 0
v 0.30295336 0.3029187 0
v 0.30295336 0.3029187 0
v 0.27871987 0.2786852 0
v 0.30295336 0.2786852 0
v 0.27871987 0.3029187 0
v 0.2787199 0.3029187 0
v 0.2544864 0.2786852 0
v 0.2787199 0.2786852 0
v 0.2544864 0.3029187 0
v 0.25448644 0.3029187 0
v 0.23025297 0.2786852 0
v 0.25448644 0.2786852 0
v 0.23025297 0.3029187 0
v 0.23025297 0.3029187 0
v 0.20601948 0.2786852 0
v 0.23025297 0.2786852 0
v 0.20601948 0.3029187 0
v 0.2060195 0.3029187 0
v 0.18178602 0.2786852 0
v 0.2060195 0.2786852 0
v 0.18178602 0.3029187 0
v 0.18178605 0.3029187 0
v 0.15755257 0.2786852 0
v 0.18178605 0.2786852 0
v 0.15755257 0.3029187 0
v 0.15755259 0.3029187 0
v 0.1333191 0.2786852 0
v 0.15755259 0.2786852 0
v 0.1333191 0.3029187 0
v 0.13331912 0.3029187 0
v 0.109085634 0.2786852 0
v 0.13331912 0.2786852 0
v 0.109085634 0.3029187 0
v 0.10908564 0.3029187 0
v 0.08485216 0.2786852 0
v 0.10908564 0.2786852 0
v 0.08485216 0.3029187 0
v 0.08485218 0.3029187 0
v 0.060618695 0.2786852 0
v 0.08485218 0.2786852 0
v 0.060618695 0.3029187 0
v 0.060618725 0.3029187 0
v 0.036385242 0.2786852 0
v 0.060618725 0.2786852 0
v 0.036385242 0.3029187 0
v 0.036385257 0.3029187 0
v 0.012151773 0.2786852 0
v 0.036385257 0.2786852 0
v 0.012151773 0.3029187 0
v 0.01215179 0.3029187 0
v -0.012081695 0.2786852 0
v 0.01215179 0.2786852 0
v -0.012081695 0.3029187 0
v -0.012081678 0.3029187 0
v -0.03631516 0.2786852 0
v -0.012081678 0.2786852 0
v -0.03631516 0.3029187 0
v -0.036315147 0.3029187 0
v -0.06054863 0.2786852 0
v -0.036315147 0.2786852 0
v -0.06054863 0.3029187 0
v -0.06054861 0.3029187 0
v -0.084782094 0.2786852 0
v -0.06054861 0.2786852 0
v -0.084782094 0.3029187 0
v -0.08478209 0.3029187 0
v -0.10901556 0.2786852 0
v -0.08478209 0.2786852 0
v -0.10901556 0.3029187 0
v -0.10901555 0.3029187 0
v -0.13324903 0.2786852 0
v -0.10901555 0.2786852 0
v -0.13324903 0.3029187 0
v -0.13324901 0.3029187 0
v -0.15748249 0.2786852 0
v -0.13324901 0.2786852 0
v -0.15748249 0.3029187 0
v -0.15748249 0.3029187 0
v -0.18171597 0.2786852 0
v -0.15748249 0.2786852 0
v -0.18171597 0.3029187 0
v -0.18171595 0.3029187 0
v -0.20594946 0.2786852 0
v -0.18171595 0.2786852 0
v -0.20594946 0.3029187 0
v -0.20594938 0.3029187 0
v -0.23018287 0.2786852 0
v -0.20594938 0.2786852 0
v -0.23018287 0.3029187 0
v -0.23018289 0.3029187 0
v -0.25441638 0.2786852 0
v -0.23018289 0.2786852 0
v -0.25441638 0.3029187 0
v -0.25441632 0.3029187 0
v -0.2786498 0.2786852 0
v -0.25441632 0.2786852 0
v -0.2786498 0.3029187 0
v -0.2786498 0.3029187 0
v -0.3028833 0.2786852 0
v -0.2786498 0.2786852 0
v -0.3028833 0.3029187 0
v -0.30288327 0.3029187 0
v -0.32711676 0.2786852 0
v -0.30288327 0.2786852 0
v -0.32711676 0.3029187 0
v 0.32718685 0.3271522 0
v 0.30295336 0.3029187 0
v 0.32718685 0.3029187 0
v 0.30295336 0.3271522 0
v 0.30295336 0.3271522 0
v 0.27871987 0.3029187 0
v 0.30295336 0.3029187 0
v 0.27871987 0.3271522 0
v 0.2787199 0.3271522 0
v 0.2544864 0.3029187 0
v 0.2787199 0.3029187 0
v 0.2544864 0.3271522 0
v 0.25448644 0.3271522 0
v 0.23025297 0.3029187 0
v 0.25448644 0.3029187 0
v 0.23025297 0.3271522 0
v 0.23025297 0.3271522 0
v 0.20601948 0.3029187 0
v 0.23025297 0.3029187 0
v 0.20601948 0.3271522 0
v 0.2060195 0.3271522 0
v 0.18178602 0.3029187 0
v 0.2060195 0.3029187 0
v 0.18178602 0.3271522 0
v 0.18178605 0.3271522 0
v 0.15755257 0.3029187 0
v 0.18178605 0.3029187 0
v 0.15755257 0.3271522 0
v 0.15755259 0.3271522 0
v 0.1333191 0.3029187 0
v 0.15755259 0.3029187 0
v 0.1333191 0.3271522 0
v 0.13331912 0.3271522 0
v 0.109085634 0.3029187 0
v 0.13331912 0.3029187 0
v 0.109085634 0.3271522 0
v 0.10908564 0.3271522 0
v 0.08485216 0.3029187 0
v 0.10908564 0.3029187 0
v 0.08485216 0.3271522 0
v 0.08485218 0.3271522 0
v 0.060618695 0.3029187 0
v 0.08485218 0.3029187 0
v 0.060618695 0.3271522 0
v 0.060618725 0.3271522 0
v 0.036385242 0.3029187 0
v 0.060618725 0.3029187 0
v 0.036385242 0.3271522 0
v 0.036385257 0.3271522 0
v 0.012151773 0.3029187 0
v 0.036385257 0.3029187 0
v 0.012151773 0.3271522 0
v 0.01215179 0.3271522 0
v -0.012081695 0.3029187 0
v 0.01215179 0.3029187 0
v -0.012081695 0.3271522 0
v -0.012081678 0.3271522 0
v -0.03631516 0.3029187 0
v -0.012081678 0.3029187 0
v -0.03631516 0.3271522 0
v -0.036315147 0.3271522 0
v -0.06054863 0.3029187 0
v -0.036315147 0.3029187 0
v -0.06054863 0.3271522 0
v -0.06054861 0.3271522 0
v -0.084782094 0.3029187 0
v -0.06054861 0.3029187 0
v -0.084782094 0.3271522 0
v -0.08478209 0.3271522 0
v -0.10901556 0.3029187 0
v -0.08478209 0.3029187 0
v -0.10901556 0.3271522 0
v -0.10901555 0.3271522 0
v -0.13324903 0.3029187 0
v -0.10901555 0.3029187 0
v -0.13324903 0.3271522 0
v -0.13324901 0.3271522 0
v -0.15748249 0.3029187 0
v -0.13324901 0.3029187 0
v -0.15748249 0.3271522 0
v -0.15748249 0.3271522 0
v -0.18171597 0.3029187 0
v -0.15748249 0.3029187 0
v -0.18171597 0.3271522 0
v -0.18171595 0.3271522 0
v -0.20594946 0.3029187 0
v -0.18171595 0.3029187 0
v -0.20594946 0.3271522 0
v -0.20594938 0.3271522 0
v -0.23018287 0.3029187 0
v -0.20594938 0.3029187 0
v -0.23018287 0.3271522 0
v -0.23018289 0.3271522 0
v -0.25441638 0.3029187 0
v -0.23018289 0.3029187 0
v -0.25441638 0.3271522 0
v -0.25441632 0.3271522 0
v -0.2786498 0.3029187 0
v -0.25441632 0.3029187 0
v -0.2786498 0.3271522 0
v -0.2786498 0.3271522 0
v -0.3028833 0.3029187 0
v -0.2786498 0.3029187 0
v -0.3028833 0.3271522 0
v -0.30288327 0.3271522 0
v -0.32711676 0.3029187 0
v -0.30288327 0.3029187 0
v -0.32711676 0.3271522 0
v 0.32718685 0.35138568 0
v 0.30295336 0.3271522 0
v 0.32718685 0.3271522 0
v 0.30295336 0.35138568 0
v 0.30295336 0.35138568 0
v 0.27871987 0.3271522 0
v 0.30295336 0.3271522 0
v 0.27871987 0.35138568 0
v 0.2787199 0.35138568 0
v 0.2544864 0.3271522 0
v 0.2787199 0.3271522 0
v 0.2544864 0.35138568 0
v 0.25448644 0.35138568 0
v 0.23025297 0.3271522 0
v 0.25448644 0.3271522 0
v 0.23025297 0.35138568 0
v 0.23025297 0.35138568 0
v 0.20601948 0.3271522 0
v 0.23025297 0.3271522 0
v 0.20601948 0.35138568 0
v 0.2060195 0.35138568 0
v 0.18178602 0.3271522 0
v 0.2060195 0.3271522 0
v 0.18178602 0.35138568 0
v 0.18178605 0.35138568 0
v 0.15755257 0.3271522 0
v 0.18178605 0.3271522 0
v 0.15755257 0.35138568 0
v 0.15755259 0.35138568 0
v 0.1333191 0.3271522 0
v 0.15755259 0.3271522 0
v 0.1333191 0.35138568 0
v 0.13331912 0.35138568 0
v 0.109085634 0.3271522 0
v 0.13331912 0.3271522 0
v 0.109085634 0.35138568 0
v 0.10908564 0.35138568 0
v 0.08485216 0.3271522 0
v 0.10908564 0.3271522 0
v 0.08485216 0.35138568 0
v 0.08485218 0.35138568 0
v 0.060618695 0.3271522 0
v 0.08485218 0.3271522 0
v 0.060618695 0.35138568 0
v 0.060618725 0.35138568 0
v 0.036385242 0.3271522 0
v 0.060618725 0.3271522 0
v 0.036385242 0.35138568 0
v 0.036385257 0.35138568 0
v 0.012151773 0.3271522 0
v 0.036385257 0.3271522 0
v 0.012151773 0.35138568 0
v 0.01215179 0.35138568 0
v -0.012081695 0.3271522 0
v 0.01215179 0.3271522 0
v -0.012081695 0.35138568 0
v -0.012081678 0.35138568 0
v -0.03631516 0.3271522 0
v -0.012081678 0.3271522 0
v -0.03631516 0.35138568 0
v -0.036315147 0.35138568 0
v -0.06054863 0.3271522 0
v -0.036315147 0.3271522 0
v -0.06054863 0.35138568 0
v -0.06054861 0.35138568 0
v -0.084782094 0.3271522 0
v -0.06054861 0.3271522 0
v -0.084782094 0.35138568 0
v -0.08478209 0.35138568 0
v -0.10901556 0.3271522 0
v -0.08478209 0.3271522 0
v -0.10901556 0.35138568 0
v -0.10901555 0.35138568 0
v -0.13324903 0.3271522 0
v -0.10901555 0.3271522 0
v -0.13324903 0.35138568 0
v -0.13324901 0.35138568 0
v -0.15748249 0.3271522 0
v -0.13324901 0.3271522 0
v -0.15748249 0.35138568 0
v -0.15748249 0.35138568 0
v -0.18171597 0.3271522 0
v -0.15748249 0.3271522 0
v -0.18171597 0.35138568 0
v -0.18171595 0.35138568 0
v -0.20594946 0.3271522 0
v -0.18171595 0.3271522 0
v -0.20594946 0.35138568 0
v -0.20594938 0.35138568 0
v -0.23018287 0.3271522 0
v -0.20594938 0.3271522 0
v -0.23018287 0.35138568 0
v -0.23018289 0.35138568 0
v -0.25441638 0.3271522 0
v -0.23018289 0.3271522 0
v -0.25441638 0.35138568 0
v -0.25441632 0.35138568 0
v -0.2786498 0.3271522 0
v -0.25441632 0.3271522 0
v -0.2786498 0.35138568 0
v -0.2786498 0.35138568 0
v -0.3028833 0.3271522 0
v -0.2786498 0.3271522 0
v -0.3028833 0.35138568 0
v -0.30288327 0.35138568 0
v -0.32711676 0.3271522 0
v -0.30288327 0.3271522 0
v -0.32711676 0.35138568 0
v 0.32718685 0.37561914 0
v 0.30295336 0.35138568 0
v 0.32718685 0.35138568 0
v 0.30295336 0.37561914 0
v 0.30295336 0.37561914 0
v 0.27871987 0.35138568 0
v 0.30295336 0.35138568 0
v 0.27871987 0.37561914 0
v 0.2787199 0.37561914 0
v 0.2544864 0.35138568 0
v 0.2787199 0.35138568 0
v 0.2544864 0.37561914 0
v 0.25448644 0.37561914 0
v 0.23025297 0.35138568 0
v 0.25448644 0.35138568 0
v 0.23025297 0.37561914 0
v 0.23025297 0.37561914 0
v 0.20601948 0.35138568 0
v 0.23025297 0.35138568 0
v 0.20601948 0.37561914 0
v 0.2060195 0.37561914 0
v 0.18178602 0.35138568 0
v 0.2060195 0.35138568 0
v 0.18178602 0.37561914 0
v 0.18178605 0.37561914 0
v 0.15755257 0.35138568 0
v 0.18178605 0.35138568 0
v 0.15755257 0.37561914 0
v 0.15755259 0.37561914 0
v 0.1333191 0.35138568 0
v 0.15755259 0.35138568 0
v 0.1333191 0.37561914 0
v 0.13331912 0.37561914 0
v 0.109085634 0.35138568 0
v 0.13331912 0.35138568 0
v 0.109085634 0.37561914 0
v 0.10908564 0.37561914 0
v 0.08485216 0.35138568 0
v 0.10908564 0.35138568 0
v 0.08485216 0.37561914 0
v 0.08485218 0.37561914 0
v 0.060618695 0.35138568 0
v 0.08485218 0.35138568 0
v 0.060618695 0.37561914 0
v 0.060618725 0.37561914 0
v 0.036385242 0.35138568 0
v 0.060618725 0.35138568 0
v 0.036385242 0.37561914 0
v 0.036385257 0.37561914 0
v 0.012151773 0.35138568 0
v 0.036385257 0.35138568 0
v 0.012151773 0.37561914 0
v 0.01215179 0.37561914 0
v -0.012081695 0.35138568 0
v 0.01215179 0.35138568 0
v -0.012081695 0.37561914 0
v -0.012081678 0.37561914 0
v -0.03631516 0.35138568 0
v -0.012081678 0.35138568 0
v -0.03631516 0.37561914 0
v -0.036315147 0.37561914 0
v -0.06054863 0.35138568 0
v -0.036315147 0.35138568 0
v -0.06054863 0.37561914 0
v -0.06054861 0.37561914 0
v -0.084782094 0.35138568 0
v -0.06054861 0.35138568 0
v -0.084782094 0.37561914 0
v -0.08478209 0.37561914 0
v -0.10901556 0.35138568 0
v -0.08478209 0.35138568 0
v -0.10901556 0.37561914 0
v -0.10901555 0.37561914 0
v -0.13324903 0.35138568 0
v -0.10901555 0.35138568 0
v -0.13324903 0.37561914 0
v -0.13324901 0.37561914 0
v -0.15748249 0.35138568 0
v -0.13324901 0.35138568 0
v -0.15748249 0.37561914 0
v -0.15748249 0.37561914 0
v -0.18171597 0.35138568 0
v -0.15748249 0.35138568 0
v -0.18171597 0.37561914 0
v -0.18171595 0.37561914 0
v -0.20594946 0.35138568 0
v -0.18171595 0.35138568 0
v -0.20594946 0.37561914 0
v -0.20594938 0.37561914 0
v -0.23018287 0.35138568 0
v -0.20594938 0.35138568 0
v -0.23018287 0.37561914 0
v -0.23018289 0.37561914 0
v -0.25441638 0.35138568 0
v -0.23018289 0.35138568 0
v -0.25441638 0.37561914 0
v -0.25441632 0.37561914 0
v -0.2786498 0.35138568 0
v -0.25441632 0.35138568 0
v -0.2786498 0.37561914 0
v -0.2786498 0.37561914 0
v -0.3028833 0.35138568 0
v -0.2786498 0.35138568 0
v -0.3028833 0.37561914 0
v -0.30288327 0.37561914 0
v -0.32711676 0.35138568 0
v -0.30288327 0.35138568 0
v -0.32711676 0.37561914 0
v 0.32718685 0.39985263 0
v 0.30295336 0.37561914 0
v 0.32718685 0.37561914 0
v 0.30295336 0.39985263 0
v 0.30295336 0.39985263 0
v 0.27871987 0.37561914 0
v 0.30295336 0.37561914 0
v 0.27871987 0.39985263 0
v 0.2787199 0.39985263 0
v 0.2544864 0.37561914 0
v 0.2787199 0.37561914 0
v 0.2544864 0.39985263 0
v 0.25448644 0.39985263 0
v 0.23025297 0.37561914 0
v 0.25448644 0.37561914 0
v 0.23025297 0.39985263 0
v 0.23025297 0.39985263 0
v 0.20601948 0.37561914 0
v 0.23025297 0.37561914 0
v 0.20601948 0.39985263 0
v 0.2060195 0.39985263 0
v 0.18178602 0.37561914 0
v 0.2060195 0.37561914 0
v 0.18178602 0.39985263 0
v 0.18178605 0.39985263 0
v 0.15755257 0.37561914 0
v 0.18178605 0.37561914 0
v 0.15755257 0.39985263 0
v 0.15755259 0.39985263 0
v 0.1333191 0.37561914 0
v 0.15755259 0.37561914 0
v 0.1333191 0.39985263 0
v 0.13331912 0.39985263 0
v 0.109085634 0.37561914 0
v 0.13331912 0.37561914 0
v 0.109085634 0.39985263 0
v 0.10908564 0.39985263 0
v 0.08485216 0.37561914 0
v 0.10908564 0.37561914 0
v 0.08485216 0.39985263 0
v 0.08485218 0.39985263 0
v 0.060618695 0.37561914 0
v 0.08485218 0.37561914 0
v 0.060618695 0.39985263 0
v 0.060618725 0.39985263 0
v 0.036385242 0.37561914 0
v 0.060618725 0.37561914 0
v 0.036385242 0.39985263 0
v 0.036385257 0.39985263 0
v 0.012151773 0.37561914 0
v 0.036385257 0.37561914 0
v 0.012151773 0.39985263 0
v 0.01215179 0.39985263 0
v -0.012081695 0.37561914 0
v 0.01215179 0.37561914 0
v -0.012081695 0.39985263 0
v -0.012081678 0.39985263 0
v -0.03631516 0.37561914 0
v -0.012081678 0.37561914 0
v -0.03631516 0.39985263 0
v -0.036315147 0.39985263 0
v -0.06054863 0.37561914 0
v -0.036315147 0.37561914 0
v -0.06054863 0.39985263 0
v -0.06054861 0.39985263 0
v -0.084782094 0.37561914 0
v -0.06054861 0.37561914 0
v -0.084782094 0.39985263 0
v -0.08478209 0.39985263 0
v -0.10901556 0.37561914 0
v -0.08478209 0.37561914 0
v -0.10901556 0.39985263 0
v -0.10901555 0.39985263 0
v -0.13324903 0.37561914 0
v -0.10901555 0.37561914 0
v -0.13324903 0.39985263 0
v -0.13324901 0.39985263 0
v -0.15748249 0.37561914 0
v -0.13324901 0.37561914 0
v -0.15748249 0.39985263 0
v -0.15748249 0.39985263 0
v -0.18171597 0.37561914 0
v -0.15748249 0.37561914 0
v -0.18171597 0.39985263 0
v -0.18171595 0.39985263 0
v -0.20594946 0.37561914 0
v -0.18171595 0.37561914 0
v -0.20594946 0.39985263 0
v -0.20594938 0.39985263 0
v -0.23018287 0.37561914 0
v -0.20594938 0.37561914 0
v -0.23018287 0.39985263 0
v -0.23018289 0.39985263 0
v -0.25441638 0.37561914 0
v -0.23018289 0.37561914 0
v -0.25441638 0.39985263 0
v -0.25441632 0.39985263 0
v -0.2786498 0.37561914 0
v -0.25441632 0.37561914 0
v -0.2786498 0.39985263 0
v -0.2786498 0.39985263 0
v -0.3028833 0.37561914 0
v -0.2786498 0.37561914 0
v -0.3028833 0.39985263 0
v -0.30288327 0.39985263 0
v -0.32711676 0.37561914 0
v -0.30288327 0.37561914 0
v -0.32711676 0.39985263 0
v 0.32718685 0.4240861 0
v 0.30295336 0.39985263 0
v 0.32718685 0.39985263 0
v 0.30295336 0.4240861 0
v 0.30295336 0.4240861 0
v 0.27871987 0.39985263 0
v 0.30295336 0.39985263 0
v 0.27871987 0.4240861 0
v 0.2787199 0.4240861 0
v 0.2544864 0.39985263 0
v 0.2787199 0.39985263 0
v 0.2544864 0.4240861 0
v 0.25448644 0.4240861 0
v 0.23025297 0.39985263 0
v 0.25448644 0.39985263 0
v 0.23025297 0.4240861 0
v 0.23025297 0.4240861 0
v 0.20601948 0.39985263 0
v 0.23025297 0.39985263 0
v 0.20601948 0.4240861 0
v 0.2060195 0.4240861 0
v 0.18178602 0.39985263 0
v 0.2060195 0.39985263 0
v 0.18178602 0.4240861 0
v 0.18178605 0.4240861 0
v 0.15755257 0.39985263 0
v 0.18178605 0.39985263 0
v 0.15755257 0.4240861 0
v 0.15755259 0.4240861 0
v 0.1333191 0.39985263 0
v 0.15755259 0.39985263 0
v 0.1333191 0.4240861 0
v 0.13331912 0.4240861 0
v 0.109085634 0.39985263 0
v 0.13331912 0.39985263 0
v 0.109085634 0.4240861 0
v 0.10908564 0.4240861 0
v 0.08485216 0.39985263 0
v 0.10908564 0.39985263 0
v 0.08485216 0.4240861 0
v 0.08485218 0.4240861 0
v 0.060618695 0.39985263 0
v 0.08485218 0.39985263 0
v 0.060618695 0.4240861 0
v 0.060618725 0.4240861 0
v 0.036385242 0.39985263 0
v 0.060618725 0.39985263 0
v 0.036385242 0.4240861 0
v 0.036385257 0.4240861 0
v 0.012151773 0.39985263 0
v 0.036385257 0.39985263 0
v 0.012151773 0.4240861 0
v 0.01215179 0.4240861 0
v -0.012081695 0.39985263 0
v 0.01215179 0.39985263 0
v -0.012081695 0.4240861 0
v -0.012081678 0.4240861 0
v -0.03631516 0.39985263 0
v -0.012081678 0.39985263 0
v -0.03631516 0.4240861 0
v -0.036315147 0.4240861 0
v -0.06054863 0.39985263 0
v -0.036315147 0.39985263 0
v -0.06054863 0.4240861 0
v -0.06054861 0.4240861 0
v -0.084782094 0.39985263 0
v -0.06054861 0.39985263 0
v -0.084782094 0.4240861 0
v -0.08478209 0.4240861 0
v -0.10901556 0.39985263 0
v -0.08478209 0.39985263 0
v -0.10901556 0.4240861 0
v -0.10901555 0.4240861 0
v -0.13324903 0.39985263 0
v -0.10901555 0.39985263 0
v -0.13324903 0.4240861 0
v -0.13324901 0.4240861 0
v -0.15748249 0.39985263 0
v -0.13324901 0.39985263 0
v -0.15748249 0.4240861 0
v -0.15748249 0.4240861 0
v -0.18171597 0.39985263 0
v -0.15748249 0.39985263 0
v -0.18171597 0.4240861 0
v -0.18171595 0.4240861 0
v -0.20594946 0.39985263 0
v -0.18171595 0.39985263 0
v -0.20594946 0.4240861 0
v -0.20594938 0.4240861 0
v -0.23018287 0.39985263 0
v -0.20594938 0.39985263 0
v -0.23018287 0.4240861 0
v -0.23018289 0.4240861 0
v -0.25441638 0.39985263 0
v -0.23018289 0.39985263 0
v -0.25441638 0.4240861 0
v -0.25441632 0.4240861 0
v -0.2786498 0.39985263 0
v -0.25441632 0.39985263 0
v -0.2786498 0.4240861 0
v -0.2786498 0.4240861 0
v -0.3028833 0.39985263 0
v -0.2786498 0.39985263 0
v -0.3028833 0.4240861 0
v -0.30288327 0.4240861 0
v -0.32711676 0.39985263 0
v -0.30288327 0.39985263 0
v -0.32711676 0.4240861 0
v 0.32718685 0.44831964 0
v 0.30295336 0.4240861 0
v 0.32718685 0.4240861 0
v 0.30295336 0.44831964 0
v 0.30295336 0.44831964 0
v 0.27871987 0.4240861 0
v 0.30295336 0.4240861 0
v 0.27871987 0.44831964 0
v 0.2787199 0.44831964 0
v 0.2544864 0.4240861 0
v 0.2787199 0.4240861 0
v 0.2544864 0.44831964 0
v 0.25448644 0.44831964 0
v 0.23025297 0.4240861 0
v 0.25448644 0.4240861 0
v 0.23025297 0.44831964 0
v 0.23025297 0.44831964 0
v 0.20601948 0.4240861 0
v 0.23025297 0.4240861 0
v 0.20601948 0.44831964 0
v 0.2060195 0.44831964 0
v 0.18178602 0.4240861 0
v 0.2060195 0.4240861 0
v 0.18178602 0.44831964 0
v 0.18178605 0.44831964 0
v 0.15755257 0.4240861 0
v 0.18178605 0.4240861 0
v 0.15755257 0.44831964 0
v 0.15755259 0.44831964 0
v 0.1333191 0.4240861 0
v 0.15755259 0.4240861 0
v 0.1333191 0.44831964 0
v 0.13331912 0.44831964 0
v 0.109085634 0.4240861 0
v 0.13331912 0.4240861 0
v 0.109085634 0.44831964 0
v 0.10908564 0.44831964 0
v 0.08485216 0.4240861 0
v 0.10908564 0.4240861 0
v 0.08485216 0.44831964 0
v 0.08485218 0.44831964 0
v 0.060618695 0.4240861 0
v 0.08485218 0.4240861 0
v 0.060618695 0.44831964 0
v 0.060618725 0.44831964 0
v 0.036385242 0.4240861 0
v 0.060618725 0.4240861 0
v 0.036385242 0.44831964 0
v 0.036385257 0.44831964 0
v 0.012151773 0.4240861 0
v 0.036385257 0.4240861 0
v 0.012151773 0.44831964 0
v 0.01215179 0.44831964 0
v -0.012081695 0.4240861 0
v 0.01215179 0.4240861 0
v -0.012081695 0.44831964 0
v -0.012081678 0.44831964 0
v -0.03631516 0.4240861 0
v -0.012081678 0.4240861 0
v -0.03631516 0.44831964 0
v -0.036315147 0.44831964 0
v -0.06054863 0.4240861 0
v -0.036315147 0.4240861 0
v -0.06054863 0.44831964 0
v -0.06054861 0.44831964 0
v -0.084782094 0.4240861 0
v -0.06054861 0.4240861 0
v -0.084782094 0.44831964 0
v -0.08478209 0.44831964 0
v -0.10901556 0.4240861 0
v -0.08478209 0.4240861 0
v -0.10901556 0.44831964 0
v -0.10901555 0.44831964 0
v -0.13324903 0.4240861 0
v -0.10901555 0.4240861 0
v -0.13324903 0.44831964 0
v -0.13324901 0.44831964 0
v -0.15748249 0.4240861 0
v -0.13324901 0.4240861 0
v -0.15748249 0.44831964 0
v -0.15748249 0.44831964 0
v -0.18171597 0.4240861 0
v -0.15748249 0.4240861 0
v -0.18171597 0.44831964 0
v -0.18171595 0.44831964 0
v -0.20594946 0.4240861 0
v -0.18171595 0.4240861 0
v -0.20594946 0.44831964 0
v -0.20594938 0.44831964 0
v -0.23018287 0.4240861 0
v -0.20594938 0.4240861 0
v -0.23018287 0.44831964 0
v -0.23018289 0.44831964 0
v -0.25441638 0.4240861 0
v -0.23018289 0.4240861 0
v -0.25441638 0.44831964 0
v -0.25441632 0.44831964 0
v -0.2786498 0.4240861 0
v -0.25441632 0.4240861 0
v -0.2786498 0.44831964 0
v -0.2786498 0.44831964 0
v -0.3028833 0.4240861 0
v -0.2786498 0.4240861 0
v -0.3028833 0.44831964 0
v -0.30288327 0.44831964 0
v -0.32711676 0.4240861 0
v -0.30288327 0.4240861 0
v -0.32711676 0.44831964 0
vt 0 1
vt 1 0
vt 0 0
vt 1 1
vt 0 1
vt 1 0
vt 0 0
vt 1 1
vt 0 1
vt 1 0
vt 0 0
vt 1 1
vt 0 1
vt 1 0
vt 0 0
vt 1 1
vt 0 1
vt 1 0
vt 0 0
vt 1 1
vt 0 1
vt 1 0
vt 0 0
vt 1 1
vt 0 1
vt 1 0
vt 0 0
vt 1 1
vt 0 1
vt 1 0
vt 0 0
vt 1 1
vt 0 1
vt 1 0
vt 0 0
vt 1 1
vt 0 1
vt 1 0
vt 0 0
vt 1 1
vt 0 1
vt 1 0
vt 0 0
vt 1 1
vt 0 1
vt 1 0
vt 0 0
vt 1 1
vt 0 1
vt 1 0
vt 0 0
vt 1 1
vt 0 1
vt 1 0
vt 0 0
vt 1 1
vt 0 1
vt 1 0
vt 0 0
vt 1 1
vt 0 1
vt 1 0
vt 0 0
vt 1 1
vt 0 1
vt 1 0
vt 0 0
vt 1 1
vt 0 1
vt 1 0
vt 0 0
vt 1 1
vt 0 1
vt 1 0
vt 0 0
vt 1 1
vt 0 1
vt 1 0
vt 0 0
vt 1 1
vt 0 1
vt 1 0
vt 0 0
vt 1 1
vt 0 1
vt 1 0
vt 0 0
vt 1 1
vt 0 1
vt 1 0
vt 0 0
vt 1 1
vt 0 1
vt 1 0
vt 0 0
vt 1 1
vt 0 1
vt 1 0
vt 0 0
vt 1 1
vt 0 1
vt 1 0
vt 0 0
vt 1 1
vt 0 1
vt 1 0
vt 0 0
vt 1 1
vt 0 1
vt 1 0
vt 0 0
vt 1 1
vt 0 1
vt 1 0
vt 0 0
vt 1 1
vt 0 1
vt 1 0
vt 0 0
vt 1 1
vt 0 1
vt 1 0
vt 0 0
vt 1 1
vt 0 1
vt 1 0
vt 0 0
vt 1 1
vt 0 1
vt 1 0
vt 0 0
vt 1 1
vt 0 1
vt 1 0
vt 0 0
vt 1 1
vt 0 1
vt 1 0
vt 0 0
vt 1 1
vt 0 1
vt 1 0
vt 0 0
vt 1 1
vt 0 1
vt 1 0
vt 0 0
vt 1 1
vt 0 1
vt 1 0
vt 0 0
vt 1 1
vt 0 1
vt 1 0
vt 0 0
vt 1 1
vt 0 1
vt 1 0
vt 0 0
vt 1 1
vt 0 1
vt 1 0
vt 0 0
vt 1 1
vt 0 1
vt 1 0
vt 0 0
vt 1 1
vt 0 1
vt 1 0
vt 0 0
vt 1 1
vt 0 1
vt 1 0
vt 0 0
vt 1 1
vt 0 1
vt 1 0
vt 0 0
vt 1 1
vt 0 1
vt 1 0
vt 0 0
vt 1 1
vt 0 1
vt 1 0
vt 0 0
vt 1 1
vt 0 1
vt 1 0
vt 0 0
vt 1 1
vt 0 1
vt 1 0
vt 0 0
vt 1 1
vt 0 1
vt 1 0
vt 0 0
vt 1 1
vt 0 1
vt 1 0
vt 0 0
vt 1 1
vt 0 1
vt 1 0
vt 0 0
vt 1 1
vt 0 1
vt 1 0
vt 0 0
vt 1 1
vt 0 1
vt 1 0
vt 0 0
vt 1 1
vt 0 1
vt 1 0
vt 0 0
vt 1 1
vt 0 1
vt 1 0
vt 0 0
vt 1 1
vt 0 1
vt 1 0
vt 0 0
vt 1 1
vt 0 1
vt 1 0
vt 0 0
vt 1 1
vt 0 1
vt 1 0
vt 0 0
vt 1 1
vt 0 1
vt 1 0
vt 0 0
vt 1 1
vt 0 1
vt 1 0
vt 0 0
vt 1 1
vt 0 1
vt 1 0
vt 0 0
vt 1 1
vt 0 1
vt 1 0
vt 0 0
vt 1 1
vt 0 1
vt 1 0
vt 0 0
vt 1 1
vt 0 1
vt 1 0
vt 0 0
vt 1 1
vt 0 1
vt 1 0
vt 0 0
vt 1 1
vt 0 1
vt 1 0
vt 0 0
vt 1 1
vt 0 1
vt 1 0
vt 0 0
vt 1 1
vt 0 1
vt 1 0
vt 0 0
vt 1 1
vt 0 1
vt 1 0
vt 0 0
vt 1 1
vt 0 1
vt 1 0
vt 0 0
vt 1 1
vt 0 1
vt 1 0
vt 0 0
vt 1 1
vt 0 1
vt 1 0
vt 0 0
vt 1 1
vt 0 1
vt 1 0
vt 0 0
vt 1 1
vt 0 1
vt 1 0
vt 0 0
vt 1 1
vt 0 1
vt 1 0
vt 0 0
vt 1 1
vt 0 1
vt 1 0
vt 0 0
vt 1 1
vt 0 1
vt 1 0
vt 0 0
vt 1 1
vt 0 1
vt 1 0
vt 0 0
vt 1 1
vt 0 1
vt 1 0
vt 0 0
vt 1 1
vt 0 1
vt 1 0
vt 0 0
vt 1 1
vt 0 1
vt 1 0
vt 0 0
vt 1 1
vt 0 1
vt 1 0
vt 0 0
vt 1 1
vt 0 1
vt 1 0
vt 0 0
vt 1 1
vt 0 1
vt 1 0
vt 0 0
vt 1 1
vt 0 1
vt 1 0
vt 0 0
vt 1 1
vt 0 1
vt 1 0
vt 0 0
vt 1 1
vt 0 1
vt 1 0
vt 0 0
vt 1 1
vt 0 1
vt 1 0
vt 0 0
vt 1 1
vt 0 1
vt 1 0
vt 0 0
vt 1 1
vt 0 1
vt 1 0
vt 0 0
vt 1 1
vt 0 1
vt 1 0
vt 0 0
vt 1 1
vt 0 1
vt 1 0
vt 0 0
vt 1 1
vt 0 1
vt 1 0
vt 0 0
vt 1 1
vt 0 1
vt 1 0
vt 0 0
vt 1 1
vt 0 1
vt 1 0
vt 0 0
vt 1 1
vt 0 1
vt 1 0
vt 0 0
vt 1 1
vt 0 1
vt 1 0
vt 0 0
vt 1 1
vt 0 1
vt 1 0
vt 0 0
vt 1 1
vt 0 1
vt 1 0
vt 0 0
vt 1 1
vt 0 1
vt 1 0
vt 0 0
vt 1 1
vt 0 1
vt 1 0
vt 0 0
vt 1 1
vt 0 1
vt 1 0
vt 0 0
vt 1 1
vt 0 1
vt 1 0
vt 0 0
vt 1 1
vt 0 1
vt 1 0
vt 0 0
vt 1 1
vt 0 1
vt 1 0
vt 0 0
vt 1 1
vt 0 1
vt 1 0
vt 0 0
vt 1 1
vt 0 1
vt 1 0
vt 0 0
vt 1 1
vt 0 1
vt 1 0
vt 0 0
vt 1 1
vt 0 1
vt 1 0
vt 0 0
vt 1 1
vt 0 1
vt 1 0
vt 0 0
vt 1 1
vt 0 1
vt 1 0
vt 0 0
vt 1 1
vt 0 1
vt 1 0
vt 0 0
vt 1 1
vt 0 1
vt 1 0
vt 0 0
vt 1 1
vt 0 1
vt 1 0
vt 0 0
vt 1 1
vt 0 1
vt 1 0
vt 0 0
vt 1 1
vt 0 1
vt 1 0
vt 0 0
vt 1 1
vt 0 1
vt 1 0
vt 0 0
vt 1 1
vt 0 1
vt 1 0
vt 0 0
vt 1 1
vt 0 1
vt 1 0
vt 0 0
vt 1 1
vt 0 1
vt 1 0
vt 0 0
vt 1 1
vt 0 1
vt 1 0
vt 0 0
vt 1 1
vt 0 1
vt 1 0
vt 0 0
vt 1 1
vt 0 1
vt 1 0
vt 0 0
vt 1 1
vt 0 1
vt 1 0
vt 0 0
vt 1 1
vt 0 1
vt 1 0
vt 0 0
vt 1 1
vt 0 1
vt 1 0
vt 0 0
vt 1 1
vt 0 1
vt 1 0
vt 0 0
vt 1 1
vt 0 1
vt 1 0
vt 0 0
vt 1 1
vt 0 1
vt 1 0
vt 0 0
vt 1 1
vt 0 1
vt 1 0
vt 0 0
vt 1 1
vt 0 1
vt 1 0
vt 0 0
vt 1 1
vt 0 1
vt 1 0
vt 0 0
vt 1 1
vt 0 1
vt 1 0
vt 0 0
vt 1 1
vt 0 1
vt 1 0
vt 0 0
vt 1 1
vt 0 1
vt 1 0
vt 0 0
vt 1 1
vt 0 1
vt 1 0
vt 0 0
vt 1 1
vt 0 1
vt 1 0
vt 0 0
vt 1 1
vt 0 1
vt 1 0
vt 0 0
vt 1 1
vt 0 1
vt 1 0
vt 0 0
vt 1 1
vt 0 1
vt 1 0
vt 0 0
vt 1 1
vt 0 1
vt 1 0
vt 0 0
vt 1 1
vt 0 1
vt 1 0
vt 0 0
vt 1 1
vt 0 1
vt 1 0
vt 0 0
vt 1 1
vt 0 1
vt 1 0
vt 0 0
vt 1 1
vt 0 1
vt 1 0
vt 0 0
vt 1 1
vt 0 1
vt 1 0
vt 0 0
vt 1 1
vt 0 1
vt 1 0
vt 0 0
vt 1 1
vt 0 1
vt 1 0
vt 0 0
vt 1 1
vt 0 1
vt 1 0
vt 0 0
vt 1 1
vt 0 1
vt 1 0
vt 0 0
vt 1 1
vt 0 1
vt 1 0
vt 0 0
vt 1 1
vt 0 1
vt 1 0
vt 0 0
vt 1 1
vt 0 1
vt 1 0
vt 0 0
vt 1 1
vt 0 1
vt 1 0
vt 0 0
vt 1 1
vt 0 1
vt 1 0
vt 0 0
vt 1 1
vt 0 1
vt 1 0
vt 0 0
vt 1 1
vt 0 1
vt 1 0
vt 0 0
vt 1 1
vt 0 1
vt 1 0
vt 0 0
vt 1 1
vt 0 1
vt 1 0
vt 0 0
vt 1 1
vt 0 1
vt 1 0
vt 0 0
vt 1 1
vt 0 1
vt 1 0
vt 0 0
vt 1 1
vt 0 1
vt 1 0
vt 0 0
vt 1 1
vt 0 1
vt 1 0
vt 0 0
vt 1 1
vt 0 1
vt 1 0
vt 0 0
vt 1 1
vt 0 1
vt 1 0
vt 0 0
vt 1 1
vt 0 1
vt 1 0
vt 0 0
vt 1 1
vt 0 1
vt 1 0
vt 0 0
vt 1 1
vt 0 1
vt 1 0
vt 0 0
vt 1 1
vt 0 1
vt 1 0
vt 0 0
vt 1 1
vt 0 1
vt 1 0
vt 0 0
vt 1 1
vt 0 1
vt 1 0
vt 0 0
vt 1 1
vt 0 1
vt 1 0
vt 0 0
vt 1 1
vt 0 1
vt 1 0
vt 0 0
vt 1 1
vt 0 1
vt 1 0
vt 0 0
vt 1 1
vt 0 1
vt 1 0
vt 0 0
vt 1 1
vt 0 1
vt 1 0
vt 0 0
vt 1 1
vt 0 1
vt 1 0
vt 0 0
vt 1 1
vt 0 1
vt 1 0
vt 0 0
vt 1 1
vt 0 1
vt 1 0
vt 0 0
vt 1 1
vt 0 1
vt 1 0
vt 0 0
vt 1 1
vt 0 1
vt 1 0
vt 0 0
vt 1 1
vt 0 1
vt 1 0
vt 0 0
vt 1 1
vt 0 1
vt 1 0
vt 0 0
vt 1 1
vt 0 1
vt 1 0
vt 0 0
vt 1 1
vt 0 1
vt 1 0
vt 0 0
vt 1 1
vt 0 1
vt 1 0
vt 0 0
vt 1 1
vt 0 1
vt 1 0
vt 0 0
vt 1 1
vt 0 1
vt 1 0
vt 0 0
vt 1 1
vt 0 1
vt 1 0
vt 0 0
vt 1 1
vt 0 1
vt 1 0
vt 0 0
vt 1 1
vt 0 1
vt 1 0
vt 0 0
vt 1 1
vt 0 1
vt 1 0
vt 0 0
vt 1 1
vt 0 1
vt 1 0
vt 0 0
vt 1 1
vt 0 1
vt 1 0
vt 0 0
vt 1 1
vt 0 1
vt 1 0
vt 0 0
vt 1 1
vt 0 1
vt 1 0
vt 0 0
vt 1 1
vt 0 1
vt 1 0
vt 0 0
vt 1 1
vt 0 1
vt 1 0
vt 0 0
vt 1 1
vt 0 1
vt 1 0
vt 0 0
vt 1 1
vt 0 1
vt 1 0
vt 0 0
vt 1 1
vt 0 1
vt 1 0
vt 0 0
vt 1 1
vt 0 1
vt 1 0
vt 0 0
vt 1 1
vt 0 1
vt 1 0
vt 0 0
vt 1 1
vt 0 1
vt 1 0
vt 0 0
vt 1 1
vt 0 1
vt 1 0
vt 0 0
vt 1 1
vt 0 1
vt 1 0
vt 0 0
vt 1 1
vt 0 1
vt 1 0
vt 0 0
vt 1 1
vt 0 1
vt 1 0
vt 0 0
vt 1 1
vt 0 1
vt 1 0
vt 0 0
vt 1 1
vt 0 1
vt 1 0
vt 0 0
vt 1 1
vt 0 1
vt 1 0
vt 0 0
vt 1 1
vt 0 1
vt 1 0
vt 0 0
vt 1 1
vt 0 1
vt 1 0
vt 0 0
vt 1 1
vt 0 1
vt 1 0
vt 0 0
vt 1 1
vt 0 1
vt 1 0
vt 0 0
vt 1 1
vt 0 1
vt 1 0
vt 0 0
vt 1 1
vt 0 1
vt 1 0
vt 0 0
vt 1 1
vt 0 1
vt 1 0
vt 0 0
vt 1 1
vt 0 1
vt 1 0
vt 0 0
vt 1 1
vt 0 1
vt 1 0
vt 0 0
vt 1 1
vt 0 1
vt 1 0
vt 0 0
vt 1 1
vt 0 1
vt 1 0
vt 0 0
vt 1 1
vt 0 1
vt 1 0
vt 0 0
vt 1 1
vt 0 1
vt 1 0
vt 0 0
vt 1 1
vt 0 1
vt 1 0
vt 0 0
vt 1 1
vt 0 1
vt 1 0
vt 0 0
vt 1 1
vt 0 1
vt 1 0
vt 0 0
vt 1 1
vt 0 1
vt 1 0
vt 0 0
vt 1 1
vt 0 1
vt 1 0
vt 0 0
vt 1 1
vt 0 1
vt 1 0
vt 0 0
vt 1 1
vt 0 1
vt 1 0
vt 0 0
vt 1 1
vt 0 1
vt 1 0
vt 0 0
vt 1 1
vt 0 1
vt 1 0
vt 0 0
vt 1 1
vt 0 1
vt 1 0
vt 0 0
vt 1 1
vt 0 1
vt 1 0
vt 0 0
vt 1 1
vt 0 1
vt 1 0
vt 0 0
vt 1 1
vt 0 1
vt 1 0
vt 0 0
vt 1 1
vt 0 1
vt 1 0
vt 0 0
vt 1 1
vt 0 1
vt 1 0
vt 0 0
vt 1 1
vt 0 1
vt 1 0
vt 0 0
vt 1 1
vt 0 1
vt 1 0
vt 0 0
vt 1 1
vt 0 1
vt 1 0
vt 0 0
vt 1 1
vt 0 1
vt 1 0
vt 0 0
vt 1 1
vt 0 1
vt 1 0
vt 0 0
vt 1 1
vt 0 1
vt 1 0
vt 0 0
vt 1 1
vt 0 1
vt 1 0
vt 0 0
vt 1 1
vt 0 1
vt 1 0
vt 0 0
vt 1 1
vt 0 1
vt 1 0
vt 0 0
vt 1 1
vt 0 1
vt 1 0
vt 0 0
vt 1 1
vt 0 1
vt 1 0
vt 0 0
vt 1 1
vt 0 1
vt 1 0
vt 0 0
vt 1 1
vt 0 1
vt 1 0
vt 0 0
vt 1 1
vt 0 1
vt 1 0
vt 0 0
vt 1 1
vt 0 1
vt 1 0
vt 0 0
vt 1 1
vt 0 1
vt 1 0
vt 0 0
vt 1 1
vt 0 1
vt 1 0
vt 0 0
vt 1 1
vt 0 1
vt 1 0
vt 0 0
vt 1 1
vt 0 1
vt 1 0
vt 0 0
vt 1 1
vt 0 1
vt 1 0
vt 0 0
vt 1 1
vt 0 1
vt 1 0
vt 0 0
vt 1 1
vt 0 1
vt 1 0
vt 0 0
vt 1 1
vt 0 1
vt 1 0
vt 0 0
vt 1 1
vt 0 1
vt 1 0
vt 0 0
vt 1 1
vt 0 1
vt 1 0
vt 0 0
vt 1 1
vt 0 1
vt 1 0
vt 0 0
vt 1 1
vt 0 1
vt 1 0
vt 0 0
vt 1 1
vt 0 1
vt 1 0
vt 0 0
vt 1 1
vt 0 1
vt 1 0
vt 0 0
vt 1 1
vt 0 1
vt 1 0
vt 0 0
vt 1 1
vt 0 1
vt 1 0
vt 0 0
vt 1 1
vt 0 1
vt 1 0
vt 0 0
vt 1 1
vt 0 1
vt 1 0
vt 0 0
vt 1 1
vt 0 1
vt 1 0
vt 0 0
vt 1 1
vt 0 1
vt 1 0
vt 0 0
vt 1 1
vt 0 1
vt 1 0
vt 0 0
vt 1 1
vt 0 1
vt 1 0
vt 0 0
vt 1 1
vt 0 1
vt 1 0
vt 0 0
vt 1 1
vt 0 1
vt 1 0
vt 0 0
vt 1 1
vt 0 1
vt 1 0
vt 0 0
vt 1 1
vt 0 1
vt 1 0
vt 0 0
vt 1 1
vt 0 1
vt 1 0
vt 0 0
vt 1 1
vt 0 1
vt 1 0
vt 0 0
vt 1 1
vt 0 1
vt 1 0
vt 0 0
vt 1 1
vt 0 1
vt 1 0
vt 0 0
vt 1 1
vt 0 1
vt 1 0
vt 0 0
vt 1 1
vt 0 1
vt 1 0
vt 0 0
vt 1 1
vt 0 1
vt 1 0
vt 0 0
vt 1 1
vt 0 1
vt 1 0
vt 0 0
vt 1 1
vt 0 1
vt 1 0
vt 0 0
vt 1 1
vt 0 1
vt 1 0
vt 0 0
vt 1 1
vt 0 1
vt 1 0
vt 0 0
vt 1 1
vt 0 1
vt 1 0
vt 0 0
vt 1 1
vt 0 1
vt 1 0
vt 0 0
vt 1 1
vt 0 1
vt 1 0
vt 0 0
vt 1 1
vt 0 1
vt 1 0
vt 0 0
vt 1 1
vt 0 1
vt 1 0
vt 0 0
vt 1 1
vt 0 1
vt 1 0
vt 0 0
vt 1 1
vt 0 1
vt 1 0
vt 0 0
vt 1 1
vt 0 1
vt 1 0
vt 0 0
vt 1 1
vt 0 1
vt 1 0
vt 0 0
vt 1 1
vt 0 1
vt 1 0
vt 0 0
vt 1 1
vt 0 1
vt 1 0
vt 0 0
vt 1 1
vt 0 1
vt 1 0
vt 0 0
vt 1 1
vt 0 1
vt 1 0
vt 0 0
vt 1 1
vt 0 1
vt 1 0
vt 0 0
vt 1 1
vt 0 1
vt 1 0
vt 0 0
vt 1 1
vt 0 1
vt 1 0
vt 0 0
vt 1 1
vt 0 1
vt 1 0
vt 0 0
vt 1 1
vt 0 1
vt 1 0
vt 0 0
vt 1 1
vt 0 1
vt 1 0
vt 0 0
vt 1 1
vt 0 1
vt 1 0
vt 0 0
vt 1 1
vt 0 1
vt 1 0
vt 0 0
vt 1 1
vt 0 1
vt 1 0
vt 0 0
vt 1 1
vt 0 1
vt 1 0
vt 0 0
vt 1 1
vt 0 1
vt 1 0
vt 0 0
vt 1 1
vt 0 1
vt 1 0
vt 0 0
vt 1 1
vt 0 1
vt 1 0
vt 0 0
vt 1 1
vt 0 1
vt 1 0
vt 0 0
vt 1 1
vt 0 1
vt 1 0
vt 0 0
vt 1 1
vt 0 1
vt 1 0
vt 0 0
vt 1 1
vt 0 1
vt 1 0
vt 0 0
vt 1 1
vt 0 1
vt 1 0
vt 0 0
vt 1 1
vt 0 1
vt 1 0
vt 0 0
vt 1 1
vt 0 1
vt 1 0
vt 0 0
vt 1 1
vt 0 1
vt 1 0
vt 0 0
vt 1 1
vt 0 1
vt 1 0
vt 0 0
vt 1 1
vt 0 1
vt 1 0
vt 0 0
vt 1 1
vt 0 1
vt 1 0
vt 0 0
vt 1 1
vt 0 1
vt 1 0
vt 0 0
vt 1 1
vt 0 1
vt 1 0
vt 0 0
vt 1 1
vt 0 1
vt 1 0
vt 0 0
vt 1 1
vt 0 1
vt 1 0
vt 0 0
vt 1 1
vt 0 1
vt 1 0
vt 0 0
vt 1 1
vt 0 1
vt 1 0
vt 0 0
vt 1 1
vt 0 1
vt 1 0
vt 0 0
vt 1 1
vt 0 1
vt 1 0
vt 0 0
vt 1 1
vt 0 1
vt 1 0
vt 0 0
vt 1 1
vt 0 1
vt 1 0
vt 0 0
vt 1 1
vt 0 1
vt 1 0
vt 0 0
vt 1 1
vt 0 1
vt 1 0
vt 0 0
vt 1 1
vt 0 1
vt 1 0
vt 0 0
vt 1 1
vt 0 1
vt 1 0
vt 0 0
vt 1 1
vt 0 1
vt 1 0
vt 0 0
vt 1 1
vt 0 1
vt 1 0
vt 0 0
vt 1 1
vt 0 1
vt 1 0
vt 0 0
vt 1 1
vt 0 1
vt 1 0
vt 0 0
vt 1 1
vt 0 1
vt 1 0
vt 0 0
vt 1 1
vt 0 1
vt 1 0
vt 0 0
vt 1 1
vt 0 1
vt 1 0
vt 0 0
vt 1 1
vt 0 1
vt 1 0
vt 0 0
vt 1 1
vt 0 1
vt 1 0
vt 0 0
vt 1 1
vt 0 1
vt 1 0
vt 0 0
vt 1 1
vt 0 1
vt 1 0
vt 0 0
vt 1 1
vt 0 1
vt 1 0
vt 0 0
vt 1 1
vt 0 1
vt 1 0
vt 0 0
vt 1 1
vt 0 1
vt 1 0
vt 0 0
vt 1 1
vt 0 1
vt 1 0
vt 0 0
vt 1 1
vt 0 1
vt 1 0
vt 0 0
vt 1 1
vt 0 1
vt 1 0
vt 0 0
vt 1 1
vt 0 1
vt 1 0
vt 0 0
vt 1 1
vt 0 1
vt 1 0
vt 0 0
vt 1 1
vt 0 1
vt 1 0
vt 0 0
vt 1 1
vt 0 1
vt 1 0
vt 0 0
vt 1 1
vt 0 1
vt 1 0
vt 0 0
vt 1 1
vt 0 1
vt 1 0
vt 0 0
vt 1 1
vt 0 1
vt 1 0
vt 0 0
vt 1 1
vt 0 1
vt 1 0
vt 0 0
vt 1 1
vt 0 1
vt 1 0
vt 0 0
vt 1 1
vt 0 1
vt 1 0
vt 0 0
vt 1 1
vt 0 1
vt 1 0
vt 0 0
vt 1 1
vt 0 1
vt 1 0
vt 0 0
vt 1 1
vt 0 1
vt 1 0
vt 0 0
vt 1 1
vt 0 1
vt 1 0
vt 0 0
vt 1 1
vt 0 1
vt 1 0
vt 0 0
vt 1 1
vt 0 1
vt 1 0
vt 0 0
vt 1 1
vt 0 1
vt 1 0
vt 0 0
vt 1 1
vt 0 1
vt 1 0
vt 0 0
vt 1 1
vt 0 1
vt 1 0
vt 0 0
vt 1 1
vt 0 1
vt 1 0
vt 0 0
vt 1 1
vt 0 1
vt 1 0
vt 0 0
vt 1 1
vt 0 1
vt 1 0
vt 0 0
vt 1 1
vt 0 1
vt 1 0
vt 0 0
vt 1 1
vt 0 1
vt 1 0
vt 0 0
vt 1 1
vt 0 1
vt 1 0
vt 0 0
vt 1 1
vt 0 1
vt 1 0
vt 0 0
vt 1 1
vt 0 1
vt 1 0
vt 0 0
vt 1 1
vt 0 1
vt 1 0
vt 0 0
vt 1 1
vt 0 1
vt 1 0
vt 0 0
vt 1 1
vt 0 1
vt 1 0
vt 0 0
vt 1 1
vt 0 1
vt 1 0
vt 0 0
vt 1 1
vt 0 1
vt 1 0
vt 0 0
vt 1 1
vt 0 1
vt 1 0
vt 0 0
vt 1 1
vt 0 1
vt 1 0
vt 0 0
vt 1 1
vt 0 1
vt 1 0
vt 0 0
vt 1 1
vt 0 1
vt 1 0
vt 0 0
vt 1 1
vt 0 1
vt 1 0
vt 0 0
vt 1 1
vt 0 1
vt 1 0
vt 0 0
vt 1 1
vt 0 1
vt 1 0
vt 0 0
vt 1 1
vt 0 1
vt 1 0
vt 0 0
vt 1 1
vt 0 1
vt 1 0
vt 0 0
vt 1 1
vt 0 1
vt 1 0
vt 0 0
vt 1 1
vt 0 1
vt 1 0
vt 0 0
vt 1 1
vt 0 1
vt 1 0
vt 0 0
vt 1 1
vt 0 1
vt 1 0
vt 0 0
vt 1 1
vt 0 1
vt 1 0
vt 0 0
vt 1 1
vt 0 1
vt 1 0
vt 0 0
vt 1 1
vt 0 1
vt 1 0
vt 0 0
vt 1 1
vt 0 1
vt 1 0
vt 0 0
vt 1 1
vt 0 1
vt 1 0
vt 0 0
vt 1 1
vt 0 1
vt 1 0
vt 0 0
vt 1 1
vt 0 1
vt 1 0
vt 0 0
vt 1 1
vt 0 1
vt 1 0
vt 0 0
vt 1 1
vt 0 1
vt 1 0
vt 0 0
vt 1 1
vt 0 1
vt 1 0
vt 0 0
vt 1 1
vt 0 1
vt 1 0
vt 0 0
vt 1 1
vt 0 1
vt 1 0
vt 0 0
vt 1 1
vt 0 1
vt 1 0
vt 0 0
vt 1 1
vt 0 1
vt 1 0
vt 0 0
vt 1 1
vt 0 1
vt 1 0
vt 0 0
vt 1 1
vt 0 1
vt 1 0
vt 0 0
vt 1 1
vt 0 1
vt 1 0
vt 0 0
vt 1 1
vt 0 1
vt 1 0
vt 0 0
vt 1 1
vt 0 1
vt 1 0
vt 0 0
vt 1 1
vt 0 1
vt 1 0
vt 0 0
vt 1 1
vt 0 1
vt 1 0
vt 0 0
vt 1 1
vt 0 1
vt 1 0
vt 0 0
vt 1 1
vt 0 1
vt 1 0
vt 0 0
vt 1 1
vt 0 1
vt 1 0
vt 0 0
vt 1 1
vt 0 1
vt 1 0
vt 0 0
vt 1 1
vt 0 1
vt 1 0
vt 0 0
vt 1 1
vt 0 1
vt 1 0
vt 0 0
vt 1 1
vt 0 1
vt 1 0
vt 0 0
vt 1 1
vt 0 1
vt 1 0
vt 0 0
vt 1 1
vt 0 1
vt 1 0
vt 0 0
vt 1 1
vt 0 1
vt 1 0
vt 0 0
vt 1 1
vt 0 1
vt 1 0
vt 0 0
vt 1 1
vt 0 1
vt 1 0
vt 0 0
vt 1 1
vt 0 1
vt 1 0
vt 0 0
vt 1 1
vt 0 1
vt 1 0
vt 0 0
vt 1 1
vt 0 1
vt 1 0
vt 0 0
vt 1 1
vt 0 1
vt 1 0
vt 0 0
vt 1 1
vt 0 1
vt 1 0
vt 0 0
vt 1 1
vt 0 1
vt 1 0
vt 0 0
vt 1 1
vt 0 1
vt 1 0
vt 0 0
vt 1 1
vt 0 1
vt 1 0
vt 0 0
vt 1 1
vt 0 1
vt 1 0
vt 0 0
vt 1 1
vt 0 1
vt 1 0
vt 0 0
vt 1 1
vt 0 1
vt 1 0
vt 0 0
vt 1 1
vt 0 1
vt 1 0
vt 0 0
vt 1 1
vt 0 1
vt 1 0
vt 0 0
vt 1 1
vt 0 1
vt 1 0
vt 0 0
vt 1 1
vt 0 1
vt 1 0
vt 0 0
vt 1 1
vt 0 1
vt 1 0
vt 0 0
vt 1 1
vt 0 1
vt 1 0
vt 0 0
vt 1 1
vt 0 1
vt 1 0
vt 0 0
vt 1 1
vt 0 1
vt 1 0
vt 0 0
vt 1 1
vt 0 1
vt 1 0
vt 0 0
vt 1 1
vt 0 1
vt 1 0
vt 0 0
vt 1 1
vt 0 1
vt 1 0
vt 0 0
vt 1 1
vt 0 1
vt 1 0
vt 0 0
vt 1 1
vt 0 1
vt 1 0
vt 0 0
vt 1 1
vt 0 1
vt 1 0
vt 0 0
vt 1 1
vt 0 1
vt 1 0
vt 0 0
vt 1 1
vt 0 1
vt 1 0
vt 0 0
vt 1 1
vt 0 1
vt 1 0
vt 0 0
vt 1 1
vt 0 1
vt 1 0
vt 0 0
vt 1 1
vt 0 1
vt 1 0
vt 0 0
vt 1 1
vt 0 1
vt 1 0
vt 0 0
vt 1 1
vt 0 1
vt 1 0
vt 0 0
vt 1 1
vt 0 1
vt 1 0
vt 0 0
vt 1 1
vt 0 1
vt 1 0
vt 0 0
vt 1 1
vt 0 1
vt 1 0
vt 0 0
vt 1 1
vt 0 1
vt 1 0
vt 0 0
vt 1 1
vt 0 1
vt 1 0
vt 0 0
vt 1 1
vt 0 1
vt 1 0
vt 0 0
vt 1 1
vt 0 1
vt 1 0
vt 0 0
vt 1 1
vt 0 1
vt 1 0
vt 0 0
vt 1 1
vt 0 1
vt 1 0
vt 0 0
vt 1 1
vt 0 1
vt 1 0
vt 0 0
vt 1 1
vt 0 1
vt 1 0
vt 0 0
vt 1 1
vt 0 1
vt 1 0
vt 0 0
vt 1 1
vt 0 1
vt 1 0
vt 0 0
vt 1 1
vt 0 1
vt 1 0
vt 0 0
vt 1 1
vt 0 1
vt 1 0
vt 0 0
vt 1 1
vt 0 1
vt 1 0
vt 0 0
vt 1 1
vt 0 1
vt 1 0
vt 0 0
vt 1 1
vt 0 1
vt 1 0
vt 0 0
vt 1 1
vt 0 1
vt 1 0
vt 0 0
vt 1 1
vt 0 1
vt 1 0
vt 0 0
vt 1 1
vt 0 1
vt 1 0
vt 0 0
vt 1 1
vt 0 1
vt 1 0
vt 0 0
vt 1 1
vt 0 1
vt 1 0
vt 0 0
vt 1 1
vt 0 1
vt 1 0
vt 0 0
vt 1 1
vt 0 1
vt 1 0
vt 0 0
vt 1 1
vt 0 1
vt 1 0
vt 0 0
vt 1 1
vt 0 1
vt 1 0
vt 0 0
vt 1 1
vt 0 1
vt 1 0
vt 0 0
vt 1 1
vt 0 1
vt 1 0
vt 0 0
vt 1 1
vt 0 1
vt 1 0
vt 0 0
vt 1 1
vt 0 1
vt 1 0
vt 0 0
vt 1 1
vt 0 1
vt 1 0
vt 0 0
vt 1 1
vt 0 1
vt 1 0
vt 0 0
vt 1 1
vt 0 1
vt 1 0
vt 0 0
vt 1 1
vt 0 1
vt 1 0
vt 0 0
vt 1 1
vt 0 1
vt 1 0
vt 0 0
vt 1 1
vt 0 1
vt 1 0
vt 0 0
vt 1 1
vt 0 1
vt 1 0
vt 0 0
vt 1 1
vt 0 1
vt 1 0
vt 0 0
vt 1 1
vt 0 1
vt 1 0
vt 0 0
vt 1 1
vt 0 1
vt 1 0
vt 0 0
vt 1 1
vt 0 1
vt 1 0
vt 0 0
vt 1 1
vt 0 1
vt 1 0
vt 0 0
vt 1 1
vt 0 1
vt 1 0
vt 0 0
vt 1 1
vt 0 1
vt 1 0
vt 0 0
vt 1 1
vt 0 1
vt 1 0
vt 0 0
vt 1 1
vt 0 1
vt 1 0
vt 0 0
vt 1 1
vt 0 1
vt 1 0
vt 0 0
vt 1 1
vt 0 1
vt 1 0
vt 0 0
vt 1 1
vt 0 1
vt 1 0
vt 0 0
vt 1 1
vt 0 1
vt 1 0
vt 0 0
vt 1 1
vt 0 1
vt 1 0
vt 0 0
vt 1 1
vt 0 1
vt 1 0
vt 0 0
vt 1 1
vt 0 1
vt 1 0
vt 0 0
vt 1 1
vt 0 1
vt 1 0
vt 0 0
vt 1 1
vt 0 1
vt 1 0
vt 0 0
vt 1 1
vt 0 1
vt 1 0
vt 0 0
vt 1 1
vt 0 1
vt 1 0
vt 0 0
vt 1 1
vt 0 1
vt 1 0
vt 0 0
vt 1 1
vt 0 1
vt 1 0
vt 0 0
vt 1 1
vt 0 1
vt 1 0
vt 0 0
vt 1 1
vt 0 1
vt 1 0
vt 0 0
vt 1 1
vt 0 1
vt 1 0
vt 0 0
vt 1 1
vt 0 1
vt 1 0
vt 0 0
vt 1 1
vt 0 1
vt 1 0
vt 0 0
vt 1 1
vt 0 1
vt 1 0
vt 0 0
vt 1 1
vt 0 1
vt 1 0
vt 0 0
vt 1 1
vt 0 1
vt 1 0
vt 0 0
vt 1 1
vt 0 1
vt 1 0
vt 0 0
vt 1 1
vt 0 1
vt 1 0
vt 0 0
vt 1 1
vt 0 1
vt 1 0
vt 0 0
vt 1 1
vt 0 1
vt 1 0
vt 0 0
vt 1 1
vt 0 1
vt 1 0
vt 0 0
vt 1 1
vt 0 1
vt 1 0
vt 0 0
vt 1 1
vt 0 1
vt 1 0
vt 0 0
vt 1 1
vt 0 1
vt 1 0
vt 0 0
vt 1 1
vt 0 1
vt 1 0
vt 0 0
vt 1 1
vt 0 1
vt 1 0
vt 0 0
vt 1 1
vt 0 1
vt 1 0
vt 0 0
vt 1 1
vt 0 1
vt 1 0
vt 0 0
vt 1 1
vt 0 1
vt 1 0
vt 0 0
vt 1 1
vt 0 1
vt 1 0
vt 0 0
vt 1 1
vt 0 1
vt 1 0
vt 0 0
vt 1 1
vt 0 1
vt 1 0
vt 0 0
vt 1 1
vt 0 1
vt 1 0
vt 0 0
vt 1 1
vt 0 1
vt 1 0
vt 0 0
vt 1 1
vt 0 1
vt 1 0
vt 0 0
vt 1 1
vt 0 1
vt 1 0
vt 0 0
vt 1 1
vt 0 1
vt 1 0
vt 0 0
vt 1 1
vt 0 1
vt 1 0
vt 0 0
vt 1 1
vt 0 1
vt 1 0
vt 0 0
vt 1 1
vt 0 1
vt 1 0
vt 0 0
vt 1 1
vt 0 1
vt 1 0
vt 0 0
vt 1 1
vt 0 1
vt 1 0
vt 0 0
vt 1 1
vt 0 1
vt 1 0
vt 0 0
vt 1 1
vt 0 1
vt 1 0
vt 0 0
vt 1 1
vt 0 1
vt 1 0
vt 0 0
vt 1 1
vt 0 1
vt 1 0
vt 0 0
vt 1 1
vt 0 1
vt 1 0
vt 0 0
vt 1 1
vt 0 1
vt 1 0
vt 0 0
vt 1 1
vt 0 1
vt 1 0
vt 0 0
vt 1 1
vt 0 1
vt 1 0
vt 0 0
vt 1 1
vt 0 1
vt 1 0
vt 0 0
vt 1 1
vt 0 1
vt 1 0
vt 0 0
vt 1 1
vt 0 1
vt 1 0
vt 0 0
vt 1 1
vt 0 1
vt 1 0
vt 0 0
vt 1 1
vt 0 1
vt 1 0
vt 0 0
vt 1 1
vt 0 1
vt 1 0
vt 0 0
vt 1 1
vt 0 1
vt 1 0
vt 0 0
vt 1 1
vt 0 1
vt 1 0
vt 0 0
vt 1 1
vt 0 1
vt 1 0
vt 0 0
vt 1 1
vt 0 1
vt 1 0
vt 0 0
vt 1 1
vt 0 1
vt 1 0
vt 0 0
vt 1 1
vt 0 1
vt 1 0
vt 0 0
vt 1 1
vt 0 1
vt 1 0
vt 0 0
vt 1 1
vt 0 1
vt 1 0
vt 0 0
vt 1 1
vt 0 1
vt 1 0
vt 0 0
vt 1 1
vt 0 1
vt 1 0
vt 0 0
vt 1 1
vt 0 1
vt 1 0
vt 0 0
vt 1 1
vt 0 1
vt 1 0
vt 0 0
vt 1 1
vt 0 1
vt 1 0
vt 0 0
vt 1 1
vt 0 1
vt 1 0
vt 0 0
vt 1 1
vt 0 1
vt 1 0
vt 0 0
vt 1 1
vt 0 1
vt 1 0
vt 0 0
vt 1 1
vt 0 1
vt 1 0
vt 0 0
vt 1 1
vt 0 1
vt 1 0
vt 0 0
vt 1 1
vt 0 1
vt 1 0
vt 0 0
vt 1 1
vt 0 1
vt 1 0
vt 0 0
vt 1 1
vt 0 1
vt 1 0
vt 0 0
vt 1 1
vt 0 1
vt 1 0
vt 0 0
vt 1 1
vt 0 1
vt 1 0
vt 0 0
vt 1 1
vt 0 1
vt 1 0
vt 0 0
vt 1 1
vt 0 1
vt 1 0
vt 0 0
vt 1 1
vt 0 1
vt 1 0
vt 0 0
vt 1 1
vt 0 1
vt 1 0
vt 0 0
vt 1 1
vt 0 1
vt 1 0
vt 0 0
vt 1 1
vt 0 1
vt 1 0
vt 0 0
vt 1 1
vt 0 1
vt 1 0
vt 0 0
vt 1 1
vt 0 1
vt 1 0
vt 0 0
vt 1 1
vt 0 1
vt 1 0
vt 0 0
vt 1 1
vt 0 1
vt 1 0
vt 0 0
vt 1 1
vt 0 1
vt 1 0
vt 0 0
vt 1 1
vt 0 1
vt 1 0
vt 0 0
vt 1 1
vt 0 1
vt 1 0
vt 0 0
vt 1 1
vt 0 1
vt 1 0
vt 0 0
vt 1 1
vt 0 1
vt 1 0
vt 0 0
vt 1 1
vt 0 1
vt 1 0
vt 0 0
vt 1 1
vt 0 1
vt 1 0
vt 0 0
vt 1 1
vt 0 1
vt 1 0
vt 0 0
vt 1 1
vt 0 1
vt 1 0
vt 0 0
vt 1 1
vt 0 1
vt 1 0
vt 0 0
vt 1 1
vt 0 1
vt 1 0
vt 0 0
vt 1 1
vt 0 1
vt 1 0
vt 0 0
vt 1 1
vt 0 1
vt 1 0
vt 0 0
vt 1 1
vt 0 1
vt 1 0
vt 0 0
vt 1 1
vt 0 1
vt 1 0
vt 0 0
vt 1 1
vt 0 1
vt 1 0
vt 0 0
vt 1 1
vt 0 1
vt 1 0
vt 0 0
vt 1 1
vt 0 1
vt 1 0
vt 0 0
vt 1 1
vt 0 1
vt 1 0
vt 0 0
vt 1 1
vt 0 1
vt 1 0
vt 0 0
vt 1 1
vt 0 1
vt 1 0
vt 0 0
vt 1 1
vt 0 1
vt 1 0
vt 0 0
vt 1 1
vt 0 1
vt 1 0
vt 0 0
vt 1 1
vt 0 1
vt 1 0
vt 0 0
vt 1 1
vt 0 1
vt 1 0
vt 0 0
vt 1 1
vt 0 1
vt 1 0
vt 0 0
vt 1 1
vt 0 1
vt 1 0
vt 0 0
vt 1 1
vt 0 1
vt 1 0
vt 0 0
vt 1 1
vt 0 1
vt 1 0
vt 0 0
vt 1 1
vt 0 1
vt 1 0
vt 0 0
vt 1 1
vt 0 1
vt 1 0
vt 0 0
vt 1 1
vt 0 1
vt 1 0
vt 0 0
vt 1 1
vt 0 1
vt 1 0
vt 0 0
vt 1 1
vt 0 1
vt 1 0
vt 0 0
vt 1 1
vt 0 1
vt 1 0
vt 0 0
vt 1 1
vt 0 1
vt 1 0
vt 0 0
vt 1 1
vt 0 1
vt 1 0
vt 0 0
vt 1 1
vt 0 1
vt 1 0
vt 0 0
vt 1 1
vt 0 1
vt 1 0
vt 0 0
vt 1 1
vt 0 1
vt 1 0
vt 0 0
vt 1 1
vt 0 1
vt 1 0
vt 0 0
vt 1 1
vt 0 1
vt 1 0
vt 0 0
vt 1 1
vt 0 1
vt 1 0
vt 0 0
vt 1 1
vt 0 1
vt 1 0
vt 0 0
vt 1 1
vt 0 1
vt 1 0
vt 0 0
vt 1 1
vt 0 1
vt 1 0
vt 0 0
vt 1 1
vt 0 1
vt 1 0
vt 0 0
vt 1 1
vt 0 1
vt 1 0
vt 0 0
vt 1 1
vt 0 1
vt 1 0
vt 0 0
vt 1 1
vt 0 1
vt 1 0
vt 0 0
vt 1 1
vt 0 1
vt 1 0
vt 0 0
vt 1 1
vt 0 1
vt 1 0
vt 0 0
vt 1 1
vt 0 1
vt 1 0
vt 0 0
vt 1 1
vt 0 1
vt 1 0
vt 0 0
vt 1 1
vt 0 1
vt 1 0
vt 0 0
vt 1 1
vt 0 1
vt 1 0
vt 0 0
vt 1 1
vt 0 1
vt 1 0
vt 0 0
vt 1 1
vt 0 1
vt 1 0
vt 0 0
vt 1 1
vt 0 1
vt 1 0
vt 0 0
vt 1 1
vt 0 1
vt 1 0
vt 0 0
vt 1 1
vt 0 1
vt 1 0
vt 0 0
vt 1 1
vt 0 1
vt 1 0
vt 0 0
vt 1 1
vt 0 1
vt 1 0
vt 0 0
vt 1 1
vt 0 1
vt 1 0
vt 0 0
vt 1 1
vt 0 1
vt 1 0
vt 0 0
vt 1 1
vt 0 1
vt 1 0
vt 0 0
vt 1 1
vt 0 1
vt 1 0
vt 0 0
vt 1 1
vt 0 1
vt 1 0
vt 0 0
vt 1 1
vt 0 1
vt 1 0
vt 0 0
vt 1 1
vt 0 1
vt 1 0
vt 0 0
vt 1 1
vt 0 1
vt 1 0
vt 0 0
vt 1 1
vt 0 1
vt 1 0
vt 0 0
vt 1 1
vt 0 1
vt 1 0
vt 0 0
vt 1 1
vt 0 1
vt 1 0
vt 0 0
vt 1 1
vt 0 1
vt 1 0
vt 0 0
vt 1 1
vt 0 1
vt 1 0
vt 0 0
vt 1 1
vt 0 1
vt 1 0
vt 0 0
vt 1 1
vt 0 1
vt 1 0
vt 0 0
vt 1 1
vt 0 1
vt 1 0
vt 0 0
vt 1 1
vt 0 1
vt 1 0
vt 0 0
vt 1 1
vt 0 1
vt 1 0
vt 0 0
vt 1 1
vt 0 1
vt 1 0
vt 0 0
vt 1 1
vt 0 1
vt 1 0
vt 0 0
vt 1 1
vt 0 1
vt 1 0
vt 0 0
vt 1 1
vt 0 1
vt 1 0
vt 0 0
vt 1 1
vt 0 1
vt 1 0
vt 0 0
vt 1 1
vt 0 1
vt 1 0
vt 0 0
vt 1 1
vt 0 1
vt 1 0
vt 0 0
vt 1 1
vt 0 1
vt 1 0
vt 0 0
vt 1 1
vt 0 1
vt 1 0
vt 0 0
vt 1 1
vt 0 1
vt 1 0
vt 0 0
vt 1 1
vt 0 1
vt 1 0
vt 0 0
vt 1 1
vt 0 1
vt 1 0
vt 0 0
vt 1 1
vt 0 1
vt 1 0
vt 0 0
vt 1 1
vt 0 1
vt 1 0
vt 0 0
vt 1 1
vt 0 1
vt 1 0
vt 0 0
vt 1 1
vt 0 1
vt 1 0
vt 0 0
vt 1 1
vt 0 1
vt 1 0
vt 0 0
vt 1 1
vt 0 1
vt 1 0
vt 0 0
vt 1 1
vt 0 1
vt 1 0
vt 0 0
vt 1 1
vt 0 1
vt 1 0
vt 0 0
vt 1 1
vt 0 1
vt 1 0
vt 0 0
vt 1 1
vt 0 1
vt 1 0
vt 0 0
vt 1 1
vt 0 1
vt 1 0
vt 0 0
vt 1 1
vt 0 1
vt 1 0
vt 0 0
vt 1 1
vt 0 1
vt 1 0
vt 0 0
vt 1 1
vt 0 1
vt 1 0
vt 0 0
vt 1 1
vt 0 1
vt 1 0
vt 0 0
vt 1 1
vt 0 1
vt 1 0
vt 0 0
vt 1 1
vt 0 1
vt 1 0
vt 0 0
vt 1 1
vt 0 1
vt 1 0
vt 0 0
vt 1 1
vt 0 1
vt 1 0
vt 0 0
vt 1 1
vt 0 1
vt 1 0
vt 0 0
vt 1 1
vt 0 1
vt 1 0
vt 0 0
vt 1 1
vt 0 1
vt 1 0
vt 0 0
vt 1 1
vt 0 1
vt 1 0
vt 0 0
vt 1 1
vt 0 1
vt 1 0
vt 0 0
vt 1 1
vt 0 1
vt 1 0
vt 0 0
vt 1 1
vt 0 1
vt 1 0
vt 0 0
vt 1 1
vt 0 1
vt 1 0
vt 0 0
vt 1 1
vt 0 1
vt 1 0
vt 0 0
vt 1 1
vt 0 1
vt 1 0
vt 0 0
vt 1 1
vt 0 1
vt 1 0
vt 0 0
vt 1 1
vt 0 1
vt 1 0
vt 0 0
vt 1 1
vt 0 1
vt 1 0
vt 0 0
vt 1 1
vt 0 1
vt 1 0
vt 0 0
vt 1 1
vt 0 1
vt 1 0
vt 0 0
vt 1 1
vt 0 1
vt 1 0
vt 0 0
vt 1 1
vt 0 1
vt 1 0
vt 0 0
vt 1 1
vt 0 1
vt 1 0
vt 0 0
vt 1 1
vt 0 1
vt 1 0
vt 0 0
vt 1 1
vt 0 1
vt 1 0
vt 0 0
vt 1 1
vt 0 1
vt 1 0
vt 0 0
vt 1 1
vt 0 1
vt 1 0
vt 0 0
vt 1 1
vt 0 1
vt 1 0
vt 0 0
vt 1 1
vt 0 1
vt 1 0
vt 0 0
vt 1 1
vt 0 1
vt 1 0
vt 0 0
vt 1 1
vt 0 1
vt 1 0
vt 0 0
vt 1 1
vt 0 1
vt 1 0
vt 0 0
vt 1 1
vt 0 1
vt 1 0
vt 0 0
vt 1 1
vt 0 1
vt 1 0
vt 0 0
vt 1 1
vt 0 1
vt 1 0
vt 0 0
vt 1 1
vt 0 1
vt 1 0
vt 0 0
vt 1 1
vt 0 1
vt 1 0
vt 0 0
vt 1 1
vt 0 1
vt 1 0
vt 0 0
vt 1 1
vt 0 1
vt 1 0
vt 0 0
vt 1 1
vt 0 1
vt 1 0
vt 0 0
vt 1 1
vt 0 1
vt 1 0
vt 0 0
vt 1 1
vt 0 1
vt 1 0
vt 0 0
vt 1 1
vt 0 1
vt 1 0
vt 0 0
vt 1 1
vt 0 1
vt 1 0
vt 0 0
vt 1 1
vt 0 1
vt 1 0
vt 0 0
vt 1 1
vt 0 1
vt 1 0
vt 0 0
vt 1 1
vt 0 1
vt 1 0
vt 0 0
vt 1 1
vt 0 1
vt 1 0
vt 0 0
vt 1 1
vt 0 1
vt 1 0
vt 0 0
vt 1 1
vt 0 1
vt 1 0
vt 0 0
vt 1 1
vt 0 1
vt 1 0
vt 0 0
vt 1 1
vt 0 1
vt 1 0
vt 0 0
vt 1 1
vt 0 1
vt 1 0
vt 0 0
vt 1 1
vt 0 1
vt 1 0
vt 0 0
vt 1 1
vt 0 1
vt 1 0
vt 0 0
vt 1 1
vt 0 1
vt 1 0
vt 0 0
vt 1 1
vt 0 1
vt 1 0
vt 0 0
vt 1 1
vt 0 1
vt 1 0
vt 0 0
vt 1 1
vt 0 1
vt 1 0
vt 0 0
vt 1 1
vt 0 1
vt 1 0
vt 0 0
vt 1 1
vt 0 1
vt 1 0
vt 0 0
vt 1 1
vt 0 1
vt 1 0
vt 0 0
vt 1 1
vt 0 1
vt 1 0
vt 0 0
vt 1 1
vt 0 1
vt 1 0
vt 0 0
vt 1 1
vt 0 1
vt 1 0
vt 0 0
vt 1 1
vt 0 1
vt 1 0
vt 0 0
vt 1 1
vt 0 1
vt 1 0
vt 0 0
vt 1 1
vt 0 1
vt 1 0
vt 0 0
vt 1 1
vt 0 1
vt 1 0
vt 0 0
vt 1 1
vt 0 1
vt 1 0
vt 0 0
vt 1 1
vt 0 1
vt 1 0
vt 0 0
vt 1 1
vt 0 1
vt 1 0
vt 0 0
vt 1 1
vt 0 1
vt 1 0
vt 0 0
vt 1 1
vt 0 1
vt 1 0
vt 0 0
vt 1 1
vt 0 1
vt 1 0
vt 0 0
vt 1 1
vt 0 1
vt 1 0
vt 0 0
vt 1 1
vt 0 1
vt 1 0
vt 0 0
vt 1 1
vt 0 1
vt 1 0
vt 0 0
vt 1 1
vt 0 1
vt 1 0
vt 0 0
vt 1 1
vt 0 1
vt 1 0
vt 0 0
vt 1 1
vt 0 1
vt 1 0
vt 0 0
vt 1 1
vt 0 1
vt 1 0
vt 0 0
vt 1 1
vt 0 1
vt 1 0
vt 0 0
vt 1 1
vt 0 1
vt 1 0
vt 0 0
vt 1 1
vt 0 1
vt 1 0
vt 0 0
vt 1 1
vt 0 1
vt 1 0
vt 0 0
vt 1 1
vt 0 1
vt 1 0
vt 0 0
vt 1 1
vt 0 1
vt 1 0
vt 0 0
vt 1 1
vt 0 1
vt 1 0
vt 0 0
vt 1 1
vt 0 1
vt 1 0
vt 0 0
vt 1 1
vt 0 1
vt 1 0
vt 0 0
vt 1 1
vt 0 1
vt 1 0
vt 0 0
vt 1 1
vt 0 1
vt 1 0
vt 0 0
vt 1 1
vt 0 1
vt 1 0
vt 0 0
vt 1 1
vt 0 1
vt 1 0
vt 0 0
vt 1 1
vt 0 1
vt 1 0
vt 0 0
vt 1 1
vt 0 1
vt 1 0
vt 0 0
vt 1 1
vt 0 1
vt 1 0
vt 0 0
vt 1 1
vt 0 1
vt 1 0
vt 0 0
vt 1 1
vt 0 1
vt 1 0
vt 0 0
vt 1 1
vt 0 1
vt 1 0
vt 0 0
vt 1 1
vt 0 1
vt 1 0
vt 0 0
vt 1 1
vt 0 1
vt 1 0
vt 0 0
vt 1 1
vt 0 1
vt 1 0
vt 0 0
vt 1 1
vt 0 1
vt 1 0
vt 0 0
vt 1 1
vt 0 1
vt 1 0
vt 0 0
vt 1 1
vt 0 1
vt 1 0
vt 0 0
vt 1 1
vt 0 1
vt 1 0
vt 0 0
vt 1 1
vt 0 1
vt 1 0
vt 0 0
vt 1 1
vt 0 1
vt 1 0
vt 0 0
vt 1 1
vt 0 1
vt 1 0
vt 0 0
vt 1 1
vt 0 1
vt 1 0
vt 0 0
vt 1 1
vt 0 1
vt 1 0
vt 0 0
vt 1 1
vt 0 1
vt 1 0
vt 0 0
vt 1 1
vt 0 1
vt 1 0
vt 0 0
vt 1 1
vt 0 1
vt 1 0
vt 0 0
vt 1 1
vt 0 1
vt 1 0
vt 0 0
vt 1 1
vt 0 1
vt 1 0
vt 0 0
vt 1 1
vt 0 1
vt 1 0
vt 0 0
vt 1 1
vt 0 1
vt 1 0
vt 0 0
vt 1 1
vt 0 1
vt 1 0
vt 0 0
vt 1 1
vt 0 1
vt 1 0
vt 0 0
vt 1 1
vt 0 1
vt 1 0
vt 0 0
vt 1 1
vt 0 1
vt 1 0
vt 0 0
vt 1 1
vt 0 1
vt 1 0
vt 0 0
vt 1 1
vt 0 1
vt 1 0
vt 0 0
vt 1 1
vt 0 1
vt 1 0
vt 0 0
vt 1 1
vt 0 1
vt 1 0
vt 0 0
vt 1 1
vt 0 1
vt 1 0
vt 0 0
vt 1 1
vt 0 1
vt 1 0
vt 0 0
vt 1 1
vt 0 1
vt 1 0
vt 0 0
vt 1 1
vt 0 1
vt 1 0
vt 0 0
vt 1 1
vt 0 1
vt 1 0
vt 0 0
vt 1 1
vt 0 1
vt 1 0
vt 0 0
vt 1 1
vt 0 1
vt 1 0
vt 0 0
vt 1 1
vt 0 1
vt 1 0
vt 0 0
vt 1 1
vt 0 1
vt 1 0
vt 0 0
vt 1 1
vt 0 1
vt 1 0
vt 0 0
vt 1 1
vt 0 1
vt 1 0
vt 0 0
vt 1 1
vt 0 1
vt 1 0
vt 0 0
vt 1 1
vt 0 1
vt 1 0
vt 0 0
vt 1 1
vt 0 1
vt 1 0
vt 0 0
vt 1 1
vt 0 1
vt 1 0
vt 0 0
vt 1 1
vt 0 1
vt 1 0
vt 0 0
vt 1 1
vt 0 1
vt 1 0
vt 0 0
vt 1 1
vt 0 1
vt 1 0
vt 0 0
vt 1 1
vt 0 1
vt 1 0
vt 0 0
vt 1 1
vt 0 1
vt 1 0
vt 0 0
vt 1 1
vt 0 1
vt 1 0
vt 0 0
vt 1 1
vt 0 1
vt 1 0
vt 0 0
vt 1 1
vt 0 1
vt 1 0
vt 0 0
vt 1 1
vt 0 1
vt 1 0
vt 0 0
vt 1 1
vt 0 1
vt 1 0
vt 0 0
vt 1 1
vt 0 1
vt 1 0
vt 0 0
vt 1 1
vt 0 1
vt 1 0
vt 0 0
vt 1 1
vt 0 1
vt 1 0
vt 0 0
vt 1 1
vt 0 1
vt 1 0
vt 0 0
vt 1 1
vt 0 1
vt 1 0
vt 0 0
vt 1 1
vt 0 1
vt 1 0
vt 0 0
vt 1 1
vt 0 1
vt 1 0
vt 0 0
vt 1 1
vt 0 1
vt 1 0
vt 0 0
vt 1 1
vt 0 1
vt 1 0
vt 0 0
vt 1 1
vt 0 1
vt 1 0
vt 0 0
vt 1 1
vt 0 1
vt 1 0
vt 0 0
vt 1 1
vt 0 1
vt 1 0
vt 0 0
vt 1 1
vt 0 1
vt 1 0
vt 0 0
vt 1 1
vt 0 1
vt 1 0
vt 0 0
vt 1 1
vt 0 1
vt 1 0
vt 0 0
vt 1 1
vt 0 1
vt 1 0
vt 0 0
vt 1 1
vt 0 1
vt 1 0
vt 0 0
vt 1 1
vt 0 1
vt 1 0
vt 0 0
vt 1 1
vt 0 1
vt 1 0
vt 0 0
vt 1 1
vt 0 1
vt 1 0
vt 0 0
vt 1 1
vt 0 1
vt 1 0
vt 0 0
vt 1 1
vt 0 1
vt 1 0
vt 0 0
vt 1 1
vt 0 1
vt 1 0
vt 0 0
vt 1 1
vt 0 1
vt 1 0
vt 0 0
vt 1 1
vt 0 1
vt 1 0
vt 0 0
vt 1 1
vt 0 1
vt 1 0
vt 0 0
vt 1 1
vt 0 1
vt 1 0
vt 0 0
vt 1 1
vt 0 1
vt 1 0
vt 0 0
vt 1 1
vt 0 1
vt 1 0
vt 0 0
vt 1 1
vt 0 1
vt 1 0
vt 0 0
vt 1 1
vt 0 1
vt 1 0
vt 0 0
vt 1 1
vt 0 1
vt 1 0
vt 0 0
vt 1 1
vt 0 1
vt 1 0
vt 0 0
vt 1 1
vt 0 1
vt 1 0
vt 0 0
vt 1 1
vt 0 1
vt 1 0
vt 0 0
vt 1 1
vt 0 1
vt 1 0
vt 0 0
vt 1 1
vt 0 1
vt 1 0
vt 0 0
vt 1 1
vt 0 1
vt 1 0
vt 0 0
vt 1 1
vt 0 1
vt 1 0
vt 0 0
vt 1 1
vt 0 1
vt 1 0
vt 0 0
vt 1 1
vt 0 1
vt 1 0
vt 0 0
vt 1 1
vt 0 1
vt 1 0
vt 0 0
vt 1 1
vt 0 1
vt 1 0
vt 0 0
vt 1 1
vt 0 1
vt 1 0
vt 0 0
vt 1 1
vt 0 1
vt 1 0
vt 0 0
vt 1 1
vt 0 1
vt 1 0
vt 0 0
vt 1 1
vt 0 1
vt 1 0
vt 0 0
vt 1 1
vt 0 1
vt 1 0
vt 0 0
vt 1 1
vt 0 1
vt 1 0
vt 0 0
vt 1 1
vt 0 1
vt 1 0
vt 0 0
vt 1 1
vt 0 1
vt 1 0
vt 0 0
vt 1 1
vt 0 1
vt 1 0
vt 0 0
vt 1 1
vt 0 1
vt 1 0
vt 0 0
vt 1 1
vt 0 1
vt 1 0
vt 0 0
vt 1 1
vt 0 1
vt 1 0
vt 0 0
vt 1 1
vt 0 1
vt 1 0
vt 0 0
vt 1 1
vt 0 1
vt 1 0
vt 0 0
vt 1 1
vt 0 1
vt 1 0
vt 0 0
vt 1 1
vt 0 1
vt 1 0
vt 0 0
vt 1 1
vt 0 1
vt 1 0
vt 0 0
vt 1 1
vt 0 1
vt 1 0
vt 0 0
vt 1 1
vt 0 1
vt 1 0
vt 0 0
vt 1 1
vt 0 1
vt 1 0
vt 0 0
vt 1 1
vt 0 1
vt 1 0
vt 0 0
vt 1 1
vt 0 1
vt 1 0
vt 0 0
vt 1 1
vt 0 1
vt 1 0
vt 0 0
vt 1 1
vt 0 1
vt 1 0
vt 0 0
vt 1 1
vt 0 1
vt 1 0
vt 0 0
vt 1 1
vt 0 1
vt 1 0
vt 0 0
vt 1 1
vt 0 1
vt 1 0
vt 0 0
vt 1 1
vt 0 1
vt 1 0
vt 0 0
vt 1 1
vt 0 1
vt 1 0
vt 0 0
vt 1 1
vt 0 1
vt 1 0
vt 0 0
vt 1 1
vt 0 1
vt 1 0
vt 0 0
vt 1 1
vt 0 1
vt 1 0
vt 0 0
vt 1 1
vt 0 1
vt 1 0
vt 0 0
vt 1 1
vt 0 1
vt 1 0
vt 0 0
vt 1 1
vt 0 1
vt 1 0
vt 0 0
vt 1 1
vt 0 1
vt 1 0
vt 0 0
vt 1 1
vt 0 1
vt 1 0
vt 0 0
vt 1 1
vt 0 1
vt 1 0
vt 0 0
vt 1 1
vt 0 1
vt 1 0
vt 0 0
vt 1 1
vt 0 1
vt 1 0
vt 0 0
vt 1 1
vt 0 1
vt 1 0
vt 0 0
vt 1 1
vt 0 1
vt 1 0
vt 0 0
vt 1 1
vt 0 1
vt 1 0
vt 0 0
vt 1 1
vt 0 1
vt 1 0
vt 0 0
vt 1 1
vt 0 1
vt 1 0
vt 0 0
vt 1 1
vt 0 1
vt 1 0
vt 0 0
vt 1 1
vt 0 1
vt 1 0
vt 0 0
vt 1 1
vt 0 1
vt 1 0
vt 0 0
vt 1 1
vt 0 1
vt 1 0
vt 0 0
vt 1 1
vt 0 1
vt 1 0
vt 0 0
vt 1 1
vt 0 1
vt 1 0
vt 0 0
vt 1 1
vt 0 1
vt 1 0
vt 0 0
vt 1 1
vt 0 1
vt 1 0
vt 0 0
vt 1 1
vt 0 1
vt 1 0
vt 0 0
vt 1 1
vt 0 1
vt 1 0
vt 0 0
vt 1 1
vt 0 1
vt 1 0
vt 0 0
vt 1 1
vt 0 1
vt 1 0
vt 0 0
vt 1 1
vt 0 1
vt 1 0
vt 0 0
vt 1 1
vt 0 1
vt 1 0
vt 0 0
vt 1 1
vt 0 1
vt 1 0
vt 0 0
vt 1 1
vt 0 1
vt 1 0
vt 0 0
vt 1 1
vt 0 1
vt 1 0
vt 0 0
vt 1 1
vt 0 1
vt 1 0
vt 0 0
vt 1 1
vt 0 1
vt 1 0
vt 0 0
vt 1 1
vt 0 1
vt 1 0
vt 0 0
vt 1 1
vt 0 1
vt 1 0
vt 0 0
vt 1 1
vt 0 1
vt 1 0
vt 0 0
vt 1 1
vt 0 1
vt 1 0
vt 0 0
vt 1 1
vt 0 1
vt 1 0
vt 0 0
vt 1 1
vt 0 1
vt 1 0
vt 0 0
vt 1 1
vt 0 1
vt 1 0
vt 0 0
vt 1 1
vt 0 1
vt 1 0
vt 0 0
vt 1 1
vt 0 1
vt 1 0
vt 0 0
vt 1 1
vt 0 1
vt 1 0
vt 0 0
vt 1 1
vt 0 1
vt 1 0
vt 0 0
vt 1 1
vt 0 1
vt 1 0
vt 0 0
vt 1 1
vt 0 1
vt 1 0
vt 0 0
vt 1 1
vt 0 1
vt 1 0
vt 0 0
vt 1 1
vt 0 1
vt 1 0
vt 0 0
vt 1 1
vt 0 1
vt 1 0
vt 0 0
vt 1 1
vt 0 1
vt 1 0
vt 0 0
vt 1 1
vt 0 1
vt 1 0
vt 0 0
vt 1 1
vt 0 1
vt 1 0
vt 0 0
vt 1 1
vt 0 1
vt 1 0
vt 0 0
vt 1 1
vt 0 1
vt 1 0
vt 0 0
vt 1 1
vn -0 0 -1
vn -0 0 -1
vn -0 0 -1
vn -0 0 -1
vn -0 0 -1
vn -0 0 -1
vn -0 0 -1
vn -0 0 -1
vn -0 0 -1
vn -0 0 -1
vn -0 0 -1
vn -0 0 -1
vn -0 0 -1
vn -0 0 -1
vn -0 0 -1
vn -0 0 -1
vn -0 0 -1
vn -0 0 -1
vn -0 0 -1
vn -0 0 -1
vn -0 0 -1
vn -0 0 -1
vn -0 0 -1
vn -0 0 -1
vn -0 0 -1
vn -0 0 -1
vn -0 0 -1
vn -0 0 -1
vn -0 0 -1
vn -0 0 -1
vn -0 0 -1
vn -0 0 -1
vn -0 0 -1
vn -0 0 -1
vn -0 0 -1
vn -0 0 -1
vn -0 0 -1
vn -0 0 -1
vn -0 0 -1
vn -0 0 -1
vn -0 0 -1
vn -0 0 -1
vn -0 0 -1
vn -0 0 -1
vn -0 0 -1
vn -0 0 -1
vn -0 0 -1
vn -0 0 -1
vn -0 0 -1
vn -0 0 -1
vn -0 0 -1
vn -0 0 -1
vn -0 0 -1
vn -0 0 -1
vn -0 0 -1
vn -0 0 -1
vn -0 0 -1
vn -0 0 -1
vn -0 0 -1
vn -0 0 -1
vn -0 0 -1
vn -0 0 -1
vn -0 0 -1
vn -0 0 -1
vn -0 0 -1
vn -0 0 -1
vn -0 0 -1
vn -0 0 -1
vn -0 0 -1
vn -0 0 -1
vn -0 0 -1
vn -0 0 -1
vn -0 0 -1
vn -0 0 -1
vn -0 0 -1
vn -0 0 -1
vn -0 0 -1
vn -0 0 -1
vn -0 0 -1
vn -0 0 -1
vn -0 0 -1
vn -0 0 -1
vn -0 0 -1
vn -0 0 -1
vn -0 0 -1
vn -0 0 -1
vn -0 0 -1
vn -0 0 -1
vn -0 0 -1
vn -0 0 -1
vn -0 0 -1
vn -0 0 -1
vn -0 0 -1
vn -0 0 -1
vn -0 0 -1
vn -0 0 -1
vn -0 0 -1
vn -0 0 -1
vn -0 0 -1
vn -0 0 -1
vn -0 0 -1
vn -0 0 -1
vn -0 0 -1
vn -0 0 -1
vn -0 0 -1
vn -0 0 -1
vn -0 0 -1
vn -0 0 -1
vn -0 0 -1
vn -0 0 -1
vn -0 0 -1
vn -0 0 -1
vn -0 0 -1
vn -0 0 -1
vn -0 0 -1
vn -0 0 -1
vn -0 0 -1
vn -0 0 -1
vn -0 0 -1
vn -0 0 -1
vn -0 0 -1
vn -0 0 -1
vn -0 0 -1
vn -0 0 -1
vn -0 0 -1
vn -0 0 -1
vn -0 0 -1
vn -0 0 -1
vn -0 0 -1
vn -0 0 -1
vn -0 0 -1
vn -0 0 -1
vn -0 0 -1
vn -0 0 -1
vn -0 0 -1
vn -0 0 -1
vn -0 0 -1
vn -0 0 -1
vn -0 0 -1
vn -0 0 -1
vn -0 0 -1
vn -0 0 -1
vn -0 0 -1
vn -0 0 -1
vn -0 0 -1
vn -0 0 -1
vn -0 0 -1
vn -0 0 -1
vn -0 0 -1
vn -0 0 -1
vn -0 0 -1
vn -0 0 -1
vn -0 0 -1
vn -0 0 -1
vn -0 0 -1
vn -0 0 -1
vn -0 0 -1
vn -0 0 -1
vn -0 0 -1
vn -0 0 -1
vn -0 0 -1
vn -0 0 -1
vn -0 0 -1
vn -0 0 -1
vn -0 0 -1
vn -0 0 -1
vn -0 0 -1
vn -0 0 -1
vn -0 0 -1
vn -0 0 -1
vn -0 0 -1
vn -0 0 -1
vn -0 0 -1
vn -0 0 -1
vn -0 0 -1
vn -0 0 -1
vn -0 0 -1
vn -0 0 -1
vn -0 0 -1
vn -0 0 -1
vn -0 0 -1
vn -0 0 -1
vn -0 0 -1
vn -0 0 -1
vn -0 0 -1
vn -0 0 -1
vn -0 0 -1
vn -0 0 -1
vn -0 0 -1
vn -0 0 -1
vn -0 0 -1
vn -0 0 -1
vn -0 0 -1
vn -0 0 -1
vn -0 0 -1
vn -0 0 -1
vn -0 0 -1
vn -0 0 -1
vn -0 0 -1
vn -0 0 -1
vn -0 0 -1
vn -0 0 -1
vn -0 0 -1
vn -0 0 -1
vn -0 0 -1
vn -0 0 -1
vn -0 0 -1
vn -0 0 -1
vn -0 0 -1
vn -0 0 -1
vn -0 0 -1
vn -0 0 -1
vn -0 0 -1
vn -0 0 -1
vn -0 0 -1
vn -0 0 -1
vn -0 0 -1
vn -0 0 -1
vn -0 0 -1
vn -0 0 -1
vn -0 0 -1
vn -0 0 -1
vn -0 0 -1
vn -0 0 -1
vn -0 0 -1
vn -0 0 -1
vn -0 0 -1
vn -0 0 -1
vn -0 0 -1
vn -0 0 -1
vn -0 0 -1
vn -0 0 -1
vn -0 0 -1
vn -0 0 -1
vn -0 0 -1
vn -0 0 -1
vn -0 0 -1
vn -0 0 -1
vn -0 0 -1
vn -0 0 -1
vn -0 0 -1
vn -0 0 -1
vn -0 0 -1
vn -0 0 -1
vn -0 0 -1
vn -0 0 -1
vn -0 0 -1
vn -0 0 -1
vn -0 0 -1
vn -0 0 -1
vn -0 0 -1
vn -0 0 -1
vn -0 0 -1
vn -0 0 -1
vn -0 0 -1
vn -0 0 -1
vn -0 0 -1
vn -0 0 -1
vn -0 0 -1
vn -0 0 -1
vn -0 0 -1
vn -0 0 -1
vn -0 0 -1
vn -0 0 -1
vn -0 0 -1
vn -0 0 -1
vn -0 0 -1
vn -0 0 -1
vn -0 0 -1
vn -0 0 -1
vn -0 0 -1
vn -0 0 -1
vn -0 0 -1
vn -0 0 -1
vn -0 0 -1
vn -0 0 -1
vn -0 0 -1
vn -0 0 -1
vn -0 0 -1
vn -0 0 -1
vn -0 0 -1
vn -0 0 -1
vn -0 0 -1
vn -0 0 -1
vn -0 0 -1
vn -0 0 -1
vn -0 0 -1
vn -0 0 -1
vn -0 0 -1
vn -0 0 -1
vn -0 0 -1
vn -0 0 -1
vn -0 0 -1
vn -0 0 -1
vn -0 0 -1
vn -0 0 -1
vn -0 0 -1
vn -0 0 -1
vn -0 0 -1
vn -0 0 -1
vn -0 0 -1
vn -0 0 -1
vn -0 0 -1
vn -0 0 -1
vn -0 0 -1
vn -0 0 -1
vn -0 0 -1
vn -0 0 -1
vn -0 0 -1
vn -0 0 -1
vn -0 0 -1
vn -0 0 -1
vn -0 0 -1
vn -0 0 -1
vn -0 0 -1
vn -0 0 -1
vn -0 0 -1
vn -0 0 -1
vn -0 0 -1
vn -0 0 -1
vn -0 0 -1
vn -0 0 -1
vn -0 0 -1
vn -0 0 -1
vn -0 0 -1
vn -0 0 -1
vn -0 0 -1
vn -0 0 -1
vn -0 0 -1
vn -0 0 -1
vn -0 0 -1
vn -0 0 -1
vn -0 0 -1
vn -0 0 -1
vn -0 0 -1
vn -0 0 -1
vn -0 0 -1
vn -0 0 -1
vn -0 0 -1
vn -0 0 -1
vn -0 0 -1
vn -0 0 -1
vn -0 0 -1
vn -0 0 -1
vn -0 0 -1
vn -0 0 -1
vn -0 0 -1
vn -0 0 -1
vn -0 0 -1
vn -0 0 -1
vn -0 0 -1
vn -0 0 -1
vn -0 0 -1
vn -0 0 -1
vn -0 0 -1
vn -0 0 -1
vn -0 0 -1
vn -0 0 -1
vn -0 0 -1
vn -0 0 -1
vn -0 0 -1
vn -0 0 -1
vn -0 0 -1
vn -0 0 -1
vn -0 0 -1
vn -0 0 -1
vn -0 0 -1
vn -0 0 -1
vn -0 0 -1
vn -0 0 -1
vn -0 0 -1
vn -0 0 -1
vn -0 0 -1
vn -0 0 -1
vn -0 0 -1
vn -0 0 -1
vn -0 0 -1
vn -0 0 -1
vn -0 0 -1
vn -0 0 -1
vn -0 0 -1
vn -0 0 -1
vn -0 0 -1
vn -0 0 -1
vn -0 0 -1
vn -0 0 -1
vn -0 0 -1
vn -0 0 -1
vn -0 0 -1
vn -0 0 -1
vn -0 0 -1
vn -0 0 -1
vn -0 0 -1
vn -0 0 -1
vn -0 0 -1
vn -0 0 -1
vn -0 0 -1
vn -0 0 -1
vn -0 0 -1
vn -0 0 -1
vn -0 0 -1
vn -0 0 -1
vn -0 0 -1
vn -0 0 -1
vn -0 0 -1
vn -0 0 -1
vn -0 0 -1
vn -0 0 -1
vn -0 0 -1
vn -0 0 -1
vn -0 0 -1
vn -0 0 -1
vn -0 0 -1
vn -0 0 -1
vn -0 0 -1
vn -0 0 -1
vn -0 0 -1
vn -0 0 -1
vn -0 0 -1
vn -0 0 -1
vn -0 0 -1
vn -0 0 -1
vn -0 0 -1
vn -0 0 -1
vn -0 0 -1
vn -0 0 -1
vn -0 0 -1
vn -0 0 -1
vn -0 0 -1
vn -0 0 -1
vn -0 0 -1
vn -0 0 -1
vn -0 0 -1
vn -0 0 -1
vn -0 0 -1
vn -0 0 -1
vn -0 0 -1
vn -0 0 -1
vn -0 0 -1
vn -0 0 -1
vn -0 0 -1
vn -0 0 -1
vn -0 0 -1
vn -0 0 -1
vn -0 0 -1
vn -0 0 -1
vn -0 0 -1
vn -0 0 -1
vn -0 0 -1
vn -0 0 -1
vn -0 0 -1
vn -0 0 -1
vn -0 0 -1
vn -0 0 -1
vn -0 0 -1
vn -0 0 -1
vn -0 0 -1
vn -0 0 -1
vn -0 0 -1
vn -0 0 -1
vn -0 0 -1
vn -0 0 -1
vn -0 0 -1
vn -0 0 -1
vn -0 0 -1
vn -0 0 -1
vn -0 0 -1
vn -0 0 -1
vn -0 0 -1
vn -0 0 -1
vn -0 0 -1
vn -0 0 -1
vn -0 0 -1
vn -0 0 -1
vn -0 0 -1
vn -0 0 -1
vn -0 0 -1
vn -0 0 -1
vn -0 0 -1
vn -0 0 -1
vn -0 0 -1
vn -0 0 -1
vn -0 0 -1
vn -0 0 -1
vn -0 0 -1
vn -0 0 -1
vn -0 0 -1
vn -0 0 -1
vn -0 0 -1
vn -0 0 -1
vn -0 0 -1
vn -0 0 -1
vn -0 0 -1
vn -0 0 -1
vn -0 0 -1
vn -0 0 -1
vn -0 0 -1
vn -0 0 -1
vn -0 0 -1
vn -0 0 -1
vn -0 0 -1
vn -0 0 -1
vn -0 0 -1
vn -0 0 -1
vn -0 0 -1
vn -0 0 -1
vn -0 0 -1
vn -0 0 -1
vn -0 0 -1
vn -0 0 -1
vn -0 0 -1
vn -0 0 -1
vn -0 0 -1
vn -0 0 -1
vn -0 0 -1
vn -0 0 -1
vn -0 0 -1
vn -0 0 -1
vn -0 0 -1
vn -0 0 -1
vn -0 0 -1
vn -0 0 -1
vn -0 0 -1
vn -0 0 -1
vn -0 0 -1
vn -0 0 -1
vn -0 0 -1
vn -0 0 -1
vn -0 0 -1
vn -0 0 -1
vn -0 0 -1
vn -0 0 -1
vn -0 0 -1
vn -0 0 -1
vn -0 0 -1
vn -0 0 -1
vn -0 0 -1
vn -0 0 -1
vn -0 0 -1
vn -0 0 -1
vn -0 0 -1
vn -0 0 -1
vn -0 0 -1
vn -0 0 -1
vn -0 0 -1
vn -0 0 -1
vn -0 0 -1
vn -0 0 -1
vn -0 0 -1
vn -0 0 -1
vn -0 0 -1
vn -0 0 -1
vn -0 0 -1
vn -0 0 -1
vn -0 0 -1
vn -0 0 -1
vn -0 0 -1
vn -0 0 -1
vn -0 0 -1
vn -0 0 -1
vn -0 0 -1
vn -0 0 -1
vn -0 0 -1
vn -0 0 -1
vn -0 0 -1
vn -0 0 -1
vn -0 0 -1
vn -0 0 -1
vn -0 0 -1
vn -0 0 -1
vn -0 0 -1
vn -0 0 -1
vn -0 0 -1
vn -0 0 -1
vn -0 0 -1
vn -0 0 -1
vn -0 0 -1
vn -0 0 -1
vn -0 0 -1
vn -0 0 -1
vn -0 0 -1
vn -0 0 -1
vn -0 0 -1
vn -0 0 -1
vn -0 0 -1
vn -0 0 -1
vn -0 0 -1
vn -0 0 -1
vn -0 0 -1
vn -0 0 -1
vn -0 0 -1
vn -0 0 -1
vn -0 0 -1
vn -0 0 -1
vn -0 0 -1
vn -0 0 -1
vn -0 0 -1
vn -0 0 -1
vn -0 0 -1
vn -0 0 -1
vn -0 0 -1
vn -0 0 -1
vn -0 0 -1
vn -0 0 -1
vn -0 0 -1
vn -0 0 -1
vn -0 0 -1
vn -0 0 -1
vn -0 0 -1
vn -0 0 -1
vn -0 0 -1
vn -0 0 -1
vn -0 0 -1
vn -0 0 -1
vn -0 0 -1
vn -0 0 -1
vn -0 0 -1
vn -0 0 -1
vn -0 0 -1
vn -0 0 -1
vn -0 0 -1
vn -0 0 -1
vn -0 0 -1
vn -0 0 -1
vn -0 0 -1
vn -0 0 -1
vn -0 0 -1
vn -0 0 -1
vn -0 0 -1
vn -0 0 -1
vn -0 0 -1
vn -0 0 -1
vn -0 0 -1
vn -0 0 -1
vn -0 0 -1
vn -0 0 -1
vn -0 0 -1
vn -0 0 -1
vn -0 0 -1
vn -0 0 -1
vn -0 0 -1
vn -0 0 -1
vn -0 0 -1
vn -0 0 -1
vn -0 0 -1
vn -0 0 -1
vn -0 0 -1
vn -0 0 -1
vn -0 0 -1
vn -0 0 -1
vn -0 0 -1
vn -0 0 -1
vn -0 0 -1
vn -0 0 -1
vn -0 0 -1
vn -0 0 -1
vn -0 0 -1
vn -0 0 -1
vn -0 0 -1
vn -0 0 -1
vn -0 0 -1
vn -0 0 -1
vn -0 0 -1
vn -0 0 -1
vn -0 0 -1
vn -0 0 -1
vn -0 0 -1
vn -0 0 -1
vn -0 0 -1
vn -0 0 -1
vn -0 0 -1
vn -0 0 -1
vn -0 0 -1
vn -0 0 -1
vn -0 0 -1
vn -0 0 -1
vn -0 0 -1
vn -0 0 -1
vn -0 0 -1
vn -0 0 -1
vn -0 0 -1
vn -0 0 -1
vn -0 0 -1
vn -0 0 -1
vn -0 0 -1
vn -0 0 -1
vn -0 0 -1
vn -0 0 -1
vn -0 0 -1
vn -0 0 -1
vn -0 0 -1
vn -0 0 -1
vn -0 0 -1
vn -0 0 -1
vn -0 0 -1
vn -0 0 -1
vn -0 0 -1
vn -0 0 -1
vn -0 0 -1
vn -0 0 -1
vn -0 0 -1
vn -0 0 -1
vn -0 0 -1
vn -0 0 -1
vn -0 0 -1
vn -0 0 -1
vn -0 0 -1
vn -0 0 -1
vn -0 0 -1
vn -0 0 -1
vn -0 0 -1
vn -0 0 -1
vn -0 0 -1
vn -0 0 -1
vn -0 0 -1
vn -0 0 -1
vn -0 0 -1
vn -0 0 -1
vn -0 0 -1
vn -0 0 -1
vn -0 0 -1
vn -0 0 -1
vn -0 0 -1
vn -0 0 -1
vn -0 0 -1
vn -0 0 -1
vn -0 0 -1
vn -0 0 -1
vn -0 0 -1
vn -0 0 -1
vn -0 0 -1
vn -0 0 -1
vn -0 0 -1
vn -0 0 -1
vn -0 0 -1
vn -0 0 -1
vn -0 0 -1
vn -0 0 -1
vn -0 0 -1
vn -0 0 -1
vn -0 0 -1
vn -0 0 -1
vn -0 0 -1
vn -0 0 -1
vn -0 0 -1
vn -0 0 -1
vn -0 0 -1
vn -0 0 -1
vn -0 0 -1
vn -0 0 -1
vn -0 0 -1
vn -0 0 -1
vn -0 0 -1
vn -0 0 -1
vn -0 0 -1
vn -0 0 -1
vn -0 0 -1
vn -0 0 -1
vn -0 0 -1
vn -0 0 -1
vn -0 0 -1
vn -0 0 -1
vn -0 0 -1
vn -0 0 -1
vn -0 0 -1
vn -0 0 -1
vn -0 0 -1
vn -0 0 -1
vn -0 0 -1
vn -0 0 -1
vn -0 0 -1
vn -0 0 -1
vn -0 0 -1
vn -0 0 -1
vn -0 0 -1
vn -0 0 -1
vn -0 0 -1
vn -0 0 -1
vn -0 0 -1
vn -0 0 -1
vn -0 0 -1
vn -0 0 -1
vn -0 0 -1
vn -0 0 -1
vn -0 0 -1
vn -0 0 -1
vn -0 0 -1
vn -0 0 -1
vn -0 0 -1
vn -0 0 -1
vn -0 0 -1
vn -0 0 -1
vn -0 0 -1
vn -0 0 -1
vn -0 0 -1
vn -0 0 -1
vn -0 0 -1
vn -0 0 -1
vn -0 0 -1
vn -0 0 -1
vn -0 0 -1
vn -0 0 -1
vn -0 0 -1
vn -0 0 -1
vn -0 0 -1
vn -0 0 -1
vn -0 0 -1
vn -0 0 -1
vn -0 0 -1
vn -0 0 -1
vn -0 0 -1
vn -0 0 -1
vn -0 0 -1
vn -0 0 -1
vn -0 0 -1
vn -0 0 -1
vn -0 0 -1
vn -0 0 -1
vn -0 0 -1
vn -0 0 -1
vn -0 0 -1
vn -0 0 -1
vn -0 0 -1
vn -0 0 -1
vn -0 0 -1
vn -0 0 -1
vn -0 0 -1
vn -0 0 -1
vn -0 0 -1
vn -0 0 -1
vn -0 0 -1
vn -0 0 -1
vn -0 0 -1
vn -0 0 -1
vn -0 0 -1
vn -0 0 -1
vn -0 0 -1
vn -0 0 -1
vn -0 0 -1
vn -0 0 -1
vn -0 0 -1
vn -0 0 -1
vn -0 0 -1
vn -0 0 -1
vn -0 0 -1
vn -0 0 -1
vn -0 0 -1
vn -0 0 -1
vn -0 0 -1
vn -0 0 -1
vn -0 0 -1
vn -0 0 -1
vn -0 0 -1
vn -0 0 -1
vn -0 0 -1
vn -0 0 -1
vn -0 0 -1
vn -0 0 -1
vn -0 0 -1
vn -0 0 -1
vn -0 0 -1
vn -0 0 -1
vn -0 0 -1
vn -0 0 -1
vn -0 0 -1
vn -0 0 -1
vn -0 0 -1
vn -0 0 -1
vn -0 0 -1
vn -0 0 -1
vn -0 0 -1
vn -0 0 -1
vn -0 0 -1
vn -0 0 -1
vn -0 0 -1
vn -0 0 -1
vn -0 0 -1
vn -0 0 -1
vn -0 0 -1
vn -0 0 -1
vn -0 0 -1
vn -0 0 -1
vn -0 0 -1
vn -0 0 -1
vn -0 0 -1
vn -0 0 -1
vn -0 0 -1
vn -0 0 -1
vn -0 0 -1
vn -0 0 -1
vn -0 0 -1
vn -0 0 -1
vn -0 0 -1
vn -0 0 -1
vn -0 0 -1
vn -0 0 -1
vn -0 0 -1
vn -0 0 -1
vn -0 0 -1
vn -0 0 -1
vn -0 0 -1
vn -0 0 -1
vn -0 0 -1
vn -0 0 -1
vn -0 0 -1
vn -0 0 -1
vn -0 0 -1
vn -0 0 -1
vn -0 0 -1
vn -0 0 -1
vn -0 0 -1
vn -0 0 -1
vn -0 0 -1
vn -0 0 -1
vn -0 0 -1
vn -0 0 -1
vn -0 0 -1
vn -0 0 -1
vn -0 0 -1
vn -0 0 -1
vn -0 0 -1
vn -0 0 -1
vn -0 0 -1
vn -0 0 -1
vn -0 0 -1
vn -0 0 -1
vn -0 0 -1
vn -0 0 -1
vn -0 0 -1
vn -0 0 -1
vn -0 0 -1
vn -0 0 -1
vn -0 0 -1
vn -0 0 -1
vn -0 0 -1
vn -0 0 -1
vn -0 0 -1
vn -0 0 -1
vn -0 0 -1
vn -0 0 -1
vn -0 0 -1
vn -0 0 -1
vn -0 0 -1
vn -0 0 -1
vn -0 0 -1
vn -0 0 -1
vn -0 0 -1
vn -0 0 -1
vn -0 0 -1
vn -0 0 -1
vn -0 0 -1
vn -0 0 -1
vn -0 0 -1
vn -0 0 -1
vn -0 0 -1
vn -0 0 -1
vn -0 0 -1
vn -0 0 -1
vn -0 0 -1
vn -0 0 -1
vn -0 0 -1
vn -0 0 -1
vn -0 0 -1
vn -0 0 -1
vn -0 0 -1
vn -0 0 -1
vn -0 0 -1
vn -0 0 -1
vn -0 0 -1
vn -0 0 -1
vn -0 0 -1
vn -0 0 -1
vn -0 0 -1
vn -0 0 -1
vn -0 0 -1
vn -0 0 -1
vn -0 0 -1
vn -0 0 -1
vn -0 0 -1
vn -0 0 -1
vn -0 0 -1
vn -0 0 -1
vn -0 0 -1
vn -0 0 -1
vn -0 0 -1
vn -0 0 -1
vn -0 0 -1
vn -0 0 -1
vn -0 0 -1
vn -0 0 -1
vn -0 0 -1
vn -0 0 -1
vn -0 0 -1
vn -0 0 -1
vn -0 0 -1
vn -0 0 -1
vn -0 0 -1
vn -0 0 -1
vn -0 0 -1
vn -0 0 -1
vn -0 0 -1
vn -0 0 -1
vn -0 0 -1
vn -0 0 -1
vn -0 0 -1
vn -0 0 -1
vn -0 0 -1
vn -0 0 -1
vn -0 0 -1
vn -0 0 -1
vn -0 0 -1
vn -0 0 -1
vn -0 0 -1
vn -0 0 -1
vn -0 0 -1
vn -0 0 -1
vn -0 0 -1
vn -0 0 -1
vn -0 0 -1
vn -0 0 -1
vn -0 0 -1
vn -0 0 -1
vn -0 0 -1
vn -0 0 -1
vn -0 0 -1
vn -0 0 -1
vn -0 0 -1
vn -0 0 -1
vn -0 0 -1
vn -0 0 -1
vn -0 0 -1
vn -0 0 -1
vn -0 0 -1
vn -0 0 -1
vn -0 0 -1
vn -0 0 -1
vn -0 0 -1
vn -0 0 -1
vn -0 0 -1
vn -0 0 -1
vn -0 0 -1
vn -0 0 -1
vn -0 0 -1
vn -0 0 -1
vn -0 0 -1
vn -0 0 -1
vn -0 0 -1
vn -0 0 -1
vn -0 0 -1
vn -0 0 -1
vn -0 0 -1
vn -0 0 -1
vn -0 0 -1
vn -0 0 -1
vn -0 0 -1
vn -0 0 -1
vn -0 0 -1
vn -0 0 -1
vn -0 0 -1
vn -0 0 -1
vn -0 0 -1
vn -0 0 -1
vn -0 0 -1
vn -0 0 -1
vn -0 0 -1
vn -0 0 -1
vn -0 0 -1
vn -0 0 -1
vn -0 0 -1
vn -0 0 -1
vn -0 0 -1
vn -0 0 -1
vn -0 0 -1
vn -0 0 -1
vn -0 0 -1
vn -0 0 -1
vn -0 0 -1
vn -0 0 -1
vn -0 0 -1
vn -0 0 -1
vn -0 0 -1
vn -0 0 -1
vn -0 0 -1
vn -0 0 -1
vn -0 0 -1
vn -0 0 -1
vn -0 0 -1
vn -0 0 -1
vn -0 0 -1
vn -0 0 -1
vn -0 0 -1
vn -0 0 -1
vn -0 0 -1
vn -0 0 -1
vn -0 0 -1
vn -0 0 -1
vn -0 0 -1
vn -0 0 -1
vn -0 0 -1
vn -0 0 -1
vn -0 0 -1
vn -0 0 -1
vn -0 0 -1
vn -0 0 -1
vn -0 0 -1
vn -0 0 -1
vn -0 0 -1
vn -0 0 -1
vn -0 0 -1
vn -0 0 -1
vn -0 0 -1
vn -0 0 -1
vn -0 0 -1
vn -0 0 -1
vn -0 0 -1
vn -0 0 -1
vn -0 0 -1
vn -0 0 -1
vn -0 0 -1
vn -0 0 -1
vn -0 0 -1
vn -0 0 -1
vn -0 0 -1
vn -0 0 -1
vn -0 0 -1
vn -0 0 -1
vn -0 0 -1
vn -0 0 -1
vn -0 0 -1
vn -0 0 -1
vn -0 0 -1
vn -0 0 -1
vn -0 0 -1
vn -0 0 -1
vn -0 0 -1
vn -0 0 -1
vn -0 0 -1
vn -0 0 -1
vn -0 0 -1
vn -0 0 -1
vn -0 0 -1
vn -0 0 -1
vn -0 0 -1
vn -0 0 -1
vn -0 0 -1
vn -0 0 -1
vn -0 0 -1
vn -0 0 -1
vn -0 0 -1
vn -0 0 -1
vn -0 0 -1
vn -0 0 -1
vn -0 0 -1
vn -0 0 -1
vn -0 0 -1
vn -0 0 -1
vn -0 0 -1
vn -0 0 -1
vn -0 0 -1
vn -0 0 -1
vn -0 0 -1
vn -0 0 -1
vn -0 0 -1
vn -0 0 -1
vn -0 0 -1
vn -0 0 -1
vn -0 0 -1
vn -0 0 -1
vn -0 0 -1
vn -0 0 -1
vn -0 0 -1
vn -0 0 -1
vn -0 0 -1
vn -0 0 -1
vn -0 0 -1
vn -0 0 -1
vn -0 0 -1
vn -0 0 -1
vn -0 0 -1
vn -0 0 -1
vn -0 0 -1
vn -0 0 -1
vn -0 0 -1
vn -0 0 -1
vn -0 0 -1
vn -0 0 -1
vn -0 0 -1
vn -0 0 -1
vn -0 0 -1
vn -0 0 -1
vn -0 0 -1
vn -0 0 -1
vn -0 0 -1
vn -0 0 -1
vn -0 0 -1
vn -0 0 -1
vn -0 0 -1
vn -0 0 -1
vn -0 0 -1
vn -0 0 -1
vn -0 0 -1
vn -0 0 -1
vn -0 0 -1
vn -0 0 -1
vn -0 0 -1
vn -0 0 -1
vn -0 0 -1
vn -0 0 -1
vn -0 0 -1
vn -0 0 -1
vn -0 0 -1
vn -0 0 -1
vn -0 0 -1
vn -0 0 -1
vn -0 0 -1
vn -0 0 -1
vn -0 0 -1
vn -0 0 -1
vn -0 0 -1
vn -0 0 -1
vn -0 0 -1
vn -0 0 -1
vn -0 0 -1
vn -0 0 -1
vn -0 0 -1
vn -0 0 -1
vn -0 0 -1
vn -0 0 -1
vn -0 0 -1
vn -0 0 -1
vn -0 0 -1
vn -0 0 -1
vn -0 0 -1
vn -0 0 -1
vn -0 0 -1
vn -0 0 -1
vn -0 0 -1
vn -0 0 -1
vn -0 0 -1
vn -0 0 -1
vn -0 0 -1
vn -0 0 -1
vn -0 0 -1
vn -0 0 -1
vn -0 0 -1
vn -0 0 -1
vn -0 0 -1
vn -0 0 -1
vn -0 0 -1
vn -0 0 -1
vn -0 0 -1
vn -0 0 -1
vn -0 0 -1
vn -0 0 -1
vn -0 0 -1
vn -0 0 -1
vn -0 0 -1
vn -0 0 -1
vn -0 0 -1
vn -0 0 -1
vn -0 0 -1
vn -0 0 -1
vn -0 0 -1
vn -0 0 -1
vn -0 0 -1
vn -0 0 -1
vn -0 0 -1
vn -0 0 -1
vn -0 0 -1
vn -0 0 -1
vn -0 0 -1
vn -0 0 -1
vn -0 0 -1
vn -0 0 -1
vn -0 0 -1
vn -0 0 -1
vn -0 0 -1
vn -0 0 -1
vn -0 0 -1
vn -0 0 -1
vn -0 0 -1
vn -0 0 -1
vn -0 0 -1
vn -0 0 -1
vn -0 0 -1
vn -0 0 -1
vn -0 0 -1
vn -0 0 -1
vn -0 0 -1
vn -0 0 -1
vn -0 0 -1
vn -0 0 -1
vn -0 0 -1
vn -0 0 -1
vn -0 0 -1
vn -0 0 -1
vn -0 0 -1
vn -0 0 -1
vn -0 0 -1
vn -0 0 -1
vn -0 0 -1
vn -0 0 -1
vn -0 0 -1
vn -0 0 -1
vn -0 0 -1
vn -0 0 -1
vn -0 0 -1
vn -0 0 -1
vn -0 0 -1
vn -0 0 -1
vn -0 0 -1
vn -0 0 -1
vn -0 0 -1
vn -0 0 -1
vn -0 0 -1
vn -0 0 -1
vn -0 0 -1
vn -0 0 -1
vn -0 0 -1
vn -0 0 -1
vn -0 0 -1
vn -0 0 -1
vn -0 0 -1
vn -0 0 -1
vn -0 0 -1
vn -0 0 -1
vn -0 0 -1
vn -0 0 -1
vn -0 0 -1
vn -0 0 -1
vn -0 0 -1
vn -0 0 -1
vn -0 0 -1
vn -0 0 -1
vn -0 0 -1
vn -0 0 -1
vn -0 0 -1
vn -0 0 -1
vn -0 0 -1
vn -0 0 -1
vn -0 0 -1
vn -0 0 -1
vn -0 0 -1
vn -0 0 -1
vn -0 0 -1
vn -0 0 -1
vn -0 0 -1
vn -0 0 -1
vn -0 0 -1
vn -0 0 -1
vn -0 0 -1
vn -0 0 -1
vn -0 0 -1
vn -0 0 -1
vn -0 0 -1
vn -0 0 -1
vn -0 0 -1
vn -0 0 -1
vn -0 0 -1
vn -0 0 -1
vn -0 0 -1
vn -0 0 -1
vn -0 0 -1
vn -0 0 -1
vn -0 0 -1
vn -0 0 -1
vn -0 0 -1
vn -0 0 -1
vn -0 0 -1
vn -0 0 -1
vn -0 0 -1
vn -0 0 -1
vn -0 0 -1
vn -0 0 -1
vn -0 0 -1
vn -0 0 -1
vn -0 0 -1
vn -0 0 -1
vn -0 0 -1
vn -0 0 -1
vn -0 0 -1
vn -0 0 -1
vn -0 0 -1
vn -0 0 -1
vn -0 0 -1
vn -0 0 -1
vn -0 0 -1
vn -0 0 -1
vn -0 0 -1
vn -0 0 -1
vn -0 0 -1
vn -0 0 -1
vn -0 0 -1
vn -0 0 -1
vn -0 0 -1
vn -0 0 -1
vn -0 0 -1
vn -0 0 -1
vn -0 0 -1
vn -0 0 -1
vn -0 0 -1
vn -0 0 -1
vn -0 0 -1
vn -0 0 -1
vn -0 0 -1
vn -0 0 -1
vn -0 0 -1
vn -0 0 -1
vn -0 0 -1
vn -0 0 -1
vn -0 0 -1
vn -0 0 -1
vn -0 0 -1
vn -0 0 -1
vn -0 0 -1
vn -0 0 -1
vn -0 0 -1
vn -0 0 -1
vn -0 0 -1
vn -0 0 -1
vn -0 0 -1
vn -0 0 -1
vn -0 0 -1
vn -0 0 -1
vn -0 0 -1
vn -0 0 -1
vn -0 0 -1
vn -0 0 -1
vn -0 0 -1
vn -0 0 -1
vn -0 0 -1
vn -0 0 -1
vn -0 0 -1
vn -0 0 -1
vn -0 0 -1
vn -0 0 -1
vn -0 0 -1
vn -0 0 -1
vn -0 0 -1
vn -0 0 -1
vn -0 0 -1
vn -0 0 -1
vn -0 0 -1
vn -0 0 -1
vn -0 0 -1
vn -0 0 -1
vn -0 0 -1
vn -0 0 -1
vn -0 0 -1
vn -0 0 -1
vn -0 0 -1
vn -0 0 -1
vn -0 0 -1
vn -0 0 -1
vn -0 0 -1
vn -0 0 -1
vn -0 0 -1
vn -0 0 -1
vn -0 0 -1
vn -0 0 -1
vn -0 0 -1
vn -0 0 -1
vn -0 0 -1
vn -0 0 -1
vn -0 0 -1
vn -0 0 -1
vn -0 0 -1
vn -0 0 -1
vn -0 0 -1
vn -0 0 -1
vn -0 0 -1
vn -0 0 -1
vn -0 0 -1
vn -0 0 -1
vn -0 0 -1
vn -0 0 -1
vn -0 0 -1
vn -0 0 -1
vn -0 0 -1
vn -0 0 -1
vn -0 0 -1
vn -0 0 -1
vn -0 0 -1
vn -0 0 -1
vn -0 0 -1
vn -0 0 -1
vn -0 0 -1
vn -0 0 -1
vn -0 0 -1
vn -0 0 -1
vn -0 0 -1
vn -0 0 -1
vn -0 0 -1
vn -0 0 -1
vn -0 0 -1
vn -0 0 -1
vn -0 0 -1
vn -0 0 -1
vn -0 0 -1
vn -0 0 -1
vn -0 0 -1
vn -0 0 -1
vn -0 0 -1
vn -0 0 -1
vn -0 0 -1
vn -0 0 -1
vn -0 0 -1
vn -0 0 -1
vn -0 0 -1
vn -0 0 -1
vn -0 0 -1
vn -0 0 -1
vn -0 0 -1
vn -0 0 -1
vn -0 0 -1
vn -0 0 -1
vn -0 0 -1
vn -0 0 -1
vn -0 0 -1
vn -0 0 -1
vn -0 0 -1
vn -0 0 -1
vn -0 0 -1
vn -0 0 -1
vn -0 0 -1
vn -0 0 -1
vn -0 0 -1
vn -0 0 -1
vn -0 0 -1
vn -0 0 -1
vn -0 0 -1
vn -0 0 -1
vn -0 0 -1
vn -0 0 -1
vn -0 0 -1
vn -0 0 -1
vn -0 0 -1
vn -0 0 -1
vn -0 0 -1
vn -0 0 -1
vn -0 0 -1
vn -0 0 -1
vn -0 0 -1
vn -0 0 -1
vn -0 0 -1
vn -0 0 -1
vn -0 0 -1
vn -0 0 -1
vn -0 0 -1
vn -0 0 -1
vn -0 0 -1
vn -0 0 -1
vn -0 0 -1
vn -0 0 -1
vn -0 0 -1
vn -0 0 -1
vn -0 0 -1
vn -0 0 -1
vn -0 0 -1
vn -0 0 -1
vn -0 0 -1
vn -0 0 -1
vn -0 0 -1
vn -0 0 -1
vn -0 0 -1
vn -0 0 -1
vn -0 0 -1
vn -0 0 -1
vn -0 0 -1
vn -0 0 -1
vn -0 0 -1
vn -0 0 -1
vn -0 0 -1
vn -0 0 -1
vn -0 0 -1
vn -0 0 -1
vn -0 0 -1
vn -0 0 -1
vn -0 0 -1
vn -0 0 -1
vn -0 0 -1
vn -0 0 -1
vn -0 0 -1
vn -0 0 -1
vn -0 0 -1
vn -0 0 -1
vn -0 0 -1
vn -0 0 -1
vn -0 0 -1
vn -0 0 -1
vn -0 0 -1
vn -0 0 -1
vn -0 0 -1
vn -0 0 -1
vn -0 0 -1
vn -0 0 -1
vn -0 0 -1
vn -0 0 -1
vn -0 0 -1
vn -0 0 -1
vn -0 0 -1
vn -0 0 -1
vn -0 0 -1
vn -0 0 -1
vn -0 0 -1
vn -0 0 -1
vn -0 0 -1
vn -0 0 -1
vn -0 0 -1
vn -0 0 -1
vn -0 0 -1
vn -0 0 -1
vn -0 0 -1
vn -0 0 -1
vn -0 0 -1
vn -0 0 -1
vn -0 0 -1
vn -0 0 -1
vn -0 0 -1
vn -0 0 -1
vn -0 0 -1
vn -0 0 -1
vn -0 0 -1
vn -0 0 -1
vn -0 0 -1
vn -0 0 -1
vn -0 0 -1
vn -0 0 -1
vn -0 0 -1
vn -0 0 -1
vn -0 0 -1
vn -0 0 -1
vn -0 0 -1
vn -0 0 -1
vn -0 0 -1
vn -0 0 -1
vn -0 0 -1
vn -0 0 -1
vn -0 0 -1
vn -0 0 -1
vn -0 0 -1
vn -0 0 -1
vn -0 0 -1
vn -0 0 -1
vn -0 0 -1
vn -0 0 -1
vn -0 0 -1
vn -0 0 -1
vn -0 0 -1
vn -0 0 -1
vn -0 0 -1
vn -0 0 -1
vn -0 0 -1
vn -0 0 -1
vn -0 0 -1
vn -0 0 -1
vn -0 0 -1
vn -0 0 -1
vn -0 0 -1
vn -0 0 -1
vn -0 0 -1
vn -0 0 -1
vn -0 0 -1
vn -0 0 -1
vn -0 0 -1
vn -0 0 -1
vn -0 0 -1
vn -0 0 -1
vn -0 0 -1
vn -0 0 -1
vn -0 0 -1
vn -0 0 -1
vn -0 0 -1
vn -0 0 -1
vn -0 0 -1
vn -0 0 -1
vn -0 0 -1
vn -0 0 -1
vn -0 0 -1
vn -0 0 -1
vn -0 0 -1
vn -0 0 -1
vn -0 0 -1
vn -0 0 -1
vn -0 0 -1
vn -0 0 -1
vn -0 0 -1
vn -0 0 -1
vn -0 0 -1
vn -0 0 -1
vn -0 0 -1
vn -0 0 -1
vn -0 0 -1
vn -0 0 -1
vn -0 0 -1
vn -0 0 -1
vn -0 0 -1
vn -0 0 -1
vn -0 0 -1
vn -0 0 -1
vn -0 0 -1
vn -0 0 -1
vn -0 0 -1
vn -0 0 -1
vn -0 0 -1
vn -0 0 -1
vn -0 0 -1
vn -0 0 -1
vn -0 0 -1
vn -0 0 -1
vn -0 0 -1
vn -0 0 -1
vn -0 0 -1
vn -0 0 -1
vn -0 0 -1
vn -0 0 -1
vn -0 0 -1
vn -0 0 -1
vn -0 0 -1
vn -0 0 -1
vn -0 0 -1
vn -0 0 -1
vn -0 0 -1
vn -0 0 -1
vn -0 0 -1
vn -0 0 -1
vn -0 0 -1
vn -0 0 -1
vn -0 0 -1
vn -0 0 -1
vn -0 0 -1
vn -0 0 -1
vn -0 0 -1
vn -0 0 -1
vn -0 0 -1
vn -0 0 -1
vn -0 0 -1
vn -0 0 -1
vn -0 0 -1
vn -0 0 -1
vn -0 0 -1
vn -0 0 -1
vn -0 0 -1
vn -0 0 -1
vn -0 0 -1
vn -0 0 -1
vn -0 0 -1
vn -0 0 -1
vn -0 0 -1
vn -0 0 -1
vn -0 0 -1
vn -0 0 -1
vn -0 0 -1
vn -0 0 -1
vn -0 0 -1
vn -0 0 -1
vn -0 0 -1
vn -0 0 -1
vn -0 0 -1
vn -0 0 -1
vn -0 0 -1
vn -0 0 -1
vn -0 0 -1
vn -0 0 -1
vn -0 0 -1
vn -0 0 -1
vn -0 0 -1
vn -0 0 -1
vn -0 0 -1
vn -0 0 -1
vn -0 0 -1
vn -0 0 -1
vn -0 0 -1
vn -0 0 -1
vn -0 0 -1
vn -0 0 -1
vn -0 0 -1
vn -0 0 -1
vn -0 0 -1
vn -0 0 -1
vn -0 0 -1
vn -0 0 -1
vn -0 0 -1
vn -0 0 -1
vn -0 0 -1
vn -0 0 -1
vn -0 0 -1
vn -0 0 -1
vn -0 0 -1
vn -0 0 -1
vn -0 0 -1
vn -0 0 -1
vn -0 0 -1
vn -0 0 -1
vn -0 0 -1
vn -0 0 -1
vn -0 0 -1
vn -0 0 -1
vn -0 0 -1
vn -0 0 -1
vn -0 0 -1
vn -0 0 -1
vn -0 0 -1
vn -0 0 -1
vn -0 0 -1
vn -0 0 -1
vn -0 0 -1
vn -0 0 -1
vn -0 0 -1
vn -0 0 -1
vn -0 0 -1
vn -0 0 -1
vn -0 0 -1
vn -0 0 -1
vn -0 0 -1
vn -0 0 -1
vn -0 0 -1
vn -0 0 -1
vn -0 0 -1
vn -0 0 -1
vn -0 0 -1
vn -0 0 -1
vn -0 0 -1
vn -0 0 -1
vn -0 0 -1
vn -0 0 -1
vn -0 0 -1
vn -0 0 -1
vn -0 0 -1
vn -0 0 -1
vn -0 0 -1
vn -0 0 -1
vn -0 0 -1
vn -0 0 -1
vn -0 0 -1
vn -0 0 -1
vn -0 0 -1
vn -0 0 -1
vn -0 0 -1
vn -0 0 -1
vn -0 0 -1
vn -0 0 -1
vn -0 0 -1
vn -0 0 -1
vn -0 0 -1
vn -0 0 -1
vn -0 0 -1
vn -0 0 -1
vn -0 0 -1
vn -0 0 -1
vn -0 0 -1
vn -0 0 -1
vn -0 0 -1
vn -0 0 -1
vn -0 0 -1
vn -0 0 -1
vn -0 0 -1
vn -0 0 -1
vn -0 0 -1
vn -0 0 -1
vn -0 0 -1
vn -0 0 -1
vn -0 0 -1
vn -0 0 -1
vn -0 0 -1
vn -0 0 -1
vn -0 0 -1
vn -0 0 -1
vn -0 0 -1
vn -0 0 -1
vn -0 0 -1
vn -0 0 -1
vn -0 0 -1
vn -0 0 -1
vn -0 0 -1
vn -0 0 -1
vn -0 0 -1
vn -0 0 -1
vn -0 0 -1
vn -0 0 -1
vn -0 0 -1
vn -0 0 -1
vn -0 0 -1
vn -0 0 -1
vn -0 0 -1
vn -0 0 -1
vn -0 0 -1
vn -0 0 -1
vn -0 0 -1
vn -0 0 -1
vn -0 0 -1
vn -0 0 -1
vn -0 0 -1
vn -0 0 -1
vn -0 0 -1
vn -0 0 -1
vn -0 0 -1
vn -0 0 -1
vn -0 0 -1
vn -0 0 -1
vn -0 0 -1
vn -0 0 -1
vn -0 0 -1
vn -0 0 -1
vn -0 0 -1
vn -0 0 -1
vn -0 0 -1
vn -0 0 -1
vn -0 0 -1
vn -0 0 -1
vn -0 0 -1
vn -0 0 -1
vn -0 0 -1
vn -0 0 -1
vn -0 0 -1
vn -0 0 -1
vn -0 0 -1
vn -0 0 -1
vn -0 0 -1
vn -0 0 -1
vn -0 0 -1
vn -0 0 -1
vn -0 0 -1
vn -0 0 -1
vn -0 0 -1
vn -0 0 -1
vn -0 0 -1
vn -0 0 -1
vn -0 0 -1
vn -0 0 -1
vn -0 0 -1
vn -0 0 -1
vn -0 0 -1
vn -0 0 -1
vn -0 0 -1
vn -0 0 -1
vn -0 0 -1
vn -0 0 -1
vn -0 0 -1
vn -0 0 -1
vn -0 0 -1
vn -0 0 -1
vn -0 0 -1
vn -0 0 -1
vn -0 0 -1
vn -0 0 -1
vn -0 0 -1
vn -0 0 -1
vn -0 0 -1
vn -0 0 -1
vn -0 0 -1
vn -0 0 -1
vn -0 0 -1
vn -0 0 -1
vn -0 0 -1
vn -0 0 -1
vn -0 0 -1
vn -0 0 -1
vn -0 0 -1
vn -0 0 -1
vn -0 0 -1
vn -0 0 -1
vn -0 0 -1
vn -0 0 -1
vn -0 0 -1
vn -0 0 -1
vn -0 0 -1
vn -0 0 -1
vn -0 0 -1
vn -0 0 -1
vn -0 0 -1
vn -0 0 -1
vn -0 0 -1
vn -0 0 -1
vn -0 0 -1
vn -0 0 -1
vn -0 0 -1
vn -0 0 -1
vn -0 0 -1
vn -0 0 -1
vn -0 0 -1
vn -0 0 -1
vn -0 0 -1
vn -0 0 -1
vn -0 0 -1
vn -0 0 -1
vn -0 0 -1
vn -0 0 -1
vn -0 0 -1
vn -0 0 -1
vn -0 0 -1
vn -0 0 -1
vn -0 0 -1
vn -0 0 -1
vn -0 0 -1
vn -0 0 -1
vn -0 0 -1
vn -0 0 -1
vn -0 0 -1
vn -0 0 -1
vn -0 0 -1
vn -0 0 -1
vn -0 0 -1
vn -0 0 -1
vn -0 0 -1
vn -0 0 -1
vn -0 0 -1
vn -0 0 -1
vn -0 0 -1
vn -0 0 -1
vn -0 0 -1
vn -0 0 -1
vn -0 0 -1
vn -0 0 -1
vn -0 0 -1
vn -0 0 -1
vn -0 0 -1
vn -0 0 -1
vn -0 0 -1
vn -0 0 -1
vn -0 0 -1
vn -0 0 -1
vn -0 0 -1
vn -0 0 -1
vn -0 0 -1
vn -0 0 -1
vn -0 0 -1
vn -0 0 -1
vn -0 0 -1
vn -0 0 -1
vn -0 0 -1
vn -0 0 -1
vn -0 0 -1
vn -0 0 -1
vn -0 0 -1
vn -0 0 -1
vn -0 0 -1
vn -0 0 -1
vn -0 0 -1
vn -0 0 -1
vn -0 0 -1
vn -0 0 -1
vn -0 0 -1
vn -0 0 -1
vn -0 0 -1
vn -0 0 -1
vn -0 0 -1
vn -0 0 -1
vn -0 0 -1
vn -0 0 -1
vn -0 0 -1
vn -0 0 -1
vn -0 0 -1
vn -0 0 -1
vn -0 0 -1
vn -0 0 -1
vn -0 0 -1
vn -0 0 -1
vn -0 0 -1
vn -0 0 -1
vn -0 0 -1
vn -0 0 -1
vn -0 0 -1
vn -0 0 -1
vn -0 0 -1
vn -0 0 -1
vn -0 0 -1
vn -0 0 -1
vn -0 0 -1
vn -0 0 -1
vn -0 0 -1
vn -0 0 -1
vn -0 0 -1
vn -0 0 -1
vn -0 0 -1
vn -0 0 -1
vn -0 0 -1
vn -0 0 -1
vn -0 0 -1
vn -0 0 -1
vn -0 0 -1
vn -0 0 -1
vn -0 0 -1
vn -0 0 -1
vn -0 0 -1
vn -0 0 -1
vn -0 0 -1
vn -0 0 -1
vn -0 0 -1
vn -0 0 -1
vn -0 0 -1
vn -0 0 -1
vn -0 0 -1
vn -0 0 -1
vn -0 0 -1
vn -0 0 -1
vn -0 0 -1
vn -0 0 -1
vn -0 0 -1
vn -0 0 -1
vn -0 0 -1
vn -0 0 -1
vn -0 0 -1
vn -0 0 -1
vn -0 0 -1
vn -0 0 -1
vn -0 0 -1
vn -0 0 -1
vn -0 0 -1
vn -0 0 -1
vn -0 0 -1
vn -0 0 -1
vn -0 0 -1
vn -0 0 -1
vn -0 0 -1
vn -0 0 -1
vn -0 0 -1
vn -0 0 -1
vn -0 0 -1
vn -0 0 -1
vn -0 0 -1
vn -0 0 -1
vn -0 0 -1
vn -0 0 -1
vn -0 0 -1
vn -0 0 -1
vn -0 0 -1
vn -0 0 -1
vn -0 0 -1
vn -0 0 -1
vn -0 0 -1
vn -0 0 -1
vn -0 0 -1
vn -0 0 -1
vn -0 0 -1
vn -0 0 -1
vn -0 0 -1
vn -0 0 -1
vn -0 0 -1
vn -0 0 -1
vn -0 0 -1
vn -0 0 -1
vn -0 0 -1
vn -0 0 -1
vn -0 0 -1
vn -0 0 -1
vn -0 0 -1
vn -0 0 -1
vn -0 0 -1
vn -0 0 -1
vn -0 0 -1
vn -0 0 -1
vn -0 0 -1
vn -0 0 -1
vn -0 0 -1
vn -0 0 -1
vn -0 0 -1
vn -0 0 -1
vn -0 0 -1
vn -0 0 -1
vn -0 0 -1
vn -0 0 -1
vn -0 0 -1
vn -0 0 -1
vn -0 0 -1
vn -0 0 -1
vn -0 0 -1
vn -0 0 -1
vn -0 0 -1
vn -0 0 -1
vn -0 0 -1
vn -0 0 -1
vn -0 0 -1
vn -0 0 -1
vn -0 0 -1
vn -0 0 -1
vn -0 0 -1
vn -0 0 -1
vn -0 0 -1
vn -0 0 -1
vn -0 0 -1
vn -0 0 -1
vn -0 0 -1
vn -0 0 -1
vn -0 0 -1
vn -0 0 -1
vn -0 0 -1
vn -0 0 -1
vn -0 0 -1
vn -0 0 -1
vn -0 0 -1
vn -0 0 -1
vn -0 0 -1
vn -0 0 -1
vn -0 0 -1
vn -0 0 -1
vn -0 0 -1
vn -0 0 -1
vn -0 0 -1
vn -0 0 -1
vn -0 0 -1
vn -0 0 -1
vn -0 0 -1
vn -0 0 -1
vn -0 0 -1
vn -0 0 -1
vn -0 0 -1
vn -0 0 -1
vn -0 0 -1
vn -0 0 -1
vn -0 0 -1
vn -0 0 -1
vn -0 0 -1
vn -0 0 -1
vn -0 0 -1
vn -0 0 -1
vn -0 0 -1
vn -0 0 -1
vn -0 0 -1
vn -0 0 -1
vn -0 0 -1
vn -0 0 -1
vn -0 0 -1
vn -0 0 -1
vn -0 0 -1
vn -0 0 -1
vn -0 0 -1
vn -0 0 -1
vn -0 0 -1
vn -0 0 -1
vn -0 0 -1
vn -0 0 -1
vn -0 0 -1
vn -0 0 -1
vn -0 0 -1
vn -0 0 -1
vn -0 0 -1
vn -0 0 -1
vn -0 0 -1
vn -0 0 -1
vn -0 0 -1
vn -0 0 -1
vn -0 0 -1
vn -0 0 -1
vn -0 0 -1
vn -0 0 -1
vn -0 0 -1
vn -0 0 -1
vn -0 0 -1
vn -0 0 -1
vn -0 0 -1
vn -0 0 -1
vn -0 0 -1
vn -0 0 -1
vn -0 0 -1
vn -0 0 -1
vn -0 0 -1
vn -0 0 -1
vn -0 0 -1
vn -0 0 -1
vn -0 0 -1
vn -0 0 -1
vn -0 0 -1
vn -0 0 -1
vn -0 0 -1
vn -0 0 -1
vn -0 0 -1
vn -0 0 -1
vn -0 0 -1
vn -0 0 -1
vn -0 0 -1
vn -0 0 -1
vn -0 0 -1
vn -0 0 -1
vn -0 0 -1
vn -0 0 -1
vn -0 0 -1
vn -0 0 -1
vn -0 0 -1
vn -0 0 -1
vn -0 0 -1
vn -0 0 -1
vn -0 0 -1
vn -0 0 -1
vn -0 0 -1
vn -0 0 -1
vn -0 0 -1
vn -0 0 -1
vn -0 0 -1
vn -0 0 -1
vn -0 0 -1
vn -0 0 -1
vn -0 0 -1
vn -0 0 -1
vn -0 0 -1
vn -0 0 -1
vn -0 0 -1
vn -0 0 -1
vn -0 0 -1
vn -0 0 -1
vn -0 0 -1
vn -0 0 -1
vn -0 0 -1
vn -0 0 -1
vn -0 0 -1
vn -0 0 -1
vn -0 0 -1
vn -0 0 -1
vn -0 0 -1
vn -0 0 -1
vn -0 0 -1
vn -0 0 -1
vn -0 0 -1
vn -0 0 -1
vn -0 0 -1
vn -0 0 -1
vn -0 0 -1
vn -0 0 -1
vn -0 0 -1
vn -0 0 -1
vn -0 0 -1
vn -0 0 -1
vn -0 0 -1
vn -0 0 -1
vn -0 0 -1
vn -0 0 -1
vn -0 0 -1
vn -0 0 -1
vn -0 0 -1
vn -0 0 -1
vn -0 0 -1
vn -0 0 -1
vn -0 0 -1
vn -0 0 -1
vn -0 0 -1
vn -0 0 -1
vn -0 0 -1
vn -0 0 -1
vn -0 0 -1
vn -0 0 -1
vn -0 0 -1
vn -0 0 -1
vn -0 0 -1
vn -0 0 -1
vn -0 0 -1
vn -0 0 -1
vn -0 0 -1
vn -0 0 -1
vn -0 0 -1
vn -0 0 -1
vn -0 0 -1
vn -0 0 -1
vn -0 0 -1
vn -0 0 -1
vn -0 0 -1
vn -0 0 -1
vn -0 0 -1
vn -0 0 -1
vn -0 0 -1
vn -0 0 -1
vn -0 0 -1
vn -0 0 -1
vn -0 0 -1
vn -0 0 -1
vn -0 0 -1
vn -0 0 -1
vn -0 0 -1
vn -0 0 -1
vn -0 0 -1
vn -0 0 -1
vn -0 0 -1
vn -0 0 -1
vn -0 0 -1
vn -0 0 -1
vn -0 0 -1
vn -0 0 -1
vn -0 0 -1
vn -0 0 -1
vn -0 0 -1
vn -0 0 -1
vn -0 0 -1
vn -0 0 -1
vn -0 0 -1
vn -0 0 -1
vn -0 0 -1
vn -0 0 -1
vn -0 0 -1
vn -0 0 -1
vn -0 0 -1
vn -0 0 -1
vn -0 0 -1
vn -0 0 -1
vn -0 0 -1
vn -0 0 -1
vn -0 0 -1
vn -0 0 -1
vn -0 0 -1
vn -0 0 -1
vn -0 0 -1
vn -0 0 -1
vn -0 0 -1
vn -0 0 -1
vn -0 0 -1
vn -0 0 -1
vn -0 0 -1
vn -0 0 -1
vn -0 0 -1
vn -0 0 -1
vn -0 0 -1
vn -0 0 -1
vn -0 0 -1
vn -0 0 -1
vn -0 0 -1
vn -0 0 -1
vn -0 0 -1
vn -0 0 -1
vn -0 0 -1
vn -0 0 -1
vn -0 0 -1
vn -0 0 -1
vn -0 0 -1
vn -0 0 -1
vn -0 0 -1
vn -0 0 -1
vn -0 0 -1
vn -0 0 -1
vn -0 0 -1
vn -0 0 -1
vn -0 0 -1
vn -0 0 -1
vn -0 0 -1
vn -0 0 -1
vn -0 0 -1
vn -0 0 -1
vn -0 0 -1
vn -0 0 -1
vn -0 0 -1
vn -0 0 -1
vn -0 0 -1
vn -0 0 -1
vn -0 0 -1
vn -0 0 -1
vn -0 0 -1
vn -0 0 -1
vn -0 0 -1
vn -0 0 -1
vn -0 0 -1
vn -0 0 -1
vn -0 0 -1
vn -0 0 -1
vn -0 0 -1
vn -0 0 -1
vn -0 0 -1
vn -0 0 -1
vn -0 0 -1
vn -0 0 -1
vn -0 0 -1
vn -0 0 -1
vn -0 0 -1
vn -0 0 -1
vn -0 0 -1
vn -0 0 -1
vn -0 0 -1
vn -0 0 -1
vn -0 0 -1
vn -0 0 -1
vn -0 0 -1
vn -0 0 -1
vn -0 0 -1
vn -0 0 -1
vn -0 0 -1
vn -0 0 -1
vn -0 0 -1
vn -0 0 -1
vn -0 0 -1
vn -0 0 -1
vn -0 0 -1
vn -0 0 -1
vn -0 0 -1
vn -0 0 -1
vn -0 0 -1
vn -0 0 -1
vn -0 0 -1
vn -0 0 -1
vn -0 0 -1
vn -0 0 -1
vn -0 0 -1
vn -0 0 -1
vn -0 0 -1
vn -0 0 -1
vn -0 0 -1
vn -0 0 -1
vn -0 0 -1
vn -0 0 -1
vn -0 0 -1
vn -0 0 -1
vn -0 0 -1
vn -0 0 -1
vn -0 0 -1
vn -0 0 -1
vn -0 0 -1
vn -0 0 -1
vn -0 0 -1
vn -0 0 -1
vn -0 0 -1
vn -0 0 -1
vn -0 0 -1
vn -0 0 -1
vn -0 0 -1
vn -0 0 -1
vn -0 0 -1
vn -0 0 -1
vn -0 0 -1
vn -0 0 -1
vn -0 0 -1
vn -0 0 -1
vn -0 0 -1
vn -0 0 -1
vn -0 0 -1
vn -0 0 -1
vn -0 0 -1
vn -0 0 -1
vn -0 0 -1
vn -0 0 -1
vn -0 0 -1
vn -0 0 -1
vn -0 0 -1
vn -0 0 -1
vn -0 0 -1
vn -0 0 -1
vn -0 0 -1
vn -0 0 -1
vn -0 0 -1
vn -0 0 -1
vn -0 0 -1
vn -0 0 -1
vn -0 0 -1
vn -0 0 -1
vn -0 0 -1
vn -0 0 -1
vn -0 0 -1
vn -0 0 -1
vn -0 0 -1
vn -0 0 -1
vn -0 0 -1
vn -0 0 -1
vn -0 0 -1
vn -0 0 -1
vn -0 0 -1
vn -0 0 -1
vn -0 0 -1
vn -0 0 -1
vn -0 0 -1
vn -0 0 -1
vn -0 0 -1
vn -0 0 -1
vn -0 0 -1
vn -0 0 -1
vn -0 0 -1
vn -0 0 -1
vn -0 0 -1
vn -0 0 -1
vn -0 0 -1
vn -0 0 -1
vn -0 0 -1
vn -0 0 -1
vn -0 0 -1
vn -0 0 -1
vn -0 0 -1
vn -0 0 -1
vn -0 0 -1
vn -0 0 -1
vn -0 0 -1
vn -0 0 -1
vn -0 0 -1
vn -0 0 -1
vn -0 0 -1
vn -0 0 -1
vn -0 0 -1
vn -0 0 -1
vn -0 0 -1
vn -0 0 -1
vn -0 0 -1
vn -0 0 -1
vn -0 0 -1
vn -0 0 -1
vn -0 0 -1
vn -0 0 -1
vn -0 0 -1
vn -0 0 -1
vn -0 0 -1
vn -0 0 -1
vn -0 0 -1
vn -0 0 -1
vn -0 0 -1
vn -0 0 -1
vn -0 0 -1
vn -0 0 -1
vn -0 0 -1
vn -0 0 -1
vn -0 0 -1
vn -0 0 -1
vn -0 0 -1
vn -0 0 -1
vn -0 0 -1
vn -0 0 -1
vn -0 0 -1
vn -0 0 -1
vn -0 0 -1
vn -0 0 -1
vn -0 0 -1
vn -0 0 -1
vn -0 0 -1
vn -0 0 -1
vn -0 0 -1
vn -0 0 -1
vn -0 0 -1
vn -0 0 -1
vn -0 0 -1
vn -0 0 -1
vn -0 0 -1
vn -0 0 -1
vn -0 0 -1
vn -0 0 -1
vn -0 0 -1
vn -0 0 -1
vn -0 0 -1
vn -0 0 -1
vn -0 0 -1
vn -0 0 -1
vn -0 0 -1
vn -0 0 -1
vn -0 0 -1
vn -0 0 -1
vn -0 0 -1
vn -0 0 -1
vn -0 0 -1
vn -0 0 -1
vn -0 0 -1
vn -0 0 -1
vn -0 0 -1
vn -0 0 -1
vn -0 0 -1
vn -0 0 -1
vn -0 0 -1
vn -0 0 -1
vn -0 0 -1
vn -0 0 -1
vn -0 0 -1
vn -0 0 -1
vn -0 0 -1
vn -0 0 -1
vn -0 0 -1
vn -0 0 -1
vn -0 0 -1
vn -0 0 -1
vn -0 0 -1
vn -0 0 -1
vn -0 0 -1
vn -0 0 -1
vn -0 0 -1
vn -0 0 -1
vn -0 0 -1
vn -0 0 -1
vn -0 0 -1
vn -0 0 -1
vn -0 0 -1
vn -0 0 -1
vn -0 0 -1
vn -0 0 -1
vn -0 0 -1
vn -0 0 -1
vn -0 0 -1
vn -0 0 -1
vn -0 0 -1
vn -0 0 -1
vn -0 0 -1
vn -0 0 -1
vn -0 0 -1
vn -0 0 -1
vn -0 0 -1
vn -0 0 -1
vn -0 0 -1
vn -0 0 -1
vn -0 0 -1
vn -0 0 -1
vn -0 0 -1
vn -0 0 -1
vn -0 0 -1
vn -0 0 -1
vn -0 0 -1
vn -0 0 -1
vn -0 0 -1
vn -0 0 -1
vn -0 0 -1
vn -0 0 -1
vn -0 0 -1
vn -0 0 -1
vn -0 0 -1
vn -0 0 -1
vn -0 0 -1
vn -0 0 -1
vn -0 0 -1
vn -0 0 -1
vn -0 0 -1
vn -0 0 -1
vn -0 0 -1
vn -0 0 -1
vn -0 0 -1
vn -0 0 -1
vn -0 0 -1
vn -0 0 -1
vn -0 0 -1
vn -0 0 -1
vn -0 0 -1
vn -0 0 -1
vn -0 0 -1
vn -0 0 -1
vn -0 0 -1
vn -0 0 -1
vn -0 0 -1
vn -0 0 -1
vn -0 0 -1
vn -0 0 -1
vn -0 0 -1
vn -0 0 -1
vn -0 0 -1
vn -0 0 -1
vn -0 0 -1
vn -0 0 -1
vn -0 0 -1
vn -0 0 -1
vn -0 0 -1
vn -0 0 -1
vn -0 0 -1
vn -0 0 -1
vn -0 0 -1
vn -0 0 -1
vn -0 0 -1
vn -0 0 -1
vn -0 0 -1
vn -0 0 -1
vn -0 0 -1
vn -0 0 -1
vn -0 0 -1
vn -0 0 -1
vn -0 0 -1
vn -0 0 -1
vn -0 0 -1
vn -0 0 -1
vn -0 0 -1
vn -0 0 -1
vn -0 0 -1
vn -0 0 -1
vn -0 0 -1
vn -0 0 -1
vn -0 0 -1
vn -0 0 -1
vn -0 0 -1
vn -0 0 -1
vn -0 0 -1
vn -0 0 -1
vn -0 0 -1
vn -0 0 -1
vn -0 0 -1
vn -0 0 -1
vn -0 0 -1
vn -0 0 -1
vn -0 0 -1
vn -0 0 -1
vn -0 0 -1
vn -0 0 -1
vn -0 0 -1
vn -0 0 -1
vn -0 0 -1
vn -0 0 -1
vn -0 0 -1
vn -0 0 -1
vn -0 0 -1
vn -0 0 -1
vn -0 0 -1
vn -0 0 -1
vn -0 0 -1
vn -0 0 -1
vn -0 0 -1
vn -0 0 -1
vn -0 0 -1
vn -0 0 -1
vn -0 0 -1
vn -0 0 -1
vn -0 0 -1
vn -0 0 -1
vn -0 0 -1
vn -0 0 -1
vn -0 0 -1
vn -0 0 -1
vn -0 0 -1
vn -0 0 -1
vn -0 0 -1
vn -0 0 -1
vn -0 0 -1
vn -0 0 -1
vn -0 0 -1
vn -0 0 -1
vn -0 0 -1
vn -0 0 -1
vn -0 0 -1
vn -0 0 -1
vn -0 0 -1
vn -0 0 -1
vn -0 0 -1
vn -0 0 -1
vn -0 0 -1
vn -0 0 -1
vn -0 0 -1
vn -0 0 -1
vn -0 0 -1
vn -0 0 -1
vn -0 0 -1
vn -0 0 -1
vn -0 0 -1
vn -0 0 -1
vn -0 0 -1
vn -0 0 -1
vn -0 0 -1
vn -0 0 -1
vn -0 0 -1
vn -0 0 -1
vn -0 0 -1
vn -0 0 -1
vn -0 0 -1
vn -0 0 -1
vn -0 0 -1
vn -0 0 -1
vn -0 0 -1
vn -0 0 -1
vn -0 0 -1
vn -0 0 -1
vn -0 0 -1
vn -0 0 -1
vn -0 0 -1
vn -0 0 -1
vn -0 0 -1
vn -0 0 -1
vn -0 0 -1
vn -0 0 -1
vn -0 0 -1
vn -0 0 -1
vn -0 0 -1
vn -0 0 -1
vn -0 0 -1
vn -0 0 -1
vn -0 0 -1
vn -0 0 -1
vn -0 0 -1
vn -0 0 -1
vn -0 0 -1
vn -0 0 -1
vn -0 0 -1
vn -0 0 -1
vn -0 0 -1
vn -0 0 -1
vn -0 0 -1
vn -0 0 -1
vn -0 0 -1
vn -0 0 -1
vn -0 0 -1
vn -0 0 -1
vn -0 0 -1
vn -0 0 -1
vn -0 0 -1
vn -0 0 -1
vn -0 0 -1
vn -0 0 -1
vn -0 0 -1
vn -0 0 -1
vn -0 0 -1
vn -0 0 -1
vn -0 0 -1
vn -0 0 -1
vn -0 0 -1
vn -0 0 -1
vn -0 0 -1
vn -0 0 -1
vn -0 0 -1
vn -0 0 -1
vn -0 0 -1
vn -0 0 -1
vn -0 0 -1
vn -0 0 -1
vn -0 0 -1
vn -0 0 -1
vn -0 0 -1
vn -0 0 -1
vn -0 0 -1
vn -0 0 -1
vn -0 0 -1
vn -0 0 -1
vn -0 0 -1
vn -0 0 -1
vn -0 0 -1
vn -0 0 -1
vn -0 0 -1
vn -0 0 -1
vn -0 0 -1
vn -0 0 -1
vn -0 0 -1
vn -0 0 -1
vn -0 0 -1
vn -0 0 -1
vn -0 0 -1
vn -0 0 -1
vn -0 0 -1
vn -0 0 -1
vn -0 0 -1
vn -0 0 -1
vn -0 0 -1
vn -0 0 -1
vn -0 0 -1
vn -0 0 -1
vn -0 0 -1
vn -0 0 -1
vn -0 0 -1
vn -0 0 -1
vn -0 0 -1
vn -0 0 -1
vn -0 0 -1
vn -0 0 -1
vn -0 0 -1
vn -0 0 -1
vn -0 0 -1
vn -0 0 -1
vn -0 0 -1
vn -0 0 -1
vn -0 0 -1
vn -0 0 -1
vn -0 0 -1
vn -0 0 -1
vn -0 0 -1
vn -0 0 -1
vn -0 0 -1
vn -0 0 -1
vn -0 0 -1
vn -0 0 -1
vn -0 0 -1
vn -0 0 -1
vn -0 0 -1
vn -0 0 -1
vn -0 0 -1
vn -0 0 -1
vn -0 0 -1
vn -0 0 -1
vn -0 0 -1
vn -0 0 -1
vn -0 0 -1
vn -0 0 -1
vn -0 0 -1
vn -0 0 -1
vn -0 0 -1
vn -0 0 -1
vn -0 0 -1
vn -0 0 -1
vn -0 0 -1
vn -0 0 -1
vn -0 0 -1
vn -0 0 -1
vn -0 0 -1
vn -0 0 -1
vn -0 0 -1
vn -0 0 -1
vn -0 0 -1
vn -0 0 -1
vn -0 0 -1
vn -0 0 -1
vn -0 0 -1
vn -0 0 -1
vn -0 0 -1
vn -0 0 -1
vn -0 0 -1
vn -0 0 -1
vn -0 0 -1
vn -0 0 -1
vn -0 0 -1
vn -0 0 -1
vn -0 0 -1
vn -0 0 -1
vn -0 0 -1
vn -0 0 -1
vn -0 0 -1
vn -0 0 -1
vn -0 0 -1
vn -0 0 -1
vn -0 0 -1
vn -0 0 -1
vn -0 0 -1
vn -0 0 -1
vn -0 0 -1
vn -0 0 -1
vn -0 0 -1
vn -0 0 -1
vn -0 0 -1
vn -0 0 -1
vn -0 0 -1
vn -0 0 -1
vn -0 0 -1
vn -0 0 -1
vn -0 0 -1
vn -0 0 -1
vn -0 0 -1
vn -0 0 -1
vn -0 0 -1
vn -0 0 -1
vn -0 0 -1
vn -0 0 -1
vn -0 0 -1
vn -0 0 -1
vn -0 0 -1
vn -0 0 -1
vn -0 0 -1
vn -0 0 -1
vn -0 0 -1
vn -0 0 -1
vn -0 0 -1
vn -0 0 -1
vn -0 0 -1
vn -0 0 -1
vn -0 0 -1
vn -0 0 -1
vn -0 0 -1
vn -0 0 -1
vn -0 0 -1
vn -0 0 -1
vn -0 0 -1
vn -0 0 -1
vn -0 0 -1
vn -0 0 -1
vn -0 0 -1
vn -0 0 -1
vn -0 0 -1
vn -0 0 -1
vn -0 0 -1
vn -0 0 -1
vn -0 0 -1
vn -0 0 -1
vn -0 0 -1
vn -0 0 -1
vn -0 0 -1
vn -0 0 -1
vn -0 0 -1
vn -0 0 -1
vn -0 0 -1
vn -0 0 -1
vn -0 0 -1
vn -0 0 -1
vn -0 0 -1
vn -0 0 -1
vn -0 0 -1
vn -0 0 -1
vn -0 0 -1
vn -0 0 -1
vn -0 0 -1
vn -0 0 -1
vn -0 0 -1
vn -0 0 -1
vn -0 0 -1
vn -0 0 -1
vn -0 0 -1
vn -0 0 -1
vn -0 0 -1
vn -0 0 -1
vn -0 0 -1
vn -0 0 -1
vn -0 0 -1
vn -0 0 -1
vn -0 0 -1
vn -0 0 -1
vn -0 0 -1
vn -0 0 -1
vn -0 0 -1
vn -0 0 -1
vn -0 0 -1
vn -0 0 -1
vn -0 0 -1
vn -0 0 -1
vn -0 0 -1
vn -0 0 -1
vn -0 0 -1
vn -0 0 -1
vn -0 0 -1
vn -0 0 -1
vn -0 0 -1
vn -0 0 -1
vn -0 0 -1
vn -0 0 -1
vn -0 0 -1
vn -0 0 -1
vn -0 0 -1
vn -0 0 -1
vn -0 0 -1
vn -0 0 -1
vn -0 0 -1
vn -0 0 -1
vn -0 0 -1
vn -0 0 -1
vn -0 0 -1
vn -0 0 -1
vn -0 0 -1
vn -0 0 -1
vn -0 0 -1
vn -0 0 -1
vn -0 0 -1
vn -0 0 -1
vn -0 0 -1
vn -0 0 -1
vn -0 0 -1
vn -0 0 -1
vn -0 0 -1
vn -0 0 -1
vn -0 0 -1
vn -0 0 -1
vn -0 0 -1
vn -0 0 -1
vn -0 0 -1
vn -0 0 -1
vn -0 0 -1
vn -0 0 -1
vn -0 0 -1
vn -0 0 -1
vn -0 0 -1
vn -0 0 -1
vn -0 0 -1
vn -0 0 -1
vn -0 0 -1
vn -0 0 -1
vn -0 0 -1
vn -0 0 -1
vn -0 0 -1
vn -0 0 -1
vn -0 0 -1
vn -0 0 -1
vn -0 0 -1
vn -0 0 -1
vn -0 0 -1
vn -0 0 -1
vn -0 0 -1
vn -0 0 -1
vn -0 0 -1
vn -0 0 -1
vn -0 0 -1
vn -0 0 -1
vn -0 0 -1
vn -0 0 -1
vn -0 0 -1
vn -0 0 -1
vn -0 0 -1
vn -0 0 -1
vn -0 0 -1
vn -0 0 -1
vn -0 0 -1
vn -0 0 -1
vn -0 0 -1
vn -0 0 -1
vn -0 0 -1
vn -0 0 -1
vn -0 0 -1
vn -0 0 -1
vn -0 0 -1
vn -0 0 -1
vn -0 0 -1
vn -0 0 -1
vn -0 0 -1
vn -0 0 -1
vn -0 0 -1
vn -0 0 -1
vn -0 0 -1
vn -0 0 -1
vn -0 0 -1
vn -0 0 -1
vn -0 0 -1
vn -0 0 -1
vn -0 0 -1
vn -0 0 -1
vn -0 0 -1
vn -0 0 -1
vn -0 0 -1
vn -0 0 -1
vn -0 0 -1
vn -0 0 -1
vn -0 0 -1
vn -0 0 -1
vn -0 0 -1
vn -0 0 -1
vn -0 0 -1
vn -0 0 -1
vn -0 0 -1
vn -0 0 -1
vn -0 0 -1
vn -0 0 -1
vn -0 0 -1
vn -0 0 -1
vn -0 0 -1
vn -0 0 -1
vn -0 0 -1
vn -0 0 -1
vn -0 0 -1
vn -0 0 -1
vn -0 0 -1
vn -0 0 -1
vn -0 0 -1
vn -0 0 -1
vn -0 0 -1
vn -0 0 -1
vn -0 0 -1
vn -0 0 -1
vn -0 0 -1
vn -0 0 -1
vn -0 0 -1
vn -0 0 -1
vn -0 0 -1
vn -0 0 -1
vn -0 0 -1
vn -0 0 -1
vn -0 0 -1
vn -0 0 -1
vn -0 0 -1
vn -0 0 -1
vn -0 0 -1
vn -0 0 -1
vn -0 0 -1
vn -0 0 -1
vn -0 0 -1
vn -0 0 -1
vn -0 0 -1
vn -0 0 -1
vn -0 0 -1
vn -0 0 -1
vn -0 0 -1
vn -0 0 -1
vn -0 0 -1
vn -0 0 -1
vn -0 0 -1
vn -0 0 -1
vn -0 0 -1
vn -0 0 -1
vn -0 0 -1
vn -0 0 -1
vn -0 0 -1
vn -0 0 -1
vn -0 0 -1
vn -0 0 -1
vn -0 0 -1
vn -0 0 -1
vn -0 0 -1
vn -0 0 -1
vn -0 0 -1
vn -0 0 -1
vn -0 0 -1
vn -0 0 -1
vn -0 0 -1
vn -0 0 -1
vn -0 0 -1
vn -0 0 -1
vn -0 0 -1
vn -0 0 -1
vn -0 0 -1
vn -0 0 -1
vn -0 0 -1
vn -0 0 -1
vn -0 0 -1
vn -0 0 -1
vn -0 0 -1
vn -0 0 -1
vn -0 0 -1
vn -0 0 -1
vn -0 0 -1
vn -0 0 -1
vn -0 0 -1
vn -0 0 -1
vn -0 0 -1
vn -0 0 -1
vn -0 0 -1
vn -0 0 -1
vn -0 0 -1
vn -0 0 -1
vn -0 0 -1
vn -0 0 -1
vn -0 0 -1
vn -0 0 -1
vn -0 0 -1
vn -0 0 -1
vn -0 0 -1
vn -0 0 -1
vn -0 0 -1
vn -0 0 -1
vn -0 0 -1
vn -0 0 -1
vn -0 0 -1
vn -0 0 -1
vn -0 0 -1
vn -0 0 -1
vn -0 0 -1
vn -0 0 -1
vn -0 0 -1
vn -0 0 -1
vn -0 0 -1
vn -0 0 -1
vn -0 0 -1
vn -0 0 -1
vn -0 0 -1
vn -0 0 -1
vn -0 0 -1
vn -0 0 -1
vn -0 0 -1
vn -0 0 -1
vn -0 0 -1
vn -0 0 -1
vn -0 0 -1
vn -0 0 -1
vn -0 0 -1
vn -0 0 -1
vn -0 0 -1
vn -0 0 -1
vn -0 0 -1
vn -0 0 -1
vn -0 0 -1
vn -0 0 -1
vn -0 0 -1
vn -0 0 -1
vn -0 0 -1
vn -0 0 -1
vn -0 0 -1
vn -0 0 -1
vn -0 0 -1
vn -0 0 -1
vn -0 0 -1
vn -0 0 -1
vn -0 0 -1
vn -0 0 -1
vn -0 0 -1
vn -0 0 -1
vn -0 0 -1
vn -0 0 -1
vn -0 0 -1
vn -0 0 -1
vn -0 0 -1
vn -0 0 -1
vn -0 0 -1
vn -0 0 -1
vn -0 0 -1
vn -0 0 -1
vn -0 0 -1
vn -0 0 -1
vn -0 0 -1
vn -0 0 -1
vn -0 0 -1
vn -0 0 -1
vn -0 0 -1
vn -0 0 -1
vn -0 0 -1
vn -0 0 -1
vn -0 0 -1
vn -0 0 -1
vn -0 0 -1
vn -0 0 -1
vn -0 0 -1
vn -0 0 -1
vn -0 0 -1
vn -0 0 -1
vn -0 0 -1
vn -0 0 -1
vn -0 0 -1
vn -0 0 -1
vn -0 0 -1
vn -0 0 -1
vn -0 0 -1
vn -0 0 -1
vn -0 0 -1
vn -0 0 -1
vn -0 0 -1
vn -0 0 -1
vn -0 0 -1
vn -0 0 -1
vn -0 0 -1
vn -0 0 -1
vn -0 0 -1
vn -0 0 -1
vn -0 0 -1
vn -0 0 -1
vn -0 0 -1
vn -0 0 -1
vn -0 0 -1
vn -0 0 -1
vn -0 0 -1
vn -0 0 -1
vn -0 0 -1
vn -0 0 -1
vn -0 0 -1
vn -0 0 -1
vn -0 0 -1
vn -0 0 -1
vn -0 0 -1
vn -0 0 -1
vn -0 0 -1
vn -0 0 -1
vn -0 0 -1
vn -0 0 -1
vn -0 0 -1
vn -0 0 -1
vn -0 0 -1
vn -0 0 -1
vn -0 0 -1
vn -0 0 -1
vn -0 0 -1
vn -0 0 -1
vn -0 0 -1
vn -0 0 -1
vn -0 0 -1
vn -0 0 -1
vn -0 0 -1
vn -0 0 -1
vn -0 0 -1
vn -0 0 -1
vn -0 0 -1
vn -0 0 -1
vn -0 0 -1
vn -0 0 -1
vn -0 0 -1
vn -0 0 -1
vn -0 0 -1
vn -0 0 -1
vn -0 0 -1
vn -0 0 -1
vn -0 0 -1
vn -0 0 -1
vn -0 0 -1
vn -0 0 -1
vn -0 0 -1
vn -0 0 -1
vn -0 0 -1
vn -0 0 -1
vn -0 0 -1
vn -0 0 -1
vn -0 0 -1
vn -0 0 -1
vn -0 0 -1
vn -0 0 -1
vn -0 0 -1
vn -0 0 -1
vn -0 0 -1
vn -0 0 -1
vn -0 0 -1
vn -0 0 -1
vn -0 0 -1
vn -0 0 -1
vn -0 0 -1
vn -0 0 -1
vn -0 0 -1
vn -0 0 -1
vn -0 0 -1
vn -0 0 -1
vn -0 0 -1
vn -0 0 -1
vn -0 0 -1
vn -0 0 -1
vn -0 0 -1
vn -0 0 -1
vn -0 0 -1
vn -0 0 -1
vn -0 0 -1
vn -0 0 -1
vn -0 0 -1
vn -0 0 -1
vn -0 0 -1
vn -0 0 -1
vn -0 0 -1
vn -0 0 -1
vn -0 0 -1
vn -0 0 -1
vn -0 0 -1
vn -0 0 -1
vn -0 0 -1
vn -0 0 -1
vn -0 0 -1
vn -0 0 -1
vn -0 0 -1
vn -0 0 -1
vn -0 0 -1
vn -0 0 -1
vn -0 0 -1
vn -0 0 -1
vn -0 0 -1
vn -0 0 -1
vn -0 0 -1
vn -0 0 -1
vn -0 0 -1
vn -0 0 -1
vn -0 0 -1
vn -0 0 -1
vn -0 0 -1
vn -0 0 -1
vn -0 0 -1
vn -0 0 -1
vn -0 0 -1
vn -0 0 -1
vn -0 0 -1
vn -0 0 -1
vn -0 0 -1
vn -0 0 -1
vn -0 0 -1
vn -0 0 -1
vn -0 0 -1
vn -0 0 -1
vn -0 0 -1
vn -0 0 -1
vn -0 0 -1
vn -0 0 -1
vn -0 0 -1
vn -0 0 -1
vn -0 0 -1
vn -0 0 -1
vn -0 0 -1
vn -0 0 -1
vn -0 0 -1
vn -0 0 -1
vn -0 0 -1
vn -0 0 -1
vn -0 0 -1
vn -0 0 -1
vn -0 0 -1
vn -0 0 -1
vn -0 0 -1
vn -0 0 -1
vn -0 0 -1
vn -0 0 -1
vn -0 0 -1
vn -0 0 -1
vn -0 0 -1
vn -0 0 -1
vn -0 0 -1
vn -0 0 -1
vn -0 0 -1
vn -0 0 -1
vn -0 0 -1
vn -0 0 -1
vn -0 0 -1
vn -0 0 -1
vn -0 0 -1
vn -0 0 -1
vn -0 0 -1
vn -0 0 -1
vn -0 0 -1
vn -0 0 -1
vn -0 0 -1
vn -0 0 -1
vn -0 0 -1
vn -0 0 -1
vn -0 0 -1
vn -0 0 -1
vn -0 0 -1
vn -0 0 -1
vn -0 0 -1
vn -0 0 -1
vn -0 0 -1
vn -0 0 -1
vn -0 0 -1
vn -0 0 -1
vn -0 0 -1
vn -0 0 -1
vn -0 0 -1
vn -0 0 -1
vn -0 0 -1
vn -0 0 -1
vn -0 0 -1
vn -0 0 -1
vn -0 0 -1
vn -0 0 -1
vn -0 0 -1
vn -0 0 -1
vn -0 0 -1
vn -0 0 -1
vn -0 0 -1
vn -0 0 -1
vn -0 0 -1
vn -0 0 -1
vn -0 0 -1
vn -0 0 -1
vn -0 0 -1
vn -0 0 -1
vn -0 0 -1
vn -0 0 -1
vn -0 0 -1
vn -0 0 -1
vn -0 0 -1
vn -0 0 -1
vn -0 0 -1
vn -0 0 -1
vn -0 0 -1
vn -0 0 -1
vn -0 0 -1
vn -0 0 -1
vn -0 0 -1
vn -0 0 -1
vn -0 0 -1
vn -0 0 -1
vn -0 0 -1
vn -0 0 -1
vn -0 0 -1
vn -0 0 -1
vn -0 0 -1
vn -0 0 -1
vn -0 0 -1
vn -0 0 -1
vn -0 0 -1
vn -0 0 -1
vn -0 0 -1
vn -0 0 -1
vn -0 0 -1
vn -0 0 -1
vn -0 0 -1
vn -0 0 -1
vn -0 0 -1
vn -0 0 -1
vn -0 0 -1
vn -0 0 -1
vn -0 0 -1
vn -0 0 -1
vn -0 0 -1
vn -0 0 -1
vn -0 0 -1
vn -0 0 -1
vn -0 0 -1
vn -0 0 -1
vn -0 0 -1
vn -0 0 -1
vn -0 0 -1
vn -0 0 -1
vn -0 0 -1
vn -0 0 -1
vn -0 0 -1
vn -0 0 -1
vn -0 0 -1
vn -0 0 -1
vn -0 0 -1
vn -0 0 -1
vn -0 0 -1
vn -0 0 -1
vn -0 0 -1
vn -0 0 -1
vn -0 0 -1
vn -0 0 -1
vn -0 0 -1
vn -0 0 -1
vn -0 0 -1
vn -0 0 -1
vn -0 0 -1
vn -0 0 -1
vn -0 0 -1
vn -0 0 -1
vn -0 0 -1
vn -0 0 -1
vn -0 0 -1
vn -0 0 -1
vn -0 0 -1
vn -0 0 -1
vn -0 0 -1
vn -0 0 -1
vn -0 0 -1
vn -0 0 -1
vn -0 0 -1
vn -0 0 -1
vn -0 0 -1
vn -0 0 -1
vn -0 0 -1
vn -0 0 -1
vn -0 0 -1
vn -0 0 -1
vn -0 0 -1
vn -0 0 -1
vn -0 0 -1
vn -0 0 -1
vn -0 0 -1
vn -0 0 -1
vn -0 0 -1
vn -0 0 -1
vn -0 0 -1
vn -0 0 -1
vn -0 0 -1
vn -0 0 -1
vn -0 0 -1
vn -0 0 -1
vn -0 0 -1
vn -0 0 -1
vn -0 0 -1
vn -0 0 -1
vn -0 0 -1
vn -0 0 -1
vn -0 0 -1
vn -0 0 -1
vn -0 0 -1
vn -0 0 -1
vn -0 0 -1
vn -0 0 -1
vn -0 0 -1
vn -0 0 -1
vn -0 0 -1
vn -0 0 -1
vn -0 0 -1
vn -0 0 -1
vn -0 0 -1
vn -0 0 -1
vn -0 0 -1
vn -0 0 -1
vn -0 0 -1
vn -0 0 -1
vn -0 0 -1
vn -0 0 -1
vn -0 0 -1
vn -0 0 -1
vn -0 0 -1
vn -0 0 -1
vn -0 0 -1
vn -0 0 -1
vn -0 0 -1
vn -0 0 -1
vn -0 0 -1
vn -0 0 -1
vn -0 0 -1
vn -0 0 -1
vn -0 0 -1
vn -0 0 -1
vn -0 0 -1
vn -0 0 -1
vn -0 0 -1
vn -0 0 -1
vn -0 0 -1
vn -0 0 -1
vn -0 0 -1
vn -0 0 -1
vn -0 0 -1
vn -0 0 -1
vn -0 0 -1
vn -0 0 -1
vn -0 0 -1
vn -0 0 -1
vn -0 0 -1
vn -0 0 -1
vn -0 0 -1
vn -0 0 -1
vn -0 0 -1
vn -0 0 -1
vn -0 0 -1
vn -0 0 -1
vn -0 0 -1
vn -0 0 -1
vn -0 0 -1
vn -0 0 -1
vn -0 0 -1
vn -0 0 -1
vn -0 0 -1
vn -0 0 -1
vn -0 0 -1
vn -0 0 -1
vn -0 0 -1
vn -0 0 -1
vn -0 0 -1
vn -0 0 -1
vn -0 0 -1
vn -0 0 -1
vn -0 0 -1
vn -0 0 -1
vn -0 0 -1
vn -0 0 -1
vn -0 0 -1
vn -0 0 -1
vn -0 0 -1
vn -0 0 -1
vn -0 0 -1
vn -0 0 -1
vn -0 0 -1
vn -0 0 -1
vn -0 0 -1
vn -0 0 -1
vn -0 0 -1
vn -0 0 -1
vn -0 0 -1
vn -0 0 -1
vn -0 0 -1
vn -0 0 -1
vn -0 0 -1
vn -0 0 -1
vn -0 0 -1
vn -0 0 -1
vn -0 0 -1
vn -0 0 -1
vn -0 0 -1
vn -0 0 -1
vn -0 0 -1
vn -0 0 -1
vn -0 0 -1
vn -0 0 -1
vn -0 0 -1
vn -0 0 -1
vn -0 0 -1
vn -0 0 -1
vn -0 0 -1
vn -0 0 -1
vn -0 0 -1
vn -0 0 -1
vn -0 0 -1
vn -0 0 -1
vn -0 0 -1
vn -0 0 -1
vn -0 0 -1
vn -0 0 -1
vn -0 0 -1
vn -0 0 -1
vn -0 0 -1
vn -0 0 -1
vn -0 0 -1
vn -0 0 -1
vn -0 0 -1
vn -0 0 -1
vn -0 0 -1
vn -0 0 -1
vn -0 0 -1
vn -0 0 -1
vn -0 0 -1
vn -0 0 -1
vn -0 0 -1
vn -0 0 -1
vn -0 0 -1
vn -0 0 -1
vn -0 0 -1
vn -0 0 -1
vn -0 0 -1
vn -0 0 -1
vn -0 0 -1
vn -0 0 -1
vn -0 0 -1
vn -0 0 -1
vn -0 0 -1
vn -0 0 -1
vn -0 0 -1
vn -0 0 -1
vn -0 0 -1
vn -0 0 -1
vn -0 0 -1
vn -0 0 -1
vn -0 0 -1
vn -0 0 -1
vn -0 0 -1
vn -0 0 -1
vn -0 0 -1
vn -0 0 -1
vn -0 0 -1
vn -0 0 -1
vn -0 0 -1
vn -0 0 -1
vn -0 0 -1
vn -0 0 -1
vn -0 0 -1
vn -0 0 -1
vn -0 0 -1
vn -0 0 -1
vn -0 0 -1
vn -0 0 -1
vn -0 0 -1
vn -0 0 -1
vn -0 0 -1
vn -0 0 -1
vn -0 0 -1
vn -0 0 -1
vn -0 0 -1
vn -0 0 -1
vn -0 0 -1
vn -0 0 -1
vn -0 0 -1
vn -0 0 -1
vn -0 0 -1
vn -0 0 -1
vn -0 0 -1
vn -0 0 -1
vn -0 0 -1
vn -0 0 -1
vn -0 0 -1
vn -0 0 -1
vn -0 0 -1
vn -0 0 -1
vn -0 0 -1
vn -0 0 -1
vn -0 0 -1
vn -0 0 -1
vn -0 0 -1
vn -0 0 -1
vn -0 0 -1
vn -0 0 -1
vn -0 0 -1
vn -0 0 -1
vn -0 0 -1
vn -0 0 -1
vn -0 0 -1
vn -0 0 -1
vn -0 0 -1
vn -0 0 -1
vn -0 0 -1
vn -0 0 -1
vn -0 0 -1
vn -0 0 -1
vn -0 0 -1
vn -0 0 -1
vn -0 0 -1
vn -0 0 -1
vn -0 0 -1
vn -0 0 -1
vn -0 0 -1
vn -0 0 -1
vn -0 0 -1
vn -0 0 -1
vn -0 0 -1
vn -0 0 -1
vn -0 0 -1
vn -0 0 -1
vn -0 0 -1
vn -0 0 -1
vn -0 0 -1
vn -0 0 -1
vn -0 0 -1
vn -0 0 -1
vn -0 0 -1
vn -0 0 -1
vn -0 0 -1
vn -0 0 -1
vn -0 0 -1
vn -0 0 -1
vn -0 0 -1
vn -0 0 -1
vn -0 0 -1
vn -0 0 -1
vn -0 0 -1
vn -0 0 -1
vn -0 0 -1
vn -0 0 -1
vn -0 0 -1
vn -0 0 -1
vn -0 0 -1
vn -0 0 -1
vn -0 0 -1
vn -0 0 -1
vn -0 0 -1
vn -0 0 -1
vn -0 0 -1
vn -0 0 -1
vn -0 0 -1
vn -0 0 -1
vn -0 0 -1
vn -0 0 -1
vn -0 0 -1
vn -0 0 -1
vn -0 0 -1
vn -0 0 -1
vn -0 0 -1
vn -0 0 -1
vn -0 0 -1
vn -0 0 -1
vn -0 0 -1
vn -0 0 -1
vn -0 0 -1
vn -0 0 -1
vn -0 0 -1
vn -0 0 -1
vn -0 0 -1
vn -0 0 -1
vn -0 0 -1
vn -0 0 -1
vn -0 0 -1
vn -0 0 -1
vn -0 0 -1
vn -0 0 -1
vn -0 0 -1
vn -0 0 -1
vn -0 0 -1
vn -0 0 -1
vn -0 0 -1
vn -0 0 -1
vn -0 0 -1
vn -0 0 -1
vn -0 0 -1
vn -0 0 -1
vn -0 0 -1
vn -0 0 -1
vn -0 0 -1
vn -0 0 -1
vn -0 0 -1
vn -0 0 -1
vn -0 0 -1
vn -0 0 -1
g BG_0
f 3/3/3 2/2/2 1/1/1
f 1/1/1 2/2/2 4/4/4
f 7/7/7 6/6/6 5/5/5
f 5/5/5 6/6/6 8/8/8
f 11/11/11 10/10/10 9/9/9
f 9/9/9 10/10/10 12/12/12
f 15/15/15 14/14/14 13/13/13
f 13/13/13 14/14/14 16/16/16
f 19/19/19 18/18/18 17/17/17
f 17/17/17 18/18/18 20/20/20
f 23/23/23 22/22/22 21/21/21
f 21/21/21 22/22/22 24/24/24
f 27/27/27 26/26/26 25/25/25
f 25/25/25 26/26/26 28/28/28
f 31/31/31 30/30/30 29/29/29
f 29/29/29 30/30/30 32/32/32
f 35/35/35 34/34/34 33/33/33
f 33/33/33 34/34/34 36/36/36
f 39/39/39 38/38/38 37/37/37
f 37/37/37 38/38/38 40/40/40
f 43/43/43 42/42/42 41/41/41
f 41/41/41 42/42/42 44/44/44
f 47/47/47 46/46/46 45/45/45
f 45/45/45 46/46/46 48/48/48
f 51/51/51 50/50/50 49/49/49
f 49/49/49 50/50/50 52/52/52
f 55/55/55 54/54/54 53/53/53
f 53/53/53 54/54/54 56/56/56
f 59/59/59 58/58/58 57/57/57
f 57/57/57 58/58/58 60/60/60
f 63/63/63 62/62/62 61/61/61
f 61/61/61 62/62/62 64/64/64
f 67/67/67 66/66/66 65/65/65
f 65/65/65 66/66/66 68/68/68
f 71/71/71 70/70/70 69/69/69
f 69/69/69 70/70/70 72/72/72
f 75/75/75 74/74/74 73/73/73
f 73/73/73 74/74/74 76/76/76
f 79/79/79 78/78/78 77/77/77
f 77/77/77 78/78/78 80/80/80
f 83/83/83 82/82/82 81/81/81
f 81/81/81 82/82/82 84/84/84
f 87/87/87 86/86/86 85/85/85
f 85/85/85 86/86/86 88/88/88
f 91/91/91 90/90/90 89/89/89
f 89/89/89 90/90/90 92/92/92
f 95/95/95 94/94/94 93/93/93
f 93/93/93 94/94/94 96/96/96
f 99/99/99 98/98/98 97/97/97
f 97/97/97 98/98/98 100/100/100
f 103/103/103 102/102/102 101/101/101
f 101/101/101 102/102/102 104/104/104
f 107/107/107 106/106/106 105/105/105
f 105/105/105 106/106/106 108/108/108
f 111/111/111 110/110/110 109/109/109
f 109/109/109 110/110/110 112/112/112
f 115/115/115 114/114/114 113/113/113
f 113/113/113 114/114/114 116/116/116
f 119/119/119 118/118/118 117/117/117
f 117/117/117 118/118/118 120/120/120
f 123/123/123 122/122/122 121/121/121
f 121/121/121 122/122/122 124/124/124
f 127/127/127 126/126/126 125/125/125
f 125/125/125 126/126/126 128/128/128
f 131/131/131 130/130/130 129/129/129
f 129/129/129 130/130/130 132/132/132
f 135/135/135 134/134/134 133/133/133
f 133/133/133 134/134/134 136/136/136
f 139/139/139 138/138/138 137/137/137
f 137/137/137 138/138/138 140/140/140
f 143/143/143 142/142/142 141/141/141
f 141/141/141 142/142/142 144/144/144
f 147/147/147 146/146/146 145/145/145
f 145/145/145 146/146/146 148/148/148
f 151/151/151 150/150/150 149/149/149
f 149/149/149 150/150/150 152/152/152
f 155/155/155 154/154/154 153/153/153
f 153/153/153 154/154/154 156/156/156
f 159/159/159 158/158/158 157/157/157
f 157/157/157 158/158/158 160/160/160
f 163/163/163 162/162/162 161/161/161
f 161/161/161 162/162/162 164/164/164
f 167/167/167 166/166/166 165/165/165
f 165/165/165 166/166/166 168/168/168
f 171/171/171 170/170/170 169/169/169
f 169/169/169 170/170/170 172/172/172
f 175/175/175 174/174/174 173/173/173
f 173/173/173 174/174/174 176/176/176
f 179/179/179 178/178/178 177/177/177
f 177/177/177 178/178/178 180/180/180
f 183/183/183 182/182/182 181/181/181
f 181/181/181 182/182/182 184/184/184
f 187/187/187 186/186/186 185/185/185
f 185/185/185 186/186/186 188/188/188
f 191/191/191 190/190/190 189/189/189
f 189/189/189 190/190/190 192/192/192
f 195/195/195 194/194/194 193/193/193
f 193/193/193 194/194/194 196/196/196
f 199/199/199 198/198/198 197/197/197
f 197/197/197 198/198/198 200/200/200
f 203/203/203 202/202/202 201/201/201
f 201/201/201 202/202/202 204/204/204
f 207/207/207 206/206/206 205/205/205
f 205/205/205 206/206/206 208/208/208
f 211/211/211 210/210/210 209/209/209
f 209/209/209 210/210/210 212/212/212
f 215/215/215 214/214/214 213/213/213
f 213/213/213 214/214/214 216/216/216
f 219/219/219 218/218/218 217/217/217
f 217/217/217 218/218/218 220/220/220
f 223/223/223 222/222/222 221/221/221
f 221/221/221 222/222/222 224/224/224
f 227/227/227 226/226/226 225/225/225
f 225/225/225 226/226/226 228/228/228
f 231/231/231 230/230/230 229/229/229
f 229/229/229 230/230/230 232/232/232
f 235/235/235 234/234/234 233/233/233
f 233/233/233 234/234/234 236/236/236
f 239/239/239 238/238/238 237/237/237
f 237/237/237 238/238/238 240/240/240
f 243/243/243 242/242/242 241/241/241
f 241/241/241 242/242/242 244/244/244
f 247/247/247 246/246/246 245/245/245
f 245/245/245 246/246/246 248/248/248
f 251/251/251 250/250/250 249/249/249
f 249/249/249 250/250/250 252/252/252
f 255/255/255 254/254/254 253/253/253
f 253/253/253 254/254/254 256/256/256
f 259/259/259 258/258/258 257/257/257
f 257/257/257 258/258/258 260/260/260
f 263/263/263 262/262/262 261/261/261
f 261/261/261 262/262/262 264/264/264
f 267/267/267 266/266/266 265/265/265
f 265/265/265 266/266/266 268/268/268
f 271/271/271 270/270/270 269/269/269
f 269/269/269 270/270/270 272/272/272
f 275/275/275 274/274/274 273/273/273
f 273/273/273 274/274/274 276/276/276
f 279/279/279 278/278/278 277/277/277
f 277/277/277 278/278/278 280/280/280
f 283/283/283 282/282/282 281/281/281
f 281/281/281 282/282/282 284/284/284
f 287/287/287 286/286/286 285/285/285
f 285/285/285 286/286/286 288/288/288
f 291/291/291 290/290/290 289/289/289
f 289/289/289 290/290/290 292/292/292
f 295/295/295 294/294/294 293/293/293
f 293/293/293 294/294/294 296/296/296
f 299/299/299 298/298/298 297/297/297
f 297/297/297 298/298/298 300/300/300
f 303/303/303 302/302/302 301/301/301
f 301/301/301 302/302/302 304/304/304
f 307/307/307 306/306/306 305/305/305
f 305/305/305 306/306/306 308/308/308
f 311/311/311 310/310/310 309/309/309
f 309/309/309 310/310/310 312/312/312
f 315/315/315 314/314/314 313/313/313
f 313/313/313 314/314/314 316/316/316
f 319/319/319 318/318/318 317/317/317
f 317/317/317 318/318/318 320/320/320
f 323/323/323 322/322/322 321/321/321
f 321/321/321 322/322/322 324/324/324
f 327/327/327 326/326/326 325/325/325
f 325/325/325 326/326/326 328/328/328
f 331/331/331 330/330/330 329/329/329
f 329/329/329 330/330/330 332/332/332
f 335/335/335 334/334/334 333/333/333
f 333/333/333 334/334/334 336/336/336
f 339/339/339 338/338/338 337/337/337
f 337/337/337 338/338/338 340/340/340
f 343/343/343 342/342/342 341/341/341
f 341/341/341 342/342/342 344/344/344
f 347/347/347 346/346/346 345/345/345
f 345/345/345 346/346/346 348/348/348
f 351/351/351 350/350/350 349/349/349
f 349/349/349 350/350/350 352/352/352
f 355/355/355 354/354/354 353/353/353
f 353/353/353 354/354/354 356/356/356
f 359/359/359 358/358/358 357/357/357
f 357/357/357 358/358/358 360/360/360
f 363/363/363 362/362/362 361/361/361
f 361/361/361 362/362/362 364/364/364
f 367/367/367 366/366/366 365/365/365
f 365/365/365 366/366/366 368/368/368
f 371/371/371 370/370/370 369/369/369
f 369/369/369 370/370/370 372/372/372
f 375/375/375 374/374/374 373/373/373
f 373/373/373 374/374/374 376/376/376
f 379/379/379 378/378/378 377/377/377
f 377/377/377 378/378/378 380/380/380
f 383/383/383 382/382/382 381/381/381
f 381/381/381 382/382/382 384/384/384
f 387/387/387 386/386/386 385/385/385
f 385/385/385 386/386/386 388/388/388
f 391/391/391 390/390/390 389/389/389
f 389/389/389 390/390/390 392/392/392
f 395/395/395 394/394/394 393/393/393
f 393/393/393 394/394/394 396/396/396
f 399/399/399 398/398/398 397/397/397
f 397/397/397 398/398/398 400/400/400
f 403/403/403 402/402/402 401/401/401
f 401/401/401 402/402/402 404/404/404
f 407/407/407 406/406/406 405/405/405
f 405/405/405 406/406/406 408/408/408
f 411/411/411 410/410/410 409/409/409
f 409/409/409 410/410/410 412/412/412
f 415/415/415 414/414/414 413/413/413
f 413/413/413 414/414/414 416/416/416
f 419/419/419 418/418/418 417/417/417
f 417/417/417 418/418/418 420/420/420
f 423/423/423 422/422/422 421/421/421
f 421/421/421 422/422/422 424/424/424
f 427/427/427 426/426/426 425/425/425
f 425/425/425 426/426/426 428/428/428
f 431/431/431 430/430/430 429/429/429
f 429/429/429 430/430/430 432/432/432
f 435/435/435 434/434/434 433/433/433
f 433/433/433 434/434/434 436/436/436
f 439/439/439 438/438/438 437/437/437
f 437/437/437 438/438/438 440/440/440
f 443/443/443 442/442/442 441/441/441
f 441/441/441 442/442/442 444/444/444
f 447/447/447 446/446/446 445/445/445
f 445/445/445 446/446/446 448/448/448
f 451/451/451 450/450/450 449/449/449
f 449/449/449 450/450/450 452/452/452
f 455/455/455 454/454/454 453/453/453
f 453/453/453 454/454/454 456/456/456
f 459/459/459 458/458/458 457/457/457
f 457/457/457 458/458/458 460/460/460
f 463/463/463 462/462/462 461/461/461
f 461/461/461 462/462/462 464/464/464
f 467/467/467 466/466/466 465/465/465
f 465/465/465 466/466/466 468/468/468
f 471/471/471 470/470/470 469/469/469
f 469/469/469 470/470/470 472/472/472
f 475/475/475 474/474/474 473/473/473
f 473/473/473 474/474/474 476/476/476
f 479/479/479 478/478/478 477/477/477
f 477/477/477 478/478/478 480/480/480
f 483/483/483 482/482/482 481/481/481
f 481/481/481 482/482/482 484/484/484
f 487/487/487 486/486/486 485/485/485
f 485/485/485 486/486/486 488/488/488
f 491/491/491 490/490/490 489/489/489
f 489/489/489 490/490/490 492/492/492
f 495/495/495 494/494/494 493/493/493
f 493/493/493 494/494/494 496/496/496
f 499/499/499 498/498/498 497/497/497
f 497/497/497 498/498/498 500/500/500
f 503/503/503 502/502/502 501/501/501
f 501/501/501 502/502/502 504/504/504
f 507/507/507 506/506/506 505/505/505
f 505/505/505 506/506/506 508/508/508
f 511/511/511 510/510/510 509/509/509
f 509/509/509 510/510/510 512/512/512
f 515/515/515 514/514/514 513/513/513
f 513/513/513 514/514/514 516/516/516
f 519/519/519 518/518/518 517/517/517
f 517/517/517 518/518/518 520/520/520
f 523/523/523 522/522/522 521/521/521
f 521/521/521 522/522/522 524/524/524
f 527/527/527 526/526/526 525/525/525
f 525/525/525 526/526/526 528/528/528
f 531/531/531 530/530/530 529/529/529
f 529/529/529 530/530/530 532/532/532
f 535/535/535 534/534/534 533/533/533
f 533/533/533 534/534/534 536/536/536
f 539/539/539 538/538/538 537/537/537
f 537/537/537 538/538/538 540/540/540
f 543/543/543 542/542/542 541/541/541
f 541/541/541 542/542/542 544/544/544
f 547/547/547 546/546/546 545/545/545
f 545/545/545 546/546/546 548/548/548
f 551/551/551 550/550/550 549/549/549
f 549/549/549 550/550/550 552/552/552
f 555/555/555 554/554/554 553/553/553
f 553/553/553 554/554/554 556/556/556
f 559/559/559 558/558/558 557/557/557
f 557/557/557 558/558/558 560/560/560
f 563/563/563 562/562/562 561/561/561
f 561/561/561 562/562/562 564/564/564
f 567/567/567 566/566/566 565/565/565
f 565/565/565 566/566/566 568/568/568
f 571/571/571 570/570/570 569/569/569
f 569/569/569 570/570/570 572/572/572
f 575/575/575 574/574/574 573/573/573
f 573/573/573 574/574/574 576/576/576
f 579/579/579 578/578/578 577/577/577
f 577/577/577 578/578/578 580/580/580
f 583/583/583 582/582/582 581/581/581
f 581/581/581 582/582/582 584/584/584
f 587/587/587 586/586/586 585/585/585
f 585/585/585 586/586/586 588/588/588
f 591/591/591 590/590/590 589/589/589
f 589/589/589 590/590/590 592/592/592
f 595/595/595 594/594/594 593/593/593
f 593/593/593 594/594/594 596/596/596
f 599/599/599 598/598/598 597/597/597
f 597/597/597 598/598/598 600/600/600
f 603/603/603 602/602/602 601/601/601
f 601/601/601 602/602/602 604/604/604
f 607/607/607 606/606/606 605/605/605
f 605/605/605 606/606/606 608/608/608
f 611/611/611 610/610/610 609/609/609
f 609/609/609 610/610/610 612/612/612
f 615/615/615 614/614/614 613/613/613
f 613/613/613 614/614/614 616/616/616
f 619/619/619 618/618/618 617/617/617
f 617/617/617 618/618/618 620/620/620
f 623/623/623 622/622/622 621/621/621
f 621/621/621 622/622/622 624/624/624
f 627/627/627 626/626/626 625/625/625
f 625/625/625 626/626/626 628/628/628
f 631/631/631 630/630/630 629/629/629
f 629/629/629 630/630/630 632/632/632
f 635/635/635 634/634/634 633/633/633
f 633/633/633 634/634/634 636/636/636
f 639/639/639 638/638/638 637/637/637
f 637/637/637 638/638/638 640/640/640
f 643/643/643 642/642/642 641/641/641
f 641/641/641 642/642/642 644/644/644
f 647/647/647 646/646/646 645/645/645
f 645/645/645 646/646/646 648/648/648
f 651/651/651 650/650/650 649/649/649
f 649/649/649 650/650/650 652/652/652
f 655/655/655 654/654/654 653/653/653
f 653/653/653 654/654/654 656/656/656
f 659/659/659 658/658/658 657/657/657
f 657/657/657 658/658/658 660/660/660
f 663/663/663 662/662/662 661/661/661
f 661/661/661 662/662/662 664/664/664
f 667/667/667 666/666/666 665/665/665
f 665/665/665 666/666/666 668/668/668
f 671/671/671 670/670/670 669/669/669
f 669/669/669 670/670/670 672/672/672
f 675/675/675 674/674/674 673/673/673
f 673/673/673 674/674/674 676/676/676
f 679/679/679 678/678/678 677/677/677
f 677/677/677 678/678/678 680/680/680
f 683/683/683 682/682/682 681/681/681
f 681/681/681 682/682/682 684/684/684
f 687/687/687 686/686/686 685/685/685
f 685/685/685 686/686/686 688/688/688
f 691/691/691 690/690/690 689/689/689
f 689/689/689 690/690/690 692/692/692
f 695/695/695 694/694/694 693/693/693
f 693/693/693 694/694/694 696/696/696
f 699/699/699 698/698/698 697/697/697
f 697/697/697 698/698/698 700/700/700
f 703/703/703 702/702/702 701/701/701
f 701/701/701 702/702/702 704/704/704
f 707/707/707 706/706/706 705/705/705
f 705/705/705 706/706/706 708/708/708
f 711/711/711 710/710/710 709/709/709
f 709/709/709 710/710/710 712/712/712
f 715/715/715 714/714/714 713/713/713
f 713/713/713 714/714/714 716/716/716
f 719/719/719 718/718/718 717/717/717
f 717/717/717 718/718/718 720/720/720
f 723/723/723 722/722/722 721/721/721
f 721/721/721 722/722/722 724/724/724
f 727/727/727 726/726/726 725/725/725
f 725/725/725 726/726/726 728/728/728
f 731/731/731 730/730/730 729/729/729
f 729/729/729 730/730/730 732/732/732
f 735/735/735 734/734/734 733/733/733
f 733/733/733 734/734/734 736/736/736
f 739/739/739 738/738/738 737/737/737
f 737/737/737 738/738/738 740/740/740
f 743/743/743 742/742/742 741/741/741
f 741/741/741 742/742/742 744/744/744
f 747/747/747 746/746/746 745/745/745
f 745/745/745 746/746/746 748/748/748
f 751/751/751 750/750/750 749/749/749
f 749/749/749 750/750/750 752/752/752
f 755/755/755 754/754/754 753/753/753
f 753/753/753 754/754/754 756/756/756
f 759/759/759 758/758/758 757/757/757
f 757/757/757 758/758/758 760/760/760
f 763/763/763 762/762/762 761/761/761
f 761/761/761 762/762/762 764/764/764
f 767/767/767 766/766/766 765/765/765
f 765/765/765 766/766/766 768/768/768
f 771/771/771 770/770/770 769/769/769
f 769/769/769 770/770/770 772/772/772
f 775/775/775 774/774/774 773/773/773
f 773/773/773 774/774/774 776/776/776
f 779/779/779 778/778/778 777/777/777
f 777/777/777 778/778/778 780/780/780
f 783/783/783 782/782/782 781/781/781
f 781/781/781 782/782/782 784/784/784
f 787/787/787 786/786/786 785/785/785
f 785/785/785 786/786/786 788/788/788
f 791/791/791 790/790/790 789/789/789
f 789/789/789 790/790/790 792/792/792
f 795/795/795 794/794/794 793/793/793
f 793/793/793 794/794/794 796/796/796
f 799/799/799 798/798/798 797/797/797
f 797/797/797 798/798/798 800/800/800
f 803/803/803 802/802/802 801/801/801
f 801/801/801 802/802/802 804/804/804
f 807/807/807 806/806/806 805/805/805
f 805/805/805 806/806/806 808/808/808
f 811/811/811 810/810/810 809/809/809
f 809/809/809 810/810/810 812/812/812
f 815/815/815 814/814/814 813/813/813
f 813/813/813 814/814/814 816/816/816
f 819/819/819 818/818/818 817/817/817
f 817/817/817 818/818/818 820/820/820
f 823/823/823 822/822/822 821/821/821
f 821/821/821 822/822/822 824/824/824
f 827/827/827 826/826/826 825/825/825
f 825/825/825 826/826/826 828/828/828
f 831/831/831 830/830/830 829/829/829
f 829/829/829 830/830/830 832/832/832
f 835/835/835 834/834/834 833/833/833
f 833/833/833 834/834/834 836/836/836
f 839/839/839 838/838/838 837/837/837
f 837/837/837 838/838/838 840/840/840
f 843/843/843 842/842/842 841/841/841
f 841/841/841 842/842/842 844/844/844
f 847/847/847 846/846/846 845/845/845
f 845/845/845 846/846/846 848/848/848
f 851/851/851 850/850/850 849/849/849
f 849/849/849 850/850/850 852/852/852
f 855/855/855 854/854/854 853/853/853
f 853/853/853 854/854/854 856/856/856
f 859/859/859 858/858/858 857/857/857
f 857/857/857 858/858/858 860/860/860
f 863/863/863 862/862/862 861/861/861
f 861/861/861 862/862/862 864/864/864
f 867/867/867 866/866/866 865/865/865
f 865/865/865 866/866/866 868/868/868
f 871/871/871 870/870/870 869/869/869
f 869/869/869 870/870/870 872/872/872
f 875/875/875 874/874/874 873/873/873
f 873/873/873 874/874/874 876/876/876
f 879/879/879 878/878/878 877/877/877
f 877/877/877 878/878/878 880/880/880
f 883/883/883 882/882/882 881/881/881
f 881/881/881 882/882/882 884/884/884
f 887/887/887 886/886/886 885/885/885
f 885/885/885 886/886/886 888/888/888
f 891/891/891 890/890/890 889/889/889
f 889/889/889 890/890/890 892/892/892
f 895/895/895 894/894/894 893/893/893
f 893/893/893 894/894/894 896/896/896
f 899/899/899 898/898/898 897/897/897
f 897/897/897 898/898/898 900/900/900
f 903/903/903 902/902/902 901/901/901
f 901/901/901 902/902/902 904/904/904
f 907/907/907 906/906/906 905/905/905
f 905/905/905 906/906/906 908/908/908
f 911/911/911 910/910/910 909/909/909
f 909/909/909 910/910/910 912/912/912
f 915/915/915 914/914/914 913/913/913
f 913/913/913 914/914/914 916/916/916
f 919/919/919 918/918/918 917/917/917
f 917/917/917 918/918/918 920/920/920
f 923/923/923 922/922/922 921/921/921
f 921/921/921 922/922/922 924/924/924
f 927/927/927 926/926/926 925/925/925
f 925/925/925 926/926/926 928/928/928
f 931/931/931 930/930/930 929/929/929
f 929/929/929 930/930/930 932/932/932
f 935/935/935 934/934/934 933/933/933
f 933/933/933 934/934/934 936/936/936
f 939/939/939 938/938/938 937/937/937
f 937/937/937 938/938/938 940/940/940
f 943/943/943 942/942/942 941/941/941
f 941/941/941 942/942/942 944/944/944
f 947/947/947 946/946/946 945/945/945
f 945/945/945 946/946/946 948/948/948
f 951/951/951 950/950/950 949/949/949
f 949/949/949 950/950/950 952/952/952
f 955/955/955 954/954/954 953/953/953
f 953/953/953 954/954/954 956/956/956
f 959/959/959 958/958/958 957/957/957
f 957/957/957 958/958/958 960/960/960
f 963/963/963 962/962/962 961/961/961
f 961/961/961 962/962/962 964/964/964
f 967/967/967 966/966/966 965/965/965
f 965/965/965 966/966/966 968/968/968
f 971/971/971 970/970/970 969/969/969
f 969/969/969 970/970/970 972/972/972
f 975/975/975 974/974/974 973/973/973
f 973/973/973 974/974/974 976/976/976
f 979/979/979 978/978/978 977/977/977
f 977/977/977 978/978/978 980/980/980
f 983/983/983 982/982/982 981/981/981
f 981/981/981 982/982/982 984/984/984
f 987/987/987 986/986/986 985/985/985
f 985/985/985 986/986/986 988/988/988
f 991/991/991 990/990/990 989/989/989
f 989/989/989 990/990/990 992/992/992
f 995/995/995 994/994/994 993/993/993
f 993/993/993 994/994/994 996/996/996
f 999/999/999 998/998/998 997/997/997
f 997/997/997 998/998/998 1000/1000/1000
f 1003/1003/1003 1002/1002/1002 1001/1001/1001
f 1001/1001/1001 1002/1002/1002 1004/1004/1004
f 1007/1007/1007 1006/1006/1006 1005/1005/1005
f 1005/1005/1005 1006/1006/1006 1008/1008/1008
f 1011/1011/1011 1010/1010/1010 1009/1009/1009
f 1009/1009/1009 1010/1010/1010 1012/1012/1012
f 1015/1015/1015 1014/1014/1014 1013/1013/1013
f 1013/1013/1013 1014/1014/1014 1016/1016/1016
f 1019/1019/1019 1018/1018/1018 1017/1017/1017
f 1017/1017/1017 1018/1018/1018 1020/1020/1020
f 1023/1023/1023 1022/1022/1022 1021/1021/1021
f 1021/1021/1021 1022/1022/1022 1024/1024/1024
f 1027/1027/1027 1026/1026/1026 1025/1025/1025
f 1025/1025/1025 1026/1026/1026 1028/1028/1028
f 1031/1031/1031 1030/1030/1030 1029/1029/1029
f 1029/1029/1029 1030/1030/1030 1032/1032/1032
f 1035/1035/1035 1034/1034/1034 1033/1033/1033
f 1033/1033/1033 1034/1034/1034 1036/1036/1036
f 1039/1039/1039 1038/1038/1038 1037/1037/1037
f 1037/1037/1037 1038/1038/1038 1040/1040/1040
f 1043/1043/1043 1042/1042/1042 1041/1041/1041
f 1041/1041/1041 1042/1042/1042 1044/1044/1044
f 1047/1047/1047 1046/1046/1046 1045/1045/1045
f 1045/1045/1045 1046/1046/1046 1048/1048/1048
f 1051/1051/1051 1050/1050/1050 1049/1049/1049
f 1049/1049/1049 1050/1050/1050 1052/1052/1052
f 1055/1055/1055 1054/1054/1054 1053/1053/1053
f 1053/1053/1053 1054/1054/1054 1056/1056/1056
f 1059/1059/1059 1058/1058/1058 1057/1057/1057
f 1057/1057/1057 1058/1058/1058 1060/1060/1060
f 1063/1063/1063 1062/1062/1062 1061/1061/1061
f 1061/1061/1061 1062/1062/1062 1064/1064/1064
f 1067/1067/1067 1066/1066/1066 1065/1065/1065
f 1065/1065/1065 1066/1066/1066 1068/1068/1068
f 1071/1071/1071 1070/1070/1070 1069/1069/1069
f 1069/1069/1069 1070/1070/1070 1072/1072/1072
f 1075/1075/1075 1074/1074/1074 1073/1073/1073
f 1073/1073/1073 1074/1074/1074 1076/1076/1076
f 1079/1079/1079 1078/1078/1078 1077/1077/1077
f 1077/1077/1077 1078/1078/1078 1080/1080/1080
f 1083/1083/1083 1082/1082/1082 1081/1081/1081
f 1081/1081/1081 1082/1082/1082 1084/1084/1084
f 1087/1087/1087 1086/1086/1086 1085/1085/1085
f 1085/1085/1085 1086/1086/1086 1088/1088/1088
f 1091/1091/1091 1090/1090/1090 1089/1089/1089
f 1089/1089/1089 1090/1090/1090 1092/1092/1092
f 1095/1095/1095 1094/1094/1094 1093/1093/1093
f 1093/1093/1093 1094/1094/1094 1096/1096/1096
f 1099/1099/1099 1098/1098/1098 1097/1097/1097
f 1097/1097/1097 1098/1098/1098 1100/1100/1100
f 1103/1103/1103 1102/1102/1102 1101/1101/1101
f 1101/1101/1101 1102/1102/1102 1104/1104/1104
f 1107/1107/1107 1106/1106/1106 1105/1105/1105
f 1105/1105/1105 1106/1106/1106 1108/1108/1108
f 1111/1111/1111 1110/1110/1110 1109/1109/1109
f 1109/1109/1109 1110/1110/1110 1112/1112/1112
f 1115/1115/1115 1114/1114/1114 1113/1113/1113
f 1113/1113/1113 1114/1114/1114 1116/1116/1116
f 1119/1119/1119 1118/1118/1118 1117/1117/1117
f 1117/1117/1117 1118/1118/1118 1120/1120/1120
f 1123/1123/1123 1122/1122/1122 1121/1121/1121
f 1121/1121/1121 1122/1122/1122 1124/1124/1124
f 1127/1127/1127 1126/1126/1126 1125/1125/1125
f 1125/1125/1125 1126/1126/1126 1128/1128/1128
f 1131/1131/1131 1130/1130/1130 1129/1129/1129
f 1129/1129/1129 1130/1130/1130 1132/1132/1132
f 1135/1135/1135 1134/1134/1134 1133/1133/1133
f 1133/1133/1133 1134/1134/1134 1136/1136/1136
f 1139/1139/1139 1138/1138/1138 1137/1137/1137
f 1137/1137/1137 1138/1138/1138 1140/1140/1140
f 1143/1143/1143 1142/1142/1142 1141/1141/1141
f 1141/1141/1141 1142/1142/1142 1144/1144/1144
f 1147/1147/1147 1146/1146/1146 1145/1145/1145
f 1145/1145/1145 1146/1146/1146 1148/1148/1148
f 1151/1151/1151 1150/1150/1150 1149/1149/1149
f 1149/1149/1149 1150/1150/1150 1152/1152/1152
f 1155/1155/1155 1154/1154/1154 1153/1153/1153
f 1153/1153/1153 1154/1154/1154 1156/1156/1156
f 1159/1159/1159 1158/1158/1158 1157/1157/1157
f 1157/1157/1157 1158/1158/1158 1160/1160/1160
f 1163/1163/1163 1162/1162/1162 1161/1161/1161
f 1161/1161/1161 1162/1162/1162 1164/1164/1164
f 1167/1167/1167 1166/1166/1166 1165/1165/1165
f 1165/1165/1165 1166/1166/1166 1168/1168/1168
f 1171/1171/1171 1170/1170/1170 1169/1169/1169
f 1169/1169/1169 1170/1170/1170 1172/1172/1172
f 1175/1175/1175 1174/1174/1174 1173/1173/1173
f 1173/1173/1173 1174/1174/1174 1176/1176/1176
f 1179/1179/1179 1178/1178/1178 1177/1177/1177
f 1177/1177/1177 1178/1178/1178 1180/1180/1180
f 1183/1183/1183 1182/1182/1182 1181/1181/1181
f 1181/1181/1181 1182/1182/1182 1184/1184/1184
f 1187/1187/1187 1186/1186/1186 1185/1185/1185
f 1185/1185/1185 1186/1186/1186 1188/1188/1188
f 1191/1191/1191 1190/1190/1190 1189/1189/1189
f 1189/1189/1189 1190/1190/1190 1192/1192/1192
f 1195/1195/1195 1194/1194/1194 1193/1193/1193
f 1193/1193/1193 1194/1194/1194 1196/1196/1196
f 1199/1199/1199 1198/1198/1198 1197/1197/1197
f 1197/1197/1197 1198/1198/1198 1200/1200/1200
f 1203/1203/1203 1202/1202/1202 1201/1201/1201
f 1201/1201/1201 1202/1202/1202 1204/1204/1204
f 1207/1207/1207 1206/1206/1206 1205/1205/1205
f 1205/1205/1205 1206/1206/1206 1208/1208/1208
f 1211/1211/1211 1210/1210/1210 1209/1209/1209
f 1209/1209/1209 1210/1210/1210 1212/1212/1212
f 1215/1215/1215 1214/1214/1214 1213/1213/1213
f 1213/1213/1213 1214/1214/1214 1216/1216/1216
f 1219/1219/1219 1218/1218/1218 1217/1217/1217
f 1217/1217/1217 1218/1218/1218 1220/1220/1220
f 1223/1223/1223 1222/1222/1222 1221/1221/1221
f 1221/1221/1221 1222/1222/1222 1224/1224/1224
f 1227/1227/1227 1226/1226/1226 1225/1225/1225
f 1225/1225/1225 1226/1226/1226 1228/1228/1228
f 1231/1231/1231 1230/1230/1230 1229/1229/1229
f 1229/1229/1229 1230/1230/1230 1232/1232/1232
f 1235/1235/1235 1234/1234/1234 1233/1233/1233
f 1233/1233/1233 1234/1234/1234 1236/1236/1236
f 1239/1239/1239 1238/1238/1238 1237/1237/1237
f 1237/1237/1237 1238/1238/1238 1240/1240/1240
f 1243/1243/1243 1242/1242/1242 1241/1241/1241
f 1241/1241/1241 1242/1242/1242 1244/1244/1244
f 1247/1247/1247 1246/1246/1246 1245/1245/1245
f 1245/1245/1245 1246/1246/1246 1248/1248/1248
f 1251/1251/1251 1250/1250/1250 1249/1249/1249
f 1249/1249/1249 1250/1250/1250 1252/1252/1252
f 1255/1255/1255 1254/1254/1254 1253/1253/1253
f 1253/1253/1253 1254/1254/1254 1256/1256/1256
f 1259/1259/1259 1258/1258/1258 1257/1257/1257
f 1257/1257/1257 1258/1258/1258 1260/1260/1260
f 1263/1263/1263 1262/1262/1262 1261/1261/1261
f 1261/1261/1261 1262/1262/1262 1264/1264/1264
f 1267/1267/1267 1266/1266/1266 1265/1265/1265
f 1265/1265/1265 1266/1266/1266 1268/1268/1268
f 1271/1271/1271 1270/1270/1270 1269/1269/1269
f 1269/1269/1269 1270/1270/1270 1272/1272/1272
f 1275/1275/1275 1274/1274/1274 1273/1273/1273
f 1273/1273/1273 1274/1274/1274 1276/1276/1276
f 1279/1279/1279 1278/1278/1278 1277/1277/1277
f 1277/1277/1277 1278/1278/1278 1280/1280/1280
f 1283/1283/1283 1282/1282/1282 1281/1281/1281
f 1281/1281/1281 1282/1282/1282 1284/1284/1284
f 1287/1287/1287 1286/1286/1286 1285/1285/1285
f 1285/1285/1285 1286/1286/1286 1288/1288/1288
f 1291/1291/1291 1290/1290/1290 1289/1289/1289
f 1289/1289/1289 1290/1290/1290 1292/1292/1292
f 1295/1295/1295 1294/1294/1294 1293/1293/1293
f 1293/1293/1293 1294/1294/1294 1296/1296/1296
f 1299/1299/1299 1298/1298/1298 1297/1297/1297
f 1297/1297/1297 1298/1298/1298 1300/1300/1300
f 1303/1303/1303 1302/1302/1302 1301/1301/1301
f 1301/1301/1301 1302/1302/1302 1304/1304/1304
f 1307/1307/1307 1306/1306/1306 1305/1305/1305
f 1305/1305/1305 1306/1306/1306 1308/1308/1308
f 1311/1311/1311 1310/1310/1310 1309/1309/1309
f 1309/1309/1309 1310/1310/1310 1312/1312/1312
f 1315/1315/1315 1314/1314/1314 1313/1313/1313
f 1313/1313/1313 1314/1314/1314 1316/1316/1316
f 1319/1319/1319 1318/1318/1318 1317/1317/1317
f 1317/1317/1317 1318/1318/1318 1320/1320/1320
f 1323/1323/1323 1322/1322/1322 1321/1321/1321
f 1321/1321/1321 1322/1322/1322 1324/1324/1324
f 1327/1327/1327 1326/1326/1326 1325/1325/1325
f 1325/1325/1325 1326/1326/1326 1328/1328/1328
f 1331/1331/1331 1330/1330/1330 1329/1329/1329
f 1329/1329/1329 1330/1330/1330 1332/1332/1332
f 1335/1335/1335 1334/1334/1334 1333/1333/1333
f 1333/1333/1333 1334/1334/1334 1336/1336/1336
f 1339/1339/1339 1338/1338/1338 1337/1337/1337
f 1337/1337/1337 1338/1338/1338 1340/1340/1340
f 1343/1343/1343 1342/1342/1342 1341/1341/1341
f 1341/1341/1341 1342/1342/1342 1344/1344/1344
f 1347/1347/1347 1346/1346/1346 1345/1345/1345
f 1345/1345/1345 1346/1346/1346 1348/1348/1348
f 1351/1351/1351 1350/1350/1350 1349/1349/1349
f 1349/1349/1349 1350/1350/1350 1352/1352/1352
f 1355/1355/1355 1354/1354/1354 1353/1353/1353
f 1353/1353/1353 1354/1354/1354 1356/1356/1356
f 1359/1359/1359 1358/1358/1358 1357/1357/1357
f 1357/1357/1357 1358/1358/1358 1360/1360/1360
f 1363/1363/1363 1362/1362/1362 1361/1361/1361
f 1361/1361/1361 1362/1362/1362 1364/1364/1364
f 1367/1367/1367 1366/1366/1366 1365/1365/1365
f 1365/1365/1365 1366/1366/1366 1368/1368/1368
f 1371/1371/1371 1370/1370/1370 1369/1369/1369
f 1369/1369/1369 1370/1370/1370 1372/1372/1372
f 1375/1375/1375 1374/1374/1374 1373/1373/1373
f 1373/1373/1373 1374/1374/1374 1376/1376/1376
f 1379/1379/1379 1378/1378/1378 1377/1377/1377
f 1377/1377/1377 1378/1378/1378 1380/1380/1380
f 1383/1383/1383 1382/1382/1382 1381/1381/1381
f 1381/1381/1381 1382/1382/1382 1384/1384/1384
f 1387/1387/1387 1386/1386/1386 1385/1385/1385
f 1385/1385/1385 1386/1386/1386 1388/1388/1388
f 1391/1391/1391 1390/1390/1390 1389/1389/1389
f 1389/1389/1389 1390/1390/1390 1392/1392/1392
f 1395/1395/1395 1394/1394/1394 1393/1393/1393
f 1393/1393/1393 1394/1394/1394 1396/1396/1396
f 1399/1399/1399 1398/1398/1398 1397/1397/1397
f 1397/1397/1397 1398/1398/1398 1400/1400/1400
f 1403/1403/1403 1402/1402/1402 1401/1401/1401
f 1401/1401/1401 1402/1402/1402 1404/1404/1404
f 1407/1407/1407 1406/1406/1406 1405/1405/1405
f 1405/1405/1405 1406/1406/1406 1408/1408/1408
f 1411/1411/1411 1410/1410/1410 1409/1409/1409
f 1409/1409/1409 1410/1410/1410 1412/1412/1412
f 1415/1415/1415 1414/1414/1414 1413/1413/1413
f 1413/1413/1413 1414/1414/1414 1416/1416/1416
f 1419/1419/1419 1418/1418/1418 1417/1417/1417
f 1417/1417/1417 1418/1418/1418 1420/1420/1420
f 1423/1423/1423 1422/1422/1422 1421/1421/1421
f 1421/1421/1421 1422/1422/1422 1424/1424/1424
f 1427/1427/1427 1426/1426/1426 1425/1425/1425
f 1425/1425/1425 1426/1426/1426 1428/1428/1428
f 1431/1431/1431 1430/1430/1430 1429/1429/1429
f 1429/1429/1429 1430/1430/1430 1432/1432/1432
f 1435/1435/1435 1434/1434/1434 1433/1433/1433
f 1433/1433/1433 1434/1434/1434 1436/1436/1436
f 1439/1439/1439 1438/1438/1438 1437/1437/1437
f 1437/1437/1437 1438/1438/1438 1440/1440/1440
f 1443/1443/1443 1442/1442/1442 1441/1441/1441
f 1441/1441/1441 1442/1442/1442 1444/1444/1444
f 1447/1447/1447 1446/1446/1446 1445/1445/1445
f 1445/1445/1445 1446/1446/1446 1448/1448/1448
f 1451/1451/1451 1450/1450/1450 1449/1449/1449
f 1449/1449/1449 1450/1450/1450 1452/1452/1452
f 1455/1455/1455 1454/1454/1454 1453/1453/1453
f 1453/1453/1453 1454/1454/1454 1456/1456/1456
f 1459/1459/1459 1458/1458/1458 1457/1457/1457
f 1457/1457/1457 1458/1458/1458 1460/1460/1460
f 1463/1463/1463 1462/1462/1462 1461/1461/1461
f 1461/1461/1461 1462/1462/1462 1464/1464/1464
f 1467/1467/1467 1466/1466/1466 1465/1465/1465
f 1465/1465/1465 1466/1466/1466 1468/1468/1468
f 1471/1471/1471 1470/1470/1470 1469/1469/1469
f 1469/1469/1469 1470/1470/1470 1472/1472/1472
f 1475/1475/1475 1474/1474/1474 1473/1473/1473
f 1473/1473/1473 1474/1474/1474 1476/1476/1476
f 1479/1479/1479 1478/1478/1478 1477/1477/1477
f 1477/1477/1477 1478/1478/1478 1480/1480/1480
f 1483/1483/1483 1482/1482/1482 1481/1481/1481
f 1481/1481/1481 1482/1482/1482 1484/1484/1484
f 1487/1487/1487 1486/1486/1486 1485/1485/1485
f 1485/1485/1485 1486/1486/1486 1488/1488/1488
f 1491/1491/1491 1490/1490/1490 1489/1489/1489
f 1489/1489/1489 1490/1490/1490 1492/1492/1492
f 1495/1495/1495 1494/1494/1494 1493/1493/1493
f 1493/1493/1493 1494/1494/1494 1496/1496/1496
f 1499/1499/1499 1498/1498/1498 1497/1497/1497
f 1497/1497/1497 1498/1498/1498 1500/1500/1500
f 1503/1503/1503 1502/1502/1502 1501/1501/1501
f 1501/1501/1501 1502/1502/1502 1504/1504/1504
f 1507/1507/1507 1506/1506/1506 1505/1505/1505
f 1505/1505/1505 1506/1506/1506 1508/1508/1508
f 1511/1511/1511 1510/1510/1510 1509/1509/1509
f 1509/1509/1509 1510/1510/1510 1512/1512/1512
f 1515/1515/1515 1514/1514/1514 1513/1513/1513
f 1513/1513/1513 1514/1514/1514 1516/1516/1516
f 1519/1519/1519 1518/1518/1518 1517/1517/1517
f 1517/1517/1517 1518/1518/1518 1520/1520/1520
f 1523/1523/1523 1522/1522/1522 1521/1521/1521
f 1521/1521/1521 1522/1522/1522 1524/1524/1524
f 1527/1527/1527 1526/1526/1526 1525/1525/1525
f 1525/1525/1525 1526/1526/1526 1528/1528/1528
f 1531/1531/1531 1530/1530/1530 1529/1529/1529
f 1529/1529/1529 1530/1530/1530 1532/1532/1532
f 1535/1535/1535 1534/1534/1534 1533/1533/1533
f 1533/1533/1533 1534/1534/1534 1536/1536/1536
f 1539/1539/1539 1538/1538/1538 1537/1537/1537
f 1537/1537/1537 1538/1538/1538 1540/1540/1540
f 1543/1543/1543 1542/1542/1542 1541/1541/1541
f 1541/1541/1541 1542/1542/1542 1544/1544/1544
f 1547/1547/1547 1546/1546/1546 1545/1545/1545
f 1545/1545/1545 1546/1546/1546 1548/1548/1548
f 1551/1551/1551 1550/1550/1550 1549/1549/1549
f 1549/1549/1549 1550/1550/1550 1552/1552/1552
f 1555/1555/1555 1554/1554/1554 1553/1553/1553
f 1553/1553/1553 1554/1554/1554 1556/1556/1556
f 1559/1559/1559 1558/1558/1558 1557/1557/1557
f 1557/1557/1557 1558/1558/1558 1560/1560/1560
f 1563/1563/1563 1562/1562/1562 1561/1561/1561
f 1561/1561/1561 1562/1562/1562 1564/1564/1564
f 1567/1567/1567 1566/1566/1566 1565/1565/1565
f 1565/1565/1565 1566/1566/1566 1568/1568/1568
f 1571/1571/1571 1570/1570/1570 1569/1569/1569
f 1569/1569/1569 1570/1570/1570 1572/1572/1572
f 1575/1575/1575 1574/1574/1574 1573/1573/1573
f 1573/1573/1573 1574/1574/1574 1576/1576/1576
f 1579/1579/1579 1578/1578/1578 1577/1577/1577
f 1577/1577/1577 1578/1578/1578 1580/1580/1580
f 1583/1583/1583 1582/1582/1582 1581/1581/1581
f 1581/1581/1581 1582/1582/1582 1584/1584/1584
f 1587/1587/1587 1586/1586/1586 1585/1585/1585
f 1585/1585/1585 1586/1586/1586 1588/1588/1588
f 1591/1591/1591 1590/1590/1590 1589/1589/1589
f 1589/1589/1589 1590/1590/1590 1592/1592/1592
f 1595/1595/1595 1594/1594/1594 1593/1593/1593
f 1593/1593/1593 1594/1594/1594 1596/1596/1596
f 1599/1599/1599 1598/1598/1598 1597/1597/1597
f 1597/1597/1597 1598/1598/1598 1600/1600/1600
f 1603/1603/1603 1602/1602/1602 1601/1601/1601
f 1601/1601/1601 1602/1602/1602 1604/1604/1604
f 1607/1607/1607 1606/1606/1606 1605/1605/1605
f 1605/1605/1605 1606/1606/1606 1608/1608/1608
f 1611/1611/1611 1610/1610/1610 1609/1609/1609
f 1609/1609/1609 1610/1610/1610 1612/1612/1612
f 1615/1615/1615 1614/1614/1614 1613/1613/1613
f 1613/1613/1613 1614/1614/1614 1616/1616/1616
f 1619/1619/1619 1618/1618/1618 1617/1617/1617
f 1617/1617/1617 1618/1618/1618 1620/1620/1620
f 1623/1623/1623 1622/1622/1622 1621/1621/1621
f 1621/1621/1621 1622/1622/1622 1624/1624/1624
f 1627/1627/1627 1626/1626/1626 1625/1625/1625
f 1625/1625/1625 1626/1626/1626 1628/1628/1628
f 1631/1631/1631 1630/1630/1630 1629/1629/1629
f 1629/1629/1629 1630/1630/1630 1632/1632/1632
f 1635/1635/1635 1634/1634/1634 1633/1633/1633
f 1633/1633/1633 1634/1634/1634 1636/1636/1636
f 1639/1639/1639 1638/1638/1638 1637/1637/1637
f 1637/1637/1637 1638/1638/1638 1640/1640/1640
f 1643/1643/1643 1642/1642/1642 1641/1641/1641
f 1641/1641/1641 1642/1642/1642 1644/1644/1644
f 1647/1647/1647 1646/1646/1646 1645/1645/1645
f 1645/1645/1645 1646/1646/1646 1648/1648/1648
f 1651/1651/1651 1650/1650/1650 1649/1649/1649
f 1649/1649/1649 1650/1650/1650 1652/1652/1652
f 1655/1655/1655 1654/1654/1654 1653/1653/1653
f 1653/1653/1653 1654/1654/1654 1656/1656/1656
f 1659/1659/1659 1658/1658/1658 1657/1657/1657
f 1657/1657/1657 1658/1658/1658 1660/1660/1660
f 1663/1663/1663 1662/1662/1662 1661/1661/1661
f 1661/1661/1661 1662/1662/1662 1664/1664/1664
f 1667/1667/1667 1666/1666/1666 1665/1665/1665
f 1665/1665/1665 1666/1666/1666 1668/1668/1668
f 1671/1671/1671 1670/1670/1670 1669/1669/1669
f 1669/1669/1669 1670/1670/1670 1672/1672/1672
f 1675/1675/1675 1674/1674/1674 1673/1673/1673
f 1673/1673/1673 1674/1674/1674 1676/1676/1676
f 1679/1679/1679 1678/1678/1678 1677/1677/1677
f 1677/1677/1677 1678/1678/1678 1680/1680/1680
f 1683/1683/1683 1682/1682/1682 1681/1681/1681
f 1681/1681/1681 1682/1682/1682 1684/1684/1684
f 1687/1687/1687 1686/1686/1686 1685/1685/1685
f 1685/1685/1685 1686/1686/1686 1688/1688/1688
f 1691/1691/1691 1690/1690/1690 1689/1689/1689
f 1689/1689/1689 1690/1690/1690 1692/1692/1692
f 1695/1695/1695 1694/1694/1694 1693/1693/1693
f 1693/1693/1693 1694/1694/1694 1696/1696/1696
f 1699/1699/1699 1698/1698/1698 1697/1697/1697
f 1697/1697/1697 1698/1698/1698 1700/1700/1700
f 1703/1703/1703 1702/1702/1702 1701/1701/1701
f 1701/1701/1701 1702/1702/1702 1704/1704/1704
f 1707/1707/1707 1706/1706/1706 1705/1705/1705
f 1705/1705/1705 1706/1706/1706 1708/1708/1708
f 1711/1711/1711 1710/1710/1710 1709/1709/1709
f 1709/1709/1709 1710/1710/1710 1712/1712/1712
f 1715/1715/1715 1714/1714/1714 1713/1713/1713
f 1713/1713/1713 1714/1714/1714 1716/1716/1716
f 1719/1719/1719 1718/1718/1718 1717/1717/1717
f 1717/1717/1717 1718/1718/1718 1720/1720/1720
f 1723/1723/1723 1722/1722/1722 1721/1721/1721
f 1721/1721/1721 1722/1722/1722 1724/1724/1724
f 1727/1727/1727 1726/1726/1726 1725/1725/1725
f 1725/1725/1725 1726/1726/1726 1728/1728/1728
f 1731/1731/1731 1730/1730/1730 1729/1729/1729
f 1729/1729/1729 1730/1730/1730 1732/1732/1732
f 1735/1735/1735 1734/1734/1734 1733/1733/1733
f 1733/1733/1733 1734/1734/1734 1736/1736/1736
f 1739/1739/1739 1738/1738/1738 1737/1737/1737
f 1737/1737/1737 1738/1738/1738 1740/1740/1740
f 1743/1743/1743 1742/1742/1742 1741/1741/1741
f 1741/1741/1741 1742/1742/1742 1744/1744/1744
f 1747/1747/1747 1746/1746/1746 1745/1745/1745
f 1745/1745/1745 1746/1746/1746 1748/1748/1748
f 1751/1751/1751 1750/1750/1750 1749/1749/1749
f 1749/1749/1749 1750/1750/1750 1752/1752/1752
f 1755/1755/1755 1754/1754/1754 1753/1753/1753
f 1753/1753/1753 1754/1754/1754 1756/1756/1756
f 1759/1759/1759 1758/1758/1758 1757/1757/1757
f 1757/1757/1757 1758/1758/1758 1760/1760/1760
f 1763/1763/1763 1762/1762/1762 1761/1761/1761
f 1761/1761/1761 1762/1762/1762 1764/1764/1764
f 1767/1767/1767 1766/1766/1766 1765/1765/1765
f 1765/1765/1765 1766/1766/1766 1768/1768/1768
f 1771/1771/1771 1770/1770/1770 1769/1769/1769
f 1769/1769/1769 1770/1770/1770 1772/1772/1772
f 1775/1775/1775 1774/1774/1774 1773/1773/1773
f 1773/1773/1773 1774/1774/1774 1776/1776/1776
f 1779/1779/1779 1778/1778/1778 1777/1777/1777
f 1777/1777/1777 1778/1778/1778 1780/1780/1780
f 1783/1783/1783 1782/1782/1782 1781/1781/1781
f 1781/1781/1781 1782/1782/1782 1784/1784/1784
f 1787/1787/1787 1786/1786/1786 1785/1785/1785
f 1785/1785/1785 1786/1786/1786 1788/1788/1788
f 1791/1791/1791 1790/1790/1790 1789/1789/1789
f 1789/1789/1789 1790/1790/1790 1792/1792/1792
f 1795/1795/1795 1794/1794/1794 1793/1793/1793
f 1793/1793/1793 1794/1794/1794 1796/1796/1796
f 1799/1799/1799 1798/1798/1798 1797/1797/1797
f 1797/1797/1797 1798/1798/1798 1800/1800/1800
f 1803/1803/1803 1802/1802/1802 1801/1801/1801
f 1801/1801/1801 1802/1802/1802 1804/1804/1804
f 1807/1807/1807 1806/1806/1806 1805/1805/1805
f 1805/1805/1805 1806/1806/1806 1808/1808/1808
f 1811/1811/1811 1810/1810/1810 1809/1809/1809
f 1809/1809/1809 1810/1810/1810 1812/1812/1812
f 1815/1815/1815 1814/1814/1814 1813/1813/1813
f 1813/1813/1813 1814/1814/1814 1816/1816/1816
f 1819/1819/1819 1818/1818/1818 1817/1817/1817
f 1817/1817/1817 1818/1818/1818 1820/1820/1820
f 1823/1823/1823 1822/1822/1822 1821/1821/1821
f 1821/1821/1821 1822/1822/1822 1824/1824/1824
f 1827/1827/1827 1826/1826/1826 1825/1825/1825
f 1825/1825/1825 1826/1826/1826 1828/1828/1828
f 1831/1831/1831 1830/1830/1830 1829/1829/1829
f 1829/1829/1829 1830/1830/1830 1832/1832/1832
f 1835/1835/1835 1834/1834/1834 1833/1833/1833
f 1833/1833/1833 1834/1834/1834 1836/1836/1836
f 1839/1839/1839 1838/1838/1838 1837/1837/1837
f 1837/1837/1837 1838/1838/1838 1840/1840/1840
f 1843/1843/1843 1842/1842/1842 1841/1841/1841
f 1841/1841/1841 1842/1842/1842 1844/1844/1844
f 1847/1847/1847 1846/1846/1846 1845/1845/1845
f 1845/1845/1845 1846/1846/1846 1848/1848/1848
f 1851/1851/1851 1850/1850/1850 1849/1849/1849
f 1849/1849/1849 1850/1850/1850 1852/1852/1852
f 1855/1855/1855 1854/1854/1854 1853/1853/1853
f 1853/1853/1853 1854/1854/1854 1856/1856/1856
f 1859/1859/1859 1858/1858/1858 1857/1857/1857
f 1857/1857/1857 1858/1858/1858 1860/1860/1860
f 1863/1863/1863 1862/1862/1862 1861/1861/1861
f 1861/1861/1861 1862/1862/1862 1864/1864/1864
f 1867/1867/1867 1866/1866/1866 1865/1865/1865
f 1865/1865/1865 1866/1866/1866 1868/1868/1868
f 1871/1871/1871 1870/1870/1870 1869/1869/1869
f 1869/1869/1869 1870/1870/1870 1872/1872/1872
f 1875/1875/1875 1874/1874/1874 1873/1873/1873
f 1873/1873/1873 1874/1874/1874 1876/1876/1876
f 1879/1879/1879 1878/1878/1878 1877/1877/1877
f 1877/1877/1877 1878/1878/1878 1880/1880/1880
f 1883/1883/1883 1882/1882/1882 1881/1881/1881
f 1881/1881/1881 1882/1882/1882 1884/1884/1884
f 1887/1887/1887 1886/1886/1886 1885/1885/1885
f 1885/1885/1885 1886/1886/1886 1888/1888/1888
f 1891/1891/1891 1890/1890/1890 1889/1889/1889
f 1889/1889/1889 1890/1890/1890 1892/1892/1892
f 1895/1895/1895 1894/1894/1894 1893/1893/1893
f 1893/1893/1893 1894/1894/1894 1896/1896/1896
f 1899/1899/1899 1898/1898/1898 1897/1897/1897
f 1897/1897/1897 1898/1898/1898 1900/1900/1900
f 1903/1903/1903 1902/1902/1902 1901/1901/1901
f 1901/1901/1901 1902/1902/1902 1904/1904/1904
f 1907/1907/1907 1906/1906/1906 1905/1905/1905
f 1905/1905/1905 1906/1906/1906 1908/1908/1908
f 1911/1911/1911 1910/1910/1910 1909/1909/1909
f 1909/1909/1909 1910/1910/1910 1912/1912/1912
f 1915/1915/1915 1914/1914/1914 1913/1913/1913
f 1913/1913/1913 1914/1914/1914 1916/1916/1916
f 1919/1919/1919 1918/1918/1918 1917/1917/1917
f 1917/1917/1917 1918/1918/1918 1920/1920/1920
f 1923/1923/1923 1922/1922/1922 1921/1921/1921
f 1921/1921/1921 1922/1922/1922 1924/1924/1924
f 1927/1927/1927 1926/1926/1926 1925/1925/1925
f 1925/1925/1925 1926/1926/1926 1928/1928/1928
f 1931/1931/1931 1930/1930/1930 1929/1929/1929
f 1929/1929/1929 1930/1930/1930 1932/1932/1932
f 1935/1935/1935 1934/1934/1934 1933/1933/1933
f 1933/1933/1933 1934/1934/1934 1936/1936/1936
f 1939/1939/1939 1938/1938/1938 1937/1937/1937
f 1937/1937/1937 1938/1938/1938 1940/1940/1940
f 1943/1943/1943 1942/1942/1942 1941/1941/1941
f 1941/1941/1941 1942/1942/1942 1944/1944/1944
f 1947/1947/1947 1946/1946/1946 1945/1945/1945
f 1945/1945/1945 1946/1946/1946 1948/1948/1948
f 1951/1951/1951 1950/1950/1950 1949/1949/1949
f 1949/1949/1949 1950/1950/1950 1952/1952/1952
f 1955/1955/1955 1954/1954/1954 1953/1953/1953
f 1953/1953/1953 1954/1954/1954 1956/1956/1956
f 1959/1959/1959 1958/1958/1958 1957/1957/1957
f 1957/1957/1957 1958/1958/1958 1960/1960/1960
f 1963/1963/1963 1962/1962/1962 1961/1961/1961
f 1961/1961/1961 1962/1962/1962 1964/1964/1964
f 1967/1967/1967 1966/1966/1966 1965/1965/1965
f 1965/1965/1965 1966/1966/1966 1968/1968/1968
f 1971/1971/1971 1970/1970/1970 1969/1969/1969
f 1969/1969/1969 1970/1970/1970 1972/1972/1972
f 1975/1975/1975 1974/1974/1974 1973/1973/1973
f 1973/1973/1973 1974/1974/1974 1976/1976/1976
f 1979/1979/1979 1978/1978/1978 1977/1977/1977
f 1977/1977/1977 1978/1978/1978 1980/1980/1980
f 1983/1983/1983 1982/1982/1982 1981/1981/1981
f 1981/1981/1981 1982/1982/1982 1984/1984/1984
f 1987/1987/1987 1986/1986/1986 1985/1985/1985
f 1985/1985/1985 1986/1986/1986 1988/1988/1988
f 1991/1991/1991 1990/1990/1990 1989/1989/1989
f 1989/1989/1989 1990/1990/1990 1992/1992/1992
f 1995/1995/1995 1994/1994/1994 1993/1993/1993
f 1993/1993/1993 1994/1994/1994 1996/1996/1996
f 1999/1999/1999 1998/1998/1998 1997/1997/1997
f 1997/1997/1997 1998/1998/1998 2000/2000/2000
f 2003/2003/2003 2002/2002/2002 2001/2001/2001
f 2001/2001/2001 2002/2002/2002 2004/2004/2004
f 2007/2007/2007 2006/2006/2006 2005/2005/2005
f 2005/2005/2005 2006/2006/2006 2008/2008/2008
f 2011/2011/2011 2010/2010/2010 2009/2009/2009
f 2009/2009/2009 2010/2010/2010 2012/2012/2012
f 2015/2015/2015 2014/2014/2014 2013/2013/2013
f 2013/2013/2013 2014/2014/2014 2016/2016/2016
f 2019/2019/2019 2018/2018/2018 2017/2017/2017
f 2017/2017/2017 2018/2018/2018 2020/2020/2020
f 2023/2023/2023 2022/2022/2022 2021/2021/2021
f 2021/2021/2021 2022/2022/2022 2024/2024/2024
f 2027/2027/2027 2026/2026/2026 2025/2025/2025
f 2025/2025/2025 2026/2026/2026 2028/2028/2028
f 2031/2031/2031 2030/2030/2030 2029/2029/2029
f 2029/2029/2029 2030/2030/2030 2032/2032/2032
f 2035/2035/2035 2034/2034/2034 2033/2033/2033
f 2033/2033/2033 2034/2034/2034 2036/2036/2036
f 2039/2039/2039 2038/2038/2038 2037/2037/2037
f 2037/2037/2037 2038/2038/2038 2040/2040/2040
f 2043/2043/2043 2042/2042/2042 2041/2041/2041
f 2041/2041/2041 2042/2042/2042 2044/2044/2044
f 2047/2047/2047 2046/2046/2046 2045/2045/2045
f 2045/2045/2045 2046/2046/2046 2048/2048/2048
f 2051/2051/2051 2050/2050/2050 2049/2049/2049
f 2049/2049/2049 2050/2050/2050 2052/2052/2052
f 2055/2055/2055 2054/2054/2054 2053/2053/2053
f 2053/2053/2053 2054/2054/2054 2056/2056/2056
f 2059/2059/2059 2058/2058/2058 2057/2057/2057
f 2057/2057/2057 2058/2058/2058 2060/2060/2060
f 2063/2063/2063 2062/2062/2062 2061/2061/2061
f 2061/2061/2061 2062/2062/2062 2064/2064/2064
f 2067/2067/2067 2066/2066/2066 2065/2065/2065
f 2065/2065/2065 2066/2066/2066 2068/2068/2068
f 2071/2071/2071 2070/2070/2070 2069/2069/2069
f 2069/2069/2069 2070/2070/2070 2072/2072/2072
f 2075/2075/2075 2074/2074/2074 2073/2073/2073
f 2073/2073/2073 2074/2074/2074 2076/2076/2076
f 2079/2079/2079 2078/2078/2078 2077/2077/2077
f 2077/2077/2077 2078/2078/2078 2080/2080/2080
f 2083/2083/2083 2082/2082/2082 2081/2081/2081
f 2081/2081/2081 2082/2082/2082 2084/2084/2084
f 2087/2087/2087 2086/2086/2086 2085/2085/2085
f 2085/2085/2085 2086/2086/2086 2088/2088/2088
f 2091/2091/2091 2090/2090/2090 2089/2089/2089
f 2089/2089/2089 2090/2090/2090 2092/2092/2092
f 2095/2095/2095 2094/2094/2094 2093/2093/2093
f 2093/2093/2093 2094/2094/2094 2096/2096/2096
f 2099/2099/2099 2098/2098/2098 2097/2097/2097
f 2097/2097/2097 2098/2098/2098 2100/2100/2100
f 2103/2103/2103 2102/2102/2102 2101/2101/2101
f 2101/2101/2101 2102/2102/2102 2104/2104/2104
f 2107/2107/2107 2106/2106/2106 2105/2105/2105
f 2105/2105/2105 2106/2106/2106 2108/2108/2108
f 2111/2111/2111 2110/2110/2110 2109/2109/2109
f 2109/2109/2109 2110/2110/2110 2112/2112/2112
f 2115/2115/2115 2114/2114/2114 2113/2113/2113
f 2113/2113/2113 2114/2114/2114 2116/2116/2116
f 2119/2119/2119 2118/2118/2118 2117/2117/2117
f 2117/2117/2117 2118/2118/2118 2120/2120/2120
f 2123/2123/2123 2122/2122/2122 2121/2121/2121
f 2121/2121/2121 2122/2122/2122 2124/2124/2124
f 2127/2127/2127 2126/2126/2126 2125/2125/2125
f 2125/2125/2125 2126/2126/2126 2128/2128/2128
f 2131/2131/2131 2130/2130/2130 2129/2129/2129
f 2129/2129/2129 2130/2130/2130 2132/2132/2132
f 2135/2135/2135 2134/2134/2134 2133/2133/2133
f 2133/2133/2133 2134/2134/2134 2136/2136/2136
f 2139/2139/2139 2138/2138/2138 2137/2137/2137
f 2137/2137/2137 2138/2138/2138 2140/2140/2140
f 2143/2143/2143 2142/2142/2142 2141/2141/2141
f 2141/2141/2141 2142/2142/2142 2144/2144/2144
f 2147/2147/2147 2146/2146/2146 2145/2145/2145
f 2145/2145/2145 2146/2146/2146 2148/2148/2148
f 2151/2151/2151 2150/2150/2150 2149/2149/2149
f 2149/2149/2149 2150/2150/2150 2152/2152/2152
f 2155/2155/2155 2154/2154/2154 2153/2153/2153
f 2153/2153/2153 2154/2154/2154 2156/2156/2156
f 2159/2159/2159 2158/2158/2158 2157/2157/2157
f 2157/2157/2157 2158/2158/2158 2160/2160/2160
f 2163/2163/2163 2162/2162/2162 2161/2161/2161
f 2161/2161/2161 2162/2162/2162 2164/2164/2164
f 2167/2167/2167 2166/2166/2166 2165/2165/2165
f 2165/2165/2165 2166/2166/2166 2168/2168/2168
f 2171/2171/2171 2170/2170/2170 2169/2169/2169
f 2169/2169/2169 2170/2170/2170 2172/2172/2172
f 2175/2175/2175 2174/2174/2174 2173/2173/2173
f 2173/2173/2173 2174/2174/2174 2176/2176/2176
f 2179/2179/2179 2178/2178/2178 2177/2177/2177
f 2177/2177/2177 2178/2178/2178 2180/2180/2180
f 2183/2183/2183 2182/2182/2182 2181/2181/2181
f 2181/2181/2181 2182/2182/2182 2184/2184/2184
f 2187/2187/2187 2186/2186/2186 2185/2185/2185
f 2185/2185/2185 2186/2186/2186 2188/2188/2188
f 2191/2191/2191 2190/2190/2190 2189/2189/2189
f 2189/2189/2189 2190/2190/2190 2192/2192/2192
f 2195/2195/2195 2194/2194/2194 2193/2193/2193
f 2193/2193/2193 2194/2194/2194 2196/2196/2196
f 2199/2199/2199 2198/2198/2198 2197/2197/2197
f 2197/2197/2197 2198/2198/2198 2200/2200/2200
f 2203/2203/2203 2202/2202/2202 2201/2201/2201
f 2201/2201/2201 2202/2202/2202 2204/2204/2204
f 2207/2207/2207 2206/2206/2206 2205/2205/2205
f 2205/2205/2205 2206/2206/2206 2208/2208/2208
f 2211/2211/2211 2210/2210/2210 2209/2209/2209
f 2209/2209/2209 2210/2210/2210 2212/2212/2212
f 2215/2215/2215 2214/2214/2214 2213/2213/2213
f 2213/2213/2213 2214/2214/2214 2216/2216/2216
f 2219/2219/2219 2218/2218/2218 2217/2217/2217
f 2217/2217/2217 2218/2218/2218 2220/2220/2220
f 2223/2223/2223 2222/2222/2222 2221/2221/2221
f 2221/2221/2221 2222/2222/2222 2224/2224/2224
f 2227/2227/2227 2226/2226/2226 2225/2225/2225
f 2225/2225/2225 2226/2226/2226 2228/2228/2228
f 2231/2231/2231 2230/2230/2230 2229/2229/2229
f 2229/2229/2229 2230/2230/2230 2232/2232/2232
f 2235/2235/2235 2234/2234/2234 2233/2233/2233
f 2233/2233/2233 2234/2234/2234 2236/2236/2236
f 2239/2239/2239 2238/2238/2238 2237/2237/2237
f 2237/2237/2237 2238/2238/2238 2240/2240/2240
f 2243/2243/2243 2242/2242/2242 2241/2241/2241
f 2241/2241/2241 2242/2242/2242 2244/2244/2244
f 2247/2247/2247 2246/2246/2246 2245/2245/2245
f 2245/2245/2245 2246/2246/2246 2248/2248/2248
f 2251/2251/2251 2250/2250/2250 2249/2249/2249
f 2249/2249/2249 2250/2250/2250 2252/2252/2252
f 2255/2255/2255 2254/2254/2254 2253/2253/2253
f 2253/2253/2253 2254/2254/2254 2256/2256/2256
f 2259/2259/2259 2258/2258/2258 2257/2257/2257
f 2257/2257/2257 2258/2258/2258 2260/2260/2260
f 2263/2263/2263 2262/2262/2262 2261/2261/2261
f 2261/2261/2261 2262/2262/2262 2264/2264/2264
f 2267/2267/2267 2266/2266/2266 2265/2265/2265
f 2265/2265/2265 2266/2266/2266 2268/2268/2268
f 2271/2271/2271 2270/2270/2270 2269/2269/2269
f 2269/2269/2269 2270/2270/2270 2272/2272/2272
f 2275/2275/2275 2274/2274/2274 2273/2273/2273
f 2273/2273/2273 2274/2274/2274 2276/2276/2276
f 2279/2279/2279 2278/2278/2278 2277/2277/2277
f 2277/2277/2277 2278/2278/2278 2280/2280/2280
f 2283/2283/2283 2282/2282/2282 2281/2281/2281
f 2281/2281/2281 2282/2282/2282 2284/2284/2284
f 2287/2287/2287 2286/2286/2286 2285/2285/2285
f 2285/2285/2285 2286/2286/2286 2288/2288/2288
f 2291/2291/2291 2290/2290/2290 2289/2289/2289
f 2289/2289/2289 2290/2290/2290 2292/2292/2292
f 2295/2295/2295 2294/2294/2294 2293/2293/2293
f 2293/2293/2293 2294/2294/2294 2296/2296/2296
f 2299/2299/2299 2298/2298/2298 2297/2297/2297
f 2297/2297/2297 2298/2298/2298 2300/2300/2300
f 2303/2303/2303 2302/2302/2302 2301/2301/2301
f 2301/2301/2301 2302/2302/2302 2304/2304/2304
f 2307/2307/2307 2306/2306/2306 2305/2305/2305
f 2305/2305/2305 2306/2306/2306 2308/2308/2308
f 2311/2311/2311 2310/2310/2310 2309/2309/2309
f 2309/2309/2309 2310/2310/2310 2312/2312/2312
f 2315/2315/2315 2314/2314/2314 2313/2313/2313
f 2313/2313/2313 2314/2314/2314 2316/2316/2316
f 2319/2319/2319 2318/2318/2318 2317/2317/2317
f 2317/2317/2317 2318/2318/2318 2320/2320/2320
f 2323/2323/2323 2322/2322/2322 2321/2321/2321
f 2321/2321/2321 2322/2322/2322 2324/2324/2324
f 2327/2327/2327 2326/2326/2326 2325/2325/2325
f 2325/2325/2325 2326/2326/2326 2328/2328/2328
f 2331/2331/2331 2330/2330/2330 2329/2329/2329
f 2329/2329/2329 2330/2330/2330 2332/2332/2332
f 2335/2335/2335 2334/2334/2334 2333/2333/2333
f 2333/2333/2333 2334/2334/2334 2336/2336/2336
f 2339/2339/2339 2338/2338/2338 2337/2337/2337
f 2337/2337/2337 2338/2338/2338 2340/2340/2340
f 2343/2343/2343 2342/2342/2342 2341/2341/2341
f 2341/2341/2341 2342/2342/2342 2344/2344/2344
f 2347/2347/2347 2346/2346/2346 2345/2345/2345
f 2345/2345/2345 2346/2346/2346 2348/2348/2348
f 2351/2351/2351 2350/2350/2350 2349/2349/2349
f 2349/2349/2349 2350/2350/2350 2352/2352/2352
f 2355/2355/2355 2354/2354/2354 2353/2353/2353
f 2353/2353/2353 2354/2354/2354 2356/2356/2356
f 2359/2359/2359 2358/2358/2358 2357/2357/2357
f 2357/2357/2357 2358/2358/2358 2360/2360/2360
f 2363/2363/2363 2362/2362/2362 2361/2361/2361
f 2361/2361/2361 2362/2362/2362 2364/2364/2364
f 2367/2367/2367 2366/2366/2366 2365/2365/2365
f 2365/2365/2365 2366/2366/2366 2368/2368/2368
f 2371/2371/2371 2370/2370/2370 2369/2369/2369
f 2369/2369/2369 2370/2370/2370 2372/2372/2372
f 2375/2375/2375 2374/2374/2374 2373/2373/2373
f 2373/2373/2373 2374/2374/2374 2376/2376/2376
f 2379/2379/2379 2378/2378/2378 2377/2377/2377
f 2377/2377/2377 2378/2378/2378 2380/2380/2380
f 2383/2383/2383 2382/2382/2382 2381/2381/2381
f 2381/2381/2381 2382/2382/2382 2384/2384/2384
f 2387/2387/2387 2386/2386/2386 2385/2385/2385
f 2385/2385/2385 2386/2386/2386 2388/2388/2388
f 2391/2391/2391 2390/2390/2390 2389/2389/2389
f 2389/2389/2389 2390/2390/2390 2392/2392/2392
f 2395/2395/2395 2394/2394/2394 2393/2393/2393
f 2393/2393/2393 2394/2394/2394 2396/2396/2396
f 2399/2399/2399 2398/2398/2398 2397/2397/2397
f 2397/2397/2397 2398/2398/2398 2400/2400/2400
f 2403/2403/2403 2402/2402/2402 2401/2401/2401
f 2401/2401/2401 2402/2402/2402 2404/2404/2404
f 2407/2407/2407 2406/2406/2406 2405/2405/2405
f 2405/2405/2405 2406/2406/2406 2408/2408/2408
f 2411/2411/2411 2410/2410/2410 2409/2409/2409
f 2409/2409/2409 2410/2410/2410 2412/2412/2412
f 2415/2415/2415 2414/2414/2414 2413/2413/2413
f 2413/2413/2413 2414/2414/2414 2416/2416/2416
f 2419/2419/2419 2418/2418/2418 2417/2417/2417
f 2417/2417/2417 2418/2418/2418 2420/2420/2420
f 2423/2423/2423 2422/2422/2422 2421/2421/2421
f 2421/2421/2421 2422/2422/2422 2424/2424/2424
f 2427/2427/2427 2426/2426/2426 2425/2425/2425
f 2425/2425/2425 2426/2426/2426 2428/2428/2428
f 2431/2431/2431 2430/2430/2430 2429/2429/2429
f 2429/2429/2429 2430/2430/2430 2432/2432/2432
f 2435/2435/2435 2434/2434/2434 2433/2433/2433
f 2433/2433/2433 2434/2434/2434 2436/2436/2436
f 2439/2439/2439 2438/2438/2438 2437/2437/2437
f 2437/2437/2437 2438/2438/2438 2440/2440/2440
f 2443/2443/2443 2442/2442/2442 2441/2441/2441
f 2441/2441/2441 2442/2442/2442 2444/2444/2444
f 2447/2447/2447 2446/2446/2446 2445/2445/2445
f 2445/2445/2445 2446/2446/2446 2448/2448/2448
f 2451/2451/2451 2450/2450/2450 2449/2449/2449
f 2449/2449/2449 2450/2450/2450 2452/2452/2452
f 2455/2455/2455 2454/2454/2454 2453/2453/2453
f 2453/2453/2453 2454/2454/2454 2456/2456/2456
f 2459/2459/2459 2458/2458/2458 2457/2457/2457
f 2457/2457/2457 2458/2458/2458 2460/2460/2460
f 2463/2463/2463 2462/2462/2462 2461/2461/2461
f 2461/2461/2461 2462/2462/2462 2464/2464/2464
f 2467/2467/2467 2466/2466/2466 2465/2465/2465
f 2465/2465/2465 2466/2466/2466 2468/2468/2468
f 2471/2471/2471 2470/2470/2470 2469/2469/2469
f 2469/2469/2469 2470/2470/2470 2472/2472/2472
f 2475/2475/2475 2474/2474/2474 2473/2473/2473
f 2473/2473/2473 2474/2474/2474 2476/2476/2476
f 2479/2479/2479 2478/2478/2478 2477/2477/2477
f 2477/2477/2477 2478/2478/2478 2480/2480/2480
f 2483/2483/2483 2482/2482/2482 2481/2481/2481
f 2481/2481/2481 2482/2482/2482 2484/2484/2484
f 2487/2487/2487 2486/2486/2486 2485/2485/2485
f 2485/2485/2485 2486/2486/2486 2488/2488/2488
f 2491/2491/2491 2490/2490/2490 2489/2489/2489
f 2489/2489/2489 2490/2490/2490 2492/2492/2492
f 2495/2495/2495 2494/2494/2494 2493/2493/2493
f 2493/2493/2493 2494/2494/2494 2496/2496/2496
f 2499/2499/2499 2498/2498/2498 2497/2497/2497
f 2497/2497/2497 2498/2498/2498 2500/2500/2500
f 2503/2503/2503 2502/2502/2502 2501/2501/2501
f 2501/2501/2501 2502/2502/2502 2504/2504/2504
f 2507/2507/2507 2506/2506/2506 2505/2505/2505
f 2505/2505/2505 2506/2506/2506 2508/2508/2508
f 2511/2511/2511 2510/2510/2510 2509/2509/2509
f 2509/2509/2509 2510/2510/2510 2512/2512/2512
f 2515/2515/2515 2514/2514/2514 2513/2513/2513
f 2513/2513/2513 2514/2514/2514 2516/2516/2516
f 2519/2519/2519 2518/2518/2518 2517/2517/2517
f 2517/2517/2517 2518/2518/2518 2520/2520/2520
f 2523/2523/2523 2522/2522/2522 2521/2521/2521
f 2521/2521/2521 2522/2522/2522 2524/2524/2524
f 2527/2527/2527 2526/2526/2526 2525/2525/2525
f 2525/2525/2525 2526/2526/2526 2528/2528/2528
f 2531/2531/2531 2530/2530/2530 2529/2529/2529
f 2529/2529/2529 2530/2530/2530 2532/2532/2532
f 2535/2535/2535 2534/2534/2534 2533/2533/2533
f 2533/2533/2533 2534/2534/2534 2536/2536/2536
f 2539/2539/2539 2538/2538/2538 2537/2537/2537
f 2537/2537/2537 2538/2538/2538 2540/2540/2540
f 2543/2543/2543 2542/2542/2542 2541/2541/2541
f 2541/2541/2541 2542/2542/2542 2544/2544/2544
f 2547/2547/2547 2546/2546/2546 2545/2545/2545
f 2545/2545/2545 2546/2546/2546 2548/2548/2548
f 2551/2551/2551 2550/2550/2550 2549/2549/2549
f 2549/2549/2549 2550/2550/2550 2552/2552/2552
f 2555/2555/2555 2554/2554/2554 2553/2553/2553
f 2553/2553/2553 2554/2554/2554 2556/2556/2556
f 2559/2559/2559 2558/2558/2558 2557/2557/2557
f 2557/2557/2557 2558/2558/2558 2560/2560/2560
f 2563/2563/2563 2562/2562/2562 2561/2561/2561
f 2561/2561/2561 2562/2562/2562 2564/2564/2564
f 2567/2567/2567 2566/2566/2566 2565/2565/2565
f 2565/2565/2565 2566/2566/2566 2568/2568/2568
f 2571/2571/2571 2570/2570/2570 2569/2569/2569
f 2569/2569/2569 2570/2570/2570 2572/2572/2572
f 2575/2575/2575 2574/2574/2574 2573/2573/2573
f 2573/2573/2573 2574/2574/2574 2576/2576/2576
f 2579/2579/2579 2578/2578/2578 2577/2577/2577
f 2577/2577/2577 2578/2578/2578 2580/2580/2580
f 2583/2583/2583 2582/2582/2582 2581/2581/2581
f 2581/2581/2581 2582/2582/2582 2584/2584/2584
f 2587/2587/2587 2586/2586/2586 2585/2585/2585
f 2585/2585/2585 2586/2586/2586 2588/2588/2588
f 2591/2591/2591 2590/2590/2590 2589/2589/2589
f 2589/2589/2589 2590/2590/2590 2592/2592/2592
f 2595/2595/2595 2594/2594/2594 2593/2593/2593
f 2593/2593/2593 2594/2594/2594 2596/2596/2596
f 2599/2599/2599 2598/2598/2598 2597/2597/2597
f 2597/2597/2597 2598/2598/2598 2600/2600/2600
f 2603/2603/2603 2602/2602/2602 2601/2601/2601
f 2601/2601/2601 2602/2602/2602 2604/2604/2604
f 2607/2607/2607 2606/2606/2606 2605/2605/2605
f 2605/2605/2605 2606/2606/2606 2608/2608/2608
f 2611/2611/2611 2610/2610/2610 2609/2609/2609
f 2609/2609/2609 2610/2610/2610 2612/2612/2612
f 2615/2615/2615 2614/2614/2614 2613/2613/2613
f 2613/2613/2613 2614/2614/2614 2616/2616/2616
f 2619/2619/2619 2618/2618/2618 2617/2617/2617
f 2617/2617/2617 2618/2618/2618 2620/2620/2620
f 2623/2623/2623 2622/2622/2622 2621/2621/2621
f 2621/2621/2621 2622/2622/2622 2624/2624/2624
f 2627/2627/2627 2626/2626/2626 2625/2625/2625
f 2625/2625/2625 2626/2626/2626 2628/2628/2628
f 2631/2631/2631 2630/2630/2630 2629/2629/2629
f 2629/2629/2629 2630/2630/2630 2632/2632/2632
f 2635/2635/2635 2634/2634/2634 2633/2633/2633
f 2633/2633/2633 2634/2634/2634 2636/2636/2636
f 2639/2639/2639 2638/2638/2638 2637/2637/2637
f 2637/2637/2637 2638/2638/2638 2640/2640/2640
f 2643/2643/2643 2642/2642/2642 2641/2641/2641
f 2641/2641/2641 2642/2642/2642 2644/2644/2644
f 2647/2647/2647 2646/2646/2646 2645/2645/2645
f 2645/2645/2645 2646/2646/2646 2648/2648/2648
f 2651/2651/2651 2650/2650/2650 2649/2649/2649
f 2649/2649/2649 2650/2650/2650 2652/2652/2652
f 2655/2655/2655 2654/2654/2654 2653/2653/2653
f 2653/2653/2653 2654/2654/2654 2656/2656/2656
f 2659/2659/2659 2658/2658/2658 2657/2657/2657
f 2657/2657/2657 2658/2658/2658 2660/2660/2660
f 2663/2663/2663 2662/2662/2662 2661/2661/2661
f 2661/2661/2661 2662/2662/2662 2664/2664/2664
f 2667/2667/2667 2666/2666/2666 2665/2665/2665
f 2665/2665/2665 2666/2666/2666 2668/2668/2668
f 2671/2671/2671 2670/2670/2670 2669/2669/2669
f 2669/2669/2669 2670/2670/2670 2672/2672/2672
f 2675/2675/2675 2674/2674/2674 2673/2673/2673
f 2673/2673/2673 2674/2674/2674 2676/2676/2676
f 2679/2679/2679 2678/2678/2678 2677/2677/2677
f 2677/2677/2677 2678/2678/2678 2680/2680/2680
f 2683/2683/2683 2682/2682/2682 2681/2681/2681
f 2681/2681/2681 2682/2682/2682 2684/2684/2684
f 2687/2687/2687 2686/2686/2686 2685/2685/2685
f 2685/2685/2685 2686/2686/2686 2688/2688/2688
f 2691/2691/2691 2690/2690/2690 2689/2689/2689
f 2689/2689/2689 2690/2690/2690 2692/2692/2692
f 2695/2695/2695 2694/2694/2694 2693/2693/2693
f 2693/2693/2693 2694/2694/2694 2696/2696/2696
f 2699/2699/2699 2698/2698/2698 2697/2697/2697
f 2697/2697/2697 2698/2698/2698 2700/2700/2700
f 2703/2703/2703 2702/2702/2702 2701/2701/2701
f 2701/2701/2701 2702/2702/2702 2704/2704/2704
f 2707/2707/2707 2706/2706/2706 2705/2705/2705
f 2705/2705/2705 2706/2706/2706 2708/2708/2708
f 2711/2711/2711 2710/2710/2710 2709/2709/2709
f 2709/2709/2709 2710/2710/2710 2712/2712/2712
f 2715/2715/2715 2714/2714/2714 2713/2713/2713
f 2713/2713/2713 2714/2714/2714 2716/2716/2716
f 2719/2719/2719 2718/2718/2718 2717/2717/2717
f 2717/2717/2717 2718/2718/2718 2720/2720/2720
f 2723/2723/2723 2722/2722/2722 2721/2721/2721
f 2721/2721/2721 2722/2722/2722 2724/2724/2724
f 2727/2727/2727 2726/2726/2726 2725/2725/2725
f 2725/2725/2725 2726/2726/2726 2728/2728/2728
f 2731/2731/2731 2730/2730/2730 2729/2729/2729
f 2729/2729/2729 2730/2730/2730 2732/2732/2732
f 2735/2735/2735 2734/2734/2734 2733/2733/2733
f 2733/2733/2733 2734/2734/2734 2736/2736/2736
f 2739/2739/2739 2738/2738/2738 2737/2737/2737
f 2737/2737/2737 2738/2738/2738 2740/2740/2740
f 2743/2743/2743 2742/2742/2742 2741/2741/2741
f 2741/2741/2741 2742/2742/2742 2744/2744/2744
f 2747/2747/2747 2746/2746/2746 2745/2745/2745
f 2745/2745/2745 2746/2746/2746 2748/2748/2748
f 2751/2751/2751 2750/2750/2750 2749/2749/2749
f 2749/2749/2749 2750/2750/2750 2752/2752/2752
f 2755/2755/2755 2754/2754/2754 2753/2753/2753
f 2753/2753/2753 2754/2754/2754 2756/2756/2756
f 2759/2759/2759 2758/2758/2758 2757/2757/2757
f 2757/2757/2757 2758/2758/2758 2760/2760/2760
f 2763/2763/2763 2762/2762/2762 2761/2761/2761
f 2761/2761/2761 2762/2762/2762 2764/2764/2764
f 2767/2767/2767 2766/2766/2766 2765/2765/2765
f 2765/2765/2765 2766/2766/2766 2768/2768/2768
f 2771/2771/2771 2770/2770/2770 2769/2769/2769
f 2769/2769/2769 2770/2770/2770 2772/2772/2772
f 2775/2775/2775 2774/2774/2774 2773/2773/2773
f 2773/2773/2773 2774/2774/2774 2776/2776/2776
f 2779/2779/2779 2778/2778/2778 2777/2777/2777
f 2777/2777/2777 2778/2778/2778 2780/2780/2780
f 2783/2783/2783 2782/2782/2782 2781/2781/2781
f 2781/2781/2781 2782/2782/2782 2784/2784/2784
f 2787/2787/2787 2786/2786/2786 2785/2785/2785
f 2785/2785/2785 2786/2786/2786 2788/2788/2788
f 2791/2791/2791 2790/2790/2790 2789/2789/2789
f 2789/2789/2789 2790/2790/2790 2792/2792/2792
f 2795/2795/2795 2794/2794/2794 2793/2793/2793
f 2793/2793/2793 2794/2794/2794 2796/2796/2796
f 2799/2799/2799 2798/2798/2798 2797/2797/2797
f 2797/2797/2797 2798/2798/2798 2800/2800/2800
f 2803/2803/2803 2802/2802/2802 2801/2801/2801
f 2801/2801/2801 2802/2802/2802 2804/2804/2804
f 2807/2807/2807 2806/2806/2806 2805/2805/2805
f 2805/2805/2805 2806/2806/2806 2808/2808/2808
f 2811/2811/2811 2810/2810/2810 2809/2809/2809
f 2809/2809/2809 2810/2810/2810 2812/2812/2812
f 2815/2815/2815 2814/2814/2814 2813/2813/2813
f 2813/2813/2813 2814/2814/2814 2816/2816/2816
f 2819/2819/2819 2818/2818/2818 2817/2817/2817
f 2817/2817/2817 2818/2818/2818 2820/2820/2820
f 2823/2823/2823 2822/2822/2822 2821/2821/2821
f 2821/2821/2821 2822/2822/2822 2824/2824/2824
f 2827/2827/2827 2826/2826/2826 2825/2825/2825
f 2825/2825/2825 2826/2826/2826 2828/2828/2828
f 2831/2831/2831 2830/2830/2830 2829/2829/2829
f 2829/2829/2829 2830/2830/2830 2832/2832/2832
f 2835/2835/2835 2834/2834/2834 2833/2833/2833
f 2833/2833/2833 2834/2834/2834 2836/2836/2836
f 2839/2839/2839 2838/2838/2838 2837/2837/2837
f 2837/2837/2837 2838/2838/2838 2840/2840/2840
f 2843/2843/2843 2842/2842/2842 2841/2841/2841
f 2841/2841/2841 2842/2842/2842 2844/2844/2844
f 2847/2847/2847 2846/2846/2846 2845/2845/2845
f 2845/2845/2845 2846/2846/2846 2848/2848/2848
f 2851/2851/2851 2850/2850/2850 2849/2849/2849
f 2849/2849/2849 2850/2850/2850 2852/2852/2852
f 2855/2855/2855 2854/2854/2854 2853/2853/2853
f 2853/2853/2853 2854/2854/2854 2856/2856/2856
f 2859/2859/2859 2858/2858/2858 2857/2857/2857
f 2857/2857/2857 2858/2858/2858 2860/2860/2860
f 2863/2863/2863 2862/2862/2862 2861/2861/2861
f 2861/2861/2861 2862/2862/2862 2864/2864/2864
f 2867/2867/2867 2866/2866/2866 2865/2865/2865
f 2865/2865/2865 2866/2866/2866 2868/2868/2868
f 2871/2871/2871 2870/2870/2870 2869/2869/2869
f 2869/2869/2869 2870/2870/2870 2872/2872/2872
f 2875/2875/2875 2874/2874/2874 2873/2873/2873
f 2873/2873/2873 2874/2874/2874 2876/2876/2876
f 2879/2879/2879 2878/2878/2878 2877/2877/2877
f 2877/2877/2877 2878/2878/2878 2880/2880/2880
f 2883/2883/2883 2882/2882/2882 2881/2881/2881
f 2881/2881/2881 2882/2882/2882 2884/2884/2884
f 2887/2887/2887 2886/2886/2886 2885/2885/2885
f 2885/2885/2885 2886/2886/2886 2888/2888/2888
f 2891/2891/2891 2890/2890/2890 2889/2889/2889
f 2889/2889/2889 2890/2890/2890 2892/2892/2892
f 2895/2895/2895 2894/2894/2894 2893/2893/2893
f 2893/2893/2893 2894/2894/2894 2896/2896/2896
f 2899/2899/2899 2898/2898/2898 2897/2897/2897
f 2897/2897/2897 2898/2898/2898 2900/2900/2900
f 2903/2903/2903 2902/2902/2902 2901/2901/2901
f 2901/2901/2901 2902/2902/2902 2904/2904/2904
f 2907/2907/2907 2906/2906/2906 2905/2905/2905
f 2905/2905/2905 2906/2906/2906 2908/2908/2908
f 2911/2911/2911 2910/2910/2910 2909/2909/2909
f 2909/2909/2909 2910/2910/2910 2912/2912/2912
f 2915/2915/2915 2914/2914/2914 2913/2913/2913
f 2913/2913/2913 2914/2914/2914 2916/2916/2916
f 2919/2919/2919 2918/2918/2918 2917/2917/2917
f 2917/2917/2917 2918/2918/2918 2920/2920/2920
f 2923/2923/2923 2922/2922/2922 2921/2921/2921
f 2921/2921/2921 2922/2922/2922 2924/2924/2924
f 2927/2927/2927 2926/2926/2926 2925/2925/2925
f 2925/2925/2925 2926/2926/2926 2928/2928/2928
f 2931/2931/2931 2930/2930/2930 2929/2929/2929
f 2929/2929/2929 2930/2930/2930 2932/2932/2932
f 2935/2935/2935 2934/2934/2934 2933/2933/2933
f 2933/2933/2933 2934/2934/2934 2936/2936/2936
f 2939/2939/2939 2938/2938/2938 2937/2937/2937
f 2937/2937/2937 2938/2938/2938 2940/2940/2940
f 2943/2943/2943 2942/2942/2942 2941/2941/2941
f 2941/2941/2941 2942/2942/2942 2944/2944/2944
f 2947/2947/2947 2946/2946/2946 2945/2945/2945
f 2945/2945/2945 2946/2946/2946 2948/2948/2948
f 2951/2951/2951 2950/2950/2950 2949/2949/2949
f 2949/2949/2949 2950/2950/2950 2952/2952/2952
f 2955/2955/2955 2954/2954/2954 2953/2953/2953
f 2953/2953/2953 2954/2954/2954 2956/2956/2956
f 2959/2959/2959 2958/2958/2958 2957/2957/2957
f 2957/2957/2957 2958/2958/2958 2960/2960/2960
f 2963/2963/2963 2962/2962/2962 2961/2961/2961
f 2961/2961/2961 2962/2962/2962 2964/2964/2964
f 2967/2967/2967 2966/2966/2966 2965/2965/2965
f 2965/2965/2965 2966/2966/2966 2968/2968/2968
f 2971/2971/2971 2970/2970/2970 2969/2969/2969
f 2969/2969/2969 2970/2970/2970 2972/2972/2972
f 2975/2975/2975 2974/2974/2974 2973/2973/2973
f 2973/2973/2973 2974/2974/2974 2976/2976/2976
f 2979/2979/2979 2978/2978/2978 2977/2977/2977
f 2977/2977/2977 2978/2978/2978 2980/2980/2980
f 2983/2983/2983 2982/2982/2982 2981/2981/2981
f 2981/2981/2981 2982/2982/2982 2984/2984/2984
f 2987/2987/2987 2986/2986/2986 2985/2985/2985
f 2985/2985/2985 2986/2986/2986 2988/2988/2988
f 2991/2991/2991 2990/2990/2990 2989/2989/2989
f 2989/2989/2989 2990/2990/2990 2992/2992/2992
f 2995/2995/2995 2994/2994/2994 2993/2993/2993
f 2993/2993/2993 2994/2994/2994 2996/2996/2996
f 2999/2999/2999 2998/2998/2998 2997/2997/2997
f 2997/2997/2997 2998/2998/2998 3000/3000/3000
f 3003/3003/3003 3002/3002/3002 3001/3001/3001
f 3001/3001/3001 3002/3002/3002 3004/3004/3004
f 3007/3007/3007 3006/3006/3006 3005/3005/3005
f 3005/3005/3005 3006/3006/3006 3008/3008/3008
f 3011/3011/3011 3010/3010/3010 3009/3009/3009
f 3009/3009/3009 3010/3010/3010 3012/3012/3012
f 3015/3015/3015 3014/3014/3014 3013/3013/3013
f 3013/3013/3013 3014/3014/3014 3016/3016/3016
f 3019/3019/3019 3018/3018/3018 3017/3017/3017
f 3017/3017/3017 3018/3018/3018 3020/3020/3020
f 3023/3023/3023 3022/3022/3022 3021/3021/3021
f 3021/3021/3021 3022/3022/3022 3024/3024/3024
f 3027/3027/3027 3026/3026/3026 3025/3025/3025
f 3025/3025/3025 3026/3026/3026 3028/3028/3028
f 3031/3031/3031 3030/3030/3030 3029/3029/3029
f 3029/3029/3029 3030/3030/3030 3032/3032/3032
f 3035/3035/3035 3034/3034/3034 3033/3033/3033
f 3033/3033/3033 3034/3034/3034 3036/3036/3036
f 3039/3039/3039 3038/3038/3038 3037/3037/3037
f 3037/3037/3037 3038/3038/3038 3040/3040/3040
f 3043/3043/3043 3042/3042/3042 3041/3041/3041
f 3041/3041/3041 3042/3042/3042 3044/3044/3044
f 3047/3047/3047 3046/3046/3046 3045/3045/3045
f 3045/3045/3045 3046/3046/3046 3048/3048/3048
f 3051/3051/3051 3050/3050/3050 3049/3049/3049
f 3049/3049/3049 3050/3050/3050 3052/3052/3052
f 3055/3055/3055 3054/3054/3054 3053/3053/3053
f 3053/3053/3053 3054/3054/3054 3056/3056/3056
f 3059/3059/3059 3058/3058/3058 3057/3057/3057
f 3057/3057/3057 3058/3058/3058 3060/3060/3060
f 3063/3063/3063 3062/3062/3062 3061/3061/3061
f 3061/3061/3061 3062/3062/3062 3064/3064/3064
f 3067/3067/3067 3066/3066/3066 3065/3065/3065
f 3065/3065/3065 3066/3066/3066 3068/3068/3068
f 3071/3071/3071 3070/3070/3070 3069/3069/3069
f 3069/3069/3069 3070/3070/3070 3072/3072/3072
f 3075/3075/3075 3074/3074/3074 3073/3073/3073
f 3073/3073/3073 3074/3074/3074 3076/3076/3076
f 3079/3079/3079 3078/3078/3078 3077/3077/3077
f 3077/3077/3077 3078/3078/3078 3080/3080/3080
f 3083/3083/3083 3082/3082/3082 3081/3081/3081
f 3081/3081/3081 3082/3082/3082 3084/3084/3084
f 3087/3087/3087 3086/3086/3086 3085/3085/3085
f 3085/3085/3085 3086/3086/3086 3088/3088/3088
f 3091/3091/3091 3090/3090/3090 3089/3089/3089
f 3089/3089/3089 3090/3090/3090 3092/3092/3092
f 3095/3095/3095 3094/3094/3094 3093/3093/3093
f 3093/3093/3093 3094/3094/3094 3096/3096/3096
f 3099/3099/3099 3098/3098/3098 3097/3097/3097
f 3097/3097/3097 3098/3098/3098 3100/3100/3100
f 3103/3103/3103 3102/3102/3102 3101/3101/3101
f 3101/3101/3101 3102/3102/3102 3104/3104/3104
f 3107/3107/3107 3106/3106/3106 3105/3105/3105
f 3105/3105/3105 3106/3106/3106 3108/3108/3108
f 3111/3111/3111 3110/3110/3110 3109/3109/3109
f 3109/3109/3109 3110/3110/3110 3112/3112/3112
f 3115/3115/3115 3114/3114/3114 3113/3113/3113
f 3113/3113/3113 3114/3114/3114 3116/3116/3116
f 3119/3119/3119 3118/3118/3118 3117/3117/3117
f 3117/3117/3117 3118/3118/3118 3120/3120/3120
f 3123/3123/3123 3122/3122/3122 3121/3121/3121
f 3121/3121/3121 3122/3122/3122 3124/3124/3124
f 3127/3127/3127 3126/3126/3126 3125/3125/3125
f 3125/3125/3125 3126/3126/3126 3128/3128/3128
f 3131/3131/3131 3130/3130/3130 3129/3129/3129
f 3129/3129/3129 3130/3130/3130 3132/3132/3132
f 3135/3135/3135 3134/3134/3134 3133/3133/3133
f 3133/3133/3133 3134/3134/3134 3136/3136/3136
f 3139/3139/3139 3138/3138/3138 3137/3137/3137
f 3137/3137/3137 3138/3138/3138 3140/3140/3140
f 3143/3143/3143 3142/3142/3142 3141/3141/3141
f 3141/3141/3141 3142/3142/3142 3144/3144/3144
f 3147/3147/3147 3146/3146/3146 3145/3145/3145
f 3145/3145/3145 3146/3146/3146 3148/3148/3148
f 3151/3151/3151 3150/3150/3150 3149/3149/3149
f 3149/3149/3149 3150/3150/3150 3152/3152/3152
f 3155/3155/3155 3154/3154/3154 3153/3153/3153
f 3153/3153/3153 3154/3154/3154 3156/3156/3156
f 3159/3159/3159 3158/3158/3158 3157/3157/3157
f 3157/3157/3157 3158/3158/3158 3160/3160/3160
f 3163/3163/3163 3162/3162/3162 3161/3161/3161
f 3161/3161/3161 3162/3162/3162 3164/3164/3164
f 3167/3167/3167 3166/3166/3166 3165/3165/3165
f 3165/3165/3165 3166/3166/3166 3168/3168/3168
f 3171/3171/3171 3170/3170/3170 3169/3169/3169
f 3169/3169/3169 3170/3170/3170 3172/3172/3172
f 3175/3175/3175 3174/3174/3174 3173/3173/3173
f 3173/3173/3173 3174/3174/3174 3176/3176/3176
f 3179/3179/3179 3178/3178/3178 3177/3177/3177
f 3177/3177/3177 3178/3178/3178 3180/3180/3180
f 3183/3183/3183 3182/3182/3182 3181/3181/3181
f 3181/3181/3181 3182/3182/3182 3184/3184/3184
f 3187/3187/3187 3186/3186/3186 3185/3185/3185
f 3185/3185/3185 3186/3186/3186 3188/3188/3188
f 3191/3191/3191 3190/3190/3190 3189/3189/3189
f 3189/3189/3189 3190/3190/3190 3192/3192/3192
f 3195/3195/3195 3194/3194/3194 3193/3193/3193
f 3193/3193/3193 3194/3194/3194 3196/3196/3196
f 3199/3199/3199 3198/3198/3198 3197/3197/3197
f 3197/3197/3197 3198/3198/3198 3200/3200/3200
f 3203/3203/3203 3202/3202/3202 3201/3201/3201
f 3201/3201/3201 3202/3202/3202 3204/3204/3204
f 3207/3207/3207 3206/3206/3206 3205/3205/3205
f 3205/3205/3205 3206/3206/3206 3208/3208/3208
f 3211/3211/3211 3210/3210/3210 3209/3209/3209
f 3209/3209/3209 3210/3210/3210 3212/3212/3212
f 3215/3215/3215 3214/3214/3214 3213/3213/3213
f 3213/3213/3213 3214/3214/3214 3216/3216/3216
f 3219/3219/3219 3218/3218/3218 3217/3217/3217
f 3217/3217/3217 3218/3218/3218 3220/3220/3220
f 3223/3223/3223 3222/3222/3222 3221/3221/3221
f 3221/3221/3221 3222/3222/3222 3224/3224/3224
f 3227/3227/3227 3226/3226/3226 3225/3225/3225
f 3225/3225/3225 3226/3226/3226 3228/3228/3228
f 3231/3231/3231 3230/3230/3230 3229/3229/3229
f 3229/3229/3229 3230/3230/3230 3232/3232/3232
f 3235/3235/3235 3234/3234/3234 3233/3233/3233
f 3233/3233/3233 3234/3234/3234 3236/3236/3236
f 3239/3239/3239 3238/3238/3238 3237/3237/3237
f 3237/3237/3237 3238/3238/3238 3240/3240/3240
f 3243/3243/3243 3242/3242/3242 3241/3241/3241
f 3241/3241/3241 3242/3242/3242 3244/3244/3244
f 3247/3247/3247 3246/3246/3246 3245/3245/3245
f 3245/3245/3245 3246/3246/3246 3248/3248/3248
f 3251/3251/3251 3250/3250/3250 3249/3249/3249
f 3249/3249/3249 3250/3250/3250 3252/3252/3252
f 3255/3255/3255 3254/3254/3254 3253/3253/3253
f 3253/3253/3253 3254/3254/3254 3256/3256/3256
f 3259/3259/3259 3258/3258/3258 3257/3257/3257
f 3257/3257/3257 3258/3258/3258 3260/3260/3260
f 3263/3263/3263 3262/3262/3262 3261/3261/3261
f 3261/3261/3261 3262/3262/3262 3264/3264/3264
f 3267/3267/3267 3266/3266/3266 3265/3265/3265
f 3265/3265/3265 3266/3266/3266 3268/3268/3268
f 3271/3271/3271 3270/3270/3270 3269/3269/3269
f 3269/3269/3269 3270/3270/3270 3272/3272/3272
f 3275/3275/3275 3274/3274/3274 3273/3273/3273
f 3273/3273/3273 3274/3274/3274 3276/3276/3276
f 3279/3279/3279 3278/3278/3278 3277/3277/3277
f 3277/3277/3277 3278/3278/3278 3280/3280/3280
f 3283/3283/3283 3282/3282/3282 3281/3281/3281
f 3281/3281/3281 3282/3282/3282 3284/3284/3284
f 3287/3287/3287 3286/3286/3286 3285/3285/3285
f 3285/3285/3285 3286/3286/3286 3288/3288/3288
f 3291/3291/3291 3290/3290/3290 3289/3289/3289
f 3289/3289/3289 3290/3290/3290 3292/3292/3292
f 3295/3295/3295 3294/3294/3294 3293/3293/3293
f 3293/3293/3293 3294/3294/3294 3296/3296/3296
f 3299/3299/3299 3298/3298/3298 3297/3297/3297
f 3297/3297/3297 3298/3298/3298 3300/3300/3300
f 3303/3303/3303 3302/3302/3302 3301/3301/3301
f 3301/3301/3301 3302/3302/3302 3304/3304/3304
f 3307/3307/3307 3306/3306/3306 3305/3305/3305
f 3305/3305/3305 3306/3306/3306 3308/3308/3308
f 3311/3311/3311 3310/3310/3310 3309/3309/3309
f 3309/3309/3309 3310/3310/3310 3312/3312/3312
f 3315/3315/3315 3314/3314/3314 3313/3313/3313
f 3313/3313/3313 3314/3314/3314 3316/3316/3316
f 3319/3319/3319 3318/3318/3318 3317/3317/3317
f 3317/3317/3317 3318/3318/3318 3320/3320/3320
f 3323/3323/3323 3322/3322/3322 3321/3321/3321
f 3321/3321/3321 3322/3322/3322 3324/3324/3324
f 3327/3327/3327 3326/3326/3326 3325/3325/3325
f 3325/3325/3325 3326/3326/3326 3328/3328/3328
f 3331/3331/3331 3330/3330/3330 3329/3329/3329
f 3329/3329/3329 3330/3330/3330 3332/3332/3332
f 3335/3335/3335 3334/3334/3334 3333/3333/3333
f 3333/3333/3333 3334/3334/3334 3336/3336/3336
f 3339/3339/3339 3338/3338/3338 3337/3337/3337
f 3337/3337/3337 3338/3338/3338 3340/3340/3340
f 3343/3343/3343 3342/3342/3342 3341/3341/3341
f 3341/3341/3341 3342/3342/3342 3344/3344/3344
f 3347/3347/3347 3346/3346/3346 3345/3345/3345
f 3345/3345/3345 3346/3346/3346 3348/3348/3348
f 3351/3351/3351 3350/3350/3350 3349/3349/3349
f 3349/3349/3349 3350/3350/3350 3352/3352/3352
f 3355/3355/3355 3354/3354/3354 3353/3353/3353
f 3353/3353/3353 3354/3354/3354 3356/3356/3356
f 3359/3359/3359 3358/3358/3358 3357/3357/3357
f 3357/3357/3357 3358/3358/3358 3360/3360/3360
f 3363/3363/3363 3362/3362/3362 3361/3361/3361
f 3361/3361/3361 3362/3362/3362 3364/3364/3364
f 3367/3367/3367 3366/3366/3366 3365/3365/3365
f 3365/3365/3365 3366/3366/3366 3368/3368/3368
f 3371/3371/3371 3370/3370/3370 3369/3369/3369
f 3369/3369/3369 3370/3370/3370 3372/3372/3372
f 3375/3375/3375 3374/3374/3374 3373/3373/3373
f 3373/3373/3373 3374/3374/3374 3376/3376/3376
f 3379/3379/3379 3378/3378/3378 3377/3377/3377
f 3377/3377/3377 3378/3378/3378 3380/3380/3380
f 3383/3383/3383 3382/3382/3382 3381/3381/3381
f 3381/3381/3381 3382/3382/3382 3384/3384/3384
f 3387/3387/3387 3386/3386/3386 3385/3385/3385
f 3385/3385/3385 3386/3386/3386 3388/3388/3388
f 3391/3391/3391 3390/3390/3390 3389/3389/3389
f 3389/3389/3389 3390/3390/3390 3392/3392/3392
f 3395/3395/3395 3394/3394/3394 3393/3393/3393
f 3393/3393/3393 3394/3394/3394 3396/3396/3396
f 3399/3399/3399 3398/3398/3398 3397/3397/3397
f 3397/3397/3397 3398/3398/3398 3400/3400/3400
f 3403/3403/3403 3402/3402/3402 3401/3401/3401
f 3401/3401/3401 3402/3402/3402 3404/3404/3404
f 3407/3407/3407 3406/3406/3406 3405/3405/3405
f 3405/3405/3405 3406/3406/3406 3408/3408/3408
f 3411/3411/3411 3410/3410/3410 3409/3409/3409
f 3409/3409/3409 3410/3410/3410 3412/3412/3412
f 3415/3415/3415 3414/3414/3414 3413/3413/3413
f 3413/3413/3413 3414/3414/3414 3416/3416/3416
f 3419/3419/3419 3418/3418/3418 3417/3417/3417
f 3417/3417/3417 3418/3418/3418 3420/3420/3420
f 3423/3423/3423 3422/3422/3422 3421/3421/3421
f 3421/3421/3421 3422/3422/3422 3424/3424/3424
f 3427/3427/3427 3426/3426/3426 3425/3425/3425
f 3425/3425/3425 3426/3426/3426 3428/3428/3428
f 3431/3431/3431 3430/3430/3430 3429/3429/3429
f 3429/3429/3429 3430/3430/3430 3432/3432/3432
f 3435/3435/3435 3434/3434/3434 3433/3433/3433
f 3433/3433/3433 3434/3434/3434 3436/3436/3436
f 3439/3439/3439 3438/3438/3438 3437/3437/3437
f 3437/3437/3437 3438/3438/3438 3440/3440/3440
f 3443/3443/3443 3442/3442/3442 3441/3441/3441
f 3441/3441/3441 3442/3442/3442 3444/3444/3444
f 3447/3447/3447 3446/3446/3446 3445/3445/3445
f 3445/3445/3445 3446/3446/3446 3448/3448/3448
f 3451/3451/3451 3450/3450/3450 3449/3449/3449
f 3449/3449/3449 3450/3450/3450 3452/3452/3452
f 3455/3455/3455 3454/3454/3454 3453/3453/3453
f 3453/3453/3453 3454/3454/3454 3456/3456/3456
f 3459/3459/3459 3458/3458/3458 3457/3457/3457
f 3457/3457/3457 3458/3458/3458 3460/3460/3460
f 3463/3463/3463 3462/3462/3462 3461/3461/3461
f 3461/3461/3461 3462/3462/3462 3464/3464/3464
f 3467/3467/3467 3466/3466/3466 3465/3465/3465
f 3465/3465/3465 3466/3466/3466 3468/3468/3468
f 3471/3471/3471 3470/3470/3470 3469/3469/3469
f 3469/3469/3469 3470/3470/3470 3472/3472/3472
f 3475/3475/3475 3474/3474/3474 3473/3473/3473
f 3473/3473/3473 3474/3474/3474 3476/3476/3476
f 3479/3479/3479 3478/3478/3478 3477/3477/3477
f 3477/3477/3477 3478/3478/3478 3480/3480/3480
f 3483/3483/3483 3482/3482/3482 3481/3481/3481
f 3481/3481/3481 3482/3482/3482 3484/3484/3484
f 3487/3487/3487 3486/3486/3486 3485/3485/3485
f 3485/3485/3485 3486/3486/3486 3488/3488/3488
f 3491/3491/3491 3490/3490/3490 3489/3489/3489
f 3489/3489/3489 3490/3490/3490 3492/3492/3492
f 3495/3495/3495 3494/3494/3494 3493/3493/3493
f 3493/3493/3493 3494/3494/3494 3496/3496/3496
f 3499/3499/3499 3498/3498/3498 3497/3497/3497
f 3497/3497/3497 3498/3498/3498 3500/3500/3500
f 3503/3503/3503 3502/3502/3502 3501/3501/3501
f 3501/3501/3501 3502/3502/3502 3504/3504/3504
f 3507/3507/3507 3506/3506/3506 3505/3505/3505
f 3505/3505/3505 3506/3506/3506 3508/3508/3508
f 3511/3511/3511 3510/3510/3510 3509/3509/3509
f 3509/3509/3509 3510/3510/3510 3512/3512/3512
f 3515/3515/3515 3514/3514/3514 3513/3513/3513
f 3513/3513/3513 3514/3514/3514 3516/3516/3516
f 3519/3519/3519 3518/3518/3518 3517/3517/3517
f 3517/3517/3517 3518/3518/3518 3520/3520/3520
f 3523/3523/3523 3522/3522/3522 3521/3521/3521
f 3521/3521/3521 3522/3522/3522 3524/3524/3524
f 3527/3527/3527 3526/3526/3526 3525/3525/3525
f 3525/3525/3525 3526/3526/3526 3528/3528/3528
f 3531/3531/3531 3530/3530/3530 3529/3529/3529
f 3529/3529/3529 3530/3530/3530 3532/3532/3532
f 3535/3535/3535 3534/3534/3534 3533/3533/3533
f 3533/3533/3533 3534/3534/3534 3536/3536/3536
f 3539/3539/3539 3538/3538/3538 3537/3537/3537
f 3537/3537/3537 3538/3538/3538 3540/3540/3540
f 3543/3543/3543 3542/3542/3542 3541/3541/3541
f 3541/3541/3541 3542/3542/3542 3544/3544/3544
f 3547/3547/3547 3546/3546/3546 3545/3545/3545
f 3545/3545/3545 3546/3546/3546 3548/3548/3548
f 3551/3551/3551 3550/3550/3550 3549/3549/3549
f 3549/3549/3549 3550/3550/3550 3552/3552/3552
f 3555/3555/3555 3554/3554/3554 3553/3553/3553
f 3553/3553/3553 3554/3554/3554 3556/3556/3556
f 3559/3559/3559 3558/3558/3558 3557/3557/3557
f 3557/3557/3557 3558/3558/3558 3560/3560/3560
f 3563/3563/3563 3562/3562/3562 3561/3561/3561
f 3561/3561/3561 3562/3562/3562 3564/3564/3564
f 3567/3567/3567 3566/3566/3566 3565/3565/3565
f 3565/3565/3565 3566/3566/3566 3568/3568/3568
f 3571/3571/3571 3570/3570/3570 3569/3569/3569
f 3569/3569/3569 3570/3570/3570 3572/3572/3572
f 3575/3575/3575 3574/3574/3574 3573/3573/3573
f 3573/3573/3573 3574/3574/3574 3576/3576/3576
f 3579/3579/3579 3578/3578/3578 3577/3577/3577
f 3577/3577/3577 3578/3578/3578 3580/3580/3580
f 3583/3583/3583 3582/3582/3582 3581/3581/3581
f 3581/3581/3581 3582/3582/3582 3584/3584/3584
f 3587/3587/3587 3586/3586/3586 3585/3585/3585
f 3585/3585/3585 3586/3586/3586 3588/3588/3588
f 3591/3591/3591 3590/3590/3590 3589/3589/3589
f 3589/3589/3589 3590/3590/3590 3592/3592/3592
f 3595/3595/3595 3594/3594/3594 3593/3593/3593
f 3593/3593/3593 3594/3594/3594 3596/3596/3596
f 3599/3599/3599 3598/3598/3598 3597/3597/3597
f 3597/3597/3597 3598/3598/3598 3600/3600/3600
f 3603/3603/3603 3602/3602/3602 3601/3601/3601
f 3601/3601/3601 3602/3602/3602 3604/3604/3604
f 3607/3607/3607 3606/3606/3606 3605/3605/3605
f 3605/3605/3605 3606/3606/3606 3608/3608/3608
f 3611/3611/3611 3610/3610/3610 3609/3609/3609
f 3609/3609/3609 3610/3610/3610 3612/3612/3612
f 3615/3615/3615 3614/3614/3614 3613/3613/3613
f 3613/3613/3613 3614/3614/3614 3616/3616/3616
f 3619/3619/3619 3618/3618/3618 3617/3617/3617
f 3617/3617/3617 3618/3618/3618 3620/3620/3620
f 3623/3623/3623 3622/3622/3622 3621/3621/3621
f 3621/3621/3621 3622/3622/3622 3624/3624/3624
f 3627/3627/3627 3626/3626/3626 3625/3625/3625
f 3625/3625/3625 3626/3626/3626 3628/3628/3628
f 3631/3631/3631 3630/3630/3630 3629/3629/3629
f 3629/3629/3629 3630/3630/3630 3632/3632/3632
f 3635/3635/3635 3634/3634/3634 3633/3633/3633
f 3633/3633/3633 3634/3634/3634 3636/3636/3636
f 3639/3639/3639 3638/3638/3638 3637/3637/3637
f 3637/3637/3637 3638/3638/3638 3640/3640/3640
f 3643/3643/3643 3642/3642/3642 3641/3641/3641
f 3641/3641/3641 3642/3642/3642 3644/3644/3644
f 3647/3647/3647 3646/3646/3646 3645/3645/3645
f 3645/3645/3645 3646/3646/3646 3648/3648/3648
f 3651/3651/3651 3650/3650/3650 3649/3649/3649
f 3649/3649/3649 3650/3650/3650 3652/3652/3652
f 3655/3655/3655 3654/3654/3654 3653/3653/3653
f 3653/3653/3653 3654/3654/3654 3656/3656/3656
f 3659/3659/3659 3658/3658/3658 3657/3657/3657
f 3657/3657/3657 3658/3658/3658 3660/3660/3660
f 3663/3663/3663 3662/3662/3662 3661/3661/3661
f 3661/3661/3661 3662/3662/3662 3664/3664/3664
f 3667/3667/3667 3666/3666/3666 3665/3665/3665
f 3665/3665/3665 3666/3666/3666 3668/3668/3668
f 3671/3671/3671 3670/3670/3670 3669/3669/3669
f 3669/3669/3669 3670/3670/3670 3672/3672/3672
f 3675/3675/3675 3674/3674/3674 3673/3673/3673
f 3673/3673/3673 3674/3674/3674 3676/3676/3676
f 3679/3679/3679 3678/3678/3678 3677/3677/3677
f 3677/3677/3677 3678/3678/3678 3680/3680/3680
f 3683/3683/3683 3682/3682/3682 3681/3681/3681
f 3681/3681/3681 3682/3682/3682 3684/3684/3684
f 3687/3687/3687 3686/3686/3686 3685/3685/3685
f 3685/3685/3685 3686/3686/3686 3688/3688/3688
f 3691/3691/3691 3690/3690/3690 3689/3689/3689
f 3689/3689/3689 3690/3690/3690 3692/3692/3692
f 3695/3695/3695 3694/3694/3694 3693/3693/3693
f 3693/3693/3693 3694/3694/3694 3696/3696/3696
f 3699/3699/3699 3698/3698/3698 3697/3697/3697
f 3697/3697/3697 3698/3698/3698 3700/3700/3700
f 3703/3703/3703 3702/3702/3702 3701/3701/3701
f 3701/3701/3701 3702/3702/3702 3704/3704/3704
f 3707/3707/3707 3706/3706/3706 3705/3705/3705
f 3705/3705/3705 3706/3706/3706 3708/3708/3708
f 3711/3711/3711 3710/3710/3710 3709/3709/3709
f 3709/3709/3709 3710/3710/3710 3712/3712/3712
f 3715/3715/3715 3714/3714/3714 3713/3713/3713
f 3713/3713/3713 3714/3714/3714 3716/3716/3716
f 3719/3719/3719 3718/3718/3718 3717/3717/3717
f 3717/3717/3717 3718/3718/3718 3720/3720/3720
f 3723/3723/3723 3722/3722/3722 3721/3721/3721
f 3721/3721/3721 3722/3722/3722 3724/3724/3724
f 3727/3727/3727 3726/3726/3726 3725/3725/3725
f 3725/3725/3725 3726/3726/3726 3728/3728/3728
f 3731/3731/3731 3730/3730/3730 3729/3729/3729
f 3729/3729/3729 3730/3730/3730 3732/3732/3732
f 3735/3735/3735 3734/3734/3734 3733/3733/3733
f 3733/3733/3733 3734/3734/3734 3736/3736/3736
f 3739/3739/3739 3738/3738/3738 3737/3737/3737
f 3737/3737/3737 3738/3738/3738 3740/3740/3740
f 3743/3743/3743 3742/3742/3742 3741/3741/3741
f 3741/3741/3741 3742/3742/3742 3744/3744/3744
f 3747/3747/3747 3746/3746/3746 3745/3745/3745
f 3745/3745/3745 3746/3746/3746 3748/3748/3748
f 3751/3751/3751 3750/3750/3750 3749/3749/3749
f 3749/3749/3749 3750/3750/3750 3752/3752/3752
f 3755/3755/3755 3754/3754/3754 3753/3753/3753
f 3753/3753/3753 3754/3754/3754 3756/3756/3756
f 3759/3759/3759 3758/3758/3758 3757/3757/3757
f 3757/3757/3757 3758/3758/3758 3760/3760/3760
f 3763/3763/3763 3762/3762/3762 3761/3761/3761
f 3761/3761/3761 3762/3762/3762 3764/3764/3764
f 3767/3767/3767 3766/3766/3766 3765/3765/3765
f 3765/3765/3765 3766/3766/3766 3768/3768/3768
f 3771/3771/3771 3770/3770/3770 3769/3769/3769
f 3769/3769/3769 3770/3770/3770 3772/3772/3772
f 3775/3775/3775 3774/3774/3774 3773/3773/3773
f 3773/3773/3773 3774/3774/3774 3776/3776/3776
f 3779/3779/3779 3778/3778/3778 3777/3777/3777
f 3777/3777/3777 3778/3778/3778 3780/3780/3780
f 3783/3783/3783 3782/3782/3782 3781/3781/3781
f 3781/3781/3781 3782/3782/3782 3784/3784/3784
f 3787/3787/3787 3786/3786/3786 3785/3785/3785
f 3785/3785/3785 3786/3786/3786 3788/3788/3788
f 3791/3791/3791 3790/3790/3790 3789/3789/3789
f 3789/3789/3789 3790/3790/3790 3792/3792/3792
f 3795/3795/3795 3794/3794/3794 3793/3793/3793
f 3793/3793/3793 3794/3794/3794 3796/3796/3796
f 3799/3799/3799 3798/3798/3798 3797/3797/3797
f 3797/3797/3797 3798/3798/3798 3800/3800/3800
f 3803/3803/3803 3802/3802/3802 3801/3801/3801
f 3801/3801/3801 3802/3802/3802 3804/3804/3804
f 3807/3807/3807 3806/3806/3806 3805/3805/3805
f 3805/3805/3805 3806/3806/3806 3808/3808/3808
f 3811/3811/3811 3810/3810/3810 3809/3809/3809
f 3809/3809/3809 3810/3810/3810 3812/3812/3812
f 3815/3815/3815 3814/3814/3814 3813/3813/3813
f 3813/3813/3813 3814/3814/3814 3816/3816/3816
f 3819/3819/3819 3818/3818/3818 3817/3817/3817
f 3817/3817/3817 3818/3818/3818 3820/3820/3820
f 3823/3823/3823 3822/3822/3822 3821/3821/3821
f 3821/3821/3821 3822/3822/3822 3824/3824/3824
f 3827/3827/3827 3826/3826/3826 3825/3825/3825
f 3825/3825/3825 3826/3826/3826 3828/3828/3828
f 3831/3831/3831 3830/3830/3830 3829/3829/3829
f 3829/3829/3829 3830/3830/3830 3832/3832/3832
f 3835/3835/3835 3834/3834/3834 3833/3833/3833
f 3833/3833/3833 3834/3834/3834 3836/3836/3836
f 3839/3839/3839 3838/3838/3838 3837/3837/3837
f 3837/3837/3837 3838/3838/3838 3840/3840/3840
f 3843/3843/3843 3842/3842/3842 3841/3841/3841
f 3841/3841/3841 3842/3842/3842 3844/3844/3844
f 3847/3847/3847 3846/3846/3846 3845/3845/3845
f 3845/3845/3845 3846/3846/3846 3848/3848/3848
f 3851/3851/3851 3850/3850/3850 3849/3849/3849
f 3849/3849/3849 3850/3850/3850 3852/3852/3852
f 3855/3855/3855 3854/3854/3854 3853/3853/3853
f 3853/3853/3853 3854/3854/3854 3856/3856/3856
f 3859/3859/3859 3858/3858/3858 3857/3857/3857
f 3857/3857/3857 3858/3858/3858 3860/3860/3860
f 3863/3863/3863 3862/3862/3862 3861/3861/3861
f 3861/3861/3861 3862/3862/3862 3864/3864/3864
f 3867/3867/3867 3866/3866/3866 3865/3865/3865
f 3865/3865/3865 3866/3866/3866 3868/3868/3868
f 3871/3871/3871 3870/3870/3870 3869/3869/3869
f 3869/3869/3869 3870/3870/3870 3872/3872/3872
f 3875/3875/3875 3874/3874/3874 3873/3873/3873
f 3873/3873/3873 3874/3874/3874 3876/3876/3876
f 3879/3879/3879 3878/3878/3878 3877/3877/3877
f 3877/3877/3877 3878/3878/3878 3880/3880/3880
f 3883/3883/3883 3882/3882/3882 3881/3881/3881
f 3881/3881/3881 3882/3882/3882 3884/3884/3884
f 3887/3887/3887 3886/3886/3886 3885/3885/3885
f 3885/3885/3885 3886/3886/3886 3888/3888/3888
f 3891/3891/3891 3890/3890/3890 3889/3889/3889
f 3889/3889/3889 3890/3890/3890 3892/3892/3892
f 3895/3895/3895 3894/3894/3894 3893/3893/3893
f 3893/3893/3893 3894/3894/3894 3896/3896/3896
f 3899/3899/3899 3898/3898/3898 3897/3897/3897
f 3897/3897/3897 3898/3898/3898 3900/3900/3900
f 3903/3903/3903 3902/3902/3902 3901/3901/3901
f 3901/3901/3901 3902/3902/3902 3904/3904/3904
f 3907/3907/3907 3906/3906/3906 3905/3905/3905
f 3905/3905/3905 3906/3906/3906 3908/3908/3908
f 3911/3911/3911 3910/3910/3910 3909/3909/3909
f 3909/3909/3909 3910/3910/3910 3912/3912/3912
f 3915/3915/3915 3914/3914/3914 3913/3913/3913
f 3913/3913/3913 3914/3914/3914 3916/3916/3916
f 3919/3919/3919 3918/3918/3918 3917/3917/3917
f 3917/3917/3917 3918/3918/3918 3920/3920/3920
f 3923/3923/3923 3922/3922/3922 3921/3921/3921
f 3921/3921/3921 3922/3922/3922 3924/3924/3924
f 3927/3927/3927 3926/3926/3926 3925/3925/3925
f 3925/3925/3925 3926/3926/3926 3928/3928/3928
f 3931/3931/3931 3930/3930/3930 3929/3929/3929
f 3929/3929/3929 3930/3930/3930 3932/3932/3932
f 3935/3935/3935 3934/3934/3934 3933/3933/3933
f 3933/3933/3933 3934/3934/3934 3936/3936/3936
f 3939/3939/3939 3938/3938/3938 3937/3937/3937
f 3937/3937/3937 3938/3938/3938 3940/3940/3940
f 3943/3943/3943 3942/3942/3942 3941/3941/3941
f 3941/3941/3941 3942/3942/3942 3944/3944/3944
f 3947/3947/3947 3946/3946/3946 3945/3945/3945
f 3945/3945/3945 3946/3946/3946 3948/3948/3948
f 3951/3951/3951 3950/3950/3950 3949/3949/3949
f 3949/3949/3949 3950/3950/3950 3952/3952/3952
f 3955/3955/3955 3954/3954/3954 3953/3953/3953
f 3953/3953/3953 3954/3954/3954 3956/3956/3956
f 3959/3959/3959 3958/3958/3958 3957/3957/3957
f 3957/3957/3957 3958/3958/3958 3960/3960/3960
f 3963/3963/3963 3962/3962/3962 3961/3961/3961
f 3961/3961/3961 3962/3962/3962 3964/3964/3964
f 3967/3967/3967 3966/3966/3966 3965/3965/3965
f 3965/3965/3965 3966/3966/3966 3968/3968/3968
f 3971/3971/3971 3970/3970/3970 3969/3969/3969
f 3969/3969/3969 3970/3970/3970 3972/3972/3972
f 3975/3975/3975 3974/3974/3974 3973/3973/3973
f 3973/3973/3973 3974/3974/3974 3976/3976/3976
f 3979/3979/3979 3978/3978/3978 3977/3977/3977
f 3977/3977/3977 3978/3978/3978 3980/3980/3980
f 3983/3983/3983 3982/3982/3982 3981/3981/3981
f 3981/3981/3981 3982/3982/3982 3984/3984/3984
f 3987/3987/3987 3986/3986/3986 3985/3985/3985
f 3985/3985/3985 3986/3986/3986 3988/3988/3988
f 3991/3991/3991 3990/3990/3990 3989/3989/3989
f 3989/3989/3989 3990/3990/3990 3992/3992/3992
f 3995/3995/3995 3994/3994/3994 3993/3993/3993
f 3993/3993/3993 3994/3994/3994 3996/3996/3996
