g body_header_back
v 0.35047147 0.59240466 0.0025000002
v 0.35434282 0.6204219 0.0025000016
v 0.35434282 0.59240466 0.0025000002
v 0.35047147 0.6204219 0.0025000016
v 0.3192751 0.6204219 0.0025000016
v 0.3192751 0.59240466 0.0025000002
v 0.29160118 0.59240466 0.0025000002
v 0.35047147 0.6484391 0.0025000016
v 0.35434282 0.6484391 0.0025000016
v 0.29160118 0.6204219 0.0025000016
v 0.25929987 0.59240466 0.0025000002
v 0.3348733 0.6484391 0.0025000016
v 0.35047147 0.664067 0.0024999985
v 0.35434285 0.664067 0.0024999985
v 0.25929987 0.6204219 0.0025000016
v 0.22699857 0.59240466 0.0025000002
v 0.3348733 0.664067 0.0024999985
v 0.35047147 0.67969483 0.0025000004
v 0.35434285 0.67969483 0.0025000004
v 0.22699857 0.6204219 0.0025000016
v 0.19921477 0.59240466 0.0025000002
v 0.3348733 0.67969483 0.0025000004
v 0.35047147 0.69532263 0.0025000002
v 0.35434285 0.69546777 0.0025027778
v 0.19921477 0.6204219 0.0025000016
v 0.17143099 0.59240466 0.0025000002
v 0.3348733 0.69532263 0.0025000002
v 0.35047147 0.7109505 0.0025000004
v 0.35434285 0.7109505 0.0025000004
v 0.17143098 0.6204219 0.0025000016
v 0.1411542 0.59240466 0.0025000002
v 0.3348733 0.7109505 0.0025000004
v 0.35047147 0.725377 0.0024999992
v 0.35434285 0.725377 0.0025027785
v 0.1411542 0.6204219 0.0025000016
v 0.11087742 0.59240466 0.0025000002
v 0.3348733 0.725377 0.0024999992
v 0.35047147 0.7398036 0.0025000009
v 0.35434285 0.7398036 0.0025000009
v 0.35047144 0.7562448 0.0024999985
v 0.3543428 0.7564017 0.0025000002
v 0.3532827 0.76309556 0.0024999985
v 0.3348733 0.7398036 0.0025000009
v 0.3495937 0.7622407 0.0025000002
v 0.35020617 0.7691342 0.0025000002
v 0.34757262 0.76725525 0.0024999985
v 0.3454144 0.77392685 0.0025000016
v 0.34179848 0.76516163 0.0024999985
v 0.33482242 0.7573075 0.0025000002
v 0.34290388 0.7482681 0.0024999985
v 0.3435351 0.77152395 0.0024999985
v 0.3393762 0.77700436 0.0024999985
v 0.3385211 0.7738534 0.0024999985
v 0.3326826 0.7780655 0.0025000002
v 0.33252528 0.7746955 0.0024999985
v 0.3192751 0.7780677 0.0025000002
v 0.3192751 0.7746977 0.0025000002
v 0.30559212 0.7780701 0.0025027748
v 0.32643995 0.7666837 0.002500003
v 0.30543813 0.7747001 0.0025000002
v 0.29160118 0.77807236 0.0025000002
v 0.3192751 0.7572506 0.0024999985
v 0.2916012 0.77470237 0.0024999972
v 0.27545053 0.77807516 0.0024999972
v 0.32704875 0.7485556 0.0025000002
v 0.3192751 0.7398036 0.0025000009
v 0.30543813 0.75743306 0.0025000002
v 0.27545056 0.77470505 0.0025000016
v 0.25929987 0.7780778 0.0025000002
v 0.3192751 0.725377 0.0024999992
v 0.2916012 0.7576155 0.0024999985
v 0.30543813 0.7398036 0.0025000009
v 0.2592999 0.7747078 0.0024999972
v 0.24314924 0.77808046 0.0025000016
v 0.3192751 0.7109505 0.0025000004
v 0.30543813 0.725377 0.0024999992
v 0.27545056 0.7574356 0.0025000002
v 0.2916012 0.7398036 0.0025000009
v 0.24314924 0.7747105 0.0025000002
v 0.22699857 0.77808326 0.0025000016
v 0.3192751 0.69532263 0.0025000002
v 0.30543813 0.7109505 0.0025000004
v 0.2916012 0.725377 0.0024999992
v 0.2592999 0.7572557 0.0024999985
v 0.27545056 0.7398035 0.0025000002
v 0.22699857 0.77471316 0.0025000002
v 0.21310668 0.77808553 0.0025000002
v 0.3192751 0.67969483 0.0025000004
v 0.30543813 0.69532263 0.0025000002
v 0.2916012 0.7109505 0.0025000004
v 0.27545056 0.725377 0.0024999992
v 0.24314924 0.757257 0.0025000002
v 0.2592999 0.7398035 0.0025000002
v 0.21310668 0.77471554 0.0025000002
v 0.19921477 0.7780878 0.0025000016
v 0.22699857 0.75725836 0.0024999985
v 0.24314924 0.7398035 0.0025000002
v 0.2592999 0.725377 0.0024999992
v 0.27545056 0.7109505 0.0025000004
v 0.19921477 0.7747178 0.0025000002
v 0.18532287 0.7780902 0.0025000002
v 0.21310668 0.75725955 0.0025000002
v 0.22699857 0.7398035 0.0025000002
v 0.24314924 0.725377 0.0024999992
v 0.18532287 0.77472013 0.0025000016
v 0.17143098 0.7780925 0.0025000016
v 0.19921477 0.75726074 0.0025000016
v 0.21310666 0.7398035 0.0025000002
v 0.17143098 0.7747225 0.0025000002
v 0.15629259 0.77809507 0.0025000002
v 0.18532287 0.7572619 0.0024999985
v 0.15629259 0.77472496 0.0024999985
v 0.1411542 0.77809757 0.0025000016
v 0.2592999 0.7109505 0.0025000004
v 0.22699857 0.725377 0.0024999992
v 0.19921476 0.7398036 0.0025000009
v 0.17143098 0.757263 0.0025000002
v 0.1411542 0.7747275 0.0024999985
v 0.12601581 0.77810013 0.0025000002
v 0.24314924 0.7109505 0.0025000004
v 0.21310668 0.725377 0.0024999992
v 0.18532287 0.7398036 0.0025000009
v 0.15629259 0.75726426 0.0024999985
v 0.22699857 0.7109505 0.0025000004
v 0.19921477 0.725377 0.0024999992
v 0.21310668 0.7109505 0.0025000004
v 0.2592999 0.69532263 0.0025000002
v 0.24314924 0.69532263 0.0025000002
v 0.22699857 0.69532263 0.0025000002
v 0.27545056 0.69532263 0.0025000002
v 0.29160118 0.69532263 0.0025000002
v 0.30543813 0.67969483 0.0025000004
v 0.29160118 0.67969483 0.0025000004
v 0.27545056 0.67969483 0.0025000004
v 0.2592999 0.67969483 0.0025000004
v 0.3192751 0.664067 0.0024999985
v 0.30543813 0.664067 0.0024999985
v 0.3192751 0.6484391 0.0025000016
v 0.30543813 0.6484391 0.0025000016
v 0.29160118 0.664067 0.0024999985
v 0.29160118 0.6484391 0.0025000016
v 0.27545056 0.664067 0.0024999985
v 0.27545053 0.6484391 0.0025000016
v 0.2592999 0.664067 0.0024999985
v 0.25929987 0.6484391 0.0025000016
v 0.24314924 0.6484391 0.0025000016
v 0.24314924 0.67969483 0.0025000004
v 0.24314924 0.664067 0.0024999985
v 0.22699857 0.67969483 0.0025000004
v 0.22699857 0.664067 0.0024999985
v 0.22699857 0.6484391 0.0025000016
v 0.21310668 0.6484391 0.0025000016
v 0.21310668 0.664067 0.0024999985
v 0.21310668 0.67969483 0.0025000004
v 0.21310668 0.69532263 0.0025000002
v 0.19921477 0.7109505 0.0025000004
v 0.19921477 0.69532263 0.0025000002
v 0.19921477 0.67969483 0.0025000004
v 0.19921477 0.664067 0.0024999985
v 0.19921477 0.6484391 0.0025000016
v 0.18532287 0.6484391 0.0025000016
v 0.18532287 0.7109505 0.0025000004
v 0.18532287 0.664067 0.0024999985
v 0.18532287 0.67969483 0.0025000004
v 0.18532287 0.725377 0.0024999992
v 0.17143098 0.7398036 0.0025000009
v 0.18532287 0.69532263 0.0025000002
v 0.17143098 0.725377 0.0024999992
v 0.15629259 0.7398035 0.0025000002
v 0.17143098 0.7109505 0.0025000004
v 0.17143098 0.69532263 0.0025000002
v 0.17143098 0.67969483 0.0025000004
v 0.15629259 0.725377 0.0024999992
v 0.15629259 0.7109505 0.0025000004
v 0.1411542 0.75726557 0.0025000002
v 0.1411542 0.7398035 0.0025000002
v 0.17143098 0.664067 0.0024999985
v 0.1411542 0.725377 0.0024999992
v 0.12601581 0.77473015 0.0024999985
v 0.11087742 0.7747326 0.0025000016
v 0.11087742 0.7781027 0.0025000002
v 0.096566714 0.7781051 0.0025000002
v 0.12601581 0.7572668 0.0024999985
v 0.12601581 0.7398035 0.0025000002
v 0.096566714 0.774735 0.0025000002
v 0.08225601 0.77810746 0.0025000002
v 0.11087742 0.7572681 0.0024999985
v 0.12601581 0.725377 0.0024999992
v 0.08225601 0.77473736 0.0025000016
v 0.0679453 0.77810985 0.0024999985
v 0.096566714 0.7572693 0.0025000016
v 0.11087742 0.7398036 0.0025000009
v 0.096566714 0.7398036 0.0024999992
v 0.08225601 0.7572705 0.0025000002
v 0.0679453 0.77473974 0.0024999955
v 0.053634595 0.7747421 0.0025000016
v 0.053634595 0.77811223 0.0025000016
v 0.0679453 0.7572717 0.0025000002
v 0.04022596 0.77474445 0.0025000016
v 0.04022596 0.7781145 0.0024999972
v 0.026817322 0.7781167 0.0025000002
v 0.053634595 0.75727284 0.0024999985
v 0.0679453 0.7398036 0.0025000009
v 0.08225601 0.7398036 0.0024999992
v 0.096566714 0.725377 0.0024999992
v 0.026817322 0.7747466 0.0024999972
v 0.013408685 0.778119 0.0025000002
v 0.04022596 0.757274 0.0025000002
v 0.013408685 0.7747489 0.0025000002
v 4.7683717E-08 0.7781212 0.0025000002
v 0.026817322 0.7572751 0.0025000002
v 0.04022596 0.7398035 0.0025000002
v 0.053634595 0.7398035 0.0025000002
v 0.0679453 0.725377 0.0024999992
v 4.7683717E-08 0.7747511 0.0025000002
v -0.013408589 0.778119 0.0025000002
v 0.013408685 0.75727624 0.0025000002
v -0.013408589 0.7747489 0.0025000002
v -0.026817227 0.7781167 0.0025000002
v 4.6561404E-08 0.7572773 0.0025000016
v 0.013408683 0.7398036 0.0025000009
v 0.026817322 0.7398036 0.0025000009
v 0.04022596 0.725377 0.0024999992
v -0.026817227 0.7747466 0.0024999972
v -0.040225863 0.7781145 0.0024999972
v -0.013408589 0.75727624 0.0025000002
v 0.053634595 0.725377 0.0024999992
v 0.04022596 0.7109505 0.0025000004
v 0.026817322 0.725377 0.0024999992
v 0.013408698 0.725377 0.0024999992
v 0.013408685 0.7109505 0.0025000004
v 4.543909E-08 0.7398036 0.0025000009
v -0.013408591 0.7398036 0.0025000009
v -0.026817227 0.7572751 0.0025000002
v 2.0298106E-08 0.725377 0.0024999992
v -0.01340863 0.725377 0.0024999992
v 0.026817322 0.7109505 0.0025000004
v -0.040225863 0.77474433 0.0025000002
v -0.026817227 0.7398036 0.0025000009
v 0.026817322 0.69532263 0.0025000002
v -0.053634502 0.7747421 0.0025000016
v -0.053634502 0.77811223 0.0025000016
v -0.067945205 0.77810985 0.0024999985
v -0.040225863 0.757274 0.0025000002
v -0.067945205 0.7747397 0.0025000002
v -0.082255915 0.77810746 0.0025000002
v -0.053634502 0.75727284 0.0024999985
v -0.082255915 0.7747373 0.0025000016
v -0.09656662 0.7781051 0.0025000002
v -0.067945205 0.7572717 0.0024999985
v -0.040225863 0.7398036 0.0025000009
v -0.053634502 0.7398036 0.0025000009
v -0.067945205 0.7398036 0.0025000009
v -0.082255915 0.75727046 0.0025000002
v -0.09656662 0.7747349 0.0024999985
v -0.026817227 0.725377 0.0024999992
v -0.11087733 0.77473253 0.0024999985
v -0.11087733 0.7781027 0.0025000002
v -0.12601571 0.77810013 0.0025000002
v -0.013408643 0.7109505 0.0025000004
v -0.12601571 0.77473 0.0024999985
v -0.1411541 0.77809757 0.0025000016
v -4.8428777E-09 0.7109505 0.0025000004
v -0.09656662 0.7572692 0.0025000016
v -0.11087733 0.7572681 0.0025000016
v -0.12601571 0.7572667 0.0025000002
v -0.1411541 0.77472746 0.002500003
v -0.15629248 0.77472496 0.0025000002
v -0.15629248 0.77809507 0.0025000002
v -0.1411541 0.7572655 0.0024999985
v -0.12601571 0.7398035 0.0025000002
v -0.082255915 0.7398036 0.0025000009
v -0.11087733 0.7398035 0.0025000002
v -0.17143087 0.7747224 0.0025000016
v -0.17143087 0.7780925 0.0025000016
v -0.067945205 0.725377 0.0024999992
v -0.09656662 0.7398035 0.0025000002
v -0.18532278 0.77472013 0.0025000016
v -0.18532278 0.7780902 0.0025000002
v -0.053634502 0.7253771 0.0024999992
v -0.082255915 0.725377 0.0024999992
v -0.19921468 0.7747178 0.0025000002
v -0.19921468 0.7780878 0.0025000016
v -0.067945205 0.7109505 0.0025000004
v -0.040225863 0.725377 0.0024999992
v -0.21310659 0.7747154 0.0025000002
v -0.21310659 0.77808553 0.0024999985
v -0.053634502 0.7109505 0.0025000004
v -0.026817227 0.7109505 0.0025000004
v -0.040225863 0.7109505 0.0025000004
v -0.01340863 0.69532263 0.0025000002
v -0.22699848 0.77471316 0.0025000002
v -0.22699848 0.77808315 0.0025000002
v -0.053634502 0.69532263 0.0025000002
v -0.026817227 0.69532263 0.0025000002
v 2.0489097E-08 0.69532263 0.0025000002
v -0.24314915 0.7747105 0.0025000002
v -0.24314915 0.77808046 0.0025000016
v -0.040225863 0.69532263 0.0025000002
v -0.013408591 0.67969483 0.0025000004
v 0.013408698 0.69532263 0.0025000002
v -0.25929978 0.7747078 0.0024999972
v -0.25929978 0.7780778 0.0025000002
v -0.026817227 0.67969483 0.0025000004
v 4.582107E-08 0.67969483 0.0025000004
v -0.27545044 0.77470505 0.0025000016
v -0.27545044 0.77807504 0.0025000016
v -0.013408589 0.664067 0.0024999985
v -0.2916011 0.77470237 0.0024999972
v -0.2916011 0.77807236 0.0025000002
v -0.30543804 0.7747001 0.0025000002
v -0.305592 0.77807 0.0025027764
v -0.319275 0.7746977 0.0025000002
v -0.319275 0.7780677 0.0025000002
v -0.33254024 0.7746955 0.0024999985
v -0.33269757 0.7780655 0.0025000002
v -0.33939117 0.77700436 0.0024999985
v -0.33853602 0.7738534 0.0024999985
v -0.34542936 0.77392685 0.0025000016
v -0.34355006 0.77152395 0.0024999985
v -0.35022116 0.7691342 0.0025000002
v -0.34181124 0.76516163 0.0024999985
v -0.33483118 0.7573075 0.0025000002
v -0.34758756 0.76725525 0.0024999985
v -0.35329765 0.76309556 0.0024999985
v -0.34960866 0.7622407 0.0025000002
v -0.35435772 0.7564017 0.0025000002
v -0.35048634 0.7562448 0.0024999985
v -0.35435772 0.7398035 0.0025000002
v -0.35048634 0.7398036 0.0024999992
v -0.35435772 0.725377 0.0025027785
v -0.32644793 0.7666837 0.002500003
v -0.319275 0.7572506 0.0024999985
v -0.3429151 0.7482681 0.0024999985
v -0.35048634 0.7253771 0.0024999992
v -0.35435772 0.7109505 0.0025000004
v -0.33488068 0.7398036 0.0025000009
v -0.35048634 0.7109505 0.0025000004
v -0.35435772 0.69546777 0.0025027778
v -0.30543804 0.75743306 0.0025000002
v -0.32705307 0.7485556 0.0025000002
v -0.319275 0.7398035 0.0025000002
v -0.33488068 0.725377 0.0024999992
v -0.35048634 0.69532263 0.0025000002
v -0.35435772 0.67969483 0.0025000004
v -0.2916011 0.7576155 0.0024999985
v -0.30543804 0.7398035 0.0025000002
v -0.33488068 0.7109505 0.0025000004
v -0.319275 0.725377 0.0024999992
v -0.35048634 0.67969483 0.0025000004
v -0.35435772 0.664067 0.0024999985
v -0.27545044 0.7574356 0.0025000002
v -0.2916011 0.7398036 0.0025000009
v -0.30543804 0.725377 0.0024999992
v -0.33488068 0.69532263 0.0025000002
v -0.319275 0.7109505 0.0025000004
v -0.35048634 0.664067 0.0024999985
v -0.35435772 0.6484391 0.0025000016
v -0.25929978 0.7572557 0.0024999985
v -0.27545044 0.7398035 0.0025000002
v -0.2916011 0.725377 0.0024999992
v -0.30543804 0.7109505 0.0025000004
v -0.33488068 0.67969483 0.0025000004
v -0.319275 0.69532263 0.0025000002
v -0.35048634 0.6484391 0.0025000016
v -0.35435772 0.6204219 0.0025000016
v -0.33488068 0.664067 0.0024999985
v -0.319275 0.67969483 0.0025000004
v -0.30543804 0.69532263 0.0025000002
v -0.2916011 0.7109505 0.0025000004
v -0.35048634 0.6204219 0.0025000016
v -0.35435772 0.59240466 0.0025000002
v -0.35048634 0.59240466 0.0025000002
v -0.33488068 0.6484391 0.0025000016
v -0.319275 0.6204219 0.0025000016
v -0.31927875 0.59240466 0.0025000002
v -0.2916011 0.6204219 0.0025000016
v -0.2916011 0.59240466 0.0025000002
v -0.25929978 0.59240466 0.0025000002
v -0.319275 0.664067 0.0024999985
v -0.30543804 0.67969483 0.0025000004
v -0.319275 0.6484391 0.0025000016
v -0.30543804 0.6484391 0.0025000016
v -0.30543804 0.664067 0.0024999985
v -0.2916011 0.69532263 0.0025000002
v -0.2916011 0.67969483 0.0025000004
v -0.2916011 0.664067 0.0024999985
v -0.2916011 0.6484391 0.0025000016
v -0.27545044 0.7109505 0.0025000004
v -0.27545044 0.69532263 0.0025000002
v -0.27545044 0.67969483 0.0025000004
v -0.27545044 0.664067 0.0024999985
v -0.27545044 0.6484391 0.0025000016
v -0.27545044 0.725377 0.0024999992
v -0.25929978 0.7398035 0.0025000002
v -0.25929978 0.725377 0.0024999992
v -0.25929978 0.7109505 0.0025000004
v -0.25929978 0.69532263 0.0025000002
v -0.25929978 0.67969483 0.0025000004
v -0.24314915 0.757257 0.0025000002
v -0.24314915 0.7398035 0.0025000002
v -0.22699848 0.75725836 0.0024999985
v -0.24314915 0.725377 0.0024999992
v -0.24314915 0.7109505 0.0025000004
v -0.22699848 0.7398035 0.0025000002
v -0.21310659 0.7572595 0.0025000002
v -0.22699848 0.725377 0.0024999992
v -0.24314915 0.69532263 0.0025000002
v -0.19921468 0.75726074 0.0024999972
v -0.21310659 0.7398035 0.0025000002
v -0.22699848 0.7109505 0.0025000004
v -0.18532278 0.7572619 0.0024999985
v -0.21310659 0.725377 0.0024999992
v -0.19921468 0.7398036 0.0025000009
v -0.17143087 0.757263 0.0025000002
v -0.18532278 0.7398036 0.0024999992
v -0.19921468 0.725377 0.0024999992
v -0.21310659 0.7109505 0.0025000004
v -0.22699848 0.69532263 0.0025000002
v -0.15629248 0.75726426 0.0024999985
v -0.17143087 0.7398036 0.0024999992
v -0.1411541 0.7398036 0.0025000009
v -0.18532278 0.725377 0.0024999992
v -0.15629248 0.7398036 0.0024999992
v -0.12601571 0.725377 0.0024999992
v -0.17143087 0.7253771 0.0024999992
v -0.18532278 0.7109505 0.0025000004
v -0.1411541 0.7253771 0.0024999992
v -0.11087733 0.725377 0.0024999992
v -0.19921468 0.7109505 0.0025000004
v -0.15629248 0.7253771 0.0024999992
v -0.12601571 0.7109505 0.0025000004
v -0.1411541 0.7109505 0.0025000004
v -0.15629248 0.7109505 0.0025000004
v -0.17143087 0.7109505 0.0025000004
v -0.18532278 0.69532263 0.0025000002
v -0.19921468 0.69532263 0.0025000002
v -0.17143087 0.69532263 0.0025000002
v -0.21310659 0.69532263 0.0025000002
v -0.18532278 0.67969483 0.0025000004
v -0.19921468 0.67969483 0.0025000004
v -0.1411541 0.69532263 0.0025000002
v -0.15629248 0.69532263 0.0025000002
v -0.17143087 0.67969483 0.0025000004
v -0.18532278 0.664067 0.0024999985
v -0.12601571 0.69532263 0.0025000002
v -0.11087733 0.7109505 0.0025000004
v -0.21310659 0.67969483 0.0025000004
v -0.19921468 0.664067 0.0024999985
v -0.22699848 0.67969483 0.0025000004
v -0.24314915 0.67969483 0.0025000004
v -0.25929978 0.664067 0.0024999985
v -0.24314915 0.664067 0.0024999985
v -0.22699848 0.664067 0.0024999985
v -0.24314915 0.6484391 0.0025000016
v -0.25929978 0.6484391 0.0025000016
v -0.25929978 0.6204219 0.0025000016
v -0.22699848 0.6204219 0.0025000016
v -0.22699848 0.59240466 0.0025000002
v -0.19921468 0.59240466 0.0025000002
v -0.21310659 0.664067 0.0024999985
v -0.22699848 0.6484391 0.0025000016
v -0.21310659 0.6484391 0.0025000016
v -0.19921468 0.6204219 0.0025000016
v -0.19921468 0.6484391 0.0025000016
v -0.18532278 0.6484391 0.0025000016
v -0.17143087 0.6204219 0.0025000016
v -0.17143087 0.59240466 0.0025000002
v -0.17143087 0.664067 0.0024999985
v -0.1411541 0.6204219 0.0025000016
v -0.1411541 0.59240466 0.0025000002
v -0.11087733 0.6204219 0.0025000016
v -0.11087733 0.59240466 0.0025000002
v -0.082255915 0.59240466 0.0025000002
v -0.17143087 0.6484391 0.0025000016
v -0.15629248 0.6484391 0.0025000016
v -0.15629248 0.67969483 0.0025000004
v -0.15629248 0.664067 0.0024999985
v -0.1411541 0.6484391 0.0025000016
v -0.1411541 0.67969483 0.0025000004
v -0.1411541 0.664067 0.0024999985
v -0.12601571 0.6484391 0.0025000016
v -0.12601571 0.67969483 0.0025000004
v -0.12601571 0.664067 0.0024999985
v -0.11087733 0.69532263 0.0025000002
v -0.11087733 0.67969483 0.0025000004
v -0.11087733 0.664067 0.0024999985
v -0.09656662 0.7109505 0.0025000004
v -0.09656662 0.69532263 0.0025000002
v -0.11087733 0.6484391 0.0025000016
v -0.09656662 0.67969483 0.0025000004
v -0.09656662 0.664067 0.0024999985
v -0.09656662 0.6484391 0.0025000016
v -0.082255915 0.6204219 0.0025000016
v -0.053634502 0.6204219 0.0025000016
v -0.053634502 0.59240466 0.0025000002
v -0.026817227 0.59240466 0.0025000002
v -0.082255915 0.6484391 0.0025000016
v -0.082255915 0.664067 0.0024999985
v -0.067945205 0.6484391 0.0025000016
v -0.082255915 0.67969483 0.0025000004
v -0.067945205 0.664067 0.0024999985
v -0.082255915 0.69532263 0.0025000002
v -0.067945205 0.67969483 0.0025000004
v -0.053634502 0.664067 0.0024999985
v -0.053634502 0.6484391 0.0025000016
v -0.040225863 0.6484391 0.0025000016
v -0.053634502 0.67969483 0.0025000004
v -0.026817227 0.6204219 0.0025000016
v 4.7683717E-08 0.6204219 0.0025000016
v 4.7683717E-08 0.59240466 0.0025000002
v 0.026817322 0.59240466 0.0025000002
v 0.026817322 0.6204219 0.0025000016
v 0.053634595 0.59240466 0.0025000002
v 0.053634595 0.6204219 0.0025000016
v 0.08225601 0.59240466 0.0025000002
v 0.08225601 0.6204219 0.0025000016
v 0.11087742 0.6204219 0.0025000016
v -0.026817227 0.6484391 0.0025000016
v -0.013408589 0.6484391 0.0025000016
v -0.040225863 0.664067 0.0024999985
v -0.026817227 0.664067 0.0024999985
v -0.040225863 0.67969483 0.0025000004
v -0.067945205 0.69532263 0.0025000002
v -0.082255915 0.7109505 0.0025000004
v -0.09656662 0.725377 0.0024999992
v 4.6752394E-08 0.664067 0.0024999985
v 4.7683717E-08 0.6484391 0.0025000016
v 0.013408685 0.6484391 0.0025000016
v 0.013408683 0.67969483 0.0025000004
v 0.013408685 0.664067 0.0024999985
v 0.026817322 0.6484391 0.0025000016
v 0.026817322 0.67969483 0.0025000004
v 0.026817322 0.664067 0.0024999985
v 0.04022596 0.6484391 0.0025000016
v 0.04022596 0.69532263 0.0025000002
v 0.04022596 0.67969483 0.0025000004
v 0.04022596 0.664067 0.0024999985
v 0.053634595 0.6484391 0.0025000016
v 0.053634595 0.664067 0.0024999985
v 0.0679453 0.6484391 0.0025000016
v 0.053634595 0.67969483 0.0025000004
v 0.053634595 0.69532263 0.0025000002
v 0.0679453 0.664067 0.0024999985
v 0.053634595 0.7109505 0.0025000004
v 0.0679453 0.67969483 0.0025000004
v 0.0679453 0.7109505 0.0025000004
v 0.0679453 0.69532263 0.0025000002
v 0.08225601 0.69532263 0.0025000002
v 0.08225601 0.67969483 0.0025000004
v 0.08225601 0.664067 0.0024999985
v 0.08225601 0.725377 0.0024999992
v 0.08225601 0.7109505 0.0025000004
v 0.096566714 0.7109505 0.0025000004
v 0.096566714 0.69532263 0.0025000002
v 0.096566714 0.67969483 0.0025000004
v 0.08225601 0.6484391 0.0025000016
v 0.096566714 0.6484391 0.0025000016
v 0.096566714 0.664067 0.0024999985
v 0.11087742 0.69532263 0.0025000002
v 0.11087742 0.725377 0.0024999992
v 0.11087742 0.67969483 0.0025000004
v 0.11087742 0.664067 0.0024999985
v 0.11087742 0.6484391 0.0025000016
v 0.12601581 0.6484391 0.0025000016
v 0.11087742 0.7109505 0.0025000004
v 0.12601581 0.7109505 0.0025000004
v 0.12601581 0.664067 0.0024999985
v 0.12601581 0.69532263 0.0025000002
v 0.12601581 0.67969483 0.0025000004
v 0.1411542 0.7109505 0.0025000004
v 0.1411542 0.69532263 0.0025000002
v 0.15629259 0.69532263 0.0025000002
v 0.15629259 0.67969483 0.0025000004
v 0.1411542 0.67969483 0.0025000004
v 0.15629259 0.664067 0.0024999985
v 0.1411542 0.664067 0.0024999985
v 0.15629259 0.6484391 0.0025000016
v 0.1411542 0.6484391 0.0025000016
v 0.17143098 0.6484391 0.0025000016
v 0.3543428 0.6204219 -0.0025027753
v 0.35434282 0.59240466 -0.0025027767
v 0.35434282 0.59240466 0.0025000002
v 0.35434282 0.6204219 0.0025000016
v 0.35434282 0.6484391 0.0025000016
v 0.3543428 0.6484391 -0.0025027767
v 0.3543428 0.664067 -0.002502776
v 0.35434285 0.664067 0.0024999985
v 0.3543428 0.67969483 -0.0025027767
v 0.35434285 0.67969483 0.0025000004
v 0.3543428 0.69546777 -0.0025027767
v 0.35434285 0.69546777 0.0025027778
v 0.35434285 0.7109505 0.0025000004
v 0.3543428 0.7109505 -0.0025027764
v 0.3543428 0.725377 -0.0025027767
v 0.35434285 0.725377 0.0025027785
v 0.3543428 0.7398035 -0.002502776
v 0.35434285 0.7398036 0.0025000009
v 0.3543428 0.7564017 0.0025000002
v 0.3543428 0.7564017 -0.0025027783
v 0.3532827 0.76309556 0.0024999985
v 0.3532827 0.76309556 -0.0025027783
v 0.35020617 0.7691342 0.0025000002
v 0.35020623 0.7691342 -0.0025027767
v 0.3454144 0.77392685 0.0025000016
v 0.3454144 0.77392685 -0.0025027767
v 0.3393762 0.77700436 0.0024999985
v 0.3393762 0.77700436 -0.0025027783
v 0.3326826 0.7780655 0.0025000002
v 0.33268264 0.7780655 -0.0025027767
v 0.3192751 0.7780677 -0.0025027783
v 0.3192751 0.7780677 0.0025000002
v 0.3055921 0.77807 -0.0025027767
v 0.30559212 0.7780701 0.0025027748
v 0.29160118 0.77807236 -0.0025027797
v 0.29160118 0.77807236 0.0025000002
v 0.27545053 0.77807504 -0.0025027767
v 0.27545053 0.77807516 0.0024999972
v 0.25929987 0.7780778 -0.0025027783
v 0.25929987 0.7780778 0.0025000002
v 0.24314924 0.77808046 -0.0025027767
v 0.24314924 0.77808046 0.0025000016
v 0.22699857 0.77808315 -0.0025027767
v 0.22699857 0.77808326 0.0025000016
v 0.21310668 0.77808553 -0.0025027753
v 0.21310668 0.77808553 0.0025000002
v 0.19921477 0.7780878 -0.0025027797
v 0.19921477 0.7780878 0.0025000016
v 0.18532287 0.7780902 -0.0025027753
v 0.18532287 0.7780902 0.0025000002
v 0.17143098 0.7780925 -0.0025027783
v 0.17143098 0.7780925 0.0025000016
v 0.15629259 0.77809507 -0.0025027783
v 0.15629259 0.77809507 0.0025000002
v 0.1411542 0.77809757 -0.0025027767
v 0.1411542 0.77809757 0.0025000016
v 0.12601581 0.77810013 -0.0025027767
v 0.12601581 0.77810013 0.0025000002
v 0.11087742 0.7781027 -0.0025027767
v 0.11087742 0.7781027 0.0025000002
v 0.096566714 0.7781051 -0.0025027783
v 0.096566714 0.7781051 0.0025000002
v 0.08225601 0.77810746 -0.0025027767
v 0.08225601 0.77810746 0.0025000002
v 0.0679453 0.77810985 -0.0025027783
v 0.0679453 0.77810985 0.0024999985
v 0.053634595 0.77811223 -0.0025027783
v 0.053634595 0.77811223 0.0025000016
v 0.04022596 0.7781145 -0.0025027797
v 0.04022596 0.7781145 0.0024999972
v 0.026817322 0.7781167 -0.0025027753
v 0.026817322 0.7781167 0.0025000002
v 0.013408685 0.778119 -0.0025027783
v 0.013408685 0.778119 0.0025000002
v 4.7683717E-08 0.7781212 -0.0025027783
v 4.7683717E-08 0.7781212 0.0025000002
v -0.013408589 0.778119 -0.0025027783
v -0.013408589 0.778119 0.0025000002
v -0.026817227 0.7781167 -0.0025027753
v -0.026817227 0.7781167 0.0025000002
v -0.040225863 0.7781145 -0.0025027797
v -0.040225863 0.7781145 0.0024999972
v -0.053634502 0.77811223 -0.0025027783
v -0.053634502 0.77811223 0.0025000016
v -0.067945205 0.77810985 -0.0025027783
v -0.067945205 0.77810985 0.0024999985
v -0.082255915 0.77810746 -0.0025027767
v -0.082255915 0.77810746 0.0025000002
v -0.09656662 0.7781051 -0.0025027783
v -0.09656662 0.7781051 0.0025000002
v -0.11087733 0.7781027 -0.0025027767
v -0.11087733 0.7781027 0.0025000002
v -0.12601571 0.77810013 -0.0025027767
v -0.12601571 0.77810013 0.0025000002
v -0.1411541 0.77809757 -0.0025027767
v -0.1411541 0.77809757 0.0025000016
v -0.15629248 0.77809507 -0.0025027783
v -0.15629248 0.77809507 0.0025000002
v -0.17143087 0.7780925 -0.0025027783
v -0.17143087 0.7780925 0.0025000016
v -0.18532278 0.7780902 -0.0025027753
v -0.18532278 0.7780902 0.0025000002
v -0.19921468 0.7780878 -0.0025027797
v -0.19921468 0.7780878 0.0025000016
v -0.21310659 0.77808553 -0.0025027767
v -0.21310659 0.77808553 0.0024999985
v -0.22699848 0.77808326 -0.0025027737
v -0.22699848 0.77808315 0.0025000002
v -0.24314915 0.77808046 -0.0025027767
v -0.24314915 0.77808046 0.0025000016
v -0.25929978 0.7780778 -0.0025027767
v -0.25929978 0.7780778 0.0025000002
v -0.27545044 0.77807516 -0.0025027753
v -0.27545044 0.77807504 0.0025000016
v -0.2916011 0.77807236 -0.0025027797
v -0.2916011 0.77807236 0.0025000002
v -0.30559203 0.7780701 -0.0025027753
v -0.305592 0.77807 0.0025027764
v -0.319275 0.7780677 -0.0025027783
v -0.319275 0.7780677 0.0025000002
v -0.33269757 0.7780655 -0.0025027767
v -0.33269757 0.7780655 0.0025000002
v -0.33939117 0.77700436 0.0024999985
v -0.33939117 0.77700436 -0.0025027783
v -0.34542936 0.77392685 0.0025000016
v -0.34542936 0.77392685 -0.0025027767
v -0.35022116 0.7691342 0.0025000002
v -0.35022116 0.7691342 -0.0025027767
v -0.35329765 0.76309556 0.0024999985
v -0.35329765 0.76309556 -0.0025027783
v -0.35435772 0.7564017 0.0025000002
v -0.35435772 0.7564017 -0.0025027783
v -0.35435772 0.7398035 0.0025000002
v -0.35435772 0.7398036 -0.0025027774
v -0.35435772 0.725377 -0.0025027767
v -0.35435772 0.725377 0.0025027785
v -0.35435772 0.7109505 -0.0025027764
v -0.35435772 0.7109505 0.0025000004
v -0.35435772 0.69546777 0.0025027778
v -0.35435772 0.69546777 -0.0025027767
v -0.35435772 0.67969483 -0.0025027767
v -0.35435772 0.67969483 0.0025000004
v -0.35435772 0.664067 -0.002502776
v -0.35435772 0.664067 0.0024999985
v -0.35435772 0.6484391 -0.0025027767
v -0.35435772 0.6484391 0.0025000016
v -0.35435772 0.6204219 0.0025000016
v -0.35435772 0.6204219 -0.0025027753
v -0.35435772 0.59240466 -0.0025027767
v -0.35435772 0.59240466 0.0025000002
v -0.35048634 0.59240466 -0.002502779
v -0.35435772 0.6204219 -0.0025027753
v -0.35435772 0.59240466 -0.0025027767
v -0.35048634 0.6204219 -0.0025027774
v -0.319275 0.6204219 -0.0025027774
v -0.31927875 0.59240466 -0.002502779
v -0.2916011 0.59240466 -0.002502779
v -0.35048634 0.6484391 -0.0025027788
v -0.35435772 0.6484391 -0.0025027767
v -0.33488068 0.6484391 -0.0025027788
v -0.35048634 0.664067 -0.002502778
v -0.35435772 0.664067 -0.002502776
v -0.2916011 0.6204219 -0.0025027774
v -0.25929978 0.59240466 -0.002502779
v -0.33488068 0.664067 -0.002502778
v -0.35048634 0.67969483 -0.0025027788
v -0.35435772 0.67969483 -0.0025027767
v -0.25929978 0.6204219 -0.0025027774
v -0.22699848 0.59240466 -0.002502779
v -0.33488068 0.67969483 -0.0025027788
v -0.35048634 0.69532263 -0.002502779
v -0.35435772 0.69546777 -0.0025027767
v -0.22699848 0.6204219 -0.0025027774
v -0.19921468 0.59240466 -0.002502779
v -0.33488068 0.69532263 -0.002502779
v -0.35048634 0.7109505 -0.0025027783
v -0.35435772 0.7109505 -0.0025027764
v -0.19921468 0.6204219 -0.0025027774
v -0.17143087 0.59240466 -0.002502779
v -0.33488068 0.7109505 -0.0025027783
v -0.35048634 0.725377 -0.0025027788
v -0.35435772 0.725377 -0.0025027767
v -0.17143087 0.6204219 -0.0025027774
v -0.1411541 0.59240466 -0.002502779
v -0.33488068 0.725377 -0.0025027788
v -0.35048634 0.7398036 -0.0025027795
v -0.35435772 0.7398036 -0.0025027774
v -0.35048634 0.7562448 -0.0025027788
v -0.35435772 0.7564017 -0.0025027783
v -0.35329765 0.76309556 -0.0025027783
v -0.33488068 0.7398036 -0.0025027795
v -0.1411541 0.6204219 -0.0025027774
v -0.11087733 0.59240466 -0.002502779
v -0.34960866 0.7622407 -0.0025027774
v -0.35022116 0.7691342 -0.0025027767
v -0.34758756 0.76725525 -0.0025027788
v -0.34542936 0.77392685 -0.0025027767
v -0.34181127 0.76516163 -0.0025027788
v -0.3348312 0.7573075 -0.0025027774
v -0.34291515 0.74826825 -0.0025027774
v -0.34355006 0.77152395 -0.0025027774
v -0.33939117 0.77700436 -0.0025027783
v -0.33853602 0.7738534 -0.0025027788
v -0.33269757 0.7780655 -0.0025027767
v -0.33254024 0.7746955 -0.0025027774
v -0.319275 0.7780677 -0.0025027783
v -0.319275 0.7746977 -0.0025027788
v -0.30559203 0.7780701 -0.0025027753
v -0.32644793 0.7666837 -0.0025027788
v -0.30543804 0.7747001 -0.0025027802
v -0.2916011 0.77807236 -0.0025027797
v -0.319275 0.7572506 -0.0025027818
v -0.2916011 0.77470237 -0.0025027788
v -0.27545044 0.77807516 -0.0025027753
v -0.3270531 0.7485556 -0.0025027774
v -0.319275 0.7398036 -0.0025027795
v -0.30543804 0.75743306 -0.0025027788
v -0.27545044 0.77470505 -0.0025027758
v -0.25929978 0.7780778 -0.0025027767
v -0.319275 0.725377 -0.0025027788
v -0.2916011 0.7576155 -0.0025027802
v -0.30543804 0.7398036 -0.0025027795
v -0.25929978 0.7747078 -0.0025027802
v -0.24314915 0.77808046 -0.0025027767
v -0.319275 0.7109505 -0.0025027783
v -0.30543804 0.7255964 -0.0025027788
v -0.27545044 0.7574356 -0.0025027802
v -0.2916011 0.7398036 -0.0025027795
v -0.24314915 0.7747105 -0.0025027774
v -0.22699848 0.77808326 -0.0025027737
v -0.319275 0.69532263 -0.002502779
v -0.30543804 0.7109505 -0.0025027783
v -0.2916011 0.7258159 -0.0025027788
v -0.25929978 0.7572557 -0.0025027818
v -0.27545044 0.7398036 -0.0025027795
v -0.22699848 0.77471316 -0.0025027818
v -0.21310659 0.77808553 -0.0025027767
v -0.319275 0.67969483 -0.0025027788
v -0.30543804 0.69532263 -0.002502779
v -0.2916011 0.7109505 -0.0025027783
v -0.27545044 0.7257916 -0.0025027792
v -0.24314915 0.757257 -0.0025027758
v -0.25929978 0.7398036 -0.0025027795
v -0.21310659 0.77471554 -0.0025027774
v -0.19921468 0.7780878 -0.0025027797
v -0.22699848 0.75725836 -0.0025027802
v -0.24314915 0.7398036 -0.0025027795
v -0.25929976 0.72576725 -0.0025027792
v -0.27545044 0.7109505 -0.0025027783
v -0.19921468 0.7747178 -0.0025027788
v -0.18532278 0.7780902 -0.0025027753
v -0.21310659 0.75725955 -0.0025027774
v -0.22699848 0.7398036 -0.0025027795
v -0.24314912 0.72574294 -0.0025027785
v -0.18532278 0.77472013 -0.0025027788
v -0.17143087 0.7780925 -0.0025027783
v -0.19921468 0.75726074 -0.0025027788
v -0.21310659 0.7398036 -0.0025027795
v -0.17143087 0.7747225 -0.0025027788
v -0.15629248 0.77809507 -0.0025027783
v -0.18532278 0.7572619 -0.0025027802
v -0.15629248 0.77472496 -0.0025027758
v -0.1411541 0.77809757 -0.0025027767
v -0.25929978 0.7109505 -0.0025027783
v -0.22699848 0.7257186 -0.002502778
v -0.19921468 0.7398036 -0.0025027795
v -0.17143087 0.757263 -0.0025027788
v -0.1411541 0.7747275 -0.0025027788
v -0.12601571 0.77810013 -0.0025027767
v -0.24314915 0.7109505 -0.0025027783
v -0.21310659 0.7256977 -0.0025027783
v -0.18532278 0.7398036 -0.0025027795
v -0.22699848 0.7109505 -0.0025027783
v -0.19921468 0.72567683 -0.0025027797
v -0.21310659 0.7109505 -0.0025027783
v -0.12601571 0.77473015 -0.0025027788
v -0.11087733 0.7747326 -0.0025027774
v -0.11087733 0.7781027 -0.0025027767
v -0.09656662 0.7781051 -0.0025027783
v -0.09656662 0.774735 -0.0025027774
v -0.082255915 0.77810746 -0.0025027767
v -0.1411541 0.75726557 -0.0025027774
v -0.11087733 0.7572681 -0.0025027774
v -0.082255915 0.77473736 -0.0025027788
v -0.067945205 0.77810985 -0.0025027783
v -0.12601571 0.7572668 -0.0025027788
v -0.15629248 0.7572643 -0.0025027788
v -0.09656662 0.7572693 -0.0025027774
v -0.1411541 0.7398036 -0.0025027795
v -0.17143087 0.7398036 -0.0025027795
v -0.15629248 0.7398036 -0.0025027795
v -0.18532279 0.725656 -0.0025027783
v -0.18532278 0.7109505 -0.0025027783
v -0.17143087 0.72563505 -0.002502778
v -0.19921468 0.7109505 -0.0025027783
v -0.19921468 0.69532263 -0.002502779
v -0.12601571 0.7398036 -0.0025027795
v -0.1411541 0.72558945 -0.002502778
v -0.15629248 0.7256123 -0.0025027788
v -0.17143087 0.7109505 -0.0025027783
v -0.15629248 0.7109505 -0.0025027783
v -0.17143087 0.69532263 -0.002502779
v -0.18532278 0.69532263 -0.002502779
v -0.11087733 0.7398036 -0.0025027795
v -0.09656662 0.7398036 -0.0025027795
v -0.082255915 0.75727046 -0.0025027774
v -0.067945205 0.77473974 -0.0025027788
v -0.053634502 0.7747421 -0.0025027758
v -0.053634502 0.77811223 -0.0025027783
v -0.067945205 0.7572717 -0.0025027774
v -0.040225863 0.77474445 -0.0025027788
v -0.040225863 0.7781145 -0.0025027797
v -0.026817227 0.7781167 -0.0025027753
v -0.053634502 0.75727284 -0.0025027802
v -0.067945205 0.7398036 -0.0025027795
v -0.082255915 0.7398036 -0.0025027795
v -0.026817227 0.7747466 -0.0025027758
v -0.013408589 0.778119 -0.0025027783
v -0.040225863 0.757274 -0.0025027788
v -0.013408589 0.7747489 -0.0025027774
v 4.7683717E-08 0.7781212 -0.0025027783
v -0.026817227 0.7572751 -0.0025027788
v -0.040225863 0.7398036 -0.0025027788
v -0.053634502 0.7398036 -0.0025027795
v 4.7683717E-08 0.7747511 -0.0025027788
v 0.013408685 0.778119 -0.0025027783
v -0.067945205 0.7254793 -0.0025027785
v -0.013408589 0.75727624 -0.0025027818
v 0.013408685 0.7747489 -0.0025027774
v 0.026817322 0.7781167 -0.0025027753
v 4.7683717E-08 0.7572773 -0.0025027774
v -0.013408589 0.7398036 -0.0025027788
v -0.026817227 0.7398036 -0.0025027788
v -0.040225863 0.7254376 -0.002502778
v 0.026817322 0.7747466 -0.0025027758
v 0.04022596 0.7781145 -0.0025027797
v 0.013408685 0.75727624 -0.0025027818
v -0.053634502 0.7254578 -0.0025027788
v -0.013408589 0.7253972 -0.0025027788
v 4.7683717E-08 0.7398036 -0.0025027795
v 0.013408685 0.7398036 -0.0025027788
v 0.026817322 0.7572751 -0.0025027788
v 0.04022596 0.77474445 -0.0025027788
v -0.026817227 0.72541744 -0.002502778
v -0.040225863 0.7109505 -0.0025027783
v 0.053634595 0.7747421 -0.0025027758
v 0.053634595 0.77811223 -0.0025027783
v 0.0679453 0.77810985 -0.0025027783
v 0.0679453 0.77473974 -0.0025027788
v 0.08225601 0.77810746 -0.0025027767
v 0.08225601 0.77473736 -0.0025027788
v 0.096566714 0.7781051 -0.0025027783
v 0.0679453 0.7572717 -0.0025027774
v 0.053634595 0.75727284 -0.0025027802
v 0.04022596 0.757274 -0.0025027788
v 0.026817322 0.7398036 -0.0025027788
v 0.013408685 0.7253972 -0.0025027788
v 4.7683717E-08 0.725377 -0.0025027788
v -0.013408589 0.7109505 -0.0025027783
v -0.026817227 0.7109505 -0.0025027783
v 0.0679453 0.7398035 -0.002502778
v 0.053634595 0.7398035 -0.002502778
v 0.04022596 0.7398036 -0.0025027795
v 0.026817322 0.72541744 -0.002502778
v 0.013408685 0.7109505 -0.0025027783
v 4.7683717E-08 0.7109505 -0.0025027783
v 0.08225601 0.75727046 -0.0025027774
v 0.096566714 0.774735 -0.0025027774
v 0.11087742 0.7747326 -0.0025027774
v 0.11087742 0.7781027 -0.0025027767
v 0.12601581 0.77810013 -0.0025027767
v 0.12601581 0.77473015 -0.0025027788
v 0.1411542 0.77809757 -0.0025027767
v 0.11087742 0.7572681 -0.0025027774
v 0.096566714 0.7572693 -0.0025027774
v 0.08225601 0.7398036 -0.0025027795
v 0.0679453 0.7254793 -0.0025027785
v 0.053634595 0.7254578 -0.0025027788
v 0.04022596 0.7254376 -0.002502778
v 0.026817322 0.7109505 -0.0025027783
v 0.096566714 0.7398036 -0.0025027795
v 0.08225601 0.72550076 -0.0025027785
v 0.0679453 0.7109505 -0.0025027783
v 0.053634595 0.7109505 -0.0025027783
v 0.04022596 0.7109505 -0.0025027783
v 0.11087742 0.7398036 -0.0025027795
v 0.053634595 0.69532263 -0.002502779
v 0.013408685 0.69532263 -0.002502779
v 0.026817322 0.69532263 -0.002502779
v 4.7683717E-08 0.69532263 -0.002502779
v 0.04022596 0.69532263 -0.002502779
v 0.013408685 0.67969483 -0.0025027788
v -0.013408589 0.69532263 -0.002502779
v -0.026817227 0.69532263 -0.002502779
v -0.013408589 0.67969483 -0.0025027788
v 0.026817322 0.67969483 -0.0025027788
v 4.7683717E-08 0.67969483 -0.0025027788
v -0.040225863 0.69532263 -0.002502779
v 0.013408685 0.664067 -0.002502778
v 0.04022596 0.67969483 -0.0025027788
v 0.026817322 0.664067 -0.002502778
v 0.053634595 0.67969483 -0.0025027788
v -0.026817227 0.67969483 -0.0025027788
v -0.040225863 0.67969483 -0.0025027788
v -0.053634502 0.69532263 -0.002502779
v -0.013408589 0.664067 -0.002502778
v 4.7683717E-08 0.664067 -0.002502778
v 0.013408685 0.6484391 -0.0025027788
v -0.053634502 0.7109505 -0.0025027783
v -0.067945205 0.7109505 -0.0025027783
v -0.067945205 0.69532263 -0.002502779
v -0.082255915 0.72550076 -0.0025027785
v -0.09656662 0.72552234 -0.0025027778
v -0.11087733 0.7255439 -0.0025027785
v -0.09656662 0.7109505 -0.0025027783
v -0.082255915 0.7109505 -0.0025027783
v -0.082255915 0.69532263 -0.002502779
v -0.067945205 0.67969483 -0.0025027788
v -0.12601571 0.7255667 -0.0025027792
v -0.1411541 0.7109505 -0.0025027783
v -0.12601571 0.7109505 -0.0025027783
v -0.15629248 0.69532263 -0.002502779
v -0.1411541 0.69532263 -0.002502779
v -0.11087733 0.7109505 -0.0025027783
v -0.15629248 0.67969483 -0.0025027788
v -0.12601571 0.69532263 -0.002502779
v -0.11087733 0.69532263 -0.002502779
v -0.12601571 0.67969483 -0.0025027788
v -0.17143087 0.67969483 -0.0025027788
v -0.1411541 0.67969483 -0.0025027788
v -0.09656662 0.69532263 -0.002502779
v -0.09656662 0.67969483 -0.0025027788
v -0.11087733 0.67969483 -0.0025027788
v -0.082255915 0.67969483 -0.0025027788
v -0.15629248 0.664067 -0.002502778
v -0.12601571 0.664067 -0.002502778
v -0.09656662 0.664067 -0.002502778
v -0.1411541 0.664067 -0.002502778
v -0.11087733 0.664067 -0.002502778
v -0.12601571 0.6484391 -0.0025027788
v -0.067945205 0.664067 -0.002502778
v -0.082255915 0.664067 -0.002502778
v -0.09656662 0.6484391 -0.0025027788
v -0.11087733 0.6484391 -0.0025027788
v -0.053634502 0.67969483 -0.0025027788
v -0.040225863 0.664067 -0.002502778
v -0.053634502 0.664067 -0.002502778
v -0.067945205 0.6484391 -0.0025027788
v -0.026817227 0.664067 -0.002502778
v -0.040225863 0.6484391 -0.0025027788
v -0.013408589 0.6484391 -0.0025027788
v -0.082255915 0.6484391 -0.0025027788
v -0.082255915 0.6204219 -0.0025027774
v -0.053634502 0.6484391 -0.0025027788
v -0.053634502 0.6204219 -0.0025027774
v -0.026817227 0.6484391 -0.0025027788
v -0.026817227 0.6204219 -0.0025027774
v 4.7683717E-08 0.6484391 -0.0025027788
v 4.7683717E-08 0.6204219 -0.0025027774
v -0.11087733 0.6204219 -0.0025027774
v -0.026817227 0.59240466 -0.002502779
v -0.053634502 0.59240466 -0.002502779
v 4.7683717E-08 0.59240466 -0.002502779
v -0.082255915 0.59240466 -0.002502779
v 0.026817322 0.59240466 -0.002502779
v 0.026817322 0.6204219 -0.0025027774
v 0.053634595 0.59240466 -0.002502779
v -0.1411541 0.6484391 -0.0025027788
v -0.15629248 0.6484391 -0.0025027788
v -0.17143087 0.664067 -0.002502778
v -0.17143087 0.6484391 -0.0025027788
v -0.18532278 0.6484391 -0.0025027788
v -0.18532278 0.67969483 -0.0025027788
v -0.18532278 0.664067 -0.002502778
v -0.19921468 0.6484391 -0.0025027788
v -0.19921468 0.67969483 -0.0025027788
v -0.19921468 0.664067 -0.002502778
v -0.21310659 0.6484391 -0.0025027788
v -0.21310659 0.69532263 -0.002502779
v -0.21310659 0.67969483 -0.0025027788
v -0.21310659 0.664067 -0.002502778
v -0.22699848 0.6484391 -0.0025027788
v -0.22699848 0.69532263 -0.002502779
v -0.22699848 0.67969483 -0.0025027788
v -0.22699848 0.664067 -0.002502778
v -0.24314915 0.6484391 -0.0025027788
v -0.24314915 0.69532263 -0.002502779
v -0.24314915 0.664067 -0.002502778
v -0.24314915 0.67969483 -0.0025027788
v -0.25929978 0.69532263 -0.002502779
v -0.25929978 0.664067 -0.002502778
v -0.25929978 0.67969483 -0.0025027788
v -0.25929978 0.6484391 -0.0025027788
v -0.27545044 0.6484391 -0.0025027788
v -0.27545044 0.69532263 -0.002502779
v -0.27545044 0.67969483 -0.0025027788
v -0.27545044 0.664067 -0.002502778
v -0.2916011 0.6484391 -0.0025027788
v -0.2916011 0.69532263 -0.002502779
v -0.2916011 0.67969483 -0.0025027788
v -0.2916011 0.664067 -0.002502778
v -0.30543804 0.6484391 -0.0025027788
v -0.30543804 0.67969483 -0.0025027788
v -0.30543804 0.664067 -0.002502778
v -0.319275 0.6484391 -0.0025027788
v -0.319275 0.664067 -0.002502778
v 0.35434282 0.59240466 0.0025000002
v 0.35434282 0.59240466 -0.0025027767
v 0.3543428 0.571935 -0.0025027767
v 0.3543428 0.571935 0.0025000002
v -0.35435772 0.59240466 -0.0025027767
v -0.35435772 0.59240466 0.0025000002
v -0.35435778 0.571935 0.0025000002
v -0.35435778 0.571935 -0.0025027767
v -0.35435778 0.571935 0.0025000002
v -0.35435772 0.59240466 0.0025000002
v -0.35048634 0.59240466 0.0025000002
v -0.35048637 0.571935 0.0025000002
v -0.32104376 0.5724909 0.0025000002
v -0.31927875 0.59240466 0.0025000002
v -0.29160115 0.5730468 0.0025000002
v -0.2916011 0.59240466 0.0025000002
v -0.25929984 0.57390845 0.0025000002
v -0.25929978 0.59240466 0.0025000002
v -0.22699852 0.5747701 0.0025000002
v -0.22699848 0.59240466 0.0025000002
v -0.19921473 0.5745775 0.0025000002
v -0.19921468 0.59240466 0.0025000002
v -0.17143093 0.574385 0.0025000002
v -0.17143087 0.59240466 0.0025000002
v -0.14115416 0.574296 0.0025000002
v -0.1411541 0.59240466 0.0025000002
v -0.11087737 0.5742071 0.0025000002
v -0.11087733 0.59240466 0.0025000002
v -0.08225596 0.5736166 0.0025000002
v -0.082255915 0.59240466 0.0025000002
v -0.05363455 0.573026 0.0025000002
v -0.053634502 0.59240466 0.0025000002
v -0.026817275 0.5724948 0.0025000002
v -0.026817227 0.59240466 0.0025000002
v -5.752154E-18 0.5719636 0.0025000002
v 4.7683717E-08 0.59240466 0.0025000002
v 0.026817275 0.5715464 0.0025000002
v 0.026817322 0.59240466 0.0025000002
v 0.05363455 0.57112914 0.0025000002
v 0.053634595 0.59240466 0.0025000002
v 0.08225596 0.5713447 0.0025000002
v 0.08225601 0.59240466 0.0025000002
v 0.11087737 0.5715602 0.0025000002
v 0.11087742 0.59240466 0.0025000002
v 0.14115416 0.5712102 0.0025000002
v 0.1411542 0.59240466 0.0025000002
v 0.17143093 0.5708602 0.0025000002
v 0.17143099 0.59240466 0.0025000002
v 0.19921473 0.57091886 0.0025000002
v 0.19921477 0.59240466 0.0025000002
v 0.22699852 0.5709776 0.0025000002
v 0.22699857 0.59240466 0.0025000002
v 0.25929984 0.5713002 0.0025000002
v 0.25929987 0.59240466 0.0025000002
v 0.29160115 0.57162285 0.0025000002
v 0.29160118 0.59240466 0.0025000002
v 0.31930003 0.5717789 0.0025000002
v 0.3192751 0.59240466 0.0025000002
v 0.3504714 0.571935 0.0025000002
v 0.35047147 0.59240466 0.0025000002
v 0.35434282 0.59240466 0.0025000002
v 0.3543428 0.571935 0.0025000002
v 0.3543428 0.571935 -0.0025027767
v 0.35434282 0.59240466 -0.0025027767
v 0.35047147 0.59240466 -0.002502779
v 0.3504714 0.571935 -0.002502779
v 0.3192751 0.59240466 -0.002502779
v 0.31930003 0.5717789 -0.002502779
v 0.29160115 0.57162285 -0.002502779
v 0.29160118 0.59240466 -0.002502779
v 0.25929984 0.5713002 -0.002502779
v 0.25929987 0.59240466 -0.002502779
v 0.22699852 0.5709776 -0.002502779
v 0.22699857 0.59240466 -0.002502779
v 0.19921473 0.57091886 -0.002502779
v 0.19921477 0.59240466 -0.002502779
v 0.17143093 0.5708602 -0.002502779
v 0.17143098 0.59240466 -0.002502779
v 0.14115416 0.5712102 -0.002502779
v 0.1411542 0.59240466 -0.002502779
v 0.11087737 0.5715602 -0.002502779
v 0.11087742 0.59240466 -0.002502779
v 0.08225596 0.5713447 -0.002502779
v 0.08225601 0.59240466 -0.002502779
v 0.05363455 0.57112914 -0.002502779
v 0.053634595 0.59240466 -0.002502779
v 0.026817275 0.5715464 -0.002502779
v 0.026817322 0.59240466 -0.002502779
v 4.7683717E-08 0.59240466 -0.002502779
v -1.9904979E-18 0.5719636 -0.002502779
v -0.026817227 0.59240466 -0.002502779
v -0.026817275 0.5724948 -0.002502779
v -0.05363455 0.573026 -0.002502779
v -0.053634502 0.59240466 -0.002502779
v -0.08225596 0.5736166 -0.002502779
v -0.082255915 0.59240466 -0.002502779
v -0.11087737 0.5742071 -0.002502779
v -0.11087733 0.59240466 -0.002502779
v -0.14115416 0.574296 -0.002502779
v -0.1411541 0.59240466 -0.002502779
v -0.17143093 0.574385 -0.002502779
v -0.17143087 0.59240466 -0.002502779
v -0.19921468 0.59240466 -0.002502779
v -0.19921473 0.5745775 -0.002502779
v -0.22699852 0.5747701 -0.002502779
v -0.22699848 0.59240466 -0.002502779
v -0.25929984 0.57390845 -0.002502779
v -0.25929978 0.59240466 -0.002502779
v -0.29160115 0.5730468 -0.002502779
v -0.2916011 0.59240466 -0.002502779
v -0.32104376 0.5724909 -0.002502779
v -0.31927875 0.59240466 -0.002502779
v -0.35048637 0.571935 -0.002502779
v -0.35048634 0.59240466 -0.002502779
v -0.35435772 0.59240466 -0.0025027767
v -0.35435778 0.571935 -0.0025027767
v 0.3504714 0.571935 -0.002502779
v 0.3543428 0.571935 0.0025000002
v 0.3543428 0.571935 -0.0025027767
v 0.3504714 0.571935 0.0025000002
v 0.31930003 0.5717789 0.0025000002
v 0.31930003 0.5717789 -0.002502779
v 0.29160115 0.57162285 -0.002502779
v 0.29160115 0.57162285 0.0025000002
v 0.25929984 0.5713002 0.0025000002
v 0.25929984 0.5713002 -0.002502779
v 0.22699852 0.5709776 -0.002502779
v 0.22699852 0.5709776 0.0025000002
v 0.19921473 0.57091886 0.0025000002
v 0.19921473 0.57091886 -0.002502779
v 0.17143093 0.5708602 -0.002502779
v 0.17143093 0.5708602 0.0025000002
v 0.14115416 0.5712102 0.0025000002
v 0.14115416 0.5712102 -0.002502779
v 0.11087737 0.5715602 -0.002502779
v 0.11087737 0.5715602 0.0025000002
v 0.08225596 0.5713447 0.0025000002
v 0.08225596 0.5713447 -0.002502779
v 0.05363455 0.57112914 -0.002502779
v 0.05363455 0.57112914 0.0025000002
v 0.026817275 0.5715464 0.0025000002
v 0.026817275 0.5715464 -0.002502779
v -5.752154E-18 0.5719636 0.0025000002
v -1.9904979E-18 0.5719636 -0.002502779
v -0.026817275 0.5724948 0.0025000002
v -0.026817275 0.5724948 -0.002502779
v -0.05363455 0.573026 0.0025000002
v -0.05363455 0.573026 -0.002502779
v -0.08225596 0.5736166 0.0025000002
v -0.08225596 0.5736166 -0.002502779
v -0.11087737 0.5742071 0.0025000002
v -0.11087737 0.5742071 -0.002502779
v -0.14115416 0.574296 0.0025000002
v -0.14115416 0.574296 -0.002502779
v -0.17143093 0.574385 0.0025000002
v -0.17143093 0.574385 -0.002502779
v -0.19921473 0.5745775 0.0025000002
v -0.19921473 0.5745775 -0.002502779
v -0.22699852 0.5747701 0.0025000002
v -0.22699852 0.5747701 -0.002502779
v -0.25929984 0.57390845 0.0025000002
v -0.25929984 0.57390845 -0.002502779
v -0.29160115 0.5730468 0.0025000002
v -0.29160115 0.5730468 -0.002502779
v -0.32104376 0.5724909 0.0025000002
v -0.32104376 0.5724909 -0.002502779
v -0.35048637 0.571935 0.0025000002
v -0.35048637 0.571935 -0.002502779
v -0.35435778 0.571935 -0.0025027767
v -0.35435778 0.571935 0.0025000002
v -0.35048637 -0.52329195 0.002502779
v -0.35435778 -0.561808 0.0025027767
v -0.35435778 -0.52329195 0.0025027767
v -0.35048646 -0.56165093 0.002502779
v -0.35329756 -0.5685019 0.0025027771
v -0.29220292 -0.58014387 0.0025027795
v -0.29220292 -0.52329195 0.002502779
v -0.34959504 -0.56752133 0.0025027795
v -0.3502207 -0.57454056 0.0025027771
v -0.17143093 -0.5801432 0.0025027788
v -0.17143093 -0.5232919 0.002502779
v -0.33253875 -0.5801441 0.0025027792
v -0.3470426 -0.5725218 0.0025027792
v -0.3454284 -0.5793328 0.0025027771
v -0.33805296 -0.5790633 0.0025027795
v -0.3432909 -0.57651085 0.002502779
v -0.33938977 -0.58240974 0.0025027774
v -0.33269584 -0.58347 0.002502777
v -0.29220292 -0.5834701 0.0025027762
v -0.17143093 -0.5834706 0.0025027774
v -0 -0.58347124 0.0025027767
v -0 -0.58014226 0.0025027797
v -0 -0.5232918 0.002502779
v 0.17143093 -0.5834706 0.0025027774
v 0.17143093 -0.5801432 0.0025027788
v 0.17143093 -0.52329195 0.002502779
v 0.29220292 -0.5834701 0.0025027762
v 0.29220292 -0.58014387 0.0025027795
v 0.29220292 -0.52329195 0.002502779
v 0.33268085 -0.58347 0.002502777
v 0.35047135 -0.52329195 0.002502779
v 0.3325238 -0.5801441 0.0025027792
v 0.33937475 -0.58240974 0.0025027774
v 0.35047147 -0.56165093 0.002502779
v 0.3543428 -0.52329195 0.0025027767
v 0.3543428 -0.561808 0.0025027767
v 0.33803803 -0.57906336 0.0025027792
v 0.34541342 -0.5793328 0.0025027771
v 0.34958008 -0.56752133 0.0025027795
v 0.35328254 -0.5685019 0.0025027771
v 0.34702766 -0.57252187 0.002502779
v 0.35020572 -0.57454056 0.0025027771
v 0.343276 -0.576511 0.002502779
v 0.35047135 -0.52329195 -0.002502779
v 0.3543428 -0.561808 -0.0025027764
v 0.3543428 -0.52329195 -0.0025027767
v 0.3504715 -0.56165093 -0.002502779
v 0.35328254 -0.5685019 -0.0025027762
v 0.29220292 -0.58014387 -0.002502778
v 0.29220292 -0.52329195 -0.002502779
v 0.34958008 -0.56752133 -0.0025027785
v 0.35020572 -0.57454056 -0.0025027767
v 0.17143092 -0.5801432 -0.0025027792
v 0.17143093 -0.52329195 -0.002502779
v -2.3773811E-05 -0.5801424 -0.0025027788
v 0.043942526 -0.52329195 -0.002502779
v -0 -0.52329195 -0.002502779
v -0.043942526 -0.52329195 -0.002502779
v 0.3325238 -0.5801441 -0.0025027783
v 0.34702766 -0.57252187 -0.0025027785
v 0.34541342 -0.5793328 -0.0025027767
v 0.33803803 -0.57906336 -0.002502779
v 0.343276 -0.5765109 -0.002502779
v 0.33937475 -0.58240974 -0.002502777
v 0.33268085 -0.58347 -0.0025027767
v 0.29220292 -0.5834701 -0.0025027755
v 0.17143093 -0.5834706 -0.002502776
v -0 -0.58347124 -0.0025027767
v -0.17143093 -0.5834706 -0.002502776
v -0.17143093 -0.5801433 -0.0025027788
v -0.29220292 -0.5834701 -0.0025027755
v -0.29220292 -0.58014387 -0.0025027792
v -0.17143093 -0.52329195 -0.002502779
v -0.29220292 -0.52329195 -0.002502779
v -0.33269584 -0.58347 -0.0025027767
v -0.35048637 -0.52329195 -0.002502779
v -0.33253875 -0.5801441 -0.0025027783
v -0.33938977 -0.58240974 -0.002502777
v -0.3504865 -0.56165093 -0.002502779
v -0.35435778 -0.52329195 -0.0025027767
v -0.35435778 -0.561808 -0.0025027764
v -0.33805296 -0.5790633 -0.0025027778
v -0.3454284 -0.5793328 -0.0025027767
v -0.34959504 -0.56752133 -0.0025027785
v -0.35329756 -0.5685019 -0.0025027762
v -0.3432909 -0.57651085 -0.0025027785
v -0.3502207 -0.57454056 -0.0025027767
v -0.3470426 -0.5725218 -0.0025027783
v 0.3543428 -0.561808 0.0025027767
v 0.3543428 -0.52329195 0.0025027767
v 0.3543428 -0.52329195 -0.0025027767
v 0.3543428 -0.561808 -0.0025027764
v 0.35328254 -0.5685019 -0.0025027762
v 0.35328254 -0.5685019 0.0025027771
v 0.35020572 -0.57454056 -0.0025027767
v 0.35020572 -0.57454056 0.0025027771
v 0.34541342 -0.5793328 -0.0025027767
v 0.34541342 -0.5793328 0.0025027771
v 0.33937475 -0.58240974 -0.002502777
v 0.33937475 -0.58240974 0.0025027774
v 0.33268085 -0.58347 -0.0025027767
v 0.33268085 -0.58347 0.002502777
v 0.29220292 -0.5834701 0.0025027762
v 0.29220292 -0.5834701 -0.0025027755
v 0.17143093 -0.5834706 0.0025027774
v 0.17143093 -0.5834706 -0.002502776
v -0 -0.58347124 0.0025027767
v -0 -0.58347124 -0.0025027767
v -0.17143093 -0.5834706 -0.002502776
v -0.17143093 -0.5834706 0.0025027774
v -0.29220292 -0.5834701 0.0025027762
v -0.29220292 -0.5834701 -0.0025027755
v -0.33269584 -0.58347 0.002502777
v -0.33269584 -0.58347 -0.0025027767
v -0.33938977 -0.58240974 -0.002502777
v -0.33938977 -0.58240974 0.0025027774
v -0.3454284 -0.5793328 -0.0025027767
v -0.3454284 -0.5793328 0.0025027771
v -0.3502207 -0.57454056 -0.0025027767
v -0.3502207 -0.57454056 0.0025027771
v -0.35329756 -0.5685019 -0.0025027762
v -0.35329756 -0.5685019 0.0025027771
v -0.35435778 -0.561808 -0.0025027764
v -0.35435778 -0.561808 0.0025027767
v -0.35435778 -0.52329195 0.0025027767
v -0.35435778 -0.52329195 -0.0025027767
v -0.3543578 0.55395496 0.0025000002
v -0.3543578 0.5719349 0.0025000002
v -0.35048637 0.5719349 0.0025000002
v -0.35048637 0.55395496 0.0025000002
v -0.32104376 0.5724908 0.0025000002
v -0.29160115 0.55395496 0.0025000002
v -0.29160115 0.5730467 0.0025000002
v -0.25929984 0.5739084 0.0025000002
v -0.22699852 0.55395496 0.0025000002
v -0.22699852 0.57477003 0.0025000002
v -0.19921473 0.5745775 0.0025000002
v -0.17143093 0.55395496 0.0025000002
v -0.17143093 0.57438487 0.0025000002
v -0.14115416 0.57429594 0.0025000002
v -0.11087737 0.55395496 0.0025000002
v -0.11087737 0.57420707 0.0025000002
v -0.08225596 0.5736165 0.0025000002
v -0.05363455 0.55395496 0.0025000002
v -0.05363455 0.57302594 0.0025000002
v -0.026817275 0.57249475 0.0025000002
v -2.7755576E-18 0.55395496 0.0025000002
v -5.551115E-18 0.5719635 0.0025000002
v 0.026817275 0.5715463 0.0025000002
v 0.05363455 0.55395496 0.0025000002
v 0.05363455 0.5711291 0.0025000002
v 0.08225596 0.5713446 0.0025000002
v 0.11087737 0.55395496 0.0025000002
v 0.11087737 0.5715601 0.0025000002
v 0.14115416 0.5712101 0.0025000002
v 0.17143093 0.55395496 0.0025000002
v 0.17143093 0.5708601 0.0025000002
v 0.19921473 0.5709188 0.0025000002
v 0.22699852 0.55395496 0.0025000002
v 0.22699852 0.5709775 0.0025000002
v 0.25929984 0.5713002 0.0025000002
v 0.29160115 0.55395496 0.0025000002
v 0.29160115 0.5716228 0.0025000002
v 0.31930003 0.57177883 0.0025000002
v 0.3504714 0.55395496 0.0025000002
v 0.3504714 0.5719349 0.0025000002
v 0.3543428 0.5719349 0.0025000002
v 0.3543428 0.55395496 0.0025000002
v 0.3543428 0.55395496 -0.0025027767
v 0.3543428 0.5719349 -0.0025027767
v 0.3504714 0.5719349 -0.002502779
v 0.3504714 0.55395496 -0.002502779
v 0.31930003 0.57177883 -0.002502779
v 0.29160115 0.55395496 -0.002502779
v 0.29160115 0.5716228 -0.002502779
v 0.25929984 0.5713002 -0.002502779
v 0.22699852 0.55395496 -0.002502779
v 0.22699852 0.5709775 -0.002502779
v 0.19921473 0.5709188 -0.002502779
v 0.17143093 0.55395496 -0.002502779
v 0.17143093 0.5708601 -0.002502779
v 0.14115416 0.5712101 -0.002502779
v 0.11087737 0.55395496 -0.002502779
v 0.11087737 0.5715601 -0.002502779
v 0.08225596 0.5713446 -0.002502779
v 0.053634554 0.55395496 -0.002502779
v 0.05363455 0.5711291 -0.002502779
v 0.043942537 0.55395496 -0.002502779
v 0.026817275 0.5715463 -0.002502779
v -2.7755576E-18 0.55395496 -0.002502779
v -5.551115E-18 0.5719635 -0.002502779
v -0.026817275 0.57249475 -0.002502779
v -0.043942526 0.55395496 -0.002502779
v -0.05363455 0.57302594 -0.002502779
v -0.05363455 0.55395496 -0.002502779
v -0.08225596 0.5736165 -0.002502779
v -0.11087737 0.55395496 -0.002502779
v -0.11087737 0.57420707 -0.002502779
v -0.14115416 0.57429594 -0.002502779
v -0.17143093 0.55395496 -0.002502779
v -0.17143093 0.57438487 -0.002502779
v -0.19921473 0.5745775 -0.002502779
v -0.22699852 0.55395496 -0.002502779
v -0.22699852 0.57477003 -0.002502779
v -0.25929984 0.5739084 -0.002502779
v -0.29160112 0.55395496 -0.002502779
v -0.29160115 0.5730467 -0.002502779
v -0.32104376 0.5724908 -0.002502779
v -0.35048637 0.55395496 -0.002502779
v -0.35048637 0.5719349 -0.002502779
v -0.3543578 0.5719349 -0.0025027767
v -0.3543578 0.55395496 -0.0025027767
v 0.3543428 0.5719349 -0.0025027767
v 0.3543428 0.55395496 -0.0025027767
v 0.3543428 0.55395496 -1.3883226E-06
v 0.3543428 0.5719349 -1.3883226E-06
v 0.3543428 0.5719349 0.0025000002
v 0.3543428 0.55395496 0.0025000002
v -0.3543578 0.55395496 -1.3883226E-06
v -0.3543578 0.55395496 -0.0025027767
v -0.3543578 0.5719349 -0.0025027767
v -0.3543578 0.5719349 -1.3883226E-06
v -0.3543578 0.5719349 0.0025000002
v -0.3543578 0.55395496 0.0025000002
v -0.33621964 0.5314517 0.0013485275
v -0.32709926 0.42541242 0.0012937431
v -0.2924783 0.42541242 0.0021534998
v -0.29247835 0.5314517 0.0022446911
v -0.22773965 0.42541242 0.0021534998
v -0.3463057 0.5539417 0.0004202388
v -0.22773969 0.5314517 0.0022446911
v -0.17130041 0.42541242 0.0021534998
v -0.29072267 0.5539417 0.00069950876
v -0.17130046 0.53145176 0.0022446928
v -0.11111613 0.42541242 0.0021534998
v -0.22680727 0.5539417 0.00069950876
v -0.11111616 0.5314517 0.0022446911
v -0.054468013 0.42541242 0.0021534998
v -0.17082278 0.5539417 0.0006995089
v -0.054468025 0.5314517 0.0022446911
v -1.5179303E-07 0.42541242 0.0021534998
v -0.110495664 0.5539417 0.00069950876
v -9.161191E-08 0.5314517 0.0022446911
v 0.054468013 0.42541242 0.0021534998
v -0.053200155 0.5539417 0.00069950876
v 0.054468025 0.5314517 0.0022446911
v 0.11111613 0.42541242 0.0021534998
v 3.0070442E-08 0.5539417 0.00069950876
v 0.11111616 0.5314517 0.0022446911
v 0.17130041 0.42541242 0.0021534998
v 0.053257197 0.5539417 0.00069950876
v 0.17130046 0.5314517 0.0022446911
v 0.22773965 0.42541242 0.0021534998
v 0.11061348 0.5539417 0.00069950876
v 0.22773969 0.5314517 0.0022446911
v 0.2924783 0.42541242 0.0021534998
v 0.17106785 0.5539417 0.00069950876
v 0.29247835 0.5314517 0.0022446911
v 0.22716354 0.5539417 0.00069950876
v 0.33620548 0.53145176 0.0013485277
v 0.32708558 0.42541242 0.0012937431
v 0.33620545 0.5314517 -0.0013485276
v 0.32708558 0.42541242 -0.0012937431
v 0.34629115 0.5539417 -0.0004202388
v 0.29095864 0.5539417 0.00069950876
v 0.34629115 0.5539417 0.0004202388
v 0.3530999 0.5719349 8.710743E-17
v 0.3530743 0.5719349 0.0012459597
v 0.34881747 0.5719034 0.0013294484
v 0.31925437 0.57177883 0.0016599607
v 0.29160115 0.5716228 0.002073962
v 0.25929984 0.5713002 0.002073962
v 0.22699852 0.5709775 0.002073962
v 0.19921473 0.5709188 0.002073962
v 0.17143093 0.5708601 0.002073962
v 0.14115416 0.5712101 0.002073962
v 0.11087737 0.5715601 0.002073962
v 0.08225596 0.5713446 0.002073962
v 0.05363455 0.5711291 0.002073962
v 0.026817275 0.5715463 0.002073962
v -5.551115E-18 0.5719635 0.002073962
v -0.026817275 0.57249475 0.002073962
v -0.05363455 0.57302594 0.002073962
v -0.08225596 0.5736165 0.002073962
v -0.11087737 0.57420707 0.002073962
v -0.14115416 0.57429594 0.002073962
v -0.17143093 0.57438487 0.002073962
v -0.19921473 0.5745775 0.002073962
v -0.22699852 0.57477003 0.002073962
v -0.25929984 0.5739084 0.002073962
v -0.29160115 0.5730467 0.002073962
v -0.3210513 0.5724908 0.0016599607
v -0.3487257 0.57203436 0.0013200509
v -0.35311645 0.5719349 0.0012459595
v -0.35311493 0.5719349 8.080812E-17
v -0.33621964 0.5314517 0.0013485275
v -0.32709926 0.42541242 -0.0012937431
v -0.32709926 0.42541242 0.0012937431
v -0.33621964 0.53145176 -0.0013485276
v -0.3463057 0.5539417 0.0004202388
v -0.2924783 0.42541242 -0.0021535011
v -0.34630567 0.5539417 -0.0004202388
v -0.35311493 0.5719349 8.080812E-17
v -0.35311645 0.5719349 -0.0012459595
v -0.3487257 0.5720606 -0.0013395594
v -0.3210513 0.5724908 -0.0016599607
v -0.29072264 0.5539417 -0.00069950876
v -0.29160115 0.5730467 -0.002073962
v -0.25929984 0.5739084 -0.002073962
v -0.29247835 0.5314517 -0.0022446928
v -0.22680727 0.5539417 -0.00069950876
v -0.22699852 0.57477003 -0.002073962
v -0.19921473 0.5745775 -0.002073962
v -0.22773969 0.5314517 -0.0022446928
v -0.22773965 0.42541242 -0.0021535011
v -0.17082278 0.5539417 -0.00069950876
v -0.17143093 0.57438487 -0.002073962
v -0.14115416 0.57429594 -0.002073962
v -0.17130044 0.5314517 -0.0022446928
v -0.17130041 0.42541242 -0.0021535011
v -0.110495664 0.5539417 -0.00069950876
v -0.11087737 0.57420707 -0.002073962
v -0.08225596 0.5736165 -0.002073962
v -0.11111616 0.5314517 -0.0022446928
v -0.11111613 0.42541242 -0.0021535011
v -0.053200155 0.5539417 -0.00069950876
v -0.05363455 0.57302594 -0.002073962
v -0.026817275 0.57249475 -0.002073962
v -0.054468025 0.5314517 -0.0022446928
v -0.054468013 0.42541242 -0.0021535011
v 3.007043E-08 0.5539417 -0.0006995089
v -5.551115E-18 0.5719635 -0.002073962
v 0.026817275 0.5715463 -0.002073962
v -9.161191E-08 0.5314517 -0.0022446928
v -1.5179303E-07 0.42541242 -0.0021535011
v 0.053257197 0.5539417 -0.00069950876
v 0.05363455 0.5711291 -0.002073962
v 0.08225596 0.5713446 -0.002073962
v 0.054468025 0.5314517 -0.0022446928
v 0.054468013 0.42541242 -0.0021535011
v 0.11061348 0.5539417 -0.00069950876
v 0.11087737 0.5715601 -0.002073962
v 0.14115416 0.5712101 -0.002073962
v 0.11111616 0.5314517 -0.0022446928
v 0.11111613 0.42541242 -0.0021535011
v 0.17106785 0.5539417 -0.00069950876
v 0.17143093 0.5708601 -0.002073962
v 0.19921473 0.5709188 -0.002073962
v 0.17130046 0.5314517 -0.0022446928
v 0.17130041 0.42541242 -0.0021535011
v 0.22716354 0.5539417 -0.00069950876
v 0.22699852 0.5709775 -0.002073962
v 0.25929984 0.5713002 -0.002073962
v 0.22773969 0.5314517 -0.0022446928
v 0.22773965 0.42541242 -0.0021535011
v 0.29095864 0.5539417 -0.00069950876
v 0.29160115 0.5716228 -0.002073962
v 0.31925437 0.57177883 -0.0016599607
v 0.29247835 0.5314517 -0.0022446928
v 0.2924783 0.42541242 -0.0021535011
v 0.34629115 0.5539417 -0.0004202388
v 0.34878144 0.5718907 -0.0013632881
v 0.3530743 0.5719349 -0.0012459597
v 0.3530999 0.5719349 8.710743E-17
v 0.33620545 0.5314517 -0.0013485276
v 0.32708558 0.42541242 -0.0012937431
v 0.053634595 0.6204219 -0.0025027774
v 0.08225601 0.59240466 -0.002502779
v 0.08225601 0.6204219 -0.0025027774
v 0.11087742 0.59240466 -0.002502779
v 0.11087742 0.6204219 -0.0025027774
v 0.1411542 0.59240466 -0.002502779
v 0.1411542 0.6204219 -0.0025027774
v 0.17143098 0.59240466 -0.002502779
v 0.17143098 0.6204219 -0.0025027774
v 0.19921477 0.59240466 -0.002502779
v 0.04022596 0.6484391 -0.0025027788
v 0.026817322 0.6484391 -0.0025027788
v 0.04022596 0.664067 -0.002502778
v 0.053634595 0.6484391 -0.0025027788
v 0.053634595 0.664067 -0.002502778
v 0.0679453 0.6484391 -0.0025027788
v 0.0679453 0.664067 -0.002502778
v 0.0679453 0.67969483 -0.0025027788
v 0.0679453 0.69532263 -0.002502779
v 0.08225601 0.7109505 -0.0025027783
v 0.08225601 0.69532263 -0.002502779
v 0.08225601 0.67969483 -0.0025027788
v 0.08225601 0.664067 -0.002502778
v 0.08225601 0.6484391 -0.0025027788
v 0.096566714 0.72552234 -0.0025027778
v 0.096566714 0.7109505 -0.0025027783
v 0.11087742 0.7255439 -0.0025027795
v 0.096566714 0.69532263 -0.002502779
v 0.096566714 0.6484391 -0.0025027788
v 0.096566714 0.664067 -0.002502778
v 0.096566714 0.67969483 -0.0025027788
v 0.11087742 0.6484391 -0.0025027788
v 0.11087742 0.664067 -0.002502778
v 0.12601581 0.6484391 -0.0025027788
v 0.11087742 0.67969483 -0.0025027788
v 0.11087742 0.69532263 -0.002502779
v 0.12601581 0.664067 -0.002502778
v 0.11087742 0.7109505 -0.0025027783
v 0.12601581 0.67969483 -0.0025027788
v 0.12601581 0.69532263 -0.002502779
v 0.12601581 0.7109505 -0.0025027783
v 0.12601581 0.7255667 -0.0025027788
v 0.12601581 0.7398036 -0.0025027795
v 0.12601581 0.7572668 -0.0025027788
v 0.1411542 0.7747275 -0.0025027788
v 0.1411542 0.75726557 -0.0025027774
v 0.15629259 0.77472496 -0.0025027758
v 0.15629259 0.77809507 -0.0025027783
v 0.1411542 0.7398036 -0.0025027795
v 0.1411542 0.72558945 -0.002502778
v 0.1411542 0.7109505 -0.0025027783
v 0.15629259 0.7572643 -0.0025027788
v 0.17143098 0.7747225 -0.0025027788
v 0.17143098 0.7780925 -0.0025027783
v 0.15629259 0.7398036 -0.0025027795
v 0.17143098 0.757263 -0.0025027788
v 0.18532287 0.77472013 -0.0025027788
v 0.18532287 0.7780902 -0.0025027753
v 0.1411542 0.69532263 -0.002502779
v 0.15629259 0.7256123 -0.0025027788
v 0.17143098 0.7398036 -0.0025027795
v 0.18532287 0.7572619 -0.0025027802
v 0.19921477 0.7747178 -0.0025027788
v 0.19921477 0.7780878 -0.0025027797
v 0.1411542 0.67969483 -0.0025027788
v 0.17143098 0.72563505 -0.002502778
v 0.18532287 0.7398036 -0.0025027795
v 0.19921477 0.75726074 -0.0025027788
v 0.21310668 0.77471554 -0.0025027774
v 0.21310668 0.77808553 -0.0025027753
v 0.1411542 0.664067 -0.002502778
v 0.18532288 0.725656 -0.0025027783
v 0.19921477 0.7398036 -0.0025027795
v 0.21310668 0.75725955 -0.0025027774
v 0.22699857 0.77471316 -0.0025027818
v 0.22699857 0.77808315 -0.0025027767
v 0.19921479 0.72567683 -0.0025027797
v 0.18532287 0.7109505 -0.0025027783
v 0.21310668 0.7398035 -0.002502778
v 0.22699857 0.75725836 -0.0025027802
v 0.24314924 0.7747105 -0.0025027774
v 0.24314924 0.77808046 -0.0025027767
v 0.17143098 0.7109505 -0.0025027783
v 0.15629259 0.7109505 -0.0025027783
v 0.17143098 0.69532263 -0.002502779
v 0.15629259 0.69532263 -0.002502779
v 0.15629259 0.67969483 -0.0025027788
v 0.24314924 0.757257 -0.0025027758
v 0.17143098 0.67969483 -0.0025027788
v 0.18532287 0.69532263 -0.002502779
v 0.18532287 0.67969483 -0.0025027788
v 0.19921477 0.7109505 -0.0025027783
v 0.19921477 0.69532263 -0.002502779
v 0.21310668 0.7109505 -0.0025027783
v 0.21310668 0.7256977 -0.0025027783
v 0.17143098 0.664067 -0.002502778
v 0.18532287 0.664067 -0.002502778
v 0.19921477 0.67969483 -0.0025027788
v 0.21310668 0.69532263 -0.002502779
v 0.15629259 0.664067 -0.002502778
v 0.1411542 0.6484391 -0.0025027788
v 0.15629259 0.6484391 -0.0025027788
v 0.17143098 0.6484391 -0.0025027788
v 0.18532287 0.6484391 -0.0025027788
v 0.19921477 0.664067 -0.002502778
v 0.19921477 0.6204219 -0.0025027774
v 0.22699857 0.6204219 -0.0025027774
v 0.22699857 0.59240466 -0.002502779
v 0.25929987 0.59240466 -0.002502779
v 0.19921477 0.6484391 -0.0025027788
v 0.21310668 0.67969483 -0.0025027788
v 0.21310668 0.6484391 -0.0025027788
v 0.21310668 0.664067 -0.002502778
v 0.22699857 0.6484391 -0.0025027788
v 0.22699857 0.664067 -0.002502778
v 0.22699857 0.67969483 -0.0025027788
v 0.24314924 0.6484391 -0.0025027788
v 0.25929987 0.6204219 -0.0025027774
v 0.29160118 0.6204219 -0.0025027774
v 0.29160118 0.59240466 -0.002502779
v 0.3192751 0.59240466 -0.002502779
v 0.22699857 0.69532263 -0.002502779
v 0.24314924 0.664067 -0.002502778
v 0.24314924 0.67969483 -0.0025027788
v 0.22699857 0.7109505 -0.0025027783
v 0.2592999 0.664067 -0.002502778
v 0.25929987 0.6484391 -0.0025027788
v 0.27545053 0.6484391 -0.0025027788
v 0.24314924 0.69532263 -0.002502779
v 0.22699857 0.7257186 -0.002502778
v 0.2592999 0.67969483 -0.0025027788
v 0.27545056 0.664067 -0.002502778
v 0.24314924 0.7109505 -0.0025027783
v 0.22699857 0.7398035 -0.002502778
v 0.2592999 0.69532263 -0.002502779
v 0.24314924 0.72574294 -0.0025027785
v 0.24314924 0.7398035 -0.002502778
v 0.2592999 0.7109505 -0.0025027783
v 0.27545056 0.67969483 -0.0025027788
v 0.2592999 0.72576725 -0.0025027792
v 0.2592999 0.7398036 -0.0025027795
v 0.27545056 0.69532263 -0.002502779
v 0.27545056 0.7109505 -0.0025027783
v 0.2592999 0.7572557 -0.0025027818
v 0.27545056 0.7257916 -0.0025027792
v 0.2592999 0.7747078 -0.0025027802
v 0.25929987 0.7780778 -0.0025027783
v 0.27545056 0.7398036 -0.0025027795
v 0.27545056 0.77470505 -0.0025027758
v 0.27545053 0.77807504 -0.0025027767
v 0.27545056 0.7574356 -0.0025027802
v 0.2916012 0.77470237 -0.0025027788
v 0.29160118 0.77807236 -0.0025027797
v 0.2916012 0.7576155 -0.0025027802
v 0.2916012 0.7398036 -0.0025027795
v 0.2916012 0.7258159 -0.0025027788
v 0.30543813 0.7747001 -0.0025027802
v 0.3055921 0.77807 -0.0025027767
v 0.30543813 0.75743306 -0.0025027788
v 0.30543813 0.7398035 -0.002502778
v 0.3192751 0.7746977 -0.0025027788
v 0.3192751 0.7780677 -0.0025027783
v 0.3325253 0.7746955 -0.0025027774
v 0.33268264 0.7780655 -0.0025027767
v 0.3393762 0.77700436 -0.0025027783
v 0.3192751 0.7572506 -0.0025027818
v 0.30543813 0.7255964 -0.0025027788
v 0.3192751 0.7398035 -0.002502778
v 0.33852112 0.7738534 -0.0025027788
v 0.3454144 0.77392685 -0.0025027767
v 0.34353513 0.77152395 -0.0025027774
v 0.35020623 0.7691342 -0.0025027767
v 0.3417985 0.76516163 -0.0025027788
v 0.33482242 0.7573075 -0.0025027774
v 0.34757265 0.76725525 -0.0025027788
v 0.3532827 0.76309556 -0.0025027783
v 0.34959373 0.7622407 -0.0025027774
v 0.3543428 0.7564017 -0.0025027783
v 0.35047147 0.7562448 -0.0025027788
v 0.3543428 0.7398035 -0.002502776
v 0.35047147 0.7398036 -0.0025027788
v 0.3543428 0.725377 -0.0025027767
v 0.32643992 0.7666837 -0.0025027788
v 0.34290388 0.74826825 -0.0025027774
v 0.35047147 0.7253771 -0.0025027795
v 0.3543428 0.7109505 -0.0025027764
v 0.3348733 0.7398036 -0.0025027795
v 0.32704875 0.7485556 -0.0025027774
v 0.35047147 0.7109505 -0.0025027783
v 0.3543428 0.69546777 -0.0025027767
v 0.3348733 0.725377 -0.0025027788
v 0.35047147 0.69532263 -0.002502779
v 0.3543428 0.67969483 -0.0025027767
v 0.3192751 0.725377 -0.0025027788
v 0.3348733 0.7109505 -0.0025027783
v 0.35047147 0.67969483 -0.0025027788
v 0.3543428 0.664067 -0.002502776
v 0.3192751 0.7109505 -0.0025027783
v 0.3348733 0.69532263 -0.002502779
v 0.35047147 0.664067 -0.002502778
v 0.3543428 0.6484391 -0.0025027767
v 0.30543813 0.7109505 -0.0025027783
v 0.3348733 0.67969483 -0.0025027788
v 0.3192751 0.69532263 -0.002502779
v 0.35047147 0.6484391 -0.0025027788
v 0.3543428 0.6204219 -0.0025027753
v 0.2916012 0.7109505 -0.0025027783
v 0.30543813 0.69532263 -0.002502779
v 0.29160118 0.69532263 -0.002502779
v 0.3348733 0.664067 -0.002502778
v 0.3192751 0.67969483 -0.0025027788
v 0.35047147 0.6204219 -0.0025027774
v 0.35434282 0.59240466 -0.0025027767
v 0.35047147 0.59240466 -0.002502779
v 0.30543813 0.67969483 -0.0025027788
v 0.29160118 0.67969483 -0.0025027788
v 0.3192751 0.664067 -0.002502778
v 0.3348733 0.6484391 -0.0025027788
v 0.3192751 0.6204219 -0.0025027774
v 0.30543813 0.664067 -0.002502778
v 0.29160118 0.664067 -0.002502778
v 0.3192751 0.6484391 -0.0025027788
v 0.30543813 0.6484391 -0.0025027788
v 0.29160118 0.6484391 -0.0025027788
v -0.3543578 0.5719349 0.0025000002
v -0.3543578 0.5719349 -1.3883226E-06
v -0.35311493 0.5719349 8.080812E-17
v -0.3543578 0.5719349 -0.0025027767
v -0.35311645 0.5719349 0.0012459595
v -0.35311645 0.5719349 -0.0012459595
v -0.35048637 0.5719349 0.0025000002
v -0.3487257 0.57203436 0.0013200509
v -0.32104376 0.5724908 0.0025000002
v -0.3210513 0.5724908 0.0016599607
v -0.29160115 0.5730467 0.0025000002
v -0.29160115 0.5730467 0.002073962
v -0.25929984 0.5739084 0.0025000002
v -0.25929984 0.5739084 0.002073962
v -0.22699852 0.57477003 0.0025000002
v -0.22699852 0.57477003 0.002073962
v -0.19921473 0.5745775 0.0025000002
v -0.19921473 0.5745775 0.002073962
v -0.17143093 0.57438487 0.0025000002
v -0.17143093 0.57438487 0.002073962
v -0.14115416 0.57429594 0.0025000002
v -0.14115416 0.57429594 0.002073962
v -0.11087737 0.57420707 0.0025000002
v -0.11087737 0.57420707 0.002073962
v -0.08225596 0.5736165 0.0025000002
v -0.08225596 0.5736165 0.002073962
v -0.05363455 0.57302594 0.0025000002
v -0.05363455 0.57302594 0.002073962
v -0.026817275 0.57249475 0.0025000002
v -0.026817275 0.57249475 0.002073962
v -5.551115E-18 0.5719635 0.0025000002
v -5.551115E-18 0.5719635 0.002073962
v 0.026817275 0.5715463 0.0025000002
v 0.026817275 0.5715463 0.002073962
v 0.05363455 0.5711291 0.0025000002
v 0.05363455 0.5711291 0.002073962
v 0.08225596 0.5713446 0.0025000002
v 0.08225596 0.5713446 0.002073962
v 0.11087737 0.5715601 0.0025000002
v 0.11087737 0.5715601 0.002073962
v 0.14115416 0.5712101 0.0025000002
v 0.14115416 0.5712101 0.002073962
v 0.17143093 0.5708601 0.0025000002
v 0.17143093 0.5708601 0.002073962
v 0.19921473 0.5709188 0.0025000002
v 0.19921473 0.5709188 0.002073962
v 0.22699852 0.5709775 0.0025000002
v 0.22699852 0.5709775 0.002073962
v 0.25929984 0.5713002 0.0025000002
v 0.25929984 0.5713002 0.002073962
v 0.29160115 0.5716228 0.0025000002
v 0.29160115 0.5716228 0.002073962
v 0.31930003 0.57177883 0.0025000002
v 0.31925437 0.57177883 0.0016599607
v 0.3504714 0.5719349 0.0025000002
v 0.34881747 0.5719034 0.0013294484
v 0.3530743 0.5719349 0.0012459597
v 0.3543428 0.5719349 0.0025000002
v 0.3530999 0.5719349 8.710743E-17
v 0.3543428 0.5719349 -1.3883226E-06
v 0.3543428 0.5719349 -0.0025027767
v 0.3530743 0.5719349 -0.0012459597
v 0.3504714 0.5719349 -0.002502779
v 0.34878144 0.5718907 -0.0013632881
v 0.31930003 0.57177883 -0.002502779
v 0.31925437 0.57177883 -0.0016599607
v 0.29160115 0.5716228 -0.002502779
v 0.29160115 0.5716228 -0.002073962
v 0.25929984 0.5713002 -0.002502779
v 0.25929984 0.5713002 -0.002073962
v 0.22699852 0.5709775 -0.002502779
v 0.22699852 0.5709775 -0.002073962
v 0.19921473 0.5709188 -0.002502779
v 0.19921473 0.5709188 -0.002073962
v 0.17143093 0.5708601 -0.002502779
v 0.17143093 0.5708601 -0.002073962
v 0.14115416 0.5712101 -0.002502779
v 0.14115416 0.5712101 -0.002073962
v 0.11087737 0.5715601 -0.002502779
v 0.11087737 0.5715601 -0.002073962
v 0.08225596 0.5713446 -0.002502779
v 0.08225596 0.5713446 -0.002073962
v 0.05363455 0.5711291 -0.002502779
v 0.05363455 0.5711291 -0.002073962
v 0.026817275 0.5715463 -0.002502779
v 0.026817275 0.5715463 -0.002073962
v -5.551115E-18 0.5719635 -0.002502779
v -5.551115E-18 0.5719635 -0.002073962
v -0.026817275 0.57249475 -0.002502779
v -0.026817275 0.57249475 -0.002073962
v -0.05363455 0.57302594 -0.002502779
v -0.05363455 0.57302594 -0.002073962
v -0.08225596 0.5736165 -0.002502779
v -0.08225596 0.5736165 -0.002073962
v -0.11087737 0.57420707 -0.002502779
v -0.11087737 0.57420707 -0.002073962
v -0.14115416 0.57429594 -0.002502779
v -0.14115416 0.57429594 -0.002073962
v -0.17143093 0.57438487 -0.002502779
v -0.17143093 0.57438487 -0.002073962
v -0.19921473 0.5745775 -0.002502779
v -0.19921473 0.5745775 -0.002073962
v -0.22699852 0.57477003 -0.002502779
v -0.22699852 0.57477003 -0.002073962
v -0.25929984 0.5739084 -0.002502779
v -0.25929984 0.5739084 -0.002073962
v -0.29160115 0.5730467 -0.002502779
v -0.29160115 0.5730467 -0.002073962
v -0.32104376 0.5724908 -0.002502779
v -0.3210513 0.5724908 -0.0016599607
v -0.35048637 0.5719349 -0.002502779
v -0.3487257 0.5720606 -0.0013395594
v 0.3543428 0.55395496 -1.3883226E-06
v 0.3543428 0.55395496 -0.0025027767
v 0.3527491 0.53190297 2.2195557E-17
v 0.35207877 0.53190297 -0.002569937
v 0.34900826 0.50491846 2.8805066E-18
v 0.3474837 0.50491846 -0.003657581
v 0.34558925 0.47691914 -6.9129424E-11
v 0.35093865 0.53190297 -0.0046477583
v 0.3453987 0.50491846 -0.0063915187
v 0.3404831 0.47689095 -0.007770566
v 0.34617618 0.53190297 -0.0068496685
v 0.3504714 0.55395496 -0.002502779
v 0.33765694 0.50491846 -0.012165904
v 0.2923483 0.53190297 -0.0075332928
v 0.29160115 0.55395496 -0.002502779
v 0.3383218 0.4543551 -0.008277008
v 0.34445116 0.4543856 0.00015388735
v 0.3303618 0.4768249 -0.016591456
v 0.2923483 0.50491846 -0.012964206
v 0.22784579 0.53190297 -0.0073053436
v 0.22699852 0.55395496 -0.002502779
v 0.32661182 0.45429078 -0.018231386
v 0.33574197 0.4019777 -0.008817624
v 0.34269232 0.4019777 0.0003111945
v 0.34164867 0.3401716 0.00031119442
v 0.2923483 0.47682795 -0.017644899
v 0.22784579 0.50491846 -0.012425139
v 0.17143093 0.53190297 -0.0075225905
v 0.17143093 0.55395496 -0.002502779
v 0.2923483 0.45430017 -0.019434385
v 0.22784582 0.4768331 -0.017074265
v 0.17143093 0.50491846 -0.012558321
v 0.111886226 0.53190297 -0.0077518895
v 0.11087737 0.55395496 -0.002502779
v 0.053634554 0.55395496 -0.002502779
v 0.111886226 0.50491846 -0.012698889
v 0.043942537 0.53190297 -0.008013533
v 0.043942537 0.55395496 -0.002502779
v 0.17143093 0.4768376 -0.017339956
v 0.22784579 0.4543179 -0.018889418
v 0.111886226 0.4768423 -0.017620387
v 0.043942526 0.50491846 -0.012859287
v 0.03026086 0.50491846 -0.011969232
v 0.022926122 0.4768477 -0.01738555
v 0.043942526 0.4768477 -0.017940374
v 0.019638222 0.45436832 -0.020114677
v 0.17143093 0.45433336 -0.019265283
v 0.111886226 0.45434967 -0.019662
v 0.043942526 0.45436832 -0.020114677
v 0.043942526 0.4019777 -0.02179153
v 0.01595704 0.4019777 -0.021791533
v 0.111886226 0.4019777 -0.021520024
v 0.17143093 0.4019777 -0.021282082
v 0.043942526 0.3401716 -0.023883538
v 0.012814119 0.3401716 -0.023883538
v 0.010907893 0.098051235 -0.024898643
v 0.111886226 0.3401716 -0.023259953
v 0.043942526 0.098051235 -0.024898645
v 0.012814119 -0.18795326 -0.024898624
v 0.22784579 0.4019777 -0.021056646
v 0.17143093 0.3401716 -0.022713453
v 0.17143093 0.098051235 -0.023660848
v 0.043942526 -0.18795326 -0.024898624
v 0.2923483 0.4019777 -0.021885984
v 0.22784579 0.3401716 -0.02219568
v 0.29220292 0.09805123 -0.023650436
v 0.043942526 -0.3484496 -0.023035822
v 0.01595704 -0.3484496 -0.023035822
v 0.17143093 -0.18795326 -0.023680577
v 0.32217628 0.4019777 -0.0206797
v 0.2923483 0.3401716 -0.022726538
v 0.31935096 0.3401716 -0.021355847
v 0.043942526 -0.42758122 -0.021932987
v 0.018844962 -0.42758122 -0.021284396
v 0.17143093 -0.3484496 -0.022918789
v 0.33401322 0.3401716 -0.009121924
v 0.3403952 0.098051235 0.00031119437
v 0.31585613 0.098051235 -0.02225861
v 0.33189264 0.098051235 -0.00954118
v 0.3415478 -0.18795326 0.00031119437
v 0.33391234 -0.18795326 -0.0095411725
v 0.34332338 -0.3484496 0.00031119442
v 0.29220292 -0.18795326 -0.023690585
v 0.32026482 -0.18795326 -0.022258593
v 0.33642498 -0.3484496 -0.009974695
v 0.3258388 -0.3484496 -0.02277704
v 0.29220295 -0.3484496 -0.0239843
v 0.3396922 -0.42758122 -0.00919601
v 0.34637198 -0.42758122 0.00024491717
v 0.17143093 -0.42758116 -0.02121612
v 0.33093604 -0.42758122 -0.020312613
v 0.29220292 -0.42758122 -0.021612417
v 0.34058863 -0.44929132 -0.008534011
v 0.3472103 -0.4493416 0.00015388735
v 0.29220292 -0.4493073 -0.019860163
v 0.3323354 -0.44930568 -0.018594038
v 0.17143093 -0.44931212 -0.019657476
v 0.34191263 -0.46550956 -0.0073805125
v 0.3480324 -0.46555185 -5.8535045E-11
v 0.33409187 -0.4654994 -0.017331362
v 0.29220292 -0.46549478 -0.018295487
v 0.34525165 -0.4829546 -0.006280482
v 0.35028526 -0.4829546 7.682037E-18
v 0.33823165 -0.4829546 -0.013865846
v 0.35136503 -0.5054166 -0.0022624328
v 0.35274357 -0.5054166 0
v 0.3543428 -0.52329195 -0.0025027767
v 0.3488788 -0.50541663 -0.0049393503
v 0.35047135 -0.52329195 -0.002502779
v 0.29220292 -0.4829546 -0.014508607
v 0.34601855 -0.5054166 -0.007622931
v 0.29220292 -0.5054166 -0.008151267
v 0.29220292 -0.52329195 -0.002502779
v 0.17143093 -0.52329195 -0.002502779
v 0.17143093 -0.5054166 -0.007706304
v 0.043942526 -0.52329195 -0.002502779
v 0.043942526 -0.5054166 -0.0077671856
v 0.17143093 -0.4829546 -0.013393295
v 0.17143093 -0.46548134 -0.017447153
v 0.043942526 -0.4829546 -0.013032118
v 0.031347435 -0.4829546 -0.01242471
v 0.043942526 -0.46546718 -0.017537905
v 0.023905098 -0.46546718 -0.0169305
v 0.043942526 -0.44931722 -0.020500062
v 0.019638222 -0.44931722 -0.01970849
v -0.043942537 0.53190297 -0.0073779686
v -0.043942526 0.55395496 -0.002502779
v -0.05363455 0.55395496 -0.002502779
v -0.11188622 0.53190297 -0.007274274
v -0.11087737 0.55395496 -0.002502779
v -0.043942526 0.50491846 -0.012859287
v -0.17143092 0.53190297 -0.0071833977
v -0.17143093 0.55395496 -0.002502779
v -0.22784579 0.53190297 -0.007097298
v -0.22699852 0.55395496 -0.002502779
v -0.2923483 0.53190297 -0.007472612
v -0.29160112 0.55395496 -0.002502779
v -0.35048637 0.55395496 -0.002502779
v -0.34619817 0.53190297 -0.0069166697
v -0.3543578 0.55395496 -0.0025027767
v -0.2923483 0.50491846 -0.012964238
v -0.22784579 0.50491846 -0.012425161
v -0.17143093 0.50491846 -0.012558335
v -0.111886226 0.50491846 -0.012698898
v -0.111886226 0.4768423 -0.017620405
v -0.043942526 0.4768477 -0.017940374
v -0.043942526 0.45436832 -0.020114677
v -0.17143093 0.4768376 -0.017339988
v -0.22784579 0.4768331 -0.01707431
v -0.2923483 0.47682795 -0.017644962
v -0.33767194 0.50491846 -0.012165904
v -0.3509536 0.53190297 -0.0046477583
v -0.111886226 0.45434967 -0.019662024
v -0.17143093 0.45433336 -0.01926533
v -0.22784579 0.4543179 -0.018889483
v -0.2923483 0.45430017 -0.019434478
v -0.33037683 0.4768249 -0.016591456
v -0.34541368 0.50491846 -0.0063915187
v -0.35209376 0.53190297 -0.002569937
v -0.111886226 0.4019777 -0.021520039
v -0.043942526 0.4019777 -0.02179153
v -0.043942526 0.3401716 -0.023883538
v -0.35276413 0.53190297 2.6978476E-17
v -0.3543578 0.55395496 -1.3883226E-06
v -0.34902325 0.50491846 2.8805066E-18
v -0.3474987 0.50491846 -0.003657581
v -0.34560424 0.47691914 -6.9129424E-11
v -0.34049806 0.47689095 -0.007770566
v -0.3383368 0.4543551 -0.008277008
v -0.34446618 0.4543856 0.00015388735
v -0.32662684 0.45429078 -0.018231386
v -0.33575696 0.4019777 -0.008817624
v -0.34270725 0.4019777 0.0003111945
v -0.32219124 0.4019777 -0.0206797
v -0.2923483 0.4019777 -0.021886041
v -0.3340282 0.3401716 -0.009121924
v -0.3416636 0.3401716 0.00031119442
v -0.3404102 0.098051235 0.00031119437
v -0.31936595 0.3401716 -0.021355847
v -0.22784579 0.4019777 -0.021056687
v -0.2923483 0.3401716 -0.022726668
v -0.31587112 0.098051235 -0.02225861
v -0.33190763 0.098051235 -0.00954118
v -0.17143093 0.4019777 -0.02128211
v -0.22784579 0.3401716 -0.022195771
v -0.33392736 -0.18795326 -0.0095411725
v -0.34156278 -0.18795326 0.00031119437
v -0.3202798 -0.18795326 -0.022258593
v -0.29220292 0.098051235 -0.023650577
v -0.17143092 0.09805123 -0.023660915
v -0.17143093 0.3401716 -0.022713518
v -0.111886226 0.3401716 -0.023259988
v -0.043942526 0.098051235 -0.024898645
v -0.043942526 -0.18795326 -0.024898624
v -0.33644 -0.3484496 -0.009974695
v -0.3433384 -0.3484496 0.00031119442
v -0.3258538 -0.3484496 -0.02277704
v -0.29220292 -0.18795326 -0.02369072
v -0.17143093 -0.18795326 -0.023680644
v -0.043942526 -0.3484496 -0.023035822
v -0.33970723 -0.42758122 -0.00919601
v -0.34638697 -0.42758122 0.00024491717
v -0.29220292 -0.3484496 -0.023984311
v -0.17143093 -0.3484496 -0.022918794
v -0.043942526 -0.42758122 -0.021932987
v -0.33095104 -0.42758122 -0.020312611
v -0.3406036 -0.44929132 -0.008534011
v -0.34722528 -0.4493416 0.00015388735
v -0.17143093 -0.42758122 -0.02121616
v -0.29220295 -0.42758122 -0.021612493
v -0.3323504 -0.44930568 -0.018594038
v -0.29220295 -0.4493073 -0.019860255
v -0.17143093 -0.44931212 -0.01965752
v -0.043942526 -0.44931722 -0.020500062
v -0.34192762 -0.46550956 -0.0073805125
v -0.34804738 -0.46555185 -5.8535045E-11
v -0.29220292 -0.46549472 -0.018295495
v -0.17143092 -0.46548134 -0.017447157
v -0.043942526 -0.46546718 -0.017537907
v -0.33410686 -0.4654994 -0.017331362
v -0.34526667 -0.4829546 -0.006280482
v -0.35030028 -0.4829546 7.682037E-18
v -0.17143093 -0.4829546 -0.013393277
v -0.043942526 -0.4829546 -0.013032118
v -0.043942526 -0.5054166 -0.0065378933
v -0.29220292 -0.4829546 -0.014508571
v -0.33824664 -0.4829546 -0.013865846
v -0.35137996 -0.5054166 -0.0022624328
v -0.35275856 -0.5054166 0
v -0.35435778 -0.52329195 -0.0025027767
v -0.34889376 -0.50541663 -0.0049393503
v -0.35048637 -0.52329195 -0.002502779
v -0.34603354 -0.50541663 -0.007622935
v -0.29220295 -0.50541663 -0.007922489
v -0.29220292 -0.52329195 -0.002502779
v -0.17143093 -0.50541663 -0.0069958023
v -0.17143093 -0.52329195 -0.002502779
v -0.043942526 -0.52329195 -0.002502779
v -0.35435778 -0.52329195 0.0025027767
v -0.35435778 -0.52329195 -0.0025027767
v -0.35275856 -0.5054166 0
v -0.35137996 -0.5054166 0.0022624328
v -0.35030028 -0.4829546 7.682037E-18
v -0.34889376 -0.50541663 0.0049393503
v -0.35048637 -0.52329195 0.002502779
v -0.34526667 -0.4829546 0.006280482
v -0.34804738 -0.46555185 -5.8535045E-11
v -0.3419268 -0.46550465 0.007456273
v -0.34722528 -0.4493416 0.00015388735
v -0.33824664 -0.4829546 0.014800213
v -0.3406038 -0.4492963 0.008879847
v -0.34638697 -0.42758122 0.00024491717
v -0.34603354 -0.5054166 0.0076229344
v -0.33410683 -0.46549925 0.019346997
v -0.33970723 -0.42758122 0.009701821
v -0.3433384 -0.3484496 0.00031119442
v -0.3323504 -0.4493056 0.021153022
v -0.3373322 -0.5054166 0.0076229023
v -0.32384583 -0.4829546 0.014904998
v -0.31687078 -0.46549758 0.01960804
v -0.29220292 -0.5054166 0.0076227374
v -0.29220292 -0.52329195 0.002502779
v -0.17143093 -0.5232919 0.002502779
v -0.29220292 -0.4829546 0.015135241
v -0.17143092 -0.5054166 0.0070754397
v -0.29220295 -0.46549526 0.019981638
v -0.3126757 -0.44930625 0.021626774
v -0 -0.5054166 0.0065378905
v -0 -0.4829546 0.013966485
v -0 -0.5232918 0.002502779
v 0.17143093 -0.52329195 0.002502779
v -0.17143092 -0.4829546 0.014389037
v 0.17143093 -0.5054166 0.0070754527
v 0.29220292 -0.52329195 0.002502779
v -0.29220292 -0.44930702 0.022119746
v -0.17143093 -0.46548364 0.019447552
v 0.29220292 -0.5054166 0.007622761
v 0.35047135 -0.52329195 0.002502779
v 0.17143093 -0.4829546 0.014389056
v -0 -0.46546718 0.019553518
v 0.17143093 -0.46548364 0.019447546
v 0.29220292 -0.4829546 0.015135275
v -0.17143093 -0.44931123 0.02207589
v 0.33732468 -0.5054166 0.007622905
v -0 -0.44931722 0.023059042
v -0 -0.42758122 0.025086382
v -0.17143093 -0.42758122 0.0240839
v 0.17143093 -0.44931123 0.022075847
v 0.29220292 -0.46549526 0.019981628
v 0.32383552 -0.4829546 0.0149050085
v 0.34602457 -0.5054166 0.0076229325
v 0.3488788 -0.50541663 0.0049393503
v 0.3543428 -0.52329195 0.0025027767
v 0.33823165 -0.4829546 0.014800213
v 0.31686196 -0.46549758 0.019608036
v 0.29220292 -0.44930702 0.022119667
v 0.17143093 -0.42758122 0.024083856
v 0.35136503 -0.5054166 0.0022624328
v 0.35274357 -0.5054166 0
v 0.3543428 -0.52329195 -0.0025027767
v 0.35028526 -0.4829546 7.682037E-18
v 0.34525594 -0.4829546 0.006280482
v 0.3480324 -0.46555185 -5.8535045E-11
v 0.34191182 -0.46550465 0.007456273
v 0.3472103 -0.4493416 0.00015388735
v 0.33409184 -0.46549925 0.019346997
v 0.3405888 -0.4492963 0.008879847
v 0.34637198 -0.42758122 0.00024491717
v 0.31266809 -0.4493063 0.021626735
v 0.3323354 -0.4493056 0.021153022
v 0.3396922 -0.42758122 0.009701821
v 0.34332338 -0.3484496 0.00031119442
v 0.29220292 -0.42758122 0.024215491
v 0.29594097 -0.3484496 0.027163282
v 0.30754858 -0.42758122 0.023793487
v 0.33093604 -0.42758122 0.023150329
v 0.33642498 -0.3484496 0.010597084
v 0.3415478 -0.18795326 0.00031119437
v 0.3258388 -0.3484496 0.02599175
v 0.33391234 -0.18795326 0.010163561
v 0.3403952 0.098051235 0.00031119437
v 0.17143093 -0.3484496 0.026778674
v 0.33189264 0.098051235 0.010163569
v 0.34164867 0.3401716 0.00031119442
v 0.33401322 0.3401716 0.009744314
v 0.34269232 0.4019777 0.0003111945
v 0.31408903 0.098051235 0.029934103
v 0.32026482 -0.18795326 0.027284771
v 0.29220292 -0.18795326 0.028576335
v 0.17143093 -0.18795328 0.028511649
v 0.17143092 0.09805123 0.031125922
v 0.29015172 0.09805123 0.03130568
v 0.33574197 0.4019777 0.009440013
v 0.34445116 0.4543856 0.00015388735
v -0 -0.3484496 0.027652362
v 0.31846744 0.3401716 0.02610143
v 0.28970063 0.3401716 0.027322024
v 0.3383218 0.4543551 0.008622887
v 0.34558925 0.47691914 -6.9129424E-11
v 0.32217628 0.4019777 0.024013845
v 0.22784579 0.3401716 0.026825702
v 0.29146573 0.4019777 0.025812745
v 0.32661182 0.45429084 0.021188015
v 0.3404831 0.47689095 0.007845945
v 0.3474837 0.50491846 0.003657581
v 0.34900826 0.50491846 2.8805066E-18
v 0.35207877 0.53190297 0.002569937
v 0.3527491 0.53190297 2.2195557E-17
v 0.3453987 0.50491846 0.0064668977
v 0.3303618 0.47682485 0.018325666
v 0.3543428 0.55395496 0.0025000002
v 0.3543428 0.55395496 -1.3883226E-06
v 0.35093865 0.53190297 0.0046477583
v 0.33765694 0.50491846 0.013183311
v 0.34617618 0.53190297 0.006362983
v 0.3504714 0.55395496 0.0025000002
v 0.3076642 0.45429584 0.022712627
v 0.3154178 0.47682616 0.01995152
v 0.3275801 0.50491846 0.013575065
v 0.2958785 0.45429897 0.023678062
v 0.34044382 0.53190297 0.0068208748
v 0.29984996 0.47682747 0.021577373
v 0.22784579 0.4019777 0.025439778
v 0.31378636 0.50491846 0.013898106
v 0.33184525 0.53190297 0.0075077126
v 0.2923483 0.53190297 0.0065905126
v 0.29160115 0.55395496 0.0025000002
v 0.2923483 0.50491846 0.01364168
v 0.22784582 0.4543143 0.023388356
v 0.22784579 0.53190297 0.006543567
v 0.22699852 0.55395496 0.0025000002
v 0.17143093 0.55395496 0.0025000002
v 0.22784579 0.47683197 0.021292781
v 0.22784579 0.50491846 0.01340881
v 0.17143093 0.53190297 0.006629662
v 0.11087737 0.55395496 0.0025000002
v 0.17143093 0.50491846 0.013524659
v 0.111886226 0.53190297 0.006720534
v 0.05363455 0.55395496 0.0025000002
v 0.17143093 0.47683588 0.021523131
v 0.111886226 0.50491846 0.013646935
v 0.054631192 0.53190297 0.0068079117
v 0.17143093 0.45432764 0.023713652
v 0.111886226 0.47684 0.02176626
v 0.17143093 0.4019777 0.025868116
v 1.3070301E-30 0.53190297 0.006891284
v 3.5347812E-22 0.50491846 0.013876693
v -2.7755576E-18 0.55395496 0.0025000002
v -0.05363455 0.55395496 0.0025000002
v 0.054631192 0.50491846 0.01376451
v -0.054631192 0.53190297 0.0068184882
v -0.11087737 0.55395496 0.0025000002
v 0.111886226 0.45434174 0.024056993
v 0.054631192 0.47684392 0.022000039
v -0.111886226 0.53190297 0.0067421957
v -0.17143093 0.55395496 0.0025000002
v -0.054631192 0.50491846 0.013764515
v -0.17143093 0.53190297 0.006662853
v -0.22699852 0.55395496 0.0025000002
v -0.111886226 0.50491846 0.013646944
v -0.054631192 0.47684392 0.02200005
v 8.990468E-19 0.4768477 0.022223106
v 0.054631192 0.4543554 0.024387134
v -0.22784579 0.53190297 0.00658768
v -0.29160115 0.55395496 0.0025000002
v -0.17143092 0.50491846 0.013524674
v -0.2923483 0.53190297 0.006649629
v -0.35048637 0.55395496 0.0025000002
v 7.271785E-31 0.45436832 0.024702147
v 0.111886226 0.4019777 0.02632021
v -0.111886226 0.47684 0.02176628
v -0.22784579 0.50491846 0.013408831
v -0.054631192 0.4543554 0.02438715
v -0.17143093 0.47683588 0.021523163
v -0.111886226 0.45434174 0.024057023
v 0.054631192 0.4019777 0.026754925
v 0.17143092 0.3401716 0.02727223
v 0.111886226 0.3401716 0.027743531
v -0 0.098051235 0.032540597
v -0.054631192 0.4019777 0.026754946
v 3.5672706E-31 0.4019777 0.027169717
v 0.054631192 0.3401716 0.028196711
v -0 0.3401716 0.028629122
v -0.054631192 0.3401716 0.028196732
v -0.111886226 0.4019777 0.026320253
v -0 -0.18795326 0.029924804
v -0.111886226 0.3401716 0.027743576
v -0.17143092 0.45432764 0.023713697
v -0.17143093 0.098051235 0.031107783
v -0.17143093 -0.18795325 0.028511716
v -0.17143093 0.4019777 0.025868176
v -0.22784582 0.47683197 0.021292824
v -0.17143093 -0.3484496 0.026778717
v -0.17143093 0.3401716 0.027272297
v -0.22784582 0.4543143 0.023388414
v -0.2923483 0.50491846 0.013641708
v -0.22784579 0.4019777 0.025439862
v -0.22784582 0.3401716 0.026825786
v -0.29984996 0.47682747 0.02157743
v -0.33185625 0.53190297 0.0075726146
v -0.2958785 0.45429894 0.023678143
v -0.31379303 0.50491846 0.013898121
v -0.3404572 0.53190297 0.006887037
v -0.32759094 0.50491846 0.0135750715
v -0.3461912 0.53190297 0.0064299847
v -0.3543578 0.55395496 0.0025000002
v -0.31542528 0.47682616 0.019951548
v -0.29146573 0.4019777 0.025812853
v -0.33767194 0.50491846 0.013183311
v -0.30767 0.45429578 0.022712678
v -0.33037683 0.47682485 0.018325666
v -0.3509536 0.53190297 0.0046477583
v -0.34541368 0.50491846 0.0064668977
v -0.32662684 0.45429084 0.021188015
v -0.35209376 0.53190297 0.002569937
v -0.34049806 0.47689095 0.007845945
v -0.35276413 0.53190297 2.6978476E-17
v -0.3543578 0.55395496 -1.3883226E-06
v -0.34902325 0.50491846 2.8805066E-18
v -0.3474987 0.50491846 0.003657581
v -0.34560424 0.47691914 -6.9129424E-11
v -0.3383368 0.4543551 0.008622887
v -0.34446618 0.4543856 0.00015388735
v -0.32219124 0.4019777 0.024013845
v -0.33575696 0.4019777 0.009440013
v -0.34270725 0.4019777 0.0003111945
v -0.3416636 0.3401716 0.00031119442
v -0.28970063 0.3401716 0.027322141
v -0.31848243 0.3401716 0.02610143
v -0.3340282 0.3401716 0.009744314
v -0.33190763 0.098051235 0.010163569
v -0.3404102 0.098051235 0.00031119437
v -0.34156278 -0.18795326 0.00031119437
v -0.29015172 0.09805124 0.031273384
v -0.31410405 0.098051235 0.029900556
v -0.33392736 -0.18795326 0.010163561
v -0.29220292 -0.18795325 0.028576452
v -0.3202798 -0.18795326 0.027284771
v -0.33644 -0.3484496 0.010597084
v -0.29594097 -0.3484496 0.027163355
v -0.3258538 -0.3484496 0.02599175
v -0.33095104 -0.42758122 0.02315033
v -0.30755448 -0.42758122 0.023793535
v -0.29220292 -0.42758122 0.02421557
v 0.043942537 0.5536805 -0.006117001
v 0.043942537 0.55395496 -0.002502779
v 5.399405E-20 0.55395496 -0.002502779
v 1.5438063E-18 0.5539381 -0.0050692135
v -0.043942526 0.55395496 -0.002502779
v 0.043942526 -0.52337354 -0.005634706
v -7.6626274E-19 -0.52329195 -0.002502779
v 0.043942526 -0.52329195 -0.002502779
v 1.1619862E-18 -0.5232007 -0.0048667956
v -0.043942526 -0.52329195 -0.002502779
v -0.043942526 -0.5054166 -0.0065378933
v -0.043942526 -0.52329195 -0.002502779
v 1.1619862E-18 -0.5232007 -0.0048667956
v 1.6679513E-18 -0.5054166 -0.00744956
v 0.043942526 -0.52337354 -0.005634706
v 0.043942526 -0.5054166 -0.009620569
v -0.043942526 -0.4829546 -0.013032118
v 0.043942526 -0.4829546 -0.016404407
v -5.6279973E-19 -0.4829546 -0.014684451
v 0.043942526 -0.46546718 -0.020714931
v -0.043942526 -0.46546718 -0.017537907
v -1.4256849E-18 -0.46546718 -0.019190243
v 0.043942526 -0.44931722 -0.02374769
v -2.2613395E-18 -0.44931722 -0.022189116
v -0.043942526 -0.44931722 -0.020500062
v -0.043942526 -0.42758122 -0.021932987
v 3.1521007E-19 -0.42758122 -0.023935376
v 0.043942526 -0.42758122 -0.02641691
v -0.043942526 -0.3484496 -0.023035822
v 1.4721537E-18 -0.3484496 -0.025783563
v 0.043942526 -0.3484496 -0.031135246
v -0.043942526 -0.18795326 -0.024898624
v 1.2563508E-18 -0.18795326 -0.02973159
v 0.043942526 -0.18795326 -0.037777673
v -0.043942526 0.098051235 -0.024898645
v 0.043942526 0.098051235 -0.040521953
v -7.614751E-20 0.098051235 -0.030678606
v -0.043942526 0.3401716 -0.023883538
v 0.043942526 0.3401716 -0.035169378
v -4.3099216E-18 0.3401716 -0.027512882
v -0.043942526 0.4019777 -0.02179153
v -3.1229888E-18 0.4019777 -0.024540639
v 0.043942526 0.4019777 -0.030189952
v -0.043942526 0.45436832 -0.020114677
v 4.251649E-19 0.45436832 -0.022345321
v 0.043942526 0.45436832 -0.025473991
v 0.043942526 0.4768477 -0.02241317
v -2.7856548E-18 0.4768477 -0.020122524
v -0.043942526 0.4768477 -0.017940374
v -0.043942526 0.50491846 -0.012859287
v 0.043942526 0.50491846 -0.016161455
v -1.4822577E-18 0.50491846 -0.0145116225
v -0.043942537 0.53190297 -0.0073779686
v -1.5681295E-18 0.53190297 -0.007982253
v -0.043942526 0.55395496 -0.002502779
v 0.043942537 0.53190297 -0.010418089
v 1.5438063E-18 0.5539381 -0.0050692135
v 0.043942537 0.5536805 -0.006117001
v 0.043942537 0.5536805 -0.006117001
v 0.043942537 0.53190297 -0.008013533
v 0.043942537 0.55395496 -0.002502779
v 0.043942537 0.53190297 -0.010418089
v 0.043942526 0.50491846 -0.016161455
v 0.043942526 0.50491846 -0.014213107
v 0.043942526 0.4768477 -0.02241317
v 0.043942526 0.4768477 -0.02046482
v 0.043942526 0.45436832 -0.025473991
v 0.043942526 0.45436832 -0.023482343
v 0.043942526 0.4019777 -0.030189952
v 0.043942526 0.4019777 -0.02815405
v 0.043942526 0.3401716 -0.035169378
v 0.043942526 0.3401716 -0.033133477
v 0.043942526 0.098051235 -0.040521953
v 0.043942526 0.098051235 -0.037334997
v 0.043942526 -0.18795326 -0.037777673
v 0.043942526 -0.18795326 -0.035741773
v 0.043942526 -0.3484496 -0.031135246
v 0.043942526 -0.3484496 -0.029099343
v 0.043942526 -0.42758122 -0.0243268
v 0.043942526 -0.42758122 -0.02641691
v 0.043942526 -0.44931722 -0.02374769
v 0.043942526 -0.44931722 -0.021756044
v 0.043942526 -0.46546718 -0.020714931
v 0.043942526 -0.46546718 -0.018766584
v 0.043942526 -0.4829546 -0.016404407
v 0.043942526 -0.4829546 -0.014456058
v 0.043942526 -0.5054166 -0.009620569
v 0.043942526 -0.5054166 -0.0077671856
v 0.043942526 -0.52337354 -0.005634706
v 0.043942526 -0.52329195 -0.002502779
v 0.043942526 0.50491846 -0.014213107
v 0.03026086 0.50491846 -0.011969232
v 0.043942537 0.53190297 -0.008013533
v 0.043942526 0.4768477 -0.02046482
v 0.022926122 0.4768477 -0.01738555
v 0.043942526 0.45436832 -0.023482343
v 0.019638222 0.45436832 -0.020114677
v 0.043942526 0.4019777 -0.02815405
v 0.01595704 0.4019777 -0.021791533
v 0.043942526 0.3401716 -0.033133477
v 0.012814119 0.3401716 -0.023883538
v 0.043942526 0.098051235 -0.037334997
v 0.010907893 0.098051235 -0.024898643
v 0.043942526 -0.18795326 -0.035741773
v 0.012814119 -0.18795326 -0.024898624
v 0.043942526 -0.3484496 -0.029099343
v 0.01595704 -0.3484496 -0.023035822
v 0.018844962 -0.42758122 -0.021284396
v 0.043942526 -0.42758122 -0.0243268
v 0.043942526 -0.44931722 -0.021756044
v 0.019638222 -0.44931722 -0.01970849
v 0.043942526 -0.46546718 -0.018766584
v 0.023905098 -0.46546718 -0.0169305
v 0.043942526 -0.4829546 -0.014456058
v 0.031347435 -0.4829546 -0.01242471
v 0.043942526 -0.5054166 -0.0077671856
vt 1.9889189 0.73420596
vt 1.9942882 0.77330744
vt 1.9942492 0.73420596
vt 1.988922 0.7733073
vt 1.9453732 0.7733074
vt 1.9453734 0.7342059
vt 1.9067379 0.73420596
vt 1.9889221 0.8124214
vt 1.9942882 0.8124215
vt 1.906738 0.77330744
vt 1.8616436 0.73420596
vt 1.9671474 0.81242114
vt 1.9889219 0.8342385
vt 1.9942882 0.83423835
vt 1.8616436 0.7733074
vt 1.8165493 0.73420596
vt 1.9671472 0.8342384
vt 1.9889218 0.8560557
vt 1.9942882 0.8560552
vt 1.8165491 0.77330744
vt 1.7777609 0.73420596
vt 1.9671471 0.8560557
vt 1.9889222 0.87787473
vt 1.9942882 0.8780764
vt 1.7777609 0.7733074
vt 1.7389727 0.73420596
vt 1.9671474 0.8778739
vt 1.9889221 0.8996916
vt 1.9942882 0.89969116
vt 1.7389728 0.7733074
vt 1.6967045 0.73420596
vt 1.9671474 0.8996911
vt 1.9889225 0.9198327
vt 1.9942882 0.9198317
vt 1.6967045 0.7733074
vt 1.6544363 0.73420596
vt 1.9671478 0.9198321
vt 1.9889205 0.939973
vt 1.994289 0.93997234
vt 1.988918 0.9629223
vt 1.9942671 0.9631414
vt 1.9927893 0.9724696
vt 1.9671514 0.939972
vt 1.9876964 0.97129726
vt 1.9885031 0.9808856
vt 1.9848717 0.9782938
vt 1.9818213 0.98754597
vt 1.9768168 0.97537327
vt 1.9670777 0.96440834
vt 1.9783577 0.951791
vt 1.9792386 0.98424846
vt 1.9734075 0.99183166
vt 1.9722425 0.987502
vt 1.9641145 0.9932909
vt 1.9638689 0.9886762
vt 1.9453722 0.9933499
vt 1.9453738 0.9886817
vt 1.9262681 0.9933557
vt 1.9553779 0.97749555
vt 1.9260569 0.98868644
vt 1.9066001 0.99335897
vt 1.9453729 0.96433115
vt 1.9067012 0.9886899
vt 1.8840358 0.9933628
vt 1.9562278 0.9521922
vt 1.9453734 0.93997234
vt 1.9260559 0.96458465
vt 1.8841075 0.9886938
vt 1.8614714 0.99336666
vt 1.945373 0.9198315
vt 1.9067388 0.96483815
vt 1.9260557 0.9399719
vt 1.8615985 0.9886973
vt 1.8390095 0.9933704
vt 1.9453727 0.8996906
vt 1.9260554 0.9198312
vt 1.8841798 0.96458626
vt 1.9067379 0.93997157
vt 1.8390739 0.9887012
vt 1.8165478 0.9933741
vt 1.9453726 0.87787306
vt 1.9260552 0.8996904
vt 1.9067378 0.9198309
vt 1.8616209 0.9643344
vt 1.8841906 0.93997157
vt 1.8165492 0.9887052
vt 1.7971535 0.9933773
vt 1.9453726 0.8560557
vt 1.9260551 0.87787294
vt 1.9067376 0.8996902
vt 1.8841904 0.9198309
vt 1.8390849 0.9643364
vt 1.8616432 0.93997157
vt 1.7971523 0.988708
vt 1.7777592 0.99338055
vt 1.8165488 0.9643384
vt 1.8390958 0.93997157
vt 1.8616431 0.9198309
vt 1.8841903 0.8996902
vt 1.7777554 0.9887109
vt 1.758365 0.99338377
vt 1.797153 0.9643399
vt 1.8165485 0.93997157
vt 1.839096 0.9198311
vt 1.7583586 0.98871374
vt 1.7389709 0.99338704
vt 1.7777572 0.9643414
vt 1.7971537 0.9399717
vt 1.7389618 0.98871666
vt 1.7178371 0.99339056
vt 1.7583613 0.9643428
vt 1.7178304 0.98872054
vt 1.6967032 0.9933941
vt 1.861643 0.8996902
vt 1.8165488 0.9198313
vt 1.777759 0.93997186
vt 1.7389654 0.96434414
vt 1.696699 0.9887244
vt 1.6755693 0.9933976
vt 1.8390961 0.8996905
vt 1.7971544 0.91983134
vt 1.758364 0.9399718
vt 1.717833 0.9643462
vt 1.8165491 0.89969087
vt 1.7777599 0.9198314
vt 1.7971549 0.89969087
vt 1.8616432 0.87787306
vt 1.8390961 0.8778733
vt 1.8165491 0.87787354
vt 1.8841903 0.87787294
vt 1.9067376 0.87787277
vt 1.926055 0.85605556
vt 1.9067374 0.85605544
vt 1.8841904 0.85605574
vt 1.8616434 0.85605603
vt 1.9453726 0.8342383
vt 1.9260552 0.83423835
vt 1.9453726 0.8124209
vt 1.9260552 0.81242114
vt 1.9067377 0.8342384
vt 1.9067379 0.8124214
vt 1.8841906 0.8342386
vt 1.8841908 0.81242144
vt 1.8616436 0.83423877
vt 1.8616436 0.81242144
vt 1.8390963 0.81242144
vt 1.8390963 0.8560561
vt 1.8390963 0.83423877
vt 1.8165491 0.85605615
vt 1.8165491 0.83423877
vt 1.8165491 0.81242144
vt 1.7971549 0.81242144
vt 1.7971549 0.83423877
vt 1.7971549 0.85605615
vt 1.7971549 0.87787354
vt 1.7777609 0.8996909
vt 1.7777609 0.87787354
vt 1.7777609 0.85605615
vt 1.7777609 0.83423877
vt 1.7777609 0.81242144
vt 1.7583668 0.81242144
vt 1.7583668 0.899691
vt 1.7583668 0.83423877
vt 1.7583668 0.8560562
vt 1.7583654 0.9198314
vt 1.738969 0.9399717
vt 1.7583668 0.8778736
vt 1.7389709 0.9198314
vt 1.7178359 0.9399718
vt 1.7389728 0.89969105
vt 1.7389727 0.87787366
vt 1.7389727 0.8560562
vt 1.7178373 0.91983145
vt 1.7178386 0.89969105
vt 1.6967008 0.96434814
vt 1.6967027 0.93997186
vt 1.7389727 0.8342388
vt 1.6967037 0.9198315
vt 1.6755676 0.9887283
vt 1.6544361 0.98873216
vt 1.6544354 0.99340117
vt 1.6344566 0.9934045
vt 1.6755685 0.96435016
vt 1.6755695 0.93997204
vt 1.6344573 0.9887355
vt 1.614478 0.9934079
vt 1.6544361 0.9643522
vt 1.67557 0.9198316
vt 1.6144787 0.98873883
vt 1.5944996 0.9934112
vt 1.6344573 0.9643539
vt 1.6544362 0.9399722
vt 1.6344575 0.9399723
vt 1.6144787 0.9643556
vt 1.5945001 0.98874223
vt 1.5745214 0.98874557
vt 1.5745211 0.9934145
vt 1.5945001 0.96435726
vt 1.5558021 0.98874867
vt 1.5558017 0.9934177
vt 1.5370824 0.99342084
vt 1.5745214 0.96435887
vt 1.5945001 0.9399722
vt 1.6144787 0.9399723
vt 1.6344575 0.91983163
vt 1.5370827 0.98875177
vt 1.5183632 0.99342394
vt 1.5558021 0.9643605
vt 1.5183634 0.9887549
vt 1.4996439 0.993427
vt 1.5370827 0.964362
vt 1.5558021 0.93997216
vt 1.5745214 0.93997216
vt 1.5945001 0.91983163
vt 1.499644 0.9887581
vt 1.4809247 0.99342394
vt 1.5183634 0.9643636
vt 1.4809247 0.988755
vt 1.4622055 0.99342084
vt 1.499644 0.9643652
vt 1.5183634 0.9399723
vt 1.5370827 0.9399722
vt 1.5558021 0.91983163
vt 1.4622054 0.9887518
vt 1.4434862 0.9934177
vt 1.4809247 0.9643636
vt 1.5745214 0.91983163
vt 1.5558021 0.8996911
vt 1.5370827 0.91983163
vt 1.5183635 0.91983163
vt 1.5183635 0.8996911
vt 1.499644 0.9399723
vt 1.4809247 0.9399723
vt 1.4622054 0.964362
vt 1.499644 0.9198317
vt 1.4809247 0.9198317
vt 1.5370827 0.8996911
vt 1.443486 0.98874867
vt 1.4622054 0.9399723
vt 1.5370827 0.87787366
vt 1.4247667 0.9887455
vt 1.4247668 0.9934145
vt 1.4047884 0.9934112
vt 1.443486 0.9643605
vt 1.404788 0.9887421
vt 1.38481 0.99340785
vt 1.4247667 0.9643589
vt 1.3848094 0.9887388
vt 1.3648312 0.9934045
vt 1.404788 0.96435726
vt 1.443486 0.9399723
vt 1.4247667 0.9399723
vt 1.404788 0.9399723
vt 1.3848094 0.9643555
vt 1.3648305 0.98873544
vt 1.4622054 0.9198317
vt 1.3448517 0.9887321
vt 1.3448524 0.9934012
vt 1.3237185 0.9933977
vt 1.4809247 0.8996911
vt 1.3237176 0.9887285
vt 1.3025846 0.99339414
vt 1.499644 0.8996911
vt 1.3648305 0.9643538
vt 1.3448517 0.96435213
vt 1.3237176 0.96435034
vt 1.3025836 0.988725
vt 1.2814493 0.98872
vt 1.2814507 0.99338603
vt 1.3025836 0.9643486
vt 1.3237177 0.9399722
vt 1.3848094 0.9399723
vt 1.3448519 0.9399722
vt 1.2603152 0.988715
vt 1.2603168 0.9933779
vt 1.404788 0.9198317
vt 1.3648306 0.9399723
vt 1.2409211 0.9887075
vt 1.2409228 0.99336135
vt 1.4247667 0.91983175
vt 1.3848094 0.91983163
vt 1.2215271 0.9887
vt 1.2215288 0.9933447
vt 1.404788 0.8996911
vt 1.443486 0.91983175
vt 1.2021353 0.98869145
vt 1.202134 0.9933232
vt 1.4247667 0.8996911
vt 1.4622054 0.8996911
vt 1.443486 0.8996911
vt 1.4809247 0.87787366
vt 1.1827434 0.98868287
vt 1.1827393 0.99330163
vt 1.4247667 0.87787366
vt 1.4622054 0.87787366
vt 1.499644 0.87787366
vt 1.16025 0.98867124
vt 1.1603569 0.99327856
vt 1.443486 0.87787366
vt 1.4809247 0.8560562
vt 1.5183635 0.87787366
vt 1.1377566 0.9886596
vt 1.1379745 0.9932555
vt 1.4622054 0.8560563
vt 1.499644 0.8560562
vt 1.1152958 0.98864585
vt 1.1153939 0.9932304
vt 1.4809247 0.8342388
vt 1.0926657 0.98863995
vt 1.0928133 0.9932053
vt 1.0732636 0.9886249
vt 1.0730214 0.9931879
vt 1.0539355 0.988618
vt 1.0539258 0.99317044
vt 1.0354215 0.9885978
vt 1.0351918 0.9931002
vt 1.0259129 0.99163365
vt 1.0270715 0.9874052
vt 1.0175563 0.9873889
vt 1.02012 0.98413587
vt 1.0109217 0.9807706
vt 1.0225209 0.9753123
vt 1.0322531 0.9643709
vt 1.014507 0.97820646
vt 1.0066509 0.97241133
vt 1.0116607 0.97125375
vt 1.0051837 0.9631281
vt 1.0104225 0.9629077
vt 1.0051285 0.940033
vt 1.0104047 0.9400063
vt 1.005118 0.91996
vt 1.0439326 0.97746867
vt 1.0539634 0.9643102
vt 1.0209517 0.95178336
vt 1.0104012 0.91990423
vt 1.0051042 0.89985746
vt 1.0321686 0.9399727
vt 1.0103927 0.8997788
vt 1.005086 0.87822324
vt 1.0732913 0.9645633
vt 1.043108 0.95216966
vt 1.0539693 0.93996805
vt 1.0321883 0.9198653
vt 1.0103897 0.8779528
vt 1.0050639 0.85615087
vt 1.0926192 0.9648164
vt 1.0732999 0.93995464
vt 1.0321871 0.89973176
vt 1.0539753 0.9198264
vt 1.0103803 0.85610485
vt 1.0050468 0.83429766
vt 1.1151731 0.9645596
vt 1.0926305 0.9399413
vt 1.0733045 0.9198112
vt 1.0321801 0.8779093
vt 1.0539815 0.8996848
vt 1.0103719 0.8342689
vt 1.0050297 0.8124445
vt 1.137727 0.96430284
vt 1.1151639 0.9399437
vt 1.0926337 0.919796
vt 1.0733092 0.89966774
vt 1.0321697 0.8560759
vt 1.0539703 0.8778658
vt 1.0103636 0.812433
vt 1.0050013 0.77330726
vt 1.0321574 0.8342507
vt 1.0539591 0.856047
vt 1.0732951 0.8778528
vt 1.0926368 0.8996507
vt 1.0103539 0.7733072
vt 1.0050185 0.73420596
vt 1.0103489 0.73420596
vt 1.032145 0.8124255
vt 1.0539155 0.7733073
vt 1.0539145 0.73420596
vt 1.09255 0.7733075
vt 1.09255 0.73420614
vt 1.1376443 0.7342069
vt 1.0539428 0.83423245
vt 1.073281 0.8560381
vt 1.0539265 0.812418
vt 1.0732441 0.81241703
vt 1.0732627 0.8342275
vt 1.0926199 0.87783986
vt 1.092603 0.85602915
vt 1.0925825 0.83422256
vt 1.0925618 0.812416
vt 1.1151679 0.8996556
vt 1.1151538 0.8778446
vt 1.1151397 0.85603356
vt 1.1151233 0.8342252
vt 1.1151068 0.81241673
vt 1.115166 0.9197997
vt 1.1376973 0.93994606
vt 1.1376982 0.9198033
vt 1.137699 0.8996605
vt 1.1376877 0.8778492
vt 1.1376765 0.85603803
vt 1.1602371 0.9643135
vt 1.1602242 0.9399558
vt 1.1827471 0.9643242
vt 1.1602246 0.9198141
vt 1.160225 0.8996724
vt 1.1827509 0.9399655
vt 1.2021371 0.9643301
vt 1.1827509 0.91982496
vt 1.1602182 0.8778587
vt 1.2215271 0.9643359
vt 1.202139 0.9399687
vt 1.182751 0.8996843
vt 1.2409211 0.96433973
vt 1.202139 0.9198282
vt 1.2215271 0.9399719
vt 1.2603152 0.9643436
vt 1.2409213 0.93997204
vt 1.2215271 0.9198314
vt 1.2021391 0.89968765
vt 1.1827487 0.8778682
vt 1.2814493 0.9643461
vt 1.2603153 0.9399722
vt 1.3025836 0.9399722
vt 1.2409213 0.9198315
vt 1.2814494 0.9399722
vt 1.3237177 0.91983163
vt 1.2603153 0.91983163
vt 1.2409213 0.899691
vt 1.3025836 0.9198317
vt 1.3448519 0.91983163
vt 1.2215271 0.8996909
vt 1.2814494 0.91983163
vt 1.3237177 0.8996911
vt 1.3025836 0.8996911
vt 1.2814494 0.8996911
vt 1.2603153 0.89969105
vt 1.2409213 0.87787366
vt 1.2215271 0.8778736
vt 1.2603153 0.87787366
vt 1.202138 0.8778709
vt 1.2409213 0.8560562
vt 1.2215271 0.8560563
vt 1.3025836 0.87787366
vt 1.2814494 0.87787366
vt 1.2603153 0.8560562
vt 1.2409213 0.83423895
vt 1.3237177 0.87787366
vt 1.3448519 0.8996911
vt 1.2021368 0.8560542
vt 1.2215271 0.834239
vt 1.1827463 0.8560521
vt 1.1602113 0.85604507
vt 1.1376642 0.83422774
vt 1.1602039 0.8342321
vt 1.1827435 0.8342365
vt 1.1601963 0.8124192
vt 1.1376519 0.81241745
vt 1.1376443 0.773308
vt 1.1827388 0.7733083
vt 1.1827387 0.7342074
vt 1.2215271 0.7342069
vt 1.2021353 0.83423775
vt 1.1827407 0.81242085
vt 1.2021339 0.8124213
vt 1.2215271 0.773308
vt 1.2215272 0.81242174
vt 1.2409213 0.8124216
vt 1.2603153 0.77330756
vt 1.2603154 0.7342062
vt 1.2603153 0.8342389
vt 1.3025836 0.7733074
vt 1.3025836 0.73420596
vt 1.3448519 0.7733074
vt 1.3448517 0.73420596
vt 1.3848094 0.73420596
vt 1.2603153 0.8124215
vt 1.2814494 0.81242144
vt 1.2814494 0.8560562
vt 1.2814494 0.8342389
vt 1.3025836 0.81242144
vt 1.3025836 0.8560562
vt 1.3025836 0.8342388
vt 1.3237177 0.81242144
vt 1.3237177 0.8560562
vt 1.3237177 0.8342388
vt 1.3448519 0.87787366
vt 1.3448519 0.8560562
vt 1.3448519 0.8342388
vt 1.3648306 0.8996911
vt 1.3648306 0.87787366
vt 1.3448519 0.81242144
vt 1.3648306 0.8560562
vt 1.3648306 0.8342388
vt 1.3648306 0.81242144
vt 1.3848094 0.7733074
vt 1.4247667 0.7733074
vt 1.4247665 0.73420596
vt 1.4622054 0.73420596
vt 1.3848094 0.81242144
vt 1.3848094 0.8342388
vt 1.404788 0.81242144
vt 1.3848094 0.8560562
vt 1.404788 0.83423877
vt 1.3848094 0.87787366
vt 1.404788 0.8560562
vt 1.4247667 0.83423877
vt 1.4247667 0.8124214
vt 1.443486 0.8124214
vt 1.4247667 0.8560562
vt 1.4622054 0.7733074
vt 1.499644 0.7733074
vt 1.499644 0.73420596
vt 1.5370827 0.73420596
vt 1.5370827 0.7733074
vt 1.5745215 0.73420596
vt 1.5745214 0.7733074
vt 1.6144787 0.73420596
vt 1.6144787 0.7733074
vt 1.6544362 0.7733074
vt 1.4622054 0.8124214
vt 1.4809247 0.81242144
vt 1.443486 0.83423877
vt 1.4622054 0.8342388
vt 1.443486 0.8560562
vt 1.404788 0.87787366
vt 1.3848094 0.89969105
vt 1.3648306 0.91983163
vt 1.499644 0.8342388
vt 1.499644 0.81242144
vt 1.5183634 0.81242144
vt 1.5183634 0.8560562
vt 1.5183634 0.8342388
vt 1.5370827 0.81242144
vt 1.5370827 0.8560562
vt 1.5370827 0.8342388
vt 1.5558021 0.81242144
vt 1.5558021 0.87787366
vt 1.5558021 0.8560562
vt 1.5558021 0.8342388
vt 1.5745214 0.81242144
vt 1.5745214 0.8342388
vt 1.5945001 0.81242144
vt 1.5745214 0.8560562
vt 1.5745214 0.87787366
vt 1.5945001 0.8342388
vt 1.5745214 0.89969105
vt 1.5945001 0.8560562
vt 1.5945001 0.89969105
vt 1.5945001 0.87787366
vt 1.6144787 0.87787366
vt 1.6144787 0.8560562
vt 1.6144787 0.8342388
vt 1.6144787 0.91983163
vt 1.6144787 0.89969105
vt 1.6344575 0.89969105
vt 1.6344575 0.87787366
vt 1.6344575 0.8560562
vt 1.6144787 0.81242144
vt 1.6344575 0.81242144
vt 1.6344575 0.8342388
vt 1.6544362 0.87787366
vt 1.6544362 0.91983163
vt 1.6544362 0.8560562
vt 1.6544362 0.8342388
vt 1.6544362 0.81242144
vt 1.6755704 0.81242144
vt 1.6544362 0.89969105
vt 1.6755704 0.89969105
vt 1.6755704 0.8342388
vt 1.6755704 0.87787366
vt 1.6755704 0.8560562
vt 1.6967045 0.89969105
vt 1.6967045 0.87787366
vt 1.7178385 0.87787366
vt 1.7178385 0.8560562
vt 1.6967045 0.8560562
vt 1.7178385 0.8342388
vt 1.6967045 0.8342388
vt 1.7178385 0.81242144
vt 1.6967045 0.81242144
vt 1.7389727 0.81242144
vt 1.0050356 0.49534836
vt 1.0051172 0.45625934
vt 1.0033021 0.4577563
vt 1.0033021 0.49480534
vt 1.0033021 0.53453654
vt 1.0050355 0.53446263
vt 1.0050355 0.5562787
vt 1.0033021 0.55631423
vt 1.0050355 0.57809484
vt 1.0033021 0.5780919
vt 1.0050355 0.60011715
vt 1.0033021 0.60002667
vt 1.0033021 0.62176013
vt 1.0050356 0.62173164
vt 1.0050356 0.6418725
vt 1.0033021 0.6418452
vt 1.0050356 0.66201365
vt 1.0033021 0.6620095
vt 1.0033021 0.68508226
vt 1.0050496 0.6851762
vt 1.0050299 0.6948019
vt 1.0065386 0.69449717
vt 1.0096375 0.70379174
vt 1.0108259 0.70288867
vt 1.0163602 0.71099025
vt 1.0174907 0.7095446
vt 1.0252917 0.7157256
vt 1.0258808 0.71382344
vt 1.0351638 0.71765
vt 1.0351973 0.71531266
vt 1.0539051 0.7153335
vt 1.0539061 0.717709
vt 1.0730076 0.7153367
vt 1.0730102 0.71771485
vt 1.0925401 0.71534
vt 1.0926782 0.71771806
vt 1.1150883 0.71534383
vt 1.1152425 0.71772194
vt 1.1376365 0.7153476
vt 1.1378069 0.7177258
vt 1.1601827 0.71535134
vt 1.1602688 0.7177295
vt 1.1827288 0.7153551
vt 1.1827306 0.7177332
vt 1.202123 0.7153584
vt 1.2021248 0.7177364
vt 1.2215173 0.7153616
vt 1.2215191 0.71773964
vt 1.2409115 0.7153648
vt 1.2409133 0.7177429
vt 1.2603055 0.71536803
vt 1.2603074 0.7177462
vt 1.2814397 0.7153716
vt 1.2814412 0.7177497
vt 1.3025738 0.7153751
vt 1.3025751 0.71775323
vt 1.3237079 0.71537864
vt 1.323709 0.71775675
vt 1.3448421 0.7153822
vt 1.3448429 0.71776026
vt 1.3648208 0.71538556
vt 1.3648217 0.71776366
vt 1.3847996 0.71538883
vt 1.3848003 0.71776706
vt 1.4047782 0.71539223
vt 1.4047787 0.71777034
vt 1.4247568 0.71539557
vt 1.4247572 0.7177736
vt 1.4434762 0.71539867
vt 1.4434766 0.7177768
vt 1.4621956 0.7154018
vt 1.4621959 0.71777993
vt 1.480915 0.71540487
vt 1.4809151 0.71778303
vt 1.4996343 0.71540797
vt 1.4996344 0.71778613
vt 1.5183537 0.71535647
vt 1.5183536 0.71778303
vt 1.537073 0.715305
vt 1.5370728 0.71777993
vt 1.5557926 0.7153019
vt 1.5557921 0.7177768
vt 1.574512 0.7152987
vt 1.5745115 0.7177736
vt 1.5944905 0.71529543
vt 1.5944899 0.7177703
vt 1.6144692 0.7152921
vt 1.6144683 0.71776694
vt 1.6344479 0.71528876
vt 1.6344471 0.71776366
vt 1.6544267 0.71528536
vt 1.6544259 0.7177604
vt 1.6755608 0.71528065
vt 1.6755598 0.7177568
vt 1.696695 0.715276
vt 1.6966937 0.71775323
vt 1.717829 0.7152667
vt 1.7178276 0.7177451
vt 1.738963 0.71525747
vt 1.7389615 0.717737
vt 1.7583296 0.7152419
vt 1.7583555 0.71772045
vt 1.7776961 0.7152264
vt 1.7777495 0.7177039
vt 1.796951 0.7152066
vt 1.7971443 0.7176823
vt 1.8162061 0.7151868
vt 1.816539 0.7176607
vt 1.8384175 0.71516496
vt 1.8389214 0.71763766
vt 1.860629 0.71514314
vt 1.8613038 0.7176146
vt 1.8829231 0.7151084
vt 1.88327 0.7175895
vt 1.9052172 0.7150736
vt 1.9052362 0.7175644
vt 1.925047 0.71502346
vt 1.9250281 0.717547
vt 1.9446847 0.7149546
vt 1.944861 0.7175296
vt 1.9638832 0.71483386
vt 1.9640865 0.7174594
vt 1.974036 0.715428
vt 1.9732242 0.7133219
vt 1.9830446 0.71152925
vt 1.9814891 0.7091158
vt 1.9897571 0.7039773
vt 1.9880409 0.70259154
vt 1.9945724 0.69445103
vt 1.9922817 0.69432294
vt 1.9959761 0.6853216
vt 1.9938043 0.68498135
vt 1.9959761 0.6615275
vt 1.9939197 0.6613126
vt 1.993978 0.6406951
vt 1.9959761 0.6414545
vt 1.9940195 0.6203084
vt 1.9959761 0.62042
vt 1.9959761 0.59891146
vt 1.9940516 0.5988245
vt 1.9940778 0.57715964
vt 1.9959761 0.5769641
vt 1.9940944 0.5556512
vt 1.9959761 0.5558011
vt 1.994111 0.5341428
vt 1.9959761 0.5346381
vt 1.9959761 0.49550086
vt 1.9941192 0.49530128
vt 1.9940187 0.4562809
vt 1.9959761 0.45639953
vt 1.988871 0.4562629
vt 1.9941192 0.49530128
vt 1.9940187 0.4562809
vt 1.9888822 0.4953032
vt 1.9453504 0.49532154
vt 1.9453621 0.4562594
vt 1.9067283 0.45625967
vt 1.9888786 0.5341665
vt 1.994111 0.5341428
vt 1.9670849 0.5342311
vt 1.9888692 0.55569
vt 1.9940944 0.5556512
vt 1.9067152 0.49533266
vt 1.861634 0.45626023
vt 1.9670448 0.5558182
vt 1.9888597 0.57721347
vt 1.9940778 0.57715964
vt 1.8616247 0.49534228
vt 1.8165399 0.45626053
vt 1.9670045 0.57740533
vt 1.9888555 0.5986687
vt 1.9940516 0.5988245
vt 1.8165362 0.49534923
vt 1.7777512 0.45626026
vt 1.9669528 0.59896475
vt 1.9888601 0.6203241
vt 1.9940195 0.6203084
vt 1.7777507 0.49535152
vt 1.7389628 0.4562597
vt 1.9669056 0.6206243
vt 1.9888107 0.640708
vt 1.993978 0.6406951
vt 1.7389629 0.49535167
vt 1.6966947 0.45625943
vt 1.966825 0.6409223
vt 1.9887732 0.66132617
vt 1.9939197 0.6613126
vt 1.9887177 0.6847665
vt 1.9938043 0.68498135
vt 1.9922817 0.6943229
vt 1.9668857 0.6613172
vt 1.6966947 0.49535152
vt 1.6544266 0.45625937
vt 1.9874793 0.69321567
vt 1.9880409 0.7025916
vt 1.984653 0.70016235
vt 1.9814891 0.7091158
vt 1.976682 0.69725966
vt 1.9668391 0.6861647
vt 1.9782127 0.67340803
vt 1.9790738 0.7060508
vt 1.9732242 0.7133219
vt 1.972125 0.70929056
vt 1.9638832 0.71483386
vt 1.9636688 0.71048814
vt 1.9446847 0.7149546
vt 1.9446881 0.71054024
vt 1.925047 0.71502346
vt 1.954986 0.6993547
vt 1.9248126 0.71058255
vt 1.9052172 0.7150736
vt 1.9447093 0.6860477
vt 1.9051914 0.7106459
vt 1.8829231 0.7151084
vt 1.9558177 0.6737579
vt 1.9447277 0.6613486
vt 1.9251103 0.6863493
vt 1.8828063 0.71064794
vt 1.860629 0.71514314
vt 1.9448394 0.6411365
vt 1.9055114 0.6866508
vt 1.9252951 0.6614784
vt 1.8606582 0.71065676
vt 1.8384175 0.71516496
vt 1.944951 0.62092453
vt 1.9254358 0.64159334
vt 1.8831906 0.6864445
vt 1.9058625 0.6616082
vt 1.8384391 0.71067035
vt 1.8162061 0.7151868
vt 1.9450502 0.5992608
vt 1.9255817 0.6210948
vt 1.9060321 0.64205015
vt 1.8608699 0.68623817
vt 1.8834721 0.66171396
vt 1.81622 0.7106839
vt 1.796951 0.7152066
vt 1.9451494 0.5775972
vt 1.9256966 0.5993946
vt 1.9062124 0.62126505
vt 1.883608 0.6421301
vt 1.8385794 0.6862777
vt 1.8610817 0.66181964
vt 1.7969593 0.7106923
vt 1.7776961 0.7152264
vt 1.816289 0.6863172
vt 1.8387197 0.6618851
vt 1.8611839 0.64221
vt 1.8837521 0.6213876
vt 1.7776985 0.71070063
vt 1.7583296 0.7152419
vt 1.7969987 0.68633413
vt 1.8163577 0.6619505
vt 1.8387842 0.64224726
vt 1.7583308 0.7107099
vt 1.738963 0.71525747
vt 1.7777086 0.686351
vt 1.7970383 0.661976
vt 1.738963 0.71071917
vt 1.717829 0.7152667
vt 1.7583358 0.68635815
vt 1.717829 0.7107258
vt 1.696695 0.715276
vt 1.8612916 0.62151015
vt 1.8163847 0.6422845
vt 1.7777188 0.6620014
vt 1.7389629 0.6863653
vt 1.6966949 0.7107324
vt 1.6755608 0.71528065
vt 1.8388523 0.62158734
vt 1.7970545 0.6422821
vt 1.7583408 0.6620064
vt 1.8164129 0.6216645
vt 1.7777245 0.6422797
vt 1.7970717 0.6216927
vt 1.6755607 0.7107365
vt 1.6544266 0.7107407
vt 1.6544267 0.71528536
vt 1.6344479 0.71528876
vt 1.6344478 0.710744
vt 1.6144692 0.7152921
vt 1.6966949 0.6863724
vt 1.6544266 0.68637663
vt 1.6144692 0.7107473
vt 1.5944905 0.71529543
vt 1.6755607 0.68637455
vt 1.7178289 0.6863688
vt 1.6344478 0.6863783
vt 1.6966947 0.6620124
vt 1.7389629 0.66201144
vt 1.7178288 0.6620119
vt 1.7583437 0.6422558
vt 1.7583466 0.6217264
vt 1.7389629 0.6422318
vt 1.7777303 0.6217209
vt 1.7777354 0.59990513
vt 1.6755606 0.66201246
vt 1.6966947 0.64216876
vt 1.7178288 0.6422003
vt 1.7389629 0.62173194
vt 1.7178288 0.621732
vt 1.7389629 0.59991455
vt 1.7583492 0.59990984
vt 1.6544265 0.6620126
vt 1.6344478 0.6620126
vt 1.614469 0.68637997
vt 1.5944905 0.71075064
vt 1.5745118 0.710754
vt 1.574512 0.7152987
vt 1.5944904 0.6863816
vt 1.5557923 0.71075714
vt 1.5557926 0.7153019
vt 1.537073 0.715305
vt 1.5745118 0.68638325
vt 1.5944903 0.6620126
vt 1.614469 0.66201264
vt 1.537073 0.71076024
vt 1.5183537 0.71535647
vt 1.5557923 0.68638486
vt 1.5183537 0.71077967
vt 1.4996343 0.71540797
vt 1.5370729 0.68638647
vt 1.5557923 0.66201264
vt 1.5745116 0.6620126
vt 1.4996343 0.71079904
vt 1.480915 0.71540487
vt 1.5944904 0.642015
vt 1.5183536 0.6863963
vt 1.480915 0.7107959
vt 1.4621956 0.7154018
vt 1.4996343 0.68640614
vt 1.5183536 0.66201293
vt 1.5370729 0.6620127
vt 1.5557923 0.6419568
vt 1.4621956 0.7107928
vt 1.4434762 0.71539867
vt 1.480915 0.6864046
vt 1.5745118 0.64198494
vt 1.5183536 0.64190066
vt 1.4996343 0.6620132
vt 1.480915 0.6620132
vt 1.4621956 0.68640304
vt 1.4434762 0.7107896
vt 1.5370729 0.6419287
vt 1.5557923 0.621732
vt 1.4247569 0.71078646
vt 1.4247568 0.71539557
vt 1.4047782 0.71539223
vt 1.4047782 0.7107831
vt 1.3847996 0.71538883
vt 1.3847996 0.7107798
vt 1.3648208 0.71538556
vt 1.4047782 0.68639815
vt 1.4247569 0.6863998
vt 1.4434762 0.6864014
vt 1.4621956 0.66201323
vt 1.480915 0.6419008
vt 1.4996343 0.64187264
vt 1.5183536 0.621732
vt 1.5370729 0.621732
vt 1.4047782 0.6620132
vt 1.4247569 0.6620131
vt 1.4434762 0.6620132
vt 1.4621956 0.6419289
vt 1.480915 0.621732
vt 1.4996343 0.62173206
vt 1.3847996 0.6863965
vt 1.3648208 0.71077645
vt 1.3448421 0.7107731
vt 1.3448421 0.7153822
vt 1.3237079 0.71537864
vt 1.3237079 0.7107696
vt 1.3025738 0.7153751
vt 1.3448421 0.68639314
vt 1.3648208 0.6863948
vt 1.3847996 0.6620132
vt 1.4047782 0.64201534
vt 1.4247569 0.6419853
vt 1.4434762 0.6419571
vt 1.4621956 0.621732
vt 1.3648208 0.6620132
vt 1.3847997 0.6420454
vt 1.4047782 0.621732
vt 1.4247569 0.621732
vt 1.4434762 0.621732
vt 1.3448421 0.6620131
vt 1.4247569 0.59991455
vt 1.480915 0.5999146
vt 1.4621956 0.59991455
vt 1.4996343 0.59991467
vt 1.4434762 0.59991455
vt 1.480915 0.5780972
vt 1.5183536 0.5999146
vt 1.5370729 0.59991455
vt 1.5183536 0.5780972
vt 1.4621956 0.57809716
vt 1.4996343 0.5780972
vt 1.5557923 0.59991455
vt 1.480915 0.5562798
vt 1.4434762 0.57809716
vt 1.4621956 0.5562798
vt 1.4247569 0.57809716
vt 1.5370729 0.57809716
vt 1.5557923 0.57809716
vt 1.5745116 0.59991455
vt 1.5183536 0.5562798
vt 1.4996343 0.5562798
vt 1.480915 0.5344624
vt 1.5745116 0.621732
vt 1.5944903 0.621732
vt 1.5944903 0.59991455
vt 1.614469 0.6420451
vt 1.6344478 0.6420752
vt 1.6544266 0.6421052
vt 1.6344477 0.621732
vt 1.6144689 0.621732
vt 1.614469 0.59991455
vt 1.5944903 0.57809716
vt 1.6755607 0.642137
vt 1.6966947 0.621732
vt 1.6755606 0.621732
vt 1.7178288 0.59991455
vt 1.6966947 0.59991455
vt 1.6544265 0.621732
vt 1.7178288 0.57809716
vt 1.6755606 0.59991455
vt 1.6544265 0.59991455
vt 1.6755606 0.57809716
vt 1.7389629 0.57809716
vt 1.6966947 0.57809716
vt 1.6344478 0.59991455
vt 1.6344478 0.57809716
vt 1.6544265 0.57809716
vt 1.614469 0.57809716
vt 1.7178288 0.5562798
vt 1.6755606 0.5562798
vt 1.6344478 0.5562798
vt 1.6966947 0.5562798
vt 1.6544265 0.5562798
vt 1.6755606 0.53446245
vt 1.5944903 0.5562798
vt 1.614469 0.5562798
vt 1.6344478 0.53446245
vt 1.6544265 0.53446245
vt 1.5745116 0.57809716
vt 1.5557923 0.5562798
vt 1.5745116 0.5562798
vt 1.5944903 0.53446245
vt 1.5370729 0.5562798
vt 1.5557923 0.53446245
vt 1.5183536 0.53446245
vt 1.614469 0.53446245
vt 1.614469 0.4953515
vt 1.5745116 0.53446245
vt 1.5745118 0.4953515
vt 1.5370729 0.53446245
vt 1.5370729 0.4953515
vt 1.4996343 0.5344624
vt 1.4996343 0.49534833
vt 1.6544265 0.4953515
vt 1.5370729 0.45625937
vt 1.5745119 0.45625937
vt 1.4996343 0.4562469
vt 1.614469 0.45625937
vt 1.4621956 0.4562469
vt 1.4621956 0.49534833
vt 1.4247568 0.4562469
vt 1.6966947 0.53446245
vt 1.7178288 0.53446245
vt 1.7389629 0.55627984
vt 1.7389629 0.5344625
vt 1.7583554 0.53446114
vt 1.7583516 0.5780933
vt 1.7583535 0.55627716
vt 1.7777478 0.5344597
vt 1.7777404 0.57808936
vt 1.777744 0.55627453
vt 1.7971332 0.5344523
vt 1.7970898 0.599881
vt 1.7971079 0.57806927
vt 1.7971206 0.5562608
vt 1.8165188 0.5344449
vt 1.8164443 0.59985685
vt 1.8164756 0.5780492
vt 1.8164972 0.55624706
vt 1.8390479 0.5344254
vt 1.8389094 0.5997919
vt 1.8390073 0.5562109
vt 1.8389666 0.5779965
vt 1.8613746 0.5997269
vt 1.8615173 0.55617476
vt 1.8614577 0.57794374
vt 1.8615769 0.5344058
vt 1.8841126 0.5343764
vt 1.8838588 0.5996277
vt 1.8839655 0.5778678
vt 1.8840392 0.55612206
vt 1.9066484 0.5343469
vt 1.906343 0.59952843
vt 1.9064734 0.57779187
vt 1.9065609 0.5560694
vt 1.9259698 0.5343213
vt 1.9258114 0.57769454
vt 1.9258907 0.5560079
vt 1.9452913 0.53429574
vt 1.9452204 0.55594647
vt 1.9914103 0.23673557
vt 1.9925861 0.23671883
vt 1.9925843 0.20834641
vt 1.991409 0.20832935
vt 1.0071872 0.23669334
vt 1.0088645 0.23673558
vt 1.0088645 0.20832935
vt 1.0071872 0.2083716
vt 1.0088645 0.20832935
vt 1.0088645 0.23673558
vt 1.0126799 0.23673224
vt 1.0132561 0.2083322
vt 1.0543535 0.20910466
vt 1.0556357 0.23672679
vt 1.0947014 0.2098737
vt 1.0941087 0.23672813
vt 1.1389728 0.21106704
vt 1.1389732 0.2367251
vt 1.1838511 0.21226312
vt 1.1838512 0.23672003
vt 1.2224538 0.21199739
vt 1.2224538 0.23672433
vt 1.2610563 0.21173126
vt 1.2610562 0.23673101
vt 1.3031218 0.21160804
vt 1.3031218 0.23673336
vt 1.3451874 0.21148401
vt 1.3451873 0.2367336
vt 1.3849535 0.21066344
vt 1.3849533 0.23673408
vt 1.4247192 0.20984267
vt 1.4247191 0.2367346
vt 1.4619788 0.20910431
vt 1.4619786 0.2367351
vt 1.4992383 0.20836656
vt 1.4992379 0.23673552
vt 1.5364975 0.20778833
vt 1.5364971 0.23673588
vt 1.5737569 0.2072105
vt 1.5737566 0.23673607
vt 1.6135224 0.20751053
vt 1.6135224 0.23673604
vt 1.6532886 0.20781067
vt 1.6532884 0.23673597
vt 1.6953541 0.20732681
vt 1.6953539 0.23673615
vt 1.7374195 0.20684268
vt 1.7374196 0.23673636
vt 1.776022 0.20692427
vt 1.776022 0.23673639
vt 1.8146619 0.20701577
vt 1.8146232 0.23673595
vt 1.8595806 0.20747375
vt 1.8595028 0.23673609
vt 1.9044087 0.2079085
vt 1.9043789 0.2367312
vt 1.9429356 0.20811401
vt 1.94292 0.23672771
vt 1.9863775 0.20833135
vt 1.9863876 0.23673303
vt 1.9914103 0.23673557
vt 1.991409 0.20832935
vt 1.9917624 0.1456978
vt 1.9917625 0.17407021
vt 1.9865698 0.17408477
vt 1.986512 0.1456826
vt 1.9432088 0.17407924
vt 1.9431286 0.14546457
vt 1.9046077 0.14525947
vt 1.9047606 0.17408271
vt 1.8596905 0.14482516
vt 1.8598801 0.17408763
vt 1.8149114 0.14436714
vt 1.815005 0.1740875
vt 1.7763994 0.14427565
vt 1.7763994 0.17408793
vt 1.7377969 0.14419402
vt 1.737797 0.1740879
vt 1.6957314 0.14467818
vt 1.6957315 0.17408769
vt 1.6536318 0.14516954
vt 1.6536655 0.1740876
vt 1.6138324 0.14487669
vt 1.6139 0.1740876
vt 1.5741011 0.14456908
vt 1.5741346 0.17408754
vt 1.5368749 0.14513959
vt 1.5368747 0.17408742
vt 1.4996151 0.17407003
vt 1.4996157 0.14573252
vt 1.4623557 0.17406917
vt 1.4623563 0.14646651
vt 1.4250966 0.14720291
vt 1.4250962 0.17406824
vt 1.385331 0.14802633
vt 1.3853304 0.17406726
vt 1.3455648 0.14885111
vt 1.3455646 0.1740663
vt 1.3034993 0.1489778
vt 1.3034991 0.17406526
vt 1.261434 0.1491016
vt 1.2614337 0.17406219
vt 1.2228311 0.17405705
vt 1.2228314 0.14936805
vt 1.1842282 0.14963597
vt 1.1842287 0.17405438
vt 1.1395049 0.14844805
vt 1.1393511 0.17405723
vt 1.0950558 0.14725702
vt 1.0944623 0.1740606
vt 1.0542511 0.14648005
vt 1.0558329 0.17406328
vt 1.0127277 0.14570525
vt 1.0121324 0.17406206
vt 1.0070866 0.17404386
vt 1.007383 0.14572412
vt 1.9812951 0.10237605
vt 1.9863486 0.07587366
vt 1.9863486 0.09933348
vt 1.9812951 0.07283663
vt 1.9395967 0.07121306
vt 1.9395967 0.10405944
vt 1.9010065 0.10406014
vt 1.9010065 0.07118173
vt 1.8560231 0.07114835
vt 1.8560231 0.10405879
vt 1.8116741 0.10405879
vt 1.8116741 0.07114835
vt 1.7735276 0.07114835
vt 1.7735276 0.10405879
vt 1.7353815 0.10405879
vt 1.7353815 0.07114835
vt 1.6938119 0.07114835
vt 1.6938119 0.10405879
vt 1.6522423 0.10405879
vt 1.6522423 0.07114835
vt 1.6129459 0.07114835
vt 1.6129459 0.10405879
vt 1.5736502 0.10405879
vt 1.5736502 0.07114835
vt 1.5368298 0.07114835
vt 1.5368298 0.10405879
vt 1.500011 0.07114835
vt 1.5000114 0.10376129
vt 1.4631908 0.07114835
vt 1.463191 0.10376129
vt 1.4263712 0.07114835
vt 1.4263712 0.10376129
vt 1.3870747 0.07114835
vt 1.3870742 0.10376129
vt 1.3477762 0.07114835
vt 1.3477751 0.10376129
vt 1.3062088 0.07114835
vt 1.3062085 0.10376129
vt 1.26464 0.07114835
vt 1.2646401 0.10376129
vt 1.2264929 0.07114835
vt 1.2264936 0.10376129
vt 1.1883487 0.07114835
vt 1.1883502 0.10376129
vt 1.1439974 0.07114835
vt 1.1439976 0.1037615
vt 1.0996468 0.07118093
vt 1.0996461 0.10376238
vt 1.0592244 0.071213
vt 1.0592253 0.10334906
vt 1.0188059 0.07283679
vt 1.0188657 0.10208052
vt 1.0138125 0.0998594
vt 1.0136513 0.07587366
vt 1.0118731 0.43895262
vt 1.0064682 0.3851816
vt 1.0064682 0.43895262
vt 1.0118731 0.38540083
vt 1.0079485 0.37583655
vt 1.0917093 0.3595836
vt 1.0917094 0.43895262
vt 1.0131177 0.37720543
vt 1.0122439 0.36740607
vt 1.2603151 0.35958448
vt 1.2603151 0.43895265
vt 1.036929 0.35958332
vt 1.0166806 0.3702244
vt 1.0189345 0.36071575
vt 1.029231 0.36109203
vt 1.0219185 0.36465538
vt 1.0273645 0.35642013
vt 1.0367097 0.35494003
vt 1.0917091 0.3549398
vt 1.260315 0.3549392
vt 1.499644 0.3549383
vt 1.499644 0.3595857
vt 1.499644 0.43895274
vt 1.7389729 0.3549392
vt 1.738973 0.35958448
vt 1.7389729 0.4389527
vt 1.9075786 0.35493982
vt 1.9075786 0.35958362
vt 1.9075787 0.43895265
vt 1.9615666 0.35494003
vt 1.9864033 0.43895262
vt 1.9613472 0.35958332
vt 1.9709115 0.35642013
vt 1.9864033 0.38540083
vt 1.9918078 0.43895262
vt 1.9918078 0.3851816
vt 1.9690458 0.3610919
vt 1.979342 0.36071575
vt 1.9851589 0.37720543
vt 1.9903281 0.37583655
vt 1.9815959 0.37022427
vt 1.9860327 0.36740607
vt 1.9763582 0.3646552
vt 1.0113863 0.33505166
vt 1.0059818 0.28128064
vt 1.0059818 0.33505166
vt 1.0113863 0.28149986
vt 1.0074615 0.27193558
vt 1.090211 0.25568265
vt 1.0902109 0.33505166
vt 1.0126307 0.27330446
vt 1.0117569 0.2635051
vt 1.2588167 0.25568348
vt 1.2588166 0.33505166
vt 1.4981787 0.2556846
vt 1.4367988 0.33505166
vt 1.4981456 0.33505166
vt 1.5594921 0.33505166
vt 1.0364424 0.25568235
vt 1.0161937 0.26632333
vt 1.0184476 0.25681478
vt 1.0287439 0.25719094
vt 1.0214314 0.2607544
vt 1.0268781 0.25251922
vt 1.036223 0.2510391
vt 1.090211 0.25103885
vt 1.2588167 0.25103825
vt 1.4981456 0.25103736
vt 1.7374747 0.25103825
vt 1.7374746 0.25568348
vt 1.9060805 0.25103885
vt 1.9060804 0.25568265
vt 1.7374744 0.33505172
vt 1.9060802 0.33505172
vt 1.96108 0.2510391
vt 1.9859165 0.33505166
vt 1.9608606 0.25568235
vt 1.9704251 0.25251922
vt 1.9859167 0.28149986
vt 1.9913214 0.33505166
vt 1.9913214 0.28128064
vt 1.9685587 0.25719106
vt 1.9788551 0.25681478
vt 1.984672 0.27330446
vt 1.9898411 0.27193558
vt 1.9758711 0.2607544
vt 1.9855458 0.2635051
vt 1.981109 0.26632345
vt 1.0048074 0.27989393
vt 1.0049609 0.33488715
vt 1.0059818 0.33505166
vt 1.0059818 0.28128064
vt 1.0074615 0.27193558
vt 1.006142 0.27111402
vt 1.0117569 0.2635051
vt 1.0103486 0.26273438
vt 1.0184476 0.25681478
vt 1.0171692 0.25567466
vt 1.0268781 0.25251922
vt 1.0260508 0.2508935
vt 1.036223 0.2510391
vt 1.0353413 0.2498868
vt 1.0903009 0.24936944
vt 1.090211 0.25103885
vt 1.2587422 0.2493693
vt 1.2588167 0.25103825
vt 1.4981424 0.24936903
vt 1.4981456 0.25103736
vt 1.7374747 0.25103825
vt 1.7391593 0.2493693
vt 1.9053105 0.24936944
vt 1.9060805 0.25103885
vt 1.961096 0.24932027
vt 1.96108 0.2510391
vt 1.9704251 0.25251922
vt 1.9712077 0.25097287
vt 1.9788551 0.25681478
vt 1.9799896 0.25567406
vt 1.9855458 0.2635051
vt 1.9870155 0.2630404
vt 1.9898411 0.27193558
vt 1.9910821 0.2712005
vt 1.9913214 0.28128064
vt 1.9929823 0.28122154
vt 1.9928606 0.33485156
vt 1.9913214 0.33505166
vt 1.0088645 0.18335077
vt 1.0088645 0.20829311
vt 1.0130678 0.20828828
vt 1.012557 0.18334593
vt 1.054587 0.20907313
vt 1.0941247 0.18334669
vt 1.0947047 0.20983768
vt 1.1389731 0.21103437
vt 1.1838514 0.18335502
vt 1.1838509 0.21222658
vt 1.2224537 0.21196447
vt 1.2610562 0.18334593
vt 1.2610564 0.21169509
vt 1.3031218 0.21157524
vt 1.3451875 0.183343
vt 1.345187 0.21144775
vt 1.3849531 0.21063088
vt 1.4247195 0.18334357
vt 1.4247185 0.20980658
vt 1.4619786 0.20907192
vt 1.4992381 0.1833443
vt 1.4992377 0.20833041
vt 1.5364972 0.20775591
vt 1.5737567 0.18334478
vt 1.5737569 0.20717435
vt 1.6135225 0.20747809
vt 1.6532885 0.18334477
vt 1.6532886 0.20777406
vt 1.695354 0.20729434
vt 1.7374198 0.18334506
vt 1.7374191 0.20680623
vt 1.7760221 0.20689178
vt 1.8146225 0.1833445
vt 1.8146611 0.20697889
vt 1.8595963 0.20744582
vt 1.9044462 0.18334454
vt 1.9044063 0.20787174
vt 1.9429142 0.20808184
vt 1.9864429 0.18334658
vt 1.9863664 0.20828792
vt 1.99141 0.20829311
vt 1.9914093 0.18335077
vt 1.9917626 0.12072151
vt 1.9917625 0.14562541
vt 1.9865298 0.14563937
vt 1.9865708 0.12069828
vt 1.9431057 0.14543222
vt 1.9047586 0.12069603
vt 1.9046093 0.14522268
vt 1.8596528 0.14479722
vt 1.815006 0.12069601
vt 1.8149152 0.14433028
vt 1.7763995 0.14424314
vt 1.7377971 0.12069657
vt 1.7377965 0.14415757
vt 1.6957314 0.1446457
vt 1.6536652 0.12069638
vt 1.6536314 0.14513303
vt 1.613819 0.14484724
vt 1.5741469 0.12069903
vt 1.574108 0.14453518
vt 1.5606631 0.12070821
vt 1.5368747 0.14510724
vt 1.4996157 0.1207157
vt 1.4996148 0.14566208
vt 1.4623555 0.14640053
vt 1.4385694 0.12072003
vt 1.4250957 0.14713705
vt 1.4250927 0.12071387
vt 1.3853303 0.14796045
vt 1.3455646 0.12070719
vt 1.3455641 0.14878045
vt 1.3034991 0.14891101
vt 1.2614336 0.12070979
vt 1.261434 0.14903094
vt 1.2228311 0.14930092
vt 1.1842235 0.12071493
vt 1.184228 0.14956434
vt 1.1394687 0.14837949
vt 1.0943632 0.12071165
vt 1.0951217 0.14718537
vt 1.0544335 0.14641142
vt 1.0120137 0.1207165
vt 1.0125184 0.14561154
vt 1.0073272 0.14559612
vt 1.0071342 0.12075051
vt 1.9925859 0.20827408
vt 1.9925845 0.1833702
vt 1.9919969 0.18336049
vt 1.991998 0.2082836
vt 1.99141 0.20829311
vt 1.9914093 0.18335077
vt 1.0080259 0.18337479
vt 1.0071872 0.18339881
vt 1.0071872 0.20824507
vt 1.0080259 0.20826909
vt 1.0088645 0.20829311
vt 1.0088645 0.18335077
vt 1.0209748 0.023891509
vt 1.0276847 0.0045497576
vt 1.1029289 0.0045497576
vt 1.0989783 0.023891509
vt 1.1860332 0.0045497576
vt 1.0127314 0.038561255
vt 1.1850272 0.023891509
vt 1.2626097 0.0045497576
vt 1.0933372 0.03799448
vt 1.2619388 0.023891568
vt 1.3464491 0.0045497576
vt 1.1821059 0.037833236
vt 1.3460153 0.023891509
vt 1.4268788 0.0045497576
vt 1.2597803 0.037831977
vt 1.42619 0.023891509
vt 1.5000106 0.0045497576
vt 1.3446262 0.037843503
vt 1.5000106 0.023891509
vt 1.5731424 0.0045497576
vt 1.4252012 0.03786309
vt 1.5738788 0.023891509
vt 1.6535721 0.0045497576
vt 1.5000104 0.03788031
vt 1.654104 0.023891509
vt 1.7374114 0.0045497576
vt 1.5748991 0.037891675
vt 1.7382867 0.023891509
vt 1.813988 0.0045497576
vt 1.655557 0.037895575
vt 1.8152912 0.023891509
vt 1.8970923 0.0045497576
vt 1.7405784 0.037901692
vt 1.9012399 0.023891509
vt 1.8184073 0.037901774
vt 1.9790267 0.023891568
vt 1.9723172 0.0045497576
vt 1.9790267 0.023891509
vt 1.9723172 0.0045497576
vt 1.9872731 0.038548134
vt 1.9070024 0.038063273
vt 1.9872731 0.038548138
vt 1.9930124 0.052179143
vt 1.9926333 0.05217851
vt 1.9842325 0.052182145
vt 1.9509755 0.05219656
vt 1.9093177 0.052214608
vt 1.8642231 0.052121
vt 1.8191285 0.052027393
vt 1.7800694 0.05199522
vt 1.7410103 0.05196305
vt 1.698447 0.052161645
vt 1.6558836 0.05236024
vt 1.6156472 0.05211536
vt 1.5754108 0.05187048
vt 1.5377107 0.051975146
vt 1.5000104 0.05207981
vt 1.4623103 0.052093938
vt 1.4246101 0.052108064
vt 1.3843739 0.052209698
vt 1.3441375 0.05231133
vt 1.3015742 0.052204493
vt 1.2590108 0.052097656
vt 1.2199519 0.052289642
vt 1.180893 0.052481633
vt 1.1357832 0.052242897
vt 1.0906734 0.05200416
vt 1.0489988 0.052002296
vt 1.0147827 0.05200077
vt 1.0073243 0.052000437
vt 1.0069877 0.052179147
vt 1.0209748 0.023891509
vt 1.0276847 0.0045497576
vt 1.0276847 0.0045497576
vt 1.0209748 0.023891568
vt 1.0127314 0.038561255
vt 1.1029289 0.0045497576
vt 1.0127316 0.03856126
vt 1.0069877 0.052179147
vt 1.0073242 0.05200044
vt 1.0167463 0.052000858
vt 1.0489988 0.052002296
vt 1.0933372 0.037994485
vt 1.0906734 0.052004155
vt 1.1357832 0.052242894
vt 1.0989783 0.023891509
vt 1.1821059 0.03783324
vt 1.1808928 0.052481633
vt 1.2199519 0.052289642
vt 1.1850272 0.023891509
vt 1.1860332 0.0045497576
vt 1.2597803 0.037831977
vt 1.2590108 0.052097656
vt 1.3015741 0.052199867
vt 1.2619388 0.023891509
vt 1.2626097 0.0045497576
vt 1.3446262 0.037843175
vt 1.3441374 0.052302077
vt 1.3843737 0.05219578
vt 1.3460153 0.023891509
vt 1.3464491 0.0045497576
vt 1.4252012 0.03786255
vt 1.42461 0.05208948
vt 1.4623102 0.05207987
vt 1.42619 0.023891509
vt 1.4268788 0.0045497576
vt 1.5000105 0.03788004
vt 1.5000104 0.052070267
vt 1.5377107 0.051970374
vt 1.5000106 0.023891509
vt 1.5000106 0.0045497576
vt 1.5748991 0.037891675
vt 1.5754108 0.05187048
vt 1.6156472 0.05211536
vt 1.5738788 0.023891509
vt 1.5731424 0.0045497576
vt 1.655557 0.037895575
vt 1.6558836 0.05236024
vt 1.698447 0.052161645
vt 1.654104 0.023891509
vt 1.6535721 0.0045497576
vt 1.7405783 0.037901696
vt 1.7410103 0.05196305
vt 1.7800694 0.05199522
vt 1.7382867 0.023891509
vt 1.7374114 0.0045497576
vt 1.8184073 0.037901774
vt 1.8191285 0.052027393
vt 1.8642231 0.052121
vt 1.8152912 0.023891509
vt 1.813988 0.0045497576
vt 1.9070023 0.038063273
vt 1.9093177 0.052214608
vt 1.9509755 0.05219656
vt 1.9012399 0.023891509
vt 1.8970923 0.0045497576
vt 1.9872731 0.038548134
vt 1.9808275 0.052183624
vt 1.9926333 0.05217851
vt 1.9930124 0.052179143
vt 1.9790267 0.023891509
vt 1.9723172 0.0045497576
vt 1.4247569 0.49534833
vt 1.3847996 0.4562469
vt 1.3847996 0.49534833
vt 1.344842 0.4562469
vt 1.3448421 0.49534833
vt 1.3025738 0.4562469
vt 1.3025738 0.49534833
vt 1.2603056 0.4562469
vt 1.2603055 0.49534833
vt 1.2215173 0.4562469
vt 1.4434762 0.5344624
vt 1.4621956 0.5344624
vt 1.4434762 0.5562798
vt 1.4247569 0.5344624
vt 1.4247569 0.5562798
vt 1.4047782 0.5344624
vt 1.4047782 0.5562798
vt 1.4047782 0.57809716
vt 1.4047782 0.59991455
vt 1.3847996 0.621732
vt 1.3847996 0.59991455
vt 1.3847996 0.57809716
vt 1.3847996 0.5562798
vt 1.3847996 0.5344624
vt 1.364821 0.6420754
vt 1.3648208 0.621732
vt 1.3448421 0.64210546
vt 1.3648208 0.59991455
vt 1.3648208 0.5344624
vt 1.3648208 0.5562798
vt 1.3648208 0.57809716
vt 1.3448421 0.5344624
vt 1.3448421 0.5562798
vt 1.3237079 0.5344624
vt 1.3448421 0.57809716
vt 1.3448421 0.59991455
vt 1.3237079 0.5562798
vt 1.3448421 0.621732
vt 1.3237079 0.57809716
vt 1.3237079 0.59991455
vt 1.3237079 0.621732
vt 1.3237079 0.6421373
vt 1.3237079 0.6620132
vt 1.3237079 0.68639135
vt 1.3025738 0.7107661
vt 1.3025738 0.6863896
vt 1.2814397 0.7107625
vt 1.2814397 0.7153716
vt 1.3025738 0.6620132
vt 1.3025738 0.6421692
vt 1.3025738 0.62173206
vt 1.2814397 0.6863878
vt 1.2603055 0.7107589
vt 1.2603055 0.71536803
vt 1.2814397 0.6620132
vt 1.2603055 0.686386
vt 1.2409115 0.7107557
vt 1.2409115 0.7153648
vt 1.3025738 0.5999146
vt 1.2814397 0.64220095
vt 1.2603055 0.6620131
vt 1.2409115 0.6863844
vt 1.2215173 0.7107525
vt 1.2215173 0.7153616
vt 1.3025738 0.57809716
vt 1.2603055 0.6422327
vt 1.2409115 0.6620131
vt 1.2215173 0.6863828
vt 1.2021232 0.7107493
vt 1.202123 0.7153584
vt 1.3025738 0.5562798
vt 1.2409115 0.64226186
vt 1.2215174 0.6620131
vt 1.2021234 0.68638104
vt 1.1827291 0.71074617
vt 1.1827288 0.7153551
vt 1.2215173 0.64229107
vt 1.2409115 0.62173194
vt 1.2021235 0.6620128
vt 1.1827294 0.6863793
vt 1.1601821 0.71074224
vt 1.1601827 0.71535134
vt 1.2603055 0.621732
vt 1.2814397 0.621732
vt 1.2603055 0.59991455
vt 1.2814397 0.59991455
vt 1.2814397 0.57809716
vt 1.1601822 0.68637735
vt 1.2603055 0.57809716
vt 1.2409115 0.59991455
vt 1.2409115 0.5780971
vt 1.2215173 0.6217319
vt 1.2215173 0.5999145
vt 1.2021233 0.6217318
vt 1.2021234 0.64232004
vt 1.2603055 0.5562798
vt 1.2409115 0.5562798
vt 1.2215173 0.5780971
vt 1.2021233 0.59991443
vt 1.2814397 0.5562798
vt 1.3025738 0.5344624
vt 1.2814397 0.5344624
vt 1.2603055 0.5344624
vt 1.2409115 0.53446233
vt 1.2215173 0.5562797
vt 1.2215173 0.49534833
vt 1.1827291 0.49534836
vt 1.1827289 0.4562469
vt 1.1376345 0.45624688
vt 1.2215173 0.53446233
vt 1.2021233 0.5780971
vt 1.2021232 0.53446233
vt 1.2021233 0.5562797
vt 1.1827291 0.5344624
vt 1.1827292 0.5562797
vt 1.1827292 0.57809705
vt 1.1601819 0.5344624
vt 1.1376346 0.4953484
vt 1.09254 0.4953484
vt 1.0925403 0.4562469
vt 1.0539049 0.4562469
vt 1.1827292 0.59991443
vt 1.160182 0.55627966
vt 1.160182 0.578097
vt 1.1827292 0.62173176
vt 1.1376346 0.55627966
vt 1.1376346 0.5344624
vt 1.1150873 0.5344624
vt 1.1601821 0.5999142
vt 1.1827295 0.64234906
vt 1.1376346 0.578097
vt 1.1150875 0.55627954
vt 1.1601822 0.6217314
vt 1.1827296 0.6620125
vt 1.137635 0.599914
vt 1.1601824 0.64238274
vt 1.1601822 0.6620125
vt 1.1376352 0.6217311
vt 1.1150877 0.57809675
vt 1.1376352 0.6424165
vt 1.137635 0.6620125
vt 1.1150879 0.5999139
vt 1.115088 0.62173116
vt 1.137635 0.6863754
vt 1.1150879 0.64245045
vt 1.1376351 0.71073824
vt 1.1376365 0.7153476
vt 1.1150876 0.6620125
vt 1.1150861 0.7107348
vt 1.1150883 0.71534383
vt 1.1150873 0.68662727
vt 1.0925395 0.7107309
vt 1.0925401 0.71534
vt 1.0925394 0.68687916
vt 1.0925403 0.6620125
vt 1.0925405 0.6424844
vt 1.0732213 0.71072745
vt 1.0730076 0.7153367
vt 1.0732224 0.68662566
vt 1.0732224 0.6620129
vt 1.0539045 0.7107226
vt 1.0539051 0.7153335
vt 1.0354095 0.7107171
vt 1.0351973 0.71531266
vt 1.0258808 0.71382344
vt 1.0539052 0.68637216
vt 1.0732228 0.6421784
vt 1.0539047 0.66201323
vt 1.027036 0.7095429
vt 1.0174907 0.7095446
vt 1.0200398 0.7062894
vt 1.0108259 0.70288867
vt 1.0224615 0.69741416
vt 1.0322006 0.68644935
vt 1.0144066 0.70033467
vt 1.0065386 0.69449717
vt 1.0115818 0.6933382
vt 1.0050496 0.6851762
vt 1.0103604 0.68496317
vt 1.0050356 0.6620137
vt 1.0103577 0.6620138
vt 1.0050356 0.6418725
vt 1.0439003 0.69953656
vt 1.0209205 0.673832
vt 1.0103558 0.64187354
vt 1.0050356 0.6217317
vt 1.0321268 0.66201293
vt 1.0430505 0.67423314
vt 1.0103562 0.62173235
vt 1.0050355 0.60011715
vt 1.0321305 0.641873
vt 1.010356 0.5999156
vt 1.0050355 0.57809484
vt 1.053905 0.6418724
vt 1.0321308 0.62173194
vt 1.0103565 0.5780965
vt 1.0050355 0.5562787
vt 1.0539055 0.6217315
vt 1.0321307 0.5999148
vt 1.0103564 0.5562794
vt 1.0050355 0.53446263
vt 1.0732231 0.62173134
vt 1.0321311 0.5780965
vt 1.0539055 0.599914
vt 1.0103562 0.53446233
vt 1.0050356 0.49534836
vt 1.0925407 0.62173116
vt 1.0732231 0.5999139
vt 1.0925407 0.5999138
vt 1.032131 0.5562793
vt 1.0539056 0.57809657
vt 1.0103564 0.49534833
vt 1.0051172 0.45625934
vt 1.0103594 0.4562469
vt 1.0732231 0.5780965
vt 1.0925407 0.57809645
vt 1.0539056 0.5562792
vt 1.032131 0.5344621
vt 1.053905 0.49534836
vt 1.073223 0.5562793
vt 1.0925404 0.5562794
vt 1.0539056 0.5344618
vt 1.0732229 0.5344621
vt 1.09254 0.5344624
vt 1.007619 0.06947014
vt 1.0077957 0.06947014
vt 1.0110397 0.06947014
vt 1.0079724 0.06947014
vt 1.01209 0.06947014
vt 1.01209 0.06947014
vt 1.0128174 0.06947014
vt 1.0194999 0.06947014
vt 1.0536419 0.06947014
vt 1.0534947 0.06947014
vt 1.0943642 0.06947014
vt 1.0948994 0.06947014
vt 1.1393132 0.06947014
vt 1.1395738 0.06947014
vt 1.1842482 0.06947014
vt 1.1842482 0.06947014
vt 1.2228942 0.06947014
vt 1.2228956 0.06947014
vt 1.2615432 0.06947014
vt 1.261543 0.06947014
vt 1.303659 0.06947014
vt 1.3036578 0.06947014
vt 1.3457726 0.06947014
vt 1.3457726 0.06947014
vt 1.385589 0.06947014
vt 1.3855877 0.06947014
vt 1.4254028 0.06947014
vt 1.4254028 0.06947014
vt 1.4627066 0.06947014
vt 1.4627073 0.06947014
vt 1.5000118 0.06947014
vt 1.5000118 0.06947014
vt 1.5373144 0.06947014
vt 1.5373156 0.06947014
vt 1.5746194 0.06947014
vt 1.5746193 0.06947014
vt 1.614432 0.06947014
vt 1.6144323 0.06947014
vt 1.6542453 0.06947014
vt 1.6542453 0.06947014
vt 1.696362 0.06947014
vt 1.6963623 0.06947014
vt 1.7384793 0.06947014
vt 1.7384793 0.06947014
vt 1.7771268 0.06947014
vt 1.7771238 0.06947014
vt 1.8157609 0.06947014
vt 1.8157684 0.06947014
vt 1.8606819 0.06947014
vt 1.8603731 0.06947014
vt 1.9053975 0.06947014
vt 1.9049779 0.06947014
vt 1.9435829 0.06947014
vt 1.94643 0.06947014
vt 1.9869701 0.06947014
vt 1.9795226 0.06947014
vt 1.9878819 0.06947014
vt 1.992381 0.06947014
vt 1.9889603 0.06947014
vt 1.992381 0.06947014
vt 1.992381 0.06947014
vt 1.9879221 0.06947014
vt 1.9872736 0.06947014
vt 1.9761903 0.06947014
vt 1.9441564 0.06947014
vt 1.9465259 0.06947014
vt 1.9057176 0.06947014
vt 1.9051298 0.06947014
vt 1.8606819 0.06947014
vt 1.8604491 0.06947014
vt 1.8157609 0.06947014
vt 1.8157684 0.06947014
vt 1.7771268 0.06947014
vt 1.7771238 0.06947014
vt 1.7384793 0.06947014
vt 1.7384793 0.06947014
vt 1.696362 0.06947014
vt 1.6963673 0.06947014
vt 1.6542664 0.06947014
vt 1.6542553 0.06947014
vt 1.6144707 0.06947014
vt 1.6144421 0.06947014
vt 1.5746402 0.06947014
vt 1.5746291 0.06947014
vt 1.5373144 0.06947014
vt 1.5373204 0.06947014
vt 1.5000157 0.06947014
vt 1.5000118 0.06947014
vt 1.4627072 0.06947014
vt 1.4627074 0.06947014
vt 1.4254028 0.06947014
vt 1.425403 0.06947014
vt 1.385588 0.06947014
vt 1.3855878 0.06947014
vt 1.3457712 0.06947014
vt 1.3457726 0.06947014
vt 1.3036581 0.06947014
vt 1.3036578 0.06947014
vt 1.2615433 0.06947014
vt 1.261543 0.06947014
vt 1.2228954 0.06947014
vt 1.2228956 0.06947014
vt 1.1842355 0.06947014
vt 1.1842482 0.06947014
vt 1.1393878 0.06947014
vt 1.1395738 0.06947014
vt 1.0945361 0.06947014
vt 1.0948994 0.06947014
vt 1.0538075 0.06947014
vt 1.0534947 0.06947014
vt 1.0130354 0.06947014
vt 1.021451 0.06947014
vt 0.7463853 0.99662673
vt 0.74776435 0.99662673
vt 0.7463688 0.9762778
vt 0.7481771 0.97627795
vt 0.7463213 0.9512875
vt 0.7492035 0.9512875
vt 0.74628186 0.9252424
vt 0.74979216 0.97627795
vt 0.7522685 0.9512875
vt 0.75404817 0.9253067
vt 0.75337654 0.97627795
vt 0.7505816 0.9966178
vt 0.75884455 0.95091826
vt 0.79255944 0.9761171
vt 0.793459 0.996612
vt 0.7547648 0.9043039
vt 0.7462371 0.9043039
vt 0.7641653 0.9248732
vt 0.7918387 0.9507706
vt 0.83967304 0.9762778
vt 0.8405019 0.99661016
vt 0.76559705 0.9043039
vt 0.755672 0.8559655
vt 0.7464859 0.8559655
vt 0.7469978 0.79892933
vt 0.79234225 0.9247035
vt 0.83915746 0.9509182
vt 0.8808155 0.9762778
vt 0.88096046 0.99660724
vt 0.79036283 0.9044066
vt 0.83914816 0.9248732
vt 0.8804178 0.9509182
vt 0.92424047 0.9762778
vt 0.9250544 0.99660945
vt 0.9667428 0.99662197
vt 0.92396724 0.9509182
vt 0.97379076 0.9762778
vt 0.9737173 0.9965917
vt 0.88041145 0.9248732
vt 0.83834094 0.9043039
vt 0.9239639 0.9248732
vt 0.9736595 0.95091826
vt 0.98226655 0.9510509
vt 0.98739517 0.9250058
vt 0.97365963 0.9248732
vt 0.9896244 0.9043039
vt 0.87989205 0.9043039
vt 0.9237484 0.9043039
vt 0.97379076 0.9043039
vt 0.97379076 0.8559655
vt 0.99295413 0.8559655
vt 0.92361534 0.8559655
vt 0.8796425 0.8559655
vt 0.97379076 0.79892933
vt 0.99454236 0.79892933
vt 0.99454236 0.5766835
vt 0.9235222 0.79892933
vt 0.97379065 0.5766835
vt 0.99454236 0.3143317
vt 0.83798087 0.8559655
vt 0.8794676 0.79892933
vt 0.87936294 0.5766835
vt 0.97379065 0.3143317
vt 0.7902545 0.8559331
vt 0.83772874 0.79892933
vt 0.789198 0.57660365
vt 0.97379076 0.16686153
vt 0.99454224 0.16686153
vt 0.88020444 0.3143317
vt 0.7683193 0.8559655
vt 0.7898564 0.7987354
vt 0.77002805 0.79892933
vt 0.9726449 0.09395898
vt 0.9937985 0.09396287
vt 0.8813487 0.16686153
vt 0.75663763 0.79892933
vt 0.7477427 0.5766835
vt 0.7723906 0.5766835
vt 0.75802654 0.5766835
vt 0.7479872 0.3143317
vt 0.75793123 0.3143317
vt 0.7482638 0.16686153
vt 0.7926349 0.31423825
vt 0.770949 0.3143317
vt 0.7581149 0.16686153
vt 0.76938736 0.16686153
vt 0.7940075 0.16694756
vt 0.75735384 0.093926
vt 0.7481962 0.093958125
vt 0.8814926 0.09395904
vt 0.7666655 0.09393656
vt 0.794289 0.093979485
vt 0.7568449 0.073914945
vt 0.7482393 0.073914945
vt 0.7945862 0.07402704
vt 0.7655941 0.073914945
vt 0.8817543 0.073914945
vt 0.7557961 0.058719844
vt 0.7481527 0.058719873
vt 0.76439625 0.058719844
vt 0.79464173 0.058793314
vt 0.75397193 0.04218185
vt 0.7481487 0.04218182
vt 0.7614471 0.04218185
vt 0.7501957 0.020974696
vt 0.7482125 0.020974696
vt 0.74969447 0.0044600666
vt 0.75292283 0.020974696
vt 0.7527762 0.0044600666
vt 0.7946656 0.042250175
vt 0.7558472 0.020974696
vt 0.7947151 0.021124613
vt 0.7947891 0.0044600666
vt 0.88186854 0.0044600666
vt 0.8818097 0.020974696
vt 0.97379065 0.0044600666
vt 0.97379076 0.020974696
vt 0.8818017 0.04218185
vt 0.88178504 0.058719844
vt 0.97379076 0.04218185
vt 0.98526025 0.04218182
vt 0.97379065 0.058719844
vt 0.99053335 0.058719844
vt 0.97379076 0.073914945
vt 0.99454224 0.073914945
vt 0.003166914 0.97627795
vt 0.0033127612 0.9965521
vt 0.010232081 0.99660534
vt 0.05274776 0.97627795
vt 0.051929746 0.99660444
vt 0.003166914 0.9512875
vt 0.096199565 0.9762779
vt 0.09605102 0.9966031
vt 0.13736744 0.9762779
vt 0.13653384 0.9966014
vt 0.18451956 0.9762318
vt 0.1836087 0.99659985
vt 0.22651719 0.9965943
vt 0.22373325 0.9762778
vt 0.22929828 0.9966218
vt 0.1851244 0.9512013
vt 0.13788967 0.9512875
vt 0.0965616 0.9512875
vt 0.052940704 0.9512875
vt 0.053140294 0.9252424
vt 0.003166914 0.9252424
vt 0.003166914 0.9043039
vt 0.09693611 0.9252424
vt 0.13842988 0.9252424
vt 0.18588589 0.9251792
vt 0.21834546 0.9512875
vt 0.22732967 0.9762778
vt 0.053247996 0.9043039
vt 0.097138196 0.9043039
vt 0.1387214 0.9043039
vt 0.18634902 0.9042285
vt 0.21384263 0.9252424
vt 0.22485161 0.9512874
vt 0.22894329 0.9762778
vt 0.05338423 0.8559655
vt 0.003166914 0.8559655
vt 0.003166914 0.79892933
vt 0.23075026 0.9762778
vt 0.23070645 0.9966243
vt 0.230802 0.9512874
vt 0.22791839 0.9512874
vt 0.23084635 0.9252424
vt 0.22307813 0.9252424
vt 0.2223661 0.9043039
vt 0.2308948 0.9043039
vt 0.2115326 0.9043039
vt 0.22146791 0.8559655
vt 0.23065382 0.8559655
vt 0.20882106 0.8559655
vt 0.18686636 0.8559104
vt 0.2205087 0.79892933
vt 0.2301473 0.79892933
vt 0.22939229 0.5766835
vt 0.20711994 0.79892933
vt 0.13909015 0.8559655
vt 0.1872102 0.79881984
vt 0.20474851 0.5766835
vt 0.21911025 0.5766835
vt 0.097393826 0.8559655
vt 0.1393486 0.79892933
vt 0.21907145 0.3143317
vt 0.22901475 0.3143317
vt 0.20605516 0.3143317
vt 0.18760622 0.5766394
vt 0.0976745 0.5766835
vt 0.09757298 0.79892933
vt 0.05347971 0.79892933
vt 0.003166914 0.5766835
vt 0.0031669736 0.3143317
vt 0.21878421 0.16686153
vt 0.22863585 0.16686153
vt 0.20751071 0.16686153
vt 0.1842243 0.31422526
vt 0.096769586 0.3143317
vt 0.003166914 0.16686153
vt 0.21949749 0.093926
vt 0.22865605 0.093958125
vt 0.18293475 0.16695438
vt 0.095577054 0.16686153
vt 0.0032089662 0.09396716
vt 0.21018486 0.09393656
vt 0.2199933 0.073914945
vt 0.22859997 0.073914945
vt 0.095424056 0.09395901
vt 0.1824801 0.09399327
vt 0.21124339 0.073914945
vt 0.18225798 0.07398304
vt 0.09514545 0.073914945
vt 0.003166914 0.073914945
vt 0.22103286 0.058719844
vt 0.22867697 0.058719844
vt 0.18219568 0.05880652
vt 0.095110774 0.058719855
vt 0.003166914 0.058719844
vt 0.21243167 0.058719873
vt 0.22284675 0.04218182
vt 0.22867101 0.04218182
vt 0.09509064 0.042181835
vt 0.003166914 0.04218182
vt 0.003166914 0.020974696
vt 0.18216546 0.0422771
vt 0.21537077 0.04218185
vt 0.2266103 0.020974696
vt 0.22859436 0.020974696
vt 0.22710282 0.0044600666
vt 0.2238819 0.020974696
vt 0.22401965 0.0044600666
vt 0.22095639 0.020974696
vt 0.18210976 0.021099666
vt 0.18202876 0.0044600666
vt 0.095078394 0.020974696
vt 0.09501728 0.0044600666
vt 0.003166914 0.0044600666
vt 0.22995609 0.0044600666
vt 0.22710282 0.0044600666
vt 0.22859436 0.020974696
vt 0.23057991 0.020974696
vt 0.22867101 0.04218182
vt 0.2333116 0.020974696
vt 0.23303396 0.0044600666
vt 0.23450291 0.04218182
vt 0.22867697 0.058719844
vt 0.23635364 0.058719844
vt 0.22859997 0.073914945
vt 0.24200207 0.04218182
vt 0.23719126 0.073914945
vt 0.22865605 0.093958125
vt 0.23624349 0.020974696
vt 0.24508965 0.058719844
vt 0.2377833 0.09392969
vt 0.22863585 0.16686153
vt 0.24648362 0.073914945
vt 0.24258777 0.02098342
vt 0.2524916 0.042205967
vt 0.25764143 0.058752533
vt 0.27549234 0.021028668
vt 0.27550274 0.0044600666
vt 0.3635044 0.0044600666
vt 0.27554023 0.04225902
vt 0.36348903 0.020974696
vt 0.27560526 0.058799315
vt 0.2608028 0.07396111
vt 0.4884231 0.020974696
vt 0.48842826 0.04218182
vt 0.48841923 0.0044600666
vt 0.6133211 0.0044600666
vt 0.363534 0.04218182
vt 0.61334455 0.020974696
vt 0.7013137 0.0044600666
vt 0.2757029 0.074009135
vt 0.36357272 0.058719844
vt 0.7013372 0.021019079
vt 0.74376714 0.0044600666
vt 0.61331093 0.04218182
vt 0.48843238 0.058719844
vt 0.61328137 0.058719844
vt 0.7012942 0.04222529
vt 0.36363375 0.073914945
vt 0.73422885 0.02098187
vt 0.4884363 0.073914945
vt 0.48844483 0.09396515
vt 0.3636359 0.09399531
vt 0.6132288 0.073914945
vt 0.7012479 0.05879891
vt 0.72433484 0.042195417
vt 0.7405707 0.020974696
vt 0.7434978 0.020974696
vt 0.746843 0.0044600666
vt 0.7348207 0.04218182
vt 0.7191999 0.058752365
vt 0.70115364 0.07402192
vt 0.61323893 0.09399531
vt 0.74622816 0.020974696
vt 0.7482125 0.020974696
vt 0.74969447 0.0044600666
vt 0.7481487 0.04218182
vt 0.74231994 0.04218182
vt 0.7481527 0.058719873
vt 0.74047756 0.058719844
vt 0.7482393 0.073914945
vt 0.73174334 0.058719844
vt 0.73964936 0.073914945
vt 0.7481962 0.093958125
vt 0.71604645 0.07396737
vt 0.7303586 0.073914945
vt 0.7390702 0.09392969
vt 0.7482638 0.16686153
vt 0.7010119 0.09401429
vt 0.7038208 0.16690123
vt 0.71209896 0.0939835
vt 0.7289962 0.09393659
vt 0.73841494 0.16686153
vt 0.7479872 0.3143317
vt 0.725707 0.16686153
vt 0.73804116 0.3143317
vt 0.7477427 0.5766835
vt 0.61328137 0.16686153
vt 0.7374592 0.5766835
vt 0.7469978 0.79892933
vt 0.7373615 0.79892933
vt 0.7464859 0.8559655
vt 0.7175626 0.57675487
vt 0.7227498 0.3143317
vt 0.7017669 0.3142472
vt 0.61388963 0.3143317
vt 0.6139601 0.5766835
vt 0.70082235 0.5766541
vt 0.7373015 0.8559655
vt 0.7462371 0.9043039
vt 0.48846123 0.16686153
vt 0.7211743 0.7990167
vt 0.7003284 0.79889166
vt 0.737706 0.9043039
vt 0.74628186 0.9252424
vt 0.7239271 0.8559655
vt 0.65510887 0.79892933
vt 0.7015123 0.85591704
vt 0.7268521 0.9043039
vt 0.73850644 0.9252424
vt 0.74343824 0.9512875
vt 0.7463213 0.9512875
vt 0.74456006 0.9762778
vt 0.7463688 0.9762778
vt 0.7403718 0.9512875
vt 0.7292464 0.92524254
vt 0.7450062 0.99662673
vt 0.7463853 0.99662673
vt 0.7429443 0.9762778
vt 0.733863 0.9512875
vt 0.7393569 0.9762778
vt 0.7421991 0.9966107
vt 0.7130407 0.9042559
vt 0.7183437 0.92520016
vt 0.7265112 0.95124465
vt 0.70445555 0.9042367
vt 0.73520815 0.97627723
vt 0.7070141 0.9251822
vt 0.655019 0.8559655
vt 0.7164963 0.9512498
vt 0.72898495 0.97627616
vt 0.7003993 0.9762715
vt 0.699586 0.9966036
vt 0.7009463 0.9512448
vt 0.65480006 0.90430397
vt 0.65363824 0.9762778
vt 0.6528389 0.9965957
vt 0.6126329 0.9965941
vt 0.6545649 0.92524254
vt 0.65409476 0.9512875
vt 0.61277133 0.9762778
vt 0.56881654 0.99659485
vt 0.61311424 0.9512875
vt 0.5696371 0.9762778
vt 0.52739626 0.9965979
vt 0.6134675 0.92524254
vt 0.5698602 0.9512875
vt 0.5281615 0.9762778
vt 0.61364406 0.9043039
vt 0.57009006 0.92524254
vt 0.61380816 0.8559655
vt 0.4885867 0.9762778
vt 0.4885846 0.9512875
vt 0.48858654 0.9966028
vt 0.44977462 0.9966066
vt 0.5282694 0.9512875
vt 0.4490071 0.9762778
vt 0.40834913 0.99660736
vt 0.57020485 0.9043039
vt 0.52838063 0.9252425
vt 0.40752655 0.9762778
vt 0.36452666 0.9966073
vt 0.4488954 0.9512875
vt 0.3643872 0.9762778
vt 0.324315 0.99660856
vt 0.40729994 0.9512875
vt 0.44878098 0.9252424
vt 0.48858258 0.9252424
vt 0.52843595 0.9043039
vt 0.32351536 0.9762778
vt 0.27756116 0.9966126
vt 0.36404106 0.9512875
vt 0.27673596 0.97627133
vt 0.2349302 0.99661195
vt 0.48858124 0.9043039
vt 0.570311 0.8559655
vt 0.40706778 0.9252424
vt 0.32305598 0.9512875
vt 0.4487236 0.9043039
vt 0.36368644 0.9252424
vt 0.40695176 0.9043039
vt 0.52848643 0.8559655
vt 0.61387503 0.79892933
vt 0.57035357 0.79892933
vt 0.48855367 0.5766835
vt 0.44866943 0.8559655
vt 0.48857856 0.8559655
vt 0.5285056 0.79892933
vt 0.48857546 0.79892933
vt 0.4486457 0.79892933
vt 0.4068436 0.85596555
vt 0.48850152 0.3143317
vt 0.40679818 0.79892933
vt 0.36350942 0.9043039
vt 0.3631565 0.5766835
vt 0.36311668 0.3143317
vt 0.3633451 0.8559655
vt 0.32258534 0.9252424
vt 0.36363575 0.16686153
vt 0.36327717 0.79892933
vt 0.3223505 0.9043039
vt 0.27621186 0.951226
vt 0.32213297 0.8559655
vt 0.32204372 0.79892933
vt 0.27015942 0.9251678
vt 0.2481483 0.9762761
vt 0.27272576 0.9042478
vt 0.26065472 0.95124197
vt 0.24192473 0.9762771
vt 0.25063193 0.951242
vt 0.23777568 0.9762778
vt 0.23211461 0.9966268
vt 0.25881028 0.92519146
vt 0.27565315 0.855917
vt 0.24326795 0.9512875
vt 0.26412252 0.9042648
vt 0.24788624 0.9252424
vt 0.23417187 0.9762778
vt 0.23675501 0.9512874
vt 0.2502823 0.9043039
vt 0.23255742 0.9762778
vt 0.23862362 0.9252424
vt 0.23075026 0.9762778
vt 0.23070645 0.9966243
vt 0.230802 0.9512874
vt 0.23368686 0.9512874
vt 0.23084635 0.9252424
vt 0.23942703 0.9043039
vt 0.2308948 0.9043039
vt 0.25321186 0.8559655
vt 0.2398377 0.8559655
vt 0.23065382 0.8559655
vt 0.2301473 0.79892933
vt 0.27682862 0.7988977
vt 0.25596473 0.79901695
vt 0.23978263 0.79892933
vt 0.23967534 0.5766835
vt 0.22939229 0.5766835
vt 0.22901475 0.3143317
vt 0.27630493 0.57665706
vt 0.25951943 0.57675534
vt 0.23895854 0.3143317
vt 0.275285 0.31423128
vt 0.2547046 0.3142656
vt 0.23848563 0.16686153
vt 0.27307305 0.16690199
vt 0.25135425 0.16679968
vt 0.24785879 0.09393659
vt 0.2648318 0.09397564
vt 0.2759686 0.094001256
vt 0.5089881 1.9927506
vt 0.50832486 1.9957981
vt 0.73546356 1.9949464
vt 0.73612964 1.9927506
vt 0.9612179 1.992753
vt 0.5099237 1.0089934
vt 0.73695093 1.0046333
vt 0.50999165 1.0046332
vt 0.73706365 1.0089934
vt 0.9623848 1.0089934
vt 0.9596164 1.0301509
vt 0.9596164 1.0139654
vt 0.73430425 1.0140479
vt 0.73430425 1.0301509
vt 0.5089922 1.0138913
vt 0.5089922 1.0301509
vt 0.9596164 1.0504892
vt 0.5089922 1.0504892
vt 0.73430425 1.0504892
vt 0.5089922 1.0663234
vt 0.9596164 1.0663234
vt 0.73430425 1.0663234
vt 0.5089922 1.0809464
vt 0.73430425 1.0809464
vt 0.9596164 1.0809464
vt 0.9594127 1.1006485
vt 0.7342785 1.1006315
vt 0.5089684 1.1006364
vt 0.9596164 1.172278
vt 0.73430425 1.172278
vt 0.5089922 1.172278
vt 0.9596164 1.3176014
vt 0.73430425 1.3176014
vt 0.5089922 1.3176014
vt 0.9596164 1.5765673
vt 0.5089922 1.5765673
vt 0.73430425 1.5765673
vt 0.9596164 1.7957976
vt 0.5089922 1.7957976
vt 0.73430425 1.7957976
vt 0.9596164 1.8517605
vt 0.73430425 1.8517605
vt 0.5089922 1.8517605
vt 0.9596164 1.8991985
vt 0.73430425 1.8991985
vt 0.5089922 1.8991985
vt 0.5089922 1.9195523
vt 0.73430425 1.9195523
vt 0.9596164 1.9195523
vt 0.9596164 1.9449692
vt 0.5089922 1.9449692
vt 0.73430425 1.9449692
vt 0.9596164 1.9694027
vt 0.73430425 1.9694027
vt 0.95959014 1.9894043
vt 0.5089922 1.9694027
vt 0.73430425 1.9893547
vt 0.5089922 1.9891212
vt 0.47360948 1.987522
vt 0.42147827 1.9677927
vt 0.42101115 1.9877361
vt 0.47360948 1.9676211
vt 0.47360948 1.943169
vt 0.42208382 1.943169
vt 0.47360948 1.9177427
vt 0.42208382 1.9177427
vt 0.47360948 1.8974748
vt 0.42208382 1.8972887
vt 0.47360948 1.850285
vt 0.42208382 1.8502328
vt 0.47361013 1.794607
vt 0.42208382 1.7946506
vt 0.47361085 1.5764124
vt 0.4214685 1.5761887
vt 0.47361085 1.3185977
vt 0.42208382 1.3187636
vt 0.47361085 1.1737971
vt 0.42208382 1.1739407
vt 0.42162558 1.1024005
vt 0.4737944 1.1023407
vt 0.47361222 1.0827447
vt 0.42208382 1.0827904
vt 0.47361085 1.0680132
vt 0.42208382 1.0681357
vt 0.47361085 1.0519
vt 0.42208382 1.0519
vt 0.47361085 1.0311089
vt 0.42208382 1.0311089
vt 0.47361085 1.0147762
vt 0.42208382 1.0147762
vt 0.38644168 1.9635253
vt 0.3120604 1.963377
vt 0.38644168 1.9893777
vt 0.38644168 1.9366667
vt 0.28597656 1.9363695
vt 0.38644168 1.9153419
vt 0.27555826 1.9149699
vt 0.38644168 1.8660369
vt 0.26423457 1.8657656
vt 0.38644168 1.8078393
vt 0.2554818 1.8078393
vt 0.38644168 1.5808448
vt 0.25510743 1.5808448
vt 0.38644096 1.3185701
vt 0.2690883 1.3189616
vt 0.38644168 1.1622037
vt 0.2826629 1.1621987
vt 0.2929557 1.0879841
vt 0.38633066 1.0878874
vt 0.38644168 1.0674182
vt 0.2957168 1.0675486
vt 0.38644168 1.0520241
vt 0.31250522 1.0521061
vt 0.38644168 1.0351449
vt 0.34211144 1.0349836
vt 0.38644168 1.013185
vn -0 0 1
vn -0 0 1
vn -0 0 1
vn -0 0 1
vn -0 0 1
vn -0 0 1
vn -0 0 1
vn -0 0 1
vn -0 0 1
vn -0 0 1
vn -0 0 1
vn -0 0 1
vn -0 0 1
vn -0 0 1
vn -0 0 1
vn -0 0 1
vn -0 0 1
vn -0 0 1
vn -5.541172E-05 -1.3777031E-05 1
vn -0 0 1
vn -0 0 1
vn -0 0 1
vn -0.00013152434 -1.5348834E-05 1
vn -0.0006589648 -7.261316E-05 0.99999976
vn -0 0 1
vn -0 0 1
vn -0 0 1
vn -1.1581184E-05 1.5548772E-05 1
vn -5.7792764E-05 7.738907E-05 1
vn -0 0 1
vn -0 0 1
vn -0 0 1
vn -0.0001308388 -1.5969483E-05 1
vn -0.0006579913 -8.02595E-05 0.99999976
vn -0 0 1
vn -0 0 1
vn -0 0 1
vn -1.4166739E-05 1.8962935E-05 1
vn -0 8.9988076E-05 1
vn -0 0 1
vn -0 0 1
vn -0 0 1
vn -0 0 1
vn -0 0 1
vn -0 0 1
vn -0 0 1
vn -0 0 1
vn -0 0 1
vn -0 0 1
vn -0 0 1
vn -0 0 1
vn -0 0 1
vn -0 0 1
vn -0 0 1
vn -0 0 1
vn 0.00010299027 0 1
vn 1.7654473E-05 -1.3196116E-05 1
vn -8.170984E-05 -0.0007566516 0.99999976
vn -0 0 1
vn -1.4408177E-05 -0.00012385583 1
vn -1.4246473E-05 -5.8553742E-05 1
vn -0 0 1
vn -0 0 1
vn -0 1.1817342E-06 1
vn -0 0 1
vn -0 0 1
vn -0 0 1
vn -0 0 1
vn -0 0 1
vn -0 0 1
vn -0 0 1
vn -0 0 1
vn -0 0 1
vn -0 0 1
vn -0 0 1
vn -0 0 1
vn -0 0 1
vn -0 0 1
vn -0 0 1
vn -0 0 1
vn -0 0 1
vn -0 0 1
vn -0 0 1
vn -0 0 1
vn -0 0 1
vn -0 0 1
vn -0 0 1
vn -0 0 1
vn -0 0 1
vn -0 0 1
vn -0 0 1
vn -0 0 1
vn -0 0 1
vn -0 0 1
vn -0 0 1
vn -0 0 1
vn -0 0 1
vn -0 0 1
vn -0 0 1
vn -0 0 1
vn -0 0 1
vn -0 0 1
vn -0 0 1
vn -0 0 1
vn -0 0 1
vn -0 0 1
vn -0 0 1
vn -0 0 1
vn -0 0 1
vn -0 0 1
vn -0 0 1
vn -0 0 1
vn -0 0 1
vn -0 0 1
vn -0 0 1
vn -0 0 1
vn -0 0 1
vn -0 0 1
vn -0 0 1
vn -0 0 1
vn -0 0 1
vn -0 0 1
vn -0 0 1
vn -0 0 1
vn -0 0 1
vn -0 0 1
vn -0 0 1
vn -0 0 1
vn -0 0 1
vn -0 0 1
vn -0 0 1
vn -0 0 1
vn -0 0 1
vn -0 0 1
vn -0 0 1
vn -0 0 1
vn -0 0 1
vn -0 0 1
vn -0 0 1
vn -0 0 1
vn -0 0 1
vn -0 0 1
vn -0 0 1
vn -0 0 1
vn -0 0 1
vn -0 0 1
vn -0 0 1
vn -0 0 1
vn -0 0 1
vn -0 0 1
vn -0 0 1
vn -0 0 1
vn -0 0 1
vn -0 0 1
vn -0 0 1
vn -0 0 1
vn -0 0 1
vn -0 0 1
vn -0 0 1
vn -0 0 1
vn -0 0 1
vn -0 0 1
vn -0 0 1
vn -0 0 1
vn -0 0 1
vn -0 0 1
vn -0 0 1
vn -0 0 1
vn -0 0 1
vn -0 0 1
vn -0 0 1
vn -0 0 1
vn -0 0 1
vn -0 0 1
vn -0 0 1
vn -0 0 1
vn -0 0 1
vn -0 0 1
vn -0 0 1
vn -0 0 1
vn -0 0 1
vn -0 0 1
vn -0 0 1
vn -0 0 1
vn -0 0 1
vn -0 0 1
vn -0 0 1
vn -0 0 1
vn -0 0 1
vn -0 0 1
vn -0 0 1
vn -0 0 1
vn -0 0 1
vn -0 0 1
vn -0 0 1
vn -0 0 1
vn -0 0 1
vn -0 0 1
vn -0 0 1
vn -0 0 1
vn -0 0 1
vn -0 0 1
vn -0 0 1
vn -0 0 1
vn -0 0 1
vn -0 0 1
vn -0 0 1
vn -0 0 1
vn -0 0 1
vn -0 0 1
vn -0 0 1
vn -0 0 1
vn -0 0 1
vn -0 0 1
vn -0 0 1
vn -0 0 1
vn -0 0 1
vn -0 0 1
vn -0 0 1
vn -0 0 1
vn -0 0 1
vn -0 0 1
vn -0 0 1
vn -0 0 1
vn -0 0 1
vn -0 0 1
vn -0 0 1
vn -0 0 1
vn -0 0 1
vn -0 0 1
vn -0 0 1
vn -0 0 1
vn -0 0 1
vn -0 0 1
vn -0 0 1
vn -0 0 1
vn -0 0 1
vn -0 0 1
vn -0 0 1
vn -0 0 1
vn -0 0 1
vn -0 0 1
vn -0 0 1
vn -0 0 1
vn -0 0 1
vn -0 0 1
vn -0 0 1
vn -0 0 1
vn -0 0 1
vn -0 0 1
vn -0 0 1
vn -0 0 1
vn -0 0 1
vn -0 0 1
vn -0 0 1
vn -0 0 1
vn -0 0 1
vn -0 0 1
vn -0 0 1
vn -0 0 1
vn -0 0 1
vn -0 0 1
vn -0 0 1
vn -0 0 1
vn -0 0 1
vn -0 0 1
vn -0 0 1
vn -0 0 1
vn -0 0 1
vn -0 0 1
vn -0 0 1
vn -0 0 1
vn -0 0 1
vn -0 0 1
vn -0 0 1
vn -0 0 1
vn -0 0 1
vn -0 0 1
vn -0 0 1
vn -0 0 1
vn -0 0 1
vn -0 0 1
vn -0 0 1
vn -0 0 1
vn -0 0 1
vn -0 0 1
vn -0 0 1
vn -0 0 1
vn -0 0 1
vn -0 0 1
vn -0 0 1
vn -0 0 1
vn -0 0 1
vn -0 0 1
vn -0 0 1
vn -0 0 1
vn -0 0 1
vn -0 0 1
vn -0 0 1
vn -0 0 1
vn -0 0 1
vn -0 0 1
vn -0 0 1
vn -0 0 1
vn -0 0 1
vn -0 0 1
vn -0 0 1
vn -0 0 1
vn -0 0 1
vn 1.4120557E-05 -5.858551E-05 1
vn 1.4422901E-05 -0.00012392164 1
vn 8.175882E-05 -0.00075706694 0.99999976
vn -1.7658778E-05 -1.3196719E-05 1
vn -0.00010299814 0 1
vn -0 0 1
vn -0 0 1
vn -0 0 1
vn -0 0 1
vn -0 0 1
vn -0 0 1
vn -0 0 1
vn -0 0 1
vn -0 0 1
vn -0 0 1
vn -0 0 1
vn -0 0 1
vn -0 0 1
vn -0 0 1
vn -0 8.9967776E-05 1
vn 1.4132778E-05 1.8975179E-05 1
vn 0.00065795047 -8.021384E-05 0.99999976
vn -0 0 1
vn -0 0 1
vn -0 0 1
vn 0.00013076473 -1.5930978E-05 1
vn 5.7785393E-05 7.738885E-05 1
vn -0 0 1
vn 1.15801095E-05 1.5542728E-05 1
vn 0.0006589218 -7.26136E-05 0.99999976
vn -0 0 1
vn -0 0 1
vn -0 0 1
vn -0 0 1
vn 0.00013146583 -1.5343108E-05 1
vn 5.5408094E-05 -1.37770285E-05 1
vn -0 0 1
vn -0 0 1
vn -0 0 1
vn -0 0 1
vn -0 0 1
vn -0 0 1
vn -0 0 1
vn -0 0 1
vn -0 0 1
vn -0 0 1
vn -0 0 1
vn -0 0 1
vn -0 0 1
vn -0 0 1
vn -0 0 1
vn -0 0 1
vn -0 0 1
vn -0 0 1
vn -0 0 1
vn -0 0 1
vn -0 0 1
vn -0 0 1
vn -0 0 1
vn -0 0 1
vn -0 0 1
vn -0 0 1
vn -0 0 1
vn -0 0 1
vn -0 0 1
vn -0 0 1
vn -0 0 1
vn -0 0 1
vn -0 0 1
vn -0 0 1
vn -0 0 1
vn -0 0 1
vn -0 0 1
vn -0 0 1
vn -0 0 1
vn -0 0 1
vn -0 0 1
vn -0 0 1
vn -0 0 1
vn -0 0 1
vn -0 0 1
vn -0 0 1
vn -0 0 1
vn -0 0 1
vn -0 0 1
vn -0 0 1
vn -0 0 1
vn -0 0 1
vn -0 0 1
vn -0 0 1
vn -0 0 1
vn -0 0 1
vn -0 0 1
vn -0 0 1
vn -0 0 1
vn -0 0 1
vn -0 0 1
vn -0 0 1
vn -0 0 1
vn -0 0 1
vn -0 0 1
vn -0 0 1
vn -0 0 1
vn -0 0 1
vn -0 0 1
vn -0 0 1
vn -0 0 1
vn -0 0 1
vn -0 0 1
vn -0 0 1
vn -0 0 1
vn -0 0 1
vn -0 0 1
vn -0 0 1
vn -0 0 1
vn -0 0 1
vn -0 0 1
vn -0 0 1
vn -0 0 1
vn -0 0 1
vn -0 0 1
vn -0 0 1
vn -0 0 1
vn -0 0 1
vn -0 0 1
vn -0 0 1
vn -0 0 1
vn -0 0 1
vn -0 0 1
vn -0 0 1
vn -0 0 1
vn -0 0 1
vn -0 0 1
vn -0 0 1
vn -0 0 1
vn -0 0 1
vn -0 0 1
vn -0 0 1
vn -0 0 1
vn -0 0 1
vn -0 0 1
vn -0 0 1
vn -0 0 1
vn -0 0 1
vn -0 0 1
vn -0 0 1
vn -0 0 1
vn -0 0 1
vn -0 0 1
vn -0 0 1
vn -0 0 1
vn -0 0 1
vn -0 0 1
vn -0 0 1
vn -0 0 1
vn -0 0 1
vn -0 0 1
vn -0 0 1
vn -0 0 1
vn -0 0 1
vn -0 0 1
vn -0 0 1
vn -0 0 1
vn -0 0 1
vn -0 0 1
vn -0 0 1
vn -0 0 1
vn -0 0 1
vn -0 0 1
vn -0 0 1
vn -0 0 1
vn -0 0 1
vn -0 0 1
vn -0 0 1
vn -0 0 1
vn -0 0 1
vn -0 0 1
vn -0 0 1
vn -0 0 1
vn -0 0 1
vn -0 0 1
vn -0 0 1
vn -0 0 1
vn -0 0 1
vn -0 0 1
vn -0 0 1
vn -0 0 1
vn -0 0 1
vn -0 0 1
vn -0 0 1
vn -0 0 1
vn -0 0 1
vn -0 0 1
vn -0 0 1
vn -0 0 1
vn -0 0 1
vn -0 0 1
vn -0 0 1
vn -0 0 1
vn -0 0 1
vn -0 0 1
vn -0 0 1
vn -0 0 1
vn -0 0 1
vn -0 0 1
vn -0 0 1
vn -0 0 1
vn -0 0 1
vn -0 0 1
vn -0 0 1
vn -0 0 1
vn -0 0 1
vn -0 0 1
vn -0 0 1
vn -0 0 1
vn -0 0 1
vn -0 0 1
vn -0 0 1
vn -0 0 1
vn -0 0 1
vn -0 0 1
vn -0 0 1
vn -0 0 1
vn -0 0 1
vn -0 0 1
vn -0 0 1
vn -0 0 1
vn -0 0 1
vn -0 0 1
vn -0 0 1
vn -0 0 1
vn -0 0 1
vn -0 0 1
vn -0 0 1
vn -0 0 1
vn -0 0 1
vn -0 0 1
vn -0 0 1
vn -0 0 1
vn -0 0 1
vn -0 0 1
vn -0 0 1
vn -0 0 1
vn -0 0 1
vn -0 0 1
vn -0 0 1
vn -0 0 1
vn -0 0 1
vn -0 0 1
vn -0 0 1
vn -0 0 1
vn -0 0 1
vn -0 0 1
vn -0 0 1
vn -0 0 1
vn -0 0 1
vn -0 0 1
vn -0 0 1
vn -0 0 1
vn -0 0 1
vn -0 0 1
vn -0 0 1
vn -0 0 1
vn -0 0 1
vn -0 0 1
vn -0 0 1
vn -0 0 1
vn -0 0 1
vn -0 0 1
vn -0 0 1
vn -0 0 1
vn 1 0 -3.5742935E-06
vn 1 0 -2.3828622E-06
vn 1 0 -2.3828625E-06
vn 1 0 -3.5742935E-06
vn 1 0 -5.6189488E-06
vn 1 0 -5.6189488E-06
vn 1 -1.9059414E-06 -8.340019E-06
vn 1 -1.9059411E-06 -8.34002E-06
vn 1 0 -1.072689E-05
vn 1 0 -1.0726956E-05
vn 1 0 -1.3091047E-05
vn 1 0 -1.3091047E-05
vn 1 -1.1092413E-06 -1.3144163E-05
vn 1 -1.1092365E-06 -1.31441675E-05
vn 1 0 -1.0719901E-05
vn 1 0 -1.0719902E-05
vn 1 1.1790979E-06 -5.706301E-06
vn 1 1.1791446E-06 -5.706433E-06
vn 0.99896586 0.045465358 -1.057597E-06
vn 0.99896586 0.045465335 -1.0575977E-06
vn 0.9510664 0.30898649 3.6108754E-06
vn 0.9510665 0.30898649 3.6108763E-06
vn 0.80905575 0.58773184 6.9482385E-06
vn 0.80905646 0.587731 6.9482257E-06
vn 0.5878682 0.80895674 4.4497765E-06
vn 0.5878681 0.8089568 4.4497765E-06
vn 0.30914247 0.9510157 1.0912563E-06
vn 0.30914247 0.9510157 1.0912563E-06
vn 0.052825756 0.99860376 0
vn 0.052826196 0.99860376 0
vn 0.00016721566 1 0
vn 0.0001672159 1 0
vn 0.00016885938 1 0
vn 0.00016885938 1 0
vn 0.00016769132 1 -7.904541E-06
vn 0.0001676913 1 -7.904077E-06
vn 0.0001682888 1 -1.4753981E-05
vn 0.00016828878 1 -1.4753981E-05
vn 0.00016681256 1 -7.3769916E-06
vn 0.00016681255 1 -7.3769907E-06
vn 0.00016681245 1 0
vn 0.00016681246 1 0
vn 0.0001682438 1 0
vn 0.0001682438 1 0
vn 0.00016647545 1 0
vn 0.00016647545 1 0
vn 0.00016819165 1 0
vn 0.00016819163 1 0
vn 0.00016819165 1 0
vn 0.00016819165 1 0
vn 0.0001675401 1 0
vn 0.00016754007 1 0
vn 0.00016694229 1 0
vn 0.00016694228 1 0
vn 0.00016694238 1 0
vn 0.00016694235 1 0
vn 0.00017009214 1 0
vn 0.00017009214 1 0
vn 0.00016839588 1 0
vn 0.00016839588 1 0
vn 0.00016660155 1 0
vn 0.00016660156 1 0
vn 0.00016660153 1 0
vn 0.00016660155 1 0
vn 0.00016660156 1 0
vn 0.00016660155 1 0
vn 0.00016858282 1 0
vn 0.00016858279 1 0
vn 0.00016714113 1 0
vn 0.00016714113 1 0
vn 0.00016714112 1 0
vn 0.0001671411 1 0
vn 0.00016714112 1 0
vn 0.00016714113 1 0
vn -0 1 0
vn -0 1 0
vn -0.00016714114 1 0
vn -0.00016714113 1 0
vn -0.00016714114 1 0
vn -0.00016714114 1 0
vn -0.00016714113 1 0
vn -0.00016714113 1 0
vn -0.00016858282 1 0
vn -0.00016858279 1 0
vn -0.00016660156 1 0
vn -0.00016660155 1 0
vn -0.00016660153 1 0
vn -0.00016660155 1 0
vn -0.00016660155 1 0
vn -0.00016660156 1 0
vn -0.00016839593 1 0
vn -0.00016839593 1 0
vn -0.0001700922 1 0
vn -0.0001700922 1 0
vn -0.00016694226 1 0
vn -0.00016694228 1 0
vn -0.0001669422 1 0
vn -0.0001669422 1 0
vn -0.00016754014 1 0
vn -0.00016754014 1 0
vn -0.00016819175 1 0
vn -0.00016819175 1 0
vn -0.00016819163 1 0
vn -0.00016819166 1 0
vn -0.00016647538 1 0
vn -0.00016647541 1 0
vn -0.00016824383 1 0
vn -0.00016824383 1 0
vn -0.00016681248 1 0
vn -0.00016681248 1 0
vn -0.00016681252 1 7.376989E-06
vn -0.0001668125 1 7.376989E-06
vn -0.00016828864 1 1.4753967E-05
vn -0.00016828867 1 1.4753967E-05
vn -0.00016769044 1 7.904537E-06
vn -0.0001676904 1 7.904075E-06
vn -0.0001688596 1 8.608142E-06
vn -0.0001688596 1 8.608078E-06
vn -0.0001671237 1 8.789822E-06
vn -0.00016712394 1 8.790385E-06
vn -0.05278658 0.9986058 0
vn -0.05278658 0.9986058 0
vn -0.30914313 0.9510155 0
vn -0.3091431 0.9510156 0
vn -0.58786607 0.80895823 0
vn -0.587866 0.8089584 0
vn -0.80905515 0.58773285 0
vn -0.80905503 0.5877328 0
vn -0.9510678 0.3089825 0
vn -0.9510678 0.3089824 0
vn -0.99896586 0.045465328 0
vn -0.99896586 0.04546534 0
vn -1 1.4951975E-06 0
vn -1 1.495225E-06 0
vn -1 0 0
vn -1 0 0
vn -1 0 0
vn -1 0 0
vn -1 0 0
vn -1 0 0
vn -1 0 0
vn -1 0 0
vn -1 -1.579723E-06 0
vn -1 -1.579723E-06 0
vn -1 0 0
vn -1 0 0
vn -1 0 0
vn -1 0 0
vn -1 0 0
vn -1 0 0
vn -0 0 -1
vn -0 0 -1
vn -0 0 -1
vn -0 0 -1
vn -0 0 -1
vn -0 0 -1
vn -0 0 -1
vn -0 0 -1
vn -0 0 -1
vn -0 0 -1
vn -0 0 -1
vn -0 0 -1
vn -0 0 -1
vn -0 0 -1
vn -0 0 -1
vn -0 0 -1
vn -0 0 -1
vn -0 0 -1
vn -0 0 -1
vn -0 0 -1
vn -0 0 -1
vn -0 0 -1
vn -0 0 -1
vn -0 0 -1
vn -0 0 -1
vn -0 0 -1
vn -0 0 -1
vn -0 0 -1
vn -0 0 -1
vn -0 0 -1
vn -0 0 -1
vn -0 0 -1
vn -0 0 -1
vn -0 0 -1
vn -0 0 -1
vn -0 0 -1
vn -0 0 -1
vn -0 0 -1
vn -0 0 -1
vn -0 0 -1
vn -0 0 -1
vn -0 0 -1
vn -0 0 -1
vn -0 0 -1
vn -0 0 -1
vn -0 0 -1
vn -0 0 -1
vn -0 0 -1
vn -0 0 -1
vn -0 0 -1
vn -0 0 -1
vn -0 0 -1
vn -0 0 -1
vn -0 0 -1
vn -0 0 -1
vn -0 0 -1
vn -0 0 -1
vn -0 1.3826777E-06 -1
vn -0 0 -1
vn -0 0 -1
vn -0 0 -1
vn -0 0 -1
vn -0 0 -1
vn -0 0 -1
vn -0 0 -1
vn -0 0 -1
vn -0 0 -1
vn -0 0 -1
vn -0 0 -1
vn -0 0 -1
vn -0 0 -1
vn -0 0 -1
vn -0 0 -1
vn -0 0 -1
vn -0 0 -1
vn -0 0 -1
vn -0 0 -1
vn -0 0 -1
vn -0 0 -1
vn -0 2.2209636E-06 -1
vn -0 0 -1
vn -0 0 -1
vn -0 0 -1
vn -0 0 -1
vn -0 0 -1
vn -0 0 -1
vn -0 0 -1
vn -0 0 -1
vn -0 0 -1
vn -0 0 -1
vn -0 0 -1
vn -0 0 -1
vn -0 0 -1
vn -0 0 -1
vn -0 0 -1
vn -0 0 -1
vn -0 0 -1
vn -0 0 -1
vn -0 0 -1
vn -0 0 -1
vn -0 0 -1
vn -0 0 -1
vn -0 0 -1
vn -0 0 -1
vn -0 0 -1
vn -0 0 -1
vn -0 0 -1
vn -0 0 -1
vn -0 0 -1
vn -0 0 -1
vn -0 0 -1
vn -0 0 -1
vn -0 0 -1
vn -0 0 -1
vn -0 0 -1
vn -0 0 -1
vn -0 0 -1
vn -0 0 -1
vn -0 0 -1
vn -0 0 -1
vn -0 0 -1
vn -0 0 -1
vn -0 0 -1
vn -0 0 -1
vn -0 0 -1
vn -0 0 -1
vn -0 0 -1
vn -0 0 -1
vn -0 0 -1
vn -0 0 -1
vn -0 0 -1
vn -0 0 -1
vn -0 0 -1
vn -0 0 -1
vn -0 0 -1
vn -0 0 -1
vn -0 0 -1
vn -0 0 -1
vn -0 0 -1
vn -0 0 -1
vn -0 0 -1
vn -0 0 -1
vn -0 0 -1
vn -0 0 -1
vn -0 0 -1
vn -0 0 -1
vn -0 0 -1
vn -0 0 -1
vn -0 0 -1
vn -0 0 -1
vn -0 0 -1
vn -0 0 -1
vn -0 0 -1
vn -0 0 -1
vn -0 0 -1
vn -0 0 -1
vn -0 0 -1
vn -0 0 -1
vn -0 0 -1
vn -0 0 -1
vn -0 0 -1
vn -0 0 -1
vn -0 0 -1
vn -0 0 -1
vn -0 0 -1
vn -0 0 -1
vn -0 0 -1
vn -0 0 -1
vn -0 0 -1
vn -0 0 -1
vn -0 0 -1
vn -0 0 -1
vn -0 0 -1
vn -0 0 -1
vn -0 0 -1
vn -0 0 -1
vn -0 0 -1
vn -0 0 -1
vn -0 0 -1
vn -0 0 -1
vn -0 0 -1
vn -0 0 -1
vn -0 0 -1
vn -0 0 -1
vn -0 0 -1
vn -0 0 -1
vn -0 0 -1
vn -0 0 -1
vn -0 0 -1
vn -0 0 -1
vn -0 0 -1
vn -0 0 -1
vn -0 0 -1
vn -0 0 -1
vn -0 0 -1
vn -0 0 -1
vn -0 0 -1
vn -0 0 -1
vn -0 0 -1
vn -0 0 -1
vn -0 0 -1
vn -0 0 -1
vn -0 0 -1
vn -0 0 -1
vn -0 0 -1
vn -0 0 -1
vn -0 0 -1
vn -0 0 -1
vn -0 0 -1
vn -0 0 -1
vn -0 0 -1
vn -0 0 -1
vn -0 0 -1
vn -0 0 -1
vn -0 0 -1
vn -0 0 -1
vn -0 0 -1
vn -0 0 -1
vn -0 0 -1
vn -0 0 -1
vn -0 0 -1
vn -0 0 -1
vn -0 0 -1
vn -0 0 -1
vn -0 0 -1
vn -0 0 -1
vn -0 0 -1
vn -0 0 -1
vn -0 0 -1
vn -0 0 -1
vn -0 0 -1
vn -0 0 -1
vn -0 0 -1
vn -0 0 -1
vn -0 0 -1
vn -0 0 -1
vn -0 0 -1
vn -0 0 -1
vn -0 0 -1
vn -0 0 -1
vn -0 0 -1
vn -0 0 -1
vn -0 0 -1
vn -0 0 -1
vn -0 0 -1
vn -0 0 -1
vn -0 0 -1
vn -0 0 -1
vn -0 0 -1
vn -0 0 -1
vn -0 0 -1
vn -0 0 -1
vn -0 0 -1
vn -0 0 -1
vn -0 0 -1
vn -0 0 -1
vn -0 0 -1
vn -0 0 -1
vn -0 0 -1
vn -0 0 -1
vn -0 0 -1
vn -0 0 -1
vn -0 0 -1
vn -0 0 -1
vn -0 0 -1
vn -0 0 -1
vn -0 0 -1
vn -0 0 -1
vn -0 0 -1
vn -0 0 -1
vn -0 0 -1
vn -0 0 -1
vn -0 0 -1
vn -0 0 -1
vn -0 0 -1
vn -0 0 -1
vn -0 0 -1
vn -0 0 -1
vn -0 0 -1
vn -0 0 -1
vn -0 0 -1
vn -0 0 -1
vn -0 0 -1
vn -0 0 -1
vn -0 0 -1
vn -0 0 -1
vn -0 0 -1
vn -0 0 -1
vn -0 0 -1
vn -0 0 -1
vn -0 0 -1
vn -0 0 -1
vn -0 0 -1
vn -0 0 -1
vn -0 0 -1
vn -0 0 -1
vn -0 0 -1
vn -0 0 -1
vn -0 0 -1
vn -0 0 -1
vn -0 0 -1
vn -0 0 -1
vn -0 0 -1
vn -0 0 -1
vn -0 0 -1
vn -0 0 -1
vn -0 0 -1
vn -0 0 -1
vn -0 0 -1
vn -0 0 -1
vn -0 0 -1
vn -0 0 -1
vn -0 0 -1
vn -0 0 -1
vn -0 0 -1
vn -0 0 -1
vn -0 0 -1
vn -0 0 -1
vn -0 0 -1
vn -0 0 -1
vn -0 0 -1
vn -0 0 -1
vn -0 0 -1
vn -0 0 -1
vn -0 0 -1
vn -0 0 -1
vn -0 0 -1
vn -0 0 -1
vn -0 0 -1
vn -0 0 -1
vn -0 0 -1
vn -0 0 -1
vn -0 0 -1
vn -0 0 -1
vn -0 0 -1
vn -0 0 -1
vn -0 0 -1
vn -0 0 -1
vn -0 0 -1
vn -0 0 -1
vn -0 0 -1
vn -0 0 -1
vn -0 0 -1
vn -0 0 -1
vn -0 0 -1
vn -0 0 -1
vn -0 0 -1
vn -0 0 -1
vn -0 0 -1
vn -0 0 -1
vn -0 0 -1
vn -0 0 -1
vn -0 0 -1
vn -0 0 -1
vn -0 0 -1
vn -0 0 -1
vn 1 -1.4551181E-06 0
vn 1 -1.4551181E-06 0
vn 1 -1.4551181E-06 0
vn 1 -1.4551181E-06 0
vn -1 1.4551181E-06 0
vn -1 1.4551181E-06 0
vn -1 1.4551181E-06 0
vn -1 1.4551181E-06 0
vn -0 0 1
vn -0 0 1
vn -0 0 1
vn -0 0 1
vn -0 0 1
vn -0 0 1
vn -0 0 1
vn -0 0 1
vn -0 0 1
vn -0 0 1
vn -0 0 1
vn -0 0 1
vn -0 0 1
vn -0 0 1
vn -0 0 1
vn -0 0 1
vn -0 0 1
vn -0 0 1
vn -0 0 1
vn -0 0 1
vn -0 0 1
vn -0 0 1
vn -0 0 1
vn -0 0 1
vn -0 0 1
vn -0 0 1
vn -0 0 1
vn -0 0 1
vn -0 0 1
vn -0 0 1
vn -0 0 1
vn -0 0 1
vn -0 0 1
vn -0 0 1
vn -0 0 1
vn -0 0 1
vn -0 0 1
vn -0 0 1
vn -0 0 1
vn -0 0 1
vn -0 0 1
vn -0 0 1
vn -0 0 1
vn -0 0 1
vn -0 0 1
vn -0 0 1
vn -0 0 1
vn -0 0 1
vn -0 0 1
vn -0 0 1
vn -0 0 1
vn -0 0 1
vn -0 0 1
vn -0 0 1
vn -0 0 -1
vn -0 0 -1
vn -0 0 -1
vn -0 0 -1
vn -0 0 -1
vn -0 0 -1
vn -0 0 -1
vn -0 0 -1
vn -0 0 -1
vn -0 0 -1
vn -0 0 -1
vn -0 0 -1
vn -0 0 -1
vn -0 0 -1
vn -0 0 -1
vn -0 0 -1
vn -0 0 -1
vn -0 0 -1
vn -0 0 -1
vn -0 0 -1
vn -0 0 -1
vn -0 0 -1
vn -0 0 -1
vn -0 0 -1
vn -0 0 -1
vn -0 0 -1
vn -0 0 -1
vn -0 0 -1
vn -0 0 -1
vn -0 0 -1
vn -0 0 -1
vn -0 0 -1
vn -0 0 -1
vn -0 0 -1
vn -0 0 -1
vn -0 0 -1
vn -0 0 -1
vn -0 0 -1
vn -0 0 -1
vn -0 0 -1
vn -0 0 -1
vn -0 0 -1
vn -0 0 -1
vn -0 0 -1
vn -0 0 -1
vn -0 0 -1
vn -0 0 -1
vn -0 0 -1
vn -0 0 -1
vn -0 0 -1
vn -0 0 -1
vn -0 0 -1
vn -0 0 -1
vn -0 0 -1
vn 0.004454986 -0.9999901 0
vn -0 -1 0
vn -0 -1 0
vn 0.0044549857 -0.9999901 0
vn 0.005302053 -0.99998593 0
vn 0.005302053 -0.99998593 0
vn 0.007977208 -0.9999682 0
vn 0.007977208 -0.9999682 0
vn 0.009987583 -0.9999502 0
vn 0.009987583 -0.9999502 0
vn 0.006347108 -0.99997985 0
vn 0.006347108 -0.99997985 0
vn 0.0021126894 -0.99999785 0
vn 0.0021126894 -0.99999785 0
vn -0.0050179297 -0.9999875 0
vn -0.0050179297 -0.9999875 0
vn -0.011559194 -0.99993324 0
vn -0.011559194 -0.99993324 0
vn -0.0022830544 -0.9999974 0
vn -0.0022830544 -0.9999974 0
vn 0.0075301775 -0.9999716 0
vn 0.0075301775 -0.9999716 0
vn -0.0036382673 -0.99999344 0
vn -0.0036382673 -0.99999344 0
vn -0.015556466 -0.999879 0
vn -0.015556466 -0.999879 0
vn -0.01768041 -0.9998437 0
vn -0.01768041 -0.9998437 0
vn -0.019804118 -0.99980396 0
vn -0.019804118 -0.99980396 0
vn -0.020230956 -0.9997954 0
vn -0.020230956 -0.9997954 0
vn -0.02062921 -0.9997873 0
vn -0.02062921 -0.9997873 0
vn -0.011534354 -0.9999335 0
vn -0.011534354 -0.9999335 0
vn -0.0029372268 -0.9999957 0
vn -0.0029372268 -0.9999957 0
vn -0.0048487526 -0.9999883 0
vn -0.0048487526 -0.9999883 0
vn -0.006930017 -0.99997604 0
vn -0.006930017 -0.99997604 0
vn 0.011135146 -0.999938 0
vn 0.011135146 -0.999938 0
vn 0.026665747 -0.9996444 0
vn 0.026665747 -0.9996444 0
vn 0.022952344 -0.9997365 0
vn 0.022952344 -0.9997365 0
vn 0.01887732 -0.99982184 0
vn 0.01887732 -0.99982184 0
vn 0.016684264 -0.99986076 0
vn 0.016684264 -0.99986076 0
vn -0 -1 0
vn -0 -1 0
vn -0 0 1
vn -0 0 1
vn -0 0 1
vn -0 0 1
vn -0 0 1
vn -0 0 1
vn -0 0 1
vn -0 0 1
vn -0 0 1
vn -0 0 1
vn -0 0 1
vn -0 0 1
vn -0 0 1
vn -0 0 1
vn -0 0 1
vn -0 0 1
vn -0 0 1
vn -0 0 1
vn -0 0 1
vn -0 0 1
vn -0 0 1
vn -0 0 1
vn -0 0 1
vn -0 0 1
vn -0 0 1
vn -0 0 1
vn -0 0 1
vn -0 0 1
vn -0 0 1
vn -0 0 1
vn -0 0 1
vn -0 0 1
vn -0 0 1
vn -0 0 1
vn -0 0 1
vn -0 0 1
vn -0 0 1
vn -0 0 1
vn -0 0 1
vn -0 0 1
vn -0 0 1
vn -0 0 1
vn -0 0 1
vn -0 0 -1
vn -0 0 -1
vn -0 0 -1
vn -0 0 -1
vn -0 0 -1
vn -0 0 -1
vn -0 0 -1
vn -0 0 -1
vn -0 0 -1
vn -0 0 -1
vn -0 0 -1
vn -0 0 -1
vn -0 0 -1
vn -0 0 -1
vn -0 0 -1
vn -0 0 -1
vn -0 0 -1
vn -0 0 -1
vn -0 0 -1
vn -0 0 -1
vn -0 0 -1
vn -0 0 -1
vn -0 0 -1
vn -0 0 -1
vn -0 0 -1
vn -0 0 -1
vn -0 0 -1
vn -0 0 -1
vn -0 0 -1
vn -0 0 -1
vn -0 0 -1
vn -0 0 -1
vn -0 0 -1
vn -0 0 -1
vn -0 0 -1
vn -0 0 -1
vn -0 0 -1
vn -0 0 -1
vn -0 0 -1
vn -0 0 -1
vn -0 0 -1
vn -0 0 -1
vn -0 0 -1
vn -0 0 -1
vn -0 0 -1
vn 0.99972516 -0.023444861 0
vn 1 0 0
vn 1 0 0
vn 0.99972516 -0.023444861 0
vn 0.95105636 -0.3090174 0
vn 0.95105636 -0.3090174 0
vn 0.80901766 -0.5877844 0
vn 0.80901766 -0.5877844 0
vn 0.5877877 -0.8090153 0
vn 0.5877877 -0.8090153 0
vn 0.3090224 -0.95105475 0
vn 0.3090224 -0.95105475 0
vn 0.022473665 -0.99974746 0
vn 0.022473665 -0.99974746 0
vn 3.844271E-06 -1 0
vn 3.844271E-06 -1 0
vn 3.753301E-06 -1 0
vn 3.753301E-06 -1 0
vn -0 -1 0
vn -0 -1 0
vn -3.7533014E-06 -1 -3.2601197E-06
vn -3.7533014E-06 -1 -3.2601197E-06
vn -3.8439143E-06 -1 -5.9071626E-06
vn -3.8439134E-06 -1 -5.9071444E-06
vn -0.02246651 -0.9997476 0
vn -0.02246651 -0.9997476 0
vn -0.3090224 -0.95105475 0
vn -0.3090224 -0.95105475 0
vn -0.5877877 -0.8090153 0
vn -0.5877877 -0.8090153 0
vn -0.80901766 -0.5877844 0
vn -0.80901766 -0.5877844 0
vn -0.95105636 -0.3090174 0
vn -0.95105636 -0.3090174 0
vn -0.99972516 -0.023444936 0
vn -0.99972516 -0.023444938 0
vn -1 0 0
vn -1 0 0
vn -0 0 1
vn -0 0 1
vn -0 0 1
vn -0 0 1
vn -0 0 1
vn -0 0 1
vn -0 0 1
vn -0 0 1
vn -0 0 1
vn -0 0 1
vn -0 0 1
vn -0 0 1
vn -0 0 1
vn -0 0 1
vn -0 0 1
vn -0 0 1
vn -0 0 1
vn -0 0 1
vn -0 0 1
vn -0 0 1
vn -0 0 1
vn -0 0 1
vn -0 0 1
vn -0 0 1
vn -0 0 1
vn -0 0 1
vn -0 0 1
vn -0 0 1
vn -0 0 1
vn -0 0 1
vn -0 0 1
vn -0 0 1
vn -0 0 1
vn -0 0 1
vn -0 0 1
vn -0 0 1
vn -0 0 1
vn -0 0 1
vn -0 0 1
vn -0 0 1
vn -0 0 1
vn -0 0 1
vn -0 0 -1
vn -0 0 -1
vn -0 0 -1
vn -0 0 -1
vn -0 0 -1
vn -0 0 -1
vn -0 0 -1
vn -0 0 -1
vn -0 0 -1
vn -0 0 -1
vn -0 0 -1
vn -0 0 -1
vn -0 0 -1
vn -0 0 -1
vn -0 0 -1
vn -0 0 -1
vn -0 0 -1
vn -0 0 -1
vn -0 0 -1
vn -0 0 -1
vn -0 0 -1
vn -0 0 -1
vn -0 0 -1
vn -0 0 -1
vn -0 0 -1
vn -0 0 -1
vn -0 0 -1
vn -0 0 -1
vn -0 0 -1
vn -0 0 -1
vn -0 0 -1
vn -0 0 -1
vn -0 0 -1
vn -0 0 -1
vn -0 0 -1
vn -0 0 -1
vn -0 0 -1
vn -0 0 -1
vn -0 0 -1
vn -0 0 -1
vn -0 0 -1
vn -0 0 -1
vn -0 0 -1
vn -0 0 -1
vn 1 0 0
vn 0.8788811 0.051054727 -0.47430098
vn 0.9996228 -0.027460909 0
vn 1 0 0
vn 1 0 0
vn 1 0 0
vn -0.99962294 -0.027459804 0
vn -0.8789931 0.051972266 -0.4739937
vn -1 0 0
vn -1 0 0
vn -1 0 0
vn -1 0 0
vn 0.079024665 -0.005002601 -0.99686015
vn 0.08605224 0.0071270177 -0.9962651
vn 0.008448202 0.0011585411 -0.99996364
vn 0.007883619 -0.010580621 -0.999913
vn -0 0.000859982 -0.99999964
vn 0.05102735 -0.00028401494 -0.9986972
vn -0 -0.011276523 -0.99993646
vn -0 0.0008599857 -0.99999964
vn 0.0045336466 -0.031471282 -0.99949443
vn -0 -0.011293679 -0.9999362
vn -0 0.00085998257 -0.99999964
vn -8.4767795E-05 -0.036278084 -0.99934167
vn -0 -0.011350665 -0.9999356
vn -0 0.0008599789 -0.99999964
vn 3.3507662E-05 -0.03605381 -0.9993499
vn -0 -0.011293912 -0.9999362
vn -0 0.0008599787 -0.99999964
vn 8.4126594E-05 -0.03624329 -0.999343
vn -0 -0.01119735 -0.9999373
vn -0 0.0008599789 -0.99999964
vn 0.00014689118 -0.036727466 -0.9993253
vn -0 -0.011298772 -0.9999362
vn -0 0.000859979 -0.99999964
vn 0.00013096095 -0.037492722 -0.9992969
vn -0 -0.011357848 -0.9999355
vn -0 0.0008599787 -0.99999964
vn 2.8061977E-05 -0.03796305 -0.9992792
vn -0 -0.011306349 -0.9999361
vn -0 0.0008599787 -0.99999964
vn 1.8551922E-05 -0.03814545 -0.99927217
vn -0 -0.011269222 -0.9999366
vn -0.008449331 0.0011585862 -0.99996364
vn 4.1841173E-05 -0.038490992 -0.99925894
vn -0.0078793 -0.010578888 -0.999913
vn -5.275493E-05 -0.038631156 -0.99925345
vn -0.07909972 -0.004952815 -0.9968545
vn -0.08608276 0.0071289507 -0.9962625
vn -0.0791007 -0.0049527953 0.99685436
vn -0.08608281 0.0071289456 0.9962625
vn -0.051329117 0.00014106072 0.9986817
vn -0.004885896 -0.032718167 -0.99945265
vn -0.051454477 -0.0001228516 -0.9986753
vn -0.93542325 0.35352975 4.372183E-06
vn -0.35852563 0.17721936 -0.91654384
vn -0.012651626 0.052325454 -0.9985499
vn -0.006918054 0.062311064 -0.99803275
vn -0.0077062626 0.0777781 -0.9969409
vn -0.00015065185 0.078928724 -0.9968803
vn -0.00050968106 0.080414176 -0.9967614
vn -3.557494E-05 0.080695026 -0.99673885
vn 0.00040037383 0.08096487 -0.9967169
vn 0.0001823333 0.079335235 -0.9968479
vn 0.00018376063 0.07777343 -0.996971
vn -0.00012474025 0.078731 -0.9968959
vn 0.00027962006 0.07970818 -0.9968182
vn 0.00027888597 0.077824794 -0.996967
vn 0.0013465317 0.07604516 -0.9971034
vn 0.00035498434 0.07386477 -0.9972682
vn 0.0014549809 0.071866885 -0.9974132
vn 0.000341244 0.06967348 -0.99756974
vn 0.0007690795 0.067681976 -0.99770665
vn 4.633001E-05 0.06737293 -0.99772793
vn 0.0003282561 0.067091286 -0.99774677
vn 0.0001163566 0.066456854 -0.99778926
vn -0.00073269743 0.06583989 -0.99782985
vn -0.0004001909 0.0686425 -0.9976412
vn 0.005138757 0.07199076 -0.99739206
vn 0.006689633 0.060377833 -0.99815315
vn 0.012080691 0.05128054 -0.9986112
vn 0.33744526 0.17021647 -0.9258278
vn 0.9352608 0.35395962 -1.5398138E-05
vn 0.079024665 -0.005002601 -0.99686015
vn 0.086052276 0.0071270177 0.9962651
vn 0.08605224 0.0071270177 -0.9962651
vn 0.079023674 -0.0050026895 0.99686027
vn 0.05102735 -0.00028401494 -0.9986972
vn 0.008448221 0.0011585417 0.99996364
vn 0.050945472 -0.00013771292 0.99870145
vn 0.9352608 0.35395962 -1.5398138E-05
vn 0.33870545 0.17066897 0.9252842
vn 0.012144089 0.052287173 0.9985582
vn 0.0066127093 0.060481135 0.9981475
vn 0.004533639 -0.031471316 0.99949443
vn 0.005138776 0.07199095 0.99739206
vn -0.00040019202 0.06864257 0.9976412
vn 0.007883636 -0.01058063 0.999913
vn -8.478404E-05 -0.036278054 0.99934167
vn -0.0007326964 0.06583995 0.99782985
vn 0.00011635399 0.066457 0.99778926
vn -0 -0.011276536 0.99993646
vn -0 0.0008599787 0.99999964
vn 3.3507913E-05 -0.036053773 0.9993499
vn 0.00032825483 0.067091286 0.99774677
vn 4.633261E-05 0.067373134 0.9977278
vn -0 -0.011293676 0.9999362
vn -0 0.00085997884 0.99999964
vn 0.00010361453 -0.028758245 0.9995864
vn 0.0007690795 0.06768194 0.99770665
vn 0.00034124393 0.06967346 0.99756974
vn -0 -0.008851334 0.9999609
vn -0 0.000859979 0.99999964
vn 0.000181915 -0.02913149 0.99957556
vn 0.0014549817 0.07186683 0.9974132
vn 0.00035498702 0.073864765 0.9972682
vn -0 -0.008479325 0.9999641
vn -0 0.0008599789 0.99999964
vn 0.00013096107 -0.037492745 0.9992969
vn 0.0013465316 0.076045156 0.9971034
vn 0.00027888312 0.077824794 0.996967
vn -0 -0.011197361 0.9999373
vn -0 0.0008599787 0.99999964
vn 2.8060893E-05 -0.03796306 0.9992792
vn 0.00027961933 0.07970827 0.9968182
vn -0.0001247408 0.07873101 0.9968959
vn -0 -0.011298782 0.9999362
vn -0 0.00085997884 0.99999964
vn 1.855193E-05 -0.038145524 0.99927217
vn 0.00018376081 0.07777337 0.996971
vn 0.00018233374 0.07933524 0.9968479
vn -0 -0.011357859 0.9999355
vn -0 0.000859979 0.99999964
vn 4.1841293E-05 -0.038491115 0.99925894
vn 0.00040037595 0.08096479 0.9967169
vn -3.5574813E-05 0.08069498 0.99673885
vn -0 -0.011306367 0.9999361
vn -0 0.0008599787 0.99999964
vn -5.2755164E-05 -0.038631298 0.99925345
vn -0.00050968415 0.08041406 0.9967614
vn -0.00015065199 0.07892871 0.9968803
vn -0 -0.011269243 0.9999366
vn -0 0.0008599787 0.99999964
vn -0.0048859133 -0.032718237 0.99945265
vn -0.0077062617 0.07777807 0.9969409
vn -0.0067769308 0.062525146 0.9980204
vn -0.007879317 -0.010578913 0.999913
vn -0.0084493505 0.0011585845 0.99996364
vn -0.051329117 0.00014106072 0.9986817
vn -0.012855134 0.05424275 0.9984451
vn -0.36309734 0.1788465 0.9144257
vn -0.93542325 0.35352975 4.372183E-06
vn -0.0791007 -0.0049527953 0.99685436
vn -0.08608281 0.0071289456 0.9962625
vn -0 0 -1
vn -0 0 -1
vn -0 0 -1
vn -0 0 -1
vn -0 0 -1
vn -0 0 -1
vn -0 0 -1
vn -0 0 -1
vn -0 0 -1
vn -0 0 -1
vn -0 0 -1
vn -0 0 -1
vn -0 0 -1
vn -0 0 -1
vn -0 0 -1
vn -0 0 -1
vn -0 0 -1
vn -0 0 -1
vn -0 0 -1
vn -0 0 -1
vn -0 0 -1
vn -0 0 -1
vn -0 0 -1
vn -0 0 -1
vn -0 0 -1
vn -0 0 -1
vn -0 0 -1
vn -0 0 -1
vn -0 0 -1
vn -0 0 -1
vn -0 0 -1
vn -0 0 -1
vn -0 0 -1
vn -0 0 -1
vn -0 0 -1
vn -0 0 -1
vn -0 0 -1
vn -0 0 -1
vn -0 0 -1
vn -0 0 -1
vn -0 0 -1
vn -0 0 -1
vn -0 0 -1
vn -0 0 -1
vn -0 0 -1
vn -0 0 -1
vn -0 0 -1
vn -0 0 -1
vn -0 0 -1
vn -0 0 -1
vn -0 0 -1
vn -0 0 -1
vn -0 0 -1
vn -0 0 -1
vn -0 0 -1
vn -0 0 -1
vn -0 0 -1
vn -0 0 -1
vn -0 0 -1
vn -0 0 -1
vn -0 0 -1
vn -0 0 -1
vn -0 0 -1
vn -0 0 -1
vn -0 0 -1
vn -0 0 -1
vn -0 0 -1
vn -0 0 -1
vn -0 0 -1
vn -0 0 -1
vn -0 0 -1
vn -0 0 -1
vn -0 0 -1
vn -0 0 -1
vn -0 0 -1
vn -0 1.3989256E-06 -1
vn -0 0 -1
vn -0 0 -1
vn -0 0 -1
vn -0 0 -1
vn -0 0 -1
vn -0 0 -1
vn -0 0 -1
vn -0 0 -1
vn -0 0 -1
vn -0 0 -1
vn -0 0 -1
vn -0 0 -1
vn -0 0 -1
vn -0 0 -1
vn -0 0 -1
vn -0 0 -1
vn -0 0 -1
vn -0 0 -1
vn -0 0 -1
vn -0 0 -1
vn -0 0 -1
vn -0 0 -1
vn -0 0 -1
vn -0 0 -1
vn -0 0 -1
vn -0 0 -1
vn -0 0 -1
vn -0 0 -1
vn -0 0 -1
vn -0 0 -1
vn -0 0 -1
vn -0 0 -1
vn -0 0 -1
vn -0 0 -1
vn -0 0 -1
vn -0 0 -1
vn -0 0 -1
vn -0 0 -1
vn -0 0 -1
vn -0 0 -1
vn -0 0 -1
vn -0 0 -1
vn -0 0 -1
vn -0 0 -1
vn -0 0 -1
vn -0 0 -1
vn -0 0 -1
vn -0 0 -1
vn -0 0 -1
vn -0 0 -1
vn -0 0 -1
vn -0 0 -1
vn -0 0 -1
vn -0 0 -1
vn -0 0 -1
vn -0 0 -1
vn -0 0 -1
vn -0 0 -1
vn -0 0 -1
vn -0 0 -1
vn -0 0 -1
vn -0 0 -1
vn -0 0 -1
vn -0 0 -1
vn -0 0 -1
vn -0 0 -1
vn -0 0 -1
vn -0 0 -1
vn -0 0 -1
vn -0 0 -1
vn -0 0 -1
vn -0 0 -1
vn -0 0 -1
vn -0 0 -1
vn -0 0 -1
vn -0 0 -1
vn -0 0 -1
vn -0 0 -1
vn -0 0 -1
vn -0 0 -1
vn -0 0 -1
vn -0 0 -1
vn -0 0 -1
vn -0 0 -1
vn -0 0 -1
vn -0 0 -1
vn -0 0 -1
vn -0 0 -1
vn -0 0 -1
vn -0 0 -1
vn -0 0 -1
vn -0 0 -1
vn -0 0 -1
vn -0 0 -1
vn -0 0 -1
vn -0 0 -1
vn -0 0 -1
vn -0 0 -1
vn -0 0 -1
vn -0 0 -1
vn -0 0 -1
vn -0 0 -1
vn -0 0 -1
vn -0 0 -1
vn -0 0 -1
vn -0 0 -1
vn -0 0 -1
vn -0 0 -1
vn -0 0 -1
vn -0 0 -1
vn -0 0 -1
vn -0 0 -1
vn -0 0 -1
vn -0 0 -1
vn -0 0 -1
vn -0 0 -1
vn -0 0 -1
vn -0 0 -1
vn -0 0 -1
vn -0 0 -1
vn -0 0 -1
vn -0 0 -1
vn -0 0 -1
vn -0 0 -1
vn -0 0 -1
vn -0 0 -1
vn -0 0 -1
vn -0 0 -1
vn -0 0 -1
vn -0 0 -1
vn -0 0 -1
vn -0 0 -1
vn -0 0 -1
vn -0 0 -1
vn -0 0 -1
vn -0 0 -1
vn -0 0 -1
vn -0 0 -1
vn -0 0 -1
vn -0 0 -1
vn -0 0 -1
vn -0 0 -1
vn -0 0 -1
vn -0 0 -1
vn -0 0 -1
vn -0 0 -1
vn -0 0 -1
vn -0 0 -1
vn -2.1032423E-05 1 4.086608E-05
vn -3.836669E-05 1 0
vn -3.8382663E-05 1 0
vn -2.1004491E-05 1 -4.084192E-05
vn -0.0035385175 0.99996614 0.0074251136
vn -0.0044494574 0.99994683 -0.009311249
vn -0.018403003 0.99919015 0.03578338
vn -0.01803007 0.99925977 0.033983756
vn -0.018293543 0.99962354 0.020447863
vn -0.018284438 0.9996172 0.020763578
vn -0.022185415 0.9997539 7.356441E-05
vn -0.022168467 0.99975425 7.384256E-05
vn -0.026666475 0.9996444 0
vn -0.026666475 0.9996444 0
vn -0.011135143 0.999938 0
vn -0.011135143 0.999938 0
vn 0.0069308756 0.99997604 0
vn 0.0069308756 0.99997604 0
vn 0.0048487526 0.9999883 0
vn 0.0048487526 0.9999883 0
vn 0.0029364394 0.9999957 0
vn 0.0029364394 0.9999957 0
vn 0.011535168 0.9999335 0
vn 0.011535168 0.9999335 0
vn 0.020629218 0.9997873 0
vn 0.020629218 0.9997873 0
vn 0.020230094 0.9997954 0
vn 0.020230094 0.9997954 0
vn 0.019805001 0.99980384 0
vn 0.019805001 0.99980384 0
vn 0.017680408 0.9998437 0
vn 0.017680408 0.9998437 0
vn 0.015555576 0.999879 0
vn 0.015555576 0.999879 0
vn 0.0036382677 0.99999344 0
vn 0.0036382677 0.99999344 0
vn -0.0075293416 0.9999716 0
vn -0.0075293416 0.9999716 0
vn 0.002283862 0.9999974 0
vn 0.002283862 0.9999974 0
vn 0.011559192 0.99993324 0
vn 0.011559192 0.99993324 0
vn 0.0050171074 0.9999875 0
vn 0.0050171074 0.9999875 0
vn -0.0021126887 0.99999785 0
vn -0.0021126887 0.99999785 0
vn -0.006347108 0.99997985 0
vn -0.006347108 0.99997985 0
vn -0.00998832 0.9999502 0
vn -0.00998832 0.9999502 0
vn -0.0075500254 0.9999715 0.000114304756
vn -0.0075398628 0.9999716 0.0001147814
vn -0.005015393 0.9999589 -0.007559587
vn -0.0050421245 0.99996126 -0.0072251577
vn -0.0051172148 0.9999137 -0.012099542
vn -0.0047469027 0.9999193 -0.011787957
vn -0.0010952322 0.9999968 -0.0023184314
vn 2.1080843E-05 1 -3.6042372E-06
vn 3.808594E-05 1 -3.5837468E-06
vn 3.8365768E-05 1 0
vn 2.1053045E-05 1 0
vn -0.0015271674 0.9999937 0.0032050184
vn -0.005705273 0.99981266 0.018495405
vn -0.0046324553 0.99981874 0.01847161
vn -0.0049022655 0.999918 0.011838497
vn -0.0049343426 0.9999238 0.011312189
vn -0.0075523052 0.9999715 -0.00011369909
vn -0.007542138 0.9999716 -0.00011417374
vn -0.009988322 0.9999502 0
vn -0.009988322 0.9999502 0
vn -0.006347109 0.99997985 0
vn -0.006347109 0.99997985 0
vn -0.0021126892 0.99999785 0
vn -0.0021126892 0.99999785 0
vn 0.005017108 0.9999875 0
vn 0.005017108 0.9999875 0
vn 0.011559194 0.99993324 0
vn 0.011559194 0.99993324 0
vn 0.0022838644 0.9999974 0
vn 0.0022838644 0.9999974 0
vn -0.0075293425 0.9999716 0
vn -0.0075293425 0.9999716 0
vn 0.003638267 0.99999344 0
vn 0.003638267 0.99999344 0
vn 0.015555573 0.999879 0
vn 0.015555573 0.999879 0
vn 0.01768041 0.9998437 0
vn 0.01768041 0.9998437 0
vn 0.019805005 0.99980384 0
vn 0.019805005 0.99980384 0
vn 0.020230098 0.9997954 0
vn 0.020230098 0.9997954 0
vn 0.020629218 0.9997873 0
vn 0.020629218 0.9997873 0
vn 0.011535165 0.9999335 0
vn 0.011535165 0.9999335 0
vn 0.002936439 0.9999957 0
vn 0.002936439 0.9999957 0
vn 0.0048487526 0.9999883 0
vn 0.0048487526 0.9999883 0
vn 0.006930876 0.99997604 0
vn 0.006930876 0.99997604 0
vn -0.011135143 0.999938 0
vn -0.011135143 0.999938 0
vn -0.026666477 0.9996444 0
vn -0.026666477 0.9996444 0
vn -0.022189446 0.9997538 -7.317688E-05
vn -0.022172498 0.99975413 -7.3453906E-05
vn -0.018055016 0.99942756 -0.028611688
vn -0.018042224 0.99941504 -0.029051421
vn -0.019640429 0.99861777 -0.048752937
vn -0.017772106 0.99870634 -0.047641676
vn 0.9996228 -0.027460909 0
vn 0.8788811 0.051054727 -0.47430098
vn 0.992777 -0.11997427 4.73782E-06
vn 0.92275846 -0.11917858 -0.36648792
vn 0.9906723 -0.13626535 0
vn 0.85979366 -0.12025992 -0.49627858
vn 0.9934589 -0.11418507 -0.0011115444
vn 0.6026928 -0.028637342 -0.79745924
vn 0.65789527 -0.072492406 -0.74961233
vn 0.7285744 -0.07913658 -0.68037987
vn 0.053174675 0.17821305 -0.98255414
vn 0.008151592 0.19954911 -0.9798539
vn 0.12167245 0.14223307 -0.9823267
vn -0.00039200575 0.20415135 -0.9789393
vn -0.0011986683 0.21902914 -0.9757176
vn 0.7182162 -0.032450415 -0.6950629
vn 0.99909973 -0.042424202 -1.6164135E-05
vn 0.186827 0.08051261 -0.97908807
vn -0.0010129779 0.17833558 -0.9839692
vn -0.0009675857 0.20167129 -0.97945285
vn -0 0.2174872 -0.9760632
vn 0.24155118 0.029206486 -0.9699485
vn 0.72579056 -0.021158356 -0.68759036
vn 0.9997025 -0.024384132 0.00034072035
vn 0.9999589 -0.009073411 0
vn -0.0008698676 0.12659806 -0.9919537
vn -0.0023027381 0.17645071 -0.9843068
vn 0.002521629 0.20099518 -0.9795889
vn 0.001875957 0.22228524 -0.9749799
vn -0.0007401826 0.055042204 -0.99848384
vn -0.0024748272 0.12786244 -0.9917888
vn 0.0032765013 0.17554024 -0.9844668
vn 0.0025150408 0.19833173 -0.9801317
vn 0.0012355626 0.22840495 -0.97356546
vn 0.0028781113 0.23962232 -0.9708619
vn 0.0032760273 0.17648046 -0.9842987
vn 0.0016969194 0.1934651 -0.98110574
vn -0 0.24244186 -0.97016597
vn 0.0044633267 0.13156773 -0.9912971
vn -0.0028109604 0.053923473 -0.9985411
vn 0.004460504 0.13675912 -0.99059427
vn -0.004435137 0.17826241 -0.983973
vn -0.0452233 0.1864569 -0.9814217
vn -0.024480732 0.14348255 -0.98935
vn -0.0024572827 0.14131522 -0.9899616
vn -0.0029871583 0.050986066 -0.99869496
vn 0.0054371553 0.052571673 -0.99860233
vn 0.005437247 0.051978104 -0.99863344
vn 0.0030763056 0.05206164 -0.99863917
vn 0.0042556347 0.032473896 -0.9994635
vn -0 0.03307558 -0.9994529
vn 0.0060092 0.031587467 -0.99948287
vn 0.006009758 0.030224133 -0.99952507
vn 0.0046842806 0.01176367 -0.9999199
vn -0 0.009667528 -0.99995327
vn -0 0.0019212501 -0.9999982
vn 0.008490747 0.011512033 -0.9998977
vn 0.007221794 0.0013518374 -0.99997306
vn -0 -0.0039119734 -0.9999924
vn -0.0028428696 0.029212024 -0.99956924
vn 0.008301505 0.010461365 -0.99991083
vn 0.005052264 0.0014317177 -0.9999863
vn 0.006469511 -0.003120884 -0.99997425
vn -0.0010082388 0.028773425 -0.99958545
vn -0.00076990115 0.008677994 -0.9999621
vn 0.01183298 0.0017281637 -0.9999285
vn 0.0030609732 -0.011753507 -0.9999262
vn -0.0036565808 -0.013595893 -0.99990094
vn 0.0033566258 -0.0017203473 -0.99999297
vn 0.28551507 0.009284472 -0.9583292
vn 0.014328021 0.006547018 -0.9998759
vn 0.3224648 -0.0005165739 -0.94658136
vn 0.0005572575 -0.028721564 -0.99958736
vn -0.015536435 -0.028356219 -0.9994772
vn -6.755171E-05 -0.010429252 -0.99994564
vn 0.69240034 -0.0065354863 -0.7214839
vn 1 0.0002026805 0
vn 0.3227182 0.001772933 -0.9464935
vn 0.6946215 0.0010039666 -0.71937466
vn 0.9999616 0.008760503 0
vn 0.7232234 0.009803612 -0.69054466
vn 0.9998301 0.018432572 5.9432783E-05
vn 0.007987603 -7.261104E-05 -0.9999682
vn 0.32107964 0.006008215 -0.9470331
vn 0.7692677 0.019130528 -0.63864017
vn 0.3093765 0.005469669 -0.95092386
vn 0.0032760336 -0.008458854 -0.9999589
vn 0.7997622 0.024773782 -0.59980553
vn 0.9993814 0.035168182 0.000104408326
vn -0.00057452754 -0.032552935 -0.9994698
vn 0.26113597 -0.024949767 -0.9649796
vn 1.9524678E-05 -0.037119642 -0.99931085
vn 0.7864102 0.022318235 -0.61730117
vn 0.9993888 0.034951992 0.0005499401
vn 0.0017264762 -0.09214246 -0.9957443
vn 0.22613582 -0.058557652 -0.9723341
vn 0.0010007919 -0.10028908 -0.99495786
vn 0.77597046 0.057564776 -0.628137
vn 0.99546164 0.095145844 -0.0018719047
vn 0.18849966 -0.11511407 -0.9753033
vn -0.0015808798 -0.16794498 -0.98579514
vn 0.7499969 0.09204911 -0.65500504
vn 0.9918127 0.12770091 -0.00033386823
vn 0.14104326 -0.19606976 -0.9703935
vn 0.782856 0.10903781 -0.6125742
vn 0.9911152 0.13300619 0
vn 0.81854534 0.0120973885 -0.5743145
vn 0.6997846 0.04756029 -0.712769
vn 0.013067024 -0.2675754 -0.9634482
vn -0.003481943 -0.24225582 -0.97020614
vn 0.062167536 -0.25454885 -0.96505964
vn -0.0023497727 -0.27494642 -0.9614567
vn -0.0014191926 -0.2925769 -0.9562409
vn -0.00074132223 -0.28561515 -0.9583441
vn -0.0023421142 -0.26463428 -0.96434605
vn 0.00022915361 -0.2810053 -0.95970625
vn -0.00093382294 -0.2563708 -0.96657807
vn -0.0039626253 -0.23940499 -0.9709117
vn -0.0024189602 -0.18553078 -0.9826355
vn -0.004089538 -0.23805803 -0.9712423
vn -0.03830382 -0.25041962 -0.9673794
vn -0.003330319 -0.20178023 -0.97942513
vn -0.032756004 -0.20588703 -0.97802734
vn -0.0004253579 -0.10812286 -0.9941374
vn -0.029810691 -0.1088021 -0.99361634
vn -0.0017875959 0.20224056 -0.97933424
vn -0 0.2158643 -0.9764233
vn -0.0011490426 0.21472883 -0.97667307
vn -0.0014367999 0.2021164 -0.97936046
vn -0.0004916928 0.21021222 -0.97765565
vn -0.0027103159 0.18654063 -0.98244345
vn -0.001383352 0.20096898 -0.9795966
vn -0.00074592186 0.20775951 -0.9781797
vn 0.0020966032 0.20169684 -0.97944576
vn 0.001130264 0.20896901 -0.97792155
vn 0.0016155839 0.20432693 -0.9789013
vn 0.0019755752 0.21427928 -0.97677046
vn -0.006627518 0.2012567 -0.9795161
vn -0.052822 0.17925753 -0.98238313
vn -0.8789931 0.051972266 -0.4739937
vn 0.0016552549 0.18015967 -0.98363596
vn 0.002856896 0.17990187 -0.98368037
vn -0.002712666 0.18147214 -0.98339236
vn -0.0027109215 0.18490323 -0.98275304
vn -0.0044602645 0.13675937 -0.99059427
vn -0.0044592894 0.139226 -0.9902506
vn -0.0054369983 0.05169108 -0.99864835
vn -0.004463112 0.13156821 -0.9912971
vn 0.0024750691 0.12786326 -0.9917888
vn 0.00086976495 0.12659918 -0.99195355
vn -0.12172195 0.1409824 -0.98250073
vn -0.6078389 -0.03091777 -0.79345816
vn -0.0054369606 0.051978063 -0.99863344
vn -0.005436867 0.05257161 -0.99860233
vn 0.0028112775 0.053923413 -0.9985411
vn 0.0007398658 0.055042308 -0.99848384
vn -0.18677048 0.08052701 -0.97909766
vn -0.6578949 -0.0724915 -0.7496128
vn -0.9227538 -0.11917664 -0.36650002
vn -0.006008879 0.03158756 -0.99948287
vn -0.006008653 0.03224015 -0.99946207
vn -0.008300934 0.013250072 -0.9998778
vn -0.9927771 -0.11997354 4.479182E-06
vn -0.99962294 -0.027459804 0
vn -0.9906725 -0.13626415 0
vn -0.8597934 -0.120260075 -0.4962789
vn -0.9934588 -0.11418615 -0.0011117456
vn -0.7285744 -0.07913743 -0.6803798
vn -0.7182164 -0.032450233 -0.69506276
vn -0.99909973 -0.042424493 -1.6126847E-05
vn -0.24147923 0.029214637 -0.96996605
vn -0.72579116 -0.021158436 -0.6875896
vn -0.9997025 -0.024383985 0.00034068382
vn -0.28542536 0.009291331 -0.9583559
vn 0.0010080761 0.028773814 -0.99958545
vn -0.692401 -0.0065355347 -0.72148335
vn -0.9999589 -0.009073447 0
vn -1 0.00020267922 0
vn -0.3223617 -0.00051483396 -0.9466164
vn 0.0028432205 0.029212268 -0.9995691
vn -0.01432648 0.006546883 -0.9998759
vn -0.32261378 0.001772963 -0.94652903
vn -0.6946218 0.0010039684 -0.7193744
vn -0.0060094437 0.030224297 -0.99952507
vn 0.0007703878 0.0086782845 -0.9999621
vn -0.7232233 0.009803699 -0.6905447
vn -0.9999616 0.008760676 0
vn -0.32097793 0.006006537 -0.9470676
vn -0.011832166 0.0017281721 -0.9999285
vn -0.0050517037 0.0014317193 -0.9999863
vn -0.008301083 0.010461569 -0.99991083
vn -0.008490293 0.011512126 -0.9998977
vn -0.009637316 0.0011610502 -0.9999529
vn -0.008050984 -0.0029168248 -0.9999634
vn -0.76926726 0.019130575 -0.6386407
vn -0.9998301 0.018432835 5.939169E-05
vn -0.30928105 0.005466437 -0.950955
vn -0.007987175 -7.2702715E-05 -0.9999682
vn -0.0033561704 -0.0017204859 -0.99999297
vn -0.0045864205 -0.011329441 -0.9999254
vn -0.79976165 0.024773424 -0.59980625
vn -0.9993814 0.035168067 0.0001031877
vn -0.0032758755 -0.008458633 -0.9999589
vn 6.780981E-05 -0.010429371 -0.99994564
vn -0.0038819553 -0.028722024 -0.99957985
vn -0.26106194 -0.024955057 -0.96499944
vn -0.78641003 0.022316925 -0.61730164
vn -0.9993888 0.034953304 0.0005486983
vn 0.00057473895 -0.032552555 -0.99946994
vn -1.9539373E-05 -0.037119336 -0.99931085
vn -0.22607177 -0.058564518 -0.97234863
vn -0.0017264626 -0.09214361 -0.9957443
vn -0.0010005163 -0.100289956 -0.99495775
vn -0.0050383727 -0.107082814 -0.9942373
vn -0.7759702 0.05756485 -0.62813735
vn -0.99546635 0.09509669 -0.0018334475
vn 0.0015806716 -0.16794717 -0.98579466
vn 0.0024190033 -0.18553269 -0.98263514
vn -0.0011736121 -0.1999758 -0.97980016
vn -0.18844536 -0.11512414 -0.9753127
vn -0.7499964 0.0920481 -0.6550057
vn -0.99181026 0.12772 0
vn 0.005041493 -0.2559492 -0.96667707
vn 0.0021991765 -0.25934955 -0.96578103
vn 0.002497754 -0.2566047 -0.9665132
vn 0.0046954453 -0.2518886 -0.9677449
vn -0.14100246 -0.19608374 -0.9703965
vn -0.782853 0.109038234 -0.6125781
vn -0.991115 0.13300769 0
vn -0.8185477 0.01209837 -0.5743111
vn -0.69978505 0.047559734 -0.7127685
vn -0.010262496 -0.26563627 -0.96401864
vn -0.059339598 -0.2564863 -0.96472454
vn 0.004388422 -0.27509564 -0.9614068
vn 0.0029744527 -0.27169234 -0.9623795
vn 0.004284555 -0.2646287 -0.9643408
vn 0.0027005873 -0.24926087 -0.9684326
vn 0.001746915 -0.2320343 -0.972706
vn -0.8185468 0.012097693 0.57431245
vn -0.8185477 0.01209837 -0.5743111
vn -0.991115 0.13300769 0
vn -0.78285307 0.10903793 0.61257803
vn -0.99181026 0.12772 0
vn -0.7084144 0.04510814 0.70435387
vn -0.00919946 -0.2582128 0.9660443
vn -0.7707469 0.096298605 0.629822
vn -0.99546635 0.09509669 -0.0018334475
vn -0.8059282 0.05288426 0.5896465
vn -0.9993888 0.034953304 0.0005486983
vn -0.3561027 -0.15565716 0.9213912
vn -0.818227 0.018352404 0.5746023
vn -0.9993814 0.035168067 0.0001031877
vn -0.22173215 -0.2205646 0.9498348
vn -0.4036534 -0.10760002 0.9085627
vn -0.8289566 0.02506244 0.5587511
vn -0.9998301 0.018432835 5.939169E-05
vn -0.40781203 -0.05687118 0.911293
vn -0.00087235874 -0.28976187 0.95709836
vn -0.0076254313 -0.28781483 0.95765567
vn -0.015374873 -0.19492374 0.9806979
vn 0.0031622618 -0.29181257 0.9564703
vn 0.0017604862 -0.2643431 0.9644271
vn 0.0017995266 -0.2455587 0.9693801
vn 0.0042616106 -0.16336802 0.98655605
vn 0.0028478748 -0.28331935 0.9590214
vn -0 -0.08887478 0.99604285
vn -0.023483546 -0.103671655 0.99433434
vn -0 -0.27800295 0.9605802
vn -0 -0.163369 0.98656505
vn -0 -0.23408374 0.9722164
vn -0.0017995631 -0.24555883 0.96937996
vn 0.0042616106 -0.16336802 0.98655605
vn -0.0028479437 -0.28331944 0.9590214
vn -0.0017605653 -0.2643429 0.9644271
vn -0 -0.049002677 0.9987986
vn -0 -0.08887478 0.99604285
vn -0.003162378 -0.29181302 0.9564702
vn 0.00918964 -0.25821865 0.96604276
vn -0.0042616106 -0.16336802 0.98655605
vn -0 -0.08887478 0.99604285
vn -0 -0.08887478 0.99604285
vn -0.0042616106 -0.16336802 0.98655605
vn -0 -0.049002677 0.9987986
vn 0.0008728044 -0.2897618 0.95709836
vn -0 -0.049002677 0.9987986
vn -0 -0.004984168 0.9999876
vn -0 -0.004984168 0.9999876
vn -0 -0.049002677 0.9987986
vn -0 -0.08887478 0.99604285
vn 0.007628519 -0.28781292 0.95765626
vn 0.2219257 -0.22047713 0.9498099
vn 0.708668 0.045210954 0.7040921
vn 0.8185459 0.01209767 0.57431376
vn 0.35612378 -0.15561646 0.92139
vn 0.015379995 -0.19492264 0.9806981
vn -0 -0.049002677 0.9987986
vn -0 -0.004984168 0.9999876
vn 0.7828949 0.109001935 0.61253095
vn 0.9911152 0.13300619 0
vn 0.81854534 0.0120973885 -0.5743145
vn 0.9918127 0.12770091 -0.00033386823
vn 0.7707264 0.096275315 0.6298506
vn 0.99546164 0.095145844 -0.0018719047
vn 0.80590886 0.05293533 0.5896684
vn 0.9993888 0.034951992 0.0005499401
vn 0.40374216 -0.107577905 0.9085258
vn 0.81822693 0.018353589 0.57460225
vn 0.9993814 0.035168182 0.000104408326
vn 0.023490647 -0.10367094 0.9943342
vn 0.4079053 -0.056858845 0.91125214
vn 0.82895684 0.025062455 0.55875075
vn 0.9998301 0.018432572 5.9432783E-05
vn -0 -0.004984168 0.9999876
vn 0.005363573 -0.017254453 0.9998367
vn 0.027310124 -0.049293704 0.9984108
vn 0.40410578 -0.021138918 0.914468
vn 0.80944216 0.018702615 0.5869016
vn 0.9999616 0.008760503 0
vn 0.39216933 0.0012233857 0.9198922
vn 0.77895886 0.009748996 0.6269993
vn 1 0.0002026805 0
vn 0.002855636 -0.018915253 0.9998171
vn 0.75645226 0.0016660376 0.6540468
vn 0.9999589 -0.009073411 0
vn 0.74739707 -0.005893095 0.66435146
vn 0.9997025 -0.024384132 0.00034072035
vn 0.41475692 0.0027375384 0.9099281
vn 0.41591722 0.0008412798 0.909402
vn 0.0076517947 -0.009263309 0.9999279
vn 0.003961321 -0.010001528 0.9999422
vn 0.0044473945 -0.002008406 0.9999881
vn 0.010252312 -0.0007643258 0.9999472
vn 0.759067 -0.020746343 0.6506819
vn 0.99909973 -0.042424202 -1.6164135E-05
vn -0 -0.019330304 0.99981314
vn 0.4080531 0.0072100307 0.9129297
vn 0.01675211 0.0177716 0.9997017
vn 0.76265436 -0.032788035 0.64597464
vn 0.9934589 -0.11418507 -0.0011115444
vn 0.34324482 0.014452523 0.9391348
vn 0.00012343102 0.018230833 0.9998338
vn 0.013936845 0.03198371 0.9993912
vn 0.3895621 0.023456743 0.9207014
vn 0.7649079 -0.07869498 0.63931453
vn 0.86220187 -0.120827146 0.49194375
vn 0.9906723 -0.13626535 0
vn 0.9228426 -0.11889611 0.36636758
vn 0.992777 -0.11997427 4.73782E-06
vn 0.7008583 -0.080202624 0.7087772
vn 0.40069777 0.051114745 0.9147834
vn 0.60583156 0.07384835 0.79215807
vn 0.9996228 -0.027460909 0
vn 0.57626766 -0.00660513 0.81723434
vn 0.35208234 0.09660175 0.93097055
vn 0.1932479 0.14866577 0.9698215
vn -0.0033594524 0.20180425 0.9794201
vn 0.08180022 0.051773157 0.99530303
vn 0.101889595 0.13286227 0.9858834
vn 0.03550748 0.22414884 0.97390795
vn 0.009159898 0.057125766 0.99832493
vn 0.07237655 0.18273038 0.9804954
vn 0.012166103 0.18779993 0.98213196
vn 0.0026391197 0.030641224 0.999527
vn 0.0018583157 0.24749026 0.96888864
vn -0.0028475723 0.22984906 0.9732221
vn -0.006377022 0.22083287 0.97529083
vn -0.0003011955 0.18214491 0.98327166
vn -0.0069553116 0.26133654 0.96522266
vn 0.002235596 0.056355186 0.99840826
vn 0.00065545016 0.21808459 0.9759296
vn 0.00048783098 0.1815654 0.9833787
vn 0.0007494728 0.18420267 0.982888
vn 0.00095725915 0.19347452 0.9811048
vn 0.00060258486 0.2597428 0.9656776
vn 0.0012952974 0.21941325 0.9756311
vn 0.00074636063 0.18797424 0.9821737
vn 0.0023619179 0.26114497 0.9652967
vn 0.0012923876 0.2215287 0.9751531
vn 0.00075238844 0.19171023 0.98145133
vn 0.0038292827 0.19754541 0.9802862
vn 0.0023603593 0.26353407 0.96464723
vn 0.0012967557 0.2238728 0.97461754
vn 0.006149135 0.05801732 0.9982967
vn 0.003826386 0.20151944 0.97947705
vn 0.0072595864 0.031186415 0.99948716
vn 4.7376085E-05 0.2250841 0.97433937
vn 2.2898621E-05 0.2670921 0.963671
vn 4.7922105E-05 0.19364305 0.9810721
vn -0.0006568776 0.19216588 0.9813623
vn 0.0023587684 0.26592904 0.96398973
vn -0.0012021988 0.22387399 0.9746173
vn -0.00065155356 0.18890537 0.9819951
vn 0.006148832 0.060664423 0.99813926
vn 0.0038233816 0.20550504 0.9786486
vn -0.0011981472 0.22153302 0.97515213
vn -0.00065421726 0.1856145 0.9826224
vn -0.002313065 0.26575306 0.96403825
vn -0.0012008593 0.21941227 0.9756315
vn -0.0004258043 0.18331373 0.98305434
vn -0.002314739 0.2631777 0.9647446
vn -0.0038232056 0.2055052 0.9786485
vn -0 0.20746197 0.9782431
vn 0.00614842 0.06332185 0.9979742
vn -0.00054200186 0.21810001 0.97592634
vn 0.00039718425 0.18461572 0.98281074
vn -0.0023163767 0.26060808 0.96544194
vn 0.006487009 0.22104114 0.97524285
vn 0.0034253548 0.2045333 0.9788536
vn -0 0.06465147 0.9979079
vn 0.007259409 0.032250796 0.9994535
vn -0.003826218 0.20151995 0.979477
vn -0.00054385274 0.25905487 0.96586245
vn -0.006148105 0.06332199 0.9979742
vn -0.0038291058 0.19754604 0.98028606
vn -0.0061485684 0.06066468 0.99813926
vn 0.0072592227 0.033319604 0.9994184
vn 0.007859003 0.01821448 0.99980325
vn 0.007980992 0.017866906 0.9998086
vn -3.164886E-05 -0.0026880575 0.9999964
vn -0.0072588413 0.033319663 0.9994184
vn -0 0.033854384 0.99942684
vn 0.007859161 0.01856788 0.9997967
vn -0 0.018623888 0.9998266
vn -0.007858716 0.01856789 0.9997967
vn -0.0072590853 0.03225091 0.9994535
vn -1.6821541E-05 -0.0103312405 0.9999467
vn -0.008015302 0.01783405 0.99980885
vn -0.006148895 0.05801773 0.9982967
vn -0.0045161513 -0.0019883374 0.99998784
vn -0.0039964602 -0.009966343 0.9999424
vn -0.0072592874 0.031186592 0.99948716
vn -0.0009570903 0.19347504 0.9811047
vn -0.0028553342 -0.018915335 0.9998171
vn -0.007858696 0.018164752 0.9998042
vn -0.0022353055 0.056355704 0.99840826
vn 0.0069743227 0.26037654 0.96548194
vn -0.0026387793 0.030641451 0.999527
vn -0.00014698146 0.018151902 0.99983525
vn -0.012163498 0.18780078 0.98213184
vn 0.0029750422 0.23073652 0.9730117
vn -0.009159576 0.057126474 0.99832493
vn -0.0018564287 0.24634944 0.9691793
vn -0.07222465 0.18285188 0.98048395
vn -0.035504673 0.22300659 0.9741701
vn -0.19903286 0.14647186 0.968985
vn -0.60677177 0.07536835 0.7912949
vn -0.10184119 0.13287403 0.98588693
vn -0.013935306 0.03198409 0.9993912
vn -0.35216752 0.09581384 0.9310197
vn -0.08176305 0.05177689 0.99530596
vn -0.40058935 0.051147588 0.9148289
vn -0.58143127 -0.0089079505 0.8135467
vn -0.70085853 -0.08020156 0.7087771
vn -0.38944954 0.02347229 0.9207487
vn -0.92283803 -0.11889549 0.36637914
vn -0.7649079 -0.078695245 0.6393144
vn -0.9927771 -0.11997354 4.479182E-06
vn -0.99962294 -0.027459804 0
vn -0.9906725 -0.13626415 0
vn -0.86220205 -0.12082683 0.49194342
vn -0.9934588 -0.11418615 -0.0011117456
vn -0.76265454 -0.03278813 0.6459745
vn -0.99909973 -0.042424493 -1.6126847E-05
vn -0.34314314 0.01446118 0.9391718
vn -0.75906765 -0.020746307 0.65068096
vn -0.9997025 -0.024383985 0.00034068382
vn -0.9999589 -0.009073447 0
vn -0.016757948 0.017659515 0.9997036
vn -0.4076691 0.007130482 0.9131019
vn -0.747226 -0.0059163775 0.6645437
vn -0.75625825 0.0016650051 0.6542711
vn -1 0.00020267922 0
vn -0.9999616 0.008760676 0
vn -0.01031326 -0.0007373383 0.9999466
vn -0.41436455 0.002736264 0.9101069
vn -0.77883965 0.009763667 0.6271471
vn -0.007684476 -0.009204561 0.9999281
vn -0.41559654 0.0008892693 0.9095485
vn -0.80944186 0.018702772 0.5869021
vn -0.005363308 -0.017254215 0.9998367
vn -0.39205003 0.0012182633 0.9199431
vn -0.4040014 -0.021146372 0.91451395
vn -0.0273015 -0.049293198 0.9984112
vn -0 -0.004984168 0.9999876
vn 0.0023663254 0.99888796 -0.047088124
vn 0.0023663251 0.99888796 -0.04708813
vn 0.0016728558 0.9993781 -0.035222683
vn 0.0016985234 0.9993625 -0.035661884
vn -0 0.9999783 -0.00659584
vn -0.0019820437 -0.99999654 -0.001757241
vn -0.0013857995 -0.9999167 -0.012838418
vn -0.0019820437 -0.99999654 -0.001757241
vn -0.0014047195 -0.9999211 -0.012486865
vn -0 -0.9992557 -0.03857511
vn -0.0316765 -0.24451254 -0.96912867
vn -0.03643309 -0.18234907 -0.9825586
vn -0.03483284 -0.18150482 -0.98277295
vn -0.034991715 -0.24577692 -0.9686946
vn -0.033226907 -0.18065701 -0.9829847
vn -0.03840943 -0.2475673 -0.9681091
vn -0.031566147 -0.27374247 -0.9612849
vn -0.039422072 -0.27441043 -0.9608042
vn -0.03555024 -0.27412036 -0.96103805
vn -0.035165846 -0.2152439 -0.975927
vn -0.036872305 -0.21727028 -0.9754149
vn -0.036024034 -0.21622516 -0.9756787
vn -0.04092667 -0.13632923 -0.9898178
vn -0.040443096 -0.1280618 -0.9909412
vn -0.03997646 -0.11982429 -0.9919899
vn -0.05135716 -0.030354494 -0.99821895
vn -0.06543116 -0.042288247 -0.9969606
vn -0.07950692 -0.054119542 -0.99536407
vn -0.075386226 -0.01822725 -0.9969879
vn -0.102958225 -0.026886052 -0.9943223
vn -0.13043816 -0.035456188 -0.9908222
vn -0.10771736 -0.007526378 -0.9941531
vn -0.14521717 -0.011663206 -0.989331
vn -0.1821309 -0.015688347 -0.9831492
vn -0.113735914 0.003042584 -0.9935063
vn -0.1975509 0.0044696266 -0.9802824
vn -0.15610126 0.0037725829 -0.98773384
vn -0.09953125 0.015142511 -0.9949191
vn -0.1861245 0.026528938 -0.98216796
vn -0.1431914 0.020946106 -0.9894734
vn -0.065077335 0.039011937 -0.9971174
vn -0.095892884 0.0517893 -0.9940435
vn -0.12664258 0.06441036 -0.98985505
vn -0.054554835 0.055110678 -0.99698883
vn -0.071195744 0.06800587 -0.9951414
vn -0.08785514 0.08074952 -0.992855
vn -0.051564556 0.16672699 -0.9846539
vn -0.048756905 0.15727429 -0.9863506
vn -0.045982998 0.14764887 -0.9879703
vn -0.0340535 0.20188418 -0.97881716
vn -0.04453992 0.21385843 -0.9758488
vn -0.039354626 0.20785506 -0.9773677
vn -0.029734189 0.19779353 -0.9797926
vn -0.035995375 0.19648258 -0.9798464
vn -0.03547216 0.17385243 -0.98413265
vn -0.04235525 0.19547756 -0.9797931
vn -0.037025303 0.16815846 -0.9850643
vn -0.03860675 0.16234961 -0.98597777
vn 1 0 0
vn 1 0 0
vn 1 0 0
vn 1 0 0
vn 1 0 0
vn 1 0 0
vn 1 0 0
vn 1 0 0
vn 1 0 0
vn 1 0 0
vn 1 0 0
vn 1 0 0
vn 1 0 0
vn 1 0 0
vn 1 0 0
vn 1 0 0
vn 1 0 0
vn 1 0 0
vn 1 0 0
vn 1 0 0
vn 1 0 0
vn 1 0 0
vn 1 0 0
vn 1 0 0
vn 1 0 0
vn 1 0 0
vn 1 0 0
vn 1 0 0
vn 1 0 0
vn 1 0 0
vn 1 0 0
vn 1 0 0
vn 0.15057206 -0.2201026 0.96378577
vn 0.14985937 -0.22000368 0.9639194
vn 0.15783784 -0.22110519 0.9623926
vn 0.14374016 -0.17655388 0.9737389
vn 0.14332925 -0.17245501 0.97453374
vn 0.17116117 -0.084543385 0.98160905
vn 0.1720185 -0.08314159 0.98157895
vn 0.22473796 -0.06347123 0.9723498
vn 0.22547929 -0.06342816 0.972181
vn 0.3082643 -0.02076021 0.95107424
vn 0.30837488 -0.020674182 0.95104027
vn 0.3315676 -0.003184081 0.9434261
vn 0.33155274 -0.0031949216 0.9434313
vn 0.31916744 0.011903813 0.94762355
vn 0.31921902 0.011884713 0.9476065
vn 0.24350803 0.0328349 0.9693429
vn 0.24387719 0.032780252 0.96925193
vn 0.15585399 0.054046065 0.98630047
vn 0.1555881 0.054256823 0.98633087
vn 0.0956114 0.13226545 0.98659223
vn 0.09625372 0.12869735 0.98700166
vn 0.09810328 0.22146128 0.97022194
vn 0.095562786 0.21419515 0.97210497
vn 0.12614879 0.27087778 0.95431215
vn 0.122309625 0.26924992 0.9552722
vn 0.15275852 0.28205085 0.94716
g body_header_back_0
f 3/3/3 2/2/2 1/1/1
f 2/2/2 4/4/4 1/1/1
f 4/4/4 5/5/5 1/1/1
f 5/5/5 6/6/6 1/1/1
f 7/7/7 6/6/6 5/5/5
f 2/2/2 8/8/8 4/4/4
f 2/2/2 9/9/9 8/8/8
f 10/10/10 7/7/7 5/5/5
f 11/11/11 7/7/7 10/10/10
f 4/4/4 8/8/8 12/12/12
f 5/5/5 4/4/4 12/12/12
f 9/9/9 13/13/13 8/8/8
f 9/9/9 14/14/14 13/13/13
f 15/15/15 11/11/11 10/10/10
f 16/16/16 11/11/11 15/15/15
f 17/17/17 12/12/12 8/8/8
f 13/13/13 17/17/17 8/8/8
f 14/14/14 18/18/18 13/13/13
f 14/14/14 19/19/19 18/18/18
f 20/20/20 16/16/16 15/15/15
f 21/21/21 16/16/16 20/20/20
f 17/17/17 13/13/13 22/22/22
f 13/13/13 18/18/18 22/22/22
f 19/19/19 23/23/23 18/18/18
f 19/19/19 24/24/24 23/23/23
f 25/25/25 21/21/21 20/20/20
f 26/26/26 21/21/21 25/25/25
f 27/27/27 22/22/22 18/18/18
f 27/27/27 18/18/18 23/23/23
f 24/24/24 28/28/28 23/23/23
f 24/24/24 29/29/29 28/28/28
f 30/30/30 26/26/26 25/25/25
f 31/31/31 26/26/26 30/30/30
f 32/32/32 27/27/27 23/23/23
f 28/28/28 32/32/32 23/23/23
f 33/33/33 28/28/28 29/29/29
f 33/33/33 29/29/29 34/34/34
f 35/35/35 31/31/31 30/30/30
f 36/36/36 31/31/31 35/35/35
f 37/37/37 32/32/32 28/28/28
f 33/33/33 37/37/37 28/28/28
f 38/38/38 33/33/33 34/34/34
f 38/38/38 34/34/34 39/39/39
f 39/39/39 40/40/40 38/38/38
f 39/39/39 41/41/41 40/40/40
f 41/41/41 42/42/42 40/40/40
f 33/33/33 38/38/38 43/43/43
f 37/37/37 33/33/33 43/43/43
f 42/42/42 44/44/44 40/40/40
f 44/44/44 42/42/42 45/45/45
f 46/46/46 44/44/44 45/45/45
f 46/46/46 45/45/45 47/47/47
f 44/44/44 46/46/46 48/48/48
f 40/40/40 44/44/44 48/48/48
f 40/40/40 48/48/48 49/49/49
f 50/50/50 38/38/38 40/40/40
f 50/50/50 43/43/43 38/38/38
f 50/50/50 40/40/40 49/49/49
f 43/43/43 50/50/50 49/49/49
f 51/51/51 46/46/46 47/47/47
f 51/51/51 48/48/48 46/46/46
f 51/51/51 47/47/47 52/52/52
f 53/53/53 51/51/51 52/52/52
f 48/48/48 51/51/51 53/53/53
f 53/53/53 52/52/52 54/54/54
f 48/48/48 53/53/53 55/55/55
f 55/55/55 53/53/53 54/54/54
f 49/49/49 48/48/48 55/55/55
f 56/56/56 55/55/55 54/54/54
f 56/56/56 57/57/57 55/55/55
f 56/56/56 58/58/58 57/57/57
f 49/49/49 55/55/55 59/59/59
f 59/59/59 55/55/55 57/57/57
f 58/58/58 60/60/60 57/57/57
f 61/61/61 60/60/60 58/58/58
f 59/59/59 57/57/57 62/62/62
f 49/49/49 59/59/59 62/62/62
f 62/62/62 57/57/57 60/60/60
f 61/61/61 63/63/63 60/60/60
f 64/64/64 63/63/63 61/61/61
f 65/65/65 49/49/49 62/62/62
f 43/43/43 49/49/49 65/65/65
f 43/43/43 65/65/65 66/66/66
f 65/65/65 62/62/62 66/66/66
f 37/37/37 43/43/43 66/66/66
f 67/67/67 62/62/62 60/60/60
f 67/67/67 60/60/60 63/63/63
f 67/67/67 66/66/66 62/62/62
f 64/64/64 68/68/68 63/63/63
f 68/68/68 64/64/64 69/69/69
f 37/37/37 66/66/66 70/70/70
f 37/37/37 70/70/70 32/32/32
f 71/71/71 67/67/67 63/63/63
f 63/63/63 68/68/68 71/71/71
f 67/67/67 72/72/72 66/66/66
f 72/72/72 70/70/70 66/66/66
f 67/67/67 71/71/71 72/72/72
f 68/68/68 69/69/69 73/73/73
f 73/73/73 69/69/69 74/74/74
f 70/70/70 75/75/75 32/32/32
f 32/32/32 75/75/75 27/27/27
f 72/72/72 76/76/76 70/70/70
f 76/76/76 75/75/75 70/70/70
f 68/68/68 77/77/77 71/71/71
f 77/77/77 68/68/68 73/73/73
f 71/71/71 78/78/78 72/72/72
f 72/72/72 78/78/78 76/76/76
f 77/77/77 78/78/78 71/71/71
f 73/73/73 74/74/74 79/79/79
f 79/79/79 74/74/74 80/80/80
f 75/75/75 81/81/81 27/27/27
f 27/27/27 81/81/81 22/22/22
f 76/76/76 82/82/82 75/75/75
f 81/81/81 75/75/75 82/82/82
f 78/78/78 83/83/83 76/76/76
f 76/76/76 83/83/83 82/82/82
f 84/84/84 77/77/77 73/73/73
f 84/84/84 73/73/73 79/79/79
f 77/77/77 85/85/85 78/78/78
f 83/83/83 78/78/78 85/85/85
f 77/77/77 84/84/84 85/85/85
f 79/79/79 80/80/80 86/86/86
f 87/87/87 86/86/86 80/80/80
f 81/81/81 88/88/88 22/22/22
f 17/17/17 22/22/22 88/88/88
f 89/89/89 81/81/81 82/82/82
f 89/89/89 88/88/88 81/81/81
f 83/83/83 90/90/90 82/82/82
f 89/89/89 82/82/82 90/90/90
f 91/91/91 83/83/83 85/85/85
f 83/83/83 91/91/91 90/90/90
f 92/92/92 84/84/84 79/79/79
f 92/92/92 79/79/79 86/86/86
f 84/84/84 93/93/93 85/85/85
f 91/91/91 85/85/85 93/93/93
f 92/92/92 93/93/93 84/84/84
f 87/87/87 94/94/94 86/86/86
f 95/95/95 94/94/94 87/87/87
f 96/96/96 92/92/92 86/86/86
f 96/96/96 86/86/86 94/94/94
f 92/92/92 97/97/97 93/93/93
f 92/92/92 96/96/96 97/97/97
f 91/91/91 93/93/93 98/98/98
f 98/98/98 93/93/93 97/97/97
f 91/91/91 99/99/99 90/90/90
f 91/91/91 98/98/98 99/99/99
f 95/95/95 100/100/100 94/94/94
f 101/101/101 100/100/100 95/95/95
f 102/102/102 96/96/96 94/94/94
f 102/102/102 94/94/94 100/100/100
f 96/96/96 103/103/103 97/97/97
f 102/102/102 103/103/103 96/96/96
f 104/104/104 98/98/98 97/97/97
f 104/104/104 97/97/97 103/103/103
f 101/101/101 105/105/105 100/100/100
f 105/105/105 101/101/101 106/106/106
f 107/107/107 102/102/102 100/100/100
f 107/107/107 100/100/100 105/105/105
f 102/102/102 108/108/108 103/103/103
f 102/102/102 107/107/107 108/108/108
f 105/105/105 106/106/106 109/109/109
f 110/110/110 109/109/109 106/106/106
f 111/111/111 107/107/107 105/105/105
f 111/111/111 105/105/105 109/109/109
f 110/110/110 112/112/112 109/109/109
f 112/112/112 110/110/110 113/113/113
f 98/98/98 104/104/104 114/114/114
f 98/98/98 114/114/114 99/99/99
f 104/104/104 103/103/103 115/115/115
f 115/115/115 103/103/103 108/108/108
f 107/107/107 116/116/116 108/108/108
f 107/107/107 111/111/111 116/116/116
f 111/111/111 109/109/109 117/117/117
f 117/117/117 109/109/109 112/112/112
f 118/118/118 112/112/112 113/113/113
f 118/118/118 113/113/113 119/119/119
f 104/104/104 120/120/120 114/114/114
f 104/104/104 115/115/115 120/120/120
f 121/121/121 115/115/115 108/108/108
f 121/121/121 108/108/108 116/116/116
f 111/111/111 122/122/122 116/116/116
f 111/111/111 117/117/117 122/122/122
f 123/123/123 117/117/117 112/112/112
f 123/123/123 112/112/112 118/118/118
f 115/115/115 124/124/124 120/120/120
f 115/115/115 121/121/121 124/124/124
f 121/121/121 116/116/116 125/125/125
f 122/122/122 125/125/125 116/116/116
f 121/121/121 126/126/126 124/124/124
f 121/121/121 125/125/125 126/126/126
f 127/127/127 114/114/114 120/120/120
f 128/128/128 120/120/120 124/124/124
f 128/128/128 127/127/127 120/120/120
f 129/129/129 124/124/124 126/126/126
f 129/129/129 128/128/128 124/124/124
f 127/127/127 130/130/130 114/114/114
f 130/130/130 99/99/99 114/114/114
f 130/130/130 131/131/131 99/99/99
f 131/131/131 90/90/90 99/99/99
f 131/131/131 89/89/89 90/90/90
f 89/89/89 131/131/131 132/132/132
f 89/89/89 132/132/132 88/88/88
f 130/130/130 133/133/133 131/131/131
f 131/131/131 133/133/133 132/132/132
f 130/130/130 127/127/127 134/134/134
f 130/130/130 134/134/134 133/133/133
f 128/128/128 135/135/135 127/127/127
f 127/127/127 135/135/135 134/134/134
f 136/136/136 88/88/88 132/132/132
f 17/17/17 88/88/88 136/136/136
f 17/17/17 136/136/136 12/12/12
f 137/137/137 132/132/132 133/133/133
f 137/137/137 136/136/136 132/132/132
f 136/136/136 138/138/138 12/12/12
f 136/136/136 137/137/137 138/138/138
f 5/5/5 12/12/12 138/138/138
f 5/5/5 138/138/138 139/139/139
f 137/137/137 139/139/139 138/138/138
f 10/10/10 5/5/5 139/139/139
f 137/137/137 133/133/133 140/140/140
f 140/140/140 133/133/133 134/134/134
f 137/137/137 140/140/140 139/139/139
f 10/10/10 139/139/139 141/141/141
f 140/140/140 141/141/141 139/139/139
f 142/142/142 140/140/140 134/134/134
f 140/140/140 142/142/142 141/141/141
f 142/142/142 134/134/134 135/135/135
f 10/10/10 141/141/141 143/143/143
f 142/142/142 143/143/143 141/141/141
f 15/15/15 10/10/10 143/143/143
f 142/142/142 135/135/135 144/144/144
f 142/142/142 144/144/144 143/143/143
f 15/15/15 143/143/143 145/145/145
f 144/144/144 145/145/145 143/143/143
f 15/15/15 145/145/145 146/146/146
f 146/146/146 145/145/145 144/144/144
f 20/20/20 15/15/15 146/146/146
f 147/147/147 144/144/144 135/135/135
f 128/128/128 147/147/147 135/135/135
f 128/128/128 129/129/129 147/147/147
f 147/147/147 148/148/148 144/144/144
f 148/148/148 146/146/146 144/144/144
f 147/147/147 149/149/149 148/148/148
f 129/129/129 149/149/149 147/147/147
f 148/148/148 150/150/150 146/146/146
f 149/149/149 150/150/150 148/148/148
f 20/20/20 146/146/146 151/151/151
f 150/150/150 151/151/151 146/146/146
f 20/20/20 151/151/151 152/152/152
f 152/152/152 151/151/151 150/150/150
f 25/25/25 20/20/20 152/152/152
f 153/153/153 150/150/150 149/149/149
f 153/153/153 152/152/152 150/150/150
f 154/154/154 149/149/149 129/129/129
f 154/154/154 153/153/153 149/149/149
f 155/155/155 154/154/154 129/129/129
f 155/155/155 129/129/129 126/126/126
f 155/155/155 126/126/126 156/156/156
f 125/125/125 156/156/156 126/126/126
f 155/155/155 157/157/157 154/154/154
f 157/157/157 155/155/155 156/156/156
f 154/154/154 158/158/158 153/153/153
f 157/157/157 158/158/158 154/154/154
f 153/153/153 159/159/159 152/152/152
f 158/158/158 159/159/159 153/153/153
f 25/25/25 152/152/152 160/160/160
f 159/159/159 160/160/160 152/152/152
f 25/25/25 160/160/160 161/161/161
f 161/161/161 160/160/160 159/159/159
f 30/30/30 25/25/25 161/161/161
f 162/162/162 156/156/156 125/125/125
f 157/157/157 156/156/156 162/162/162
f 163/163/163 159/159/159 158/158/158
f 163/163/163 161/161/161 159/159/159
f 164/164/164 158/158/158 157/157/157
f 164/164/164 163/163/163 158/158/158
f 165/165/165 162/162/162 125/125/125
f 122/122/122 165/165/165 125/125/125
f 122/122/122 166/166/166 165/165/165
f 117/117/117 166/166/166 122/122/122
f 167/167/167 157/157/157 162/162/162
f 167/167/167 164/164/164 157/157/157
f 165/165/165 168/168/168 162/162/162
f 166/166/166 168/168/168 165/165/165
f 169/169/169 166/166/166 117/117/117
f 123/123/123 169/169/169 117/117/117
f 167/167/167 162/162/162 170/170/170
f 168/168/168 170/170/170 162/162/162
f 167/167/167 171/171/171 164/164/164
f 171/171/171 167/167/167 170/170/170
f 164/164/164 172/172/172 163/163/163
f 171/171/171 172/172/172 164/164/164
f 173/173/173 168/168/168 166/166/166
f 169/169/169 173/173/173 166/166/166
f 174/174/174 170/170/170 168/168/168
f 171/171/171 170/170/170 174/174/174
f 173/173/173 174/174/174 168/168/168
f 123/123/123 175/175/175 169/169/169
f 175/175/175 123/123/123 118/118/118
f 169/169/169 176/176/176 173/173/173
f 175/175/175 176/176/176 169/169/169
f 172/172/172 177/177/177 163/163/163
f 163/163/163 177/177/177 161/161/161
f 173/173/173 178/178/178 174/174/174
f 176/176/176 178/178/178 173/173/173
f 175/175/175 118/118/118 179/179/179
f 179/179/179 118/118/118 119/119/119
f 179/179/179 119/119/119 180/180/180
f 119/119/119 181/181/181 180/180/180
f 180/180/180 181/181/181 182/182/182
f 183/183/183 175/175/175 179/179/179
f 183/183/183 179/179/179 180/180/180
f 184/184/184 176/176/176 175/175/175
f 183/183/183 184/184/184 175/175/175
f 185/185/185 180/180/180 182/182/182
f 185/185/185 182/182/182 186/186/186
f 187/187/187 183/183/183 180/180/180
f 183/183/183 187/187/187 184/184/184
f 187/187/187 180/180/180 185/185/185
f 184/184/184 188/188/188 176/176/176
f 188/188/188 178/178/178 176/176/176
f 189/189/189 185/185/185 186/186/186
f 189/189/189 186/186/186 190/190/190
f 191/191/191 187/187/187 185/185/185
f 191/191/191 185/185/185 189/189/189
f 187/187/187 192/192/192 184/184/184
f 184/184/184 192/192/192 188/188/188
f 191/191/191 193/193/193 187/187/187
f 193/193/193 192/192/192 187/187/187
f 194/194/194 191/191/191 189/189/189
f 191/191/191 194/194/194 193/193/193
f 195/195/195 189/189/189 190/190/190
f 194/194/194 189/189/189 195/195/195
f 195/195/195 190/190/190 196/196/196
f 190/190/190 197/197/197 196/196/196
f 198/198/198 194/194/194 195/195/195
f 198/198/198 195/195/195 196/196/196
f 199/199/199 196/196/196 197/197/197
f 200/200/200 199/199/199 197/197/197
f 200/200/200 201/201/201 199/199/199
f 202/202/202 198/198/198 196/196/196
f 202/202/202 196/196/196 199/199/199
f 198/198/198 203/203/203 194/194/194
f 198/198/198 202/202/202 203/203/203
f 194/194/194 204/204/204 193/193/193
f 203/203/203 204/204/204 194/194/194
f 193/193/193 205/205/205 192/192/192
f 193/193/193 204/204/204 205/205/205
f 201/201/201 206/206/206 199/199/199
f 201/201/201 207/207/207 206/206/206
f 208/208/208 202/202/202 199/199/199
f 208/208/208 199/199/199 206/206/206
f 207/207/207 209/209/209 206/206/206
f 207/207/207 210/210/210 209/209/209
f 211/211/211 208/208/208 206/206/206
f 211/211/211 206/206/206 209/209/209
f 208/208/208 212/212/212 202/202/202
f 208/208/208 211/211/211 212/212/212
f 202/202/202 213/213/213 203/203/203
f 212/212/212 213/213/213 202/202/202
f 203/203/203 214/214/214 204/204/204
f 203/203/203 213/213/213 214/214/214
f 210/210/210 215/215/215 209/209/209
f 215/215/215 210/210/210 216/216/216
f 217/217/217 211/211/211 209/209/209
f 217/217/217 209/209/209 215/215/215
f 218/218/218 215/215/215 216/216/216
f 218/218/218 216/216/216 219/219/219
f 220/220/220 217/217/217 215/215/215
f 220/220/220 215/215/215 218/218/218
f 217/217/217 221/221/221 211/211/211
f 217/217/217 220/220/220 221/221/221
f 211/211/211 222/222/222 212/212/212
f 221/221/221 222/222/222 211/211/211
f 212/212/212 223/223/223 213/213/213
f 212/212/212 222/222/222 223/223/223
f 224/224/224 218/218/218 219/219/219
f 224/224/224 219/219/219 225/225/225
f 226/226/226 220/220/220 218/218/218
f 226/226/226 218/218/218 224/224/224
f 223/223/223 227/227/227 213/213/213
f 223/223/223 228/228/228 227/227/227
f 213/213/213 227/227/227 214/214/214
f 222/222/222 229/229/229 223/223/223
f 223/223/223 229/229/229 228/228/228
f 221/221/221 230/230/230 222/222/222
f 230/230/230 229/229/229 222/222/222
f 230/230/230 231/231/231 229/229/229
f 220/220/220 232/232/232 221/221/221
f 221/221/221 232/232/232 230/230/230
f 226/226/226 233/233/233 220/220/220
f 233/233/233 232/232/232 220/220/220
f 234/234/234 226/226/226 224/224/224
f 226/226/226 234/234/234 233/233/233
f 232/232/232 235/235/235 230/230/230
f 230/230/230 235/235/235 231/231/231
f 233/233/233 236/236/236 232/232/232
f 236/236/236 235/235/235 232/232/232
f 229/229/229 237/237/237 228/228/228
f 231/231/231 237/237/237 229/229/229
f 234/234/234 224/224/224 238/238/238
f 238/238/238 224/224/224 225/225/225
f 234/234/234 239/239/239 233/233/233
f 233/233/233 239/239/239 236/236/236
f 228/228/228 237/237/237 240/240/240
f 240/240/240 237/237/237 231/231/231
f 238/238/238 225/225/225 241/241/241
f 225/225/225 242/242/242 241/241/241
f 241/241/241 242/242/242 243/243/243
f 244/244/244 234/234/234 238/238/238
f 239/239/239 234/234/234 244/244/244
f 245/245/245 241/241/241 243/243/243
f 245/245/245 243/243/243 246/246/246
f 238/238/238 241/241/241 247/247/247
f 244/244/244 238/238/238 247/247/247
f 248/248/248 245/245/245 246/246/246
f 248/248/248 246/246/246 249/249/249
f 245/245/245 250/250/250 241/241/241
f 250/250/250 247/247/247 241/241/241
f 245/245/245 248/248/248 250/250/250
f 251/251/251 239/239/239 244/244/244
f 244/244/244 247/247/247 252/252/252
f 251/251/251 244/244/244 252/252/252
f 250/250/250 253/253/253 247/247/247
f 253/253/253 252/252/252 247/247/247
f 248/248/248 254/254/254 250/250/250
f 250/250/250 254/254/254 253/253/253
f 255/255/255 248/248/248 249/249/249
f 254/254/254 248/248/248 255/255/255
f 256/256/256 239/239/239 251/251/251
f 239/239/239 256/256/256 236/236/236
f 255/255/255 249/249/249 257/257/257
f 249/249/249 258/258/258 257/257/257
f 257/257/257 258/258/258 259/259/259
f 236/236/236 256/256/256 260/260/260
f 236/236/236 260/260/260 235/235/235
f 261/261/261 257/257/257 259/259/259
f 261/261/261 259/259/259 262/262/262
f 260/260/260 263/263/263 235/235/235
f 235/235/235 263/263/263 231/231/231
f 264/264/264 254/254/254 255/255/255
f 255/255/255 257/257/257 265/265/265
f 264/264/264 255/255/255 265/265/265
f 261/261/261 266/266/266 257/257/257
f 266/266/266 265/265/265 257/257/257
f 267/267/267 261/261/261 262/262/262
f 261/261/261 267/267/267 266/266/266
f 268/268/268 267/267/267 262/262/262
f 268/268/268 262/262/262 269/269/269
f 267/267/267 270/270/270 266/266/266
f 270/270/270 267/267/267 268/268/268
f 266/266/266 271/271/271 265/265/265
f 266/266/266 270/270/270 271/271/271
f 272/272/272 254/254/254 264/264/264
f 254/254/254 272/272/272 253/253/253
f 264/264/264 265/265/265 273/273/273
f 271/271/271 273/273/273 265/265/265
f 274/274/274 268/268/268 269/269/269
f 274/274/274 269/269/269 275/275/275
f 253/253/253 272/272/272 276/276/276
f 253/253/253 276/276/276 252/252/252
f 277/277/277 272/272/272 264/264/264
f 277/277/277 264/264/264 273/273/273
f 278/278/278 274/274/274 275/275/275
f 278/278/278 275/275/275 279/279/279
f 276/276/276 280/280/280 252/252/252
f 251/251/251 252/252/252 280/280/280
f 272/272/272 281/281/281 276/276/276
f 281/281/281 272/272/272 277/277/277
f 282/282/282 278/278/278 279/279/279
f 282/282/282 279/279/279 283/283/283
f 276/276/276 284/284/284 280/280/280
f 276/276/276 281/281/281 284/284/284
f 285/285/285 251/251/251 280/280/280
f 285/285/285 256/256/256 251/251/251
f 286/286/286 282/282/282 283/283/283
f 286/286/286 283/283/283 287/287/287
f 284/284/284 288/288/288 280/280/280
f 285/285/285 280/280/280 288/288/288
f 289/289/289 256/256/256 285/285/285
f 256/256/256 289/289/289 260/260/260
f 290/290/290 285/285/285 288/288/288
f 290/290/290 289/289/289 285/285/285
f 260/260/260 289/289/289 291/291/291
f 260/260/260 291/291/291 263/263/263
f 292/292/292 286/286/286 287/287/287
f 292/292/292 287/287/287 293/293/293
f 294/294/294 288/288/288 284/284/284
f 290/290/290 288/288/288 294/294/294
f 295/295/295 289/289/289 290/290/290
f 289/289/289 295/295/295 291/291/291
f 291/291/291 296/296/296 263/263/263
f 231/231/231 263/263/263 296/296/296
f 297/297/297 292/292/292 293/293/293
f 297/297/297 293/293/293 298/298/298
f 299/299/299 290/290/290 294/294/294
f 299/299/299 295/295/295 290/290/290
f 291/291/291 295/295/295 300/300/300
f 291/291/291 300/300/300 296/296/296
f 301/301/301 231/231/231 296/296/296
f 301/301/301 240/240/240 231/231/231
f 302/302/302 297/297/297 298/298/298
f 302/302/302 298/298/298 303/303/303
f 304/304/304 295/295/295 299/299/299
f 295/295/295 304/304/304 300/300/300
f 300/300/300 305/305/305 296/296/296
f 301/301/301 296/296/296 305/305/305
f 303/303/303 306/306/306 302/302/302
f 303/303/303 307/307/307 306/306/306
f 300/300/300 304/304/304 308/308/308
f 300/300/300 308/308/308 305/305/305
f 307/307/307 309/309/309 306/306/306
f 307/307/307 310/310/310 309/309/309
f 311/311/311 309/309/309 310/310/310
f 311/311/311 310/310/310 312/312/312
f 313/313/313 311/311/311 312/312/312
f 313/313/313 312/312/312 314/314/314
f 313/313/313 314/314/314 315/315/315
f 314/314/314 316/316/316 315/315/315
f 316/316/316 317/317/317 315/315/315
f 317/317/317 318/318/318 315/315/315
f 318/318/318 317/317/317 319/319/319
f 320/320/320 318/318/318 319/319/319
f 320/320/320 319/319/319 321/321/321
f 322/322/322 318/318/318 320/320/320
f 322/322/322 315/315/315 318/318/318
f 315/315/315 322/322/322 323/323/323
f 324/324/324 320/320/320 321/321/321
f 322/322/322 320/320/320 324/324/324
f 324/324/324 321/321/321 325/325/325
f 326/326/326 324/324/324 325/325/325
f 326/326/326 322/322/322 324/324/324
f 326/326/326 325/325/325 327/327/327
f 326/326/326 328/328/328 322/322/322
f 328/328/328 326/326/326 327/327/327
f 323/323/323 322/322/322 328/328/328
f 329/329/329 328/328/328 327/327/327
f 329/329/329 330/330/330 328/328/328
f 330/330/330 329/329/329 331/331/331
f 332/332/332 315/315/315 323/323/323
f 332/332/332 313/313/313 315/315/315
f 332/332/332 333/333/333 313/313/313
f 333/333/333 332/332/332 323/323/323
f 333/333/333 311/311/311 313/313/313
f 334/334/334 328/328/328 330/330/330
f 323/323/323 328/328/328 334/334/334
f 330/330/330 331/331/331 335/335/335
f 335/335/335 331/331/331 336/336/336
f 334/334/334 330/330/330 337/337/337
f 323/323/323 334/334/334 337/337/337
f 335/335/335 337/337/337 330/330/330
f 335/335/335 336/336/336 338/338/338
f 338/338/338 336/336/336 339/339/339
f 311/311/311 333/333/333 340/340/340
f 311/311/311 340/340/340 309/309/309
f 333/333/333 323/323/323 341/341/341
f 341/341/341 323/323/323 337/337/337
f 333/333/333 341/341/341 342/342/342
f 341/341/341 337/337/337 342/342/342
f 340/340/340 333/333/333 342/342/342
f 343/343/343 337/337/337 335/335/335
f 343/343/343 335/335/335 338/338/338
f 343/343/343 342/342/342 337/337/337
f 338/338/338 339/339/339 344/344/344
f 344/344/344 339/339/339 345/345/345
f 340/340/340 346/346/346 309/309/309
f 306/306/306 309/309/309 346/346/346
f 340/340/340 342/342/342 347/347/347
f 340/340/340 347/347/347 346/346/346
f 348/348/348 343/343/343 338/338/338
f 348/348/348 338/338/338 344/344/344
f 343/343/343 349/349/349 342/342/342
f 347/347/347 342/342/342 349/349/349
f 348/348/348 349/349/349 343/343/343
f 344/344/344 345/345/345 350/350/350
f 351/351/351 350/350/350 345/345/345
f 352/352/352 306/306/306 346/346/346
f 352/352/352 302/302/302 306/306/306
f 347/347/347 353/353/353 346/346/346
f 352/352/352 346/346/346 353/353/353
f 354/354/354 347/347/347 349/349/349
f 354/354/354 353/353/353 347/347/347
f 355/355/355 348/348/348 344/344/344
f 355/355/355 344/344/344 350/350/350
f 348/348/348 356/356/356 349/349/349
f 354/354/354 349/349/349 356/356/356
f 355/355/355 356/356/356 348/348/348
f 351/351/351 357/357/357 350/350/350
f 358/358/358 357/357/357 351/351/351
f 352/352/352 359/359/359 302/302/302
f 297/297/297 302/302/302 359/359/359
f 360/360/360 352/352/352 353/353/353
f 360/360/360 359/359/359 352/352/352
f 354/354/354 361/361/361 353/353/353
f 360/360/360 353/353/353 361/361/361
f 362/362/362 354/354/354 356/356/356
f 362/362/362 361/361/361 354/354/354
f 363/363/363 355/355/355 350/350/350
f 363/363/363 350/350/350 357/357/357
f 355/355/355 364/364/364 356/356/356
f 362/362/362 356/356/356 364/364/364
f 363/363/363 364/364/364 355/355/355
f 358/358/358 365/365/365 357/357/357
f 366/366/366 365/365/365 358/358/358
f 367/367/367 363/363/363 357/357/357
f 367/367/367 357/357/357 365/365/365
f 363/363/363 368/368/368 364/364/364
f 367/367/367 368/368/368 363/363/363
f 362/362/362 364/364/364 369/369/369
f 369/369/369 364/364/364 368/368/368
f 362/362/362 370/370/370 361/361/361
f 362/362/362 369/369/369 370/370/370
f 366/366/366 371/371/371 365/365/365
f 371/371/371 366/366/366 372/372/372
f 373/373/373 371/371/371 372/372/372
f 374/374/374 367/367/367 365/365/365
f 374/374/374 365/365/365 371/371/371
f 375/375/375 371/371/371 373/373/373
f 375/375/375 374/374/374 371/371/371
f 376/376/376 375/375/375 373/373/373
f 375/375/375 376/376/376 377/377/377
f 376/376/376 378/378/378 377/377/377
f 377/377/377 378/378/378 379/379/379
f 374/374/374 380/380/380 367/367/367
f 367/367/367 380/380/380 368/368/368
f 369/369/369 368/368/368 381/381/381
f 381/381/381 368/368/368 380/380/380
f 375/375/375 382/382/382 374/374/374
f 374/374/374 382/382/382 380/380/380
f 383/383/383 382/382/382 375/375/375
f 383/383/383 375/375/375 377/377/377
f 384/384/384 380/380/380 382/382/382
f 381/381/381 380/380/380 384/384/384
f 384/384/384 382/382/382 383/383/383
f 369/369/369 381/381/381 385/385/385
f 369/369/369 385/385/385 370/370/370
f 381/381/381 384/384/384 386/386/386
f 381/381/381 386/386/386 385/385/385
f 384/384/384 383/383/383 387/387/387
f 384/384/384 387/387/387 386/386/386
f 383/383/383 377/377/377 388/388/388
f 383/383/383 388/388/388 387/387/387
f 389/389/389 370/370/370 385/385/385
f 390/390/390 385/385/385 386/386/386
f 390/390/390 389/389/389 385/385/385
f 391/391/391 386/386/386 387/387/387
f 391/391/391 390/390/390 386/386/386
f 392/392/392 387/387/387 388/388/388
f 392/392/392 391/391/391 387/387/387
f 393/393/393 388/388/388 377/377/377
f 393/393/393 392/392/392 388/388/388
f 389/389/389 394/394/394 370/370/370
f 394/394/394 361/361/361 370/370/370
f 394/394/394 360/360/360 361/361/361
f 394/394/394 395/395/395 360/360/360
f 360/360/360 395/395/395 359/359/359
f 389/389/389 396/396/396 394/394/394
f 394/394/394 396/396/396 395/395/395
f 390/390/390 397/397/397 389/389/389
f 389/389/389 397/397/397 396/396/396
f 391/391/391 398/398/398 390/390/390
f 390/390/390 398/398/398 397/397/397
f 392/392/392 399/399/399 391/391/391
f 391/391/391 399/399/399 398/398/398
f 400/400/400 359/359/359 395/395/395
f 297/297/297 359/359/359 400/400/400
f 297/297/297 400/400/400 292/292/292
f 401/401/401 395/395/395 396/396/396
f 400/400/400 395/395/395 401/401/401
f 400/400/400 402/402/402 292/292/292
f 400/400/400 401/401/401 402/402/402
f 286/286/286 292/292/292 402/402/402
f 403/403/403 396/396/396 397/397/397
f 401/401/401 396/396/396 403/403/403
f 404/404/404 397/397/397 398/398/398
f 403/403/403 397/397/397 404/404/404
f 401/401/401 405/405/405 402/402/402
f 401/401/401 403/403/403 405/405/405
f 406/406/406 286/286/286 402/402/402
f 406/406/406 402/402/402 405/405/405
f 406/406/406 282/282/282 286/286/286
f 403/403/403 407/407/407 405/405/405
f 403/403/403 404/404/404 407/407/407
f 404/404/404 398/398/398 408/408/408
f 408/408/408 398/398/398 399/399/399
f 406/406/406 409/409/409 282/282/282
f 278/278/278 282/282/282 409/409/409
f 410/410/410 406/406/406 405/405/405
f 410/410/410 405/405/405 407/407/407
f 410/410/410 409/409/409 406/406/406
f 404/404/404 411/411/411 407/407/407
f 404/404/404 408/408/408 411/411/411
f 412/412/412 278/278/278 409/409/409
f 412/412/412 274/274/274 278/278/278
f 413/413/413 410/410/410 407/407/407
f 413/413/413 407/407/407 411/411/411
f 410/410/410 414/414/414 409/409/409
f 412/412/412 409/409/409 414/414/414
f 413/413/413 414/414/414 410/410/410
f 412/412/412 415/415/415 274/274/274
f 268/268/268 274/274/274 415/415/415
f 416/416/416 412/412/412 414/414/414
f 416/416/416 415/415/415 412/412/412
f 413/413/413 417/417/417 414/414/414
f 416/416/416 414/414/414 417/417/417
f 418/418/418 413/413/413 411/411/411
f 418/418/418 417/417/417 413/413/413
f 408/408/408 419/419/419 411/411/411
f 418/418/418 411/411/411 419/419/419
f 420/420/420 268/268/268 415/415/415
f 420/420/420 270/270/270 268/268/268
f 416/416/416 421/421/421 415/415/415
f 420/420/420 415/415/415 421/421/421
f 422/422/422 270/270/270 420/420/420
f 270/270/270 422/422/422 271/271/271
f 416/416/416 417/417/417 423/423/423
f 416/416/416 423/423/423 421/421/421
f 424/424/424 420/420/420 421/421/421
f 424/424/424 422/422/422 420/420/420
f 271/271/271 422/422/422 425/425/425
f 271/271/271 425/425/425 273/273/273
f 423/423/423 426/426/426 421/421/421
f 424/424/424 421/421/421 426/426/426
f 423/423/423 417/417/417 427/427/427
f 423/423/423 427/427/427 426/426/426
f 428/428/428 422/422/422 424/424/424
f 422/422/422 428/428/428 425/425/425
f 425/425/425 429/429/429 273/273/273
f 277/277/277 273/273/273 429/429/429
f 417/417/417 430/430/430 427/427/427
f 418/418/418 430/430/430 417/417/417
f 431/431/431 424/424/424 426/426/426
f 431/431/431 428/428/428 424/424/424
f 425/425/425 428/428/428 432/432/432
f 425/425/425 432/432/432 429/429/429
f 428/428/428 431/431/431 433/433/433
f 428/428/428 433/433/433 432/432/432
f 431/431/431 426/426/426 434/434/434
f 431/431/431 434/434/434 433/433/433
f 427/427/427 435/435/435 426/426/426
f 426/426/426 435/435/435 434/434/434
f 427/427/427 430/430/430 436/436/436
f 427/427/427 436/436/436 435/435/435
f 437/437/437 430/430/430 418/418/418
f 430/430/430 437/437/437 436/436/436
f 436/436/436 438/438/438 435/435/435
f 434/434/434 435/435/435 438/438/438
f 439/439/439 437/437/437 418/418/418
f 439/439/439 418/418/418 419/419/419
f 436/436/436 437/437/437 440/440/440
f 436/436/436 440/440/440 438/438/438
f 441/441/441 437/437/437 439/439/439
f 437/437/437 441/441/441 440/440/440
f 442/442/442 433/433/433 434/434/434
f 443/443/443 434/434/434 438/438/438
f 443/443/443 442/442/442 434/434/434
f 440/440/440 444/444/444 438/438/438
f 443/443/443 438/438/438 444/444/444
f 440/440/440 441/441/441 445/445/445
f 440/440/440 445/445/445 444/444/444
f 433/433/433 442/442/442 446/446/446
f 432/432/432 433/433/433 446/446/446
f 432/432/432 446/446/446 447/447/447
f 432/432/432 447/447/447 429/429/429
f 448/448/448 441/441/441 439/439/439
f 441/441/441 449/449/449 445/445/445
f 449/449/449 441/441/441 448/448/448
f 448/448/448 439/439/439 450/450/450
f 439/439/439 419/419/419 450/450/450
f 451/451/451 450/450/450 419/419/419
f 408/408/408 451/451/451 419/419/419
f 408/408/408 399/399/399 451/451/451
f 451/451/451 399/399/399 452/452/452
f 392/392/392 452/452/452 399/399/399
f 393/393/393 452/452/452 392/392/392
f 451/451/451 453/453/453 450/450/450
f 451/451/451 452/452/452 453/453/453
f 448/448/448 450/450/450 454/454/454
f 453/453/453 454/454/454 450/450/450
f 453/453/453 452/452/452 455/455/455
f 453/453/453 455/455/455 454/454/454
f 393/393/393 456/456/456 452/452/452
f 452/452/452 456/456/456 455/455/455
f 457/457/457 456/456/456 393/393/393
f 455/455/455 456/456/456 457/457/457
f 455/455/455 457/457/457 458/458/458
f 457/457/457 393/393/393 377/377/377
f 457/457/457 377/377/377 379/379/379
f 457/457/457 379/379/379 458/458/458
f 379/379/379 459/459/459 458/458/458
f 458/458/458 459/459/459 460/460/460
f 461/461/461 448/448/448 454/454/454
f 461/461/461 449/449/449 448/448/448
f 455/455/455 462/462/462 454/454/454
f 455/455/455 458/458/458 462/462/462
f 454/454/454 462/462/462 463/463/463
f 461/461/461 454/454/454 463/463/463
f 463/463/463 462/462/462 458/458/458
f 464/464/464 458/458/458 460/460/460
f 464/464/464 463/463/463 458/458/458
f 461/461/461 463/463/463 465/465/465
f 449/449/449 461/461/461 465/465/465
f 464/464/464 465/465/465 463/463/463
f 449/449/449 465/465/465 466/466/466
f 466/466/466 465/465/465 464/464/464
f 445/445/445 449/449/449 466/466/466
f 464/464/464 460/460/460 467/467/467
f 466/466/466 464/464/464 467/467/467
f 460/460/460 468/468/468 467/467/467
f 445/445/445 466/466/466 469/469/469
f 445/445/445 469/469/469 444/444/444
f 470/470/470 467/467/467 468/468/468
f 471/471/471 470/470/470 468/468/468
f 470/470/470 471/471/471 472/472/472
f 471/471/471 473/473/473 472/472/472
f 472/472/472 473/473/473 474/474/474
f 466/466/466 467/467/467 475/475/475
f 466/466/466 475/475/475 469/469/469
f 476/476/476 475/475/475 467/467/467
f 470/470/470 476/476/476 467/467/467
f 469/469/469 475/475/475 476/476/476
f 477/477/477 444/444/444 469/469/469
f 477/477/477 443/443/443 444/444/444
f 478/478/478 469/469/469 476/476/476
f 478/478/478 477/477/477 469/469/469
f 470/470/470 479/479/479 476/476/476
f 478/478/478 476/476/476 479/479/479
f 477/477/477 480/480/480 443/443/443
f 480/480/480 442/442/442 443/443/443
f 478/478/478 481/481/481 477/477/477
f 481/481/481 478/478/478 479/479/479
f 481/481/481 480/480/480 477/477/477
f 470/470/470 482/482/482 479/479/479
f 481/481/481 479/479/479 482/482/482
f 470/470/470 472/472/472 482/482/482
f 442/442/442 480/480/480 483/483/483
f 446/446/446 442/442/442 483/483/483
f 480/480/480 481/481/481 484/484/484
f 484/484/484 481/481/481 482/482/482
f 483/483/483 480/480/480 484/484/484
f 446/446/446 483/483/483 485/485/485
f 446/446/446 485/485/485 447/447/447
f 483/483/483 484/484/484 486/486/486
f 483/483/483 486/486/486 485/485/485
f 484/484/484 482/482/482 487/487/487
f 484/484/484 487/487/487 486/486/486
f 488/488/488 447/447/447 485/485/485
f 429/429/429 447/447/447 488/488/488
f 489/489/489 485/485/485 486/486/486
f 489/489/489 488/488/488 485/485/485
f 472/472/472 490/490/490 482/482/482
f 482/482/482 490/490/490 487/487/487
f 491/491/491 486/486/486 487/487/487
f 491/491/491 489/489/489 486/486/486
f 492/492/492 487/487/487 490/490/490
f 492/492/492 491/491/491 487/487/487
f 493/493/493 490/490/490 472/472/472
f 493/493/493 492/492/492 490/490/490
f 494/494/494 493/493/493 472/472/472
f 494/494/494 472/472/472 474/474/474
f 494/494/494 474/474/474 495/495/495
f 474/474/474 496/496/496 495/495/495
f 495/495/495 496/496/496 497/497/497
f 493/493/493 498/498/498 492/492/492
f 494/494/494 498/498/498 493/493/493
f 492/492/492 499/499/499 491/491/491
f 498/498/498 499/499/499 492/492/492
f 500/500/500 498/498/498 494/494/494
f 500/500/500 494/494/494 495/495/495
f 499/499/499 498/498/498 500/500/500
f 491/491/491 501/501/501 489/489/489
f 499/499/499 501/501/501 491/491/491
f 502/502/502 499/499/499 500/500/500
f 501/501/501 499/499/499 502/502/502
f 501/501/501 503/503/503 489/489/489
f 489/489/489 503/503/503 488/488/488
f 504/504/504 501/501/501 502/502/502
f 503/503/503 501/501/501 504/504/504
f 502/502/502 500/500/500 505/505/505
f 500/500/500 495/495/495 506/506/506
f 500/500/500 506/506/506 505/505/505
f 507/507/507 506/506/506 495/495/495
f 505/505/505 506/506/506 507/507/507
f 504/504/504 502/502/502 508/508/508
f 502/502/502 505/505/505 508/508/508
f 509/509/509 507/507/507 495/495/495
f 509/509/509 495/495/495 497/497/497
f 509/509/509 497/497/497 510/510/510
f 497/497/497 511/511/511 510/510/510
f 510/510/510 511/511/511 512/512/512
f 513/513/513 510/510/510 512/512/512
f 513/513/513 512/512/512 514/514/514
f 515/515/515 513/513/513 514/514/514
f 515/515/515 514/514/514 516/516/516
f 517/517/517 515/515/515 516/516/516
f 517/517/517 516/516/516 36/36/36
f 518/518/518 517/517/517 36/36/36
f 518/518/518 36/36/36 35/35/35
f 509/509/509 519/519/519 507/507/507
f 520/520/520 509/509/509 510/510/510
f 520/520/520 519/519/519 509/509/509
f 521/521/521 507/507/507 519/519/519
f 521/521/521 505/505/505 507/507/507
f 522/522/522 521/521/521 519/519/519
f 522/522/522 519/519/519 520/520/520
f 521/521/521 523/523/523 505/505/505
f 521/521/521 522/522/522 523/523/523
f 523/523/523 508/508/508 505/505/505
f 522/522/522 304/304/304 523/523/523
f 523/523/523 304/304/304 299/299/299
f 523/523/523 299/299/299 508/508/508
f 304/304/304 522/522/522 308/308/308
f 308/308/308 522/522/522 520/520/520
f 299/299/299 294/294/294 508/508/508
f 504/504/504 508/508/508 294/294/294
f 524/524/524 504/504/504 294/294/294
f 524/524/524 294/294/294 284/284/284
f 524/524/524 503/503/503 504/504/504
f 524/524/524 284/284/284 525/525/525
f 503/503/503 524/524/524 525/525/525
f 281/281/281 525/525/525 284/284/284
f 503/503/503 525/525/525 488/488/488
f 281/281/281 526/526/526 525/525/525
f 526/526/526 488/488/488 525/525/525
f 526/526/526 281/281/281 277/277/277
f 526/526/526 429/429/429 488/488/488
f 526/526/526 277/277/277 429/429/429
f 308/308/308 520/520/520 527/527/527
f 308/308/308 527/527/527 305/305/305
f 520/520/520 528/528/528 527/527/527
f 520/520/520 510/510/510 528/528/528
f 529/529/529 528/528/528 510/510/510
f 527/527/527 528/528/528 529/529/529
f 513/513/513 529/529/529 510/510/510
f 530/530/530 305/305/305 527/527/527
f 530/530/530 301/301/301 305/305/305
f 531/531/531 527/527/527 529/529/529
f 531/531/531 530/530/530 527/527/527
f 513/513/513 532/532/532 529/529/529
f 531/531/531 529/529/529 532/532/532
f 530/530/530 533/533/533 301/301/301
f 533/533/533 240/240/240 301/301/301
f 531/531/531 534/534/534 530/530/530
f 534/534/534 531/531/531 532/532/532
f 534/534/534 533/533/533 530/530/530
f 535/535/535 532/532/532 513/513/513
f 534/534/534 532/532/532 535/535/535
f 515/515/515 535/535/535 513/513/513
f 536/536/536 240/240/240 533/533/533
f 536/536/536 228/228/228 240/240/240
f 537/537/537 533/533/533 534/534/534
f 537/537/537 536/536/536 533/533/533
f 538/538/538 534/534/534 535/535/535
f 538/538/538 537/537/537 534/534/534
f 515/515/515 539/539/539 535/535/535
f 538/538/538 535/535/535 539/539/539
f 538/538/538 540/540/540 537/537/537
f 540/540/540 538/538/538 539/539/539
f 541/541/541 539/539/539 515/515/515
f 540/540/540 539/539/539 541/541/541
f 517/517/517 541/541/541 515/515/515
f 537/537/537 542/542/542 536/536/536
f 540/540/540 542/542/542 537/537/537
f 536/536/536 543/543/543 228/228/228
f 542/542/542 543/543/543 536/536/536
f 542/542/542 540/540/540 544/544/544
f 544/544/544 540/540/540 541/541/541
f 543/543/543 545/545/545 228/228/228
f 228/228/228 545/545/545 227/227/227
f 543/543/543 542/542/542 546/546/546
f 546/546/546 542/542/542 544/544/544
f 227/227/227 545/545/545 547/547/547
f 214/214/214 227/227/227 547/547/547
f 543/543/543 548/548/548 545/545/545
f 548/548/548 543/543/543 546/546/546
f 548/548/548 547/547/547 545/545/545
f 548/548/548 546/546/546 549/549/549
f 548/548/548 549/549/549 547/547/547
f 546/546/546 544/544/544 550/550/550
f 546/546/546 550/550/550 549/549/549
f 544/544/544 541/541/541 551/551/551
f 544/544/544 551/551/551 550/550/550
f 214/214/214 547/547/547 552/552/552
f 214/214/214 552/552/552 204/204/204
f 204/204/204 552/552/552 205/205/205
f 547/547/547 553/553/553 552/552/552
f 549/549/549 553/553/553 547/547/547
f 205/205/205 552/552/552 554/554/554
f 552/552/552 553/553/553 554/554/554
f 549/549/549 555/555/555 553/553/553
f 555/555/555 554/554/554 553/553/553
f 549/549/549 550/550/550 556/556/556
f 555/555/555 549/549/549 556/556/556
f 541/541/541 557/557/557 551/551/551
f 517/517/517 557/557/557 541/541/541
f 558/558/558 557/557/557 517/517/517
f 551/551/551 557/557/557 558/558/558
f 518/518/518 558/558/558 517/517/517
f 550/550/550 551/551/551 559/559/559
f 556/556/556 550/550/550 559/559/559
f 559/559/559 551/551/551 558/558/558
f 555/555/555 556/556/556 560/560/560
f 555/555/555 560/560/560 554/554/554
f 205/205/205 554/554/554 561/561/561
f 205/205/205 561/561/561 192/192/192
f 192/192/192 561/561/561 188/188/188
f 556/556/556 559/559/559 562/562/562
f 556/556/556 562/562/562 560/560/560
f 559/559/559 558/558/558 563/563/563
f 559/559/559 563/563/563 562/562/562
f 518/518/518 564/564/564 558/558/558
f 558/558/558 564/564/564 563/563/563
f 518/518/518 565/565/565 564/564/564
f 563/563/563 564/564/564 565/565/565
f 518/518/518 35/35/35 565/565/565
f 554/554/554 566/566/566 561/561/561
f 560/560/560 566/566/566 554/554/554
f 188/188/188 561/561/561 567/567/567
f 561/561/561 566/566/566 567/567/567
f 188/188/188 567/567/567 178/178/178
f 562/562/562 563/563/563 568/568/568
f 568/568/568 563/563/563 565/565/565
f 560/560/560 569/569/569 566/566/566
f 569/569/569 567/567/567 566/566/566
f 560/560/560 562/562/562 570/570/570
f 569/569/569 560/560/560 570/570/570
f 570/570/570 562/562/562 568/568/568
f 567/567/567 571/571/571 178/178/178
f 178/178/178 571/571/571 174/174/174
f 569/569/569 572/572/572 567/567/567
f 569/569/569 570/570/570 572/572/572
f 572/572/572 571/571/571 567/567/567
f 573/573/573 174/174/174 571/571/571
f 572/572/572 573/573/573 571/571/571
f 573/573/573 171/171/171 174/174/174
f 573/573/573 574/574/574 171/171/171
f 573/573/573 572/572/572 574/574/574
f 574/574/574 172/172/172 171/171/171
f 570/570/570 575/575/575 572/572/572
f 570/570/570 568/568/568 575/575/575
f 572/572/572 575/575/575 574/574/574
f 574/574/574 576/576/576 172/172/172
f 574/574/574 575/575/575 576/576/576
f 576/576/576 177/177/177 172/172/172
f 568/568/568 577/577/577 575/575/575
f 575/575/575 577/577/577 576/576/576
f 568/568/568 565/565/565 577/577/577
f 576/576/576 578/578/578 177/177/177
f 576/576/576 577/577/577 578/578/578
f 565/565/565 579/579/579 577/577/577
f 577/577/577 579/579/579 578/578/578
f 35/35/35 579/579/579 565/565/565
f 35/35/35 578/578/578 579/579/579
f 35/35/35 30/30/30 578/578/578
f 578/578/578 580/580/580 177/177/177
f 30/30/30 580/580/580 578/578/578
f 177/177/177 580/580/580 161/161/161
f 30/30/30 161/161/161 580/580/580
f 583/583/583 582/582/582 581/581/581
f 584/584/584 583/583/583 581/581/581
f 584/584/584 581/581/581 585/585/585
f 581/581/581 586/586/586 585/585/585
f 585/585/585 586/586/586 587/587/587
f 588/588/588 585/585/585 587/587/587
f 588/588/588 587/587/587 589/589/589
f 590/590/590 588/588/588 589/589/589
f 590/590/590 589/589/589 591/591/591
f 592/592/592 590/590/590 591/591/591
f 592/592/592 591/591/591 593/593/593
f 591/591/591 594/594/594 593/593/593
f 593/593/593 594/594/594 595/595/595
f 596/596/596 593/593/593 595/595/595
f 596/596/596 595/595/595 597/597/597
f 598/598/598 596/596/596 597/597/597
f 598/598/598 597/597/597 599/599/599
f 597/597/597 600/600/600 599/599/599
f 599/599/599 600/600/600 601/601/601
f 600/600/600 602/602/602 601/601/601
f 601/601/601 602/602/602 603/603/603
f 602/602/602 604/604/604 603/603/603
f 603/603/603 604/604/604 605/605/605
f 604/604/604 606/606/606 605/605/605
f 605/605/605 606/606/606 607/607/607
f 606/606/606 608/608/608 607/607/607
f 607/607/607 608/608/608 609/609/609
f 608/608/608 610/610/610 609/609/609
f 609/609/609 610/610/610 611/611/611
f 612/612/612 609/609/609 611/611/611
f 612/612/612 611/611/611 613/613/613
f 614/614/614 612/612/612 613/613/613
f 614/614/614 613/613/613 615/615/615
f 616/616/616 614/614/614 615/615/615
f 616/616/616 615/615/615 617/617/617
f 618/618/618 616/616/616 617/617/617
f 618/618/618 617/617/617 619/619/619
f 620/620/620 618/618/618 619/619/619
f 620/620/620 619/619/619 621/621/621
f 622/622/622 620/620/620 621/621/621
f 622/622/622 621/621/621 623/623/623
f 624/624/624 622/622/622 623/623/623
f 624/624/624 623/623/623 625/625/625
f 626/626/626 624/624/624 625/625/625
f 626/626/626 625/625/625 627/627/627
f 628/628/628 626/626/626 627/627/627
f 628/628/628 627/627/627 629/629/629
f 630/630/630 628/628/628 629/629/629
f 630/630/630 629/629/629 631/631/631
f 632/632/632 630/630/630 631/631/631
f 632/632/632 631/631/631 633/633/633
f 634/634/634 632/632/632 633/633/633
f 634/634/634 633/633/633 635/635/635
f 636/636/636 634/634/634 635/635/635
f 636/636/636 635/635/635 637/637/637
f 638/638/638 636/636/636 637/637/637
f 638/638/638 637/637/637 639/639/639
f 640/640/640 638/638/638 639/639/639
f 640/640/640 639/639/639 641/641/641
f 642/642/642 640/640/640 641/641/641
f 642/642/642 641/641/641 643/643/643
f 644/644/644 642/642/642 643/643/643
f 644/644/644 643/643/643 645/645/645
f 646/646/646 644/644/644 645/645/645
f 646/646/646 645/645/645 647/647/647
f 648/648/648 646/646/646 647/647/647
f 648/648/648 647/647/647 649/649/649
f 650/650/650 648/648/648 649/649/649
f 650/650/650 649/649/649 651/651/651
f 652/652/652 650/650/650 651/651/651
f 652/652/652 651/651/651 653/653/653
f 654/654/654 652/652/652 653/653/653
f 654/654/654 653/653/653 655/655/655
f 656/656/656 654/654/654 655/655/655
f 656/656/656 655/655/655 657/657/657
f 658/658/658 656/656/656 657/657/657
f 658/658/658 657/657/657 659/659/659
f 660/660/660 658/658/658 659/659/659
f 660/660/660 659/659/659 661/661/661
f 662/662/662 660/660/660 661/661/661
f 662/662/662 661/661/661 663/663/663
f 664/664/664 662/662/662 663/663/663
f 664/664/664 663/663/663 665/665/665
f 666/666/666 664/664/664 665/665/665
f 666/666/666 665/665/665 667/667/667
f 668/668/668 666/666/666 667/667/667
f 668/668/668 667/667/667 669/669/669
f 670/670/670 668/668/668 669/669/669
f 670/670/670 669/669/669 671/671/671
f 672/672/672 670/670/670 671/671/671
f 672/672/672 671/671/671 673/673/673
f 674/674/674 672/672/672 673/673/673
f 674/674/674 673/673/673 675/675/675
f 676/676/676 674/674/674 675/675/675
f 676/676/676 675/675/675 677/677/677
f 678/678/678 676/676/676 677/677/677
f 678/678/678 677/677/677 679/679/679
f 680/680/680 678/678/678 679/679/679
f 680/680/680 679/679/679 681/681/681
f 682/682/682 680/680/680 681/681/681
f 682/682/682 681/681/681 683/683/683
f 684/684/684 682/682/682 683/683/683
f 684/684/684 683/683/683 685/685/685
f 686/686/686 684/684/684 685/685/685
f 686/686/686 685/685/685 687/687/687
f 688/688/688 686/686/686 687/687/687
f 688/688/688 687/687/687 689/689/689
f 690/690/690 688/688/688 689/689/689
f 690/690/690 689/689/689 691/691/691
f 692/692/692 690/690/690 691/691/691
f 692/692/692 691/691/691 693/693/693
f 694/694/694 692/692/692 693/693/693
f 694/694/694 693/693/693 695/695/695
f 696/696/696 694/694/694 695/695/695
f 696/696/696 695/695/695 697/697/697
f 698/698/698 696/696/696 697/697/697
f 698/698/698 697/697/697 699/699/699
f 700/700/700 698/698/698 699/699/699
f 700/700/700 699/699/699 701/701/701
f 702/702/702 700/700/700 701/701/701
f 702/702/702 701/701/701 703/703/703
f 701/701/701 704/704/704 703/703/703
f 703/703/703 704/704/704 705/705/705
f 704/704/704 706/706/706 705/705/705
f 705/705/705 706/706/706 707/707/707
f 706/706/706 708/708/708 707/707/707
f 707/707/707 708/708/708 709/709/709
f 708/708/708 710/710/710 709/709/709
f 709/709/709 710/710/710 711/711/711
f 710/710/710 712/712/712 711/711/711
f 713/713/713 711/711/711 712/712/712
f 714/714/714 713/713/713 712/712/712
f 714/714/714 715/715/715 713/713/713
f 715/715/715 716/716/716 713/713/713
f 715/715/715 717/717/717 716/716/716
f 717/717/717 718/718/718 716/716/716
f 719/719/719 718/718/718 717/717/717
f 720/720/720 719/719/719 717/717/717
f 720/720/720 721/721/721 719/719/719
f 721/721/721 722/722/722 719/719/719
f 721/721/721 723/723/723 722/722/722
f 723/723/723 724/724/724 722/722/722
f 723/723/723 725/725/725 724/724/724
f 725/725/725 726/726/726 724/724/724
f 727/727/727 726/726/726 725/725/725
f 728/728/728 727/727/727 725/725/725
f 728/728/728 729/729/729 727/727/727
f 729/729/729 730/730/730 727/727/727
f 733/733/733 732/732/732 731/731/731
f 732/732/732 734/734/734 731/731/731
f 734/734/734 735/735/735 731/731/731
f 735/735/735 736/736/736 731/731/731
f 737/737/737 736/736/736 735/735/735
f 732/732/732 738/738/738 734/734/734
f 732/732/732 739/739/739 738/738/738
f 735/735/735 734/734/734 740/740/740
f 734/734/734 738/738/738 740/740/740
f 739/739/739 741/741/741 738/738/738
f 739/739/739 742/742/742 741/741/741
f 743/743/743 737/737/737 735/735/735
f 744/744/744 737/737/737 743/743/743
f 745/745/745 740/740/740 738/738/738
f 741/741/741 745/745/745 738/738/738
f 742/742/742 746/746/746 741/741/741
f 742/742/742 747/747/747 746/746/746
f 748/748/748 744/744/744 743/743/743
f 749/749/749 744/744/744 748/748/748
f 745/745/745 741/741/741 750/750/750
f 741/741/741 746/746/746 750/750/750
f 747/747/747 751/751/751 746/746/746
f 747/747/747 752/752/752 751/751/751
f 753/753/753 749/749/749 748/748/748
f 754/754/754 749/749/749 753/753/753
f 755/755/755 750/750/750 746/746/746
f 755/755/755 746/746/746 751/751/751
f 752/752/752 756/756/756 751/751/751
f 752/752/752 757/757/757 756/756/756
f 758/758/758 754/754/754 753/753/753
f 759/759/759 754/754/754 758/758/758
f 760/760/760 755/755/755 751/751/751
f 756/756/756 760/760/760 751/751/751
f 761/761/761 756/756/756 757/757/757
f 761/761/761 757/757/757 762/762/762
f 763/763/763 759/759/759 758/758/758
f 764/764/764 759/759/759 763/763/763
f 765/765/765 760/760/760 756/756/756
f 761/761/761 765/765/765 756/756/756
f 766/766/766 761/761/761 762/762/762
f 766/766/766 762/762/762 767/767/767
f 767/767/767 768/768/768 766/766/766
f 767/767/767 769/769/769 768/768/768
f 769/769/769 770/770/770 768/768/768
f 761/761/761 766/766/766 771/771/771
f 765/765/765 761/761/761 771/771/771
f 772/772/772 764/764/764 763/763/763
f 773/773/773 764/764/764 772/772/772
f 770/770/770 774/774/774 768/768/768
f 770/770/770 775/775/775 774/774/774
f 775/775/775 776/776/776 774/774/774
f 775/775/775 777/777/777 776/776/776
f 778/778/778 774/774/774 776/776/776
f 778/778/778 768/768/768 774/774/774
f 768/768/768 778/778/778 779/779/779
f 780/780/780 766/766/766 768/768/768
f 780/780/780 768/768/768 779/779/779
f 780/780/780 771/771/771 766/766/766
f 771/771/771 780/780/780 779/779/779
f 777/777/777 781/781/781 776/776/776
f 778/778/778 776/776/776 781/781/781
f 777/777/777 782/782/782 781/781/781
f 782/782/782 783/783/783 781/781/781
f 783/783/783 778/778/778 781/781/781
f 783/783/783 782/782/782 784/784/784
f 783/783/783 785/785/785 778/778/778
f 785/785/785 783/783/783 784/784/784
f 779/779/779 778/778/778 785/785/785
f 786/786/786 785/785/785 784/784/784
f 786/786/786 787/787/787 785/785/785
f 788/788/788 787/787/787 786/786/786
f 779/779/779 785/785/785 789/789/789
f 789/789/789 785/785/785 787/787/787
f 788/788/788 790/790/790 787/787/787
f 791/791/791 790/790/790 788/788/788
f 789/789/789 787/787/787 792/792/792
f 779/779/779 789/789/789 792/792/792
f 787/787/787 790/790/790 792/792/792
f 791/791/791 793/793/793 790/790/790
f 793/793/793 791/791/791 794/794/794
f 795/795/795 779/779/779 792/792/792
f 771/771/771 779/779/779 795/795/795
f 771/771/771 795/795/795 796/796/796
f 795/795/795 792/792/792 796/796/796
f 765/765/765 771/771/771 796/796/796
f 797/797/797 792/792/792 790/790/790
f 797/797/797 790/790/790 793/793/793
f 792/792/792 797/797/797 796/796/796
f 793/793/793 794/794/794 798/798/798
f 798/798/798 794/794/794 799/799/799
f 765/765/765 796/796/796 800/800/800
f 765/765/765 800/800/800 760/760/760
f 797/797/797 793/793/793 801/801/801
f 793/793/793 798/798/798 801/801/801
f 797/797/797 802/802/802 796/796/796
f 802/802/802 800/800/800 796/796/796
f 797/797/797 801/801/801 802/802/802
f 798/798/798 799/799/799 803/803/803
f 803/803/803 799/799/799 804/804/804
f 800/800/800 805/805/805 760/760/760
f 760/760/760 805/805/805 755/755/755
f 802/802/802 806/806/806 800/800/800
f 806/806/806 805/805/805 800/800/800
f 798/798/798 807/807/807 801/801/801
f 807/807/807 798/798/798 803/803/803
f 801/801/801 808/808/808 802/802/802
f 802/802/802 808/808/808 806/806/806
f 807/807/807 808/808/808 801/801/801
f 803/803/803 804/804/804 809/809/809
f 809/809/809 804/804/804 810/810/810
f 805/805/805 811/811/811 755/755/755
f 755/755/755 811/811/811 750/750/750
f 806/806/806 812/812/812 805/805/805
f 811/811/811 805/805/805 812/812/812
f 808/808/808 813/813/813 806/806/806
f 806/806/806 813/813/813 812/812/812
f 814/814/814 807/807/807 803/803/803
f 814/814/814 803/803/803 809/809/809
f 807/807/807 815/815/815 808/808/808
f 813/813/813 808/808/808 815/815/815
f 807/807/807 814/814/814 815/815/815
f 809/809/809 810/810/810 816/816/816
f 817/817/817 816/816/816 810/810/810
f 811/811/811 818/818/818 750/750/750
f 745/745/745 750/750/750 818/818/818
f 819/819/819 811/811/811 812/812/812
f 819/819/819 818/818/818 811/811/811
f 813/813/813 820/820/820 812/812/812
f 819/819/819 812/812/812 820/820/820
f 821/821/821 813/813/813 815/815/815
f 813/813/813 821/821/821 820/820/820
f 822/822/822 814/814/814 809/809/809
f 822/822/822 809/809/809 816/816/816
f 814/814/814 823/823/823 815/815/815
f 821/821/821 815/815/815 823/823/823
f 822/822/822 823/823/823 814/814/814
f 817/817/817 824/824/824 816/816/816
f 825/825/825 824/824/824 817/817/817
f 826/826/826 822/822/822 816/816/816
f 826/826/826 816/816/816 824/824/824
f 822/822/822 827/827/827 823/823/823
f 822/822/822 826/826/826 827/827/827
f 821/821/821 823/823/823 828/828/828
f 828/828/828 823/823/823 827/827/827
f 821/821/821 829/829/829 820/820/820
f 821/821/821 828/828/828 829/829/829
f 825/825/825 830/830/830 824/824/824
f 831/831/831 830/830/830 825/825/825
f 832/832/832 826/826/826 824/824/824
f 832/832/832 824/824/824 830/830/830
f 826/826/826 833/833/833 827/827/827
f 832/832/832 833/833/833 826/826/826
f 834/834/834 828/828/828 827/827/827
f 834/834/834 827/827/827 833/833/833
f 831/831/831 835/835/835 830/830/830
f 835/835/835 831/831/831 836/836/836
f 837/837/837 832/832/832 830/830/830
f 837/837/837 830/830/830 835/835/835
f 832/832/832 838/838/838 833/833/833
f 832/832/832 837/837/837 838/838/838
f 835/835/835 836/836/836 839/839/839
f 840/840/840 839/839/839 836/836/836
f 841/841/841 837/837/837 835/835/835
f 841/841/841 835/835/835 839/839/839
f 840/840/840 842/842/842 839/839/839
f 842/842/842 840/840/840 843/843/843
f 828/828/828 834/834/834 844/844/844
f 828/828/828 844/844/844 829/829/829
f 834/834/834 833/833/833 845/845/845
f 845/845/845 833/833/833 838/838/838
f 837/837/837 846/846/846 838/838/838
f 841/841/841 846/846/846 837/837/837
f 847/847/847 841/841/841 839/839/839
f 847/847/847 839/839/839 842/842/842
f 848/848/848 842/842/842 843/843/843
f 848/848/848 843/843/843 849/849/849
f 834/834/834 850/850/850 844/844/844
f 834/834/834 845/845/845 850/850/850
f 851/851/851 845/845/845 838/838/838
f 851/851/851 838/838/838 846/846/846
f 841/841/841 852/852/852 846/846/846
f 841/841/841 847/847/847 852/852/852
f 845/845/845 853/853/853 850/850/850
f 845/845/845 851/851/851 853/853/853
f 851/851/851 846/846/846 854/854/854
f 852/852/852 854/854/854 846/846/846
f 851/851/851 855/855/855 853/853/853
f 851/851/851 854/854/854 855/855/855
f 856/856/856 848/848/848 849/849/849
f 856/856/856 849/849/849 857/857/857
f 849/849/849 858/858/858 857/857/857
f 857/857/857 858/858/858 859/859/859
f 860/860/860 857/857/857 859/859/859
f 860/860/860 859/859/859 861/861/861
f 862/862/862 848/848/848 856/856/856
f 842/842/842 848/848/848 862/862/862
f 856/856/856 857/857/857 863/863/863
f 863/863/863 857/857/857 860/860/860
f 864/864/864 860/860/860 861/861/861
f 864/864/864 861/861/861 865/865/865
f 866/866/866 862/862/862 856/856/856
f 866/866/866 856/856/856 863/863/863
f 867/867/867 842/842/842 862/862/862
f 867/867/867 847/847/847 842/842/842
f 868/868/868 863/863/863 860/860/860
f 868/868/868 860/860/860 864/864/864
f 869/869/869 862/862/862 866/866/866
f 867/867/867 862/862/862 869/869/869
f 870/870/870 847/847/847 867/867/867
f 847/847/847 870/870/870 852/852/852
f 871/871/871 867/867/867 869/869/869
f 871/871/871 870/870/870 867/867/867
f 852/852/852 870/870/870 872/872/872
f 852/852/852 872/872/872 854/854/854
f 872/872/872 873/873/873 854/854/854
f 870/870/870 874/874/874 872/872/872
f 874/874/874 870/870/870 871/871/871
f 872/872/872 874/874/874 873/873/873
f 873/873/873 875/875/875 854/854/854
f 854/854/854 875/875/875 855/855/855
f 876/876/876 875/875/875 873/873/873
f 855/855/855 875/875/875 876/876/876
f 877/877/877 869/869/869 866/866/866
f 871/871/871 869/869/869 878/878/878
f 878/878/878 869/869/869 877/877/877
f 879/879/879 874/874/874 871/871/871
f 879/879/879 871/871/871 878/878/878
f 874/874/874 879/879/879 880/880/880
f 874/874/874 880/880/880 873/873/873
f 879/879/879 881/881/881 880/880/880
f 879/879/879 878/878/878 881/881/881
f 873/873/873 880/880/880 882/882/882
f 882/882/882 880/880/880 881/881/881
f 883/883/883 876/876/876 873/873/873
f 883/883/883 873/873/873 882/882/882
f 877/877/877 866/866/866 884/884/884
f 866/866/866 863/863/863 884/884/884
f 885/885/885 884/884/884 863/863/863
f 868/868/868 885/885/885 863/863/863
f 868/868/868 886/886/886 885/885/885
f 886/886/886 868/868/868 864/864/864
f 886/886/886 864/864/864 887/887/887
f 887/887/887 864/864/864 865/865/865
f 887/887/887 865/865/865 888/888/888
f 865/865/865 889/889/889 888/888/888
f 890/890/890 886/886/886 887/887/887
f 890/890/890 887/887/887 888/888/888
f 891/891/891 888/888/888 889/889/889
f 892/892/892 891/891/891 889/889/889
f 892/892/892 893/893/893 891/891/891
f 894/894/894 890/890/890 888/888/888
f 894/894/894 888/888/888 891/891/891
f 890/890/890 895/895/895 886/886/886
f 890/890/890 894/894/894 895/895/895
f 886/886/886 896/896/896 885/885/885
f 895/895/895 896/896/896 886/886/886
f 893/893/893 897/897/897 891/891/891
f 893/893/893 898/898/898 897/897/897
f 899/899/899 894/894/894 891/891/891
f 899/899/899 891/891/891 897/897/897
f 898/898/898 900/900/900 897/897/897
f 898/898/898 901/901/901 900/900/900
f 902/902/902 899/899/899 897/897/897
f 902/902/902 897/897/897 900/900/900
f 899/899/899 903/903/903 894/894/894
f 899/899/899 902/902/902 903/903/903
f 894/894/894 904/904/904 895/895/895
f 903/903/903 904/904/904 894/894/894
f 901/901/901 905/905/905 900/900/900
f 905/905/905 901/901/901 906/906/906
f 895/895/895 907/907/907 896/896/896
f 895/895/895 904/904/904 907/907/907
f 908/908/908 902/902/902 900/900/900
f 908/908/908 900/900/900 905/905/905
f 909/909/909 905/905/905 906/906/906
f 909/909/909 906/906/906 910/910/910
f 911/911/911 908/908/908 905/905/905
f 911/911/911 905/905/905 909/909/909
f 908/908/908 912/912/912 902/902/902
f 908/908/908 911/911/911 912/912/912
f 902/902/902 913/913/913 903/903/903
f 912/912/912 913/913/913 902/902/902
f 903/903/903 914/914/914 904/904/904
f 903/903/903 913/913/913 914/914/914
f 915/915/915 909/909/909 910/910/910
f 915/915/915 910/910/910 916/916/916
f 917/917/917 911/911/911 909/909/909
f 917/917/917 909/909/909 915/915/915
f 914/914/914 918/918/918 904/904/904
f 904/904/904 918/918/918 907/907/907
f 912/912/912 919/919/919 913/913/913
f 911/911/911 920/920/920 912/912/912
f 912/912/912 920/920/920 919/919/919
f 917/917/917 921/921/921 911/911/911
f 921/921/921 920/920/920 911/911/911
f 922/922/922 917/917/917 915/915/915
f 917/917/917 922/922/922 921/921/921
f 923/923/923 915/915/915 916/916/916
f 922/922/922 915/915/915 923/923/923
f 913/913/913 924/924/924 914/914/914
f 919/919/919 924/924/924 913/913/913
f 914/914/914 925/925/925 918/918/918
f 914/914/914 924/924/924 925/925/925
f 923/923/923 916/916/916 926/926/926
f 916/916/916 927/927/927 926/926/926
f 926/926/926 927/927/927 928/928/928
f 929/929/929 926/926/926 928/928/928
f 929/929/929 928/928/928 930/930/930
f 931/931/931 929/929/929 930/930/930
f 931/931/931 930/930/930 932/932/932
f 929/929/929 933/933/933 926/926/926
f 929/929/929 931/931/931 933/933/933
f 923/923/923 926/926/926 934/934/934
f 933/933/933 934/934/934 926/926/926
f 935/935/935 923/923/923 934/934/934
f 935/935/935 922/922/922 923/923/923
f 936/936/936 922/922/922 935/935/935
f 922/922/922 936/936/936 921/921/921
f 921/921/921 936/936/936 937/937/937
f 921/921/921 937/937/937 920/920/920
f 937/937/937 938/938/938 920/920/920
f 920/920/920 938/938/938 919/919/919
f 919/919/919 938/938/938 939/939/939
f 919/919/919 939/939/939 924/924/924
f 939/939/939 940/940/940 924/924/924
f 924/924/924 940/940/940 925/925/925
f 933/933/933 941/941/941 934/934/934
f 935/935/935 934/934/934 942/942/942
f 941/941/941 942/942/942 934/934/934
f 943/943/943 936/936/936 935/935/935
f 943/943/943 935/935/935 942/942/942
f 936/936/936 944/944/944 937/937/937
f 944/944/944 936/936/936 943/943/943
f 937/937/937 945/945/945 938/938/938
f 937/937/937 944/944/944 945/945/945
f 938/938/938 946/946/946 939/939/939
f 945/945/945 946/946/946 938/938/938
f 933/933/933 947/947/947 941/941/941
f 931/931/931 947/947/947 933/933/933
f 947/947/947 931/931/931 948/948/948
f 948/948/948 931/931/931 932/932/932
f 948/948/948 932/932/932 949/949/949
f 932/932/932 950/950/950 949/949/949
f 949/949/949 950/950/950 951/951/951
f 952/952/952 949/949/949 951/951/951
f 952/952/952 951/951/951 953/953/953
f 948/948/948 949/949/949 954/954/954
f 954/954/954 949/949/949 952/952/952
f 955/955/955 947/947/947 948/948/948
f 955/955/955 948/948/948 954/954/954
f 947/947/947 956/956/956 941/941/941
f 956/956/956 947/947/947 955/955/955
f 941/941/941 956/956/956 957/957/957
f 941/941/941 957/957/957 942/942/942
f 957/957/957 958/958/958 942/942/942
f 943/943/943 942/942/942 958/958/958
f 959/959/959 943/943/943 958/958/958
f 959/959/959 944/944/944 943/943/943
f 960/960/960 944/944/944 959/959/959
f 944/944/944 960/960/960 945/945/945
f 961/961/961 956/956/956 955/955/955
f 956/956/956 962/962/962 957/957/957
f 962/962/962 956/956/956 961/961/961
f 957/957/957 963/963/963 958/958/958
f 957/957/957 962/962/962 963/963/963
f 959/959/959 958/958/958 964/964/964
f 963/963/963 964/964/964 958/958/958
f 965/965/965 959/959/959 964/964/964
f 965/965/965 960/960/960 959/959/959
f 961/961/961 955/955/955 966/966/966
f 955/955/955 954/954/954 966/966/966
f 967/967/967 964/964/964 963/963/963
f 965/965/965 964/964/964 967/967/967
f 968/968/968 945/945/945 960/960/960
f 969/969/969 960/960/960 965/965/965
f 969/969/969 968/968/968 960/960/960
f 968/968/968 970/970/970 945/945/945
f 970/970/970 946/946/946 945/945/945
f 971/971/971 965/965/965 967/967/967
f 971/971/971 969/969/969 965/965/965
f 968/968/968 969/969/969 972/972/972
f 968/968/968 972/972/972 970/970/970
f 970/970/970 973/973/973 946/946/946
f 973/973/973 939/939/939 946/946/946
f 973/973/973 974/974/974 939/939/939
f 974/974/974 940/940/940 939/939/939
f 973/973/973 970/970/970 975/975/975
f 973/973/973 975/975/975 974/974/974
f 976/976/976 969/969/969 971/971/971
f 969/969/969 976/976/976 972/972/972
f 972/972/972 977/977/977 970/970/970
f 970/970/970 977/977/977 975/975/975
f 974/974/974 978/978/978 940/940/940
f 978/978/978 925/925/925 940/940/940
f 972/972/972 976/976/976 979/979/979
f 972/972/972 979/979/979 977/977/977
f 980/980/980 976/976/976 971/971/971
f 976/976/976 981/981/981 979/979/979
f 981/981/981 976/976/976 980/980/980
f 980/980/980 971/971/971 982/982/982
f 971/971/971 967/967/967 982/982/982
f 975/975/975 983/983/983 974/974/974
f 978/978/978 974/974/974 984/984/984
f 974/974/974 983/983/983 984/984/984
f 978/978/978 985/985/985 925/925/925
f 978/978/978 984/984/984 985/985/985
f 975/975/975 977/977/977 986/986/986
f 975/975/975 986/986/986 983/983/983
f 979/979/979 987/987/987 977/977/977
f 977/977/977 987/987/987 986/986/986
f 979/979/979 981/981/981 988/988/988
f 979/979/979 988/988/988 987/987/987
f 985/985/985 989/989/989 925/925/925
f 925/925/925 989/989/989 918/918/918
f 918/918/918 989/989/989 990/990/990
f 907/907/907 918/918/918 990/990/990
f 985/985/985 991/991/991 989/989/989
f 991/991/991 990/990/990 989/989/989
f 907/907/907 990/990/990 992/992/992
f 907/907/907 992/992/992 896/896/896
f 896/896/896 992/992/992 993/993/993
f 885/885/885 896/896/896 993/993/993
f 885/885/885 993/993/993 884/884/884
f 993/993/993 994/994/994 884/884/884
f 877/877/877 884/884/884 994/994/994
f 993/993/993 992/992/992 995/995/995
f 993/993/993 995/995/995 994/994/994
f 990/990/990 996/996/996 992/992/992
f 992/992/992 996/996/996 995/995/995
f 991/991/991 997/997/997 990/990/990
f 997/997/997 996/996/996 990/990/990
f 991/991/991 985/985/985 998/998/998
f 991/991/991 998/998/998 997/997/997
f 999/999/999 877/877/877 994/994/994
f 999/999/999 878/878/878 877/877/877
f 878/878/878 999/999/999 1000/1000/1000
f 878/878/878 1000/1000/1000 881/881/881
f 999/999/999 994/994/994 1001/1001/1001
f 999/999/999 1001/1001/1001 1000/1000/1000
f 1002/1002/1002 881/881/881 1000/1000/1000
f 1002/1002/1002 882/882/882 881/881/881
f 1003/1003/1003 1002/1002/1002 1000/1000/1000
f 1003/1003/1003 1000/1000/1000 1001/1001/1001
f 994/994/994 1004/1004/1004 1001/1001/1001
f 995/995/995 1004/1004/1004 994/994/994
f 1002/1002/1002 1005/1005/1005 882/882/882
f 1002/1002/1002 1003/1003/1003 1005/1005/1005
f 1006/1006/1006 1001/1001/1001 1004/1004/1004
f 1006/1006/1006 1003/1003/1003 1001/1001/1001
f 1007/1007/1007 1004/1004/1004 995/995/995
f 1007/1007/1007 1006/1006/1006 1004/1004/1004
f 1006/1006/1006 1008/1008/1008 1003/1003/1003
f 1006/1006/1006 1007/1007/1007 1008/1008/1008
f 1005/1005/1005 1009/1009/1009 882/882/882
f 883/883/883 882/882/882 1009/1009/1009
f 1003/1003/1003 1010/1010/1010 1005/1005/1005
f 1008/1008/1008 1010/1010/1010 1003/1003/1003
f 1011/1011/1011 1007/1007/1007 995/995/995
f 1011/1011/1011 995/995/995 996/996/996
f 997/997/997 1011/1011/1011 996/996/996
f 1011/1011/1011 1012/1012/1012 1007/1007/1007
f 1011/1011/1011 997/997/997 1012/1012/1012
f 1007/1007/1007 1013/1013/1013 1008/1008/1008
f 1012/1012/1012 1013/1013/1013 1007/1007/1007
f 997/997/997 1014/1014/1014 1012/1012/1012
f 998/998/998 1014/1014/1014 997/997/997
f 1005/1005/1005 1015/1015/1015 1009/1009/1009
f 1005/1005/1005 1010/1010/1010 1015/1015/1015
f 1008/1008/1008 1016/1016/1016 1010/1010/1010
f 1008/1008/1008 1013/1013/1013 1016/1016/1016
f 1012/1012/1012 1017/1017/1017 1013/1013/1013
f 1012/1012/1012 1014/1014/1014 1017/1017/1017
f 1010/1010/1010 1018/1018/1018 1015/1015/1015
f 1016/1016/1016 1018/1018/1018 1010/1010/1010
f 1013/1013/1013 1019/1019/1019 1016/1016/1016
f 1017/1017/1017 1019/1019/1019 1013/1013/1013
f 1016/1016/1016 1020/1020/1020 1018/1018/1018
f 1016/1016/1016 1019/1019/1019 1020/1020/1020
f 998/998/998 1021/1021/1021 1014/1014/1014
f 1014/1014/1014 1022/1022/1022 1017/1017/1017
f 1021/1021/1021 1022/1022/1022 1014/1014/1014
f 1017/1017/1017 1023/1023/1023 1019/1019/1019
f 1017/1017/1017 1022/1022/1022 1023/1023/1023
f 1019/1019/1019 1024/1024/1024 1020/1020/1020
f 1023/1023/1023 1024/1024/1024 1019/1019/1019
f 998/998/998 1025/1025/1025 1021/1021/1021
f 985/985/985 1025/1025/1025 998/998/998
f 984/984/984 1025/1025/1025 985/985/985
f 984/984/984 1026/1026/1026 1025/1025/1025
f 984/984/984 983/983/983 1026/1026/1026
f 1025/1025/1025 1027/1027/1027 1021/1021/1021
f 1026/1026/1026 1027/1027/1027 1025/1025/1025
f 1021/1021/1021 1028/1028/1028 1022/1022/1022
f 1021/1021/1021 1027/1027/1027 1028/1028/1028
f 983/983/983 1029/1029/1029 1026/1026/1026
f 986/986/986 1029/1029/1029 983/983/983
f 1026/1026/1026 1030/1030/1030 1027/1027/1027
f 1026/1026/1026 1029/1029/1029 1030/1030/1030
f 986/986/986 1031/1031/1031 1029/1029/1029
f 986/986/986 987/987/987 1031/1031/1031
f 1022/1022/1022 1032/1032/1032 1023/1023/1023
f 1028/1028/1028 1032/1032/1032 1022/1022/1022
f 1033/1033/1033 1023/1023/1023 1032/1032/1032
f 1033/1033/1033 1032/1032/1032 1028/1028/1028
f 1027/1027/1027 1034/1034/1034 1028/1028/1028
f 1030/1030/1030 1034/1034/1034 1027/1027/1027
f 1035/1035/1035 1028/1028/1028 1034/1034/1034
f 1035/1035/1035 1033/1033/1033 1028/1028/1028
f 1035/1035/1035 1034/1034/1034 1030/1030/1030
f 1029/1029/1029 1036/1036/1036 1030/1030/1030
f 1031/1031/1031 1036/1036/1036 1029/1029/1029
f 1037/1037/1037 1030/1030/1030 1036/1036/1036
f 1037/1037/1037 1035/1035/1035 1030/1030/1030
f 1037/1037/1037 1036/1036/1036 1031/1031/1031
f 987/987/987 1038/1038/1038 1031/1031/1031
f 988/988/988 1038/1038/1038 987/987/987
f 1039/1039/1039 1031/1031/1031 1038/1038/1038
f 1039/1039/1039 1037/1037/1037 1031/1031/1031
f 1039/1039/1039 1038/1038/1038 988/988/988
f 1033/1033/1033 1040/1040/1040 1023/1023/1023
f 1040/1040/1040 1024/1024/1024 1023/1023/1023
f 1040/1040/1040 1020/1020/1020 1024/1024/1024
f 1037/1037/1037 1041/1041/1041 1035/1035/1035
f 1041/1041/1041 1042/1042/1042 1035/1035/1035
f 1035/1035/1035 1042/1042/1042 1033/1033/1033
f 1043/1043/1043 1041/1041/1041 1037/1037/1037
f 1039/1039/1039 1043/1043/1043 1037/1037/1037
f 1042/1042/1042 1044/1044/1044 1033/1033/1033
f 1033/1033/1033 1044/1044/1044 1040/1040/1040
f 1044/1044/1044 773/773/773 1040/1040/1040
f 1040/1040/1040 773/773/773 772/772/772
f 1040/1040/1040 772/772/772 1020/1020/1020
f 1045/1045/1045 1043/1043/1043 1039/1039/1039
f 1046/1046/1046 1045/1045/1045 1039/1039/1039
f 1046/1046/1046 1039/1039/1039 988/988/988
f 1045/1045/1045 1046/1046/1046 1047/1047/1047
f 772/772/772 1048/1048/1048 1020/1020/1020
f 1020/1020/1020 1048/1048/1048 1018/1018/1018
f 772/772/772 1049/1049/1049 1048/1048/1048
f 1018/1018/1018 1048/1048/1048 1049/1049/1049
f 1015/1015/1015 1018/1018/1018 1049/1049/1049
f 772/772/772 763/763/763 1049/1049/1049
f 1015/1015/1015 1049/1049/1049 1050/1050/1050
f 1015/1015/1015 1050/1050/1050 1009/1009/1009
f 763/763/763 1051/1051/1051 1049/1049/1049
f 1049/1049/1049 1051/1051/1051 1050/1050/1050
f 763/763/763 1052/1052/1052 1051/1051/1051
f 1050/1050/1050 1051/1051/1051 1052/1052/1052
f 763/763/763 758/758/758 1052/1052/1052
f 1053/1053/1053 1009/1009/1009 1050/1050/1050
f 1053/1053/1053 883/883/883 1009/1009/1009
f 1054/1054/1054 1050/1050/1050 1052/1052/1052
f 1054/1054/1054 1053/1053/1053 1050/1050/1050
f 758/758/758 1055/1055/1055 1052/1052/1052
f 1054/1054/1054 1052/1052/1052 1055/1055/1055
f 1053/1053/1053 1056/1056/1056 883/883/883
f 1056/1056/1056 876/876/876 883/883/883
f 1054/1054/1054 1057/1057/1057 1053/1053/1053
f 1057/1057/1057 1054/1054/1054 1055/1055/1055
f 1057/1057/1057 1056/1056/1056 1053/1053/1053
f 758/758/758 1058/1058/1058 1055/1055/1055
f 1057/1057/1057 1055/1055/1055 1058/1058/1058
f 758/758/758 753/753/753 1058/1058/1058
f 1059/1059/1059 876/876/876 1056/1056/1056
f 1059/1059/1059 855/855/855 876/876/876
f 1060/1060/1060 1056/1056/1056 1057/1057/1057
f 1060/1060/1060 1059/1059/1059 1056/1056/1056
f 1061/1061/1061 1057/1057/1057 1058/1058/1058
f 1061/1061/1061 1060/1060/1060 1057/1057/1057
f 753/753/753 1062/1062/1062 1058/1058/1058
f 1061/1061/1061 1058/1058/1058 1062/1062/1062
f 1059/1059/1059 1063/1063/1063 855/855/855
f 1063/1063/1063 853/853/853 855/855/855
f 1060/1060/1060 1064/1064/1064 1059/1059/1059
f 1064/1064/1064 1063/1063/1063 1059/1059/1059
f 1061/1061/1061 1065/1065/1065 1060/1060/1060
f 1065/1065/1065 1061/1061/1061 1062/1062/1062
f 1065/1065/1065 1064/1064/1064 1060/1060/1060
f 753/753/753 1066/1066/1066 1062/1062/1062
f 1065/1065/1065 1062/1062/1062 1066/1066/1066
f 753/753/753 748/748/748 1066/1066/1066
f 1063/1063/1063 1067/1067/1067 853/853/853
f 1067/1067/1067 850/850/850 853/853/853
f 1064/1064/1064 1065/1065/1065 1068/1068/1068
f 1068/1068/1068 1065/1065/1065 1066/1066/1066
f 1063/1063/1063 1064/1064/1064 1069/1069/1069
f 1069/1069/1069 1064/1064/1064 1068/1068/1068
f 1067/1067/1067 1063/1063/1063 1069/1069/1069
f 1067/1067/1067 1070/1070/1070 850/850/850
f 1070/1070/1070 844/844/844 850/850/850
f 1068/1068/1068 1066/1066/1066 1071/1071/1071
f 1069/1069/1069 1068/1068/1068 1071/1071/1071
f 1067/1067/1067 1069/1069/1069 1072/1072/1072
f 1067/1067/1067 1072/1072/1072 1070/1070/1070
f 1069/1069/1069 1071/1071/1071 1072/1072/1072
f 748/748/748 1073/1073/1073 1066/1066/1066
f 1066/1066/1066 1073/1073/1073 1071/1071/1071
f 748/748/748 1074/1074/1074 1073/1073/1073
f 1071/1071/1071 1073/1073/1073 1074/1074/1074
f 748/748/748 743/743/743 1074/1074/1074
f 1070/1070/1070 1075/1075/1075 844/844/844
f 1075/1075/1075 829/829/829 844/844/844
f 1070/1070/1070 1072/1072/1072 1076/1076/1076
f 1075/1075/1075 1070/1070/1070 1076/1076/1076
f 1077/1077/1077 1072/1072/1072 1071/1071/1071
f 1077/1077/1077 1071/1071/1071 1074/1074/1074
f 1077/1077/1077 1076/1076/1076 1072/1072/1072
f 743/743/743 1078/1078/1078 1074/1074/1074
f 1077/1077/1077 1074/1074/1074 1078/1078/1078
f 1075/1075/1075 1079/1079/1079 829/829/829
f 1079/1079/1079 820/820/820 829/829/829
f 1079/1079/1079 819/819/819 820/820/820
f 1075/1075/1075 1076/1076/1076 1080/1080/1080
f 1075/1075/1075 1080/1080/1080 1079/1079/1079
f 1077/1077/1077 1081/1081/1081 1076/1076/1076
f 1081/1081/1081 1077/1077/1077 1078/1078/1078
f 1081/1081/1081 1080/1080/1080 1076/1076/1076
f 743/743/743 1082/1082/1082 1078/1078/1078
f 1081/1081/1081 1078/1078/1078 1082/1082/1082
f 743/743/743 735/735/735 1082/1082/1082
f 819/819/819 1079/1079/1079 1083/1083/1083
f 1079/1079/1079 1080/1080/1080 1083/1083/1083
f 819/819/819 1083/1083/1083 818/818/818
f 1084/1084/1084 1080/1080/1080 1081/1081/1081
f 1084/1084/1084 1081/1081/1081 1082/1082/1082
f 1084/1084/1084 1083/1083/1083 1080/1080/1080
f 735/735/735 1085/1085/1085 1082/1082/1082
f 1084/1084/1084 1082/1082/1082 1085/1085/1085
f 735/735/735 740/740/740 1085/1085/1085
f 1086/1086/1086 818/818/818 1083/1083/1083
f 1084/1084/1084 1086/1086/1086 1083/1083/1083
f 1086/1086/1086 1084/1084/1084 1085/1085/1085
f 1086/1086/1086 1085/1085/1085 740/740/740
f 745/745/745 818/818/818 1086/1086/1086
f 745/745/745 1086/1086/1086 740/740/740
f 1089/1089/1089 1088/1088/1088 1087/1087/1087
f 1090/1090/1090 1089/1089/1089 1087/1087/1087
f 1093/1093/1093 1092/1092/1092 1091/1091/1091
f 1094/1094/1094 1093/1093/1093 1091/1091/1091
f 1097/1097/1097 1096/1096/1096 1095/1095/1095
f 1098/1098/1098 1097/1097/1097 1095/1095/1095
f 1098/1098/1098 1099/1099/1099 1097/1097/1097
f 1099/1099/1099 1100/1100/1100 1097/1097/1097
f 1099/1099/1099 1101/1101/1101 1100/1100/1100
f 1101/1101/1101 1102/1102/1102 1100/1100/1100
f 1101/1101/1101 1103/1103/1103 1102/1102/1102
f 1103/1103/1103 1104/1104/1104 1102/1102/1102
f 1103/1103/1103 1105/1105/1105 1104/1104/1104
f 1105/1105/1105 1106/1106/1106 1104/1104/1104
f 1105/1105/1105 1107/1107/1107 1106/1106/1106
f 1107/1107/1107 1108/1108/1108 1106/1106/1106
f 1107/1107/1107 1109/1109/1109 1108/1108/1108
f 1109/1109/1109 1110/1110/1110 1108/1108/1108
f 1109/1109/1109 1111/1111/1111 1110/1110/1110
f 1111/1111/1111 1112/1112/1112 1110/1110/1110
f 1111/1111/1111 1113/1113/1113 1112/1112/1112
f 1113/1113/1113 1114/1114/1114 1112/1112/1112
f 1113/1113/1113 1115/1115/1115 1114/1114/1114
f 1115/1115/1115 1116/1116/1116 1114/1114/1114
f 1115/1115/1115 1117/1117/1117 1116/1116/1116
f 1117/1117/1117 1118/1118/1118 1116/1116/1116
f 1117/1117/1117 1119/1119/1119 1118/1118/1118
f 1119/1119/1119 1120/1120/1120 1118/1118/1118
f 1119/1119/1119 1121/1121/1121 1120/1120/1120
f 1121/1121/1121 1122/1122/1122 1120/1120/1120
f 1121/1121/1121 1123/1123/1123 1122/1122/1122
f 1123/1123/1123 1124/1124/1124 1122/1122/1122
f 1123/1123/1123 1125/1125/1125 1124/1124/1124
f 1125/1125/1125 1126/1126/1126 1124/1124/1124
f 1125/1125/1125 1127/1127/1127 1126/1126/1126
f 1127/1127/1127 1128/1128/1128 1126/1126/1126
f 1127/1127/1127 1129/1129/1129 1128/1128/1128
f 1129/1129/1129 1130/1130/1130 1128/1128/1128
f 1129/1129/1129 1131/1131/1131 1130/1130/1130
f 1131/1131/1131 1132/1132/1132 1130/1130/1130
f 1131/1131/1131 1133/1133/1133 1132/1132/1132
f 1133/1133/1133 1134/1134/1134 1132/1132/1132
f 1133/1133/1133 1135/1135/1135 1134/1134/1134
f 1135/1135/1135 1136/1136/1136 1134/1134/1134
f 1135/1135/1135 1137/1137/1137 1136/1136/1136
f 1137/1137/1137 1138/1138/1138 1136/1136/1136
f 1137/1137/1137 1139/1139/1139 1138/1138/1138
f 1139/1139/1139 1140/1140/1140 1138/1138/1138
f 1139/1139/1139 1141/1141/1141 1140/1140/1140
f 1141/1141/1141 1142/1142/1142 1140/1140/1140
f 1141/1141/1141 1143/1143/1143 1142/1142/1142
f 1143/1143/1143 1144/1144/1144 1142/1142/1142
f 1143/1143/1143 1145/1145/1145 1144/1144/1144
f 1145/1145/1145 1146/1146/1146 1144/1144/1144
f 1147/1147/1147 1146/1146/1146 1145/1145/1145
f 1148/1148/1148 1147/1147/1147 1145/1145/1145
f 1151/1151/1151 1150/1150/1150 1149/1149/1149
f 1152/1152/1152 1151/1151/1151 1149/1149/1149
f 1153/1153/1153 1151/1151/1151 1152/1152/1152
f 1154/1154/1154 1153/1153/1153 1152/1152/1152
f 1154/1154/1154 1155/1155/1155 1153/1153/1153
f 1155/1155/1155 1156/1156/1156 1153/1153/1153
f 1155/1155/1155 1157/1157/1157 1156/1156/1156
f 1157/1157/1157 1158/1158/1158 1156/1156/1156
f 1157/1157/1157 1159/1159/1159 1158/1158/1158
f 1159/1159/1159 1160/1160/1160 1158/1158/1158
f 1159/1159/1159 1161/1161/1161 1160/1160/1160
f 1161/1161/1161 1162/1162/1162 1160/1160/1160
f 1161/1161/1161 1163/1163/1163 1162/1162/1162
f 1163/1163/1163 1164/1164/1164 1162/1162/1162
f 1164/1164/1164 1163/1163/1163 1165/1165/1165
f 1166/1166/1166 1164/1164/1164 1165/1165/1165
f 1166/1166/1166 1165/1165/1165 1167/1167/1167
f 1168/1168/1168 1166/1166/1166 1167/1167/1167
f 1168/1168/1168 1167/1167/1167 1169/1169/1169
f 1170/1170/1170 1168/1168/1168 1169/1169/1169
f 1170/1170/1170 1169/1169/1169 1171/1171/1171
f 1172/1172/1172 1170/1170/1170 1171/1171/1171
f 1172/1172/1172 1171/1171/1171 1173/1173/1173
f 1174/1174/1174 1172/1172/1172 1173/1173/1173
f 1174/1174/1174 1173/1173/1173 1175/1175/1175
f 1173/1173/1173 1176/1176/1176 1175/1175/1175
f 1177/1177/1177 1175/1175/1175 1176/1176/1176
f 1178/1178/1178 1177/1177/1177 1176/1176/1176
f 1178/1178/1178 1179/1179/1179 1177/1177/1177
f 1179/1179/1179 1180/1180/1180 1177/1177/1177
f 1179/1179/1179 1181/1181/1181 1180/1180/1180
f 1181/1181/1181 1182/1182/1182 1180/1180/1180
f 1181/1181/1181 1183/1183/1183 1182/1182/1182
f 1183/1183/1183 1184/1184/1184 1182/1182/1182
f 1183/1183/1183 1185/1185/1185 1184/1184/1184
f 1185/1185/1185 1186/1186/1186 1184/1184/1184
f 1185/1185/1185 1187/1187/1187 1186/1186/1186
f 1187/1187/1187 1188/1188/1188 1186/1186/1186
f 1189/1189/1189 1188/1188/1188 1187/1187/1187
f 1190/1190/1190 1189/1189/1189 1187/1187/1187
f 1190/1190/1190 1191/1191/1191 1189/1189/1189
f 1191/1191/1191 1192/1192/1192 1189/1189/1189
f 1191/1191/1191 1193/1193/1193 1192/1192/1192
f 1193/1193/1193 1194/1194/1194 1192/1192/1192
f 1193/1193/1193 1195/1195/1195 1194/1194/1194
f 1195/1195/1195 1196/1196/1196 1194/1194/1194
f 1195/1195/1195 1197/1197/1197 1196/1196/1196
f 1197/1197/1197 1198/1198/1198 1196/1196/1196
f 1197/1197/1197 1199/1199/1199 1198/1198/1198
f 1199/1199/1199 1200/1200/1200 1198/1198/1198
f 1201/1201/1201 1200/1200/1200 1199/1199/1199
f 1202/1202/1202 1201/1201/1201 1199/1199/1199
f 1205/1205/1205 1204/1204/1204 1203/1203/1203
f 1204/1204/1204 1206/1206/1206 1203/1203/1203
f 1203/1203/1203 1206/1206/1206 1207/1207/1207
f 1208/1208/1208 1203/1203/1203 1207/1207/1207
f 1208/1208/1208 1207/1207/1207 1209/1209/1209
f 1207/1207/1207 1210/1210/1210 1209/1209/1209
f 1209/1209/1209 1210/1210/1210 1211/1211/1211
f 1212/1212/1212 1209/1209/1209 1211/1211/1211
f 1212/1212/1212 1211/1211/1211 1213/1213/1213
f 1211/1211/1211 1214/1214/1214 1213/1213/1213
f 1213/1213/1213 1214/1214/1214 1215/1215/1215
f 1216/1216/1216 1213/1213/1213 1215/1215/1215
f 1216/1216/1216 1215/1215/1215 1217/1217/1217
f 1215/1215/1215 1218/1218/1218 1217/1217/1217
f 1217/1217/1217 1218/1218/1218 1219/1219/1219
f 1220/1220/1220 1217/1217/1217 1219/1219/1219
f 1220/1220/1220 1219/1219/1219 1221/1221/1221
f 1219/1219/1219 1222/1222/1222 1221/1221/1221
f 1221/1221/1221 1222/1222/1222 1223/1223/1223
f 1224/1224/1224 1221/1221/1221 1223/1223/1223
f 1224/1224/1224 1223/1223/1223 1225/1225/1225
f 1223/1223/1223 1226/1226/1226 1225/1225/1225
f 1226/1226/1226 1227/1227/1227 1225/1225/1225
f 1227/1227/1227 1228/1228/1228 1225/1225/1225
f 1227/1227/1227 1229/1229/1229 1228/1228/1228
f 1229/1229/1229 1230/1230/1230 1228/1228/1228
f 1229/1229/1229 1231/1231/1231 1230/1230/1230
f 1231/1231/1231 1232/1232/1232 1230/1230/1230
f 1231/1231/1231 1233/1233/1233 1232/1232/1232
f 1233/1233/1233 1234/1234/1234 1232/1232/1232
f 1233/1233/1233 1235/1235/1235 1234/1234/1234
f 1235/1235/1235 1236/1236/1236 1234/1234/1234
f 1235/1235/1235 1237/1237/1237 1236/1236/1236
f 1237/1237/1237 1238/1238/1238 1236/1236/1236
f 1237/1237/1237 1239/1239/1239 1238/1238/1238
f 1239/1239/1239 1240/1240/1240 1238/1238/1238
f 1239/1239/1239 1241/1241/1241 1240/1240/1240
f 1241/1241/1241 1242/1242/1242 1240/1240/1240
f 1241/1241/1241 1243/1243/1243 1242/1242/1242
f 1243/1243/1243 1244/1244/1244 1242/1242/1242
f 1243/1243/1243 1245/1245/1245 1244/1244/1244
f 1245/1245/1245 1246/1246/1246 1244/1244/1244
f 1245/1245/1245 1247/1247/1247 1246/1246/1246
f 1247/1247/1247 1248/1248/1248 1246/1246/1246
f 1247/1247/1247 1249/1249/1249 1248/1248/1248
f 1249/1249/1249 1250/1250/1250 1248/1248/1248
f 1249/1249/1249 1251/1251/1251 1250/1250/1250
f 1251/1251/1251 1252/1252/1252 1250/1250/1250
f 1251/1251/1251 1253/1253/1253 1252/1252/1252
f 1253/1253/1253 1254/1254/1254 1252/1252/1252
f 1255/1255/1255 1254/1254/1254 1253/1253/1253
f 1256/1256/1256 1255/1255/1255 1253/1253/1253
f 1259/1259/1259 1258/1258/1258 1257/1257/1257
f 1258/1258/1258 1260/1260/1260 1257/1257/1257
f 1258/1258/1258 1261/1261/1261 1260/1260/1260
f 1257/1257/1257 1260/1260/1260 1262/1262/1262
f 1263/1263/1263 1257/1257/1257 1262/1262/1262
f 1261/1261/1261 1264/1264/1264 1260/1260/1260
f 1261/1261/1261 1265/1265/1265 1264/1264/1264
f 1263/1263/1263 1262/1262/1262 1266/1266/1266
f 1267/1267/1267 1263/1263/1263 1266/1266/1266
f 1260/1260/1260 1264/1264/1264 1268/1268/1268
f 1260/1260/1260 1268/1268/1268 1262/1262/1262
f 1265/1265/1265 1269/1269/1269 1264/1264/1264
f 1265/1265/1265 1270/1270/1270 1269/1269/1269
f 1264/1264/1264 1269/1269/1269 1271/1271/1271
f 1264/1264/1264 1271/1271/1271 1268/1268/1268
f 1270/1270/1270 1272/1272/1272 1269/1269/1269
f 1269/1269/1269 1272/1272/1272 1271/1271/1271
f 1270/1270/1270 1273/1273/1273 1272/1272/1272
f 1273/1273/1273 1271/1271/1271 1272/1272/1272
f 1271/1271/1271 1273/1273/1273 1274/1274/1274
f 1268/1268/1268 1271/1271/1271 1274/1274/1274
f 1268/1268/1268 1274/1274/1274 1275/1275/1275
f 1262/1262/1262 1268/1268/1268 1275/1275/1275
f 1262/1262/1262 1275/1275/1275 1276/1276/1276
f 1266/1266/1266 1262/1262/1262 1276/1276/1276
f 1266/1266/1266 1276/1276/1276 1277/1277/1277
f 1267/1267/1267 1266/1266/1266 1278/1278/1278
f 1278/1278/1278 1266/1266/1266 1277/1277/1277
f 1279/1279/1279 1267/1267/1267 1278/1278/1278
f 1277/1277/1277 1280/1280/1280 1278/1278/1278
f 1279/1279/1279 1278/1278/1278 1281/1281/1281
f 1280/1280/1280 1281/1281/1281 1278/1278/1278
f 1282/1282/1282 1279/1279/1279 1281/1281/1281
f 1280/1280/1280 1283/1283/1283 1281/1281/1281
f 1282/1282/1282 1281/1281/1281 1284/1284/1284
f 1283/1283/1283 1284/1284/1284 1281/1281/1281
f 1285/1285/1285 1282/1282/1282 1284/1284/1284
f 1283/1283/1283 1286/1286/1286 1284/1284/1284
f 1287/1287/1287 1285/1285/1285 1284/1284/1284
f 1286/1286/1286 1288/1288/1288 1284/1284/1284
f 1287/1287/1287 1284/1284/1284 1288/1288/1288
f 1286/1286/1286 1289/1289/1289 1288/1288/1288
f 1290/1290/1290 1287/1287/1287 1288/1288/1288
f 1287/1287/1287 1290/1290/1290 1291/1291/1291
f 1290/1290/1290 1292/1292/1292 1291/1291/1291
f 1289/1289/1289 1293/1293/1293 1288/1288/1288
f 1290/1290/1290 1288/1288/1288 1293/1293/1293
f 1289/1289/1289 1294/1294/1294 1293/1293/1293
f 1290/1290/1290 1295/1295/1295 1292/1292/1292
f 1295/1295/1295 1290/1290/1290 1293/1293/1293
f 1295/1295/1295 1296/1296/1296 1292/1292/1292
f 1296/1296/1296 1295/1295/1295 1297/1297/1297
f 1297/1297/1297 1295/1295/1295 1293/1293/1293
f 1298/1298/1298 1296/1296/1296 1297/1297/1297
f 1294/1294/1294 1299/1299/1299 1293/1293/1293
f 1299/1299/1299 1297/1297/1297 1293/1293/1293
f 1298/1298/1298 1297/1297/1297 1299/1299/1299
f 1294/1294/1294 1298/1298/1298 1299/1299/1299
f 1302/1302/1302 1301/1301/1301 1300/1300/1300
f 1301/1301/1301 1303/1303/1303 1300/1300/1300
f 1301/1301/1301 1304/1304/1304 1303/1303/1303
f 1300/1300/1300 1303/1303/1303 1305/1305/1305
f 1306/1306/1306 1300/1300/1300 1305/1305/1305
f 1304/1304/1304 1307/1307/1307 1303/1303/1303
f 1307/1307/1307 1304/1304/1304 1308/1308/1308
f 1306/1306/1306 1305/1305/1305 1309/1309/1309
f 1310/1310/1310 1306/1306/1306 1309/1309/1309
f 1310/1310/1310 1309/1309/1309 1311/1311/1311
f 1312/1312/1312 1310/1310/1310 1311/1311/1311
f 1311/1311/1311 1313/1313/1313 1312/1312/1312
f 1314/1314/1314 1313/1313/1313 1311/1311/1311
f 1303/1303/1303 1307/1307/1307 1315/1315/1315
f 1303/1303/1303 1315/1315/1315 1305/1305/1305
f 1316/1316/1316 1307/1307/1307 1308/1308/1308
f 1316/1316/1316 1308/1308/1308 1317/1317/1317
f 1307/1307/1307 1316/1316/1316 1318/1318/1318
f 1307/1307/1307 1318/1318/1318 1315/1315/1315
f 1319/1319/1319 1316/1316/1316 1317/1317/1317
f 1316/1316/1316 1319/1319/1319 1318/1318/1318
f 1319/1319/1319 1317/1317/1317 1320/1320/1320
f 1318/1318/1318 1319/1319/1319 1320/1320/1320
f 1318/1318/1318 1320/1320/1320 1321/1321/1321
f 1315/1315/1315 1318/1318/1318 1321/1321/1321
f 1315/1315/1315 1321/1321/1321 1322/1322/1322
f 1305/1305/1305 1315/1315/1315 1322/1322/1322
f 1305/1305/1305 1322/1322/1322 1323/1323/1323
f 1309/1309/1309 1305/1305/1305 1323/1323/1323
f 1309/1309/1309 1323/1323/1323 1324/1324/1324
f 1311/1311/1311 1309/1309/1309 1324/1324/1324
f 1324/1324/1324 1325/1325/1325 1311/1311/1311
f 1325/1325/1325 1326/1326/1326 1311/1311/1311
f 1314/1314/1314 1311/1311/1311 1326/1326/1326
f 1325/1325/1325 1327/1327/1327 1326/1326/1326
f 1327/1327/1327 1328/1328/1328 1326/1326/1326
f 1329/1329/1329 1314/1314/1314 1326/1326/1326
f 1329/1329/1329 1326/1326/1326 1328/1328/1328
f 1330/1330/1330 1329/1329/1329 1328/1328/1328
f 1327/1327/1327 1331/1331/1331 1328/1328/1328
f 1332/1332/1332 1330/1330/1330 1328/1328/1328
f 1331/1331/1331 1333/1333/1333 1328/1328/1328
f 1331/1331/1331 1334/1334/1334 1333/1333/1333
f 1332/1332/1332 1328/1328/1328 1335/1335/1335
f 1328/1328/1328 1333/1333/1333 1335/1335/1335
f 1332/1332/1332 1335/1335/1335 1336/1336/1336
f 1335/1335/1335 1337/1337/1337 1336/1336/1336
f 1334/1334/1334 1338/1338/1338 1333/1333/1333
f 1333/1333/1333 1338/1338/1338 1335/1335/1335
f 1338/1338/1338 1334/1334/1334 1339/1339/1339
f 1335/1335/1335 1340/1340/1340 1337/1337/1337
f 1338/1338/1338 1340/1340/1340 1335/1335/1335
f 1340/1340/1340 1341/1341/1341 1337/1337/1337
f 1342/1342/1342 1338/1338/1338 1339/1339/1339
f 1338/1338/1338 1342/1342/1342 1340/1340/1340
f 1342/1342/1342 1339/1339/1339 1343/1343/1343
f 1344/1344/1344 1343/1343/1343 1341/1341/1341
f 1340/1340/1340 1344/1344/1344 1341/1341/1341
f 1344/1344/1344 1342/1342/1342 1343/1343/1343
f 1342/1342/1342 1344/1344/1344 1340/1340/1340
f 1347/1347/1347 1346/1346/1346 1345/1345/1345
f 1348/1348/1348 1347/1347/1347 1345/1345/1345
f 1348/1348/1348 1345/1345/1345 1349/1349/1349
f 1345/1345/1345 1350/1350/1350 1349/1349/1349
f 1349/1349/1349 1350/1350/1350 1351/1351/1351
f 1350/1350/1350 1352/1352/1352 1351/1351/1351
f 1351/1351/1351 1352/1352/1352 1353/1353/1353
f 1352/1352/1352 1354/1354/1354 1353/1353/1353
f 1353/1353/1353 1354/1354/1354 1355/1355/1355
f 1354/1354/1354 1356/1356/1356 1355/1355/1355
f 1355/1355/1355 1356/1356/1356 1357/1357/1357
f 1356/1356/1356 1358/1358/1358 1357/1357/1357
f 1357/1357/1357 1358/1358/1358 1359/1359/1359
f 1360/1360/1360 1357/1357/1357 1359/1359/1359
f 1360/1360/1360 1359/1359/1359 1361/1361/1361
f 1362/1362/1362 1360/1360/1360 1361/1361/1361
f 1362/1362/1362 1361/1361/1361 1363/1363/1363
f 1364/1364/1364 1362/1362/1362 1363/1363/1363
f 1365/1365/1365 1364/1364/1364 1363/1363/1363
f 1366/1366/1366 1365/1365/1365 1363/1363/1363
f 1366/1366/1366 1367/1367/1367 1365/1365/1365
f 1367/1367/1367 1368/1368/1368 1365/1365/1365
f 1367/1367/1367 1369/1369/1369 1368/1368/1368
f 1369/1369/1369 1370/1370/1370 1368/1368/1368
f 1370/1370/1370 1369/1369/1369 1371/1371/1371
f 1369/1369/1369 1372/1372/1372 1371/1371/1371
f 1371/1371/1371 1372/1372/1372 1373/1373/1373
f 1372/1372/1372 1374/1374/1374 1373/1373/1373
f 1373/1373/1373 1374/1374/1374 1375/1375/1375
f 1374/1374/1374 1376/1376/1376 1375/1375/1375
f 1375/1375/1375 1376/1376/1376 1377/1377/1377
f 1376/1376/1376 1378/1378/1378 1377/1377/1377
f 1377/1377/1377 1378/1378/1378 1379/1379/1379
f 1378/1378/1378 1380/1380/1380 1379/1379/1379
f 1380/1380/1380 1381/1381/1381 1379/1379/1379
f 1381/1381/1381 1382/1382/1382 1379/1379/1379
f 1385/1385/1385 1384/1384/1384 1383/1383/1383
f 1386/1386/1386 1385/1385/1385 1383/1383/1383
f 1387/1387/1387 1385/1385/1385 1386/1386/1386
f 1387/1387/1387 1386/1386/1386 1388/1388/1388
f 1389/1389/1389 1387/1387/1387 1388/1388/1388
f 1390/1390/1390 1389/1389/1389 1388/1388/1388
f 1390/1390/1390 1388/1388/1388 1391/1391/1391
f 1392/1392/1392 1390/1390/1390 1391/1391/1391
f 1393/1393/1393 1392/1392/1392 1391/1391/1391
f 1393/1393/1393 1391/1391/1391 1394/1394/1394
f 1393/1393/1393 1394/1394/1394 1395/1395/1395
f 1396/1396/1396 1395/1395/1395 1394/1394/1394
f 1396/1396/1396 1394/1394/1394 1397/1397/1397
f 1398/1398/1398 1396/1396/1396 1397/1397/1397
f 1399/1399/1399 1398/1398/1398 1397/1397/1397
f 1399/1399/1399 1397/1397/1397 1400/1400/1400
f 1401/1401/1401 1399/1399/1399 1400/1400/1400
f 1402/1402/1402 1401/1401/1401 1400/1400/1400
f 1402/1402/1402 1400/1400/1400 1403/1403/1403
f 1402/1402/1402 1403/1403/1403 1404/1404/1404
f 1405/1405/1405 1404/1404/1404 1403/1403/1403
f 1405/1405/1405 1403/1403/1403 1406/1406/1406
f 1407/1407/1407 1405/1405/1405 1406/1406/1406
f 1408/1408/1408 1407/1407/1407 1406/1406/1406
f 1408/1408/1408 1406/1406/1406 1409/1409/1409
f 1410/1410/1410 1408/1408/1408 1409/1409/1409
f 1411/1411/1411 1410/1410/1410 1409/1409/1409
f 1411/1411/1411 1409/1409/1409 1412/1412/1412
f 1411/1411/1411 1412/1412/1412 1413/1413/1413
f 1414/1414/1414 1413/1413/1413 1412/1412/1412
f 1414/1414/1414 1412/1412/1412 1415/1415/1415
f 1416/1416/1416 1414/1414/1414 1415/1415/1415
f 1417/1417/1417 1416/1416/1416 1415/1415/1415
f 1417/1417/1417 1415/1415/1415 1418/1418/1418
f 1419/1419/1419 1417/1417/1417 1418/1418/1418
f 1420/1420/1420 1419/1419/1419 1418/1418/1418
f 1420/1420/1420 1418/1418/1418 1421/1421/1421
f 1420/1420/1420 1421/1421/1421 1422/1422/1422
f 1423/1423/1423 1422/1422/1422 1421/1421/1421
f 1424/1424/1424 1423/1423/1423 1421/1421/1421
f 1427/1427/1427 1426/1426/1426 1425/1425/1425
f 1428/1428/1428 1427/1427/1427 1425/1425/1425
f 1429/1429/1429 1427/1427/1427 1428/1428/1428
f 1429/1429/1429 1428/1428/1428 1430/1430/1430
f 1431/1431/1431 1429/1429/1429 1430/1430/1430
f 1432/1432/1432 1431/1431/1431 1430/1430/1430
f 1432/1432/1432 1430/1430/1430 1433/1433/1433
f 1434/1434/1434 1432/1432/1432 1433/1433/1433
f 1435/1435/1435 1434/1434/1434 1433/1433/1433
f 1435/1435/1435 1433/1433/1433 1436/1436/1436
f 1437/1437/1437 1435/1435/1435 1436/1436/1436
f 1438/1438/1438 1437/1437/1437 1436/1436/1436
f 1438/1438/1438 1436/1436/1436 1439/1439/1439
f 1440/1440/1440 1438/1438/1438 1439/1439/1439
f 1441/1441/1441 1440/1440/1440 1439/1439/1439
f 1441/1441/1441 1439/1439/1439 1442/1442/1442
f 1443/1443/1443 1441/1441/1441 1442/1442/1442
f 1443/1443/1443 1442/1442/1442 1444/1444/1444
f 1445/1445/1445 1443/1443/1443 1444/1444/1444
f 1445/1445/1445 1444/1444/1444 1446/1446/1446
f 1445/1445/1445 1446/1446/1446 1447/1447/1447
f 1448/1448/1448 1447/1447/1447 1446/1446/1446
f 1448/1448/1448 1446/1446/1446 1449/1449/1449
f 1450/1450/1450 1448/1448/1448 1449/1449/1449
f 1451/1451/1451 1450/1450/1450 1449/1449/1449
f 1451/1451/1451 1452/1452/1452 1450/1450/1450
f 1451/1451/1451 1453/1453/1453 1452/1452/1452
f 1453/1453/1453 1454/1454/1454 1452/1452/1452
f 1453/1453/1453 1455/1455/1455 1454/1454/1454
f 1453/1453/1453 1456/1456/1456 1455/1455/1455
f 1456/1456/1456 1457/1457/1457 1455/1455/1455
f 1458/1458/1458 1457/1457/1457 1456/1456/1456
f 1458/1458/1458 1456/1456/1456 1459/1459/1459
f 1460/1460/1460 1458/1458/1458 1459/1459/1459
f 1461/1461/1461 1460/1460/1460 1459/1459/1459
f 1461/1461/1461 1459/1459/1459 1462/1462/1462
f 1463/1463/1463 1461/1461/1461 1462/1462/1462
f 1464/1464/1464 1463/1463/1463 1462/1462/1462
f 1464/1464/1464 1462/1462/1462 1465/1465/1465
f 1466/1466/1466 1464/1464/1464 1465/1465/1465
f 1467/1467/1467 1466/1466/1466 1465/1465/1465
f 1468/1468/1468 1467/1467/1467 1465/1465/1465
f 1471/1471/1471 1470/1470/1470 1469/1469/1469
f 1472/1472/1472 1471/1471/1471 1469/1469/1469
f 1472/1472/1472 1473/1473/1473 1471/1471/1471
f 1473/1473/1473 1474/1474/1474 1471/1471/1471
f 1477/1477/1477 1476/1476/1476 1475/1475/1475
f 1478/1478/1478 1477/1477/1477 1475/1475/1475
f 1478/1478/1478 1475/1475/1475 1479/1479/1479
f 1475/1475/1475 1480/1480/1480 1479/1479/1479
f 1483/1483/1483 1482/1482/1482 1481/1481/1481
f 1484/1484/1484 1483/1483/1483 1481/1481/1481
f 1483/1483/1483 1484/1484/1484 1485/1485/1485
f 1484/1484/1484 1481/1481/1481 1486/1486/1486
f 1484/1484/1484 1487/1487/1487 1485/1485/1485
f 1488/1488/1488 1485/1485/1485 1487/1487/1487
f 1489/1489/1489 1484/1484/1484 1486/1486/1486
f 1484/1484/1484 1489/1489/1489 1487/1487/1487
f 1490/1490/1490 1488/1488/1488 1487/1487/1487
f 1488/1488/1488 1490/1490/1490 1491/1491/1491
f 1489/1489/1489 1492/1492/1492 1487/1487/1487
f 1490/1490/1490 1487/1487/1487 1492/1492/1492
f 1490/1490/1490 1493/1493/1493 1491/1491/1491
f 1491/1491/1491 1493/1493/1493 1494/1494/1494
f 1495/1495/1495 1490/1490/1490 1492/1492/1492
f 1490/1490/1490 1495/1495/1495 1493/1493/1493
f 1493/1493/1493 1496/1496/1496 1494/1494/1494
f 1497/1497/1497 1494/1494/1494 1496/1496/1496
f 1495/1495/1495 1498/1498/1498 1493/1493/1493
f 1493/1493/1493 1498/1498/1498 1496/1496/1496
f 1499/1499/1499 1497/1497/1497 1496/1496/1496
f 1497/1497/1497 1499/1499/1499 1500/1500/1500
f 1498/1498/1498 1501/1501/1501 1496/1496/1496
f 1499/1499/1499 1496/1496/1496 1501/1501/1501
f 1499/1499/1499 1502/1502/1502 1500/1500/1500
f 1500/1500/1500 1502/1502/1502 1503/1503/1503
f 1504/1504/1504 1499/1499/1499 1501/1501/1501
f 1499/1499/1499 1504/1504/1504 1502/1502/1502
f 1502/1502/1502 1505/1505/1505 1503/1503/1503
f 1506/1506/1506 1503/1503/1503 1505/1505/1505
f 1504/1504/1504 1507/1507/1507 1502/1502/1502
f 1502/1502/1502 1507/1507/1507 1505/1505/1505
f 1508/1508/1508 1506/1506/1506 1505/1505/1505
f 1506/1506/1506 1508/1508/1508 1509/1509/1509
f 1507/1507/1507 1510/1510/1510 1505/1505/1505
f 1508/1508/1508 1505/1505/1505 1510/1510/1510
f 1508/1508/1508 1511/1511/1511 1509/1509/1509
f 1509/1509/1509 1511/1511/1511 1512/1512/1512
f 1513/1513/1513 1508/1508/1508 1510/1510/1510
f 1508/1508/1508 1513/1513/1513 1511/1511/1511
f 1511/1511/1511 1514/1514/1514 1512/1512/1512
f 1513/1513/1513 1515/1515/1515 1511/1511/1511
f 1511/1511/1511 1515/1515/1515 1514/1514/1514
f 1514/1514/1514 1516/1516/1516 1512/1512/1512
f 1516/1516/1516 1517/1517/1517 1512/1512/1512
f 1517/1517/1517 1516/1516/1516 1518/1518/1518
f 1519/1519/1519 1517/1517/1517 1518/1518/1518
f 1518/1518/1518 1516/1516/1516 1520/1520/1520
f 1514/1514/1514 1521/1521/1521 1516/1516/1516
f 1515/1515/1515 1521/1521/1521 1514/1514/1514
f 1516/1516/1516 1522/1522/1522 1520/1520/1520
f 1521/1521/1521 1522/1522/1522 1516/1516/1516
f 1520/1520/1520 1522/1522/1522 1523/1523/1523
f 1522/1522/1522 1524/1524/1524 1523/1523/1523
f 1525/1525/1525 1524/1524/1524 1522/1522/1522
f 1526/1526/1526 1525/1525/1525 1522/1522/1522
f 1521/1521/1521 1526/1526/1526 1522/1522/1522
f 1521/1521/1521 1527/1527/1527 1526/1526/1526
f 1528/1528/1528 1527/1527/1527 1521/1521/1521
f 1515/1515/1515 1528/1528/1528 1521/1521/1521
f 1515/1515/1515 1529/1529/1529 1528/1528/1528
f 1530/1530/1530 1529/1529/1529 1515/1515/1515
f 1513/1513/1513 1530/1530/1530 1515/1515/1515
f 1513/1513/1513 1531/1531/1531 1530/1530/1530
f 1513/1513/1513 1532/1532/1532 1531/1531/1531
f 1513/1513/1513 1510/1510/1510 1532/1532/1532
f 1510/1510/1510 1533/1533/1533 1532/1532/1532
f 1534/1534/1534 1533/1533/1533 1510/1510/1510
f 1507/1507/1507 1534/1534/1534 1510/1510/1510
f 1507/1507/1507 1535/1535/1535 1534/1534/1534
f 1536/1536/1536 1535/1535/1535 1507/1507/1507
f 1504/1504/1504 1536/1536/1536 1507/1507/1507
f 1504/1504/1504 1537/1537/1537 1536/1536/1536
f 1504/1504/1504 1538/1538/1538 1537/1537/1537
f 1504/1504/1504 1501/1501/1501 1538/1538/1538
f 1501/1501/1501 1539/1539/1539 1538/1538/1538
f 1540/1540/1540 1539/1539/1539 1501/1501/1501
f 1498/1498/1498 1540/1540/1540 1501/1501/1501
f 1498/1498/1498 1541/1541/1541 1540/1540/1540
f 1542/1542/1542 1541/1541/1541 1498/1498/1498
f 1495/1495/1495 1542/1542/1542 1498/1498/1498
f 1495/1495/1495 1543/1543/1543 1542/1542/1542
f 1495/1495/1495 1544/1544/1544 1543/1543/1543
f 1495/1495/1495 1492/1492/1492 1544/1544/1544
f 1492/1492/1492 1545/1545/1545 1544/1544/1544
f 1546/1546/1546 1545/1545/1545 1492/1492/1492
f 1489/1489/1489 1546/1546/1546 1492/1492/1492
f 1489/1489/1489 1547/1547/1547 1546/1546/1546
f 1489/1489/1489 1548/1548/1548 1547/1547/1547
f 1489/1489/1489 1486/1486/1486 1548/1548/1548
f 1486/1486/1486 1549/1549/1549 1548/1548/1548
f 1486/1486/1486 1550/1550/1550 1549/1549/1549
f 1550/1550/1550 1486/1486/1486 1551/1551/1551
f 1554/1554/1554 1553/1553/1553 1552/1552/1552
f 1553/1553/1553 1555/1555/1555 1552/1552/1552
f 1552/1552/1552 1555/1555/1555 1556/1556/1556
f 1555/1555/1555 1553/1553/1553 1557/1557/1557
f 1555/1555/1555 1558/1558/1558 1556/1556/1556
f 1556/1556/1556 1558/1558/1558 1559/1559/1559
f 1558/1558/1558 1560/1560/1560 1559/1559/1559
f 1561/1561/1561 1560/1560/1560 1558/1558/1558
f 1562/1562/1562 1561/1561/1561 1558/1558/1558
f 1563/1563/1563 1562/1562/1562 1558/1558/1558
f 1563/1563/1563 1558/1558/1558 1555/1555/1555
f 1563/1563/1563 1564/1564/1564 1562/1562/1562
f 1565/1565/1565 1564/1564/1564 1563/1563/1563
f 1566/1566/1566 1555/1555/1555 1557/1557/1557
f 1566/1566/1566 1563/1563/1563 1555/1555/1555
f 1567/1567/1567 1565/1565/1565 1563/1563/1563
f 1567/1567/1567 1563/1563/1563 1566/1566/1566
f 1567/1567/1567 1568/1568/1568 1565/1565/1565
f 1569/1569/1569 1568/1568/1568 1567/1567/1567
f 1570/1570/1570 1566/1566/1566 1557/1557/1557
f 1570/1570/1570 1567/1567/1567 1566/1566/1566
f 1571/1571/1571 1570/1570/1570 1557/1557/1557
f 1572/1572/1572 1569/1569/1569 1567/1567/1567
f 1572/1572/1572 1567/1567/1567 1570/1570/1570
f 1572/1572/1572 1573/1573/1573 1569/1569/1569
f 1574/1574/1574 1573/1573/1573 1572/1572/1572
f 1575/1575/1575 1570/1570/1570 1571/1571/1571
f 1575/1575/1575 1572/1572/1572 1570/1570/1570
f 1576/1576/1576 1575/1575/1575 1571/1571/1571
f 1574/1574/1574 1572/1572/1572 1577/1577/1577
f 1572/1572/1572 1575/1575/1575 1577/1577/1577
f 1574/1574/1574 1577/1577/1577 1578/1578/1578
f 1579/1579/1579 1578/1578/1578 1577/1577/1577
f 1575/1575/1575 1576/1576/1576 1580/1580/1580
f 1575/1575/1575 1580/1580/1580 1577/1577/1577
f 1576/1576/1576 1581/1581/1581 1580/1580/1580
f 1579/1579/1579 1577/1577/1577 1582/1582/1582
f 1577/1577/1577 1580/1580/1580 1582/1582/1582
f 1579/1579/1579 1582/1582/1582 1583/1583/1583
f 1584/1584/1584 1583/1583/1583 1582/1582/1582
f 1580/1580/1580 1581/1581/1581 1585/1585/1585
f 1580/1580/1580 1585/1585/1585 1582/1582/1582
f 1581/1581/1581 1586/1586/1586 1585/1585/1585
f 1587/1587/1587 1584/1584/1584 1582/1582/1582
f 1587/1587/1587 1582/1582/1582 1585/1585/1585
f 1587/1587/1587 1588/1588/1588 1584/1584/1584
f 1587/1587/1587 1589/1589/1589 1588/1588/1588
f 1590/1590/1590 1585/1585/1585 1586/1586/1586
f 1590/1590/1590 1587/1587/1587 1585/1585/1585
f 1591/1591/1591 1590/1590/1590 1586/1586/1586
f 1587/1587/1587 1592/1592/1592 1589/1589/1589
f 1587/1587/1587 1590/1590/1590 1592/1592/1592
f 1592/1592/1592 1593/1593/1593 1589/1589/1589
f 1594/1594/1594 1593/1593/1593 1592/1592/1592
f 1590/1590/1590 1591/1591/1591 1595/1595/1595
f 1590/1590/1590 1595/1595/1595 1592/1592/1592
f 1591/1591/1591 1596/1596/1596 1595/1595/1595
f 1597/1597/1597 1594/1594/1594 1592/1592/1592
f 1597/1597/1597 1592/1592/1592 1595/1595/1595
f 1597/1597/1597 1598/1598/1598 1594/1594/1594
f 1599/1599/1599 1598/1598/1598 1597/1597/1597
f 1600/1600/1600 1595/1595/1595 1596/1596/1596
f 1600/1600/1600 1597/1597/1597 1595/1595/1595
f 1601/1601/1601 1600/1600/1600 1596/1596/1596
f 1602/1602/1602 1599/1599/1599 1597/1597/1597
f 1602/1602/1602 1597/1597/1597 1600/1600/1600
f 1602/1602/1602 1603/1603/1603 1599/1599/1599
f 1604/1604/1604 1603/1603/1603 1602/1602/1602
f 1605/1605/1605 1600/1600/1600 1601/1601/1601
f 1605/1605/1605 1602/1602/1602 1600/1600/1600
f 1606/1606/1606 1605/1605/1605 1601/1601/1601
f 1607/1607/1607 1604/1604/1604 1602/1602/1602
f 1607/1607/1607 1602/1602/1602 1605/1605/1605
f 1607/1607/1607 1608/1608/1608 1604/1604/1604
f 1609/1609/1609 1608/1608/1608 1607/1607/1607
f 1610/1610/1610 1605/1605/1605 1606/1606/1606
f 1610/1610/1610 1607/1607/1607 1605/1605/1605
f 1611/1611/1611 1610/1610/1610 1606/1606/1606
f 1612/1612/1612 1609/1609/1609 1607/1607/1607
f 1612/1612/1612 1607/1607/1607 1610/1610/1610
f 1612/1612/1612 1613/1613/1613 1609/1609/1609
f 1612/1612/1612 1614/1614/1614 1613/1613/1613
f 1615/1615/1615 1610/1610/1610 1611/1611/1611
f 1615/1615/1615 1612/1612/1612 1610/1610/1610
f 1616/1616/1616 1615/1615/1615 1611/1611/1611
f 1612/1612/1612 1617/1617/1617 1614/1614/1614
f 1612/1612/1612 1615/1615/1615 1617/1617/1617
f 1617/1617/1617 1618/1618/1618 1614/1614/1614
f 1617/1617/1617 1619/1619/1619 1618/1618/1618
f 1619/1619/1619 1617/1617/1617 1620/1620/1620
f 1615/1615/1615 1621/1621/1621 1617/1617/1617
f 1615/1615/1615 1616/1616/1616 1621/1621/1621
f 1616/1616/1616 1622/1622/1622 1621/1621/1621
f 1624/1624/1624 1047/1047/1047 1623/1623/1623
f 1046/1046/1046 1623/1623/1623 1047/1047/1047
f 1625/1625/1625 1624/1624/1624 1623/1623/1623
f 1624/1624/1624 1625/1625/1625 1626/1626/1626
f 1625/1625/1625 1627/1627/1627 1626/1626/1626
f 1628/1628/1628 1626/1626/1626 1627/1627/1627
f 1629/1629/1629 1628/1628/1628 1627/1627/1627
f 1628/1628/1628 1629/1629/1629 1630/1630/1630
f 1629/1629/1629 1631/1631/1631 1630/1630/1630
f 1632/1632/1632 1630/1630/1630 1631/1631/1631
f 1046/1046/1046 1633/1633/1633 1623/1623/1623
f 1046/1046/1046 1634/1634/1634 1633/1633/1633
f 1046/1046/1046 988/988/988 1634/1634/1634
f 981/981/981 1634/1634/1634 988/988/988
f 1634/1634/1634 981/981/981 1635/1635/1635
f 1633/1633/1633 1634/1634/1634 1635/1635/1635
f 1635/1635/1635 981/981/981 980/980/980
f 1633/1633/1633 1636/1636/1636 1623/1623/1623
f 1633/1633/1633 1635/1635/1635 1636/1636/1636
f 1635/1635/1635 980/980/980 1637/1637/1637
f 1635/1635/1635 1637/1637/1637 1636/1636/1636
f 980/980/980 982/982/982 1637/1637/1637
f 1623/1623/1623 1636/1636/1636 1638/1638/1638
f 1638/1638/1638 1636/1636/1636 1637/1637/1637
f 1625/1625/1625 1623/1623/1623 1638/1638/1638
f 1639/1639/1639 1637/1637/1637 982/982/982
f 1639/1639/1639 1638/1638/1638 1637/1637/1637
f 1640/1640/1640 1639/1639/1639 982/982/982
f 1640/1640/1640 982/982/982 967/967/967
f 1641/1641/1641 1640/1640/1640 967/967/967
f 1641/1641/1641 967/967/967 963/963/963
f 1641/1641/1641 963/963/963 1642/1642/1642
f 962/962/962 1642/1642/1642 963/963/963
f 1641/1641/1641 1643/1643/1643 1640/1640/1640
f 1643/1643/1643 1641/1641/1641 1642/1642/1642
f 1640/1640/1640 1644/1644/1644 1639/1639/1639
f 1643/1643/1643 1644/1644/1644 1640/1640/1640
f 1639/1639/1639 1645/1645/1645 1638/1638/1638
f 1644/1644/1644 1645/1645/1645 1639/1639/1639
f 1625/1625/1625 1638/1638/1638 1646/1646/1646
f 1645/1645/1645 1646/1646/1646 1638/1638/1638
f 962/962/962 1647/1647/1647 1642/1642/1642
f 1647/1647/1647 962/962/962 961/961/961
f 1643/1643/1643 1642/1642/1642 1648/1648/1648
f 1647/1647/1647 1648/1648/1648 1642/1642/1642
f 1647/1647/1647 961/961/961 1649/1649/1649
f 1647/1647/1647 1649/1649/1649 1648/1648/1648
f 961/961/961 966/966/966 1649/1649/1649
f 1644/1644/1644 1643/1643/1643 1650/1650/1650
f 1650/1650/1650 1643/1643/1643 1648/1648/1648
f 1625/1625/1625 1646/1646/1646 1651/1651/1651
f 1625/1625/1625 1651/1651/1651 1627/1627/1627
f 1646/1646/1646 1645/1645/1645 1652/1652/1652
f 1651/1651/1651 1646/1646/1646 1652/1652/1652
f 1645/1645/1645 1644/1644/1644 1653/1653/1653
f 1653/1653/1653 1644/1644/1644 1650/1650/1650
f 1652/1652/1652 1645/1645/1645 1653/1653/1653
f 1651/1651/1651 1654/1654/1654 1627/1627/1627
f 1651/1651/1651 1652/1652/1652 1654/1654/1654
f 1652/1652/1652 1653/1653/1653 1655/1655/1655
f 1652/1652/1652 1655/1655/1655 1654/1654/1654
f 1627/1627/1627 1654/1654/1654 1656/1656/1656
f 1656/1656/1656 1654/1654/1654 1655/1655/1655
f 1629/1629/1629 1627/1627/1627 1656/1656/1656
f 1653/1653/1653 1650/1650/1650 1657/1657/1657
f 1653/1653/1653 1657/1657/1657 1655/1655/1655
f 1650/1650/1650 1648/1648/1648 1658/1658/1658
f 1650/1650/1650 1658/1658/1658 1657/1657/1657
f 1659/1659/1659 1655/1655/1655 1657/1657/1657
f 1659/1659/1659 1656/1656/1656 1655/1655/1655
f 1648/1648/1648 1660/1660/1660 1658/1658/1658
f 1649/1649/1649 1660/1660/1660 1648/1648/1648
f 1661/1661/1661 1657/1657/1657 1658/1658/1658
f 1661/1661/1661 1659/1659/1659 1657/1657/1657
f 1662/1662/1662 1658/1658/1658 1660/1660/1660
f 1662/1662/1662 1661/1661/1661 1658/1658/1658
f 1663/1663/1663 1660/1660/1660 1649/1649/1649
f 1663/1663/1663 1662/1662/1662 1660/1660/1660
f 1664/1664/1664 1663/1663/1663 1649/1649/1649
f 1664/1664/1664 1649/1649/1649 966/966/966
f 1665/1665/1665 1664/1664/1664 966/966/966
f 1665/1665/1665 966/966/966 954/954/954
f 1666/1666/1666 1665/1665/1665 954/954/954
f 1666/1666/1666 954/954/954 952/952/952
f 1666/1666/1666 952/952/952 1667/1667/1667
f 1667/1667/1667 952/952/952 953/953/953
f 1666/1666/1666 1668/1668/1668 1665/1665/1665
f 1668/1668/1668 1666/1666/1666 1667/1667/1667
f 1669/1669/1669 1667/1667/1667 953/953/953
f 1668/1668/1668 1667/1667/1667 1669/1669/1669
f 1669/1669/1669 953/953/953 1670/1670/1670
f 1665/1665/1665 1671/1671/1671 1664/1664/1664
f 1668/1668/1668 1671/1671/1671 1665/1665/1665
f 1664/1664/1664 1672/1672/1672 1663/1663/1663
f 1671/1671/1671 1672/1672/1672 1664/1664/1664
f 1663/1663/1663 1673/1673/1673 1662/1662/1662
f 1672/1672/1672 1673/1673/1673 1663/1663/1663
f 1671/1671/1671 1668/1668/1668 1674/1674/1674
f 1674/1674/1674 1668/1668/1668 1669/1669/1669
f 1675/1675/1675 1669/1669/1669 1670/1670/1670
f 1675/1675/1675 1670/1670/1670 1676/1676/1676
f 1672/1672/1672 1671/1671/1671 1677/1677/1677
f 1677/1677/1677 1671/1671/1671 1674/1674/1674
f 1674/1674/1674 1669/1669/1669 1678/1678/1678
f 1669/1669/1669 1675/1675/1675 1678/1678/1678
f 1679/1679/1679 1675/1675/1675 1676/1676/1676
f 1679/1679/1679 1676/1676/1676 1680/1680/1680
f 1673/1673/1673 1681/1681/1681 1662/1662/1662
f 1662/1662/1662 1681/1681/1681 1661/1661/1661
f 1673/1673/1673 1672/1672/1672 1682/1682/1682
f 1682/1682/1682 1672/1672/1672 1677/1677/1677
f 1677/1677/1677 1674/1674/1674 1683/1683/1683
f 1674/1674/1674 1678/1678/1678 1683/1683/1683
f 1684/1684/1684 1678/1678/1678 1675/1675/1675
f 1679/1679/1679 1684/1684/1684 1675/1675/1675
f 1685/1685/1685 1679/1679/1679 1680/1680/1680
f 1685/1685/1685 1680/1680/1680 1686/1686/1686
f 1681/1681/1681 1687/1687/1687 1661/1661/1661
f 1661/1661/1661 1687/1687/1687 1659/1659/1659
f 1682/1682/1682 1677/1677/1677 1688/1688/1688
f 1677/1677/1677 1683/1683/1683 1688/1688/1688
f 1689/1689/1689 1683/1683/1683 1678/1678/1678
f 1684/1684/1684 1689/1689/1689 1678/1678/1678
f 1679/1679/1679 1690/1690/1690 1684/1684/1684
f 1679/1679/1679 1685/1685/1685 1690/1690/1690
f 1691/1691/1691 1685/1685/1685 1686/1686/1686
f 1691/1691/1691 1686/1686/1686 1692/1692/1692
f 1687/1687/1687 1693/1693/1693 1659/1659/1659
f 1659/1659/1659 1693/1693/1693 1656/1656/1656
f 1694/1694/1694 1688/1688/1688 1683/1683/1683
f 1689/1689/1689 1694/1694/1694 1683/1683/1683
f 1684/1684/1684 1695/1695/1695 1689/1689/1689
f 1684/1684/1684 1690/1690/1690 1695/1695/1695
f 1696/1696/1696 1690/1690/1690 1685/1685/1685
f 1696/1696/1696 1685/1685/1685 1691/1691/1691
f 1697/1697/1697 1691/1691/1691 1692/1692/1692
f 1697/1697/1697 1692/1692/1692 1698/1698/1698
f 1689/1689/1689 1699/1699/1699 1694/1694/1694
f 1689/1689/1689 1695/1695/1695 1699/1699/1699
f 1694/1694/1694 1700/1700/1700 1688/1688/1688
f 1694/1694/1694 1699/1699/1699 1700/1700/1700
f 1701/1701/1701 1695/1695/1695 1690/1690/1690
f 1701/1701/1701 1690/1690/1690 1696/1696/1696
f 1696/1696/1696 1691/1691/1691 1702/1702/1702
f 1691/1691/1691 1697/1697/1697 1702/1702/1702
f 1703/1703/1703 1697/1697/1697 1698/1698/1698
f 1703/1703/1703 1698/1698/1698 1704/1704/1704
f 1700/1700/1700 1705/1705/1705 1688/1688/1688
f 1682/1682/1682 1688/1688/1688 1705/1705/1705
f 1706/1706/1706 1682/1682/1682 1705/1705/1705
f 1706/1706/1706 1673/1673/1673 1682/1682/1682
f 1681/1681/1681 1673/1673/1673 1706/1706/1706
f 1706/1706/1706 1705/1705/1705 1707/1707/1707
f 1707/1707/1707 1705/1705/1705 1700/1700/1700
f 1708/1708/1708 1681/1681/1681 1706/1706/1706
f 1708/1708/1708 1706/1706/1706 1707/1707/1707
f 1687/1687/1687 1681/1681/1681 1708/1708/1708
f 1709/1709/1709 1687/1687/1687 1708/1708/1708
f 1693/1693/1693 1687/1687/1687 1709/1709/1709
f 1703/1703/1703 1710/1710/1710 1697/1697/1697
f 1710/1710/1710 1702/1702/1702 1697/1697/1697
f 1708/1708/1708 1707/1707/1707 1711/1711/1711
f 1709/1709/1709 1708/1708/1708 1711/1711/1711
f 1712/1712/1712 1707/1707/1707 1700/1700/1700
f 1713/1713/1713 1711/1711/1711 1707/1707/1707
f 1712/1712/1712 1713/1713/1713 1707/1707/1707
f 1712/1712/1712 1700/1700/1700 1714/1714/1714
f 1699/1699/1699 1714/1714/1714 1700/1700/1700
f 1715/1715/1715 1712/1712/1712 1714/1714/1714
f 1712/1712/1712 1715/1715/1715 1713/1713/1713
f 1716/1716/1716 1714/1714/1714 1699/1699/1699
f 1715/1715/1715 1714/1714/1714 1716/1716/1716
f 1716/1716/1716 1699/1699/1699 1717/1717/1717
f 1717/1717/1717 1699/1699/1699 1695/1695/1695
f 1717/1717/1717 1695/1695/1695 1701/1701/1701
f 1709/1709/1709 1711/1711/1711 1718/1718/1718
f 1713/1713/1713 1719/1719/1719 1711/1711/1711
f 1719/1719/1719 1718/1718/1718 1711/1711/1711
f 1715/1715/1715 1720/1720/1720 1713/1713/1713
f 1713/1713/1713 1720/1720/1720 1719/1719/1719
f 1721/1721/1721 1715/1715/1715 1716/1716/1716
f 1720/1720/1720 1715/1715/1715 1721/1721/1721
f 1722/1722/1722 1709/1709/1709 1718/1718/1718
f 1722/1722/1722 1693/1693/1693 1709/1709/1709
f 1693/1693/1693 1722/1722/1722 1723/1723/1723
f 1693/1693/1693 1723/1723/1723 1656/1656/1656
f 1629/1629/1629 1656/1656/1656 1723/1723/1723
f 1722/1722/1722 1724/1724/1724 1723/1723/1723
f 1629/1629/1629 1723/1723/1723 1724/1724/1724
f 1722/1722/1722 1718/1718/1718 1724/1724/1724
f 1629/1629/1629 1724/1724/1724 1631/1631/1631
f 1718/1718/1718 1725/1725/1725 1724/1724/1724
f 1724/1724/1724 1725/1725/1725 1631/1631/1631
f 1726/1726/1726 1725/1725/1725 1718/1718/1718
f 1726/1726/1726 1631/1631/1631 1725/1725/1725
f 1719/1719/1719 1726/1726/1726 1718/1718/1718
f 1720/1720/1720 1727/1727/1727 1719/1719/1719
f 1719/1719/1719 1727/1727/1727 1726/1726/1726
f 1726/1726/1726 1728/1728/1728 1631/1631/1631
f 1728/1728/1728 1632/1632/1632 1631/1631/1631
f 1728/1728/1728 1729/1729/1729 1632/1632/1632
f 1729/1729/1729 1730/1730/1730 1632/1632/1632
f 1731/1731/1731 1730/1730/1730 1729/1729/1729
f 1726/1726/1726 1732/1732/1732 1728/1728/1728
f 1727/1727/1727 1732/1732/1732 1726/1726/1726
f 1727/1727/1727 1720/1720/1720 1733/1733/1733
f 1733/1733/1733 1720/1720/1720 1721/1721/1721
f 1728/1728/1728 1732/1732/1732 1734/1734/1734
f 1728/1728/1728 1734/1734/1734 1729/1729/1729
f 1732/1732/1732 1727/1727/1727 1735/1735/1735
f 1734/1734/1734 1732/1732/1732 1735/1735/1735
f 1735/1735/1735 1727/1727/1727 1733/1733/1733
f 1734/1734/1734 1735/1735/1735 1736/1736/1736
f 1734/1734/1734 1736/1736/1736 1729/1729/1729
f 1735/1735/1735 1733/1733/1733 1737/1737/1737
f 1735/1735/1735 1737/1737/1737 1736/1736/1736
f 1733/1733/1733 1721/1721/1721 1738/1738/1738
f 1733/1733/1733 1738/1738/1738 1737/1737/1737
f 1739/1739/1739 1729/1729/1729 1736/1736/1736
f 1739/1739/1739 1736/1736/1736 1737/1737/1737
f 1740/1740/1740 1731/1731/1731 1729/1729/1729
f 1739/1739/1739 1740/1740/1740 1729/1729/1729
f 1740/1740/1740 1741/1741/1741 1731/1731/1731
f 1741/1741/1741 1742/1742/1742 1731/1731/1731
f 1743/1743/1743 1742/1742/1742 1741/1741/1741
f 1721/1721/1721 1744/1744/1744 1738/1738/1738
f 1721/1721/1721 1716/1716/1716 1744/1744/1744
f 1745/1745/1745 1737/1737/1737 1738/1738/1738
f 1745/1745/1745 1739/1739/1739 1737/1737/1737
f 1746/1746/1746 1745/1745/1745 1738/1738/1738
f 1746/1746/1746 1738/1738/1738 1744/1744/1744
f 1716/1716/1716 1747/1747/1747 1744/1744/1744
f 1716/1716/1716 1717/1717/1717 1747/1747/1747
f 1745/1745/1745 1748/1748/1748 1739/1739/1739
f 1746/1746/1746 1748/1748/1748 1745/1745/1745
f 1739/1739/1739 1749/1749/1749 1740/1740/1740
f 1748/1748/1748 1749/1749/1749 1739/1739/1739
f 1740/1740/1740 1749/1749/1749 1750/1750/1750
f 1750/1750/1750 1749/1749/1749 1748/1748/1748
f 1740/1740/1740 1750/1750/1750 1741/1741/1741
f 1751/1751/1751 1746/1746/1746 1744/1744/1744
f 1751/1751/1751 1744/1744/1744 1747/1747/1747
f 1717/1717/1717 1752/1752/1752 1747/1747/1747
f 1717/1717/1717 1701/1701/1701 1752/1752/1752
f 1746/1746/1746 1753/1753/1753 1748/1748/1748
f 1751/1751/1751 1753/1753/1753 1746/1746/1746
f 1750/1750/1750 1748/1748/1748 1754/1754/1754
f 1754/1754/1754 1748/1748/1748 1753/1753/1753
f 1755/1755/1755 1751/1751/1751 1747/1747/1747
f 1755/1755/1755 1747/1747/1747 1752/1752/1752
f 1701/1701/1701 1756/1756/1756 1752/1752/1752
f 1701/1701/1701 1696/1696/1696 1756/1756/1756
f 1696/1696/1696 1702/1702/1702 1756/1756/1756
f 1751/1751/1751 1757/1757/1757 1753/1753/1753
f 1755/1755/1755 1757/1757/1757 1751/1751/1751
f 1758/1758/1758 1752/1752/1752 1756/1756/1756
f 1758/1758/1758 1755/1755/1755 1752/1752/1752
f 1759/1759/1759 1756/1756/1756 1702/1702/1702
f 1759/1759/1759 1758/1758/1758 1756/1756/1756
f 1710/1710/1710 1759/1759/1759 1702/1702/1702
f 1758/1758/1758 1760/1760/1760 1755/1755/1755
f 1755/1755/1755 1760/1760/1760 1757/1757/1757
f 1761/1761/1761 1753/1753/1753 1757/1757/1757
f 1754/1754/1754 1753/1753/1753 1761/1761/1761
f 1759/1759/1759 1762/1762/1762 1758/1758/1758
f 1758/1758/1758 1762/1762/1762 1760/1760/1760
f 1710/1710/1710 1763/1763/1763 1759/1759/1759
f 1759/1759/1759 1763/1763/1763 1762/1762/1762
f 1764/1764/1764 1757/1757/1757 1760/1760/1760
f 1761/1761/1761 1757/1757/1757 1764/1764/1764
f 1765/1765/1765 1760/1760/1760 1762/1762/1762
f 1764/1764/1764 1760/1760/1760 1765/1765/1765
f 1710/1710/1710 1766/1766/1766 1763/1763/1763
f 1703/1703/1703 1766/1766/1766 1710/1710/1710
f 1767/1767/1767 1762/1762/1762 1763/1763/1763
f 1765/1765/1765 1762/1762/1762 1767/1767/1767
f 1703/1703/1703 1768/1768/1768 1766/1766/1766
f 1768/1768/1768 1703/1703/1703 1704/1704/1704
f 1768/1768/1768 1704/1704/1704 1769/1769/1769
f 1770/1770/1770 1763/1763/1763 1766/1766/1766
f 1767/1767/1767 1763/1763/1763 1770/1770/1770
f 1771/1771/1771 1768/1768/1768 1769/1769/1769
f 1771/1771/1771 1769/1769/1769 1772/1772/1772
f 1773/1773/1773 1766/1766/1766 1768/1768/1768
f 1770/1770/1770 1766/1766/1766 1773/1773/1773
f 1773/1773/1773 1768/1768/1768 1771/1771/1771
f 1772/1772/1772 1774/1774/1774 1771/1771/1771
f 1772/1772/1772 1775/1775/1775 1774/1774/1774
f 1773/1773/1773 1771/1771/1771 1776/1776/1776
f 1771/1771/1771 1774/1774/1774 1776/1776/1776
f 1770/1770/1770 1773/1773/1773 1777/1777/1777
f 1773/1773/1773 1776/1776/1776 1777/1777/1777
f 1767/1767/1767 1770/1770/1770 1778/1778/1778
f 1770/1770/1770 1777/1777/1777 1778/1778/1778
f 1779/1779/1779 1774/1774/1774 1775/1775/1775
f 1779/1779/1779 1775/1775/1775 1780/1780/1780
f 1781/1781/1781 1776/1776/1776 1774/1774/1774
f 1781/1781/1781 1774/1774/1774 1779/1779/1779
f 1782/1782/1782 1777/1777/1777 1776/1776/1776
f 1782/1782/1782 1776/1776/1776 1781/1781/1781
f 1783/1783/1783 1779/1779/1779 1780/1780/1780
f 1783/1783/1783 1780/1780/1780 1784/1784/1784
f 1784/1784/1784 1785/1785/1785 1783/1783/1783
f 1784/1784/1784 1786/1786/1786 1785/1785/1785
f 1786/1786/1786 1787/1787/1787 1785/1785/1785
f 1781/1781/1781 1779/1779/1779 1788/1788/1788
f 1779/1779/1779 1783/1783/1783 1788/1788/1788
f 1789/1789/1789 1778/1778/1778 1777/1777/1777
f 1789/1789/1789 1777/1777/1777 1782/1782/1782
f 1782/1782/1782 1781/1781/1781 1790/1790/1790
f 1781/1781/1781 1788/1788/1788 1790/1790/1790
f 1787/1787/1787 1791/1791/1791 1785/1785/1785
f 1787/1787/1787 1792/1792/1792 1791/1791/1791
f 1792/1792/1792 1793/1793/1793 1791/1791/1791
f 1792/1792/1792 1794/1794/1794 1793/1793/1793
f 1795/1795/1795 1791/1791/1791 1793/1793/1793
f 1795/1795/1795 1785/1785/1785 1791/1791/1791
f 1785/1785/1785 1795/1795/1795 1796/1796/1796
f 1794/1794/1794 1797/1797/1797 1793/1793/1793
f 1795/1795/1795 1793/1793/1793 1797/1797/1797
f 1794/1794/1794 1798/1798/1798 1797/1797/1797
f 1798/1798/1798 1799/1799/1799 1797/1797/1797
f 1799/1799/1799 1795/1795/1795 1797/1797/1797
f 1799/1799/1799 1798/1798/1798 1800/1800/1800
f 1799/1799/1799 1801/1801/1801 1795/1795/1795
f 1801/1801/1801 1799/1799/1799 1800/1800/1800
f 1796/1796/1796 1795/1795/1795 1801/1801/1801
f 1802/1802/1802 1801/1801/1801 1800/1800/1800
f 1802/1802/1802 1803/1803/1803 1801/1801/1801
f 1803/1803/1803 1802/1802/1802 1804/1804/1804
f 1805/1805/1805 1785/1785/1785 1796/1796/1796
f 1805/1805/1805 1783/1783/1783 1785/1785/1785
f 1805/1805/1805 1788/1788/1788 1783/1783/1783
f 1788/1788/1788 1805/1805/1805 1796/1796/1796
f 1806/1806/1806 1801/1801/1801 1803/1803/1803
f 1796/1796/1796 1801/1801/1801 1806/1806/1806
f 1803/1803/1803 1804/1804/1804 1807/1807/1807
f 1807/1807/1807 1804/1804/1804 1808/1808/1808
f 1806/1806/1806 1803/1803/1803 1809/1809/1809
f 1796/1796/1796 1806/1806/1806 1809/1809/1809
f 1807/1807/1807 1809/1809/1809 1803/1803/1803
f 1788/1788/1788 1796/1796/1796 1810/1810/1810
f 1810/1810/1810 1796/1796/1796 1809/1809/1809
f 1788/1788/1788 1810/1810/1810 1790/1790/1790
f 1810/1810/1810 1809/1809/1809 1790/1790/1790
f 1807/1807/1807 1808/1808/1808 1811/1811/1811
f 1811/1811/1811 1808/1808/1808 1812/1812/1812
f 1813/1813/1813 1809/1809/1809 1807/1807/1807
f 1813/1813/1813 1790/1790/1790 1809/1809/1809
f 1813/1813/1813 1807/1807/1807 1811/1811/1811
f 1811/1811/1811 1812/1812/1812 1814/1814/1814
f 1814/1814/1814 1812/1812/1812 1815/1815/1815
f 1813/1813/1813 1816/1816/1816 1790/1790/1790
f 1782/1782/1782 1790/1790/1790 1816/1816/1816
f 1789/1789/1789 1782/1782/1782 1816/1816/1816
f 1813/1813/1813 1811/1811/1811 1817/1817/1817
f 1816/1816/1816 1813/1813/1813 1817/1817/1817
f 1817/1817/1817 1811/1811/1811 1814/1814/1814
f 1814/1814/1814 1815/1815/1815 1818/1818/1818
f 1819/1819/1819 1818/1818/1818 1815/1815/1815
f 1789/1789/1789 1816/1816/1816 1820/1820/1820
f 1816/1816/1816 1817/1817/1817 1820/1820/1820
f 1821/1821/1821 1817/1817/1817 1814/1814/1814
f 1821/1821/1821 1814/1814/1814 1818/1818/1818
f 1821/1821/1821 1820/1820/1820 1817/1817/1817
f 1819/1819/1819 1822/1822/1822 1818/1818/1818
f 1823/1823/1823 1822/1822/1822 1819/1819/1819
f 1824/1824/1824 1789/1789/1789 1820/1820/1820
f 1824/1824/1824 1778/1778/1778 1789/1789/1789
f 1825/1825/1825 1821/1821/1821 1818/1818/1818
f 1825/1825/1825 1818/1818/1818 1822/1822/1822
f 1821/1821/1821 1826/1826/1826 1820/1820/1820
f 1824/1824/1824 1820/1820/1820 1826/1826/1826
f 1825/1825/1825 1826/1826/1826 1821/1821/1821
f 1823/1823/1823 1827/1827/1827 1822/1822/1822
f 1828/1828/1828 1827/1827/1827 1823/1823/1823
f 1824/1824/1824 1829/1829/1829 1778/1778/1778
f 1767/1767/1767 1778/1778/1778 1829/1829/1829
f 1765/1765/1765 1767/1767/1767 1829/1829/1829
f 1824/1824/1824 1826/1826/1826 1830/1830/1830
f 1824/1824/1824 1830/1830/1830 1829/1829/1829
f 1765/1765/1765 1829/1829/1829 1831/1831/1831
f 1830/1830/1830 1831/1831/1831 1829/1829/1829
f 1764/1764/1764 1765/1765/1765 1831/1831/1831
f 1832/1832/1832 1825/1825/1825 1822/1822/1822
f 1832/1832/1832 1822/1822/1822 1827/1827/1827
f 1825/1825/1825 1833/1833/1833 1826/1826/1826
f 1830/1830/1830 1826/1826/1826 1833/1833/1833
f 1832/1832/1832 1833/1833/1833 1825/1825/1825
f 1828/1828/1828 1834/1834/1834 1827/1827/1827
f 1834/1834/1834 1828/1828/1828 1835/1835/1835
f 1836/1836/1836 1834/1834/1834 1835/1835/1835
f 1830/1830/1830 1837/1837/1837 1831/1831/1831
f 1830/1830/1830 1833/1833/1833 1837/1837/1837
f 1764/1764/1764 1831/1831/1831 1838/1838/1838
f 1837/1837/1837 1838/1838/1838 1831/1831/1831
f 1761/1761/1761 1764/1764/1764 1838/1838/1838
f 1832/1832/1832 1839/1839/1839 1833/1833/1833
f 1837/1837/1837 1833/1833/1833 1839/1839/1839
f 1840/1840/1840 1832/1832/1832 1827/1827/1827
f 1840/1840/1840 1827/1827/1827 1834/1834/1834
f 1840/1840/1840 1839/1839/1839 1832/1832/1832
f 1841/1841/1841 1834/1834/1834 1836/1836/1836
f 1841/1841/1841 1840/1840/1840 1834/1834/1834
f 1743/1743/1743 1841/1841/1841 1836/1836/1836
f 1841/1841/1841 1743/1743/1743 1741/1741/1741
f 1837/1837/1837 1842/1842/1842 1838/1838/1838
f 1837/1837/1837 1839/1839/1839 1842/1842/1842
f 1761/1761/1761 1838/1838/1838 1843/1843/1843
f 1842/1842/1842 1843/1843/1843 1838/1838/1838
f 1754/1754/1754 1761/1761/1761 1843/1843/1843
f 1840/1840/1840 1844/1844/1844 1839/1839/1839
f 1841/1841/1841 1844/1844/1844 1840/1840/1840
f 1842/1842/1842 1839/1839/1839 1844/1844/1844
f 1845/1845/1845 1844/1844/1844 1841/1841/1841
f 1842/1842/1842 1844/1844/1844 1845/1845/1845
f 1845/1845/1845 1841/1841/1841 1741/1741/1741
f 1842/1842/1842 1845/1845/1845 1843/1843/1843
f 1754/1754/1754 1843/1843/1843 1846/1846/1846
f 1845/1845/1845 1846/1846/1846 1843/1843/1843
f 1845/1845/1845 1741/1741/1741 1846/1846/1846
f 1750/1750/1750 1754/1754/1754 1846/1846/1846
f 1750/1750/1750 1846/1846/1846 1741/1741/1741
f 1849/1849/1849 1848/1848/1848 1847/1847/1847
f 1849/1849/1849 1850/1850/1850 1848/1848/1848
f 1851/1851/1851 1849/1849/1849 1847/1847/1847
f 1849/1849/1849 1852/1852/1852 1850/1850/1850
f 1853/1853/1853 1851/1851/1851 1847/1847/1847
f 1853/1853/1853 1854/1854/1854 1851/1851/1851
f 1853/1853/1853 1855/1855/1855 1854/1854/1854
f 1855/1855/1855 1856/1856/1856 1854/1854/1854
f 1855/1855/1855 1857/1857/1857 1856/1856/1856
f 1857/1857/1857 1858/1858/1858 1856/1856/1856
f 1857/1857/1857 1859/1859/1859 1858/1858/1858
f 1859/1859/1859 1860/1860/1860 1858/1858/1858
f 1859/1859/1859 1861/1861/1861 1860/1860/1860
f 1861/1861/1861 1862/1862/1862 1860/1860/1860
f 1861/1861/1861 1863/1863/1863 1862/1862/1862
f 1863/1863/1863 1864/1864/1864 1862/1862/1862
f 1863/1863/1863 1865/1865/1865 1864/1864/1864
f 1865/1865/1865 1866/1866/1866 1864/1864/1864
f 1865/1865/1865 1867/1867/1867 1866/1866/1866
f 1867/1867/1867 1868/1868/1868 1866/1866/1866
f 1867/1867/1867 1869/1869/1869 1868/1868/1868
f 1869/1869/1869 1870/1870/1870 1868/1868/1868
f 1869/1869/1869 1871/1871/1871 1870/1870/1870
f 1871/1871/1871 1872/1872/1872 1870/1870/1870
f 1871/1871/1871 1873/1873/1873 1872/1872/1872
f 1873/1873/1873 1874/1874/1874 1872/1872/1872
f 1873/1873/1873 1875/1875/1875 1874/1874/1874
f 1875/1875/1875 1876/1876/1876 1874/1874/1874
f 1875/1875/1875 1877/1877/1877 1876/1876/1876
f 1877/1877/1877 1878/1878/1878 1876/1876/1876
f 1877/1877/1877 1879/1879/1879 1878/1878/1878
f 1879/1879/1879 1880/1880/1880 1878/1878/1878
f 1879/1879/1879 1881/1881/1881 1880/1880/1880
f 1881/1881/1881 1882/1882/1882 1880/1880/1880
f 1881/1881/1881 1883/1883/1883 1882/1882/1882
f 1883/1883/1883 1884/1884/1884 1882/1882/1882
f 1883/1883/1883 1885/1885/1885 1884/1884/1884
f 1885/1885/1885 1886/1886/1886 1884/1884/1884
f 1885/1885/1885 1887/1887/1887 1886/1886/1886
f 1887/1887/1887 1888/1888/1888 1886/1886/1886
f 1887/1887/1887 1889/1889/1889 1888/1888/1888
f 1889/1889/1889 1890/1890/1890 1888/1888/1888
f 1889/1889/1889 1891/1891/1891 1890/1890/1890
f 1891/1891/1891 1892/1892/1892 1890/1890/1890
f 1891/1891/1891 1893/1893/1893 1892/1892/1892
f 1893/1893/1893 1894/1894/1894 1892/1892/1892
f 1893/1893/1893 1895/1895/1895 1894/1894/1894
f 1895/1895/1895 1896/1896/1896 1894/1894/1894
f 1895/1895/1895 1897/1897/1897 1896/1896/1896
f 1897/1897/1897 1898/1898/1898 1896/1896/1896
f 1897/1897/1897 1899/1899/1899 1898/1898/1898
f 1899/1899/1899 1900/1900/1900 1898/1898/1898
f 1899/1899/1899 1901/1901/1901 1900/1900/1900
f 1901/1901/1901 1902/1902/1902 1900/1900/1900
f 1901/1901/1901 1903/1903/1903 1902/1902/1902
f 1904/1904/1904 1903/1903/1903 1901/1901/1901
f 1904/1904/1904 1905/1905/1905 1903/1903/1903
f 1906/1906/1906 1905/1905/1905 1904/1904/1904
f 1906/1906/1906 1907/1907/1907 1905/1905/1905
f 1908/1908/1908 1905/1905/1905 1907/1907/1907
f 1909/1909/1909 1908/1908/1908 1907/1907/1907
f 1910/1910/1910 1908/1908/1908 1909/1909/1909
f 1910/1910/1910 1909/1909/1909 1911/1911/1911
f 1912/1912/1912 1910/1910/1910 1911/1911/1911
f 1912/1912/1912 1911/1911/1911 1913/1913/1913
f 1914/1914/1914 1912/1912/1912 1913/1913/1913
f 1914/1914/1914 1913/1913/1913 1915/1915/1915
f 1916/1916/1916 1914/1914/1914 1915/1915/1915
f 1916/1916/1916 1915/1915/1915 1917/1917/1917
f 1918/1918/1918 1916/1916/1916 1917/1917/1917
f 1918/1918/1918 1917/1917/1917 1919/1919/1919
f 1920/1920/1920 1918/1918/1918 1919/1919/1919
f 1920/1920/1920 1919/1919/1919 1921/1921/1921
f 1922/1922/1922 1920/1920/1920 1921/1921/1921
f 1922/1922/1922 1921/1921/1921 1923/1923/1923
f 1924/1924/1924 1922/1922/1922 1923/1923/1923
f 1924/1924/1924 1923/1923/1923 1925/1925/1925
f 1926/1926/1926 1924/1924/1924 1925/1925/1925
f 1926/1926/1926 1925/1925/1925 1927/1927/1927
f 1928/1928/1928 1926/1926/1926 1927/1927/1927
f 1928/1928/1928 1927/1927/1927 1929/1929/1929
f 1930/1930/1930 1928/1928/1928 1929/1929/1929
f 1930/1930/1930 1929/1929/1929 1931/1931/1931
f 1932/1932/1932 1930/1930/1930 1931/1931/1931
f 1932/1932/1932 1931/1931/1931 1933/1933/1933
f 1934/1934/1934 1932/1932/1932 1933/1933/1933
f 1934/1934/1934 1933/1933/1933 1935/1935/1935
f 1936/1936/1936 1934/1934/1934 1935/1935/1935
f 1936/1936/1936 1935/1935/1935 1937/1937/1937
f 1938/1938/1938 1936/1936/1936 1937/1937/1937
f 1938/1938/1938 1937/1937/1937 1939/1939/1939
f 1940/1940/1940 1938/1938/1938 1939/1939/1939
f 1940/1940/1940 1939/1939/1939 1941/1941/1941
f 1942/1942/1942 1940/1940/1940 1941/1941/1941
f 1942/1942/1942 1941/1941/1941 1943/1943/1943
f 1944/1944/1944 1942/1942/1942 1943/1943/1943
f 1944/1944/1944 1943/1943/1943 1945/1945/1945
f 1946/1946/1946 1944/1944/1944 1945/1945/1945
f 1946/1946/1946 1945/1945/1945 1947/1947/1947
f 1948/1948/1948 1946/1946/1946 1947/1947/1947
f 1948/1948/1948 1947/1947/1947 1949/1949/1949
f 1950/1950/1950 1948/1948/1948 1949/1949/1949
f 1950/1950/1950 1949/1949/1949 1951/1951/1951
f 1952/1952/1952 1950/1950/1950 1951/1951/1951
f 1952/1952/1952 1951/1951/1951 1953/1953/1953
f 1954/1954/1954 1952/1952/1952 1953/1953/1953
f 1954/1954/1954 1953/1953/1953 1955/1955/1955
f 1956/1956/1956 1954/1954/1954 1955/1955/1955
f 1956/1956/1956 1955/1955/1955 1957/1957/1957
f 1958/1958/1958 1956/1956/1956 1957/1957/1957
f 1852/1852/1852 1958/1958/1958 1957/1957/1957
f 1852/1852/1852 1957/1957/1957 1850/1850/1850
g body_header_back_1
f 1961/1961/1961 1960/1960/1960 1959/1959/1959
f 1962/1962/1962 1960/1960/1960 1961/1961/1961
f 1962/1962/1962 1961/1961/1961 1963/1963/1963
f 1964/1964/1964 1962/1962/1962 1963/1963/1963
f 1964/1964/1964 1963/1963/1963 1965/1965/1965
f 1962/1962/1962 1966/1966/1966 1960/1960/1960
f 1964/1964/1964 1967/1967/1967 1962/1962/1962
f 1967/1967/1967 1966/1966/1966 1962/1962/1962
f 1968/1968/1968 1964/1964/1964 1965/1965/1965
f 1968/1968/1968 1967/1967/1967 1964/1964/1964
f 1969/1969/1969 1960/1960/1960 1966/1966/1966
f 1970/1970/1970 1960/1960/1960 1969/1969/1969
f 1971/1971/1971 1966/1966/1966 1967/1967/1967
f 1971/1971/1971 1969/1969/1969 1966/1966/1966
f 1972/1972/1972 1970/1970/1970 1969/1969/1969
f 1972/1972/1972 1973/1973/1973 1970/1970/1970
f 1968/1968/1968 1965/1965/1965 1974/1974/1974
f 1965/1965/1965 1975/1975/1975 1974/1974/1974
f 1976/1976/1976 1967/1967/1967 1968/1968/1968
f 1976/1976/1976 1971/1971/1971 1967/1967/1967
f 1977/1977/1977 1969/1969/1969 1971/1971/1971
f 1977/1977/1977 1972/1972/1972 1969/1969/1969
f 1972/1972/1972 1978/1978/1978 1973/1973/1973
f 1978/1978/1978 1979/1979/1979 1973/1973/1973
f 1974/1974/1974 1980/1980/1980 1968/1968/1968
f 1980/1980/1980 1976/1976/1976 1968/1968/1968
f 1981/1981/1981 1974/1974/1974 1975/1975/1975
f 1981/1981/1981 1975/1975/1975 1982/1982/1982
f 1981/1981/1981 1982/1982/1982 1983/1983/1983
f 1984/1984/1984 1971/1971/1971 1976/1976/1976
f 1984/1984/1984 1977/1977/1977 1971/1971/1971
f 1977/1977/1977 1985/1985/1985 1972/1972/1972
f 1985/1985/1985 1978/1978/1978 1972/1972/1972
f 1978/1978/1978 1986/1986/1986 1979/1979/1979
f 1986/1986/1986 1987/1987/1987 1979/1979/1979
f 1980/1980/1980 1988/1988/1988 1976/1976/1976
f 1988/1988/1988 1984/1984/1984 1976/1976/1976
f 1984/1984/1984 1989/1989/1989 1977/1977/1977
f 1989/1989/1989 1985/1985/1985 1977/1977/1977
f 1985/1985/1985 1990/1990/1990 1978/1978/1978
f 1990/1990/1990 1986/1986/1986 1978/1978/1978
f 1986/1986/1986 1991/1991/1991 1987/1987/1987
f 1991/1991/1991 1992/1992/1992 1987/1987/1987
f 1993/1993/1993 1992/1992/1992 1991/1991/1991
f 1994/1994/1994 1991/1991/1991 1986/1986/1986
f 1990/1990/1990 1994/1994/1994 1986/1986/1986
f 1993/1993/1993 1991/1991/1991 1995/1995/1995
f 1991/1991/1991 1994/1994/1994 1995/1995/1995
f 1993/1993/1993 1995/1995/1995 1996/1996/1996
f 1997/1997/1997 1990/1990/1990 1985/1985/1985
f 1989/1989/1989 1997/1997/1997 1985/1985/1985
f 1998/1998/1998 1989/1989/1989 1984/1984/1984
f 1988/1988/1988 1998/1998/1998 1984/1984/1984
f 1999/1999/1999 1994/1994/1994 1990/1990/1990
f 1997/1997/1997 1999/1999/1999 1990/1990/1990
f 1994/1994/1994 2000/2000/2000 1995/1995/1995
f 1994/1994/1994 1999/1999/1999 2000/2000/2000
f 2000/2000/2000 2001/2001/2001 1995/1995/1995
f 2002/2002/2002 2001/2001/2001 2000/2000/2000
f 2003/2003/2003 2002/2002/2002 2000/2000/2000
f 1999/1999/1999 2003/2003/2003 2000/2000/2000
f 2004/2004/2004 2002/2002/2002 2003/2003/2003
f 2005/2005/2005 1997/1997/1997 1989/1989/1989
f 1998/1998/1998 2005/2005/2005 1989/1989/1989
f 2006/2006/2006 1999/1999/1999 1997/1997/1997
f 1999/1999/1999 2006/2006/2006 2003/2003/2003
f 2005/2005/2005 2006/2006/2006 1997/1997/1997
f 2007/2007/2007 2004/2004/2004 2003/2003/2003
f 2006/2006/2006 2007/2007/2007 2003/2003/2003
f 2004/2004/2004 2007/2007/2007 2008/2008/2008
f 2008/2008/2008 2007/2007/2007 2006/2006/2006
f 2009/2009/2009 2004/2004/2004 2008/2008/2008
f 2010/2010/2010 2006/2006/2006 2005/2005/2005
f 2010/2010/2010 2008/2008/2008 2006/2006/2006
f 2011/2011/2011 2005/2005/2005 1998/1998/1998
f 2011/2011/2011 2010/2010/2010 2005/2005/2005
f 2009/2009/2009 2008/2008/2008 2012/2012/2012
f 2013/2013/2013 2009/2009/2009 2012/2012/2012
f 2013/2013/2013 2012/2012/2012 2014/2014/2014
f 2010/2010/2010 2015/2015/2015 2008/2008/2008
f 2015/2015/2015 2012/2012/2012 2008/2008/2008
f 2015/2015/2015 2010/2010/2010 2011/2011/2011
f 2012/2012/2012 2016/2016/2016 2014/2014/2014
f 2015/2015/2015 2016/2016/2016 2012/2012/2012
f 2017/2017/2017 2014/2014/2014 2016/2016/2016
f 2018/2018/2018 2011/2011/2011 1998/1998/1998
f 2018/2018/2018 1998/1998/1998 1988/1988/1988
f 2019/2019/2019 2015/2015/2015 2011/2011/2011
f 2019/2019/2019 2011/2011/2011 2018/2018/2018
f 2015/2015/2015 2020/2020/2020 2016/2016/2016
f 2015/2015/2015 2019/2019/2019 2020/2020/2020
f 2021/2021/2021 2017/2017/2017 2016/2016/2016
f 2021/2021/2021 2016/2016/2016 2020/2020/2020
f 2022/2022/2022 2018/2018/2018 1988/1988/1988
f 2022/2022/2022 1988/1988/1988 1980/1980/1980
f 2023/2023/2023 2019/2019/2019 2018/2018/2018
f 2019/2019/2019 2023/2023/2023 2020/2020/2020
f 2023/2023/2023 2018/2018/2018 2022/2022/2022
f 2020/2020/2020 2023/2023/2023 2024/2024/2024
f 2021/2021/2021 2025/2025/2025 2017/2017/2017
f 2025/2025/2025 2026/2026/2026 2017/2017/2017
f 2027/2027/2027 2021/2021/2021 2020/2020/2020
f 2027/2027/2027 2020/2020/2020 2024/2024/2024
f 2025/2025/2025 2021/2021/2021 2027/2027/2027
f 2022/2022/2022 1980/1980/1980 2028/2028/2028
f 2028/2028/2028 1980/1980/1980 1974/1974/1974
f 2028/2028/2028 1974/1974/1974 1981/1981/1981
f 2029/2029/2029 2023/2023/2023 2022/2022/2022
f 2029/2029/2029 2022/2022/2022 2028/2028/2028
f 2023/2023/2023 2029/2029/2029 2024/2024/2024
f 2029/2029/2029 2028/2028/2028 2030/2030/2030
f 2030/2030/2030 2028/2028/2028 1981/1981/1981
f 2029/2029/2029 2030/2030/2030 2024/2024/2024
f 2025/2025/2025 2031/2031/2031 2026/2026/2026
f 2031/2031/2031 2032/2032/2032 2026/2026/2026
f 2033/2033/2033 2025/2025/2025 2027/2027/2027
f 2031/2031/2031 2025/2025/2025 2033/2033/2033
f 2030/2030/2030 1981/1981/1981 2034/2034/2034
f 2034/2034/2034 1981/1981/1981 1983/1983/1983
f 2034/2034/2034 1983/1983/1983 2035/2035/2035
f 2030/2030/2030 2034/2034/2034 2036/2036/2036
f 2030/2030/2030 2036/2036/2036 2024/2024/2024
f 2037/2037/2037 2034/2034/2034 2035/2035/2035
f 2034/2034/2034 2037/2037/2037 2036/2036/2036
f 2037/2037/2037 2035/2035/2035 2038/2038/2038
f 2039/2039/2039 2037/2037/2037 2038/2038/2038
f 2036/2036/2036 2037/2037/2037 2039/2039/2039
f 2039/2039/2039 2038/2038/2038 2040/2040/2040
f 2041/2041/2041 2027/2027/2027 2024/2024/2024
f 2033/2033/2033 2027/2027/2027 2041/2041/2041
f 2024/2024/2024 2036/2036/2036 2042/2042/2042
f 2042/2042/2042 2036/2036/2036 2039/2039/2039
f 2041/2041/2041 2024/2024/2024 2042/2042/2042
f 2043/2043/2043 2039/2039/2039 2040/2040/2040
f 2042/2042/2042 2039/2039/2039 2043/2043/2043
f 2041/2041/2041 2042/2042/2042 2044/2044/2044
f 2044/2044/2044 2042/2042/2042 2043/2043/2043
f 2045/2045/2045 2033/2033/2033 2041/2041/2041
f 2045/2045/2045 2041/2041/2041 2044/2044/2044
f 2046/2046/2046 2043/2043/2043 2040/2040/2040
f 2046/2046/2046 2040/2040/2040 2047/2047/2047
f 2048/2048/2048 2033/2033/2033 2045/2045/2045
f 2048/2048/2048 2031/2031/2031 2033/2033/2033
f 2049/2049/2049 2044/2044/2044 2043/2043/2043
f 2049/2049/2049 2043/2043/2043 2046/2046/2046
f 2050/2050/2050 2045/2045/2045 2044/2044/2044
f 2050/2050/2050 2048/2048/2048 2045/2045/2045
f 2050/2050/2050 2044/2044/2044 2049/2049/2049
f 2051/2051/2051 2046/2046/2046 2047/2047/2047
f 2051/2051/2051 2047/2047/2047 2052/2052/2052
f 2050/2050/2050 2053/2053/2053 2048/2048/2048
f 2053/2053/2053 2050/2050/2050 2049/2049/2049
f 2054/2054/2054 2049/2049/2049 2046/2046/2046
f 2054/2054/2054 2046/2046/2046 2051/2051/2051
f 2053/2053/2053 2049/2049/2049 2054/2054/2054
f 2048/2048/2048 2055/2055/2055 2031/2031/2031
f 2053/2053/2053 2055/2055/2055 2048/2048/2048
f 2051/2051/2051 2052/2052/2052 2056/2056/2056
f 2052/2052/2052 2057/2057/2057 2056/2056/2056
f 2058/2058/2058 2054/2054/2054 2051/2051/2051
f 2056/2056/2056 2058/2058/2058 2051/2051/2051
f 2059/2059/2059 2053/2053/2053 2054/2054/2054
f 2058/2058/2058 2059/2059/2059 2054/2054/2054
f 2060/2060/2060 2056/2056/2056 2057/2057/2057
f 2060/2060/2060 2057/2057/2057 2061/2061/2061
f 2062/2062/2062 2058/2058/2058 2056/2056/2056
f 2062/2062/2062 2056/2056/2056 2060/2060/2060
f 2063/2063/2063 2060/2060/2060 2061/2061/2061
f 2063/2063/2063 2061/2061/2061 2064/2064/2064
f 2063/2063/2063 2064/2064/2064 2065/2065/2065
f 2063/2063/2063 2066/2066/2066 2060/2060/2060
f 2066/2066/2066 2063/2063/2063 2065/2065/2065
f 2062/2062/2062 2060/2060/2060 2066/2066/2066
f 2067/2067/2067 2066/2066/2066 2065/2065/2065
f 2068/2068/2068 2058/2058/2058 2062/2062/2062
f 2068/2068/2068 2059/2059/2059 2058/2058/2058
f 2069/2069/2069 2062/2062/2062 2066/2066/2066
f 2069/2069/2069 2066/2066/2066 2067/2067/2067
f 2068/2068/2068 2062/2062/2062 2069/2069/2069
f 2070/2070/2070 2069/2069/2069 2067/2067/2067
f 2070/2070/2070 2068/2068/2068 2069/2069/2069
f 2071/2071/2071 2070/2070/2070 2067/2067/2067
f 2071/2071/2071 2072/2072/2072 2070/2070/2070
f 2072/2072/2072 2073/2073/2073 2070/2070/2070
f 2070/2070/2070 2073/2073/2073 2068/2068/2068
f 2072/2072/2072 2074/2074/2074 2073/2073/2073
f 2074/2074/2074 2075/2075/2075 2073/2073/2073
f 2073/2073/2073 2076/2076/2076 2068/2068/2068
f 2068/2068/2068 2076/2076/2076 2059/2059/2059
f 2073/2073/2073 2075/2075/2075 2076/2076/2076
f 2076/2076/2076 2077/2077/2077 2059/2059/2059
f 2059/2059/2059 2077/2077/2077 2053/2053/2053
f 2077/2077/2077 2055/2055/2055 2053/2053/2053
f 2075/2075/2075 2078/2078/2078 2076/2076/2076
f 2076/2076/2076 2078/2078/2078 2077/2077/2077
f 2078/2078/2078 2075/2075/2075 2079/2079/2079
f 2078/2078/2078 2080/2080/2080 2077/2077/2077
f 2078/2078/2078 2079/2079/2079 2080/2080/2080
f 2077/2077/2077 2080/2080/2080 2055/2055/2055
f 2079/2079/2079 2081/2081/2081 2080/2080/2080
f 2080/2080/2080 2082/2082/2082 2055/2055/2055
f 2080/2080/2080 2081/2081/2081 2082/2082/2082
f 2055/2055/2055 2082/2082/2082 2031/2031/2031
f 2081/2081/2081 2083/2083/2083 2082/2082/2082
f 2031/2031/2031 2082/2082/2082 2032/2032/2032
f 2082/2082/2082 2083/2083/2083 2032/2032/2032
f 2086/2086/2086 2085/2085/2085 2084/2084/2084
f 2086/2086/2086 2084/2084/2084 2087/2087/2087
f 2086/2086/2086 2087/2087/2087 2088/2088/2088
f 2087/2087/2087 2084/2084/2084 2089/2089/2089
f 2087/2087/2087 2090/2090/2090 2088/2088/2088
f 2090/2090/2090 2091/2091/2091 2088/2088/2088
f 2090/2090/2090 2092/2092/2092 2091/2091/2091
f 2092/2092/2092 2093/2093/2093 2091/2091/2091
f 2092/2092/2092 2094/2094/2094 2093/2093/2093
f 2094/2094/2094 2095/2095/2095 2093/2093/2093
f 2094/2094/2094 2096/2096/2096 2095/2095/2095
f 2094/2094/2094 2097/2097/2097 2096/2096/2096
f 2097/2097/2097 2098/2098/2098 2096/2096/2096
f 2094/2094/2094 2092/2092/2092 2099/2099/2099
f 2097/2097/2097 2094/2094/2094 2099/2099/2099
f 2092/2092/2092 2090/2090/2090 2100/2100/2100
f 2092/2092/2092 2100/2100/2100 2099/2099/2099
f 2090/2090/2090 2087/2087/2087 2101/2101/2101
f 2090/2090/2090 2101/2101/2101 2100/2100/2100
f 2102/2102/2102 2087/2087/2087 2089/2089/2089
f 2087/2087/2087 2102/2102/2102 2101/2101/2101
f 2102/2102/2102 2089/2089/2089 2103/2103/2103
f 2089/2089/2089 2104/2104/2104 2103/2103/2103
f 2103/2103/2103 2104/2104/2104 2105/2105/2105
f 2101/2101/2101 2102/2102/2102 2106/2106/2106
f 2102/2102/2102 2103/2103/2103 2106/2106/2106
f 2100/2100/2100 2101/2101/2101 2107/2107/2107
f 2101/2101/2101 2106/2106/2106 2107/2107/2107
f 2099/2099/2099 2100/2100/2100 2108/2108/2108
f 2100/2100/2100 2107/2107/2107 2108/2108/2108
f 2097/2097/2097 2099/2099/2099 2109/2109/2109
f 2109/2109/2109 2099/2099/2099 2108/2108/2108
f 2110/2110/2110 2097/2097/2097 2109/2109/2109
f 2110/2110/2110 2098/2098/2098 2097/2097/2097
f 2111/2111/2111 2103/2103/2103 2105/2105/2105
f 2106/2106/2106 2103/2103/2103 2112/2112/2112
f 2103/2103/2103 2111/2111/2111 2112/2112/2112
f 2107/2107/2107 2106/2106/2106 2113/2113/2113
f 2106/2106/2106 2112/2112/2112 2113/2113/2113
f 2108/2108/2108 2107/2107/2107 2114/2114/2114
f 2107/2107/2107 2113/2113/2113 2114/2114/2114
f 2109/2109/2109 2108/2108/2108 2115/2115/2115
f 2115/2115/2115 2108/2108/2108 2114/2114/2114
f 2110/2110/2110 2109/2109/2109 2116/2116/2116
f 2116/2116/2116 2109/2109/2109 2115/2115/2115
f 2117/2117/2117 2098/2098/2098 2110/2110/2110
f 2117/2117/2117 2110/2110/2110 2116/2116/2116
f 2118/2118/2118 2111/2111/2111 2105/2105/2105
f 2119/2119/2119 2118/2118/2118 2105/2105/2105
f 2119/2119/2119 2120/2120/2120 2118/2118/2118
f 2117/2117/2117 2121/2121/2121 2098/2098/2098
f 2122/2122/2122 2098/2098/2098 2121/2121/2121
f 2121/2121/2121 2117/2117/2117 2123/2123/2123
f 2117/2117/2117 2124/2124/2124 2123/2123/2123
f 2117/2117/2117 2116/2116/2116 2124/2124/2124
f 2123/2123/2123 2124/2124/2124 2125/2125/2125
f 2124/2124/2124 2116/2116/2116 2126/2126/2126
f 2124/2124/2124 2126/2126/2126 2125/2125/2125
f 2116/2116/2116 2115/2115/2115 2126/2126/2126
f 2127/2127/2127 2125/2125/2125 2126/2126/2126
f 2127/2127/2127 2128/2128/2128 2125/2125/2125
f 2126/2126/2126 2115/2115/2115 2129/2129/2129
f 2126/2126/2126 2129/2129/2129 2127/2127/2127
f 2115/2115/2115 2114/2114/2114 2129/2129/2129
f 2128/2128/2128 2127/2127/2127 2130/2130/2130
f 2131/2131/2131 2128/2128/2128 2130/2130/2130
f 2127/2127/2127 2129/2129/2129 2132/2132/2132
f 2130/2130/2130 2127/2127/2127 2132/2132/2132
f 2133/2133/2133 2129/2129/2129 2114/2114/2114
f 2133/2133/2133 2132/2132/2132 2129/2129/2129
f 2133/2133/2133 2114/2114/2114 2113/2113/2113
f 2131/2131/2131 2130/2130/2130 2134/2134/2134
f 2135/2135/2135 2131/2131/2131 2134/2134/2134
f 2135/2135/2135 2134/2134/2134 2136/2136/2136
f 2130/2130/2130 2132/2132/2132 2137/2137/2137
f 2134/2134/2134 2130/2130/2130 2137/2137/2137
f 2138/2138/2138 2133/2133/2133 2113/2113/2113
f 2138/2138/2138 2113/2113/2113 2112/2112/2112
f 2139/2139/2139 2132/2132/2132 2133/2133/2133
f 2139/2139/2139 2137/2137/2137 2132/2132/2132
f 2139/2139/2139 2133/2133/2133 2138/2138/2138
f 2134/2134/2134 2137/2137/2137 2140/2140/2140
f 2140/2140/2140 2137/2137/2137 2139/2139/2139
f 2134/2134/2134 2141/2141/2141 2136/2136/2136
f 2141/2141/2141 2134/2134/2134 2140/2140/2140
f 2142/2142/2142 2138/2138/2138 2112/2112/2112
f 2142/2142/2142 2112/2112/2112 2111/2111/2111
f 2118/2118/2118 2142/2142/2142 2111/2111/2111
f 2143/2143/2143 2139/2139/2139 2138/2138/2138
f 2143/2143/2143 2138/2138/2138 2142/2142/2142
f 2136/2136/2136 2141/2141/2141 2144/2144/2144
f 2145/2145/2145 2136/2136/2136 2144/2144/2144
f 2141/2141/2141 2140/2140/2140 2146/2146/2146
f 2144/2144/2144 2141/2141/2141 2146/2146/2146
f 2147/2147/2147 2140/2140/2140 2139/2139/2139
f 2143/2143/2143 2147/2147/2147 2139/2139/2139
f 2146/2146/2146 2140/2140/2140 2147/2147/2147
f 2143/2143/2143 2148/2148/2148 2147/2147/2147
f 2149/2149/2149 2143/2143/2143 2142/2142/2142
f 2149/2149/2149 2142/2142/2142 2118/2118/2118
f 2148/2148/2148 2143/2143/2143 2149/2149/2149
f 2150/2150/2150 2149/2149/2149 2118/2118/2118
f 2148/2148/2148 2149/2149/2149 2150/2150/2150
f 2120/2120/2120 2150/2150/2150 2118/2118/2118
f 2120/2120/2120 2151/2151/2151 2150/2150/2150
f 2148/2148/2148 2150/2150/2150 2151/2151/2151
f 2148/2148/2148 2151/2151/2151 2152/2152/2152
f 2145/2145/2145 2144/2144/2144 2153/2153/2153
f 2154/2154/2154 2145/2145/2145 2153/2153/2153
f 2144/2144/2144 2146/2146/2146 2155/2155/2155
f 2153/2153/2153 2144/2144/2144 2155/2155/2155
f 2156/2156/2156 2146/2146/2146 2147/2147/2147
f 2156/2156/2156 2147/2147/2147 2148/2148/2148
f 2155/2155/2155 2146/2146/2146 2156/2156/2156
f 2157/2157/2157 2148/2148/2148 2152/2152/2152
f 2157/2157/2157 2156/2156/2156 2148/2148/2148
f 2157/2157/2157 2152/2152/2152 2158/2158/2158
f 2154/2154/2154 2153/2153/2153 2159/2159/2159
f 2160/2160/2160 2154/2154/2154 2159/2159/2159
f 2161/2161/2161 2156/2156/2156 2157/2157/2157
f 2161/2161/2161 2155/2155/2155 2156/2156/2156
f 2162/2162/2162 2157/2157/2157 2158/2158/2158
f 2162/2162/2162 2161/2161/2161 2157/2157/2157
f 2162/2162/2162 2158/2158/2158 2163/2163/2163
f 2153/2153/2153 2155/2155/2155 2164/2164/2164
f 2159/2159/2159 2153/2153/2153 2164/2164/2164
f 2160/2160/2160 2159/2159/2159 2165/2165/2165
f 2160/2160/2160 2165/2165/2165 2166/2166/2166
f 2161/2161/2161 2162/2162/2162 2167/2167/2167
f 2167/2167/2167 2162/2162/2162 2163/2163/2163
f 2155/2155/2155 2161/2161/2161 2168/2168/2168
f 2155/2155/2155 2168/2168/2168 2164/2164/2164
f 2168/2168/2168 2161/2161/2161 2167/2167/2167
f 2159/2159/2159 2164/2164/2164 2169/2169/2169
f 2159/2159/2159 2169/2169/2169 2165/2165/2165
f 2164/2164/2164 2168/2168/2168 2170/2170/2170
f 2168/2168/2168 2167/2167/2167 2170/2170/2170
f 2164/2164/2164 2170/2170/2170 2169/2169/2169
f 2167/2167/2167 2163/2163/2163 2171/2171/2171
f 2167/2167/2167 2171/2171/2171 2170/2170/2170
f 2163/2163/2163 2172/2172/2172 2171/2171/2171
f 2173/2173/2173 2166/2166/2166 2165/2165/2165
f 2173/2173/2173 2174/2174/2174 2166/2166/2166
f 2169/2169/2169 2170/2170/2170 2175/2175/2175
f 2170/2170/2170 2171/2171/2171 2175/2175/2175
f 2171/2171/2171 2172/2172/2172 2176/2176/2176
f 2171/2171/2171 2176/2176/2176 2175/2175/2175
f 2172/2172/2172 2177/2177/2177 2176/2176/2176
f 2165/2165/2165 2169/2169/2169 2178/2178/2178
f 2169/2169/2169 2175/2175/2175 2178/2178/2178
f 2165/2165/2165 2178/2178/2178 2173/2173/2173
f 2174/2174/2174 2173/2173/2173 2179/2179/2179
f 2174/2174/2174 2179/2179/2179 2180/2180/2180
f 2176/2176/2176 2177/2177/2177 2181/2181/2181
f 2177/2177/2177 2182/2182/2182 2181/2181/2181
f 2181/2181/2181 2182/2182/2182 2183/2183/2183
f 2175/2175/2175 2176/2176/2176 2184/2184/2184
f 2178/2178/2178 2175/2175/2175 2184/2184/2184
f 2176/2176/2176 2181/2181/2181 2184/2184/2184
f 2173/2173/2173 2178/2178/2178 2185/2185/2185
f 2173/2173/2173 2185/2185/2185 2179/2179/2179
f 2178/2178/2178 2184/2184/2184 2185/2185/2185
f 2180/2180/2180 2179/2179/2179 2186/2186/2186
f 2180/2180/2180 2186/2186/2186 2187/2187/2187
f 2188/2188/2188 2187/2187/2187 2186/2186/2186
f 2186/2186/2186 2179/2179/2179 2189/2189/2189
f 2188/2188/2188 2186/2186/2186 2189/2189/2189
f 2189/2189/2189 2179/2179/2179 2185/2185/2185
f 2188/2188/2188 2189/2189/2189 2190/2190/2190
f 2189/2189/2189 2185/2185/2185 2191/2191/2191
f 2191/2191/2191 2185/2185/2185 2184/2184/2184
f 2189/2189/2189 2191/2191/2191 2190/2190/2190
f 2192/2192/2192 2191/2191/2191 2184/2184/2184
f 2191/2191/2191 2192/2192/2192 2190/2190/2190
f 2192/2192/2192 2184/2184/2184 2181/2181/2181
f 2192/2192/2192 2193/2193/2193 2190/2190/2190
f 2194/2194/2194 2192/2192/2192 2181/2181/2181
f 2192/2192/2192 2194/2194/2194 2193/2193/2193
f 2194/2194/2194 2181/2181/2181 2183/2183/2183
f 2194/2194/2194 2195/2195/2195 2193/2193/2193
f 2194/2194/2194 2183/2183/2183 2195/2195/2195
f 2183/2183/2183 2196/2196/2196 2195/2195/2195
f 2199/2199/2199 2198/2198/2198 2197/2197/2197
f 2200/2200/2200 2199/2199/2199 2197/2197/2197
f 2201/2201/2201 2199/2199/2199 2200/2200/2200
f 2202/2202/2202 2200/2200/2200 2197/2197/2197
f 2203/2203/2203 2202/2202/2202 2197/2197/2197
f 2201/2201/2201 2200/2200/2200 2204/2204/2204
f 2200/2200/2200 2202/2202/2202 2204/2204/2204
f 2205/2205/2205 2201/2201/2201 2204/2204/2204
f 2206/2206/2206 2205/2205/2205 2204/2204/2204
f 2207/2207/2207 2205/2205/2205 2206/2206/2206
f 2202/2202/2202 2208/2208/2208 2204/2204/2204
f 2204/2204/2204 2208/2208/2208 2206/2206/2206
f 2209/2209/2209 2207/2207/2207 2206/2206/2206
f 2210/2210/2210 2207/2207/2207 2209/2209/2209
f 2202/2202/2202 2203/2203/2203 2211/2211/2211
f 2202/2202/2202 2211/2211/2211 2208/2208/2208
f 2209/2209/2209 2206/2206/2206 2212/2212/2212
f 2208/2208/2208 2212/2212/2212 2206/2206/2206
f 2213/2213/2213 2210/2210/2210 2209/2209/2209
f 2213/2213/2213 2214/2214/2214 2210/2210/2210
f 2215/2215/2215 2209/2209/2209 2212/2212/2212
f 2213/2213/2213 2209/2209/2209 2215/2215/2215
f 2216/2216/2216 2211/2211/2211 2203/2203/2203
f 2217/2217/2217 2208/2208/2208 2211/2211/2211
f 2217/2217/2217 2211/2211/2211 2216/2216/2216
f 2218/2218/2218 2212/2212/2212 2208/2208/2208
f 2218/2218/2218 2208/2208/2208 2217/2217/2217
f 2216/2216/2216 2203/2203/2203 2219/2219/2219
f 2203/2203/2203 2220/2220/2220 2219/2219/2219
f 2219/2219/2219 2220/2220/2220 2221/2221/2221
f 2217/2217/2217 2216/2216/2216 2222/2222/2222
f 2216/2216/2216 2219/2219/2219 2222/2222/2222
f 2223/2223/2223 2219/2219/2219 2221/2221/2221
f 2222/2222/2222 2219/2219/2219 2223/2223/2223
f 2224/2224/2224 2217/2217/2217 2222/2222/2222
f 2224/2224/2224 2218/2218/2218 2217/2217/2217
f 2225/2225/2225 2212/2212/2212 2218/2218/2218
f 2225/2225/2225 2215/2215/2215 2212/2212/2212
f 2223/2223/2223 2221/2221/2221 2226/2226/2226
f 2223/2223/2223 2226/2226/2226 2227/2227/2227
f 2221/2221/2221 2228/2228/2228 2226/2226/2226
f 2226/2226/2226 2228/2228/2228 2229/2229/2229
f 2230/2230/2230 2222/2222/2222 2223/2223/2223
f 2224/2224/2224 2222/2222/2222 2230/2230/2230
f 2230/2230/2230 2223/2223/2223 2227/2227/2227
f 2231/2231/2231 2226/2226/2226 2229/2229/2229
f 2226/2226/2226 2231/2231/2231 2227/2227/2227
f 2231/2231/2231 2229/2229/2229 2232/2232/2232
f 2233/2233/2233 2218/2218/2218 2224/2224/2224
f 2233/2233/2233 2225/2225/2225 2218/2218/2218
f 2234/2234/2234 2224/2224/2224 2230/2230/2230
f 2234/2234/2234 2230/2230/2230 2227/2227/2227
f 2233/2233/2233 2224/2224/2224 2234/2234/2234
f 2235/2235/2235 2231/2231/2231 2232/2232/2232
f 2232/2232/2232 2236/2236/2236 2235/2235/2235
f 2231/2231/2231 2237/2237/2237 2227/2227/2227
f 2231/2231/2231 2235/2235/2235 2237/2237/2237
f 2238/2238/2238 2234/2234/2234 2227/2227/2227
f 2237/2237/2237 2239/2239/2239 2227/2227/2227
f 2239/2239/2239 2238/2238/2238 2227/2227/2227
f 2235/2235/2235 2240/2240/2240 2237/2237/2237
f 2237/2237/2237 2240/2240/2240 2239/2239/2239
f 2241/2241/2241 2234/2234/2234 2238/2238/2238
f 2241/2241/2241 2233/2233/2233 2234/2234/2234
f 2236/2236/2236 2242/2242/2242 2235/2235/2235
f 2235/2235/2235 2242/2242/2242 2240/2240/2240
f 2243/2243/2243 2238/2238/2238 2239/2239/2239
f 2243/2243/2243 2241/2241/2241 2238/2238/2238
f 2241/2241/2241 2243/2243/2243 2244/2244/2244
f 2233/2233/2233 2241/2241/2241 2245/2245/2245
f 2245/2245/2245 2241/2241/2241 2244/2244/2244
f 2246/2246/2246 2243/2243/2243 2239/2239/2239
f 2244/2244/2244 2243/2243/2243 2246/2246/2246
f 2240/2240/2240 2247/2247/2247 2239/2239/2239
f 2246/2246/2246 2239/2239/2239 2247/2247/2247
f 2242/2242/2242 2248/2248/2248 2240/2240/2240
f 2248/2248/2248 2247/2247/2247 2240/2240/2240
f 2236/2236/2236 2249/2249/2249 2242/2242/2242
f 2242/2242/2242 2249/2249/2249 2248/2248/2248
f 2249/2249/2249 2236/2236/2236 2250/2250/2250
f 2251/2251/2251 2250/2250/2250 2236/2236/2236
f 2249/2249/2249 2252/2252/2252 2248/2248/2248
f 2252/2252/2252 2249/2249/2249 2250/2250/2250
f 2248/2248/2248 2253/2253/2253 2247/2247/2247
f 2248/2248/2248 2252/2252/2252 2253/2253/2253
f 2254/2254/2254 2246/2246/2246 2247/2247/2247
f 2253/2253/2253 2254/2254/2254 2247/2247/2247
f 2255/2255/2255 2244/2244/2244 2246/2246/2246
f 2255/2255/2255 2246/2246/2246 2254/2254/2254
f 2251/2251/2251 2256/2256/2256 2250/2250/2250
f 2251/2251/2251 2257/2257/2257 2256/2256/2256
f 2251/2251/2251 2258/2258/2258 2257/2257/2257
f 2256/2256/2256 2257/2257/2257 2259/2259/2259
f 2256/2256/2256 2260/2260/2260 2250/2250/2250
f 2256/2256/2256 2259/2259/2259 2260/2260/2260
f 2252/2252/2252 2250/2250/2250 2260/2260/2260
f 2259/2259/2259 2261/2261/2261 2260/2260/2260
f 2261/2261/2261 2262/2262/2262 2260/2260/2260
f 2252/2252/2252 2260/2260/2260 2262/2262/2262
f 2262/2262/2262 2261/2261/2261 2263/2263/2263
f 2252/2252/2252 2264/2264/2264 2253/2253/2253
f 2264/2264/2264 2252/2252/2252 2262/2262/2262
f 2262/2262/2262 2263/2263/2263 2265/2265/2265
f 2264/2264/2264 2262/2262/2262 2265/2265/2265
f 2263/2263/2263 2266/2266/2266 2265/2265/2265
f 2253/2253/2253 2264/2264/2264 2267/2267/2267
f 2253/2253/2253 2267/2267/2267 2254/2254/2254
f 2264/2264/2264 2265/2265/2265 2268/2268/2268
f 2264/2264/2264 2268/2268/2268 2267/2267/2267
f 2266/2266/2266 2269/2269/2269 2265/2265/2265
f 2268/2268/2268 2265/2265/2265 2269/2269/2269
f 2266/2266/2266 2270/2270/2270 2269/2269/2269
f 2271/2271/2271 2254/2254/2254 2267/2267/2267
f 2271/2271/2271 2255/2255/2255 2254/2254/2254
f 2271/2271/2271 2272/2272/2272 2255/2255/2255
f 2273/2273/2273 2271/2271/2271 2267/2267/2267
f 2273/2273/2273 2267/2267/2267 2268/2268/2268
f 2273/2273/2273 2272/2272/2272 2271/2271/2271
f 2273/2273/2273 2268/2268/2268 2274/2274/2274
f 2274/2274/2274 2268/2268/2268 2269/2269/2269
f 2273/2273/2273 2274/2274/2274 2272/2272/2272
f 2270/2270/2270 2275/2275/2275 2269/2269/2269
f 2274/2274/2274 2269/2269/2269 2275/2275/2275
f 2270/2270/2270 2276/2276/2276 2275/2275/2275
f 2277/2277/2277 2274/2274/2274 2275/2275/2275
f 2274/2274/2274 2277/2277/2277 2272/2272/2272
f 2276/2276/2276 2278/2278/2278 2275/2275/2275
f 2277/2277/2277 2275/2275/2275 2278/2278/2278
f 2276/2276/2276 2279/2279/2279 2278/2278/2278
f 2272/2272/2272 2280/2280/2280 2255/2255/2255
f 2255/2255/2255 2280/2280/2280 2244/2244/2244
f 2279/2279/2279 2281/2281/2281 2278/2278/2278
f 2279/2279/2279 2282/2282/2282 2281/2281/2281
f 2282/2282/2282 2283/2283/2283 2281/2281/2281
f 2282/2282/2282 2284/2284/2284 2283/2283/2283
f 2278/2278/2278 2281/2281/2281 2285/2285/2285
f 2285/2285/2285 2281/2281/2281 2283/2283/2283
f 2286/2286/2286 2277/2277/2277 2278/2278/2278
f 2286/2286/2286 2278/2278/2278 2285/2285/2285
f 2272/2272/2272 2277/2277/2277 2287/2287/2287
f 2277/2277/2277 2286/2286/2286 2287/2287/2287
f 2280/2280/2280 2272/2272/2272 2288/2288/2288
f 2272/2272/2272 2287/2287/2287 2288/2288/2288
f 2288/2288/2288 2287/2287/2287 2289/2289/2289
f 2287/2287/2287 2286/2286/2286 2290/2290/2290
f 2286/2286/2286 2285/2285/2285 2290/2290/2290
f 2287/2287/2287 2290/2290/2290 2289/2289/2289
f 2284/2284/2284 2291/2291/2291 2283/2283/2283
f 2284/2284/2284 2292/2292/2292 2291/2291/2291
f 2280/2280/2280 2288/2288/2288 2293/2293/2293
f 2280/2280/2280 2293/2293/2293 2244/2244/2244
f 2294/2294/2294 2285/2285/2285 2283/2283/2283
f 2294/2294/2294 2283/2283/2283 2291/2291/2291
f 2290/2290/2290 2285/2285/2285 2295/2295/2295
f 2285/2285/2285 2294/2294/2294 2295/2295/2295
f 2292/2292/2292 2296/2296/2296 2291/2291/2291
f 2297/2297/2297 2296/2296/2296 2292/2292/2292
f 2298/2298/2298 2294/2294/2294 2291/2291/2291
f 2294/2294/2294 2298/2298/2298 2295/2295/2295
f 2298/2298/2298 2291/2291/2291 2296/2296/2296
f 2290/2290/2290 2295/2295/2295 2299/2299/2299
f 2289/2289/2289 2290/2290/2290 2299/2299/2299
f 2298/2298/2298 2300/2300/2300 2295/2295/2295
f 2300/2300/2300 2299/2299/2299 2295/2295/2295
f 2301/2301/2301 2298/2298/2298 2296/2296/2296
f 2298/2298/2298 2301/2301/2301 2300/2300/2300
f 2297/2297/2297 2302/2302/2302 2296/2296/2296
f 2302/2302/2302 2301/2301/2301 2296/2296/2296
f 2297/2297/2297 2303/2303/2303 2302/2302/2302
f 2297/2297/2297 2304/2304/2304 2303/2303/2303
f 2303/2303/2303 2304/2304/2304 2305/2305/2305
f 2304/2304/2304 2306/2306/2306 2305/2305/2305
f 2303/2303/2303 2307/2307/2307 2302/2302/2302
f 2303/2303/2303 2305/2305/2305 2307/2307/2307
f 2302/2302/2302 2308/2308/2308 2301/2301/2301
f 2308/2308/2308 2302/2302/2302 2307/2307/2307
f 2305/2305/2305 2306/2306/2306 2309/2309/2309
f 2306/2306/2306 2310/2310/2310 2309/2309/2309
f 2305/2305/2305 2311/2311/2311 2307/2307/2307
f 2305/2305/2305 2309/2309/2309 2311/2311/2311
f 2312/2312/2312 2307/2307/2307 2311/2311/2311
f 2312/2312/2312 2308/2308/2308 2307/2307/2307
f 2313/2313/2313 2311/2311/2311 2309/2309/2309
f 2313/2313/2313 2312/2312/2312 2311/2311/2311
f 2313/2313/2313 2309/2309/2309 2314/2314/2314
f 2315/2315/2315 2301/2301/2301 2308/2308/2308
f 2301/2301/2301 2315/2315/2315 2300/2300/2300
f 2316/2316/2316 2308/2308/2308 2312/2312/2312
f 2315/2315/2315 2308/2308/2308 2316/2316/2316
f 2317/2317/2317 2312/2312/2312 2313/2313/2313
f 2316/2316/2316 2312/2312/2312 2317/2317/2317
f 2315/2315/2315 2318/2318/2318 2300/2300/2300
f 2318/2318/2318 2315/2315/2315 2316/2316/2316
f 2319/2319/2319 2313/2313/2313 2314/2314/2314
f 2317/2317/2317 2313/2313/2313 2319/2319/2319
f 2320/2320/2320 2316/2316/2316 2317/2317/2317
f 2318/2318/2318 2316/2316/2316 2320/2320/2320
f 2321/2321/2321 2300/2300/2300 2318/2318/2318
f 2300/2300/2300 2321/2321/2321 2299/2299/2299
f 2322/2322/2322 2317/2317/2317 2319/2319/2319
f 2320/2320/2320 2317/2317/2317 2322/2322/2322
f 2323/2323/2323 2319/2319/2319 2314/2314/2314
f 2322/2322/2322 2319/2319/2319 2323/2323/2323
f 2324/2324/2324 2323/2323/2323 2314/2314/2314
f 2324/2324/2324 2314/2314/2314 2325/2325/2325
f 2326/2326/2326 2322/2322/2322 2323/2323/2323
f 2322/2322/2322 2326/2326/2326 2320/2320/2320
f 2326/2326/2326 2323/2323/2323 2324/2324/2324
f 2320/2320/2320 2327/2327/2327 2318/2318/2318
f 2321/2321/2321 2318/2318/2318 2327/2327/2327
f 2328/2328/2328 2324/2324/2324 2325/2325/2325
f 2328/2328/2328 2325/2325/2325 2329/2329/2329
f 2328/2328/2328 2329/2329/2329 2330/2330/2330
f 2331/2331/2331 2320/2320/2320 2326/2326/2326
f 2320/2320/2320 2331/2331/2331 2327/2327/2327
f 2332/2332/2332 2326/2326/2326 2324/2324/2324
f 2332/2332/2332 2324/2324/2324 2328/2328/2328
f 2331/2331/2331 2326/2326/2326 2332/2332/2332
f 2333/2333/2333 2328/2328/2328 2330/2330/2330
f 2332/2332/2332 2328/2328/2328 2333/2333/2333
f 2333/2333/2333 2330/2330/2330 2334/2334/2334
f 2331/2331/2331 2332/2332/2332 2335/2335/2335
f 2335/2335/2335 2332/2332/2332 2333/2333/2333
f 2336/2336/2336 2333/2333/2333 2334/2334/2334
f 2335/2335/2335 2333/2333/2333 2336/2336/2336
f 2336/2336/2336 2334/2334/2334 2337/2337/2337
f 2331/2331/2331 2338/2338/2338 2327/2327/2327
f 2338/2338/2338 2331/2331/2331 2335/2335/2335
f 2339/2339/2339 2335/2335/2335 2336/2336/2336
f 2338/2338/2338 2335/2335/2335 2339/2339/2339
f 2340/2340/2340 2336/2336/2336 2337/2337/2337
f 2339/2339/2339 2336/2336/2336 2340/2340/2340
f 2338/2338/2338 2341/2341/2341 2327/2327/2327
f 2321/2321/2321 2327/2327/2327 2341/2341/2341
f 2342/2342/2342 2338/2338/2338 2339/2339/2339
f 2338/2338/2338 2342/2342/2342 2341/2341/2341
f 2343/2343/2343 2321/2321/2321 2341/2341/2341
f 2321/2321/2321 2343/2343/2343 2299/2299/2299
f 2340/2340/2340 2337/2337/2337 2344/2344/2344
f 2340/2340/2340 2344/2344/2344 2345/2345/2345
f 2337/2337/2337 2346/2346/2346 2344/2344/2344
f 2344/2344/2344 2346/2346/2346 2347/2347/2347
f 2348/2348/2348 2339/2339/2339 2340/2340/2340
f 2342/2342/2342 2339/2339/2339 2348/2348/2348
f 2348/2348/2348 2340/2340/2340 2345/2345/2345
f 2349/2349/2349 2344/2344/2344 2347/2347/2347
f 2344/2344/2344 2349/2349/2349 2345/2345/2345
f 2349/2349/2349 2347/2347/2347 2350/2350/2350
f 2342/2342/2342 2351/2351/2351 2341/2341/2341
f 2343/2343/2343 2341/2341/2341 2351/2351/2351
f 2352/2352/2352 2342/2342/2342 2348/2348/2348
f 2352/2352/2352 2348/2348/2348 2345/2345/2345
f 2342/2342/2342 2352/2352/2352 2351/2351/2351
f 2353/2353/2353 2349/2349/2349 2350/2350/2350
f 2353/2353/2353 2350/2350/2350 2354/2354/2354
f 2349/2349/2349 2355/2355/2355 2345/2345/2345
f 2349/2349/2349 2353/2353/2353 2355/2355/2355
f 2356/2356/2356 2353/2353/2353 2354/2354/2354
f 2356/2356/2356 2354/2354/2354 2357/2357/2357
f 2353/2353/2353 2358/2358/2358 2355/2355/2355
f 2353/2353/2353 2356/2356/2356 2358/2358/2358
f 2355/2355/2355 2359/2359/2359 2345/2345/2345
f 2355/2355/2355 2358/2358/2358 2359/2359/2359
f 2360/2360/2360 2352/2352/2352 2345/2345/2345
f 2359/2359/2359 2360/2360/2360 2345/2345/2345
f 2352/2352/2352 2361/2361/2361 2351/2351/2351
f 2352/2352/2352 2360/2360/2360 2361/2361/2361
f 2362/2362/2362 2356/2356/2356 2357/2357/2357
f 2362/2362/2362 2357/2357/2357 2363/2363/2363
f 2356/2356/2356 2364/2364/2364 2358/2358/2358
f 2356/2356/2356 2362/2362/2362 2364/2364/2364
f 2365/2365/2365 2362/2362/2362 2363/2363/2363
f 2365/2365/2365 2363/2363/2363 2366/2366/2366
f 2360/2360/2360 2359/2359/2359 2367/2367/2367
f 2360/2360/2360 2367/2367/2367 2361/2361/2361
f 2368/2368/2368 2351/2351/2351 2361/2361/2361
f 2368/2368/2368 2343/2343/2343 2351/2351/2351
f 2358/2358/2358 2369/2369/2369 2359/2359/2359
f 2358/2358/2358 2364/2364/2364 2369/2369/2369
f 2362/2362/2362 2370/2370/2370 2364/2364/2364
f 2362/2362/2362 2365/2365/2365 2370/2370/2370
f 2359/2359/2359 2371/2371/2371 2367/2367/2367
f 2359/2359/2359 2369/2369/2369 2371/2371/2371
f 2364/2364/2364 2372/2372/2372 2369/2369/2369
f 2364/2364/2364 2370/2370/2370 2372/2372/2372
f 2369/2369/2369 2373/2373/2373 2371/2371/2371
f 2369/2369/2369 2372/2372/2372 2373/2373/2373
f 2374/2374/2374 2361/2361/2361 2367/2367/2367
f 2374/2374/2374 2368/2368/2368 2361/2361/2361
f 2343/2343/2343 2368/2368/2368 2375/2375/2375
f 2343/2343/2343 2375/2375/2375 2299/2299/2299
f 2299/2299/2299 2375/2375/2375 2289/2289/2289
f 2368/2368/2368 2376/2376/2376 2375/2375/2375
f 2368/2368/2368 2374/2374/2374 2376/2376/2376
f 2375/2375/2375 2376/2376/2376 2289/2289/2289
f 2376/2376/2376 2377/2377/2377 2289/2289/2289
f 2371/2371/2371 2378/2378/2378 2367/2367/2367
f 2371/2371/2371 2373/2373/2373 2378/2378/2378
f 2379/2379/2379 2374/2374/2374 2367/2367/2367
f 2378/2378/2378 2379/2379/2379 2367/2367/2367
f 2374/2374/2374 2380/2380/2380 2376/2376/2376
f 2376/2376/2376 2380/2380/2380 2377/2377/2377
f 2374/2374/2374 2379/2379/2379 2380/2380/2380
f 2379/2379/2379 2381/2381/2381 2380/2380/2380
f 2380/2380/2380 2381/2381/2381 2377/2377/2377
f 2382/2382/2382 2381/2381/2381 2379/2379/2379
f 2378/2378/2378 2382/2382/2382 2379/2379/2379
f 2382/2382/2382 2377/2377/2377 2381/2381/2381
f 2373/2373/2373 2383/2383/2383 2378/2378/2378
f 2378/2378/2378 2383/2383/2383 2382/2382/2382
f 2289/2289/2289 2377/2377/2377 2384/2384/2384
f 2288/2288/2288 2289/2289/2289 2384/2384/2384
f 2288/2288/2288 2384/2384/2384 2293/2293/2293
f 2382/2382/2382 2385/2385/2385 2377/2377/2377
f 2383/2383/2383 2385/2385/2385 2382/2382/2382
f 2373/2373/2373 2386/2386/2386 2383/2383/2383
f 2372/2372/2372 2386/2386/2386 2373/2373/2373
f 2384/2384/2384 2377/2377/2377 2387/2387/2387
f 2385/2385/2385 2387/2387/2387 2377/2377/2377
f 2293/2293/2293 2384/2384/2384 2388/2388/2388
f 2388/2388/2388 2384/2384/2384 2387/2387/2387
f 2383/2383/2383 2389/2389/2389 2385/2385/2385
f 2386/2386/2386 2389/2389/2389 2383/2383/2383
f 2372/2372/2372 2390/2390/2390 2386/2386/2386
f 2370/2370/2370 2390/2390/2390 2372/2372/2372
f 2391/2391/2391 2293/2293/2293 2388/2388/2388
f 2244/2244/2244 2293/2293/2293 2391/2391/2391
f 2245/2245/2245 2244/2244/2244 2391/2391/2391
f 2385/2385/2385 2392/2392/2392 2387/2387/2387
f 2389/2389/2389 2392/2392/2392 2385/2385/2385
f 2386/2386/2386 2393/2393/2393 2389/2389/2389
f 2390/2390/2390 2393/2393/2393 2386/2386/2386
f 2370/2370/2370 2394/2394/2394 2390/2390/2390
f 2365/2365/2365 2394/2394/2394 2370/2370/2370
f 2389/2389/2389 2395/2395/2395 2392/2392/2392
f 2393/2393/2393 2395/2395/2395 2389/2389/2389
f 2392/2392/2392 2396/2396/2396 2387/2387/2387
f 2395/2395/2395 2396/2396/2396 2392/2392/2392
f 2390/2390/2390 2397/2397/2397 2393/2393/2393
f 2394/2394/2394 2397/2397/2397 2390/2390/2390
f 2394/2394/2394 2365/2365/2365 2398/2398/2398
f 2365/2365/2365 2366/2366/2366 2398/2398/2398
f 2393/2393/2393 2399/2399/2399 2395/2395/2395
f 2397/2397/2397 2399/2399/2399 2393/2393/2393
f 2394/2394/2394 2398/2398/2398 2400/2400/2400
f 2394/2394/2394 2400/2400/2400 2397/2397/2397
f 2366/2366/2366 2401/2401/2401 2398/2398/2398
f 2400/2400/2400 2398/2398/2398 2401/2401/2401
f 2397/2397/2397 2400/2400/2400 2402/2402/2402
f 2400/2400/2400 2401/2401/2401 2402/2402/2402
f 2366/2366/2366 2403/2403/2403 2401/2401/2401
f 2402/2402/2402 2401/2401/2401 2403/2403/2403
f 2366/2366/2366 2404/2404/2404 2403/2403/2403
f 2397/2397/2397 2402/2402/2402 2405/2405/2405
f 2399/2399/2399 2397/2397/2397 2405/2405/2405
f 2399/2399/2399 2406/2406/2406 2395/2395/2395
f 2395/2395/2395 2406/2406/2406 2396/2396/2396
f 2402/2402/2402 2403/2403/2403 2407/2407/2407
f 2405/2405/2405 2402/2402/2402 2407/2407/2407
f 2399/2399/2399 2405/2405/2405 2408/2408/2408
f 2399/2399/2399 2408/2408/2408 2406/2406/2406
f 2408/2408/2408 2405/2405/2405 2409/2409/2409
f 2405/2405/2405 2407/2407/2407 2409/2409/2409
f 2410/2410/2410 2407/2407/2407 2403/2403/2403
f 2410/2410/2410 2403/2403/2403 2404/2404/2404
f 2410/2410/2410 2411/2411/2411 2407/2407/2407
f 2409/2409/2409 2407/2407/2407 2411/2411/2411
f 2408/2408/2408 2409/2409/2409 2412/2412/2412
f 2408/2408/2408 2412/2412/2412 2406/2406/2406
f 2413/2413/2413 2410/2410/2410 2404/2404/2404
f 2410/2410/2410 2413/2413/2413 2411/2411/2411
f 2414/2414/2414 2409/2409/2409 2411/2411/2411
f 2412/2412/2412 2409/2409/2409 2414/2414/2414
f 2413/2413/2413 2404/2404/2404 2415/2415/2415
f 2404/2404/2404 2416/2416/2416 2415/2415/2415
f 2413/2413/2413 2415/2415/2415 2417/2417/2417
f 2413/2413/2413 2418/2418/2418 2411/2411/2411
f 2413/2413/2413 2417/2417/2417 2418/2418/2418
f 2411/2411/2411 2418/2418/2418 2414/2414/2414
f 2418/2418/2418 2417/2417/2417 2419/2419/2419
f 2418/2418/2418 2419/2419/2419 2414/2414/2414
f 2420/2420/2420 2414/2414/2414 2419/2419/2419
f 2420/2420/2420 2412/2412/2412 2414/2414/2414
f 2421/2421/2421 2420/2420/2420 2419/2419/2419
f 2412/2412/2412 2422/2422/2422 2406/2406/2406
f 2422/2422/2422 2412/2412/2412 2420/2420/2420
f 2423/2423/2423 2420/2420/2420 2421/2421/2421
f 2423/2423/2423 2422/2422/2422 2420/2420/2420
f 2423/2423/2423 2421/2421/2421 2424/2424/2424
f 2423/2423/2423 2424/2424/2424 2425/2425/2425
f 2406/2406/2406 2422/2422/2422 2426/2426/2426
f 2406/2406/2406 2426/2426/2426 2396/2396/2396
f 2423/2423/2423 2427/2427/2427 2422/2422/2422
f 2422/2422/2422 2427/2427/2427 2426/2426/2426
f 2428/2428/2428 2423/2423/2423 2425/2425/2425
f 2423/2423/2423 2428/2428/2428 2427/2427/2427
f 2428/2428/2428 2425/2425/2425 2429/2429/2429
f 2428/2428/2428 2429/2429/2429 2427/2427/2427
f 2425/2425/2425 2430/2430/2430 2429/2429/2429
f 2429/2429/2429 2430/2430/2430 2431/2431/2431
f 2426/2426/2426 2432/2432/2432 2396/2396/2396
f 2432/2432/2432 2387/2387/2387 2396/2396/2396
f 2388/2388/2388 2387/2387/2387 2432/2432/2432
f 2427/2427/2427 2433/2433/2433 2426/2426/2426
f 2429/2429/2429 2433/2433/2433 2427/2427/2427
f 2433/2433/2433 2432/2432/2432 2426/2426/2426
f 2434/2434/2434 2429/2429/2429 2431/2431/2431
f 2429/2429/2429 2434/2434/2434 2433/2433/2433
f 2434/2434/2434 2431/2431/2431 2214/2214/2214
f 2435/2435/2435 2388/2388/2388 2432/2432/2432
f 2391/2391/2391 2388/2388/2388 2435/2435/2435
f 2432/2432/2432 2433/2433/2433 2436/2436/2436
f 2434/2434/2434 2436/2436/2436 2433/2433/2433
f 2435/2435/2435 2432/2432/2432 2436/2436/2436
f 2437/2437/2437 2434/2434/2434 2214/2214/2214
f 2434/2434/2434 2437/2437/2437 2436/2436/2436
f 2213/2213/2213 2437/2437/2437 2214/2214/2214
f 2438/2438/2438 2391/2391/2391 2435/2435/2435
f 2245/2245/2245 2391/2391/2391 2438/2438/2438
f 2435/2435/2435 2436/2436/2436 2439/2439/2439
f 2437/2437/2437 2439/2439/2439 2436/2436/2436
f 2438/2438/2438 2435/2435/2435 2439/2439/2439
f 2437/2437/2437 2213/2213/2213 2440/2440/2440
f 2437/2437/2437 2440/2440/2440 2439/2439/2439
f 2438/2438/2438 2439/2439/2439 2440/2440/2440
f 2213/2213/2213 2215/2215/2215 2440/2440/2440
f 2215/2215/2215 2441/2441/2441 2440/2440/2440
f 2438/2438/2438 2440/2440/2440 2441/2441/2441
f 2215/2215/2215 2225/2225/2225 2441/2441/2441
f 2442/2442/2442 2245/2245/2245 2438/2438/2438
f 2438/2438/2438 2441/2441/2441 2442/2442/2442
f 2225/2225/2225 2442/2442/2442 2441/2441/2441
f 2442/2442/2442 2233/2233/2233 2245/2245/2245
f 2225/2225/2225 2233/2233/2233 2442/2442/2442
g body_header_back_2
f 2445/2445/2445 2444/2444/2444 2443/2443/2443
f 2446/2446/2446 2445/2445/2445 2443/2443/2443
f 2445/2445/2445 2446/2446/2446 2447/2447/2447
f 2450/2450/2450 2449/2449/2449 2448/2448/2448
f 2449/2449/2449 2451/2451/2451 2448/2448/2448
f 2451/2451/2451 2449/2449/2449 2452/2452/2452
f 2455/2455/2455 2454/2454/2454 2453/2453/2453
f 2456/2456/2456 2455/2455/2455 2453/2453/2453
f 2457/2457/2457 2455/2455/2455 2456/2456/2456
f 2458/2458/2458 2457/2457/2457 2456/2456/2456
f 2456/2456/2456 2453/2453/2453 2459/2459/2459
f 2458/2458/2458 2456/2456/2456 2460/2460/2460
f 2461/2461/2461 2456/2456/2456 2459/2459/2459
f 2456/2456/2456 2461/2461/2461 2460/2460/2460
f 2460/2460/2460 2461/2461/2461 2462/2462/2462
f 2461/2461/2461 2459/2459/2459 2463/2463/2463
f 2461/2461/2461 2464/2464/2464 2462/2462/2462
f 2464/2464/2464 2461/2461/2461 2463/2463/2463
f 2462/2462/2462 2464/2464/2464 2465/2465/2465
f 2466/2466/2466 2464/2464/2464 2463/2463/2463
f 2464/2464/2464 2466/2466/2466 2465/2465/2465
f 2467/2467/2467 2466/2466/2466 2463/2463/2463
f 2466/2466/2466 2467/2467/2467 2468/2468/2468
f 2465/2465/2465 2466/2466/2466 2469/2469/2469
f 2469/2469/2469 2466/2466/2466 2468/2468/2468
f 2470/2470/2470 2465/2465/2465 2469/2469/2469
f 2469/2469/2469 2468/2468/2468 2471/2471/2471
f 2470/2470/2470 2469/2469/2469 2472/2472/2472
f 2472/2472/2472 2469/2469/2469 2471/2471/2471
f 2473/2473/2473 2470/2470/2470 2472/2472/2472
f 2472/2472/2472 2471/2471/2471 2474/2474/2474
f 2473/2473/2473 2472/2472/2472 2475/2475/2475
f 2475/2475/2475 2472/2472/2472 2474/2474/2474
f 2476/2476/2476 2473/2473/2473 2475/2475/2475
f 2475/2475/2475 2474/2474/2474 2477/2477/2477
f 2476/2476/2476 2475/2475/2475 2478/2478/2478
f 2479/2479/2479 2475/2475/2475 2477/2477/2477
f 2475/2475/2475 2479/2479/2479 2478/2478/2478
f 2477/2477/2477 2480/2480/2480 2479/2479/2479
f 2481/2481/2481 2478/2478/2478 2479/2479/2479
f 2480/2480/2480 2482/2482/2482 2479/2479/2479
f 2482/2482/2482 2481/2481/2481 2479/2479/2479
f 2480/2480/2480 2483/2483/2483 2482/2482/2482
f 2482/2482/2482 2484/2484/2484 2481/2481/2481
f 2483/2483/2483 2484/2484/2484 2482/2482/2482
f 2484/2484/2484 2485/2485/2485 2481/2481/2481
f 2483/2483/2483 2486/2486/2486 2484/2484/2484
f 2484/2484/2484 2487/2487/2487 2485/2485/2485
f 2486/2486/2486 2487/2487/2487 2484/2484/2484
f 2487/2487/2487 2488/2488/2488 2485/2485/2485
f 2488/2488/2488 2487/2487/2487 2489/2489/2489
f 2490/2490/2490 2487/2487/2487 2486/2486/2486
f 2487/2487/2487 2490/2490/2490 2489/2489/2489
f 2491/2491/2491 2490/2490/2490 2486/2486/2486
f 2490/2490/2490 2491/2491/2491 2492/2492/2492
f 2489/2489/2489 2490/2490/2490 2493/2493/2493
f 2494/2494/2494 2490/2490/2490 2492/2492/2492
f 2490/2490/2490 2494/2494/2494 2493/2493/2493
f 2494/2494/2494 2492/2492/2492 2495/2495/2495
f 2493/2493/2493 2494/2494/2494 2496/2496/2496
f 2496/2496/2496 2494/2494/2494 2495/2495/2495
f 2496/2496/2496 2495/2495/2495 2497/2497/2497
f 2498/2498/2498 2493/2493/2493 2496/2496/2496
f 2499/2499/2499 2496/2496/2496 2497/2497/2497
f 2498/2498/2498 2496/2496/2496 2499/2499/2499
f 2500/2500/2500 2498/2498/2498 2499/2499/2499
f 2503/2503/2503 2502/2502/2502 2501/2501/2501
f 2502/2502/2502 2504/2504/2504 2501/2501/2501
f 2504/2504/2504 2502/2502/2502 2505/2505/2505
f 2502/2502/2502 2506/2506/2506 2505/2505/2505
f 2505/2505/2505 2506/2506/2506 2507/2507/2507
f 2506/2506/2506 2508/2508/2508 2507/2507/2507
f 2507/2507/2507 2508/2508/2508 2509/2509/2509
f 2508/2508/2508 2510/2510/2510 2509/2509/2509
f 2509/2509/2509 2510/2510/2510 2511/2511/2511
f 2510/2510/2510 2512/2512/2512 2511/2511/2511
f 2511/2511/2511 2512/2512/2512 2513/2513/2513
f 2512/2512/2512 2514/2514/2514 2513/2513/2513
f 2513/2513/2513 2514/2514/2514 2515/2515/2515
f 2514/2514/2514 2516/2516/2516 2515/2515/2515
f 2515/2515/2515 2516/2516/2516 2517/2517/2517
f 2516/2516/2516 2518/2518/2518 2517/2517/2517
f 2517/2517/2517 2518/2518/2518 2519/2519/2519
f 2518/2518/2518 2520/2520/2520 2519/2519/2519
f 2519/2519/2519 2520/2520/2520 2521/2521/2521
f 2522/2522/2522 2519/2519/2519 2521/2521/2521
f 2522/2522/2522 2521/2521/2521 2523/2523/2523
f 2521/2521/2521 2524/2524/2524 2523/2523/2523
f 2523/2523/2523 2524/2524/2524 2525/2525/2525
f 2524/2524/2524 2526/2526/2526 2525/2525/2525
f 2525/2525/2525 2526/2526/2526 2527/2527/2527
f 2526/2526/2526 2528/2528/2528 2527/2527/2527
f 2527/2527/2527 2528/2528/2528 2529/2529/2529
f 2528/2528/2528 2530/2530/2530 2529/2529/2529
f 2529/2529/2529 2530/2530/2530 2531/2531/2531
f 2530/2530/2530 2532/2532/2532 2531/2531/2531
f 2535/2535/2535 2534/2534/2534 2533/2533/2533
f 2533/2533/2533 2534/2534/2534 2536/2536/2536
f 2534/2534/2534 2537/2537/2537 2536/2536/2536
f 2536/2536/2536 2537/2537/2537 2538/2538/2538
f 2537/2537/2537 2539/2539/2539 2538/2538/2538
f 2538/2538/2538 2539/2539/2539 2540/2540/2540
f 2539/2539/2539 2541/2541/2541 2540/2540/2540
f 2540/2540/2540 2541/2541/2541 2542/2542/2542
f 2541/2541/2541 2543/2543/2543 2542/2542/2542
f 2542/2542/2542 2543/2543/2543 2544/2544/2544
f 2543/2543/2543 2545/2545/2545 2544/2544/2544
f 2544/2544/2544 2545/2545/2545 2546/2546/2546
f 2545/2545/2545 2547/2547/2547 2546/2546/2546
f 2546/2546/2546 2547/2547/2547 2548/2548/2548
f 2547/2547/2547 2549/2549/2549 2548/2548/2548
f 2548/2548/2548 2549/2549/2549 2550/2550/2550
f 2551/2551/2551 2548/2548/2548 2550/2550/2550
f 2551/2551/2551 2550/2550/2550 2552/2552/2552
f 2550/2550/2550 2553/2553/2553 2552/2552/2552
f 2552/2552/2552 2553/2553/2553 2554/2554/2554
f 2553/2553/2553 2555/2555/2555 2554/2554/2554
f 2554/2554/2554 2555/2555/2555 2556/2556/2556
f 2555/2555/2555 2557/2557/2557 2556/2556/2556
f 2558/2558/2558 2556/2556/2556 2557/2557/2557
