g body_fringe
v 0.3543428 0.55395496 -1.3883226E-06
v 0.3543428 0.55395496 -0.0025027771
v 0.3527491 0.53190297 2.2750284E-17
v 0.35207877 0.53190297 -0.002569937
v 0.34900826 0.50491846 2.8805066E-18
v 0.3474837 0.50491846 -0.003657581
v 0.34558925 0.47691914 -6.9129424E-11
v 0.35093865 0.53190297 -0.0046477583
v 0.3453987 0.50491846 -0.0063915187
v 0.3404831 0.47689095 -0.007770566
v 0.34617618 0.53190297 -0.0068496685
v 0.3504714 0.55395496 -0.002502779
v 0.33765694 0.50491846 -0.012165904
v 0.2923483 0.53190297 -0.0075332928
v 0.29160115 0.55395496 -0.002502779
v 0.3383218 0.4543551 -0.008277008
v 0.34445116 0.4543856 0.00015388735
v 0.3303618 0.4768249 -0.016591456
v 0.2923483 0.50491846 -0.012964206
v 0.22784579 0.53190297 -0.0073053436
v 0.22699852 0.55395496 -0.0025027806
v 0.32661182 0.45429078 -0.018231386
v 0.32439405 0.42813426 -0.019455543
v 0.3370319 0.4281664 -0.008547316
v 0.34357175 0.42818165 0.00023254092
v 0.34269232 0.4019777 0.0003111945
v 0.33574197 0.4019777 -0.008817624
v 0.34217048 0.37107465 0.00031119445
v 0.2923483 0.45430017 -0.019434385
v 0.22784579 0.50491846 -0.012425139
v 0.33487758 0.37107465 -0.0089697745
v 0.32076362 0.37107465 -0.021017773
v 0.34164867 0.3401716 0.00031119442
v 0.33401322 0.3401716 -0.009121924
v 0.341492 0.30990657 0.00031119442
v 0.33374965 0.310078 -0.009174034
v 0.3413353 0.2796415 0.00031119442
v 0.32217628 0.4019777 -0.0206797
v 0.2923483 0.4019777 -0.021885984
v 0.31935096 0.3401716 -0.021355847
v 0.33348608 0.27998438 -0.009226144
v 0.34117863 0.24937646 0.00031119442
v 0.3189197 0.31029245 -0.021467254
v 0.2923483 0.3401716 -0.022726538
v 0.33322188 0.24981932 -0.009278378
v 0.34102193 0.21911143 0.00031119442
v 0.31848842 0.28041333 -0.02157866
v 0.3329577 0.21965425 -0.009330612
v 0.34086522 0.18884638 0.00031119442
v 0.2923483 0.37107465 -0.022306262
v 0.22784579 0.4019777 -0.021056646
v 0.22784579 0.3401716 -0.02219568
v 0.29233035 0.31027746 -0.02284061
v 0.31805477 0.25037262 -0.02169067
v 0.33269143 0.1892535 -0.009383254
v 0.34070858 0.15858133 0.0003111944
v 0.2923483 0.42813894 -0.020660184
v 0.29231238 0.28038332 -0.022954682
v 0.31762117 0.22033194 -0.021802677
v 0.33242518 0.15885274 -0.009435896
v 0.3405519 0.12831628 0.00031119437
v 0.29229435 0.2503356 -0.023069339
v 0.22747694 0.28016242 -0.022557646
v 0.317176 0.18949257 -0.021917665
v 0.3321589 0.12845199 -0.009488538
v 0.3403952 0.098051235 0.00031119437
v 0.22766137 0.31016704 -0.022376662
v 0.2922763 0.22028787 -0.023183996
v 0.3167309 0.15865318 -0.022032652
v 0.2922578 0.18945827 -0.023301637
v 0.2271068 0.21994407 -0.022920875
v 0.33189264 0.098051235 -0.00954118
v 0.3405393 0.06230067 0.00031119437
v 0.3321418 0.062772 -0.009541179
v 0.34068337 0.026550109 0.00031119437
v 0.31585613 0.098051235 -0.02225861
v 0.3162935 0.12835221 -0.02214563
v 0.3323909 0.027492762 -0.009541178
v 0.34082744 -0.009200453 0.00031119437
v 0.3163909 0.0633596 -0.022258608
v 0.33264676 -0.008738853 -0.009541177
v 0.3409715 -0.044951014 0.00031119437
v 0.29223928 0.15862866 -0.02341928
v 0.29220292 0.09805123 -0.023650436
v 0.31692564 0.02866797 -0.022258606
v 0.33290264 -0.044970468 -0.009541176
v 0.34111556 -0.080701575 0.00031119437
v 0.29222113 0.12833993 -0.023534857
v 0.22635756 0.09805123 -0.023656113
v 0.29220295 0.063323595 -0.02365531
v 0.22672987 0.15862332 -0.023290752
v 0.31749305 -0.008141522 -0.022258604
v 0.33315322 -0.080452286 -0.009541175
v 0.34125963 -0.116452135 0.00031119437
v 0.29220295 0.02859596 -0.023660187
v 0.3180605 -0.044951014 -0.0222586
v 0.33340377 -0.11593411 -0.009541175
v 0.3414037 -0.15220271 0.00031119437
v 0.29220295 -0.008184823 -0.02366535
v 0.22600436 0.028016804 -0.023663187
v 0.31860256 -0.080117986 -0.0222586
v 0.33365807 -0.15194368 -0.009541173
v 0.3415478 -0.18795326 0.00031119437
v 0.22618096 0.06303402 -0.02365965
v 0.29220295 -0.044965606 -0.023670513
v 0.3191447 -0.11528496 -0.022258598
v 0.33391234 -0.18795326 -0.0095411725
v 0.34199166 -0.22807734 0.0003111944
v 0.29220295 -0.08014965 -0.023675451
v 0.22563635 -0.044957593 -0.02367056
v 0.31970474 -0.1516191 -0.022258595
v 0.3345325 -0.22756536 -0.009648169
v 0.34243557 -0.26820144 0.00031119442
v 0.22582035 -0.008470396 -0.023666874
v 0.29220295 -0.11533369 -0.02368039
v 0.32026482 -0.18795326 -0.022258593
v 0.33515263 -0.26717746 -0.009755167
v 0.3428795 -0.3083255 0.00031119442
v 0.29220295 -0.15164347 -0.023685489
v 0.22527981 -0.11565379 -0.023677705
v 0.32161847 -0.22692947 -0.022384496
v 0.33578882 -0.30781353 -0.009864931
v 0.34332338 -0.3484496 0.00031119442
v 0.22545807 -0.08030569 -0.023674132
v 0.29220292 -0.18795326 -0.023690585
v 0.22491518 -0.18795326 -0.023685008
v 0.32297212 -0.2659057 -0.0225104
v 0.29220295 -0.22699328 -0.02376203
v 0.22509749 -0.15180352 -0.023681356
v 0.33642498 -0.3484496 -0.009974695
v 0.3380586 -0.38801542 -0.009585353
v 0.34484768 -0.38801542 0.0002780558
v 0.34637198 -0.42758122 0.00024491717
v 0.32440546 -0.30717763 -0.02264372
v 0.29220295 -0.2660333 -0.023833474
v 0.3258388 -0.3484496 -0.02277704
v 0.29220295 -0.30724144 -0.023908887
v 0.22454719 -0.26666 -0.02353741
v 0.22473119 -0.22730663 -0.023611208
v 0.17143093 -0.22755276 -0.02349262
v 0.3396922 -0.42758122 -0.00919601
v 0.34058863 -0.44929132 -0.008534011
v 0.3472103 -0.4493416 0.00015388735
v 0.34191263 -0.46550956 -0.0073805125
v 0.3480324 -0.46555185 -5.8535045E-11
v 0.34525165 -0.4829546 -0.006280482
v 0.35028526 -0.4829546 7.682037E-18
v 0.35136503 -0.5054166 -0.0022624328
v 0.35274357 -0.5054166 0
v 0.3543428 -0.52329195 -0.0025027767
v 0.3488788 -0.50541663 -0.0049393503
v 0.35047135 -0.52329195 -0.002502779
v 0.33823165 -0.4829546 -0.013865846
v 0.34601855 -0.5054166 -0.007622931
v 0.32133713 -0.52329195 -0.002502779
v 0.33409187 -0.4654994 -0.017331362
v 0.29220292 -0.5054166 -0.008151267
v 0.29220292 -0.52329195 -0.002502779
v 0.259687 -0.52329195 -0.002502779
v 0.29220292 -0.4829546 -0.014508607
v 0.22631752 -0.5054166 -0.007908525
v 0.2271711 -0.52329195 -0.002502779
v 0.199301 -0.52329195 -0.002502779
v 0.3323354 -0.44930568 -0.018594038
v 0.29220292 -0.46549478 -0.018295487
v 0.22525525 -0.4829546 -0.013890356
v 0.17143093 -0.5054166 -0.007706304
v 0.17143093 -0.52329195 -0.002502779
v 0.14156099 -0.523292 -0.002502779
v 0.33093604 -0.42758122 -0.020312613
v 0.29220292 -0.4493073 -0.019860163
v 0.22461179 -0.4654873 -0.017820708
v 0.17143093 -0.4829546 -0.013393295
v 0.11139472 -0.5054166 -0.007734974
v 0.11169102 -0.523292 -0.002502779
v 0.07781678 -0.523292 -0.002502779
v 0.32838744 -0.38801542 -0.021544827
v 0.29220292 -0.42758122 -0.021612417
v 0.22433475 -0.44931003 -0.019746263
v 0.17143093 -0.46548134 -0.017447153
v 0.11109054 -0.4829546 -0.013222349
v 0.077812366 -0.5054166 -0.0077510113
v 0.043942526 -0.52329195 -0.002502755
v 0.043942526 -0.5054166 -0.007767162
v 0.07780822 -0.4829546 -0.01312806
v 0.043942526 -0.4829546 -0.013032118
v 0.110853806 -0.4654746 -0.017490273
v 0.17143093 -0.44931212 -0.019657476
v 0.07780479 -0.46547094 -0.0175138
v 0.11072121 -0.44931456 -0.020058712
v 0.17143093 -0.42758116 -0.02121612
v 0.22413836 -0.42758122 -0.021389073
v 0.29220295 -0.38801542 -0.022798358
v 0.29220295 -0.3484496 -0.0239843
v 0.22416483 -0.3484496 -0.023384033
v 0.2241516 -0.38801542 -0.022386553
v 0.17143093 -0.38801536 -0.022067456
v 0.22435601 -0.3075548 -0.023460722
v 0.17143093 -0.26715228 -0.023304662
v 0.17143093 -0.30780092 -0.023111725
v 0.17143093 -0.3484496 -0.022918789
v 0.11083249 -0.38801542 -0.022266153
v 0.11066498 -0.42758122 -0.021557806
v 0.07780313 -0.44931585 -0.020276273
v 0.043942526 -0.46546718 -0.017537905
v 0.0109 -0.4829546 -0.012424686
v 0.043942526 -0.5054166 -0.007767162
v 0.0109 -0.5054166 -0.007767162
v 0.0109 -0.46546718 -0.016930476
v 0.043942526 -0.44931722 -0.020500062
v 0.0109 -0.44931722 -0.019708466
v 0.0109 -0.42758122 -0.021284372
v 0.043942526 -0.42758122 -0.021932987
v 0.0109 -0.38801542 -0.022160085
v 0.07780351 -0.42758122 -0.021742588
v 0.07780671 -0.38801542 -0.022373911
v 0.043942526 -0.38801542 -0.022484405
v 0.0109 -0.3484496 -0.023035798
v 0.111 -0.34844962 -0.0229745
v 0.043942526 -0.3484496 -0.023035822
v 0.0109 -0.3083255 -0.023501499
v 0.07780983 -0.34844962 -0.02300485
v 0.11102517 -0.30804926 -0.023297787
v 0.077813365 -0.30818602 -0.023398655
v 0.043942526 -0.3083255 -0.023501521
v 0.0109 -0.26820144 -0.023967199
v 0.111050345 -0.26764888 -0.023621073
v 0.043942526 -0.26820144 -0.023967223
v 0.0109 -0.22807734 -0.024432901
v 0.07781681 -0.2679225 -0.023792494
v 0.11107516 -0.22780108 -0.023939935
v 0.07782034 -0.22793794 -0.024184143
v 0.043942526 -0.22807734 -0.024432926
v 0.0109 -0.18795326 -0.024898602
v 0.17143093 -0.18795326 -0.023680577
v 0.111099996 -0.18795331 -0.0242588
v 0.043942526 -0.18795326 -0.024898624
v 0.0109 -0.15220271 -0.024898604
v 0.0778238 -0.18795328 -0.02457583
v 0.17143093 -0.15193234 -0.023678092
v 0.043942526 -0.15220271 -0.024898628
v 0.0109 -0.116452135 -0.024898605
v 0.07782736 -0.15213077 -0.024575079
v 0.1111502 -0.15206003 -0.024256894
v 0.17143093 -0.11591144 -0.023675608
v 0.11120039 -0.11616675 -0.024254987
v 0.043942526 -0.116452135 -0.02489863
v 0.0109 -0.080701575 -0.024898607
v 0.07783087 -0.11630835 -0.024574326
v 0.17143093 -0.08043122 -0.02367316
v 0.043942526 -0.080701575 -0.024898631
v 0.0109 -0.044951014 -0.02489861
v 0.07783436 -0.08062973 -0.02457358
v 0.111250184 -0.080558896 -0.024253095
v 0.17143093 -0.044951014 -0.023670712
v 0.11129999 -0.04495105 -0.0242512
v 0.043942526 -0.044951014 -0.024898633
v 0.0109 -0.009200453 -0.024898613
v 0.077837884 -0.044951033 -0.024572836
v 0.17143093 -0.008705879 -0.023668213
v 0.043942526 -0.009200453 -0.024898637
v 0.0109 0.026550109 -0.024898615
v 0.07784139 -0.009068831 -0.024572084
v 0.11135037 -0.008938721 -0.024249285
v 0.17143093 0.027539257 -0.023665711
v 0.11140074 0.02707361 -0.024247373
v 0.043942526 0.026550109 -0.024898639
v 0.0109 0.06230067 -0.024898617
v 0.07784493 0.026813203 -0.024571333
v 0.17143093 0.062795244 -0.02366328
v 0.11145037 0.062562406 -0.024245486
v 0.07784847 0.06243212 -0.024570592
v 0.043942526 0.06230067 -0.024898643
v 0.17143093 0.098051235 -0.023660848
v 0.043942515 0.098051235 -0.024898661
v 0.0109 0.098051235 -0.024898637
v 0.07785198 0.09805121 -0.024569863
v 0.1115 0.098051205 -0.0242436
v 0.043942526 0.12831628 -0.024771756
v 0.0109 0.12831628 -0.024771731
v 0.0109 0.15858133 -0.024644842
v 0.07785514 0.12832074 -0.024445126
v 0.1115483 0.12832518 -0.024120608
v 0.17143093 0.12833308 -0.023542358
v 0.043942515 0.15858133 -0.024644885
v 0.0109 0.18884638 -0.024517955
v 0.07785825 0.15859026 -0.024320403
v 0.111596584 0.15859914 -0.023997618
v 0.22654371 0.12833726 -0.023473432
v 0.17143093 0.15861492 -0.02342387
v 0.043942526 0.18884638 -0.02451798
v 0.0109 0.21911143 -0.024391068
v 0.07786138 0.18892653 -0.02419539
v 0.111645095 0.18900636 -0.023874084
v 0.17143093 0.18914743 -0.023304397
v 0.043942515 0.21911143 -0.024391115
v 0.0109 0.24937646 -0.02426418
v 0.077864535 0.2192627 -0.024070395
v 0.1116936 0.21941356 -0.02375055
v 0.22691832 0.1892837 -0.023105813
v 0.17143093 0.21967994 -0.023184925
v 0.043942526 0.24937646 -0.024264203
v 0.0109 0.2796415 -0.024137292
v 0.07786765 0.24949975 -0.023945773
v 0.11174178 0.24962287 -0.023627821
v 0.17143093 0.2498399 -0.023066914
v 0.043942515 0.2796415 -0.024137333
v 0.0109 0.30990657 -0.024010403
v 0.07787073 0.27973685 -0.02382117
v 0.11178998 0.2798322 -0.02350509
v 0.22729187 0.25005326 -0.02273926
v 0.17143093 0.27999988 -0.0229489
v 0.043942526 0.30990657 -0.024010425
v 0.0109 0.3401716 -0.02388353
v 0.07787388 0.30995423 -0.023696626
v 0.17143093 0.31008574 -0.022831177
v 0.1118381 0.3100019 -0.02338252
v 0.043942515 0.3401716 -0.023883555
v 0.0109 0.37107465 -0.02283751
v 0.07787701 0.34017164 -0.023572098
v 0.111886226 0.3401716 -0.023259953
v 0.043942526 0.37107465 -0.022837535
v 0.0109 0.4019777 -0.021791508
v 0.07788115 0.37107465 -0.022613982
v 0.17143093 0.3401716 -0.022713453
v 0.043942526 0.4019777 -0.02179153
v 0.0109 0.42817298 -0.02095308
v 0.111886226 0.37107465 -0.02238999
v 0.17143093 0.37107465 -0.021997768
v 0.07788536 0.4019777 -0.021655893
v 0.043942526 0.42817298 -0.020953104
v 0.0109 0.45436832 -0.020114653
v 0.111886226 0.4019777 -0.021520024
v 0.077888966 0.4281683 -0.020772193
v 0.17143093 0.4019777 -0.021282082
v 0.22784579 0.37107465 -0.021626163
v 0.111886226 0.42816368 -0.020591011
v 0.17143093 0.4281555 -0.020273684
v 0.22784579 0.4281478 -0.01997303
v 0.22784579 0.4543179 -0.018889418
v 0.17143093 0.45433336 -0.019265283
v 0.111886226 0.45434967 -0.019662
v 0.2923483 0.47682795 -0.017644899
v 0.22784582 0.4768331 -0.017074265
v 0.17143093 0.4768376 -0.017339956
v 0.077892564 0.45435897 -0.019888485
v 0.17143093 0.50491846 -0.012558321
v 0.111886226 0.4768423 -0.017620387
v 0.17143093 0.53190297 -0.0075225905
v 0.17143093 0.55395496 -0.0025027806
v 0.111886226 0.50491846 -0.012698889
v 0.111886226 0.53190297 -0.0077518895
v 0.11087737 0.55395496 -0.002502779
v 0.08225596 0.55395496 -0.002502779
v 0.077897325 0.476845 -0.01778046
v 0.07791438 0.53190297 -0.0078827115
v 0.053634554 0.55395496 -0.002502779
v 0.077905945 0.50491846 -0.012779108
v 0.043942537 0.53190297 -0.008013509
v 0.043942537 0.55395496 -0.002502755
v 0.043942526 0.50491846 -0.012859287
v 0.0109 0.50491846 -0.011969208
v 0.0109 0.53190297 -0.008013509
v 0.043942526 0.4768477 -0.017940374
v 0.0109 0.4768477 -0.017385526
v 0.0109 0.50491846 -0.011969208
v 0.043942526 0.45436832 -0.020114677
v -0.043942537 0.53190297 -0.0073779686
v -0.043942526 0.55395496 -0.002502779
v -0.05363455 0.55395496 -0.002502779
v -0.07791438 0.53190297 -0.007326122
v -0.08225596 0.55395496 -0.002502779
v -0.043942526 0.50491846 -0.012859287
v -0.11188622 0.53190297 -0.007274274
v -0.11087737 0.55395496 -0.002502779
v -0.17143092 0.53190297 -0.0071833977
v -0.17143093 0.55395496 -0.002502779
v -0.22784579 0.53190297 -0.007097298
v -0.22699852 0.55395496 -0.002502779
v -0.2923483 0.53190297 -0.007472612
v -0.29160112 0.55395496 -0.002502779
v -0.35048637 0.55395496 -0.002502779
v -0.34619817 0.53190297 -0.0069166697
v -0.3543578 0.55395496 -0.0025027767
v -0.2923483 0.50491846 -0.012964238
v -0.22784579 0.50491846 -0.012425161
v -0.17143093 0.50491846 -0.012558335
v -0.111886226 0.50491846 -0.012698898
v -0.07791438 0.50491846 -0.012779093
v -0.07791438 0.476845 -0.01778039
v -0.043942526 0.4768477 -0.017940374
v -0.043942515 0.45436832 -0.020114677
v -0.111886226 0.4768423 -0.017620405
v -0.17143093 0.4768376 -0.017339988
v -0.22784579 0.4768331 -0.01707431
v -0.2923483 0.47682795 -0.017644962
v -0.07791437 0.45435897 -0.01988835
v -0.043942526 0.42817298 -0.020953104
v -0.111886226 0.45434967 -0.019662024
v -0.17143093 0.45433336 -0.01926533
v -0.22784579 0.4543179 -0.018889483
v -0.33767194 0.50491846 -0.012165904
v -0.2923483 0.45430017 -0.019434478
v -0.3509536 0.53190297 -0.0046477583
v -0.33037683 0.4768249 -0.016591456
v -0.34541368 0.50491846 -0.0063915187
v -0.35209376 0.53190297 -0.002569937
v -0.35276413 0.53190297 2.9019875E-17
v -0.3543578 0.55395496 -1.3883226E-06
v -0.34902325 0.50491846 2.8805066E-18
v -0.3474987 0.50491846 -0.003657581
v -0.34560424 0.47691914 -6.9129424E-11
v -0.34049806 0.47689095 -0.007770566
v -0.32662684 0.45429078 -0.018231386
v -0.3383368 0.4543551 -0.008277008
v -0.34446618 0.4543856 0.00015388735
v -0.2923483 0.42813894 -0.020660259
v -0.33704686 0.4281664 -0.008547316
v -0.3435867 0.42818165 0.00023254092
v -0.32440904 0.42813426 -0.019455543
v -0.33575696 0.4019777 -0.008817624
v -0.34270725 0.4019777 0.0003111945
v -0.32219124 0.4019777 -0.0206797
v -0.3348926 0.37107465 -0.0089697745
v -0.34218544 0.37107465 0.00031119445
v -0.22784579 0.4281478 -0.019973084
v -0.2923483 0.4019777 -0.021886041
v -0.3207786 0.37107465 -0.021017773
v -0.3340282 0.3401716 -0.009121924
v -0.3416636 0.3401716 0.00031119442
v -0.22784579 0.4019777 -0.021056687
v -0.2923483 0.37107465 -0.022306353
v -0.17143093 0.4281555 -0.020273719
v -0.31936595 0.3401716 -0.021355847
v -0.33376464 0.310078 -0.009174034
v -0.34150693 0.30990657 0.00031119442
v -0.17143093 0.4019777 -0.02128211
v -0.111886226 0.42816368 -0.020591034
v -0.2923483 0.3401716 -0.022726668
v -0.31893468 0.31029245 -0.021467254
v -0.33350107 0.27998438 -0.009226144
v -0.34135026 0.2796415 0.00031119442
v -0.111886226 0.4019777 -0.021520039
v -0.07791438 0.4281683 -0.020772068
v -0.07791214 0.4019777 -0.021655794
v -0.043942537 0.4019777 -0.02179153
v -0.043942526 0.37107465 -0.022837535
v -0.31850338 0.28041333 -0.02157866
v -0.33323687 0.24981932 -0.009278378
v -0.3411936 0.24937646 0.00031119442
v -0.3180698 0.25037262 -0.02169067
v -0.33297268 0.21965425 -0.009330612
v -0.3410369 0.21911143 0.00031119442
v -0.31763616 0.22033194 -0.021802677
v -0.33270642 0.1892535 -0.009383254
v -0.34088022 0.18884638 0.00031119442
v -0.317191 0.18949257 -0.021917665
v -0.33244014 0.15885274 -0.009435896
v -0.34072354 0.15858133 0.0003111944
v -0.31674585 0.15865318 -0.022032652
v -0.33217388 0.12845199 -0.009488538
v -0.34056687 0.12831628 0.00031119437
v -0.3404102 0.098051235 0.00031119437
v -0.3163085 0.12835221 -0.02214563
v -0.2922763 0.22028787 -0.023184132
v -0.2922578 0.18945827 -0.023301775
v -0.29223928 0.15862866 -0.02341942
v -0.29229435 0.2503356 -0.023069471
v -0.29222113 0.12833995 -0.023534998
v -0.2271068 0.21994407 -0.02292097
v -0.22672987 0.15862332 -0.023290848
v -0.29231238 0.28038332 -0.022954812
v -0.29233035 0.31027746 -0.02284074
v -0.22747694 0.28016242 -0.022557741
v -0.22784579 0.3401716 -0.022195771
v -0.22691832 0.1892837 -0.02310591
v -0.22729187 0.25005326 -0.022739355
v -0.22766137 0.31016704 -0.022376755
v -0.22784579 0.37107465 -0.021626228
v -0.17143093 0.37107465 -0.021997815
v -0.17143093 0.3401716 -0.022713518
v -0.17143093 0.31008574 -0.022831243
v -0.17143093 0.27999985 -0.022948965
v -0.17143093 0.24983989 -0.023066979
v -0.111886226 0.37107465 -0.022390014
v -0.111886226 0.3401716 -0.023259988
v -0.07790955 0.37107465 -0.022613807
v -0.07790691 0.3401716 -0.023571832
v -0.043942522 0.3401716 -0.023883538
v -0.043942526 0.30990657 -0.024010425
v -0.11183951 0.3100019 -0.02338243
v -0.1117928 0.2798322 -0.023504877
v -0.07790452 0.30995426 -0.023696303
v -0.07790213 0.27973697 -0.023820776
v -0.043942526 0.2796415 -0.024137316
v -0.043942526 0.24937646 -0.024264203
v -0.111746036 0.24962293 -0.023627484
v -0.07789975 0.2494999 -0.023945322
v -0.111699276 0.2194136 -0.023750091
v -0.07789741 0.21926287 -0.02406987
v -0.043942533 0.21911143 -0.024391094
v -0.043942526 0.18884638 -0.02451798
v -0.17143093 0.2196799 -0.02318499
v -0.111652195 0.18900637 -0.023873499
v -0.17143093 0.1891474 -0.023304462
v -0.077895 0.1889266 -0.02419481
v -0.17143093 0.1586149 -0.023423934
v -0.11160512 0.15859917 -0.02399691
v -0.07789264 0.15859027 -0.024319751
v -0.043942526 0.15858133 -0.024644867
v -0.043942526 0.12831628 -0.024771756
v -0.11155825 0.12832521 -0.024119778
v -0.17143093 0.12833308 -0.023542425
v -0.07789022 0.12832077 -0.02444442
v -0.077887826 0.09805123 -0.024569083
v -0.043942526 0.098051235 -0.024898645
v -0.043942526 0.06230067 -0.024898643
v -0.111511365 0.09805123 -0.024242645
v -0.22654371 0.12833728 -0.023473531
v -0.22635756 0.098051235 -0.023656214
v -0.17143092 0.09805123 -0.023660915
v -0.29220292 0.098051235 -0.023650577
v -0.31587112 0.098051235 -0.02225861
v -0.33190763 0.098051235 -0.00954118
v -0.31640586 0.0633596 -0.022258608
v -0.33215675 0.062772 -0.009541179
v -0.34055427 0.06230067 0.00031119437
v -0.29220295 0.0633236 -0.02365545
v -0.22618096 0.06303402 -0.02365975
v -0.17143093 0.062795244 -0.023663348
v -0.3324059 0.027492762 -0.009541178
v -0.34069833 0.026550109 0.00031119437
v -0.31694064 0.02866797 -0.022258606
v -0.29220295 0.028595967 -0.023660325
v -0.22600436 0.028016811 -0.023663288
v -0.33266178 -0.008738853 -0.009541177
v -0.34084243 -0.009200453 0.00031119437
v -0.31750807 -0.008141522 -0.022258604
v -0.29220295 -0.0081848195 -0.023665488
v -0.33291763 -0.044970468 -0.009541176
v -0.3409865 -0.044951014 0.00031119437
v -0.31807548 -0.044951014 -0.0222586
v -0.33316818 -0.080452286 -0.009541175
v -0.34113058 -0.080701575 0.00031119437
v -0.17143093 0.027539253 -0.023665778
v -0.29220295 -0.044965606 -0.02367065
v -0.31861755 -0.080117986 -0.0222586
v -0.33341876 -0.11593411 -0.009541175
v -0.34127465 -0.116452135 0.00031119437
v -0.29220295 -0.08014964 -0.023675589
v -0.22563635 -0.04495759 -0.023670658
v -0.22582035 -0.008470389 -0.023666974
v -0.31915966 -0.11528496 -0.022258598
v -0.33367306 -0.15194368 -0.009541173
v -0.3414187 -0.15220271 0.00031119437
v -0.17143093 -0.008705881 -0.02366828
v -0.29220295 -0.11533369 -0.023680527
v -0.31971973 -0.1516191 -0.022258595
v -0.33392736 -0.18795326 -0.0095411725
v -0.34156278 -0.18795326 0.00031119437
v -0.29220295 -0.15164347 -0.023685623
v -0.22527981 -0.11565379 -0.023677802
v -0.3202798 -0.18795326 -0.022258593
v -0.3345475 -0.22756536 -0.009648169
v -0.34200668 -0.22807734 0.0003111944
v -0.29220292 -0.18795326 -0.02369072
v -0.32163343 -0.22692947 -0.022384496
v -0.33516765 -0.26717746 -0.009755167
v -0.3424506 -0.26820144 0.00031119442
v -0.22545807 -0.08030569 -0.023674231
v -0.32298708 -0.2659057 -0.0225104
v -0.33580384 -0.30781353 -0.009864931
v -0.3428945 -0.3083255 0.00031119442
v -0.32442045 -0.30717763 -0.02264372
v -0.33644 -0.3484496 -0.009974695
v -0.3433384 -0.3484496 0.00031119442
v -0.3258538 -0.3484496 -0.02277704
v -0.33807358 -0.38801542 -0.009585353
v -0.34486267 -0.38801542 0.0002780558
v -0.32840243 -0.38801542 -0.021544825
v -0.33970723 -0.42758122 -0.00919601
v -0.34638697 -0.42758122 0.00024491717
v -0.33095104 -0.42758122 -0.020312611
v -0.3406036 -0.44929132 -0.008534011
v -0.34722528 -0.4493416 0.00015388735
v -0.3323504 -0.44930568 -0.018594038
v -0.34192762 -0.46550956 -0.0073805125
v -0.34804738 -0.46555185 -5.8535045E-11
v -0.33410686 -0.4654994 -0.017331362
v -0.34526667 -0.4829546 -0.006280482
v -0.35030028 -0.4829546 7.682037E-18
v -0.33824664 -0.4829546 -0.013865846
v -0.35137996 -0.5054166 -0.0022624328
v -0.35275856 -0.5054166 0
v -0.35435778 -0.52329195 -0.0025027767
v -0.34889376 -0.50541663 -0.0049393503
v -0.35048637 -0.52329195 -0.002502779
v -0.34603354 -0.50541663 -0.007622935
v -0.32134464 -0.52329195 -0.002502779
v -0.29220292 -0.4829546 -0.014508571
v -0.29220295 -0.50541663 -0.007922489
v -0.29220292 -0.52329195 -0.002502779
v -0.259687 -0.52329195 -0.002502779
v -0.22634669 -0.50541663 -0.007417172
v -0.22717106 -0.52329195 -0.002502779
v -0.19930099 -0.52329195 -0.002502779
v -0.29220292 -0.46549472 -0.018295495
v -0.22525525 -0.4829546 -0.013890329
v -0.17143093 -0.50541663 -0.0069958023
v -0.17143093 -0.52329195 -0.002502779
v -0.14170268 -0.52329195 -0.002502779
v -0.22461179 -0.46548724 -0.017820716
v -0.29220295 -0.4493073 -0.019860255
v -0.17143093 -0.4829546 -0.013393277
v -0.11174659 -0.5054166 -0.00678143
v -0.11197442 -0.52329195 -0.002502779
v -0.22433475 -0.44931003 -0.019746328
v -0.29220295 -0.42758122 -0.021612493
v -0.17143092 -0.46548134 -0.017447157
v -0.11139766 -0.4829546 -0.01322321
v -0.07784455 -0.5054166 -0.0066596614
v -0.07795847 -0.52329195 -0.002502779
v -0.22413836 -0.42758122 -0.021389127
v -0.29220295 -0.38801542 -0.022798402
v -0.07784494 -0.4829546 -0.013128159
v -0.043942526 -0.5054166 -0.0065378933
v -0.043942526 -0.52329195 -0.002502779
v -0.043942526 -0.4829546 -0.013032118
v -0.043942526 -0.46546718 -0.017537907
v -0.07784539 -0.46547088 -0.017513774
v -0.043942526 -0.44931722 -0.020500062
v -0.11116996 -0.4654746 -0.017490054
v -0.0778461 -0.44931588 -0.020276
v -0.043942526 -0.42758122 -0.021932987
v -0.111040436 -0.44931456 -0.020056628
v -0.07784746 -0.42758122 -0.02174235
v -0.043942526 -0.38801542 -0.022484405
v -0.17143093 -0.44931212 -0.01965752
v -0.11098077 -0.42758122 -0.021556053
v -0.17143093 -0.42758122 -0.02121616
v -0.0778504 -0.38801542 -0.022373527
v -0.2241516 -0.38801542 -0.022386584
v -0.077853344 -0.34844962 -0.023004694
v -0.043942526 -0.3484496 -0.023035822
v -0.043942526 -0.3083255 -0.023501521
v -0.17143093 -0.38801542 -0.022067476
v -0.11099098 -0.38801542 -0.022265159
v -0.22416483 -0.3484496 -0.02338404
v -0.11100117 -0.3484496 -0.022974266
v -0.07785643 -0.30818582 -0.02339818
v -0.0778595 -0.26792222 -0.023791725
v -0.043942526 -0.26820144 -0.023967223
v -0.043942526 -0.22807734 -0.024432926
v -0.29220292 -0.3484496 -0.023984311
v -0.29220292 -0.30724144 -0.023908932
v -0.17143093 -0.3484496 -0.022918794
v -0.11103513 -0.3080492 -0.023297077
v -0.22435601 -0.3075548 -0.023460751
v -0.17143093 -0.30780092 -0.023111746
v -0.29220292 -0.2660333 -0.023833549
v -0.22454719 -0.26666 -0.023537463
v -0.29220292 -0.22699328 -0.023762135
v -0.17143093 -0.26715228 -0.023304699
v -0.11106908 -0.26764885 -0.023619888
v -0.22491518 -0.18795326 -0.023685105
v -0.22473119 -0.22730663 -0.023611283
v -0.22509749 -0.15180352 -0.023681452
v -0.17143093 -0.22755276 -0.02349267
v -0.17143093 -0.18795326 -0.023680644
v -0.077862516 -0.2279378 -0.0241831
v -0.17143093 -0.15193236 -0.02367816
v -0.11110257 -0.22780104 -0.023938283
v -0.07786552 -0.18795326 -0.024574537
v -0.043942526 -0.18795326 -0.024898624
v -0.043942526 -0.15220271 -0.024898628
v -0.11113606 -0.18795326 -0.02425668
v -0.17143093 -0.11591145 -0.023675675
v -0.07786832 -0.15213071 -0.024573848
v -0.11118316 -0.15205999 -0.024254918
v -0.07787116 -0.11630821 -0.024573162
v -0.043942526 -0.116452135 -0.02489863
v -0.043942526 -0.080701575 -0.024898631
v -0.17143093 -0.08043124 -0.023673227
v -0.111230254 -0.1161667 -0.024253158
v -0.07787391 -0.08062966 -0.024572482
v -0.17143093 -0.044951018 -0.02367078
v -0.111276984 -0.08055886 -0.02425141
v -0.07787671 -0.044951018 -0.024571804
v -0.043942526 -0.044951014 -0.024898633
v -0.043942526 -0.009200453 -0.024898637
v -0.111323714 -0.044951018 -0.024249664
v -0.077879466 -0.009068705 -0.024571119
v -0.11137097 -0.008938688 -0.024247898
v -0.07788227 0.026813442 -0.024570433
v -0.043942526 0.026550109 -0.024898639
v -0.111418225 0.02707364 -0.02424613
v -0.077885084 0.062432256 -0.024569755
v -0.11146479 0.06256243 -0.024244389
v -0.35435778 -0.52329195 0.0025027767
v -0.35435778 -0.52329195 -0.0025027767
v -0.35275856 -0.5054166 0
v -0.35137996 -0.5054166 0.0022624328
v -0.35030028 -0.4829546 7.682037E-18
v -0.34889376 -0.50541663 0.0049393503
v -0.35048637 -0.52329195 0.002502779
v -0.34526667 -0.4829546 0.006280482
v -0.34804738 -0.46555185 -5.8535045E-11
v -0.3419268 -0.46550465 0.007456273
v -0.34722528 -0.4493416 0.00015388735
v -0.33824664 -0.4829546 0.014800213
v -0.34603354 -0.5054166 0.0076229344
v -0.3406038 -0.4492963 0.008879847
v -0.34638697 -0.42758122 0.00024491717
v -0.3373322 -0.5054166 0.0076229023
v -0.32134464 -0.52329195 0.002502779
v -0.33410683 -0.46549925 0.019346997
v -0.32384583 -0.4829546 0.014904998
v -0.29220292 -0.5054166 0.0076227374
v -0.29220292 -0.52329195 0.002502779
v -0.26200992 -0.5232919 0.002502779
v -0.29220292 -0.4829546 0.015135241
v -0.23181692 -0.5054166 0.007349089
v -0.23181692 -0.5232919 0.002502779
v -0.20162392 -0.5232919 0.002502779
v -0.31687078 -0.46549758 0.01960804
v -0.29220295 -0.46549526 0.019981638
v -0.17143092 -0.5054166 0.0070754397
v -0.17143093 -0.5232919 0.002502779
v -0.1285732 -0.5232919 0.002502779
v -0.17143092 -0.4829546 0.014389037
v -0.1285467 -0.5054166 0.0069409693
v -0.085715465 -0.5232919 0.002502779
v -0.085662484 -0.5054166 0.006806499
v -0.042857733 -0.5232919 0.002502779
v -0.08553751 -0.4829546 0.014177322
v -0.17143093 -0.46548364 0.019447552
v -0.29220292 -0.44930702 0.022119746
v -0.042831242 -0.5054166 0.0066721947
v -0 -0.4829546 0.013966485
v -0 -0.5054166 0.0065378905
v -0 -0.5232918 0.002502779
v 0.042857733 -0.5232919 0.002502779
v 0.042831246 -0.5054166 0.0066721975
v 0.085715465 -0.5232919 0.002502779
v -0.08545267 -0.46547538 0.019500697
v 0.08566249 -0.5054166 0.0068065054
v 0.1285732 -0.5232919 0.002502779
v 0.085537516 -0.4829546 0.014177332
v 0.1285467 -0.5054166 0.006940979
v 0.17143093 -0.52329195 0.002502779
v 0.17143093 -0.5054166 0.0070754527
v 0.20162392 -0.52329195 0.002502779
v 0.17143093 -0.4829546 0.014389056
v 0.23181692 -0.5054166 0.007349107
v 0.23181692 -0.52329195 0.002502779
v 0.26200992 -0.52329195 0.002502779
v 0.08545267 -0.46547538 0.019500693
v 0.29220292 -0.5054166 0.007622761
v 0.29220292 -0.52329195 0.002502779
v 0.32133713 -0.52329195 0.002502779
v 0.29220292 -0.4829546 0.015135275
v 0.33732468 -0.5054166 0.007622905
v 0.35047135 -0.52329195 0.002502779
v -0 -0.46546718 0.019553518
v 0.17143093 -0.46548364 0.019447546
v 0.34602457 -0.5054166 0.0076229325
v 0.32383552 -0.4829546 0.0149050085
v 0.3488788 -0.50541663 0.0049393503
v 0.3543428 -0.52329195 0.0025027767
v 0.29220292 -0.46549526 0.019981628
v 0.33823165 -0.4829546 0.014800213
v 0.31686196 -0.46549758 0.019608036
v -0.085429356 -0.4493142 0.022569107
v -0 -0.44931722 0.023059042
v -0 -0.42758122 0.025086382
v 0.08542935 -0.4493142 0.022569085
v 0.17143093 -0.44931123 0.022075847
v 0.29220292 -0.44930702 0.022119667
v 0.085460715 -0.42758122 0.024586609
v 0.17143093 -0.42758122 0.024083856
v -0.17143093 -0.44931123 0.02207589
v -0.17143093 -0.42758122 0.0240839
v -0.08546072 -0.42758122 0.024586631
v 0.085715465 -0.3484496 0.027215516
v 0.31266809 -0.4493063 0.021626735
v 0.29220292 -0.42758122 0.024215491
v 0.29594097 -0.3484496 0.027163282
v 0.17143093 -0.3484496 0.026778674
v 0.29407197 -0.26820144 0.02786981
v 0.33409184 -0.46549925 0.019346997
v 0.30754858 -0.42758122 0.023793487
v 0.17143093 -0.26820144 0.027645161
v 0.3323354 -0.4493056 0.021153022
v -0 -0.3484496 0.027652362
v 0.085715465 -0.26820144 0.028216872
v -0.085715465 -0.3484496 0.02721554
v -0 -0.26820144 0.028788585
v 0.085715465 -0.18795326 0.029218227
v -0.17143093 -0.3484496 0.026778717
v -0.29594097 -0.3484496 0.027163355
v -0.29407194 -0.26820144 0.027869904
v -0.085715465 -0.26820144 0.028216898
v 0.17143093 -0.18795328 0.028511649
v 0.17143093 -0.04495102 0.029818786
v -0.29220292 -0.42758122 0.02421557
v -0.3126757 -0.44930625 0.021626774
v -0.30755448 -0.42758122 0.023793535
v -0.3323504 -0.4493056 0.021153022
v -0.33970723 -0.42758122 0.009701821
v -0.3380736 -0.38801542 0.010149452
v -0.34486267 -0.38801542 0.0002780558
v -0.3433384 -0.3484496 0.00031119442
v -0.33095104 -0.42758122 0.02315033
v -0.32840243 -0.38801542 0.02457104
v -0.3258538 -0.3484496 0.02599175
v -0.33644 -0.3484496 0.010597084
v -0.32446033 -0.3083255 0.026315004
v -0.33581215 -0.30834574 0.010488757
v -0.3428945 -0.3083255 0.00031119442
v -0.3230668 -0.26820144 0.02663826
v -0.3351843 -0.26824185 0.010380432
v -0.3424506 -0.26820144 0.00031119442
v -0.3216733 -0.22807734 0.026961518
v -0.33455583 -0.22809756 0.010271996
v -0.34200668 -0.22807734 0.0003111944
v -0.33392736 -0.18795326 0.010163561
v -0.34156278 -0.18795326 0.00031119437
v -0.3202798 -0.18795326 0.027284771
v -0.33367476 -0.1521846 0.010163562
v -0.3414187 -0.15220271 0.00031119437
v -0.29220292 -0.18795325 0.028576452
v -0.17143093 -0.18795325 0.028511716
v -0.31951472 -0.15252133 0.02760883
v -0.33342215 -0.116415955 0.010163563
v -0.34127465 -0.116452135 0.00031119437
v -0.2916901 -0.11645212 0.029250685
v -0.31874964 -0.117089406 0.027932888
v -0.33316955 -0.080647305 0.010163564
v -0.34113058 -0.080701575 0.00031119437
v -0.31796858 -0.08091882 0.028263703
v -0.33291698 -0.044878643 0.010163565
v -0.3409865 -0.044951014 0.00031119437
v -0.31718752 -0.04474824 0.028594518
v -0.29117733 -0.044951003 0.029924918
v -0.33266494 -0.009183625 0.010163566
v -0.34084243 -0.009200453 0.00031119437
v -0.31641665 -0.009048372 0.028921027
v -0.17143093 -0.044951007 0.029809749
v -0.33241284 0.026511395 0.010163567
v -0.34069833 0.026550109 0.00031119437
v -0.31564578 0.026651496 0.029247537
v -0.29066452 0.026550118 0.03059915
v -0.33216023 0.06228131 0.010163568
v -0.34055427 0.06230067 0.00031119437
v -0.31487492 0.062351365 0.02957405
v -0.33190763 0.098051235 0.010163569
v -0.3404102 0.098051235 0.00031119437
v -0.34056687 0.12831628 0.00031119437
v -0.31410405 0.098051235 0.029900556
v -0.29015172 0.09805124 0.031273384
v -0.17143093 0.098051235 0.031107783
v -0.31464338 0.12787679 0.029432563
v -0.33217135 0.12815939 0.010111433
v -0.29003894 0.15858133 0.030285573
v -0.33243504 0.15826753 0.0100593
v -0.34072354 0.15858133 0.0003111944
v -0.31518275 0.15770233 0.028964568
v -0.33270276 0.18883523 0.010006367
v -0.34088022 0.18884638 0.00031119442
v -0.3157451 0.18879996 0.028476615
v -0.33297047 0.21940294 0.009953436
v -0.3410369 0.21911143 0.00031119442
v -0.31630746 0.21989758 0.027988661
v -0.28992617 0.21911143 0.029297763
v -0.33323383 0.24947107 0.00990137
v -0.3411936 0.24937646 0.00031119442
v -0.31684524 0.24963629 0.027522027
v -0.2898134 0.2796415 0.028309954
v -0.17143093 0.21911143 0.02919004
v -0.3334972 0.2795392 0.009849304
v -0.34135026 0.2796415 0.00031119442
v -0.31738302 0.27937502 0.027055396
v -0.3337627 0.30985543 0.0097968085
v -0.34150693 0.30990657 0.00031119442
v -0.3179327 0.3097733 0.026578415
v -0.3340282 0.3401716 0.009744314
v -0.3416636 0.3401716 0.00031119442
v -0.31848243 0.3401716 0.02610143
v -0.3348926 0.37107465 0.009592163
v -0.34218544 0.37107465 0.00031119445
v -0.28970063 0.3401716 0.027322141
v -0.32033682 0.37107465 0.025057638
v -0.29146573 0.4019777 0.025812853
v -0.33575696 0.4019777 0.009440013
v -0.34270725 0.4019777 0.0003111945
v -0.22784582 0.3401716 0.026825786
v -0.17143093 0.3401716 0.027272297
v -0.32219124 0.4019777 0.024013845
v -0.33704686 0.4281664 0.009031449
v -0.3435867 0.42818165 0.00023254092
v -0.34446618 0.4543856 0.00015388735
v -0.32440904 0.42813426 0.02260093
v -0.3383368 0.4543551 0.008622887
v -0.34560424 0.47691914 -6.9129424E-11
v -0.22784579 0.4019777 0.025439862
v -0.32662684 0.45429084 0.021188015
v -0.34049806 0.47689095 0.007845945
v -0.30767 0.45429578 0.022712678
v -0.2958785 0.45429894 0.023678143
v -0.33037683 0.47682485 0.018325666
v -0.3474987 0.50491846 0.003657581
v -0.34902325 0.50491846 2.8805066E-18
v -0.34541368 0.50491846 0.0064668977
v -0.35209376 0.53190297 0.002569937
v -0.35276413 0.53190297 2.9019875E-17
v -0.31542528 0.47682616 0.019951548
v -0.33767194 0.50491846 0.013183311
v -0.3543578 0.55395496 0.0025000002
v -0.3543578 0.55395496 -1.3883226E-06
v -0.3509536 0.53190297 0.0046477583
v -0.3461912 0.53190297 0.0064299847
v -0.35048637 0.55395496 0.0025000002
v -0.32759094 0.50491846 0.0135750715
v -0.29984996 0.47682747 0.02157743
v -0.3404572 0.53190297 0.006887037
v -0.31379303 0.50491846 0.013898121
v -0.33185625 0.53190297 0.0075726146
v -0.2923483 0.53190297 0.006649629
v -0.29160115 0.55395496 0.0025000002
v -0.2923483 0.50491846 0.013641708
v -0.22784582 0.4543143 0.023388414
v -0.22784579 0.53190297 0.00658768
v -0.22699852 0.55395496 0.0025000002
v -0.22784579 0.50491846 0.013408831
v -0.22784582 0.47683197 0.021292824
v -0.17143093 0.4019777 0.025868176
v -0.17143093 0.53190297 0.006662853
v -0.17143093 0.55395496 0.0025000002
v -0.17143092 0.45432764 0.023713697
v -0.17143092 0.50491846 0.013524674
v -0.17143093 0.47683588 0.021523163
v -0.111886226 0.53190297 0.0067421957
v -0.11087737 0.55395496 0.0025000002
v -0.111886226 0.50491846 0.013646944
v -0.111886226 0.47684 0.02176628
v -0.111886226 0.45434174 0.024057023
v -0.111886226 0.4019777 0.026320253
v -0.054631192 0.53190297 0.0068184882
v -0.05363455 0.55395496 0.0025000002
v -0.054631192 0.50491846 0.013764515
v 3.881217E-22 0.50491846 0.013876693
v 1.3386958E-30 0.53190297 0.006891284
v -2.7755576E-18 0.55395496 0.0025000002
v 0.05363455 0.55395496 0.0025000002
v -0.054631192 0.47684392 0.02200005
v -0.054631192 0.4543554 0.02438715
v 0.054631192 0.53190297 0.0068079117
v -0.054631192 0.4019777 0.026754946
v 7.4492276E-31 0.45436832 0.024702147
v 0.111886226 0.53190297 0.006720534
v 0.11087737 0.55395496 0.0025000002
v 8.990468E-19 0.4768477 0.022223106
v 0.17143093 0.53190297 0.006629662
v 0.17143093 0.55395496 0.0025000002
v 0.22784579 0.53190297 0.006543567
v 0.22699852 0.55395496 0.0025000002
v 0.29160115 0.55395496 0.0025000002
v 0.2923483 0.53190297 0.0065905126
v 0.3504714 0.55395496 0.0025000002
v 0.22784579 0.50491846 0.01340881
v 0.17143093 0.50491846 0.013524659
v 0.111886226 0.50491846 0.013646935
v 0.054631192 0.50491846 0.01376451
v 0.054631192 0.47684392 0.022000039
v 0.111886226 0.47684 0.02176626
v 0.17143093 0.47683588 0.021523131
v 0.22784579 0.47683197 0.021292781
v 0.2923483 0.50491846 0.01364168
v 0.054631192 0.4543554 0.024387134
v 0.111886226 0.45434174 0.024056993
v 0.17143093 0.45432764 0.023713652
v 0.22784582 0.4543143 0.023388356
v 0.33184525 0.53190297 0.0075077126
v 0.29984996 0.47682747 0.021577373
v 0.31378636 0.50491846 0.013898106
v 0.34044382 0.53190297 0.0068208748
v 0.34617618 0.53190297 0.006362983
v 0.3543428 0.55395496 0.0025000002
v 0.3275801 0.50491846 0.013575065
v 0.17143093 0.4019777 0.025868116
v 0.22784579 0.4019777 0.025439778
v 0.2958785 0.45429897 0.023678062
v 0.29146573 0.4019777 0.025812745
v 0.3154178 0.47682616 0.01995152
v 0.33765694 0.50491846 0.013183311
v 0.3076642 0.45429584 0.022712627
v 0.35093865 0.53190297 0.0046477583
v 0.3303618 0.47682485 0.018325666
v 0.3453987 0.50491846 0.0064668977
v 0.35207877 0.53190297 0.002569937
v 0.3527491 0.53190297 2.2750284E-17
v 0.3543428 0.55395496 -1.3883226E-06
v 0.34900826 0.50491846 2.8805066E-18
v 0.3474837 0.50491846 0.003657581
v 0.34558925 0.47691914 -6.9129424E-11
v 0.3404831 0.47689095 0.007845945
v 0.32661182 0.45429084 0.021188015
v 0.3383218 0.4543551 0.008622887
v 0.34445116 0.4543856 0.00015388735
v 0.32439405 0.42813426 0.02260093
v 0.3370319 0.4281664 0.009031449
v 0.34357175 0.42818165 0.00023254092
v 0.32217628 0.4019777 0.024013845
v 0.33574197 0.4019777 0.009440013
v 0.34269232 0.4019777 0.0003111945
v 0.32032186 0.37107465 0.025057638
v 0.33487758 0.37107465 0.009592163
v 0.34217048 0.37107465 0.00031119445
v 0.33401322 0.3401716 0.009744314
v 0.34164867 0.3401716 0.00031119442
v 0.31846744 0.3401716 0.02610143
v 0.28970063 0.3401716 0.027322024
v 0.3337477 0.30985543 0.0097968085
v 0.341492 0.30990657 0.00031119442
v 0.31791773 0.3097733 0.026582623
v 0.2898134 0.2796415 0.028317938
v 0.22784579 0.3401716 0.026825702
v 0.33348218 0.2795392 0.009849304
v 0.3413353 0.2796415 0.00031119442
v 0.317368 0.27937502 0.027063817
v 0.17143092 0.3401716 0.02727223
v 0.17143092 0.21911143 0.029199077
v 0.3332188 0.24947107 0.00990137
v 0.34117863 0.24937646 0.00031119442
v 0.31683025 0.24963629 0.027534569
v 0.111886226 0.4019777 0.02632021
v 0.33295548 0.21940294 0.009953436
v 0.34102193 0.21911143 0.00031119442
v 0.28992617 0.21911143 0.029313851
v 0.31629246 0.21989758 0.028005322
v 0.111886226 0.3401716 0.027743531
v 0.054631192 0.4019777 0.026754925
v 0.33268777 0.18883523 0.010006367
v 0.34086522 0.18884638 0.00031119442
v 0.3157301 0.18879996 0.028497586
v 3.6541786E-31 0.4019777 0.027169717
v 0.054631192 0.3401716 0.028196711
v 0.33242002 0.15826753 0.0100593
v 0.34070858 0.15858133 0.0003111944
v 0.29003894 0.15858133 0.030309765
v 0.31516775 0.15770233 0.02898985
v -0.054631192 0.3401716 0.028196732
v 0.33215633 0.12815939 0.010111433
v 0.3405519 0.12831628 0.00031119437
v 0.31462842 0.12787679 0.029461974
v 0.33189264 0.098051235 0.010163569
v 0.3403952 0.098051235 0.00031119437
v 0.31408903 0.098051235 0.029934103
v 0.33214524 0.06228131 0.010163568
v 0.3405393 0.06230067 0.00031119437
v 0.29015172 0.09805123 0.03130568
v -0.111886226 0.3401716 0.027743576
v -0.085715465 0.21911143 0.02988745
v -0 0.21911143 0.03058486
v -0.085715465 0.098051235 0.03182419
v 0.17143092 0.09805123 0.031125922
v 0.08571546 0.09805123 0.031833258
v 0.31485993 0.062351365 0.029603405
v 0.29066452 0.026550105 0.030623341
v 0.31563076 0.026651496 0.029272709
v 0.33239785 0.026511395 0.010163567
v 0.34068337 0.026550109 0.00031119437
v 0.31640166 -0.009048372 0.028942013
v 0.33264992 -0.009183625 0.010163566
v 0.34082744 -0.009200453 0.00031119437
v 0.29117733 -0.044951018 0.029941006
v 0.31717253 -0.04474824 0.028611315
v 0.33290198 -0.044878643 0.010163565
v 0.3409715 -0.044951014 0.00031119437
v 0.3179536 -0.08091882 0.02827626
v 0.3331546 -0.080647305 0.010163564
v 0.34111556 -0.080701575 0.00031119437
v 0.2916901 -0.116452135 0.029258668
v 0.31873462 -0.117089406 0.027941203
v 0.33340716 -0.116415955 0.010163563
v 0.34125963 -0.116452135 0.00031119437
v 0.31949973 -0.15252133 0.027612988
v 0.33365974 -0.1521846 0.010163562
v 0.3414037 -0.15220271 0.00031119437
v 0.33391234 -0.18795326 0.010163561
v 0.3415478 -0.18795326 0.00031119437
v 0.32026482 -0.18795326 0.027284771
v 0.29220292 -0.18795326 0.028576335
v 0.32165834 -0.22807734 0.026961518
v 0.3345408 -0.22809756 0.010271996
v 0.34199166 -0.22807734 0.0003111944
v 0.3230518 -0.26820144 0.02663826
v 0.3351693 -0.26824185 0.010380432
v 0.34243557 -0.26820144 0.00031119442
v 0.3244453 -0.3083255 0.026315004
v 0.33579713 -0.30834574 0.010488757
v 0.3428795 -0.3083255 0.00031119442
v 0.3258388 -0.3484496 0.02599175
v 0.33642498 -0.3484496 0.010597084
v 0.34332338 -0.3484496 0.00031119442
v 0.32838744 -0.38801542 0.024571039
v 0.3380586 -0.38801542 0.010149452
v 0.34484768 -0.38801542 0.0002780558
v 0.33093604 -0.42758122 0.023150329
v 0.3396922 -0.42758122 0.009701821
v 0.34637198 -0.42758122 0.00024491717
v 0.3405888 -0.4492963 0.008879847
v 0.3472103 -0.4493416 0.00015388735
v 0.34191182 -0.46550465 0.007456273
v 0.3480324 -0.46555185 -5.8535045E-11
v 0.34525594 -0.4829546 0.006280482
v 0.35028526 -0.4829546 7.682037E-18
v 0.35136503 -0.5054166 0.0022624328
v 0.35274357 -0.5054166 0
v 0.3543428 -0.52329195 -0.0025027767
v 0.043942537 0.55395496 -0.002502755
v 0.0109 0.55395496 -0.002502755
v 0.0109 0.53190297 -0.008013509
v 0.043942537 0.53190297 -0.008013509
v 0.043942526 -0.5054166 -0.007767162
v 0.0109 -0.5054166 -0.007767162
v 0.0109 -0.52329195 -0.002502755
v 0.043942526 -0.52329195 -0.002502755
v 0.085715465 -0.044951018 0.030525744
v -0 -0.18795326 0.029924804
v -0 -0.044951014 0.0312327
v -0.085715465 -0.18795326 0.02921826
v -0.085715465 -0.044951014 0.030521227
v -0.17143093 -0.26820144 0.027645215
v -0 0.098051235 0.032540597
v 0.08571546 0.21911143 0.029891968
v -0 0.3401716 0.028629122
vt 0.74658203 0.99658203
vt 0.7475586 0.99658203
vt 0.74658203 0.9760742
vt 0.7480469 0.9760742
vt 0.74609375 0.9511719
vt 0.74902344 0.9511719
vt 0.74609375 0.92529297
vt 0.75 0.9760742
vt 0.7524414 0.9511719
vt 0.75390625 0.92529297
vt 0.75341797 0.9760742
vt 0.7504883 0.99658203
vt 0.75878906 0.9506836
vt 0.79248047 0.9760742
vt 0.79345703 0.99658203
vt 0.7548828 0.9042969
vt 0.74609375 0.9042969
vt 0.76416016 0.9248047
vt 0.7919922 0.9506836
vt 0.83984375 0.9760742
vt 0.84033203 0.99658203
vt 0.765625 0.9042969
vt 0.76708984 0.8803711
vt 0.7553711 0.8803711
vt 0.74658203 0.8803711
vt 0.74658203 0.85595703
vt 0.7558594 0.85595703
vt 0.74658203 0.8276367
vt 0.79052734 0.9042969
vt 0.83935547 0.9506836
vt 0.75634766 0.8276367
vt 0.76904297 0.8276367
vt 0.7470703 0.7988281
vt 0.75683594 0.7988281
vt 0.7470703 0.7709961
vt 0.75683594 0.7714844
vt 0.7470703 0.74316406
vt 0.7685547 0.85595703
vt 0.79003906 0.85595703
vt 0.77001953 0.7988281
vt 0.75683594 0.74365234
vt 0.7470703 0.7158203
vt 0.7705078 0.7714844
vt 0.79003906 0.7988281
vt 0.7573242 0.7158203
vt 0.7475586 0.6879883
vt 0.7705078 0.7441406
vt 0.7573242 0.68847656
vt 0.7475586 0.66015625
vt 0.79003906 0.82714844
vt 0.8378906 0.85595703
vt 0.8378906 0.7988281
vt 0.7895508 0.7714844
vt 0.7709961 0.7163086
vt 0.7573242 0.66015625
vt 0.7475586 0.6323242
vt 0.79052734 0.8803711
vt 0.7895508 0.74365234
vt 0.7709961 0.68896484
vt 0.7578125 0.6323242
vt 0.7475586 0.6044922
vt 0.7895508 0.7163086
vt 0.8378906 0.74365234
vt 0.7714844 0.66064453
vt 0.7578125 0.6044922
vt 0.7475586 0.57666016
vt 0.8378906 0.7714844
vt 0.7895508 0.68896484
vt 0.77197266 0.6323242
vt 0.7895508 0.66064453
vt 0.8378906 0.68847656
vt 0.7578125 0.57666016
vt 0.7475586 0.5439453
vt 0.7578125 0.5444336
vt 0.7480469 0.51123047
vt 0.77246094 0.57666016
vt 0.77197266 0.6044922
vt 0.7578125 0.51171875
vt 0.7480469 0.47827148
vt 0.77197266 0.5449219
vt 0.7578125 0.47875977
vt 0.7480469 0.44555664
vt 0.7895508 0.6323242
vt 0.7890625 0.57666016
vt 0.77197266 0.5131836
vt 0.7578125 0.44555664
vt 0.7480469 0.41259766
vt 0.7890625 0.6044922
vt 0.8383789 0.57666016
vt 0.7895508 0.5449219
vt 0.8383789 0.6323242
vt 0.77197266 0.47924805
vt 0.7578125 0.4128418
vt 0.7480469 0.3798828
vt 0.79003906 0.5126953
vt 0.7714844 0.44555664
vt 0.7578125 0.3803711
vt 0.7480469 0.34716797
vt 0.79052734 0.47924805
vt 0.8388672 0.51220703
vt 0.7714844 0.41333008
vt 0.7578125 0.3474121
vt 0.7480469 0.31445312
vt 0.8388672 0.5444336
vt 0.7910156 0.4453125
vt 0.7714844 0.38110352
vt 0.7578125 0.31445312
vt 0.7480469 0.27734375
vt 0.7915039 0.41308594
vt 0.83984375 0.44555664
vt 0.7709961 0.34765625
vt 0.7578125 0.27783203
vt 0.7480469 0.24060059
vt 0.83935547 0.4790039
vt 0.7919922 0.38085938
vt 0.7709961 0.31445312
vt 0.7578125 0.24157715
vt 0.7480469 0.20373535
vt 0.7919922 0.34765625
vt 0.8408203 0.38061523
vt 0.7705078 0.27856445
vt 0.7583008 0.20422363
vt 0.7480469 0.16687012
vt 0.84033203 0.41308594
vt 0.79248047 0.31420898
vt 0.8413086 0.31420898
vt 0.77001953 0.24267578
vt 0.79296875 0.2783203
vt 0.8408203 0.3474121
vt 0.7583008 0.16687012
vt 0.7578125 0.1303711
vt 0.7480469 0.1303711
vt 0.7480469 0.093933105
vt 0.77001953 0.20483398
vt 0.79345703 0.24255371
vt 0.76953125 0.16687012
vt 0.79345703 0.20471191
vt 0.84228516 0.24206543
vt 0.8417969 0.27807617
vt 0.8803711 0.27783203
vt 0.7573242 0.093933105
vt 0.75683594 0.073913574
vt 0.7480469 0.073913574
vt 0.7558594 0.05871582
vt 0.7480469 0.05871582
vt 0.75390625 0.042175293
vt 0.7480469 0.042175293
vt 0.75 0.020980835
vt 0.7480469 0.020980835
vt 0.7495117 0.004459381
vt 0.7529297 0.020980835
vt 0.7529297 0.004459381
vt 0.76123047 0.042175293
vt 0.7558594 0.020980835
vt 0.7739258 0.004459381
vt 0.76416016 0.05871582
vt 0.7949219 0.021118164
vt 0.7949219 0.004459381
vt 0.8183594 0.004459381
vt 0.7944336 0.042236328
vt 0.84228516 0.02104187
vt 0.8417969 0.004459381
vt 0.8618164 0.004459381
vt 0.765625 0.073913574
vt 0.7944336 0.058807373
vt 0.84277344 0.04220581
vt 0.88183594 0.020980835
vt 0.88183594 0.004459381
vt 0.9033203 0.004459381
vt 0.76660156 0.093933105
vt 0.7944336 0.074035645
vt 0.8432617 0.058746338
vt 0.88183594 0.042175293
vt 0.92529297 0.020980835
vt 0.9248047 0.004459381
vt 0.94921875 0.004459381
vt 0.7680664 0.1303711
vt 0.7944336 0.09399414
vt 0.84375 0.07397461
vt 0.88183594 0.05871582
vt 0.92529297 0.042175293
vt 0.94921875 0.020980835
vt 0.9736328 0.004459381
vt 0.9736328 0.020980835
vt 0.94921875 0.042175293
vt 0.9736328 0.042175293
vt 0.92529297 0.05871582
vt 0.88183594 0.073913574
vt 0.94921875 0.05871582
vt 0.92578125 0.073913574
vt 0.88134766 0.093933105
vt 0.8432617 0.09399414
vt 0.7939453 0.13049316
vt 0.7939453 0.16699219
vt 0.8432617 0.16687012
vt 0.8432617 0.13049316
vt 0.88134766 0.1303711
vt 0.84277344 0.20446777
vt 0.8808594 0.24157715
vt 0.8808594 0.20422363
vt 0.88134766 0.16687012
vt 0.92529297 0.1303711
vt 0.9248047 0.093933105
vt 0.94921875 0.073913574
vt 0.9736328 0.05871582
vt 0.9946289 0.042144775
vt 0.9736328 0.020980835
vt 0.9946289 0.020980835
vt 0.9946289 0.05871582
vt 0.9736328 0.073913574
vt 0.9946289 0.073913574
vt 0.9946289 0.093933105
vt 0.97265625 0.093933105
vt 0.9946289 0.1303711
vt 0.9482422 0.093933105
vt 0.94873047 0.1303711
vt 0.97314453 0.1303711
vt 0.9946289 0.16687012
vt 0.92529297 0.16687012
vt 0.9736328 0.16687012
vt 0.9946289 0.20373535
vt 0.94921875 0.16687012
vt 0.92529297 0.20397949
vt 0.94921875 0.20385742
vt 0.9736328 0.20373535
vt 0.9946289 0.24060059
vt 0.9248047 0.24108887
vt 0.9736328 0.24060059
vt 0.9946289 0.27734375
vt 0.94921875 0.24084473
vt 0.9248047 0.27783203
vt 0.94921875 0.2775879
vt 0.9736328 0.27734375
vt 0.9946289 0.31445312
vt 0.8803711 0.31445312
vt 0.9248047 0.31445312
vt 0.9736328 0.31445312
vt 0.9946289 0.34716797
vt 0.94921875 0.31445312
vt 0.8798828 0.3474121
vt 0.9736328 0.34716797
vt 0.9946289 0.3798828
vt 0.94873047 0.34716797
vt 0.9243164 0.34716797
vt 0.8798828 0.3803711
vt 0.9243164 0.38012695
vt 0.9736328 0.3798828
vt 0.9946289 0.41259766
vt 0.94873047 0.38012695
vt 0.8798828 0.4128418
vt 0.9736328 0.41259766
vt 0.9946289 0.44555664
vt 0.94873047 0.4128418
vt 0.9243164 0.4128418
vt 0.8798828 0.44555664
vt 0.9243164 0.44555664
vt 0.9736328 0.44555664
vt 0.9946289 0.47827148
vt 0.94873047 0.44555664
vt 0.8798828 0.47875977
vt 0.9736328 0.47827148
vt 0.9946289 0.51123047
vt 0.94873047 0.47851562
vt 0.9243164 0.47851562
vt 0.87939453 0.51220703
vt 0.9238281 0.51171875
vt 0.9736328 0.51123047
vt 0.9946289 0.5439453
vt 0.94873047 0.51123047
vt 0.87939453 0.5444336
vt 0.9238281 0.5439453
vt 0.94873047 0.5439453
vt 0.9736328 0.5439453
vt 0.87939453 0.57666016
vt 0.9736328 0.57666016
vt 0.9946289 0.57666016
vt 0.94873047 0.57666016
vt 0.9238281 0.57666016
vt 0.9736328 0.6044922
vt 0.9946289 0.6044922
vt 0.9946289 0.6323242
vt 0.94873047 0.6044922
vt 0.9238281 0.6044922
vt 0.87939453 0.6044922
vt 0.9736328 0.6323242
vt 0.9946289 0.66015625
vt 0.94873047 0.6323242
vt 0.9238281 0.6323242
vt 0.8383789 0.6044922
vt 0.87939453 0.6323242
vt 0.9736328 0.66015625
vt 0.9946289 0.6879883
vt 0.94873047 0.66015625
vt 0.9238281 0.66015625
vt 0.87939453 0.66015625
vt 0.97314453 0.6879883
vt 0.9946289 0.7158203
vt 0.9482422 0.6879883
vt 0.9238281 0.6879883
vt 0.8378906 0.66064453
vt 0.87939453 0.68847656
vt 0.9736328 0.7158203
vt 0.9946289 0.74316406
vt 0.94873047 0.7158203
vt 0.9238281 0.7158203
vt 0.87939453 0.7158203
vt 0.9736328 0.74316406
vt 0.9946289 0.7709961
vt 0.94873047 0.74365234
vt 0.9238281 0.74365234
vt 0.8378906 0.7163086
vt 0.87939453 0.74365234
vt 0.9736328 0.7709961
vt 0.9946289 0.7988281
vt 0.94873047 0.7709961
vt 0.87939453 0.7714844
vt 0.92333984 0.7709961
vt 0.9736328 0.7988281
vt 0.9946289 0.8276367
vt 0.94873047 0.7988281
vt 0.92333984 0.7988281
vt 0.9736328 0.8276367
vt 0.9946289 0.85595703
vt 0.94873047 0.8276367
vt 0.87939453 0.7988281
vt 0.9736328 0.85595703
vt 0.9946289 0.8803711
vt 0.92333984 0.8276367
vt 0.87939453 0.8276367
vt 0.94873047 0.85595703
vt 0.9736328 0.8803711
vt 0.9946289 0.9042969
vt 0.9238281 0.85595703
vt 0.94873047 0.8803711
vt 0.8798828 0.85595703
vt 0.8378906 0.8276367
vt 0.9238281 0.8803711
vt 0.8798828 0.8803711
vt 0.8383789 0.8803711
vt 0.8383789 0.9042969
vt 0.8798828 0.9042969
vt 0.9238281 0.9042969
vt 0.79248047 0.9248047
vt 0.83935547 0.9248047
vt 0.8803711 0.9248047
vt 0.94873047 0.9042969
vt 0.8803711 0.9506836
vt 0.9238281 0.9248047
vt 0.8808594 0.9760742
vt 0.8808594 0.99658203
vt 0.9238281 0.9506836
vt 0.9243164 0.9760742
vt 0.92529297 0.99658203
vt 0.9458008 0.99658203
vt 0.94873047 0.9248047
vt 0.94921875 0.9760742
vt 0.9667969 0.99658203
vt 0.94873047 0.9506836
vt 0.9736328 0.9760742
vt 0.9736328 0.99658203
vt 0.9736328 0.9506836
vt 0.9946289 0.9511719
vt 0.9946289 0.9760742
vt 0.9736328 0.9248047
vt 0.9946289 0.9248047
vt 0.9946289 0.9511719
vt 0.9736328 0.9042969
vt 0.0031661987 0.9760742
vt 0.0033130646 0.99658203
vt 0.010231018 0.99658203
vt 0.027954102 0.9760742
vt 0.031082153 0.99658203
vt 0.0031661987 0.9511719
vt 0.052734375 0.9760742
vt 0.051940918 0.99658203
vt 0.096191406 0.9760742
vt 0.096069336 0.99658203
vt 0.1373291 0.9760742
vt 0.13647461 0.99658203
vt 0.18457031 0.9760742
vt 0.18359375 0.99658203
vt 0.2265625 0.99658203
vt 0.22375488 0.9760742
vt 0.22924805 0.99658203
vt 0.18518066 0.9511719
vt 0.13793945 0.9511719
vt 0.09655762 0.9511719
vt 0.052947998 0.9511719
vt 0.028060913 0.9511719
vt 0.028152466 0.92529297
vt 0.0031661987 0.92529297
vt 0.0031661987 0.9042969
vt 0.053131104 0.92529297
vt 0.09692383 0.92529297
vt 0.13842773 0.92529297
vt 0.18591309 0.92529297
vt 0.028213501 0.9042969
vt 0.0031661987 0.8803711
vt 0.053253174 0.9042969
vt 0.09716797 0.9042969
vt 0.13867188 0.9042969
vt 0.21838379 0.9511719
vt 0.18640137 0.9042969
vt 0.22729492 0.9760742
vt 0.21386719 0.92529297
vt 0.22485352 0.9511719
vt 0.2290039 0.9760742
vt 0.23071289 0.9760742
vt 0.23071289 0.99658203
vt 0.23083496 0.9511719
vt 0.22790527 0.9511719
vt 0.23083496 0.92529297
vt 0.22302246 0.92529297
vt 0.21154785 0.9042969
vt 0.22241211 0.9042969
vt 0.23083496 0.9042969
vt 0.18664551 0.8798828
vt 0.22192383 0.8803711
vt 0.23083496 0.8803711
vt 0.21020508 0.8803711
vt 0.22143555 0.85595703
vt 0.23071289 0.85595703
vt 0.2088623 0.85595703
vt 0.22094727 0.8276367
vt 0.23034668 0.8276367
vt 0.13891602 0.8803711
vt 0.18688965 0.85595703
vt 0.20800781 0.8276367
vt 0.22045898 0.7988281
vt 0.23010254 0.7988281
vt 0.13903809 0.85595703
vt 0.18701172 0.82714844
vt 0.09729004 0.8803711
vt 0.20715332 0.7988281
vt 0.22033691 0.7714844
vt 0.23010254 0.7709961
vt 0.09741211 0.85595703
vt 0.05331421 0.8803711
vt 0.18725586 0.7988281
vt 0.20678711 0.7714844
vt 0.22021484 0.74365234
vt 0.22998047 0.74316406
vt 0.053375244 0.85595703
vt 0.028244019 0.8803711
vt 0.028274536 0.85595703
vt 0.0031661987 0.85595703
vt 0.0031661987 0.8276367
vt 0.20654297 0.7441406
vt 0.2199707 0.7158203
vt 0.2298584 0.7158203
vt 0.20629883 0.7163086
vt 0.21984863 0.68847656
vt 0.22973633 0.6879883
vt 0.20593262 0.68896484
vt 0.21960449 0.66015625
vt 0.22973633 0.66015625
vt 0.20568848 0.66064453
vt 0.21948242 0.6323242
vt 0.22961426 0.6323242
vt 0.20532227 0.6323242
vt 0.21923828 0.6044922
vt 0.22949219 0.6044922
vt 0.22937012 0.57666016
vt 0.20507812 0.6044922
vt 0.18737793 0.68896484
vt 0.1875 0.66064453
vt 0.1875 0.6323242
vt 0.18737793 0.7163086
vt 0.1875 0.6044922
vt 0.13891602 0.68847656
vt 0.13879395 0.6323242
vt 0.18725586 0.7441406
vt 0.18725586 0.7714844
vt 0.13916016 0.74365234
vt 0.1394043 0.7988281
vt 0.13891602 0.66064453
vt 0.13903809 0.7163086
vt 0.13928223 0.7714844
vt 0.13916016 0.8276367
vt 0.097473145 0.8276367
vt 0.097595215 0.7988281
vt 0.097595215 0.7714844
vt 0.097595215 0.74365234
vt 0.097595215 0.7158203
vt 0.05343628 0.8276367
vt 0.053466797 0.7988281
vt 0.028289795 0.8276367
vt 0.028320312 0.7988281
vt 0.0031661987 0.7988281
vt 0.0031661987 0.7709961
vt 0.053466797 0.7709961
vt 0.05343628 0.74365234
vt 0.028320312 0.7709961
vt 0.028320312 0.74365234
vt 0.0031661987 0.74316406
vt 0.0031661987 0.7158203
vt 0.05340576 0.7158203
vt 0.028320312 0.7158203
vt 0.053375244 0.6879883
vt 0.028320312 0.6879883
vt 0.0031661987 0.6879883
vt 0.0031661987 0.66015625
vt 0.097595215 0.68847656
vt 0.053344727 0.66015625
vt 0.09765625 0.66015625
vt 0.028320312 0.66015625
vt 0.09765625 0.6323242
vt 0.05331421 0.6323242
vt 0.028320312 0.6323242
vt 0.0031661987 0.6323242
vt 0.0031661987 0.6044922
vt 0.05328369 0.6044922
vt 0.09765625 0.6044922
vt 0.028335571 0.6044922
vt 0.028335571 0.57666016
vt 0.0031661987 0.57666016
vt 0.0031661987 0.5439453
vt 0.053253174 0.57666016
vt 0.13867188 0.6044922
vt 0.1385498 0.57666016
vt 0.09765625 0.57666016
vt 0.18762207 0.57666016
vt 0.20471191 0.57666016
vt 0.21911621 0.57666016
vt 0.20495605 0.5449219
vt 0.21911621 0.5444336
vt 0.22937012 0.5439453
vt 0.18725586 0.5449219
vt 0.1381836 0.5444336
vt 0.09753418 0.5444336
vt 0.21911621 0.51171875
vt 0.22924805 0.51123047
vt 0.20507812 0.5131836
vt 0.18676758 0.5126953
vt 0.13781738 0.51220703
vt 0.21911621 0.47875977
vt 0.22924805 0.47827148
vt 0.2052002 0.47924805
vt 0.18640137 0.47924805
vt 0.21911621 0.44555664
vt 0.22924805 0.44555664
vt 0.20544434 0.44555664
vt 0.21911621 0.4128418
vt 0.22912598 0.41259766
vt 0.097473145 0.51220703
vt 0.18591309 0.4453125
vt 0.2055664 0.41333008
vt 0.21911621 0.3803711
vt 0.22912598 0.3798828
vt 0.18554688 0.41308594
vt 0.13708496 0.44555664
vt 0.13745117 0.4790039
vt 0.20568848 0.38110352
vt 0.21911621 0.3474121
vt 0.2290039 0.34716797
vt 0.097351074 0.47875977
vt 0.1850586 0.38085938
vt 0.20593262 0.34765625
vt 0.21911621 0.31445312
vt 0.2290039 0.31445312
vt 0.18469238 0.34765625
vt 0.13623047 0.38061523
vt 0.20605469 0.31445312
vt 0.21899414 0.27783203
vt 0.22888184 0.27734375
vt 0.1842041 0.31420898
vt 0.2064209 0.27856445
vt 0.21887207 0.24157715
vt 0.22888184 0.24060059
vt 0.13659668 0.41308594
vt 0.20678711 0.24267578
vt 0.21887207 0.20422363
vt 0.22875977 0.20373535
vt 0.20715332 0.20483398
vt 0.21875 0.16687012
vt 0.2286377 0.16687012
vt 0.20751953 0.16687012
vt 0.21911621 0.1303711
vt 0.2286377 0.1303711
vt 0.2088623 0.1303711
vt 0.21948242 0.093933105
vt 0.2286377 0.093933105
vt 0.21020508 0.093933105
vt 0.2199707 0.073913574
vt 0.2286377 0.073913574
vt 0.21130371 0.073913574
vt 0.22106934 0.05871582
vt 0.2286377 0.05871582
vt 0.21240234 0.05871582
vt 0.22290039 0.042175293
vt 0.2286377 0.042175293
vt 0.21533203 0.042175293
vt 0.2265625 0.020980835
vt 0.2286377 0.020980835
vt 0.22705078 0.004459381
vt 0.22387695 0.020980835
vt 0.22399902 0.004459381
vt 0.22094727 0.020980835
vt 0.20300293 0.004459381
vt 0.1821289 0.042266846
vt 0.1821289 0.021102905
vt 0.18200684 0.004459381
vt 0.15856934 0.004459381
vt 0.13464355 0.021026611
vt 0.13513184 0.004459381
vt 0.115112305 0.004459381
vt 0.18225098 0.058807373
vt 0.13391113 0.042236328
vt 0.09509277 0.020980835
vt 0.09503174 0.004459381
vt 0.0736084 0.004459381
vt 0.13342285 0.058746338
vt 0.18225098 0.07397461
vt 0.09509277 0.042175293
vt 0.05206299 0.020980835
vt 0.05218506 0.004459381
vt 0.13330078 0.07397461
vt 0.18249512 0.09399414
vt 0.09509277 0.05871582
vt 0.051818848 0.042175293
vt 0.02760315 0.020980835
vt 0.027679443 0.004459381
vt 0.13342285 0.09399414
vt 0.18273926 0.13049316
vt 0.027618408 0.042175293
vt 0.0031661987 0.020980835
vt 0.0031661987 0.004459381
vt 0.0031661987 0.042175293
vt 0.0031661987 0.05871582
vt 0.027618408 0.05871582
vt 0.0031661987 0.073913574
vt 0.051635742 0.05871582
vt 0.027633667 0.073913574
vt 0.0032081604 0.09399414
vt 0.051574707 0.073913574
vt 0.027740479 0.09399414
vt 0.0031871796 0.1303711
vt 0.09515381 0.073913574
vt 0.051696777 0.093933105
vt 0.09539795 0.093933105
vt 0.027740479 0.1303711
vt 0.13354492 0.13049316
vt 0.027740479 0.16687012
vt 0.0031661987 0.16687012
vt 0.0031661987 0.20373535
vt 0.09552002 0.1303711
vt 0.051727295 0.1303711
vt 0.13366699 0.16687012
vt 0.05178833 0.16687012
vt 0.027832031 0.20385742
vt 0.027908325 0.24084473
vt 0.0031661987 0.24060059
vt 0.0031661987 0.27734375
vt 0.1829834 0.16699219
vt 0.18322754 0.20471191
vt 0.095581055 0.16687012
vt 0.051971436 0.20397949
vt 0.13415527 0.20446777
vt 0.09588623 0.20422363
vt 0.18359375 0.24255371
vt 0.13464355 0.24206543
vt 0.18395996 0.2783203
vt 0.096191406 0.24157715
vt 0.05215454 0.24108887
vt 0.13549805 0.31420898
vt 0.13500977 0.27807617
vt 0.13586426 0.3474121
vt 0.09649658 0.27783203
vt 0.09674072 0.31445312
vt 0.027999878 0.2775879
vt 0.09686279 0.3474121
vt 0.05230713 0.27783203
vt 0.028076172 0.31445312
vt 0.0031661987 0.31445312
vt 0.0031661987 0.34716797
vt 0.052490234 0.31445312
vt 0.09698486 0.3803711
vt 0.02810669 0.34716797
vt 0.052581787 0.34716797
vt 0.028137207 0.38012695
vt 0.0031661987 0.3798828
vt 0.0031661987 0.41259766
vt 0.09710693 0.4128418
vt 0.052703857 0.38012695
vt 0.028167725 0.4128418
vt 0.097229004 0.44555664
vt 0.05279541 0.4128418
vt 0.028198242 0.44555664
vt 0.0031661987 0.44555664
vt 0.0031661987 0.47827148
vt 0.052886963 0.44555664
vt 0.02822876 0.47851562
vt 0.052978516 0.47851562
vt 0.028274536 0.51123047
vt 0.0031661987 0.51123047
vt 0.05307007 0.51171875
vt 0.028305054 0.5439453
vt 0.05316162 0.5439453
vt 0.22998047 0.004459381
vt 0.22705078 0.004459381
vt 0.2286377 0.020980835
vt 0.23059082 0.020980835
vt 0.2286377 0.042175293
vt 0.23327637 0.020980835
vt 0.23303223 0.004459381
vt 0.23449707 0.042175293
vt 0.2286377 0.05871582
vt 0.23632812 0.05871582
vt 0.2286377 0.073913574
vt 0.24194336 0.042175293
vt 0.23620605 0.020980835
vt 0.23718262 0.073913574
vt 0.2286377 0.093933105
vt 0.24255371 0.020980835
vt 0.2541504 0.004459381
vt 0.24511719 0.05871582
vt 0.2524414 0.04220581
vt 0.27539062 0.021026611
vt 0.27539062 0.004459381
vt 0.29760742 0.004459381
vt 0.27563477 0.042266846
vt 0.31958008 0.020996094
vt 0.31958008 0.004459381
vt 0.34155273 0.004459381
vt 0.25756836 0.058746338
vt 0.27563477 0.058807373
vt 0.3635254 0.020980835
vt 0.3635254 0.004459381
vt 0.3947754 0.004459381
vt 0.3635254 0.042175293
vt 0.3947754 0.020980835
vt 0.4260254 0.004459381
vt 0.4260254 0.020980835
vt 0.4572754 0.004459381
vt 0.4260254 0.042175293
vt 0.3635254 0.05871582
vt 0.27563477 0.074035645
vt 0.4572754 0.020980835
vt 0.4885254 0.042175293
vt 0.4885254 0.020980835
vt 0.4885254 0.004459381
vt 0.51953125 0.004459381
vt 0.51953125 0.020980835
vt 0.55078125 0.004459381
vt 0.42626953 0.05871582
vt 0.55078125 0.020980835
vt 0.58203125 0.004459381
vt 0.55078125 0.042175293
vt 0.58203125 0.020980835
vt 0.61328125 0.004459381
vt 0.61328125 0.020980835
vt 0.6352539 0.004459381
vt 0.61328125 0.042175293
vt 0.65722656 0.020996094
vt 0.65722656 0.004459381
vt 0.6791992 0.004459381
vt 0.55078125 0.05871582
vt 0.7011719 0.021026611
vt 0.7011719 0.004459381
vt 0.72265625 0.004459381
vt 0.7011719 0.042236328
vt 0.734375 0.020980835
vt 0.74365234 0.004459381
vt 0.4885254 0.05871582
vt 0.61328125 0.05871582
vt 0.74072266 0.020980835
vt 0.7241211 0.04220581
vt 0.74365234 0.020980835
vt 0.7470703 0.004459381
vt 0.7011719 0.058807373
vt 0.7348633 0.042175293
vt 0.7192383 0.058746338
vt 0.42626953 0.073913574
vt 0.4885254 0.073913574
vt 0.4885254 0.09399414
vt 0.55078125 0.073913574
vt 0.61328125 0.073913574
vt 0.7011719 0.074035645
vt 0.55078125 0.09399414
vt 0.61328125 0.09399414
vt 0.3635254 0.073913574
vt 0.3635254 0.09399414
vt 0.42626953 0.09399414
vt 0.55078125 0.16687012
vt 0.7158203 0.07397461
vt 0.7011719 0.09399414
vt 0.7036133 0.16687012
vt 0.61328125 0.16687012
vt 0.7026367 0.24060059
vt 0.7319336 0.05871582
vt 0.71191406 0.09399414
vt 0.61376953 0.24060059
vt 0.73046875 0.073913574
vt 0.4885254 0.16687012
vt 0.55126953 0.24060059
vt 0.4260254 0.16687012
vt 0.4885254 0.24060059
vt 0.55126953 0.31445312
vt 0.3635254 0.16687012
vt 0.27319336 0.16687012
vt 0.27416992 0.24060059
vt 0.4260254 0.24060059
vt 0.61376953 0.31445312
vt 0.61376953 0.44555664
vt 0.2758789 0.09399414
vt 0.2607422 0.07397461
vt 0.26489258 0.09399414
vt 0.24645996 0.073913574
vt 0.23779297 0.093933105
vt 0.23815918 0.1303711
vt 0.2286377 0.1303711
vt 0.2286377 0.16687012
vt 0.24780273 0.093933105
vt 0.24963379 0.1303711
vt 0.25146484 0.16674805
vt 0.23852539 0.16687012
vt 0.25219727 0.20361328
vt 0.23864746 0.20373535
vt 0.22875977 0.20373535
vt 0.2529297 0.24047852
vt 0.23876953 0.24060059
vt 0.22888184 0.24060059
vt 0.25390625 0.27734375
vt 0.2388916 0.27734375
vt 0.22888184 0.27734375
vt 0.23901367 0.31445312
vt 0.2290039 0.31445312
vt 0.25463867 0.31420898
vt 0.23901367 0.34716797
vt 0.2290039 0.34716797
vt 0.27539062 0.31420898
vt 0.3630371 0.31445312
vt 0.2553711 0.3466797
vt 0.23913574 0.3798828
vt 0.22912598 0.3798828
vt 0.27563477 0.3798828
vt 0.25585938 0.37939453
vt 0.23925781 0.4128418
vt 0.22912598 0.41259766
vt 0.2565918 0.41259766
vt 0.23925781 0.44555664
vt 0.22924805 0.44555664
vt 0.25708008 0.44580078
vt 0.2758789 0.44555664
vt 0.23937988 0.47827148
vt 0.22924805 0.47827148
vt 0.2578125 0.47851562
vt 0.3630371 0.44555664
vt 0.23950195 0.51123047
vt 0.22924805 0.51123047
vt 0.25830078 0.51123047
vt 0.27612305 0.51123047
vt 0.23962402 0.5439453
vt 0.22937012 0.5439453
vt 0.2590332 0.5439453
vt 0.23962402 0.57666016
vt 0.22937012 0.57666016
vt 0.22949219 0.6044922
vt 0.25952148 0.57666016
vt 0.2763672 0.57666016
vt 0.3630371 0.57666016
vt 0.2590332 0.6040039
vt 0.2397461 0.6044922
vt 0.2763672 0.6323242
vt 0.2397461 0.63183594
vt 0.22961426 0.6323242
vt 0.25854492 0.63134766
vt 0.2397461 0.66015625
vt 0.22973633 0.66015625
vt 0.25830078 0.66015625
vt 0.2397461 0.6879883
vt 0.22973633 0.6879883
vt 0.2578125 0.68847656
vt 0.27661133 0.6879883
vt 0.2397461 0.7158203
vt 0.2298584 0.7158203
vt 0.25732422 0.7158203
vt 0.27661133 0.74316406
vt 0.36328125 0.6879883
vt 0.2397461 0.74316406
vt 0.22998047 0.74316406
vt 0.25683594 0.74316406
vt 0.2397461 0.7709961
vt 0.23010254 0.7709961
vt 0.25634766 0.7709961
vt 0.2397461 0.7988281
vt 0.23010254 0.7988281
vt 0.25585938 0.7988281
vt 0.23986816 0.8276367
vt 0.23034668 0.8276367
vt 0.27685547 0.7988281
vt 0.25463867 0.8276367
vt 0.27563477 0.85595703
vt 0.23986816 0.85595703
vt 0.23071289 0.85595703
vt 0.32202148 0.7988281
vt 0.36328125 0.7988281
vt 0.25317383 0.85595703
vt 0.23962402 0.8803711
vt 0.23083496 0.8803711
vt 0.23083496 0.9042969
vt 0.25170898 0.8803711
vt 0.23937988 0.9042969
vt 0.23083496 0.92529297
vt 0.32202148 0.85595703
vt 0.25024414 0.9042969
vt 0.23864746 0.92529297
vt 0.26416016 0.9042969
vt 0.27270508 0.9042969
vt 0.2479248 0.92529297
vt 0.23364258 0.9511719
vt 0.23083496 0.9511719
vt 0.23669434 0.9511719
vt 0.23254395 0.9760742
vt 0.23071289 0.9760742
vt 0.25878906 0.92529297
vt 0.24328613 0.9511719
vt 0.23205566 0.99658203
vt 0.23071289 0.99658203
vt 0.23413086 0.9760742
vt 0.23779297 0.9760742
vt 0.23498535 0.99658203
vt 0.25073242 0.9511719
vt 0.27026367 0.92529297
vt 0.24194336 0.9760742
vt 0.2607422 0.9511719
vt 0.24816895 0.9760742
vt 0.27685547 0.9760742
vt 0.2775879 0.99658203
vt 0.27612305 0.9511719
vt 0.32226562 0.9042969
vt 0.32348633 0.9760742
vt 0.32421875 0.99658203
vt 0.32299805 0.9511719
vt 0.32250977 0.92529297
vt 0.36328125 0.85595703
vt 0.36450195 0.9760742
vt 0.36450195 0.99658203
vt 0.3635254 0.9042969
vt 0.36401367 0.9511719
vt 0.36376953 0.92529297
vt 0.4074707 0.9760742
vt 0.40844727 0.99658203
vt 0.40722656 0.9511719
vt 0.40698242 0.92529297
vt 0.40698242 0.9042969
vt 0.40673828 0.85595703
vt 0.4489746 0.9760742
vt 0.44970703 0.99658203
vt 0.4489746 0.9511719
vt 0.4885254 0.9511719
vt 0.4885254 0.9760742
vt 0.4885254 0.99658203
vt 0.52734375 0.99658203
vt 0.44873047 0.92529297
vt 0.44873047 0.9042969
vt 0.5283203 0.9760742
vt 0.44873047 0.85595703
vt 0.4885254 0.9042969
vt 0.5698242 0.9760742
vt 0.56884766 0.99658203
vt 0.4885254 0.92529297
vt 0.61279297 0.9760742
vt 0.61279297 0.99658203
vt 0.6538086 0.9760742
vt 0.65283203 0.99658203
vt 0.69970703 0.99658203
vt 0.7001953 0.9760742
vt 0.7421875 0.99658203
vt 0.6542969 0.9511719
vt 0.61328125 0.9511719
vt 0.5698242 0.9511719
vt 0.5283203 0.9511719
vt 0.5283203 0.92529297
vt 0.5703125 0.92529297
vt 0.61328125 0.92529297
vt 0.65478516 0.92529297
vt 0.7011719 0.9511719
vt 0.5283203 0.9042969
vt 0.5703125 0.9042969
vt 0.61376953 0.9042969
vt 0.65478516 0.9042969
vt 0.7290039 0.9760742
vt 0.70703125 0.92529297
vt 0.7163086 0.9511719
vt 0.73535156 0.9760742
vt 0.7392578 0.9760742
vt 0.7451172 0.99658203
vt 0.7265625 0.9511719
vt 0.61376953 0.85595703
vt 0.65478516 0.85595703
vt 0.70458984 0.9042969
vt 0.70166016 0.85595703
vt 0.7182617 0.92529297
vt 0.7338867 0.9511719
vt 0.7128906 0.9042969
vt 0.74316406 0.9760742
vt 0.7290039 0.92529297
vt 0.7402344 0.9511719
vt 0.7446289 0.9760742
vt 0.74658203 0.9760742
vt 0.74658203 0.99658203
vt 0.74609375 0.9511719
vt 0.74365234 0.9511719
vt 0.74609375 0.92529297
vt 0.73828125 0.92529297
vt 0.7270508 0.9042969
vt 0.73779297 0.9042969
vt 0.74609375 0.9042969
vt 0.72558594 0.8803711
vt 0.7373047 0.8803711
vt 0.74658203 0.8803711
vt 0.7241211 0.85595703
vt 0.7373047 0.85595703
vt 0.74658203 0.85595703
vt 0.72265625 0.8276367
vt 0.7373047 0.8276367
vt 0.74658203 0.8276367
vt 0.7373047 0.7988281
vt 0.7470703 0.7988281
vt 0.7211914 0.7988281
vt 0.7001953 0.7988281
vt 0.7373047 0.7709961
vt 0.7470703 0.7709961
vt 0.7207031 0.7709961
vt 0.7006836 0.74316406
vt 0.65527344 0.7988281
vt 0.7373047 0.74316406
vt 0.7470703 0.74316406
vt 0.72021484 0.74316406
vt 0.61376953 0.7988281
vt 0.61376953 0.6879883
vt 0.7373047 0.7158203
vt 0.7470703 0.7158203
vt 0.71972656 0.7158203
vt 0.5703125 0.85595703
vt 0.7373047 0.6879883
vt 0.7475586 0.6879883
vt 0.7006836 0.6879883
vt 0.7192383 0.68847656
vt 0.5703125 0.7988281
vt 0.5283203 0.85595703
vt 0.7373047 0.66015625
vt 0.7475586 0.66015625
vt 0.71875 0.66015625
vt 0.4885254 0.85595703
vt 0.5283203 0.7988281
vt 0.7373047 0.63183594
vt 0.7475586 0.6323242
vt 0.7006836 0.6323242
vt 0.7182617 0.63134766
vt 0.44873047 0.7988281
vt 0.7373047 0.6044922
vt 0.7475586 0.6044922
vt 0.71777344 0.6040039
vt 0.7373047 0.57666016
vt 0.7475586 0.57666016
vt 0.71777344 0.57666016
vt 0.7373047 0.5439453
vt 0.7475586 0.5439453
vt 0.7006836 0.57666016
vt 0.40673828 0.7988281
vt 0.42578125 0.6879883
vt 0.4885254 0.6879883
vt 0.42578125 0.57666016
vt 0.61376953 0.57666016
vt 0.55126953 0.57666016
vt 0.7182617 0.5439453
vt 0.7011719 0.51123047
vt 0.71875 0.51123047
vt 0.73779297 0.51123047
vt 0.7480469 0.51123047
vt 0.71972656 0.47851562
vt 0.73779297 0.47827148
vt 0.7480469 0.47827148
vt 0.7011719 0.44555664
vt 0.72021484 0.44580078
vt 0.73779297 0.44555664
vt 0.7480469 0.44555664
vt 0.7207031 0.41259766
vt 0.73779297 0.4128418
vt 0.7480469 0.41259766
vt 0.70166016 0.3798828
vt 0.7216797 0.37939453
vt 0.73779297 0.3798828
vt 0.7480469 0.3798828
vt 0.72216797 0.34692383
vt 0.73779297 0.34716797
vt 0.7480469 0.34716797
vt 0.73828125 0.31445312
vt 0.7480469 0.31445312
vt 0.72265625 0.31445312
vt 0.70166016 0.31420898
vt 0.7236328 0.27734375
vt 0.73828125 0.27734375
vt 0.7480469 0.27734375
vt 0.7241211 0.24060059
vt 0.73828125 0.24060059
vt 0.7480469 0.24060059
vt 0.72509766 0.20373535
vt 0.73828125 0.20373535
vt 0.7480469 0.20373535
vt 0.72558594 0.16687012
vt 0.73828125 0.16687012
vt 0.7480469 0.16687012
vt 0.72753906 0.1303711
vt 0.73876953 0.1303711
vt 0.7480469 0.1303711
vt 0.7290039 0.093933105
vt 0.7392578 0.093933105
vt 0.7480469 0.093933105
vt 0.7397461 0.073913574
vt 0.7480469 0.073913574
vt 0.7402344 0.05871582
vt 0.7480469 0.05871582
vt 0.7421875 0.042175293
vt 0.7480469 0.042175293
vt 0.74609375 0.020980835
vt 0.7480469 0.020980835
vt 0.7495117 0.004459381
vt 0.9736328 0.99658203
vt 0.9946289 0.99658203
vt 0.9946289 0.9760742
vt 0.9736328 0.9760742
vt 0.9736328 0.020980835
vt 0.9946289 0.020980835
vt 0.9946289 0.004459381
vt 0.9736328 0.004459381
vt 0.55126953 0.44555664
vt 0.4885254 0.31445312
vt 0.4885254 0.44555664
vt 0.42578125 0.31445312
vt 0.42578125 0.44555664
vt 0.36328125 0.24060059
vt 0.4885254 0.57666016
vt 0.55126953 0.6879883
vt 0.4885254 0.7988281
vn 0.99739885 -0.07208022 0
vn 0.61263484 0.08458809 -0.78582656
vn 0.9927771 -0.11997371 4.73782E-06
vn 0.92275846 -0.11917798 -0.36648792
vn 0.9906723 -0.13626535 0
vn 0.85979366 -0.12025992 -0.49627858
vn 0.9934589 -0.11418507 -0.0011115444
vn 0.6026928 -0.028637342 -0.79745924
vn 0.65789527 -0.072492406 -0.74961233
vn 0.7285744 -0.07913658 -0.68037987
vn 0.053174682 0.17821305 -0.98255414
vn 0.008151574 0.19954908 -0.9798539
vn 0.12167245 0.14223307 -0.9823267
vn -0.00039200185 0.20415135 -0.9789393
vn -0.0011986593 0.21902913 -0.9757176
vn 0.7177119 -0.032225505 -0.6955941
vn 0.9991665 -0.040822 -3.8687696E-05
vn 0.186827 0.08051261 -0.97908807
vn -0.0010129779 0.17833558 -0.9839692
vn -0.0009675825 0.20167121 -0.97945285
vn -0 0.21748713 -0.9760632
vn 0.24582201 0.027907297 -0.9689132
vn 0.26174453 0.023291713 -0.96485615
vn 0.7161429 -0.025818063 -0.697476
vn 0.99933136 -0.0365621 -3.574009E-05
vn 0.99961275 -0.027823351 0.0005158339
vn 0.7123894 -0.021173995 -0.701465
vn 0.99979013 -0.020489946 0
vn 0.0034561774 0.058968257 -0.9982539
vn -0.0023027381 0.17645071 -0.9843068
vn 0.7057369 -0.017276423 -0.7082634
vn 0.29906312 -0.00027961726 -0.95423335
vn 0.9999095 -0.0134326015 0.0007458311
vn 0.6981962 -0.011184745 -0.71581906
vn 0.9999794 -0.0062594847 0.0014907438
vn 0.6944969 -0.005142897 -0.7194773
vn 0.99998045 -0.0062528816 0.00039284248
vn 0.28145617 0.01094091 -0.9595117
vn 0.004990687 0.028389258 -0.9995845
vn 0.30538914 -0.00021066972 -0.9522276
vn 0.69188225 -0.0051142876 -0.7219922
vn 0.99998033 -0.006246291 -0.00068269245
vn 0.3138311 -0.00028269237 -0.9494788
vn 0.008682374 0.009629001 -0.99991596
vn 0.6893066 -0.0050860997 -0.72445184
vn 0.99998045 -0.006243701 0.00024374679
vn 0.31669712 -0.00032462113 -0.9485267
vn 0.6865657 -0.00506172 -0.72705007
vn 0.99997985 -0.006240634 0.0011392146
vn 0.0065470384 0.014550524 -0.9998727
vn -0.003917304 0.029211916 -0.99956554
vn -0.0007317751 0.011694741 -0.99993134
vn 0.0099321455 0.0044942847 -0.99994063
vn 0.31958562 -0.0003670325 -0.9475573
vn 0.6838862 -0.005036832 -0.7295712
vn 0.99998045 -0.006233279 -0.00045944558
vn 0.005357832 0.04445232 -0.99899715
vn 0.0107244635 0.004495119 -0.9999324
vn 0.32197723 -0.00040404944 -0.9467473
vn 0.6815873 -0.005006068 -0.73171973
vn 0.9999784 -0.0062256344 -0.0020831977
vn 0.011520863 0.0044959756 -0.9999236
vn -5.1745705E-05 0.0049477955 -0.99998784
vn 0.32441136 -0.00044129087 -0.945916
vn 0.6793124 -0.004975674 -0.7338323
vn 0.99999976 0.00014551758 0.0006407173
vn -7.10875E-05 0.00494824 -0.99998784
vn 0.012351594 0.004495159 -0.9999136
vn 0.32819018 -0.00049453694 -0.94461155
vn 0.013185185 0.0044944133 -0.99990296
vn -1.4836699E-05 0.0049465806 -0.99998784
vn 0.6791094 0.0008851178 -0.73403656
vn 0.99998033 0.0055409498 0.0029605443
vn 0.68346405 0.005951838 -0.7299599
vn 0.9999846 0.0055459626 -0.00017285853
vn 0.33188325 0.0017051393 -0.94331896
vn 0.3320451 -0.00054903555 -0.94326335
vn 0.68914014 0.006033806 -0.72460294
vn 0.99997985 0.005550026 -0.0030781345
vn 0.33438683 0.003671211 -0.9424288
vn 0.6949451 0.0061135003 -0.7190368
vn 0.9999844 0.005546717 -0.00074978545
vn 0.013987816 0.004497316 -0.9998921
vn 0.015367395 0.0022121337 -0.9998795
vn 0.33124152 0.0036465137 -0.9435389
vn 0.7015945 0.006148249 -0.7125499
vn 0.9999833 0.0055432813 0.0016349483
vn 0.014794792 0.004500246 -0.99988043
vn 7.598232E-05 0.0023498472 -0.99999726
vn 0.015475863 0.00022586335 -0.9998802
vn 3.5485922E-05 0.004945862 -0.99998784
vn 0.32854253 0.0036274723 -0.94448227
vn 0.708325 0.0061829374 -0.7058595
vn 0.9999846 0.005545835 0.00013719925
vn 0.015445545 0.00022565675 -0.9998807
vn 0.32776368 0.0036122296 -0.9447529
vn 0.71449924 0.0062550926 -0.6996083
vn 0.9999838 0.0055490886 -0.0013060814
vn 0.0154086035 0.00022540415 -0.99988127
vn 4.4371856E-05 0.0001044692 -1
vn 0.32692623 0.003595946 -0.94504297
vn 0.72074187 0.006326768 -0.69317466
vn 0.9999474 0.010231151 0.0007066221
vn 6.551837E-05 0.000104220046 -1
vn 0.015287531 0.00022439171 -0.9998832
vn 0.3244801 0.0035748188 -0.9458858
vn 0.7303813 0.011524239 -0.6829425
vn 0.99989367 0.01435738 0.0025509691
vn 0.015167216 0.00022339541 -0.99988496
vn 2.0059226E-06 0.00010470602 -1
vn 0.32222888 0.003555795 -0.9466551
vn 0.7449198 0.016406795 -0.66695225
vn 0.99989724 0.014332897 5.8295405E-05
vn 2.3241157E-05 0.00010470571 -1
vn 0.015116304 0.00022299947 -0.9998857
vn 0.31882346 0.007030128 -0.9477881
vn 0.7620533 0.016753884 -0.6472976
vn 0.9998952 0.014307246 -0.0022348564
vn 0.015063984 0.00022257955 -0.9998865
vn -4.0368606E-05 0.000104899504 -1
vn 0.3174651 0.010259073 -0.9482145
vn 0.77921176 0.01708796 -0.6265278
vn 0.9996816 0.02521349 -0.0010050571
vn -1.9226432E-05 0.000104715305 -1
vn 0.014358667 0.0006216702 -0.99989676
vn -0.0006355537 -0.00072122266 -0.9999995
vn 0.31098402 0.010126008 -0.95036125
vn 0.012610365 0.0009939197 -0.99992
vn -6.149941E-05 0.00010506774 -1
vn 0.79241514 0.022935461 -0.60955083
vn 0.79811275 0.029148942 -0.6018027
vn 0.999343 0.036244012 -2.3985954E-06
vn 0.99944156 0.03341275 0.0001006764
vn 0.30534118 0.010014326 -0.9521904
vn 0.010381015 0.0010163027 -0.99994564
vn 0.29193044 -0.0016993699 -0.956438
vn 0.008211836 0.0010373746 -0.9999658
vn -0.0044100145 -0.0014580877 -0.9999893
vn -0.0022246283 -0.0014804973 -0.9999964
vn 0.0029284058 -0.0049459697 -0.99998355
vn 0.7986924 0.025243567 -0.60120976
vn 0.7864102 0.022318235 -0.61730117
vn 0.9993888 0.034951992 0.0005499401
vn 0.77597046 0.057564776 -0.628137
vn 0.99546164 0.095145844 -0.0018719047
vn 0.7499969 0.09204911 -0.65500504
vn 0.9918127 0.12770091 -0.00033386823
vn 0.782856 0.10903781 -0.6125742
vn 0.9911152 0.13300619 0
vn 0.81854534 0.0120973885 -0.5743145
vn 0.6997846 0.04756029 -0.712769
vn 0.0115314415 -0.25385508 -0.96717346
vn 0.14104326 -0.19606976 -0.9703935
vn 0.06977485 -0.2547795 -0.96447855
vn 0.007004151 -0.28740755 -0.95778286
vn 0.18849966 -0.11511407 -0.9753033
vn -0.0009327172 -0.2747511 -0.9615149
vn -0 -0.301308 -0.9535269
vn -0.0028343305 -0.2954796 -0.95534486
vn -0.0014093756 -0.24408433 -0.9697529
vn -0.005304197 -0.265685 -0.9640453
vn -0 -0.28946528 -0.9571884
vn -0.0026937383 -0.28456926 -0.9586517
vn 0.22613582 -0.058557652 -0.9723341
vn 0.0012413304 -0.16211897 -0.9867704
vn -0.0069841924 -0.24143592 -0.9703917
vn -0.0029639746 -0.2537697 -0.9672601
vn -0 -0.2794983 -0.9601462
vn 0.0003604296 -0.28020474 -0.95994014
vn 0.2681105 -0.024468346 -0.96307737
vn 0.0047422373 -0.08955934 -0.99597025
vn -0.0062256344 -0.17000021 -0.98542434
vn -0.003872609 -0.23810528 -0.9712316
vn -0.00070702867 -0.25249612 -0.9675976
vn 0.00015714677 -0.28118926 -0.95965236
vn 0.00022816657 -0.28171182 -0.959499
vn 0.2768079 -0.013233081 -0.9608342
vn 0.007964633 -0.043964773 -0.9990013
vn -0.0032643154 -0.09309022 -0.9956524
vn -0.002286382 -0.1847732 -0.9827785
vn -0.0010998857 -0.23715952 -0.97147006
vn -0.00052886386 -0.2547606 -0.967004
vn 0.000115500494 -0.28230724 -0.95932406
vn -0.002717327 -0.24974242 -0.96830845
vn -0.0010996505 -0.23741624 -0.9714074
vn -0.00690765 -0.2341048 -0.9721868
vn 0.0011796374 -0.19541644 -0.9807196
vn 0.0011728228 -0.09984291 -0.99500245
vn 0.0011642153 -0.20801584 -0.97812474
vn 0.0050405697 -0.10491508 -0.99446845
vn 0.0008893743 -0.039296992 -0.99922717
vn -0.0038874976 -0.04357316 -0.9990427
vn 0.008071543 -0.028221864 -0.9995691
vn 0.007066741 -0.01344995 -0.9998846
vn -0.0075740605 -0.013386243 -0.99988174
vn -0.0060497653 -0.02573641 -0.9996505
vn -0.0010621641 -0.02140819 -0.9997702
vn -0.0065945303 -0.0014367523 -0.99997723
vn 0.00075118185 -0.004936556 -0.9999876
vn -0.0014312452 -0.004927569 -0.9999869
vn -0.0024368968 -0.013059047 -0.9999118
vn 0.0032725728 -0.018731939 -0.9998192
vn 0.0050365976 -0.036745302 -0.9993119
vn 0.0050339187 -0.1110099 -0.9938066
vn -0.0089230575 -0.21317662 -0.97697294
vn -0.012846461 -0.23052599 -0.97298133
vn -0.002717327 -0.24974242 -0.96830845
vn -0.004961404 -0.24572752 -0.9693263
vn -0.019256322 -0.2142385 -0.9765916
vn -0.008011642 -0.113815404 -0.9934696
vn -0.021379884 -0.11477222 -0.9931617
vn -0.017217696 -0.036166072 -0.9991974
vn -0.00595508 -0.03469093 -0.99938035
vn -0.009813814 -0.018031089 -0.9997893
vn 0.0050324616 -0.03416353 -0.9994036
vn 0.0032624279 -0.015924651 -0.9998679
vn -0.00319381 -0.016468247 -0.99985933
vn -0.0024368528 -0.014796512 -0.9998876
vn 0.0020510256 -0.012934984 -0.9999143
vn -0.0001685311 -0.013785052 -0.999905
vn -0 -0.011605732 -0.99993265
vn 0.002041071 -0.012831552 -0.9999156
vn 0.0030938606 -0.007261583 -0.9999689
vn 0.0030773226 -0.009798535 -0.9999473
vn 0.0015589474 -0.01114267 -0.9999367
vn -0 -0.011605754 -0.99993265
vn 0.005252483 -0.0072705415 -0.9999598
vn 0.0026484572 -0.01114568 -0.99993443
vn -0 -0.011605734 -0.99993265
vn 0.0052311867 -0.009805288 -0.99993825
vn 0.007415898 -0.007279732 -0.999946
vn 0.007383316 -0.009812071 -0.99992466
vn 0.003734511 -0.011148686 -0.99993086
vn -0 -0.0061376793 -0.99998116
vn 0.004490895 -0.0025559282 -0.99998665
vn 0.009003727 -0.003805186 -0.9999522
vn 0.0045382828 -0.0058895005 -0.99997234
vn -0 0 -1
vn 0.008966748 -0.0051650475 -0.9999465
vn 0.0050421357 6.890712E-05 -0.99998736
vn 0.0048362752 5.034355E-06 -0.9999883
vn -0 0 -1
vn 0.009548043 1.9882535E-05 -0.99995446
vn 0.009582343 4.5671528E-05 -0.9999541
vn 0.005059882 6.886072E-05 -0.99998724
vn 0.0096009625 4.562044E-05 -0.999954
vn 0.0048448765 5.038736E-06 -0.9999883
vn -0 0 -1
vn 0.009569198 1.986648E-05 -0.9999542
vn 0.005077968 6.881284E-05 -0.9999871
vn 0.0048534363 4.9937285E-06 -0.9999882
vn -0 0 -1
vn 0.009590344 1.980216E-05 -0.999954
vn 0.009619632 4.5554418E-05 -0.99995375
vn 0.0050747786 6.889082E-05 -0.9999871
vn 0.00963846 4.5587272E-05 -0.9999536
vn 0.004867792 4.995123E-06 -0.9999882
vn -0 0 -1
vn 0.009611513 1.983728E-05 -0.99995387
vn 0.0050718253 6.896488E-05 -0.9999871
vn 0.0048821843 5.0221797E-06 -0.9999881
vn -0 0 -1
vn 0.009632658 1.9878345E-05 -0.9999536
vn 0.0096572535 4.5608194E-05 -0.9999534
vn 0.0050963103 6.886101E-05 -0.999987
vn 0.0096759265 4.549651E-05 -0.99995327
vn 0.0048886873 4.9876217E-06 -0.9999881
vn -0 0 -1
vn 0.009653718 1.979003E-05 -0.9999534
vn 0.0051219454 6.8752444E-05 -0.9999869
vn 0.009694684 4.5356337E-05 -0.99995303
vn 0.009674781 1.9578594E-05 -0.99995327
vn 0.0048951223 4.742719E-06 -0.9999881
vn 0.0052394345 0.0020961375 -0.99998415
vn 0.0048976555 0.001917311 -0.9999862
vn -0 0.0019220514 -0.9999982
vn 0.0096751265 0.0019039564 -0.99995136
vn 0.009692918 0.0018746571 -0.99995124
vn 0.0048778025 0.004174079 -0.9999794
vn -0 0.0041926648 -0.9999913
vn -1.0057861E-06 0.0041925306 -0.9999913
vn 0.009630605 0.00411967 -0.99994516
vn 0.009646437 0.0040170588 -0.9999454
vn 0.0056268233 0.0044537573 -0.99997425
vn 0.004846302 0.0041740076 -0.9999796
vn -1.0430373E-06 0.0041924696 -0.9999913
vn 0.009565532 0.0041196505 -0.99994576
vn 0.009579395 0.004017089 -0.9999461
vn 6.38972E-05 0.0049458956 -0.99998784
vn 0.0061372295 0.0044540665 -0.9999713
vn 0.004814854 0.004173922 -0.99997973
vn -1.0802884E-06 0.0041925176 -0.9999913
vn 0.009500568 0.0041195727 -0.99994636
vn 0.009512343 0.00401712 -0.9999467
vn 0.006647201 0.004454368 -0.99996805
vn 0.0047802483 0.0041740662 -0.99997985
vn -1.0057857E-06 0.0041925665 -0.9999913
vn 0.0094357375 0.004119808 -0.9999471
vn 0.00944532 0.004017392 -0.9999473
vn 5.273215E-06 0.004945828 -0.99998784
vn 0.0071615716 0.0044523105 -0.9999645
vn 0.004745778 0.0041742125 -0.9999801
vn -0 0.0041925423 -0.9999913
vn 0.009370952 0.0041200425 -0.99994767
vn 0.00937819 0.004017681 -0.999948
vn 0.0076736775 0.00445023 -0.99996066
vn 0.00471295 0.0041742 -0.9999802
vn -0 0.0041924207 -0.9999913
vn 0.009306395 0.004120078 -0.99994826
vn 0.009311322 0.0040178415 -0.9999486
vn -3.175624E-05 0.0049473625 -0.99998784
vn 0.008176639 0.004449346 -0.9999567
vn 0.0046802205 0.0041741705 -0.99998033
vn -0 0.019171374 -0.99981624
vn 0.009241963 0.0041201357 -0.99994886
vn 0.00867821 0.0044484497 -0.99995244
vn 0.009244442 0.0040179826 -0.9999492
vn 0.004324289 0.018800693 -0.999814
vn -0 0.03382879 -0.9994276
vn 0.0085372105 0.017709918 -0.9998067
vn 0.008537611 0.015686952 -0.9998405
vn 0.003335385 0.03310892 -0.9994462
vn -0 0.032985277 -0.99945587
vn 0.0065837363 0.03098427 -0.99949825
vn 0.008397263 0.013996355 -0.99986684
vn 0.002533889 0.032796774 -0.99945885
vn -0 0.031990394 -0.9994881
vn 0.0065845754 0.02707028 -0.9996119
vn 0.0065850643 0.023283444 -0.99970716
vn 0.005001422 0.03224023 -0.9994677
vn 0.0027010231 0.032428816 -0.9994704
vn -0.0038691976 0.06744006 -0.99771583
vn 0.0050017294 0.031215496 -0.99950016
vn 0.005330786 0.03372213 -0.99941707
vn 0.005001975 0.0302243 -0.9995307
vn -0.0025509659 0.018241355 -0.99983037
vn 0.0053306245 0.036106143 -0.9993337
vn 0.005330537 0.038412187 -0.9992478
vn -0.0031862797 0.04214845 -0.9991062
vn -0.0021263247 0.060242333 -0.99818146
vn 0.00585319 0.060173064 -0.99817085
vn 0.0058530825 0.060747106 -0.99813604
vn -0.0008698676 0.12659806 -0.9919537
vn -0.0024748272 0.12786244 -0.9917888
vn 0.0044633267 0.13156773 -0.9912971
vn 0.005853016 0.06134365 -0.9980996
vn 0.0032765013 0.17554024 -0.9844668
vn 0.0044614603 0.13533616 -0.99078965
vn 0.002521626 0.20099516 -0.9795889
vn 0.0018759498 0.22228517 -0.9749799
vn 0.00327619 0.17622332 -0.98434466
vn 0.0025447905 0.20269434 -0.9792388
vn 0.0019208738 0.22942168 -0.9733252
vn 0.0014948297 0.23490438 -0.97201735
vn 0.0044591534 0.13924071 -0.9902485
vn 0.002657605 0.19889571 -0.98001707
vn 0.0020867076 0.24000877 -0.9707685
vn 0.0032757313 0.17693059 -0.9842179
vn -0.002790365 0.19623297 -0.9805533
vn -0 0.24244265 -0.9701657
vn -0.00696308 0.17495845 -0.98455125
vn -0.017468587 0.17257777 -0.98484105
vn -0.0072646397 0.19811305 -0.9801522
vn -0.005480473 0.14552863 -0.9893388
vn -0.015703106 0.1506381 -0.9884643
vn -0.017468587 0.17257777 -0.98484105
vn 0.0010566375 0.06446124 -0.9979196
vn -0.0017672187 0.20276496 -0.9792259
vn -0 0.2158643 -0.9764233
vn -0.00083497015 0.21488392 -0.9766392
vn -0.0015051848 0.20340629 -0.9790933
vn -0.00059573626 0.21282414 -0.97709036
vn -0.0027098656 0.18747613 -0.9822655
vn -0.0013949574 0.20289741 -0.979199
vn -0.00076460995 0.21062052 -0.97756755
vn -0.001383352 0.20096898 -0.9795966
vn -0.00074592186 0.20775951 -0.9781797
vn 0.0020966032 0.20169684 -0.97944576
vn 0.001130264 0.20896901 -0.97792155
vn 0.0016155839 0.20432693 -0.9789013
vn 0.0019755752 0.21427928 -0.97677046
vn -0.006627518 0.2012567 -0.9795161
vn -0.052822 0.17925753 -0.98238313
vn -0.6136315 0.08606113 -0.78488845
vn 0.0016552549 0.18015967 -0.98363596
vn 0.002856896 0.17990187 -0.98368037
vn -0.002712666 0.18147214 -0.98339236
vn -0.0027114626 0.18396546 -0.982929
vn -0.0027100926 0.18654375 -0.982443
vn -0.004458901 0.13924085 -0.9902485
vn -0.0044585564 0.1406416 -0.99005055
vn -0.005852734 0.061556656 -0.99808645
vn -0.0044611464 0.1353373 -0.99078953
vn -0.004463112 0.13156821 -0.9912971
vn 0.0024750691 0.12786326 -0.9917888
vn 0.00086976495 0.12659918 -0.99195355
vn -0.005852716 0.061343543 -0.9980996
vn -0.005330573 0.03285592 -0.99944586
vn -0.0058527747 0.0607477 -0.99813604
vn -0.005852878 0.060173165 -0.99817085
vn 0.0021266541 0.060242515 -0.99818146
vn -0.12172195 0.1409824 -0.98250073
vn -0.0034561148 0.05896817 -0.9982539
vn -0.6078389 -0.03091777 -0.79345816
vn -0.18677048 0.08052701 -0.97909766
vn -0.6578949 -0.0724915 -0.7496128
vn -0.9227538 -0.11917664 -0.36650002
vn -0.9927771 -0.11997354 4.479182E-06
vn -0.9973991 -0.07207731 0
vn -0.9906725 -0.13626415 0
vn -0.8597934 -0.120260075 -0.4962789
vn -0.9934588 -0.11418615 -0.0011117456
vn -0.7285744 -0.07913743 -0.6803798
vn -0.24574783 0.0279162 -0.96893173
vn -0.71771175 -0.032224994 -0.6955942
vn -0.9991665 -0.04082142 -3.8613598E-05
vn -0.005357553 0.044452157 -0.99899715
vn -0.716143 -0.025817972 -0.6974759
vn -0.99933136 -0.03656186 -3.5559908E-05
vn -0.26166418 0.02329925 -0.9648778
vn -0.7123899 -0.02117388 -0.7014644
vn -0.99961275 -0.02782302 0.00051582255
vn -0.28136754 0.0109470785 -0.9595376
vn -0.7057376 -0.017276643 -0.7082627
vn -0.99979013 -0.020490114 0
vn 0.0031865921 0.04214795 -0.9991062
vn -0.004990428 0.028389432 -0.9995845
vn -0.29896906 -0.00027513155 -0.95426273
vn -0.69819707 -0.011184871 -0.71581817
vn -0.9999095 -0.013432609 0.0007459545
vn 0.003917607 0.029212145 -0.99956554
vn -0.0065467 0.014551036 -0.9998727
vn -0.0053302376 0.038411867 -0.9992478
vn -0.3052916 -0.00020762577 -0.95225894
vn -0.69449776 -0.0051429723 -0.71947646
vn -0.9999794 -0.0062592877 0.0014902473
vn -0.0050017 0.030224463 -0.9995307
vn -0.005330368 0.03610659 -0.9993337
vn -0.008681901 0.009629195 -0.99991596
vn -0.31373158 -0.00028138063 -0.94951165
vn -0.6918827 -0.005114398 -0.72199184
vn -0.99998045 -0.0062525403 0.00039105245
vn -0.0050014607 0.031215318 -0.99950016
vn -0.005330518 0.033722073 -0.99941707
vn -0.005001154 0.03224028 -0.9994677
vn -0.0050010523 0.032612734 -0.9994555
vn -0.006583102 0.032406345 -0.9994531
vn -0.3165962 -0.0003233764 -0.94856036
vn -0.6893069 -0.0050861323 -0.7244517
vn -0.99998033 -0.006246346 -0.0006848429
vn -0.3194835 -0.0003655928 -0.9475917
vn -0.68656605 -0.0050617284 -0.72704977
vn -0.99998045 -0.006244113 0.00024218355
vn -0.32187387 -0.00040256 -0.94678247
vn -0.68388647 -0.0050370814 -0.729571
vn -0.99997985 -0.0062409933 0.0011377649
vn -0.32430667 -0.00043992195 -0.94595194
vn -0.68158746 -0.005006098 -0.7317195
vn -0.99998045 -0.0062330686 -0.0004614919
vn -0.32808393 -0.0004929717 -0.9446485
vn -0.6793127 -0.0049753883 -0.7338321
vn -0.9999784 -0.00622573 -0.0020851174
vn -0.99999976 0.00014540936 0.0006397499
vn -0.3319374 -0.0005473101 -0.9433012
vn -0.012350608 0.004495086 -0.9999137
vn -0.01318407 0.004494333 -0.99990296
vn -0.013986583 0.0044972356 -0.9998921
vn -0.011519999 0.0044958987 -0.9999236
vn -0.014793437 0.004500155 -0.99988043
vn 1.5429368E-05 0.004946627 -0.99998784
vn -3.4885732E-05 0.004945916 -0.99998784
vn -0.010723733 0.0044950284 -0.9999324
vn -0.009931555 0.0044941665 -0.99994063
vn 5.2317893E-05 0.0049478235 -0.99998784
vn 0.0007322562 0.011695201 -0.99993134
vn -4.675227E-06 0.0049458765 -0.99998784
vn 3.2327483E-05 0.0049473946 -0.99998784
vn 7.1645845E-05 0.004948262 -0.99998784
vn 0.0025513358 0.018242238 -0.99983037
vn -0.006584711 0.023284042 -0.99970716
vn -0.00839655 0.013996219 -0.99986684
vn -0.008676709 0.0044475147 -0.99995244
vn -0.0081741875 0.0044484213 -0.9999567
vn -0.007670243 0.0044493186 -0.99996066
vn -0.0065841624 0.027069442 -0.9996119
vn -0.008536911 0.015685566 -0.9998405
vn -0.0065833256 0.030984275 -0.99949825
vn -0.008537041 0.017709011 -0.9998068
vn -0.008537304 0.01843798 -0.9997936
vn -0.009242955 0.0041553583 -0.9999486
vn -0.009243295 0.004015791 -0.9999492
vn -0.009309611 0.0040156515 -0.9999486
vn -0.009242973 0.004118319 -0.99994886
vn -0.00930904 0.0041182544 -0.99994826
vn -0.009309009 0.0041552945 -0.999948
vn -0.009375144 0.004155245 -0.9999474
vn -0.0093758805 0.004015501 -0.999948
vn -0.009375192 0.0041181897 -0.99994755
vn -0.009442401 0.0040152175 -0.9999474
vn -0.009441578 0.004117973 -0.99994695
vn -0.009441503 0.0041550547 -0.99994683
vn -0.009508029 0.004154864 -0.99994624
vn -0.007157118 0.0044514122 -0.9999645
vn -0.009508818 0.0040149502 -0.9999467
vn -0.006641736 0.0044534747 -0.99996805
vn -0.009508061 0.0041177627 -0.99994636
vn -0.0061306837 0.0044531925 -0.9999713
vn -0.009575266 0.004014939 -0.9999461
vn -0.009574667 0.004117843 -0.99994576
vn -0.009574681 0.0041549457 -0.9999455
vn -0.009641351 0.004154944 -0.9999449
vn -0.009641742 0.004014901 -0.9999455
vn -0.005619203 0.004452884 -0.99997437
vn -0.009641343 0.0041178563 -0.99994504
vn -0.009687588 0.0019022137 -0.99995124
vn -0.009687596 0.0019117517 -0.99995124
vn -0.009688949 9.048774E-06 -0.99995303
vn -0.009687627 0.0018726748 -0.99995136
vn -6.327303E-05 0.004945935 -0.99998784
vn -7.536167E-05 0.0023498547 -0.99999726
vn -0.005230676 0.0020953028 -0.99998415
vn -0.015365968 0.002212066 -0.9998795
vn -0.33177468 0.001705087 -0.9433571
vn -0.6791097 0.00088494713 -0.7340364
vn -0.33427855 0.0036699472 -0.94246715
vn -0.68346417 0.005951807 -0.7299598
vn -0.99998033 0.0055411304 0.0029599874
vn -0.015474429 0.00022583082 -0.9998802
vn -6.491959E-05 0.00010420986 -1
vn -0.0051121037 6.7915025E-05 -0.999987
vn -0.6891403 0.00603384 -0.72460276
vn -0.9999846 0.0055457316 -0.00017306051
vn -0.33113444 0.0036454122 -0.9435766
vn -0.0154441 0.0002256283 -0.9998807
vn -4.3772165E-05 0.0001044546 -1
vn -0.6949452 0.0061133695 -0.71903664
vn -0.99997985 0.0055504995 -0.003078034
vn -0.32843643 0.003626157 -0.94451916
vn -0.015407169 0.00022536272 -0.99988127
vn -0.7015945 0.0061481344 -0.71255
vn -0.9999844 0.0055469256 -0.000749718
vn -0.32765862 0.0036109088 -0.94478923
vn -0.7083248 0.0061827367 -0.70585966
vn -0.9999833 0.0055431095 0.0016349143
vn -0.005085371 6.802064E-05 -0.9999871
vn -0.015286136 0.00022435263 -0.9998832
vn -0.32682246 0.0035947938 -0.94507885
vn -0.7144987 0.0062549305 -0.6996088
vn -0.9999846 0.005546257 0.0001368795
vn -0.015165835 0.00022336996 -0.99988496
vn -1.4243026E-06 0.000104696046 -1
vn -2.2638604E-05 0.00010468111 -1
vn -0.3243772 0.00357363 -0.9459211
vn -0.72074145 0.006326421 -0.6931752
vn -0.9999838 0.0055486276 -0.001306619
vn -0.0050597494 6.8116125E-05 -0.99998724
vn -0.015114925 0.00022296488 -0.9998858
vn -0.32212713 0.003554583 -0.9466897
vn -0.7303808 0.011524338 -0.68294305
vn -0.9999474 0.010231116 0.0007063691
vn -0.015062631 0.00022255242 -0.9998865
vn 4.092307E-05 0.0001048789 -1
vn -0.31872302 0.0070282887 -0.94782186
vn -0.74491906 0.016407033 -0.666953
vn -0.99989367 0.014357871 0.002551312
vn -0.01435738 0.0006215015 -0.99989676
vn -0.31736606 0.01025646 -0.9482476
vn -0.76205266 0.016753808 -0.6472982
vn -0.99989724 0.0143329445 5.8999514E-05
vn 1.979361E-05 0.000104710925 -1
vn -0.31088698 0.010123363 -0.9503929
vn -0.7792115 0.017088378 -0.62652797
vn -0.9998952 0.0143077215 -0.0022346103
vn -0.30524647 0.010012 -0.9522207
vn -0.79241496 0.022935659 -0.6095511
vn -0.9996816 0.025213908 -0.001005334
vn -0.29184034 -0.0017033836 -0.9564655
vn -0.7981124 0.02914858 -0.6018031
vn -0.999343 0.036243904 -3.0817394E-06
vn -0.27672532 -0.013238469 -0.96085787
vn -0.79869205 0.025243087 -0.60121036
vn -0.9994417 0.03341189 9.980476E-05
vn -0.2680329 -0.024473349 -0.9630988
vn -0.78641003 0.022316925 -0.61730164
vn -0.9993888 0.034953304 0.0005486983
vn -0.22607177 -0.058564518 -0.97234863
vn -0.7759702 0.05756485 -0.62813735
vn -0.99546635 0.09509669 -0.0018334475
vn -0.18844536 -0.11512414 -0.9753127
vn -0.7499964 0.0920481 -0.6550057
vn -0.99181026 0.12772 0
vn -0.14100246 -0.19608374 -0.9703965
vn -0.782853 0.109038234 -0.6125781
vn -0.991115 0.13300769 0
vn -0.8185477 0.01209837 -0.5743111
vn -0.69978505 0.047559734 -0.7127685
vn -0.011529034 -0.2538609 -0.967172
vn -0.068101704 -0.2552595 -0.9644712
vn -0.003979123 -0.28220752 -0.95934516
vn 0.0027004252 -0.25123608 -0.9679221
vn 0.0033235191 -0.28121722 -0.9596384
vn -0 -0.290152 -0.9569805
vn 0.0059420587 -0.27784717 -0.960607
vn 0.0072215754 -0.27518868 -0.9613631
vn -0 -0.26509142 -0.9642232
vn 0.005675199 -0.25463066 -0.96702176
vn -0.0012414132 -0.16212142 -0.98677003
vn 0.008047763 -0.2521863 -0.96764517
vn 0.004927944 -0.26881585 -0.963179
vn -0 -0.24377128 -0.9698327
vn 0.0027460123 -0.23830964 -0.9711854
vn 0.0062256623 -0.1700029 -0.98542386
vn -0.0047420976 -0.089560635 -0.99597013
vn 0.004966531 -0.25462234 -0.96702784
vn 0.0026784905 -0.26180318 -0.9651176
vn 0.0012075666 -0.23062487 -0.9730419
vn 0.003264572 -0.09309155 -0.99565226
vn -0.007963994 -0.043963835 -0.99900144
vn 0.002296146 -0.18473619 -0.9827854
vn 0.0021973543 -0.25764924 -0.966236
vn 0.0024971946 -0.25467223 -0.9670242
vn 0.0017462636 -0.22652715 -0.97400326
vn 0.0038877681 -0.043572575 -0.9990427
vn -0.008070701 -0.028221603 -0.9995691
vn 0.0022008412 -0.26226878 -0.96499234
vn 0.0024978744 -0.25361133 -0.967303
vn 0.0017475768 -0.22335874 -0.9747347
vn 0.0021963324 -0.26384905 -0.96456146
vn -0.001169262 -0.21229208 -0.9772056
vn -0.0011644261 -0.20797314 -0.97813386
vn -0.0050351066 -0.113047026 -0.99357694
vn -0.0011792252 -0.19541699 -0.9807195
vn -0.0050336933 -0.11098952 -0.9938088
vn -0.0050357166 -0.033270773 -0.9994337
vn -0.0050402516 -0.10491423 -0.99446845
vn -0.005035865 -0.034180675 -0.999403
vn -0.003269616 -0.014942946 -0.99988306
vn -0.0011617247 -0.099824555 -0.99500436
vn -0.005035199 -0.036734726 -0.9993124
vn -0.00087720936 -0.039293986 -0.9992273
vn -0.0032695187 -0.015927767 -0.9998678
vn 0.0060499464 -0.0257358 -0.9996505
vn -0.0020478633 -0.012833062 -0.9999156
vn -0.0020487509 -0.012798383 -0.9999161
vn -0.0030878133 -0.010687848 -0.99993813
vn 0.0010727047 -0.021411853 -0.9997702
vn -0.003269885 -0.018731194 -0.9998192
vn 0.007574202 -0.013386247 -0.99988174
vn -0.0020486438 -0.012929985 -0.9999143
vn -0.0030874338 -0.0097929835 -0.9999473
vn -0.005247331 -0.0098 -0.99993825
vn -0.0052485126 -0.010693269 -0.9999291
vn -0.0074052545 -0.010698684 -0.99991536
vn -0.0070658834 -0.013449985 -0.9998846
vn -0.008210901 0.0010370412 -0.9999658
vn 0.0024427632 -0.013056788 -0.9999118
vn -0.0030899402 -0.0072543453 -0.9999689
vn 0.006594741 -0.0014373268 -0.99997723
vn 0.001437913 -0.0049248245 -0.9999869
vn -0.010379981 0.0010159859 -0.99994564
vn 0.0044103167 -0.0014586556 -0.9999893
vn -0.012609198 0.000993607 -0.99992
vn -0.00074040645 -0.004933816 -0.9999876
vn -0.0052462663 -0.007263866 -0.9999598
vn 0.00063609 -0.00072153227 -0.9999995
vn 0.0022250528 -0.0014810712 -0.9999964
vn 6.2054E-05 0.00010505326 -1
vn -0.002913853 -0.0049432376 -0.99998355
vn -0.004474109 -0.0025549447 -0.99998677
vn -0.0074049123 -0.009807026 -0.99992454
vn -0.005025417 6.806921E-05 -0.99998736
vn -0.007407603 -0.007273607 -0.9999461
vn -0.0089915395 -0.0051631015 -0.99994624
vn -0.00899151 -0.005645975 -0.9999436
vn -0.009572734 9.189538E-06 -0.9999542
vn -0.008994083 -0.0038029547 -0.9999523
vn -0.005044307 6.8011635E-05 -0.99998736
vn -0.0095727425 1.8257413E-05 -0.9999542
vn -0.009572615 4.37799E-05 -0.9999542
vn -0.009592169 1.8209528E-05 -0.999954
vn -0.0095921345 9.158708E-06 -0.999954
vn -0.009611503 9.1067795E-06 -0.99995387
vn -0.0050635305 6.796192E-05 -0.99998724
vn -0.009591943 4.3700944E-05 -0.999954
vn -0.009611554 1.8154724E-05 -0.99995387
vn -0.005061527 6.8045796E-05 -0.99998724
vn -0.0096113095 4.3628886E-05 -0.99995387
vn -0.009630939 1.8177723E-05 -0.9999536
vn -0.009630854 9.114115E-06 -0.9999536
vn -0.00965032 9.152151E-06 -0.9999535
vn -0.009630732 4.3661566E-05 -0.9999536
vn -0.009650327 1.822692E-05 -0.9999535
vn -0.009650096 4.369316E-05 -0.9999535
vn -0.009669653 1.8165767E-05 -0.99995327
vn -0.009669716 9.1013235E-06 -0.99995327
vn -0.009669439 4.3599004E-05 -0.99995327
vn -0.009688936 1.8090905E-05 -0.99995303
vn -0.009688842 4.3486787E-05 -0.99995303
vn -0.8185468 0.012097693 0.57431245
vn -0.8185477 0.01209837 -0.5743111
vn -0.991115 0.13300769 0
vn -0.78285307 0.10903793 0.61257803
vn -0.99181026 0.12772 0
vn -0.7084144 0.04510814 0.70435387
vn -0.01389599 -0.24942166 0.9682952
vn -0.7707469 0.096298605 0.629822
vn -0.99546635 0.09509669 -0.0018334475
vn -0.8059282 0.05288426 0.5896465
vn -0.9993888 0.034953304 0.0005486983
vn -0.3561027 -0.15565716 0.9213912
vn -0.22173215 -0.2205646 0.9498348
vn -0.818227 0.018352404 0.5746023
vn -0.9994417 0.03341189 9.980476E-05
vn -0.0009896278 -0.29166853 0.95651895
vn 2.279565E-06 -0.2753586 0.96134156
vn -0.4036534 -0.10760002 0.9085627
vn -0.0076254313 -0.28781483 0.95765567
vn 0.0020155052 -0.30151296 0.9534599
vn -0 -0.2753526 0.9613432
vn 0.0034365882 -0.26853397 0.96326405
vn 0.003312144 -0.28753707 0.95776385
vn 0.004876039 -0.30154002 0.9534411
vn -0 -0.26167148 0.965157
vn 0.0034533956 -0.25477016 0.96699554
vn -0.015374873 -0.19492374 0.9806979
vn 0.0022595348 -0.21237983 0.9771846
vn 0.0027840263 -0.27898502 0.9602915
vn 0.0011244377 -0.2452977 0.9694472
vn 0.0015220996 -0.24097538 0.9705301
vn 0.0035275072 -0.28744227 0.9577915
vn 0.0020124519 -0.27734652 0.9607678
vn 0.0015242741 -0.23408788 0.97221416
vn 0.0020953007 -0.26469827 0.96432894
vn 0.0015264308 -0.2271583 0.97385675
vn 0.0014279311 -0.297449 0.9547366
vn 0.0018083445 -0.2211376 0.97524095
vn -0.00042865757 -0.11569294 0.99328494
vn 0.0020147976 -0.27193674 0.96231294
vn -0 -0.30254212 0.95313597
vn -0 -0.25933352 0.9657878
vn -0 -0.22368029 0.9746626
vn -0.0015264754 -0.22715876 0.9738566
vn -0.00201488 -0.27193737 0.9623128
vn -0.0015243072 -0.23408788 0.9722143
vn -0.0010051258 -0.24198653 0.9702791
vn -0.002095343 -0.2646984 0.96432894
vn -0.0015221983 -0.24097553 0.97053
vn -0.0014279865 -0.29744866 0.9547367
vn -0.002012557 -0.2773465 0.9607678
vn -0.0011245687 -0.2452981 0.9694471
vn -0.0027841285 -0.27898502 0.9602915
vn -0.0034534608 -0.25477102 0.9669952
vn -0.00352756 -0.2874411 0.9577918
vn -0.0048761414 -0.30154082 0.9534407
vn -0 -0.26167127 0.965157
vn -0.003436628 -0.26853484 0.9632638
vn 0.0010051735 -0.24198571 0.97027934
vn -0.0020155197 -0.30151373 0.9534597
vn -0 -0.27535367 0.961343
vn -1.9913043E-06 -0.2753592 0.9613415
vn -0.0033122143 -0.2875354 0.95776427
vn 0.0009899727 -0.29166907 0.9565187
vn 0.013881724 -0.24942914 0.96829355
vn -0 -0.25153542 0.9678481
vn -0.0018083007 -0.22113577 0.97524136
vn 0.2219257 -0.22047713 0.9498099
vn 0.007628519 -0.28781292 0.95765626
vn 0.708668 0.045210954 0.7040921
vn 0.8185459 0.01209767 0.57431376
vn -0.0022595283 -0.21237758 0.9771851
vn 0.35612378 -0.15561646 0.92139
vn 0.015379995 -0.19492264 0.9806981
vn -0.004633081 -0.13299471 0.99110585
vn -0 -0.13874263 0.9903285
vn -0 -0.045740165 0.99895334
vn 0.004633288 -0.13299426 0.991106
vn 0.0010952747 -0.120800644 0.9926762
vn 0.00042877457 -0.11569173 0.99328506
vn 0.005535429 -0.046032153 0.99892455
vn 0.001221719 -0.04735086 0.9988776
vn -0.0010950573 -0.1208017 0.9926761
vn -0.0012214696 -0.04735084 0.9988776
vn -0.005535177 -0.046032153 0.99892455
vn 0.005677577 -0.022780895 0.9997243
vn 0.023490647 -0.10367094 0.9943342
vn -0.00013331675 -0.048051696 0.99884486
vn 0.00084054784 -0.022351388 0.99974984
vn 0.0009841252 -0.022570781 0.9997447
vn 0.0015413067 -0.009628222 0.99995244
vn 0.40374216 -0.107577905 0.9085258
vn 0.028927756 -0.04993209 0.99833363
vn 0.0016656 -0.010568598 0.9999428
vn 0.4079053 -0.056858845 0.91125214
vn -0 -0.022993427 0.99973565
vn 0.0066692075 -0.012476974 0.9999
vn -0.005677309 -0.022780929 0.9997243
vn -0 -0.013317368 0.9999113
vn 0.007961238 -0.010341207 0.9999149
vn -0.0009838616 -0.022570848 0.9997447
vn -0.00084069034 -0.022351416 0.99974984
vn -0.0015415376 -0.009628377 0.99995244
vn -0.006668898 -0.01247704 0.9999
vn 0.003761198 -0.009816536 0.9999448
vn 0.0048496504 -0.009172072 0.99994624
vn 0.00013343117 -0.04805176 0.99884486
vn -0.023483546 -0.103671655 0.99433434
vn -0.028918706 -0.049931172 0.998334
vn -0.40781203 -0.05687118 0.911293
vn -0.82798475 0.025870243 0.56015354
vn -0.82755196 0.030203065 0.5605761
vn -0.999343 0.036243904 -3.0817394E-06
vn -0.9996816 0.025213908 -0.001005334
vn -0.5268588 -0.012300282 0.8498638
vn -0.43516812 -0.0075237565 0.90031785
vn -0.52314377 0.0046638045 0.85223174
vn -0.823918 0.022975408 0.5662432
vn -0.4336921 0.00493002 0.9010476
vn -0.815713 0.016119368 0.5782322
vn -0.9998952 0.0143077215 -0.0022346103
vn -0.53542936 0.008940016 0.84453267
vn -0.8051914 0.01594873 0.5928006
vn -0.99989724 0.0143329445 5.8999514E-05
vn -0.44328004 0.0053797434 0.8963671
vn -0.79493695 0.01578151 0.6064868
vn -0.99989367 0.014357871 0.002551312
vn -0.7863796 0.011508503 0.6176364
vn -0.9999474 0.010231116 0.0007063691
vn -0.53926593 0.0057588615 0.8421158
vn -0.7798782 0.0068394085 0.6258939
vn -0.9999838 0.0055486276 -0.001306619
vn -0.0034425654 -0.009530509 0.99994874
vn -0.0037744902 -0.009785749 0.99994504
vn -0.45658717 -0.00020012476 0.8896786
vn -0.77481735 0.0067930305 0.6321486
vn -0.9999846 0.005546257 0.0001368795
vn -0.004469106 -0.009190785 0.9999478
vn -0.5469377 0.0023145461 0.83717024
vn -0.7699233 0.006747812 0.63810074
vn -0.9999833 0.0055431095 0.0016349143
vn -0.46684927 0.00010797268 0.88433695
vn -0.7651763 0.006683788 0.64378613
vn -0.9999844 0.0055469256 -0.000749718
vn -0.5530154 0.0025318065 0.8331671
vn -0.0059340927 -0.00932836 0.99993896
vn -0.7605413 0.0066209915 0.64925575
vn -0.99997985 0.0055504995 -0.003078034
vn -0.4751152 0.00034101392 0.8799236
vn -0.004904613 -0.009114709 0.9999465
vn -0.75602907 0.006566908 0.65450525
vn -0.9999846 0.0055457316 -0.00017306051
vn -0.5597563 0.002751592 0.82865274
vn -0.004224221 -0.009186476 0.99994886
vn -0.7516292 0.006514725 0.6595537
vn -0.99998033 0.0055411304 0.0029599874
vn -0.48409763 0.00059875177 0.87501377
vn -0.7484078 0.0015554281 0.663237
vn -0.99999976 0.00014540936 0.0006397499
vn -0.9999784 -0.00622573 -0.0020851174
vn -0.56120044 0.00244974 0.82767636
vn -0.005810908 0.0023974392 0.99998033
vn -0.0047992426 0.0024127392 0.9999856
vn -0.48402068 0.0047840644 0.8750435
vn -0.7469724 -0.004304183 0.66484123
vn -0.004556228 0.01605942 0.99986064
vn -0.74649554 -0.0042756195 0.66537666
vn -0.99998045 -0.0062330686 -0.0004614919
vn -0.5482335 0.0023071074 0.83632207
vn -0.7460096 -0.004246918 0.66592157
vn -0.99997985 -0.0062409933 0.0011377649
vn -0.4686172 0.0051698093 0.8833862
vn -0.74564224 -0.00423049 0.6663331
vn -0.99998045 -0.006244113 0.00024218355
vn -0.5305423 0.002793037 0.84765387
vn -0.006081104 0.016243743 0.99984956
vn -0.7452636 -0.00421362 0.6667566
vn -0.99998033 -0.006246346 -0.0006848429
vn -0.4468974 0.0057295295 0.89456683
vn -0.004910358 0.01660502 0.99985003
vn -0.004631008 0.015915815 0.9998627
vn -0.7447392 -0.004184366 0.6673425
vn -0.99998045 -0.0062525403 0.00039105245
vn -0.51257205 0.0032754615 0.858638
vn -0.74420017 -0.004155133 0.66794366
vn -0.9999794 -0.0062592877 0.0014902473
vn -0.42971838 0.00615267 0.90294206
vn -0.74511033 -0.010917968 0.6668518
vn -0.9999095 -0.013432609 0.0007459545
vn -0.4880806 0.0029391302 0.8727936
vn -0.74951667 -0.01783524 0.66174513
vn -0.99979013 -0.020490114 0
vn -0.005611405 0.020642687 0.9997712
vn -0.40918118 0.004285634 0.91244316
vn -0.0091820415 0.03202655 0.9994448
vn -0.7546103 -0.021598788 0.6558177
vn -0.99961275 -0.02782302 0.00051582255
vn -0.0029812846 0.025016598 0.99968255
vn -0.0059125824 0.018562634 0.9998103
vn -0.46979704 0.005409922 0.8827579
vn -0.7589466 -0.026229711 0.65062433
vn -0.99933136 -0.03656186 -3.5559908E-05
vn -0.9991665 -0.04082142 -3.8613598E-05
vn -0.4233352 0.009305644 0.9059254
vn -0.76181316 -0.03199712 0.64700615
vn -0.9934588 -0.11418615 -0.0011117456
vn -0.0026387793 0.030641451 0.999527
vn -0.49041712 0.017819358 0.8713057
vn -0.7649079 -0.078695245 0.6393144
vn -0.07740654 0.056224674 0.995413
vn -0.009159576 0.057126474 0.99832493
vn -0.40058935 0.051147588 0.9148289
vn -0.86220205 -0.12082683 0.49194342
vn -0.9906725 -0.13626415 0
vn -0.70085853 -0.08020156 0.7087771
vn -0.92283803 -0.11889549 0.36637914
vn -0.9927771 -0.11997354 4.479182E-06
vn -0.10184119 0.13287403 0.98588693
vn -0.35216752 0.09581384 0.9310197
vn -0.60677177 0.07536835 0.7912949
vn -0.9973991 -0.07207731 0
vn -0.58143127 -0.0089079505 0.8135467
vn -0.19903286 0.14647186 0.968985
vn 0.0034253548 0.2045333 0.9788536
vn -0.035504673 0.22300659 0.9741701
vn -0.012163498 0.18780078 0.98213184
vn -0.07222465 0.18285188 0.98048395
vn -0.0018564287 0.24634944 0.9691793
vn 0.0029750422 0.23073652 0.9730117
vn 0.006487009 0.22104114 0.97524285
vn 0.00039718425 0.18461572 0.98281074
vn 0.0069743227 0.26037654 0.96548194
vn -0.0022353055 0.056355704 0.99840826
vn -0.00054200186 0.21810001 0.97592634
vn -0.0004258043 0.18331373 0.98305434
vn -0.00054385274 0.25905487 0.96586245
vn -0.0009570903 0.19347504 0.9811047
vn -0.0072592874 0.031186592 0.99948716
vn -0.0012008593 0.21941227 0.9756315
vn -0.00065421726 0.1856145 0.9826224
vn -0.006148895 0.05801773 0.9982967
vn -0.0023163767 0.26060808 0.96544194
vn -0.0038291058 0.19754604 0.98028606
vn -0.0011981472 0.22153302 0.97515213
vn -0.00065155356 0.18890537 0.9819951
vn -0.002314739 0.2631777 0.9647446
vn -0.003826218 0.20151995 0.979477
vn -0.0061485684 0.06066468 0.99813926
vn -0.0072590853 0.03225091 0.9994535
vn -0.0012021988 0.22387399 0.9746173
vn -0.0006568776 0.19216588 0.9813623
vn -0.002313065 0.26575306 0.96403825
vn 2.2898621E-05 0.2670921 0.963671
vn 4.7376085E-05 0.2250841 0.97433937
vn 4.7922105E-05 0.19364305 0.9810721
vn 0.00075238844 0.19171023 0.98145133
vn -0.0038232056 0.2055052 0.9786485
vn -0.006148105 0.06332199 0.9979742
vn 0.0012967557 0.2238728 0.97461754
vn -0.0072588413 0.033319663 0.9994184
vn -0 0.06465147 0.9979079
vn 0.0012923876 0.2215287 0.9751531
vn 0.00074636063 0.18797424 0.9821737
vn -0 0.20746197 0.9782431
vn 0.0012952974 0.21941325 0.9756311
vn 0.0007494728 0.18420267 0.982888
vn 0.00065545016 0.21808459 0.9759296
vn 0.00048783098 0.1815654 0.9833787
vn -0.0003011955 0.18214491 0.98327166
vn -0.006377022 0.22083287 0.97529083
vn -0.0033594524 0.20180425 0.9794201
vn 0.00060258486 0.2597428 0.9656776
vn 0.0023619179 0.26114497 0.9652967
vn 0.0023603593 0.26353407 0.96464723
vn 0.0023587684 0.26592904 0.96398973
vn 0.0038233816 0.20550504 0.9786486
vn 0.003826386 0.20151944 0.97947705
vn 0.0038292827 0.19754541 0.9802862
vn 0.00095725915 0.19347452 0.9811048
vn -0.0069553116 0.26133654 0.96522266
vn 0.00614842 0.06332185 0.9979742
vn 0.006148832 0.060664423 0.99813926
vn 0.006149135 0.05801732 0.9982967
vn 0.002235596 0.056355186 0.99840826
vn -0.0028475723 0.22984906 0.9732221
vn 0.012166103 0.18779993 0.98213196
vn 0.0018583157 0.24749026 0.96888864
vn 0.07237655 0.18273038 0.9804954
vn 0.1932479 0.14866577 0.9698215
vn 0.60583156 0.07384835 0.79215807
vn 0.03550748 0.22414884 0.97390795
vn 0.0072595864 0.031186415 0.99948716
vn 0.0026391197 0.030641224 0.999527
vn 0.009159898 0.057125766 0.99832493
vn 0.009181781 0.032026287 0.9994448
vn 0.101889595 0.13286227 0.9858834
vn 0.35208234 0.09660175 0.93097055
vn 0.077442795 0.056222547 0.99541026
vn 0.57626766 -0.00660513 0.81723434
vn 0.40069777 0.051114745 0.9147834
vn 0.7008583 -0.080202624 0.7087772
vn 0.9228426 -0.11889611 0.36636758
vn 0.9927771 -0.11997371 4.73782E-06
vn 0.99739885 -0.07208022 0
vn 0.9906723 -0.13626535 0
vn 0.86220187 -0.120827146 0.49194375
vn 0.9934589 -0.11418507 -0.0011115444
vn 0.7649079 -0.07869498 0.63931453
vn 0.49050868 0.017803354 0.8712545
vn 0.761813 -0.031997327 0.6470063
vn 0.9991665 -0.040822 -3.8687696E-05
vn 0.42341763 0.009296492 0.90588695
vn 0.7589462 -0.026229728 0.65062475
vn 0.99933136 -0.0365621 -3.574009E-05
vn 0.4698913 0.0054011983 0.88270783
vn 0.7546099 -0.021598836 0.6558181
vn 0.99961275 -0.027823351 0.0005158339
vn 0.40926427 0.004279768 0.9124059
vn 0.74951607 -0.017835217 0.66174585
vn 0.99979013 -0.020489946 0
vn 0.74512297 -0.010902528 0.66683793
vn 0.9999095 -0.0134326015 0.0007458311
vn 0.4882036 0.002978402 0.8727247
vn 0.005609797 0.020708343 0.99976987
vn 0.7442528 -0.0041252444 0.66788536
vn 0.9999794 -0.0062594847 0.0014907438
vn 0.42988554 0.006245779 0.9028618
vn 0.0048785396 0.016711898 0.9998485
vn 0.0029816295 0.025068872 0.99968123
vn 0.74484247 -0.004156169 0.6672275
vn 0.99998045 -0.0062528816 0.00039284248
vn 0.5128411 0.003355614 0.85847694
vn 0.005893126 0.018607792 0.99980956
vn 0.004572961 0.01598447 0.99986184
vn 0.7454157 -0.0041862708 0.6665868
vn 0.99998033 -0.006246291 -0.00068269245
vn 0.44722128 0.0058173547 0.8944044
vn 0.007259409 0.032250796 0.9994535
vn 0.74584275 -0.0042033736 0.6661088
vn 0.99998045 -0.006243701 0.00024374679
vn 0.0060260384 0.016377712 0.99984777
vn 0.5309731 0.002868445 0.84738386
vn 0.00790502 0.018494267 0.99979776
vn 0.0072592227 0.033319604 0.9994184
vn 0.74625677 -0.0042209923 0.6656448
vn 0.99997985 -0.006240634 0.0011392146
vn 0.46909368 0.0052522654 0.88313276
vn -0 0.033854384 0.99942684
vn 0.007908382 0.01862821 0.99979526
vn 0.7467858 -0.0042511965 0.6650509
vn 0.99998045 -0.006233279 -0.00045944558
vn 0.0044718226 0.016169094 0.9998592
vn 0.54881525 0.0023766442 0.8359403
vn -0.007924214 0.01861533 0.9997954
vn 0.7473042 -0.0042806515 0.6644682
vn 0.9999784 -0.0062256344 -0.0020831977
vn 0.48463684 0.00486149 0.874702
vn 0.74876004 0.0015558846 0.6628394
vn 0.99999976 0.00014551758 0.0006407173
vn 0.56187505 0.00244961 0.82721853
vn 0.75195646 0.006495657 0.65918076
vn 0.99998033 0.0055409498 0.0029605443
vn 0.0057001747 0.002396885 0.9999809
vn -0.00792013 0.01845917 0.99979824
vn -0.008156031 0.015995035 0.9998388
vn -2.900155E-05 0.01609082 0.99987054
vn -0.008291278 0.0024000104 0.9999628
vn 0.004714212 0.0024127194 0.99998605
vn 0.008212021 0.0024000118 0.9999634
vn 0.48471346 0.0005331649 0.8746729
vn 0.0041399025 -0.009277332 0.9999484
vn 0.5603352 0.002693359 0.82826155
vn 0.7563099 0.006547221 0.6541807
vn 0.9999846 0.0055459626 -0.00017285853
vn 0.4755927 0.00027143478 0.8796656
vn 0.760776 0.0066008125 0.64898103
vn 0.99997985 0.005550026 -0.0030781345
vn 0.0058792047 -0.009442304 0.99993813
vn 0.55344677 0.0024695043 0.83288085
vn 0.7653646 0.0066631 0.64356244
vn 0.9999844 0.005546717 -0.00074978545
vn 0.46718028 3.3762015E-05 0.88416207
vn 0.770065 0.006726098 0.6379299
vn 0.9999833 0.0055432813 0.0016349483
vn 0.0044412855 -0.0092817405 0.9999471
vn 0.54720956 0.0022472597 0.83699274
vn 0.77491206 0.006770464 0.6320328
vn 0.9999846 0.005545835 0.00013719925
vn 0.4567632 -0.0002786275 0.88958836
vn 0.7799255 0.0068170507 0.6258352
vn 0.9999838 0.0055490886 -0.0013060814
vn 0.7863911 0.0114978645 0.617622
vn 0.9999474 0.010231151 0.0007066221
vn 0.539396 0.00572759 0.84203273
vn 0.0034421335 -0.009566598 0.9999484
vn 0.44337806 0.005382994 0.8963186
vn 0.79493743 0.015781345 0.60648626
vn 0.99989367 0.01435738 0.0025509691
vn 0.5355359 0.008943184 0.8444651
vn 0.8051916 0.015948191 0.5928004
vn 0.99989724 0.014332897 5.8295405E-05
vn 0.43379095 0.004933207 0.9010001
vn 0.8157129 0.016118959 0.5782324
vn 0.9998952 0.014307246 -0.0022348564
vn 0.52325594 0.0046703983 0.8521628
vn 0.82391804 0.022975218 0.566243
vn 0.9996816 0.02521349 -0.0010050571
vn 0.43526012 -0.007517187 0.9002734
vn 0.8275522 0.030202849 0.5605756
vn 0.999343 0.036244012 -2.3985954E-06
vn 0.52694726 -0.012291219 0.84980917
vn 0.82798505 0.025870828 0.56015307
vn 0.99944156 0.03341275 0.0001006764
vn 0.81822693 0.018353589 0.57460225
vn 0.9993888 0.034951992 0.0005499401
vn 0.80590886 0.05293533 0.5896684
vn 0.99546164 0.095145844 -0.0018719047
vn 0.7707264 0.096275315 0.6298506
vn 0.9918127 0.12770091 -0.00033386823
vn 0.7828949 0.109001935 0.61253095
vn 0.9911152 0.13300619 0
vn 0.81854534 0.0120973885 -0.5743145
vn -0 0.24244265 -0.9701657
vn -0 0.24244273 -0.9701657
vn -0.0072646397 0.19811305 -0.9801522
vn -0.002790365 0.19623297 -0.9805533
vn -0.002717327 -0.24974242 -0.96830845
vn -0.004961404 -0.24572752 -0.9693263
vn -0 -0.28250983 -0.9592644
vn 0.000115500494 -0.28230724 -0.95932406
vn 0.008247098 -0.009142632 0.9999242
vn -8.32442E-06 -0.01063916 0.9999434
vn -2.6361166E-05 -0.009136316 0.9999583
vn -0.007977879 -0.01032085 0.9999149
vn -0.008299809 -0.009110808 0.99992406
vn -0.0016652778 -0.010568768 0.9999428
vn -3.9624283E-05 0.00242649 0.99999714
vn 0.008098282 0.016032754 0.9998387
vn -1.1407834E-05 0.018193826 0.9998344
g body_fringe_0
f 3/3/3 2/2/2 1/1/1
f 4/4/4 2/2/2 3/3/3
f 4/4/4 3/3/3 5/5/5
f 6/6/6 4/4/4 5/5/5
f 6/6/6 5/5/5 7/7/7
f 4/4/4 8/8/8 2/2/2
f 6/6/6 9/9/9 4/4/4
f 9/9/9 8/8/8 4/4/4
f 10/10/10 6/6/6 7/7/7
f 10/10/10 9/9/9 6/6/6
f 11/11/11 2/2/2 8/8/8
f 12/12/12 2/2/2 11/11/11
f 13/13/13 8/8/8 9/9/9
f 13/13/13 11/11/11 8/8/8
f 14/14/14 12/12/12 11/11/11
f 14/14/14 15/15/15 12/12/12
f 10/10/10 7/7/7 16/16/16
f 7/7/7 17/17/17 16/16/16
f 18/18/18 9/9/9 10/10/10
f 18/18/18 13/13/13 9/9/9
f 19/19/19 11/11/11 13/13/13
f 19/19/19 14/14/14 11/11/11
f 14/14/14 20/20/20 15/15/15
f 20/20/20 21/21/21 15/15/15
f 16/16/16 22/22/22 10/10/10
f 22/22/22 18/18/18 10/10/10
f 23/23/23 22/22/22 16/16/16
f 24/24/24 16/16/16 17/17/17
f 24/24/24 23/23/23 16/16/16
f 25/25/25 24/24/24 17/17/17
f 25/25/25 26/26/26 24/24/24
f 26/26/26 27/27/27 24/24/24
f 24/24/24 27/27/27 23/23/23
f 27/27/27 26/26/26 28/28/28
f 22/22/22 29/29/29 18/18/18
f 29/29/29 22/22/22 23/23/23
f 30/30/30 20/20/20 14/14/14
f 19/19/19 30/30/30 14/14/14
f 31/31/31 27/27/27 28/28/28
f 31/31/31 32/32/32 27/27/27
f 31/31/31 28/28/28 33/33/33
f 34/34/34 31/31/31 33/33/33
f 31/31/31 34/34/34 32/32/32
f 34/34/34 33/33/33 35/35/35
f 36/36/36 34/34/34 35/35/35
f 36/36/36 35/35/35 37/37/37
f 27/27/27 38/38/38 23/23/23
f 32/32/32 38/38/38 27/27/27
f 23/23/23 38/38/38 39/39/39
f 39/39/39 38/38/38 32/32/32
f 34/34/34 40/40/40 32/32/32
f 40/40/40 34/34/34 36/36/36
f 41/41/41 36/36/36 37/37/37
f 41/41/41 37/37/37 42/42/42
f 43/43/43 40/40/40 36/36/36
f 43/43/43 36/36/36 41/41/41
f 32/32/32 40/40/40 44/44/44
f 44/44/44 40/40/40 43/43/43
f 45/45/45 41/41/41 42/42/42
f 45/45/45 42/42/42 46/46/46
f 47/47/47 43/43/43 41/41/41
f 47/47/47 41/41/41 45/45/45
f 48/48/48 45/45/45 46/46/46
f 48/48/48 46/46/46 49/49/49
f 50/50/50 39/39/39 32/32/32
f 50/50/50 32/32/32 44/44/44
f 51/51/51 39/39/39 50/50/50
f 50/50/50 44/44/44 52/52/52
f 53/53/53 44/44/44 43/43/43
f 53/53/53 43/43/43 47/47/47
f 52/52/52 44/44/44 53/53/53
f 54/54/54 47/47/47 45/45/45
f 54/54/54 45/45/45 48/48/48
f 55/55/55 48/48/48 49/49/49
f 55/55/55 49/49/49 56/56/56
f 57/57/57 39/39/39 51/51/51
f 57/57/57 23/23/23 39/39/39
f 57/57/57 29/29/29 23/23/23
f 58/58/58 53/53/53 47/47/47
f 58/58/58 47/47/47 54/54/54
f 59/59/59 54/54/54 48/48/48
f 59/59/59 48/48/48 55/55/55
f 60/60/60 55/55/55 56/56/56
f 60/60/60 56/56/56 61/61/61
f 62/62/62 58/58/58 54/54/54
f 62/62/62 54/54/54 59/59/59
f 53/53/53 58/58/58 63/63/63
f 63/63/63 58/58/58 62/62/62
f 64/64/64 59/59/59 55/55/55
f 64/64/64 55/55/55 60/60/60
f 65/65/65 60/60/60 61/61/61
f 65/65/65 61/61/61 66/66/66
f 67/67/67 53/53/53 63/63/63
f 67/67/67 52/52/52 53/53/53
f 68/68/68 62/62/62 59/59/59
f 68/68/68 59/59/59 64/64/64
f 69/69/69 64/64/64 60/60/60
f 69/69/69 60/60/60 65/65/65
f 70/70/70 68/68/68 64/64/64
f 70/70/70 64/64/64 69/69/69
f 62/62/62 68/68/68 71/71/71
f 71/71/71 68/68/68 70/70/70
f 72/72/72 65/65/65 66/66/66
f 72/72/72 66/66/66 73/73/73
f 74/74/74 72/72/72 73/73/73
f 74/74/74 73/73/73 75/75/75
f 65/65/65 72/72/72 76/76/76
f 76/76/76 72/72/72 74/74/74
f 77/77/77 69/69/69 65/65/65
f 77/77/77 65/65/65 76/76/76
f 78/78/78 74/74/74 75/75/75
f 78/78/78 75/75/75 79/79/79
f 80/80/80 76/76/76 74/74/74
f 80/80/80 74/74/74 78/78/78
f 81/81/81 78/78/78 79/79/79
f 81/81/81 79/79/79 82/82/82
f 83/83/83 69/69/69 77/77/77
f 83/83/83 70/70/70 69/69/69
f 77/77/77 76/76/76 84/84/84
f 84/84/84 76/76/76 80/80/80
f 85/85/85 80/80/80 78/78/78
f 85/85/85 78/78/78 81/81/81
f 86/86/86 81/81/81 82/82/82
f 86/86/86 82/82/82 87/87/87
f 88/88/88 83/83/83 77/77/77
f 88/88/88 77/77/77 84/84/84
f 88/88/88 84/84/84 89/89/89
f 90/90/90 84/84/84 80/80/80
f 90/90/90 80/80/80 85/85/85
f 89/89/89 84/84/84 90/90/90
f 70/70/70 83/83/83 91/91/91
f 91/91/91 83/83/83 88/88/88
f 92/92/92 85/85/85 81/81/81
f 92/92/92 81/81/81 86/86/86
f 93/93/93 86/86/86 87/87/87
f 93/93/93 87/87/87 94/94/94
f 95/95/95 90/90/90 85/85/85
f 95/95/95 85/85/85 92/92/92
f 96/96/96 92/92/92 86/86/86
f 96/96/96 86/86/86 93/93/93
f 97/97/97 93/93/93 94/94/94
f 97/97/97 94/94/94 98/98/98
f 99/99/99 95/95/95 92/92/92
f 99/99/99 92/92/92 96/96/96
f 90/90/90 95/95/95 100/100/100
f 100/100/100 95/95/95 99/99/99
f 101/101/101 96/96/96 93/93/93
f 101/101/101 93/93/93 97/97/97
f 102/102/102 97/97/97 98/98/98
f 102/102/102 98/98/98 103/103/103
f 104/104/104 90/90/90 100/100/100
f 104/104/104 89/89/89 90/90/90
f 105/105/105 99/99/99 96/96/96
f 105/105/105 96/96/96 101/101/101
f 106/106/106 101/101/101 97/97/97
f 106/106/106 97/97/97 102/102/102
f 107/107/107 102/102/102 103/103/103
f 107/107/107 103/103/103 108/108/108
f 109/109/109 105/105/105 101/101/101
f 109/109/109 101/101/101 106/106/106
f 99/99/99 105/105/105 110/110/110
f 110/110/110 105/105/105 109/109/109
f 111/111/111 106/106/106 102/102/102
f 111/111/111 102/102/102 107/107/107
f 112/112/112 107/107/107 108/108/108
f 112/112/112 108/108/108 113/113/113
f 114/114/114 99/99/99 110/110/110
f 114/114/114 100/100/100 99/99/99
f 115/115/115 109/109/109 106/106/106
f 115/115/115 106/106/106 111/111/111
f 116/116/116 111/111/111 107/107/107
f 116/116/116 107/107/107 112/112/112
f 117/117/117 112/112/112 113/113/113
f 117/117/117 113/113/113 118/118/118
f 119/119/119 115/115/115 111/111/111
f 119/119/119 111/111/111 116/116/116
f 109/109/109 115/115/115 120/120/120
f 120/120/120 115/115/115 119/119/119
f 121/121/121 116/116/116 112/112/112
f 121/121/121 112/112/112 117/117/117
f 122/122/122 117/117/117 118/118/118
f 122/122/122 118/118/118 123/123/123
f 124/124/124 109/109/109 120/120/120
f 124/124/124 110/110/110 109/109/109
f 125/125/125 119/119/119 116/116/116
f 125/125/125 116/116/116 121/121/121
f 119/119/119 125/125/125 126/126/126
f 127/127/127 121/121/121 117/117/117
f 127/127/127 117/117/117 122/122/122
f 128/128/128 125/125/125 121/121/121
f 126/126/126 125/125/125 128/128/128
f 128/128/128 121/121/121 127/127/127
f 129/129/129 120/120/120 119/119/119
f 129/129/129 119/119/119 126/126/126
f 130/130/130 122/122/122 123/123/123
f 131/131/131 130/130/130 123/123/123
f 132/132/132 131/131/131 123/123/123
f 132/132/132 133/133/133 131/131/131
f 134/134/134 127/127/127 122/122/122
f 134/134/134 122/122/122 130/130/130
f 135/135/135 128/128/128 127/127/127
f 135/135/135 127/127/127 134/134/134
f 136/136/136 134/134/134 130/130/130
f 136/136/136 130/130/130 131/131/131
f 137/137/137 135/135/135 134/134/134
f 137/137/137 134/134/134 136/136/136
f 128/128/128 135/135/135 138/138/138
f 138/138/138 135/135/135 137/137/137
f 139/139/139 126/126/126 128/128/128
f 139/139/139 128/128/128 138/138/138
f 139/139/139 140/140/140 126/126/126
f 139/139/139 138/138/138 140/140/140
f 133/133/133 141/141/141 131/131/131
f 142/142/142 141/141/141 133/133/133
f 142/142/142 133/133/133 143/143/143
f 142/142/142 143/143/143 144/144/144
f 143/143/143 145/145/145 144/144/144
f 146/146/146 144/144/144 145/145/145
f 146/146/146 145/145/145 147/147/147
f 148/148/148 146/146/146 147/147/147
f 148/148/148 147/147/147 149/149/149
f 148/148/148 149/149/149 150/150/150
f 151/151/151 148/148/148 150/150/150
f 148/148/148 151/151/151 146/146/146
f 152/152/152 151/151/151 150/150/150
f 153/153/153 144/144/144 146/146/146
f 153/153/153 146/146/146 151/151/151
f 154/154/154 151/151/151 152/152/152
f 154/154/154 153/153/153 151/151/151
f 154/154/154 152/152/152 155/155/155
f 144/144/144 156/156/156 142/142/142
f 153/153/153 156/156/156 144/144/144
f 154/154/154 155/155/155 157/157/157
f 155/155/155 158/158/158 157/157/157
f 158/158/158 159/159/159 157/157/157
f 160/160/160 153/153/153 154/154/154
f 157/157/157 160/160/160 154/154/154
f 160/160/160 156/156/156 153/153/153
f 159/159/159 161/161/161 157/157/157
f 157/157/157 161/161/161 160/160/160
f 159/159/159 162/162/162 161/161/161
f 162/162/162 163/163/163 161/161/161
f 156/156/156 164/164/164 142/142/142
f 164/164/164 141/141/141 142/142/142
f 160/160/160 165/165/165 156/156/156
f 156/156/156 165/165/165 164/164/164
f 161/161/161 166/166/166 160/160/160
f 160/160/160 166/166/166 165/165/165
f 163/163/163 167/167/167 161/161/161
f 161/161/161 167/167/167 166/166/166
f 163/163/163 168/168/168 167/167/167
f 168/168/168 169/169/169 167/167/167
f 164/164/164 170/170/170 141/141/141
f 131/131/131 141/141/141 170/170/170
f 165/165/165 171/171/171 164/164/164
f 171/171/171 170/170/170 164/164/164
f 166/166/166 172/172/172 165/165/165
f 165/165/165 172/172/172 171/171/171
f 167/167/167 173/173/173 166/166/166
f 166/166/166 173/173/173 172/172/172
f 169/169/169 174/174/174 167/167/167
f 167/167/167 174/174/174 173/173/173
f 169/169/169 175/175/175 174/174/174
f 175/175/175 176/176/176 174/174/174
f 177/177/177 131/131/131 170/170/170
f 177/177/177 136/136/136 131/131/131
f 171/171/171 178/178/178 170/170/170
f 177/177/177 170/170/170 178/178/178
f 172/172/172 179/179/179 171/171/171
f 178/178/178 171/171/171 179/179/179
f 173/173/173 180/180/180 172/172/172
f 172/172/172 180/180/180 179/179/179
f 174/174/174 181/181/181 173/173/173
f 173/173/173 181/181/181 180/180/180
f 176/176/176 182/182/182 174/174/174
f 174/174/174 182/182/182 181/181/181
f 176/176/176 183/183/183 182/182/182
f 183/183/183 184/184/184 182/182/182
f 182/182/182 184/184/184 185/185/185
f 182/182/182 185/185/185 181/181/181
f 184/184/184 186/186/186 185/185/185
f 181/181/181 187/187/187 180/180/180
f 181/181/181 185/185/185 187/187/187
f 180/180/180 188/188/188 179/179/179
f 180/180/180 187/187/187 188/188/188
f 185/185/185 189/189/189 187/187/187
f 185/185/185 186/186/186 189/189/189
f 187/187/187 190/190/190 188/188/188
f 187/187/187 189/189/189 190/190/190
f 179/179/179 188/188/188 191/191/191
f 191/191/191 188/188/188 190/190/190
f 192/192/192 179/179/179 191/191/191
f 192/192/192 178/178/178 179/179/179
f 193/193/193 178/178/178 192/192/192
f 193/193/193 177/177/177 178/178/178
f 193/193/193 194/194/194 177/177/177
f 195/195/195 194/194/194 193/193/193
f 194/194/194 136/136/136 177/177/177
f 194/194/194 137/137/137 136/136/136
f 137/137/137 194/194/194 195/195/195
f 196/196/196 193/193/193 192/192/192
f 196/196/196 195/195/195 193/193/193
f 196/196/196 192/192/192 197/197/197
f 192/192/192 191/191/191 197/197/197
f 196/196/196 197/197/197 195/195/195
f 198/198/198 137/137/137 195/195/195
f 198/198/198 138/138/138 137/137/137
f 138/138/138 198/198/198 199/199/199
f 138/138/138 199/199/199 140/140/140
f 198/198/198 195/195/195 200/200/200
f 198/198/198 200/200/200 199/199/199
f 197/197/197 201/201/201 195/195/195
f 195/195/195 201/201/201 200/200/200
f 197/197/197 191/191/191 202/202/202
f 197/197/197 202/202/202 201/201/201
f 191/191/191 203/203/203 202/202/202
f 203/203/203 191/191/191 190/190/190
f 203/203/203 190/190/190 204/204/204
f 189/189/189 204/204/204 190/190/190
f 189/189/189 205/205/205 204/204/204
f 186/186/186 205/205/205 189/189/189
f 186/186/186 206/206/206 205/205/205
f 206/206/206 186/186/186 207/207/207
f 208/208/208 206/206/206 207/207/207
f 206/206/206 209/209/209 205/205/205
f 205/205/205 209/209/209 210/210/210
f 205/205/205 210/210/210 204/204/204
f 209/209/209 211/211/211 210/210/210
f 210/210/210 211/211/211 212/212/212
f 213/213/213 210/210/210 212/212/212
f 204/204/204 210/210/210 213/213/213
f 213/213/213 212/212/212 214/214/214
f 215/215/215 203/203/203 204/204/204
f 215/215/215 204/204/204 213/213/213
f 215/215/215 216/216/216 203/203/203
f 215/215/215 213/213/213 216/216/216
f 216/216/216 202/202/202 203/203/203
f 217/217/217 213/213/213 214/214/214
f 213/213/213 217/217/217 216/216/216
f 217/217/217 214/214/214 218/218/218
f 219/219/219 202/202/202 216/216/216
f 202/202/202 219/219/219 201/201/201
f 220/220/220 217/217/217 218/218/218
f 220/220/220 218/218/218 221/221/221
f 222/222/222 216/216/216 217/217/217
f 222/222/222 219/219/219 216/216/216
f 220/220/220 222/222/222 217/217/217
f 201/201/201 219/219/219 223/223/223
f 200/200/200 201/201/201 223/223/223
f 222/222/222 224/224/224 219/219/219
f 222/222/222 220/220/220 224/224/224
f 224/224/224 223/223/223 219/219/219
f 225/225/225 220/220/220 221/221/221
f 220/220/220 225/225/225 224/224/224
f 225/225/225 221/221/221 226/226/226
f 200/200/200 223/223/223 227/227/227
f 227/227/227 223/223/223 224/224/224
f 199/199/199 200/200/200 227/227/227
f 228/228/228 225/225/225 226/226/226
f 228/228/228 226/226/226 229/229/229
f 230/230/230 224/224/224 225/225/225
f 230/230/230 227/227/227 224/224/224
f 228/228/228 230/230/230 225/225/225
f 199/199/199 227/227/227 231/231/231
f 140/140/140 199/199/199 231/231/231
f 230/230/230 232/232/232 227/227/227
f 230/230/230 228/228/228 232/232/232
f 232/232/232 231/231/231 227/227/227
f 233/233/233 228/228/228 229/229/229
f 228/228/228 233/233/233 232/232/232
f 233/233/233 229/229/229 234/234/234
f 140/140/140 231/231/231 235/235/235
f 140/140/140 235/235/235 126/126/126
f 236/236/236 231/231/231 232/232/232
f 231/231/231 236/236/236 235/235/235
f 237/237/237 233/233/233 234/234/234
f 237/237/237 234/234/234 238/238/238
f 239/239/239 232/232/232 233/233/233
f 239/239/239 236/236/236 232/232/232
f 237/237/237 239/239/239 233/233/233
f 126/126/126 235/235/235 240/240/240
f 129/129/129 126/126/126 240/240/240
f 241/241/241 237/237/237 238/238/238
f 241/241/241 238/238/238 242/242/242
f 239/239/239 237/237/237 243/243/243
f 239/239/239 243/243/243 236/236/236
f 237/237/237 241/241/241 243/243/243
f 235/235/235 236/236/236 244/244/244
f 240/240/240 235/235/235 244/244/244
f 243/243/243 244/244/244 236/236/236
f 129/129/129 240/240/240 245/245/245
f 120/120/120 129/129/129 245/245/245
f 240/240/240 244/244/244 246/246/246
f 246/246/246 244/244/244 243/243/243
f 245/245/245 240/240/240 246/246/246
f 247/247/247 241/241/241 242/242/242
f 247/247/247 242/242/242 248/248/248
f 249/249/249 243/243/243 241/241/241
f 249/249/249 246/246/246 243/243/243
f 247/247/247 249/249/249 241/241/241
f 120/120/120 245/245/245 250/250/250
f 124/124/124 120/120/120 250/250/250
f 251/251/251 247/247/247 248/248/248
f 251/251/251 248/248/248 252/252/252
f 249/249/249 247/247/247 253/253/253
f 249/249/249 253/253/253 246/246/246
f 247/247/247 251/251/251 253/253/253
f 245/245/245 246/246/246 254/254/254
f 250/250/250 245/245/245 254/254/254
f 253/253/253 254/254/254 246/246/246
f 124/124/124 250/250/250 255/255/255
f 110/110/110 124/124/124 255/255/255
f 250/250/250 254/254/254 256/256/256
f 256/256/256 254/254/254 253/253/253
f 255/255/255 250/250/250 256/256/256
f 257/257/257 251/251/251 252/252/252
f 257/257/257 252/252/252 258/258/258
f 259/259/259 253/253/253 251/251/251
f 259/259/259 256/256/256 253/253/253
f 257/257/257 259/259/259 251/251/251
f 110/110/110 255/255/255 260/260/260
f 114/114/114 110/110/110 260/260/260
f 261/261/261 257/257/257 258/258/258
f 261/261/261 258/258/258 262/262/262
f 259/259/259 257/257/257 263/263/263
f 259/259/259 263/263/263 256/256/256
f 257/257/257 261/261/261 263/263/263
f 255/255/255 256/256/256 264/264/264
f 260/260/260 255/255/255 264/264/264
f 263/263/263 264/264/264 256/256/256
f 114/114/114 260/260/260 265/265/265
f 100/100/100 114/114/114 265/265/265
f 260/260/260 264/264/264 266/266/266
f 266/266/266 264/264/264 263/263/263
f 265/265/265 260/260/260 266/266/266
f 267/267/267 261/261/261 262/262/262
f 267/267/267 262/262/262 268/268/268
f 269/269/269 263/263/263 261/261/261
f 269/269/269 266/266/266 263/263/263
f 267/267/267 269/269/269 261/261/261
f 100/100/100 265/265/265 270/270/270
f 104/104/104 100/100/100 270/270/270
f 104/104/104 270/270/270 89/89/89
f 265/265/265 266/266/266 271/271/271
f 270/270/270 265/265/265 271/271/271
f 269/269/269 272/272/272 266/266/266
f 269/269/269 267/267/267 272/272/272
f 272/272/272 271/271/271 266/266/266
f 273/273/273 267/267/267 268/268/268
f 267/267/267 273/273/273 272/272/272
f 270/270/270 271/271/271 274/274/274
f 270/270/270 274/274/274 89/89/89
f 273/273/273 268/268/268 275/275/275
f 268/268/268 276/276/276 275/275/275
f 277/277/277 272/272/272 273/273/273
f 275/275/275 277/277/277 273/273/273
f 278/278/278 271/271/271 272/272/272
f 277/277/277 278/278/278 272/272/272
f 271/271/271 278/278/278 274/274/274
f 279/279/279 275/275/275 276/276/276
f 280/280/280 279/279/279 276/276/276
f 280/280/280 281/281/281 279/279/279
f 277/277/277 275/275/275 282/282/282
f 277/277/277 282/282/282 278/278/278
f 275/275/275 279/279/279 282/282/282
f 274/274/274 278/278/278 283/283/283
f 282/282/282 283/283/283 278/278/278
f 89/89/89 274/274/274 284/284/284
f 284/284/284 274/274/274 283/283/283
f 281/281/281 285/285/285 279/279/279
f 281/281/281 286/286/286 285/285/285
f 287/287/287 282/282/282 279/279/279
f 285/285/285 287/287/287 279/279/279
f 288/288/288 283/283/283 282/282/282
f 287/287/287 288/288/288 282/282/282
f 284/284/284 283/283/283 288/288/288
f 289/289/289 89/89/89 284/284/284
f 289/289/289 88/88/88 89/89/89
f 289/289/289 91/91/91 88/88/88
f 289/289/289 284/284/284 290/290/290
f 290/290/290 284/284/284 288/288/288
f 91/91/91 289/289/289 290/290/290
f 286/286/286 291/291/291 285/285/285
f 286/286/286 292/292/292 291/291/291
f 287/287/287 285/285/285 293/293/293
f 287/287/287 293/293/293 288/288/288
f 285/285/285 291/291/291 293/293/293
f 290/290/290 288/288/288 294/294/294
f 293/293/293 294/294/294 288/288/288
f 91/91/91 290/290/290 295/295/295
f 295/295/295 290/290/290 294/294/294
f 292/292/292 296/296/296 291/291/291
f 292/292/292 297/297/297 296/296/296
f 298/298/298 293/293/293 291/291/291
f 296/296/296 298/298/298 291/291/291
f 299/299/299 294/294/294 293/293/293
f 298/298/298 299/299/299 293/293/293
f 295/295/295 294/294/294 299/299/299
f 300/300/300 91/91/91 295/295/295
f 300/300/300 70/70/70 91/91/91
f 300/300/300 71/71/71 70/70/70
f 300/300/300 295/295/295 301/301/301
f 301/301/301 295/295/295 299/299/299
f 71/71/71 300/300/300 301/301/301
f 297/297/297 302/302/302 296/296/296
f 297/297/297 303/303/303 302/302/302
f 298/298/298 296/296/296 304/304/304
f 298/298/298 304/304/304 299/299/299
f 296/296/296 302/302/302 304/304/304
f 301/301/301 299/299/299 305/305/305
f 304/304/304 305/305/305 299/299/299
f 71/71/71 301/301/301 306/306/306
f 306/306/306 301/301/301 305/305/305
f 303/303/303 307/307/307 302/302/302
f 303/303/303 308/308/308 307/307/307
f 309/309/309 304/304/304 302/302/302
f 307/307/307 309/309/309 302/302/302
f 310/310/310 305/305/305 304/304/304
f 309/309/309 310/310/310 304/304/304
f 306/306/306 305/305/305 310/310/310
f 311/311/311 71/71/71 306/306/306
f 311/311/311 62/62/62 71/71/71
f 311/311/311 63/63/63 62/62/62
f 311/311/311 306/306/306 312/312/312
f 63/63/63 311/311/311 312/312/312
f 312/312/312 306/306/306 310/310/310
f 308/308/308 313/313/313 307/307/307
f 308/308/308 314/314/314 313/313/313
f 309/309/309 307/307/307 315/315/315
f 309/309/309 315/315/315 310/310/310
f 307/307/307 313/313/313 315/315/315
f 63/63/63 312/312/312 316/316/316
f 67/67/67 63/63/63 316/316/316
f 67/67/67 316/316/316 52/52/52
f 312/312/312 310/310/310 317/317/317
f 315/315/315 317/317/317 310/310/310
f 316/316/316 312/312/312 317/317/317
f 314/314/314 318/318/318 313/313/313
f 314/314/314 319/319/319 318/318/318
f 320/320/320 315/315/315 313/313/313
f 318/318/318 320/320/320 313/313/313
f 321/321/321 317/317/317 315/315/315
f 316/316/316 317/317/317 321/321/321
f 320/320/320 321/321/321 315/315/315
f 319/319/319 322/322/322 318/318/318
f 319/319/319 323/323/323 322/322/322
f 320/320/320 318/318/318 324/324/324
f 320/320/320 324/324/324 321/321/321
f 318/318/318 322/322/322 324/324/324
f 325/325/325 316/316/316 321/321/321
f 316/316/316 325/325/325 52/52/52
f 323/323/323 326/326/326 322/322/322
f 323/323/323 327/327/327 326/326/326
f 325/325/325 321/321/321 328/328/328
f 324/324/324 328/328/328 321/321/321
f 52/52/52 325/325/325 329/329/329
f 329/329/329 325/325/325 328/328/328
f 330/330/330 324/324/324 322/322/322
f 326/326/326 330/330/330 322/322/322
f 327/327/327 331/331/331 326/326/326
f 327/327/327 332/332/332 331/331/331
f 333/333/333 328/328/328 324/324/324
f 330/330/330 333/333/333 324/324/324
f 330/330/330 326/326/326 334/334/334
f 326/326/326 331/331/331 334/334/334
f 330/330/330 334/334/334 333/333/333
f 328/328/328 333/333/333 335/335/335
f 329/329/329 328/328/328 335/335/335
f 336/336/336 52/52/52 329/329/329
f 336/336/336 50/50/50 52/52/52
f 336/336/336 51/51/51 50/50/50
f 336/336/336 329/329/329 51/51/51
f 329/329/329 335/335/335 51/51/51
f 335/335/335 333/333/333 337/337/337
f 334/334/334 337/337/337 333/333/333
f 51/51/51 335/335/335 338/338/338
f 338/338/338 335/335/335 337/337/337
f 339/339/339 51/51/51 338/338/338
f 339/339/339 57/57/57 51/51/51
f 339/339/339 340/340/340 57/57/57
f 339/339/339 338/338/338 340/340/340
f 340/340/340 29/29/29 57/57/57
f 338/338/338 337/337/337 341/341/341
f 338/338/338 341/341/341 340/340/340
f 342/342/342 337/337/337 334/334/334
f 337/337/337 342/342/342 341/341/341
f 29/29/29 340/340/340 343/343/343
f 29/29/29 343/343/343 18/18/18
f 343/343/343 13/13/13 18/18/18
f 343/343/343 19/19/19 13/13/13
f 340/340/340 344/344/344 343/343/343
f 343/343/343 344/344/344 19/19/19
f 340/340/340 341/341/341 344/344/344
f 344/344/344 30/30/30 19/19/19
f 341/341/341 345/345/345 344/344/344
f 344/344/344 345/345/345 30/30/30
f 341/341/341 342/342/342 345/345/345
f 346/346/346 342/342/342 334/334/334
f 346/346/346 334/334/334 331/331/331
f 345/345/345 347/347/347 30/30/30
f 30/30/30 347/347/347 20/20/20
f 342/342/342 348/348/348 345/345/345
f 348/348/348 342/342/342 346/346/346
f 345/345/345 348/348/348 347/347/347
f 347/347/347 349/349/349 20/20/20
f 20/20/20 349/349/349 21/21/21
f 349/349/349 350/350/350 21/21/21
f 348/348/348 351/351/351 347/347/347
f 347/347/347 351/351/351 349/349/349
f 349/349/349 352/352/352 350/350/350
f 351/351/351 352/352/352 349/349/349
f 352/352/352 353/353/353 350/350/350
f 354/354/354 353/353/353 352/352/352
f 351/351/351 348/348/348 355/355/355
f 355/355/355 348/348/348 346/346/346
f 356/356/356 354/354/354 352/352/352
f 356/356/356 357/357/357 354/354/354
f 352/352/352 351/351/351 358/358/358
f 356/356/356 352/352/352 358/358/358
f 358/358/358 351/351/351 355/355/355
f 356/356/356 359/359/359 357/357/357
f 356/356/356 358/358/358 359/359/359
f 357/357/357 359/359/359 360/360/360
f 358/358/358 355/355/355 361/361/361
f 358/358/358 361/361/361 359/359/359
f 361/361/361 362/362/362 359/359/359
f 362/362/362 363/363/363 359/359/359
f 355/355/355 346/346/346 364/364/364
f 355/355/355 364/364/364 361/361/361
f 364/364/364 365/365/365 361/361/361
f 365/365/365 366/366/366 361/361/361
f 332/332/332 365/365/365 364/364/364
f 346/346/346 367/367/367 364/364/364
f 367/367/367 332/332/332 364/364/364
f 367/367/367 346/346/346 331/331/331
f 332/332/332 367/367/367 331/331/331
f 370/370/370 369/369/369 368/368/368
f 370/370/370 368/368/368 371/371/371
f 372/372/372 370/370/370 371/371/371
f 371/371/371 368/368/368 373/373/373
f 372/372/372 371/371/371 374/374/374
f 375/375/375 372/372/372 374/374/374
f 374/374/374 376/376/376 375/375/375
f 376/376/376 377/377/377 375/375/375
f 376/376/376 378/378/378 377/377/377
f 378/378/378 379/379/379 377/377/377
f 378/378/378 380/380/380 379/379/379
f 380/380/380 381/381/381 379/379/379
f 380/380/380 382/382/382 381/381/381
f 380/380/380 383/383/383 382/382/382
f 383/383/383 384/384/384 382/382/382
f 380/380/380 378/378/378 385/385/385
f 383/383/383 380/380/380 385/385/385
f 378/378/378 376/376/376 386/386/386
f 378/378/378 386/386/386 385/385/385
f 376/376/376 374/374/374 387/387/387
f 376/376/376 387/387/387 386/386/386
f 388/388/388 374/374/374 371/371/371
f 374/374/374 388/388/388 387/387/387
f 389/389/389 388/388/388 371/371/371
f 389/389/389 371/371/371 373/373/373
f 389/389/389 373/373/373 390/390/390
f 373/373/373 391/391/391 390/390/390
f 390/390/390 391/391/391 392/392/392
f 388/388/388 389/389/389 393/393/393
f 389/389/389 390/390/390 393/393/393
f 387/387/387 388/388/388 394/394/394
f 388/388/388 393/393/393 394/394/394
f 386/386/386 387/387/387 395/395/395
f 387/387/387 394/394/394 395/395/395
f 385/385/385 386/386/386 396/396/396
f 386/386/386 395/395/395 396/396/396
f 397/397/397 390/390/390 392/392/392
f 397/397/397 392/392/392 398/398/398
f 399/399/399 393/393/393 390/390/390
f 397/397/397 399/399/399 390/390/390
f 394/394/394 393/393/393 400/400/400
f 393/393/393 399/399/399 400/400/400
f 395/395/395 394/394/394 401/401/401
f 394/394/394 400/400/400 401/401/401
f 402/402/402 385/385/385 396/396/396
f 383/383/383 385/385/385 402/402/402
f 396/396/396 395/395/395 403/403/403
f 395/395/395 401/401/401 403/403/403
f 404/404/404 383/383/383 402/402/402
f 404/404/404 384/384/384 383/383/383
f 402/402/402 396/396/396 405/405/405
f 405/405/405 396/396/396 403/403/403
f 404/404/404 402/402/402 406/406/406
f 406/406/406 402/402/402 405/405/405
f 407/407/407 384/384/384 404/404/404
f 407/407/407 404/404/404 406/406/406
f 407/407/407 408/408/408 384/384/384
f 409/409/409 384/384/384 408/408/408
f 408/408/408 407/407/407 410/410/410
f 407/407/407 411/411/411 410/410/410
f 407/407/407 406/406/406 411/411/411
f 410/410/410 411/411/411 412/412/412
f 411/411/411 406/406/406 413/413/413
f 406/406/406 405/405/405 413/413/413
f 411/411/411 413/413/413 412/412/412
f 405/405/405 403/403/403 414/414/414
f 413/413/413 405/405/405 414/414/414
f 415/415/415 412/412/412 413/413/413
f 413/413/413 414/414/414 415/415/415
f 415/415/415 416/416/416 412/412/412
f 414/414/414 403/403/403 417/417/417
f 403/403/403 401/401/401 417/417/417
f 415/415/415 418/418/418 416/416/416
f 418/418/418 419/419/419 416/416/416
f 414/414/414 420/420/420 415/415/415
f 420/420/420 414/414/414 417/417/417
f 420/420/420 418/418/418 415/415/415
f 418/418/418 421/421/421 419/419/419
f 421/421/421 422/422/422 419/419/419
f 420/420/420 423/423/423 418/418/418
f 423/423/423 421/421/421 418/418/418
f 422/422/422 421/421/421 424/424/424
f 425/425/425 422/422/422 424/424/424
f 401/401/401 426/426/426 417/417/417
f 426/426/426 401/401/401 400/400/400
f 420/420/420 417/417/417 427/427/427
f 423/423/423 420/420/420 427/427/427
f 423/423/423 428/428/428 421/421/421
f 428/428/428 424/424/424 421/421/421
f 425/425/425 424/424/424 429/429/429
f 430/430/430 425/425/425 429/429/429
f 427/427/427 417/417/417 431/431/431
f 417/417/417 426/426/426 431/431/431
f 423/423/423 427/427/427 432/432/432
f 428/428/428 423/423/423 432/432/432
f 427/427/427 431/431/431 432/432/432
f 433/433/433 426/426/426 400/400/400
f 433/433/433 400/400/400 399/399/399
f 428/428/428 434/434/434 424/424/424
f 434/434/434 429/429/429 424/424/424
f 430/430/430 429/429/429 435/435/435
f 436/436/436 430/430/430 435/435/435
f 437/437/437 431/431/431 426/426/426
f 433/433/433 437/437/437 426/426/426
f 438/438/438 433/433/433 399/399/399
f 438/438/438 399/399/399 397/397/397
f 434/434/434 428/428/428 439/439/439
f 428/428/428 432/432/432 439/439/439
f 429/429/429 434/434/434 440/440/440
f 435/435/435 429/429/429 440/440/440
f 440/440/440 434/434/434 439/439/439
f 436/436/436 435/435/435 441/441/441
f 442/442/442 436/436/436 441/441/441
f 438/438/438 443/443/443 433/433/433
f 443/443/443 437/437/437 433/433/433
f 444/444/444 438/438/438 397/397/397
f 438/438/438 444/444/444 443/443/443
f 444/444/444 397/397/397 398/398/398
f 444/444/444 398/398/398 445/445/445
f 444/444/444 445/445/445 443/443/443
f 398/398/398 446/446/446 445/445/445
f 445/445/445 446/446/446 447/447/447
f 435/435/435 440/440/440 448/448/448
f 441/441/441 435/435/435 448/448/448
f 442/442/442 441/441/441 449/449/449
f 450/450/450 442/442/442 449/449/449
f 441/441/441 448/448/448 451/451/451
f 449/449/449 441/441/441 451/451/451
f 450/450/450 449/449/449 452/452/452
f 453/453/453 450/450/450 452/452/452
f 449/449/449 451/451/451 454/454/454
f 452/452/452 449/449/449 454/454/454
f 453/453/453 452/452/452 455/455/455
f 456/456/456 453/453/453 455/455/455
f 452/452/452 454/454/454 457/457/457
f 455/455/455 452/452/452 457/457/457
f 456/456/456 455/455/455 458/458/458
f 459/459/459 456/456/456 458/458/458
f 455/455/455 457/457/457 460/460/460
f 458/458/458 455/455/455 460/460/460
f 459/459/459 458/458/458 461/461/461
f 462/462/462 459/459/459 461/461/461
f 462/462/462 461/461/461 463/463/463
f 458/458/458 460/460/460 464/464/464
f 461/461/461 458/458/458 464/464/464
f 465/465/465 454/454/454 451/451/451
f 466/466/466 457/457/457 454/454/454
f 465/465/465 466/466/466 454/454/454
f 467/467/467 460/460/460 457/457/457
f 466/466/466 467/467/467 457/457/457
f 468/468/468 465/465/465 451/451/451
f 468/468/468 451/451/451 448/448/448
f 467/467/467 469/469/469 460/460/460
f 469/469/469 464/464/464 460/460/460
f 465/465/465 470/470/470 466/466/466
f 465/465/465 468/468/468 470/470/470
f 467/467/467 466/466/466 471/471/471
f 467/467/467 471/471/471 469/469/469
f 472/472/472 468/468/468 448/448/448
f 472/472/472 448/448/448 440/440/440
f 473/473/473 472/472/472 440/440/440
f 473/473/473 440/440/440 439/439/439
f 472/472/472 474/474/474 468/468/468
f 472/472/472 473/473/473 474/474/474
f 439/439/439 475/475/475 473/473/473
f 439/439/439 432/432/432 475/475/475
f 470/470/470 476/476/476 466/466/466
f 466/466/466 476/476/476 471/471/471
f 474/474/474 477/477/477 468/468/468
f 468/468/468 477/477/477 470/470/470
f 475/475/475 478/478/478 473/473/473
f 473/473/473 478/478/478 474/474/474
f 432/432/432 479/479/479 475/475/475
f 431/431/431 479/479/479 432/432/432
f 479/479/479 431/431/431 437/437/437
f 480/480/480 479/479/479 437/437/437
f 480/480/480 437/437/437 443/443/443
f 481/481/481 475/475/475 479/479/479
f 480/480/480 481/481/481 479/479/479
f 478/478/478 475/475/475 482/482/482
f 475/475/475 481/481/481 482/482/482
f 474/474/474 478/478/478 483/483/483
f 478/478/478 482/482/482 483/483/483
f 477/477/477 474/474/474 484/484/484
f 474/474/474 483/483/483 484/484/484
f 485/485/485 480/480/480 443/443/443
f 485/485/485 443/443/443 445/445/445
f 486/486/486 481/481/481 480/480/480
f 485/485/485 486/486/486 480/480/480
f 482/482/482 481/481/481 486/486/486
f 487/487/487 485/485/485 445/445/445
f 485/485/485 487/487/487 486/486/486
f 487/487/487 445/445/445 447/447/447
f 487/487/487 447/447/447 488/488/488
f 487/487/487 488/488/488 486/486/486
f 447/447/447 489/489/489 488/488/488
f 488/488/488 489/489/489 490/490/490
f 491/491/491 482/482/482 486/486/486
f 491/491/491 486/486/486 488/488/488
f 492/492/492 483/483/483 482/482/482
f 491/491/491 492/492/492 482/482/482
f 493/493/493 491/491/491 488/488/488
f 493/493/493 488/488/488 490/490/490
f 491/491/491 493/493/493 492/492/492
f 493/493/493 490/490/490 494/494/494
f 493/493/493 494/494/494 492/492/492
f 490/490/490 495/495/495 494/494/494
f 494/494/494 495/495/495 496/496/496
f 492/492/492 497/497/497 483/483/483
f 497/497/497 492/492/492 494/494/494
f 497/497/497 484/484/484 483/483/483
f 498/498/498 494/494/494 496/496/496
f 498/498/498 497/497/497 494/494/494
f 497/497/497 499/499/499 484/484/484
f 497/497/497 498/498/498 499/499/499
f 498/498/498 496/496/496 500/500/500
f 498/498/498 500/500/500 499/499/499
f 496/496/496 501/501/501 500/500/500
f 500/500/500 501/501/501 502/502/502
f 499/499/499 503/503/503 484/484/484
f 477/477/477 484/484/484 503/503/503
f 470/470/470 477/477/477 503/503/503
f 504/504/504 499/499/499 500/500/500
f 499/499/499 504/504/504 503/503/503
f 470/470/470 503/503/503 505/505/505
f 504/504/504 505/505/505 503/503/503
f 476/476/476 470/470/470 505/505/505
f 506/506/506 500/500/500 502/502/502
f 506/506/506 504/504/504 500/500/500
f 476/476/476 505/505/505 507/507/507
f 471/471/471 476/476/476 507/507/507
f 504/504/504 508/508/508 505/505/505
f 504/504/504 506/506/506 508/508/508
f 508/508/508 507/507/507 505/505/505
f 506/506/506 502/502/502 509/509/509
f 506/506/506 509/509/509 508/508/508
f 502/502/502 510/510/510 509/509/509
f 509/509/509 510/510/510 511/511/511
f 508/508/508 512/512/512 507/507/507
f 512/512/512 508/508/508 509/509/509
f 471/471/471 507/507/507 513/513/513
f 512/512/512 513/513/513 507/507/507
f 514/514/514 509/509/509 511/511/511
f 514/514/514 512/512/512 509/509/509
f 514/514/514 511/511/511 515/515/515
f 511/511/511 516/516/516 515/515/515
f 515/515/515 516/516/516 517/517/517
f 512/512/512 514/514/514 518/518/518
f 512/512/512 518/518/518 513/513/513
f 514/514/514 515/515/515 518/518/518
f 519/519/519 471/471/471 513/513/513
f 471/471/471 519/519/519 469/469/469
f 519/519/519 513/513/513 520/520/520
f 469/469/469 519/519/519 520/520/520
f 518/518/518 521/521/521 513/513/513
f 513/513/513 521/521/521 520/520/520
f 522/522/522 469/469/469 520/520/520
f 469/469/469 522/522/522 464/464/464
f 522/522/522 523/523/523 464/464/464
f 461/461/461 464/464/464 523/523/523
f 524/524/524 461/461/461 523/523/523
f 461/461/461 524/524/524 463/463/463
f 525/525/525 523/523/523 522/522/522
f 524/524/524 523/523/523 525/525/525
f 463/463/463 524/524/524 526/526/526
f 526/526/526 524/524/524 525/525/525
f 527/527/527 463/463/463 526/526/526
f 522/522/522 520/520/520 528/528/528
f 528/528/528 525/525/525 522/522/522
f 529/529/529 520/520/520 521/521/521
f 520/520/520 529/529/529 528/528/528
f 530/530/530 521/521/521 518/518/518
f 530/530/530 529/529/529 521/521/521
f 527/527/527 526/526/526 531/531/531
f 532/532/532 527/527/527 531/531/531
f 526/526/526 525/525/525 533/533/533
f 531/531/531 526/526/526 533/533/533
f 528/528/528 534/534/534 525/525/525
f 534/534/534 533/533/533 525/525/525
f 528/528/528 529/529/529 535/535/535
f 534/534/534 528/528/528 535/535/535
f 532/532/532 531/531/531 536/536/536
f 537/537/537 532/532/532 536/536/536
f 531/531/531 533/533/533 538/538/538
f 536/536/536 531/531/531 538/538/538
f 534/534/534 539/539/539 533/533/533
f 534/534/534 535/535/535 539/539/539
f 539/539/539 538/538/538 533/533/533
f 537/537/537 536/536/536 540/540/540
f 541/541/541 537/537/537 540/540/540
f 536/536/536 538/538/538 542/542/542
f 540/540/540 536/536/536 542/542/542
f 541/541/541 540/540/540 543/543/543
f 544/544/544 541/541/541 543/543/543
f 545/545/545 535/535/535 529/529/529
f 530/530/530 545/545/545 529/529/529
f 539/539/539 546/546/546 538/538/538
f 546/546/546 542/542/542 538/538/538
f 540/540/540 542/542/542 547/547/547
f 543/543/543 540/540/540 547/547/547
f 544/544/544 543/543/543 548/548/548
f 549/549/549 544/544/544 548/548/548
f 546/546/546 550/550/550 542/542/542
f 550/550/550 547/547/547 542/542/542
f 546/546/546 539/539/539 551/551/551
f 546/546/546 551/551/551 550/550/550
f 535/535/535 552/552/552 539/539/539
f 539/539/539 552/552/552 551/551/551
f 543/543/543 547/547/547 553/553/553
f 548/548/548 543/543/543 553/553/553
f 549/549/549 548/548/548 554/554/554
f 555/555/555 549/549/549 554/554/554
f 556/556/556 552/552/552 535/535/535
f 545/545/545 556/556/556 535/535/535
f 550/550/550 557/557/557 547/547/547
f 557/557/557 553/553/553 547/547/547
f 548/548/548 553/553/553 558/558/558
f 554/554/554 548/548/548 558/558/558
f 555/555/555 554/554/554 559/559/559
f 560/560/560 555/555/555 559/559/559
f 557/557/557 561/561/561 553/553/553
f 561/561/561 558/558/558 553/553/553
f 557/557/557 550/550/550 562/562/562
f 557/557/557 562/562/562 561/561/561
f 554/554/554 558/558/558 563/563/563
f 559/559/559 554/554/554 563/563/563
f 560/560/560 559/559/559 564/564/564
f 565/565/565 560/560/560 564/564/564
f 566/566/566 563/563/563 558/558/558
f 561/561/561 566/566/566 558/558/558
f 559/559/559 563/563/563 567/567/567
f 564/564/564 559/559/559 567/567/567
f 567/567/567 563/563/563 566/566/566
f 565/565/565 564/564/564 568/568/568
f 569/569/569 565/565/565 568/568/568
f 550/550/550 570/570/570 562/562/562
f 551/551/551 570/570/570 550/550/550
f 564/564/564 567/567/567 571/571/571
f 568/568/568 564/564/564 571/571/571
f 569/569/569 568/568/568 572/572/572
f 573/573/573 569/569/569 572/572/572
f 568/568/568 571/571/571 574/574/574
f 572/572/572 568/568/568 574/574/574
f 573/573/573 572/572/572 575/575/575
f 576/576/576 573/573/573 575/575/575
f 572/572/572 574/574/574 577/577/577
f 575/575/575 572/572/572 577/577/577
f 576/576/576 575/575/575 578/578/578
f 579/579/579 576/576/576 578/578/578
f 575/575/575 577/577/577 580/580/580
f 578/578/578 575/575/575 580/580/580
f 579/579/579 578/578/578 581/581/581
f 582/582/582 579/579/579 581/581/581
f 578/578/578 580/580/580 583/583/583
f 581/581/581 578/578/578 583/583/583
f 582/582/582 581/581/581 584/584/584
f 582/582/582 584/584/584 585/585/585
f 581/581/581 583/583/583 586/586/586
f 581/581/581 586/586/586 584/584/584
f 587/587/587 585/585/585 584/584/584
f 587/587/587 588/588/588 585/585/585
f 584/584/584 586/586/586 589/589/589
f 584/584/584 589/589/589 587/587/587
f 588/588/588 587/587/587 590/590/590
f 588/588/588 590/590/590 591/591/591
f 587/587/587 589/589/589 592/592/592
f 587/587/587 592/592/592 590/590/590
f 591/591/591 590/590/590 593/593/593
f 591/591/591 593/593/593 594/594/594
f 595/595/595 594/594/594 593/593/593
f 593/593/593 590/590/590 596/596/596
f 595/595/595 593/593/593 596/596/596
f 596/596/596 590/590/590 592/592/592
f 595/595/595 596/596/596 597/597/597
f 596/596/596 598/598/598 597/597/597
f 596/596/596 592/592/592 598/598/598
f 599/599/599 597/597/597 598/598/598
f 589/589/589 600/600/600 592/592/592
f 598/598/598 592/592/592 600/600/600
f 599/599/599 598/598/598 601/601/601
f 601/601/601 598/598/598 600/600/600
f 602/602/602 599/599/599 601/601/601
f 601/601/601 603/603/603 602/602/602
f 601/601/601 604/604/604 603/603/603
f 604/604/604 605/605/605 603/603/603
f 604/604/604 606/606/606 605/605/605
f 589/589/589 607/607/607 600/600/600
f 586/586/586 607/607/607 589/589/589
f 601/601/601 600/600/600 608/608/608
f 604/604/604 601/601/601 608/608/608
f 604/604/604 609/609/609 606/606/606
f 609/609/609 610/610/610 606/606/606
f 609/609/609 611/611/611 610/610/610
f 607/607/607 612/612/612 600/600/600
f 612/612/612 608/608/608 600/600/600
f 586/586/586 613/613/613 607/607/607
f 583/583/583 613/613/613 586/586/586
f 604/604/604 608/608/608 614/614/614
f 609/609/609 604/604/604 614/614/614
f 609/609/609 615/615/615 611/611/611
f 615/615/615 616/616/616 611/611/611
f 617/617/617 612/612/612 607/607/607
f 613/613/613 617/617/617 607/607/607
f 583/583/583 618/618/618 613/613/613
f 583/583/583 580/580/580 618/618/618
f 612/612/612 619/619/619 608/608/608
f 619/619/619 614/614/614 608/608/608
f 609/609/609 614/614/614 620/620/620
f 615/615/615 609/609/609 620/620/620
f 616/616/616 615/615/615 621/621/621
f 622/622/622 616/616/616 621/621/621
f 618/618/618 623/623/623 613/613/613
f 623/623/623 617/617/617 613/613/613
f 580/580/580 624/624/624 618/618/618
f 618/618/618 624/624/624 623/623/623
f 580/580/580 577/577/577 624/624/624
f 621/621/621 615/615/615 625/625/625
f 615/615/615 620/620/620 625/625/625
f 622/622/622 621/621/621 626/626/626
f 621/621/621 625/625/625 626/626/626
f 627/627/627 622/622/622 626/626/626
f 625/625/625 628/628/628 626/626/626
f 629/629/629 628/628/628 625/625/625
f 630/630/630 629/629/629 625/625/625
f 630/630/630 625/625/625 620/620/620
f 631/631/631 629/629/629 630/630/630
f 632/632/632 630/630/630 620/620/620
f 632/632/632 620/620/620 614/614/614
f 619/619/619 632/632/632 614/614/614
f 633/633/633 631/631/631 630/630/630
f 633/633/633 630/630/630 632/632/632
f 634/634/634 631/631/631 633/633/633
f 635/635/635 632/632/632 619/619/619
f 635/635/635 633/633/633 632/632/632
f 636/636/636 634/634/634 633/633/633
f 636/636/636 633/633/633 635/635/635
f 637/637/637 634/634/634 636/636/636
f 638/638/638 635/635/635 619/619/619
f 638/638/638 619/619/619 612/612/612
f 617/617/617 638/638/638 612/612/612
f 639/639/639 636/636/636 635/635/635
f 639/639/639 635/635/635 638/638/638
f 640/640/640 638/638/638 617/617/617
f 640/640/640 639/639/639 638/638/638
f 623/623/623 640/640/640 617/617/617
f 641/641/641 637/637/637 636/636/636
f 641/641/641 636/636/636 639/639/639
f 623/623/623 642/642/642 640/640/640
f 624/624/624 642/642/642 623/623/623
f 641/641/641 643/643/643 637/637/637
f 643/643/643 644/644/644 637/637/637
f 645/645/645 644/644/644 643/643/643
f 639/639/639 640/640/640 646/646/646
f 642/642/642 646/646/646 640/640/640
f 647/647/647 641/641/641 639/639/639
f 641/641/641 647/647/647 643/643/643
f 647/647/647 639/639/639 646/646/646
f 648/648/648 642/642/642 624/624/624
f 642/642/642 648/648/648 646/646/646
f 647/647/647 649/649/649 643/643/643
f 647/647/647 646/646/646 649/649/649
f 650/650/650 645/645/645 643/643/643
f 650/650/650 643/643/643 649/649/649
f 650/650/650 651/651/651 645/645/645
f 651/651/651 652/652/652 645/645/645
f 653/653/653 652/652/652 651/651/651
f 654/654/654 648/648/648 624/624/624
f 577/577/577 654/654/654 624/624/624
f 654/654/654 577/577/577 574/574/574
f 655/655/655 654/654/654 574/574/574
f 654/654/654 655/655/655 648/648/648
f 655/655/655 574/574/574 571/571/571
f 648/648/648 656/656/656 646/646/646
f 646/646/646 656/656/656 649/649/649
f 657/657/657 650/650/650 649/649/649
f 650/650/650 657/657/657 651/651/651
f 656/656/656 648/648/648 658/658/658
f 655/655/655 658/658/658 648/648/648
f 649/649/649 656/656/656 659/659/659
f 659/659/659 656/656/656 658/658/658
f 657/657/657 649/649/649 659/659/659
f 660/660/660 655/655/655 571/571/571
f 660/660/660 571/571/571 567/567/567
f 661/661/661 658/658/658 655/655/655
f 659/659/659 658/658/658 661/661/661
f 660/660/660 661/661/661 655/655/655
f 662/662/662 660/660/660 567/567/567
f 660/660/660 662/662/662 661/661/661
f 662/662/662 567/567/567 566/566/566
f 657/657/657 659/659/659 663/663/663
f 663/663/663 659/659/659 661/661/661
f 657/657/657 664/664/664 651/651/651
f 664/664/664 657/657/657 663/663/663
f 566/566/566 665/665/665 662/662/662
f 566/566/566 561/561/561 665/665/665
f 662/662/662 666/666/666 661/661/661
f 663/663/663 661/661/661 666/666/666
f 665/665/665 666/666/666 662/662/662
f 561/561/561 667/667/667 665/665/665
f 562/562/562 667/667/667 561/561/561
f 668/668/668 663/663/663 666/666/666
f 664/664/664 663/663/663 668/668/668
f 666/666/666 665/665/665 669/669/669
f 669/669/669 665/665/665 667/667/667
f 668/668/668 666/666/666 669/669/669
f 670/670/670 651/651/651 664/664/664
f 670/670/670 653/653/653 651/651/651
f 671/671/671 667/667/667 562/562/562
f 671/671/671 669/669/669 667/667/667
f 672/672/672 664/664/664 668/668/668
f 672/672/672 670/670/670 664/664/664
f 670/670/670 673/673/673 653/653/653
f 670/670/670 672/672/672 673/673/673
f 673/673/673 674/674/674 653/653/653
f 675/675/675 674/674/674 673/673/673
f 668/668/668 669/669/669 676/676/676
f 672/672/672 668/668/668 676/676/676
f 672/672/672 676/676/676 673/673/673
f 676/676/676 669/669/669 671/671/671
f 677/677/677 671/671/671 562/562/562
f 677/677/677 562/562/562 570/570/570
f 678/678/678 675/675/675 673/673/673
f 678/678/678 673/673/673 676/676/676
f 679/679/679 676/676/676 671/671/671
f 679/679/679 678/678/678 676/676/676
f 679/679/679 671/671/671 677/677/677
f 678/678/678 680/680/680 675/675/675
f 678/678/678 679/679/679 680/680/680
f 680/680/680 681/681/681 675/675/675
f 682/682/682 681/681/681 680/680/680
f 683/683/683 677/677/677 570/570/570
f 683/683/683 570/570/570 551/551/551
f 684/684/684 679/679/679 677/677/677
f 679/679/679 684/684/684 680/680/680
f 684/684/684 677/677/677 683/683/683
f 685/685/685 682/682/682 680/680/680
f 685/685/685 680/680/680 684/684/684
f 686/686/686 683/683/683 551/551/551
f 686/686/686 551/551/551 552/552/552
f 556/556/556 686/686/686 552/552/552
f 687/687/687 684/684/684 683/683/683
f 687/687/687 685/685/685 684/684/684
f 687/687/687 683/683/683 686/686/686
f 685/685/685 688/688/688 682/682/682
f 685/685/685 687/687/687 688/688/688
f 688/688/688 689/689/689 682/682/682
f 690/690/690 689/689/689 688/688/688
f 691/691/691 687/687/687 686/686/686
f 691/691/691 686/686/686 556/556/556
f 687/687/687 691/691/691 688/688/688
f 692/692/692 690/690/690 688/688/688
f 692/692/692 688/688/688 691/691/691
f 693/693/693 691/691/691 556/556/556
f 693/693/693 692/692/692 691/691/691
f 693/693/693 556/556/556 545/545/545
f 692/692/692 694/694/694 690/690/690
f 692/692/692 693/693/693 694/694/694
f 694/694/694 695/695/695 690/690/690
f 517/517/517 695/695/695 694/694/694
f 696/696/696 693/693/693 545/545/545
f 693/693/693 696/696/696 694/694/694
f 696/696/696 545/545/545 530/530/530
f 697/697/697 517/517/517 694/694/694
f 697/697/697 694/694/694 696/696/696
f 697/697/697 515/515/515 517/517/517
f 698/698/698 696/696/696 530/530/530
f 698/698/698 697/697/697 696/696/696
f 697/697/697 698/698/698 515/515/515
f 698/698/698 530/530/530 518/518/518
f 698/698/698 518/518/518 515/515/515
f 701/701/701 700/700/700 699/699/699
f 702/702/702 701/701/701 699/699/699
f 703/703/703 701/701/701 702/702/702
f 704/704/704 702/702/702 699/699/699
f 705/705/705 704/704/704 699/699/699
f 703/703/703 702/702/702 706/706/706
f 702/702/702 704/704/704 706/706/706
f 707/707/707 703/703/703 706/706/706
f 708/708/708 707/707/707 706/706/706
f 709/709/709 707/707/707 708/708/708
f 704/704/704 710/710/710 706/706/706
f 706/706/706 710/710/710 708/708/708
f 704/704/704 705/705/705 711/711/711
f 704/704/704 711/711/711 710/710/710
f 712/712/712 709/709/709 708/708/708
f 713/713/713 709/709/709 712/712/712
f 714/714/714 711/711/711 705/705/705
f 714/714/714 705/705/705 715/715/715
f 710/710/710 716/716/716 708/708/708
f 712/712/712 708/708/708 716/716/716
f 717/717/717 710/710/710 711/711/711
f 717/717/717 711/711/711 714/714/714
f 714/714/714 715/715/715 718/718/718
f 715/715/715 719/719/719 718/718/718
f 718/718/718 719/719/719 720/720/720
f 714/714/714 718/718/718 721/721/721
f 717/717/717 714/714/714 721/721/721
f 722/722/722 718/718/718 720/720/720
f 721/721/721 718/718/718 722/722/722
f 722/722/722 720/720/720 723/723/723
f 722/722/722 723/723/723 724/724/724
f 725/725/725 710/710/710 717/717/717
f 725/725/725 716/716/716 710/710/710
f 726/726/726 717/717/717 721/721/721
f 726/726/726 725/725/725 717/717/717
f 727/727/727 722/722/722 724/724/724
f 727/727/727 724/724/724 728/728/728
f 727/727/727 728/728/728 729/729/729
f 730/730/730 721/721/721 722/722/722
f 730/730/730 722/722/722 727/727/727
f 726/726/726 721/721/721 730/730/730
f 731/731/731 727/727/727 729/729/729
f 730/730/730 727/727/727 731/731/731
f 731/731/731 729/729/729 732/732/732
f 733/733/733 731/731/731 732/732/732
f 733/733/733 732/732/732 734/734/734
f 735/735/735 730/730/730 731/731/731
f 735/735/735 731/731/731 733/733/733
f 736/736/736 726/726/726 730/730/730
f 736/736/736 730/730/730 735/735/735
f 737/737/737 725/725/725 726/726/726
f 737/737/737 726/726/726 736/736/736
f 738/738/738 733/733/733 734/734/734
f 735/735/735 733/733/733 738/738/738
f 735/735/735 738/738/738 739/739/739
f 738/738/738 734/734/734 740/740/740
f 738/738/738 740/740/740 739/739/739
f 734/734/734 741/741/741 740/740/740
f 740/740/740 741/741/741 742/742/742
f 743/743/743 740/740/740 742/742/742
f 740/740/740 743/743/743 739/739/739
f 743/743/743 742/742/742 744/744/744
f 745/745/745 736/736/736 735/735/735
f 745/745/745 735/735/735 739/739/739
f 746/746/746 743/743/743 744/744/744
f 746/746/746 744/744/744 747/747/747
f 743/743/743 746/746/746 748/748/748
f 743/743/743 748/748/748 739/739/739
f 749/749/749 746/746/746 747/747/747
f 746/746/746 749/749/749 748/748/748
f 749/749/749 747/747/747 750/750/750
f 751/751/751 749/749/749 750/750/750
f 751/751/751 750/750/750 752/752/752
f 749/749/749 753/753/753 748/748/748
f 749/749/749 751/751/751 753/753/753
f 754/754/754 751/751/751 752/752/752
f 751/751/751 754/754/754 753/753/753
f 754/754/754 752/752/752 755/755/755
f 754/754/754 755/755/755 756/756/756
f 748/748/748 757/757/757 739/739/739
f 748/748/748 753/753/753 757/757/757
f 758/758/758 754/754/754 756/756/756
f 758/758/758 756/756/756 759/759/759
f 759/759/759 760/760/760 758/758/758
f 754/754/754 761/761/761 753/753/753
f 754/754/754 758/758/758 761/761/761
f 760/760/760 762/762/762 758/758/758
f 758/758/758 762/762/762 761/761/761
f 760/760/760 763/763/763 762/762/762
f 757/757/757 764/764/764 739/739/739
f 764/764/764 745/745/745 739/739/739
f 753/753/753 765/765/765 757/757/757
f 753/753/753 761/761/761 765/765/765
f 763/763/763 766/766/766 762/762/762
f 762/762/762 767/767/767 761/761/761
f 762/762/762 766/766/766 767/767/767
f 766/766/766 763/763/763 768/768/768
f 769/769/769 768/768/768 763/763/763
f 761/761/761 770/770/770 765/765/765
f 767/767/767 770/770/770 761/761/761
f 766/766/766 771/771/771 767/767/767
f 771/771/771 766/766/766 768/768/768
f 767/767/767 772/772/772 770/770/770
f 767/767/767 771/771/771 772/772/772
f 773/773/773 745/745/745 764/764/764
f 774/774/774 764/764/764 757/757/757
f 774/774/774 773/773/773 764/764/764
f 773/773/773 774/774/774 775/775/775
f 776/776/776 774/774/774 757/757/757
f 776/776/776 757/757/757 765/765/765
f 775/775/775 774/774/774 776/776/776
f 777/777/777 765/765/765 770/770/770
f 777/777/777 776/776/776 765/765/765
f 772/772/772 778/778/778 770/770/770
f 778/778/778 777/777/777 770/770/770
f 779/779/779 776/776/776 777/777/777
f 779/779/779 775/775/775 776/776/776
f 780/780/780 779/779/779 777/777/777
f 780/780/780 777/777/777 778/778/778
f 773/773/773 781/781/781 745/745/745
f 781/781/781 736/736/736 745/745/745
f 781/781/781 737/737/737 736/736/736
f 782/782/782 781/781/781 773/773/773
f 737/737/737 781/781/781 782/782/782
f 783/783/783 773/773/773 775/775/775
f 783/783/783 782/782/782 773/773/773
f 779/779/779 780/780/780 784/784/784
f 779/779/779 784/784/784 775/775/775
f 772/772/772 785/785/785 778/778/778
f 786/786/786 780/780/780 778/778/778
f 786/786/786 778/778/778 785/785/785
f 786/786/786 787/787/787 780/780/780
f 780/780/780 788/788/788 784/784/784
f 787/787/787 788/788/788 780/780/780
f 787/787/787 789/789/789 788/788/788
f 772/772/772 790/790/790 785/785/785
f 771/771/771 790/790/790 772/772/772
f 791/791/791 786/786/786 785/785/785
f 791/791/791 787/787/787 786/786/786
f 784/784/784 788/788/788 792/792/792
f 789/789/789 792/792/792 788/788/788
f 790/790/790 793/793/793 785/785/785
f 791/791/791 785/785/785 793/793/793
f 784/784/784 794/794/794 775/775/775
f 795/795/795 784/784/784 792/792/792
f 784/784/784 795/795/795 794/794/794
f 775/775/775 794/794/794 796/796/796
f 783/783/783 775/775/775 796/796/796
f 795/795/795 797/797/797 794/794/794
f 796/796/796 794/794/794 797/797/797
f 795/795/795 792/792/792 798/798/798
f 795/795/795 798/798/798 797/797/797
f 783/783/783 796/796/796 799/799/799
f 782/782/782 783/783/783 799/799/799
f 782/782/782 799/799/799 800/800/800
f 801/801/801 800/800/800 799/799/799
f 799/799/799 796/796/796 802/802/802
f 802/802/802 796/796/796 797/797/797
f 792/792/792 803/803/803 798/798/798
f 798/798/798 803/803/803 804/804/804
f 803/803/803 792/792/792 789/789/789
f 805/805/805 782/782/782 800/800/800
f 805/805/805 737/737/737 782/782/782
f 806/806/806 737/737/737 805/805/805
f 737/737/737 806/806/806 725/725/725
f 806/806/806 716/716/716 725/725/725
f 806/806/806 805/805/805 807/807/807
f 800/800/800 807/807/807 805/805/805
f 806/806/806 808/808/808 716/716/716
f 808/808/808 806/806/806 807/807/807
f 808/808/808 712/712/712 716/716/716
f 809/809/809 712/712/712 808/808/808
f 809/809/809 713/713/713 712/712/712
f 713/713/713 809/809/809 810/810/810
f 811/811/811 713/713/713 810/810/810
f 811/811/811 810/810/810 812/812/812
f 809/809/809 808/808/808 813/813/813
f 808/808/808 807/807/807 813/813/813
f 810/810/810 809/809/809 813/813/813
f 807/807/807 814/814/814 813/813/813
f 807/807/807 800/800/800 814/814/814
f 814/814/814 810/810/810 813/813/813
f 800/800/800 815/815/815 814/814/814
f 814/814/814 815/815/815 810/810/810
f 810/810/810 816/816/816 812/812/812
f 815/815/815 816/816/816 810/810/810
f 800/800/800 817/817/817 815/815/815
f 816/816/816 815/815/815 817/817/817
f 800/800/800 801/801/801 817/817/817
f 816/816/816 818/818/818 812/812/812
f 818/818/818 816/816/816 817/817/817
f 818/818/818 819/819/819 812/812/812
f 818/818/818 817/817/817 820/820/820
f 801/801/801 820/820/820 817/817/817
f 818/818/818 821/821/821 819/819/819
f 821/821/821 818/818/818 820/820/820
f 821/821/821 822/822/822 819/819/819
f 821/821/821 820/820/820 823/823/823
f 801/801/801 823/823/823 820/820/820
f 821/821/821 824/824/824 822/822/822
f 824/824/824 821/821/821 823/823/823
f 824/824/824 825/825/825 822/822/822
f 824/824/824 826/826/826 825/825/825
f 826/826/826 827/827/827 825/825/825
f 824/824/824 823/823/823 828/828/828
f 826/826/826 824/824/824 828/828/828
f 826/826/826 829/829/829 827/827/827
f 829/829/829 830/830/830 827/827/827
f 831/831/831 828/828/828 823/823/823
f 801/801/801 831/831/831 823/823/823
f 832/832/832 831/831/831 801/801/801
f 826/826/826 828/828/828 833/833/833
f 831/831/831 833/833/833 828/828/828
f 829/829/829 826/826/826 833/833/833
f 829/829/829 834/834/834 830/830/830
f 834/834/834 835/835/835 830/830/830
f 831/831/831 836/836/836 833/833/833
f 836/836/836 831/831/831 832/832/832
f 829/829/829 833/833/833 837/837/837
f 834/834/834 829/829/829 837/837/837
f 836/836/836 837/837/837 833/833/833
f 834/834/834 838/838/838 835/835/835
f 838/838/838 839/839/839 835/835/835
f 834/834/834 837/837/837 840/840/840
f 836/836/836 840/840/840 837/837/837
f 838/838/838 834/834/834 840/840/840
f 838/838/838 841/841/841 839/839/839
f 841/841/841 842/842/842 839/839/839
f 838/838/838 840/840/840 843/843/843
f 841/841/841 838/838/838 843/843/843
f 836/836/836 844/844/844 840/840/840
f 844/844/844 843/843/843 840/840/840
f 841/841/841 845/845/845 842/842/842
f 845/845/845 846/846/846 842/842/842
f 841/841/841 843/843/843 847/847/847
f 844/844/844 847/847/847 843/843/843
f 845/845/845 841/841/841 847/847/847
f 848/848/848 844/844/844 836/836/836
f 848/848/848 836/836/836 832/832/832
f 845/845/845 849/849/849 846/846/846
f 849/849/849 850/850/850 846/846/846
f 845/845/845 847/847/847 851/851/851
f 849/849/849 845/845/845 851/851/851
f 844/844/844 852/852/852 847/847/847
f 852/852/852 851/851/851 847/847/847
f 852/852/852 844/844/844 848/848/848
f 849/849/849 853/853/853 850/850/850
f 853/853/853 854/854/854 850/850/850
f 849/849/849 851/851/851 855/855/855
f 852/852/852 855/855/855 851/851/851
f 853/853/853 849/849/849 855/855/855
f 853/853/853 856/856/856 854/854/854
f 856/856/856 857/857/857 854/854/854
f 858/858/858 857/857/857 856/856/856
f 853/853/853 855/855/855 859/859/859
f 856/856/856 853/853/853 859/859/859
f 852/852/852 860/860/860 855/855/855
f 860/860/860 859/859/859 855/855/855
f 852/852/852 848/848/848 861/861/861
f 860/860/860 852/852/852 861/861/861
f 856/856/856 859/859/859 862/862/862
f 862/862/862 859/859/859 860/860/860
f 863/863/863 858/858/858 856/856/856
f 863/863/863 856/856/856 862/862/862
f 862/862/862 860/860/860 864/864/864
f 864/864/864 860/860/860 861/861/861
f 863/863/863 865/865/865 858/858/858
f 865/865/865 866/866/866 858/858/858
f 863/863/863 862/862/862 867/867/867
f 867/867/867 862/862/862 864/864/864
f 865/865/865 863/863/863 867/867/867
f 865/865/865 868/868/868 866/866/866
f 868/868/868 869/869/869 866/866/866
f 865/865/865 867/867/867 870/870/870
f 870/870/870 867/867/867 864/864/864
f 868/868/868 865/865/865 870/870/870
f 868/868/868 871/871/871 869/869/869
f 871/871/871 872/872/872 869/869/869
f 868/868/868 870/870/870 873/873/873
f 871/871/871 868/868/868 873/873/873
f 870/870/870 864/864/864 874/874/874
f 873/873/873 870/870/870 874/874/874
f 871/871/871 875/875/875 872/872/872
f 875/875/875 876/876/876 872/872/872
f 871/871/871 873/873/873 877/877/877
f 877/877/877 873/873/873 874/874/874
f 875/875/875 871/871/871 877/877/877
f 877/877/877 874/874/874 878/878/878
f 879/879/879 874/874/874 864/864/864
f 879/879/879 878/878/878 874/874/874
f 879/879/879 864/864/864 861/861/861
f 875/875/875 880/880/880 876/876/876
f 880/880/880 881/881/881 876/876/876
f 875/875/875 877/877/877 882/882/882
f 882/882/882 877/877/877 878/878/878
f 880/880/880 875/875/875 882/882/882
f 880/880/880 883/883/883 881/881/881
f 883/883/883 884/884/884 881/881/881
f 880/880/880 882/882/882 885/885/885
f 885/885/885 882/882/882 878/878/878
f 883/883/883 880/880/880 885/885/885
f 883/883/883 886/886/886 884/884/884
f 886/886/886 887/887/887 884/884/884
f 883/883/883 885/885/885 888/888/888
f 886/886/886 883/883/883 888/888/888
f 886/886/886 889/889/889 887/887/887
f 889/889/889 890/890/890 887/887/887
f 888/888/888 885/885/885 891/891/891
f 885/885/885 878/878/878 891/891/891
f 886/886/886 888/888/888 892/892/892
f 889/889/889 886/886/886 892/892/892
f 892/892/892 888/888/888 891/891/891
f 893/893/893 892/892/892 891/891/891
f 889/889/889 894/894/894 890/890/890
f 889/889/889 892/892/892 894/894/894
f 894/894/894 895/895/895 890/890/890
f 896/896/896 891/891/891 878/878/878
f 893/893/893 891/891/891 896/896/896
f 897/897/897 896/896/896 878/878/878
f 879/879/879 897/897/897 878/878/878
f 892/892/892 898/898/898 894/894/894
f 893/893/893 898/898/898 892/892/892
f 895/895/895 894/894/894 899/899/899
f 900/900/900 895/895/895 899/899/899
f 900/900/900 899/899/899 901/901/901
f 894/894/894 898/898/898 902/902/902
f 899/899/899 894/894/894 902/902/902
f 902/902/902 898/898/898 893/893/893
f 899/899/899 903/903/903 901/901/901
f 899/899/899 902/902/902 903/903/903
f 901/901/901 903/903/903 904/904/904
f 905/905/905 896/896/896 897/897/897
f 905/905/905 893/893/893 896/896/896
f 902/902/902 906/906/906 903/903/903
f 903/903/903 907/907/907 904/904/904
f 903/903/903 906/906/906 907/907/907
f 908/908/908 902/902/902 893/893/893
f 908/908/908 906/906/906 902/902/902
f 909/909/909 893/893/893 905/905/905
f 909/909/909 908/908/908 893/893/893
f 908/908/908 910/910/910 906/906/906
f 906/906/906 910/910/910 907/907/907
f 911/911/911 904/904/904 907/907/907
f 911/911/911 912/912/912 904/904/904
f 913/913/913 911/911/911 907/907/907
f 907/907/907 910/910/910 913/913/913
f 914/914/914 912/912/912 911/911/911
f 914/914/914 911/911/911 913/913/913
f 914/914/914 915/915/915 912/912/912
f 908/908/908 916/916/916 910/910/910
f 909/909/909 916/916/916 908/908/908
f 910/910/910 917/917/917 913/913/913
f 916/916/916 917/917/917 910/910/910
f 914/914/914 918/918/918 915/915/915
f 918/918/918 919/919/919 915/915/915
f 920/920/920 914/914/914 913/913/913
f 914/914/914 920/920/920 918/918/918
f 920/920/920 913/913/913 917/917/917
f 920/920/920 921/921/921 918/918/918
f 920/920/920 917/917/917 921/921/921
f 922/922/922 918/918/918 921/921/921
f 916/916/916 923/923/923 917/917/917
f 923/923/923 921/921/921 917/917/917
f 909/909/909 924/924/924 916/916/916
f 924/924/924 923/923/923 916/916/916
f 923/923/923 925/925/925 921/921/921
f 922/922/922 921/921/921 925/925/925
f 926/926/926 925/925/925 923/923/923
f 924/924/924 926/926/926 923/923/923
f 922/922/922 925/925/925 927/927/927
f 926/926/926 927/927/927 925/925/925
f 928/928/928 922/922/922 927/927/927
f 928/928/928 929/929/929 922/922/922
f 930/930/930 927/927/927 926/926/926
f 930/930/930 926/926/926 924/924/924
f 930/930/930 928/928/928 927/927/927
f 924/924/924 909/909/909 931/931/931
f 931/931/931 909/909/909 905/905/905
f 928/928/928 932/932/932 929/929/929
f 932/932/932 933/933/933 929/929/929
f 928/928/928 930/930/930 934/934/934
f 932/932/932 928/928/928 934/934/934
f 930/930/930 924/924/924 935/935/935
f 935/935/935 924/924/924 931/931/931
f 934/934/934 930/930/930 935/935/935
f 931/931/931 905/905/905 936/936/936
f 936/936/936 905/905/905 897/897/897
f 932/932/932 937/937/937 933/933/933
f 937/937/937 938/938/938 933/933/933
f 935/935/935 931/931/931 939/939/939
f 939/939/939 931/931/931 936/936/936
f 932/932/932 934/934/934 940/940/940
f 937/937/937 932/932/932 940/940/940
f 934/934/934 935/935/935 941/941/941
f 941/941/941 935/935/935 939/939/939
f 940/940/940 934/934/934 941/941/941
f 937/937/937 942/942/942 938/938/938
f 942/942/942 943/943/943 938/938/938
f 937/937/937 940/940/940 944/944/944
f 942/942/942 937/937/937 944/944/944
f 940/940/940 941/941/941 945/945/945
f 944/944/944 940/940/940 945/945/945
f 941/941/941 939/939/939 946/946/946
f 945/945/945 941/941/941 946/946/946
f 939/939/939 936/936/936 947/947/947
f 946/946/946 939/939/939 947/947/947
f 942/942/942 948/948/948 943/943/943
f 948/948/948 949/949/949 943/943/943
f 942/942/942 944/944/944 950/950/950
f 948/948/948 942/942/942 950/950/950
f 948/948/948 950/950/950 951/951/951
f 948/948/948 952/952/952 949/949/949
f 952/952/952 948/948/948 951/951/951
f 952/952/952 953/953/953 949/949/949
f 954/954/954 953/953/953 952/952/952
f 950/950/950 944/944/944 955/955/955
f 944/944/944 945/945/945 955/955/955
f 950/950/950 955/955/955 951/951/951
f 945/945/945 946/946/946 956/956/956
f 955/955/955 945/945/945 956/956/956
f 957/957/957 954/954/954 952/952/952
f 957/957/957 952/952/952 951/951/951
f 956/956/956 946/946/946 958/958/958
f 946/946/946 947/947/947 958/958/958
f 955/955/955 956/956/956 959/959/959
f 956/956/956 958/958/958 959/959/959
f 957/957/957 960/960/960 954/954/954
f 960/960/960 961/961/961 954/954/954
f 955/955/955 962/962/962 951/951/951
f 962/962/962 955/955/955 959/959/959
f 960/960/960 963/963/963 961/961/961
f 963/963/963 964/964/964 961/961/961
f 963/963/963 965/965/965 964/964/964
f 965/965/965 966/966/966 964/964/964
f 965/965/965 967/967/967 966/966/966
f 965/965/965 968/968/968 967/967/967
f 968/968/968 969/969/969 967/967/967
f 970/970/970 965/965/965 963/963/963
f 970/970/970 968/968/968 965/965/965
f 971/971/971 963/963/963 960/960/960
f 971/971/971 970/970/970 963/963/963
f 972/972/972 971/971/971 960/960/960
f 972/972/972 960/960/960 957/957/957
f 973/973/973 972/972/972 957/957/957
f 973/973/973 957/957/957 951/951/951
f 962/962/962 974/974/974 951/951/951
f 974/974/974 973/973/973 951/951/951
f 975/975/975 972/972/972 973/973/973
f 974/974/974 975/975/975 973/973/973
f 976/976/976 971/971/971 972/972/972
f 975/975/975 976/976/976 972/972/972
f 977/977/977 970/970/970 971/971/971
f 976/976/976 977/977/977 971/971/971
f 970/970/970 978/978/978 968/968/968
f 977/977/977 978/978/978 970/970/970
f 974/974/974 962/962/962 979/979/979
f 962/962/962 959/959/959 979/979/979
f 975/975/975 974/974/974 980/980/980
f 974/974/974 979/979/979 980/980/980
f 976/976/976 975/975/975 981/981/981
f 975/975/975 980/980/980 981/981/981
f 977/977/977 976/976/976 982/982/982
f 976/976/976 981/981/981 982/982/982
f 978/978/978 983/983/983 968/968/968
f 968/968/968 983/983/983 969/969/969
f 977/977/977 984/984/984 978/978/978
f 984/984/984 977/977/977 982/982/982
f 978/978/978 985/985/985 983/983/983
f 985/985/985 978/978/978 984/984/984
f 983/983/983 986/986/986 969/969/969
f 985/985/985 986/986/986 983/983/983
f 986/986/986 987/987/987 969/969/969
f 987/987/987 988/988/988 969/969/969
f 985/985/985 989/989/989 986/986/986
f 984/984/984 989/989/989 985/985/985
f 989/989/989 987/987/987 986/986/986
f 990/990/990 981/981/981 980/980/980
f 991/991/991 982/982/982 981/981/981
f 990/990/990 991/991/991 981/981/981
f 984/984/984 982/982/982 992/992/992
f 991/991/991 992/992/992 982/982/982
f 991/991/991 993/993/993 992/992/992
f 984/984/984 994/994/994 989/989/989
f 992/992/992 994/994/994 984/984/984
f 989/989/989 995/995/995 987/987/987
f 994/994/994 995/995/995 989/989/989
f 992/992/992 996/996/996 994/994/994
f 996/996/996 992/992/992 993/993/993
f 987/987/987 997/997/997 988/988/988
f 987/987/987 995/995/995 997/997/997
f 994/994/994 998/998/998 995/995/995
f 996/996/996 998/998/998 994/994/994
f 995/995/995 999/999/999 997/997/997
f 995/995/995 998/998/998 999/999/999
f 1000/1000/1000 988/988/988 997/997/997
f 1000/1000/1000 997/997/997 999/999/999
f 1000/1000/1000 1001/1001/1001 988/988/988
f 1001/1001/1001 1002/1002/1002 988/988/988
f 1003/1003/1003 1001/1001/1001 1000/1000/1000
f 1004/1004/1004 1003/1003/1003 1000/1000/1000
f 1004/1004/1004 1000/1000/1000 999/999/999
f 1005/1005/1005 1003/1003/1003 1004/1004/1004
f 1004/1004/1004 999/999/999 1006/1006/1006
f 998/998/998 1006/1006/1006 999/999/999
f 1005/1005/1005 1004/1004/1004 1006/1006/1006
f 996/996/996 1007/1007/1007 998/998/998
f 1006/1006/1006 998/998/998 1007/1007/1007
f 1005/1005/1005 1006/1006/1006 1008/1008/1008
f 1006/1006/1006 1007/1007/1007 1008/1008/1008
f 1005/1005/1005 1008/1008/1008 1009/1009/1009
f 1010/1010/1010 1007/1007/1007 996/996/996
f 1007/1007/1007 1010/1010/1010 1008/1008/1008
f 1010/1010/1010 996/996/996 993/993/993
f 1008/1008/1008 1011/1011/1011 1009/1009/1009
f 1010/1010/1010 1011/1011/1011 1008/1008/1008
f 1011/1011/1011 1012/1012/1012 1009/1009/1009
f 1010/1010/1010 1013/1013/1013 1011/1011/1011
f 1013/1013/1013 1010/1010/1010 993/993/993
f 1011/1011/1011 1014/1014/1014 1012/1012/1012
f 1013/1013/1013 1014/1014/1014 1011/1011/1011
f 1014/1014/1014 1015/1015/1015 1012/1012/1012
f 1013/1013/1013 1016/1016/1016 1014/1014/1014
f 1016/1016/1016 1013/1013/1013 993/993/993
f 1015/1015/1015 1014/1014/1014 1017/1017/1017
f 1016/1016/1016 1017/1017/1017 1014/1014/1014
f 1018/1018/1018 1015/1015/1015 1017/1017/1017
f 1018/1018/1018 1017/1017/1017 1019/1019/1019
f 1020/1020/1020 1018/1018/1018 1019/1019/1019
f 1016/1016/1016 1021/1021/1021 1017/1017/1017
f 1021/1021/1021 1019/1019/1019 1017/1017/1017
f 1016/1016/1016 993/993/993 1022/1022/1022
f 1021/1021/1021 1016/1016/1016 1022/1022/1022
f 1020/1020/1020 1019/1019/1019 1023/1023/1023
f 1024/1024/1024 1020/1020/1020 1023/1023/1023
f 1021/1021/1021 1025/1025/1025 1019/1019/1019
f 1025/1025/1025 1021/1021/1021 1022/1022/1022
f 1025/1025/1025 1023/1023/1023 1019/1019/1019
f 1026/1026/1026 1025/1025/1025 1022/1022/1022
f 993/993/993 1027/1027/1027 1022/1022/1022
f 1026/1026/1026 1022/1022/1022 1027/1027/1027
f 993/993/993 991/991/991 1027/1027/1027
f 991/991/991 990/990/990 1027/1027/1027
f 1024/1024/1024 1023/1023/1023 1028/1028/1028
f 1029/1029/1029 1024/1024/1024 1028/1028/1028
f 1025/1025/1025 1030/1030/1030 1023/1023/1023
f 1026/1026/1026 1030/1030/1030 1025/1025/1025
f 1030/1030/1030 1028/1028/1028 1023/1023/1023
f 990/990/990 1031/1031/1031 1027/1027/1027
f 1026/1026/1026 1027/1027/1027 1031/1031/1031
f 1026/1026/1026 1031/1031/1031 1032/1032/1032
f 1029/1029/1029 1028/1028/1028 1033/1033/1033
f 1034/1034/1034 1029/1029/1029 1033/1033/1033
f 1030/1030/1030 1035/1035/1035 1028/1028/1028
f 1026/1026/1026 1035/1035/1035 1030/1030/1030
f 1035/1035/1035 1033/1033/1033 1028/1028/1028
f 990/990/990 1036/1036/1036 1031/1031/1031
f 1036/1036/1036 990/990/990 980/980/980
f 1036/1036/1036 980/980/980 979/979/979
f 1034/1034/1034 1033/1033/1033 1037/1037/1037
f 1038/1038/1038 1034/1034/1034 1037/1037/1037
f 1026/1026/1026 1039/1039/1039 1035/1035/1035
f 1039/1039/1039 1026/1026/1026 1032/1032/1032
f 1035/1035/1035 1040/1040/1040 1033/1033/1033
f 1040/1040/1040 1037/1037/1037 1033/1033/1033
f 1039/1039/1039 1040/1040/1040 1035/1035/1035
f 1036/1036/1036 1041/1041/1041 1031/1031/1031
f 1032/1032/1032 1031/1031/1031 1041/1041/1041
f 1042/1042/1042 1036/1036/1036 979/979/979
f 1036/1036/1036 1042/1042/1042 1041/1041/1041
f 1042/1042/1042 979/979/979 959/959/959
f 1038/1038/1038 1037/1037/1037 1043/1043/1043
f 1044/1044/1044 1038/1038/1038 1043/1043/1043
f 1040/1040/1040 1045/1045/1045 1037/1037/1037
f 1039/1039/1039 1045/1045/1045 1040/1040/1040
f 1045/1045/1045 1043/1043/1043 1037/1037/1037
f 1046/1046/1046 1042/1042/1042 959/959/959
f 958/958/958 1046/1046/1046 959/959/959
f 1042/1042/1042 1047/1047/1047 1041/1041/1041
f 1042/1042/1042 1046/1046/1046 1047/1047/1047
f 1044/1044/1044 1043/1043/1043 1048/1048/1048
f 1049/1049/1049 1044/1044/1044 1048/1048/1048
f 1039/1039/1039 1050/1050/1050 1045/1045/1045
f 1050/1050/1050 1039/1039/1039 1032/1032/1032
f 1045/1045/1045 1051/1051/1051 1043/1043/1043
f 1051/1051/1051 1048/1048/1048 1043/1043/1043
f 1050/1050/1050 1051/1051/1051 1045/1045/1045
f 958/958/958 1052/1052/1052 1046/1046/1046
f 958/958/958 947/947/947 1052/1052/1052
f 1049/1049/1049 1048/1048/1048 1053/1053/1053
f 1054/1054/1054 1049/1049/1049 1053/1053/1053
f 1051/1051/1051 1055/1055/1055 1048/1048/1048
f 1050/1050/1050 1055/1055/1055 1051/1051/1051
f 1055/1055/1055 1053/1053/1053 1048/1048/1048
f 1054/1054/1054 1053/1053/1053 1056/1056/1056
f 1057/1057/1057 1054/1054/1054 1056/1056/1056
f 1055/1055/1055 1058/1058/1058 1053/1053/1053
f 1058/1058/1058 1056/1056/1056 1053/1053/1053
f 1057/1057/1057 1056/1056/1056 1059/1059/1059
f 1059/1059/1059 1056/1056/1056 1058/1058/1058
f 1060/1060/1060 1057/1057/1057 1059/1059/1059
f 1050/1050/1050 1061/1061/1061 1055/1055/1055
f 1061/1061/1061 1058/1058/1058 1055/1055/1055
f 947/947/947 1062/1062/1062 1052/1052/1052
f 947/947/947 936/936/936 1062/1062/1062
f 936/936/936 897/897/897 1062/1062/1062
f 1062/1062/1062 897/897/897 1063/1063/1063
f 1062/1062/1062 1063/1063/1063 1052/1052/1052
f 1063/1063/1063 1064/1064/1064 1052/1052/1052
f 897/897/897 879/879/879 1063/1063/1063
f 1063/1063/1063 879/879/879 1065/1065/1065
f 1063/1063/1063 1065/1065/1065 1064/1064/1064
f 879/879/879 861/861/861 1065/1065/1065
f 1061/1061/1061 1050/1050/1050 1066/1066/1066
f 1050/1050/1050 1032/1032/1032 1066/1066/1066
f 1067/1067/1067 1066/1066/1066 1032/1032/1032
f 1068/1068/1068 1058/1058/1058 1061/1061/1061
f 1068/1068/1068 1059/1059/1059 1058/1058/1058
f 1069/1069/1069 1061/1061/1061 1066/1066/1066
f 1069/1069/1069 1068/1068/1068 1061/1061/1061
f 1068/1068/1068 1070/1070/1070 1059/1059/1059
f 1069/1069/1069 1070/1070/1070 1068/1068/1068
f 1070/1070/1070 1071/1071/1071 1059/1059/1059
f 1060/1060/1060 1059/1059/1059 1071/1071/1071
f 1072/1072/1072 1060/1060/1060 1071/1071/1071
f 1070/1070/1070 1073/1073/1073 1071/1071/1071
f 1069/1069/1069 1073/1073/1073 1070/1070/1070
f 1072/1072/1072 1071/1071/1071 1074/1074/1074
f 1073/1073/1073 1074/1074/1074 1071/1071/1071
f 1075/1075/1075 1072/1072/1072 1074/1074/1074
f 804/804/804 1069/1069/1069 1066/1066/1066
f 804/804/804 1066/1066/1066 1067/1067/1067
f 1069/1069/1069 1076/1076/1076 1073/1073/1073
f 804/804/804 1076/1076/1076 1069/1069/1069
f 1073/1073/1073 1077/1077/1077 1074/1074/1074
f 1076/1076/1076 1077/1077/1077 1073/1073/1073
f 1075/1075/1075 1074/1074/1074 1078/1078/1078
f 1077/1077/1077 1078/1078/1078 1074/1074/1074
f 1079/1079/1079 1075/1075/1075 1078/1078/1078
f 1076/1076/1076 1080/1080/1080 1077/1077/1077
f 1077/1077/1077 1080/1080/1080 1078/1078/1078
f 1079/1079/1079 1078/1078/1078 1081/1081/1081
f 1080/1080/1080 1081/1081/1081 1078/1078/1078
f 1082/1082/1082 1079/1079/1079 1081/1081/1081
f 1076/1076/1076 1083/1083/1083 1080/1080/1080
f 1083/1083/1083 1076/1076/1076 804/804/804
f 1080/1080/1080 1084/1084/1084 1081/1081/1081
f 1083/1083/1083 1084/1084/1084 1080/1080/1080
f 1082/1082/1082 1081/1081/1081 1085/1085/1085
f 1084/1084/1084 1085/1085/1085 1081/1081/1081
f 1086/1086/1086 1082/1082/1082 1085/1085/1085
f 1084/1084/1084 1087/1087/1087 1085/1085/1085
f 1083/1083/1083 1087/1087/1087 1084/1084/1084
f 1086/1086/1086 1085/1085/1085 1088/1088/1088
f 1087/1087/1087 1088/1088/1088 1085/1085/1085
f 1089/1089/1089 1086/1086/1086 1088/1088/1088
f 1089/1089/1089 1088/1088/1088 1090/1090/1090
f 1091/1091/1091 1089/1089/1089 1090/1090/1090
f 1087/1087/1087 1092/1092/1092 1088/1088/1088
f 1092/1092/1092 1090/1090/1090 1088/1088/1088
f 1083/1083/1083 1093/1093/1093 1087/1087/1087
f 1093/1093/1093 1092/1092/1092 1087/1087/1087
f 1083/1083/1083 804/804/804 803/803/803
f 1093/1093/1093 1083/1083/1083 803/803/803
f 1093/1093/1093 803/803/803 789/789/789
f 1094/1094/1094 1092/1092/1092 1093/1093/1093
f 1092/1092/1092 1094/1094/1094 1090/1090/1090
f 789/789/789 1094/1094/1094 1093/1093/1093
f 1091/1091/1091 1090/1090/1090 1095/1095/1095
f 1094/1094/1094 1095/1095/1095 1090/1090/1090
f 1096/1096/1096 1091/1091/1091 1095/1095/1095
f 789/789/789 1097/1097/1097 1094/1094/1094
f 1094/1094/1094 1097/1097/1097 1095/1095/1095
f 1096/1096/1096 1095/1095/1095 1098/1098/1098
f 1097/1097/1097 1098/1098/1098 1095/1095/1095
f 1099/1099/1099 1096/1096/1096 1098/1098/1098
f 789/789/789 1100/1100/1100 1097/1097/1097
f 1097/1097/1097 1100/1100/1100 1098/1098/1098
f 789/789/789 787/787/787 1100/1100/1100
f 1099/1099/1099 1098/1098/1098 1101/1101/1101
f 1100/1100/1100 1101/1101/1101 1098/1098/1098
f 1102/1102/1102 1099/1099/1099 1101/1101/1101
f 787/787/787 1103/1103/1103 1100/1100/1100
f 1100/1100/1100 1103/1103/1103 1101/1101/1101
f 1102/1102/1102 1101/1101/1101 1104/1104/1104
f 1103/1103/1103 1104/1104/1104 1101/1101/1101
f 1105/1105/1105 1102/1102/1102 1104/1104/1104
f 1106/1106/1106 1103/1103/1103 787/787/787
f 1104/1104/1104 1103/1103/1103 1106/1106/1106
f 1106/1106/1106 787/787/787 791/791/791
f 1105/1105/1105 1104/1104/1104 1107/1107/1107
f 1107/1107/1107 1104/1104/1104 1106/1106/1106
f 1108/1108/1108 1105/1105/1105 1107/1107/1107
f 1106/1106/1106 791/791/791 1109/1109/1109
f 1107/1107/1107 1106/1106/1106 1109/1109/1109
f 791/791/791 793/793/793 1109/1109/1109
f 1108/1108/1108 1107/1107/1107 1110/1110/1110
f 1110/1110/1110 1107/1107/1107 1109/1109/1109
f 1109/1109/1109 793/793/793 1110/1110/1110
f 1111/1111/1111 1108/1108/1108 1110/1110/1110
f 793/793/793 1112/1112/1112 1110/1110/1110
f 1111/1111/1111 1110/1110/1110 1112/1112/1112
f 790/790/790 1112/1112/1112 793/793/793
f 1113/1113/1113 1111/1111/1111 1112/1112/1112
f 790/790/790 1114/1114/1114 1112/1112/1112
f 1114/1114/1114 1113/1113/1113 1112/1112/1112
f 790/790/790 771/771/771 1114/1114/1114
f 1114/1114/1114 1115/1115/1115 1113/1113/1113
f 771/771/771 1116/1116/1116 1114/1114/1114
f 1115/1115/1115 1114/1114/1114 1116/1116/1116
f 771/771/771 768/768/768 1116/1116/1116
f 1117/1117/1117 1115/1115/1115 1116/1116/1116
f 1118/1118/1118 1116/1116/1116 768/768/768
f 1118/1118/1118 1117/1117/1117 1116/1116/1116
f 769/769/769 1118/1118/1118 768/768/768
f 1118/1118/1118 1119/1119/1119 1117/1117/1117
f 769/769/769 1119/1119/1119 1118/1118/1118
f 769/769/769 1120/1120/1120 1119/1119/1119
f 1123/1123/1123 1122/1122/1122 1121/1121/1121
f 1124/1124/1124 1123/1123/1123 1121/1121/1121
f 1127/1127/1127 1126/1126/1126 1125/1125/1125
f 1128/1128/1128 1127/1127/1127 1125/1125/1125
f 1129/1129/1129 804/804/804 1067/1067/1067
f 1129/1129/1129 798/798/798 804/804/804
f 798/798/798 1129/1129/1129 1130/1130/1130
f 798/798/798 1130/1130/1130 797/797/797
f 1129/1129/1129 1131/1131/1131 1130/1130/1130
f 1129/1129/1129 1067/1067/1067 1131/1131/1131
f 797/797/797 1130/1130/1130 1132/1132/1132
f 1132/1132/1132 1130/1130/1130 1131/1131/1131
f 802/802/802 797/797/797 1132/1132/1132
f 802/802/802 1132/1132/1132 832/832/832
f 1133/1133/1133 1132/1132/1132 1131/1131/1131
f 832/832/832 1132/1132/1132 1133/1133/1133
f 1134/1134/1134 802/802/802 832/832/832
f 1134/1134/1134 799/799/799 802/802/802
f 1134/1134/1134 801/801/801 799/799/799
f 1134/1134/1134 832/832/832 801/801/801
f 848/848/848 832/832/832 1133/1133/1133
f 848/848/848 1133/1133/1133 861/861/861
f 1133/1133/1133 1065/1065/1065 861/861/861
f 1133/1133/1133 1131/1131/1131 1065/1065/1065
f 1131/1131/1131 1135/1135/1135 1065/1065/1065
f 1067/1067/1067 1135/1135/1135 1131/1131/1131
f 1065/1065/1065 1135/1135/1135 1064/1064/1064
f 1064/1064/1064 1135/1135/1135 1067/1067/1067
f 1136/1136/1136 1064/1064/1064 1067/1067/1067
f 1136/1136/1136 1067/1067/1067 1032/1032/1032
f 1136/1136/1136 1032/1032/1032 1041/1041/1041
f 1136/1136/1136 1041/1041/1041 1047/1047/1047
f 1064/1064/1064 1136/1136/1136 1047/1047/1047
f 1137/1137/1137 1064/1064/1064 1047/1047/1047
f 1046/1046/1046 1137/1137/1137 1047/1047/1047
f 1064/1064/1064 1137/1137/1137 1052/1052/1052
f 1052/1052/1052 1137/1137/1137 1046/1046/1046
