g body_header_back_LD
v -0.35311493 0.5719349 6.9632534E-17
v -0.3463057 0.5539417 0.0004202388
v -0.35311645 0.5719349 0.0012459595
v -0.33621964 0.53145176 -0.0013485276
v -0.33621964 0.5314517 0.0013485275
v -0.34630567 0.5539417 -0.0004202388
v -0.32709926 0.42541242 -0.001321868
v -0.32709926 0.42541242 0.001321868
v -0.2924783 0.42541242 -0.0022003164
v -0.29247835 0.5314517 -0.0022446928
v -0.29149017 0.5539417 -0.00069950876
v -0.22773969 0.5314517 -0.0022446928
v -0.22773965 0.42541242 -0.0022003164
v -0.22680727 0.5539417 -0.00069950876
v -0.17130044 0.5314517 -0.0022446928
v -0.17130041 0.42541242 -0.0022003164
v -0.17139845 0.5539417 -0.00069950876
v -0.11111613 0.5050559 -0.004514326
v -0.11111613 0.42541242 -0.0022003164
v -0.054468013 0.5050559 -0.004514326
v -0.054468013 0.42541242 -0.0022003164
v -1.5179303E-07 0.5050559 -0.004514326
v -1.5179303E-07 0.42541242 -0.0022003164
v 0.054468013 0.5050559 -0.004514326
v 0.054468013 0.42541242 -0.0022003164
v 0.11188358 0.5050559 -0.004514326
v 0.11188358 0.42541242 -0.0022003164
v 0.17130041 0.5050559 -0.004514326
v 0.17130041 0.42541242 -0.0022003164
v 0.22773965 0.5050559 -0.004514326
v 0.22773965 0.42541242 -0.0022003164
v 0.2924783 0.5050559 -0.004514326
v 0.2924783 0.42541242 -0.0022003164
v 0.34004173 0.5050559 -0.0027120386
v 0.33369872 0.42541242 -0.001321868
v 0.29235303 0.52807677 -0.007758246
v 0.3318999 0.5317476 -0.006391899
v 0.34621584 0.5318393 -0.006193773
v 0.26006725 0.52717966 -0.007841784
v 0.22782324 0.52904344 -0.0076105283
v 0.20109425 0.53190666 -0.0066227624
v 0.17130046 0.5317928 -0.0035442652
v 0.17136024 0.5361273 -0.006213063
v 0.11205416 0.53187805 -0.002741382
v 0.11120178 0.5444283 -0.004365681
v 0.054468025 0.5314517 -0.0022446928
v 0.053798106 0.55247355 -0.0021840227
v 0.04395597 0.55388564 -0.0020338786
v -9.161191E-08 0.5314517 -0.0022446928
v 3.007043E-08 0.5539417 -0.0006995089
v -4.6516105E-18 0.5557701 -0.002073962
v -0.054468025 0.5314517 -0.0022446928
v -0.053775813 0.5539417 -0.00069950876
v -0.05363455 0.55783415 -0.002073962
v -0.11178776 0.5314517 -0.0022446928
v -0.110879436 0.5539417 -0.00069950876
v -0.11087737 0.5641905 -0.002073962
v -0.17143093 0.57438487 -0.0020618557
v -0.19921473 0.5745775 -0.0020618557
v -0.19921471 0.57725495 -0.0020497495
v -0.22699852 0.5794976 -0.0020497495
v -0.22699852 0.57477003 -0.0020618557
v -0.24314919 0.5802981 -0.0020497495
v -0.25929984 0.5739084 -0.0020618557
v -0.25929984 0.5794976 -0.0020497495
v -0.29160115 0.57549715 -0.0020497495
v -0.29160115 0.5730467 -0.0020618557
v -0.3210475 0.5724909 -0.001854855
v -0.3487257 0.5720606 -0.0013395594
v -0.35311645 0.5719349 -0.0012459595
v 0.3527491 0.53190297 1.7355234E-17
v 0.3521906 0.53181976 4.656613E-11
v 0.35207877 0.53190297 -0.002569937
v 0.3521906 0.53181976 4.656613E-11
v 0.35052797 0.53181976 -0.00405741
v 0.35207877 0.53190297 -0.002569937
v 0.3504714 0.5924046 0.0025000002
v 0.3543428 0.6204218 0.0025000002
v 0.3543428 0.5924046 0.0025000002
v 0.3504714 0.6204218 0.0025000002
v 0.31927505 0.6204218 0.0025000002
v 0.31927505 0.5924046 0.0025000002
v 0.29160115 0.5924046 0.0025000002
v 0.3504714 0.6484391 0.0025000002
v 0.3543428 0.6484391 0.0025000002
v 0.29160115 0.6204218 0.0025000002
v 0.25929984 0.5924046 0.0025000002
v 0.33487323 0.6484391 0.0025000002
v 0.3504714 0.664067 0.0025000002
v 0.3543428 0.664067 0.0025000002
v 0.25929984 0.6204218 0.0025000002
v 0.22699852 0.5924046 0.0025000002
v 0.33487323 0.664067 0.0025000002
v 0.3504714 0.6796948 0.0025000002
v 0.3543428 0.6796948 0.0025000002
v 0.22699852 0.6204218 0.0025000002
v 0.19921473 0.5924046 0.0025000002
v 0.33487323 0.6796948 0.0025000002
v 0.3504714 0.6953226 0.0025000002
v 0.3543428 0.6954677 0.0025027778
v 0.19921473 0.6204218 0.0025000002
v 0.17143093 0.5924046 0.0025000002
v 0.33487323 0.6953226 0.0025000002
v 0.3504714 0.71095043 0.0025000002
v 0.3543428 0.71095043 0.0025000002
v 0.17143093 0.6204218 0.0025000002
v 0.14115416 0.5924046 0.0025000002
v 0.33487323 0.71095043 0.0025000002
v 0.3504714 0.72537696 0.0025000002
v 0.3543428 0.72537696 0.0025027778
v 0.14115416 0.6204218 0.0025000002
v 0.11087737 0.5924046 0.0025000002
v 0.33487323 0.72537696 0.0025000002
v 0.3504714 0.7398035 0.0025000002
v 0.3543428 0.7398035 0.0025000002
v 0.35047138 0.7562447 0.0025000002
v 0.35434273 0.7564017 0.0025000002
v 0.35328266 0.7630955 0.0025000002
v 0.33487323 0.7398035 0.0025000002
v 0.34959364 0.76224065 0.0025000002
v 0.3502061 0.7691342 0.0025000002
v 0.34757257 0.7672552 0.0025000002
v 0.34541437 0.7739268 0.0025000002
v 0.34179842 0.7651616 0.0025000002
v 0.3348224 0.75730747 0.0025000002
v 0.34290382 0.74826807 0.0025000002
v 0.34353504 0.7715239 0.0025000002
v 0.33937618 0.7770043 0.0025000002
v 0.33852106 0.77385336 0.0025000002
v 0.33268258 0.77806544 0.0025000002
v 0.33252522 0.77469546 0.0025000002
v 0.31927508 0.77806765 0.0025000002
v 0.31927505 0.77469766 0.0025000002
v 0.30559206 0.77807 0.0025027778
v 0.3264399 0.76668364 0.0025000002
v 0.3054381 0.7747 0.0025000002
v 0.29160115 0.7780723 0.0025000002
v 0.31927505 0.75725055 0.0025000002
v 0.29160115 0.7747023 0.0025000002
v 0.27545047 0.77807504 0.0025000002
v 0.3270487 0.74855554 0.0025000002
v 0.31927505 0.7398035 0.0025000002
v 0.3054381 0.757433 0.0025000002
v 0.27545053 0.774705 0.0025000002
v 0.25929984 0.7780778 0.0025000002
v 0.31927505 0.72537696 0.0025000002
v 0.29160115 0.75761545 0.0025000002
v 0.3054381 0.7398035 0.0025000002
v 0.25929984 0.77470773 0.0025000002
v 0.24314919 0.7780804 0.0025000002
v 0.31927505 0.71095043 0.0025000002
v 0.3054381 0.72537696 0.0025000002
v 0.27545053 0.7574355 0.0025000002
v 0.29160115 0.7398035 0.0025000002
v 0.24314919 0.7747104 0.0025000002
v 0.22699852 0.77808315 0.0025000002
v 0.31927505 0.6953226 0.0025000002
v 0.3054381 0.71095043 0.0025000002
v 0.29160115 0.72537696 0.0025000002
v 0.25929984 0.7572556 0.0025000002
v 0.27545053 0.7398035 0.0025000002
v 0.22699852 0.7747131 0.0025000002
v 0.21310663 0.7780855 0.0025000002
v 0.31927505 0.6796948 0.0025000002
v 0.3054381 0.6953226 0.0025000002
v 0.29160115 0.71095043 0.0025000002
v 0.27545053 0.72537696 0.0025000002
v 0.24314919 0.7572569 0.0025000002
v 0.25929984 0.7398035 0.0025000002
v 0.21310663 0.7747154 0.0025000002
v 0.19921473 0.7780878 0.0025000002
v 0.22699852 0.7572583 0.0025000002
v 0.24314919 0.7398035 0.0025000002
v 0.25929984 0.72537696 0.0025000002
v 0.27545053 0.71095043 0.0025000002
v 0.19921473 0.77471775 0.0025000002
v 0.18532282 0.7780901 0.0025000002
v 0.21310663 0.7572595 0.0025000002
v 0.22699852 0.7398035 0.0025000002
v 0.24314919 0.72537696 0.0025000002
v 0.18532282 0.7747201 0.0025000002
v 0.17143093 0.77809244 0.0025000002
v 0.19921473 0.7572607 0.0025000002
v 0.21310662 0.7398035 0.0025000002
v 0.17143093 0.7747224 0.0025000002
v 0.15629254 0.77809495 0.0025000002
v 0.18532282 0.7572618 0.0025000002
v 0.15629254 0.7747249 0.0025000002
v 0.14115416 0.7780975 0.0025000002
v 0.25929984 0.71095043 0.0025000002
v 0.22699852 0.72537696 0.0025000002
v 0.19921471 0.7398035 0.0025000002
v 0.17143093 0.75726295 0.0025000002
v 0.14115416 0.7747275 0.0025000002
v 0.12601577 0.7781001 0.0025000002
v 0.24314919 0.71095043 0.0025000002
v 0.21310663 0.72537696 0.0025000002
v 0.1853228 0.7398035 0.0025000002
v 0.15629254 0.7572642 0.0025000002
v 0.22699852 0.71095043 0.0025000002
v 0.19921473 0.72537696 0.0025000002
v 0.21310663 0.71095043 0.0025000002
v 0.25929984 0.6953226 0.0025000002
v 0.24314919 0.6953226 0.0025000002
v 0.22699852 0.6953226 0.0025000002
v 0.2754505 0.6953226 0.0025000002
v 0.29160115 0.6953226 0.0025000002
v 0.3054381 0.6796948 0.0025000002
v 0.29160115 0.6796948 0.0025000002
v 0.2754505 0.6796948 0.0025000002
v 0.25929984 0.6796948 0.0025000002
v 0.31927505 0.664067 0.0025000002
v 0.3054381 0.664067 0.0025000002
v 0.31927505 0.6484391 0.0025000002
v 0.3054381 0.6484391 0.0025000002
v 0.29160115 0.664067 0.0025000002
v 0.29160115 0.6484391 0.0025000002
v 0.2754505 0.664067 0.0025000002
v 0.27545047 0.6484391 0.0025000002
v 0.25929984 0.664067 0.0025000002
v 0.25929984 0.6484391 0.0025000002
v 0.24314919 0.6484391 0.0025000002
v 0.24314919 0.6796948 0.0025000002
v 0.24314919 0.664067 0.0025000002
v 0.22699852 0.6796948 0.0025000002
v 0.22699852 0.664067 0.0025000002
v 0.22699852 0.6484391 0.0025000002
v 0.21310663 0.6484391 0.0025000002
v 0.21310663 0.664067 0.0025000002
v 0.21310663 0.6796948 0.0025000002
v 0.21310663 0.6953226 0.0025000002
v 0.19921473 0.71095043 0.0025000002
v 0.19921473 0.6953226 0.0025000002
v 0.19921473 0.6796948 0.0025000002
v 0.19921473 0.664067 0.0025000002
v 0.19921473 0.6484391 0.0025000002
v 0.18532282 0.6484391 0.0025000002
v 0.18532282 0.71095043 0.0025000002
v 0.18532282 0.664067 0.0025000002
v 0.18532282 0.6796948 0.0025000002
v 0.18532282 0.72537696 0.0025000002
v 0.17143093 0.7398035 0.0025000002
v 0.18532282 0.6953226 0.0025000002
v 0.17143093 0.72537696 0.0025000002
v 0.15629254 0.7398035 0.0025000002
v 0.17143093 0.71095043 0.0025000002
v 0.17143093 0.6953226 0.0025000002
v 0.17143093 0.6796948 0.0025000002
v 0.15629254 0.72537696 0.0025000002
v 0.15629254 0.71095043 0.0025000002
v 0.14115416 0.7572655 0.0025000002
v 0.14115416 0.7398035 0.0025000002
v 0.17143093 0.664067 0.0025000002
v 0.14115416 0.72537696 0.0025000002
v 0.12601577 0.77473 0.0025000002
v 0.11087737 0.77473253 0.0025000002
v 0.11087737 0.7781026 0.0025000002
v 0.09656667 0.778105 0.0025000002
v 0.12601577 0.75726676 0.0025000002
v 0.12601577 0.7398035 0.0025000002
v 0.09656667 0.7747349 0.0025000002
v 0.08225596 0.7781074 0.0025000002
v 0.11087737 0.757268 0.0025000002
v 0.12601577 0.72537696 0.0025000002
v 0.08225596 0.7747373 0.0025000002
v 0.06794526 0.7781098 0.0025000002
v 0.09656667 0.75726926 0.0025000002
v 0.11087737 0.7398035 0.0025000002
v 0.09656667 0.73980355 0.0025000002
v 0.08225596 0.75727046 0.0025000002
v 0.06794526 0.7747397 0.0025000002
v 0.05363455 0.77474207 0.0025000002
v 0.05363455 0.7781122 0.0025000002
v 0.06794526 0.75727165 0.0025000002
v 0.040225912 0.77474433 0.0025000002
v 0.040225912 0.77811444 0.0025000002
v 0.026817275 0.77811664 0.0025000002
v 0.05363455 0.7572728 0.0025000002
v 0.06794526 0.7398035 0.0025000002
v 0.08225596 0.73980355 0.0025000002
v 0.09656667 0.72537696 0.0025000002
v 0.026817275 0.7747466 0.0025000002
v 0.013408638 0.7781189 0.0025000002
v 0.040225912 0.7572739 0.0025000002
v 0.013408638 0.7747488 0.0025000002
v 8.453158E-17 0.7781212 0.0025000002
v 0.026817275 0.75727504 0.0025000002
v 0.040225912 0.7398035 0.0025000002
v 0.05363455 0.7398035 0.0025000002
v 0.06794526 0.72537696 0.0025000002
v 8.45236E-17 0.77475107 0.0025000002
v -0.013408638 0.7781189 0.0025000002
v 0.013408638 0.7572762 0.0025000002
v -0.013408638 0.7747488 0.0025000002
v -0.026817275 0.77811664 0.0025000002
v -1.1223144E-09 0.75727725 0.0025000002
v 0.013408636 0.7398035 0.0025000002
v 0.026817275 0.7398035 0.0025000002
v 0.040225912 0.72537696 0.0025000002
v -0.026817275 0.7747466 0.0025000002
v -0.040225912 0.77811444 0.0025000002
v -0.013408638 0.7572762 0.0025000002
v 0.05363455 0.72537696 0.0025000002
v 0.040225912 0.71095043 0.0025000002
v 0.026817275 0.72537696 0.0025000002
v 0.013408651 0.72537696 0.0025000002
v 0.013408638 0.71095043 0.0025000002
v -2.2446287E-09 0.7398035 0.0025000002
v -0.013408639 0.7398035 0.0025000002
v -0.026817275 0.75727504 0.0025000002
v -2.738561E-08 0.72537696 0.0025000002
v -0.013408678 0.72537696 0.0025000002
v 0.026817275 0.71095043 0.0025000002
v -0.040225912 0.7747443 0.0025000002
v -0.026817275 0.7398035 0.0025000002
v 0.026817275 0.6953226 0.0025000002
v -0.05363455 0.77474207 0.0025000002
v -0.05363455 0.7781122 0.0025000002
v -0.06794526 0.7781098 0.0025000002
v -0.040225912 0.7572739 0.0025000002
v -0.06794526 0.7747396 0.0025000002
v -0.08225596 0.7781074 0.0025000002
v -0.05363455 0.7572728 0.0025000002
v -0.08225596 0.77473724 0.0025000002
v -0.09656667 0.778105 0.0025000002
v -0.06794526 0.7572716 0.0025000002
v -0.040225912 0.7398035 0.0025000002
v -0.05363455 0.7398035 0.0025000002
v -0.06794526 0.7398035 0.0025000002
v -0.08225596 0.7572704 0.0025000002
v -0.09656667 0.77473485 0.0025000002
v -0.026817275 0.72537696 0.0025000002
v -0.11087737 0.7747325 0.0025000002
v -0.11087737 0.7781026 0.0025000002
v -0.12601577 0.7781001 0.0025000002
v -0.013408691 0.71095043 0.0025000002
v -0.12601577 0.7747299 0.0025000002
v -0.14115416 0.7780975 0.0025000002
v -5.2526595E-08 0.71095043 0.0025000002
v -0.09656667 0.75726914 0.0025000002
v -0.11087737 0.75726795 0.0025000002
v -0.12601577 0.7572667 0.0025000002
v -0.14115416 0.7747274 0.0025000002
v -0.15629254 0.7747249 0.0025000002
v -0.15629254 0.77809495 0.0025000002
v -0.14115416 0.75726545 0.0025000002
v -0.12601577 0.7398035 0.0025000002
v -0.08225596 0.7398035 0.0025000002
v -0.11087737 0.7398035 0.0025000002
v -0.17143093 0.77472234 0.0025000002
v -0.17143093 0.77809244 0.0025000002
v -0.06794526 0.72537696 0.0025000002
v -0.09656667 0.7398035 0.0025000002
v -0.18532282 0.7747201 0.0025000002
v -0.18532282 0.7780901 0.0025000002
v -0.05363455 0.725377 0.0025000002
v -0.08225596 0.72537696 0.0025000002
v -0.19921473 0.77471775 0.0025000002
v -0.19921473 0.7780878 0.0025000002
v -0.06794526 0.71095043 0.0025000002
v -0.040225912 0.72537696 0.0025000002
v -0.21310663 0.77471536 0.0025000002
v -0.21310663 0.7780854 0.0025000002
v -0.05363455 0.71095043 0.0025000002
v -0.026817275 0.71095043 0.0025000002
v -0.040225912 0.71095043 0.0025000002
v -0.013408678 0.6953226 0.0025000002
v -0.22699852 0.7747131 0.0025000002
v -0.22699852 0.7780831 0.0025000002
v -0.05363455 0.6953226 0.0025000002
v -0.026817275 0.6953226 0.0025000002
v -2.719462E-08 0.6953226 0.0025000002
v -0.24314919 0.7747104 0.0025000002
v -0.24314919 0.7780804 0.0025000002
v -0.040225912 0.6953226 0.0025000002
v -0.013408639 0.6796948 0.0025000002
v 0.013408651 0.6953226 0.0025000002
v -0.25929984 0.77470773 0.0025000002
v -0.25929984 0.7780777 0.0025000002
v -0.026817275 0.6796948 0.0025000002
v -1.8626451E-09 0.6796948 0.0025000002
v -0.27545047 0.774705 0.0025000002
v -0.27545047 0.778075 0.0025000002
v -0.013408638 0.664067 0.0025000002
v -0.29160115 0.7747023 0.0025000002
v -0.29160115 0.7780723 0.0025000002
v -0.3054381 0.7747 0.0025000002
v -0.30559203 0.7780699 0.0025027778
v -0.31927505 0.77469766 0.0025000002
v -0.31927505 0.77806765 0.0025000002
v -0.33254027 0.77469546 0.0025000002
v -0.3326976 0.77806544 0.0025000002
v -0.3393912 0.7770043 0.0025000002
v -0.33853608 0.77385336 0.0025000002
v -0.3454294 0.7739268 0.0025000002
v -0.3435501 0.7715239 0.0025000002
v -0.35022122 0.7691342 0.0025000002
v -0.34181127 0.7651616 0.0025000002
v -0.3348312 0.75730747 0.0025000002
v -0.34758762 0.7672552 0.0025000002
v -0.35329768 0.7630955 0.0025000002
v -0.34960872 0.76224065 0.0025000002
v -0.35435778 0.7564017 0.0025000002
v -0.35048637 0.7562447 0.0025000002
v -0.35435778 0.7398035 0.0025000002
v -0.35048637 0.73980355 0.0025000002
v -0.35435778 0.72537696 0.0025027778
v -0.326448 0.76668364 0.0025000002
v -0.31927505 0.75725055 0.0025000002
v -0.34291515 0.74826807 0.0025000002
v -0.35048637 0.725377 0.0025000002
v -0.35435778 0.71095043 0.0025000002
v -0.3348807 0.7398035 0.0025000002
v -0.35048637 0.71095043 0.0025000002
v -0.35435778 0.6954677 0.0025027778
v -0.3054381 0.757433 0.0025000002
v -0.32705313 0.7485555 0.0025000002
v -0.31927505 0.7398035 0.0025000002
v -0.3348807 0.72537696 0.0025000002
v -0.35048637 0.6953226 0.0025000002
v -0.35435778 0.6796948 0.0025000002
v -0.29160115 0.75761545 0.0025000002
v -0.3054381 0.7398035 0.0025000002
v -0.3348807 0.71095043 0.0025000002
v -0.31927505 0.72537696 0.0025000002
v -0.35048637 0.6796948 0.0025000002
v -0.35435778 0.664067 0.0025000002
v -0.27545047 0.7574355 0.0025000002
v -0.29160115 0.7398035 0.0025000002
v -0.3054381 0.72537696 0.0025000002
v -0.3348807 0.6953226 0.0025000002
v -0.31927505 0.71095043 0.0025000002
v -0.35048637 0.664067 0.0025000002
v -0.35435778 0.6484391 0.0025000002
v -0.25929984 0.7572556 0.0025000002
v -0.27545047 0.7398035 0.0025000002
v -0.29160115 0.72537696 0.0025000002
v -0.3054381 0.71095043 0.0025000002
v -0.3348807 0.6796948 0.0025000002
v -0.31927505 0.6953226 0.0025000002
v -0.35048637 0.6484391 0.0025000002
v -0.35435778 0.6204218 0.0025000002
v -0.3348807 0.664067 0.0025000002
v -0.31927505 0.6796948 0.0025000002
v -0.3054381 0.6953226 0.0025000002
v -0.29160115 0.71095043 0.0025000002
v -0.35048637 0.6204218 0.0025000002
v -0.35435778 0.5924046 0.0025000002
v -0.35048637 0.5924046 0.0025000002
v -0.3348807 0.6484391 0.0025000002
v -0.31927505 0.6204218 0.0025000002
v -0.3192788 0.5924046 0.0025000002
v -0.29160115 0.6204218 0.0025000002
v -0.29160115 0.5924046 0.0025000002
v -0.25929984 0.5924046 0.0025000002
v -0.31927505 0.664067 0.0025000002
v -0.3054381 0.6796948 0.0025000002
v -0.31927505 0.6484391 0.0025000002
v -0.3054381 0.6484391 0.0025000002
v -0.3054381 0.664067 0.0025000002
v -0.29160115 0.6953226 0.0025000002
v -0.29160115 0.6796948 0.0025000002
v -0.29160115 0.664067 0.0025000002
v -0.29160115 0.6484391 0.0025000002
v -0.27545047 0.71095043 0.0025000002
v -0.27545047 0.6953226 0.0025000002
v -0.27545047 0.6796948 0.0025000002
v -0.27545047 0.664067 0.0025000002
v -0.27545047 0.6484391 0.0025000002
v -0.27545047 0.72537696 0.0025000002
v -0.25929984 0.7398035 0.0025000002
v -0.25929984 0.72537696 0.0025000002
v -0.25929984 0.71095043 0.0025000002
v -0.25929984 0.6953226 0.0025000002
v -0.25929984 0.6796948 0.0025000002
v -0.24314919 0.7572569 0.0025000002
v -0.24314919 0.7398035 0.0025000002
v -0.22699852 0.7572583 0.0025000002
v -0.24314919 0.72537696 0.0025000002
v -0.24314919 0.71095043 0.0025000002
v -0.22699852 0.7398035 0.0025000002
v -0.21310663 0.7572594 0.0025000002
v -0.22699852 0.72537696 0.0025000002
v -0.24314919 0.6953226 0.0025000002
v -0.19921473 0.7572606 0.0025000002
v -0.21310663 0.7398035 0.0025000002
v -0.22699852 0.71095043 0.0025000002
v -0.18532282 0.7572618 0.0025000002
v -0.21310663 0.72537696 0.0025000002
v -0.19921473 0.7398035 0.0025000002
v -0.17143093 0.75726295 0.0025000002
v -0.18532282 0.73980355 0.0025000002
v -0.19921473 0.72537696 0.0025000002
v -0.21310663 0.71095043 0.0025000002
v -0.22699852 0.6953226 0.0025000002
v -0.15629254 0.7572642 0.0025000002
v -0.17143093 0.73980355 0.0025000002
v -0.14115416 0.7398035 0.0025000002
v -0.18532282 0.72537696 0.0025000002
v -0.15629254 0.73980355 0.0025000002
v -0.12601577 0.72537696 0.0025000002
v -0.17143093 0.725377 0.0025000002
v -0.18532282 0.71095043 0.0025000002
v -0.14115416 0.725377 0.0025000002
v -0.11087737 0.72537696 0.0025000002
v -0.19921473 0.71095043 0.0025000002
v -0.15629254 0.725377 0.0025000002
v -0.12601577 0.71095043 0.0025000002
v -0.14115416 0.71095043 0.0025000002
v -0.15629254 0.71095043 0.0025000002
v -0.17143093 0.71095043 0.0025000002
v -0.18532282 0.6953226 0.0025000002
v -0.19921473 0.6953226 0.0025000002
v -0.17143093 0.6953226 0.0025000002
v -0.21310663 0.6953226 0.0025000002
v -0.18532282 0.6796948 0.0025000002
v -0.19921473 0.6796948 0.0025000002
v -0.14115416 0.6953226 0.0025000002
v -0.15629254 0.6953226 0.0025000002
v -0.17143093 0.6796948 0.0025000002
v -0.18532282 0.664067 0.0025000002
v -0.12601577 0.6953226 0.0025000002
v -0.11087737 0.71095043 0.0025000002
v -0.21310663 0.6796948 0.0025000002
v -0.19921473 0.664067 0.0025000002
v -0.22699852 0.6796948 0.0025000002
v -0.24314919 0.6796948 0.0025000002
v -0.25929984 0.664067 0.0025000002
v -0.24314919 0.664067 0.0025000002
v -0.22699852 0.664067 0.0025000002
v -0.24314919 0.6484391 0.0025000002
v -0.25929984 0.6484391 0.0025000002
v -0.25929984 0.6204218 0.0025000002
v -0.22699852 0.6204218 0.0025000002
v -0.22699852 0.5924046 0.0025000002
v -0.19921473 0.5924046 0.0025000002
v -0.21310663 0.664067 0.0025000002
v -0.22699852 0.6484391 0.0025000002
v -0.21310663 0.6484391 0.0025000002
v -0.19921473 0.6204218 0.0025000002
v -0.19921473 0.6484391 0.0025000002
v -0.18532282 0.6484391 0.0025000002
v -0.17143093 0.6204218 0.0025000002
v -0.17143093 0.5924046 0.0025000002
v -0.17143093 0.664067 0.0025000002
v -0.14115416 0.6204218 0.0025000002
v -0.14115416 0.5924046 0.0025000002
v -0.11087737 0.6204218 0.0025000002
v -0.11087737 0.5924046 0.0025000002
v -0.08225596 0.5924046 0.0025000002
v -0.17143093 0.6484391 0.0025000002
v -0.15629254 0.6484391 0.0025000002
v -0.15629254 0.6796948 0.0025000002
v -0.15629254 0.664067 0.0025000002
v -0.14115416 0.6484391 0.0025000002
v -0.14115416 0.6796948 0.0025000002
v -0.14115416 0.664067 0.0025000002
v -0.12601577 0.6484391 0.0025000002
v -0.12601577 0.6796948 0.0025000002
v -0.12601577 0.664067 0.0025000002
v -0.11087737 0.6953226 0.0025000002
v -0.11087737 0.6796948 0.0025000002
v -0.11087737 0.664067 0.0025000002
v -0.09656667 0.71095043 0.0025000002
v -0.09656667 0.6953226 0.0025000002
v -0.11087737 0.6484391 0.0025000002
v -0.09656667 0.6796948 0.0025000002
v -0.09656667 0.664067 0.0025000002
v -0.09656667 0.6484391 0.0025000002
v -0.08225596 0.6204218 0.0025000002
v -0.05363455 0.6204218 0.0025000002
v -0.05363455 0.5924046 0.0025000002
v -0.026817275 0.5924046 0.0025000002
v -0.08225596 0.6484391 0.0025000002
v -0.08225596 0.664067 0.0025000002
v -0.06794526 0.6484391 0.0025000002
v -0.08225596 0.6796948 0.0025000002
v -0.06794526 0.664067 0.0025000002
v -0.08225596 0.6953226 0.0025000002
v -0.06794526 0.6796948 0.0025000002
v -0.05363455 0.664067 0.0025000002
v -0.05363455 0.6484391 0.0025000002
v -0.040225912 0.6484391 0.0025000002
v -0.05363455 0.6796948 0.0025000002
v -0.026817275 0.6204218 0.0025000002
v 8.586225E-17 0.6204218 0.0025000002
v 4.1993485E-17 0.5924046 0.0025000002
v 0.026817275 0.5924046 0.0025000002
v 0.026817275 0.6204218 0.0025000002
v 0.05363455 0.5924046 0.0025000002
v 0.05363455 0.6204218 0.0025000002
v 0.08225596 0.5924046 0.0025000002
v 0.08225596 0.6204218 0.0025000002
v 0.11087737 0.6204218 0.0025000002
v -0.026817275 0.6484391 0.0025000002
v -0.013408638 0.6484391 0.0025000002
v -0.040225912 0.664067 0.0025000002
v -0.026817275 0.664067 0.0025000002
v -0.040225912 0.6796948 0.0025000002
v -0.06794526 0.6953226 0.0025000002
v -0.08225596 0.71095043 0.0025000002
v -0.09656667 0.72537696 0.0025000002
v -9.313226E-10 0.664067 0.0025000002
v 8.5682213E-17 0.6484391 0.0025000002
v 0.013408638 0.6484391 0.0025000002
v 0.013408636 0.6796948 0.0025000002
v 0.013408638 0.664067 0.0025000002
v 0.026817275 0.6484391 0.0025000002
v 0.026817275 0.6796948 0.0025000002
v 0.026817275 0.664067 0.0025000002
v 0.040225912 0.6484391 0.0025000002
v 0.040225912 0.6953226 0.0025000002
v 0.040225912 0.6796948 0.0025000002
v 0.040225912 0.664067 0.0025000002
v 0.05363455 0.6484391 0.0025000002
v 0.05363455 0.664067 0.0025000002
v 0.06794526 0.6484391 0.0025000002
v 0.05363455 0.6796948 0.0025000002
v 0.05363455 0.6953226 0.0025000002
v 0.06794526 0.664067 0.0025000002
v 0.05363455 0.71095043 0.0025000002
v 0.06794526 0.6796948 0.0025000002
v 0.06794526 0.71095043 0.0025000002
v 0.06794526 0.6953226 0.0025000002
v 0.08225596 0.6953226 0.0025000002
v 0.08225596 0.6796948 0.0025000002
v 0.08225596 0.664067 0.0025000002
v 0.08225596 0.72537696 0.0025000002
v 0.08225596 0.71095043 0.0025000002
v 0.09656667 0.71095043 0.0025000002
v 0.09656667 0.6953226 0.0025000002
v 0.09656667 0.6796948 0.0025000002
v 0.08225596 0.6484391 0.0025000002
v 0.09656667 0.6484391 0.0025000002
v 0.09656667 0.664067 0.0025000002
v 0.11087737 0.6953226 0.0025000002
v 0.11087737 0.72537696 0.0025000002
v 0.11087737 0.6796948 0.0025000002
v 0.11087737 0.664067 0.0025000002
v 0.11087737 0.6484391 0.0025000002
v 0.12601577 0.6484391 0.0025000002
v 0.11087737 0.71095043 0.0025000002
v 0.12601577 0.71095043 0.0025000002
v 0.12601577 0.664067 0.0025000002
v 0.12601577 0.6953226 0.0025000002
v 0.12601577 0.6796948 0.0025000002
v 0.14115416 0.71095043 0.0025000002
v 0.14115416 0.6953226 0.0025000002
v 0.15629254 0.6953226 0.0025000002
v 0.15629254 0.6796948 0.0025000002
v 0.14115416 0.6796948 0.0025000002
v 0.15629254 0.664067 0.0025000002
v 0.14115416 0.664067 0.0025000002
v 0.15629254 0.6484391 0.0025000002
v 0.14115416 0.6484391 0.0025000002
v 0.17143093 0.6484391 0.0025000002
v 0.35434276 0.6204218 -0.0025027767
v 0.3543428 0.5924046 -0.0025027767
v 0.3543428 0.5924046 0.0025000002
v 0.3543428 0.6204218 0.0025000002
v 0.3543428 0.6484391 0.0025000002
v 0.35434276 0.6484391 -0.0025027767
v 0.35434276 0.664067 -0.0025027767
v 0.3543428 0.664067 0.0025000002
v 0.35434276 0.6796948 -0.0025027767
v 0.3543428 0.6796948 0.0025000002
v 0.35434273 0.6954677 -0.0025027767
v 0.3543428 0.6954677 0.0025027778
v 0.3543428 0.71095043 0.0025000002
v 0.35434273 0.71095043 -0.0025027767
v 0.35434276 0.72537696 -0.0025027767
v 0.3543428 0.72537696 0.0025027778
v 0.35434276 0.7398035 -0.0025027767
v 0.3543428 0.7398035 0.0025000002
v 0.35434273 0.7564017 0.0025000002
v 0.35434276 0.7564017 -0.0025027767
v 0.35328266 0.7630955 0.0025000002
v 0.35328266 0.7630955 -0.0025027767
v 0.3502061 0.7691342 0.0025000002
v 0.35020617 0.7691342 -0.0025027767
v 0.34541437 0.7739268 0.0025000002
v 0.34541437 0.7739268 -0.0025027767
v 0.33937618 0.7770043 0.0025000002
v 0.33937618 0.7770043 -0.0025027767
v 0.33268258 0.77806544 0.0025000002
v 0.33268258 0.77806544 -0.0025027767
v 0.31927508 0.77806765 -0.0025027767
v 0.31927508 0.77806765 0.0025000002
v 0.30559203 0.7780699 -0.0025027767
v 0.30559206 0.77807 0.0025027778
v 0.29160115 0.7780723 -0.0025027767
v 0.29160115 0.7780723 0.0025000002
v 0.27545047 0.778075 -0.0025027767
v 0.27545047 0.77807504 0.0025000002
v 0.25929984 0.7780777 -0.0025027767
v 0.25929984 0.7780778 0.0025000002
v 0.24314919 0.7780804 -0.0025027767
v 0.24314919 0.7780804 0.0025000002
v 0.22699852 0.7780831 -0.0025027767
v 0.22699852 0.77808315 0.0025000002
v 0.21310663 0.7780854 -0.0025027767
v 0.21310663 0.7780855 0.0025000002
v 0.19921473 0.7780878 -0.0025027767
v 0.19921473 0.7780878 0.0025000002
v 0.18532282 0.7780901 -0.0025027767
v 0.18532282 0.7780901 0.0025000002
v 0.17143093 0.77809244 -0.0025027767
v 0.17143093 0.77809244 0.0025000002
v 0.15629254 0.77809495 -0.0025027767
v 0.15629254 0.77809495 0.0025000002
v 0.14115416 0.7780975 -0.0025027767
v 0.14115416 0.7780975 0.0025000002
v 0.12601577 0.7781001 -0.0025027767
v 0.12601577 0.7781001 0.0025000002
v 0.11087737 0.7781026 -0.0025027767
v 0.11087737 0.7781026 0.0025000002
v 0.09656667 0.778105 -0.0025027767
v 0.09656667 0.778105 0.0025000002
v 0.08225596 0.7781074 -0.0025027767
v 0.08225596 0.7781074 0.0025000002
v 0.06794526 0.7781098 -0.0025027767
v 0.06794526 0.7781098 0.0025000002
v 0.05363455 0.7781122 -0.0025027767
v 0.05363455 0.7781122 0.0025000002
v 0.040225912 0.77811444 -0.0025027767
v 0.040225912 0.77811444 0.0025000002
v 0.026817275 0.77811664 -0.0025027767
v 0.026817275 0.77811664 0.0025000002
v 0.013408638 0.7781189 -0.0025027767
v 0.013408638 0.7781189 0.0025000002
v 8.512781E-17 0.7781212 -0.0025027767
v 8.453158E-17 0.7781212 0.0025000002
v -0.013408638 0.7781189 -0.0025027767
v -0.013408638 0.7781189 0.0025000002
v -0.026817275 0.77811664 -0.0025027767
v -0.026817275 0.77811664 0.0025000002
v -0.040225912 0.77811444 -0.0025027767
v -0.040225912 0.77811444 0.0025000002
v -0.05363455 0.7781122 -0.0025027767
v -0.05363455 0.7781122 0.0025000002
v -0.06794526 0.7781098 -0.0025027767
v -0.06794526 0.7781098 0.0025000002
v -0.08225596 0.7781074 -0.0025027767
v -0.08225596 0.7781074 0.0025000002
v -0.09656667 0.778105 -0.0025027767
v -0.09656667 0.778105 0.0025000002
v -0.11087737 0.7781026 -0.0025027767
v -0.11087737 0.7781026 0.0025000002
v -0.12601577 0.7781001 -0.0025027767
v -0.12601577 0.7781001 0.0025000002
v -0.14115416 0.7780975 -0.0025027767
v -0.14115416 0.7780975 0.0025000002
v -0.15629254 0.77809495 -0.0025027767
v -0.15629254 0.77809495 0.0025000002
v -0.17143093 0.77809244 -0.0025027767
v -0.17143093 0.77809244 0.0025000002
v -0.18532282 0.7780901 -0.0025027767
v -0.18532282 0.7780901 0.0025000002
v -0.19921473 0.7780878 -0.0025027767
v -0.19921473 0.7780878 0.0025000002
v -0.21310663 0.7780855 -0.0025027767
v -0.21310663 0.7780854 0.0025000002
v -0.22699852 0.77808315 -0.0025027767
v -0.22699852 0.7780831 0.0025000002
v -0.24314919 0.7780804 -0.0025027767
v -0.24314919 0.7780804 0.0025000002
v -0.25929984 0.7780778 -0.0025027767
v -0.25929984 0.7780777 0.0025000002
v -0.27545047 0.77807504 -0.0025027767
v -0.27545047 0.778075 0.0025000002
v -0.29160115 0.7780723 -0.0025027767
v -0.29160115 0.7780723 0.0025000002
v -0.30559206 0.77807 -0.0025027767
v -0.30559203 0.7780699 0.0025027778
v -0.31927505 0.77806765 -0.0025027767
v -0.31927505 0.77806765 0.0025000002
v -0.3326976 0.77806544 -0.0025027767
v -0.3326976 0.77806544 0.0025000002
v -0.3393912 0.7770043 0.0025000002
v -0.3393912 0.7770043 -0.0025027767
v -0.3454294 0.7739268 0.0025000002
v -0.3454294 0.7739268 -0.0025027767
v -0.35022122 0.7691342 0.0025000002
v -0.35022122 0.7691342 -0.0025027767
v -0.35329768 0.7630955 0.0025000002
v -0.35329768 0.7630955 -0.0025027767
v -0.35435778 0.7564017 0.0025000002
v -0.35435778 0.7564017 -0.0025027767
v -0.35435778 0.7398035 0.0025000002
v -0.35435778 0.7398035 -0.0025027767
v -0.35435778 0.72537696 -0.0025027767
v -0.35435778 0.72537696 0.0025027778
v -0.35435778 0.71095043 -0.0025027767
v -0.35435778 0.71095043 0.0025000002
v -0.35435778 0.6954677 0.0025027778
v -0.35435778 0.6954677 -0.0025027767
v -0.35435778 0.6796948 -0.0025027767
v -0.35435778 0.6796948 0.0025000002
v -0.35435778 0.664067 -0.0025027767
v -0.35435778 0.664067 0.0025000002
v -0.35435778 0.6484391 -0.0025027767
v -0.35435778 0.6484391 0.0025000002
v -0.35435778 0.6204218 0.0025000002
v -0.35435778 0.6204218 -0.0025027767
v -0.35435778 0.5924046 -0.0025027767
v -0.35435778 0.5924046 0.0025000002
v -0.35048637 0.5924046 -0.002502779
v -0.35435778 0.6204218 -0.0025027767
v -0.35435778 0.5924046 -0.0025027767
v -0.35048637 0.6204218 -0.0025027788
v -0.31927505 0.6204218 -0.0025027788
v -0.3192788 0.5924046 -0.002502779
v -0.29160115 0.5924046 -0.002502779
v -0.35048637 0.6484391 -0.0025027788
v -0.35435778 0.6484391 -0.0025027767
v -0.3348807 0.6484391 -0.0025027788
v -0.35048637 0.664067 -0.0025027788
v -0.35435778 0.664067 -0.0025027767
v -0.29160115 0.6204218 -0.0025027788
v -0.25929984 0.5924046 -0.002502779
v -0.3348807 0.664067 -0.0025027788
v -0.35048637 0.6796948 -0.0025027788
v -0.35435778 0.6796948 -0.0025027767
v -0.25929984 0.6204218 -0.0025027788
v -0.22699852 0.5924046 -0.002502779
v -0.3348807 0.6796948 -0.0025027788
v -0.35048637 0.6953226 -0.0025027788
v -0.35435778 0.6954677 -0.0025027767
v -0.22699852 0.6204218 -0.0025027788
v -0.19921473 0.5924046 -0.002502779
v -0.3348807 0.6953226 -0.0025027788
v -0.35048637 0.71095043 -0.0025027788
v -0.35435778 0.71095043 -0.0025027767
v -0.19921473 0.6204218 -0.0025027788
v -0.17143093 0.5924046 -0.002502779
v -0.3348807 0.71095043 -0.0025027788
v -0.35048637 0.72537696 -0.0025027788
v -0.35435778 0.72537696 -0.0025027767
v -0.17143093 0.6204218 -0.0025027788
v -0.14115416 0.5924046 -0.002502779
v -0.3348807 0.72537696 -0.0025027788
v -0.35048637 0.7398035 -0.0025027788
v -0.35435778 0.7398035 -0.0025027767
v -0.35048637 0.7562447 -0.0025027788
v -0.35435778 0.7564017 -0.0025027767
v -0.35329768 0.7630955 -0.0025027767
v -0.3348807 0.7398035 -0.0025027788
v -0.14115416 0.6204218 -0.0025027788
v -0.11087737 0.5924046 -0.002502779
v -0.34960872 0.76224065 -0.0025027788
v -0.35022122 0.7691342 -0.0025027767
v -0.34758762 0.7672552 -0.0025027788
v -0.3454294 0.7739268 -0.0025027767
v -0.3418113 0.7651616 -0.0025027788
v -0.33483124 0.75730747 -0.0025027788
v -0.34291518 0.7482682 -0.0025027788
v -0.3435501 0.7715239 -0.0025027788
v -0.3393912 0.7770043 -0.0025027767
v -0.33853608 0.77385336 -0.0025027788
v -0.3326976 0.77806544 -0.0025027767
v -0.33254027 0.77469546 -0.0025027788
v -0.31927505 0.77806765 -0.0025027767
v -0.31927505 0.77469766 -0.0025027788
v -0.30559206 0.77807 -0.0025027767
v -0.326448 0.76668364 -0.0025027788
v -0.3054381 0.7747 -0.0025027788
v -0.29160115 0.7780723 -0.0025027767
v -0.31927505 0.75725055 -0.0025027788
v -0.29160115 0.7747023 -0.0025027788
v -0.27545047 0.77807504 -0.0025027767
v -0.32705316 0.74855554 -0.0025027788
v -0.31927505 0.7398035 -0.0025027788
v -0.3054381 0.757433 -0.0025027788
v -0.27545047 0.774705 -0.0025027788
v -0.25929984 0.7780778 -0.0025027767
v -0.31927505 0.72537696 -0.0025027788
v -0.29160115 0.75761545 -0.0025027788
v -0.3054381 0.7398035 -0.0025027788
v -0.25929984 0.77470773 -0.0025027788
v -0.24314919 0.7780804 -0.0025027767
v -0.31927505 0.71095043 -0.0025027788
v -0.3054381 0.72559637 -0.0025027788
v -0.27545047 0.7574355 -0.0025027788
v -0.29160115 0.7398035 -0.0025027788
v -0.24314919 0.7747104 -0.0025027788
v -0.22699852 0.77808315 -0.0025027767
v -0.31927505 0.6953226 -0.0025027788
v -0.3054381 0.71095043 -0.0025027788
v -0.29160115 0.7258158 -0.0025027788
v -0.25929984 0.7572556 -0.0025027788
v -0.27545047 0.7398035 -0.0025027788
v -0.22699852 0.7747131 -0.0025027788
v -0.21310663 0.7780855 -0.0025027767
v -0.31927505 0.6796948 -0.0025027788
v -0.3054381 0.6953226 -0.0025027788
v -0.29160115 0.71095043 -0.0025027788
v -0.27545047 0.72579145 -0.0025027785
v -0.24314919 0.7572569 -0.0025027788
v -0.25929984 0.7398035 -0.0025027788
v -0.21310663 0.7747154 -0.0025027788
v -0.19921473 0.7780878 -0.0025027767
v -0.22699852 0.7572583 -0.0025027788
v -0.24314919 0.7398035 -0.0025027788
v -0.2592998 0.72576714 -0.0025027785
v -0.27545047 0.71095043 -0.0025027788
v -0.19921473 0.77471775 -0.0025027788
v -0.18532282 0.7780901 -0.0025027767
v -0.21310663 0.7572595 -0.0025027788
v -0.22699852 0.7398035 -0.0025027788
v -0.24314916 0.7257429 -0.0025027785
v -0.18532282 0.7747201 -0.0025027788
v -0.17143093 0.77809244 -0.0025027767
v -0.19921473 0.7572607 -0.0025027788
v -0.21310663 0.7398035 -0.0025027788
v -0.17143093 0.7747224 -0.0025027788
v -0.15629254 0.77809495 -0.0025027767
v -0.18532282 0.7572618 -0.0025027788
v -0.15629254 0.7747249 -0.0025027788
v -0.14115416 0.7780975 -0.0025027767
v -0.25929984 0.71095043 -0.0025027788
v -0.22699852 0.72571856 -0.0025027788
v -0.19921473 0.7398035 -0.0025027788
v -0.17143093 0.75726295 -0.0025027788
v -0.14115416 0.7747275 -0.0025027788
v -0.12601577 0.7781001 -0.0025027767
v -0.24314919 0.71095043 -0.0025027788
v -0.21310663 0.7256977 -0.002502779
v -0.18532282 0.7398035 -0.0025027788
v -0.22699852 0.71095043 -0.0025027788
v -0.19921474 0.7256768 -0.002502779
v -0.21310663 0.71095043 -0.0025027788
v -0.12601577 0.77473 -0.0025027788
v -0.11087737 0.77473253 -0.0025027788
v -0.11087737 0.7781026 -0.0025027767
v -0.09656667 0.778105 -0.0025027767
v -0.09656667 0.7747349 -0.0025027788
v -0.08225596 0.7781074 -0.0025027767
v -0.14115416 0.7572655 -0.0025027788
v -0.11087737 0.757268 -0.0025027788
v -0.08225596 0.7747373 -0.0025027788
v -0.06794526 0.7781098 -0.0025027767
v -0.12601577 0.75726676 -0.0025027788
v -0.15629254 0.75726426 -0.0025027788
v -0.09656667 0.7572692 -0.0025027788
v -0.14115416 0.7398035 -0.0025027788
v -0.17143093 0.7398035 -0.0025027788
v -0.15629254 0.7398035 -0.0025027788
v -0.18532284 0.7256559 -0.002502779
v -0.18532282 0.71095043 -0.0025027788
v -0.17143093 0.725635 -0.0025027788
v -0.19921473 0.71095043 -0.0025027788
v -0.19921473 0.6953226 -0.0025027788
v -0.12601577 0.7398035 -0.0025027788
v -0.14115416 0.7255894 -0.0025027788
v -0.15629254 0.72561216 -0.0025027788
v -0.17143093 0.71095043 -0.0025027788
v -0.15629254 0.71095043 -0.0025027788
v -0.17143093 0.6953226 -0.0025027788
v -0.18532282 0.6953226 -0.0025027788
v -0.11087737 0.7398035 -0.0025027788
v -0.09656667 0.7398035 -0.0025027788
v -0.08225596 0.7572704 -0.0025027788
v -0.06794526 0.7747397 -0.0025027788
v -0.05363455 0.77474207 -0.0025027788
v -0.05363455 0.7781122 -0.0025027767
v -0.06794526 0.7572716 -0.0025027788
v -0.040225912 0.77474433 -0.0025027788
v -0.040225912 0.77811444 -0.0025027767
v -0.026817275 0.77811664 -0.0025027767
v -0.05363455 0.7572728 -0.0025027788
v -0.06794526 0.7398035 -0.0025027788
v -0.08225596 0.7398035 -0.0025027788
v -0.026817275 0.7747466 -0.0025027788
v -0.013408638 0.7781189 -0.0025027767
v -0.040225912 0.7572739 -0.0025027788
v -0.013408638 0.7747488 -0.0025027788
v 8.512781E-17 0.7781212 -0.0025027767
v -0.026817275 0.75727504 -0.0025027788
v -0.040225912 0.73980355 -0.0025027788
v -0.05363455 0.7398035 -0.0025027788
v 8.2711616E-17 0.77475107 -0.0025027788
v 0.013408638 0.7781189 -0.0025027767
v -0.06794526 0.72547925 -0.0025027785
v -0.013408638 0.7572762 -0.0025027788
v 0.013408638 0.7747488 -0.0025027788
v 0.026817275 0.77811664 -0.0025027767
v 8.356349E-17 0.75727725 -0.0025027788
v -0.013408638 0.73980355 -0.0025027788
v -0.026817275 0.73980355 -0.0025027788
v -0.040225912 0.7254375 -0.0025027788
v 0.026817275 0.7747466 -0.0025027788
v 0.040225912 0.77811444 -0.0025027767
v 0.013408638 0.7572762 -0.0025027788
v -0.05363455 0.7254577 -0.0025027788
v -0.013408638 0.72539717 -0.0025027788
v 8.3747583E-17 0.7398035 -0.0025027788
v 0.013408638 0.73980355 -0.0025027788
v 0.026817275 0.75727504 -0.0025027788
v 0.040225912 0.77474433 -0.0025027788
v -0.026817275 0.7254173 -0.0025027788
v -0.040225912 0.71095043 -0.0025027788
v 0.05363455 0.77474207 -0.0025027788
v 0.05363455 0.7781122 -0.0025027767
v 0.06794526 0.7781098 -0.0025027767
v 0.06794526 0.7747397 -0.0025027788
v 0.08225596 0.7781074 -0.0025027767
v 0.08225596 0.7747373 -0.0025027788
v 0.09656667 0.778105 -0.0025027767
v 0.06794526 0.7572716 -0.0025027788
v 0.05363455 0.7572728 -0.0025027788
v 0.040225912 0.7572739 -0.0025027788
v 0.026817275 0.73980355 -0.0025027788
v 0.013408638 0.72539717 -0.0025027788
v 8.353733E-17 0.72537696 -0.0025027788
v -0.013408638 0.71095043 -0.0025027788
v -0.026817275 0.71095043 -0.0025027788
v 0.06794526 0.7398035 -0.0025027788
v 0.05363455 0.7398035 -0.0025027788
v 0.040225912 0.7398035 -0.0025027788
v 0.026817275 0.7254173 -0.0025027788
v 0.013408638 0.71095043 -0.0025027788
v 8.36354E-17 0.71095043 -0.0025027788
v 0.08225596 0.7572704 -0.0025027788
v 0.09656667 0.7747349 -0.0025027788
v 0.11087737 0.77473253 -0.0025027788
v 0.11087737 0.7781026 -0.0025027767
v 0.12601577 0.7781001 -0.0025027767
v 0.12601577 0.77473 -0.0025027788
v 0.14115416 0.7780975 -0.0025027767
v 0.11087737 0.757268 -0.0025027788
v 0.09656667 0.7572692 -0.0025027788
v 0.08225596 0.7398035 -0.0025027788
v 0.06794526 0.72547925 -0.0025027785
v 0.05363455 0.7254577 -0.0025027788
v 0.040225912 0.7254375 -0.0025027788
v 0.026817275 0.71095043 -0.0025027788
v 0.09656667 0.7398035 -0.0025027788
v 0.08225596 0.72550076 -0.0025027785
v 0.06794526 0.71095043 -0.0025027788
v 0.05363455 0.71095043 -0.0025027788
v 0.040225912 0.71095043 -0.0025027788
v 0.11087737 0.7398035 -0.0025027788
v 0.05363455 0.6953226 -0.0025027788
v 0.013408638 0.6953226 -0.0025027788
v 0.026817275 0.6953226 -0.0025027788
v 8.3776694E-17 0.6953226 -0.0025027788
v 0.040225912 0.6953226 -0.0025027788
v 0.013408638 0.6796948 -0.0025027788
v -0.013408638 0.6953226 -0.0025027788
v -0.026817275 0.6953226 -0.0025027788
v -0.013408638 0.6796948 -0.0025027788
v 0.026817275 0.6796948 -0.0025027788
v 8.391799E-17 0.6796948 -0.0025027788
v -0.040225912 0.6953226 -0.0025027788
v 0.013408638 0.664067 -0.0025027788
v 0.040225912 0.6796948 -0.0025027788
v 0.026817275 0.664067 -0.0025027788
v 0.05363455 0.6796948 -0.0025027788
v -0.026817275 0.6796948 -0.0025027788
v -0.040225912 0.6796948 -0.0025027788
v -0.05363455 0.6953226 -0.0025027788
v -0.013408638 0.664067 -0.0025027788
v 8.4059285E-17 0.664067 -0.0025027788
v 0.013408638 0.6484391 -0.0025027788
v -0.05363455 0.71095043 -0.0025027788
v -0.06794526 0.71095043 -0.0025027788
v -0.06794526 0.6953226 -0.0025027788
v -0.08225596 0.72550076 -0.0025027785
v -0.09656667 0.7255223 -0.0025027785
v -0.11087737 0.7255438 -0.0025027785
v -0.09656667 0.71095043 -0.0025027788
v -0.08225596 0.71095043 -0.0025027788
v -0.08225596 0.6953226 -0.0025027788
v -0.06794526 0.6796948 -0.0025027788
v -0.12601577 0.72556657 -0.0025027785
v -0.14115416 0.71095043 -0.0025027788
v -0.12601577 0.71095043 -0.0025027788
v -0.15629254 0.6953226 -0.0025027788
v -0.14115416 0.6953226 -0.0025027788
v -0.11087737 0.71095043 -0.0025027788
v -0.15629254 0.6796948 -0.0025027788
v -0.12601577 0.6953226 -0.0025027788
v -0.11087737 0.6953226 -0.0025027788
v -0.12601577 0.6796948 -0.0025027788
v -0.17143093 0.6796948 -0.0025027788
v -0.14115416 0.6796948 -0.0025027788
v -0.09656667 0.6953226 -0.0025027788
v -0.09656667 0.6796948 -0.0025027788
v -0.11087737 0.6796948 -0.0025027788
v -0.08225596 0.6796948 -0.0025027788
v -0.15629254 0.664067 -0.0025027788
v -0.12601577 0.664067 -0.0025027788
v -0.09656667 0.664067 -0.0025027788
v -0.14115416 0.664067 -0.0025027788
v -0.11087737 0.664067 -0.0025027788
v -0.12601577 0.6484391 -0.0025027788
v -0.06794526 0.664067 -0.0025027788
v -0.08225596 0.664067 -0.0025027788
v -0.09656667 0.6484391 -0.0025027788
v -0.11087737 0.6484391 -0.0025027788
v -0.05363455 0.6796948 -0.0025027788
v -0.040225912 0.664067 -0.0025027788
v -0.05363455 0.664067 -0.0025027788
v -0.06794526 0.6484391 -0.0025027788
v -0.026817275 0.664067 -0.0025027788
v -0.040225912 0.6484391 -0.0025027788
v -0.013408638 0.6484391 -0.0025027788
v -0.08225596 0.6484391 -0.0025027788
v -0.08225596 0.6204218 -0.0025027788
v -0.05363455 0.6484391 -0.0025027788
v -0.05363455 0.6204218 -0.0025027788
v -0.026817275 0.6484391 -0.0025027788
v -0.026817275 0.6204218 -0.0025027788
v 8.420058E-17 0.6484391 -0.0025027788
v 8.4453896E-17 0.6204218 -0.0025027788
v -0.11087737 0.6204218 -0.0025027788
v -0.026817275 0.5924046 -0.002502779
v -0.05363455 0.5924046 -0.002502779
v 4.132595E-17 0.5924046 -0.002502779
v -0.08225596 0.5924046 -0.002502779
v 0.026817275 0.5924046 -0.002502779
v 0.026817275 0.6204218 -0.0025027788
v 0.05363455 0.5924046 -0.002502779
v -0.14115416 0.6484391 -0.0025027788
v -0.15629254 0.6484391 -0.0025027788
v -0.17143093 0.664067 -0.0025027788
v -0.17143093 0.6484391 -0.0025027788
v -0.18532282 0.6484391 -0.0025027788
v -0.18532282 0.6796948 -0.0025027788
v -0.18532282 0.664067 -0.0025027788
v -0.19921473 0.6484391 -0.0025027788
v -0.19921473 0.6796948 -0.0025027788
v -0.19921473 0.664067 -0.0025027788
v -0.21310663 0.6484391 -0.0025027788
v -0.21310663 0.6953226 -0.0025027788
v -0.21310663 0.6796948 -0.0025027788
v -0.21310663 0.664067 -0.0025027788
v -0.22699852 0.6484391 -0.0025027788
v -0.22699852 0.6953226 -0.0025027788
v -0.22699852 0.6796948 -0.0025027788
v -0.22699852 0.664067 -0.0025027788
v -0.24314919 0.6484391 -0.0025027788
v -0.24314919 0.6953226 -0.0025027788
v -0.24314919 0.664067 -0.0025027788
v -0.24314919 0.6796948 -0.0025027788
v -0.25929984 0.6953226 -0.0025027788
v -0.25929984 0.664067 -0.0025027788
v -0.25929984 0.6796948 -0.0025027788
v -0.25929984 0.6484391 -0.0025027788
v -0.27545047 0.6484391 -0.0025027788
v -0.27545047 0.6953226 -0.0025027788
v -0.27545047 0.6796948 -0.0025027788
v -0.27545047 0.664067 -0.0025027788
v -0.29160115 0.6484391 -0.0025027788
v -0.29160115 0.6953226 -0.0025027788
v -0.29160115 0.6796948 -0.0025027788
v -0.29160115 0.664067 -0.0025027788
v -0.3054381 0.6484391 -0.0025027788
v -0.3054381 0.6796948 -0.0025027788
v -0.3054381 0.664067 -0.0025027788
v -0.31927505 0.6484391 -0.0025027788
v -0.31927505 0.664067 -0.0025027788
v 0.3543428 0.5924046 0.0025000002
v 0.3543428 0.5924046 -0.0025027767
v 0.3543428 0.5719349 -1.3883226E-06
v 0.3543428 0.5719349 0.0025000002
v 0.3543428 0.55395496 -1.3883226E-06
v 0.3543428 0.55395496 0.0025000002
v 0.3543428 0.5924046 -0.0025027767
v 0.3543428 0.5719349 -0.0025027767
v 0.3543428 0.5719349 -1.3883226E-06
v 0.3543428 0.55395496 -1.3883226E-06
v 0.3543428 0.55395496 -0.0025027767
v -0.35435778 0.5924046 -0.0025027767
v -0.35435778 0.5924046 0.0025000002
v -0.35435778 0.5719349 0.0025000002
v -0.35435778 0.5719349 -0.0025027767
v -0.35435778 0.5719349 0.0025000002
v -0.35435778 0.5924046 0.0025000002
v -0.35048637 0.5924046 0.0025000002
v -0.35048637 0.5719349 0.0025000002
v -0.32104376 0.5724909 0.0025000002
v -0.3192788 0.5924046 0.0025000002
v -0.29160115 0.5754016 0.0025
v -0.29160115 0.5924046 0.0025000002
v -0.25929984 0.5795158 0.0025000002
v -0.25929984 0.5924046 0.0025000002
v -0.24314919 0.58032125 0.0025000002
v -0.22699852 0.5924046 0.0025000002
v -0.22699852 0.5795421 0.0025000002
v -0.19921473 0.57726604 0.0025000002
v -0.19921473 0.5924046 0.0025000002
v -0.17143093 0.57438487 0.0025000002
v -0.17143093 0.5924046 0.0025000002
v -0.14115416 0.57429594 0.0025000002
v -0.14115416 0.5924046 0.0025000002
v -0.11087737 0.56428975 0.0025000002
v -0.11087737 0.57420707 0.0025000002
v -0.11087737 0.5924046 0.0025000002
v -0.08225596 0.5736165 0.0025000002
v -0.08225596 0.5924046 0.0025000002
v -0.05363455 0.55799043 0.0025000002
v -0.05363455 0.57302594 0.0025000002
v -0.05363455 0.5924046 0.0025000002
v -0.026817275 0.57249475 0.0025000002
v -0.026817275 0.5924046 0.0025000002
v -3.535989E-18 0.5557108 0.0025000002
v -5.651634E-18 0.5719635 0.0025000002
v 4.1993485E-17 0.5924046 0.0025000002
v 0.026817275 0.5715463 0.0025000002
v 0.043956302 0.55395496 0.0025000002
v 0.026817275 0.5924046 0.0025000002
v 0.05363455 0.55395496 0.0025000002
v 0.05363455 0.5711291 0.0025000002
v 0.05363455 0.5924046 0.0025000002
v 0.08225596 0.5713446 0.0025000002
v 0.08225596 0.5924046 0.0025000002
v 0.11087737 0.55395496 0.0025000002
v 0.11087737 0.5715601 0.0025000002
v 0.11087737 0.5924046 0.0025000002
v 0.14115416 0.5712101 0.0025000002
v 0.14115416 0.5924046 0.0025000002
v 0.17143093 0.55395496 0.0025000002
v 0.17143093 0.5708601 0.0025000002
v 0.17143093 0.5924046 0.0025000002
v 0.19921473 0.5709188 0.0025000002
v 0.19921473 0.5924046 0.0025000002
v 0.22699852 0.55395496 0.0025000002
v 0.22699852 0.5709775 0.0025000002
v 0.22699852 0.5924046 0.0025000002
v 0.25929984 0.5713002 0.0025000002
v 0.25929984 0.5924046 0.0025000002
v 0.29160115 0.55395496 0.0025000002
v 0.29160115 0.5716228 0.0025000002
v 0.29160115 0.5924046 0.0025000002
v 0.31930003 0.57177883 0.0025000002
v 0.31927505 0.5924046 0.0025000002
v 0.3504714 0.55395496 0.0025000002
v 0.3504714 0.5719349 0.0025000002
v 0.3504714 0.5924046 0.0025000002
v 0.3543428 0.5924046 0.0025000002
v 0.3543428 0.5719349 0.0025000002
v 0.3543428 0.55395496 0.0025000002
v 0.3543428 0.5719349 -0.0025027767
v 0.3543428 0.5924046 -0.0025027767
v 0.3504714 0.5924046 -0.002502779
v 0.3504714 0.5719349 -0.002502779
v 0.3543428 0.55395496 -0.0025027767
v 0.3504714 0.55395496 -0.002502779
v 0.31927505 0.5924046 -0.002502779
v 0.31930003 0.57177883 -0.002502779
v 0.29160115 0.55395496 -0.002502779
v 0.29160115 0.5716228 -0.002502779
v 0.29160115 0.5924046 -0.002502779
v 0.25929984 0.5713002 -0.002502779
v 0.25929984 0.5924046 -0.002502779
v 0.22699852 0.55395496 -0.002502779
v 0.22699852 0.5709775 -0.002502779
v 0.22699852 0.5924046 -0.002502779
v 0.19921473 0.5709188 -0.002502779
v 0.19921473 0.5924046 -0.002502779
v 0.17143093 0.55395496 -0.002502779
v 0.17143093 0.5708601 -0.002502779
v 0.17143093 0.5924046 -0.002502779
v 0.14115416 0.5712101 -0.002502779
v 0.14115416 0.5924046 -0.002502779
v 0.11087737 0.55395496 -0.002502779
v 0.11087737 0.5715601 -0.002502779
v 0.11087737 0.5924046 -0.002502779
v 0.08225596 0.5713446 -0.002502779
v 0.08225596 0.5924046 -0.002502779
v 0.053634554 0.55395496 -0.002502779
v 0.05363455 0.5711291 -0.002502779
v 0.026817275 0.5715463 -0.002502779
v 0.05363455 0.5924046 -0.002502779
v 0.043942537 0.55395496 -0.002502779
v 0.026817275 0.5924046 -0.002502779
v 4.132595E-17 0.5924046 -0.002502779
v -2.5088558E-18 0.55577236 -0.0025027788
v -2.3830283E-18 0.5719635 -0.002502779
v -0.026817275 0.5924046 -0.002502779
v -0.026817275 0.57249475 -0.002502779
v -0.05363455 0.557983 -0.002502779
v -0.05363455 0.57302594 -0.002502779
v -0.05363455 0.5924046 -0.002502779
v -0.08225596 0.5736165 -0.002502779
v -0.08225596 0.5924046 -0.002502779
v -0.11087737 0.56421125 -0.002502779
v -0.11087737 0.57420707 -0.002502779
v -0.11087737 0.5924046 -0.002502779
v -0.14115416 0.57429594 -0.002502779
v -0.14115416 0.5924046 -0.002502779
v -0.17143093 0.57438487 -0.002502779
v -0.17143093 0.5924046 -0.002502779
v -0.19921473 0.5924046 -0.002502779
v -0.19921471 0.57725495 -0.0025027788
v -0.22699852 0.5794976 -0.002502779
v -0.22699852 0.5924046 -0.002502779
v -0.24314919 0.5802981 -0.002502779
v -0.25929984 0.5924046 -0.002502779
v -0.25929984 0.5794976 -0.002502779
v -0.29160115 0.57549715 -0.002502779
v -0.29160115 0.5924046 -0.002502779
v -0.32104376 0.5724909 -0.002502779
v -0.3192788 0.5924046 -0.002502779
v -0.35048637 0.5719349 -0.002502779
v -0.35048637 0.5924046 -0.002502779
v -0.35435778 0.5924046 -0.0025027767
v -0.35435778 0.5719349 -0.0025027767
v -0.35435778 0.5719349 -0.0025027767
v -0.35435778 0.5719349 0.0025000002
v -0.35048637 0.5719349 -0.002502779
v -0.35048637 0.5719349 0.0025000002
v -0.32104376 0.5724909 -0.002502779
v -0.32104376 0.5724909 0.0025000002
v -0.29160115 0.57549715 -0.002502779
v -0.29160115 0.5754016 0.0025
v -0.25929984 0.5794976 -0.002502779
v -0.25929984 0.5795158 0.0025000002
v -0.24314919 0.58032125 0.0025000002
v -0.24314919 0.5802981 -0.002502779
v -0.22699852 0.5795421 0.0025000002
v -0.22699852 0.5794976 -0.002502779
v -0.19921473 0.57726604 0.0025000002
v -0.19921471 0.57725495 -0.0025027788
v -0.17143093 0.57438487 0.0025000002
v -0.17143093 0.57438487 -0.002502779
v -0.11087737 0.56428975 0.0025000002
v -0.11087737 0.56421125 -0.002502779
v -0.05363455 0.55799043 0.0025000002
v -0.05363455 0.557983 -0.002502779
v -3.535989E-18 0.5557108 0.0025000002
v -2.5088558E-18 0.55577236 -0.0025027788
v 0.043942537 0.55395496 -0.002502779
v 0.043956302 0.55395496 0.0025000002
v 0.05369082 0.55270976 0.0027432465
v 0.111320734 0.5446075 -0.0048096054
v 0.1112108 0.54464555 0.00389487
v 0.17143093 0.53618926 0.00529235
v 0.17143093 0.5361511 -0.006780161
v 0.20119508 0.53190297 -0.007439622
v 0.20110638 0.53190297 0.006573482
v 0.22784579 0.5291055 -0.008306863
v 0.22784579 0.52917165 0.007584983
v 0.26009703 0.52725357 -0.008345959
v 0.26009703 0.52719986 0.007678388
v 0.2923483 0.528148 -0.008385055
v 0.2923483 0.5281183 0.00881321
v 0.3319902 0.53190297 -0.007029833
v 0.33184525 0.53190297 0.0075077126
v 0.34044382 0.53190297 0.0068208748
v 0.34617618 0.53190297 -0.0068496685
v 0.34617618 0.53190297 0.006362983
v 0.35093865 0.53190297 -0.0046477583
v 0.35093865 0.53190297 0.0046477583
v 0.35207877 0.53190297 -0.002569937
v 0.35207877 0.53190297 0.002569937
v 0.3527491 0.53190297 2.6809083E-18
v -0.35048637 -0.52329195 0.002502779
v -0.35435778 -0.561808 0.0025027767
v -0.35435778 -0.52329195 0.0025027767
v -0.35048646 -0.56165093 0.002502779
v -0.35329756 -0.5685019 0.0025027767
v -0.29220292 -0.58014387 0.002502779
v -0.29220292 -0.52329195 0.002502779
v -0.34959504 -0.56752133 0.002502779
v -0.3502207 -0.57454056 0.0025027767
v -0.17143093 -0.5801432 0.002502779
v -0.17143093 -0.5232919 0.002502779
v -0.33253875 -0.5801441 0.002502779
v -0.3470426 -0.5725218 0.002502779
v -0.3454284 -0.5793328 0.0025027767
v -0.33805296 -0.5790633 0.002502779
v -0.3432909 -0.57651085 0.002502779
v -0.33938977 -0.58240974 0.0025027767
v -0.33269584 -0.58347 0.0025027767
v -0.29220292 -0.5834701 0.0025027767
v -0.17143093 -0.5834706 0.0025027767
v -0 -0.58347124 0.0025027767
v -0 -0.58014226 0.002502779
v -0 -0.5232918 0.002502779
v 0.17143093 -0.5834706 0.0025027767
v 0.17143093 -0.5801432 0.002502779
v 0.17143093 -0.52329195 0.002502779
v 0.29220292 -0.5834701 0.0025027767
v 0.29220292 -0.58014387 0.002502779
v 0.29220292 -0.52329195 0.002502779
v 0.33268085 -0.58347 0.0025027767
v 0.35047135 -0.52329195 0.002502779
v 0.3325238 -0.5801441 0.002502779
v 0.33937475 -0.58240974 0.0025027767
v 0.35047147 -0.56165093 0.002502779
v 0.3543428 -0.52329195 0.0025027767
v 0.3543428 -0.561808 0.0025027767
v 0.33803803 -0.57906336 0.002502779
v 0.34541342 -0.5793328 0.0025027767
v 0.34958008 -0.56752133 0.002502779
v 0.35328254 -0.5685019 0.0025027767
v 0.34702766 -0.57252187 0.002502779
v 0.35020572 -0.57454056 0.0025027767
v 0.343276 -0.576511 0.002502779
v 0.35047135 -0.52329195 -0.002502779
v 0.3543428 -0.561808 -0.0025027767
v 0.3543428 -0.52329195 -0.0025027767
v 0.3504715 -0.56165093 -0.002502779
v 0.35328254 -0.5685019 -0.0025027767
v 0.29220292 -0.58014387 -0.002502779
v 0.29220292 -0.52329195 -0.002502779
v 0.34958008 -0.56752133 -0.002502779
v 0.35020572 -0.57454056 -0.0025027767
v 0.17143092 -0.5801432 -0.002502779
v 0.17143093 -0.52329195 -0.002502779
v -2.3773811E-05 -0.5801424 -0.002502779
v 0.043942526 -0.52329195 -0.002502779
v -0 -0.52329195 -0.002502779
v -0.043942526 -0.52329195 -0.002502779
v 0.3325238 -0.5801441 -0.002502779
v 0.34702766 -0.57252187 -0.002502779
v 0.34541342 -0.5793328 -0.0025027767
v 0.33803803 -0.57906336 -0.002502779
v 0.343276 -0.5765109 -0.002502779
v 0.33937475 -0.58240974 -0.0025027767
v 0.33268085 -0.58347 -0.0025027767
v 0.29220292 -0.5834701 -0.0025027767
v 0.17143093 -0.5834706 -0.0025027767
v -0 -0.58347124 -0.0025027767
v -0.17143093 -0.5834706 -0.0025027767
v -0.17143093 -0.5801433 -0.002502779
v -0.29220292 -0.5834701 -0.0025027767
v -0.29220292 -0.58014387 -0.002502779
v -0.17143093 -0.52329195 -0.002502779
v -0.29220292 -0.52329195 -0.002502779
v -0.33269584 -0.58347 -0.0025027767
v -0.35048637 -0.52329195 -0.002502779
v -0.33253875 -0.5801441 -0.002502779
v -0.33938977 -0.58240974 -0.0025027767
v -0.3504865 -0.56165093 -0.002502779
v -0.35435778 -0.52329195 -0.0025027767
v -0.35435778 -0.561808 -0.0025027767
v -0.33805296 -0.5790633 -0.002502779
v -0.3454284 -0.5793328 -0.0025027767
v -0.34959504 -0.56752133 -0.002502779
v -0.35329756 -0.5685019 -0.0025027767
v -0.3432909 -0.57651085 -0.002502779
v -0.3502207 -0.57454056 -0.0025027767
v -0.3470426 -0.5725218 -0.002502779
v 0.3543428 -0.561808 0.0025027767
v 0.3543428 -0.52329195 0.0025027767
v 0.3543428 -0.52329195 -0.0025027767
v 0.3543428 -0.561808 -0.0025027767
v 0.35328254 -0.5685019 -0.0025027767
v 0.35328254 -0.5685019 0.0025027767
v 0.35020572 -0.57454056 -0.0025027767
v 0.35020572 -0.57454056 0.0025027767
v 0.34541342 -0.5793328 -0.0025027767
v 0.34541342 -0.5793328 0.0025027767
v 0.33937475 -0.58240974 -0.0025027767
v 0.33937475 -0.58240974 0.0025027767
v 0.33268085 -0.58347 -0.0025027767
v 0.33268085 -0.58347 0.0025027767
v 0.29220292 -0.5834701 0.0025027767
v 0.29220292 -0.5834701 -0.0025027767
v 0.17143093 -0.5834706 0.0025027767
v 0.17143093 -0.5834706 -0.0025027767
v -0 -0.58347124 0.0025027767
v -0 -0.58347124 -0.0025027767
v -0.17143093 -0.5834706 -0.0025027767
v -0.17143093 -0.5834706 0.0025027767
v -0.29220292 -0.5834701 0.0025027767
v -0.29220292 -0.5834701 -0.0025027767
v -0.33269584 -0.58347 0.0025027767
v -0.33269584 -0.58347 -0.0025027767
v -0.33938977 -0.58240974 -0.0025027767
v -0.33938977 -0.58240974 0.0025027767
v -0.3454284 -0.5793328 -0.0025027767
v -0.3454284 -0.5793328 0.0025027767
v -0.3502207 -0.57454056 -0.0025027767
v -0.3502207 -0.57454056 0.0025027767
v -0.35329756 -0.5685019 -0.0025027767
v -0.35329756 -0.5685019 0.0025027767
v -0.35435778 -0.561808 -0.0025027767
v -0.35435778 -0.561808 0.0025027767
v -0.35435778 -0.52329195 0.0025027767
v -0.35435778 -0.52329195 -0.0025027767
v -0.3543578 0.55395496 0.0025000002
v -0.35435778 0.5719349 0.0025000002
v -0.35048637 0.5719349 0.0025000002
v -0.35048637 0.55395496 0.0025000002
v -0.32104376 0.5724909 0.0025000002
v -0.29160115 0.55395496 0.0025000002
v -0.29160115 0.5730467 0.0025000002
v -0.29160115 0.5754016 0.0025
v -0.25929984 0.5795158 0.0025000002
v -0.25929984 0.5739084 0.0025000002
v -0.24314919 0.58032125 0.0025000002
v -0.22699852 0.55395496 0.0025000002
v -0.22699852 0.57477003 0.0025000002
v -0.22699852 0.5795421 0.0025000002
v -0.19921473 0.57726604 0.0025000002
v -0.19921473 0.5745775 0.0025000002
v -0.17143093 0.57438487 0.0025000002
v -0.17143093 0.55395496 0.0025000002
v -0.11087737 0.56428975 0.0025000002
v -0.11087737 0.55395496 0.0025000002
v -0.05363455 0.55395496 0.0025000002
v -0.05363455 0.55799043 0.0025000002
v -2.7755576E-18 0.55395496 0.0025000002
v -2.8421E-18 0.5557108 0.0025000002
v 0.043956302 0.55395496 0.0025000002
v -0.35048637 0.55395496 -0.002502779
v -0.35435778 0.5719349 -0.0025027767
v -0.3543578 0.55395496 -0.0025027767
v -0.35048637 0.5719349 -0.002502779
v -0.32104376 0.5724909 -0.002502779
v -0.29160112 0.55395496 -0.002502779
v -0.29160115 0.5730467 -0.002502779
v -0.29160115 0.57549715 -0.002502779
v -0.25929984 0.5739084 -0.002502779
v -0.25929984 0.5794976 -0.002502779
v -0.24314919 0.5802981 -0.002502779
v -0.22699852 0.55395496 -0.002502779
v -0.22699852 0.57477003 -0.002502779
v -0.22699852 0.5794976 -0.002502779
v -0.19921473 0.5745775 -0.002502779
v -0.19921471 0.57725495 -0.0025027788
v -0.17143093 0.57438487 -0.002502779
v -0.17143093 0.55395496 -0.002502779
v -0.11087737 0.56421125 -0.002502779
v -0.11087737 0.55395496 -0.002502779
v -0.05363455 0.557983 -0.002502779
v -0.05363455 0.55395496 -0.002502779
v -0.043942526 0.55395496 -0.002502779
v -3.2210787E-18 0.55577236 -0.0025027788
v -2.7755576E-18 0.55395496 -0.002502779
v 0.043942537 0.55395496 -0.002502779
v -0.3543578 0.55395496 -1.3883226E-06
v -0.3543578 0.55395496 -0.0025027767
v -0.35435778 0.5719349 -0.0025027767
v -0.3543578 0.5719349 -1.3883226E-06
v -0.35435778 0.5719349 0.0025000002
v -0.3543578 0.55395496 0.0025000002
v -0.3543578 0.55395496 -1.3883226E-06
v -0.3543578 0.5719349 -1.3883226E-06
v -0.35311493 0.5719349 6.9632534E-17
v -0.35311645 0.5719349 -0.0012459595
v -0.34630567 0.5539417 -0.0004202388
v -0.3463057 0.5539417 0.0004202388
v -0.33621964 0.5314517 0.0013485275
v -0.32709926 0.42541242 0.001321868
v -0.2924783 0.42541242 0.0022003148
v -0.29247835 0.5314517 0.0022446911
v -0.22773965 0.42541242 0.0022003148
v -0.3463057 0.5539417 0.0004202388
v -0.22773969 0.5314517 0.0022446911
v -0.17130041 0.42541242 0.0022003148
v -0.2914902 0.5539417 0.00069950876
v -0.17130046 0.53145176 0.0022446928
v -0.22680727 0.5539417 0.00069950876
v -0.11111613 0.5050559 0.0045143245
v -0.11111613 0.42541242 0.0022003148
v -0.054468013 0.42541242 0.0022003148
v -0.054468013 0.5050559 0.0045143245
v -1.5179303E-07 0.42541242 0.0022003148
v -0.11178776 0.5314517 0.0022446911
v -1.5179303E-07 0.5050559 0.0045143245
v 0.054468013 0.42541242 0.0022003148
v -0.17139845 0.5539417 0.0006995089
v -0.054468025 0.5314517 0.0022446911
v 0.054468013 0.5050559 0.0045143245
v 0.11188358 0.42541242 0.0022003148
v -0.110879436 0.5539417 0.00069950876
v -9.161191E-08 0.5314517 0.0022446911
v 0.11188358 0.5050559 0.0045143245
v 0.17130041 0.42541242 0.0022003148
v -0.053775813 0.5539417 0.00069950876
v 0.054468025 0.5314517 0.0022446911
v 0.17130041 0.5050559 0.0045143245
v 0.22773965 0.42541242 0.0022003148
v 0.11205416 0.53187805 0.0027413804
v 0.22773965 0.5050559 0.0045143245
v 0.2924783 0.42541242 0.0022003148
v 0.2924783 0.5050559 0.0045143245
v 0.33369872 0.42541242 0.001321868
v 0.34004173 0.5050559 0.00271204
v 0.33369872 0.42541242 -0.001321868
v 0.34004173 0.5050559 -0.0027120386
v 0.04395597 0.55388564 0.0020338786
v 0.053798106 0.55247355 0.0021840227
v 0.11120178 0.5444283 0.003488525
v 3.0070442E-08 0.5539417 0.00069950876
v -3.2801092E-18 0.5557701 0.002073962
v -0.05363455 0.55783415 0.002073962
v -0.11087737 0.5641905 0.002073962
v -0.17143093 0.57438487 0.0020604662
v 0.17130046 0.5317928 0.0035442635
v 0.171402 0.5361273 0.004667595
v 0.20101897 0.5319042 0.005845511
v 0.22773969 0.52904344 0.0068169087
v 0.26010904 0.52717966 0.007089935
v 0.29231128 0.52807677 0.008175937
v 0.33187565 0.5317467 0.006806934
v 0.34042382 0.5317805 0.006167443
v 0.34604883 0.5318393 0.005598572
v 0.35050663 0.53181976 0.0040820083
v 0.3521906 0.53181976 4.656613E-11
v 0.35052797 0.53181976 -0.00405741
v 0.34621584 0.5318393 -0.006193773
v -0.3487257 0.57203436 0.0013200509
v -0.35311645 0.5719349 0.0012459595
v -0.3210475 0.5724909 0.0018534657
v -0.29160115 0.5730467 0.0020604662
v -0.29160115 0.5754016 0.0020469704
v -0.25929984 0.5795158 0.0020469707
v -0.25929984 0.5739084 0.0020604662
v -0.24314919 0.58032125 0.0020469707
v -0.22699852 0.57477003 0.0020604662
v -0.22699852 0.5795421 0.0020469707
v -0.19921473 0.57726604 0.0020469707
v -0.19921473 0.5745775 0.0020604662
v -0.35435778 0.5719349 -0.0025027767
v -0.35311645 0.5719349 -0.0012459595
v -0.35311493 0.5719349 6.9632534E-17
v -0.3543578 0.5719349 -1.3883226E-06
v -0.35311645 0.5719349 0.0012459595
v -0.35435778 0.5719349 0.0025000002
v -0.35048637 0.5719349 -0.002502779
v -0.35311645 0.5719349 -0.0012459595
v -0.3487257 0.5720606 -0.0013395594
v -0.32104376 0.5724909 -0.002502779
v -0.3210475 0.5724909 -0.001854855
v -0.29160115 0.57549715 -0.0020497495
v -0.29160115 0.57549715 -0.002502779
v -0.25929984 0.5794976 -0.002502779
v -0.25929984 0.5794976 -0.0020497495
v -0.24314919 0.5802981 -0.002502779
v -0.24314919 0.5802981 -0.0020497495
v -0.22699852 0.5794976 -0.002502779
v -0.22699852 0.5794976 -0.0020497495
v -0.19921471 0.57725495 -0.0020497495
v -0.19921471 0.57725495 -0.0025027788
v -0.17143093 0.57438487 -0.0020618557
v -0.17143093 0.57438487 -0.002502779
v -0.11087737 0.5641905 -0.002073962
v -0.11087737 0.56421125 -0.002502779
v -0.05363455 0.557983 -0.002502779
v -0.05363455 0.55783415 -0.002073962
v -3.2210787E-18 0.55577236 -0.0025027788
v -4.6516105E-18 0.5557701 -0.002073962
v 0.043942537 0.55395496 -0.002502779
v 0.04395597 0.55388564 -0.0020338786
v 0.05344973 0.55263597 -0.0028282767
v 0.053798106 0.55247355 -0.0021840227
v 0.11120178 0.5444283 -0.004365681
v 0.111320734 0.5446075 -0.0048096054
v 0.17136024 0.5361273 -0.006213063
v 0.17143093 0.5361511 -0.006780161
v 0.20109425 0.53190666 -0.0066227624
v 0.20119508 0.53190297 -0.007439622
v 0.22782324 0.52904344 -0.0076105283
v 0.22784579 0.5291055 -0.008306863
v 0.26006725 0.52717966 -0.007841784
v 0.26009703 0.52725357 -0.008345959
v 0.2923483 0.528148 -0.008385055
v 0.29235303 0.52807677 -0.007758246
v 0.3318999 0.5317476 -0.006391899
v 0.3319902 0.53190297 -0.007029833
v 0.34617618 0.53190297 -0.0068496685
v 0.34621584 0.5318393 -0.006193773
v 0.35052797 0.53181976 -0.00405741
v 0.35093865 0.53190297 -0.0046477583
v 0.35207877 0.53190297 -0.002569937
v -0.05363455 0.55799043 0.0025000002
v -0.05363455 0.55783415 0.002073962
v -2.8421E-18 0.5557108 0.0025000002
v -0.11087737 0.5641905 0.002073962
v -0.11087737 0.56428975 0.0025000002
v -0.17143093 0.57438487 0.0020604662
v -0.17143093 0.57438487 0.0025000002
v -0.19921473 0.57726604 0.0020469707
v -0.19921473 0.57726604 0.0025000002
v -0.22699852 0.5795421 0.0020469707
v -0.22699852 0.5795421 0.0025000002
v -0.24314919 0.58032125 0.0025000002
v -0.24314919 0.58032125 0.0020469707
v -0.25929984 0.5795158 0.0025000002
v -0.25929984 0.5795158 0.0020469707
v -0.29160115 0.5754016 0.0025
v -0.29160115 0.5754016 0.0020469704
v -0.32104376 0.5724909 0.0025000002
v -0.3210475 0.5724909 0.0018534657
v -0.3487257 0.57203436 0.0013200509
v -0.35048637 0.5719349 0.0025000002
v -0.35311645 0.5719349 0.0012459595
v -0.05363455 0.55783415 0.002073962
v -3.2801092E-18 0.5557701 0.002073962
v -2.8421E-18 0.5557108 0.0025000002
v 0.04395597 0.55388564 0.0020338786
v -2.8421E-18 0.5557108 0.0025000002
v 0.04395597 0.55388564 0.0020338786
v 0.043956302 0.55395496 0.0025000002
v 0.053798106 0.55247355 0.0021840227
v 0.05369082 0.55270976 0.0027432465
v 0.1112108 0.54464555 0.00389487
v 0.11120178 0.5444283 0.003488525
v 0.171402 0.5361273 0.004667595
v 0.17143093 0.53618926 0.00529235
v 0.20101897 0.5319042 0.005845511
v 0.20110638 0.53190297 0.006573482
v 0.22773969 0.52904344 0.0068169087
v 0.22784579 0.52917165 0.007584983
v 0.26010904 0.52717966 0.007089935
v 0.26009703 0.52719986 0.007678388
v 0.29231128 0.52807677 0.008175937
v 0.2923483 0.5281183 0.00881321
v 0.33187565 0.5317467 0.006806934
v 0.33184525 0.53190297 0.0075077126
v 0.34044382 0.53190297 0.0068208748
v 0.34042382 0.5317805 0.006167443
v 0.34617618 0.53190297 0.006362983
v 0.34604883 0.5318393 0.005598572
v 0.35093865 0.53190297 0.0046477583
v 0.35050663 0.53181976 0.0040820083
v 0.35207877 0.53190297 0.002569937
v 0.3521906 0.53181976 4.656613E-11
v 0.3527491 0.53190297 1.7355234E-17
v 0.05363455 0.6204218 -0.0025027788
v 0.08225596 0.5924046 -0.002502779
v 0.08225596 0.6204218 -0.0025027788
v 0.11087737 0.5924046 -0.002502779
v 0.11087737 0.6204218 -0.0025027788
v 0.14115416 0.5924046 -0.002502779
v 0.14115416 0.6204218 -0.0025027788
v 0.17143093 0.5924046 -0.002502779
v 0.17143093 0.6204218 -0.0025027788
v 0.19921473 0.5924046 -0.002502779
v 0.040225912 0.6484391 -0.0025027788
v 0.026817275 0.6484391 -0.0025027788
v 0.040225912 0.664067 -0.0025027788
v 0.05363455 0.6484391 -0.0025027788
v 0.05363455 0.664067 -0.0025027788
v 0.06794526 0.6484391 -0.0025027788
v 0.06794526 0.664067 -0.0025027788
v 0.06794526 0.6796948 -0.0025027788
v 0.06794526 0.6953226 -0.0025027788
v 0.08225596 0.71095043 -0.0025027788
v 0.08225596 0.6953226 -0.0025027788
v 0.08225596 0.6796948 -0.0025027788
v 0.08225596 0.664067 -0.0025027788
v 0.08225596 0.6484391 -0.0025027788
v 0.09656667 0.7255223 -0.0025027785
v 0.09656667 0.71095043 -0.0025027788
v 0.11087737 0.72554386 -0.0025027788
v 0.09656667 0.6953226 -0.0025027788
v 0.09656667 0.6484391 -0.0025027788
v 0.09656667 0.664067 -0.0025027788
v 0.09656667 0.6796948 -0.0025027788
v 0.11087737 0.6484391 -0.0025027788
v 0.11087737 0.664067 -0.0025027788
v 0.12601577 0.6484391 -0.0025027788
v 0.11087737 0.6796948 -0.0025027788
v 0.11087737 0.6953226 -0.0025027788
v 0.12601577 0.664067 -0.0025027788
v 0.11087737 0.71095043 -0.0025027788
v 0.12601577 0.6796948 -0.0025027788
v 0.12601577 0.6953226 -0.0025027788
v 0.12601577 0.71095043 -0.0025027788
v 0.12601577 0.7255666 -0.0025027788
v 0.12601577 0.7398035 -0.0025027788
v 0.12601577 0.75726676 -0.0025027788
v 0.14115416 0.7747275 -0.0025027788
v 0.14115416 0.7572655 -0.0025027788
v 0.15629254 0.7747249 -0.0025027788
v 0.15629254 0.77809495 -0.0025027767
v 0.14115416 0.7398035 -0.0025027788
v 0.14115416 0.7255894 -0.0025027788
v 0.14115416 0.71095043 -0.0025027788
v 0.15629254 0.75726426 -0.0025027788
v 0.17143093 0.7747224 -0.0025027788
v 0.17143093 0.77809244 -0.0025027767
v 0.15629254 0.7398035 -0.0025027788
v 0.17143093 0.75726295 -0.0025027788
v 0.18532282 0.7747201 -0.0025027788
v 0.18532282 0.7780901 -0.0025027767
v 0.14115416 0.6953226 -0.0025027788
v 0.15629254 0.72561216 -0.0025027788
v 0.17143093 0.7398035 -0.0025027788
v 0.18532282 0.7572618 -0.0025027788
v 0.19921473 0.77471775 -0.0025027788
v 0.19921473 0.7780878 -0.0025027767
v 0.14115416 0.6796948 -0.0025027788
v 0.17143093 0.725635 -0.0025027788
v 0.18532282 0.7398035 -0.0025027788
v 0.19921473 0.7572607 -0.0025027788
v 0.21310663 0.7747154 -0.0025027788
v 0.21310663 0.7780854 -0.0025027767
v 0.14115416 0.664067 -0.0025027788
v 0.18532284 0.7256559 -0.002502779
v 0.19921473 0.7398035 -0.0025027788
v 0.21310663 0.7572595 -0.0025027788
v 0.22699852 0.7747131 -0.0025027788
v 0.22699852 0.7780831 -0.0025027767
v 0.19921474 0.7256768 -0.002502779
v 0.18532282 0.71095043 -0.0025027788
v 0.21310663 0.7398035 -0.0025027788
v 0.22699852 0.7572583 -0.0025027788
v 0.24314919 0.7747104 -0.0025027788
v 0.24314919 0.7780804 -0.0025027767
v 0.17143093 0.71095043 -0.0025027788
v 0.15629254 0.71095043 -0.0025027788
v 0.17143093 0.6953226 -0.0025027788
v 0.15629254 0.6953226 -0.0025027788
v 0.15629254 0.6796948 -0.0025027788
v 0.24314919 0.7572569 -0.0025027788
v 0.17143093 0.6796948 -0.0025027788
v 0.18532282 0.6953226 -0.0025027788
v 0.18532282 0.6796948 -0.0025027788
v 0.19921473 0.71095043 -0.0025027788
v 0.19921473 0.6953226 -0.0025027788
v 0.21310663 0.71095043 -0.0025027788
v 0.21310663 0.7256977 -0.002502779
v 0.17143093 0.664067 -0.0025027788
v 0.18532282 0.664067 -0.0025027788
v 0.19921473 0.6796948 -0.0025027788
v 0.21310663 0.6953226 -0.0025027788
v 0.15629254 0.664067 -0.0025027788
v 0.14115416 0.6484391 -0.0025027788
v 0.15629254 0.6484391 -0.0025027788
v 0.17143093 0.6484391 -0.0025027788
v 0.18532282 0.6484391 -0.0025027788
v 0.19921473 0.664067 -0.0025027788
v 0.19921473 0.6204218 -0.0025027788
v 0.22699852 0.6204218 -0.0025027788
v 0.22699852 0.5924046 -0.002502779
v 0.25929984 0.5924046 -0.002502779
v 0.19921473 0.6484391 -0.0025027788
v 0.21310663 0.6796948 -0.0025027788
v 0.21310663 0.6484391 -0.0025027788
v 0.21310663 0.664067 -0.0025027788
v 0.22699852 0.6484391 -0.0025027788
v 0.22699852 0.664067 -0.0025027788
v 0.22699852 0.6796948 -0.0025027788
v 0.24314919 0.6484391 -0.0025027788
v 0.25929984 0.6204218 -0.0025027788
v 0.29160115 0.6204218 -0.0025027788
v 0.29160115 0.5924046 -0.002502779
v 0.31927505 0.5924046 -0.002502779
v 0.22699852 0.6953226 -0.0025027788
v 0.24314919 0.664067 -0.0025027788
v 0.24314919 0.6796948 -0.0025027788
v 0.22699852 0.71095043 -0.0025027788
v 0.25929984 0.664067 -0.0025027788
v 0.25929984 0.6484391 -0.0025027788
v 0.27545047 0.6484391 -0.0025027788
v 0.24314919 0.6953226 -0.0025027788
v 0.22699852 0.72571856 -0.0025027788
v 0.25929984 0.6796948 -0.0025027788
v 0.2754505 0.664067 -0.0025027788
v 0.24314919 0.71095043 -0.0025027788
v 0.22699852 0.7398035 -0.0025027788
v 0.25929984 0.6953226 -0.0025027788
v 0.24314919 0.7257429 -0.0025027785
v 0.24314919 0.7398035 -0.0025027788
v 0.25929984 0.71095043 -0.0025027788
v 0.2754505 0.6796948 -0.0025027788
v 0.25929984 0.72576714 -0.0025027785
v 0.25929984 0.7398035 -0.0025027788
v 0.2754505 0.6953226 -0.0025027788
v 0.27545053 0.71095043 -0.0025027788
v 0.25929984 0.7572556 -0.0025027788
v 0.27545053 0.72579145 -0.0025027785
v 0.25929984 0.77470773 -0.0025027788
v 0.25929984 0.7780777 -0.0025027767
v 0.27545053 0.7398035 -0.0025027788
v 0.27545053 0.774705 -0.0025027788
v 0.27545047 0.778075 -0.0025027767
v 0.27545053 0.7574355 -0.0025027788
v 0.29160115 0.7747023 -0.0025027788
v 0.29160115 0.7780723 -0.0025027767
v 0.29160115 0.75761545 -0.0025027788
v 0.29160115 0.7398035 -0.0025027788
v 0.29160115 0.7258158 -0.0025027788
v 0.3054381 0.7747 -0.0025027788
v 0.30559203 0.7780699 -0.0025027767
v 0.3054381 0.757433 -0.0025027788
v 0.3054381 0.7398035 -0.0025027788
v 0.31927505 0.77469766 -0.0025027788
v 0.31927508 0.77806765 -0.0025027767
v 0.33252525 0.77469546 -0.0025027788
v 0.33268258 0.77806544 -0.0025027767
v 0.33937618 0.7770043 -0.0025027767
v 0.31927505 0.75725055 -0.0025027788
v 0.3054381 0.72559637 -0.0025027788
v 0.31927505 0.7398035 -0.0025027788
v 0.3385211 0.77385336 -0.0025027788
v 0.34541437 0.7739268 -0.0025027767
v 0.34353507 0.7715239 -0.0025027788
v 0.35020617 0.7691342 -0.0025027767
v 0.34179845 0.7651616 -0.0025027788
v 0.3348224 0.75730747 -0.0025027788
v 0.3475726 0.7672552 -0.0025027788
v 0.35328266 0.7630955 -0.0025027767
v 0.34959367 0.76224065 -0.0025027788
v 0.35434276 0.7564017 -0.0025027767
v 0.35047144 0.7562447 -0.0025027788
v 0.35434276 0.7398035 -0.0025027767
v 0.3504714 0.73980355 -0.0025027788
v 0.35434276 0.72537696 -0.0025027767
v 0.32643986 0.76668364 -0.0025027788
v 0.34290382 0.7482682 -0.0025027788
v 0.3504714 0.725377 -0.0025027788
v 0.35434273 0.71095043 -0.0025027767
v 0.33487323 0.7398035 -0.0025027788
v 0.32704872 0.7485555 -0.0025027788
v 0.3504714 0.71095043 -0.0025027788
v 0.35434273 0.6954677 -0.0025027767
v 0.33487323 0.72537696 -0.0025027788
v 0.3504714 0.6953226 -0.0025027788
v 0.35434276 0.6796948 -0.0025027767
v 0.31927505 0.72537696 -0.0025027788
v 0.33487323 0.71095043 -0.0025027788
v 0.3504714 0.6796948 -0.0025027788
v 0.35434276 0.664067 -0.0025027767
v 0.31927505 0.71095043 -0.0025027788
v 0.33487323 0.6953226 -0.0025027788
v 0.3504714 0.664067 -0.0025027788
v 0.35434276 0.6484391 -0.0025027767
v 0.3054381 0.71095043 -0.0025027788
v 0.33487323 0.6796948 -0.0025027788
v 0.31927505 0.6953226 -0.0025027788
v 0.3504714 0.6484391 -0.0025027788
v 0.35434276 0.6204218 -0.0025027767
v 0.29160115 0.71095043 -0.0025027788
v 0.3054381 0.6953226 -0.0025027788
v 0.29160115 0.6953226 -0.0025027788
v 0.33487323 0.664067 -0.0025027788
v 0.31927505 0.6796948 -0.0025027788
v 0.3504714 0.6204218 -0.0025027788
v 0.3543428 0.5924046 -0.0025027767
v 0.3504714 0.5924046 -0.002502779
v 0.3054381 0.6796948 -0.0025027788
v 0.29160115 0.6796948 -0.0025027788
v 0.31927505 0.664067 -0.0025027788
v 0.33487323 0.6484391 -0.0025027788
v 0.31927505 0.6204218 -0.0025027788
v 0.3054381 0.664067 -0.0025027788
v 0.29160115 0.664067 -0.0025027788
v 0.31927505 0.6484391 -0.0025027788
v 0.3054381 0.6484391 -0.0025027788
v 0.29160115 0.6484391 -0.0025027788
v 0.043956302 0.55395496 0.0025000002
v 0.05363455 0.55395496 0.0025000002
v 0.05369082 0.55270976 0.0027432465
v 0.1112108 0.54464555 0.00389487
v 0.11087737 0.55395496 0.0025000002
v 0.17143093 0.53618926 0.00529235
v 0.17143093 0.55395496 0.0025000002
v 0.20110638 0.53190297 0.006573482
v 0.22699852 0.55395496 0.0025000002
v 0.22784579 0.53190297 0.006543567
v 0.22784579 0.52917165 0.007584983
v 0.29160115 0.55395496 0.0025000002
v 0.26009703 0.52719986 0.007678388
v 0.2923483 0.53190297 0.0065905126
v 0.2923483 0.5281183 0.00881321
v 0.33184525 0.53190297 0.0075077126
v 0.3504714 0.55395496 0.0025000002
v 0.34044382 0.53190297 0.0068208748
v 0.34617618 0.53190297 0.006362983
v 0.3543428 0.55395496 0.0025000002
v 0.35093865 0.53190297 0.0046477583
v 0.35207877 0.53190297 0.002569937
v 0.3527491 0.53190297 2.6809083E-18
v 0.3543428 0.55395496 -1.3883226E-06
v 0.111320734 0.5446075 -0.0048096054
v 0.053634554 0.55395496 -0.002502779
v 0.043942537 0.55395496 -0.002502779
v 0.11087737 0.55395496 -0.002502779
v 0.17143093 0.55395496 -0.002502779
v 0.17143093 0.5361511 -0.006780161
v 0.20119508 0.53190297 -0.007439622
v 0.22699852 0.55395496 -0.002502779
v 0.22784579 0.53190297 -0.0073053436
v 0.22784579 0.5291055 -0.008306863
v 0.29160115 0.55395496 -0.002502779
v 0.26009703 0.52725357 -0.008345959
v 0.2923483 0.53190297 -0.0075332928
v 0.2923483 0.528148 -0.008385055
v 0.3319902 0.53190297 -0.007029833
v 0.3504714 0.55395496 -0.002502779
v 0.34617618 0.53190297 -0.0068496685
v 0.3543428 0.55395496 -0.0025027767
v 0.35093865 0.53190297 -0.0046477583
v 0.35207877 0.53190297 -0.002569937
v 0.3527491 0.53190297 2.6809083E-18
v 0.3543428 0.55395496 -1.3883226E-06
v -0.043942537 0.53190297 -0.0073779686
v -0.043942526 0.55395496 -0.002502779
v -0.05363455 0.55395496 -0.002502779
v -0.11188622 0.53190297 -0.007274274
v -0.11087737 0.55395496 -0.002502779
v -0.043942526 0.50491846 -0.012859287
v -0.17143092 0.53190297 -0.0071833977
v -0.17143093 0.55395496 -0.002502779
v -0.22784579 0.53190297 -0.007097298
v -0.22699852 0.55395496 -0.002502779
v -0.2923483 0.53190297 -0.007472612
v -0.29160112 0.55395496 -0.002502779
v -0.35048637 0.55395496 -0.002502779
v -0.34619817 0.53190297 -0.0069166697
v -0.3543578 0.55395496 -0.0025027767
v -0.2923483 0.50491846 -0.012964238
v -0.22784579 0.50491846 -0.012425161
v -0.17143093 0.50491846 -0.012558335
v -0.111886226 0.50491846 -0.012698898
v -0.111886226 0.4768423 -0.017620405
v -0.043942526 0.4768477 -0.017940374
v -0.043942526 0.45436832 -0.020114677
v -0.17143093 0.4768376 -0.017339988
v -0.22784579 0.4768331 -0.01707431
v -0.2923483 0.47682795 -0.017644962
v -0.33767194 0.50491846 -0.012165904
v -0.3509536 0.53190297 -0.0046477583
v -0.111886226 0.45434967 -0.019662024
v -0.17143093 0.45433336 -0.01926533
v -0.22784579 0.4543179 -0.018889483
v -0.2923483 0.45430017 -0.019434478
v -0.33037683 0.4768249 -0.016591456
v -0.34541368 0.50491846 -0.0063915187
v -0.35209376 0.53190297 -0.002569937
v -0.111886226 0.4019777 -0.021520039
v -0.043942526 0.4019777 -0.02179153
v -0.043942526 0.3401716 -0.023883538
v -0.35276413 0.53190297 2.5313141E-17
v -0.3543578 0.55395496 -1.3883226E-06
v -0.34902325 0.50491846 2.8805066E-18
v -0.3474987 0.50491846 -0.003657581
v -0.34560424 0.47691914 -6.9129424E-11
v -0.34049806 0.47689095 -0.007770566
v -0.3383368 0.4543551 -0.008277008
v -0.34446618 0.4543856 0.00015388735
v -0.32662684 0.45429078 -0.018231386
v -0.33575696 0.4019777 -0.008817624
v -0.34270725 0.4019777 0.0003111945
v -0.32219124 0.4019777 -0.0206797
v -0.2923483 0.4019777 -0.021886041
v -0.3340282 0.3401716 -0.009121924
v -0.3416636 0.3401716 0.00031119442
v -0.3404102 0.098051235 0.00031119437
v -0.31936595 0.3401716 -0.021355847
v -0.22784579 0.4019777 -0.021056687
v -0.2923483 0.3401716 -0.022726668
v -0.31587112 0.098051235 -0.02225861
v -0.33190763 0.098051235 -0.00954118
v -0.17143093 0.4019777 -0.02128211
v -0.22784579 0.3401716 -0.022195771
v -0.33392736 -0.18795326 -0.0095411725
v -0.34156278 -0.18795326 0.00031119437
v -0.3202798 -0.18795326 -0.022258593
v -0.29220292 0.098051235 -0.023650577
v -0.17143092 0.09805123 -0.023660915
v -0.17143093 0.3401716 -0.022713518
v -0.111886226 0.3401716 -0.023259988
v -0.043942526 0.098051235 -0.024898645
v -0.043942526 -0.18795326 -0.024898624
v -0.33644 -0.3484496 -0.009974695
v -0.3433384 -0.3484496 0.00031119442
v -0.3258538 -0.3484496 -0.02277704
v -0.29220292 -0.18795326 -0.02369072
v -0.17143093 -0.18795326 -0.023680644
v -0.043942526 -0.3484496 -0.023035822
v -0.33970723 -0.42758122 -0.00919601
v -0.34638697 -0.42758122 0.00024491717
v -0.29220292 -0.3484496 -0.023984311
v -0.17143093 -0.3484496 -0.022918794
v -0.043942526 -0.42758122 -0.021932987
v -0.33095104 -0.42758122 -0.020312611
v -0.3406036 -0.44929132 -0.008534011
v -0.34722528 -0.4493416 0.00015388735
v -0.17143093 -0.42758122 -0.02121616
v -0.29220295 -0.42758122 -0.021612493
v -0.3323504 -0.44930568 -0.018594038
v -0.29220295 -0.4493073 -0.019860255
v -0.17143093 -0.44931212 -0.01965752
v -0.043942526 -0.44931722 -0.020500062
v -0.34192762 -0.46550956 -0.0073805125
v -0.34804738 -0.46555185 -5.8535045E-11
v -0.29220292 -0.46549472 -0.018295495
v -0.17143092 -0.46548134 -0.017447157
v -0.043942526 -0.46546718 -0.017537907
v -0.33410686 -0.4654994 -0.017331362
v -0.34526667 -0.4829546 -0.006280482
v -0.35030028 -0.4829546 7.682037E-18
v -0.17143093 -0.4829546 -0.013393277
v -0.043942526 -0.4829546 -0.013032118
v -0.043942526 -0.5054166 -0.0065378933
v -0.29220292 -0.4829546 -0.014508571
v -0.33824664 -0.4829546 -0.013865846
v -0.35137996 -0.5054166 -0.0022624328
v -0.35275856 -0.5054166 0
v -0.35435778 -0.52329195 -0.0025027767
v -0.34889376 -0.50541663 -0.0049393503
v -0.35048637 -0.52329195 -0.002502779
v -0.34603354 -0.50541663 -0.007622935
v -0.29220295 -0.50541663 -0.007922489
v -0.29220292 -0.52329195 -0.002502779
v -0.17143093 -0.50541663 -0.0069958023
v -0.17143093 -0.52329195 -0.002502779
v -0.043942526 -0.52329195 -0.002502779
v -0.35435778 -0.52329195 0.0025027767
v -0.35435778 -0.52329195 -0.0025027767
v -0.35275856 -0.5054166 0
v -0.35137996 -0.5054166 0.0022624328
v -0.35030028 -0.4829546 7.682037E-18
v -0.34889376 -0.50541663 0.0049393503
v -0.35048637 -0.52329195 0.002502779
v -0.34526667 -0.4829546 0.006280482
v -0.34804738 -0.46555185 -5.8535045E-11
v -0.3419268 -0.46550465 0.007456273
v -0.34722528 -0.4493416 0.00015388735
v -0.33824664 -0.4829546 0.014800213
v -0.3406038 -0.4492963 0.008879847
v -0.34638697 -0.42758122 0.00024491717
v -0.34603354 -0.5054166 0.0076229344
v -0.33410683 -0.46549925 0.019346997
v -0.33970723 -0.42758122 0.009701821
v -0.3433384 -0.3484496 0.00031119442
v -0.3323504 -0.4493056 0.021153022
v -0.3373322 -0.5054166 0.0076229023
v -0.32384583 -0.4829546 0.014904998
v -0.31687078 -0.46549758 0.01960804
v -0.29220292 -0.5054166 0.0076227374
v -0.29220292 -0.52329195 0.002502779
v -0.17143093 -0.5232919 0.002502779
v -0.29220292 -0.4829546 0.015135241
v -0.17143092 -0.5054166 0.0070754397
v -0.29220295 -0.46549526 0.019981638
v -0.3126757 -0.44930625 0.021626774
v -0 -0.5054166 0.0065378905
v -0 -0.4829546 0.013966485
v -0 -0.5232918 0.002502779
v 0.17143093 -0.52329195 0.002502779
v -0.17143092 -0.4829546 0.014389037
v 0.17143093 -0.5054166 0.0070754527
v 0.29220292 -0.52329195 0.002502779
v -0.29220292 -0.44930702 0.022119746
v -0.17143093 -0.46548364 0.019447552
v 0.29220292 -0.5054166 0.007622761
v 0.35047135 -0.52329195 0.002502779
v 0.17143093 -0.4829546 0.014389056
v -0 -0.46546718 0.019553518
v 0.17143093 -0.46548364 0.019447546
v 0.29220292 -0.4829546 0.015135275
v -0.17143093 -0.44931123 0.02207589
v 0.33732468 -0.5054166 0.007622905
v -0 -0.44931722 0.023059042
v -0 -0.42758122 0.025086382
v -0.17143093 -0.42758122 0.0240839
v 0.17143093 -0.44931123 0.022075847
v 0.29220292 -0.46549526 0.019981628
v 0.32383552 -0.4829546 0.0149050085
v 0.34602457 -0.5054166 0.0076229325
v 0.3488788 -0.50541663 0.0049393503
v 0.3543428 -0.52329195 0.0025027767
v 0.33823165 -0.4829546 0.014800213
v 0.31686196 -0.46549758 0.019608036
v 0.29220292 -0.44930702 0.022119667
v 0.17143093 -0.42758122 0.024083856
v 0.35136503 -0.5054166 0.0022624328
v 0.35274357 -0.5054166 0
v 0.3543428 -0.52329195 -0.0025027767
v 0.35028526 -0.4829546 7.682037E-18
v 0.34525594 -0.4829546 0.006280482
v 0.3480324 -0.46555185 -5.8535045E-11
v 0.34191182 -0.46550465 0.007456273
v 0.3472103 -0.4493416 0.00015388735
v 0.33409184 -0.46549925 0.019346997
v 0.3405888 -0.4492963 0.008879847
v 0.34637198 -0.42758122 0.00024491717
v 0.31266809 -0.4493063 0.021626735
v 0.3323354 -0.4493056 0.021153022
v 0.3396922 -0.42758122 0.009701821
v 0.34332338 -0.3484496 0.00031119442
v 0.29220292 -0.42758122 0.024215491
v 0.29594097 -0.3484496 0.027163282
v 0.30754858 -0.42758122 0.023793487
v 0.33093604 -0.42758122 0.023150329
v 0.33642498 -0.3484496 0.010597084
v 0.3415478 -0.18795326 0.00031119437
v 0.3258388 -0.3484496 0.02599175
v 0.33391234 -0.18795326 0.010163561
v 0.3403952 0.098051235 0.00031119437
v 0.17143093 -0.3484496 0.026778674
v 0.33189264 0.098051235 0.010163569
v 0.34164867 0.3401716 0.00031119442
v 0.33401322 0.3401716 0.009744314
v 0.34269232 0.4019777 0.0003111945
v 0.31408903 0.098051235 0.029934103
v 0.32026482 -0.18795326 0.027284771
v 0.29220292 -0.18795326 0.028576335
v 0.17143093 -0.18795328 0.028511649
v 0.17143092 0.09805123 0.031125922
v 0.29015172 0.09805123 0.03130568
v 0.33574197 0.4019777 0.009440013
v 0.34445116 0.4543856 0.00015388735
v -0 -0.3484496 0.027652362
v 0.31846744 0.3401716 0.02610143
v 0.28970063 0.3401716 0.027322024
v 0.3383218 0.4543551 0.008622887
v 0.34558925 0.47691914 -6.9129424E-11
v 0.32217628 0.4019777 0.024013845
v 0.22784579 0.3401716 0.026825702
v 0.29146573 0.4019777 0.025812745
v 0.32661182 0.45429084 0.021188015
v 0.3404831 0.47689095 0.007845945
v 0.3474837 0.50491846 0.003657581
v 0.34900826 0.50491846 2.8805066E-18
v 0.35207877 0.53190297 0.002569937
v 0.3527491 0.53190297 1.7355234E-17
v 0.3453987 0.50491846 0.0064668977
v 0.35093865 0.53190297 0.0046477583
v 0.3303618 0.47682485 0.018325666
v 0.33765694 0.50491846 0.013183311
v 0.34617618 0.53190297 0.006362983
v 0.3076642 0.45429584 0.022712627
v 0.3275801 0.50491846 0.013575065
v 0.34044382 0.53190297 0.0068208748
v 0.3154178 0.47682616 0.01995152
v 0.2958785 0.45429897 0.023678062
v 0.31378636 0.50491846 0.013898106
v 0.33184525 0.53190297 0.0075077126
v 0.29984996 0.47682747 0.021577373
v 0.2923483 0.50491846 0.01364168
v 0.2923483 0.5281183 0.00881321
v 0.26009703 0.52719986 0.007678388
v 0.22784579 0.4019777 0.025439778
v 0.22784582 0.4543143 0.023388356
v 0.22784579 0.47683197 0.021292781
v 0.22784579 0.50491846 0.01340881
v 0.22784579 0.52917165 0.007584983
v 0.20110638 0.53190297 0.006573482
v 0.17143093 0.50491846 0.013524659
v 0.17143093 0.47683588 0.021523131
v 0.17143093 0.45432764 0.023713652
v 0.17143093 0.4019777 0.025868116
v 0.17143093 0.53190297 0.006629662
v 0.17143093 0.53618926 0.00529235
v 0.111886226 0.53190297 0.006720534
v 0.1112108 0.54464555 0.00389487
v 0.054631192 0.53190297 0.0068079117
v 0.05369082 0.55270976 0.0027432465
v 0.043956302 0.55395496 0.0025000002
v 0.111886226 0.50491846 0.013646935
v 0.111886226 0.47684 0.02176626
v 0.17143092 0.3401716 0.02727223
v 0.111886226 0.45434174 0.024056993
v 0.054631192 0.50491846 0.01376451
v 3.5347812E-22 0.50491846 0.013876693
v 1.3025904E-30 0.53190297 0.006891284
v -2.7755576E-18 0.55395496 0.0025000002
v -0.05363455 0.55395496 0.0025000002
v 0.054631192 0.47684392 0.022000039
v -0.054631192 0.53190297 0.0068184882
v -0.11087737 0.55395496 0.0025000002
v 0.111886226 0.4019777 0.02632021
v 0.054631192 0.4543554 0.024387134
v -0.111886226 0.53190297 0.0067421957
v -0.17143093 0.55395496 0.0025000002
v 0.111886226 0.3401716 0.027743531
v -0 0.098051235 0.032540597
v 0.054631192 0.4019777 0.026754925
v 8.990468E-19 0.4768477 0.022223106
v -0.054631192 0.50491846 0.013764515
v -0.17143093 0.53190297 0.006662853
v -0.22699852 0.55395496 0.0025000002
v 7.247133E-31 0.45436832 0.024702147
v -0.054631192 0.47684392 0.02200005
v -0.111886226 0.50491846 0.013646944
v 0.054631192 0.3401716 0.028196711
v -0.22784579 0.53190297 0.00658768
v -0.29160115 0.55395496 0.0025000002
v -0.17143092 0.50491846 0.013524674
v -0.111886226 0.47684 0.02176628
v 3.5549448E-31 0.4019777 0.027169717
v -0.2923483 0.53190297 0.006649629
v -0.35048637 0.55395496 0.0025000002
v -0.054631192 0.4543554 0.02438715
v -0.22784579 0.50491846 0.013408831
v -0.054631192 0.4019777 0.026754946
v -0 0.3401716 0.028629122
v -0.054631192 0.3401716 0.028196732
v -0.17143093 0.47683588 0.021523163
v -0.111886226 0.45434174 0.024057023
v -0.111886226 0.4019777 0.026320253
v -0.17143092 0.45432764 0.023713697
v -0.22784582 0.47683197 0.021292824
v -0.111886226 0.3401716 0.027743576
v -0.17143093 0.4019777 0.025868176
v -0.2923483 0.50491846 0.013641708
v -0.22784582 0.4543143 0.023388414
v -0.29984996 0.47682747 0.02157743
v -0.33185625 0.53190297 0.0075726146
v -0.31379303 0.50491846 0.013898121
v -0.3404572 0.53190297 0.006887037
v -0.3461912 0.53190297 0.0064299847
v -0.3543578 0.55395496 0.0025000002
v -0.32759094 0.50491846 0.0135750715
v -0.22784579 0.4019777 0.025439862
v -0.2958785 0.45429894 0.023678143
v -0.31542528 0.47682616 0.019951548
v -0.33767194 0.50491846 0.013183311
v -0.3509536 0.53190297 0.0046477583
v -0.17143093 0.3401716 0.027272297
v -0.17143093 0.098051235 0.031107783
v -0.22784582 0.3401716 0.026825786
v -0.29146573 0.4019777 0.025812853
v -0.30767 0.45429578 0.022712678
v -0.33037683 0.47682485 0.018325666
v -0.34541368 0.50491846 0.0064668977
v -0.32662684 0.45429084 0.021188015
v -0 -0.18795326 0.029924804
v -0.17143093 -0.18795325 0.028511716
v -0.35209376 0.53190297 0.002569937
v -0.34049806 0.47689095 0.007845945
v -0.35276413 0.53190297 2.5313141E-17
v -0.3543578 0.55395496 -1.3883226E-06
v -0.34902325 0.50491846 2.8805066E-18
v -0.3474987 0.50491846 0.003657581
v -0.34560424 0.47691914 -6.9129424E-11
v -0.3383368 0.4543551 0.008622887
v -0.34446618 0.4543856 0.00015388735
v -0.32219124 0.4019777 0.024013845
v -0.33575696 0.4019777 0.009440013
v -0.34270725 0.4019777 0.0003111945
v -0.3416636 0.3401716 0.00031119442
v -0.28970063 0.3401716 0.027322141
v -0.31848243 0.3401716 0.02610143
v -0.3340282 0.3401716 0.009744314
v -0.33190763 0.098051235 0.010163569
v -0.3404102 0.098051235 0.00031119437
v -0.34156278 -0.18795326 0.00031119437
v -0.29015172 0.09805124 0.031273384
v -0.31410405 0.098051235 0.029900556
v -0.33392736 -0.18795326 0.010163561
v -0.3202798 -0.18795326 0.027284771
v -0.33644 -0.3484496 0.010597084
v -0.29220292 -0.18795325 0.028576452
v -0.3258538 -0.3484496 0.02599175
v -0.33095104 -0.42758122 0.02315033
v -0.17143093 -0.3484496 0.026778717
v -0.29594097 -0.3484496 0.027163355
v -0.30755448 -0.42758122 0.023793535
v -0.29220292 -0.42758122 0.02421557
v 0.34900826 0.50491846 2.8805066E-18
v 0.3527491 0.53190297 1.7355234E-17
v 0.35207877 0.53190297 -0.002569937
v 0.3474837 0.50491846 -0.003657581
v 0.34558925 0.47691914 -6.9129424E-11
v 0.3453987 0.50491846 -0.0063915187
v 0.35093865 0.53190297 -0.0046477583
v 0.3404831 0.47689095 -0.007770566
v 0.33765694 0.50491846 -0.012165904
v 0.34617618 0.53190297 -0.0068496685
v 0.2923483 0.50491846 -0.012964206
v 0.3319902 0.53190297 -0.007029833
v 0.2923483 0.528148 -0.008385055
v 0.26009703 0.52725357 -0.008345959
v 0.3303618 0.4768249 -0.016591456
v 0.3383218 0.4543551 -0.008277008
v 0.34445116 0.4543856 0.00015388735
v 0.22784579 0.50491846 -0.012425139
v 0.22784579 0.5291055 -0.008306863
v 0.20119508 0.53190297 -0.007439622
v 0.2923483 0.47682795 -0.017644899
v 0.32661182 0.45429078 -0.018231386
v 0.33574197 0.4019777 -0.008817624
v 0.34269232 0.4019777 0.0003111945
v 0.34164867 0.3401716 0.00031119442
v 0.22784582 0.4768331 -0.017074265
v 0.2923483 0.45430017 -0.019434385
v 0.32217628 0.4019777 -0.0206797
v 0.33401322 0.3401716 -0.009121924
v 0.3403952 0.098051235 0.00031119437
v 0.22784579 0.4543179 -0.018889418
v 0.2923483 0.4019777 -0.021885984
v 0.31935096 0.3401716 -0.021355847
v 0.33189264 0.098051235 -0.00954118
v 0.3415478 -0.18795326 0.00031119437
v 0.31585613 0.098051235 -0.02225861
v 0.29220292 0.09805123 -0.023650436
v 0.2923483 0.3401716 -0.022726538
v 0.33391234 -0.18795326 -0.0095411725
v 0.34332338 -0.3484496 0.00031119442
v 0.22784579 0.4019777 -0.021056646
v 0.22784579 0.3401716 -0.02219568
v 0.32026482 -0.18795326 -0.022258593
v 0.33642498 -0.3484496 -0.009974695
v 0.3396922 -0.42758122 -0.00919601
v 0.34637198 -0.42758122 0.00024491717
v 0.34058863 -0.44929132 -0.008534011
v 0.3472103 -0.4493416 0.00015388735
v 0.34191263 -0.46550956 -0.0073805125
v 0.3480324 -0.46555185 -5.8535045E-11
v 0.34525165 -0.4829546 -0.006280482
v 0.35028526 -0.4829546 7.682037E-18
v 0.35136503 -0.5054166 -0.0022624328
v 0.35274357 -0.5054166 0
v 0.3543428 -0.52329195 -0.0025027767
v 0.3488788 -0.50541663 -0.0049393503
v 0.35047135 -0.52329195 -0.002502779
v 0.33823165 -0.4829546 -0.013865846
v 0.33409187 -0.4654994 -0.017331362
v 0.3323354 -0.44930568 -0.018594038
v 0.34601855 -0.5054166 -0.007622931
v 0.29220292 -0.4829546 -0.014508607
v 0.29220292 -0.5054166 -0.008151267
v 0.29220292 -0.52329195 -0.002502779
v 0.17143093 -0.52329195 -0.002502779
v 0.17143093 -0.5054166 -0.007706304
v 0.043942526 -0.52329195 -0.002502779
v 0.043942526 -0.5054166 -0.0077671856
v 0.29220292 -0.46549478 -0.018295487
v 0.17143093 -0.4829546 -0.013393295
v 0.043942526 -0.4829546 -0.013032118
v 0.031347435 -0.4829546 -0.01242471
v 0.17143093 -0.46548134 -0.017447153
v 0.043942526 -0.46546718 -0.017537905
v 0.023905098 -0.46546718 -0.0169305
v 0.29220292 -0.4493073 -0.019860163
v 0.043942526 -0.44931722 -0.020500062
v 0.019638222 -0.44931722 -0.01970849
v 0.018844962 -0.42758122 -0.021284396
v 0.17143093 -0.44931212 -0.019657476
v 0.043942526 -0.42758122 -0.021932987
v 0.01595704 -0.3484496 -0.023035822
v 0.33093604 -0.42758122 -0.020312613
v 0.17143093 -0.42758116 -0.02121612
v 0.043942526 -0.3484496 -0.023035822
v 0.012814119 -0.18795326 -0.024898624
v 0.3258388 -0.3484496 -0.02277704
v 0.29220292 -0.42758122 -0.021612417
v 0.17143093 -0.3484496 -0.022918789
v 0.29220295 -0.3484496 -0.0239843
v 0.29220292 -0.18795326 -0.023690585
v 0.17143093 -0.18795326 -0.023680577
v 0.043942526 -0.18795326 -0.024898624
v 0.17143093 0.098051235 -0.023660848
v 0.043942526 0.098051235 -0.024898645
v 0.010907893 0.098051235 -0.024898643
v 0.17143093 0.3401716 -0.022713453
v 0.111886226 0.3401716 -0.023259953
v 0.043942526 0.3401716 -0.023883538
v 0.012814119 0.3401716 -0.023883538
v 0.01595704 0.4019777 -0.021791533
v 0.17143093 0.4019777 -0.021282082
v 0.043942526 0.4019777 -0.02179153
v 0.019638222 0.45436832 -0.020114677
v 0.17143093 0.45433336 -0.019265283
v 0.111886226 0.4019777 -0.021520024
v 0.17143093 0.4768376 -0.017339956
v 0.111886226 0.45434967 -0.019662
v 0.043942526 0.45436832 -0.020114677
v 0.043942526 0.4768477 -0.017940374
v 0.022926122 0.4768477 -0.01738555
v 0.17143093 0.50491846 -0.012558321
v 0.111886226 0.4768423 -0.017620387
v 0.043942526 0.50491846 -0.012859287
v 0.03026086 0.50491846 -0.011969232
v 0.043942537 0.53190297 -0.008013533
v 0.111886226 0.50491846 -0.012698889
v 0.17143093 0.53190297 -0.0075225905
v 0.17143093 0.5361511 -0.006780161
v 0.111320734 0.5446075 -0.0048096054
v 0.111886226 0.53190297 -0.0077518895
v 0.05344973 0.55263597 -0.0028282767
v 0.043942537 0.55395496 -0.002502779
v 0.043942537 0.5536805 -0.006117001
v 0.043942537 0.55395496 -0.002502779
v 5.399405E-20 0.55395496 -0.002502779
v 1.5438063E-18 0.5539381 -0.0050692135
v -0.043942526 0.55395496 -0.002502779
v 0.043942526 -0.52337354 -0.005634706
v -7.6626274E-19 -0.52329195 -0.002502779
v 0.043942526 -0.52329195 -0.002502779
v 1.1619862E-18 -0.5232007 -0.0048667956
v -0.043942526 -0.52329195 -0.002502779
v -0.043942526 -0.5054166 -0.0065378933
v -0.043942526 -0.52329195 -0.002502779
v 1.1619862E-18 -0.5232007 -0.0048667956
v 1.6679513E-18 -0.5054166 -0.00744956
v 0.043942526 -0.52337354 -0.005634706
v 0.043942526 -0.5054166 -0.009620569
v -0.043942526 -0.4829546 -0.013032118
v 0.043942526 -0.4829546 -0.016404407
v -5.6279973E-19 -0.4829546 -0.014684451
v 0.043942526 -0.46546718 -0.020714931
v -0.043942526 -0.46546718 -0.017537907
v -1.4256849E-18 -0.46546718 -0.019190243
v 0.043942526 -0.44931722 -0.02374769
v -2.2613395E-18 -0.44931722 -0.022189116
v -0.043942526 -0.44931722 -0.020500062
v -0.043942526 -0.42758122 -0.021932987
v 3.1521007E-19 -0.42758122 -0.023935376
v 0.043942526 -0.42758122 -0.02641691
v -0.043942526 -0.3484496 -0.023035822
v 1.4721537E-18 -0.3484496 -0.025783563
v 0.043942526 -0.3484496 -0.031135246
v -0.043942526 -0.18795326 -0.024898624
v 1.2563508E-18 -0.18795326 -0.02973159
v 0.043942526 -0.18795326 -0.037777673
v -0.043942526 0.098051235 -0.024898645
v 0.043942526 0.098051235 -0.040521953
v -7.614751E-20 0.098051235 -0.030678606
v -0.043942526 0.3401716 -0.023883538
v 0.043942526 0.3401716 -0.035169378
v -4.3099216E-18 0.3401716 -0.027512882
v -0.043942526 0.4019777 -0.02179153
v -3.1229888E-18 0.4019777 -0.024540639
v 0.043942526 0.4019777 -0.030189952
v -0.043942526 0.45436832 -0.020114677
v 4.251649E-19 0.45436832 -0.022345321
v 0.043942526 0.45436832 -0.025473991
v 0.043942526 0.4768477 -0.02241317
v -2.7856548E-18 0.4768477 -0.020122524
v -0.043942526 0.4768477 -0.017940374
v -0.043942526 0.50491846 -0.012859287
v 0.043942526 0.50491846 -0.016161455
v -1.4822577E-18 0.50491846 -0.0145116225
v -0.043942537 0.53190297 -0.0073779686
v -1.5681295E-18 0.53190297 -0.007982253
v -0.043942526 0.55395496 -0.002502779
v 0.043942537 0.53190297 -0.010418089
v 1.5438063E-18 0.5539381 -0.0050692135
v 0.043942537 0.5536805 -0.006117001
v 0.043942537 0.5536805 -0.006117001
v 0.043942537 0.53190297 -0.008013533
v 0.043942537 0.55395496 -0.002502779
v 0.043942537 0.53190297 -0.010418089
v 0.043942526 0.50491846 -0.016161455
v 0.043942526 0.50491846 -0.014213107
v 0.043942526 0.4768477 -0.02241317
v 0.043942526 0.4768477 -0.02046482
v 0.043942526 0.45436832 -0.025473991
v 0.043942526 0.45436832 -0.023482343
v 0.043942526 0.4019777 -0.030189952
v 0.043942526 0.4019777 -0.02815405
v 0.043942526 0.3401716 -0.035169378
v 0.043942526 0.3401716 -0.033133477
v 0.043942526 0.098051235 -0.040521953
v 0.043942526 0.098051235 -0.037334997
v 0.043942526 -0.18795326 -0.037777673
v 0.043942526 -0.18795326 -0.035741773
v 0.043942526 -0.3484496 -0.031135246
v 0.043942526 -0.3484496 -0.029099343
v 0.043942526 -0.42758122 -0.0243268
v 0.043942526 -0.42758122 -0.02641691
v 0.043942526 -0.44931722 -0.02374769
v 0.043942526 -0.44931722 -0.021756044
v 0.043942526 -0.46546718 -0.020714931
v 0.043942526 -0.46546718 -0.018766584
v 0.043942526 -0.4829546 -0.016404407
v 0.043942526 -0.4829546 -0.014456058
v 0.043942526 -0.5054166 -0.009620569
v 0.043942526 -0.5054166 -0.0077671856
v 0.043942526 -0.52337354 -0.005634706
v 0.043942526 -0.52329195 -0.002502779
v 0.043942526 0.50491846 -0.014213107
v 0.03026086 0.50491846 -0.011969232
v 0.043942537 0.53190297 -0.008013533
v 0.043942526 0.4768477 -0.02046482
v 0.022926122 0.4768477 -0.01738555
v 0.043942526 0.45436832 -0.023482343
v 0.019638222 0.45436832 -0.020114677
v 0.043942526 0.4019777 -0.02815405
v 0.01595704 0.4019777 -0.021791533
v 0.043942526 0.3401716 -0.033133477
v 0.012814119 0.3401716 -0.023883538
v 0.043942526 0.098051235 -0.037334997
v 0.010907893 0.098051235 -0.024898643
v 0.043942526 -0.18795326 -0.035741773
v 0.012814119 -0.18795326 -0.024898624
v 0.043942526 -0.3484496 -0.029099343
v 0.01595704 -0.3484496 -0.023035822
v 0.018844962 -0.42758122 -0.021284396
v 0.043942526 -0.42758122 -0.0243268
v 0.043942526 -0.44931722 -0.021756044
v 0.019638222 -0.44931722 -0.01970849
v 0.043942526 -0.46546718 -0.018766584
v 0.023905098 -0.46546718 -0.0169305
v 0.043942526 -0.4829546 -0.014456058
v 0.031347435 -0.4829546 -0.01242471
v 0.043942526 -0.5054166 -0.0077671856
vt 1.0118613 0.047532015
vt 1.0212958 0.037310775
vt 1.0118593 0.047532015
vt 1.0352705 0.024535038
vt 1.0352705 0.024535002
vt 1.0212958 0.037310775
vt 1.0479071 0.0040062526
vt 1.0479071 0.0040062526
vt 1.0958756 0.0040062526
vt 1.0958755 0.024535002
vt 1.0972446 0.037310775
vt 1.1855731 0.024535002
vt 1.1855731 0.0040062526
vt 1.1868651 0.037310775
vt 1.2637718 0.024535002
vt 1.2637718 0.0040062526
vt 1.2636359 0.037310775
vt 1.3471591 0.009540561
vt 1.3471591 0.0042732833
vt 1.425647 0.009540561
vt 1.425647 0.0042732833
vt 1.5011142 0.009540561
vt 1.5011142 0.0042732833
vt 1.5765817 0.009540561
vt 1.5765817 0.0042732833
vt 1.6561329 0.009540561
vt 1.6561329 0.0042732833
vt 1.7384571 0.009540561
vt 1.7384571 0.0042732833
vt 1.8166556 0.009540561
vt 1.8166556 0.0042732833
vt 1.9063532 0.009540561
vt 1.9063532 0.0042732833
vt 1.972254 0.009540561
vt 1.9634657 0.0042732833
vt 1.9063534 0.022617845
vt 1.9642512 0.024031188
vt 1.98489 0.024535002
vt 1.8615044 0.022108233
vt 1.8166556 0.02316698
vt 1.7796217 0.024793467
vt 1.7384571 0.024728807
vt 1.7381349 0.027191076
vt 1.6563693 0.02477724
vt 1.6551883 0.031906508
vt 1.5765818 0.024535002
vt 1.5756536 0.03647678
vt 1.562017 0.037278887
vt 1.5011144 0.024535002
vt 1.5011144 0.037310775
vt 1.5011144 0.038349383
vt 1.425647 0.024535002
vt 1.4266062 0.037310775
vt 1.4268019 0.039521914
vt 1.3462286 0.024535002
vt 1.3474871 0.037310775
vt 1.34749 0.043132696
vt 1.2635909 0.048923794
vt 1.2250955 0.049033165
vt 1.2250955 0.050554156
vt 1.1866001 0.05182813
vt 1.1866001 0.04914254
vt 1.1642228 0.05228284
vt 1.1418455 0.04865307
vt 1.1418455 0.05182813
vt 1.097091 0.049555622
vt 1.097091 0.0481636
vt 1.0562919 0.047847845
vt 1.0179429 0.04760341
vt 1.0118593 0.047532015
vt 1.9898605 0.024791377
vt 1.98489 0.024535038
vt 1.9889319 0.024791377
vt 1.98489 0.024535038
vt 1.98489 0.024535019
vt 1.9889319 0.024791377
vt 1.9889189 0.73420596
vt 1.9942882 0.77330744
vt 1.9942492 0.73420596
vt 1.988922 0.7733073
vt 1.9453732 0.7733074
vt 1.9453734 0.7342059
vt 1.9067379 0.73420596
vt 1.9889221 0.8124214
vt 1.9942882 0.8124215
vt 1.906738 0.77330744
vt 1.8616436 0.73420596
vt 1.9671474 0.81242114
vt 1.9889219 0.8342385
vt 1.9942882 0.83423835
vt 1.8616436 0.7733074
vt 1.8165493 0.73420596
vt 1.9671472 0.8342384
vt 1.9889218 0.8560557
vt 1.9942882 0.8560552
vt 1.8165491 0.77330744
vt 1.7777609 0.73420596
vt 1.9671471 0.8560557
vt 1.9889222 0.87787473
vt 1.9942882 0.8780764
vt 1.7777609 0.7733074
vt 1.7389727 0.73420596
vt 1.9671474 0.8778739
vt 1.9889221 0.8996916
vt 1.9942882 0.89969116
vt 1.7389728 0.7733074
vt 1.6967045 0.73420596
vt 1.9671474 0.8996911
vt 1.9889225 0.9198327
vt 1.9942882 0.9198317
vt 1.6967045 0.7733074
vt 1.6544363 0.73420596
vt 1.9671478 0.9198321
vt 1.9889205 0.939973
vt 1.994289 0.93997234
vt 1.988918 0.9629223
vt 1.9942671 0.9631414
vt 1.9927893 0.9724696
vt 1.9671514 0.939972
vt 1.9876964 0.97129726
vt 1.9885031 0.9808856
vt 1.9848717 0.9782938
vt 1.9818213 0.98754597
vt 1.9768168 0.97537327
vt 1.9670777 0.96440834
vt 1.9783577 0.951791
vt 1.9792386 0.98424846
vt 1.9734075 0.99183166
vt 1.9722425 0.987502
vt 1.9641145 0.9932909
vt 1.9638689 0.9886762
vt 1.9453722 0.9933499
vt 1.9453738 0.9886817
vt 1.9262681 0.9933557
vt 1.9553779 0.97749555
vt 1.9260569 0.98868644
vt 1.9066001 0.99335897
vt 1.9453729 0.96433115
vt 1.9067012 0.9886899
vt 1.8840358 0.9933628
vt 1.9562278 0.9521922
vt 1.9453734 0.93997234
vt 1.9260559 0.96458465
vt 1.8841075 0.9886938
vt 1.8614714 0.99336666
vt 1.945373 0.9198315
vt 1.9067388 0.96483815
vt 1.9260557 0.9399719
vt 1.8615985 0.9886973
vt 1.8390095 0.9933704
vt 1.9453727 0.8996906
vt 1.9260554 0.9198312
vt 1.8841798 0.96458626
vt 1.9067379 0.93997157
vt 1.8390739 0.9887012
vt 1.8165478 0.9933741
vt 1.9453726 0.87787306
vt 1.9260552 0.8996904
vt 1.9067378 0.9198309
vt 1.8616209 0.9643344
vt 1.8841906 0.93997157
vt 1.8165492 0.9887052
vt 1.7971535 0.9933773
vt 1.9453726 0.8560557
vt 1.9260551 0.87787294
vt 1.9067376 0.8996902
vt 1.8841904 0.9198309
vt 1.8390849 0.9643364
vt 1.8616432 0.93997157
vt 1.7971523 0.988708
vt 1.7777592 0.99338055
vt 1.8165488 0.9643384
vt 1.8390958 0.93997157
vt 1.8616431 0.9198309
vt 1.8841903 0.8996902
vt 1.7777554 0.9887109
vt 1.758365 0.99338377
vt 1.797153 0.9643399
vt 1.8165485 0.93997157
vt 1.839096 0.9198311
vt 1.7583586 0.98871374
vt 1.7389709 0.99338704
vt 1.7777572 0.9643414
vt 1.7971537 0.9399717
vt 1.7389618 0.98871666
vt 1.7178371 0.99339056
vt 1.7583613 0.9643428
vt 1.7178304 0.98872054
vt 1.6967032 0.9933941
vt 1.861643 0.8996902
vt 1.8165488 0.9198313
vt 1.777759 0.93997186
vt 1.7389654 0.96434414
vt 1.696699 0.9887244
vt 1.6755693 0.9933976
vt 1.8390961 0.8996905
vt 1.7971544 0.91983134
vt 1.758364 0.9399718
vt 1.717833 0.9643462
vt 1.8165491 0.89969087
vt 1.7777599 0.9198314
vt 1.7971549 0.89969087
vt 1.8616432 0.87787306
vt 1.8390961 0.8778733
vt 1.8165491 0.87787354
vt 1.8841903 0.87787294
vt 1.9067376 0.87787277
vt 1.926055 0.85605556
vt 1.9067374 0.85605544
vt 1.8841904 0.85605574
vt 1.8616434 0.85605603
vt 1.9453726 0.8342383
vt 1.9260552 0.83423835
vt 1.9453726 0.8124209
vt 1.9260552 0.81242114
vt 1.9067377 0.8342384
vt 1.9067379 0.8124214
vt 1.8841906 0.8342386
vt 1.8841908 0.81242144
vt 1.8616436 0.83423877
vt 1.8616436 0.81242144
vt 1.8390963 0.81242144
vt 1.8390963 0.8560561
vt 1.8390963 0.83423877
vt 1.8165491 0.85605615
vt 1.8165491 0.83423877
vt 1.8165491 0.81242144
vt 1.7971549 0.81242144
vt 1.7971549 0.83423877
vt 1.7971549 0.85605615
vt 1.7971549 0.87787354
vt 1.7777609 0.8996909
vt 1.7777609 0.87787354
vt 1.7777609 0.85605615
vt 1.7777609 0.83423877
vt 1.7777609 0.81242144
vt 1.7583668 0.81242144
vt 1.7583668 0.899691
vt 1.7583668 0.83423877
vt 1.7583668 0.8560562
vt 1.7583654 0.9198314
vt 1.738969 0.9399717
vt 1.7583668 0.8778736
vt 1.7389709 0.9198314
vt 1.7178359 0.9399718
vt 1.7389728 0.89969105
vt 1.7389727 0.87787366
vt 1.7389727 0.8560562
vt 1.7178373 0.91983145
vt 1.7178386 0.89969105
vt 1.6967008 0.96434814
vt 1.6967027 0.93997186
vt 1.7389727 0.8342388
vt 1.6967037 0.9198315
vt 1.6755676 0.9887283
vt 1.6544361 0.98873216
vt 1.6544354 0.99340117
vt 1.6344566 0.9934045
vt 1.6755685 0.96435016
vt 1.6755695 0.93997204
vt 1.6344573 0.9887355
vt 1.614478 0.9934079
vt 1.6544361 0.9643522
vt 1.67557 0.9198316
vt 1.6144787 0.98873883
vt 1.5944996 0.9934112
vt 1.6344573 0.9643539
vt 1.6544362 0.9399722
vt 1.6344575 0.9399723
vt 1.6144787 0.9643556
vt 1.5945001 0.98874223
vt 1.5745214 0.98874557
vt 1.5745211 0.9934145
vt 1.5945001 0.96435726
vt 1.5558021 0.98874867
vt 1.5558017 0.9934177
vt 1.5370824 0.99342084
vt 1.5745214 0.96435887
vt 1.5945001 0.9399722
vt 1.6144787 0.9399723
vt 1.6344575 0.91983163
vt 1.5370827 0.98875177
vt 1.5183632 0.99342394
vt 1.5558021 0.9643605
vt 1.5183634 0.9887549
vt 1.4996439 0.993427
vt 1.5370827 0.964362
vt 1.5558021 0.93997216
vt 1.5745214 0.93997216
vt 1.5945001 0.91983163
vt 1.499644 0.9887581
vt 1.4809247 0.99342394
vt 1.5183634 0.9643636
vt 1.4809247 0.988755
vt 1.4622055 0.99342084
vt 1.499644 0.9643652
vt 1.5183634 0.9399723
vt 1.5370827 0.9399722
vt 1.5558021 0.91983163
vt 1.4622054 0.9887518
vt 1.4434862 0.9934177
vt 1.4809247 0.9643636
vt 1.5745214 0.91983163
vt 1.5558021 0.8996911
vt 1.5370827 0.91983163
vt 1.5183635 0.91983163
vt 1.5183635 0.8996911
vt 1.499644 0.9399723
vt 1.4809247 0.9399723
vt 1.4622054 0.964362
vt 1.499644 0.9198317
vt 1.4809247 0.9198317
vt 1.5370827 0.8996911
vt 1.443486 0.98874867
vt 1.4622054 0.9399723
vt 1.5370827 0.87787366
vt 1.4247667 0.9887455
vt 1.4247668 0.9934145
vt 1.4047884 0.9934112
vt 1.443486 0.9643605
vt 1.404788 0.9887421
vt 1.38481 0.99340785
vt 1.4247667 0.9643589
vt 1.3848094 0.9887388
vt 1.3648312 0.9934045
vt 1.404788 0.96435726
vt 1.443486 0.9399723
vt 1.4247667 0.9399723
vt 1.404788 0.9399723
vt 1.3848094 0.9643555
vt 1.3648305 0.98873544
vt 1.4622054 0.9198317
vt 1.3448517 0.9887321
vt 1.3448524 0.9934012
vt 1.3237185 0.9933977
vt 1.4809247 0.8996911
vt 1.3237176 0.9887285
vt 1.3025846 0.99339414
vt 1.499644 0.8996911
vt 1.3648305 0.9643538
vt 1.3448517 0.96435213
vt 1.3237176 0.96435034
vt 1.3025836 0.988725
vt 1.2814493 0.98872
vt 1.2814507 0.99338603
vt 1.3025836 0.9643486
vt 1.3237177 0.9399722
vt 1.3848094 0.9399723
vt 1.3448519 0.9399722
vt 1.2603152 0.988715
vt 1.2603168 0.9933779
vt 1.404788 0.9198317
vt 1.3648306 0.9399723
vt 1.2409211 0.9887075
vt 1.2409228 0.99336135
vt 1.4247667 0.91983175
vt 1.3848094 0.91983163
vt 1.2215271 0.9887
vt 1.2215288 0.9933447
vt 1.404788 0.8996911
vt 1.443486 0.91983175
vt 1.2021353 0.98869145
vt 1.202134 0.9933232
vt 1.4247667 0.8996911
vt 1.4622054 0.8996911
vt 1.443486 0.8996911
vt 1.4809247 0.87787366
vt 1.1827434 0.98868287
vt 1.1827393 0.99330163
vt 1.4247667 0.87787366
vt 1.4622054 0.87787366
vt 1.499644 0.87787366
vt 1.16025 0.98867124
vt 1.1603569 0.99327856
vt 1.443486 0.87787366
vt 1.4809247 0.8560562
vt 1.5183635 0.87787366
vt 1.1377566 0.9886596
vt 1.1379745 0.9932555
vt 1.4622054 0.8560563
vt 1.499644 0.8560562
vt 1.1152958 0.98864585
vt 1.1153939 0.9932304
vt 1.4809247 0.8342388
vt 1.0926657 0.98863995
vt 1.0928133 0.9932053
vt 1.0732636 0.9886249
vt 1.0730214 0.9931879
vt 1.0539355 0.988618
vt 1.0539258 0.99317044
vt 1.0354215 0.9885978
vt 1.0351918 0.9931002
vt 1.0259129 0.99163365
vt 1.0270715 0.9874052
vt 1.0175563 0.9873889
vt 1.02012 0.98413587
vt 1.0109217 0.9807706
vt 1.0225209 0.9753123
vt 1.0322531 0.9643709
vt 1.014507 0.97820646
vt 1.0066509 0.97241133
vt 1.0116607 0.97125375
vt 1.0051837 0.9631281
vt 1.0104225 0.9629077
vt 1.0051285 0.940033
vt 1.0104047 0.9400063
vt 1.005118 0.91996
vt 1.0439326 0.97746867
vt 1.0539634 0.9643102
vt 1.0209517 0.95178336
vt 1.0104012 0.91990423
vt 1.0051042 0.89985746
vt 1.0321686 0.9399727
vt 1.0103927 0.8997788
vt 1.005086 0.87822324
vt 1.0732913 0.9645633
vt 1.043108 0.95216966
vt 1.0539693 0.93996805
vt 1.0321883 0.9198653
vt 1.0103897 0.8779528
vt 1.0050639 0.85615087
vt 1.0926192 0.9648164
vt 1.0732999 0.93995464
vt 1.0321871 0.89973176
vt 1.0539753 0.9198264
vt 1.0103803 0.85610485
vt 1.0050468 0.83429766
vt 1.1151731 0.9645596
vt 1.0926305 0.9399413
vt 1.0733045 0.9198112
vt 1.0321801 0.8779093
vt 1.0539815 0.8996848
vt 1.0103719 0.8342689
vt 1.0050297 0.8124445
vt 1.137727 0.96430284
vt 1.1151639 0.9399437
vt 1.0926337 0.919796
vt 1.0733092 0.89966774
vt 1.0321697 0.8560759
vt 1.0539703 0.8778658
vt 1.0103636 0.812433
vt 1.0050013 0.77330726
vt 1.0321574 0.8342507
vt 1.0539591 0.856047
vt 1.0732951 0.8778528
vt 1.0926368 0.8996507
vt 1.0103539 0.7733072
vt 1.0050185 0.73420596
vt 1.0103489 0.73420596
vt 1.032145 0.8124255
vt 1.0539155 0.7733073
vt 1.0539145 0.73420596
vt 1.09255 0.7733075
vt 1.09255 0.73420614
vt 1.1376443 0.7342069
vt 1.0539428 0.83423245
vt 1.073281 0.8560381
vt 1.0539265 0.812418
vt 1.0732441 0.81241703
vt 1.0732627 0.8342275
vt 1.0926199 0.87783986
vt 1.092603 0.85602915
vt 1.0925825 0.83422256
vt 1.0925618 0.812416
vt 1.1151679 0.8996556
vt 1.1151538 0.8778446
vt 1.1151397 0.85603356
vt 1.1151233 0.8342252
vt 1.1151068 0.81241673
vt 1.115166 0.9197997
vt 1.1376973 0.93994606
vt 1.1376982 0.9198033
vt 1.137699 0.8996605
vt 1.1376877 0.8778492
vt 1.1376765 0.85603803
vt 1.1602371 0.9643135
vt 1.1602242 0.9399558
vt 1.1827471 0.9643242
vt 1.1602246 0.9198141
vt 1.160225 0.8996724
vt 1.1827509 0.9399655
vt 1.2021371 0.9643301
vt 1.1827509 0.91982496
vt 1.1602182 0.8778587
vt 1.2215271 0.9643359
vt 1.202139 0.9399687
vt 1.182751 0.8996843
vt 1.2409211 0.96433973
vt 1.202139 0.9198282
vt 1.2215271 0.9399719
vt 1.2603152 0.9643436
vt 1.2409213 0.93997204
vt 1.2215271 0.9198314
vt 1.2021391 0.89968765
vt 1.1827487 0.8778682
vt 1.2814493 0.9643461
vt 1.2603153 0.9399722
vt 1.3025836 0.9399722
vt 1.2409213 0.9198315
vt 1.2814494 0.9399722
vt 1.3237177 0.91983163
vt 1.2603153 0.91983163
vt 1.2409213 0.899691
vt 1.3025836 0.9198317
vt 1.3448519 0.91983163
vt 1.2215271 0.8996909
vt 1.2814494 0.91983163
vt 1.3237177 0.8996911
vt 1.3025836 0.8996911
vt 1.2814494 0.8996911
vt 1.2603153 0.89969105
vt 1.2409213 0.87787366
vt 1.2215271 0.8778736
vt 1.2603153 0.87787366
vt 1.202138 0.8778709
vt 1.2409213 0.8560562
vt 1.2215271 0.8560563
vt 1.3025836 0.87787366
vt 1.2814494 0.87787366
vt 1.2603153 0.8560562
vt 1.2409213 0.83423895
vt 1.3237177 0.87787366
vt 1.3448519 0.8996911
vt 1.2021368 0.8560542
vt 1.2215271 0.834239
vt 1.1827463 0.8560521
vt 1.1602113 0.85604507
vt 1.1376642 0.83422774
vt 1.1602039 0.8342321
vt 1.1827435 0.8342365
vt 1.1601963 0.8124192
vt 1.1376519 0.81241745
vt 1.1376443 0.773308
vt 1.1827388 0.7733083
vt 1.1827387 0.7342074
vt 1.2215271 0.7342069
vt 1.2021353 0.83423775
vt 1.1827407 0.81242085
vt 1.2021339 0.8124213
vt 1.2215271 0.773308
vt 1.2215272 0.81242174
vt 1.2409213 0.8124216
vt 1.2603153 0.77330756
vt 1.2603154 0.7342062
vt 1.2603153 0.8342389
vt 1.3025836 0.7733074
vt 1.3025836 0.73420596
vt 1.3448519 0.7733074
vt 1.3448517 0.73420596
vt 1.3848094 0.73420596
vt 1.2603153 0.8124215
vt 1.2814494 0.81242144
vt 1.2814494 0.8560562
vt 1.2814494 0.8342389
vt 1.3025836 0.81242144
vt 1.3025836 0.8560562
vt 1.3025836 0.8342388
vt 1.3237177 0.81242144
vt 1.3237177 0.8560562
vt 1.3237177 0.8342388
vt 1.3448519 0.87787366
vt 1.3448519 0.8560562
vt 1.3448519 0.8342388
vt 1.3648306 0.8996911
vt 1.3648306 0.87787366
vt 1.3448519 0.81242144
vt 1.3648306 0.8560562
vt 1.3648306 0.8342388
vt 1.3648306 0.81242144
vt 1.3848094 0.7733074
vt 1.4247667 0.7733074
vt 1.4247665 0.73420596
vt 1.4622054 0.73420596
vt 1.3848094 0.81242144
vt 1.3848094 0.8342388
vt 1.404788 0.81242144
vt 1.3848094 0.8560562
vt 1.404788 0.83423877
vt 1.3848094 0.87787366
vt 1.404788 0.8560562
vt 1.4247667 0.83423877
vt 1.4247667 0.8124214
vt 1.443486 0.8124214
vt 1.4247667 0.8560562
vt 1.4622054 0.7733074
vt 1.499644 0.7733074
vt 1.499644 0.73420596
vt 1.5370827 0.73420596
vt 1.5370827 0.7733074
vt 1.5745215 0.73420596
vt 1.5745214 0.7733074
vt 1.6144787 0.73420596
vt 1.6144787 0.7733074
vt 1.6544362 0.7733074
vt 1.4622054 0.8124214
vt 1.4809247 0.81242144
vt 1.443486 0.83423877
vt 1.4622054 0.8342388
vt 1.443486 0.8560562
vt 1.404788 0.87787366
vt 1.3848094 0.89969105
vt 1.3648306 0.91983163
vt 1.499644 0.8342388
vt 1.499644 0.81242144
vt 1.5183634 0.81242144
vt 1.5183634 0.8560562
vt 1.5183634 0.8342388
vt 1.5370827 0.81242144
vt 1.5370827 0.8560562
vt 1.5370827 0.8342388
vt 1.5558021 0.81242144
vt 1.5558021 0.87787366
vt 1.5558021 0.8560562
vt 1.5558021 0.8342388
vt 1.5745214 0.81242144
vt 1.5745214 0.8342388
vt 1.5945001 0.81242144
vt 1.5745214 0.8560562
vt 1.5745214 0.87787366
vt 1.5945001 0.8342388
vt 1.5745214 0.89969105
vt 1.5945001 0.8560562
vt 1.5945001 0.89969105
vt 1.5945001 0.87787366
vt 1.6144787 0.87787366
vt 1.6144787 0.8560562
vt 1.6144787 0.8342388
vt 1.6144787 0.91983163
vt 1.6144787 0.89969105
vt 1.6344575 0.89969105
vt 1.6344575 0.87787366
vt 1.6344575 0.8560562
vt 1.6144787 0.81242144
vt 1.6344575 0.81242144
vt 1.6344575 0.8342388
vt 1.6544362 0.87787366
vt 1.6544362 0.91983163
vt 1.6544362 0.8560562
vt 1.6544362 0.8342388
vt 1.6544362 0.81242144
vt 1.6755704 0.81242144
vt 1.6544362 0.89969105
vt 1.6755704 0.89969105
vt 1.6755704 0.8342388
vt 1.6755704 0.87787366
vt 1.6755704 0.8560562
vt 1.6967045 0.89969105
vt 1.6967045 0.87787366
vt 1.7178385 0.87787366
vt 1.7178385 0.8560562
vt 1.6967045 0.8560562
vt 1.7178385 0.8342388
vt 1.6967045 0.8342388
vt 1.7178385 0.81242144
vt 1.6967045 0.81242144
vt 1.7389727 0.81242144
vt 1.0050356 0.49534836
vt 1.0051172 0.45625934
vt 1.0033021 0.4577563
vt 1.0033021 0.49480534
vt 1.0033021 0.53453654
vt 1.0050355 0.53446263
vt 1.0050355 0.5562787
vt 1.0033021 0.55631423
vt 1.0050355 0.57809484
vt 1.0033021 0.5780919
vt 1.0050355 0.60011715
vt 1.0033021 0.60002667
vt 1.0033021 0.62176013
vt 1.0050356 0.62173164
vt 1.0050356 0.6418725
vt 1.0033021 0.6418452
vt 1.0050356 0.66201365
vt 1.0033021 0.6620095
vt 1.0033021 0.68508226
vt 1.0050496 0.6851762
vt 1.0050299 0.6948019
vt 1.0065386 0.69449717
vt 1.0096375 0.70379174
vt 1.0108259 0.70288867
vt 1.0163602 0.71099025
vt 1.0174907 0.7095446
vt 1.0252917 0.7157256
vt 1.0258808 0.71382344
vt 1.0351638 0.71765
vt 1.0351973 0.71531266
vt 1.0539051 0.7153335
vt 1.0539061 0.717709
vt 1.0730076 0.7153367
vt 1.0730102 0.71771485
vt 1.0925401 0.71534
vt 1.0926782 0.71771806
vt 1.1150883 0.71534383
vt 1.1152425 0.71772194
vt 1.1376365 0.7153476
vt 1.1378069 0.7177258
vt 1.1601827 0.71535134
vt 1.1602688 0.7177295
vt 1.1827288 0.7153551
vt 1.1827306 0.7177332
vt 1.202123 0.7153584
vt 1.2021248 0.7177364
vt 1.2215173 0.7153616
vt 1.2215191 0.71773964
vt 1.2409115 0.7153648
vt 1.2409133 0.7177429
vt 1.2603055 0.71536803
vt 1.2603074 0.7177462
vt 1.2814397 0.7153716
vt 1.2814412 0.7177497
vt 1.3025738 0.7153751
vt 1.3025751 0.71775323
vt 1.3237079 0.71537864
vt 1.323709 0.71775675
vt 1.3448421 0.7153822
vt 1.3448429 0.71776026
vt 1.3648208 0.71538556
vt 1.3648217 0.71776366
vt 1.3847996 0.71538883
vt 1.3848003 0.71776706
vt 1.4047782 0.71539223
vt 1.4047787 0.71777034
vt 1.4247568 0.71539557
vt 1.4247572 0.7177736
vt 1.4434762 0.71539867
vt 1.4434766 0.7177768
vt 1.4621956 0.7154018
vt 1.4621959 0.71777993
vt 1.480915 0.71540487
vt 1.4809151 0.71778303
vt 1.4996343 0.71540797
vt 1.4996344 0.71778613
vt 1.5183537 0.71535647
vt 1.5183536 0.71778303
vt 1.537073 0.715305
vt 1.5370728 0.71777993
vt 1.5557926 0.7153019
vt 1.5557921 0.7177768
vt 1.574512 0.7152987
vt 1.5745115 0.7177736
vt 1.5944905 0.71529543
vt 1.5944899 0.7177703
vt 1.6144692 0.7152921
vt 1.6144683 0.71776694
vt 1.6344479 0.71528876
vt 1.6344471 0.71776366
vt 1.6544267 0.71528536
vt 1.6544259 0.7177604
vt 1.6755608 0.71528065
vt 1.6755598 0.7177568
vt 1.696695 0.715276
vt 1.6966937 0.71775323
vt 1.717829 0.7152667
vt 1.7178276 0.7177451
vt 1.738963 0.71525747
vt 1.7389615 0.717737
vt 1.7583296 0.7152419
vt 1.7583555 0.71772045
vt 1.7776961 0.7152264
vt 1.7777495 0.7177039
vt 1.796951 0.7152066
vt 1.7971443 0.7176823
vt 1.8162061 0.7151868
vt 1.816539 0.7176607
vt 1.8384175 0.71516496
vt 1.8389214 0.71763766
vt 1.860629 0.71514314
vt 1.8613038 0.7176146
vt 1.8829231 0.7151084
vt 1.88327 0.7175895
vt 1.9052172 0.7150736
vt 1.9052362 0.7175644
vt 1.925047 0.71502346
vt 1.9250281 0.717547
vt 1.9446847 0.7149546
vt 1.944861 0.7175296
vt 1.9638832 0.71483386
vt 1.9640865 0.7174594
vt 1.974036 0.715428
vt 1.9732242 0.7133219
vt 1.9830446 0.71152925
vt 1.9814891 0.7091158
vt 1.9897571 0.7039773
vt 1.9880409 0.70259154
vt 1.9945724 0.69445103
vt 1.9922817 0.69432294
vt 1.9959761 0.6853216
vt 1.9938043 0.68498135
vt 1.9959761 0.6615275
vt 1.9939197 0.6613126
vt 1.993978 0.6406951
vt 1.9959761 0.6414545
vt 1.9940195 0.6203084
vt 1.9959761 0.62042
vt 1.9959761 0.59891146
vt 1.9940516 0.5988245
vt 1.9940778 0.57715964
vt 1.9959761 0.5769641
vt 1.9940944 0.5556512
vt 1.9959761 0.5558011
vt 1.994111 0.5341428
vt 1.9959761 0.5346381
vt 1.9959761 0.49550086
vt 1.9941192 0.49530128
vt 1.9940187 0.4562809
vt 1.9959761 0.45639953
vt 1.988871 0.4562629
vt 1.9941192 0.49530128
vt 1.9940187 0.4562809
vt 1.9888822 0.4953032
vt 1.9453504 0.49532154
vt 1.9453621 0.4562594
vt 1.9067283 0.45625967
vt 1.9888786 0.5341665
vt 1.994111 0.5341428
vt 1.9670849 0.5342311
vt 1.9888692 0.55569
vt 1.9940944 0.5556512
vt 1.9067152 0.49533266
vt 1.861634 0.45626023
vt 1.9670448 0.5558182
vt 1.9888597 0.57721347
vt 1.9940778 0.57715964
vt 1.8616247 0.49534228
vt 1.8165399 0.45626053
vt 1.9670045 0.57740533
vt 1.9888555 0.5986687
vt 1.9940516 0.5988245
vt 1.8165362 0.49534923
vt 1.7777512 0.45626026
vt 1.9669528 0.59896475
vt 1.9888601 0.6203241
vt 1.9940195 0.6203084
vt 1.7777507 0.49535152
vt 1.7389628 0.4562597
vt 1.9669056 0.6206243
vt 1.9888107 0.640708
vt 1.993978 0.6406951
vt 1.7389629 0.49535167
vt 1.6966947 0.45625943
vt 1.966825 0.6409223
vt 1.9887732 0.66132617
vt 1.9939197 0.6613126
vt 1.9887177 0.6847665
vt 1.9938043 0.68498135
vt 1.9922817 0.6943229
vt 1.9668857 0.6613172
vt 1.6966947 0.49535152
vt 1.6544266 0.45625937
vt 1.9874793 0.69321567
vt 1.9880409 0.7025916
vt 1.984653 0.70016235
vt 1.9814891 0.7091158
vt 1.976682 0.69725966
vt 1.9668391 0.6861647
vt 1.9782127 0.67340803
vt 1.9790738 0.7060508
vt 1.9732242 0.7133219
vt 1.972125 0.70929056
vt 1.9638832 0.71483386
vt 1.9636688 0.71048814
vt 1.9446847 0.7149546
vt 1.9446881 0.71054024
vt 1.925047 0.71502346
vt 1.954986 0.6993547
vt 1.9248126 0.71058255
vt 1.9052172 0.7150736
vt 1.9447093 0.6860477
vt 1.9051914 0.7106459
vt 1.8829231 0.7151084
vt 1.9558177 0.6737579
vt 1.9447277 0.6613486
vt 1.9251103 0.6863493
vt 1.8828063 0.71064794
vt 1.860629 0.71514314
vt 1.9448394 0.6411365
vt 1.9055114 0.6866508
vt 1.9252951 0.6614784
vt 1.8606582 0.71065676
vt 1.8384175 0.71516496
vt 1.944951 0.62092453
vt 1.9254358 0.64159334
vt 1.8831906 0.6864445
vt 1.9058625 0.6616082
vt 1.8384391 0.71067035
vt 1.8162061 0.7151868
vt 1.9450502 0.5992608
vt 1.9255817 0.6210948
vt 1.9060321 0.64205015
vt 1.8608699 0.68623817
vt 1.8834721 0.66171396
vt 1.81622 0.7106839
vt 1.796951 0.7152066
vt 1.9451494 0.5775972
vt 1.9256966 0.5993946
vt 1.9062124 0.62126505
vt 1.883608 0.6421301
vt 1.8385794 0.6862777
vt 1.8610817 0.66181964
vt 1.7969593 0.7106923
vt 1.7776961 0.7152264
vt 1.816289 0.6863172
vt 1.8387197 0.6618851
vt 1.8611839 0.64221
vt 1.8837521 0.6213876
vt 1.7776985 0.71070063
vt 1.7583296 0.7152419
vt 1.7969987 0.68633413
vt 1.8163577 0.6619505
vt 1.8387842 0.64224726
vt 1.7583308 0.7107099
vt 1.738963 0.71525747
vt 1.7777086 0.686351
vt 1.7970383 0.661976
vt 1.738963 0.71071917
vt 1.717829 0.7152667
vt 1.7583358 0.68635815
vt 1.717829 0.7107258
vt 1.696695 0.715276
vt 1.8612916 0.62151015
vt 1.8163847 0.6422845
vt 1.7777188 0.6620014
vt 1.7389629 0.6863653
vt 1.6966949 0.7107324
vt 1.6755608 0.71528065
vt 1.8388523 0.62158734
vt 1.7970545 0.6422821
vt 1.7583408 0.6620064
vt 1.8164129 0.6216645
vt 1.7777245 0.6422797
vt 1.7970717 0.6216927
vt 1.6755607 0.7107365
vt 1.6544266 0.7107407
vt 1.6544267 0.71528536
vt 1.6344479 0.71528876
vt 1.6344478 0.710744
vt 1.6144692 0.7152921
vt 1.6966949 0.6863724
vt 1.6544266 0.68637663
vt 1.6144692 0.7107473
vt 1.5944905 0.71529543
vt 1.6755607 0.68637455
vt 1.7178289 0.6863688
vt 1.6344478 0.6863783
vt 1.6966947 0.6620124
vt 1.7389629 0.66201144
vt 1.7178288 0.6620119
vt 1.7583437 0.6422558
vt 1.7583466 0.6217264
vt 1.7389629 0.6422318
vt 1.7777303 0.6217209
vt 1.7777354 0.59990513
vt 1.6755606 0.66201246
vt 1.6966947 0.64216876
vt 1.7178288 0.6422003
vt 1.7389629 0.62173194
vt 1.7178288 0.621732
vt 1.7389629 0.59991455
vt 1.7583492 0.59990984
vt 1.6544265 0.6620126
vt 1.6344478 0.6620126
vt 1.614469 0.68637997
vt 1.5944905 0.71075064
vt 1.5745118 0.710754
vt 1.574512 0.7152987
vt 1.5944904 0.6863816
vt 1.5557923 0.71075714
vt 1.5557926 0.7153019
vt 1.537073 0.715305
vt 1.5745118 0.68638325
vt 1.5944903 0.6620126
vt 1.614469 0.66201264
vt 1.537073 0.71076024
vt 1.5183537 0.71535647
vt 1.5557923 0.68638486
vt 1.5183537 0.71077967
vt 1.4996343 0.71540797
vt 1.5370729 0.68638647
vt 1.5557923 0.66201264
vt 1.5745116 0.6620126
vt 1.4996343 0.71079904
vt 1.480915 0.71540487
vt 1.5944904 0.642015
vt 1.5183536 0.6863963
vt 1.480915 0.7107959
vt 1.4621956 0.7154018
vt 1.4996343 0.68640614
vt 1.5183536 0.66201293
vt 1.5370729 0.6620127
vt 1.5557923 0.6419568
vt 1.4621956 0.7107928
vt 1.4434762 0.71539867
vt 1.480915 0.6864046
vt 1.5745118 0.64198494
vt 1.5183536 0.64190066
vt 1.4996343 0.6620132
vt 1.480915 0.6620132
vt 1.4621956 0.68640304
vt 1.4434762 0.7107896
vt 1.5370729 0.6419287
vt 1.5557923 0.621732
vt 1.4247569 0.71078646
vt 1.4247568 0.71539557
vt 1.4047782 0.71539223
vt 1.4047782 0.7107831
vt 1.3847996 0.71538883
vt 1.3847996 0.7107798
vt 1.3648208 0.71538556
vt 1.4047782 0.68639815
vt 1.4247569 0.6863998
vt 1.4434762 0.6864014
vt 1.4621956 0.66201323
vt 1.480915 0.6419008
vt 1.4996343 0.64187264
vt 1.5183536 0.621732
vt 1.5370729 0.621732
vt 1.4047782 0.6620132
vt 1.4247569 0.6620131
vt 1.4434762 0.6620132
vt 1.4621956 0.6419289
vt 1.480915 0.621732
vt 1.4996343 0.62173206
vt 1.3847996 0.6863965
vt 1.3648208 0.71077645
vt 1.3448421 0.7107731
vt 1.3448421 0.7153822
vt 1.3237079 0.71537864
vt 1.3237079 0.7107696
vt 1.3025738 0.7153751
vt 1.3448421 0.68639314
vt 1.3648208 0.6863948
vt 1.3847996 0.6620132
vt 1.4047782 0.64201534
vt 1.4247569 0.6419853
vt 1.4434762 0.6419571
vt 1.4621956 0.621732
vt 1.3648208 0.6620132
vt 1.3847997 0.6420454
vt 1.4047782 0.621732
vt 1.4247569 0.621732
vt 1.4434762 0.621732
vt 1.3448421 0.6620131
vt 1.4247569 0.59991455
vt 1.480915 0.5999146
vt 1.4621956 0.59991455
vt 1.4996343 0.59991467
vt 1.4434762 0.59991455
vt 1.480915 0.5780972
vt 1.5183536 0.5999146
vt 1.5370729 0.59991455
vt 1.5183536 0.5780972
vt 1.4621956 0.57809716
vt 1.4996343 0.5780972
vt 1.5557923 0.59991455
vt 1.480915 0.5562798
vt 1.4434762 0.57809716
vt 1.4621956 0.5562798
vt 1.4247569 0.57809716
vt 1.5370729 0.57809716
vt 1.5557923 0.57809716
vt 1.5745116 0.59991455
vt 1.5183536 0.5562798
vt 1.4996343 0.5562798
vt 1.480915 0.5344624
vt 1.5745116 0.621732
vt 1.5944903 0.621732
vt 1.5944903 0.59991455
vt 1.614469 0.6420451
vt 1.6344478 0.6420752
vt 1.6544266 0.6421052
vt 1.6344477 0.621732
vt 1.6144689 0.621732
vt 1.614469 0.59991455
vt 1.5944903 0.57809716
vt 1.6755607 0.642137
vt 1.6966947 0.621732
vt 1.6755606 0.621732
vt 1.7178288 0.59991455
vt 1.6966947 0.59991455
vt 1.6544265 0.621732
vt 1.7178288 0.57809716
vt 1.6755606 0.59991455
vt 1.6544265 0.59991455
vt 1.6755606 0.57809716
vt 1.7389629 0.57809716
vt 1.6966947 0.57809716
vt 1.6344478 0.59991455
vt 1.6344478 0.57809716
vt 1.6544265 0.57809716
vt 1.614469 0.57809716
vt 1.7178288 0.5562798
vt 1.6755606 0.5562798
vt 1.6344478 0.5562798
vt 1.6966947 0.5562798
vt 1.6544265 0.5562798
vt 1.6755606 0.53446245
vt 1.5944903 0.5562798
vt 1.614469 0.5562798
vt 1.6344478 0.53446245
vt 1.6544265 0.53446245
vt 1.5745116 0.57809716
vt 1.5557923 0.5562798
vt 1.5745116 0.5562798
vt 1.5944903 0.53446245
vt 1.5370729 0.5562798
vt 1.5557923 0.53446245
vt 1.5183536 0.53446245
vt 1.614469 0.53446245
vt 1.614469 0.4953515
vt 1.5745116 0.53446245
vt 1.5745118 0.4953515
vt 1.5370729 0.53446245
vt 1.5370729 0.4953515
vt 1.4996343 0.5344624
vt 1.4996343 0.49534833
vt 1.6544265 0.4953515
vt 1.5370729 0.45625937
vt 1.5745119 0.45625937
vt 1.4996343 0.4562469
vt 1.614469 0.45625937
vt 1.4621956 0.4562469
vt 1.4621956 0.49534833
vt 1.4247568 0.4562469
vt 1.6966947 0.53446245
vt 1.7178288 0.53446245
vt 1.7389629 0.55627984
vt 1.7389629 0.5344625
vt 1.7583554 0.53446114
vt 1.7583516 0.5780933
vt 1.7583535 0.55627716
vt 1.7777478 0.5344597
vt 1.7777404 0.57808936
vt 1.777744 0.55627453
vt 1.7971332 0.5344523
vt 1.7970898 0.599881
vt 1.7971079 0.57806927
vt 1.7971206 0.5562608
vt 1.8165188 0.5344449
vt 1.8164443 0.59985685
vt 1.8164756 0.5780492
vt 1.8164972 0.55624706
vt 1.8390479 0.5344254
vt 1.8389094 0.5997919
vt 1.8390073 0.5562109
vt 1.8389666 0.5779965
vt 1.8613746 0.5997269
vt 1.8615173 0.55617476
vt 1.8614577 0.57794374
vt 1.8615769 0.5344058
vt 1.8841126 0.5343764
vt 1.8838588 0.5996277
vt 1.8839655 0.5778678
vt 1.8840392 0.55612206
vt 1.9066484 0.5343469
vt 1.906343 0.59952843
vt 1.9064734 0.57779187
vt 1.9065609 0.5560694
vt 1.9259698 0.5343213
vt 1.9258114 0.57769454
vt 1.9258907 0.5560079
vt 1.9452913 0.53429574
vt 1.9452204 0.55594647
vt 1.9914103 0.23673557
vt 1.9925861 0.23671883
vt 1.9919966 0.20833787
vt 1.99141 0.20829311
vt 1.9919969 0.18336049
vt 1.9914093 0.18335077
vt 1.9925861 0.23671883
vt 1.9925843 0.20834641
vt 1.9919966 0.20833787
vt 1.9919969 0.18336049
vt 1.9925845 0.1833702
vt 1.0071872 0.23669334
vt 1.0088645 0.23673558
vt 1.0088645 0.20832935
vt 1.0071872 0.2083716
vt 1.0088645 0.20832935
vt 1.0088645 0.23673558
vt 1.0126799 0.23673224
vt 1.0132561 0.2083322
vt 1.0543535 0.20910466
vt 1.0556357 0.23672679
vt 1.0946529 0.21314862
vt 1.0941087 0.23672813
vt 1.1391274 0.21885179
vt 1.1389732 0.2367251
vt 1.1614774 0.21997206
vt 1.1838512 0.23672003
vt 1.1838804 0.21888949
vt 1.2224579 0.21573667
vt 1.2224538 0.23672433
vt 1.2610563 0.21173126
vt 1.2610562 0.23673101
vt 1.3031218 0.21160804
vt 1.3031218 0.23673336
vt 1.3451878 0.19768864
vt 1.3451874 0.21148401
vt 1.3451873 0.2367336
vt 1.3849535 0.21066344
vt 1.3849533 0.23673408
vt 1.4247197 0.18895513
vt 1.4247192 0.20984267
vt 1.4247191 0.2367346
vt 1.4619788 0.20910431
vt 1.4619786 0.2367351
vt 1.499238 0.18579352
vt 1.4992383 0.20836656
vt 1.4992379 0.23673552
vt 1.5364975 0.20778833
vt 1.56031 0.18334469
vt 1.5364971 0.23673588
vt 1.5737567 0.18334478
vt 1.5737569 0.2072105
vt 1.5737566 0.23673607
vt 1.6135224 0.20751053
vt 1.6135224 0.23673604
vt 1.6532885 0.18334477
vt 1.6532886 0.20781067
vt 1.6532884 0.23673597
vt 1.6953541 0.20732681
vt 1.6953539 0.23673615
vt 1.7374198 0.18334506
vt 1.7374195 0.20684268
vt 1.7374196 0.23673636
vt 1.776022 0.20692427
vt 1.776022 0.23673639
vt 1.8146225 0.1833445
vt 1.8146619 0.20701577
vt 1.8146232 0.23673595
vt 1.8595806 0.20747375
vt 1.8595028 0.23673609
vt 1.9044462 0.18334454
vt 1.9044087 0.2079085
vt 1.9043789 0.2367312
vt 1.9429356 0.20811401
vt 1.94292 0.23672771
vt 1.9864429 0.18334658
vt 1.9863775 0.20833135
vt 1.9863876 0.23673303
vt 1.9914103 0.23673557
vt 1.991409 0.20832935
vt 1.9914093 0.18335077
vt 1.9917624 0.1456978
vt 1.9917625 0.17407021
vt 1.9865698 0.17408477
vt 1.986512 0.1456826
vt 1.9917626 0.12072151
vt 1.9865708 0.12069828
vt 1.9432088 0.17407924
vt 1.9431286 0.14546457
vt 1.9047586 0.12069603
vt 1.9046077 0.14525947
vt 1.9047606 0.17408271
vt 1.8596905 0.14482516
vt 1.8598801 0.17408763
vt 1.815006 0.12069601
vt 1.8149114 0.14436714
vt 1.815005 0.1740875
vt 1.7763994 0.14427565
vt 1.7763994 0.17408793
vt 1.7377971 0.12069657
vt 1.7377969 0.14419402
vt 1.737797 0.1740879
vt 1.6957314 0.14467818
vt 1.6957315 0.17408769
vt 1.6536652 0.12069638
vt 1.6536318 0.14516954
vt 1.6536655 0.1740876
vt 1.6138324 0.14487669
vt 1.6139 0.1740876
vt 1.5741469 0.12069903
vt 1.5741011 0.14456908
vt 1.5368747 0.14510724
vt 1.5741346 0.17408754
vt 1.5606631 0.12070821
vt 1.5368747 0.17408742
vt 1.4996151 0.17407003
vt 1.4996167 0.12323705
vt 1.4996157 0.14573252
vt 1.4623557 0.17406917
vt 1.4623563 0.14646651
vt 1.4250953 0.12630218
vt 1.4250966 0.14720291
vt 1.4250962 0.17406824
vt 1.385331 0.14802633
vt 1.3853304 0.17406726
vt 1.3455644 0.13492823
vt 1.3455648 0.14885111
vt 1.3455646 0.1740663
vt 1.3034993 0.1489778
vt 1.3034991 0.17406526
vt 1.261434 0.1491016
vt 1.2614337 0.17406219
vt 1.2228311 0.17405705
vt 1.2228309 0.15308219
vt 1.1842283 0.15618216
vt 1.1842287 0.17405438
vt 1.1618406 0.15729459
vt 1.1393511 0.17405723
vt 1.1394584 0.15618664
vt 1.0949275 0.15065429
vt 1.0944623 0.1740606
vt 1.0542511 0.14648005
vt 1.0558329 0.17406328
vt 1.0127277 0.14570525
vt 1.0121324 0.17406206
vt 1.0070866 0.17404386
vt 1.007383 0.14572412
vt 1.0050697 0.046809703
vt 1.0050697 0.046809703
vt 1.0104892 0.046809703
vt 1.0104892 0.046809703
vt 1.0517051 0.046809703
vt 1.0517051 0.046809703
vt 1.0929211 0.046809703
vt 1.0929211 0.046809703
vt 1.1381388 0.046809703
vt 1.1381388 0.046809703
vt 1.1607478 0.046809703
vt 1.1607478 0.046809703
vt 1.1833566 0.046809703
vt 1.1833566 0.046809703
vt 1.2222505 0.046809703
vt 1.2222505 0.046809703
vt 1.2611443 0.046809703
vt 1.2611443 0.046809703
vt 1.3459115 0.046809703
vt 1.3459115 0.046809703
vt 1.4260443 0.046809703
vt 1.4260443 0.046809703
vt 1.5011259 0.046809703
vt 1.5011259 0.046809703
vt 1.5626401 0.046809703
vt 1.5626593 0.046809703
vt 1.5762863 0.046809703
vt 1.656961 0.046809703
vt 1.6568071 0.046809703
vt 1.7411076 0.046809703
vt 1.7411076 0.046809703
vt 1.7827737 0.046809703
vt 1.7826496 0.046809703
vt 1.8200815 0.046809703
vt 1.8200815 0.046809703
vt 1.865229 0.046809703
vt 1.865229 0.046809703
vt 1.9103768 0.046809703
vt 1.9103768 0.046809703
vt 1.9658704 0.046809703
vt 1.9656675 0.046809703
vt 1.9777043 0.046809703
vt 1.985729 0.046809703
vt 1.985729 0.046809703
vt 1.9923959 0.046809703
vt 1.9923959 0.046809703
vt 1.993992 0.046809703
vt 1.993992 0.046809703
vt 1.9949303 0.046809703
vt 1.0118731 0.43895262
vt 1.0064682 0.3851816
vt 1.0064682 0.43895262
vt 1.0118731 0.38540083
vt 1.0079485 0.37583655
vt 1.0917093 0.3595836
vt 1.0917094 0.43895262
vt 1.0131177 0.37720543
vt 1.0122439 0.36740607
vt 1.2603151 0.35958448
vt 1.2603151 0.43895265
vt 1.036929 0.35958332
vt 1.0166806 0.3702244
vt 1.0189345 0.36071575
vt 1.029231 0.36109203
vt 1.0219185 0.36465538
vt 1.0273645 0.35642013
vt 1.0367097 0.35494003
vt 1.0917091 0.3549398
vt 1.260315 0.3549392
vt 1.499644 0.3549383
vt 1.499644 0.3595857
vt 1.499644 0.43895274
vt 1.7389729 0.3549392
vt 1.738973 0.35958448
vt 1.7389729 0.4389527
vt 1.9075786 0.35493982
vt 1.9075786 0.35958362
vt 1.9075787 0.43895265
vt 1.9615666 0.35494003
vt 1.9864033 0.43895262
vt 1.9613472 0.35958332
vt 1.9709115 0.35642013
vt 1.9864033 0.38540083
vt 1.9918078 0.43895262
vt 1.9918078 0.3851816
vt 1.9690458 0.3610919
vt 1.979342 0.36071575
vt 1.9851589 0.37720543
vt 1.9903281 0.37583655
vt 1.9815959 0.37022427
vt 1.9860327 0.36740607
vt 1.9763582 0.3646552
vt 1.0113863 0.33505166
vt 1.0059818 0.28128064
vt 1.0059818 0.33505166
vt 1.0113863 0.28149986
vt 1.0074615 0.27193558
vt 1.090211 0.25568265
vt 1.0902109 0.33505166
vt 1.0126307 0.27330446
vt 1.0117569 0.2635051
vt 1.2588167 0.25568348
vt 1.2588166 0.33505166
vt 1.4981787 0.2556846
vt 1.4367988 0.33505166
vt 1.4981456 0.33505166
vt 1.5594921 0.33505166
vt 1.0364424 0.25568235
vt 1.0161937 0.26632333
vt 1.0184476 0.25681478
vt 1.0287439 0.25719094
vt 1.0214314 0.2607544
vt 1.0268781 0.25251922
vt 1.036223 0.2510391
vt 1.090211 0.25103885
vt 1.2588167 0.25103825
vt 1.4981456 0.25103736
vt 1.7374747 0.25103825
vt 1.7374746 0.25568348
vt 1.9060805 0.25103885
vt 1.9060804 0.25568265
vt 1.7374744 0.33505172
vt 1.9060802 0.33505172
vt 1.96108 0.2510391
vt 1.9859165 0.33505166
vt 1.9608606 0.25568235
vt 1.9704251 0.25251922
vt 1.9859167 0.28149986
vt 1.9913214 0.33505166
vt 1.9913214 0.28128064
vt 1.9685587 0.25719106
vt 1.9788551 0.25681478
vt 1.984672 0.27330446
vt 1.9898411 0.27193558
vt 1.9758711 0.2607544
vt 1.9855458 0.2635051
vt 1.981109 0.26632345
vt 1.0048074 0.27989393
vt 1.0049609 0.33488715
vt 1.0059818 0.33505166
vt 1.0059818 0.28128064
vt 1.0074615 0.27193558
vt 1.006142 0.27111402
vt 1.0117569 0.2635051
vt 1.0103486 0.26273438
vt 1.0184476 0.25681478
vt 1.0171692 0.25567466
vt 1.0268781 0.25251922
vt 1.0260508 0.2508935
vt 1.036223 0.2510391
vt 1.0353413 0.2498868
vt 1.0903009 0.24936944
vt 1.090211 0.25103885
vt 1.2587422 0.2493693
vt 1.2588167 0.25103825
vt 1.4981424 0.24936903
vt 1.4981456 0.25103736
vt 1.7374747 0.25103825
vt 1.7391593 0.2493693
vt 1.9053105 0.24936944
vt 1.9060805 0.25103885
vt 1.961096 0.24932027
vt 1.96108 0.2510391
vt 1.9704251 0.25251922
vt 1.9712077 0.25097287
vt 1.9788551 0.25681478
vt 1.9799896 0.25567406
vt 1.9855458 0.2635051
vt 1.9870155 0.2630404
vt 1.9898411 0.27193558
vt 1.9910821 0.2712005
vt 1.9913214 0.28128064
vt 1.9929823 0.28122154
vt 1.9928606 0.33485156
vt 1.9913214 0.33505166
vt 1.0088645 0.18335077
vt 1.0088645 0.20829311
vt 1.0130678 0.20828828
vt 1.012557 0.18334593
vt 1.054587 0.20907313
vt 1.0941247 0.18334669
vt 1.0947047 0.20983768
vt 1.0946529 0.21314862
vt 1.1391274 0.21885179
vt 1.1389731 0.21103437
vt 1.1614774 0.21997206
vt 1.1838514 0.18335502
vt 1.1838509 0.21222658
vt 1.1838804 0.21888949
vt 1.2224579 0.21573667
vt 1.2224537 0.21196447
vt 1.2610564 0.21169509
vt 1.2610562 0.18334593
vt 1.3451878 0.19768864
vt 1.3451875 0.183343
vt 1.4247195 0.18334357
vt 1.4247197 0.18895513
vt 1.4992381 0.1833443
vt 1.499238 0.18579352
vt 1.56031 0.18334469
vt 1.0120137 0.1207165
vt 1.0073272 0.14559612
vt 1.0071342 0.12075051
vt 1.0125184 0.14561154
vt 1.0542511 0.14648005
vt 1.0943632 0.12071165
vt 1.0950558 0.14725702
vt 1.0949275 0.15065429
vt 1.1395049 0.14844805
vt 1.1394584 0.15618664
vt 1.1618406 0.15729459
vt 1.1842235 0.12071493
vt 1.1842282 0.14963597
vt 1.1842283 0.15618216
vt 1.2228314 0.14936805
vt 1.2228309 0.15308219
vt 1.261434 0.1491016
vt 1.2614336 0.12070979
vt 1.3455644 0.13492823
vt 1.3455646 0.12070719
vt 1.4250953 0.12630218
vt 1.4250927 0.12071387
vt 1.4385694 0.12072003
vt 1.4996167 0.12323705
vt 1.4996157 0.1207157
vt 1.5606631 0.12070821
vt 1.0080259 0.18337479
vt 1.0071872 0.18339881
vt 1.0071872 0.20824507
vt 1.0080259 0.20826909
vt 1.0088645 0.20829311
vt 1.0088645 0.18335077
vt 1.0080259 0.18337479
vt 1.0080259 0.20826909
vt 1.0118613 0.047532015
vt 1.0118593 0.047532015
vt 1.0212958 0.037310775
vt 1.0212958 0.037310775
vt 1.0352705 0.024535002
vt 1.0479071 0.0040062526
vt 1.0958756 0.0040062526
vt 1.0958755 0.024535002
vt 1.1855731 0.0040062526
vt 1.0212958 0.037310775
vt 1.1855731 0.024535002
vt 1.2637718 0.0040062526
vt 1.0972446 0.037310775
vt 1.2637717 0.024535038
vt 1.1868651 0.037310775
vt 1.3471591 0.009540561
vt 1.3471591 0.0042732833
vt 1.425647 0.0042732833
vt 1.425647 0.009540561
vt 1.5011142 0.0042732833
vt 1.3462286 0.024535002
vt 1.5011142 0.009540561
vt 1.5765817 0.0042732833
vt 1.2636359 0.037310775
vt 1.425647 0.024535002
vt 1.5765817 0.009540561
vt 1.6561329 0.0042732833
vt 1.3474871 0.037310775
vt 1.5011144 0.024535002
vt 1.6561329 0.009540561
vt 1.7384571 0.0042732833
vt 1.4266062 0.037310775
vt 1.5765818 0.024535002
vt 1.7384571 0.009540561
vt 1.8166556 0.0042732833
vt 1.6563693 0.02477724
vt 1.8166556 0.009540561
vt 1.9063532 0.0042732833
vt 1.9063532 0.009540561
vt 1.9634657 0.0042732833
vt 1.972254 0.009540561
vt 1.9634657 0.0042732833
vt 1.972254 0.009540561
vt 1.562017 0.037278887
vt 1.5756536 0.03647678
vt 1.6551883 0.031906508
vt 1.5011144 0.037310775
vt 1.5011144 0.038349383
vt 1.4268019 0.039521914
vt 1.34749 0.043132696
vt 1.2635909 0.048923794
vt 1.7384571 0.024728807
vt 1.7381349 0.027191076
vt 1.7795753 0.024792084
vt 1.8166556 0.02316698
vt 1.8615044 0.022108233
vt 1.9063534 0.022617845
vt 1.9639344 0.02402348
vt 1.9767296 0.024335828
vt 1.98489 0.024535038
vt 1.98489 0.024535038
vt 1.98489 0.024535038
vt 1.98489 0.024535019
vt 1.98489 0.024535002
vt 1.0179429 0.047588527
vt 1.0118593 0.047532015
vt 1.0562919 0.047847845
vt 1.097091 0.0481636
vt 1.097091 0.049501307
vt 1.1418455 0.051838472
vt 1.1418455 0.04865307
vt 1.1642228 0.052295987
vt 1.1866001 0.04914254
vt 1.1866001 0.05185339
vt 1.2250955 0.05056043
vt 1.2250955 0.049033165
vt 1.0101395 0.047532015
vt 1.0118593 0.047532015
vt 1.0118613 0.047532015
vt 1.0101395 0.047532015
vt 1.0118593 0.047532015
vt 1.0101395 0.047532015
vt 1.0155034 0.047532015
vt 1.0118593 0.047532015
vt 1.0179429 0.04760341
vt 1.0562972 0.047847845
vt 1.0562919 0.047847845
vt 1.097091 0.049555622
vt 1.097091 0.049555622
vt 1.1418455 0.05182813
vt 1.1418455 0.05182813
vt 1.1642228 0.05228284
vt 1.1642228 0.05228284
vt 1.1866001 0.05182813
vt 1.1866001 0.05182813
vt 1.2250955 0.050554156
vt 1.2250955 0.050554156
vt 1.2635909 0.048923794
vt 1.2635909 0.048923794
vt 1.34749 0.043132696
vt 1.34749 0.043144494
vt 1.4268019 0.039606452
vt 1.4268019 0.039521914
vt 1.5011144 0.038350694
vt 1.5011144 0.038349383
vt 1.5619984 0.037318286
vt 1.562017 0.037278887
vt 1.5751709 0.03656904
vt 1.5756536 0.03647678
vt 1.6551883 0.031906508
vt 1.6553532 0.032008335
vt 1.7381349 0.027191076
vt 1.7386379 0.02720461
vt 1.7796217 0.024793467
vt 1.7798772 0.024791377
vt 1.8166556 0.02316698
vt 1.8168027 0.023202216
vt 1.8615044 0.022108233
vt 1.8614879 0.022150218
vt 1.9061731 0.022658307
vt 1.9063534 0.022617845
vt 1.9642512 0.024031188
vt 1.9610984 0.024791377
vt 1.9807535 0.024791377
vt 1.98489 0.024535002
vt 1.98489 0.024535019
vt 1.9873521 0.024791377
vt 1.9889319 0.024791377
vt 1.4268019 0.03961067
vt 1.4268019 0.039521914
vt 1.5011144 0.03831572
vt 1.34749 0.043132696
vt 1.34749 0.043189064
vt 1.2635909 0.048923794
vt 1.2635909 0.048923794
vt 1.2250955 0.05056043
vt 1.2250955 0.05056043
vt 1.1866001 0.05185339
vt 1.1866001 0.05185339
vt 1.1642228 0.052295987
vt 1.1642228 0.052295987
vt 1.1418455 0.051838472
vt 1.1418455 0.051838472
vt 1.097091 0.049501307
vt 1.097091 0.049501307
vt 1.0562972 0.047847845
vt 1.0562919 0.047847845
vt 1.0179429 0.047588527
vt 1.0155034 0.047532015
vt 1.0118593 0.047532015
vt 1.4268019 0.039521914
vt 1.5011144 0.038349383
vt 1.5011144 0.03831572
vt 1.562017 0.037278887
vt 1.5011144 0.03831572
vt 1.562017 0.037278887
vt 1.5620174 0.037318286
vt 1.5756536 0.03647678
vt 1.5755049 0.036610954
vt 1.6552008 0.032029983
vt 1.6551883 0.031906508
vt 1.7381349 0.027191076
vt 1.7386379 0.027226258
vt 1.7795753 0.024792084
vt 1.7797544 0.024791377
vt 1.8166556 0.02316698
vt 1.8168027 0.023239808
vt 1.8615044 0.022108233
vt 1.8614879 0.022119712
vt 1.9063534 0.022617845
vt 1.9061731 0.02264146
vt 1.9639344 0.02402348
vt 1.9608974 0.024791377
vt 1.9728111 0.024791377
vt 1.9767296 0.024335828
vt 1.9807535 0.024791377
vt 1.98489 0.024535038
vt 1.9873521 0.024791377
vt 1.98489 0.024535038
vt 1.9889319 0.024791377
vt 1.98489 0.024535038
vt 1.9898605 0.024791377
vt 1.4247569 0.49534833
vt 1.3847996 0.4562469
vt 1.3847996 0.49534833
vt 1.344842 0.4562469
vt 1.3448421 0.49534833
vt 1.3025738 0.4562469
vt 1.3025738 0.49534833
vt 1.2603056 0.4562469
vt 1.2603055 0.49534833
vt 1.2215173 0.4562469
vt 1.4434762 0.5344624
vt 1.4621956 0.5344624
vt 1.4434762 0.5562798
vt 1.4247569 0.5344624
vt 1.4247569 0.5562798
vt 1.4047782 0.5344624
vt 1.4047782 0.5562798
vt 1.4047782 0.57809716
vt 1.4047782 0.59991455
vt 1.3847996 0.621732
vt 1.3847996 0.59991455
vt 1.3847996 0.57809716
vt 1.3847996 0.5562798
vt 1.3847996 0.5344624
vt 1.364821 0.6420754
vt 1.3648208 0.621732
vt 1.3448421 0.64210546
vt 1.3648208 0.59991455
vt 1.3648208 0.5344624
vt 1.3648208 0.5562798
vt 1.3648208 0.57809716
vt 1.3448421 0.5344624
vt 1.3448421 0.5562798
vt 1.3237079 0.5344624
vt 1.3448421 0.57809716
vt 1.3448421 0.59991455
vt 1.3237079 0.5562798
vt 1.3448421 0.621732
vt 1.3237079 0.57809716
vt 1.3237079 0.59991455
vt 1.3237079 0.621732
vt 1.3237079 0.6421373
vt 1.3237079 0.6620132
vt 1.3237079 0.68639135
vt 1.3025738 0.7107661
vt 1.3025738 0.6863896
vt 1.2814397 0.7107625
vt 1.2814397 0.7153716
vt 1.3025738 0.6620132
vt 1.3025738 0.6421692
vt 1.3025738 0.62173206
vt 1.2814397 0.6863878
vt 1.2603055 0.7107589
vt 1.2603055 0.71536803
vt 1.2814397 0.6620132
vt 1.2603055 0.686386
vt 1.2409115 0.7107557
vt 1.2409115 0.7153648
vt 1.3025738 0.5999146
vt 1.2814397 0.64220095
vt 1.2603055 0.6620131
vt 1.2409115 0.6863844
vt 1.2215173 0.7107525
vt 1.2215173 0.7153616
vt 1.3025738 0.57809716
vt 1.2603055 0.6422327
vt 1.2409115 0.6620131
vt 1.2215173 0.6863828
vt 1.2021232 0.7107493
vt 1.202123 0.7153584
vt 1.3025738 0.5562798
vt 1.2409115 0.64226186
vt 1.2215174 0.6620131
vt 1.2021234 0.68638104
vt 1.1827291 0.71074617
vt 1.1827288 0.7153551
vt 1.2215173 0.64229107
vt 1.2409115 0.62173194
vt 1.2021235 0.6620128
vt 1.1827294 0.6863793
vt 1.1601821 0.71074224
vt 1.1601827 0.71535134
vt 1.2603055 0.621732
vt 1.2814397 0.621732
vt 1.2603055 0.59991455
vt 1.2814397 0.59991455
vt 1.2814397 0.57809716
vt 1.1601822 0.68637735
vt 1.2603055 0.57809716
vt 1.2409115 0.59991455
vt 1.2409115 0.5780971
vt 1.2215173 0.6217319
vt 1.2215173 0.5999145
vt 1.2021233 0.6217318
vt 1.2021234 0.64232004
vt 1.2603055 0.5562798
vt 1.2409115 0.5562798
vt 1.2215173 0.5780971
vt 1.2021233 0.59991443
vt 1.2814397 0.5562798
vt 1.3025738 0.5344624
vt 1.2814397 0.5344624
vt 1.2603055 0.5344624
vt 1.2409115 0.53446233
vt 1.2215173 0.5562797
vt 1.2215173 0.49534833
vt 1.1827291 0.49534836
vt 1.1827289 0.4562469
vt 1.1376345 0.45624688
vt 1.2215173 0.53446233
vt 1.2021233 0.5780971
vt 1.2021232 0.53446233
vt 1.2021233 0.5562797
vt 1.1827291 0.5344624
vt 1.1827292 0.5562797
vt 1.1827292 0.57809705
vt 1.1601819 0.5344624
vt 1.1376346 0.4953484
vt 1.09254 0.4953484
vt 1.0925403 0.4562469
vt 1.0539049 0.4562469
vt 1.1827292 0.59991443
vt 1.160182 0.55627966
vt 1.160182 0.578097
vt 1.1827292 0.62173176
vt 1.1376346 0.55627966
vt 1.1376346 0.5344624
vt 1.1150873 0.5344624
vt 1.1601821 0.5999142
vt 1.1827295 0.64234906
vt 1.1376346 0.578097
vt 1.1150875 0.55627954
vt 1.1601822 0.6217314
vt 1.1827296 0.6620125
vt 1.137635 0.599914
vt 1.1601824 0.64238274
vt 1.1601822 0.6620125
vt 1.1376352 0.6217311
vt 1.1150877 0.57809675
vt 1.1376352 0.6424165
vt 1.137635 0.6620125
vt 1.1150879 0.5999139
vt 1.115088 0.62173116
vt 1.137635 0.6863754
vt 1.1150879 0.64245045
vt 1.1376351 0.71073824
vt 1.1376365 0.7153476
vt 1.1150876 0.6620125
vt 1.1150861 0.7107348
vt 1.1150883 0.71534383
vt 1.1150873 0.68662727
vt 1.0925395 0.7107309
vt 1.0925401 0.71534
vt 1.0925394 0.68687916
vt 1.0925403 0.6620125
vt 1.0925405 0.6424844
vt 1.0732213 0.71072745
vt 1.0730076 0.7153367
vt 1.0732224 0.68662566
vt 1.0732224 0.6620129
vt 1.0539045 0.7107226
vt 1.0539051 0.7153335
vt 1.0354095 0.7107171
vt 1.0351973 0.71531266
vt 1.0258808 0.71382344
vt 1.0539052 0.68637216
vt 1.0732228 0.6421784
vt 1.0539047 0.66201323
vt 1.027036 0.7095429
vt 1.0174907 0.7095446
vt 1.0200398 0.7062894
vt 1.0108259 0.70288867
vt 1.0224615 0.69741416
vt 1.0322006 0.68644935
vt 1.0144066 0.70033467
vt 1.0065386 0.69449717
vt 1.0115818 0.6933382
vt 1.0050496 0.6851762
vt 1.0103604 0.68496317
vt 1.0050356 0.6620137
vt 1.0103577 0.6620138
vt 1.0050356 0.6418725
vt 1.0439003 0.69953656
vt 1.0209205 0.673832
vt 1.0103558 0.64187354
vt 1.0050356 0.6217317
vt 1.0321268 0.66201293
vt 1.0430505 0.67423314
vt 1.0103562 0.62173235
vt 1.0050355 0.60011715
vt 1.0321305 0.641873
vt 1.010356 0.5999156
vt 1.0050355 0.57809484
vt 1.053905 0.6418724
vt 1.0321308 0.62173194
vt 1.0103565 0.5780965
vt 1.0050355 0.5562787
vt 1.0539055 0.6217315
vt 1.0321307 0.5999148
vt 1.0103564 0.5562794
vt 1.0050355 0.53446263
vt 1.0732231 0.62173134
vt 1.0321311 0.5780965
vt 1.0539055 0.599914
vt 1.0103562 0.53446233
vt 1.0050356 0.49534836
vt 1.0925407 0.62173116
vt 1.0732231 0.5999139
vt 1.0925407 0.5999138
vt 1.032131 0.5562793
vt 1.0539056 0.57809657
vt 1.0103564 0.49534833
vt 1.0051172 0.45625934
vt 1.0103594 0.4562469
vt 1.0732231 0.5780965
vt 1.0925407 0.57809645
vt 1.0539056 0.5562792
vt 1.032131 0.5344621
vt 1.053905 0.49534836
vt 1.073223 0.5562793
vt 1.0925404 0.5562794
vt 1.0539056 0.5344618
vt 1.0732229 0.5344621
vt 1.09254 0.5344624
vt 0.52039313 0.9965988
vt 0.52739626 0.9965979
vt 0.5274395 0.9954505
vt 0.5691152 0.9880966
vt 0.56881654 0.99659485
vt 0.61275375 0.98032165
vt 0.6126329 0.9965941
vt 0.6342819 0.97629035
vt 0.6528389 0.9965957
vt 0.65363824 0.9762778
vt 0.6536907 0.973676
vt 0.699586 0.9966036
vt 0.6771065 0.9719349
vt 0.7003993 0.9762715
vt 0.70044535 0.9726123
vt 0.72898495 0.97627616
vt 0.7421991 0.9966107
vt 0.73520815 0.97627723
vt 0.7393569 0.9762778
vt 0.7450062 0.99662673
vt 0.7429443 0.9762778
vt 0.74456006 0.9762778
vt 0.7463688 0.9762778
vt 0.7463853 0.99662673
vt 0.92465925 0.98794806
vt 0.9667428 0.99662197
vt 0.9737173 0.9965917
vt 0.9250544 0.99660945
vt 0.88096046 0.99660724
vt 0.8808313 0.9801333
vt 0.8590766 0.9762031
vt 0.8405019 0.99661016
vt 0.83967304 0.9762778
vt 0.8395834 0.9735473
vt 0.793459 0.996612
vt 0.81600857 0.971822
vt 0.79255944 0.9761171
vt 0.7924637 0.9725868
vt 0.7637029 0.9762355
vt 0.7505816 0.9966178
vt 0.75337654 0.97627795
vt 0.74776435 0.99662673
vt 0.74979216 0.97627795
vt 0.7481771 0.97627795
vt 0.7463688 0.9762778
vt 0.7463853 0.99662673
vt 0.003166914 0.97627795
vt 0.0033127612 0.9965521
vt 0.010232081 0.99660534
vt 0.05274776 0.97627795
vt 0.051929746 0.99660444
vt 0.003166914 0.9512875
vt 0.096199565 0.9762779
vt 0.09605102 0.9966031
vt 0.13736744 0.9762779
vt 0.13653384 0.9966014
vt 0.18451956 0.9762318
vt 0.1836087 0.99659985
vt 0.22651719 0.9965943
vt 0.22373325 0.9762778
vt 0.22929828 0.9966218
vt 0.1851244 0.9512013
vt 0.13788967 0.9512875
vt 0.0965616 0.9512875
vt 0.052940704 0.9512875
vt 0.053140294 0.9252424
vt 0.003166914 0.9252424
vt 0.003166914 0.9043039
vt 0.09693611 0.9252424
vt 0.13842988 0.9252424
vt 0.18588589 0.9251792
vt 0.21834546 0.9512875
vt 0.22732967 0.9762778
vt 0.053247996 0.9043039
vt 0.097138196 0.9043039
vt 0.1387214 0.9043039
vt 0.18634902 0.9042285
vt 0.21384263 0.9252424
vt 0.22485161 0.9512874
vt 0.22894329 0.9762778
vt 0.05338423 0.8559655
vt 0.003166914 0.8559655
vt 0.003166914 0.79892933
vt 0.23075026 0.9762778
vt 0.23070645 0.9966243
vt 0.230802 0.9512874
vt 0.22791839 0.9512874
vt 0.23084635 0.9252424
vt 0.22307813 0.9252424
vt 0.2223661 0.9043039
vt 0.2308948 0.9043039
vt 0.2115326 0.9043039
vt 0.22146791 0.8559655
vt 0.23065382 0.8559655
vt 0.20882106 0.8559655
vt 0.18686636 0.8559104
vt 0.2205087 0.79892933
vt 0.2301473 0.79892933
vt 0.22939229 0.5766835
vt 0.20711994 0.79892933
vt 0.13909015 0.8559655
vt 0.1872102 0.79881984
vt 0.20474851 0.5766835
vt 0.21911025 0.5766835
vt 0.097393826 0.8559655
vt 0.1393486 0.79892933
vt 0.21907145 0.3143317
vt 0.22901475 0.3143317
vt 0.20605516 0.3143317
vt 0.18760622 0.5766394
vt 0.0976745 0.5766835
vt 0.09757298 0.79892933
vt 0.05347971 0.79892933
vt 0.003166914 0.5766835
vt 0.0031669736 0.3143317
vt 0.21878421 0.16686153
vt 0.22863585 0.16686153
vt 0.20751071 0.16686153
vt 0.1842243 0.31422526
vt 0.096769586 0.3143317
vt 0.003166914 0.16686153
vt 0.21949749 0.093926
vt 0.22865605 0.093958125
vt 0.18293475 0.16695438
vt 0.095577054 0.16686153
vt 0.0032089662 0.09396716
vt 0.21018486 0.09393656
vt 0.2199933 0.073914945
vt 0.22859997 0.073914945
vt 0.095424056 0.09395901
vt 0.1824801 0.09399327
vt 0.21124339 0.073914945
vt 0.18225798 0.07398304
vt 0.09514545 0.073914945
vt 0.003166914 0.073914945
vt 0.22103286 0.058719844
vt 0.22867697 0.058719844
vt 0.18219568 0.05880652
vt 0.095110774 0.058719855
vt 0.003166914 0.058719844
vt 0.21243167 0.058719873
vt 0.22284675 0.04218182
vt 0.22867101 0.04218182
vt 0.09509064 0.042181835
vt 0.003166914 0.04218182
vt 0.003166914 0.020974696
vt 0.18216546 0.0422771
vt 0.21537077 0.04218185
vt 0.2266103 0.020974696
vt 0.22859436 0.020974696
vt 0.22710282 0.0044600666
vt 0.2238819 0.020974696
vt 0.22401965 0.0044600666
vt 0.22095639 0.020974696
vt 0.18210976 0.021099666
vt 0.18202876 0.0044600666
vt 0.095078394 0.020974696
vt 0.09501728 0.0044600666
vt 0.003166914 0.0044600666
vt 0.22995609 0.0044600666
vt 0.22710282 0.0044600666
vt 0.22859436 0.020974696
vt 0.23057991 0.020974696
vt 0.22867101 0.04218182
vt 0.2333116 0.020974696
vt 0.23303396 0.0044600666
vt 0.23450291 0.04218182
vt 0.22867697 0.058719844
vt 0.23635364 0.058719844
vt 0.22859997 0.073914945
vt 0.24200207 0.04218182
vt 0.23719126 0.073914945
vt 0.22865605 0.093958125
vt 0.23624349 0.020974696
vt 0.24508965 0.058719844
vt 0.2377833 0.09392969
vt 0.22863585 0.16686153
vt 0.24648362 0.073914945
vt 0.24258777 0.02098342
vt 0.2524916 0.042205967
vt 0.25764143 0.058752533
vt 0.27549234 0.021028668
vt 0.27550274 0.0044600666
vt 0.3635044 0.0044600666
vt 0.27554023 0.04225902
vt 0.36348903 0.020974696
vt 0.27560526 0.058799315
vt 0.2608028 0.07396111
vt 0.4884231 0.020974696
vt 0.48842826 0.04218182
vt 0.48841923 0.0044600666
vt 0.6133211 0.0044600666
vt 0.363534 0.04218182
vt 0.61334455 0.020974696
vt 0.7013137 0.0044600666
vt 0.2757029 0.074009135
vt 0.36357272 0.058719844
vt 0.7013372 0.021019079
vt 0.74376714 0.0044600666
vt 0.61331093 0.04218182
vt 0.48843238 0.058719844
vt 0.61328137 0.058719844
vt 0.7012942 0.04222529
vt 0.36363375 0.073914945
vt 0.73422885 0.02098187
vt 0.4884363 0.073914945
vt 0.48844483 0.09396515
vt 0.3636359 0.09399531
vt 0.6132288 0.073914945
vt 0.7012479 0.05879891
vt 0.72433484 0.042195417
vt 0.7405707 0.020974696
vt 0.7434978 0.020974696
vt 0.746843 0.0044600666
vt 0.7348207 0.04218182
vt 0.7191999 0.058752365
vt 0.70115364 0.07402192
vt 0.61323893 0.09399531
vt 0.74622816 0.020974696
vt 0.7482125 0.020974696
vt 0.74969447 0.0044600666
vt 0.7481487 0.04218182
vt 0.74231994 0.04218182
vt 0.7481527 0.058719873
vt 0.74047756 0.058719844
vt 0.7482393 0.073914945
vt 0.73174334 0.058719844
vt 0.73964936 0.073914945
vt 0.7481962 0.093958125
vt 0.71604645 0.07396737
vt 0.7303586 0.073914945
vt 0.7390702 0.09392969
vt 0.7482638 0.16686153
vt 0.7010119 0.09401429
vt 0.7038208 0.16690123
vt 0.71209896 0.0939835
vt 0.7289962 0.09393659
vt 0.73841494 0.16686153
vt 0.7479872 0.3143317
vt 0.725707 0.16686153
vt 0.73804116 0.3143317
vt 0.7477427 0.5766835
vt 0.61328137 0.16686153
vt 0.7374592 0.5766835
vt 0.7469978 0.79892933
vt 0.7373615 0.79892933
vt 0.7464859 0.8559655
vt 0.7175626 0.57675487
vt 0.7227498 0.3143317
vt 0.7017669 0.3142472
vt 0.61388963 0.3143317
vt 0.6139601 0.5766835
vt 0.70082235 0.5766541
vt 0.7373015 0.8559655
vt 0.7462371 0.9043039
vt 0.48846123 0.16686153
vt 0.7211743 0.7990167
vt 0.7003284 0.79889166
vt 0.737706 0.9043039
vt 0.74628186 0.9252424
vt 0.7239271 0.8559655
vt 0.65510887 0.79892933
vt 0.7015123 0.85591704
vt 0.7268521 0.9043039
vt 0.73850644 0.9252424
vt 0.74343824 0.9512875
vt 0.7463213 0.9512875
vt 0.74456006 0.9762778
vt 0.7463688 0.9762778
vt 0.7403718 0.9512875
vt 0.7429443 0.9762778
vt 0.7292464 0.92524254
vt 0.733863 0.9512875
vt 0.7393569 0.9762778
vt 0.7130407 0.9042559
vt 0.7265112 0.95124465
vt 0.73520815 0.97627723
vt 0.7183437 0.92520016
vt 0.70445555 0.9042367
vt 0.7164963 0.9512498
vt 0.72898495 0.97627616
vt 0.7070141 0.9251822
vt 0.7009463 0.9512448
vt 0.70044535 0.9726123
vt 0.6771065 0.9719349
vt 0.655019 0.8559655
vt 0.65480006 0.90430397
vt 0.6545649 0.92524254
vt 0.65409476 0.9512875
vt 0.6536907 0.973676
vt 0.6342819 0.97629035
vt 0.61311424 0.9512875
vt 0.6134675 0.92524254
vt 0.61364406 0.9043039
vt 0.61380816 0.8559655
vt 0.61277133 0.9762778
vt 0.61275375 0.98032165
vt 0.5696371 0.9762778
vt 0.5691116 0.9880688
vt 0.5281615 0.9762778
vt 0.5274395 0.9954505
vt 0.52039313 0.9965988
vt 0.5698602 0.9512875
vt 0.57009006 0.92524254
vt 0.61387503 0.79892933
vt 0.57020485 0.9043039
vt 0.5282694 0.9512875
vt 0.4885846 0.9512875
vt 0.4885867 0.9762778
vt 0.48858654 0.9966028
vt 0.44977462 0.9966066
vt 0.52838063 0.9252425
vt 0.4490071 0.9762778
vt 0.40834913 0.99660736
vt 0.570311 0.8559655
vt 0.52843595 0.9043039
vt 0.40752655 0.9762778
vt 0.36452666 0.9966073
vt 0.57035357 0.79892933
vt 0.48855367 0.5766835
vt 0.52848643 0.8559655
vt 0.48858258 0.9252424
vt 0.4488954 0.9512875
vt 0.3643872 0.9762778
vt 0.324315 0.99660856
vt 0.48858124 0.9043039
vt 0.44878098 0.9252424
vt 0.40729994 0.9512875
vt 0.5285056 0.79892933
vt 0.32351536 0.9762778
vt 0.27756116 0.9966126
vt 0.36404106 0.9512875
vt 0.40706778 0.9252424
vt 0.48857856 0.8559655
vt 0.27673596 0.97627133
vt 0.2349302 0.99661195
vt 0.4487236 0.9043039
vt 0.32305598 0.9512875
vt 0.44866943 0.8559655
vt 0.48857546 0.79892933
vt 0.4486457 0.79892933
vt 0.36368644 0.9252424
vt 0.40695176 0.9043039
vt 0.4068436 0.85596555
vt 0.36350942 0.9043039
vt 0.32258534 0.9252424
vt 0.40679818 0.79892933
vt 0.3633451 0.8559655
vt 0.27621186 0.951226
vt 0.3223505 0.9043039
vt 0.27015942 0.9251678
vt 0.2481483 0.9762761
vt 0.26065472 0.95124197
vt 0.24192473 0.9762771
vt 0.23777568 0.9762778
vt 0.23211461 0.9966268
vt 0.25063193 0.951242
vt 0.32213297 0.8559655
vt 0.27272576 0.9042478
vt 0.25881028 0.92519146
vt 0.24326795 0.9512875
vt 0.23417187 0.9762778
vt 0.36327717 0.79892933
vt 0.3631565 0.5766835
vt 0.32204372 0.79892933
vt 0.27565315 0.855917
vt 0.26412252 0.9042648
vt 0.24788624 0.9252424
vt 0.23675501 0.9512874
vt 0.2502823 0.9043039
vt 0.48850152 0.3143317
vt 0.36311668 0.3143317
vt 0.23255742 0.9762778
vt 0.23862362 0.9252424
vt 0.23075026 0.9762778
vt 0.23070645 0.9966243
vt 0.230802 0.9512874
vt 0.23368686 0.9512874
vt 0.23084635 0.9252424
vt 0.23942703 0.9043039
vt 0.2308948 0.9043039
vt 0.25321186 0.8559655
vt 0.2398377 0.8559655
vt 0.23065382 0.8559655
vt 0.2301473 0.79892933
vt 0.27682862 0.7988977
vt 0.25596473 0.79901695
vt 0.23978263 0.79892933
vt 0.23967534 0.5766835
vt 0.22939229 0.5766835
vt 0.22901475 0.3143317
vt 0.27630493 0.57665706
vt 0.25951943 0.57675534
vt 0.23895854 0.3143317
vt 0.2547046 0.3142656
vt 0.23848563 0.16686153
vt 0.275285 0.31423128
vt 0.25135425 0.16679968
vt 0.24785879 0.09393659
vt 0.36363575 0.16686153
vt 0.27307305 0.16690199
vt 0.2648318 0.09397564
vt 0.2759686 0.094001256
vt 0.7463213 0.9512875
vt 0.7463688 0.9762778
vt 0.7481771 0.97627795
vt 0.7492035 0.9512875
vt 0.74628186 0.9252424
vt 0.7522685 0.9512875
vt 0.74979216 0.97627795
vt 0.75404817 0.9253067
vt 0.75884455 0.95091826
vt 0.75337654 0.97627795
vt 0.7918387 0.9507706
vt 0.7637029 0.9762355
vt 0.7924637 0.9725868
vt 0.81600857 0.971822
vt 0.7641653 0.9248732
vt 0.7547648 0.9043039
vt 0.7462371 0.9043039
vt 0.83915746 0.9509182
vt 0.8395834 0.9735473
vt 0.8590766 0.9762031
vt 0.79234225 0.9247035
vt 0.76559705 0.9043039
vt 0.755672 0.8559655
vt 0.7464859 0.8559655
vt 0.7469978 0.79892933
vt 0.83914816 0.9248732
vt 0.79036283 0.9044066
vt 0.7683193 0.8559655
vt 0.75663763 0.79892933
vt 0.7477427 0.5766835
vt 0.83834094 0.9043039
vt 0.7902545 0.8559331
vt 0.77002805 0.79892933
vt 0.75802654 0.5766835
vt 0.7479872 0.3143317
vt 0.7723906 0.5766835
vt 0.789198 0.57660365
vt 0.7898564 0.7987354
vt 0.75793123 0.3143317
vt 0.7482638 0.16686153
vt 0.83798087 0.8559655
vt 0.83772874 0.79892933
vt 0.770949 0.3143317
vt 0.7581149 0.16686153
vt 0.75735384 0.093926
vt 0.7481962 0.093958125
vt 0.7568449 0.073914945
vt 0.7482393 0.073914945
vt 0.7557961 0.058719844
vt 0.7481527 0.058719873
vt 0.75397193 0.04218185
vt 0.7481487 0.04218182
vt 0.7501957 0.020974696
vt 0.7482125 0.020974696
vt 0.74969447 0.0044600666
vt 0.75292283 0.020974696
vt 0.7527762 0.0044600666
vt 0.7614471 0.04218185
vt 0.76439625 0.058719844
vt 0.7655941 0.073914945
vt 0.7558472 0.020974696
vt 0.7946656 0.042250175
vt 0.7947151 0.021124613
vt 0.7947891 0.0044600666
vt 0.88186854 0.0044600666
vt 0.8818097 0.020974696
vt 0.97379065 0.0044600666
vt 0.97379076 0.020974696
vt 0.79464173 0.058793314
vt 0.8818017 0.04218185
vt 0.97379076 0.04218185
vt 0.98526025 0.04218182
vt 0.88178504 0.058719844
vt 0.97379065 0.058719844
vt 0.99053335 0.058719844
vt 0.7945862 0.07402704
vt 0.97379076 0.073914945
vt 0.99454224 0.073914945
vt 0.9937985 0.09396287
vt 0.8817543 0.073914945
vt 0.9726449 0.09395898
vt 0.99454224 0.16686153
vt 0.7666655 0.09393656
vt 0.8814926 0.09395904
vt 0.97379076 0.16686153
vt 0.99454236 0.3143317
vt 0.76938736 0.16686153
vt 0.794289 0.093979485
vt 0.8813487 0.16686153
vt 0.7940075 0.16694756
vt 0.7926349 0.31423825
vt 0.88020444 0.3143317
vt 0.97379065 0.3143317
vt 0.87936294 0.5766835
vt 0.97379065 0.5766835
vt 0.99454236 0.5766835
vt 0.8794676 0.79892933
vt 0.9235222 0.79892933
vt 0.97379076 0.79892933
vt 0.99454236 0.79892933
vt 0.99295413 0.8559655
vt 0.8796425 0.8559655
vt 0.97379076 0.8559655
vt 0.9896244 0.9043039
vt 0.87989205 0.9043039
vt 0.92361534 0.8559655
vt 0.88041145 0.9248732
vt 0.9237484 0.9043039
vt 0.97379076 0.9043039
vt 0.97365963 0.9248732
vt 0.98739517 0.9250058
vt 0.8804178 0.9509182
vt 0.9239639 0.9248732
vt 0.9736595 0.95091826
vt 0.98226655 0.9510509
vt 0.97379076 0.9762778
vt 0.92396724 0.9509182
vt 0.8808155 0.9762778
vt 0.8808313 0.9801333
vt 0.92465925 0.98794806
vt 0.92424047 0.9762778
vt 0.9667951 0.995372
vt 0.9737173 0.9965917
vt 0.5089881 1.9927506
vt 0.50832486 1.9957981
vt 0.73546356 1.9949464
vt 0.73612964 1.9927506
vt 0.9612179 1.992753
vt 0.5099237 1.0089934
vt 0.73695093 1.0046333
vt 0.50999165 1.0046332
vt 0.73706365 1.0089934
vt 0.9623848 1.0089934
vt 0.9596164 1.0301509
vt 0.9596164 1.0139654
vt 0.73430425 1.0140479
vt 0.73430425 1.0301509
vt 0.5089922 1.0138913
vt 0.5089922 1.0301509
vt 0.9596164 1.0504892
vt 0.5089922 1.0504892
vt 0.73430425 1.0504892
vt 0.5089922 1.0663234
vt 0.9596164 1.0663234
vt 0.73430425 1.0663234
vt 0.5089922 1.0809464
vt 0.73430425 1.0809464
vt 0.9596164 1.0809464
vt 0.9594127 1.1006485
vt 0.7342785 1.1006315
vt 0.5089684 1.1006364
vt 0.9596164 1.172278
vt 0.73430425 1.172278
vt 0.5089922 1.172278
vt 0.9596164 1.3176014
vt 0.73430425 1.3176014
vt 0.5089922 1.3176014
vt 0.9596164 1.5765673
vt 0.5089922 1.5765673
vt 0.73430425 1.5765673
vt 0.9596164 1.7957976
vt 0.5089922 1.7957976
vt 0.73430425 1.7957976
vt 0.9596164 1.8517605
vt 0.73430425 1.8517605
vt 0.5089922 1.8517605
vt 0.9596164 1.8991985
vt 0.73430425 1.8991985
vt 0.5089922 1.8991985
vt 0.5089922 1.9195523
vt 0.73430425 1.9195523
vt 0.9596164 1.9195523
vt 0.9596164 1.9449692
vt 0.5089922 1.9449692
vt 0.73430425 1.9449692
vt 0.9596164 1.9694027
vt 0.73430425 1.9694027
vt 0.95959014 1.9894043
vt 0.5089922 1.9694027
vt 0.73430425 1.9893547
vt 0.5089922 1.9891212
vt 0.47360948 1.987522
vt 0.42147827 1.9677927
vt 0.42101115 1.9877361
vt 0.47360948 1.9676211
vt 0.47360948 1.943169
vt 0.42208382 1.943169
vt 0.47360948 1.9177427
vt 0.42208382 1.9177427
vt 0.47360948 1.8974748
vt 0.42208382 1.8972887
vt 0.47360948 1.850285
vt 0.42208382 1.8502328
vt 0.47361013 1.794607
vt 0.42208382 1.7946506
vt 0.47361085 1.5764124
vt 0.4214685 1.5761887
vt 0.47361085 1.3185977
vt 0.42208382 1.3187636
vt 0.47361085 1.1737971
vt 0.42208382 1.1739407
vt 0.42162558 1.1024005
vt 0.4737944 1.1023407
vt 0.47361222 1.0827447
vt 0.42208382 1.0827904
vt 0.47361085 1.0680132
vt 0.42208382 1.0681357
vt 0.47361085 1.0519
vt 0.42208382 1.0519
vt 0.47361085 1.0311089
vt 0.42208382 1.0311089
vt 0.47361085 1.0147762
vt 0.42208382 1.0147762
vt 0.38644168 1.9635253
vt 0.3120604 1.963377
vt 0.38644168 1.9893777
vt 0.38644168 1.9366667
vt 0.28597656 1.9363695
vt 0.38644168 1.9153419
vt 0.27555826 1.9149699
vt 0.38644168 1.8660369
vt 0.26423457 1.8657656
vt 0.38644168 1.8078393
vt 0.2554818 1.8078393
vt 0.38644168 1.5808448
vt 0.25510743 1.5808448
vt 0.38644096 1.3185701
vt 0.2690883 1.3189616
vt 0.38644168 1.1622037
vt 0.2826629 1.1621987
vt 0.2929557 1.0879841
vt 0.38633066 1.0878874
vt 0.38644168 1.0674182
vt 0.2957168 1.0675486
vt 0.38644168 1.0520241
vt 0.31250522 1.0521061
vt 0.38644168 1.0351449
vt 0.34211144 1.0349836
vt 0.38644168 1.013185
vn 0.9352608 0.35395962 -1.5398138E-05
vn 0.05241091 0.0019125085 -0.9986237
vn 0.33744526 0.17021647 -0.9258278
vn 0.07992151 -0.005049763 0.9967884
vn 0.07992252 -0.0050497046 -0.9967884
vn 0.05233659 0.002073338 0.9986273
vn 0.086950585 0.006842057 0.9961892
vn 0.086950555 0.006842055 -0.9961892
vn 0.008538104 0.0007541608 0.9999633
vn 0.007931744 -0.010957486 0.99990857
vn 0.0042837486 -0.030874988 0.9995141
vn -0 -0.011650283 0.99993217
vn -0 0.0004184902 1
vn -8.3990875E-05 -0.03642556 0.9993363
vn 0.007990522 -0.017348884 0.99981755
vn 0.00572244 0.0050529377 0.9999709
vn 0.0018160923 -0.01768289 0.99984205
vn 0.009980334 -0.0018567144 0.9999485
vn -0 0.029042339 0.9995782
vn -0 0.00035353194 1
vn -0 0.029042339 0.9995782
vn -0 0.0004185012 1
vn -0 0.029042345 0.9995782
vn 0.0005925861 0.0016020727 0.99999857
vn -0 0.029042348 0.9995782
vn 0.0014259929 0.0058400575 0.999982
vn -0 0.029042345 0.9995782
vn 0.0028784494 0.018161155 0.99983096
vn -0 0.029042345 0.9995782
vn 0.0010826933 0.037625525 0.9992913
vn -0 0.029042333 0.9995782
vn -0.014969802 0.044161554 0.9989122
vn -0.0122796465 0.027171906 0.9995553
vn -0.12255309 0.06139913 0.9905608
vn -0.11680429 0.031193243 0.992665
vn -0.033048674 0.13310789 0.9905504
vn -0.038520753 0.13117856 0.99061006
vn -0.14457889 0.16026033 0.976429
vn 0.0011711265 0.14475013 0.98946756
vn 0.031580362 0.12784134 0.9912917
vn 0.02418942 0.068985455 0.99732435
vn 0.030676479 0.028147878 0.99913293
vn 0.04448497 0.28067595 0.95877117
vn 0.013869365 -0.0040515563 0.9998956
vn 0.030221267 0.10710097 0.99378866
vn 0.0075331936 -0.044737063 0.9989704
vn 0.025068076 0.04181689 0.99881077
vn 0.006795046 -0.018476067 0.9998062
vn 0.0022595003 -0.07687096 0.9970386
vn 0.009240004 -0.0072608152 0.999931
vn 0.012043234 0.47150347 0.881782
vn -0 -0.07906406 0.9968695
vn 0.0024017522 0.009793547 0.9999492
vn 0.010020749 0.2610963 0.96526074
vn -0 -0.0776485 0.9969807
vn 0.003457932 0.0078050494 0.99996364
vn 0.008406762 0.11656691 0.9931472
vn 0.005747021 0.08294004 0.99653804
vn 8.6727145E-05 0.056662165 0.99839336
vn -0.000116062285 -0.0035741879 0.9999937
vn -0.00013858157 -0.0030659013 0.99999535
vn -0.0006035712 0.051622175 0.9986665
vn 4.975588E-05 -0.0020610446 0.99999785
vn -0.00030256264 0.05746038 0.99834776
vn 0.00019324984 -0.0027747764 0.9999962
vn 0.0015657742 -0.0033861552 0.9999931
vn 0.0016901267 0.054996766 0.99848515
vn 0.0066615776 0.068139724 0.99765354
vn 0.018072078 0.053072456 0.99842715
vn 0.33870545 0.17066897 0.9252842
vn -0.14735985 0.98908293 6.4019346E-06
vn -0.12563057 0.9920771 -0.00012516958
vn -0.09102068 0.9951486 0.037342012
vn -0.12563057 0.9920771 -0.00012516958
vn -0.07071029 0.99394256 0.08413252
vn -0.09102068 0.9951486 0.037342012
vn -0 0 1
vn -0 0 1
vn -0 0 1
vn -0 0 1
vn -0 0 1
vn -0 0 1
vn -0 0 1
vn -0 0 1
vn -0 0 1
vn -0 0 1
vn -0 0 1
vn -0 0 1
vn -0 0 1
vn -0 0 1
vn -0 0 1
vn -0 0 1
vn -0 0 1
vn -0 0 1
vn -5.5423203E-05 -1.3729308E-05 1
vn -0 0 1
vn -0 0 1
vn -0 0 1
vn -0.00013155308 -1.5349111E-05 1
vn -0.0006591062 -7.261302E-05 0.99999976
vn -0 0 1
vn -0 0 1
vn -0 0 1
vn -1.1583642E-05 1.5523936E-05 1
vn -5.7772617E-05 7.7372395E-05 1
vn -0 0 1
vn -0 0 1
vn -0 0 1
vn -0.00013077646 -1.59481E-05 1
vn -0.00065769523 -8.020467E-05 0.99999976
vn -0 0 1
vn -0 0 1
vn -0 0 1
vn -1.4131094E-05 1.8939694E-05 1
vn -0 8.9922745E-05 1
vn -0 0 1
vn -0 0 1
vn -0 0 1
vn -0 0 1
vn -0 0 1
vn -0 0 1
vn -0 0 1
vn -0 0 1
vn -0 0 1
vn -0 0 1
vn -0 0 1
vn -0 0 1
vn -0 0 1
vn -0 0 1
vn -0 0 1
vn -0 0 1
vn 0.0001030597 0 1
vn 1.7723407E-05 -1.3213094E-05 1
vn -8.18007E-05 -0.0007574787 0.99999976
vn -0 0 1
vn -1.433262E-05 -0.00012395716 1
vn -1.4093719E-05 -5.779326E-05 1
vn -0 0 1
vn -0 0 1
vn -0 0 1
vn -0 0 1
vn -0 0 1
vn -0 0 1
vn -0 0 1
vn -0 0 1
vn -0 0 1
vn -0 0 1
vn -0 0 1
vn -0 0 1
vn -0 0 1
vn -0 0 1
vn -0 0 1
vn -0 0 1
vn -0 0 1
vn -0 0 1
vn -0 0 1
vn -0 0 1
vn -0 0 1
vn -0 0 1
vn -0 0 1
vn -0 0 1
vn -0 0 1
vn -0 0 1
vn -0 0 1
vn -0 0 1
vn -0 0 1
vn -0 0 1
vn -0 0 1
vn -0 0 1
vn -0 0 1
vn -0 0 1
vn -0 0 1
vn -0 0 1
vn -0 0 1
vn -0 0 1
vn -0 0 1
vn -0 0 1
vn -0 0 1
vn -0 0 1
vn -0 0 1
vn -0 0 1
vn -0 0 1
vn -0 0 1
vn -0 0 1
vn -0 0 1
vn -0 0 1
vn -0 0 1
vn -0 0 1
vn -0 0 1
vn -0 0 1
vn -0 0 1
vn -0 0 1
vn -0 0 1
vn -0 0 1
vn -0 0 1
vn -0 0 1
vn -0 0 1
vn -0 0 1
vn -0 0 1
vn -0 0 1
vn -0 0 1
vn -0 0 1
vn -0 0 1
vn -0 0 1
vn -0 0 1
vn -0 0 1
vn -0 0 1
vn -0 0 1
vn -0 0 1
vn -0 0 1
vn -0 0 1
vn -0 0 1
vn -0 0 1
vn -0 0 1
vn -0 0 1
vn -0 0 1
vn -0 0 1
vn -0 0 1
vn -0 0 1
vn -0 0 1
vn -0 0 1
vn -0 0 1
vn -0 0 1
vn -0 0 1
vn -0 0 1
vn -0 0 1
vn -0 0 1
vn -0 0 1
vn -0 0 1
vn -0 0 1
vn -0 0 1
vn -0 0 1
vn -0 0 1
vn -0 0 1
vn -0 0 1
vn -0 0 1
vn -0 0 1
vn -0 0 1
vn -0 0 1
vn -0 0 1
vn -0 0 1
vn -0 0 1
vn -0 0 1
vn -0 0 1
vn -0 0 1
vn -0 0 1
vn -0 0 1
vn -0 0 1
vn -0 0 1
vn -0 0 1
vn -0 0 1
vn -0 0 1
vn -0 0 1
vn -0 0 1
vn -0 0 1
vn -0 0 1
vn -0 0 1
vn -0 0 1
vn -0 0 1
vn -0 0 1
vn -0 0 1
vn -0 0 1
vn -0 0 1
vn -0 0 1
vn -0 0 1
vn -0 0 1
vn -0 0 1
vn -0 0 1
vn -0 0 1
vn -0 0 1
vn -0 0 1
vn -0 0 1
vn -0 0 1
vn -0 0 1
vn -0 0 1
vn -0 0 1
vn -0 0 1
vn -0 0 1
vn -0 0 1
vn -0 0 1
vn -0 0 1
vn -0 0 1
vn -0 0 1
vn -0 0 1
vn -0 0 1
vn -0 0 1
vn -0 0 1
vn -0 0 1
vn -0 0 1
vn -0 0 1
vn -0 0 1
vn -0 0 1
vn -0 0 1
vn -0 0 1
vn -0 0 1
vn -0 0 1
vn -0 0 1
vn -0 0 1
vn -0 0 1
vn -0 0 1
vn -0 0 1
vn -0 0 1
vn -0 0 1
vn -0 0 1
vn -0 0 1
vn -0 0 1
vn -0 0 1
vn -0 0 1
vn -0 0 1
vn -0 0 1
vn -0 0 1
vn -0 0 1
vn -0 0 1
vn -0 0 1
vn -0 0 1
vn -0 0 1
vn -0 0 1
vn -0 0 1
vn -0 0 1
vn -0 0 1
vn -0 0 1
vn -0 0 1
vn -0 0 1
vn -0 0 1
vn -0 0 1
vn -0 0 1
vn -0 0 1
vn -0 0 1
vn -0 0 1
vn -0 0 1
vn -0 0 1
vn -0 0 1
vn -0 0 1
vn -0 0 1
vn -0 0 1
vn -0 0 1
vn -0 0 1
vn -0 0 1
vn -0 0 1
vn -0 0 1
vn -0 0 1
vn -0 0 1
vn -0 0 1
vn -0 0 1
vn -0 0 1
vn -0 0 1
vn -0 0 1
vn -0 0 1
vn -0 0 1
vn -0 0 1
vn -0 0 1
vn -0 0 1
vn -0 0 1
vn -0 0 1
vn -0 0 1
vn -0 0 1
vn -0 0 1
vn -0 0 1
vn -0 0 1
vn -0 0 1
vn -0 0 1
vn -0 0 1
vn -0 0 1
vn -0 0 1
vn -0 0 1
vn -0 0 1
vn -0 0 1
vn -0 0 1
vn -0 0 1
vn -0 0 1
vn -0 0 1
vn -0 0 1
vn -0 0 1
vn -0 0 1
vn -0 0 1
vn -0 0 1
vn -0 0 1
vn -0 0 1
vn -0 0 1
vn -0 0 1
vn -0 0 1
vn -0 0 1
vn -0 0 1
vn -0 0 1
vn -0 0 1
vn 1.4095838E-05 -5.7796155E-05 1
vn 1.4328798E-05 -0.0001239567 1
vn 8.180004E-05 -0.00075747777 0.99999976
vn -1.771675E-05 -1.3206972E-05 1
vn -0.00010300851 0 1
vn -0 0 1
vn -0 0 1
vn -0 0 1
vn -0 0 1
vn -0 0 1
vn -0 0 1
vn -0 0 1
vn -0 0 1
vn -0 0 1
vn -0 0 1
vn -0 0 1
vn -0 0 1
vn -0 0 1
vn -0 0 1
vn -0 8.992402E-05 1
vn 1.4143727E-05 1.8932617E-05 1
vn 0.0006576459 -8.020549E-05 0.99999976
vn -0 0 1
vn -0 0 1
vn -0 0 1
vn 0.00013072505 -1.5941803E-05 1
vn 5.776576E-05 7.737244E-05 1
vn -0 0 1
vn 1.1582601E-05 1.5517953E-05 1
vn 0.00065906317 -7.2613024E-05 0.99999976
vn -0 0 1
vn -0 0 1
vn -0 0 1
vn -0 0 1
vn 0.00013149352 -1.5343165E-05 1
vn 5.5419583E-05 -1.3729308E-05 1
vn -0 0 1
vn -0 0 1
vn -0 0 1
vn -0 0 1
vn -0 0 1
vn -0 0 1
vn -0 0 1
vn -0 0 1
vn -0 0 1
vn -0 0 1
vn -0 0 1
vn -0 0 1
vn -0 0 1
vn -0 0 1
vn -0 0 1
vn -0 0 1
vn -0 0 1
vn -0 0 1
vn -0 0 1
vn -0 0 1
vn -0 0 1
vn -0 0 1
vn -0 0 1
vn -0 0 1
vn -0 0 1
vn -0 0 1
vn -0 0 1
vn -0 0 1
vn -0 0 1
vn -0 0 1
vn -0 0 1
vn -0 0 1
vn -0 0 1
vn -0 0 1
vn -0 0 1
vn -0 0 1
vn -0 0 1
vn -0 0 1
vn -0 0 1
vn -0 0 1
vn -0 0 1
vn -0 0 1
vn -0 0 1
vn -0 0 1
vn -0 0 1
vn -0 0 1
vn -0 0 1
vn -0 0 1
vn -0 0 1
vn -0 0 1
vn -0 0 1
vn -0 0 1
vn -0 0 1
vn -0 0 1
vn -0 0 1
vn -0 0 1
vn -0 0 1
vn -0 0 1
vn -0 0 1
vn -0 0 1
vn -0 0 1
vn -0 0 1
vn -0 0 1
vn -0 0 1
vn -0 0 1
vn -0 0 1
vn -0 0 1
vn -0 0 1
vn -0 0 1
vn -0 0 1
vn -0 0 1
vn -0 0 1
vn -0 0 1
vn -0 0 1
vn -0 0 1
vn -0 0 1
vn -0 0 1
vn -0 0 1
vn -0 0 1
vn -0 0 1
vn -0 0 1
vn -0 0 1
vn -0 0 1
vn -0 0 1
vn -0 0 1
vn -0 0 1
vn -0 0 1
vn -0 0 1
vn -0 0 1
vn -0 0 1
vn -0 0 1
vn -0 0 1
vn -0 0 1
vn -0 0 1
vn -0 0 1
vn -0 0 1
vn -0 0 1
vn -0 0 1
vn -0 0 1
vn -0 0 1
vn -0 0 1
vn -0 0 1
vn -0 0 1
vn -0 0 1
vn -0 0 1
vn -0 0 1
vn -0 0 1
vn -0 0 1
vn -0 0 1
vn -0 0 1
vn -0 0 1
vn -0 0 1
vn -0 0 1
vn -0 0 1
vn -0 0 1
vn -0 0 1
vn -0 0 1
vn -0 0 1
vn -0 0 1
vn -0 0 1
vn -0 0 1
vn -0 0 1
vn -0 0 1
vn -0 0 1
vn -0 0 1
vn -0 0 1
vn -0 0 1
vn -0 0 1
vn -0 0 1
vn -0 0 1
vn -0 0 1
vn -0 0 1
vn -0 0 1
vn -0 0 1
vn -0 0 1
vn -0 0 1
vn -0 0 1
vn -0 0 1
vn -0 0 1
vn -0 0 1
vn -0 0 1
vn -0 0 1
vn -0 0 1
vn -0 0 1
vn -0 0 1
vn -0 0 1
vn -0 0 1
vn -0 0 1
vn -0 0 1
vn -0 0 1
vn -0 0 1
vn -0 0 1
vn -0 0 1
vn -0 0 1
vn -0 0 1
vn -0 0 1
vn -0 0 1
vn -0 0 1
vn -0 0 1
vn -0 0 1
vn -0 0 1
vn -0 0 1
vn -0 0 1
vn -0 0 1
vn -0 0 1
vn -0 0 1
vn -0 0 1
vn -0 0 1
vn -0 0 1
vn -0 0 1
vn -0 0 1
vn -0 0 1
vn -0 0 1
vn -0 0 1
vn -0 0 1
vn -0 0 1
vn -0 0 1
vn -0 0 1
vn -0 0 1
vn -0 0 1
vn -0 0 1
vn -0 0 1
vn -0 0 1
vn -0 0 1
vn -0 0 1
vn -0 0 1
vn -0 0 1
vn -0 0 1
vn -0 0 1
vn -0 0 1
vn -0 0 1
vn -0 0 1
vn -0 0 1
vn -0 0 1
vn -0 0 1
vn -0 0 1
vn -0 0 1
vn -0 0 1
vn -0 0 1
vn -0 0 1
vn -0 0 1
vn -0 0 1
vn -0 0 1
vn -0 0 1
vn -0 0 1
vn -0 0 1
vn -0 0 1
vn -0 0 1
vn -0 0 1
vn -0 0 1
vn -0 0 1
vn -0 0 1
vn -0 0 1
vn -0 0 1
vn -0 0 1
vn -0 0 1
vn -0 0 1
vn -0 0 1
vn -0 0 1
vn -0 0 1
vn -0 0 1
vn -0 0 1
vn -0 0 1
vn -0 0 1
vn -0 0 1
vn -0 0 1
vn -0 0 1
vn -0 0 1
vn -0 0 1
vn -0 0 1
vn -0 0 1
vn -0 0 1
vn -0 0 1
vn -0 0 1
vn -0 0 1
vn 1 0 -3.5742937E-06
vn 1 1.0631235E-06 -2.3828625E-06
vn 1 1.0631235E-06 -2.3828625E-06
vn 1 0 -3.5742937E-06
vn 1 0 -5.618949E-06
vn 1 0 -5.618949E-06
vn 1 0 -8.340016E-06
vn 1 0 -8.340016E-06
vn 1 0 -1.0726882E-05
vn 1 0 -1.0726948E-05
vn 1 0 -1.3091035E-05
vn 1 0 -1.3091032E-05
vn 1 0 -1.3144171E-05
vn 1 0 -1.3144176E-05
vn 1 -1.0320401E-06 -1.071992E-05
vn 1 -1.0320402E-06 -1.071992E-05
vn 1 1.9198835E-06 -5.7062434E-06
vn 1 1.9198906E-06 -5.7064185E-06
vn 0.99896574 0.045467958 -1.0575493E-06
vn 0.99896574 0.045467928 -1.0575502E-06
vn 0.95106584 0.30898848 3.6108393E-06
vn 0.95106584 0.30898848 3.6108393E-06
vn 0.809057 0.5877303 6.948186E-06
vn 0.80905765 0.5877294 6.9481734E-06
vn 0.58786714 0.8089575 4.449772E-06
vn 0.58786714 0.8089575 4.449772E-06
vn 0.3091415 0.951016 -7.808279E-06
vn 0.3091415 0.951016 -7.808279E-06
vn 0.05282591 0.99860376 -1.703101E-05
vn 0.052826334 0.99860376 -1.7031003E-05
vn 0.00016633574 1 -1.7589417E-05
vn 0.0001663359 1 -1.7589404E-05
vn 0.00016885938 1 -8.608075E-06
vn 0.00016885936 1 -8.608116E-06
vn 0.0001676912 1 -7.904537E-06
vn 0.00016769127 1 -7.904074E-06
vn 0.00016755055 1 -7.376985E-06
vn 0.00016755055 1 -7.376985E-06
vn 0.00016755078 1 0
vn 0.00016755078 1 0
vn 0.00016681243 1 -7.3769834E-06
vn 0.00016681243 1 -7.3769834E-06
vn 0.00016745024 1 -7.931626E-06
vn 0.00016745024 1 -7.931626E-06
vn 0.00016733365 1 -8.5764495E-06
vn 0.00016733365 1 -8.5764495E-06
vn 0.00016733346 1 -8.5764395E-06
vn 0.00016733346 1 -8.5764395E-06
vn 0.00016819165 1 0
vn 0.00016819165 1 0
vn 0.00016754022 1 0
vn 0.00016754022 1 0
vn 0.00016694232 1 0
vn 0.00016694232 1 0
vn 0.00016851725 1 0
vn 0.00016851725 1 0
vn 0.0001685172 1 0
vn 0.0001685172 1 0
vn 0.00016839585 1 0
vn 0.00016839585 1 0
vn 0.00016826756 1 0
vn 0.00016826756 1 0
vn 0.00016660156 1 0
vn 0.00016660156 1 0
vn 0.00016660153 1 0
vn 0.00016660153 1 0
vn 0.00016686256 1 0
vn 0.00016686256 1 0
vn 0.00016714113 1 0
vn 0.00016714113 1 0
vn 0.00016714113 1 0
vn 0.00016714113 1 0
vn 0.00016714113 1 0
vn 0.00016714113 1 0
vn -0 1 0
vn -0 1 0
vn -0.00016714113 1 0
vn -0.00016714113 1 0
vn -0.00016714113 1 0
vn -0.00016714113 1 0
vn -0.00016714113 1 0
vn -0.00016714113 1 0
vn -0.00016686256 1 0
vn -0.00016686256 1 0
vn -0.00016660153 1 0
vn -0.00016660153 1 0
vn -0.00016660156 1 0
vn -0.00016660156 1 0
vn -0.00016826756 1 0
vn -0.00016826756 1 0
vn -0.00016839585 1 0
vn -0.00016839585 1 0
vn -0.0001685172 1 0
vn -0.0001685172 1 0
vn -0.00016851725 1 0
vn -0.00016851725 1 0
vn -0.00016694232 1 0
vn -0.00016694232 1 0
vn -0.00016754022 1 0
vn -0.00016754022 1 0
vn -0.00016819165 1 0
vn -0.00016819165 1 0
vn -0.00016733346 1 8.5764395E-06
vn -0.00016733346 1 8.5764395E-06
vn -0.00016733365 1 8.5764495E-06
vn -0.00016733365 1 8.5764495E-06
vn -0.00016745024 1 7.931626E-06
vn -0.00016745024 1 7.931626E-06
vn -0.00016681243 1 7.3769834E-06
vn -0.00016681243 1 7.3769834E-06
vn -0.00016755078 1 0
vn -0.00016755078 1 0
vn -0.00016755055 1 7.376985E-06
vn -0.00016755055 1 7.376985E-06
vn -0.00016769079 1 7.904537E-06
vn -0.00016769083 1 7.904074E-06
vn -0.00016885955 1 8.608138E-06
vn -0.00016885957 1 8.608074E-06
vn -0.00016624393 1 8.789829E-06
vn -0.00016624412 1 8.790392E-06
vn -0.052786652 0.9986058 0
vn -0.052786652 0.9986058 0
vn -0.3091415 0.951016 0
vn -0.3091415 0.951016 0
vn -0.58786607 0.80895823 0
vn -0.58786607 0.80895823 0
vn -0.8090573 0.5877298 0
vn -0.8090573 0.5877298 0
vn -0.95106703 0.30898443 0
vn -0.95106703 0.30898443 0
vn -0.99896586 0.045465402 0
vn -0.99896586 0.045465402 0
vn -1 0 0
vn -1 0 0
vn -1 0 0
vn -1 0 0
vn -1 0 0
vn -1 0 0
vn -1 0 0
vn -1 0 0
vn -1 0 0
vn -1 0 0
vn -1 0 0
vn -1 0 0
vn -1 0 0
vn -1 0 0
vn -1 0 0
vn -1 0 0
vn -1 0 0
vn -1 0 0
vn -0 0 -1
vn -0 0 -1
vn -0 0 -1
vn -0 0 -1
vn -0 0 -1
vn -0 0 -1
vn -0 0 -1
vn -0 0 -1
vn -0 0 -1
vn -0 0 -1
vn -0 0 -1
vn -0 0 -1
vn -0 0 -1
vn -0 0 -1
vn -0 0 -1
vn -0 0 -1
vn -0 0 -1
vn -0 0 -1
vn -0 0 -1
vn -0 0 -1
vn -0 0 -1
vn -0 0 -1
vn -0 0 -1
vn -0 0 -1
vn -0 0 -1
vn -0 0 -1
vn -0 0 -1
vn -0 0 -1
vn -0 0 -1
vn -0 0 -1
vn -0 0 -1
vn -0 0 -1
vn -0 0 -1
vn -0 0 -1
vn -0 0 -1
vn -0 0 -1
vn -0 0 -1
vn -0 0 -1
vn -0 0 -1
vn -0 0 -1
vn -0 0 -1
vn -0 0 -1
vn -0 0 -1
vn -0 0 -1
vn -0 0 -1
vn -0 0 -1
vn -0 0 -1
vn -0 0 -1
vn -0 0 -1
vn -0 0 -1
vn -0 0 -1
vn -0 0 -1
vn -0 0 -1
vn -0 0 -1
vn -0 0 -1
vn -0 0 -1
vn -0 0 -1
vn -0 0 -1
vn -0 0 -1
vn -0 0 -1
vn -0 0 -1
vn -0 0 -1
vn -0 0 -1
vn -0 0 -1
vn -0 0 -1
vn -0 0 -1
vn -0 0 -1
vn -0 0 -1
vn -0 0 -1
vn -0 0 -1
vn -0 0 -1
vn -0 0 -1
vn -0 0 -1
vn -0 0 -1
vn -0 0 -1
vn -0 0 -1
vn -0 0 -1
vn -0 0 -1
vn -0 0 -1
vn -0 0 -1
vn -0 0 -1
vn -0 0 -1
vn -0 0 -1
vn -0 0 -1
vn -0 0 -1
vn -0 0 -1
vn -0 0 -1
vn -0 0 -1
vn -0 0 -1
vn -0 0 -1
vn -0 0 -1
vn -0 0 -1
vn -0 0 -1
vn -0 0 -1
vn -0 0 -1
vn -0 0 -1
vn -0 0 -1
vn -0 0 -1
vn -0 0 -1
vn -0 0 -1
vn -0 0 -1
vn -0 0 -1
vn -0 0 -1
vn -0 0 -1
vn -0 0 -1
vn -0 0 -1
vn -0 0 -1
vn -0 0 -1
vn -0 0 -1
vn -0 0 -1
vn -0 0 -1
vn -0 0 -1
vn -0 0 -1
vn -0 0 -1
vn -0 0 -1
vn -0 0 -1
vn -0 0 -1
vn -0 0 -1
vn -0 0 -1
vn -0 0 -1
vn -0 0 -1
vn -0 0 -1
vn -0 0 -1
vn -0 0 -1
vn -0 0 -1
vn -0 0 -1
vn -0 0 -1
vn -0 0 -1
vn -0 0 -1
vn -0 0 -1
vn -0 0 -1
vn -0 0 -1
vn -0 0 -1
vn -0 0 -1
vn -0 0 -1
vn -0 0 -1
vn -0 0 -1
vn -0 0 -1
vn -0 0 -1
vn -0 0 -1
vn -0 0 -1
vn -0 0 -1
vn -0 0 -1
vn -0 0 -1
vn -0 0 -1
vn -0 0 -1
vn -0 0 -1
vn -0 0 -1
vn -0 0 -1
vn -0 0 -1
vn -0 0 -1
vn -0 0 -1
vn -0 0 -1
vn -0 0 -1
vn -0 0 -1
vn -0 0 -1
vn -0 0 -1
vn -0 0 -1
vn -0 0 -1
vn -0 0 -1
vn -0 0 -1
vn -0 0 -1
vn -0 0 -1
vn -0 0 -1
vn -0 0 -1
vn -0 0 -1
vn -0 0 -1
vn -0 0 -1
vn -0 0 -1
vn -0 0 -1
vn -0 0 -1
vn -0 0 -1
vn -0 0 -1
vn -0 0 -1
vn -0 0 -1
vn -0 0 -1
vn -0 0 -1
vn -0 0 -1
vn -0 0 -1
vn -0 0 -1
vn -0 0 -1
vn -0 0 -1
vn -0 0 -1
vn -0 0 -1
vn -0 0 -1
vn -0 0 -1
vn -0 0 -1
vn -0 0 -1
vn -0 0 -1
vn -0 0 -1
vn -0 0 -1
vn -0 0 -1
vn -0 0 -1
vn -0 0 -1
vn -0 0 -1
vn -0 0 -1
vn -0 0 -1
vn -0 0 -1
vn -0 0 -1
vn -0 0 -1
vn -0 0 -1
vn -0 0 -1
vn -0 0 -1
vn -0 0 -1
vn -0 0 -1
vn -0 0 -1
vn -0 0 -1
vn -0 0 -1
vn -0 0 -1
vn -0 0 -1
vn -0 0 -1
vn -0 0 -1
vn -0 0 -1
vn -0 0 -1
vn -0 0 -1
vn -0 0 -1
vn -0 0 -1
vn -0 0 -1
vn -0 0 -1
vn -0 0 -1
vn -0 0 -1
vn -0 0 -1
vn -0 0 -1
vn -0 0 -1
vn -0 0 -1
vn -0 0 -1
vn -0 0 -1
vn -0 0 -1
vn -0 0 -1
vn -0 0 -1
vn -0 0 -1
vn -0 0 -1
vn -0 0 -1
vn -0 0 -1
vn -0 0 -1
vn -0 0 -1
vn -0 0 -1
vn -0 0 -1
vn -0 0 -1
vn -0 0 -1
vn -0 0 -1
vn -0 0 -1
vn -0 0 -1
vn -0 0 -1
vn -0 0 -1
vn -0 0 -1
vn -0 0 -1
vn -0 0 -1
vn -0 0 -1
vn -0 0 -1
vn -0 0 -1
vn -0 0 -1
vn -0 0 -1
vn -0 0 -1
vn -0 0 -1
vn -0 0 -1
vn -0 0 -1
vn -0 0 -1
vn -0 0 -1
vn -0 0 -1
vn -0 0 -1
vn -0 0 -1
vn -0 0 -1
vn -0 0 -1
vn -0 0 -1
vn -0 0 -1
vn -0 0 -1
vn -0 0 -1
vn -0 0 -1
vn -0 0 -1
vn -0 0 -1
vn -0 0 -1
vn -0 0 -1
vn -0 0 -1
vn -0 0 -1
vn -0 0 -1
vn -0 0 -1
vn -0 0 -1
vn -0 0 -1
vn -0 0 -1
vn -0 0 -1
vn -0 0 -1
vn -0 0 -1
vn -0 0 -1
vn -0 0 -1
vn -0 0 -1
vn -0 0 -1
vn -0 0 -1
vn -0 0 -1
vn -0 0 -1
vn -0 0 -1
vn -0 0 -1
vn -0 0 -1
vn -0 0 -1
vn -0 0 -1
vn -0 0 -1
vn -0 0 -1
vn -0 0 -1
vn -0 0 -1
vn -0 0 -1
vn -0 0 -1
vn -0 0 -1
vn -0 0 -1
vn -0 0 -1
vn -0 0 -1
vn -0 0 -1
vn -0 0 -1
vn -0 0 -1
vn -0 0 -1
vn -0 0 -1
vn -0 0 -1
vn -0 0 -1
vn -0 0 -1
vn -0 0 -1
vn -0 0 -1
vn -0 0 -1
vn -0 0 -1
vn -0 0 -1
vn -0 0 -1
vn -0 0 -1
vn -0 0 -1
vn -0 0 -1
vn -0 0 -1
vn -0 0 -1
vn -0 0 -1
vn -0 0 -1
vn -0 0 -1
vn -0 0 -1
vn -0 0 -1
vn -0 0 -1
vn -0 0 -1
vn -0 0 -1
vn -0 0 -1
vn -0 0 -1
vn -0 0 -1
vn -0 0 -1
vn -0 0 -1
vn -0 0 -1
vn -0 0 -1
vn -0 0 -1
vn -0 0 -1
vn -0 0 -1
vn -0 0 -1
vn -0 0 -1
vn -0 0 -1
vn -0 0 -1
vn -0 0 -1
vn -0 0 -1
vn -0 0 -1
vn -0 0 -1
vn -0 0 -1
vn -0 0 -1
vn -0 0 -1
vn -0 0 -1
vn -0 0 -1
vn -0 0 -1
vn 1 2.7930464E-06 0
vn 1 2.7930464E-06 0
vn 1 0 0
vn 1 0 0
vn 1 0 0
vn 1 0 0
vn 1 2.7930464E-06 0
vn 1 0 0
vn 1 0 0
vn 1 0 0
vn 1 0 0
vn -1 0 0
vn -1 0 0
vn -1 0 0
vn -1 0 0
vn -0 0 1
vn -0 0 1
vn -0 0 1
vn -0 0 1
vn -0 0 1
vn -0 0 1
vn -0 0 1
vn -0 0 1
vn -0 0 1
vn -0 0 1
vn -0 0 1
vn -0 0 1
vn -0 0 1
vn -0 0 1
vn -0 0 1
vn -0 0 1
vn -0 0 1
vn -0 0 1
vn -0 0 1
vn -0 0 1
vn -0 0 1
vn -0 0 1
vn -0 0 1
vn -0 0 1
vn -0 0 1
vn -0 0 1
vn -0 0 1
vn -0 0 1
vn -0 0 1
vn -0 0 1
vn -0 0 1
vn -0 0 1
vn -0 0 1
vn -0 0 1
vn -0 0 1
vn -0 0 1
vn -0 0 1
vn -0 0 1
vn -0 0 1
vn -0 0 1
vn -0 0 1
vn -0 0 1
vn -0 0 1
vn -0 0 1
vn -0 0 1
vn -0 0 1
vn -0 0 1
vn -0 0 1
vn -0 0 1
vn -0 0 1
vn -0 0 1
vn -0 0 1
vn -0 0 1
vn -0 0 1
vn -0 0 1
vn -0 0 1
vn -0 0 1
vn -0 0 1
vn -0 0 1
vn -0 0 1
vn -0 0 1
vn -0 0 1
vn -0 0 1
vn -0 0 1
vn -0 0 1
vn -0 0 1
vn -0 0 -1
vn -0 0 -1
vn -0 0 -1
vn -0 0 -1
vn -0 0 -1
vn -0 0 -1
vn -0 0 -1
vn -0 0 -1
vn -0 0 -1
vn -0 0 -1
vn -0 0 -1
vn -0 0 -1
vn -0 0 -1
vn -0 0 -1
vn -0 0 -1
vn -0 0 -1
vn -0 0 -1
vn -0 0 -1
vn -0 0 -1
vn -0 0 -1
vn -0 0 -1
vn -0 0 -1
vn -0 0 -1
vn -0 0 -1
vn -0 0 -1
vn -0 0 -1
vn -0 0 -1
vn -0 0 -1
vn -0 0 -1
vn -0 0 -1
vn -0 0 -1
vn -0 0 -1
vn -0 0 -1
vn -0 0 -1
vn -0 0 -1
vn -0 0 -1
vn -0 0 -1
vn -0 0 -1
vn -0 0 -1
vn -0 0 -1
vn -0 0 -1
vn -0 0 -1
vn -0 0 -1
vn -0 0 -1
vn -0 0 -1
vn -0 0 -1
vn -0 0 -1
vn -0 0 -1
vn -0 0 -1
vn -0 0 -1
vn -0 0 -1
vn -0 0 -1
vn -0 0 -1
vn -0 0 -1
vn -0 0 -1
vn -0 0 -1
vn -0 0 -1
vn -0 0 -1
vn -0 0 -1
vn -0 0 -1
vn -0 0 -1
vn -0 0 -1
vn -0 0 -1
vn -0 0 -1
vn -0 0 -1
vn -0 0 -1
vn 1.2316991E-05 -1 0
vn 1.2316994E-05 -1 0
vn 0.016687144 -0.99986076 0
vn 0.01668714 -0.99986076 0
vn 0.06038453 -0.99817526 0
vn 0.060212802 -0.998185 -0.0010164027
vn 0.111398764 -0.9936126 -0.018009126
vn 0.11137968 -0.993618 -0.017827976
vn 0.100780204 -0.9949063 0.002203008
vn 0.101009205 -0.994879 0.0036011061
vn 0.0006917442 -0.9999895 0.0045221164
vn 0.00053616345 -0.99998724 0.00502938
vn -0.06975551 -0.9975273 0.00857098
vn -0.06977356 -0.99752754 0.008397032
vn -0.09188356 -0.9957664 0.0025789666
vn -0.09179725 -0.9957755 0.0020790754
vn -0.14522776 -0.98939824 7.7689416E-05
vn -0.14525871 -0.9893936 0.0005499143
vn -0.13848424 -0.99024945 0.015107748
vn -0.13840824 -0.99025947 0.015143724
vn -0.07654472 -0.9970643 0.0018857544
vn -0.076468416 -0.9970714 0.001089817
vn -0.04123866 -0.9990839 -0.011436686
vn -0.041242275 -0.9990736 -0.012286669
vn -0.07997344 -0.9967795 0.0059168413
vn -0.056058038 -0.9984275 0.00015582926
vn -0.13669157 -0.9904599 0.01745266
vn -0.13897479 -0.99029154 0.0029704454
vn -0.1390069 -0.99028814 0.002561048
vn -0.14010654 -0.9901329 0.0026654494
vn -0.13989298 -0.99016166 0.0031273146
vn -0.12385123 -0.99230075 -0.0003359953
vn -0.1234407 -0.99235195 9.137304E-05
vn -0.07719603 -0.9970095 0.0035595866
vn -0.0778193 -0.9969631 0.0029309697
vn -0.016075546 -0.9998683 -0.0022641984
vn -0.015531126 -0.9998746 -0.003078701
vn 0.0648145 -0.9978955 -0.0019291986
vn 0.064472534 -0.9979184 -0.0014399973
vn 0.07456226 -0.99721634 0.0001303127
vn 0.079640575 -0.9968233 0.00079376186
vn -0 -1 0
vn -0 -1 0
vn -0 -1 0
vn -0 -1 0
vn -0 -1 0
vn -0 -1 0
vn -0 -1 0
vn -0 -1 0
vn -0 0 1
vn -0 0 1
vn -0 0 1
vn -0 0 1
vn -0 0 1
vn -0 0 1
vn -0 0 1
vn -0 0 1
vn -0 0 1
vn -0 0 1
vn -0 0 1
vn -0 0 1
vn -0 0 1
vn -0 0 1
vn -0 0 1
vn -0 0 1
vn -0 0 1
vn -0 0 1
vn -0 0 1
vn -0 0 1
vn -0 0 1
vn -0 0 1
vn -0 0 1
vn -0 0 1
vn -0 0 1
vn -0 0 1
vn -0 0 1
vn -0 0 1
vn -0 0 1
vn -0 0 1
vn -0 0 1
vn -0 0 1
vn -0 0 1
vn -0 0 1
vn -0 0 1
vn -0 0 1
vn -0 0 1
vn -0 0 1
vn -0 0 1
vn -0 0 1
vn -0 0 1
vn -0 0 1
vn -0 0 1
vn -0 0 -1
vn -0 0 -1
vn -0 0 -1
vn -0 0 -1
vn -0 0 -1
vn -0 0 -1
vn -0 0 -1
vn -0 0 -1
vn -0 0 -1
vn -0 0 -1
vn -0 0 -1
vn -0 0 -1
vn -0 0 -1
vn -0 0 -1
vn -0 0 -1
vn -0 0 -1
vn -0 0 -1
vn -0 0 -1
vn -0 0 -1
vn -0 0 -1
vn -0 0 -1
vn -0 0 -1
vn -0 0 -1
vn -0 0 -1
vn -0 0 -1
vn -0 0 -1
vn -0 0 -1
vn -0 0 -1
vn -0 0 -1
vn -0 0 -1
vn -0 0 -1
vn -0 0 -1
vn -0 0 -1
vn -0 0 -1
vn -0 0 -1
vn -0 0 -1
vn -0 0 -1
vn -0 0 -1
vn -0 0 -1
vn -0 0 -1
vn -0 0 -1
vn -0 0 -1
vn -0 0 -1
vn -0 0 -1
vn -0 0 -1
vn 0.99972516 -0.023444865 0
vn 1 0 0
vn 1 0 0
vn 0.99972516 -0.023444865 0
vn 0.95105636 -0.3090174 0
vn 0.95105636 -0.3090174 0
vn 0.80901766 -0.5877844 0
vn 0.80901766 -0.5877844 0
vn 0.5877867 -0.80901605 0
vn 0.5877867 -0.80901605 0
vn 0.30902228 -0.95105475 0
vn 0.30902228 -0.95105475 0
vn 0.022473648 -0.99974746 0
vn 0.022473648 -0.99974746 0
vn 3.8442704E-06 -1 0
vn 3.8442704E-06 -1 0
vn 3.753301E-06 -1 0
vn 3.753301E-06 -1 0
vn -0 -1 0
vn -0 -1 0
vn -3.7533014E-06 -1 -3.2601195E-06
vn -3.7533014E-06 -1 -3.2601195E-06
vn -3.843913E-06 -1 -5.9071604E-06
vn -3.843912E-06 -1 -5.9071426E-06
vn -0.022466479 -0.9997476 0
vn -0.022466479 -0.9997476 0
vn -0.30902228 -0.95105475 0
vn -0.30902228 -0.95105475 0
vn -0.5877877 -0.80901515 0
vn -0.5877877 -0.80901515 0
vn -0.80901766 -0.5877844 0
vn -0.80901766 -0.5877844 0
vn -0.95105636 -0.3090174 0
vn -0.95105636 -0.3090174 0
vn -0.99972516 -0.023444865 0
vn -0.99972516 -0.023444865 0
vn -1 0 0
vn -1 0 0
vn -0 0 1
vn -0 0 1
vn -0 0 1
vn -0 0 1
vn -0 0 1
vn -0 0 1
vn -0 0 1
vn -0 0 1
vn -0 0 1
vn -0 0 1
vn -0 0 1
vn -0 0 1
vn -0 0 1
vn -0 0 1
vn -0 0 1
vn -0 0 1
vn -0 0 1
vn -0 0 1
vn -0 0 1
vn -0 0 1
vn -0 0 1
vn -0 0 1
vn -0 0 1
vn -0 0 1
vn -0 0 1
vn -0 0 -1
vn -0 0 -1
vn -0 0 -1
vn -0 0 -1
vn -0 0 -1
vn -0 0 -1
vn -0 0 -1
vn -0 0 -1
vn -0 0 -1
vn -0 0 -1
vn -0 0 -1
vn -0 0 -1
vn -0 0 -1
vn -0 0 -1
vn -0 0 -1
vn -0 0 -1
vn -0 0 -1
vn -0 0 -1
vn -0 0 -1
vn -0 0 -1
vn -0 0 -1
vn -0 0 -1
vn -0 0 -1
vn -0 0 -1
vn -0 0 -1
vn -0 0 -1
vn -0.99962294 -0.027458772 0
vn -0.8789921 0.051973052 -0.47399554
vn -1 1.6566149E-06 -4.7657254E-06
vn -1 1.6566149E-06 0
vn -1 1.6566149E-06 4.7657254E-06
vn -1 1.6566149E-06 4.7657254E-06
vn -0.99962294 -0.027458772 0
vn -1 1.6566149E-06 0
vn 0.9352608 0.35395962 -1.5398138E-05
vn 0.33870545 0.17066897 0.9252842
vn 0.05233659 0.002073338 0.9986273
vn 0.05241091 0.0019125085 -0.9986237
vn 0.07992252 -0.0050497046 -0.9967884
vn 0.086950555 0.006842055 -0.9961892
vn 0.008538086 0.0007541593 -0.9999633
vn 0.007931726 -0.01095749 -0.99990857
vn -0 0.00041849347 -1
vn 0.05241091 0.0019125085 -0.9986237
vn -0 -0.011650275 -0.99993217
vn 0.005722449 0.0050529437 -0.9999709
vn 0.004283946 -0.03089192 -0.9995135
vn 0.007990521 -0.017348884 -0.99981755
vn -8.388897E-05 -0.036441706 -0.9993357
vn 0.0099803265 -0.001856708 -0.9999485
vn -0 0.029042339 -0.9995782
vn -0 0.029042339 -0.9995782
vn -0 0.00035353194 -1
vn -0 0.029042345 -0.9995782
vn -0 -0.0764874 -0.99707055
vn -0 0.0004185012 -1
vn -0 0.029042348 -0.9995782
vn 0.0018178801 -0.017700437 -0.9998417
vn -0 -0.0778009 -0.9969689
vn 0.00059258466 0.0016020847 -0.99999857
vn -0 0.029042345 -0.9995782
vn 0.0028837018 -0.004951261 -0.99998367
vn 0.002259494 -0.07687094 -0.9970386
vn 0.0014259915 0.0058400687 -0.999982
vn -0 0.029042345 -0.9995782
vn 0.0019082003 -0.006338805 -0.99997807
vn 0.005457763 -0.050589938 -0.99870455
vn 0.0023846976 0.017266475 -0.9998481
vn -0 0.029042333 -0.9995782
vn 0.010153758 -0.025991501 -0.9996106
vn 0.0010077863 0.034501314 -0.9994041
vn -0.012279623 0.02717192 -0.9995553
vn -0.014263925 0.045432534 -0.9988656
vn -0.11680422 0.031193262 -0.992665
vn -0.12375627 0.06414875 -0.99023706
vn -0.11680429 0.031193243 0.992665
vn -0.12255309 0.06139913 0.9905608
vn 0.006795036 -0.018475972 -0.9998062
vn 0.01681039 0.018433811 -0.99968874
vn 0.019161113 0.04716123 -0.9987035
vn 0.009239989 -0.00726053 -0.999931
vn 0.01204326 0.47150502 -0.88178116
vn 0.01002076 0.26109686 -0.9652606
vn 0.008412357 0.11653442 -0.99315095
vn 0.005752483 0.082887046 -0.9965423
vn 0.022950804 -0.008869703 -0.9996972
vn 0.029444013 0.12548012 -0.9916591
vn 0.019173892 0.042232636 -0.9989237
vn 0.029398426 0.09551026 -0.9949942
vn 0.005534122 0.11817082 -0.9929778
vn -0.024995217 0.14963508 -0.98842525
vn -0.044417556 0.14586312 -0.9883072
vn -0.08515749 0.12896097 -0.9879865
vn -0.21444991 0.15207954 -0.9648229
vn -0.68720454 0.30251238 -0.66048175
vn -0.9233619 0.38392496 -0.0021052882
vn -0.7166929 0.3121528 0.623628
vn -0.14457889 0.16026033 0.976429
vn 0.017964063 0.05206134 -0.9984823
vn 0.33744526 0.17021647 -0.9258278
vn 0.0067310208 0.06798299 -0.99766374
vn 0.0016900311 0.055047356 -0.9984823
vn 0.00156448 -0.0038336273 -0.9999914
vn 0.00022114479 -0.003111434 -0.9999951
vn -0.00029864573 0.057401862 -0.9983511
vn 5.5366578E-05 -0.0022885192 -0.9999974
vn -0.0006047731 0.051422276 -0.99867684
vn -0.00015373052 -0.0033904768 -0.9999943
vn -0.0001301989 -0.0039576706 -0.99999213
vn 8.460862E-05 0.056499973 -0.99840266
vn -3.8399263E-05 1 0
vn -3.839926E-05 1 0
vn -3.839926E-05 1 0
vn -3.8399263E-05 1 0
vn -3.839918E-05 1 0
vn -3.839918E-05 1 0
vn -0.021299914 0.99742115 -0.068538524
vn -0.005848723 0.99990773 -0.012264985
vn -0.019198159 0.9967469 -0.07827538
vn -0.059709877 0.9982132 -0.0022608228
vn -0.059552982 0.99822515 -0.00031337776
vn -0.112702884 0.9936287 -5.789616E-06
vn -0.11275693 0.9936226 0
vn -0.09860389 0.9951267 0
vn -0.09860386 0.9951267 0
vn -0 1 0
vn -0 1 0
vn 0.069099575 0.99760973 0
vn 0.06909959 0.99760973 0
vn 0.09161999 0.99579406 0
vn 0.09162005 0.99579406 0
vn 0.14629251 0.9892414 0
vn 0.14629921 0.98924035 0.00014230864
vn 0.13763218 0.9892992 0.04841935
vn 0.13787213 0.9892952 0.047815386
vn 0.07331735 0.94235 0.32649845
vn 0.072293386 0.94245464 0.32642436
vn 0.039754257 0.9991892 0.0063617015
vn 0.039752483 0.99919254 0.0058279717
vn 0.059514005 0.98785 0.14356276
vn 0.060905717 0.98763406 0.14446269
vn 0.1429411 0.9751032 0.16953325
vn 0.14303933 0.9752529 0.16858636
vn 0.13843234 0.9053565 0.40145507
vn 0.13814892 0.9054395 0.4013654
vn 0.14101534 0.9881859 0.06002808
vn 0.14101696 0.98826724 0.05866883
vn 0.12680165 0.99186337 0.011328398
vn 0.123570964 0.9922714 0.011293769
vn 0.081014566 0.99262005 0.09023348
vn 0.0796403 0.99263656 0.091268755
vn 0.016473576 0.9892588 0.14524312
vn 0.013328759 0.98921764 0.14584552
vn -0.06503145 0.99136305 0.11388638
vn -0.06573517 0.9914069 0.11309867
vn -0.07705481 0.9715507 0.22394565
vn -0.07111704 0.9713885 0.22659802
vn -0.013914868 0.9948002 0.10089088
vn -0.018424433 0.99504364 0.09771722
vn -0.07071029 0.99394256 0.08413252
vn -0.064641826 0.9933636 0.09513264
vn -0.09102068 0.9951486 0.037342012
vn 0.07346075 0.9363909 -0.34318453
vn 0.07241392 0.93674326 -0.3424445
vn 0.040122584 0.99000895 0.13517569
vn 0.13458736 0.96502763 -0.22496204
vn 0.13570708 0.96506864 -0.2241119
vn 0.14533404 0.9893825 -0.0006923911
vn 0.14533126 0.98938304 0
vn 0.0924095 0.99572104 0
vn 0.09241279 0.9957208 0
vn 0.06937226 0.9975909 0
vn 0.069372274 0.9975909 0
vn -0.0008148096 0.99999964 0
vn -0.0008148358 0.99999964 0
vn -0.10101683 0.99488467 0
vn -0.10101686 0.99488467 0
vn -0.11304628 0.99358976 0
vn -0.11297601 0.99359775 5.8628752E-06
vn -0.058479726 0.9982869 0.0017920791
vn -0.05836169 0.9982955 0.00038377577
vn -0.019002188 0.99828136 0.0554375
vn -0.01917107 0.9985576 0.050152298
vn -0.004646213 0.9999417 0.009750376
vn 0.07241392 0.93674326 -0.3424445
vn 0.04009213 0.9896808 0.13756607
vn 0.040122584 0.99000895 0.13517569
vn 0.058702342 0.98763067 -0.14539482
vn 0.040122584 0.99000895 0.13517569
vn 0.058702342 0.98763067 -0.14539482
vn 0.05861658 0.98714477 -0.14869191
vn 0.13548063 0.92193145 -0.36288762
vn 0.13480283 0.92184573 -0.36335754
vn 0.13139169 0.87395 -0.46791843
vn 0.13122095 0.87292486 -0.46987587
vn 0.14185387 0.9842976 -0.10505131
vn 0.14198864 0.9844259 -0.103657566
vn 0.12804867 0.99166745 -0.014116932
vn 0.12437454 0.992126 -0.014727848
vn 0.08229105 0.9813044 -0.17398232
vn 0.07796628 0.9816545 -0.17399871
vn 0.017374134 0.99922216 -0.03540001
vn 0.017316192 0.9992662 -0.034163624
vn -0.06256444 0.99616504 -0.061164193
vn -0.0652864 0.99591947 -0.06230495
vn -0.084255375 0.97212595 -0.21879703
vn -0.08690377 0.9715414 -0.2203522
vn -0.01648208 0.98263663 -0.18480667
vn -0.0165376 0.9836077 -0.17956173
vn -0.022763647 0.99628913 -0.0830042
vn -0.023391843 0.99649245 -0.080346845
vn -0.057942852 0.9935814 -0.09715351
vn -0.063190855 0.9938438 -0.09100209
vn -0.09034229 0.99521255 -0.037284657
vn -0.12563057 0.9920771 -0.00012516958
vn -0.14735985 0.98908293 6.4019346E-06
vn -0 0 -1
vn -0 0 -1
vn -0 0 -1
vn -0 0 -1
vn -0 0 -1
vn -0 0 -1
vn -0 0 -1
vn -0 0 -1
vn -0 0 -1
vn -0 0 -1
vn -0 0 -1
vn -0 0 -1
vn -0 0 -1
vn -0 0 -1
vn -0 0 -1
vn -0 0 -1
vn -0 0 -1
vn -0 0 -1
vn -0 0 -1
vn -0 0 -1
vn -0 0 -1
vn -0 0 -1
vn -0 0 -1
vn -0 0 -1
vn -0 0 -1
vn -0 0 -1
vn -0 0 -1
vn -0 0 -1
vn -0 0 -1
vn -0 0 -1
vn -0 0 -1
vn -0 0 -1
vn -0 0 -1
vn -0 0 -1
vn -0 0 -1
vn -0 0 -1
vn -0 0 -1
vn -0 0 -1
vn -0 0 -1
vn -0 0 -1
vn -0 0 -1
vn -0 0 -1
vn -0 0 -1
vn -0 0 -1
vn -0 0 -1
vn -0 0 -1
vn -0 0 -1
vn -0 0 -1
vn -0 0 -1
vn -0 0 -1
vn -0 0 -1
vn -0 0 -1
vn -0 0 -1
vn -0 0 -1
vn -0 0 -1
vn -0 0 -1
vn -0 0 -1
vn -0 0 -1
vn -0 0 -1
vn -0 0 -1
vn -0 0 -1
vn -0 0 -1
vn -0 0 -1
vn -0 0 -1
vn -0 0 -1
vn -0 0 -1
vn -0 0 -1
vn -0 0 -1
vn -0 0 -1
vn -0 0 -1
vn -0 0 -1
vn -0 0 -1
vn -0 0 -1
vn -0 0 -1
vn -0 0 -1
vn -0 0 -1
vn -0 0 -1
vn -0 0 -1
vn -0 0 -1
vn -0 0 -1
vn -0 0 -1
vn -0 0 -1
vn -0 0 -1
vn -0 0 -1
vn -0 0 -1
vn -0 0 -1
vn -0 0 -1
vn -0 0 -1
vn -0 0 -1
vn -0 0 -1
vn -0 0 -1
vn -0 0 -1
vn -0 0 -1
vn -0 0 -1
vn -0 0 -1
vn -0 0 -1
vn -0 0 -1
vn -0 0 -1
vn -0 0 -1
vn -0 0 -1
vn -0 0 -1
vn -0 0 -1
vn -0 0 -1
vn -0 0 -1
vn -0 0 -1
vn -0 0 -1
vn -0 0 -1
vn -0 0 -1
vn -0 0 -1
vn -0 0 -1
vn -0 0 -1
vn -0 0 -1
vn -0 0 -1
vn -0 0 -1
vn -0 0 -1
vn -0 0 -1
vn -0 0 -1
vn -0 0 -1
vn -0 0 -1
vn -0 0 -1
vn -0 0 -1
vn -0 0 -1
vn -0 0 -1
vn -0 0 -1
vn -0 0 -1
vn -0 0 -1
vn -0 0 -1
vn -0 0 -1
vn -0 0 -1
vn -0 0 -1
vn -0 0 -1
vn -0 0 -1
vn -0 0 -1
vn -0 0 -1
vn -0 0 -1
vn -0 0 -1
vn -0 0 -1
vn -0 0 -1
vn -0 0 -1
vn -0 0 -1
vn -0 0 -1
vn -0 0 -1
vn -0 0 -1
vn -0 0 -1
vn -0 0 -1
vn -0 0 -1
vn -0 0 -1
vn -0 0 -1
vn -0 0 -1
vn -0 0 -1
vn -0 0 -1
vn -0 0 -1
vn -0 0 -1
vn -0 0 -1
vn -0 0 -1
vn -0 0 -1
vn -0 0 -1
vn -0 0 -1
vn -0 0 -1
vn -0 0 -1
vn -0 0 -1
vn -0 0 -1
vn -0 0 -1
vn -0 0 -1
vn -0 0 -1
vn -0 0 -1
vn -0 0 -1
vn -0 0 -1
vn -0 0 -1
vn -0 0 -1
vn -0 0 -1
vn -0 0 -1
vn -0 0 -1
vn -0 0 -1
vn -0 0 -1
vn -0 0 -1
vn -0 0 -1
vn -0 0 -1
vn -0 0 -1
vn -0 0 -1
vn -0 0 -1
vn -0 0 -1
vn -0 0 -1
vn -0 0 -1
vn -0 0 -1
vn -0 0 -1
vn -0 0 -1
vn -0 0 -1
vn -0 0 -1
vn -0 0 -1
vn -0 0 -1
vn -0 0 -1
vn -0 0 -1
vn -0 0 -1
vn -0 0 -1
vn -0 0 -1
vn -0 0 -1
vn -0 0 -1
vn -0 0 -1
vn -0 0 -1
vn -0 0 -1
vn -0 0 -1
vn -0 0 -1
vn -0 0 -1
vn -0 0 -1
vn -0 0 -1
vn -0 0 -1
vn -0 0 -1
vn -0 0 -1
vn -0 0 -1
vn -0 0 -1
vn -0 0 -1
vn -0 0 -1
vn -0 0 -1
vn -0 0 -1
vn -0 0 -1
vn -0 0 -1
vn -0 0 -1
vn -0 0 -1
vn -0 0 -1
vn -0 0 -1
vn -0 0 -1
vn -0 0 -1
vn -0 0 -1
vn -0 0.19171242 0.9814511
vn 0.0008451773 0.1541974 0.9880397
vn 0.0008495596 0.15400219 0.9880702
vn -0.00037049444 0.15295665 0.9882329
vn -0.0002889029 0.1529858 0.9882284
vn -0.00618432 0.15350692 0.98812824
vn -0.0030489294 0.15911135 0.98725593
vn -0.001677709 0.17958523 0.9837409
vn 0.00016188771 0.18067923 0.98354197
vn 0.00093464844 0.19423468 0.98095465
vn 0.011381619 0.35625196 0.9343206
vn -0.0003011955 0.18214491 0.98327166
vn -0.0014478728 0.23714842 0.9714723
vn -0.005046546 0.2205991 0.9753515
vn -0.031554714 0.506164 0.8618598
vn -0.014887635 0.2357885 0.9716904
vn -0.0033594524 0.20180425 0.9794201
vn 0.0786357 0.15713562 0.98444134
vn 0.16936105 0.117192194 0.97856164
vn 0.60583156 0.07384835 0.79215807
vn 0.5128328 0.004445363 0.858477
vn 0.92653275 -0.09396879 0.36428964
vn 0.9950553 -0.09932274 9.83682E-06
vn 0.99739885 -0.072080225 0
vn -0 0.23961337 -0.9708684
vn -0 0.23961334 -0.9708684
vn -0 0.23961332 -0.9708684
vn 0.00047959274 0.2366905 -0.97158504
vn 0.0025648342 0.22677994 -0.97394264
vn 0.0027067463 0.22612081 -0.9740956
vn 0.003910593 0.22067378 -0.97533983
vn 0.0008873666 0.21893202 -0.9757397
vn 0.0010645882 0.22234088 -0.97496843
vn 0.012470432 0.33703855 -0.94140834
vn -0.0011986683 0.21902914 -0.9757176
vn -0.0033177848 0.19728221 -0.9803412
vn -9.190001E-05 0.21708886 -0.9761519
vn 0.0031437436 0.22122084 -0.9752187
vn 0.0124649955 0.1911628 -0.9814792
vn 0.008151603 0.1995491 -0.9798539
vn 0.036851436 0.18209684 -0.98258984
vn 0.6126349 0.08458798 -0.78582656
vn 0.5638309 -0.0067064096 -0.82586294
vn 0.92653203 -0.09401494 -0.3642797
vn 0.9950553 -0.09932274 9.83682E-06
vn 0.99739885 -0.072080225 0
vn -0.0017875959 0.20224056 -0.97933424
vn -0 0.2158643 -0.9764233
vn -0.0011490426 0.21472883 -0.97667307
vn -0.0014367999 0.2021164 -0.97936046
vn -0.0004916928 0.21021222 -0.97765565
vn -0.0027103159 0.18654063 -0.98244345
vn -0.001383352 0.20096898 -0.9795966
vn -0.00074592186 0.20775951 -0.9781797
vn 0.0020966032 0.20169684 -0.97944576
vn 0.001130264 0.20896901 -0.97792155
vn 0.0016155839 0.20432693 -0.9789013
vn 0.0019755752 0.21427928 -0.97677046
vn -0.006627518 0.2012567 -0.9795161
vn -0.052822 0.17925753 -0.98238313
vn -0.8789921 0.051973052 -0.47399554
vn 0.0016552549 0.18015967 -0.98363596
vn 0.002856896 0.17990187 -0.98368037
vn -0.002712666 0.18147214 -0.98339236
vn -0.0027109215 0.18490323 -0.98275304
vn -0.0044602645 0.13675937 -0.99059427
vn -0.0044592894 0.139226 -0.9902506
vn -0.0054369983 0.05169108 -0.99864835
vn -0.004463112 0.13156821 -0.9912971
vn 0.0024750691 0.12786326 -0.9917888
vn 0.00086976495 0.12659918 -0.99195355
vn -0.12172195 0.1409824 -0.98250073
vn -0.6078389 -0.03091777 -0.79345816
vn -0.0054369606 0.051978063 -0.99863344
vn -0.005436867 0.05257161 -0.99860233
vn 0.0028112775 0.053923413 -0.9985411
vn 0.0007398658 0.055042308 -0.99848384
vn -0.18677048 0.08052701 -0.97909766
vn -0.6578949 -0.0724915 -0.7496128
vn -0.9227538 -0.11917664 -0.36650002
vn -0.006008879 0.03158756 -0.99948287
vn -0.006008653 0.03224015 -0.99946207
vn -0.008300934 0.013250072 -0.9998778
vn -0.9927771 -0.11997354 4.479182E-06
vn -0.99962294 -0.027458772 0
vn -0.9906725 -0.13626415 0
vn -0.8597934 -0.120260075 -0.4962789
vn -0.9934588 -0.11418615 -0.0011117456
vn -0.7285744 -0.07913743 -0.6803798
vn -0.7182164 -0.032450233 -0.69506276
vn -0.99909973 -0.042424493 -1.6126847E-05
vn -0.24147923 0.029214637 -0.96996605
vn -0.72579116 -0.021158436 -0.6875896
vn -0.9997025 -0.024383985 0.00034068382
vn -0.28542536 0.009291331 -0.9583559
vn 0.0010080761 0.028773814 -0.99958545
vn -0.692401 -0.0065355347 -0.72148335
vn -0.9999589 -0.009073447 0
vn -1 0.00020267922 0
vn -0.3223617 -0.00051483396 -0.9466164
vn 0.0028432205 0.029212268 -0.9995691
vn -0.01432648 0.006546883 -0.9998759
vn -0.32261378 0.001772963 -0.94652903
vn -0.6946218 0.0010039684 -0.7193744
vn -0.0060094437 0.030224297 -0.99952507
vn 0.0007703878 0.0086782845 -0.9999621
vn -0.7232233 0.009803699 -0.6905447
vn -0.9999616 0.008760676 0
vn -0.32097793 0.006006537 -0.9470676
vn -0.011832166 0.0017281721 -0.9999285
vn -0.0050517037 0.0014317193 -0.9999863
vn -0.008301083 0.010461569 -0.99991083
vn -0.008490293 0.011512126 -0.9998977
vn -0.009637316 0.0011610502 -0.9999529
vn -0.008050984 -0.0029168248 -0.9999634
vn -0.76926726 0.019130575 -0.6386407
vn -0.9998301 0.018432835 5.939169E-05
vn -0.30928105 0.005466437 -0.950955
vn -0.007987175 -7.2702715E-05 -0.9999682
vn -0.0033561704 -0.0017204859 -0.99999297
vn -0.0045864205 -0.011329441 -0.9999254
vn -0.79976165 0.024773424 -0.59980625
vn -0.9993814 0.035168067 0.0001031877
vn -0.0032758755 -0.008458633 -0.9999589
vn 6.780981E-05 -0.010429371 -0.99994564
vn -0.0038819553 -0.028722024 -0.99957985
vn -0.26106194 -0.024955057 -0.96499944
vn -0.78641003 0.022316925 -0.61730164
vn -0.9993888 0.034953304 0.0005486983
vn 0.00057473895 -0.032552555 -0.99946994
vn -1.9539373E-05 -0.037119336 -0.99931085
vn -0.22607177 -0.058564518 -0.97234863
vn -0.0017264626 -0.09214361 -0.9957443
vn -0.0010005163 -0.100289956 -0.99495775
vn -0.0050383727 -0.107082814 -0.9942373
vn -0.7759702 0.05756485 -0.62813735
vn -0.99546635 0.09509669 -0.0018334475
vn 0.0015806716 -0.16794717 -0.98579466
vn 0.0024190033 -0.18553269 -0.98263514
vn -0.0011736121 -0.1999758 -0.97980016
vn -0.18844536 -0.11512414 -0.9753127
vn -0.7499964 0.0920481 -0.6550057
vn -0.99181026 0.12772 0
vn 0.005041493 -0.2559492 -0.96667707
vn 0.0021991765 -0.25934955 -0.96578103
vn 0.002497754 -0.2566047 -0.9665132
vn 0.0046954453 -0.2518886 -0.9677449
vn -0.14100246 -0.19608374 -0.9703965
vn -0.782853 0.109038234 -0.6125781
vn -0.991115 0.13300769 0
vn -0.8185477 0.01209837 -0.5743111
vn -0.69978505 0.047559734 -0.7127685
vn -0.010262496 -0.26563627 -0.96401864
vn -0.059339598 -0.2564863 -0.96472454
vn 0.004388422 -0.27509564 -0.9614068
vn 0.0029744527 -0.27169234 -0.9623795
vn 0.004284555 -0.2646287 -0.9643408
vn 0.0027005873 -0.24926087 -0.9684326
vn 0.001746915 -0.2320343 -0.972706
vn -0.8185468 0.012097693 0.57431245
vn -0.8185477 0.01209837 -0.5743111
vn -0.991115 0.13300769 0
vn -0.78285307 0.10903793 0.61257803
vn -0.99181026 0.12772 0
vn -0.7084144 0.04510814 0.70435387
vn -0.00919946 -0.2582128 0.9660443
vn -0.7707469 0.096298605 0.629822
vn -0.99546635 0.09509669 -0.0018334475
vn -0.8059282 0.05288426 0.5896465
vn -0.9993888 0.034953304 0.0005486983
vn -0.3561027 -0.15565716 0.9213912
vn -0.818227 0.018352404 0.5746023
vn -0.9993814 0.035168067 0.0001031877
vn -0.22173215 -0.2205646 0.9498348
vn -0.4036534 -0.10760002 0.9085627
vn -0.8289566 0.02506244 0.5587511
vn -0.9998301 0.018432835 5.939169E-05
vn -0.40781203 -0.05687118 0.911293
vn -0.00087235874 -0.28976187 0.95709836
vn -0.0076254313 -0.28781483 0.95765567
vn -0.015374873 -0.19492374 0.9806979
vn 0.0031622618 -0.29181257 0.9564703
vn 0.0017604862 -0.2643431 0.9644271
vn 0.0017995266 -0.2455587 0.9693801
vn 0.0039407583 -0.2959585 0.9551927
vn 0.0028478748 -0.28331935 0.9590214
vn -0 -0.13430206 0.99094045
vn -0.023483546 -0.103671655 0.99433434
vn -0 -0.27800295 0.9605802
vn -0 -0.30288994 0.9530255
vn -0 -0.23408374 0.9722164
vn -0.0017995631 -0.24555883 0.96937996
vn 0.0032151425 -0.2999842 0.9539387
vn -0.0028479437 -0.28331944 0.9590214
vn -0.0017605653 -0.2643429 0.9644271
vn -0 -0.07408708 0.9972518
vn -0 -0.13430206 0.99094045
vn -0.003162378 -0.29181302 0.9564702
vn 0.00918964 -0.25821865 0.96604276
vn -0.0032152124 -0.29998356 0.95393896
vn -0 -0.13430206 0.99094045
vn -0 -0.13430206 0.99094045
vn -0.0039408645 -0.29595792 0.95519286
vn -0 -0.07408708 0.9972518
vn 0.0008728044 -0.2897618 0.95709836
vn -0 -0.07408708 0.9972518
vn -0 -0.021842007 0.9997614
vn -0 -0.021842007 0.9997614
vn -0 -0.07408708 0.9972518
vn -0 -0.13430206 0.99094045
vn 0.007628519 -0.28781292 0.95765626
vn 0.2219257 -0.22047713 0.9498099
vn 0.708668 0.045210954 0.7040921
vn 0.8185459 0.01209767 0.57431376
vn 0.35612378 -0.15561646 0.92139
vn 0.015379995 -0.19492264 0.9806981
vn -0 -0.07408708 0.9972518
vn -0 -0.021842007 0.9997614
vn 0.7828949 0.109001935 0.61253095
vn 0.9911152 0.13300619 0
vn 0.81854534 0.0120973885 -0.5743145
vn 0.9918127 0.12770091 -0.00033386823
vn 0.7707264 0.096275315 0.6298506
vn 0.99546164 0.095145844 -0.0018719047
vn 0.80590886 0.05293533 0.5896684
vn 0.9993888 0.034951992 0.0005499401
vn 0.40374216 -0.107577905 0.9085258
vn 0.81822693 0.018353589 0.57460225
vn 0.9993814 0.035168182 0.000104408326
vn 0.023490647 -0.10367094 0.9943342
vn 0.4079053 -0.056858845 0.91125214
vn 0.82895684 0.025062455 0.55875075
vn 0.9998301 0.018432572 5.9432783E-05
vn -0 -0.021842007 0.9997614
vn 0.005363573 -0.017254453 0.9998367
vn 0.027310124 -0.049293704 0.9984108
vn 0.40410578 -0.021138918 0.914468
vn 0.80944216 0.018702615 0.5869016
vn 0.9999616 0.008760503 0
vn 0.39216933 0.0012233857 0.9198922
vn 0.77895886 0.009748996 0.6269993
vn 1 0.0002026805 0
vn 0.002855636 -0.018915253 0.9998171
vn 0.75645226 0.0016660376 0.6540468
vn 0.9999589 -0.009073411 0
vn 0.74739707 -0.005893095 0.66435146
vn 0.9997025 -0.024384132 0.00034072035
vn 0.41475692 0.0027375384 0.9099281
vn 0.41591722 0.0008412798 0.909402
vn 0.0076517947 -0.009263309 0.9999279
vn 0.003961321 -0.010001528 0.9999422
vn 0.0044473945 -0.002008406 0.9999881
vn 0.010252312 -0.0007643258 0.9999472
vn 0.759067 -0.020746343 0.6506819
vn 0.99909973 -0.042424202 -1.6164135E-05
vn -0 -0.019330304 0.99981314
vn 0.4080531 0.0072100307 0.9129297
vn 0.01675211 0.0177716 0.9997017
vn 0.76265436 -0.032788035 0.64597464
vn 0.9934589 -0.11418507 -0.0011115444
vn 0.34324482 0.014452523 0.9391348
vn 0.00012343102 0.018230833 0.9998338
vn 0.013936845 0.03198371 0.9993912
vn 0.3895621 0.023456743 0.9207014
vn 0.7649079 -0.07869498 0.63931453
vn 0.86220187 -0.120827146 0.49194375
vn 0.9906723 -0.13626535 0
vn 0.9195069 -0.13855395 0.3678449
vn 0.9905269 -0.13731895 0
vn 0.7008583 -0.080202624 0.7087772
vn 0.6231457 -0.015148866 0.78195906
vn 0.40069777 0.051114745 0.9147834
vn 0.35208234 0.09660175 0.93097055
vn 0.21088666 0.17202003 0.96225566
vn 0.08180022 0.051773157 0.99530303
vn 0.03550748 0.22414884 0.97390795
vn 0.06708163 0.2041198 0.9766449
vn 0.101889595 0.13286227 0.9858834
vn 0.009159898 0.057125766 0.99832493
vn 0.0018583157 0.24749026 0.96888864
vn 0.03583062 0.20022632 0.9790943
vn 0.012166103 0.18779993 0.98213196
vn -0.0065034837 0.25239637 0.9676021
vn -0.010044605 0.20374799 0.97897184
vn -0.0060356883 0.24462606 0.96959865
vn 0.0026391197 0.030641224 0.999527
vn 0.002235596 0.056355186 0.99840826
vn 0.00095725915 0.19347452 0.9811048
vn 0.0005622666 0.26324895 0.96472776
vn -0.00023649054 0.23348776 0.9723598
vn 2.9585823E-05 0.24591443 0.96929157
vn 0.0024917342 0.26362687 0.9646215
vn 0.0038292827 0.19754541 0.9802862
vn 0.006149135 0.05801732 0.9982967
vn 0.0072595864 0.031186415 0.99948716
vn 0.00262725 0.2472215 0.96895546
vn 0.005768635 0.24349034 0.9698861
vn 0.0029081777 0.23797275 0.97126746
vn 0.0053990525 0.21213375 0.97722584
vn 0.0024330139 0.23329681 0.9724025
vn 0.0044785696 0.2002843 0.9797276
vn 0.001105134 0.19289452 0.9812189
vn 0.0023603593 0.26353407 0.96464723
vn 0.003826386 0.20151944 0.97947705
vn 0.007859003 0.01821448 0.99980325
vn 0.006148832 0.060664423 0.99813926
vn 0.0023587684 0.26592904 0.96398973
vn 2.2898621E-05 0.2670921 0.963671
vn -7.9967496E-05 0.22967024 0.9732685
vn -0.0004691193 0.19420101 0.9809616
vn -0.0006568776 0.19216588 0.9813623
vn 0.0038233816 0.20550504 0.9786486
vn -0.0012021988 0.22387399 0.9746173
vn -0.00065155356 0.18890537 0.9819951
vn 0.007259409 0.032250796 0.9994535
vn 0.00614842 0.06332185 0.9979742
vn -0.0011981472 0.22153302 0.97515213
vn -0.00065421726 0.1856145 0.9826224
vn 0.007980992 0.017866906 0.9998086
vn -3.164886E-05 -0.0026880575 0.9999964
vn 0.0072592227 0.033319604 0.9994184
vn -0 0.20746197 0.9782431
vn -0.002313065 0.26575306 0.96403825
vn -0.0012008593 0.21941227 0.9756315
vn -0.0004258043 0.18331373 0.98305434
vn -0 0.06465147 0.9979079
vn -0.0038232056 0.2055052 0.9786485
vn -0.002314739 0.2631777 0.9647446
vn 0.007859161 0.01856788 0.9997967
vn -0.00054200186 0.21810001 0.97592634
vn 0.00039718425 0.18461572 0.98281074
vn -0.0023163767 0.26060808 0.96544194
vn -0.003826218 0.20151995 0.979477
vn -0 0.033854384 0.99942684
vn 0.006487009 0.22104114 0.97524285
vn 0.0034253548 0.2045333 0.9788536
vn -0.006148105 0.06332199 0.9979742
vn -0.00054385274 0.25905487 0.96586245
vn -0.0072588413 0.033319663 0.9994184
vn -0 0.018623888 0.9998266
vn -0.007858716 0.01856789 0.9997967
vn -0.0038291058 0.19754604 0.98028606
vn -0.0061485684 0.06066468 0.99813926
vn -0.0072590853 0.03225091 0.9994535
vn -0.006148895 0.05801773 0.9982967
vn -0.0009570903 0.19347504 0.9811047
vn -0.008015302 0.01783405 0.99980885
vn -0.0072592874 0.031186592 0.99948716
vn 0.0069743227 0.26037654 0.96548194
vn -0.0022353055 0.056355704 0.99840826
vn -0.012163498 0.18780078 0.98213184
vn 0.0029750422 0.23073652 0.9730117
vn -0.0018564287 0.24634944 0.9691793
vn -0.07222465 0.18285188 0.98048395
vn -0.19903286 0.14647186 0.968985
vn -0.60677177 0.07536835 0.7912949
vn -0.035504673 0.22300659 0.9741701
vn -0.0026387793 0.030641451 0.999527
vn -0.009159576 0.057126474 0.99832493
vn -0.10184119 0.13287403 0.98588693
vn -0.35216752 0.09581384 0.9310197
vn -0.58143127 -0.0089079505 0.8135467
vn -0.007858696 0.018164752 0.9998042
vn -0.0045161513 -0.0019883374 0.99998784
vn -0.00014698146 0.018151902 0.99983525
vn -0.013935306 0.03198409 0.9993912
vn -0.08176305 0.05177689 0.99530596
vn -0.40058935 0.051147588 0.9148289
vn -0.70085853 -0.08020156 0.7087771
vn -0.38944954 0.02347229 0.9207487
vn -1.6821541E-05 -0.0103312405 0.9999467
vn -0.0039964602 -0.009966343 0.9999424
vn -0.92283803 -0.11889549 0.36637914
vn -0.7649079 -0.078695245 0.6393144
vn -0.9927771 -0.11997354 4.479182E-06
vn -0.99962294 -0.027458772 0
vn -0.9906725 -0.13626415 0
vn -0.86220205 -0.12082683 0.49194342
vn -0.9934588 -0.11418615 -0.0011117456
vn -0.76265454 -0.03278813 0.6459745
vn -0.99909973 -0.042424493 -1.6126847E-05
vn -0.34314314 0.01446118 0.9391718
vn -0.75906765 -0.020746307 0.65068096
vn -0.9997025 -0.024383985 0.00034068382
vn -0.9999589 -0.009073447 0
vn -0.016757948 0.017659515 0.9997036
vn -0.4076691 0.007130482 0.9131019
vn -0.747226 -0.0059163775 0.6645437
vn -0.75625825 0.0016650051 0.6542711
vn -1 0.00020267922 0
vn -0.9999616 0.008760676 0
vn -0.01031326 -0.0007373383 0.9999466
vn -0.41436455 0.002736264 0.9101069
vn -0.77883965 0.009763667 0.6271471
vn -0.41559654 0.0008892693 0.9095485
vn -0.80944186 0.018702772 0.5869021
vn -0.007684476 -0.009204561 0.9999281
vn -0.39205003 0.0012182633 0.9199431
vn -0.4040014 -0.021146372 0.91451395
vn -0.0028553342 -0.018915335 0.9998171
vn -0.005363308 -0.017254215 0.9998367
vn -0.0273015 -0.049293198 0.9984112
vn -0 -0.021842007 0.9997614
vn 0.9906723 -0.13626535 0
vn 0.9905269 -0.13731895 0
vn 0.9193438 -0.13904585 -0.36806664
vn 0.85979366 -0.12025992 -0.49627858
vn 0.9934589 -0.11418507 -0.0011115444
vn 0.65789527 -0.072492406 -0.74961233
vn 0.6328828 -0.046311658 -0.7728613
vn 0.7285744 -0.07913658 -0.68037987
vn 0.12167245 0.14223307 -0.9823267
vn 0.09374345 0.16488485 -0.9818479
vn -0.0001182784 0.17203762 -0.9850904
vn 0.013351611 0.1960167 -0.98050964
vn 0.005874536 0.19340083 -0.9811023
vn -0.005686207 0.18818916 -0.98211634
vn 0.186827 0.08051261 -0.97908807
vn 0.7182162 -0.032450415 -0.6950629
vn 0.99909973 -0.042424202 -1.6164135E-05
vn -0.0025802536 0.1683027 -0.985732
vn -0.002509697 0.16785161 -0.985809
vn 0.00025837493 0.18171799 -0.9833506
vn -0.0008698676 0.12659806 -0.9919537
vn 0.24155118 0.029206486 -0.9699485
vn 0.72579056 -0.021158356 -0.68759036
vn 0.9997025 -0.024384132 0.00034072035
vn 0.9999589 -0.009073411 0
vn -0.0024748272 0.12786244 -0.9917888
vn -0.0007401826 0.055042204 -0.99848384
vn 0.28551507 0.009284472 -0.9583292
vn 0.69240034 -0.0065354863 -0.7214839
vn 1 0.0002026805 0
vn -0.0028109604 0.053923473 -0.9985411
vn -0.0010082388 0.028773425 -0.99958545
vn 0.3224648 -0.0005165739 -0.94658136
vn 0.6946215 0.0010039666 -0.71937466
vn 0.9999616 0.008760503 0
vn 0.3227182 0.001772933 -0.9464935
vn 0.01183298 0.0017281637 -0.9999285
vn 0.014328021 0.006547018 -0.9998759
vn 0.7232234 0.009803612 -0.69054466
vn 0.9998301 0.018432572 5.9432783E-05
vn -0.0028428696 0.029212024 -0.99956924
vn -0.00076990115 0.008677994 -0.9999621
vn 0.32107964 0.006008215 -0.9470331
vn 0.7692677 0.019130528 -0.63864017
vn 0.7997622 0.024773782 -0.59980553
vn 0.9993814 0.035168182 0.000104408326
vn 0.7864102 0.022318235 -0.61730117
vn 0.9993888 0.034951992 0.0005499401
vn 0.77597046 0.057564776 -0.628137
vn 0.99546164 0.095145844 -0.0018719047
vn 0.7499969 0.09204911 -0.65500504
vn 0.9918127 0.12770091 -0.00033386823
vn 0.782856 0.10903781 -0.6125742
vn 0.9911152 0.13300619 0
vn 0.81854534 0.0120973885 -0.5743145
vn 0.6997846 0.04756029 -0.712769
vn 0.013067024 -0.2675754 -0.9634482
vn 0.14104326 -0.19606976 -0.9703935
vn 0.18849966 -0.11511407 -0.9753033
vn 0.22613582 -0.058557652 -0.9723341
vn 0.062167536 -0.25454885 -0.96505964
vn -0.003481943 -0.24225582 -0.97020614
vn -0.0023497727 -0.27494642 -0.9614567
vn -0.0014191926 -0.2925769 -0.9562409
vn -0.00074132223 -0.28561515 -0.9583441
vn -0.0023421142 -0.26463428 -0.96434605
vn 0.00022915361 -0.2810053 -0.95970625
vn -0.00093382294 -0.2563708 -0.96657807
vn -0.0015808798 -0.16794498 -0.98579514
vn -0.0039626253 -0.23940499 -0.9709117
vn -0.004089538 -0.23805803 -0.9712423
vn -0.03830382 -0.25041962 -0.9673794
vn -0.0024189602 -0.18553078 -0.9826355
vn -0.003330319 -0.20178023 -0.97942513
vn -0.032756004 -0.20588703 -0.97802734
vn 0.0017264762 -0.09214246 -0.9957443
vn -0.0004253579 -0.10812286 -0.9941374
vn -0.029810691 -0.1088021 -0.99361634
vn -0.015536435 -0.028356219 -0.9994772
vn 0.0010007919 -0.10028908 -0.99495786
vn 0.0005572575 -0.028721564 -0.99958736
vn -0.0036565808 -0.013595893 -0.99990094
vn 0.26113597 -0.024949767 -0.9649796
vn -0.00057452754 -0.032552935 -0.9994698
vn 0.0030609732 -0.011753507 -0.9999262
vn -0 -0.0039119734 -0.9999924
vn 0.3093765 0.005469669 -0.95092386
vn 1.9524678E-05 -0.037119642 -0.99931085
vn -6.755171E-05 -0.010429252 -0.99994564
vn 0.0032760336 -0.008458854 -0.9999589
vn 0.007987603 -7.261104E-05 -0.9999682
vn 0.0033566258 -0.0017203473 -0.99999297
vn 0.006469511 -0.003120884 -0.99997425
vn 0.005052264 0.0014317177 -0.9999863
vn 0.007221794 0.0013518374 -0.99997306
vn -0 0.0019212501 -0.9999982
vn 0.008301505 0.010461365 -0.99991083
vn 0.008490747 0.011512033 -0.9998977
vn 0.0046842806 0.01176367 -0.9999199
vn -0 0.009667528 -0.99995327
vn -0 0.03307558 -0.9994529
vn 0.006009758 0.030224133 -0.99952507
vn 0.0042556347 0.032473896 -0.9994635
vn -0.0029871583 0.050986066 -0.99869496
vn 0.0054371553 0.052571673 -0.99860233
vn 0.0060092 0.031587467 -0.99948287
vn 0.0044633267 0.13156773 -0.9912971
vn 0.005437247 0.051978104 -0.99863344
vn 0.0030763056 0.05206164 -0.99863917
vn -0.0024572827 0.14131522 -0.9899616
vn -0.024480732 0.14348255 -0.98935
vn 0.0032549258 0.17376815 -0.98478127
vn 0.004460504 0.13675912 -0.99059427
vn -0.004435137 0.17826241 -0.983973
vn -0.0452233 0.1864569 -0.9814217
vn 0.0012947591 0.19598931 -0.98060524
vn 0.0032760273 0.17648046 -0.9842987
vn 0.0025512988 0.18793227 -0.9821786
vn 0.00097490265 0.2086657 -0.9779865
vn 0.0014983773 0.22944826 -0.97331977
vn 0.0025478592 0.19520953 -0.9807583
vn 0.0016738757 0.23617502 -0.9717091
vn 0.00041962744 0.2424419 -0.97016585
vn 0.0023663254 0.99888796 -0.047088124
vn 0.0023663251 0.99888796 -0.04708813
vn 0.0016728558 0.9993781 -0.035222683
vn 0.0016985234 0.9993625 -0.035661884
vn -0 0.9999783 -0.00659584
vn -0.0019820437 -0.99999654 -0.001757241
vn -0.0013857995 -0.9999167 -0.012838418
vn -0.0019820437 -0.99999654 -0.001757241
vn -0.0014047195 -0.9999211 -0.012486865
vn -0 -0.9992557 -0.03857511
vn -0.0316765 -0.24451254 -0.96912867
vn -0.03643309 -0.18234907 -0.9825586
vn -0.03483284 -0.18150482 -0.98277295
vn -0.034991715 -0.24577692 -0.9686946
vn -0.033226907 -0.18065701 -0.9829847
vn -0.03840943 -0.2475673 -0.9681091
vn -0.031566147 -0.27374247 -0.9612849
vn -0.039422072 -0.27441043 -0.9608042
vn -0.03555024 -0.27412036 -0.96103805
vn -0.035165846 -0.2152439 -0.975927
vn -0.036872305 -0.21727028 -0.9754149
vn -0.036024034 -0.21622516 -0.9756787
vn -0.04092667 -0.13632923 -0.9898178
vn -0.040443096 -0.1280618 -0.9909412
vn -0.03997646 -0.11982429 -0.9919899
vn -0.05135716 -0.030354494 -0.99821895
vn -0.06543116 -0.042288247 -0.9969606
vn -0.07950692 -0.054119542 -0.99536407
vn -0.075386226 -0.01822725 -0.9969879
vn -0.102958225 -0.026886052 -0.9943223
vn -0.13043816 -0.035456188 -0.9908222
vn -0.10771736 -0.007526378 -0.9941531
vn -0.14521717 -0.011663206 -0.989331
vn -0.1821309 -0.015688347 -0.9831492
vn -0.113735914 0.003042584 -0.9935063
vn -0.1975509 0.0044696266 -0.9802824
vn -0.15610126 0.0037725829 -0.98773384
vn -0.09953125 0.015142511 -0.9949191
vn -0.1861245 0.026528938 -0.98216796
vn -0.1431914 0.020946106 -0.9894734
vn -0.065077335 0.039011937 -0.9971174
vn -0.095892884 0.0517893 -0.9940435
vn -0.12664258 0.06441036 -0.98985505
vn -0.054554835 0.055110678 -0.99698883
vn -0.071195744 0.06800587 -0.9951414
vn -0.08785514 0.08074952 -0.992855
vn -0.051564556 0.16672699 -0.9846539
vn -0.048756905 0.15727429 -0.9863506
vn -0.045982998 0.14764887 -0.9879703
vn -0.0340535 0.20188418 -0.97881716
vn -0.04453992 0.21385843 -0.9758488
vn -0.039354626 0.20785506 -0.9773677
vn -0.029734189 0.19779353 -0.9797926
vn -0.035995375 0.19648258 -0.9798464
vn -0.03547216 0.17385243 -0.98413265
vn -0.04235525 0.19547756 -0.9797931
vn -0.037025303 0.16815846 -0.9850643
vn -0.03860675 0.16234961 -0.98597777
vn 1 0 0
vn 1 0 0
vn 1 0 0
vn 1 0 0
vn 1 0 0
vn 1 0 0
vn 1 0 0
vn 1 0 0
vn 1 0 0
vn 1 0 0
vn 1 0 0
vn 1 0 0
vn 1 0 0
vn 1 0 0
vn 1 0 0
vn 1 0 0
vn 1 0 0
vn 1 0 0
vn 1 0 0
vn 1 0 0
vn 1 0 0
vn 1 0 0
vn 1 0 0
vn 1 0 0
vn 1 0 0
vn 1 0 0
vn 1 0 0
vn 1 0 0
vn 1 0 0
vn 1 0 0
vn 1 0 0
vn 1 0 0
vn 0.15057206 -0.2201026 0.96378577
vn 0.14985937 -0.22000368 0.9639194
vn 0.15783784 -0.22110519 0.9623926
vn 0.14374016 -0.17655388 0.9737389
vn 0.14332925 -0.17245501 0.97453374
vn 0.17116117 -0.084543385 0.98160905
vn 0.1720185 -0.08314159 0.98157895
vn 0.22473796 -0.06347123 0.9723498
vn 0.22547929 -0.06342816 0.972181
vn 0.3082643 -0.02076021 0.95107424
vn 0.30837488 -0.020674182 0.95104027
vn 0.3315676 -0.003184081 0.9434261
vn 0.33155274 -0.0031949216 0.9434313
vn 0.31916744 0.011903813 0.94762355
vn 0.31921902 0.011884713 0.9476065
vn 0.24350803 0.0328349 0.9693429
vn 0.24387719 0.032780252 0.96925193
vn 0.15585399 0.054046065 0.98630047
vn 0.1555881 0.054256823 0.98633087
vn 0.0956114 0.13226545 0.98659223
vn 0.09625372 0.12869735 0.98700166
vn 0.09810328 0.22146128 0.97022194
vn 0.095562786 0.21419515 0.97210497
vn 0.12614879 0.27087778 0.95431215
vn 0.122309625 0.26924992 0.9552722
vn 0.15275852 0.28205085 0.94716
g body_header_back_LD_0
f 3/3/3 2/2/2 1/1/1
f 5/5/5 4/4/4 2/2/2
f 4/4/4 6/6/6 2/2/2
f 7/7/7 4/4/4 5/5/5
f 8/8/8 7/7/7 5/5/5
f 4/4/4 7/7/7 9/9/9
f 10/10/10 4/4/4 9/9/9
f 11/11/11 6/6/6 4/4/4
f 10/10/10 11/11/11 4/4/4
f 12/12/12 10/10/10 9/9/9
f 13/13/13 12/12/12 9/9/9
f 14/14/14 11/11/11 10/10/10
f 12/12/12 14/14/14 10/10/10
f 15/15/15 12/12/12 13/13/13
f 16/16/16 15/15/15 13/13/13
f 17/17/17 14/14/14 12/12/12
f 15/15/15 17/17/17 12/12/12
f 15/15/15 16/16/16 18/18/18
f 16/16/16 19/19/19 18/18/18
f 18/18/18 19/19/19 20/20/20
f 19/19/19 21/21/21 20/20/20
f 20/20/20 21/21/21 22/22/22
f 21/21/21 23/23/23 22/22/22
f 22/22/22 23/23/23 24/24/24
f 23/23/23 25/25/25 24/24/24
f 24/24/24 25/25/25 26/26/26
f 25/25/25 27/27/27 26/26/26
f 26/26/26 27/27/27 28/28/28
f 27/27/27 29/29/29 28/28/28
f 28/28/28 29/29/29 30/30/30
f 29/29/29 31/31/31 30/30/30
f 30/30/30 31/31/31 32/32/32
f 31/31/31 33/33/33 32/32/32
f 32/32/32 33/33/33 34/34/34
f 33/33/33 35/35/35 34/34/34
f 36/36/36 32/32/32 34/34/34
f 37/37/37 36/36/36 34/34/34
f 37/37/37 34/34/34 38/38/38
f 32/32/32 36/36/36 39/39/39
f 32/32/32 39/39/39 30/30/30
f 39/39/39 40/40/40 30/30/30
f 30/30/30 40/40/40 41/41/41
f 30/30/30 41/41/41 28/28/28
f 41/41/41 42/42/42 28/28/28
f 28/28/28 42/42/42 26/26/26
f 41/41/41 43/43/43 42/42/42
f 42/42/42 44/44/44 26/26/26
f 42/42/42 43/43/43 44/44/44
f 26/26/26 44/44/44 24/24/24
f 43/43/43 45/45/45 44/44/44
f 44/44/44 46/46/46 24/24/24
f 44/44/44 45/45/45 46/46/46
f 45/45/45 47/47/47 46/46/46
f 22/22/22 24/24/24 46/46/46
f 48/48/48 46/46/46 47/47/47
f 49/49/49 22/22/22 46/46/46
f 48/48/48 49/49/49 46/46/46
f 22/22/22 49/49/49 20/20/20
f 48/48/48 50/50/50 49/49/49
f 48/48/48 51/51/51 50/50/50
f 49/49/49 52/52/52 20/20/20
f 49/49/49 50/50/50 52/52/52
f 18/18/18 20/20/20 52/52/52
f 50/50/50 51/51/51 53/53/53
f 50/50/50 53/53/53 52/52/52
f 51/51/51 54/54/54 53/53/53
f 55/55/55 18/18/18 52/52/52
f 55/55/55 52/52/52 53/53/53
f 15/15/15 18/18/18 55/55/55
f 53/53/53 54/54/54 56/56/56
f 56/56/56 55/55/55 53/53/53
f 15/15/15 55/55/55 56/56/56
f 54/54/54 57/57/57 56/56/56
f 17/17/17 15/15/15 56/56/56
f 56/56/56 57/57/57 17/17/17
f 57/57/57 58/58/58 17/17/17
f 17/17/17 58/58/58 59/59/59
f 60/60/60 59/59/59 58/58/58
f 59/59/59 60/60/60 61/61/61
f 17/17/17 59/59/59 14/14/14
f 62/62/62 59/59/59 61/61/61
f 59/59/59 62/62/62 14/14/14
f 61/61/61 63/63/63 62/62/62
f 14/14/14 62/62/62 64/64/64
f 62/62/62 63/63/63 64/64/64
f 64/64/64 63/63/63 65/65/65
f 64/64/64 65/65/65 66/66/66
f 14/14/14 64/64/64 11/11/11
f 67/67/67 64/64/64 66/66/66
f 64/64/64 67/67/67 11/11/11
f 67/67/67 66/66/66 68/68/68
f 11/11/11 67/67/67 68/68/68
f 11/11/11 68/68/68 6/6/6
f 68/68/68 69/69/69 6/6/6
f 69/69/69 70/70/70 6/6/6
f 73/73/73 72/72/72 71/71/71
f 76/76/76 75/75/75 74/74/74
f 79/79/79 78/78/78 77/77/77
f 78/78/78 80/80/80 77/77/77
f 80/80/80 81/81/81 77/77/77
f 81/81/81 82/82/82 77/77/77
f 83/83/83 82/82/82 81/81/81
f 78/78/78 84/84/84 80/80/80
f 78/78/78 85/85/85 84/84/84
f 86/86/86 83/83/83 81/81/81
f 87/87/87 83/83/83 86/86/86
f 80/80/80 84/84/84 88/88/88
f 81/81/81 80/80/80 88/88/88
f 85/85/85 89/89/89 84/84/84
f 85/85/85 90/90/90 89/89/89
f 91/91/91 87/87/87 86/86/86
f 92/92/92 87/87/87 91/91/91
f 93/93/93 88/88/88 84/84/84
f 89/89/89 93/93/93 84/84/84
f 90/90/90 94/94/94 89/89/89
f 90/90/90 95/95/95 94/94/94
f 96/96/96 92/92/92 91/91/91
f 97/97/97 92/92/92 96/96/96
f 93/93/93 89/89/89 98/98/98
f 89/89/89 94/94/94 98/98/98
f 95/95/95 99/99/99 94/94/94
f 95/95/95 100/100/100 99/99/99
f 101/101/101 97/97/97 96/96/96
f 102/102/102 97/97/97 101/101/101
f 103/103/103 98/98/98 94/94/94
f 103/103/103 94/94/94 99/99/99
f 100/100/100 104/104/104 99/99/99
f 100/100/100 105/105/105 104/104/104
f 106/106/106 102/102/102 101/101/101
f 107/107/107 102/102/102 106/106/106
f 108/108/108 103/103/103 99/99/99
f 104/104/104 108/108/108 99/99/99
f 109/109/109 104/104/104 105/105/105
f 109/109/109 105/105/105 110/110/110
f 111/111/111 107/107/107 106/106/106
f 112/112/112 107/107/107 111/111/111
f 113/113/113 108/108/108 104/104/104
f 109/109/109 113/113/113 104/104/104
f 114/114/114 109/109/109 110/110/110
f 114/114/114 110/110/110 115/115/115
f 115/115/115 116/116/116 114/114/114
f 115/115/115 117/117/117 116/116/116
f 117/117/117 118/118/118 116/116/116
f 109/109/109 114/114/114 119/119/119
f 113/113/113 109/109/109 119/119/119
f 118/118/118 120/120/120 116/116/116
f 120/120/120 118/118/118 121/121/121
f 122/122/122 120/120/120 121/121/121
f 122/122/122 121/121/121 123/123/123
f 120/120/120 122/122/122 124/124/124
f 116/116/116 120/120/120 124/124/124
f 116/116/116 124/124/124 125/125/125
f 126/126/126 114/114/114 116/116/116
f 126/126/126 119/119/119 114/114/114
f 126/126/126 116/116/116 125/125/125
f 119/119/119 126/126/126 125/125/125
f 127/127/127 122/122/122 123/123/123
f 127/127/127 124/124/124 122/122/122
f 127/127/127 123/123/123 128/128/128
f 129/129/129 127/127/127 128/128/128
f 124/124/124 127/127/127 129/129/129
f 129/129/129 128/128/128 130/130/130
f 124/124/124 129/129/129 131/131/131
f 131/131/131 129/129/129 130/130/130
f 125/125/125 124/124/124 131/131/131
f 132/132/132 131/131/131 130/130/130
f 132/132/132 133/133/133 131/131/131
f 132/132/132 134/134/134 133/133/133
f 125/125/125 131/131/131 135/135/135
f 135/135/135 131/131/131 133/133/133
f 134/134/134 136/136/136 133/133/133
f 137/137/137 136/136/136 134/134/134
f 135/135/135 133/133/133 138/138/138
f 125/125/125 135/135/135 138/138/138
f 138/138/138 133/133/133 136/136/136
f 137/137/137 139/139/139 136/136/136
f 140/140/140 139/139/139 137/137/137
f 141/141/141 125/125/125 138/138/138
f 119/119/119 125/125/125 141/141/141
f 119/119/119 141/141/141 142/142/142
f 141/141/141 138/138/138 142/142/142
f 113/113/113 119/119/119 142/142/142
f 143/143/143 138/138/138 136/136/136
f 143/143/143 136/136/136 139/139/139
f 143/143/143 142/142/142 138/138/138
f 140/140/140 144/144/144 139/139/139
f 144/144/144 140/140/140 145/145/145
f 113/113/113 142/142/142 146/146/146
f 113/113/113 146/146/146 108/108/108
f 147/147/147 143/143/143 139/139/139
f 139/139/139 144/144/144 147/147/147
f 143/143/143 148/148/148 142/142/142
f 148/148/148 146/146/146 142/142/142
f 143/143/143 147/147/147 148/148/148
f 144/144/144 145/145/145 149/149/149
f 149/149/149 145/145/145 150/150/150
f 146/146/146 151/151/151 108/108/108
f 108/108/108 151/151/151 103/103/103
f 148/148/148 152/152/152 146/146/146
f 152/152/152 151/151/151 146/146/146
f 144/144/144 153/153/153 147/147/147
f 153/153/153 144/144/144 149/149/149
f 147/147/147 154/154/154 148/148/148
f 148/148/148 154/154/154 152/152/152
f 153/153/153 154/154/154 147/147/147
f 149/149/149 150/150/150 155/155/155
f 155/155/155 150/150/150 156/156/156
f 151/151/151 157/157/157 103/103/103
f 103/103/103 157/157/157 98/98/98
f 152/152/152 158/158/158 151/151/151
f 157/157/157 151/151/151 158/158/158
f 154/154/154 159/159/159 152/152/152
f 152/152/152 159/159/159 158/158/158
f 160/160/160 153/153/153 149/149/149
f 160/160/160 149/149/149 155/155/155
f 153/153/153 161/161/161 154/154/154
f 159/159/159 154/154/154 161/161/161
f 153/153/153 160/160/160 161/161/161
f 155/155/155 156/156/156 162/162/162
f 163/163/163 162/162/162 156/156/156
f 157/157/157 164/164/164 98/98/98
f 93/93/93 98/98/98 164/164/164
f 165/165/165 157/157/157 158/158/158
f 165/165/165 164/164/164 157/157/157
f 159/159/159 166/166/166 158/158/158
f 165/165/165 158/158/158 166/166/166
f 167/167/167 159/159/159 161/161/161
f 159/159/159 167/167/167 166/166/166
f 168/168/168 160/160/160 155/155/155
f 168/168/168 155/155/155 162/162/162
f 160/160/160 169/169/169 161/161/161
f 167/167/167 161/161/161 169/169/169
f 168/168/168 169/169/169 160/160/160
f 163/163/163 170/170/170 162/162/162
f 171/171/171 170/170/170 163/163/163
f 172/172/172 168/168/168 162/162/162
f 172/172/172 162/162/162 170/170/170
f 168/168/168 173/173/173 169/169/169
f 168/168/168 172/172/172 173/173/173
f 167/167/167 169/169/169 174/174/174
f 174/174/174 169/169/169 173/173/173
f 167/167/167 175/175/175 166/166/166
f 167/167/167 174/174/174 175/175/175
f 171/171/171 176/176/176 170/170/170
f 177/177/177 176/176/176 171/171/171
f 178/178/178 172/172/172 170/170/170
f 178/178/178 170/170/170 176/176/176
f 172/172/172 179/179/179 173/173/173
f 178/178/178 179/179/179 172/172/172
f 180/180/180 174/174/174 173/173/173
f 180/180/180 173/173/173 179/179/179
f 177/177/177 181/181/181 176/176/176
f 181/181/181 177/177/177 182/182/182
f 183/183/183 178/178/178 176/176/176
f 183/183/183 176/176/176 181/181/181
f 178/178/178 184/184/184 179/179/179
f 178/178/178 183/183/183 184/184/184
f 181/181/181 182/182/182 185/185/185
f 186/186/186 185/185/185 182/182/182
f 187/187/187 183/183/183 181/181/181
f 187/187/187 181/181/181 185/185/185
f 186/186/186 188/188/188 185/185/185
f 188/188/188 186/186/186 189/189/189
f 174/174/174 180/180/180 190/190/190
f 174/174/174 190/190/190 175/175/175
f 180/180/180 179/179/179 191/191/191
f 191/191/191 179/179/179 184/184/184
f 183/183/183 192/192/192 184/184/184
f 183/183/183 187/187/187 192/192/192
f 187/187/187 185/185/185 193/193/193
f 193/193/193 185/185/185 188/188/188
f 194/194/194 188/188/188 189/189/189
f 194/194/194 189/189/189 195/195/195
f 180/180/180 196/196/196 190/190/190
f 180/180/180 191/191/191 196/196/196
f 197/197/197 191/191/191 184/184/184
f 197/197/197 184/184/184 192/192/192
f 187/187/187 198/198/198 192/192/192
f 187/187/187 193/193/193 198/198/198
f 199/199/199 193/193/193 188/188/188
f 199/199/199 188/188/188 194/194/194
f 191/191/191 200/200/200 196/196/196
f 191/191/191 197/197/197 200/200/200
f 197/197/197 192/192/192 201/201/201
f 198/198/198 201/201/201 192/192/192
f 197/197/197 202/202/202 200/200/200
f 197/197/197 201/201/201 202/202/202
f 203/203/203 190/190/190 196/196/196
f 204/204/204 196/196/196 200/200/200
f 204/204/204 203/203/203 196/196/196
f 205/205/205 200/200/200 202/202/202
f 205/205/205 204/204/204 200/200/200
f 203/203/203 206/206/206 190/190/190
f 206/206/206 175/175/175 190/190/190
f 206/206/206 207/207/207 175/175/175
f 207/207/207 166/166/166 175/175/175
f 207/207/207 165/165/165 166/166/166
f 165/165/165 207/207/207 208/208/208
f 165/165/165 208/208/208 164/164/164
f 206/206/206 209/209/209 207/207/207
f 207/207/207 209/209/209 208/208/208
f 206/206/206 203/203/203 210/210/210
f 206/206/206 210/210/210 209/209/209
f 204/204/204 211/211/211 203/203/203
f 203/203/203 211/211/211 210/210/210
f 212/212/212 164/164/164 208/208/208
f 93/93/93 164/164/164 212/212/212
f 93/93/93 212/212/212 88/88/88
f 213/213/213 208/208/208 209/209/209
f 213/213/213 212/212/212 208/208/208
f 212/212/212 214/214/214 88/88/88
f 212/212/212 213/213/213 214/214/214
f 81/81/81 88/88/88 214/214/214
f 81/81/81 214/214/214 215/215/215
f 213/213/213 215/215/215 214/214/214
f 86/86/86 81/81/81 215/215/215
f 213/213/213 209/209/209 216/216/216
f 216/216/216 209/209/209 210/210/210
f 213/213/213 216/216/216 215/215/215
f 86/86/86 215/215/215 217/217/217
f 216/216/216 217/217/217 215/215/215
f 218/218/218 216/216/216 210/210/210
f 216/216/216 218/218/218 217/217/217
f 218/218/218 210/210/210 211/211/211
f 86/86/86 217/217/217 219/219/219
f 218/218/218 219/219/219 217/217/217
f 91/91/91 86/86/86 219/219/219
f 218/218/218 211/211/211 220/220/220
f 218/218/218 220/220/220 219/219/219
f 91/91/91 219/219/219 221/221/221
f 220/220/220 221/221/221 219/219/219
f 91/91/91 221/221/221 222/222/222
f 222/222/222 221/221/221 220/220/220
f 96/96/96 91/91/91 222/222/222
f 223/223/223 220/220/220 211/211/211
f 204/204/204 223/223/223 211/211/211
f 204/204/204 205/205/205 223/223/223
f 223/223/223 224/224/224 220/220/220
f 224/224/224 222/222/222 220/220/220
f 223/223/223 225/225/225 224/224/224
f 205/205/205 225/225/225 223/223/223
f 224/224/224 226/226/226 222/222/222
f 225/225/225 226/226/226 224/224/224
f 96/96/96 222/222/222 227/227/227
f 226/226/226 227/227/227 222/222/222
f 96/96/96 227/227/227 228/228/228
f 228/228/228 227/227/227 226/226/226
f 101/101/101 96/96/96 228/228/228
f 229/229/229 226/226/226 225/225/225
f 229/229/229 228/228/228 226/226/226
f 230/230/230 225/225/225 205/205/205
f 230/230/230 229/229/229 225/225/225
f 231/231/231 230/230/230 205/205/205
f 231/231/231 205/205/205 202/202/202
f 231/231/231 202/202/202 232/232/232
f 201/201/201 232/232/232 202/202/202
f 231/231/231 233/233/233 230/230/230
f 233/233/233 231/231/231 232/232/232
f 230/230/230 234/234/234 229/229/229
f 233/233/233 234/234/234 230/230/230
f 229/229/229 235/235/235 228/228/228
f 234/234/234 235/235/235 229/229/229
f 101/101/101 228/228/228 236/236/236
f 235/235/235 236/236/236 228/228/228
f 101/101/101 236/236/236 237/237/237
f 237/237/237 236/236/236 235/235/235
f 106/106/106 101/101/101 237/237/237
f 238/238/238 232/232/232 201/201/201
f 233/233/233 232/232/232 238/238/238
f 239/239/239 235/235/235 234/234/234
f 239/239/239 237/237/237 235/235/235
f 240/240/240 234/234/234 233/233/233
f 240/240/240 239/239/239 234/234/234
f 241/241/241 238/238/238 201/201/201
f 198/198/198 241/241/241 201/201/201
f 198/198/198 242/242/242 241/241/241
f 193/193/193 242/242/242 198/198/198
f 243/243/243 233/233/233 238/238/238
f 243/243/243 240/240/240 233/233/233
f 241/241/241 244/244/244 238/238/238
f 242/242/242 244/244/244 241/241/241
f 245/245/245 242/242/242 193/193/193
f 199/199/199 245/245/245 193/193/193
f 243/243/243 238/238/238 246/246/246
f 244/244/244 246/246/246 238/238/238
f 243/243/243 247/247/247 240/240/240
f 247/247/247 243/243/243 246/246/246
f 240/240/240 248/248/248 239/239/239
f 247/247/247 248/248/248 240/240/240
f 249/249/249 244/244/244 242/242/242
f 245/245/245 249/249/249 242/242/242
f 250/250/250 246/246/246 244/244/244
f 247/247/247 246/246/246 250/250/250
f 249/249/249 250/250/250 244/244/244
f 199/199/199 251/251/251 245/245/245
f 251/251/251 199/199/199 194/194/194
f 245/245/245 252/252/252 249/249/249
f 251/251/251 252/252/252 245/245/245
f 248/248/248 253/253/253 239/239/239
f 239/239/239 253/253/253 237/237/237
f 249/249/249 254/254/254 250/250/250
f 252/252/252 254/254/254 249/249/249
f 251/251/251 194/194/194 255/255/255
f 255/255/255 194/194/194 195/195/195
f 255/255/255 195/195/195 256/256/256
f 195/195/195 257/257/257 256/256/256
f 256/256/256 257/257/257 258/258/258
f 259/259/259 251/251/251 255/255/255
f 259/259/259 255/255/255 256/256/256
f 260/260/260 252/252/252 251/251/251
f 259/259/259 260/260/260 251/251/251
f 261/261/261 256/256/256 258/258/258
f 261/261/261 258/258/258 262/262/262
f 263/263/263 259/259/259 256/256/256
f 259/259/259 263/263/263 260/260/260
f 263/263/263 256/256/256 261/261/261
f 260/260/260 264/264/264 252/252/252
f 264/264/264 254/254/254 252/252/252
f 265/265/265 261/261/261 262/262/262
f 265/265/265 262/262/262 266/266/266
f 267/267/267 263/263/263 261/261/261
f 267/267/267 261/261/261 265/265/265
f 263/263/263 268/268/268 260/260/260
f 260/260/260 268/268/268 264/264/264
f 267/267/267 269/269/269 263/263/263
f 269/269/269 268/268/268 263/263/263
f 270/270/270 267/267/267 265/265/265
f 267/267/267 270/270/270 269/269/269
f 271/271/271 265/265/265 266/266/266
f 270/270/270 265/265/265 271/271/271
f 271/271/271 266/266/266 272/272/272
f 266/266/266 273/273/273 272/272/272
f 274/274/274 270/270/270 271/271/271
f 274/274/274 271/271/271 272/272/272
f 275/275/275 272/272/272 273/273/273
f 276/276/276 275/275/275 273/273/273
f 276/276/276 277/277/277 275/275/275
f 278/278/278 274/274/274 272/272/272
f 278/278/278 272/272/272 275/275/275
f 274/274/274 279/279/279 270/270/270
f 274/274/274 278/278/278 279/279/279
f 270/270/270 280/280/280 269/269/269
f 279/279/279 280/280/280 270/270/270
f 269/269/269 281/281/281 268/268/268
f 269/269/269 280/280/280 281/281/281
f 277/277/277 282/282/282 275/275/275
f 277/277/277 283/283/283 282/282/282
f 284/284/284 278/278/278 275/275/275
f 284/284/284 275/275/275 282/282/282
f 283/283/283 285/285/285 282/282/282
f 283/283/283 286/286/286 285/285/285
f 287/287/287 284/284/284 282/282/282
f 287/287/287 282/282/282 285/285/285
f 284/284/284 288/288/288 278/278/278
f 284/284/284 287/287/287 288/288/288
f 278/278/278 289/289/289 279/279/279
f 288/288/288 289/289/289 278/278/278
f 279/279/279 290/290/290 280/280/280
f 279/279/279 289/289/289 290/290/290
f 286/286/286 291/291/291 285/285/285
f 291/291/291 286/286/286 292/292/292
f 293/293/293 287/287/287 285/285/285
f 293/293/293 285/285/285 291/291/291
f 294/294/294 291/291/291 292/292/292
f 294/294/294 292/292/292 295/295/295
f 296/296/296 293/293/293 291/291/291
f 296/296/296 291/291/291 294/294/294
f 293/293/293 297/297/297 287/287/287
f 293/293/293 296/296/296 297/297/297
f 287/287/287 298/298/298 288/288/288
f 297/297/297 298/298/298 287/287/287
f 288/288/288 299/299/299 289/289/289
f 288/288/288 298/298/298 299/299/299
f 300/300/300 294/294/294 295/295/295
f 300/300/300 295/295/295 301/301/301
f 302/302/302 296/296/296 294/294/294
f 302/302/302 294/294/294 300/300/300
f 299/299/299 303/303/303 289/289/289
f 299/299/299 304/304/304 303/303/303
f 289/289/289 303/303/303 290/290/290
f 298/298/298 305/305/305 299/299/299
f 299/299/299 305/305/305 304/304/304
f 297/297/297 306/306/306 298/298/298
f 306/306/306 305/305/305 298/298/298
f 306/306/306 307/307/307 305/305/305
f 296/296/296 308/308/308 297/297/297
f 297/297/297 308/308/308 306/306/306
f 302/302/302 309/309/309 296/296/296
f 309/309/309 308/308/308 296/296/296
f 310/310/310 302/302/302 300/300/300
f 302/302/302 310/310/310 309/309/309
f 308/308/308 311/311/311 306/306/306
f 306/306/306 311/311/311 307/307/307
f 309/309/309 312/312/312 308/308/308
f 312/312/312 311/311/311 308/308/308
f 305/305/305 313/313/313 304/304/304
f 307/307/307 313/313/313 305/305/305
f 310/310/310 300/300/300 314/314/314
f 314/314/314 300/300/300 301/301/301
f 310/310/310 315/315/315 309/309/309
f 309/309/309 315/315/315 312/312/312
f 304/304/304 313/313/313 316/316/316
f 316/316/316 313/313/313 307/307/307
f 314/314/314 301/301/301 317/317/317
f 301/301/301 318/318/318 317/317/317
f 317/317/317 318/318/318 319/319/319
f 320/320/320 310/310/310 314/314/314
f 315/315/315 310/310/310 320/320/320
f 321/321/321 317/317/317 319/319/319
f 321/321/321 319/319/319 322/322/322
f 314/314/314 317/317/317 323/323/323
f 320/320/320 314/314/314 323/323/323
f 324/324/324 321/321/321 322/322/322
f 324/324/324 322/322/322 325/325/325
f 321/321/321 326/326/326 317/317/317
f 326/326/326 323/323/323 317/317/317
f 321/321/321 324/324/324 326/326/326
f 327/327/327 315/315/315 320/320/320
f 320/320/320 323/323/323 328/328/328
f 327/327/327 320/320/320 328/328/328
f 326/326/326 329/329/329 323/323/323
f 329/329/329 328/328/328 323/323/323
f 324/324/324 330/330/330 326/326/326
f 326/326/326 330/330/330 329/329/329
f 331/331/331 324/324/324 325/325/325
f 330/330/330 324/324/324 331/331/331
f 332/332/332 315/315/315 327/327/327
f 315/315/315 332/332/332 312/312/312
f 331/331/331 325/325/325 333/333/333
f 325/325/325 334/334/334 333/333/333
f 333/333/333 334/334/334 335/335/335
f 312/312/312 332/332/332 336/336/336
f 312/312/312 336/336/336 311/311/311
f 337/337/337 333/333/333 335/335/335
f 337/337/337 335/335/335 338/338/338
f 336/336/336 339/339/339 311/311/311
f 311/311/311 339/339/339 307/307/307
f 340/340/340 330/330/330 331/331/331
f 331/331/331 333/333/333 341/341/341
f 340/340/340 331/331/331 341/341/341
f 337/337/337 342/342/342 333/333/333
f 342/342/342 341/341/341 333/333/333
f 343/343/343 337/337/337 338/338/338
f 337/337/337 343/343/343 342/342/342
f 344/344/344 343/343/343 338/338/338
f 344/344/344 338/338/338 345/345/345
f 343/343/343 346/346/346 342/342/342
f 346/346/346 343/343/343 344/344/344
f 342/342/342 347/347/347 341/341/341
f 342/342/342 346/346/346 347/347/347
f 348/348/348 330/330/330 340/340/340
f 330/330/330 348/348/348 329/329/329
f 340/340/340 341/341/341 349/349/349
f 347/347/347 349/349/349 341/341/341
f 350/350/350 344/344/344 345/345/345
f 350/350/350 345/345/345 351/351/351
f 329/329/329 348/348/348 352/352/352
f 329/329/329 352/352/352 328/328/328
f 353/353/353 348/348/348 340/340/340
f 353/353/353 340/340/340 349/349/349
f 354/354/354 350/350/350 351/351/351
f 354/354/354 351/351/351 355/355/355
f 352/352/352 356/356/356 328/328/328
f 327/327/327 328/328/328 356/356/356
f 348/348/348 357/357/357 352/352/352
f 357/357/357 348/348/348 353/353/353
f 358/358/358 354/354/354 355/355/355
f 358/358/358 355/355/355 359/359/359
f 352/352/352 360/360/360 356/356/356
f 352/352/352 357/357/357 360/360/360
f 361/361/361 327/327/327 356/356/356
f 361/361/361 332/332/332 327/327/327
f 362/362/362 358/358/358 359/359/359
f 362/362/362 359/359/359 363/363/363
f 360/360/360 364/364/364 356/356/356
f 361/361/361 356/356/356 364/364/364
f 365/365/365 332/332/332 361/361/361
f 332/332/332 365/365/365 336/336/336
f 366/366/366 361/361/361 364/364/364
f 366/366/366 365/365/365 361/361/361
f 336/336/336 365/365/365 367/367/367
f 336/336/336 367/367/367 339/339/339
f 368/368/368 362/362/362 363/363/363
f 368/368/368 363/363/363 369/369/369
f 370/370/370 364/364/364 360/360/360
f 366/366/366 364/364/364 370/370/370
f 371/371/371 365/365/365 366/366/366
f 365/365/365 371/371/371 367/367/367
f 367/367/367 372/372/372 339/339/339
f 307/307/307 339/339/339 372/372/372
f 373/373/373 368/368/368 369/369/369
f 373/373/373 369/369/369 374/374/374
f 375/375/375 366/366/366 370/370/370
f 375/375/375 371/371/371 366/366/366
f 367/367/367 371/371/371 376/376/376
f 367/367/367 376/376/376 372/372/372
f 377/377/377 307/307/307 372/372/372
f 377/377/377 316/316/316 307/307/307
f 378/378/378 373/373/373 374/374/374
f 378/378/378 374/374/374 379/379/379
f 380/380/380 371/371/371 375/375/375
f 371/371/371 380/380/380 376/376/376
f 376/376/376 381/381/381 372/372/372
f 377/377/377 372/372/372 381/381/381
f 379/379/379 382/382/382 378/378/378
f 379/379/379 383/383/383 382/382/382
f 376/376/376 380/380/380 384/384/384
f 376/376/376 384/384/384 381/381/381
f 383/383/383 385/385/385 382/382/382
f 383/383/383 386/386/386 385/385/385
f 387/387/387 385/385/385 386/386/386
f 387/387/387 386/386/386 388/388/388
f 389/389/389 387/387/387 388/388/388
f 389/389/389 388/388/388 390/390/390
f 389/389/389 390/390/390 391/391/391
f 390/390/390 392/392/392 391/391/391
f 392/392/392 393/393/393 391/391/391
f 393/393/393 394/394/394 391/391/391
f 394/394/394 393/393/393 395/395/395
f 396/396/396 394/394/394 395/395/395
f 396/396/396 395/395/395 397/397/397
f 398/398/398 394/394/394 396/396/396
f 398/398/398 391/391/391 394/394/394
f 391/391/391 398/398/398 399/399/399
f 400/400/400 396/396/396 397/397/397
f 398/398/398 396/396/396 400/400/400
f 400/400/400 397/397/397 401/401/401
f 402/402/402 400/400/400 401/401/401
f 402/402/402 398/398/398 400/400/400
f 402/402/402 401/401/401 403/403/403
f 402/402/402 404/404/404 398/398/398
f 404/404/404 402/402/402 403/403/403
f 399/399/399 398/398/398 404/404/404
f 405/405/405 404/404/404 403/403/403
f 405/405/405 406/406/406 404/404/404
f 406/406/406 405/405/405 407/407/407
f 408/408/408 391/391/391 399/399/399
f 408/408/408 389/389/389 391/391/391
f 408/408/408 409/409/409 389/389/389
f 409/409/409 408/408/408 399/399/399
f 409/409/409 387/387/387 389/389/389
f 410/410/410 404/404/404 406/406/406
f 399/399/399 404/404/404 410/410/410
f 406/406/406 407/407/407 411/411/411
f 411/411/411 407/407/407 412/412/412
f 410/410/410 406/406/406 413/413/413
f 399/399/399 410/410/410 413/413/413
f 411/411/411 413/413/413 406/406/406
f 411/411/411 412/412/412 414/414/414
f 414/414/414 412/412/412 415/415/415
f 387/387/387 409/409/409 416/416/416
f 387/387/387 416/416/416 385/385/385
f 409/409/409 399/399/399 417/417/417
f 417/417/417 399/399/399 413/413/413
f 409/409/409 417/417/417 418/418/418
f 417/417/417 413/413/413 418/418/418
f 416/416/416 409/409/409 418/418/418
f 419/419/419 413/413/413 411/411/411
f 419/419/419 411/411/411 414/414/414
f 419/419/419 418/418/418 413/413/413
f 414/414/414 415/415/415 420/420/420
f 420/420/420 415/415/415 421/421/421
f 416/416/416 422/422/422 385/385/385
f 382/382/382 385/385/385 422/422/422
f 416/416/416 418/418/418 423/423/423
f 416/416/416 423/423/423 422/422/422
f 424/424/424 419/419/419 414/414/414
f 424/424/424 414/414/414 420/420/420
f 419/419/419 425/425/425 418/418/418
f 423/423/423 418/418/418 425/425/425
f 424/424/424 425/425/425 419/419/419
f 420/420/420 421/421/421 426/426/426
f 427/427/427 426/426/426 421/421/421
f 428/428/428 382/382/382 422/422/422
f 428/428/428 378/378/378 382/382/382
f 423/423/423 429/429/429 422/422/422
f 428/428/428 422/422/422 429/429/429
f 430/430/430 423/423/423 425/425/425
f 430/430/430 429/429/429 423/423/423
f 431/431/431 424/424/424 420/420/420
f 431/431/431 420/420/420 426/426/426
f 424/424/424 432/432/432 425/425/425
f 430/430/430 425/425/425 432/432/432
f 431/431/431 432/432/432 424/424/424
f 427/427/427 433/433/433 426/426/426
f 434/434/434 433/433/433 427/427/427
f 428/428/428 435/435/435 378/378/378
f 373/373/373 378/378/378 435/435/435
f 436/436/436 428/428/428 429/429/429
f 436/436/436 435/435/435 428/428/428
f 430/430/430 437/437/437 429/429/429
f 436/436/436 429/429/429 437/437/437
f 438/438/438 430/430/430 432/432/432
f 438/438/438 437/437/437 430/430/430
f 439/439/439 431/431/431 426/426/426
f 439/439/439 426/426/426 433/433/433
f 431/431/431 440/440/440 432/432/432
f 438/438/438 432/432/432 440/440/440
f 439/439/439 440/440/440 431/431/431
f 434/434/434 441/441/441 433/433/433
f 442/442/442 441/441/441 434/434/434
f 443/443/443 439/439/439 433/433/433
f 443/443/443 433/433/433 441/441/441
f 439/439/439 444/444/444 440/440/440
f 443/443/443 444/444/444 439/439/439
f 438/438/438 440/440/440 445/445/445
f 445/445/445 440/440/440 444/444/444
f 438/438/438 446/446/446 437/437/437
f 438/438/438 445/445/445 446/446/446
f 442/442/442 447/447/447 441/441/441
f 447/447/447 442/442/442 448/448/448
f 449/449/449 447/447/447 448/448/448
f 450/450/450 443/443/443 441/441/441
f 450/450/450 441/441/441 447/447/447
f 451/451/451 447/447/447 449/449/449
f 451/451/451 450/450/450 447/447/447
f 452/452/452 451/451/451 449/449/449
f 451/451/451 452/452/452 453/453/453
f 452/452/452 454/454/454 453/453/453
f 453/453/453 454/454/454 455/455/455
f 450/450/450 456/456/456 443/443/443
f 443/443/443 456/456/456 444/444/444
f 445/445/445 444/444/444 457/457/457
f 457/457/457 444/444/444 456/456/456
f 451/451/451 458/458/458 450/450/450
f 450/450/450 458/458/458 456/456/456
f 459/459/459 458/458/458 451/451/451
f 459/459/459 451/451/451 453/453/453
f 460/460/460 456/456/456 458/458/458
f 457/457/457 456/456/456 460/460/460
f 460/460/460 458/458/458 459/459/459
f 445/445/445 457/457/457 461/461/461
f 445/445/445 461/461/461 446/446/446
f 457/457/457 460/460/460 462/462/462
f 457/457/457 462/462/462 461/461/461
f 460/460/460 459/459/459 463/463/463
f 460/460/460 463/463/463 462/462/462
f 459/459/459 453/453/453 464/464/464
f 459/459/459 464/464/464 463/463/463
f 465/465/465 446/446/446 461/461/461
f 466/466/466 461/461/461 462/462/462
f 466/466/466 465/465/465 461/461/461
f 467/467/467 462/462/462 463/463/463
f 467/467/467 466/466/466 462/462/462
f 468/468/468 463/463/463 464/464/464
f 468/468/468 467/467/467 463/463/463
f 469/469/469 464/464/464 453/453/453
f 469/469/469 468/468/468 464/464/464
f 465/465/465 470/470/470 446/446/446
f 470/470/470 437/437/437 446/446/446
f 470/470/470 436/436/436 437/437/437
f 470/470/470 471/471/471 436/436/436
f 436/436/436 471/471/471 435/435/435
f 465/465/465 472/472/472 470/470/470
f 470/470/470 472/472/472 471/471/471
f 466/466/466 473/473/473 465/465/465
f 465/465/465 473/473/473 472/472/472
f 467/467/467 474/474/474 466/466/466
f 466/466/466 474/474/474 473/473/473
f 468/468/468 475/475/475 467/467/467
f 467/467/467 475/475/475 474/474/474
f 476/476/476 435/435/435 471/471/471
f 373/373/373 435/435/435 476/476/476
f 373/373/373 476/476/476 368/368/368
f 477/477/477 471/471/471 472/472/472
f 476/476/476 471/471/471 477/477/477
f 476/476/476 478/478/478 368/368/368
f 476/476/476 477/477/477 478/478/478
f 362/362/362 368/368/368 478/478/478
f 479/479/479 472/472/472 473/473/473
f 477/477/477 472/472/472 479/479/479
f 480/480/480 473/473/473 474/474/474
f 479/479/479 473/473/473 480/480/480
f 477/477/477 481/481/481 478/478/478
f 477/477/477 479/479/479 481/481/481
f 482/482/482 362/362/362 478/478/478
f 482/482/482 478/478/478 481/481/481
f 482/482/482 358/358/358 362/362/362
f 479/479/479 483/483/483 481/481/481
f 479/479/479 480/480/480 483/483/483
f 480/480/480 474/474/474 484/484/484
f 484/484/484 474/474/474 475/475/475
f 482/482/482 485/485/485 358/358/358
f 354/354/354 358/358/358 485/485/485
f 486/486/486 482/482/482 481/481/481
f 486/486/486 481/481/481 483/483/483
f 486/486/486 485/485/485 482/482/482
f 480/480/480 487/487/487 483/483/483
f 480/480/480 484/484/484 487/487/487
f 488/488/488 354/354/354 485/485/485
f 488/488/488 350/350/350 354/354/354
f 489/489/489 486/486/486 483/483/483
f 489/489/489 483/483/483 487/487/487
f 486/486/486 490/490/490 485/485/485
f 488/488/488 485/485/485 490/490/490
f 489/489/489 490/490/490 486/486/486
f 488/488/488 491/491/491 350/350/350
f 344/344/344 350/350/350 491/491/491
f 492/492/492 488/488/488 490/490/490
f 492/492/492 491/491/491 488/488/488
f 489/489/489 493/493/493 490/490/490
f 492/492/492 490/490/490 493/493/493
f 494/494/494 489/489/489 487/487/487
f 494/494/494 493/493/493 489/489/489
f 484/484/484 495/495/495 487/487/487
f 494/494/494 487/487/487 495/495/495
f 496/496/496 344/344/344 491/491/491
f 496/496/496 346/346/346 344/344/344
f 492/492/492 497/497/497 491/491/491
f 496/496/496 491/491/491 497/497/497
f 498/498/498 346/346/346 496/496/496
f 346/346/346 498/498/498 347/347/347
f 492/492/492 493/493/493 499/499/499
f 492/492/492 499/499/499 497/497/497
f 500/500/500 496/496/496 497/497/497
f 500/500/500 498/498/498 496/496/496
f 347/347/347 498/498/498 501/501/501
f 347/347/347 501/501/501 349/349/349
f 499/499/499 502/502/502 497/497/497
f 500/500/500 497/497/497 502/502/502
f 499/499/499 493/493/493 503/503/503
f 499/499/499 503/503/503 502/502/502
f 504/504/504 498/498/498 500/500/500
f 498/498/498 504/504/504 501/501/501
f 501/501/501 505/505/505 349/349/349
f 353/353/353 349/349/349 505/505/505
f 493/493/493 506/506/506 503/503/503
f 494/494/494 506/506/506 493/493/493
f 507/507/507 500/500/500 502/502/502
f 507/507/507 504/504/504 500/500/500
f 501/501/501 504/504/504 508/508/508
f 501/501/501 508/508/508 505/505/505
f 504/504/504 507/507/507 509/509/509
f 504/504/504 509/509/509 508/508/508
f 507/507/507 502/502/502 510/510/510
f 507/507/507 510/510/510 509/509/509
f 503/503/503 511/511/511 502/502/502
f 502/502/502 511/511/511 510/510/510
f 503/503/503 506/506/506 512/512/512
f 503/503/503 512/512/512 511/511/511
f 513/513/513 506/506/506 494/494/494
f 506/506/506 513/513/513 512/512/512
f 512/512/512 514/514/514 511/511/511
f 510/510/510 511/511/511 514/514/514
f 515/515/515 513/513/513 494/494/494
f 515/515/515 494/494/494 495/495/495
f 512/512/512 513/513/513 516/516/516
f 512/512/512 516/516/516 514/514/514
f 517/517/517 513/513/513 515/515/515
f 513/513/513 517/517/517 516/516/516
f 518/518/518 509/509/509 510/510/510
f 519/519/519 510/510/510 514/514/514
f 519/519/519 518/518/518 510/510/510
f 516/516/516 520/520/520 514/514/514
f 519/519/519 514/514/514 520/520/520
f 516/516/516 517/517/517 521/521/521
f 516/516/516 521/521/521 520/520/520
f 509/509/509 518/518/518 522/522/522
f 508/508/508 509/509/509 522/522/522
f 508/508/508 522/522/522 523/523/523
f 508/508/508 523/523/523 505/505/505
f 524/524/524 517/517/517 515/515/515
f 517/517/517 525/525/525 521/521/521
f 525/525/525 517/517/517 524/524/524
f 524/524/524 515/515/515 526/526/526
f 515/515/515 495/495/495 526/526/526
f 527/527/527 526/526/526 495/495/495
f 484/484/484 527/527/527 495/495/495
f 484/484/484 475/475/475 527/527/527
f 527/527/527 475/475/475 528/528/528
f 468/468/468 528/528/528 475/475/475
f 469/469/469 528/528/528 468/468/468
f 527/527/527 529/529/529 526/526/526
f 527/527/527 528/528/528 529/529/529
f 524/524/524 526/526/526 530/530/530
f 529/529/529 530/530/530 526/526/526
f 529/529/529 528/528/528 531/531/531
f 529/529/529 531/531/531 530/530/530
f 469/469/469 532/532/532 528/528/528
f 528/528/528 532/532/532 531/531/531
f 533/533/533 532/532/532 469/469/469
f 531/531/531 532/532/532 533/533/533
f 531/531/531 533/533/533 534/534/534
f 533/533/533 469/469/469 453/453/453
f 533/533/533 453/453/453 455/455/455
f 533/533/533 455/455/455 534/534/534
f 455/455/455 535/535/535 534/534/534
f 534/534/534 535/535/535 536/536/536
f 537/537/537 524/524/524 530/530/530
f 537/537/537 525/525/525 524/524/524
f 531/531/531 538/538/538 530/530/530
f 531/531/531 534/534/534 538/538/538
f 530/530/530 538/538/538 539/539/539
f 537/537/537 530/530/530 539/539/539
f 539/539/539 538/538/538 534/534/534
f 540/540/540 534/534/534 536/536/536
f 540/540/540 539/539/539 534/534/534
f 537/537/537 539/539/539 541/541/541
f 525/525/525 537/537/537 541/541/541
f 540/540/540 541/541/541 539/539/539
f 525/525/525 541/541/541 542/542/542
f 542/542/542 541/541/541 540/540/540
f 521/521/521 525/525/525 542/542/542
f 540/540/540 536/536/536 543/543/543
f 542/542/542 540/540/540 543/543/543
f 536/536/536 544/544/544 543/543/543
f 521/521/521 542/542/542 545/545/545
f 521/521/521 545/545/545 520/520/520
f 546/546/546 543/543/543 544/544/544
f 547/547/547 546/546/546 544/544/544
f 546/546/546 547/547/547 548/548/548
f 547/547/547 549/549/549 548/548/548
f 548/548/548 549/549/549 550/550/550
f 542/542/542 543/543/543 551/551/551
f 542/542/542 551/551/551 545/545/545
f 552/552/552 551/551/551 543/543/543
f 546/546/546 552/552/552 543/543/543
f 545/545/545 551/551/551 552/552/552
f 553/553/553 520/520/520 545/545/545
f 553/553/553 519/519/519 520/520/520
f 554/554/554 545/545/545 552/552/552
f 554/554/554 553/553/553 545/545/545
f 546/546/546 555/555/555 552/552/552
f 554/554/554 552/552/552 555/555/555
f 553/553/553 556/556/556 519/519/519
f 556/556/556 518/518/518 519/519/519
f 554/554/554 557/557/557 553/553/553
f 557/557/557 554/554/554 555/555/555
f 557/557/557 556/556/556 553/553/553
f 546/546/546 558/558/558 555/555/555
f 557/557/557 555/555/555 558/558/558
f 546/546/546 548/548/548 558/558/558
f 518/518/518 556/556/556 559/559/559
f 522/522/522 518/518/518 559/559/559
f 556/556/556 557/557/557 560/560/560
f 560/560/560 557/557/557 558/558/558
f 559/559/559 556/556/556 560/560/560
f 522/522/522 559/559/559 561/561/561
f 522/522/522 561/561/561 523/523/523
f 559/559/559 560/560/560 562/562/562
f 559/559/559 562/562/562 561/561/561
f 560/560/560 558/558/558 563/563/563
f 560/560/560 563/563/563 562/562/562
f 564/564/564 523/523/523 561/561/561
f 505/505/505 523/523/523 564/564/564
f 565/565/565 561/561/561 562/562/562
f 565/565/565 564/564/564 561/561/561
f 548/548/548 566/566/566 558/558/558
f 558/558/558 566/566/566 563/563/563
f 567/567/567 562/562/562 563/563/563
f 567/567/567 565/565/565 562/562/562
f 568/568/568 563/563/563 566/566/566
f 568/568/568 567/567/567 563/563/563
f 569/569/569 566/566/566 548/548/548
f 569/569/569 568/568/568 566/566/566
f 570/570/570 569/569/569 548/548/548
f 570/570/570 548/548/548 550/550/550
f 570/570/570 550/550/550 571/571/571
f 550/550/550 572/572/572 571/571/571
f 571/571/571 572/572/572 573/573/573
f 569/569/569 574/574/574 568/568/568
f 570/570/570 574/574/574 569/569/569
f 568/568/568 575/575/575 567/567/567
f 574/574/574 575/575/575 568/568/568
f 576/576/576 574/574/574 570/570/570
f 576/576/576 570/570/570 571/571/571
f 575/575/575 574/574/574 576/576/576
f 567/567/567 577/577/577 565/565/565
f 575/575/575 577/577/577 567/567/567
f 578/578/578 575/575/575 576/576/576
f 577/577/577 575/575/575 578/578/578
f 577/577/577 579/579/579 565/565/565
f 565/565/565 579/579/579 564/564/564
f 580/580/580 577/577/577 578/578/578
f 579/579/579 577/577/577 580/580/580
f 578/578/578 576/576/576 581/581/581
f 576/576/576 571/571/571 582/582/582
f 576/576/576 582/582/582 581/581/581
f 583/583/583 582/582/582 571/571/571
f 581/581/581 582/582/582 583/583/583
f 580/580/580 578/578/578 584/584/584
f 578/578/578 581/581/581 584/584/584
f 585/585/585 583/583/583 571/571/571
f 585/585/585 571/571/571 573/573/573
f 585/585/585 573/573/573 586/586/586
f 573/573/573 587/587/587 586/586/586
f 586/586/586 587/587/587 588/588/588
f 589/589/589 586/586/586 588/588/588
f 589/589/589 588/588/588 590/590/590
f 591/591/591 589/589/589 590/590/590
f 591/591/591 590/590/590 592/592/592
f 593/593/593 591/591/591 592/592/592
f 593/593/593 592/592/592 112/112/112
f 594/594/594 593/593/593 112/112/112
f 594/594/594 112/112/112 111/111/111
f 585/585/585 595/595/595 583/583/583
f 596/596/596 585/585/585 586/586/586
f 596/596/596 595/595/595 585/585/585
f 597/597/597 583/583/583 595/595/595
f 597/597/597 581/581/581 583/583/583
f 598/598/598 597/597/597 595/595/595
f 598/598/598 595/595/595 596/596/596
f 597/597/597 599/599/599 581/581/581
f 597/597/597 598/598/598 599/599/599
f 599/599/599 584/584/584 581/581/581
f 598/598/598 380/380/380 599/599/599
f 599/599/599 380/380/380 375/375/375
f 599/599/599 375/375/375 584/584/584
f 380/380/380 598/598/598 384/384/384
f 384/384/384 598/598/598 596/596/596
f 375/375/375 370/370/370 584/584/584
f 580/580/580 584/584/584 370/370/370
f 600/600/600 580/580/580 370/370/370
f 600/600/600 370/370/370 360/360/360
f 600/600/600 579/579/579 580/580/580
f 600/600/600 360/360/360 601/601/601
f 579/579/579 600/600/600 601/601/601
f 357/357/357 601/601/601 360/360/360
f 579/579/579 601/601/601 564/564/564
f 357/357/357 602/602/602 601/601/601
f 602/602/602 564/564/564 601/601/601
f 602/602/602 357/357/357 353/353/353
f 602/602/602 505/505/505 564/564/564
f 602/602/602 353/353/353 505/505/505
f 384/384/384 596/596/596 603/603/603
f 384/384/384 603/603/603 381/381/381
f 596/596/596 604/604/604 603/603/603
f 596/596/596 586/586/586 604/604/604
f 605/605/605 604/604/604 586/586/586
f 603/603/603 604/604/604 605/605/605
f 589/589/589 605/605/605 586/586/586
f 606/606/606 381/381/381 603/603/603
f 606/606/606 377/377/377 381/381/381
f 607/607/607 603/603/603 605/605/605
f 607/607/607 606/606/606 603/603/603
f 589/589/589 608/608/608 605/605/605
f 607/607/607 605/605/605 608/608/608
f 606/606/606 609/609/609 377/377/377
f 609/609/609 316/316/316 377/377/377
f 607/607/607 610/610/610 606/606/606
f 610/610/610 607/607/607 608/608/608
f 610/610/610 609/609/609 606/606/606
f 611/611/611 608/608/608 589/589/589
f 610/610/610 608/608/608 611/611/611
f 591/591/591 611/611/611 589/589/589
f 612/612/612 316/316/316 609/609/609
f 612/612/612 304/304/304 316/316/316
f 613/613/613 609/609/609 610/610/610
f 613/613/613 612/612/612 609/609/609
f 614/614/614 610/610/610 611/611/611
f 614/614/614 613/613/613 610/610/610
f 591/591/591 615/615/615 611/611/611
f 614/614/614 611/611/611 615/615/615
f 614/614/614 616/616/616 613/613/613
f 616/616/616 614/614/614 615/615/615
f 617/617/617 615/615/615 591/591/591
f 616/616/616 615/615/615 617/617/617
f 593/593/593 617/617/617 591/591/591
f 613/613/613 618/618/618 612/612/612
f 616/616/616 618/618/618 613/613/613
f 612/612/612 619/619/619 304/304/304
f 618/618/618 619/619/619 612/612/612
f 618/618/618 616/616/616 620/620/620
f 620/620/620 616/616/616 617/617/617
f 619/619/619 621/621/621 304/304/304
f 304/304/304 621/621/621 303/303/303
f 619/619/619 618/618/618 622/622/622
f 622/622/622 618/618/618 620/620/620
f 303/303/303 621/621/621 623/623/623
f 290/290/290 303/303/303 623/623/623
f 619/619/619 624/624/624 621/621/621
f 624/624/624 619/619/619 622/622/622
f 624/624/624 623/623/623 621/621/621
f 624/624/624 622/622/622 625/625/625
f 624/624/624 625/625/625 623/623/623
f 622/622/622 620/620/620 626/626/626
f 622/622/622 626/626/626 625/625/625
f 620/620/620 617/617/617 627/627/627
f 620/620/620 627/627/627 626/626/626
f 290/290/290 623/623/623 628/628/628
f 290/290/290 628/628/628 280/280/280
f 280/280/280 628/628/628 281/281/281
f 623/623/623 629/629/629 628/628/628
f 625/625/625 629/629/629 623/623/623
f 281/281/281 628/628/628 630/630/630
f 628/628/628 629/629/629 630/630/630
f 625/625/625 631/631/631 629/629/629
f 631/631/631 630/630/630 629/629/629
f 625/625/625 626/626/626 632/632/632
f 631/631/631 625/625/625 632/632/632
f 617/617/617 633/633/633 627/627/627
f 593/593/593 633/633/633 617/617/617
f 634/634/634 633/633/633 593/593/593
f 627/627/627 633/633/633 634/634/634
f 594/594/594 634/634/634 593/593/593
f 626/626/626 627/627/627 635/635/635
f 632/632/632 626/626/626 635/635/635
f 635/635/635 627/627/627 634/634/634
f 631/631/631 632/632/632 636/636/636
f 631/631/631 636/636/636 630/630/630
f 281/281/281 630/630/630 637/637/637
f 281/281/281 637/637/637 268/268/268
f 268/268/268 637/637/637 264/264/264
f 632/632/632 635/635/635 638/638/638
f 632/632/632 638/638/638 636/636/636
f 635/635/635 634/634/634 639/639/639
f 635/635/635 639/639/639 638/638/638
f 594/594/594 640/640/640 634/634/634
f 634/634/634 640/640/640 639/639/639
f 594/594/594 641/641/641 640/640/640
f 639/639/639 640/640/640 641/641/641
f 594/594/594 111/111/111 641/641/641
f 630/630/630 642/642/642 637/637/637
f 636/636/636 642/642/642 630/630/630
f 264/264/264 637/637/637 643/643/643
f 637/637/637 642/642/642 643/643/643
f 264/264/264 643/643/643 254/254/254
f 638/638/638 639/639/639 644/644/644
f 644/644/644 639/639/639 641/641/641
f 636/636/636 645/645/645 642/642/642
f 645/645/645 643/643/643 642/642/642
f 636/636/636 638/638/638 646/646/646
f 645/645/645 636/636/636 646/646/646
f 646/646/646 638/638/638 644/644/644
f 643/643/643 647/647/647 254/254/254
f 254/254/254 647/647/647 250/250/250
f 645/645/645 648/648/648 643/643/643
f 645/645/645 646/646/646 648/648/648
f 648/648/648 647/647/647 643/643/643
f 649/649/649 250/250/250 647/647/647
f 648/648/648 649/649/649 647/647/647
f 649/649/649 247/247/247 250/250/250
f 649/649/649 650/650/650 247/247/247
f 649/649/649 648/648/648 650/650/650
f 650/650/650 248/248/248 247/247/247
f 646/646/646 651/651/651 648/648/648
f 646/646/646 644/644/644 651/651/651
f 648/648/648 651/651/651 650/650/650
f 650/650/650 652/652/652 248/248/248
f 650/650/650 651/651/651 652/652/652
f 652/652/652 253/253/253 248/248/248
f 644/644/644 653/653/653 651/651/651
f 651/651/651 653/653/653 652/652/652
f 644/644/644 641/641/641 653/653/653
f 652/652/652 654/654/654 253/253/253
f 652/652/652 653/653/653 654/654/654
f 641/641/641 655/655/655 653/653/653
f 653/653/653 655/655/655 654/654/654
f 111/111/111 655/655/655 641/641/641
f 111/111/111 654/654/654 655/655/655
f 111/111/111 106/106/106 654/654/654
f 654/654/654 656/656/656 253/253/253
f 106/106/106 656/656/656 654/654/654
f 253/253/253 656/656/656 237/237/237
f 106/106/106 237/237/237 656/656/656
f 659/659/659 658/658/658 657/657/657
f 660/660/660 659/659/659 657/657/657
f 660/660/660 657/657/657 661/661/661
f 657/657/657 662/662/662 661/661/661
f 661/661/661 662/662/662 663/663/663
f 664/664/664 661/661/661 663/663/663
f 664/664/664 663/663/663 665/665/665
f 666/666/666 664/664/664 665/665/665
f 666/666/666 665/665/665 667/667/667
f 668/668/668 666/666/666 667/667/667
f 668/668/668 667/667/667 669/669/669
f 667/667/667 670/670/670 669/669/669
f 669/669/669 670/670/670 671/671/671
f 672/672/672 669/669/669 671/671/671
f 672/672/672 671/671/671 673/673/673
f 674/674/674 672/672/672 673/673/673
f 674/674/674 673/673/673 675/675/675
f 673/673/673 676/676/676 675/675/675
f 675/675/675 676/676/676 677/677/677
f 676/676/676 678/678/678 677/677/677
f 677/677/677 678/678/678 679/679/679
f 678/678/678 680/680/680 679/679/679
f 679/679/679 680/680/680 681/681/681
f 680/680/680 682/682/682 681/681/681
f 681/681/681 682/682/682 683/683/683
f 682/682/682 684/684/684 683/683/683
f 683/683/683 684/684/684 685/685/685
f 684/684/684 686/686/686 685/685/685
f 685/685/685 686/686/686 687/687/687
f 688/688/688 685/685/685 687/687/687
f 688/688/688 687/687/687 689/689/689
f 690/690/690 688/688/688 689/689/689
f 690/690/690 689/689/689 691/691/691
f 692/692/692 690/690/690 691/691/691
f 692/692/692 691/691/691 693/693/693
f 694/694/694 692/692/692 693/693/693
f 694/694/694 693/693/693 695/695/695
f 696/696/696 694/694/694 695/695/695
f 696/696/696 695/695/695 697/697/697
f 698/698/698 696/696/696 697/697/697
f 698/698/698 697/697/697 699/699/699
f 700/700/700 698/698/698 699/699/699
f 700/700/700 699/699/699 701/701/701
f 702/702/702 700/700/700 701/701/701
f 702/702/702 701/701/701 703/703/703
f 704/704/704 702/702/702 703/703/703
f 704/704/704 703/703/703 705/705/705
f 706/706/706 704/704/704 705/705/705
f 706/706/706 705/705/705 707/707/707
f 708/708/708 706/706/706 707/707/707
f 708/708/708 707/707/707 709/709/709
f 710/710/710 708/708/708 709/709/709
f 710/710/710 709/709/709 711/711/711
f 712/712/712 710/710/710 711/711/711
f 712/712/712 711/711/711 713/713/713
f 714/714/714 712/712/712 713/713/713
f 714/714/714 713/713/713 715/715/715
f 716/716/716 714/714/714 715/715/715
f 716/716/716 715/715/715 717/717/717
f 718/718/718 716/716/716 717/717/717
f 718/718/718 717/717/717 719/719/719
f 720/720/720 718/718/718 719/719/719
f 720/720/720 719/719/719 721/721/721
f 722/722/722 720/720/720 721/721/721
f 722/722/722 721/721/721 723/723/723
f 724/724/724 722/722/722 723/723/723
f 724/724/724 723/723/723 725/725/725
f 726/726/726 724/724/724 725/725/725
f 726/726/726 725/725/725 727/727/727
f 728/728/728 726/726/726 727/727/727
f 728/728/728 727/727/727 729/729/729
f 730/730/730 728/728/728 729/729/729
f 730/730/730 729/729/729 731/731/731
f 732/732/732 730/730/730 731/731/731
f 732/732/732 731/731/731 733/733/733
f 734/734/734 732/732/732 733/733/733
f 734/734/734 733/733/733 735/735/735
f 736/736/736 734/734/734 735/735/735
f 736/736/736 735/735/735 737/737/737
f 738/738/738 736/736/736 737/737/737
f 738/738/738 737/737/737 739/739/739
f 740/740/740 738/738/738 739/739/739
f 740/740/740 739/739/739 741/741/741
f 742/742/742 740/740/740 741/741/741
f 742/742/742 741/741/741 743/743/743
f 744/744/744 742/742/742 743/743/743
f 744/744/744 743/743/743 745/745/745
f 746/746/746 744/744/744 745/745/745
f 746/746/746 745/745/745 747/747/747
f 748/748/748 746/746/746 747/747/747
f 748/748/748 747/747/747 749/749/749
f 750/750/750 748/748/748 749/749/749
f 750/750/750 749/749/749 751/751/751
f 752/752/752 750/750/750 751/751/751
f 752/752/752 751/751/751 753/753/753
f 754/754/754 752/752/752 753/753/753
f 754/754/754 753/753/753 755/755/755
f 756/756/756 754/754/754 755/755/755
f 756/756/756 755/755/755 757/757/757
f 758/758/758 756/756/756 757/757/757
f 758/758/758 757/757/757 759/759/759
f 760/760/760 758/758/758 759/759/759
f 760/760/760 759/759/759 761/761/761
f 762/762/762 760/760/760 761/761/761
f 762/762/762 761/761/761 763/763/763
f 764/764/764 762/762/762 763/763/763
f 764/764/764 763/763/763 765/765/765
f 766/766/766 764/764/764 765/765/765
f 766/766/766 765/765/765 767/767/767
f 768/768/768 766/766/766 767/767/767
f 768/768/768 767/767/767 769/769/769
f 770/770/770 768/768/768 769/769/769
f 770/770/770 769/769/769 771/771/771
f 772/772/772 770/770/770 771/771/771
f 772/772/772 771/771/771 773/773/773
f 774/774/774 772/772/772 773/773/773
f 774/774/774 773/773/773 775/775/775
f 776/776/776 774/774/774 775/775/775
f 776/776/776 775/775/775 777/777/777
f 778/778/778 776/776/776 777/777/777
f 778/778/778 777/777/777 779/779/779
f 777/777/777 780/780/780 779/779/779
f 779/779/779 780/780/780 781/781/781
f 780/780/780 782/782/782 781/781/781
f 781/781/781 782/782/782 783/783/783
f 782/782/782 784/784/784 783/783/783
f 783/783/783 784/784/784 785/785/785
f 784/784/784 786/786/786 785/785/785
f 785/785/785 786/786/786 787/787/787
f 786/786/786 788/788/788 787/787/787
f 789/789/789 787/787/787 788/788/788
f 790/790/790 789/789/789 788/788/788
f 790/790/790 791/791/791 789/789/789
f 791/791/791 792/792/792 789/789/789
f 791/791/791 793/793/793 792/792/792
f 793/793/793 794/794/794 792/792/792
f 795/795/795 794/794/794 793/793/793
f 796/796/796 795/795/795 793/793/793
f 796/796/796 797/797/797 795/795/795
f 797/797/797 798/798/798 795/795/795
f 797/797/797 799/799/799 798/798/798
f 799/799/799 800/800/800 798/798/798
f 799/799/799 801/801/801 800/800/800
f 801/801/801 802/802/802 800/800/800
f 803/803/803 802/802/802 801/801/801
f 804/804/804 803/803/803 801/801/801
f 804/804/804 805/805/805 803/803/803
f 805/805/805 806/806/806 803/803/803
f 809/809/809 808/808/808 807/807/807
f 808/808/808 810/810/810 807/807/807
f 810/810/810 811/811/811 807/807/807
f 811/811/811 812/812/812 807/807/807
f 813/813/813 812/812/812 811/811/811
f 808/808/808 814/814/814 810/810/810
f 808/808/808 815/815/815 814/814/814
f 811/811/811 810/810/810 816/816/816
f 810/810/810 814/814/814 816/816/816
f 815/815/815 817/817/817 814/814/814
f 815/815/815 818/818/818 817/817/817
f 819/819/819 813/813/813 811/811/811
f 820/820/820 813/813/813 819/819/819
f 821/821/821 816/816/816 814/814/814
f 817/817/817 821/821/821 814/814/814
f 818/818/818 822/822/822 817/817/817
f 818/818/818 823/823/823 822/822/822
f 824/824/824 820/820/820 819/819/819
f 825/825/825 820/820/820 824/824/824
f 821/821/821 817/817/817 826/826/826
f 817/817/817 822/822/822 826/826/826
f 823/823/823 827/827/827 822/822/822
f 823/823/823 828/828/828 827/827/827
f 829/829/829 825/825/825 824/824/824
f 830/830/830 825/825/825 829/829/829
f 831/831/831 826/826/826 822/822/822
f 831/831/831 822/822/822 827/827/827
f 828/828/828 832/832/832 827/827/827
f 828/828/828 833/833/833 832/832/832
f 834/834/834 830/830/830 829/829/829
f 835/835/835 830/830/830 834/834/834
f 836/836/836 831/831/831 827/827/827
f 832/832/832 836/836/836 827/827/827
f 837/837/837 832/832/832 833/833/833
f 837/837/837 833/833/833 838/838/838
f 839/839/839 835/835/835 834/834/834
f 840/840/840 835/835/835 839/839/839
f 841/841/841 836/836/836 832/832/832
f 837/837/837 841/841/841 832/832/832
f 842/842/842 837/837/837 838/838/838
f 842/842/842 838/838/838 843/843/843
f 843/843/843 844/844/844 842/842/842
f 843/843/843 845/845/845 844/844/844
f 845/845/845 846/846/846 844/844/844
f 837/837/837 842/842/842 847/847/847
f 841/841/841 837/837/837 847/847/847
f 848/848/848 840/840/840 839/839/839
f 849/849/849 840/840/840 848/848/848
f 846/846/846 850/850/850 844/844/844
f 846/846/846 851/851/851 850/850/850
f 851/851/851 852/852/852 850/850/850
f 851/851/851 853/853/853 852/852/852
f 854/854/854 850/850/850 852/852/852
f 854/854/854 844/844/844 850/850/850
f 844/844/844 854/854/854 855/855/855
f 856/856/856 842/842/842 844/844/844
f 856/856/856 844/844/844 855/855/855
f 856/856/856 847/847/847 842/842/842
f 847/847/847 856/856/856 855/855/855
f 853/853/853 857/857/857 852/852/852
f 854/854/854 852/852/852 857/857/857
f 853/853/853 858/858/858 857/857/857
f 858/858/858 859/859/859 857/857/857
f 859/859/859 854/854/854 857/857/857
f 859/859/859 858/858/858 860/860/860
f 859/859/859 861/861/861 854/854/854
f 861/861/861 859/859/859 860/860/860
f 855/855/855 854/854/854 861/861/861
f 862/862/862 861/861/861 860/860/860
f 862/862/862 863/863/863 861/861/861
f 864/864/864 863/863/863 862/862/862
f 855/855/855 861/861/861 865/865/865
f 865/865/865 861/861/861 863/863/863
f 864/864/864 866/866/866 863/863/863
f 867/867/867 866/866/866 864/864/864
f 865/865/865 863/863/863 868/868/868
f 855/855/855 865/865/865 868/868/868
f 863/863/863 866/866/866 868/868/868
f 867/867/867 869/869/869 866/866/866
f 869/869/869 867/867/867 870/870/870
f 871/871/871 855/855/855 868/868/868
f 847/847/847 855/855/855 871/871/871
f 847/847/847 871/871/871 872/872/872
f 871/871/871 868/868/868 872/872/872
f 841/841/841 847/847/847 872/872/872
f 873/873/873 868/868/868 866/866/866
f 873/873/873 866/866/866 869/869/869
f 868/868/868 873/873/873 872/872/872
f 869/869/869 870/870/870 874/874/874
f 874/874/874 870/870/870 875/875/875
f 841/841/841 872/872/872 876/876/876
f 841/841/841 876/876/876 836/836/836
f 873/873/873 869/869/869 877/877/877
f 869/869/869 874/874/874 877/877/877
f 873/873/873 878/878/878 872/872/872
f 878/878/878 876/876/876 872/872/872
f 873/873/873 877/877/877 878/878/878
f 874/874/874 875/875/875 879/879/879
f 879/879/879 875/875/875 880/880/880
f 876/876/876 881/881/881 836/836/836
f 836/836/836 881/881/881 831/831/831
f 878/878/878 882/882/882 876/876/876
f 882/882/882 881/881/881 876/876/876
f 874/874/874 883/883/883 877/877/877
f 883/883/883 874/874/874 879/879/879
f 877/877/877 884/884/884 878/878/878
f 878/878/878 884/884/884 882/882/882
f 883/883/883 884/884/884 877/877/877
f 879/879/879 880/880/880 885/885/885
f 885/885/885 880/880/880 886/886/886
f 881/881/881 887/887/887 831/831/831
f 831/831/831 887/887/887 826/826/826
f 882/882/882 888/888/888 881/881/881
f 887/887/887 881/881/881 888/888/888
f 884/884/884 889/889/889 882/882/882
f 882/882/882 889/889/889 888/888/888
f 890/890/890 883/883/883 879/879/879
f 890/890/890 879/879/879 885/885/885
f 883/883/883 891/891/891 884/884/884
f 889/889/889 884/884/884 891/891/891
f 883/883/883 890/890/890 891/891/891
f 885/885/885 886/886/886 892/892/892
f 893/893/893 892/892/892 886/886/886
f 887/887/887 894/894/894 826/826/826
f 821/821/821 826/826/826 894/894/894
f 895/895/895 887/887/887 888/888/888
f 895/895/895 894/894/894 887/887/887
f 889/889/889 896/896/896 888/888/888
f 895/895/895 888/888/888 896/896/896
f 897/897/897 889/889/889 891/891/891
f 889/889/889 897/897/897 896/896/896
f 898/898/898 890/890/890 885/885/885
f 898/898/898 885/885/885 892/892/892
f 890/890/890 899/899/899 891/891/891
f 897/897/897 891/891/891 899/899/899
f 898/898/898 899/899/899 890/890/890
f 893/893/893 900/900/900 892/892/892
f 901/901/901 900/900/900 893/893/893
f 902/902/902 898/898/898 892/892/892
f 902/902/902 892/892/892 900/900/900
f 898/898/898 903/903/903 899/899/899
f 898/898/898 902/902/902 903/903/903
f 897/897/897 899/899/899 904/904/904
f 904/904/904 899/899/899 903/903/903
f 897/897/897 905/905/905 896/896/896
f 897/897/897 904/904/904 905/905/905
f 901/901/901 906/906/906 900/900/900
f 907/907/907 906/906/906 901/901/901
f 908/908/908 902/902/902 900/900/900
f 908/908/908 900/900/900 906/906/906
f 902/902/902 909/909/909 903/903/903
f 908/908/908 909/909/909 902/902/902
f 910/910/910 904/904/904 903/903/903
f 910/910/910 903/903/903 909/909/909
f 907/907/907 911/911/911 906/906/906
f 911/911/911 907/907/907 912/912/912
f 913/913/913 908/908/908 906/906/906
f 913/913/913 906/906/906 911/911/911
f 908/908/908 914/914/914 909/909/909
f 908/908/908 913/913/913 914/914/914
f 911/911/911 912/912/912 915/915/915
f 916/916/916 915/915/915 912/912/912
f 917/917/917 913/913/913 911/911/911
f 917/917/917 911/911/911 915/915/915
f 916/916/916 918/918/918 915/915/915
f 918/918/918 916/916/916 919/919/919
f 904/904/904 910/910/910 920/920/920
f 904/904/904 920/920/920 905/905/905
f 910/910/910 909/909/909 921/921/921
f 921/921/921 909/909/909 914/914/914
f 913/913/913 922/922/922 914/914/914
f 917/917/917 922/922/922 913/913/913
f 923/923/923 917/917/917 915/915/915
f 923/923/923 915/915/915 918/918/918
f 924/924/924 918/918/918 919/919/919
f 924/924/924 919/919/919 925/925/925
f 910/910/910 926/926/926 920/920/920
f 910/910/910 921/921/921 926/926/926
f 927/927/927 921/921/921 914/914/914
f 927/927/927 914/914/914 922/922/922
f 917/917/917 928/928/928 922/922/922
f 917/917/917 923/923/923 928/928/928
f 921/921/921 929/929/929 926/926/926
f 921/921/921 927/927/927 929/929/929
f 927/927/927 922/922/922 930/930/930
f 928/928/928 930/930/930 922/922/922
f 927/927/927 931/931/931 929/929/929
f 927/927/927 930/930/930 931/931/931
f 932/932/932 924/924/924 925/925/925
f 932/932/932 925/925/925 933/933/933
f 925/925/925 934/934/934 933/933/933
f 933/933/933 934/934/934 935/935/935
f 936/936/936 933/933/933 935/935/935
f 936/936/936 935/935/935 937/937/937
f 938/938/938 924/924/924 932/932/932
f 918/918/918 924/924/924 938/938/938
f 932/932/932 933/933/933 939/939/939
f 939/939/939 933/933/933 936/936/936
f 940/940/940 936/936/936 937/937/937
f 940/940/940 937/937/937 941/941/941
f 942/942/942 938/938/938 932/932/932
f 942/942/942 932/932/932 939/939/939
f 943/943/943 918/918/918 938/938/938
f 943/943/943 923/923/923 918/918/918
f 944/944/944 939/939/939 936/936/936
f 944/944/944 936/936/936 940/940/940
f 945/945/945 938/938/938 942/942/942
f 943/943/943 938/938/938 945/945/945
f 946/946/946 923/923/923 943/943/943
f 923/923/923 946/946/946 928/928/928
f 947/947/947 943/943/943 945/945/945
f 947/947/947 946/946/946 943/943/943
f 928/928/928 946/946/946 948/948/948
f 928/928/928 948/948/948 930/930/930
f 948/948/948 949/949/949 930/930/930
f 946/946/946 950/950/950 948/948/948
f 950/950/950 946/946/946 947/947/947
f 948/948/948 950/950/950 949/949/949
f 949/949/949 951/951/951 930/930/930
f 930/930/930 951/951/951 931/931/931
f 952/952/952 951/951/951 949/949/949
f 931/931/931 951/951/951 952/952/952
f 953/953/953 945/945/945 942/942/942
f 947/947/947 945/945/945 954/954/954
f 954/954/954 945/945/945 953/953/953
f 955/955/955 950/950/950 947/947/947
f 955/955/955 947/947/947 954/954/954
f 950/950/950 955/955/955 956/956/956
f 950/950/950 956/956/956 949/949/949
f 955/955/955 957/957/957 956/956/956
f 955/955/955 954/954/954 957/957/957
f 949/949/949 956/956/956 958/958/958
f 958/958/958 956/956/956 957/957/957
f 959/959/959 952/952/952 949/949/949
f 959/959/959 949/949/949 958/958/958
f 953/953/953 942/942/942 960/960/960
f 942/942/942 939/939/939 960/960/960
f 961/961/961 960/960/960 939/939/939
f 944/944/944 961/961/961 939/939/939
f 944/944/944 962/962/962 961/961/961
f 962/962/962 944/944/944 940/940/940
f 962/962/962 940/940/940 963/963/963
f 963/963/963 940/940/940 941/941/941
f 963/963/963 941/941/941 964/964/964
f 941/941/941 965/965/965 964/964/964
f 966/966/966 962/962/962 963/963/963
f 966/966/966 963/963/963 964/964/964
f 967/967/967 964/964/964 965/965/965
f 968/968/968 967/967/967 965/965/965
f 968/968/968 969/969/969 967/967/967
f 970/970/970 966/966/966 964/964/964
f 970/970/970 964/964/964 967/967/967
f 966/966/966 971/971/971 962/962/962
f 966/966/966 970/970/970 971/971/971
f 962/962/962 972/972/972 961/961/961
f 971/971/971 972/972/972 962/962/962
f 969/969/969 973/973/973 967/967/967
f 969/969/969 974/974/974 973/973/973
f 975/975/975 970/970/970 967/967/967
f 975/975/975 967/967/967 973/973/973
f 974/974/974 976/976/976 973/973/973
f 974/974/974 977/977/977 976/976/976
f 978/978/978 975/975/975 973/973/973
f 978/978/978 973/973/973 976/976/976
f 975/975/975 979/979/979 970/970/970
f 975/975/975 978/978/978 979/979/979
f 970/970/970 980/980/980 971/971/971
f 979/979/979 980/980/980 970/970/970
f 977/977/977 981/981/981 976/976/976
f 981/981/981 977/977/977 982/982/982
f 971/971/971 983/983/983 972/972/972
f 971/971/971 980/980/980 983/983/983
f 984/984/984 978/978/978 976/976/976
f 984/984/984 976/976/976 981/981/981
f 985/985/985 981/981/981 982/982/982
f 985/985/985 982/982/982 986/986/986
f 987/987/987 984/984/984 981/981/981
f 987/987/987 981/981/981 985/985/985
f 984/984/984 988/988/988 978/978/978
f 984/984/984 987/987/987 988/988/988
f 978/978/978 989/989/989 979/979/979
f 988/988/988 989/989/989 978/978/978
f 979/979/979 990/990/990 980/980/980
f 979/979/979 989/989/989 990/990/990
f 991/991/991 985/985/985 986/986/986
f 991/991/991 986/986/986 992/992/992
f 993/993/993 987/987/987 985/985/985
f 993/993/993 985/985/985 991/991/991
f 990/990/990 994/994/994 980/980/980
f 980/980/980 994/994/994 983/983/983
f 988/988/988 995/995/995 989/989/989
f 987/987/987 996/996/996 988/988/988
f 988/988/988 996/996/996 995/995/995
f 993/993/993 997/997/997 987/987/987
f 997/997/997 996/996/996 987/987/987
f 998/998/998 993/993/993 991/991/991
f 993/993/993 998/998/998 997/997/997
f 999/999/999 991/991/991 992/992/992
f 998/998/998 991/991/991 999/999/999
f 989/989/989 1000/1000/1000 990/990/990
f 995/995/995 1000/1000/1000 989/989/989
f 990/990/990 1001/1001/1001 994/994/994
f 990/990/990 1000/1000/1000 1001/1001/1001
f 999/999/999 992/992/992 1002/1002/1002
f 992/992/992 1003/1003/1003 1002/1002/1002
f 1002/1002/1002 1003/1003/1003 1004/1004/1004
f 1005/1005/1005 1002/1002/1002 1004/1004/1004
f 1005/1005/1005 1004/1004/1004 1006/1006/1006
f 1007/1007/1007 1005/1005/1005 1006/1006/1006
f 1007/1007/1007 1006/1006/1006 1008/1008/1008
f 1005/1005/1005 1009/1009/1009 1002/1002/1002
f 1005/1005/1005 1007/1007/1007 1009/1009/1009
f 999/999/999 1002/1002/1002 1010/1010/1010
f 1009/1009/1009 1010/1010/1010 1002/1002/1002
f 1011/1011/1011 999/999/999 1010/1010/1010
f 1011/1011/1011 998/998/998 999/999/999
f 1012/1012/1012 998/998/998 1011/1011/1011
f 998/998/998 1012/1012/1012 997/997/997
f 997/997/997 1012/1012/1012 1013/1013/1013
f 997/997/997 1013/1013/1013 996/996/996
f 1013/1013/1013 1014/1014/1014 996/996/996
f 996/996/996 1014/1014/1014 995/995/995
f 995/995/995 1014/1014/1014 1015/1015/1015
f 995/995/995 1015/1015/1015 1000/1000/1000
f 1015/1015/1015 1016/1016/1016 1000/1000/1000
f 1000/1000/1000 1016/1016/1016 1001/1001/1001
f 1009/1009/1009 1017/1017/1017 1010/1010/1010
f 1011/1011/1011 1010/1010/1010 1018/1018/1018
f 1017/1017/1017 1018/1018/1018 1010/1010/1010
f 1019/1019/1019 1012/1012/1012 1011/1011/1011
f 1019/1019/1019 1011/1011/1011 1018/1018/1018
f 1012/1012/1012 1020/1020/1020 1013/1013/1013
f 1020/1020/1020 1012/1012/1012 1019/1019/1019
f 1013/1013/1013 1021/1021/1021 1014/1014/1014
f 1013/1013/1013 1020/1020/1020 1021/1021/1021
f 1014/1014/1014 1022/1022/1022 1015/1015/1015
f 1021/1021/1021 1022/1022/1022 1014/1014/1014
f 1009/1009/1009 1023/1023/1023 1017/1017/1017
f 1007/1007/1007 1023/1023/1023 1009/1009/1009
f 1023/1023/1023 1007/1007/1007 1024/1024/1024
f 1024/1024/1024 1007/1007/1007 1008/1008/1008
f 1024/1024/1024 1008/1008/1008 1025/1025/1025
f 1008/1008/1008 1026/1026/1026 1025/1025/1025
f 1025/1025/1025 1026/1026/1026 1027/1027/1027
f 1028/1028/1028 1025/1025/1025 1027/1027/1027
f 1028/1028/1028 1027/1027/1027 1029/1029/1029
f 1024/1024/1024 1025/1025/1025 1030/1030/1030
f 1030/1030/1030 1025/1025/1025 1028/1028/1028
f 1031/1031/1031 1023/1023/1023 1024/1024/1024
f 1031/1031/1031 1024/1024/1024 1030/1030/1030
f 1023/1023/1023 1032/1032/1032 1017/1017/1017
f 1032/1032/1032 1023/1023/1023 1031/1031/1031
f 1017/1017/1017 1032/1032/1032 1033/1033/1033
f 1017/1017/1017 1033/1033/1033 1018/1018/1018
f 1033/1033/1033 1034/1034/1034 1018/1018/1018
f 1019/1019/1019 1018/1018/1018 1034/1034/1034
f 1035/1035/1035 1019/1019/1019 1034/1034/1034
f 1035/1035/1035 1020/1020/1020 1019/1019/1019
f 1036/1036/1036 1020/1020/1020 1035/1035/1035
f 1020/1020/1020 1036/1036/1036 1021/1021/1021
f 1037/1037/1037 1032/1032/1032 1031/1031/1031
f 1032/1032/1032 1038/1038/1038 1033/1033/1033
f 1038/1038/1038 1032/1032/1032 1037/1037/1037
f 1033/1033/1033 1039/1039/1039 1034/1034/1034
f 1033/1033/1033 1038/1038/1038 1039/1039/1039
f 1035/1035/1035 1034/1034/1034 1040/1040/1040
f 1039/1039/1039 1040/1040/1040 1034/1034/1034
f 1041/1041/1041 1035/1035/1035 1040/1040/1040
f 1041/1041/1041 1036/1036/1036 1035/1035/1035
f 1037/1037/1037 1031/1031/1031 1042/1042/1042
f 1031/1031/1031 1030/1030/1030 1042/1042/1042
f 1043/1043/1043 1040/1040/1040 1039/1039/1039
f 1041/1041/1041 1040/1040/1040 1043/1043/1043
f 1044/1044/1044 1021/1021/1021 1036/1036/1036
f 1045/1045/1045 1036/1036/1036 1041/1041/1041
f 1045/1045/1045 1044/1044/1044 1036/1036/1036
f 1044/1044/1044 1046/1046/1046 1021/1021/1021
f 1046/1046/1046 1022/1022/1022 1021/1021/1021
f 1047/1047/1047 1041/1041/1041 1043/1043/1043
f 1047/1047/1047 1045/1045/1045 1041/1041/1041
f 1044/1044/1044 1045/1045/1045 1048/1048/1048
f 1044/1044/1044 1048/1048/1048 1046/1046/1046
f 1046/1046/1046 1049/1049/1049 1022/1022/1022
f 1049/1049/1049 1015/1015/1015 1022/1022/1022
f 1049/1049/1049 1050/1050/1050 1015/1015/1015
f 1050/1050/1050 1016/1016/1016 1015/1015/1015
f 1049/1049/1049 1046/1046/1046 1051/1051/1051
f 1049/1049/1049 1051/1051/1051 1050/1050/1050
f 1052/1052/1052 1045/1045/1045 1047/1047/1047
f 1045/1045/1045 1052/1052/1052 1048/1048/1048
f 1048/1048/1048 1053/1053/1053 1046/1046/1046
f 1046/1046/1046 1053/1053/1053 1051/1051/1051
f 1050/1050/1050 1054/1054/1054 1016/1016/1016
f 1054/1054/1054 1001/1001/1001 1016/1016/1016
f 1048/1048/1048 1052/1052/1052 1055/1055/1055
f 1048/1048/1048 1055/1055/1055 1053/1053/1053
f 1056/1056/1056 1052/1052/1052 1047/1047/1047
f 1052/1052/1052 1057/1057/1057 1055/1055/1055
f 1057/1057/1057 1052/1052/1052 1056/1056/1056
f 1056/1056/1056 1047/1047/1047 1058/1058/1058
f 1047/1047/1047 1043/1043/1043 1058/1058/1058
f 1051/1051/1051 1059/1059/1059 1050/1050/1050
f 1054/1054/1054 1050/1050/1050 1060/1060/1060
f 1050/1050/1050 1059/1059/1059 1060/1060/1060
f 1054/1054/1054 1061/1061/1061 1001/1001/1001
f 1054/1054/1054 1060/1060/1060 1061/1061/1061
f 1051/1051/1051 1053/1053/1053 1062/1062/1062
f 1051/1051/1051 1062/1062/1062 1059/1059/1059
f 1055/1055/1055 1063/1063/1063 1053/1053/1053
f 1053/1053/1053 1063/1063/1063 1062/1062/1062
f 1055/1055/1055 1057/1057/1057 1064/1064/1064
f 1055/1055/1055 1064/1064/1064 1063/1063/1063
f 1061/1061/1061 1065/1065/1065 1001/1001/1001
f 1001/1001/1001 1065/1065/1065 994/994/994
f 994/994/994 1065/1065/1065 1066/1066/1066
f 983/983/983 994/994/994 1066/1066/1066
f 1061/1061/1061 1067/1067/1067 1065/1065/1065
f 1067/1067/1067 1066/1066/1066 1065/1065/1065
f 983/983/983 1066/1066/1066 1068/1068/1068
f 983/983/983 1068/1068/1068 972/972/972
f 972/972/972 1068/1068/1068 1069/1069/1069
f 961/961/961 972/972/972 1069/1069/1069
f 961/961/961 1069/1069/1069 960/960/960
f 1069/1069/1069 1070/1070/1070 960/960/960
f 953/953/953 960/960/960 1070/1070/1070
f 1069/1069/1069 1068/1068/1068 1071/1071/1071
f 1069/1069/1069 1071/1071/1071 1070/1070/1070
f 1066/1066/1066 1072/1072/1072 1068/1068/1068
f 1068/1068/1068 1072/1072/1072 1071/1071/1071
f 1067/1067/1067 1073/1073/1073 1066/1066/1066
f 1073/1073/1073 1072/1072/1072 1066/1066/1066
f 1067/1067/1067 1061/1061/1061 1074/1074/1074
f 1067/1067/1067 1074/1074/1074 1073/1073/1073
f 1075/1075/1075 953/953/953 1070/1070/1070
f 1075/1075/1075 954/954/954 953/953/953
f 954/954/954 1075/1075/1075 1076/1076/1076
f 954/954/954 1076/1076/1076 957/957/957
f 1075/1075/1075 1070/1070/1070 1077/1077/1077
f 1075/1075/1075 1077/1077/1077 1076/1076/1076
f 1078/1078/1078 957/957/957 1076/1076/1076
f 1078/1078/1078 958/958/958 957/957/957
f 1079/1079/1079 1078/1078/1078 1076/1076/1076
f 1079/1079/1079 1076/1076/1076 1077/1077/1077
f 1070/1070/1070 1080/1080/1080 1077/1077/1077
f 1071/1071/1071 1080/1080/1080 1070/1070/1070
f 1078/1078/1078 1081/1081/1081 958/958/958
f 1078/1078/1078 1079/1079/1079 1081/1081/1081
f 1082/1082/1082 1077/1077/1077 1080/1080/1080
f 1082/1082/1082 1079/1079/1079 1077/1077/1077
f 1083/1083/1083 1080/1080/1080 1071/1071/1071
f 1083/1083/1083 1082/1082/1082 1080/1080/1080
f 1082/1082/1082 1084/1084/1084 1079/1079/1079
f 1082/1082/1082 1083/1083/1083 1084/1084/1084
f 1081/1081/1081 1085/1085/1085 958/958/958
f 959/959/959 958/958/958 1085/1085/1085
f 1079/1079/1079 1086/1086/1086 1081/1081/1081
f 1084/1084/1084 1086/1086/1086 1079/1079/1079
f 1087/1087/1087 1083/1083/1083 1071/1071/1071
f 1087/1087/1087 1071/1071/1071 1072/1072/1072
f 1073/1073/1073 1087/1087/1087 1072/1072/1072
f 1087/1087/1087 1088/1088/1088 1083/1083/1083
f 1087/1087/1087 1073/1073/1073 1088/1088/1088
f 1083/1083/1083 1089/1089/1089 1084/1084/1084
f 1088/1088/1088 1089/1089/1089 1083/1083/1083
f 1073/1073/1073 1090/1090/1090 1088/1088/1088
f 1074/1074/1074 1090/1090/1090 1073/1073/1073
f 1081/1081/1081 1091/1091/1091 1085/1085/1085
f 1081/1081/1081 1086/1086/1086 1091/1091/1091
f 1084/1084/1084 1092/1092/1092 1086/1086/1086
f 1084/1084/1084 1089/1089/1089 1092/1092/1092
f 1088/1088/1088 1093/1093/1093 1089/1089/1089
f 1088/1088/1088 1090/1090/1090 1093/1093/1093
f 1086/1086/1086 1094/1094/1094 1091/1091/1091
f 1092/1092/1092 1094/1094/1094 1086/1086/1086
f 1089/1089/1089 1095/1095/1095 1092/1092/1092
f 1093/1093/1093 1095/1095/1095 1089/1089/1089
f 1092/1092/1092 1096/1096/1096 1094/1094/1094
f 1092/1092/1092 1095/1095/1095 1096/1096/1096
f 1074/1074/1074 1097/1097/1097 1090/1090/1090
f 1090/1090/1090 1098/1098/1098 1093/1093/1093
f 1097/1097/1097 1098/1098/1098 1090/1090/1090
f 1093/1093/1093 1099/1099/1099 1095/1095/1095
f 1093/1093/1093 1098/1098/1098 1099/1099/1099
f 1095/1095/1095 1100/1100/1100 1096/1096/1096
f 1099/1099/1099 1100/1100/1100 1095/1095/1095
f 1074/1074/1074 1101/1101/1101 1097/1097/1097
f 1061/1061/1061 1101/1101/1101 1074/1074/1074
f 1060/1060/1060 1101/1101/1101 1061/1061/1061
f 1060/1060/1060 1102/1102/1102 1101/1101/1101
f 1060/1060/1060 1059/1059/1059 1102/1102/1102
f 1101/1101/1101 1103/1103/1103 1097/1097/1097
f 1102/1102/1102 1103/1103/1103 1101/1101/1101
f 1097/1097/1097 1104/1104/1104 1098/1098/1098
f 1097/1097/1097 1103/1103/1103 1104/1104/1104
f 1059/1059/1059 1105/1105/1105 1102/1102/1102
f 1062/1062/1062 1105/1105/1105 1059/1059/1059
f 1102/1102/1102 1106/1106/1106 1103/1103/1103
f 1102/1102/1102 1105/1105/1105 1106/1106/1106
f 1062/1062/1062 1107/1107/1107 1105/1105/1105
f 1062/1062/1062 1063/1063/1063 1107/1107/1107
f 1098/1098/1098 1108/1108/1108 1099/1099/1099
f 1104/1104/1104 1108/1108/1108 1098/1098/1098
f 1109/1109/1109 1099/1099/1099 1108/1108/1108
f 1109/1109/1109 1108/1108/1108 1104/1104/1104
f 1103/1103/1103 1110/1110/1110 1104/1104/1104
f 1106/1106/1106 1110/1110/1110 1103/1103/1103
f 1111/1111/1111 1104/1104/1104 1110/1110/1110
f 1111/1111/1111 1109/1109/1109 1104/1104/1104
f 1111/1111/1111 1110/1110/1110 1106/1106/1106
f 1105/1105/1105 1112/1112/1112 1106/1106/1106
f 1107/1107/1107 1112/1112/1112 1105/1105/1105
f 1113/1113/1113 1106/1106/1106 1112/1112/1112
f 1113/1113/1113 1111/1111/1111 1106/1106/1106
f 1113/1113/1113 1112/1112/1112 1107/1107/1107
f 1063/1063/1063 1114/1114/1114 1107/1107/1107
f 1064/1064/1064 1114/1114/1114 1063/1063/1063
f 1115/1115/1115 1107/1107/1107 1114/1114/1114
f 1115/1115/1115 1113/1113/1113 1107/1107/1107
f 1115/1115/1115 1114/1114/1114 1064/1064/1064
f 1109/1109/1109 1116/1116/1116 1099/1099/1099
f 1116/1116/1116 1100/1100/1100 1099/1099/1099
f 1116/1116/1116 1096/1096/1096 1100/1100/1100
f 1113/1113/1113 1117/1117/1117 1111/1111/1111
f 1117/1117/1117 1118/1118/1118 1111/1111/1111
f 1111/1111/1111 1118/1118/1118 1109/1109/1109
f 1119/1119/1119 1117/1117/1117 1113/1113/1113
f 1115/1115/1115 1119/1119/1119 1113/1113/1113
f 1118/1118/1118 1120/1120/1120 1109/1109/1109
f 1109/1109/1109 1120/1120/1120 1116/1116/1116
f 1120/1120/1120 849/849/849 1116/1116/1116
f 1116/1116/1116 849/849/849 848/848/848
f 1116/1116/1116 848/848/848 1096/1096/1096
f 1121/1121/1121 1119/1119/1119 1115/1115/1115
f 1122/1122/1122 1121/1121/1121 1115/1115/1115
f 1122/1122/1122 1115/1115/1115 1064/1064/1064
f 1121/1121/1121 1122/1122/1122 1123/1123/1123
f 848/848/848 1124/1124/1124 1096/1096/1096
f 1096/1096/1096 1124/1124/1124 1094/1094/1094
f 848/848/848 1125/1125/1125 1124/1124/1124
f 1094/1094/1094 1124/1124/1124 1125/1125/1125
f 1091/1091/1091 1094/1094/1094 1125/1125/1125
f 848/848/848 839/839/839 1125/1125/1125
f 1091/1091/1091 1125/1125/1125 1126/1126/1126
f 1091/1091/1091 1126/1126/1126 1085/1085/1085
f 839/839/839 1127/1127/1127 1125/1125/1125
f 1125/1125/1125 1127/1127/1127 1126/1126/1126
f 839/839/839 1128/1128/1128 1127/1127/1127
f 1126/1126/1126 1127/1127/1127 1128/1128/1128
f 839/839/839 834/834/834 1128/1128/1128
f 1129/1129/1129 1085/1085/1085 1126/1126/1126
f 1129/1129/1129 959/959/959 1085/1085/1085
f 1130/1130/1130 1126/1126/1126 1128/1128/1128
f 1130/1130/1130 1129/1129/1129 1126/1126/1126
f 834/834/834 1131/1131/1131 1128/1128/1128
f 1130/1130/1130 1128/1128/1128 1131/1131/1131
f 1129/1129/1129 1132/1132/1132 959/959/959
f 1132/1132/1132 952/952/952 959/959/959
f 1130/1130/1130 1133/1133/1133 1129/1129/1129
f 1133/1133/1133 1130/1130/1130 1131/1131/1131
f 1133/1133/1133 1132/1132/1132 1129/1129/1129
f 834/834/834 1134/1134/1134 1131/1131/1131
f 1133/1133/1133 1131/1131/1131 1134/1134/1134
f 834/834/834 829/829/829 1134/1134/1134
f 1135/1135/1135 952/952/952 1132/1132/1132
f 1135/1135/1135 931/931/931 952/952/952
f 1136/1136/1136 1132/1132/1132 1133/1133/1133
f 1136/1136/1136 1135/1135/1135 1132/1132/1132
f 1137/1137/1137 1133/1133/1133 1134/1134/1134
f 1137/1137/1137 1136/1136/1136 1133/1133/1133
f 829/829/829 1138/1138/1138 1134/1134/1134
f 1137/1137/1137 1134/1134/1134 1138/1138/1138
f 1135/1135/1135 1139/1139/1139 931/931/931
f 1139/1139/1139 929/929/929 931/931/931
f 1136/1136/1136 1140/1140/1140 1135/1135/1135
f 1140/1140/1140 1139/1139/1139 1135/1135/1135
f 1137/1137/1137 1141/1141/1141 1136/1136/1136
f 1141/1141/1141 1137/1137/1137 1138/1138/1138
f 1141/1141/1141 1140/1140/1140 1136/1136/1136
f 829/829/829 1142/1142/1142 1138/1138/1138
f 1141/1141/1141 1138/1138/1138 1142/1142/1142
f 829/829/829 824/824/824 1142/1142/1142
f 1139/1139/1139 1143/1143/1143 929/929/929
f 1143/1143/1143 926/926/926 929/929/929
f 1140/1140/1140 1141/1141/1141 1144/1144/1144
f 1144/1144/1144 1141/1141/1141 1142/1142/1142
f 1139/1139/1139 1140/1140/1140 1145/1145/1145
f 1145/1145/1145 1140/1140/1140 1144/1144/1144
f 1143/1143/1143 1139/1139/1139 1145/1145/1145
f 1143/1143/1143 1146/1146/1146 926/926/926
f 1146/1146/1146 920/920/920 926/926/926
f 1144/1144/1144 1142/1142/1142 1147/1147/1147
f 1145/1145/1145 1144/1144/1144 1147/1147/1147
f 1143/1143/1143 1145/1145/1145 1148/1148/1148
f 1143/1143/1143 1148/1148/1148 1146/1146/1146
f 1145/1145/1145 1147/1147/1147 1148/1148/1148
f 824/824/824 1149/1149/1149 1142/1142/1142
f 1142/1142/1142 1149/1149/1149 1147/1147/1147
f 824/824/824 1150/1150/1150 1149/1149/1149
f 1147/1147/1147 1149/1149/1149 1150/1150/1150
f 824/824/824 819/819/819 1150/1150/1150
f 1146/1146/1146 1151/1151/1151 920/920/920
f 1151/1151/1151 905/905/905 920/920/920
f 1146/1146/1146 1148/1148/1148 1152/1152/1152
f 1151/1151/1151 1146/1146/1146 1152/1152/1152
f 1153/1153/1153 1148/1148/1148 1147/1147/1147
f 1153/1153/1153 1147/1147/1147 1150/1150/1150
f 1153/1153/1153 1152/1152/1152 1148/1148/1148
f 819/819/819 1154/1154/1154 1150/1150/1150
f 1153/1153/1153 1150/1150/1150 1154/1154/1154
f 1151/1151/1151 1155/1155/1155 905/905/905
f 1155/1155/1155 896/896/896 905/905/905
f 1155/1155/1155 895/895/895 896/896/896
f 1151/1151/1151 1152/1152/1152 1156/1156/1156
f 1151/1151/1151 1156/1156/1156 1155/1155/1155
f 1153/1153/1153 1157/1157/1157 1152/1152/1152
f 1157/1157/1157 1153/1153/1153 1154/1154/1154
f 1157/1157/1157 1156/1156/1156 1152/1152/1152
f 819/819/819 1158/1158/1158 1154/1154/1154
f 1157/1157/1157 1154/1154/1154 1158/1158/1158
f 819/819/819 811/811/811 1158/1158/1158
f 895/895/895 1155/1155/1155 1159/1159/1159
f 1155/1155/1155 1156/1156/1156 1159/1159/1159
f 895/895/895 1159/1159/1159 894/894/894
f 1160/1160/1160 1156/1156/1156 1157/1157/1157
f 1160/1160/1160 1157/1157/1157 1158/1158/1158
f 1160/1160/1160 1159/1159/1159 1156/1156/1156
f 811/811/811 1161/1161/1161 1158/1158/1158
f 1160/1160/1160 1158/1158/1158 1161/1161/1161
f 811/811/811 816/816/816 1161/1161/1161
f 1162/1162/1162 894/894/894 1159/1159/1159
f 1160/1160/1160 1162/1162/1162 1159/1159/1159
f 1162/1162/1162 1160/1160/1160 1161/1161/1161
f 1162/1162/1162 1161/1161/1161 816/816/816
f 821/821/821 894/894/894 1162/1162/1162
f 821/821/821 1162/1162/1162 816/816/816
f 1165/1165/1165 1164/1164/1164 1163/1163/1163
f 1166/1166/1166 1165/1165/1165 1163/1163/1163
f 1165/1165/1165 1166/1166/1166 1167/1167/1167
f 1166/1166/1166 1168/1168/1168 1167/1167/1167
f 1171/1171/1171 1170/1170/1170 1169/1169/1169
f 1171/1171/1171 1172/1172/1172 1170/1170/1170
f 1172/1172/1172 1173/1173/1173 1170/1170/1170
f 1176/1176/1176 1175/1175/1175 1174/1174/1174
f 1177/1177/1177 1176/1176/1176 1174/1174/1174
f 1180/1180/1180 1179/1179/1179 1178/1178/1178
f 1181/1181/1181 1180/1180/1180 1178/1178/1178
f 1181/1181/1181 1182/1182/1182 1180/1180/1180
f 1182/1182/1182 1183/1183/1183 1180/1180/1180
f 1182/1182/1182 1184/1184/1184 1183/1183/1183
f 1184/1184/1184 1185/1185/1185 1183/1183/1183
f 1184/1184/1184 1186/1186/1186 1185/1185/1185
f 1186/1186/1186 1187/1187/1187 1185/1185/1185
f 1186/1186/1186 1188/1188/1188 1187/1187/1187
f 1188/1188/1188 1189/1189/1189 1187/1187/1187
f 1188/1188/1188 1190/1190/1190 1189/1189/1189
f 1190/1190/1190 1191/1191/1191 1189/1189/1189
f 1191/1191/1191 1192/1192/1192 1189/1189/1189
f 1191/1191/1191 1193/1193/1193 1192/1192/1192
f 1193/1193/1193 1194/1194/1194 1192/1192/1192
f 1193/1193/1193 1195/1195/1195 1194/1194/1194
f 1195/1195/1195 1196/1196/1196 1194/1194/1194
f 1197/1197/1197 1195/1195/1195 1193/1193/1193
f 1195/1195/1195 1198/1198/1198 1196/1196/1196
f 1197/1197/1197 1198/1198/1198 1195/1195/1195
f 1198/1198/1198 1199/1199/1199 1196/1196/1196
f 1200/1200/1200 1198/1198/1198 1197/1197/1197
f 1198/1198/1198 1200/1200/1200 1199/1199/1199
f 1200/1200/1200 1201/1201/1201 1199/1199/1199
f 1202/1202/1202 1200/1200/1200 1197/1197/1197
f 1200/1200/1200 1203/1203/1203 1201/1201/1201
f 1202/1202/1202 1203/1203/1203 1200/1200/1200
f 1203/1203/1203 1204/1204/1204 1201/1201/1201
f 1205/1205/1205 1203/1203/1203 1202/1202/1202
f 1203/1203/1203 1205/1205/1205 1204/1204/1204
f 1205/1205/1205 1206/1206/1206 1204/1204/1204
f 1207/1207/1207 1205/1205/1205 1202/1202/1202
f 1205/1205/1205 1208/1208/1208 1206/1206/1206
f 1207/1207/1207 1208/1208/1208 1205/1205/1205
f 1208/1208/1208 1209/1209/1209 1206/1206/1206
f 1210/1210/1210 1208/1208/1208 1207/1207/1207
f 1208/1208/1208 1210/1210/1210 1209/1209/1209
f 1210/1210/1210 1207/1207/1207 1211/1211/1211
f 1210/1210/1210 1212/1212/1212 1209/1209/1209
f 1210/1210/1210 1211/1211/1211 1213/1213/1213
f 1210/1210/1210 1214/1214/1214 1212/1212/1212
f 1213/1213/1213 1214/1214/1214 1210/1210/1210
f 1214/1214/1214 1215/1215/1215 1212/1212/1212
f 1216/1216/1216 1214/1214/1214 1213/1213/1213
f 1214/1214/1214 1216/1216/1216 1215/1215/1215
f 1216/1216/1216 1217/1217/1217 1215/1215/1215
f 1216/1216/1216 1213/1213/1213 1218/1218/1218
f 1216/1216/1216 1219/1219/1219 1217/1217/1217
f 1219/1219/1219 1216/1216/1216 1218/1218/1218
f 1219/1219/1219 1220/1220/1220 1217/1217/1217
f 1221/1221/1221 1219/1219/1219 1218/1218/1218
f 1219/1219/1219 1221/1221/1221 1220/1220/1220
f 1221/1221/1221 1222/1222/1222 1220/1220/1220
f 1221/1221/1221 1218/1218/1218 1223/1223/1223
f 1221/1221/1221 1224/1224/1224 1222/1222/1222
f 1221/1221/1221 1223/1223/1223 1224/1224/1224
f 1224/1224/1224 1225/1225/1225 1222/1222/1222
f 1226/1226/1226 1224/1224/1224 1223/1223/1223
f 1224/1224/1224 1226/1226/1226 1225/1225/1225
f 1226/1226/1226 1227/1227/1227 1225/1225/1225
f 1226/1226/1226 1223/1223/1223 1228/1228/1228
f 1226/1226/1226 1229/1229/1229 1227/1227/1227
f 1229/1229/1229 1226/1226/1226 1228/1228/1228
f 1229/1229/1229 1230/1230/1230 1227/1227/1227
f 1231/1231/1231 1229/1229/1229 1228/1228/1228
f 1229/1229/1229 1231/1231/1231 1230/1230/1230
f 1231/1231/1231 1232/1232/1232 1230/1230/1230
f 1231/1231/1231 1228/1228/1228 1233/1233/1233
f 1231/1231/1231 1234/1234/1234 1232/1232/1232
f 1234/1234/1234 1231/1231/1231 1233/1233/1233
f 1234/1234/1234 1235/1235/1235 1232/1232/1232
f 1236/1236/1236 1234/1234/1234 1233/1233/1233
f 1234/1234/1234 1236/1236/1236 1235/1235/1235
f 1236/1236/1236 1237/1237/1237 1235/1235/1235
f 1236/1236/1236 1233/1233/1233 1238/1238/1238
f 1236/1236/1236 1239/1239/1239 1237/1237/1237
f 1236/1236/1236 1238/1238/1238 1239/1239/1239
f 1239/1239/1239 1240/1240/1240 1237/1237/1237
f 1241/1241/1241 1240/1240/1240 1239/1239/1239
f 1242/1242/1242 1241/1241/1241 1239/1239/1239
f 1242/1242/1242 1239/1239/1239 1238/1238/1238
f 1243/1243/1243 1242/1242/1242 1238/1238/1238
f 1246/1246/1246 1245/1245/1245 1244/1244/1244
f 1247/1247/1247 1246/1246/1246 1244/1244/1244
f 1247/1247/1247 1244/1244/1244 1248/1248/1248
f 1249/1249/1249 1247/1247/1247 1248/1248/1248
f 1250/1250/1250 1246/1246/1246 1247/1247/1247
f 1251/1251/1251 1247/1247/1247 1249/1249/1249
f 1251/1251/1251 1250/1250/1250 1247/1247/1247
f 1251/1251/1251 1249/1249/1249 1252/1252/1252
f 1251/1251/1251 1253/1253/1253 1250/1250/1250
f 1253/1253/1253 1251/1251/1251 1252/1252/1252
f 1253/1253/1253 1254/1254/1254 1250/1250/1250
f 1255/1255/1255 1253/1253/1253 1252/1252/1252
f 1253/1253/1253 1255/1255/1255 1254/1254/1254
f 1255/1255/1255 1256/1256/1256 1254/1254/1254
f 1255/1255/1255 1252/1252/1252 1257/1257/1257
f 1255/1255/1255 1258/1258/1258 1256/1256/1256
f 1258/1258/1258 1255/1255/1255 1257/1257/1257
f 1258/1258/1258 1259/1259/1259 1256/1256/1256
f 1260/1260/1260 1258/1258/1258 1257/1257/1257
f 1258/1258/1258 1260/1260/1260 1259/1259/1259
f 1260/1260/1260 1261/1261/1261 1259/1259/1259
f 1260/1260/1260 1257/1257/1257 1262/1262/1262
f 1260/1260/1260 1263/1263/1263 1261/1261/1261
f 1263/1263/1263 1260/1260/1260 1262/1262/1262
f 1263/1263/1263 1264/1264/1264 1261/1261/1261
f 1265/1265/1265 1263/1263/1263 1262/1262/1262
f 1264/1264/1264 1263/1263/1263 1265/1265/1265
f 1266/1266/1266 1264/1264/1264 1265/1265/1265
f 1265/1265/1265 1262/1262/1262 1267/1267/1267
f 1266/1266/1266 1265/1265/1265 1268/1268/1268
f 1268/1268/1268 1265/1265/1265 1267/1267/1267
f 1269/1269/1269 1266/1266/1266 1268/1268/1268
f 1270/1270/1270 1268/1268/1268 1267/1267/1267
f 1269/1269/1269 1268/1268/1268 1270/1270/1270
f 1271/1271/1271 1269/1269/1269 1270/1270/1270
f 1270/1270/1270 1267/1267/1267 1272/1272/1272
f 1271/1271/1271 1270/1270/1270 1273/1273/1273
f 1273/1273/1273 1270/1270/1270 1272/1272/1272
f 1273/1273/1273 1272/1272/1272 1274/1274/1274
f 1275/1275/1275 1271/1271/1271 1273/1273/1273
f 1275/1275/1275 1273/1273/1273 1274/1274/1274
f 1276/1276/1276 1274/1274/1274 1272/1272/1272
f 1277/1277/1277 1275/1275/1275 1274/1274/1274
f 1277/1277/1277 1274/1274/1274 1278/1278/1278
f 1276/1276/1276 1279/1279/1279 1274/1274/1274
f 1274/1274/1274 1280/1280/1280 1278/1278/1278
f 1279/1279/1279 1280/1280/1280 1274/1274/1274
f 1281/1281/1281 1278/1278/1278 1280/1280/1280
f 1282/1282/1282 1280/1280/1280 1279/1279/1279
f 1282/1282/1282 1281/1281/1281 1280/1280/1280
f 1282/1282/1282 1279/1279/1279 1283/1283/1283
f 1282/1282/1282 1284/1284/1284 1281/1281/1281
f 1282/1282/1282 1283/1283/1283 1284/1284/1284
f 1284/1284/1284 1285/1285/1285 1281/1281/1281
f 1286/1286/1286 1284/1284/1284 1283/1283/1283
f 1284/1284/1284 1286/1286/1286 1285/1285/1285
f 1286/1286/1286 1287/1287/1287 1285/1285/1285
f 1288/1288/1288 1286/1286/1286 1283/1283/1283
f 1286/1286/1286 1289/1289/1289 1287/1287/1287
f 1288/1288/1288 1289/1289/1289 1286/1286/1286
f 1289/1289/1289 1290/1290/1290 1287/1287/1287
f 1291/1291/1291 1289/1289/1289 1288/1288/1288
f 1289/1289/1289 1291/1291/1291 1290/1290/1290
f 1291/1291/1291 1292/1292/1292 1290/1290/1290
f 1293/1293/1293 1291/1291/1291 1288/1288/1288
f 1291/1291/1291 1293/1293/1293 1292/1292/1292
f 1293/1293/1293 1294/1294/1294 1292/1292/1292
f 1295/1295/1295 1294/1294/1294 1293/1293/1293
f 1296/1296/1296 1295/1295/1295 1293/1293/1293
f 1296/1296/1296 1297/1297/1297 1295/1295/1295
f 1297/1297/1297 1298/1298/1298 1295/1295/1295
f 1297/1297/1297 1299/1299/1299 1298/1298/1298
f 1299/1299/1299 1300/1300/1300 1298/1298/1298
f 1299/1299/1299 1301/1301/1301 1300/1300/1300
f 1301/1301/1301 1302/1302/1302 1300/1300/1300
f 1302/1302/1302 1303/1303/1303 1300/1300/1300
f 1302/1302/1302 1304/1304/1304 1303/1303/1303
f 1304/1304/1304 1305/1305/1305 1303/1303/1303
f 1304/1304/1304 1306/1306/1306 1305/1305/1305
f 1306/1306/1306 1307/1307/1307 1305/1305/1305
f 1308/1308/1308 1307/1307/1307 1306/1306/1306
f 1309/1309/1309 1308/1308/1308 1306/1306/1306
f 1312/1312/1312 1311/1311/1311 1310/1310/1310
f 1312/1312/1312 1313/1313/1313 1311/1311/1311
f 1314/1314/1314 1313/1313/1313 1312/1312/1312
f 1314/1314/1314 1315/1315/1315 1313/1313/1313
f 1316/1316/1316 1315/1315/1315 1314/1314/1314
f 1316/1316/1316 1317/1317/1317 1315/1315/1315
f 1318/1318/1318 1317/1317/1317 1316/1316/1316
f 1318/1318/1318 1319/1319/1319 1317/1317/1317
f 1318/1318/1318 1320/1320/1320 1319/1319/1319
f 1321/1321/1321 1320/1320/1320 1318/1318/1318
f 1321/1321/1321 1322/1322/1322 1320/1320/1320
f 1323/1323/1323 1322/1322/1322 1321/1321/1321
f 1323/1323/1323 1324/1324/1324 1322/1322/1322
f 1325/1325/1325 1324/1324/1324 1323/1323/1323
f 1325/1325/1325 1326/1326/1326 1324/1324/1324
f 1327/1327/1327 1326/1326/1326 1325/1325/1325
f 1327/1327/1327 1328/1328/1328 1326/1326/1326
f 1329/1329/1329 1328/1328/1328 1327/1327/1327
f 1329/1329/1329 1330/1330/1330 1328/1328/1328
f 1331/1331/1331 1330/1330/1330 1329/1329/1329
f 1331/1331/1331 1332/1332/1332 1330/1330/1330
f 1333/1333/1333 1332/1332/1332 1331/1331/1331
f 1334/1334/1334 1332/1332/1332 1333/1333/1333
f 1334/1334/1334 1335/1335/1335 1332/1332/1332
f 1334/1334/1334 1336/1336/1336 1335/1335/1335
f 1337/1337/1337 1336/1336/1336 1334/1334/1334
f 1337/1337/1337 1338/1338/1338 1336/1336/1336
f 1337/1337/1337 1339/1339/1339 1338/1338/1338
f 1340/1340/1340 1339/1339/1339 1337/1337/1337
f 1341/1341/1341 1339/1339/1339 1340/1340/1340
f 1341/1341/1341 1342/1342/1342 1339/1339/1339
f 1343/1343/1343 1342/1342/1342 1341/1341/1341
f 1343/1343/1343 1344/1344/1344 1342/1342/1342
f 1345/1345/1345 1344/1344/1344 1343/1343/1343
f 1345/1345/1345 1346/1346/1346 1344/1344/1344
f 1347/1347/1347 1346/1346/1346 1345/1345/1345
f 1347/1347/1347 1348/1348/1348 1346/1346/1346
f 1349/1349/1349 1348/1348/1348 1347/1347/1347
f 1349/1349/1349 1350/1350/1350 1348/1348/1348
f 1349/1349/1349 1351/1351/1351 1350/1350/1350
f 1352/1352/1352 1351/1351/1351 1349/1349/1349
f 1352/1352/1352 1353/1353/1353 1351/1351/1351
f 1354/1354/1354 1353/1353/1353 1352/1352/1352
f 1354/1354/1354 1355/1355/1355 1353/1353/1353
f 1356/1356/1356 1355/1355/1355 1354/1354/1354
f 1356/1356/1356 1357/1357/1357 1355/1355/1355
f 1358/1358/1358 1357/1357/1357 1356/1356/1356
f 1361/1361/1361 1360/1360/1360 1359/1359/1359
f 1360/1360/1360 1362/1362/1362 1359/1359/1359
f 1360/1360/1360 1363/1363/1363 1362/1362/1362
f 1359/1359/1359 1362/1362/1362 1364/1364/1364
f 1365/1365/1365 1359/1359/1359 1364/1364/1364
f 1363/1363/1363 1366/1366/1366 1362/1362/1362
f 1363/1363/1363 1367/1367/1367 1366/1366/1366
f 1365/1365/1365 1364/1364/1364 1368/1368/1368
f 1369/1369/1369 1365/1365/1365 1368/1368/1368
f 1362/1362/1362 1366/1366/1366 1370/1370/1370
f 1362/1362/1362 1370/1370/1370 1364/1364/1364
f 1367/1367/1367 1371/1371/1371 1366/1366/1366
f 1367/1367/1367 1372/1372/1372 1371/1371/1371
f 1366/1366/1366 1371/1371/1371 1373/1373/1373
f 1366/1366/1366 1373/1373/1373 1370/1370/1370
f 1372/1372/1372 1374/1374/1374 1371/1371/1371
f 1371/1371/1371 1374/1374/1374 1373/1373/1373
f 1372/1372/1372 1375/1375/1375 1374/1374/1374
f 1375/1375/1375 1373/1373/1373 1374/1374/1374
f 1373/1373/1373 1375/1375/1375 1376/1376/1376
f 1370/1370/1370 1373/1373/1373 1376/1376/1376
f 1370/1370/1370 1376/1376/1376 1377/1377/1377
f 1364/1364/1364 1370/1370/1370 1377/1377/1377
f 1364/1364/1364 1377/1377/1377 1378/1378/1378
f 1368/1368/1368 1364/1364/1364 1378/1378/1378
f 1368/1368/1368 1378/1378/1378 1379/1379/1379
f 1369/1369/1369 1368/1368/1368 1380/1380/1380
f 1380/1380/1380 1368/1368/1368 1379/1379/1379
f 1381/1381/1381 1369/1369/1369 1380/1380/1380
f 1379/1379/1379 1382/1382/1382 1380/1380/1380
f 1381/1381/1381 1380/1380/1380 1383/1383/1383
f 1382/1382/1382 1383/1383/1383 1380/1380/1380
f 1384/1384/1384 1381/1381/1381 1383/1383/1383
f 1382/1382/1382 1385/1385/1385 1383/1383/1383
f 1384/1384/1384 1383/1383/1383 1386/1386/1386
f 1385/1385/1385 1386/1386/1386 1383/1383/1383
f 1387/1387/1387 1384/1384/1384 1386/1386/1386
f 1385/1385/1385 1388/1388/1388 1386/1386/1386
f 1389/1389/1389 1387/1387/1387 1386/1386/1386
f 1388/1388/1388 1390/1390/1390 1386/1386/1386
f 1389/1389/1389 1386/1386/1386 1390/1390/1390
f 1388/1388/1388 1391/1391/1391 1390/1390/1390
f 1392/1392/1392 1389/1389/1389 1390/1390/1390
f 1389/1389/1389 1392/1392/1392 1393/1393/1393
f 1392/1392/1392 1394/1394/1394 1393/1393/1393
f 1391/1391/1391 1395/1395/1395 1390/1390/1390
f 1392/1392/1392 1390/1390/1390 1395/1395/1395
f 1391/1391/1391 1396/1396/1396 1395/1395/1395
f 1392/1392/1392 1397/1397/1397 1394/1394/1394
f 1397/1397/1397 1392/1392/1392 1395/1395/1395
f 1397/1397/1397 1398/1398/1398 1394/1394/1394
f 1398/1398/1398 1397/1397/1397 1399/1399/1399
f 1399/1399/1399 1397/1397/1397 1395/1395/1395
f 1400/1400/1400 1398/1398/1398 1399/1399/1399
f 1396/1396/1396 1401/1401/1401 1395/1395/1395
f 1401/1401/1401 1399/1399/1399 1395/1395/1395
f 1400/1400/1400 1399/1399/1399 1401/1401/1401
f 1396/1396/1396 1400/1400/1400 1401/1401/1401
f 1404/1404/1404 1403/1403/1403 1402/1402/1402
f 1403/1403/1403 1405/1405/1405 1402/1402/1402
f 1403/1403/1403 1406/1406/1406 1405/1405/1405
f 1402/1402/1402 1405/1405/1405 1407/1407/1407
f 1408/1408/1408 1402/1402/1402 1407/1407/1407
f 1406/1406/1406 1409/1409/1409 1405/1405/1405
f 1409/1409/1409 1406/1406/1406 1410/1410/1410
f 1408/1408/1408 1407/1407/1407 1411/1411/1411
f 1412/1412/1412 1408/1408/1408 1411/1411/1411
f 1412/1412/1412 1411/1411/1411 1413/1413/1413
f 1414/1414/1414 1412/1412/1412 1413/1413/1413
f 1413/1413/1413 1415/1415/1415 1414/1414/1414
f 1416/1416/1416 1415/1415/1415 1413/1413/1413
f 1405/1405/1405 1409/1409/1409 1417/1417/1417
f 1405/1405/1405 1417/1417/1417 1407/1407/1407
f 1418/1418/1418 1409/1409/1409 1410/1410/1410
f 1418/1418/1418 1410/1410/1410 1419/1419/1419
f 1409/1409/1409 1418/1418/1418 1420/1420/1420
f 1409/1409/1409 1420/1420/1420 1417/1417/1417
f 1421/1421/1421 1418/1418/1418 1419/1419/1419
f 1418/1418/1418 1421/1421/1421 1420/1420/1420
f 1421/1421/1421 1419/1419/1419 1422/1422/1422
f 1420/1420/1420 1421/1421/1421 1422/1422/1422
f 1420/1420/1420 1422/1422/1422 1423/1423/1423
f 1417/1417/1417 1420/1420/1420 1423/1423/1423
f 1417/1417/1417 1423/1423/1423 1424/1424/1424
f 1407/1407/1407 1417/1417/1417 1424/1424/1424
f 1407/1407/1407 1424/1424/1424 1425/1425/1425
f 1411/1411/1411 1407/1407/1407 1425/1425/1425
f 1411/1411/1411 1425/1425/1425 1426/1426/1426
f 1413/1413/1413 1411/1411/1411 1426/1426/1426
f 1426/1426/1426 1427/1427/1427 1413/1413/1413
f 1427/1427/1427 1428/1428/1428 1413/1413/1413
f 1416/1416/1416 1413/1413/1413 1428/1428/1428
f 1427/1427/1427 1429/1429/1429 1428/1428/1428
f 1429/1429/1429 1430/1430/1430 1428/1428/1428
f 1431/1431/1431 1416/1416/1416 1428/1428/1428
f 1431/1431/1431 1428/1428/1428 1430/1430/1430
f 1432/1432/1432 1431/1431/1431 1430/1430/1430
f 1429/1429/1429 1433/1433/1433 1430/1430/1430
f 1434/1434/1434 1432/1432/1432 1430/1430/1430
f 1433/1433/1433 1435/1435/1435 1430/1430/1430
f 1433/1433/1433 1436/1436/1436 1435/1435/1435
f 1434/1434/1434 1430/1430/1430 1437/1437/1437
f 1430/1430/1430 1435/1435/1435 1437/1437/1437
f 1434/1434/1434 1437/1437/1437 1438/1438/1438
f 1437/1437/1437 1439/1439/1439 1438/1438/1438
f 1436/1436/1436 1440/1440/1440 1435/1435/1435
f 1435/1435/1435 1440/1440/1440 1437/1437/1437
f 1440/1440/1440 1436/1436/1436 1441/1441/1441
f 1437/1437/1437 1442/1442/1442 1439/1439/1439
f 1440/1440/1440 1442/1442/1442 1437/1437/1437
f 1442/1442/1442 1443/1443/1443 1439/1439/1439
f 1444/1444/1444 1440/1440/1440 1441/1441/1441
f 1440/1440/1440 1444/1444/1444 1442/1442/1442
f 1444/1444/1444 1441/1441/1441 1445/1445/1445
f 1446/1446/1446 1445/1445/1445 1443/1443/1443
f 1442/1442/1442 1446/1446/1446 1443/1443/1443
f 1446/1446/1446 1444/1444/1444 1445/1445/1445
f 1444/1444/1444 1446/1446/1446 1442/1442/1442
f 1449/1449/1449 1448/1448/1448 1447/1447/1447
f 1450/1450/1450 1449/1449/1449 1447/1447/1447
f 1450/1450/1450 1447/1447/1447 1451/1451/1451
f 1447/1447/1447 1452/1452/1452 1451/1451/1451
f 1451/1451/1451 1452/1452/1452 1453/1453/1453
f 1452/1452/1452 1454/1454/1454 1453/1453/1453
f 1453/1453/1453 1454/1454/1454 1455/1455/1455
f 1454/1454/1454 1456/1456/1456 1455/1455/1455
f 1455/1455/1455 1456/1456/1456 1457/1457/1457
f 1456/1456/1456 1458/1458/1458 1457/1457/1457
f 1457/1457/1457 1458/1458/1458 1459/1459/1459
f 1458/1458/1458 1460/1460/1460 1459/1459/1459
f 1459/1459/1459 1460/1460/1460 1461/1461/1461
f 1462/1462/1462 1459/1459/1459 1461/1461/1461
f 1462/1462/1462 1461/1461/1461 1463/1463/1463
f 1464/1464/1464 1462/1462/1462 1463/1463/1463
f 1464/1464/1464 1463/1463/1463 1465/1465/1465
f 1466/1466/1466 1464/1464/1464 1465/1465/1465
f 1467/1467/1467 1466/1466/1466 1465/1465/1465
f 1468/1468/1468 1467/1467/1467 1465/1465/1465
f 1468/1468/1468 1469/1469/1469 1467/1467/1467
f 1469/1469/1469 1470/1470/1470 1467/1467/1467
f 1469/1469/1469 1471/1471/1471 1470/1470/1470
f 1471/1471/1471 1472/1472/1472 1470/1470/1470
f 1472/1472/1472 1471/1471/1471 1473/1473/1473
f 1471/1471/1471 1474/1474/1474 1473/1473/1473
f 1473/1473/1473 1474/1474/1474 1475/1475/1475
f 1474/1474/1474 1476/1476/1476 1475/1475/1475
f 1475/1475/1475 1476/1476/1476 1477/1477/1477
f 1476/1476/1476 1478/1478/1478 1477/1477/1477
f 1477/1477/1477 1478/1478/1478 1479/1479/1479
f 1478/1478/1478 1480/1480/1480 1479/1479/1479
f 1479/1479/1479 1480/1480/1480 1481/1481/1481
f 1480/1480/1480 1482/1482/1482 1481/1481/1481
f 1482/1482/1482 1483/1483/1483 1481/1481/1481
f 1483/1483/1483 1484/1484/1484 1481/1481/1481
f 1487/1487/1487 1486/1486/1486 1485/1485/1485
f 1488/1488/1488 1487/1487/1487 1485/1485/1485
f 1489/1489/1489 1487/1487/1487 1488/1488/1488
f 1489/1489/1489 1488/1488/1488 1490/1490/1490
f 1491/1491/1491 1489/1489/1489 1490/1490/1490
f 1489/1489/1489 1491/1491/1491 1492/1492/1492
f 1492/1492/1492 1491/1491/1491 1493/1493/1493
f 1494/1494/1494 1491/1491/1491 1490/1490/1490
f 1491/1491/1491 1494/1494/1494 1493/1493/1493
f 1495/1495/1495 1493/1493/1493 1494/1494/1494
f 1494/1494/1494 1490/1490/1490 1496/1496/1496
f 1495/1495/1495 1494/1494/1494 1497/1497/1497
f 1497/1497/1497 1494/1494/1494 1496/1496/1496
f 1495/1495/1495 1497/1497/1497 1498/1498/1498
f 1498/1498/1498 1497/1497/1497 1499/1499/1499
f 1500/1500/1500 1497/1497/1497 1496/1496/1496
f 1497/1497/1497 1500/1500/1500 1499/1499/1499
f 1499/1499/1499 1500/1500/1500 1501/1501/1501
f 1500/1500/1500 1496/1496/1496 1502/1502/1502
f 1500/1500/1500 1502/1502/1502 1501/1501/1501
f 1503/1503/1503 1501/1501/1501 1502/1502/1502
f 1504/1504/1504 1503/1503/1503 1502/1502/1502
f 1503/1503/1503 1504/1504/1504 1505/1505/1505
f 1506/1506/1506 1503/1503/1503 1505/1505/1505
f 1506/1506/1506 1505/1505/1505 1507/1507/1507
f 1508/1508/1508 1506/1506/1506 1507/1507/1507
f 1508/1508/1508 1507/1507/1507 1509/1509/1509
f 1512/1512/1512 1511/1511/1511 1510/1510/1510
f 1511/1511/1511 1513/1513/1513 1510/1510/1510
f 1513/1513/1513 1514/1514/1514 1510/1510/1510
f 1514/1514/1514 1515/1515/1515 1510/1510/1510
f 1514/1514/1514 1516/1516/1516 1515/1515/1515
f 1517/1517/1517 1516/1516/1516 1514/1514/1514
f 1516/1516/1516 1518/1518/1518 1515/1515/1515
f 1518/1518/1518 1516/1516/1516 1517/1517/1517
f 1519/1519/1519 1518/1518/1518 1517/1517/1517
f 1520/1520/1520 1518/1518/1518 1519/1519/1519
f 1518/1518/1518 1521/1521/1521 1515/1515/1515
f 1520/1520/1520 1522/1522/1522 1518/1518/1518
f 1518/1518/1518 1522/1522/1522 1521/1521/1521
f 1520/1520/1520 1523/1523/1523 1522/1522/1522
f 1522/1522/1522 1524/1524/1524 1521/1521/1521
f 1524/1524/1524 1522/1522/1522 1523/1523/1523
f 1525/1525/1525 1524/1524/1524 1523/1523/1523
f 1524/1524/1524 1525/1525/1525 1526/1526/1526
f 1524/1524/1524 1527/1527/1527 1521/1521/1521
f 1524/1524/1524 1526/1526/1526 1527/1527/1527
f 1526/1526/1526 1528/1528/1528 1527/1527/1527
f 1528/1528/1528 1529/1529/1529 1527/1527/1527
f 1528/1528/1528 1530/1530/1530 1529/1529/1529
f 1530/1530/1530 1531/1531/1531 1529/1529/1529
f 1532/1532/1532 1531/1531/1531 1530/1530/1530
f 1532/1532/1532 1530/1530/1530 1533/1533/1533
f 1533/1533/1533 1534/1534/1534 1532/1532/1532
f 1535/1535/1535 1534/1534/1534 1533/1533/1533
f 1538/1538/1538 1537/1537/1537 1536/1536/1536
f 1539/1539/1539 1538/1538/1538 1536/1536/1536
f 1542/1542/1542 1541/1541/1541 1540/1540/1540
f 1543/1543/1543 1542/1542/1542 1540/1540/1540
f 1546/1546/1546 1545/1545/1545 1544/1544/1544
f 1547/1547/1547 1546/1546/1546 1544/1544/1544
f 1550/1550/1550 1549/1549/1549 1548/1548/1548
f 1551/1551/1551 1550/1550/1550 1548/1548/1548
f 1550/1550/1550 1551/1551/1551 1552/1552/1552
f 1551/1551/1551 1548/1548/1548 1553/1553/1553
f 1551/1551/1551 1554/1554/1554 1552/1552/1552
f 1555/1555/1555 1552/1552/1552 1554/1554/1554
f 1556/1556/1556 1551/1551/1551 1553/1553/1553
f 1551/1551/1551 1556/1556/1556 1554/1554/1554
f 1557/1557/1557 1555/1555/1555 1554/1554/1554
f 1556/1556/1556 1558/1558/1558 1554/1554/1554
f 1557/1557/1557 1554/1554/1554 1558/1558/1558
f 1555/1555/1555 1557/1557/1557 1559/1559/1559
f 1559/1559/1559 1560/1560/1560 1555/1555/1555
f 1561/1561/1561 1560/1560/1560 1559/1559/1559
f 1562/1562/1562 1561/1561/1561 1559/1559/1559
f 1563/1563/1563 1561/1561/1561 1562/1562/1562
f 1557/1557/1557 1564/1564/1564 1559/1559/1559
f 1559/1559/1559 1564/1564/1564 1562/1562/1562
f 1565/1565/1565 1563/1563/1563 1562/1562/1562
f 1566/1566/1566 1563/1563/1563 1565/1565/1565
f 1567/1567/1567 1557/1557/1557 1558/1558/1558
f 1557/1557/1557 1567/1567/1567 1564/1564/1564
f 1564/1564/1564 1568/1568/1568 1562/1562/1562
f 1565/1565/1565 1562/1562/1562 1568/1568/1568
f 1569/1569/1569 1566/1566/1566 1565/1565/1565
f 1570/1570/1570 1566/1566/1566 1569/1569/1569
f 1567/1567/1567 1571/1571/1571 1564/1564/1564
f 1564/1564/1564 1571/1571/1571 1568/1568/1568
f 1572/1572/1572 1565/1565/1565 1568/1568/1568
f 1565/1565/1565 1572/1572/1572 1569/1569/1569
f 1573/1573/1573 1570/1570/1570 1569/1569/1569
f 1574/1574/1574 1570/1570/1570 1573/1573/1573
f 1571/1571/1571 1575/1575/1575 1568/1568/1568
f 1572/1572/1572 1568/1568/1568 1575/1575/1575
f 1569/1569/1569 1576/1576/1576 1573/1573/1573
f 1572/1572/1572 1576/1576/1576 1569/1569/1569
f 1577/1577/1577 1574/1574/1574 1573/1573/1573
f 1578/1578/1578 1574/1574/1574 1577/1577/1577
f 1576/1576/1576 1579/1579/1579 1573/1573/1573
f 1577/1577/1577 1573/1573/1573 1579/1579/1579
f 1580/1580/1580 1578/1578/1578 1577/1577/1577
f 1581/1581/1581 1578/1578/1578 1580/1580/1580
f 1582/1582/1582 1581/1581/1581 1580/1580/1580
f 1583/1583/1583 1581/1581/1581 1582/1582/1582
f 1584/1584/1584 1583/1583/1583 1582/1582/1582
f 1585/1585/1585 1583/1583/1583 1584/1584/1584
f 1586/1586/1586 1585/1585/1585 1584/1584/1584
f 1576/1576/1576 1572/1572/1572 1587/1587/1587
f 1576/1576/1576 1587/1587/1587 1588/1588/1588
f 1576/1576/1576 1588/1588/1588 1579/1579/1579
f 1588/1588/1588 1589/1589/1589 1579/1579/1579
f 1572/1572/1572 1590/1590/1590 1587/1587/1587
f 1590/1590/1590 1591/1591/1591 1587/1587/1587
f 1592/1592/1592 1591/1591/1591 1590/1590/1590
f 1590/1590/1590 1572/1572/1572 1575/1575/1575
f 1575/1575/1575 1592/1592/1592 1590/1590/1590
f 1593/1593/1593 1592/1592/1592 1575/1575/1575
f 1571/1571/1571 1593/1593/1593 1575/1575/1575
f 1594/1594/1594 1593/1593/1593 1571/1571/1571
f 1567/1567/1567 1594/1594/1594 1571/1571/1571
f 1595/1595/1595 1579/1579/1579 1589/1589/1589
f 1596/1596/1596 1595/1595/1595 1589/1589/1589
f 1595/1595/1595 1577/1577/1577 1579/1579/1579
f 1595/1595/1595 1596/1596/1596 1597/1597/1597
f 1577/1577/1577 1595/1595/1595 1597/1597/1597
f 1580/1580/1580 1577/1577/1577 1597/1597/1597
f 1580/1580/1580 1597/1597/1597 1598/1598/1598
f 1580/1580/1580 1598/1598/1598 1599/1599/1599
f 1580/1580/1580 1599/1599/1599 1582/1582/1582
f 1599/1599/1599 1600/1600/1600 1582/1582/1582
f 1600/1600/1600 1601/1601/1601 1582/1582/1582
f 1601/1601/1601 1584/1584/1584 1582/1582/1582
f 1601/1601/1601 1602/1602/1602 1584/1584/1584
f 1602/1602/1602 1603/1603/1603 1584/1584/1584
f 1584/1584/1584 1603/1603/1603 1604/1604/1604
f 1584/1584/1584 1604/1604/1604 1605/1605/1605
f 1586/1586/1586 1584/1584/1584 1605/1605/1605
f 1586/1586/1586 1605/1605/1605 1606/1606/1606
f 1586/1586/1586 1606/1606/1606 1607/1607/1607
f 1553/1553/1553 1609/1609/1609 1608/1608/1608
f 1553/1553/1553 1608/1608/1608 1610/1610/1610
f 1556/1556/1556 1553/1553/1553 1610/1610/1610
f 1556/1556/1556 1610/1610/1610 1611/1611/1611
f 1611/1611/1611 1610/1610/1610 1612/1612/1612
f 1611/1611/1611 1612/1612/1612 1613/1613/1613
f 1556/1556/1556 1611/1611/1611 1614/1614/1614
f 1614/1614/1614 1611/1611/1611 1613/1613/1613
f 1613/1613/1613 1615/1615/1615 1614/1614/1614
f 1556/1556/1556 1614/1614/1614 1558/1558/1558
f 1614/1614/1614 1615/1615/1615 1616/1616/1616
f 1614/1614/1614 1616/1616/1616 1558/1558/1558
f 1616/1616/1616 1615/1615/1615 1617/1617/1617
f 1616/1616/1616 1617/1617/1617 1618/1618/1618
f 1558/1558/1558 1616/1616/1616 1619/1619/1619
f 1619/1619/1619 1616/1616/1616 1618/1618/1618
f 1567/1567/1567 1558/1558/1558 1619/1619/1619
f 1619/1619/1619 1618/1618/1618 1594/1594/1594
f 1567/1567/1567 1619/1619/1619 1594/1594/1594
f 1622/1622/1622 1621/1621/1621 1620/1620/1620
f 1623/1623/1623 1622/1622/1622 1620/1620/1620
f 1624/1624/1624 1622/1622/1622 1623/1623/1623
f 1625/1625/1625 1624/1624/1624 1623/1623/1623
f 1627/1627/1627 1626/1626/1626 1620/1620/1620
f 1628/1628/1628 1626/1626/1626 1627/1627/1627
f 1628/1628/1628 1629/1629/1629 1626/1626/1626
f 1630/1630/1630 1629/1629/1629 1628/1628/1628
f 1631/1631/1631 1629/1629/1629 1630/1630/1630
f 1631/1631/1631 1632/1632/1632 1629/1629/1629
f 1631/1631/1631 1633/1633/1633 1632/1632/1632
f 1634/1634/1634 1633/1633/1633 1631/1631/1631
f 1634/1634/1634 1635/1635/1635 1633/1633/1633
f 1636/1636/1636 1635/1635/1635 1634/1634/1634
f 1636/1636/1636 1637/1637/1637 1635/1635/1635
f 1638/1638/1638 1637/1637/1637 1636/1636/1636
f 1639/1639/1639 1637/1637/1637 1638/1638/1638
f 1639/1639/1639 1640/1640/1640 1637/1637/1637
f 1641/1641/1641 1640/1640/1640 1639/1639/1639
f 1641/1641/1641 1642/1642/1642 1640/1640/1640
f 1643/1643/1643 1642/1642/1642 1641/1641/1641
f 1643/1643/1643 1644/1644/1644 1642/1642/1642
f 1645/1645/1645 1644/1644/1644 1643/1643/1643
f 1645/1645/1645 1643/1643/1643 1646/1646/1646
f 1645/1645/1645 1646/1646/1646 1647/1647/1647
f 1647/1647/1647 1646/1646/1646 1648/1648/1648
f 1647/1647/1647 1648/1648/1648 1649/1649/1649
f 1649/1649/1649 1648/1648/1648 1650/1650/1650
f 1649/1649/1649 1650/1650/1650 1651/1651/1651
f 1651/1651/1651 1650/1650/1650 1652/1652/1652
f 1651/1651/1651 1652/1652/1652 1653/1653/1653
f 1651/1651/1651 1653/1653/1653 1654/1654/1654
f 1654/1654/1654 1653/1653/1653 1655/1655/1655
f 1654/1654/1654 1655/1655/1655 1656/1656/1656
f 1656/1656/1656 1655/1655/1655 1657/1657/1657
f 1656/1656/1656 1657/1657/1657 1658/1658/1658
f 1658/1658/1658 1657/1657/1657 1659/1659/1659
f 1658/1658/1658 1659/1659/1659 1660/1660/1660
f 1660/1660/1660 1659/1659/1659 1661/1661/1661
f 1660/1660/1660 1661/1661/1661 1662/1662/1662
f 1662/1662/1662 1661/1661/1661 1663/1663/1663
f 1663/1663/1663 1661/1661/1661 1664/1664/1664
f 1663/1663/1663 1664/1664/1664 1665/1665/1665
f 1663/1663/1663 1665/1665/1665 1666/1666/1666
f 1666/1666/1666 1665/1665/1665 1667/1667/1667
f 1667/1667/1667 1665/1665/1665 1668/1668/1668
f 1667/1667/1667 1668/1668/1668 1669/1669/1669
f 1667/1667/1667 1669/1669/1669 1670/1670/1670
f 1670/1670/1670 1669/1669/1669 1671/1671/1671
f 1674/1674/1674 1673/1673/1673 1672/1672/1672
f 1672/1672/1672 1673/1673/1673 1675/1675/1675
f 1672/1672/1672 1675/1675/1675 1676/1676/1676
f 1676/1676/1676 1675/1675/1675 1677/1677/1677
f 1676/1676/1676 1677/1677/1677 1678/1678/1678
f 1678/1678/1678 1677/1677/1677 1679/1679/1679
f 1678/1678/1678 1679/1679/1679 1680/1680/1680
f 1680/1680/1680 1679/1679/1679 1681/1681/1681
f 1680/1680/1680 1681/1681/1681 1682/1682/1682
f 1682/1682/1682 1681/1681/1681 1683/1683/1683
f 1683/1683/1683 1681/1681/1681 1684/1684/1684
f 1683/1683/1683 1684/1684/1684 1685/1685/1685
f 1685/1685/1685 1684/1684/1684 1686/1686/1686
f 1685/1685/1685 1686/1686/1686 1687/1687/1687
f 1687/1687/1687 1686/1686/1686 1688/1688/1688
f 1687/1687/1687 1688/1688/1688 1689/1689/1689
f 1689/1689/1689 1688/1688/1688 1690/1690/1690
f 1689/1689/1689 1690/1690/1690 1691/1691/1691
f 1689/1689/1689 1691/1691/1691 1692/1692/1692
f 1692/1692/1692 1691/1691/1691 1693/1693/1693
f 1692/1692/1692 1693/1693/1693 1625/1625/1625
f 1696/1696/1696 1695/1695/1695 1694/1694/1694
f 1696/1696/1696 1697/1697/1697 1695/1695/1695
f 1700/1700/1700 1699/1699/1699 1698/1698/1698
f 1700/1700/1700 1701/1701/1701 1699/1699/1699
f 1702/1702/1702 1701/1701/1701 1700/1700/1700
f 1703/1703/1703 1701/1701/1701 1702/1702/1702
f 1703/1703/1703 1704/1704/1704 1701/1701/1701
f 1703/1703/1703 1705/1705/1705 1704/1704/1704
f 1706/1706/1706 1705/1705/1705 1703/1703/1703
f 1706/1706/1706 1707/1707/1707 1705/1705/1705
f 1708/1708/1708 1707/1707/1707 1706/1706/1706
f 1708/1708/1708 1709/1709/1709 1707/1707/1707
f 1710/1710/1710 1709/1709/1709 1708/1708/1708
f 1710/1710/1710 1711/1711/1711 1709/1709/1709
f 1712/1712/1712 1711/1711/1711 1710/1710/1710
f 1712/1712/1712 1713/1713/1713 1711/1711/1711
f 1714/1714/1714 1713/1713/1713 1712/1712/1712
f 1714/1714/1714 1715/1715/1715 1713/1713/1713
f 1716/1716/1716 1715/1715/1715 1714/1714/1714
f 1717/1717/1717 1715/1715/1715 1716/1716/1716
f 1717/1717/1717 1718/1718/1718 1715/1715/1715
f 1719/1719/1719 1718/1718/1718 1717/1717/1717
f 1719/1719/1719 1720/1720/1720 1718/1718/1718
f 1721/1721/1721 1720/1720/1720 1719/1719/1719
f 1721/1721/1721 1722/1722/1722 1720/1720/1720
f 1723/1723/1723 1722/1722/1722 1721/1721/1721
f 1723/1723/1723 1724/1724/1724 1722/1722/1722
f 1725/1725/1725 1724/1724/1724 1723/1723/1723
f 1727/1727/1727 1123/1123/1123 1726/1726/1726
f 1122/1122/1122 1726/1726/1726 1123/1123/1123
f 1728/1728/1728 1727/1727/1727 1726/1726/1726
f 1727/1727/1727 1728/1728/1728 1729/1729/1729
f 1728/1728/1728 1730/1730/1730 1729/1729/1729
f 1731/1731/1731 1729/1729/1729 1730/1730/1730
f 1732/1732/1732 1731/1731/1731 1730/1730/1730
f 1731/1731/1731 1732/1732/1732 1733/1733/1733
f 1732/1732/1732 1734/1734/1734 1733/1733/1733
f 1735/1735/1735 1733/1733/1733 1734/1734/1734
f 1122/1122/1122 1736/1736/1736 1726/1726/1726
f 1122/1122/1122 1737/1737/1737 1736/1736/1736
f 1122/1122/1122 1064/1064/1064 1737/1737/1737
f 1057/1057/1057 1737/1737/1737 1064/1064/1064
f 1737/1737/1737 1057/1057/1057 1738/1738/1738
f 1736/1736/1736 1737/1737/1737 1738/1738/1738
f 1738/1738/1738 1057/1057/1057 1056/1056/1056
f 1736/1736/1736 1739/1739/1739 1726/1726/1726
f 1736/1736/1736 1738/1738/1738 1739/1739/1739
f 1738/1738/1738 1056/1056/1056 1740/1740/1740
f 1738/1738/1738 1740/1740/1740 1739/1739/1739
f 1056/1056/1056 1058/1058/1058 1740/1740/1740
f 1726/1726/1726 1739/1739/1739 1741/1741/1741
f 1741/1741/1741 1739/1739/1739 1740/1740/1740
f 1728/1728/1728 1726/1726/1726 1741/1741/1741
f 1742/1742/1742 1740/1740/1740 1058/1058/1058
f 1742/1742/1742 1741/1741/1741 1740/1740/1740
f 1743/1743/1743 1742/1742/1742 1058/1058/1058
f 1743/1743/1743 1058/1058/1058 1043/1043/1043
f 1744/1744/1744 1743/1743/1743 1043/1043/1043
f 1744/1744/1744 1043/1043/1043 1039/1039/1039
f 1744/1744/1744 1039/1039/1039 1745/1745/1745
f 1038/1038/1038 1745/1745/1745 1039/1039/1039
f 1744/1744/1744 1746/1746/1746 1743/1743/1743
f 1746/1746/1746 1744/1744/1744 1745/1745/1745
f 1743/1743/1743 1747/1747/1747 1742/1742/1742
f 1746/1746/1746 1747/1747/1747 1743/1743/1743
f 1742/1742/1742 1748/1748/1748 1741/1741/1741
f 1747/1747/1747 1748/1748/1748 1742/1742/1742
f 1728/1728/1728 1741/1741/1741 1749/1749/1749
f 1748/1748/1748 1749/1749/1749 1741/1741/1741
f 1038/1038/1038 1750/1750/1750 1745/1745/1745
f 1750/1750/1750 1038/1038/1038 1037/1037/1037
f 1746/1746/1746 1745/1745/1745 1751/1751/1751
f 1750/1750/1750 1751/1751/1751 1745/1745/1745
f 1750/1750/1750 1037/1037/1037 1752/1752/1752
f 1750/1750/1750 1752/1752/1752 1751/1751/1751
f 1037/1037/1037 1042/1042/1042 1752/1752/1752
f 1747/1747/1747 1746/1746/1746 1753/1753/1753
f 1753/1753/1753 1746/1746/1746 1751/1751/1751
f 1728/1728/1728 1749/1749/1749 1754/1754/1754
f 1728/1728/1728 1754/1754/1754 1730/1730/1730
f 1749/1749/1749 1748/1748/1748 1755/1755/1755
f 1754/1754/1754 1749/1749/1749 1755/1755/1755
f 1748/1748/1748 1747/1747/1747 1756/1756/1756
f 1756/1756/1756 1747/1747/1747 1753/1753/1753
f 1755/1755/1755 1748/1748/1748 1756/1756/1756
f 1754/1754/1754 1757/1757/1757 1730/1730/1730
f 1754/1754/1754 1755/1755/1755 1757/1757/1757
f 1755/1755/1755 1756/1756/1756 1758/1758/1758
f 1755/1755/1755 1758/1758/1758 1757/1757/1757
f 1730/1730/1730 1757/1757/1757 1759/1759/1759
f 1759/1759/1759 1757/1757/1757 1758/1758/1758
f 1732/1732/1732 1730/1730/1730 1759/1759/1759
f 1756/1756/1756 1753/1753/1753 1760/1760/1760
f 1756/1756/1756 1760/1760/1760 1758/1758/1758
f 1753/1753/1753 1751/1751/1751 1761/1761/1761
f 1753/1753/1753 1761/1761/1761 1760/1760/1760
f 1762/1762/1762 1758/1758/1758 1760/1760/1760
f 1762/1762/1762 1759/1759/1759 1758/1758/1758
f 1751/1751/1751 1763/1763/1763 1761/1761/1761
f 1752/1752/1752 1763/1763/1763 1751/1751/1751
f 1764/1764/1764 1760/1760/1760 1761/1761/1761
f 1764/1764/1764 1762/1762/1762 1760/1760/1760
f 1765/1765/1765 1761/1761/1761 1763/1763/1763
f 1765/1765/1765 1764/1764/1764 1761/1761/1761
f 1766/1766/1766 1763/1763/1763 1752/1752/1752
f 1766/1766/1766 1765/1765/1765 1763/1763/1763
f 1767/1767/1767 1766/1766/1766 1752/1752/1752
f 1767/1767/1767 1752/1752/1752 1042/1042/1042
f 1768/1768/1768 1767/1767/1767 1042/1042/1042
f 1768/1768/1768 1042/1042/1042 1030/1030/1030
f 1769/1769/1769 1768/1768/1768 1030/1030/1030
f 1769/1769/1769 1030/1030/1030 1028/1028/1028
f 1769/1769/1769 1028/1028/1028 1770/1770/1770
f 1770/1770/1770 1028/1028/1028 1029/1029/1029
f 1769/1769/1769 1771/1771/1771 1768/1768/1768
f 1771/1771/1771 1769/1769/1769 1770/1770/1770
f 1772/1772/1772 1770/1770/1770 1029/1029/1029
f 1771/1771/1771 1770/1770/1770 1772/1772/1772
f 1772/1772/1772 1029/1029/1029 1773/1773/1773
f 1768/1768/1768 1774/1774/1774 1767/1767/1767
f 1771/1771/1771 1774/1774/1774 1768/1768/1768
f 1767/1767/1767 1775/1775/1775 1766/1766/1766
f 1774/1774/1774 1775/1775/1775 1767/1767/1767
f 1766/1766/1766 1776/1776/1776 1765/1765/1765
f 1775/1775/1775 1776/1776/1776 1766/1766/1766
f 1774/1774/1774 1771/1771/1771 1777/1777/1777
f 1777/1777/1777 1771/1771/1771 1772/1772/1772
f 1778/1778/1778 1772/1772/1772 1773/1773/1773
f 1778/1778/1778 1773/1773/1773 1779/1779/1779
f 1775/1775/1775 1774/1774/1774 1780/1780/1780
f 1780/1780/1780 1774/1774/1774 1777/1777/1777
f 1777/1777/1777 1772/1772/1772 1781/1781/1781
f 1772/1772/1772 1778/1778/1778 1781/1781/1781
f 1782/1782/1782 1778/1778/1778 1779/1779/1779
f 1782/1782/1782 1779/1779/1779 1783/1783/1783
f 1776/1776/1776 1784/1784/1784 1765/1765/1765
f 1765/1765/1765 1784/1784/1784 1764/1764/1764
f 1776/1776/1776 1775/1775/1775 1785/1785/1785
f 1785/1785/1785 1775/1775/1775 1780/1780/1780
f 1780/1780/1780 1777/1777/1777 1786/1786/1786
f 1777/1777/1777 1781/1781/1781 1786/1786/1786
f 1787/1787/1787 1781/1781/1781 1778/1778/1778
f 1782/1782/1782 1787/1787/1787 1778/1778/1778
f 1788/1788/1788 1782/1782/1782 1783/1783/1783
f 1788/1788/1788 1783/1783/1783 1789/1789/1789
f 1784/1784/1784 1790/1790/1790 1764/1764/1764
f 1764/1764/1764 1790/1790/1790 1762/1762/1762
f 1785/1785/1785 1780/1780/1780 1791/1791/1791
f 1780/1780/1780 1786/1786/1786 1791/1791/1791
f 1792/1792/1792 1786/1786/1786 1781/1781/1781
f 1787/1787/1787 1792/1792/1792 1781/1781/1781
f 1782/1782/1782 1793/1793/1793 1787/1787/1787
f 1782/1782/1782 1788/1788/1788 1793/1793/1793
f 1794/1794/1794 1788/1788/1788 1789/1789/1789
f 1794/1794/1794 1789/1789/1789 1795/1795/1795
f 1790/1790/1790 1796/1796/1796 1762/1762/1762
f 1762/1762/1762 1796/1796/1796 1759/1759/1759
f 1797/1797/1797 1791/1791/1791 1786/1786/1786
f 1792/1792/1792 1797/1797/1797 1786/1786/1786
f 1787/1787/1787 1798/1798/1798 1792/1792/1792
f 1787/1787/1787 1793/1793/1793 1798/1798/1798
f 1799/1799/1799 1793/1793/1793 1788/1788/1788
f 1799/1799/1799 1788/1788/1788 1794/1794/1794
f 1800/1800/1800 1794/1794/1794 1795/1795/1795
f 1800/1800/1800 1795/1795/1795 1801/1801/1801
f 1792/1792/1792 1802/1802/1802 1797/1797/1797
f 1792/1792/1792 1798/1798/1798 1802/1802/1802
f 1797/1797/1797 1803/1803/1803 1791/1791/1791
f 1797/1797/1797 1802/1802/1802 1803/1803/1803
f 1804/1804/1804 1798/1798/1798 1793/1793/1793
f 1804/1804/1804 1793/1793/1793 1799/1799/1799
f 1799/1799/1799 1794/1794/1794 1805/1805/1805
f 1794/1794/1794 1800/1800/1800 1805/1805/1805
f 1806/1806/1806 1800/1800/1800 1801/1801/1801
f 1806/1806/1806 1801/1801/1801 1807/1807/1807
f 1803/1803/1803 1808/1808/1808 1791/1791/1791
f 1785/1785/1785 1791/1791/1791 1808/1808/1808
f 1809/1809/1809 1785/1785/1785 1808/1808/1808
f 1809/1809/1809 1776/1776/1776 1785/1785/1785
f 1784/1784/1784 1776/1776/1776 1809/1809/1809
f 1809/1809/1809 1808/1808/1808 1810/1810/1810
f 1810/1810/1810 1808/1808/1808 1803/1803/1803
f 1811/1811/1811 1784/1784/1784 1809/1809/1809
f 1811/1811/1811 1809/1809/1809 1810/1810/1810
f 1790/1790/1790 1784/1784/1784 1811/1811/1811
f 1812/1812/1812 1790/1790/1790 1811/1811/1811
f 1796/1796/1796 1790/1790/1790 1812/1812/1812
f 1806/1806/1806 1813/1813/1813 1800/1800/1800
f 1813/1813/1813 1805/1805/1805 1800/1800/1800
f 1811/1811/1811 1810/1810/1810 1814/1814/1814
f 1812/1812/1812 1811/1811/1811 1814/1814/1814
f 1815/1815/1815 1810/1810/1810 1803/1803/1803
f 1816/1816/1816 1814/1814/1814 1810/1810/1810
f 1815/1815/1815 1816/1816/1816 1810/1810/1810
f 1815/1815/1815 1803/1803/1803 1817/1817/1817
f 1802/1802/1802 1817/1817/1817 1803/1803/1803
f 1818/1818/1818 1815/1815/1815 1817/1817/1817
f 1815/1815/1815 1818/1818/1818 1816/1816/1816
f 1819/1819/1819 1817/1817/1817 1802/1802/1802
f 1818/1818/1818 1817/1817/1817 1819/1819/1819
f 1819/1819/1819 1802/1802/1802 1820/1820/1820
f 1820/1820/1820 1802/1802/1802 1798/1798/1798
f 1820/1820/1820 1798/1798/1798 1804/1804/1804
f 1812/1812/1812 1814/1814/1814 1821/1821/1821
f 1816/1816/1816 1822/1822/1822 1814/1814/1814
f 1822/1822/1822 1821/1821/1821 1814/1814/1814
f 1818/1818/1818 1823/1823/1823 1816/1816/1816
f 1816/1816/1816 1823/1823/1823 1822/1822/1822
f 1824/1824/1824 1818/1818/1818 1819/1819/1819
f 1823/1823/1823 1818/1818/1818 1824/1824/1824
f 1825/1825/1825 1812/1812/1812 1821/1821/1821
f 1825/1825/1825 1796/1796/1796 1812/1812/1812
f 1796/1796/1796 1825/1825/1825 1826/1826/1826
f 1796/1796/1796 1826/1826/1826 1759/1759/1759
f 1732/1732/1732 1759/1759/1759 1826/1826/1826
f 1825/1825/1825 1827/1827/1827 1826/1826/1826
f 1732/1732/1732 1826/1826/1826 1827/1827/1827
f 1825/1825/1825 1821/1821/1821 1827/1827/1827
f 1732/1732/1732 1827/1827/1827 1734/1734/1734
f 1821/1821/1821 1828/1828/1828 1827/1827/1827
f 1827/1827/1827 1828/1828/1828 1734/1734/1734
f 1829/1829/1829 1828/1828/1828 1821/1821/1821
f 1829/1829/1829 1734/1734/1734 1828/1828/1828
f 1822/1822/1822 1829/1829/1829 1821/1821/1821
f 1823/1823/1823 1830/1830/1830 1822/1822/1822
f 1822/1822/1822 1830/1830/1830 1829/1829/1829
f 1829/1829/1829 1831/1831/1831 1734/1734/1734
f 1831/1831/1831 1735/1735/1735 1734/1734/1734
f 1831/1831/1831 1832/1832/1832 1735/1735/1735
f 1832/1832/1832 1833/1833/1833 1735/1735/1735
f 1834/1834/1834 1833/1833/1833 1832/1832/1832
f 1829/1829/1829 1835/1835/1835 1831/1831/1831
f 1830/1830/1830 1835/1835/1835 1829/1829/1829
f 1830/1830/1830 1823/1823/1823 1836/1836/1836
f 1836/1836/1836 1823/1823/1823 1824/1824/1824
f 1831/1831/1831 1835/1835/1835 1837/1837/1837
f 1831/1831/1831 1837/1837/1837 1832/1832/1832
f 1835/1835/1835 1830/1830/1830 1838/1838/1838
f 1837/1837/1837 1835/1835/1835 1838/1838/1838
f 1838/1838/1838 1830/1830/1830 1836/1836/1836
f 1837/1837/1837 1838/1838/1838 1839/1839/1839
f 1837/1837/1837 1839/1839/1839 1832/1832/1832
f 1838/1838/1838 1836/1836/1836 1840/1840/1840
f 1838/1838/1838 1840/1840/1840 1839/1839/1839
f 1836/1836/1836 1824/1824/1824 1841/1841/1841
f 1836/1836/1836 1841/1841/1841 1840/1840/1840
f 1842/1842/1842 1832/1832/1832 1839/1839/1839
f 1842/1842/1842 1839/1839/1839 1840/1840/1840
f 1843/1843/1843 1834/1834/1834 1832/1832/1832
f 1842/1842/1842 1843/1843/1843 1832/1832/1832
f 1843/1843/1843 1844/1844/1844 1834/1834/1834
f 1844/1844/1844 1845/1845/1845 1834/1834/1834
f 1846/1846/1846 1845/1845/1845 1844/1844/1844
f 1824/1824/1824 1847/1847/1847 1841/1841/1841
f 1824/1824/1824 1819/1819/1819 1847/1847/1847
f 1848/1848/1848 1840/1840/1840 1841/1841/1841
f 1848/1848/1848 1842/1842/1842 1840/1840/1840
f 1849/1849/1849 1848/1848/1848 1841/1841/1841
f 1849/1849/1849 1841/1841/1841 1847/1847/1847
f 1819/1819/1819 1850/1850/1850 1847/1847/1847
f 1819/1819/1819 1820/1820/1820 1850/1850/1850
f 1848/1848/1848 1851/1851/1851 1842/1842/1842
f 1849/1849/1849 1851/1851/1851 1848/1848/1848
f 1842/1842/1842 1852/1852/1852 1843/1843/1843
f 1851/1851/1851 1852/1852/1852 1842/1842/1842
f 1843/1843/1843 1852/1852/1852 1853/1853/1853
f 1853/1853/1853 1852/1852/1852 1851/1851/1851
f 1843/1843/1843 1853/1853/1853 1844/1844/1844
f 1854/1854/1854 1849/1849/1849 1847/1847/1847
f 1854/1854/1854 1847/1847/1847 1850/1850/1850
f 1820/1820/1820 1855/1855/1855 1850/1850/1850
f 1820/1820/1820 1804/1804/1804 1855/1855/1855
f 1849/1849/1849 1856/1856/1856 1851/1851/1851
f 1854/1854/1854 1856/1856/1856 1849/1849/1849
f 1853/1853/1853 1851/1851/1851 1857/1857/1857
f 1857/1857/1857 1851/1851/1851 1856/1856/1856
f 1858/1858/1858 1854/1854/1854 1850/1850/1850
f 1858/1858/1858 1850/1850/1850 1855/1855/1855
f 1804/1804/1804 1859/1859/1859 1855/1855/1855
f 1804/1804/1804 1799/1799/1799 1859/1859/1859
f 1799/1799/1799 1805/1805/1805 1859/1859/1859
f 1854/1854/1854 1860/1860/1860 1856/1856/1856
f 1858/1858/1858 1860/1860/1860 1854/1854/1854
f 1861/1861/1861 1855/1855/1855 1859/1859/1859
f 1861/1861/1861 1858/1858/1858 1855/1855/1855
f 1862/1862/1862 1859/1859/1859 1805/1805/1805
f 1862/1862/1862 1861/1861/1861 1859/1859/1859
f 1813/1813/1813 1862/1862/1862 1805/1805/1805
f 1861/1861/1861 1863/1863/1863 1858/1858/1858
f 1858/1858/1858 1863/1863/1863 1860/1860/1860
f 1864/1864/1864 1856/1856/1856 1860/1860/1860
f 1857/1857/1857 1856/1856/1856 1864/1864/1864
f 1862/1862/1862 1865/1865/1865 1861/1861/1861
f 1861/1861/1861 1865/1865/1865 1863/1863/1863
f 1813/1813/1813 1866/1866/1866 1862/1862/1862
f 1862/1862/1862 1866/1866/1866 1865/1865/1865
f 1867/1867/1867 1860/1860/1860 1863/1863/1863
f 1864/1864/1864 1860/1860/1860 1867/1867/1867
f 1868/1868/1868 1863/1863/1863 1865/1865/1865
f 1867/1867/1867 1863/1863/1863 1868/1868/1868
f 1813/1813/1813 1869/1869/1869 1866/1866/1866
f 1806/1806/1806 1869/1869/1869 1813/1813/1813
f 1870/1870/1870 1865/1865/1865 1866/1866/1866
f 1868/1868/1868 1865/1865/1865 1870/1870/1870
f 1806/1806/1806 1871/1871/1871 1869/1869/1869
f 1871/1871/1871 1806/1806/1806 1807/1807/1807
f 1871/1871/1871 1807/1807/1807 1872/1872/1872
f 1873/1873/1873 1866/1866/1866 1869/1869/1869
f 1870/1870/1870 1866/1866/1866 1873/1873/1873
f 1874/1874/1874 1871/1871/1871 1872/1872/1872
f 1874/1874/1874 1872/1872/1872 1875/1875/1875
f 1876/1876/1876 1869/1869/1869 1871/1871/1871
f 1873/1873/1873 1869/1869/1869 1876/1876/1876
f 1876/1876/1876 1871/1871/1871 1874/1874/1874
f 1875/1875/1875 1877/1877/1877 1874/1874/1874
f 1875/1875/1875 1878/1878/1878 1877/1877/1877
f 1876/1876/1876 1874/1874/1874 1879/1879/1879
f 1874/1874/1874 1877/1877/1877 1879/1879/1879
f 1873/1873/1873 1876/1876/1876 1880/1880/1880
f 1876/1876/1876 1879/1879/1879 1880/1880/1880
f 1870/1870/1870 1873/1873/1873 1881/1881/1881
f 1873/1873/1873 1880/1880/1880 1881/1881/1881
f 1882/1882/1882 1877/1877/1877 1878/1878/1878
f 1882/1882/1882 1878/1878/1878 1883/1883/1883
f 1884/1884/1884 1879/1879/1879 1877/1877/1877
f 1884/1884/1884 1877/1877/1877 1882/1882/1882
f 1885/1885/1885 1880/1880/1880 1879/1879/1879
f 1885/1885/1885 1879/1879/1879 1884/1884/1884
f 1886/1886/1886 1882/1882/1882 1883/1883/1883
f 1886/1886/1886 1883/1883/1883 1887/1887/1887
f 1887/1887/1887 1888/1888/1888 1886/1886/1886
f 1887/1887/1887 1889/1889/1889 1888/1888/1888
f 1889/1889/1889 1890/1890/1890 1888/1888/1888
f 1884/1884/1884 1882/1882/1882 1891/1891/1891
f 1882/1882/1882 1886/1886/1886 1891/1891/1891
f 1892/1892/1892 1881/1881/1881 1880/1880/1880
f 1892/1892/1892 1880/1880/1880 1885/1885/1885
f 1885/1885/1885 1884/1884/1884 1893/1893/1893
f 1884/1884/1884 1891/1891/1891 1893/1893/1893
f 1890/1890/1890 1894/1894/1894 1888/1888/1888
f 1890/1890/1890 1895/1895/1895 1894/1894/1894
f 1895/1895/1895 1896/1896/1896 1894/1894/1894
f 1895/1895/1895 1897/1897/1897 1896/1896/1896
f 1898/1898/1898 1894/1894/1894 1896/1896/1896
f 1898/1898/1898 1888/1888/1888 1894/1894/1894
f 1888/1888/1888 1898/1898/1898 1899/1899/1899
f 1897/1897/1897 1900/1900/1900 1896/1896/1896
f 1898/1898/1898 1896/1896/1896 1900/1900/1900
f 1897/1897/1897 1901/1901/1901 1900/1900/1900
f 1901/1901/1901 1902/1902/1902 1900/1900/1900
f 1902/1902/1902 1898/1898/1898 1900/1900/1900
f 1902/1902/1902 1901/1901/1901 1903/1903/1903
f 1902/1902/1902 1904/1904/1904 1898/1898/1898
f 1904/1904/1904 1902/1902/1902 1903/1903/1903
f 1899/1899/1899 1898/1898/1898 1904/1904/1904
f 1905/1905/1905 1904/1904/1904 1903/1903/1903
f 1905/1905/1905 1906/1906/1906 1904/1904/1904
f 1906/1906/1906 1905/1905/1905 1907/1907/1907
f 1908/1908/1908 1888/1888/1888 1899/1899/1899
f 1908/1908/1908 1886/1886/1886 1888/1888/1888
f 1908/1908/1908 1891/1891/1891 1886/1886/1886
f 1891/1891/1891 1908/1908/1908 1899/1899/1899
f 1909/1909/1909 1904/1904/1904 1906/1906/1906
f 1899/1899/1899 1904/1904/1904 1909/1909/1909
f 1906/1906/1906 1907/1907/1907 1910/1910/1910
f 1910/1910/1910 1907/1907/1907 1911/1911/1911
f 1909/1909/1909 1906/1906/1906 1912/1912/1912
f 1899/1899/1899 1909/1909/1909 1912/1912/1912
f 1910/1910/1910 1912/1912/1912 1906/1906/1906
f 1891/1891/1891 1899/1899/1899 1913/1913/1913
f 1913/1913/1913 1899/1899/1899 1912/1912/1912
f 1891/1891/1891 1913/1913/1913 1893/1893/1893
f 1913/1913/1913 1912/1912/1912 1893/1893/1893
f 1910/1910/1910 1911/1911/1911 1914/1914/1914
f 1914/1914/1914 1911/1911/1911 1915/1915/1915
f 1916/1916/1916 1912/1912/1912 1910/1910/1910
f 1916/1916/1916 1893/1893/1893 1912/1912/1912
f 1916/1916/1916 1910/1910/1910 1914/1914/1914
f 1914/1914/1914 1915/1915/1915 1917/1917/1917
f 1917/1917/1917 1915/1915/1915 1918/1918/1918
f 1916/1916/1916 1919/1919/1919 1893/1893/1893
f 1885/1885/1885 1893/1893/1893 1919/1919/1919
f 1892/1892/1892 1885/1885/1885 1919/1919/1919
f 1916/1916/1916 1914/1914/1914 1920/1920/1920
f 1919/1919/1919 1916/1916/1916 1920/1920/1920
f 1920/1920/1920 1914/1914/1914 1917/1917/1917
f 1917/1917/1917 1918/1918/1918 1921/1921/1921
f 1922/1922/1922 1921/1921/1921 1918/1918/1918
f 1892/1892/1892 1919/1919/1919 1923/1923/1923
f 1919/1919/1919 1920/1920/1920 1923/1923/1923
f 1924/1924/1924 1920/1920/1920 1917/1917/1917
f 1924/1924/1924 1917/1917/1917 1921/1921/1921
f 1924/1924/1924 1923/1923/1923 1920/1920/1920
f 1922/1922/1922 1925/1925/1925 1921/1921/1921
f 1926/1926/1926 1925/1925/1925 1922/1922/1922
f 1927/1927/1927 1892/1892/1892 1923/1923/1923
f 1927/1927/1927 1881/1881/1881 1892/1892/1892
f 1928/1928/1928 1924/1924/1924 1921/1921/1921
f 1928/1928/1928 1921/1921/1921 1925/1925/1925
f 1924/1924/1924 1929/1929/1929 1923/1923/1923
f 1927/1927/1927 1923/1923/1923 1929/1929/1929
f 1928/1928/1928 1929/1929/1929 1924/1924/1924
f 1926/1926/1926 1930/1930/1930 1925/1925/1925
f 1931/1931/1931 1930/1930/1930 1926/1926/1926
f 1927/1927/1927 1932/1932/1932 1881/1881/1881
f 1870/1870/1870 1881/1881/1881 1932/1932/1932
f 1868/1868/1868 1870/1870/1870 1932/1932/1932
f 1927/1927/1927 1929/1929/1929 1933/1933/1933
f 1927/1927/1927 1933/1933/1933 1932/1932/1932
f 1868/1868/1868 1932/1932/1932 1934/1934/1934
f 1933/1933/1933 1934/1934/1934 1932/1932/1932
f 1867/1867/1867 1868/1868/1868 1934/1934/1934
f 1935/1935/1935 1928/1928/1928 1925/1925/1925
f 1935/1935/1935 1925/1925/1925 1930/1930/1930
f 1928/1928/1928 1936/1936/1936 1929/1929/1929
f 1933/1933/1933 1929/1929/1929 1936/1936/1936
f 1935/1935/1935 1936/1936/1936 1928/1928/1928
f 1931/1931/1931 1937/1937/1937 1930/1930/1930
f 1937/1937/1937 1931/1931/1931 1938/1938/1938
f 1939/1939/1939 1937/1937/1937 1938/1938/1938
f 1933/1933/1933 1940/1940/1940 1934/1934/1934
f 1933/1933/1933 1936/1936/1936 1940/1940/1940
f 1867/1867/1867 1934/1934/1934 1941/1941/1941
f 1940/1940/1940 1941/1941/1941 1934/1934/1934
f 1864/1864/1864 1867/1867/1867 1941/1941/1941
f 1935/1935/1935 1942/1942/1942 1936/1936/1936
f 1940/1940/1940 1936/1936/1936 1942/1942/1942
f 1943/1943/1943 1935/1935/1935 1930/1930/1930
f 1943/1943/1943 1930/1930/1930 1937/1937/1937
f 1943/1943/1943 1942/1942/1942 1935/1935/1935
f 1944/1944/1944 1937/1937/1937 1939/1939/1939
f 1944/1944/1944 1943/1943/1943 1937/1937/1937
f 1846/1846/1846 1944/1944/1944 1939/1939/1939
f 1944/1944/1944 1846/1846/1846 1844/1844/1844
f 1940/1940/1940 1945/1945/1945 1941/1941/1941
f 1940/1940/1940 1942/1942/1942 1945/1945/1945
f 1864/1864/1864 1941/1941/1941 1946/1946/1946
f 1945/1945/1945 1946/1946/1946 1941/1941/1941
f 1857/1857/1857 1864/1864/1864 1946/1946/1946
f 1943/1943/1943 1947/1947/1947 1942/1942/1942
f 1944/1944/1944 1947/1947/1947 1943/1943/1943
f 1945/1945/1945 1942/1942/1942 1947/1947/1947
f 1948/1948/1948 1947/1947/1947 1944/1944/1944
f 1945/1945/1945 1947/1947/1947 1948/1948/1948
f 1948/1948/1948 1944/1944/1944 1844/1844/1844
f 1945/1945/1945 1948/1948/1948 1946/1946/1946
f 1857/1857/1857 1946/1946/1946 1949/1949/1949
f 1948/1948/1948 1949/1949/1949 1946/1946/1946
f 1948/1948/1948 1844/1844/1844 1949/1949/1949
f 1853/1853/1853 1857/1857/1857 1949/1949/1949
f 1853/1853/1853 1949/1949/1949 1844/1844/1844
g body_header_back_LD_1
f 1952/1952/1952 1951/1951/1951 1950/1950/1950
f 1951/1951/1951 1952/1952/1952 1953/1953/1953
f 1954/1954/1954 1951/1951/1951 1953/1953/1953
f 1953/1953/1953 1955/1955/1955 1954/1954/1954
f 1955/1955/1955 1956/1956/1956 1954/1954/1954
f 1956/1956/1956 1955/1955/1955 1957/1957/1957
f 1958/1958/1958 1956/1956/1956 1957/1957/1957
f 1958/1958/1958 1957/1957/1957 1959/1959/1959
f 1960/1960/1960 1959/1959/1959 1957/1957/1957
f 1959/1959/1959 1961/1961/1961 1958/1958/1958
f 1962/1962/1962 1959/1959/1959 1960/1960/1960
f 1959/1959/1959 1963/1963/1963 1961/1961/1961
f 1959/1959/1959 1962/1962/1962 1963/1963/1963
f 1962/1962/1962 1964/1964/1964 1963/1963/1963
f 1964/1964/1964 1965/1965/1965 1963/1963/1963
f 1963/1963/1963 1966/1966/1966 1961/1961/1961
f 1963/1963/1963 1965/1965/1965 1966/1966/1966
f 1965/1965/1965 1967/1967/1967 1966/1966/1966
f 1967/1967/1967 1968/1968/1968 1966/1966/1966
f 1968/1968/1968 1969/1969/1969 1966/1966/1966
f 1968/1968/1968 1970/1970/1970 1969/1969/1969
f 1971/1971/1971 1969/1969/1969 1970/1970/1970
f 1971/1971/1971 1972/1972/1972 1969/1969/1969
f 1972/1972/1972 1973/1973/1973 1969/1969/1969
f 1976/1976/1976 1975/1975/1975 1974/1974/1974
f 1975/1975/1975 1977/1977/1977 1974/1974/1974
f 1974/1974/1974 1977/1977/1977 1978/1978/1978
f 1979/1979/1979 1974/1974/1974 1978/1978/1978
f 1980/1980/1980 1979/1979/1979 1978/1978/1978
f 1980/1980/1980 1978/1978/1978 1981/1981/1981
f 1981/1981/1981 1982/1982/1982 1980/1980/1980
f 1983/1983/1983 1980/1980/1980 1982/1982/1982
f 1982/1982/1982 1981/1981/1981 1984/1984/1984
f 1985/1985/1985 1983/1983/1983 1982/1982/1982
f 1986/1986/1986 1982/1982/1982 1984/1984/1984
f 1985/1985/1985 1982/1982/1982 1986/1986/1986
f 1987/1987/1987 1985/1985/1985 1986/1986/1986
f 1987/1987/1987 1986/1986/1986 1988/1988/1988
f 1986/1986/1986 1984/1984/1984 1989/1989/1989
f 1988/1988/1988 1986/1986/1986 1990/1990/1990
f 1986/1986/1986 1989/1989/1989 1990/1990/1990
f 1989/1989/1989 1991/1991/1991 1990/1990/1990
f 1990/1990/1990 1991/1991/1991 1992/1992/1992
f 1993/1993/1993 1992/1992/1992 1991/1991/1991
f 1993/1993/1993 1991/1991/1991 1994/1994/1994
f 1994/1994/1994 1991/1991/1991 1995/1995/1995
f 1998/1998/1998 1997/1997/1997 1996/1996/1996
f 1998/1998/1998 1996/1996/1996 1999/1999/1999
f 1998/1998/1998 1999/1999/1999 2000/2000/2000
f 1999/1999/1999 1996/1996/1996 2001/2001/2001
f 1999/1999/1999 2002/2002/2002 2000/2000/2000
f 2002/2002/2002 2003/2003/2003 2000/2000/2000
f 2002/2002/2002 2004/2004/2004 2003/2003/2003
f 2004/2004/2004 2005/2005/2005 2003/2003/2003
f 2004/2004/2004 2006/2006/2006 2005/2005/2005
f 2006/2006/2006 2007/2007/2007 2005/2005/2005
f 2006/2006/2006 2008/2008/2008 2007/2007/2007
f 2006/2006/2006 2009/2009/2009 2008/2008/2008
f 2009/2009/2009 2010/2010/2010 2008/2008/2008
f 2006/2006/2006 2004/2004/2004 2011/2011/2011
f 2009/2009/2009 2006/2006/2006 2011/2011/2011
f 2004/2004/2004 2002/2002/2002 2012/2012/2012
f 2004/2004/2004 2012/2012/2012 2011/2011/2011
f 2002/2002/2002 1999/1999/1999 2013/2013/2013
f 2002/2002/2002 2013/2013/2013 2012/2012/2012
f 2014/2014/2014 1999/1999/1999 2001/2001/2001
f 1999/1999/1999 2014/2014/2014 2013/2013/2013
f 2014/2014/2014 2001/2001/2001 2015/2015/2015
f 2001/2001/2001 2016/2016/2016 2015/2015/2015
f 2015/2015/2015 2016/2016/2016 2017/2017/2017
f 2013/2013/2013 2014/2014/2014 2018/2018/2018
f 2014/2014/2014 2015/2015/2015 2018/2018/2018
f 2012/2012/2012 2013/2013/2013 2019/2019/2019
f 2013/2013/2013 2018/2018/2018 2019/2019/2019
f 2011/2011/2011 2012/2012/2012 2020/2020/2020
f 2012/2012/2012 2019/2019/2019 2020/2020/2020
f 2009/2009/2009 2011/2011/2011 2021/2021/2021
f 2021/2021/2021 2011/2011/2011 2020/2020/2020
f 2022/2022/2022 2009/2009/2009 2021/2021/2021
f 2022/2022/2022 2010/2010/2010 2009/2009/2009
f 2023/2023/2023 2015/2015/2015 2017/2017/2017
f 2018/2018/2018 2015/2015/2015 2024/2024/2024
f 2015/2015/2015 2023/2023/2023 2024/2024/2024
f 2019/2019/2019 2018/2018/2018 2025/2025/2025
f 2018/2018/2018 2024/2024/2024 2025/2025/2025
f 2020/2020/2020 2019/2019/2019 2026/2026/2026
f 2019/2019/2019 2025/2025/2025 2026/2026/2026
f 2021/2021/2021 2020/2020/2020 2027/2027/2027
f 2027/2027/2027 2020/2020/2020 2026/2026/2026
f 2022/2022/2022 2021/2021/2021 2028/2028/2028
f 2028/2028/2028 2021/2021/2021 2027/2027/2027
f 2029/2029/2029 2010/2010/2010 2022/2022/2022
f 2029/2029/2029 2022/2022/2022 2028/2028/2028
f 2030/2030/2030 2023/2023/2023 2017/2017/2017
f 2031/2031/2031 2030/2030/2030 2017/2017/2017
f 2031/2031/2031 2032/2032/2032 2030/2030/2030
f 2029/2029/2029 2033/2033/2033 2010/2010/2010
f 2034/2034/2034 2010/2010/2010 2033/2033/2033
f 2033/2033/2033 2029/2029/2029 2035/2035/2035
f 2029/2029/2029 2036/2036/2036 2035/2035/2035
f 2029/2029/2029 2028/2028/2028 2036/2036/2036
f 2035/2035/2035 2036/2036/2036 2037/2037/2037
f 2036/2036/2036 2028/2028/2028 2038/2038/2038
f 2036/2036/2036 2038/2038/2038 2037/2037/2037
f 2028/2028/2028 2027/2027/2027 2038/2038/2038
f 2039/2039/2039 2037/2037/2037 2038/2038/2038
f 2039/2039/2039 2040/2040/2040 2037/2037/2037
f 2038/2038/2038 2027/2027/2027 2041/2041/2041
f 2038/2038/2038 2041/2041/2041 2039/2039/2039
f 2027/2027/2027 2026/2026/2026 2041/2041/2041
f 2040/2040/2040 2039/2039/2039 2042/2042/2042
f 2043/2043/2043 2040/2040/2040 2042/2042/2042
f 2039/2039/2039 2041/2041/2041 2044/2044/2044
f 2042/2042/2042 2039/2039/2039 2044/2044/2044
f 2045/2045/2045 2041/2041/2041 2026/2026/2026
f 2045/2045/2045 2044/2044/2044 2041/2041/2041
f 2045/2045/2045 2026/2026/2026 2025/2025/2025
f 2043/2043/2043 2042/2042/2042 2046/2046/2046
f 2047/2047/2047 2043/2043/2043 2046/2046/2046
f 2047/2047/2047 2046/2046/2046 2048/2048/2048
f 2042/2042/2042 2044/2044/2044 2049/2049/2049
f 2046/2046/2046 2042/2042/2042 2049/2049/2049
f 2050/2050/2050 2045/2045/2045 2025/2025/2025
f 2050/2050/2050 2025/2025/2025 2024/2024/2024
f 2051/2051/2051 2044/2044/2044 2045/2045/2045
f 2051/2051/2051 2049/2049/2049 2044/2044/2044
f 2051/2051/2051 2045/2045/2045 2050/2050/2050
f 2046/2046/2046 2049/2049/2049 2052/2052/2052
f 2052/2052/2052 2049/2049/2049 2051/2051/2051
f 2046/2046/2046 2053/2053/2053 2048/2048/2048
f 2053/2053/2053 2046/2046/2046 2052/2052/2052
f 2054/2054/2054 2050/2050/2050 2024/2024/2024
f 2054/2054/2054 2024/2024/2024 2023/2023/2023
f 2030/2030/2030 2054/2054/2054 2023/2023/2023
f 2055/2055/2055 2051/2051/2051 2050/2050/2050
f 2055/2055/2055 2050/2050/2050 2054/2054/2054
f 2048/2048/2048 2053/2053/2053 2056/2056/2056
f 2057/2057/2057 2048/2048/2048 2056/2056/2056
f 2053/2053/2053 2052/2052/2052 2058/2058/2058
f 2056/2056/2056 2053/2053/2053 2058/2058/2058
f 2059/2059/2059 2052/2052/2052 2051/2051/2051
f 2055/2055/2055 2059/2059/2059 2051/2051/2051
f 2058/2058/2058 2052/2052/2052 2059/2059/2059
f 2055/2055/2055 2060/2060/2060 2059/2059/2059
f 2061/2061/2061 2055/2055/2055 2054/2054/2054
f 2061/2061/2061 2054/2054/2054 2030/2030/2030
f 2060/2060/2060 2055/2055/2055 2061/2061/2061
f 2062/2062/2062 2061/2061/2061 2030/2030/2030
f 2060/2060/2060 2061/2061/2061 2062/2062/2062
f 2032/2032/2032 2062/2062/2062 2030/2030/2030
f 2032/2032/2032 2063/2063/2063 2062/2062/2062
f 2060/2060/2060 2062/2062/2062 2063/2063/2063
f 2060/2060/2060 2063/2063/2063 2064/2064/2064
f 2057/2057/2057 2056/2056/2056 2065/2065/2065
f 2066/2066/2066 2057/2057/2057 2065/2065/2065
f 2056/2056/2056 2058/2058/2058 2067/2067/2067
f 2065/2065/2065 2056/2056/2056 2067/2067/2067
f 2068/2068/2068 2058/2058/2058 2059/2059/2059
f 2068/2068/2068 2059/2059/2059 2060/2060/2060
f 2067/2067/2067 2058/2058/2058 2068/2068/2068
f 2069/2069/2069 2060/2060/2060 2064/2064/2064
f 2069/2069/2069 2068/2068/2068 2060/2060/2060
f 2069/2069/2069 2064/2064/2064 2070/2070/2070
f 2066/2066/2066 2065/2065/2065 2071/2071/2071
f 2072/2072/2072 2066/2066/2066 2071/2071/2071
f 2073/2073/2073 2068/2068/2068 2069/2069/2069
f 2073/2073/2073 2067/2067/2067 2068/2068/2068
f 2074/2074/2074 2069/2069/2069 2070/2070/2070
f 2074/2074/2074 2073/2073/2073 2069/2069/2069
f 2074/2074/2074 2070/2070/2070 2075/2075/2075
f 2065/2065/2065 2067/2067/2067 2076/2076/2076
f 2071/2071/2071 2065/2065/2065 2076/2076/2076
f 2072/2072/2072 2071/2071/2071 2077/2077/2077
f 2072/2072/2072 2077/2077/2077 2078/2078/2078
f 2073/2073/2073 2074/2074/2074 2079/2079/2079
f 2079/2079/2079 2074/2074/2074 2075/2075/2075
f 2067/2067/2067 2073/2073/2073 2080/2080/2080
f 2067/2067/2067 2080/2080/2080 2076/2076/2076
f 2080/2080/2080 2073/2073/2073 2079/2079/2079
f 2071/2071/2071 2076/2076/2076 2081/2081/2081
f 2071/2071/2071 2081/2081/2081 2077/2077/2077
f 2076/2076/2076 2080/2080/2080 2082/2082/2082
f 2080/2080/2080 2079/2079/2079 2082/2082/2082
f 2076/2076/2076 2082/2082/2082 2081/2081/2081
f 2079/2079/2079 2075/2075/2075 2083/2083/2083
f 2079/2079/2079 2083/2083/2083 2082/2082/2082
f 2075/2075/2075 2084/2084/2084 2083/2083/2083
f 2085/2085/2085 2078/2078/2078 2077/2077/2077
f 2085/2085/2085 2086/2086/2086 2078/2078/2078
f 2081/2081/2081 2082/2082/2082 2087/2087/2087
f 2082/2082/2082 2083/2083/2083 2087/2087/2087
f 2083/2083/2083 2084/2084/2084 2088/2088/2088
f 2083/2083/2083 2088/2088/2088 2087/2087/2087
f 2084/2084/2084 2089/2089/2089 2088/2088/2088
f 2077/2077/2077 2081/2081/2081 2090/2090/2090
f 2081/2081/2081 2087/2087/2087 2090/2090/2090
f 2077/2077/2077 2090/2090/2090 2085/2085/2085
f 2086/2086/2086 2085/2085/2085 2091/2091/2091
f 2086/2086/2086 2091/2091/2091 2092/2092/2092
f 2088/2088/2088 2089/2089/2089 2093/2093/2093
f 2089/2089/2089 2094/2094/2094 2093/2093/2093
f 2093/2093/2093 2094/2094/2094 2095/2095/2095
f 2087/2087/2087 2088/2088/2088 2096/2096/2096
f 2090/2090/2090 2087/2087/2087 2096/2096/2096
f 2088/2088/2088 2093/2093/2093 2096/2096/2096
f 2085/2085/2085 2090/2090/2090 2097/2097/2097
f 2085/2085/2085 2097/2097/2097 2091/2091/2091
f 2090/2090/2090 2096/2096/2096 2097/2097/2097
f 2092/2092/2092 2091/2091/2091 2098/2098/2098
f 2092/2092/2092 2098/2098/2098 2099/2099/2099
f 2100/2100/2100 2099/2099/2099 2098/2098/2098
f 2098/2098/2098 2091/2091/2091 2101/2101/2101
f 2100/2100/2100 2098/2098/2098 2101/2101/2101
f 2101/2101/2101 2091/2091/2091 2097/2097/2097
f 2100/2100/2100 2101/2101/2101 2102/2102/2102
f 2101/2101/2101 2097/2097/2097 2103/2103/2103
f 2103/2103/2103 2097/2097/2097 2096/2096/2096
f 2101/2101/2101 2103/2103/2103 2102/2102/2102
f 2104/2104/2104 2103/2103/2103 2096/2096/2096
f 2103/2103/2103 2104/2104/2104 2102/2102/2102
f 2104/2104/2104 2096/2096/2096 2093/2093/2093
f 2104/2104/2104 2105/2105/2105 2102/2102/2102
f 2106/2106/2106 2104/2104/2104 2093/2093/2093
f 2104/2104/2104 2106/2106/2106 2105/2105/2105
f 2106/2106/2106 2093/2093/2093 2095/2095/2095
f 2106/2106/2106 2107/2107/2107 2105/2105/2105
f 2106/2106/2106 2095/2095/2095 2107/2107/2107
f 2095/2095/2095 2108/2108/2108 2107/2107/2107
f 2111/2111/2111 2110/2110/2110 2109/2109/2109
f 2112/2112/2112 2111/2111/2111 2109/2109/2109
f 2113/2113/2113 2111/2111/2111 2112/2112/2112
f 2114/2114/2114 2112/2112/2112 2109/2109/2109
f 2115/2115/2115 2114/2114/2114 2109/2109/2109
f 2113/2113/2113 2112/2112/2112 2116/2116/2116
f 2112/2112/2112 2114/2114/2114 2116/2116/2116
f 2117/2117/2117 2113/2113/2113 2116/2116/2116
f 2118/2118/2118 2117/2117/2117 2116/2116/2116
f 2119/2119/2119 2117/2117/2117 2118/2118/2118
f 2114/2114/2114 2120/2120/2120 2116/2116/2116
f 2116/2116/2116 2120/2120/2120 2118/2118/2118
f 2121/2121/2121 2119/2119/2119 2118/2118/2118
f 2122/2122/2122 2119/2119/2119 2121/2121/2121
f 2114/2114/2114 2115/2115/2115 2123/2123/2123
f 2114/2114/2114 2123/2123/2123 2120/2120/2120
f 2121/2121/2121 2118/2118/2118 2124/2124/2124
f 2120/2120/2120 2124/2124/2124 2118/2118/2118
f 2125/2125/2125 2122/2122/2122 2121/2121/2121
f 2125/2125/2125 2126/2126/2126 2122/2122/2122
f 2127/2127/2127 2121/2121/2121 2124/2124/2124
f 2125/2125/2125 2121/2121/2121 2127/2127/2127
f 2128/2128/2128 2123/2123/2123 2115/2115/2115
f 2129/2129/2129 2120/2120/2120 2123/2123/2123
f 2129/2129/2129 2123/2123/2123 2128/2128/2128
f 2130/2130/2130 2124/2124/2124 2120/2120/2120
f 2130/2130/2130 2120/2120/2120 2129/2129/2129
f 2128/2128/2128 2115/2115/2115 2131/2131/2131
f 2115/2115/2115 2132/2132/2132 2131/2131/2131
f 2131/2131/2131 2132/2132/2132 2133/2133/2133
f 2129/2129/2129 2128/2128/2128 2134/2134/2134
f 2128/2128/2128 2131/2131/2131 2134/2134/2134
f 2135/2135/2135 2131/2131/2131 2133/2133/2133
f 2134/2134/2134 2131/2131/2131 2135/2135/2135
f 2136/2136/2136 2129/2129/2129 2134/2134/2134
f 2136/2136/2136 2130/2130/2130 2129/2129/2129
f 2137/2137/2137 2124/2124/2124 2130/2130/2130
f 2137/2137/2137 2127/2127/2127 2124/2124/2124
f 2135/2135/2135 2133/2133/2133 2138/2138/2138
f 2135/2135/2135 2138/2138/2138 2139/2139/2139
f 2133/2133/2133 2140/2140/2140 2138/2138/2138
f 2138/2138/2138 2140/2140/2140 2141/2141/2141
f 2142/2142/2142 2134/2134/2134 2135/2135/2135
f 2136/2136/2136 2134/2134/2134 2142/2142/2142
f 2142/2142/2142 2135/2135/2135 2139/2139/2139
f 2143/2143/2143 2138/2138/2138 2141/2141/2141
f 2138/2138/2138 2143/2143/2143 2139/2139/2139
f 2143/2143/2143 2141/2141/2141 2144/2144/2144
f 2145/2145/2145 2130/2130/2130 2136/2136/2136
f 2145/2145/2145 2137/2137/2137 2130/2130/2130
f 2146/2146/2146 2136/2136/2136 2142/2142/2142
f 2146/2146/2146 2142/2142/2142 2139/2139/2139
f 2145/2145/2145 2136/2136/2136 2146/2146/2146
f 2147/2147/2147 2143/2143/2143 2144/2144/2144
f 2144/2144/2144 2148/2148/2148 2147/2147/2147
f 2143/2143/2143 2149/2149/2149 2139/2139/2139
f 2143/2143/2143 2147/2147/2147 2149/2149/2149
f 2150/2150/2150 2146/2146/2146 2139/2139/2139
f 2149/2149/2149 2151/2151/2151 2139/2139/2139
f 2151/2151/2151 2150/2150/2150 2139/2139/2139
f 2147/2147/2147 2152/2152/2152 2149/2149/2149
f 2149/2149/2149 2152/2152/2152 2151/2151/2151
f 2153/2153/2153 2146/2146/2146 2150/2150/2150
f 2153/2153/2153 2145/2145/2145 2146/2146/2146
f 2148/2148/2148 2154/2154/2154 2147/2147/2147
f 2147/2147/2147 2154/2154/2154 2152/2152/2152
f 2155/2155/2155 2150/2150/2150 2151/2151/2151
f 2155/2155/2155 2153/2153/2153 2150/2150/2150
f 2153/2153/2153 2155/2155/2155 2156/2156/2156
f 2145/2145/2145 2153/2153/2153 2157/2157/2157
f 2157/2157/2157 2153/2153/2153 2156/2156/2156
f 2158/2158/2158 2155/2155/2155 2151/2151/2151
f 2156/2156/2156 2155/2155/2155 2158/2158/2158
f 2152/2152/2152 2159/2159/2159 2151/2151/2151
f 2158/2158/2158 2151/2151/2151 2159/2159/2159
f 2154/2154/2154 2160/2160/2160 2152/2152/2152
f 2160/2160/2160 2159/2159/2159 2152/2152/2152
f 2148/2148/2148 2161/2161/2161 2154/2154/2154
f 2154/2154/2154 2161/2161/2161 2160/2160/2160
f 2161/2161/2161 2148/2148/2148 2162/2162/2162
f 2163/2163/2163 2162/2162/2162 2148/2148/2148
f 2161/2161/2161 2164/2164/2164 2160/2160/2160
f 2164/2164/2164 2161/2161/2161 2162/2162/2162
f 2160/2160/2160 2165/2165/2165 2159/2159/2159
f 2160/2160/2160 2164/2164/2164 2165/2165/2165
f 2166/2166/2166 2158/2158/2158 2159/2159/2159
f 2165/2165/2165 2166/2166/2166 2159/2159/2159
f 2167/2167/2167 2156/2156/2156 2158/2158/2158
f 2167/2167/2167 2158/2158/2158 2166/2166/2166
f 2163/2163/2163 2168/2168/2168 2162/2162/2162
f 2163/2163/2163 2169/2169/2169 2168/2168/2168
f 2163/2163/2163 2170/2170/2170 2169/2169/2169
f 2168/2168/2168 2169/2169/2169 2171/2171/2171
f 2168/2168/2168 2172/2172/2172 2162/2162/2162
f 2168/2168/2168 2171/2171/2171 2172/2172/2172
f 2164/2164/2164 2162/2162/2162 2172/2172/2172
f 2171/2171/2171 2173/2173/2173 2172/2172/2172
f 2173/2173/2173 2174/2174/2174 2172/2172/2172
f 2164/2164/2164 2172/2172/2172 2174/2174/2174
f 2174/2174/2174 2173/2173/2173 2175/2175/2175
f 2164/2164/2164 2176/2176/2176 2165/2165/2165
f 2176/2176/2176 2164/2164/2164 2174/2174/2174
f 2174/2174/2174 2175/2175/2175 2177/2177/2177
f 2176/2176/2176 2174/2174/2174 2177/2177/2177
f 2175/2175/2175 2178/2178/2178 2177/2177/2177
f 2165/2165/2165 2176/2176/2176 2179/2179/2179
f 2165/2165/2165 2179/2179/2179 2166/2166/2166
f 2176/2176/2176 2177/2177/2177 2180/2180/2180
f 2176/2176/2176 2180/2180/2180 2179/2179/2179
f 2178/2178/2178 2181/2181/2181 2177/2177/2177
f 2180/2180/2180 2177/2177/2177 2181/2181/2181
f 2178/2178/2178 2182/2182/2182 2181/2181/2181
f 2183/2183/2183 2166/2166/2166 2179/2179/2179
f 2183/2183/2183 2167/2167/2167 2166/2166/2166
f 2183/2183/2183 2184/2184/2184 2167/2167/2167
f 2185/2185/2185 2183/2183/2183 2179/2179/2179
f 2185/2185/2185 2179/2179/2179 2180/2180/2180
f 2185/2185/2185 2184/2184/2184 2183/2183/2183
f 2185/2185/2185 2180/2180/2180 2186/2186/2186
f 2186/2186/2186 2180/2180/2180 2181/2181/2181
f 2185/2185/2185 2186/2186/2186 2184/2184/2184
f 2182/2182/2182 2187/2187/2187 2181/2181/2181
f 2186/2186/2186 2181/2181/2181 2187/2187/2187
f 2182/2182/2182 2188/2188/2188 2187/2187/2187
f 2189/2189/2189 2186/2186/2186 2187/2187/2187
f 2186/2186/2186 2189/2189/2189 2184/2184/2184
f 2188/2188/2188 2190/2190/2190 2187/2187/2187
f 2189/2189/2189 2187/2187/2187 2190/2190/2190
f 2188/2188/2188 2191/2191/2191 2190/2190/2190
f 2184/2184/2184 2192/2192/2192 2167/2167/2167
f 2167/2167/2167 2192/2192/2192 2156/2156/2156
f 2191/2191/2191 2193/2193/2193 2190/2190/2190
f 2191/2191/2191 2194/2194/2194 2193/2193/2193
f 2194/2194/2194 2195/2195/2195 2193/2193/2193
f 2194/2194/2194 2196/2196/2196 2195/2195/2195
f 2190/2190/2190 2193/2193/2193 2197/2197/2197
f 2197/2197/2197 2193/2193/2193 2195/2195/2195
f 2198/2198/2198 2189/2189/2189 2190/2190/2190
f 2198/2198/2198 2190/2190/2190 2197/2197/2197
f 2184/2184/2184 2189/2189/2189 2199/2199/2199
f 2189/2189/2189 2198/2198/2198 2199/2199/2199
f 2192/2192/2192 2184/2184/2184 2200/2200/2200
f 2184/2184/2184 2199/2199/2199 2200/2200/2200
f 2200/2200/2200 2199/2199/2199 2201/2201/2201
f 2199/2199/2199 2198/2198/2198 2202/2202/2202
f 2198/2198/2198 2197/2197/2197 2202/2202/2202
f 2199/2199/2199 2202/2202/2202 2201/2201/2201
f 2196/2196/2196 2203/2203/2203 2195/2195/2195
f 2196/2196/2196 2204/2204/2204 2203/2203/2203
f 2192/2192/2192 2200/2200/2200 2205/2205/2205
f 2192/2192/2192 2205/2205/2205 2156/2156/2156
f 2206/2206/2206 2197/2197/2197 2195/2195/2195
f 2206/2206/2206 2195/2195/2195 2203/2203/2203
f 2202/2202/2202 2197/2197/2197 2207/2207/2207
f 2197/2197/2197 2206/2206/2206 2207/2207/2207
f 2204/2204/2204 2208/2208/2208 2203/2203/2203
f 2209/2209/2209 2208/2208/2208 2204/2204/2204
f 2210/2210/2210 2206/2206/2206 2203/2203/2203
f 2206/2206/2206 2210/2210/2210 2207/2207/2207
f 2210/2210/2210 2203/2203/2203 2208/2208/2208
f 2202/2202/2202 2207/2207/2207 2211/2211/2211
f 2201/2201/2201 2202/2202/2202 2211/2211/2211
f 2210/2210/2210 2212/2212/2212 2207/2207/2207
f 2212/2212/2212 2211/2211/2211 2207/2207/2207
f 2213/2213/2213 2210/2210/2210 2208/2208/2208
f 2210/2210/2210 2213/2213/2213 2212/2212/2212
f 2209/2209/2209 2214/2214/2214 2208/2208/2208
f 2214/2214/2214 2213/2213/2213 2208/2208/2208
f 2209/2209/2209 2215/2215/2215 2214/2214/2214
f 2209/2209/2209 2216/2216/2216 2215/2215/2215
f 2215/2215/2215 2216/2216/2216 2217/2217/2217
f 2216/2216/2216 2218/2218/2218 2217/2217/2217
f 2215/2215/2215 2217/2217/2217 2219/2219/2219
f 2215/2215/2215 2219/2219/2219 2214/2214/2214
f 2217/2217/2217 2220/2220/2220 2219/2219/2219
f 2214/2214/2214 2221/2221/2221 2213/2213/2213
f 2221/2221/2221 2214/2214/2214 2219/2219/2219
f 2222/2222/2222 2219/2219/2219 2220/2220/2220
f 2222/2222/2222 2221/2221/2221 2219/2219/2219
f 2223/2223/2223 2222/2222/2222 2220/2220/2220
f 2224/2224/2224 2213/2213/2213 2221/2221/2221
f 2213/2213/2213 2224/2224/2224 2212/2212/2212
f 2225/2225/2225 2222/2222/2222 2223/2223/2223
f 2225/2225/2225 2223/2223/2223 2226/2226/2226
f 2227/2227/2227 2221/2221/2221 2222/2222/2222
f 2224/2224/2224 2221/2221/2221 2227/2227/2227
f 2227/2227/2227 2222/2222/2222 2225/2225/2225
f 2224/2224/2224 2228/2228/2228 2212/2212/2212
f 2228/2228/2228 2224/2224/2224 2227/2227/2227
f 2229/2229/2229 2225/2225/2225 2226/2226/2226
f 2229/2229/2229 2226/2226/2226 2230/2230/2230
f 2231/2231/2231 2227/2227/2227 2225/2225/2225
f 2231/2231/2231 2225/2225/2225 2229/2229/2229
f 2228/2228/2228 2227/2227/2227 2231/2231/2231
f 2232/2232/2232 2229/2229/2229 2230/2230/2230
f 2229/2229/2229 2232/2232/2232 2231/2231/2231
f 2233/2233/2233 2232/2232/2232 2230/2230/2230
f 2234/2234/2234 2232/2232/2232 2233/2233/2233
f 2235/2235/2235 2212/2212/2212 2228/2228/2228
f 2212/2212/2212 2235/2235/2235 2211/2211/2211
f 2231/2231/2231 2236/2236/2236 2228/2228/2228
f 2235/2235/2235 2228/2228/2228 2236/2236/2236
f 2237/2237/2237 2231/2231/2231 2232/2232/2232
f 2231/2231/2231 2237/2237/2237 2236/2236/2236
f 2234/2234/2234 2238/2238/2238 2232/2232/2232
f 2237/2237/2237 2232/2232/2232 2238/2238/2238
f 2234/2234/2234 2239/2239/2239 2238/2238/2238
f 2238/2238/2238 2239/2239/2239 2240/2240/2240
f 2237/2237/2237 2238/2238/2238 2241/2241/2241
f 2241/2241/2241 2238/2238/2238 2240/2240/2240
f 2237/2237/2237 2242/2242/2242 2236/2236/2236
f 2242/2242/2242 2237/2237/2237 2241/2241/2241
f 2235/2235/2235 2236/2236/2236 2243/2243/2243
f 2242/2242/2242 2243/2243/2243 2236/2236/2236
f 2235/2235/2235 2244/2244/2244 2211/2211/2211
f 2244/2244/2244 2235/2235/2235 2243/2243/2243
f 2241/2241/2241 2240/2240/2240 2245/2245/2245
f 2246/2246/2246 2245/2245/2245 2240/2240/2240
f 2247/2247/2247 2245/2245/2245 2246/2246/2246
f 2241/2241/2241 2245/2245/2245 2247/2247/2247
f 2248/2248/2248 2247/2247/2247 2246/2246/2246
f 2249/2249/2249 2247/2247/2247 2248/2248/2248
f 2250/2250/2250 2249/2249/2249 2248/2248/2248
f 2249/2249/2249 2250/2250/2250 2251/2251/2251
f 2252/2252/2252 2241/2241/2241 2247/2247/2247
f 2242/2242/2242 2241/2241/2241 2252/2252/2252
f 2252/2252/2252 2247/2247/2247 2249/2249/2249
f 2242/2242/2242 2253/2253/2253 2243/2243/2243
f 2253/2253/2253 2242/2242/2242 2252/2252/2252
f 2244/2244/2244 2254/2254/2254 2211/2211/2211
f 2211/2211/2211 2254/2254/2254 2201/2201/2201
f 2244/2244/2244 2243/2243/2243 2255/2255/2255
f 2253/2253/2253 2255/2255/2255 2243/2243/2243
f 2253/2253/2253 2252/2252/2252 2256/2256/2256
f 2256/2256/2256 2252/2252/2252 2249/2249/2249
f 2256/2256/2256 2249/2249/2249 2257/2257/2257
f 2249/2249/2249 2251/2251/2251 2258/2258/2258
f 2249/2249/2249 2258/2258/2258 2257/2257/2257
f 2251/2251/2251 2259/2259/2259 2258/2258/2258
f 2258/2258/2258 2259/2259/2259 2260/2260/2260
f 2261/2261/2261 2253/2253/2253 2256/2256/2256
f 2253/2253/2253 2261/2261/2261 2255/2255/2255
f 2261/2261/2261 2256/2256/2256 2257/2257/2257
f 2262/2262/2262 2258/2258/2258 2260/2260/2260
f 2258/2258/2258 2262/2262/2262 2257/2257/2257
f 2262/2262/2262 2260/2260/2260 2263/2263/2263
f 2264/2264/2264 2244/2244/2244 2255/2255/2255
f 2244/2244/2244 2264/2264/2264 2254/2254/2254
f 2261/2261/2261 2265/2265/2265 2255/2255/2255
f 2264/2264/2264 2255/2255/2255 2265/2265/2265
f 2266/2266/2266 2262/2262/2262 2263/2263/2263
f 2266/2266/2266 2263/2263/2263 2267/2267/2267
f 2264/2264/2264 2268/2268/2268 2254/2254/2254
f 2254/2254/2254 2268/2268/2268 2201/2201/2201
f 2268/2268/2268 2269/2269/2269 2201/2201/2201
f 2264/2264/2264 2270/2270/2270 2268/2268/2268
f 2270/2270/2270 2264/2264/2264 2265/2265/2265
f 2261/2261/2261 2271/2271/2271 2265/2265/2265
f 2271/2271/2271 2261/2261/2261 2257/2257/2257
f 2262/2262/2262 2272/2272/2272 2257/2257/2257
f 2262/2262/2262 2266/2266/2266 2272/2272/2272
f 2273/2273/2273 2266/2266/2266 2267/2267/2267
f 2273/2273/2273 2267/2267/2267 2274/2274/2274
f 2271/2271/2271 2275/2275/2275 2265/2265/2265
f 2270/2270/2270 2265/2265/2265 2275/2275/2275
f 2276/2276/2276 2271/2271/2271 2257/2257/2257
f 2272/2272/2272 2276/2276/2276 2257/2257/2257
f 2271/2271/2271 2276/2276/2276 2275/2275/2275
f 2266/2266/2266 2277/2277/2277 2272/2272/2272
f 2266/2266/2266 2273/2273/2273 2277/2277/2277
f 2272/2272/2272 2277/2277/2277 2276/2276/2276
f 2270/2270/2270 2278/2278/2278 2268/2268/2268
f 2268/2268/2268 2278/2278/2278 2269/2269/2269
f 2279/2279/2279 2273/2273/2273 2274/2274/2274
f 2279/2279/2279 2274/2274/2274 2280/2280/2280
f 2273/2273/2273 2281/2281/2281 2277/2277/2277
f 2273/2273/2273 2279/2279/2279 2281/2281/2281
f 2277/2277/2277 2282/2282/2282 2276/2276/2276
f 2277/2277/2277 2281/2281/2281 2282/2282/2282
f 2270/2270/2270 2283/2283/2283 2278/2278/2278
f 2283/2283/2283 2270/2270/2270 2275/2275/2275
f 2284/2284/2284 2279/2279/2279 2280/2280/2280
f 2284/2284/2284 2280/2280/2280 2285/2285/2285
f 2276/2276/2276 2286/2286/2286 2275/2275/2275
f 2276/2276/2276 2282/2282/2282 2286/2286/2286
f 2279/2279/2279 2287/2287/2287 2281/2281/2281
f 2279/2279/2279 2284/2284/2284 2287/2287/2287
f 2286/2286/2286 2288/2288/2288 2275/2275/2275
f 2288/2288/2288 2283/2283/2283 2275/2275/2275
f 2283/2283/2283 2289/2289/2289 2278/2278/2278
f 2278/2278/2278 2289/2289/2289 2269/2269/2269
f 2290/2290/2290 2289/2289/2289 2283/2283/2283
f 2288/2288/2288 2290/2290/2290 2283/2283/2283
f 2290/2290/2290 2269/2269/2269 2289/2289/2289
f 2281/2281/2281 2291/2291/2291 2282/2282/2282
f 2281/2281/2281 2287/2287/2287 2291/2291/2291
f 2282/2282/2282 2292/2292/2292 2286/2286/2286
f 2286/2286/2286 2292/2292/2292 2288/2288/2288
f 2282/2282/2282 2291/2291/2291 2292/2292/2292
f 2288/2288/2288 2293/2293/2293 2290/2290/2290
f 2292/2292/2292 2293/2293/2293 2288/2288/2288
f 2291/2291/2291 2294/2294/2294 2292/2292/2292
f 2292/2292/2292 2294/2294/2294 2293/2293/2293
f 2287/2287/2287 2295/2295/2295 2291/2291/2291
f 2291/2291/2291 2295/2295/2295 2294/2294/2294
f 2293/2293/2293 2296/2296/2296 2290/2290/2290
f 2290/2290/2290 2296/2296/2296 2269/2269/2269
f 2294/2294/2294 2297/2297/2297 2293/2293/2293
f 2293/2293/2293 2297/2297/2297 2296/2296/2296
f 2287/2287/2287 2298/2298/2298 2295/2295/2295
f 2284/2284/2284 2298/2298/2298 2287/2287/2287
f 2295/2295/2295 2299/2299/2299 2294/2294/2294
f 2294/2294/2294 2299/2299/2299 2297/2297/2297
f 2298/2298/2298 2300/2300/2300 2295/2295/2295
f 2295/2295/2295 2300/2300/2300 2299/2299/2299
f 2298/2298/2298 2284/2284/2284 2301/2301/2301
f 2284/2284/2284 2285/2285/2285 2301/2301/2301
f 2298/2298/2298 2301/2301/2301 2302/2302/2302
f 2298/2298/2298 2302/2302/2302 2300/2300/2300
f 2285/2285/2285 2303/2303/2303 2301/2301/2301
f 2302/2302/2302 2301/2301/2301 2303/2303/2303
f 2285/2285/2285 2304/2304/2304 2303/2303/2303
f 2285/2285/2285 2305/2305/2305 2304/2304/2304
f 2302/2302/2302 2303/2303/2303 2306/2306/2306
f 2300/2300/2300 2302/2302/2302 2306/2306/2306
f 2306/2306/2306 2303/2303/2303 2304/2304/2304
f 2299/2299/2299 2307/2307/2307 2297/2297/2297
f 2300/2300/2300 2308/2308/2308 2299/2299/2299
f 2299/2299/2299 2308/2308/2308 2307/2307/2307
f 2300/2300/2300 2306/2306/2306 2309/2309/2309
f 2308/2308/2308 2300/2300/2300 2309/2309/2309
f 2306/2306/2306 2304/2304/2304 2310/2310/2310
f 2309/2309/2309 2306/2306/2306 2310/2310/2310
f 2311/2311/2311 2304/2304/2304 2305/2305/2305
f 2311/2311/2311 2310/2310/2310 2304/2304/2304
f 2297/2297/2297 2307/2307/2307 2312/2312/2312
f 2297/2297/2297 2312/2312/2312 2296/2296/2296
f 2296/2296/2296 2312/2312/2312 2313/2313/2313
f 2296/2296/2296 2313/2313/2313 2269/2269/2269
f 2307/2307/2307 2314/2314/2314 2312/2312/2312
f 2312/2312/2312 2314/2314/2314 2313/2313/2313
f 2308/2308/2308 2315/2315/2315 2307/2307/2307
f 2307/2307/2307 2315/2315/2315 2314/2314/2314
f 2308/2308/2308 2309/2309/2309 2316/2316/2316
f 2308/2308/2308 2316/2316/2316 2315/2315/2315
f 2309/2309/2309 2310/2310/2310 2317/2317/2317
f 2316/2316/2316 2309/2309/2309 2317/2317/2317
f 2311/2311/2311 2318/2318/2318 2310/2310/2310
f 2317/2317/2317 2310/2310/2310 2318/2318/2318
f 2316/2316/2316 2317/2317/2317 2319/2319/2319
f 2316/2316/2316 2319/2319/2319 2315/2315/2315
f 2320/2320/2320 2269/2269/2269 2313/2313/2313
f 2201/2201/2201 2269/2269/2269 2320/2320/2320
f 2200/2200/2200 2201/2201/2201 2320/2320/2320
f 2200/2200/2200 2320/2320/2320 2205/2205/2205
f 2321/2321/2321 2320/2320/2320 2313/2313/2313
f 2205/2205/2205 2320/2320/2320 2321/2321/2321
f 2311/2311/2311 2322/2322/2322 2318/2318/2318
f 2322/2322/2322 2311/2311/2311 2305/2305/2305
f 2323/2323/2323 2317/2317/2317 2318/2318/2318
f 2319/2319/2319 2317/2317/2317 2323/2323/2323
f 2322/2322/2322 2305/2305/2305 2324/2324/2324
f 2305/2305/2305 2325/2325/2325 2324/2324/2324
f 2322/2322/2322 2324/2324/2324 2326/2326/2326
f 2322/2322/2322 2327/2327/2327 2318/2318/2318
f 2322/2322/2322 2326/2326/2326 2327/2327/2327
f 2318/2318/2318 2327/2327/2327 2323/2323/2323
f 2327/2327/2327 2326/2326/2326 2328/2328/2328
f 2327/2327/2327 2328/2328/2328 2323/2323/2323
f 2329/2329/2329 2323/2323/2323 2328/2328/2328
f 2329/2329/2329 2319/2319/2319 2323/2323/2323
f 2330/2330/2330 2329/2329/2329 2328/2328/2328
f 2331/2331/2331 2319/2319/2319 2329/2329/2329
f 2319/2319/2319 2331/2331/2331 2315/2315/2315
f 2332/2332/2332 2329/2329/2329 2330/2330/2330
f 2332/2332/2332 2331/2331/2331 2329/2329/2329
f 2332/2332/2332 2330/2330/2330 2333/2333/2333
f 2332/2332/2332 2333/2333/2333 2334/2334/2334
f 2315/2315/2315 2331/2331/2331 2335/2335/2335
f 2315/2315/2315 2335/2335/2335 2314/2314/2314
f 2332/2332/2332 2336/2336/2336 2331/2331/2331
f 2331/2331/2331 2336/2336/2336 2335/2335/2335
f 2337/2337/2337 2332/2332/2332 2334/2334/2334
f 2332/2332/2332 2337/2337/2337 2336/2336/2336
f 2337/2337/2337 2334/2334/2334 2338/2338/2338
f 2337/2337/2337 2338/2338/2338 2336/2336/2336
f 2334/2334/2334 2339/2339/2339 2338/2338/2338
f 2338/2338/2338 2339/2339/2339 2340/2340/2340
f 2335/2335/2335 2341/2341/2341 2314/2314/2314
f 2341/2341/2341 2313/2313/2313 2314/2314/2314
f 2321/2321/2321 2313/2313/2313 2341/2341/2341
f 2336/2336/2336 2342/2342/2342 2335/2335/2335
f 2338/2338/2338 2342/2342/2342 2336/2336/2336
f 2342/2342/2342 2341/2341/2341 2335/2335/2335
f 2343/2343/2343 2338/2338/2338 2340/2340/2340
f 2338/2338/2338 2343/2343/2343 2342/2342/2342
f 2343/2343/2343 2340/2340/2340 2126/2126/2126
f 2341/2341/2341 2342/2342/2342 2344/2344/2344
f 2343/2343/2343 2344/2344/2344 2342/2342/2342
f 2345/2345/2345 2343/2343/2343 2126/2126/2126
f 2343/2343/2343 2345/2345/2345 2344/2344/2344
f 2125/2125/2125 2345/2345/2345 2126/2126/2126
f 2346/2346/2346 2321/2321/2321 2341/2341/2341
f 2346/2346/2346 2341/2341/2341 2344/2344/2344
f 2345/2345/2345 2347/2347/2347 2344/2344/2344
f 2346/2346/2346 2344/2344/2344 2347/2347/2347
f 2345/2345/2345 2125/2125/2125 2348/2348/2348
f 2345/2345/2345 2348/2348/2348 2347/2347/2347
f 2125/2125/2125 2127/2127/2127 2348/2348/2348
f 2349/2349/2349 2321/2321/2321 2346/2346/2346
f 2349/2349/2349 2205/2205/2205 2321/2321/2321
f 2156/2156/2156 2205/2205/2205 2349/2349/2349
f 2157/2157/2157 2156/2156/2156 2349/2349/2349
f 2350/2350/2350 2346/2346/2346 2347/2347/2347
f 2350/2350/2350 2349/2349/2349 2346/2346/2346
f 2350/2350/2350 2347/2347/2347 2348/2348/2348
f 2157/2157/2157 2349/2349/2349 2350/2350/2350
f 2127/2127/2127 2351/2351/2351 2348/2348/2348
f 2350/2350/2350 2348/2348/2348 2351/2351/2351
f 2127/2127/2127 2137/2137/2137 2351/2351/2351
f 2352/2352/2352 2157/2157/2157 2350/2350/2350
f 2350/2350/2350 2351/2351/2351 2352/2352/2352
f 2137/2137/2137 2352/2352/2352 2351/2351/2351
f 2352/2352/2352 2145/2145/2145 2157/2157/2157
f 2137/2137/2137 2145/2145/2145 2352/2352/2352
f 2355/2355/2355 2354/2354/2354 2353/2353/2353
f 2356/2356/2356 2355/2355/2355 2353/2353/2353
f 2356/2356/2356 2353/2353/2353 2357/2357/2357
f 2356/2356/2356 2358/2358/2358 2355/2355/2355
f 2358/2358/2358 2359/2359/2359 2355/2355/2355
f 2360/2360/2360 2356/2356/2356 2357/2357/2357
f 2360/2360/2360 2358/2358/2358 2356/2356/2356
f 2361/2361/2361 2359/2359/2359 2358/2358/2358
f 2361/2361/2361 2362/2362/2362 2359/2359/2359
f 2363/2363/2363 2362/2362/2362 2361/2361/2361
f 2363/2363/2363 2364/2364/2364 2362/2362/2362
f 2363/2363/2363 2365/2365/2365 2364/2364/2364
f 2365/2365/2365 2363/2363/2363 2366/2366/2366
f 2367/2367/2367 2361/2361/2361 2358/2358/2358
f 2367/2367/2367 2358/2358/2358 2360/2360/2360
f 2360/2360/2360 2357/2357/2357 2368/2368/2368
f 2357/2357/2357 2369/2369/2369 2368/2368/2368
f 2366/2366/2366 2363/2363/2363 2370/2370/2370
f 2366/2366/2366 2370/2370/2370 2371/2371/2371
f 2371/2371/2371 2370/2370/2370 2372/2372/2372
f 2373/2373/2373 2363/2363/2363 2361/2361/2361
f 2373/2373/2373 2361/2361/2361 2367/2367/2367
f 2374/2374/2374 2367/2367/2367 2360/2360/2360
f 2368/2368/2368 2374/2374/2374 2360/2360/2360
f 2375/2375/2375 2368/2368/2368 2369/2369/2369
f 2375/2375/2375 2369/2369/2369 2376/2376/2376
f 2375/2375/2375 2376/2376/2376 2377/2377/2377
f 2378/2378/2378 2370/2370/2370 2363/2363/2363
f 2373/2373/2373 2378/2378/2378 2363/2363/2363
f 2379/2379/2379 2373/2373/2373 2367/2367/2367
f 2374/2374/2374 2379/2379/2379 2367/2367/2367
f 2380/2380/2380 2374/2374/2374 2368/2368/2368
f 2380/2380/2380 2368/2368/2368 2375/2375/2375
f 2381/2381/2381 2375/2375/2375 2377/2377/2377
f 2381/2381/2381 2377/2377/2377 2382/2382/2382
f 2383/2383/2383 2378/2378/2378 2373/2373/2373
f 2379/2379/2379 2383/2383/2383 2373/2373/2373
f 2384/2384/2384 2379/2379/2379 2374/2374/2374
f 2384/2384/2384 2374/2374/2374 2380/2380/2380
f 2385/2385/2385 2380/2380/2380 2375/2375/2375
f 2385/2385/2385 2375/2375/2375 2381/2381/2381
f 2386/2386/2386 2381/2381/2381 2382/2382/2382
f 2386/2386/2386 2382/2382/2382 2387/2387/2387
f 2381/2381/2381 2386/2386/2386 2388/2388/2388
f 2385/2385/2385 2381/2381/2381 2388/2388/2388
f 2385/2385/2385 2388/2388/2388 2389/2389/2389
f 2390/2390/2390 2380/2380/2380 2385/2385/2385
f 2390/2390/2390 2384/2384/2384 2380/2380/2380
f 2390/2390/2390 2385/2385/2385 2389/2389/2389
f 2391/2391/2391 2386/2386/2386 2387/2387/2387
f 2388/2388/2388 2386/2386/2386 2391/2391/2391
f 2391/2391/2391 2387/2387/2387 2392/2392/2392
f 2384/2384/2384 2393/2393/2393 2379/2379/2379
f 2393/2393/2393 2383/2383/2383 2379/2379/2379
f 2390/2390/2390 2394/2394/2394 2384/2384/2384
f 2394/2394/2394 2390/2390/2390 2389/2389/2389
f 2394/2394/2394 2393/2393/2393 2384/2384/2384
f 2395/2395/2395 2388/2388/2388 2391/2391/2391
f 2389/2389/2389 2388/2388/2388 2395/2395/2395
f 2396/2396/2396 2391/2391/2391 2392/2392/2392
f 2395/2395/2395 2391/2391/2391 2396/2396/2396
f 2397/2397/2397 2396/2396/2396 2392/2392/2392
f 2397/2397/2397 2392/2392/2392 2398/2398/2398
f 2399/2399/2399 2397/2397/2397 2398/2398/2398
f 2399/2399/2399 2398/2398/2398 2400/2400/2400
f 2399/2399/2399 2400/2400/2400 2401/2401/2401
f 2400/2400/2400 2402/2402/2402 2401/2401/2401
f 2403/2403/2403 2401/2401/2401 2402/2402/2402
f 2403/2403/2403 2402/2402/2402 2404/2404/2404
f 2405/2405/2405 2403/2403/2403 2404/2404/2404
f 2405/2405/2405 2404/2404/2404 2406/2406/2406
f 2405/2405/2405 2406/2406/2406 2407/2407/2407
f 2408/2408/2408 2405/2405/2405 2407/2407/2407
f 2405/2405/2405 2408/2408/2408 2403/2403/2403
f 2409/2409/2409 2408/2408/2408 2407/2407/2407
f 2410/2410/2410 2401/2401/2401 2403/2403/2403
f 2410/2410/2410 2403/2403/2403 2408/2408/2408
f 2401/2401/2401 2411/2411/2411 2399/2399/2399
f 2410/2410/2410 2411/2411/2411 2401/2401/2401
f 2412/2412/2412 2397/2397/2397 2399/2399/2399
f 2411/2411/2411 2412/2412/2412 2399/2399/2399
f 2413/2413/2413 2408/2408/2408 2409/2409/2409
f 2413/2413/2413 2410/2410/2410 2408/2408/2408
f 2414/2414/2414 2411/2411/2411 2410/2410/2410
f 2414/2414/2414 2410/2410/2410 2413/2413/2413
f 2415/2415/2415 2413/2413/2413 2409/2409/2409
f 2415/2415/2415 2414/2414/2414 2413/2413/2413
f 2416/2416/2416 2415/2415/2415 2409/2409/2409
f 2416/2416/2416 2417/2417/2417 2415/2415/2415
f 2417/2417/2417 2418/2418/2418 2415/2415/2415
f 2415/2415/2415 2418/2418/2418 2414/2414/2414
f 2417/2417/2417 2419/2419/2419 2418/2418/2418
f 2419/2419/2419 2420/2420/2420 2418/2418/2418
f 2414/2414/2414 2421/2421/2421 2411/2411/2411
f 2411/2411/2411 2421/2421/2421 2412/2412/2412
f 2418/2418/2418 2422/2422/2422 2414/2414/2414
f 2418/2418/2418 2420/2420/2420 2422/2422/2422
f 2414/2414/2414 2422/2422/2422 2421/2421/2421
f 2420/2420/2420 2423/2423/2423 2422/2422/2422
f 2423/2423/2423 2420/2420/2420 2424/2424/2424
f 2422/2422/2422 2425/2425/2425 2421/2421/2421
f 2422/2422/2422 2423/2423/2423 2425/2425/2425
f 2423/2423/2423 2424/2424/2424 2426/2426/2426
f 2423/2423/2423 2426/2426/2426 2425/2425/2425
f 2424/2424/2424 2427/2427/2427 2426/2426/2426
f 2421/2421/2421 2428/2428/2428 2412/2412/2412
f 2421/2421/2421 2425/2425/2425 2428/2428/2428
f 2426/2426/2426 2427/2427/2427 2429/2429/2429
f 2427/2427/2427 2430/2430/2430 2429/2429/2429
f 2429/2429/2429 2430/2430/2430 2431/2431/2431
f 2425/2425/2425 2426/2426/2426 2432/2432/2432
f 2426/2426/2426 2429/2429/2429 2432/2432/2432
f 2425/2425/2425 2432/2432/2432 2428/2428/2428
f 2433/2433/2433 2429/2429/2429 2431/2431/2431
f 2432/2432/2432 2429/2429/2429 2433/2433/2433
f 2433/2433/2433 2431/2431/2431 2434/2434/2434
f 2428/2428/2428 2435/2435/2435 2412/2412/2412
f 2412/2412/2412 2435/2435/2435 2397/2397/2397
f 2435/2435/2435 2396/2396/2396 2397/2397/2397
f 2428/2428/2428 2432/2432/2432 2436/2436/2436
f 2436/2436/2436 2432/2432/2432 2433/2433/2433
f 2437/2437/2437 2433/2433/2433 2434/2434/2434
f 2437/2437/2437 2434/2434/2434 2438/2438/2438
f 2435/2435/2435 2439/2439/2439 2396/2396/2396
f 2439/2439/2439 2395/2395/2395 2396/2396/2396
f 2428/2428/2428 2440/2440/2440 2435/2435/2435
f 2440/2440/2440 2428/2428/2428 2436/2436/2436
f 2440/2440/2440 2439/2439/2439 2435/2435/2435
f 2436/2436/2436 2433/2433/2433 2441/2441/2441
f 2433/2433/2433 2437/2437/2437 2441/2441/2441
f 2440/2440/2440 2436/2436/2436 2442/2442/2442
f 2440/2440/2440 2442/2442/2442 2439/2439/2439
f 2436/2436/2436 2441/2441/2441 2442/2442/2442
f 2443/2443/2443 2395/2395/2395 2439/2439/2439
f 2442/2442/2442 2443/2443/2443 2439/2439/2439
f 2442/2442/2442 2441/2441/2441 2443/2443/2443
f 2443/2443/2443 2389/2389/2389 2395/2395/2395
f 2441/2441/2441 2444/2444/2444 2443/2443/2443
f 2441/2441/2441 2437/2437/2437 2444/2444/2444
f 2443/2443/2443 2444/2444/2444 2389/2389/2389
f 2445/2445/2445 2437/2437/2437 2438/2438/2438
f 2437/2437/2437 2445/2445/2445 2444/2444/2444
f 2444/2444/2444 2446/2446/2446 2389/2389/2389
f 2444/2444/2444 2445/2445/2445 2446/2446/2446
f 2446/2446/2446 2394/2394/2394 2389/2389/2389
f 2445/2445/2445 2438/2438/2438 2447/2447/2447
f 2445/2445/2445 2447/2447/2447 2446/2446/2446
f 2438/2438/2438 2448/2448/2448 2447/2447/2447
f 2449/2449/2449 2394/2394/2394 2446/2446/2446
f 2394/2394/2394 2449/2449/2449 2393/2393/2393
f 2450/2450/2450 2446/2446/2446 2447/2447/2447
f 2450/2450/2450 2449/2449/2449 2446/2446/2446
f 2451/2451/2451 2447/2447/2447 2448/2448/2448
f 2450/2450/2450 2447/2447/2447 2451/2451/2451
f 2452/2452/2452 2451/2451/2451 2448/2448/2448
f 2452/2452/2452 2453/2453/2453 2451/2451/2451
f 2449/2449/2449 2454/2454/2454 2393/2393/2393
f 2449/2449/2449 2450/2450/2450 2454/2454/2454
f 2393/2393/2393 2454/2454/2454 2383/2383/2383
f 2453/2453/2453 2455/2455/2455 2451/2451/2451
f 2450/2450/2450 2451/2451/2451 2455/2455/2455
f 2453/2453/2453 2456/2456/2456 2455/2455/2455
f 2454/2454/2454 2457/2457/2457 2383/2383/2383
f 2383/2383/2383 2457/2457/2457 2378/2378/2378
f 2450/2450/2450 2458/2458/2458 2454/2454/2454
f 2458/2458/2458 2450/2450/2450 2455/2455/2455
f 2454/2454/2454 2458/2458/2458 2457/2457/2457
f 2457/2457/2457 2459/2459/2459 2378/2378/2378
f 2378/2378/2378 2459/2459/2459 2370/2370/2370
f 2458/2458/2458 2460/2460/2460 2457/2457/2457
f 2458/2458/2458 2455/2455/2455 2460/2460/2460
f 2457/2457/2457 2460/2460/2460 2459/2459/2459
f 2456/2456/2456 2461/2461/2461 2455/2455/2455
f 2455/2455/2455 2461/2461/2461 2460/2460/2460
f 2461/2461/2461 2456/2456/2456 2462/2462/2462
f 2460/2460/2460 2461/2461/2461 2462/2462/2462
f 2456/2456/2456 2463/2463/2463 2462/2462/2462
f 2459/2459/2459 2464/2464/2464 2370/2370/2370
f 2370/2370/2370 2464/2464/2464 2372/2372/2372
f 2460/2460/2460 2465/2465/2465 2459/2459/2459
f 2465/2465/2465 2460/2460/2460 2462/2462/2462
f 2459/2459/2459 2465/2465/2465 2464/2464/2464
f 2462/2462/2462 2463/2463/2463 2466/2466/2466
f 2465/2465/2465 2462/2462/2462 2466/2466/2466
f 2463/2463/2463 2467/2467/2467 2466/2466/2466
f 2466/2466/2466 2467/2467/2467 2468/2468/2468
f 2469/2469/2469 2465/2465/2465 2466/2466/2466
f 2465/2465/2465 2469/2469/2469 2464/2464/2464
f 2469/2469/2469 2466/2466/2466 2468/2468/2468
f 2464/2464/2464 2470/2470/2470 2372/2372/2372
f 2464/2464/2464 2469/2469/2469 2470/2470/2470
f 2372/2372/2372 2470/2470/2470 2471/2471/2471
f 2471/2471/2471 2470/2470/2470 2472/2472/2472
f 2469/2469/2469 2473/2473/2473 2470/2470/2470
f 2470/2470/2470 2473/2473/2473 2472/2472/2472
f 2473/2473/2473 2469/2469/2469 2468/2468/2468
f 2474/2474/2474 2472/2472/2472 2473/2473/2473
f 2468/2468/2468 2474/2474/2474 2473/2473/2473
f 2468/2468/2468 2475/2475/2475 2474/2474/2474
g body_header_back_LD_2
f 2478/2478/2478 2477/2477/2477 2476/2476/2476
f 2479/2479/2479 2478/2478/2478 2476/2476/2476
f 2478/2478/2478 2479/2479/2479 2480/2480/2480
f 2483/2483/2483 2482/2482/2482 2481/2481/2481
f 2482/2482/2482 2484/2484/2484 2481/2481/2481
f 2484/2484/2484 2482/2482/2482 2485/2485/2485
f 2488/2488/2488 2487/2487/2487 2486/2486/2486
f 2489/2489/2489 2488/2488/2488 2486/2486/2486
f 2490/2490/2490 2488/2488/2488 2489/2489/2489
f 2491/2491/2491 2490/2490/2490 2489/2489/2489
f 2489/2489/2489 2486/2486/2486 2492/2492/2492
f 2491/2491/2491 2489/2489/2489 2493/2493/2493
f 2494/2494/2494 2489/2489/2489 2492/2492/2492
f 2489/2489/2489 2494/2494/2494 2493/2493/2493
f 2493/2493/2493 2494/2494/2494 2495/2495/2495
f 2494/2494/2494 2492/2492/2492 2496/2496/2496
f 2494/2494/2494 2497/2497/2497 2495/2495/2495
f 2497/2497/2497 2494/2494/2494 2496/2496/2496
f 2495/2495/2495 2497/2497/2497 2498/2498/2498
f 2499/2499/2499 2497/2497/2497 2496/2496/2496
f 2497/2497/2497 2499/2499/2499 2498/2498/2498
f 2500/2500/2500 2499/2499/2499 2496/2496/2496
f 2499/2499/2499 2500/2500/2500 2501/2501/2501
f 2498/2498/2498 2499/2499/2499 2502/2502/2502
f 2502/2502/2502 2499/2499/2499 2501/2501/2501
f 2503/2503/2503 2498/2498/2498 2502/2502/2502
f 2502/2502/2502 2501/2501/2501 2504/2504/2504
f 2503/2503/2503 2502/2502/2502 2505/2505/2505
f 2505/2505/2505 2502/2502/2502 2504/2504/2504
f 2506/2506/2506 2503/2503/2503 2505/2505/2505
f 2505/2505/2505 2504/2504/2504 2507/2507/2507
f 2506/2506/2506 2505/2505/2505 2508/2508/2508
f 2508/2508/2508 2505/2505/2505 2507/2507/2507
f 2509/2509/2509 2506/2506/2506 2508/2508/2508
f 2508/2508/2508 2507/2507/2507 2510/2510/2510
f 2509/2509/2509 2508/2508/2508 2511/2511/2511
f 2512/2512/2512 2508/2508/2508 2510/2510/2510
f 2508/2508/2508 2512/2512/2512 2511/2511/2511
f 2510/2510/2510 2513/2513/2513 2512/2512/2512
f 2514/2514/2514 2511/2511/2511 2512/2512/2512
f 2513/2513/2513 2515/2515/2515 2512/2512/2512
f 2515/2515/2515 2514/2514/2514 2512/2512/2512
f 2513/2513/2513 2516/2516/2516 2515/2515/2515
f 2515/2515/2515 2517/2517/2517 2514/2514/2514
f 2516/2516/2516 2517/2517/2517 2515/2515/2515
f 2517/2517/2517 2518/2518/2518 2514/2514/2514
f 2516/2516/2516 2519/2519/2519 2517/2517/2517
f 2517/2517/2517 2520/2520/2520 2518/2518/2518
f 2519/2519/2519 2520/2520/2520 2517/2517/2517
f 2520/2520/2520 2521/2521/2521 2518/2518/2518
f 2521/2521/2521 2520/2520/2520 2522/2522/2522
f 2523/2523/2523 2520/2520/2520 2519/2519/2519
f 2520/2520/2520 2523/2523/2523 2522/2522/2522
f 2524/2524/2524 2523/2523/2523 2519/2519/2519
f 2523/2523/2523 2524/2524/2524 2525/2525/2525
f 2522/2522/2522 2523/2523/2523 2526/2526/2526
f 2527/2527/2527 2523/2523/2523 2525/2525/2525
f 2523/2523/2523 2527/2527/2527 2526/2526/2526
f 2527/2527/2527 2525/2525/2525 2528/2528/2528
f 2526/2526/2526 2527/2527/2527 2529/2529/2529
f 2529/2529/2529 2527/2527/2527 2528/2528/2528
f 2529/2529/2529 2528/2528/2528 2530/2530/2530
f 2531/2531/2531 2526/2526/2526 2529/2529/2529
f 2532/2532/2532 2529/2529/2529 2530/2530/2530
f 2531/2531/2531 2529/2529/2529 2532/2532/2532
f 2533/2533/2533 2531/2531/2531 2532/2532/2532
f 2536/2536/2536 2535/2535/2535 2534/2534/2534
f 2535/2535/2535 2537/2537/2537 2534/2534/2534
f 2537/2537/2537 2535/2535/2535 2538/2538/2538
f 2535/2535/2535 2539/2539/2539 2538/2538/2538
f 2538/2538/2538 2539/2539/2539 2540/2540/2540
f 2539/2539/2539 2541/2541/2541 2540/2540/2540
f 2540/2540/2540 2541/2541/2541 2542/2542/2542
f 2541/2541/2541 2543/2543/2543 2542/2542/2542
f 2542/2542/2542 2543/2543/2543 2544/2544/2544
f 2543/2543/2543 2545/2545/2545 2544/2544/2544
f 2544/2544/2544 2545/2545/2545 2546/2546/2546
f 2545/2545/2545 2547/2547/2547 2546/2546/2546
f 2546/2546/2546 2547/2547/2547 2548/2548/2548
f 2547/2547/2547 2549/2549/2549 2548/2548/2548
f 2548/2548/2548 2549/2549/2549 2550/2550/2550
f 2549/2549/2549 2551/2551/2551 2550/2550/2550
f 2550/2550/2550 2551/2551/2551 2552/2552/2552
f 2551/2551/2551 2553/2553/2553 2552/2552/2552
f 2552/2552/2552 2553/2553/2553 2554/2554/2554
f 2555/2555/2555 2552/2552/2552 2554/2554/2554
f 2555/2555/2555 2554/2554/2554 2556/2556/2556
f 2554/2554/2554 2557/2557/2557 2556/2556/2556
f 2556/2556/2556 2557/2557/2557 2558/2558/2558
f 2557/2557/2557 2559/2559/2559 2558/2558/2558
f 2558/2558/2558 2559/2559/2559 2560/2560/2560
f 2559/2559/2559 2561/2561/2561 2560/2560/2560
f 2560/2560/2560 2561/2561/2561 2562/2562/2562
f 2561/2561/2561 2563/2563/2563 2562/2562/2562
f 2562/2562/2562 2563/2563/2563 2564/2564/2564
f 2563/2563/2563 2565/2565/2565 2564/2564/2564
f 2568/2568/2568 2567/2567/2567 2566/2566/2566
f 2566/2566/2566 2567/2567/2567 2569/2569/2569
f 2567/2567/2567 2570/2570/2570 2569/2569/2569
f 2569/2569/2569 2570/2570/2570 2571/2571/2571
f 2570/2570/2570 2572/2572/2572 2571/2571/2571
f 2571/2571/2571 2572/2572/2572 2573/2573/2573
f 2572/2572/2572 2574/2574/2574 2573/2573/2573
f 2573/2573/2573 2574/2574/2574 2575/2575/2575
f 2574/2574/2574 2576/2576/2576 2575/2575/2575
f 2575/2575/2575 2576/2576/2576 2577/2577/2577
f 2576/2576/2576 2578/2578/2578 2577/2577/2577
f 2577/2577/2577 2578/2578/2578 2579/2579/2579
f 2578/2578/2578 2580/2580/2580 2579/2579/2579
f 2579/2579/2579 2580/2580/2580 2581/2581/2581
f 2580/2580/2580 2582/2582/2582 2581/2581/2581
f 2581/2581/2581 2582/2582/2582 2583/2583/2583
f 2584/2584/2584 2581/2581/2581 2583/2583/2583
f 2584/2584/2584 2583/2583/2583 2585/2585/2585
f 2583/2583/2583 2586/2586/2586 2585/2585/2585
f 2585/2585/2585 2586/2586/2586 2587/2587/2587
f 2586/2586/2586 2588/2588/2588 2587/2587/2587
f 2587/2587/2587 2588/2588/2588 2589/2589/2589
f 2588/2588/2588 2590/2590/2590 2589/2589/2589
f 2591/2591/2591 2589/2589/2589 2590/2590/2590
