g body_header_back_PinchOut
v 0.35047147 0.59240466 0.0025000002
v 0.35434282 0.6204219 0.0025000016
v 0.35434282 0.59240466 0.0025000002
v 0.35047147 0.6204219 0.0025000016
v 0.3192751 0.6204219 0.0025000016
v 0.3192751 0.59240466 0.0025000002
v 0.29160118 0.59240466 0.0025000002
v 0.35047147 0.6484391 0.0025000016
v 0.35434282 0.6484391 0.0025000016
v 0.29160118 0.6204219 0.0025000016
v 0.25929987 0.59240466 0.0025000002
v 0.3348733 0.6484391 0.0025000016
v 0.35047147 0.664067 0.0024999985
v 0.35434285 0.664067 0.0024999985
v 0.25929987 0.6204219 0.0025000016
v 0.22699857 0.59240466 0.0025000002
v 0.3348733 0.664067 0.0024999985
v 0.35047147 0.67969483 0.0025000004
v 0.35434285 0.67969483 0.0025000004
v 0.22699857 0.6204219 0.0025000016
v 0.19921477 0.59240466 0.0025000002
v 0.3348733 0.67969483 0.0025000004
v 0.35047147 0.69532263 0.0025000002
v 0.35434285 0.69546777 0.0025027778
v 0.19921477 0.6204219 0.0025000016
v 0.17143099 0.59240466 0.0025000002
v 0.3348733 0.69532263 0.0025000002
v 0.35047147 0.7109505 0.0025000004
v 0.35434285 0.7109505 0.0025000004
v 0.17143098 0.6204219 0.0025000016
v 0.1411542 0.59240466 0.0025000002
v 0.3348733 0.7109505 0.0025000004
v 0.35047147 0.725377 0.0024999992
v 0.35434285 0.725377 0.0025027785
v 0.1411542 0.6204219 0.0025000016
v 0.11087742 0.59240466 0.0025000002
v 0.3348733 0.725377 0.0024999992
v 0.35047147 0.7398036 0.0025000009
v 0.35434285 0.7398036 0.0025000009
v 0.35047144 0.7562448 0.0024999985
v 0.3543428 0.7564017 0.0025000002
v 0.3532827 0.76309556 0.0024999985
v 0.3348733 0.7398036 0.0025000009
v 0.3495937 0.7622407 0.0025000002
v 0.35020617 0.7691342 0.0025000002
v 0.34757262 0.76725525 0.0024999985
v 0.3454144 0.77392685 0.0025000016
v 0.34179848 0.76516163 0.0024999985
v 0.33482242 0.7573075 0.0025000002
v 0.34290388 0.7482681 0.0024999985
v 0.3435351 0.77152395 0.0024999985
v 0.3393762 0.77700436 0.0024999985
v 0.3385211 0.7738534 0.0024999985
v 0.3326826 0.7780655 0.0025000002
v 0.33252528 0.7746955 0.0024999985
v 0.3192751 0.7780677 0.0025000002
v 0.3192751 0.7746977 0.0025000002
v 0.30559212 0.7780701 0.0025027748
v 0.32643995 0.7666837 0.002500003
v 0.30543813 0.7747001 0.0025000002
v 0.29160118 0.77807236 0.0025000002
v 0.3192751 0.7572506 0.0024999985
v 0.2916012 0.77470237 0.0024999972
v 0.27545053 0.77807516 0.0024999972
v 0.32704875 0.7485556 0.0025000002
v 0.3192751 0.7398036 0.0025000009
v 0.30543813 0.75743306 0.0025000002
v 0.27545056 0.77470505 0.0025000016
v 0.25929987 0.7780778 0.0025000002
v 0.3192751 0.725377 0.0024999992
v 0.2916012 0.7576155 0.0024999985
v 0.30543813 0.7398036 0.0025000009
v 0.2592999 0.7747078 0.0024999972
v 0.24314924 0.77808046 0.0025000016
v 0.3192751 0.7109505 0.0025000004
v 0.30543813 0.725377 0.0024999992
v 0.27545056 0.7574356 0.0025000002
v 0.2916012 0.7398036 0.0025000009
v 0.24314924 0.7747105 0.0025000002
v 0.22699857 0.77808326 0.0025000016
v 0.3192751 0.69532263 0.0025000002
v 0.30543813 0.7109505 0.0025000004
v 0.2916012 0.725377 0.0024999992
v 0.2592999 0.7572557 0.0024999985
v 0.27545056 0.7398035 0.0025000002
v 0.22699857 0.77471316 0.0025000002
v 0.21310668 0.77808553 0.0025000002
v 0.3192751 0.67969483 0.0025000004
v 0.30543813 0.69532263 0.0025000002
v 0.2916012 0.7109505 0.0025000004
v 0.27545056 0.725377 0.0024999992
v 0.24314924 0.757257 0.0025000002
v 0.2592999 0.7398035 0.0025000002
v 0.21310668 0.77471554 0.0025000002
v 0.19921477 0.7780878 0.0025000016
v 0.22699857 0.75725836 0.0024999985
v 0.24314924 0.7398035 0.0025000002
v 0.2592999 0.725377 0.0024999992
v 0.27545056 0.7109505 0.0025000004
v 0.19921477 0.7747178 0.0025000002
v 0.18532287 0.7780902 0.0025000002
v 0.21310668 0.75725955 0.0025000002
v 0.22699857 0.7398035 0.0025000002
v 0.24314924 0.725377 0.0024999992
v 0.18532287 0.77472013 0.0025000016
v 0.17143098 0.7780925 0.0025000016
v 0.19921477 0.75726074 0.0025000016
v 0.21310666 0.7398035 0.0025000002
v 0.17143098 0.7747225 0.0025000002
v 0.15629259 0.77809507 0.0025000002
v 0.18532287 0.7572619 0.0024999985
v 0.15629259 0.77472496 0.0024999985
v 0.1411542 0.77809757 0.0025000016
v 0.2592999 0.7109505 0.0025000004
v 0.22699857 0.725377 0.0024999992
v 0.19921476 0.7398036 0.0025000009
v 0.17143098 0.757263 0.0025000002
v 0.1411542 0.7747275 0.0024999985
v 0.12601581 0.77810013 0.0025000002
v 0.24314924 0.7109505 0.0025000004
v 0.21310668 0.725377 0.0024999992
v 0.18532287 0.7398036 0.0025000009
v 0.15629259 0.75726426 0.0024999985
v 0.22699857 0.7109505 0.0025000004
v 0.19921477 0.725377 0.0024999992
v 0.21310668 0.7109505 0.0025000004
v 0.2592999 0.69532263 0.0025000002
v 0.24314924 0.69532263 0.0025000002
v 0.22699857 0.69532263 0.0025000002
v 0.27545056 0.69532263 0.0025000002
v 0.29160118 0.69532263 0.0025000002
v 0.30543813 0.67969483 0.0025000004
v 0.29160118 0.67969483 0.0025000004
v 0.27545056 0.67969483 0.0025000004
v 0.2592999 0.67969483 0.0025000004
v 0.3192751 0.664067 0.0024999985
v 0.30543813 0.664067 0.0024999985
v 0.3192751 0.6484391 0.0025000016
v 0.30543813 0.6484391 0.0025000016
v 0.29160118 0.664067 0.0024999985
v 0.29160118 0.6484391 0.0025000016
v 0.27545056 0.664067 0.0024999985
v 0.27545053 0.6484391 0.0025000016
v 0.2592999 0.664067 0.0024999985
v 0.25929987 0.6484391 0.0025000016
v 0.24314924 0.6484391 0.0025000016
v 0.24314924 0.67969483 0.0025000004
v 0.24314924 0.664067 0.0024999985
v 0.22699857 0.67969483 0.0025000004
v 0.22699857 0.664067 0.0024999985
v 0.22699857 0.6484391 0.0025000016
v 0.21310668 0.6484391 0.0025000016
v 0.21310668 0.664067 0.0024999985
v 0.21310668 0.67969483 0.0025000004
v 0.21310668 0.69532263 0.0025000002
v 0.19921477 0.7109505 0.0025000004
v 0.19921477 0.69532263 0.0025000002
v 0.19921477 0.67969483 0.0025000004
v 0.19921477 0.664067 0.0024999985
v 0.19921477 0.6484391 0.0025000016
v 0.18532287 0.6484391 0.0025000016
v 0.18532287 0.7109505 0.0025000004
v 0.18532287 0.664067 0.0024999985
v 0.18532287 0.67969483 0.0025000004
v 0.18532287 0.725377 0.0024999992
v 0.17143098 0.7398036 0.0025000009
v 0.18532287 0.69532263 0.0025000002
v 0.17143098 0.725377 0.0024999992
v 0.15629259 0.7398035 0.0025000002
v 0.17143098 0.7109505 0.0025000004
v 0.17143098 0.69532263 0.0025000002
v 0.17143098 0.67969483 0.0025000004
v 0.15629259 0.725377 0.0024999992
v 0.15629259 0.7109505 0.0025000004
v 0.1411542 0.75726557 0.0025000002
v 0.1411542 0.7398035 0.0025000002
v 0.17143098 0.664067 0.0024999985
v 0.1411542 0.725377 0.0024999992
v 0.12601581 0.77473015 0.0024999985
v 0.11087742 0.7747326 0.0025000016
v 0.11087742 0.7781027 0.0025000002
v 0.096566714 0.7781051 0.0025000002
v 0.12601581 0.7572668 0.0024999985
v 0.12601581 0.7398035 0.0025000002
v 0.096566714 0.774735 0.0025000002
v 0.08225601 0.77810746 0.0025000002
v 0.11087742 0.7572681 0.0024999985
v 0.12601581 0.725377 0.0024999992
v 0.08225601 0.77473736 0.0025000016
v 0.0679453 0.77810985 0.0024999985
v 0.096566714 0.7572693 0.0025000016
v 0.11087742 0.7398036 0.0025000009
v 0.096566714 0.7398036 0.0024999992
v 0.08225601 0.7572705 0.0025000002
v 0.0679453 0.77473974 0.0024999955
v 0.053634595 0.7747421 0.0025000016
v 0.053634595 0.77811223 0.0025000016
v 0.0679453 0.7572717 0.0025000002
v 0.04022596 0.77474445 0.0025000016
v 0.04022596 0.7781145 0.0024999972
v 0.026817322 0.7781167 0.0025000002
v 0.053634595 0.75727284 0.0024999985
v 0.0679453 0.7398036 0.0025000009
v 0.08225601 0.7398036 0.0024999992
v 0.096566714 0.725377 0.0024999992
v 0.026817322 0.7747466 0.0024999972
v 0.013408685 0.778119 0.0025000002
v 0.04022596 0.757274 0.0025000002
v 0.013408685 0.7747489 0.0025000002
v 4.7683717E-08 0.7781212 0.0025000002
v 0.026817322 0.7572751 0.0025000002
v 0.04022596 0.7398035 0.0025000002
v 0.053634595 0.7398035 0.0025000002
v 0.0679453 0.725377 0.0024999992
v 4.7683717E-08 0.7747511 0.0025000002
v -0.013408589 0.778119 0.0025000002
v 0.013408685 0.75727624 0.0025000002
v -0.013408589 0.7747489 0.0025000002
v -0.026817227 0.7781167 0.0025000002
v 4.6561404E-08 0.7572773 0.0025000016
v 0.013408683 0.7398036 0.0025000009
v 0.026817322 0.7398036 0.0025000009
v 0.04022596 0.725377 0.0024999992
v -0.026817227 0.7747466 0.0024999972
v -0.040225863 0.7781145 0.0024999972
v -0.013408589 0.75727624 0.0025000002
v 0.053634595 0.725377 0.0024999992
v 0.04022596 0.7109505 0.0025000004
v 0.026817322 0.725377 0.0024999992
v 0.013408698 0.725377 0.0024999992
v 0.013408685 0.7109505 0.0025000004
v 4.543909E-08 0.7398036 0.0025000009
v -0.013408591 0.7398036 0.0025000009
v -0.026817227 0.7572751 0.0025000002
v 2.0298106E-08 0.725377 0.0024999992
v -0.01340863 0.725377 0.0024999992
v 0.026817322 0.7109505 0.0025000004
v -0.040225863 0.77474433 0.0025000002
v -0.026817227 0.7398036 0.0025000009
v 0.026817322 0.69532263 0.0025000002
v -0.053634502 0.7747421 0.0025000016
v -0.053634502 0.77811223 0.0025000016
v -0.067945205 0.77810985 0.0024999985
v -0.040225863 0.757274 0.0025000002
v -0.067945205 0.7747397 0.0025000002
v -0.082255915 0.77810746 0.0025000002
v -0.053634502 0.75727284 0.0024999985
v -0.082255915 0.7747373 0.0025000016
v -0.09656662 0.7781051 0.0025000002
v -0.067945205 0.7572717 0.0024999985
v -0.040225863 0.7398036 0.0025000009
v -0.053634502 0.7398036 0.0025000009
v -0.067945205 0.7398036 0.0025000009
v -0.082255915 0.75727046 0.0025000002
v -0.09656662 0.7747349 0.0024999985
v -0.026817227 0.725377 0.0024999992
v -0.11087733 0.77473253 0.0024999985
v -0.11087733 0.7781027 0.0025000002
v -0.12601571 0.77810013 0.0025000002
v -0.013408643 0.7109505 0.0025000004
v -0.12601571 0.77473 0.0024999985
v -0.1411541 0.77809757 0.0025000016
v -4.8428777E-09 0.7109505 0.0025000004
v -0.09656662 0.7572692 0.0025000016
v -0.11087733 0.7572681 0.0025000016
v -0.12601571 0.7572667 0.0025000002
v -0.1411541 0.77472746 0.002500003
v -0.15629248 0.77472496 0.0025000002
v -0.15629248 0.77809507 0.0025000002
v -0.1411541 0.7572655 0.0024999985
v -0.12601571 0.7398035 0.0025000002
v -0.082255915 0.7398036 0.0025000009
v -0.11087733 0.7398035 0.0025000002
v -0.17143087 0.7747224 0.0025000016
v -0.17143087 0.7780925 0.0025000016
v -0.067945205 0.725377 0.0024999992
v -0.09656662 0.7398035 0.0025000002
v -0.18532278 0.77472013 0.0025000016
v -0.18532278 0.7780902 0.0025000002
v -0.053634502 0.7253771 0.0024999992
v -0.082255915 0.725377 0.0024999992
v -0.19921468 0.7747178 0.0025000002
v -0.19921468 0.7780878 0.0025000016
v -0.067945205 0.7109505 0.0025000004
v -0.040225863 0.725377 0.0024999992
v -0.21310659 0.7747154 0.0025000002
v -0.21310659 0.77808553 0.0024999985
v -0.053634502 0.7109505 0.0025000004
v -0.026817227 0.7109505 0.0025000004
v -0.040225863 0.7109505 0.0025000004
v -0.01340863 0.69532263 0.0025000002
v -0.22699848 0.77471316 0.0025000002
v -0.22699848 0.77808315 0.0025000002
v -0.053634502 0.69532263 0.0025000002
v -0.026817227 0.69532263 0.0025000002
v 2.0489097E-08 0.69532263 0.0025000002
v -0.24314915 0.7747105 0.0025000002
v -0.24314915 0.77808046 0.0025000016
v -0.040225863 0.69532263 0.0025000002
v -0.013408591 0.67969483 0.0025000004
v 0.013408698 0.69532263 0.0025000002
v -0.25929978 0.7747078 0.0024999972
v -0.25929978 0.7780778 0.0025000002
v -0.026817227 0.67969483 0.0025000004
v 4.582107E-08 0.67969483 0.0025000004
v -0.27545044 0.77470505 0.0025000016
v -0.27545044 0.77807504 0.0025000016
v -0.013408589 0.664067 0.0024999985
v -0.2916011 0.77470237 0.0024999972
v -0.2916011 0.77807236 0.0025000002
v -0.30543804 0.7747001 0.0025000002
v -0.305592 0.77807 0.0025027764
v -0.319275 0.7746977 0.0025000002
v -0.319275 0.7780677 0.0025000002
v -0.33254024 0.7746955 0.0024999985
v -0.33269757 0.7780655 0.0025000002
v -0.33939117 0.77700436 0.0024999985
v -0.33853602 0.7738534 0.0024999985
v -0.34542936 0.77392685 0.0025000016
v -0.34355006 0.77152395 0.0024999985
v -0.35022116 0.7691342 0.0025000002
v -0.34181124 0.76516163 0.0024999985
v -0.33483118 0.7573075 0.0025000002
v -0.34758756 0.76725525 0.0024999985
v -0.35329765 0.76309556 0.0024999985
v -0.34960866 0.7622407 0.0025000002
v -0.35435772 0.7564017 0.0025000002
v -0.35048634 0.7562448 0.0024999985
v -0.35435772 0.7398035 0.0025000002
v -0.35048634 0.7398036 0.0024999992
v -0.35435772 0.725377 0.0025027785
v -0.32644793 0.7666837 0.002500003
v -0.319275 0.7572506 0.0024999985
v -0.3429151 0.7482681 0.0024999985
v -0.35048634 0.7253771 0.0024999992
v -0.35435772 0.7109505 0.0025000004
v -0.33488068 0.7398036 0.0025000009
v -0.35048634 0.7109505 0.0025000004
v -0.35435772 0.69546777 0.0025027778
v -0.30543804 0.75743306 0.0025000002
v -0.32705307 0.7485556 0.0025000002
v -0.319275 0.7398035 0.0025000002
v -0.33488068 0.725377 0.0024999992
v -0.35048634 0.69532263 0.0025000002
v -0.35435772 0.67969483 0.0025000004
v -0.2916011 0.7576155 0.0024999985
v -0.30543804 0.7398035 0.0025000002
v -0.33488068 0.7109505 0.0025000004
v -0.319275 0.725377 0.0024999992
v -0.35048634 0.67969483 0.0025000004
v -0.35435772 0.664067 0.0024999985
v -0.27545044 0.7574356 0.0025000002
v -0.2916011 0.7398036 0.0025000009
v -0.30543804 0.725377 0.0024999992
v -0.33488068 0.69532263 0.0025000002
v -0.319275 0.7109505 0.0025000004
v -0.35048634 0.664067 0.0024999985
v -0.35435772 0.6484391 0.0025000016
v -0.25929978 0.7572557 0.0024999985
v -0.27545044 0.7398035 0.0025000002
v -0.2916011 0.725377 0.0024999992
v -0.30543804 0.7109505 0.0025000004
v -0.33488068 0.67969483 0.0025000004
v -0.319275 0.69532263 0.0025000002
v -0.35048634 0.6484391 0.0025000016
v -0.35435772 0.6204219 0.0025000016
v -0.33488068 0.664067 0.0024999985
v -0.319275 0.67969483 0.0025000004
v -0.30543804 0.69532263 0.0025000002
v -0.2916011 0.7109505 0.0025000004
v -0.35048634 0.6204219 0.0025000016
v -0.35435772 0.59240466 0.0025000002
v -0.35048634 0.59240466 0.0025000002
v -0.33488068 0.6484391 0.0025000016
v -0.319275 0.6204219 0.0025000016
v -0.31927875 0.59240466 0.0025000002
v -0.2916011 0.6204219 0.0025000016
v -0.2916011 0.59240466 0.0025000002
v -0.25929978 0.59240466 0.0025000002
v -0.319275 0.664067 0.0024999985
v -0.30543804 0.67969483 0.0025000004
v -0.319275 0.6484391 0.0025000016
v -0.30543804 0.6484391 0.0025000016
v -0.30543804 0.664067 0.0024999985
v -0.2916011 0.69532263 0.0025000002
v -0.2916011 0.67969483 0.0025000004
v -0.2916011 0.664067 0.0024999985
v -0.2916011 0.6484391 0.0025000016
v -0.27545044 0.7109505 0.0025000004
v -0.27545044 0.69532263 0.0025000002
v -0.27545044 0.67969483 0.0025000004
v -0.27545044 0.664067 0.0024999985
v -0.27545044 0.6484391 0.0025000016
v -0.27545044 0.725377 0.0024999992
v -0.25929978 0.7398035 0.0025000002
v -0.25929978 0.725377 0.0024999992
v -0.25929978 0.7109505 0.0025000004
v -0.25929978 0.69532263 0.0025000002
v -0.25929978 0.67969483 0.0025000004
v -0.24314915 0.757257 0.0025000002
v -0.24314915 0.7398035 0.0025000002
v -0.22699848 0.75725836 0.0024999985
v -0.24314915 0.725377 0.0024999992
v -0.24314915 0.7109505 0.0025000004
v -0.22699848 0.7398035 0.0025000002
v -0.21310659 0.7572595 0.0025000002
v -0.22699848 0.725377 0.0024999992
v -0.24314915 0.69532263 0.0025000002
v -0.19921468 0.75726074 0.0024999972
v -0.21310659 0.7398035 0.0025000002
v -0.22699848 0.7109505 0.0025000004
v -0.18532278 0.7572619 0.0024999985
v -0.21310659 0.725377 0.0024999992
v -0.19921468 0.7398036 0.0025000009
v -0.17143087 0.757263 0.0025000002
v -0.18532278 0.7398036 0.0024999992
v -0.19921468 0.725377 0.0024999992
v -0.21310659 0.7109505 0.0025000004
v -0.22699848 0.69532263 0.0025000002
v -0.15629248 0.75726426 0.0024999985
v -0.17143087 0.7398036 0.0024999992
v -0.1411541 0.7398036 0.0025000009
v -0.18532278 0.725377 0.0024999992
v -0.15629248 0.7398036 0.0024999992
v -0.12601571 0.725377 0.0024999992
v -0.17143087 0.7253771 0.0024999992
v -0.18532278 0.7109505 0.0025000004
v -0.1411541 0.7253771 0.0024999992
v -0.11087733 0.725377 0.0024999992
v -0.19921468 0.7109505 0.0025000004
v -0.15629248 0.7253771 0.0024999992
v -0.12601571 0.7109505 0.0025000004
v -0.1411541 0.7109505 0.0025000004
v -0.15629248 0.7109505 0.0025000004
v -0.17143087 0.7109505 0.0025000004
v -0.18532278 0.69532263 0.0025000002
v -0.19921468 0.69532263 0.0025000002
v -0.17143087 0.69532263 0.0025000002
v -0.21310659 0.69532263 0.0025000002
v -0.18532278 0.67969483 0.0025000004
v -0.19921468 0.67969483 0.0025000004
v -0.1411541 0.69532263 0.0025000002
v -0.15629248 0.69532263 0.0025000002
v -0.17143087 0.67969483 0.0025000004
v -0.18532278 0.664067 0.0024999985
v -0.12601571 0.69532263 0.0025000002
v -0.11087733 0.7109505 0.0025000004
v -0.21310659 0.67969483 0.0025000004
v -0.19921468 0.664067 0.0024999985
v -0.22699848 0.67969483 0.0025000004
v -0.24314915 0.67969483 0.0025000004
v -0.25929978 0.664067 0.0024999985
v -0.24314915 0.664067 0.0024999985
v -0.22699848 0.664067 0.0024999985
v -0.24314915 0.6484391 0.0025000016
v -0.25929978 0.6484391 0.0025000016
v -0.25929978 0.6204219 0.0025000016
v -0.22699848 0.6204219 0.0025000016
v -0.22699848 0.59240466 0.0025000002
v -0.19921468 0.59240466 0.0025000002
v -0.21310659 0.664067 0.0024999985
v -0.22699848 0.6484391 0.0025000016
v -0.21310659 0.6484391 0.0025000016
v -0.19921468 0.6204219 0.0025000016
v -0.19921468 0.6484391 0.0025000016
v -0.18532278 0.6484391 0.0025000016
v -0.17143087 0.6204219 0.0025000016
v -0.17143087 0.59240466 0.0025000002
v -0.17143087 0.664067 0.0024999985
v -0.1411541 0.6204219 0.0025000016
v -0.1411541 0.59240466 0.0025000002
v -0.11087733 0.6204219 0.0025000016
v -0.11087733 0.59240466 0.0025000002
v -0.082255915 0.59240466 0.0025000002
v -0.17143087 0.6484391 0.0025000016
v -0.15629248 0.6484391 0.0025000016
v -0.15629248 0.67969483 0.0025000004
v -0.15629248 0.664067 0.0024999985
v -0.1411541 0.6484391 0.0025000016
v -0.1411541 0.67969483 0.0025000004
v -0.1411541 0.664067 0.0024999985
v -0.12601571 0.6484391 0.0025000016
v -0.12601571 0.67969483 0.0025000004
v -0.12601571 0.664067 0.0024999985
v -0.11087733 0.69532263 0.0025000002
v -0.11087733 0.67969483 0.0025000004
v -0.11087733 0.664067 0.0024999985
v -0.09656662 0.7109505 0.0025000004
v -0.09656662 0.69532263 0.0025000002
v -0.11087733 0.6484391 0.0025000016
v -0.09656662 0.67969483 0.0025000004
v -0.09656662 0.664067 0.0024999985
v -0.09656662 0.6484391 0.0025000016
v -0.082255915 0.6204219 0.0025000016
v -0.053634502 0.6204219 0.0025000016
v -0.053634502 0.59240466 0.0025000002
v -0.026817227 0.59240466 0.0025000002
v -0.082255915 0.6484391 0.0025000016
v -0.082255915 0.664067 0.0024999985
v -0.067945205 0.6484391 0.0025000016
v -0.082255915 0.67969483 0.0025000004
v -0.067945205 0.664067 0.0024999985
v -0.082255915 0.69532263 0.0025000002
v -0.067945205 0.67969483 0.0025000004
v -0.053634502 0.664067 0.0024999985
v -0.053634502 0.6484391 0.0025000016
v -0.040225863 0.6484391 0.0025000016
v -0.053634502 0.67969483 0.0025000004
v -0.026817227 0.6204219 0.0025000016
v 4.7683717E-08 0.6204219 0.0025000016
v 4.7683717E-08 0.59240466 0.0025000002
v 0.026817322 0.59240466 0.0025000002
v 0.026817322 0.6204219 0.0025000016
v 0.053634595 0.59240466 0.0025000002
v 0.053634595 0.6204219 0.0025000016
v 0.08225601 0.59240466 0.0025000002
v 0.08225601 0.6204219 0.0025000016
v 0.11087742 0.6204219 0.0025000016
v -0.026817227 0.6484391 0.0025000016
v -0.013408589 0.6484391 0.0025000016
v -0.040225863 0.664067 0.0024999985
v -0.026817227 0.664067 0.0024999985
v -0.040225863 0.67969483 0.0025000004
v -0.067945205 0.69532263 0.0025000002
v -0.082255915 0.7109505 0.0025000004
v -0.09656662 0.725377 0.0024999992
v 4.6752394E-08 0.664067 0.0024999985
v 4.7683717E-08 0.6484391 0.0025000016
v 0.013408685 0.6484391 0.0025000016
v 0.013408683 0.67969483 0.0025000004
v 0.013408685 0.664067 0.0024999985
v 0.026817322 0.6484391 0.0025000016
v 0.026817322 0.67969483 0.0025000004
v 0.026817322 0.664067 0.0024999985
v 0.04022596 0.6484391 0.0025000016
v 0.04022596 0.69532263 0.0025000002
v 0.04022596 0.67969483 0.0025000004
v 0.04022596 0.664067 0.0024999985
v 0.053634595 0.6484391 0.0025000016
v 0.053634595 0.664067 0.0024999985
v 0.0679453 0.6484391 0.0025000016
v 0.053634595 0.67969483 0.0025000004
v 0.053634595 0.69532263 0.0025000002
v 0.0679453 0.664067 0.0024999985
v 0.053634595 0.7109505 0.0025000004
v 0.0679453 0.67969483 0.0025000004
v 0.0679453 0.7109505 0.0025000004
v 0.0679453 0.69532263 0.0025000002
v 0.08225601 0.69532263 0.0025000002
v 0.08225601 0.67969483 0.0025000004
v 0.08225601 0.664067 0.0024999985
v 0.08225601 0.725377 0.0024999992
v 0.08225601 0.7109505 0.0025000004
v 0.096566714 0.7109505 0.0025000004
v 0.096566714 0.69532263 0.0025000002
v 0.096566714 0.67969483 0.0025000004
v 0.08225601 0.6484391 0.0025000016
v 0.096566714 0.6484391 0.0025000016
v 0.096566714 0.664067 0.0024999985
v 0.11087742 0.69532263 0.0025000002
v 0.11087742 0.725377 0.0024999992
v 0.11087742 0.67969483 0.0025000004
v 0.11087742 0.664067 0.0024999985
v 0.11087742 0.6484391 0.0025000016
v 0.12601581 0.6484391 0.0025000016
v 0.11087742 0.7109505 0.0025000004
v 0.12601581 0.7109505 0.0025000004
v 0.12601581 0.664067 0.0024999985
v 0.12601581 0.69532263 0.0025000002
v 0.12601581 0.67969483 0.0025000004
v 0.1411542 0.7109505 0.0025000004
v 0.1411542 0.69532263 0.0025000002
v 0.15629259 0.69532263 0.0025000002
v 0.15629259 0.67969483 0.0025000004
v 0.1411542 0.67969483 0.0025000004
v 0.15629259 0.664067 0.0024999985
v 0.1411542 0.664067 0.0024999985
v 0.15629259 0.6484391 0.0025000016
v 0.1411542 0.6484391 0.0025000016
v 0.17143098 0.6484391 0.0025000016
v 0.3543428 0.6204219 -0.0025027753
v 0.35434282 0.59240466 -0.0025027767
v 0.35434282 0.59240466 0.0025000002
v 0.35434282 0.6204219 0.0025000016
v 0.35434282 0.6484391 0.0025000016
v 0.3543428 0.6484391 -0.0025027767
v 0.3543428 0.664067 -0.002502776
v 0.35434285 0.664067 0.0024999985
v 0.3543428 0.67969483 -0.0025027767
v 0.35434285 0.67969483 0.0025000004
v 0.3543428 0.69546777 -0.0025027767
v 0.35434285 0.69546777 0.0025027778
v 0.35434285 0.7109505 0.0025000004
v 0.3543428 0.7109505 -0.0025027764
v 0.3543428 0.725377 -0.0025027767
v 0.35434285 0.725377 0.0025027785
v 0.3543428 0.7398035 -0.002502776
v 0.35434285 0.7398036 0.0025000009
v 0.3543428 0.7564017 0.0025000002
v 0.3543428 0.7564017 -0.0025027783
v 0.3532827 0.76309556 0.0024999985
v 0.3532827 0.76309556 -0.0025027783
v 0.35020617 0.7691342 0.0025000002
v 0.35020623 0.7691342 -0.0025027767
v 0.3454144 0.77392685 0.0025000016
v 0.3454144 0.77392685 -0.0025027767
v 0.3393762 0.77700436 0.0024999985
v 0.3393762 0.77700436 -0.0025027783
v 0.3326826 0.7780655 0.0025000002
v 0.33268264 0.7780655 -0.0025027767
v 0.3192751 0.7780677 -0.0025027783
v 0.3192751 0.7780677 0.0025000002
v 0.3055921 0.77807 -0.0025027767
v 0.30559212 0.7780701 0.0025027748
v 0.29160118 0.77807236 -0.0025027797
v 0.29160118 0.77807236 0.0025000002
v 0.27545053 0.77807504 -0.0025027767
v 0.27545053 0.77807516 0.0024999972
v 0.25929987 0.7780778 -0.0025027783
v 0.25929987 0.7780778 0.0025000002
v 0.24314924 0.77808046 -0.0025027767
v 0.24314924 0.77808046 0.0025000016
v 0.22699857 0.77808315 -0.0025027767
v 0.22699857 0.77808326 0.0025000016
v 0.21310668 0.77808553 -0.0025027753
v 0.21310668 0.77808553 0.0025000002
v 0.19921477 0.7780878 -0.0025027797
v 0.19921477 0.7780878 0.0025000016
v 0.18532287 0.7780902 -0.0025027753
v 0.18532287 0.7780902 0.0025000002
v 0.17143098 0.7780925 -0.0025027783
v 0.17143098 0.7780925 0.0025000016
v 0.15629259 0.77809507 -0.0025027783
v 0.15629259 0.77809507 0.0025000002
v 0.1411542 0.77809757 -0.0025027767
v 0.1411542 0.77809757 0.0025000016
v 0.12601581 0.77810013 -0.0025027767
v 0.12601581 0.77810013 0.0025000002
v 0.11087742 0.7781027 -0.0025027767
v 0.11087742 0.7781027 0.0025000002
v 0.096566714 0.7781051 -0.0025027783
v 0.096566714 0.7781051 0.0025000002
v 0.08225601 0.77810746 -0.0025027767
v 0.08225601 0.77810746 0.0025000002
v 0.0679453 0.77810985 -0.0025027783
v 0.0679453 0.77810985 0.0024999985
v 0.053634595 0.77811223 -0.0025027783
v 0.053634595 0.77811223 0.0025000016
v 0.04022596 0.7781145 -0.0025027797
v 0.04022596 0.7781145 0.0024999972
v 0.026817322 0.7781167 -0.0025027753
v 0.026817322 0.7781167 0.0025000002
v 0.013408685 0.778119 -0.0025027783
v 0.013408685 0.778119 0.0025000002
v 4.7683717E-08 0.7781212 -0.0025027783
v 4.7683717E-08 0.7781212 0.0025000002
v -0.013408589 0.778119 -0.0025027783
v -0.013408589 0.778119 0.0025000002
v -0.026817227 0.7781167 -0.0025027753
v -0.026817227 0.7781167 0.0025000002
v -0.040225863 0.7781145 -0.0025027797
v -0.040225863 0.7781145 0.0024999972
v -0.053634502 0.77811223 -0.0025027783
v -0.053634502 0.77811223 0.0025000016
v -0.067945205 0.77810985 -0.0025027783
v -0.067945205 0.77810985 0.0024999985
v -0.082255915 0.77810746 -0.0025027767
v -0.082255915 0.77810746 0.0025000002
v -0.09656662 0.7781051 -0.0025027783
v -0.09656662 0.7781051 0.0025000002
v -0.11087733 0.7781027 -0.0025027767
v -0.11087733 0.7781027 0.0025000002
v -0.12601571 0.77810013 -0.0025027767
v -0.12601571 0.77810013 0.0025000002
v -0.1411541 0.77809757 -0.0025027767
v -0.1411541 0.77809757 0.0025000016
v -0.15629248 0.77809507 -0.0025027783
v -0.15629248 0.77809507 0.0025000002
v -0.17143087 0.7780925 -0.0025027783
v -0.17143087 0.7780925 0.0025000016
v -0.18532278 0.7780902 -0.0025027753
v -0.18532278 0.7780902 0.0025000002
v -0.19921468 0.7780878 -0.0025027797
v -0.19921468 0.7780878 0.0025000016
v -0.21310659 0.77808553 -0.0025027767
v -0.21310659 0.77808553 0.0024999985
v -0.22699848 0.77808326 -0.0025027737
v -0.22699848 0.77808315 0.0025000002
v -0.24314915 0.77808046 -0.0025027767
v -0.24314915 0.77808046 0.0025000016
v -0.25929978 0.7780778 -0.0025027767
v -0.25929978 0.7780778 0.0025000002
v -0.27545044 0.77807516 -0.0025027753
v -0.27545044 0.77807504 0.0025000016
v -0.2916011 0.77807236 -0.0025027797
v -0.2916011 0.77807236 0.0025000002
v -0.30559203 0.7780701 -0.0025027753
v -0.305592 0.77807 0.0025027764
v -0.319275 0.7780677 -0.0025027783
v -0.319275 0.7780677 0.0025000002
v -0.33269757 0.7780655 -0.0025027767
v -0.33269757 0.7780655 0.0025000002
v -0.33939117 0.77700436 0.0024999985
v -0.33939117 0.77700436 -0.0025027783
v -0.34542936 0.77392685 0.0025000016
v -0.34542936 0.77392685 -0.0025027767
v -0.35022116 0.7691342 0.0025000002
v -0.35022116 0.7691342 -0.0025027767
v -0.35329765 0.76309556 0.0024999985
v -0.35329765 0.76309556 -0.0025027783
v -0.35435772 0.7564017 0.0025000002
v -0.35435772 0.7564017 -0.0025027783
v -0.35435772 0.7398035 0.0025000002
v -0.35435772 0.7398036 -0.0025027774
v -0.35435772 0.725377 -0.0025027767
v -0.35435772 0.725377 0.0025027785
v -0.35435772 0.7109505 -0.0025027764
v -0.35435772 0.7109505 0.0025000004
v -0.35435772 0.69546777 0.0025027778
v -0.35435772 0.69546777 -0.0025027767
v -0.35435772 0.67969483 -0.0025027767
v -0.35435772 0.67969483 0.0025000004
v -0.35435772 0.664067 -0.002502776
v -0.35435772 0.664067 0.0024999985
v -0.35435772 0.6484391 -0.0025027767
v -0.35435772 0.6484391 0.0025000016
v -0.35435772 0.6204219 0.0025000016
v -0.35435772 0.6204219 -0.0025027753
v -0.35435772 0.59240466 -0.0025027767
v -0.35435772 0.59240466 0.0025000002
v -0.35048634 0.59240466 -0.002502779
v -0.35435772 0.6204219 -0.0025027753
v -0.35435772 0.59240466 -0.0025027767
v -0.35048634 0.6204219 -0.0025027774
v -0.319275 0.6204219 -0.0025027774
v -0.31927875 0.59240466 -0.002502779
v -0.2916011 0.59240466 -0.002502779
v -0.35048634 0.6484391 -0.0025027788
v -0.35435772 0.6484391 -0.0025027767
v -0.33488068 0.6484391 -0.0025027788
v -0.35048634 0.664067 -0.002502778
v -0.35435772 0.664067 -0.002502776
v -0.2916011 0.6204219 -0.0025027774
v -0.25929978 0.59240466 -0.002502779
v -0.33488068 0.664067 -0.002502778
v -0.35048634 0.67969483 -0.0025027788
v -0.35435772 0.67969483 -0.0025027767
v -0.25929978 0.6204219 -0.0025027774
v -0.22699848 0.59240466 -0.002502779
v -0.33488068 0.67969483 -0.0025027788
v -0.35048634 0.69532263 -0.002502779
v -0.35435772 0.69546777 -0.0025027767
v -0.22699848 0.6204219 -0.0025027774
v -0.19921468 0.59240466 -0.002502779
v -0.33488068 0.69532263 -0.002502779
v -0.35048634 0.7109505 -0.0025027783
v -0.35435772 0.7109505 -0.0025027764
v -0.19921468 0.6204219 -0.0025027774
v -0.17143087 0.59240466 -0.002502779
v -0.33488068 0.7109505 -0.0025027783
v -0.35048634 0.725377 -0.0025027788
v -0.35435772 0.725377 -0.0025027767
v -0.17143087 0.6204219 -0.0025027774
v -0.1411541 0.59240466 -0.002502779
v -0.33488068 0.725377 -0.0025027788
v -0.35048634 0.7398036 -0.0025027795
v -0.35435772 0.7398036 -0.0025027774
v -0.35048634 0.7562448 -0.0025027788
v -0.35435772 0.7564017 -0.0025027783
v -0.35329765 0.76309556 -0.0025027783
v -0.33488068 0.7398036 -0.0025027795
v -0.1411541 0.6204219 -0.0025027774
v -0.11087733 0.59240466 -0.002502779
v -0.34960866 0.7622407 -0.0025027774
v -0.35022116 0.7691342 -0.0025027767
v -0.34758756 0.76725525 -0.0025027788
v -0.34542936 0.77392685 -0.0025027767
v -0.34181127 0.76516163 -0.0025027788
v -0.3348312 0.7573075 -0.0025027774
v -0.34291515 0.74826825 -0.0025027774
v -0.34355006 0.77152395 -0.0025027774
v -0.33939117 0.77700436 -0.0025027783
v -0.33853602 0.7738534 -0.0025027788
v -0.33269757 0.7780655 -0.0025027767
v -0.33254024 0.7746955 -0.0025027774
v -0.319275 0.7780677 -0.0025027783
v -0.319275 0.7746977 -0.0025027788
v -0.30559203 0.7780701 -0.0025027753
v -0.32644793 0.7666837 -0.0025027788
v -0.30543804 0.7747001 -0.0025027802
v -0.2916011 0.77807236 -0.0025027797
v -0.319275 0.7572506 -0.0025027818
v -0.2916011 0.77470237 -0.0025027788
v -0.27545044 0.77807516 -0.0025027753
v -0.3270531 0.7485556 -0.0025027774
v -0.319275 0.7398036 -0.0025027795
v -0.30543804 0.75743306 -0.0025027788
v -0.27545044 0.77470505 -0.0025027758
v -0.25929978 0.7780778 -0.0025027767
v -0.319275 0.725377 -0.0025027788
v -0.2916011 0.7576155 -0.0025027802
v -0.30543804 0.7398036 -0.0025027795
v -0.25929978 0.7747078 -0.0025027802
v -0.24314915 0.77808046 -0.0025027767
v -0.319275 0.7109505 -0.0025027783
v -0.30543804 0.7255964 -0.0025027788
v -0.27545044 0.7574356 -0.0025027802
v -0.2916011 0.7398036 -0.0025027795
v -0.24314915 0.7747105 -0.0025027774
v -0.22699848 0.77808326 -0.0025027737
v -0.319275 0.69532263 -0.002502779
v -0.30543804 0.7109505 -0.0025027783
v -0.2916011 0.7258159 -0.0025027788
v -0.25929978 0.7572557 -0.0025027818
v -0.27545044 0.7398036 -0.0025027795
v -0.22699848 0.77471316 -0.0025027818
v -0.21310659 0.77808553 -0.0025027767
v -0.319275 0.67969483 -0.0025027788
v -0.30543804 0.69532263 -0.002502779
v -0.2916011 0.7109505 -0.0025027783
v -0.27545044 0.7257916 -0.0025027792
v -0.24314915 0.757257 -0.0025027758
v -0.25929978 0.7398036 -0.0025027795
v -0.21310659 0.77471554 -0.0025027774
v -0.19921468 0.7780878 -0.0025027797
v -0.22699848 0.75725836 -0.0025027802
v -0.24314915 0.7398036 -0.0025027795
v -0.25929976 0.72576725 -0.0025027792
v -0.27545044 0.7109505 -0.0025027783
v -0.19921468 0.7747178 -0.0025027788
v -0.18532278 0.7780902 -0.0025027753
v -0.21310659 0.75725955 -0.0025027774
v -0.22699848 0.7398036 -0.0025027795
v -0.24314912 0.72574294 -0.0025027785
v -0.18532278 0.77472013 -0.0025027788
v -0.17143087 0.7780925 -0.0025027783
v -0.19921468 0.75726074 -0.0025027788
v -0.21310659 0.7398036 -0.0025027795
v -0.17143087 0.7747225 -0.0025027788
v -0.15629248 0.77809507 -0.0025027783
v -0.18532278 0.7572619 -0.0025027802
v -0.15629248 0.77472496 -0.0025027758
v -0.1411541 0.77809757 -0.0025027767
v -0.25929978 0.7109505 -0.0025027783
v -0.22699848 0.7257186 -0.002502778
v -0.19921468 0.7398036 -0.0025027795
v -0.17143087 0.757263 -0.0025027788
v -0.1411541 0.7747275 -0.0025027788
v -0.12601571 0.77810013 -0.0025027767
v -0.24314915 0.7109505 -0.0025027783
v -0.21310659 0.7256977 -0.0025027783
v -0.18532278 0.7398036 -0.0025027795
v -0.22699848 0.7109505 -0.0025027783
v -0.19921468 0.72567683 -0.0025027797
v -0.21310659 0.7109505 -0.0025027783
v -0.12601571 0.77473015 -0.0025027788
v -0.11087733 0.7747326 -0.0025027774
v -0.11087733 0.7781027 -0.0025027767
v -0.09656662 0.7781051 -0.0025027783
v -0.09656662 0.774735 -0.0025027774
v -0.082255915 0.77810746 -0.0025027767
v -0.1411541 0.75726557 -0.0025027774
v -0.11087733 0.7572681 -0.0025027774
v -0.082255915 0.77473736 -0.0025027788
v -0.067945205 0.77810985 -0.0025027783
v -0.12601571 0.7572668 -0.0025027788
v -0.15629248 0.7572643 -0.0025027788
v -0.09656662 0.7572693 -0.0025027774
v -0.1411541 0.7398036 -0.0025027795
v -0.17143087 0.7398036 -0.0025027795
v -0.15629248 0.7398036 -0.0025027795
v -0.18532279 0.725656 -0.0025027783
v -0.18532278 0.7109505 -0.0025027783
v -0.17143087 0.72563505 -0.002502778
v -0.19921468 0.7109505 -0.0025027783
v -0.19921468 0.69532263 -0.002502779
v -0.12601571 0.7398036 -0.0025027795
v -0.1411541 0.72558945 -0.002502778
v -0.15629248 0.7256123 -0.0025027788
v -0.17143087 0.7109505 -0.0025027783
v -0.15629248 0.7109505 -0.0025027783
v -0.17143087 0.69532263 -0.002502779
v -0.18532278 0.69532263 -0.002502779
v -0.11087733 0.7398036 -0.0025027795
v -0.09656662 0.7398036 -0.0025027795
v -0.082255915 0.75727046 -0.0025027774
v -0.067945205 0.77473974 -0.0025027788
v -0.053634502 0.7747421 -0.0025027758
v -0.053634502 0.77811223 -0.0025027783
v -0.067945205 0.7572717 -0.0025027774
v -0.040225863 0.77474445 -0.0025027788
v -0.040225863 0.7781145 -0.0025027797
v -0.026817227 0.7781167 -0.0025027753
v -0.053634502 0.75727284 -0.0025027802
v -0.067945205 0.7398036 -0.0025027795
v -0.082255915 0.7398036 -0.0025027795
v -0.026817227 0.7747466 -0.0025027758
v -0.013408589 0.778119 -0.0025027783
v -0.040225863 0.757274 -0.0025027788
v -0.013408589 0.7747489 -0.0025027774
v 4.7683717E-08 0.7781212 -0.0025027783
v -0.026817227 0.7572751 -0.0025027788
v -0.040225863 0.7398036 -0.0025027788
v -0.053634502 0.7398036 -0.0025027795
v 4.7683717E-08 0.7747511 -0.0025027788
v 0.013408685 0.778119 -0.0025027783
v -0.067945205 0.7254793 -0.0025027785
v -0.013408589 0.75727624 -0.0025027818
v 0.013408685 0.7747489 -0.0025027774
v 0.026817322 0.7781167 -0.0025027753
v 4.7683717E-08 0.7572773 -0.0025027774
v -0.013408589 0.7398036 -0.0025027788
v -0.026817227 0.7398036 -0.0025027788
v -0.040225863 0.7254376 -0.002502778
v 0.026817322 0.7747466 -0.0025027758
v 0.04022596 0.7781145 -0.0025027797
v 0.013408685 0.75727624 -0.0025027818
v -0.053634502 0.7254578 -0.0025027788
v -0.013408589 0.7253972 -0.0025027788
v 4.7683717E-08 0.7398036 -0.0025027795
v 0.013408685 0.7398036 -0.0025027788
v 0.026817322 0.7572751 -0.0025027788
v 0.04022596 0.77474445 -0.0025027788
v -0.026817227 0.72541744 -0.002502778
v -0.040225863 0.7109505 -0.0025027783
v 0.053634595 0.7747421 -0.0025027758
v 0.053634595 0.77811223 -0.0025027783
v 0.0679453 0.77810985 -0.0025027783
v 0.0679453 0.77473974 -0.0025027788
v 0.08225601 0.77810746 -0.0025027767
v 0.08225601 0.77473736 -0.0025027788
v 0.096566714 0.7781051 -0.0025027783
v 0.0679453 0.7572717 -0.0025027774
v 0.053634595 0.75727284 -0.0025027802
v 0.04022596 0.757274 -0.0025027788
v 0.026817322 0.7398036 -0.0025027788
v 0.013408685 0.7253972 -0.0025027788
v 4.7683717E-08 0.725377 -0.0025027788
v -0.013408589 0.7109505 -0.0025027783
v -0.026817227 0.7109505 -0.0025027783
v 0.0679453 0.7398035 -0.002502778
v 0.053634595 0.7398035 -0.002502778
v 0.04022596 0.7398036 -0.0025027795
v 0.026817322 0.72541744 -0.002502778
v 0.013408685 0.7109505 -0.0025027783
v 4.7683717E-08 0.7109505 -0.0025027783
v 0.08225601 0.75727046 -0.0025027774
v 0.096566714 0.774735 -0.0025027774
v 0.11087742 0.7747326 -0.0025027774
v 0.11087742 0.7781027 -0.0025027767
v 0.12601581 0.77810013 -0.0025027767
v 0.12601581 0.77473015 -0.0025027788
v 0.1411542 0.77809757 -0.0025027767
v 0.11087742 0.7572681 -0.0025027774
v 0.096566714 0.7572693 -0.0025027774
v 0.08225601 0.7398036 -0.0025027795
v 0.0679453 0.7254793 -0.0025027785
v 0.053634595 0.7254578 -0.0025027788
v 0.04022596 0.7254376 -0.002502778
v 0.026817322 0.7109505 -0.0025027783
v 0.096566714 0.7398036 -0.0025027795
v 0.08225601 0.72550076 -0.0025027785
v 0.0679453 0.7109505 -0.0025027783
v 0.053634595 0.7109505 -0.0025027783
v 0.04022596 0.7109505 -0.0025027783
v 0.11087742 0.7398036 -0.0025027795
v 0.053634595 0.69532263 -0.002502779
v 0.013408685 0.69532263 -0.002502779
v 0.026817322 0.69532263 -0.002502779
v 4.7683717E-08 0.69532263 -0.002502779
v 0.04022596 0.69532263 -0.002502779
v 0.013408685 0.67969483 -0.0025027788
v -0.013408589 0.69532263 -0.002502779
v -0.026817227 0.69532263 -0.002502779
v -0.013408589 0.67969483 -0.0025027788
v 0.026817322 0.67969483 -0.0025027788
v 4.7683717E-08 0.67969483 -0.0025027788
v -0.040225863 0.69532263 -0.002502779
v 0.013408685 0.664067 -0.002502778
v 0.04022596 0.67969483 -0.0025027788
v 0.026817322 0.664067 -0.002502778
v 0.053634595 0.67969483 -0.0025027788
v -0.026817227 0.67969483 -0.0025027788
v -0.040225863 0.67969483 -0.0025027788
v -0.053634502 0.69532263 -0.002502779
v -0.013408589 0.664067 -0.002502778
v 4.7683717E-08 0.664067 -0.002502778
v 0.013408685 0.6484391 -0.0025027788
v -0.053634502 0.7109505 -0.0025027783
v -0.067945205 0.7109505 -0.0025027783
v -0.067945205 0.69532263 -0.002502779
v -0.082255915 0.72550076 -0.0025027785
v -0.09656662 0.72552234 -0.0025027778
v -0.11087733 0.7255439 -0.0025027785
v -0.09656662 0.7109505 -0.0025027783
v -0.082255915 0.7109505 -0.0025027783
v -0.082255915 0.69532263 -0.002502779
v -0.067945205 0.67969483 -0.0025027788
v -0.12601571 0.7255667 -0.0025027792
v -0.1411541 0.7109505 -0.0025027783
v -0.12601571 0.7109505 -0.0025027783
v -0.15629248 0.69532263 -0.002502779
v -0.1411541 0.69532263 -0.002502779
v -0.11087733 0.7109505 -0.0025027783
v -0.15629248 0.67969483 -0.0025027788
v -0.12601571 0.69532263 -0.002502779
v -0.11087733 0.69532263 -0.002502779
v -0.12601571 0.67969483 -0.0025027788
v -0.17143087 0.67969483 -0.0025027788
v -0.1411541 0.67969483 -0.0025027788
v -0.09656662 0.69532263 -0.002502779
v -0.09656662 0.67969483 -0.0025027788
v -0.11087733 0.67969483 -0.0025027788
v -0.082255915 0.67969483 -0.0025027788
v -0.15629248 0.664067 -0.002502778
v -0.12601571 0.664067 -0.002502778
v -0.09656662 0.664067 -0.002502778
v -0.1411541 0.664067 -0.002502778
v -0.11087733 0.664067 -0.002502778
v -0.12601571 0.6484391 -0.0025027788
v -0.067945205 0.664067 -0.002502778
v -0.082255915 0.664067 -0.002502778
v -0.09656662 0.6484391 -0.0025027788
v -0.11087733 0.6484391 -0.0025027788
v -0.053634502 0.67969483 -0.0025027788
v -0.040225863 0.664067 -0.002502778
v -0.053634502 0.664067 -0.002502778
v -0.067945205 0.6484391 -0.0025027788
v -0.026817227 0.664067 -0.002502778
v -0.040225863 0.6484391 -0.0025027788
v -0.013408589 0.6484391 -0.0025027788
v -0.082255915 0.6484391 -0.0025027788
v -0.082255915 0.6204219 -0.0025027774
v -0.053634502 0.6484391 -0.0025027788
v -0.053634502 0.6204219 -0.0025027774
v -0.026817227 0.6484391 -0.0025027788
v -0.026817227 0.6204219 -0.0025027774
v 4.7683717E-08 0.6484391 -0.0025027788
v 4.7683717E-08 0.6204219 -0.0025027774
v -0.11087733 0.6204219 -0.0025027774
v -0.026817227 0.59240466 -0.002502779
v -0.053634502 0.59240466 -0.002502779
v 4.7683717E-08 0.59240466 -0.002502779
v -0.082255915 0.59240466 -0.002502779
v 0.026817322 0.59240466 -0.002502779
v 0.026817322 0.6204219 -0.0025027774
v 0.053634595 0.59240466 -0.002502779
v -0.1411541 0.6484391 -0.0025027788
v -0.15629248 0.6484391 -0.0025027788
v -0.17143087 0.664067 -0.002502778
v -0.17143087 0.6484391 -0.0025027788
v -0.18532278 0.6484391 -0.0025027788
v -0.18532278 0.67969483 -0.0025027788
v -0.18532278 0.664067 -0.002502778
v -0.19921468 0.6484391 -0.0025027788
v -0.19921468 0.67969483 -0.0025027788
v -0.19921468 0.664067 -0.002502778
v -0.21310659 0.6484391 -0.0025027788
v -0.21310659 0.69532263 -0.002502779
v -0.21310659 0.67969483 -0.0025027788
v -0.21310659 0.664067 -0.002502778
v -0.22699848 0.6484391 -0.0025027788
v -0.22699848 0.69532263 -0.002502779
v -0.22699848 0.67969483 -0.0025027788
v -0.22699848 0.664067 -0.002502778
v -0.24314915 0.6484391 -0.0025027788
v -0.24314915 0.69532263 -0.002502779
v -0.24314915 0.664067 -0.002502778
v -0.24314915 0.67969483 -0.0025027788
v -0.25929978 0.69532263 -0.002502779
v -0.25929978 0.664067 -0.002502778
v -0.25929978 0.67969483 -0.0025027788
v -0.25929978 0.6484391 -0.0025027788
v -0.27545044 0.6484391 -0.0025027788
v -0.27545044 0.69532263 -0.002502779
v -0.27545044 0.67969483 -0.0025027788
v -0.27545044 0.664067 -0.002502778
v -0.2916011 0.6484391 -0.0025027788
v -0.2916011 0.69532263 -0.002502779
v -0.2916011 0.67969483 -0.0025027788
v -0.2916011 0.664067 -0.002502778
v -0.30543804 0.6484391 -0.0025027788
v -0.30543804 0.67969483 -0.0025027788
v -0.30543804 0.664067 -0.002502778
v -0.319275 0.6484391 -0.0025027788
v -0.319275 0.664067 -0.002502778
v 0.35434282 0.59240466 0.0025000002
v 0.35434282 0.59240466 -0.0025027767
v 0.3543428 0.571935 -0.0025027767
v 0.3543428 0.571935 0.0025000002
v -0.35435772 0.59240466 -0.0025027767
v -0.35435772 0.59240466 0.0025000002
v -0.35435778 0.571935 0.0025000002
v -0.35435778 0.571935 -0.0025027767
v -0.35435778 0.571935 0.0025000002
v -0.35435772 0.59240466 0.0025000002
v -0.35048634 0.59240466 0.0025000002
v -0.35048637 0.571935 0.0025000002
v -0.32104376 0.5724909 0.0025000002
v -0.31927875 0.59240466 0.0025000002
v -0.29160115 0.5730468 0.0025000002
v -0.2916011 0.59240466 0.0025000002
v -0.25929984 0.57390845 0.0025000002
v -0.25929978 0.59240466 0.0025000002
v -0.22699852 0.5747701 0.0025000002
v -0.22699848 0.59240466 0.0025000002
v -0.19921473 0.5745775 0.0025000002
v -0.19921468 0.59240466 0.0025000002
v -0.17143093 0.574385 0.0025000002
v -0.17143087 0.59240466 0.0025000002
v -0.14115416 0.574296 0.0025000002
v -0.1411541 0.59240466 0.0025000002
v -0.11087737 0.5742071 0.0025000002
v -0.11087733 0.59240466 0.0025000002
v -0.08225596 0.5736166 0.0025000002
v -0.082255915 0.59240466 0.0025000002
v -0.05363455 0.573026 0.0025000002
v -0.053634502 0.59240466 0.0025000002
v -0.026817275 0.5724948 0.0025000002
v -0.026817227 0.59240466 0.0025000002
v -5.752154E-18 0.5719636 0.0025000002
v 4.7683717E-08 0.59240466 0.0025000002
v 0.026817275 0.5715464 0.0025000002
v 0.026817322 0.59240466 0.0025000002
v 0.05363455 0.57112914 0.0025000002
v 0.053634595 0.59240466 0.0025000002
v 0.08225596 0.5713447 0.0025000002
v 0.08225601 0.59240466 0.0025000002
v 0.11087737 0.5715602 0.0025000002
v 0.11087742 0.59240466 0.0025000002
v 0.14115416 0.5712102 0.0025000002
v 0.1411542 0.59240466 0.0025000002
v 0.17143093 0.5708602 0.0025000002
v 0.17143099 0.59240466 0.0025000002
v 0.19921473 0.57091886 0.0025000002
v 0.19921477 0.59240466 0.0025000002
v 0.22699852 0.5709776 0.0025000002
v 0.22699857 0.59240466 0.0025000002
v 0.25929984 0.5713002 0.0025000002
v 0.25929987 0.59240466 0.0025000002
v 0.29160115 0.57162285 0.0025000002
v 0.29160118 0.59240466 0.0025000002
v 0.31930003 0.5717789 0.0025000002
v 0.3192751 0.59240466 0.0025000002
v 0.3504714 0.571935 0.0025000002
v 0.35047147 0.59240466 0.0025000002
v 0.35434282 0.59240466 0.0025000002
v 0.3543428 0.571935 0.0025000002
v 0.3543428 0.571935 -0.0025027767
v 0.35434282 0.59240466 -0.0025027767
v 0.35047147 0.59240466 -0.002502779
v 0.3504714 0.571935 -0.002502779
v 0.3192751 0.59240466 -0.002502779
v 0.31930003 0.5717789 -0.002502779
v 0.29160115 0.57162285 -0.002502779
v 0.29160118 0.59240466 -0.002502779
v 0.25929984 0.5713002 -0.002502779
v 0.25929987 0.59240466 -0.002502779
v 0.22699852 0.5709776 -0.002502779
v 0.22699857 0.59240466 -0.002502779
v 0.19921473 0.57091886 -0.002502779
v 0.19921477 0.59240466 -0.002502779
v 0.17143093 0.5708602 -0.002502779
v 0.17143098 0.59240466 -0.002502779
v 0.14115416 0.5712102 -0.002502779
v 0.1411542 0.59240466 -0.002502779
v 0.11087737 0.5715602 -0.002502779
v 0.11087742 0.59240466 -0.002502779
v 0.08225596 0.5713447 -0.002502779
v 0.08225601 0.59240466 -0.002502779
v 0.05363455 0.57112914 -0.002502779
v 0.053634595 0.59240466 -0.002502779
v 0.026817275 0.5715464 -0.002502779
v 0.026817322 0.59240466 -0.002502779
v 4.7683717E-08 0.59240466 -0.002502779
v -1.9904979E-18 0.5719636 -0.002502779
v -0.026817227 0.59240466 -0.002502779
v -0.026817275 0.5724948 -0.002502779
v -0.05363455 0.573026 -0.002502779
v -0.053634502 0.59240466 -0.002502779
v -0.08225596 0.5736166 -0.002502779
v -0.082255915 0.59240466 -0.002502779
v -0.11087737 0.5742071 -0.002502779
v -0.11087733 0.59240466 -0.002502779
v -0.14115416 0.574296 -0.002502779
v -0.1411541 0.59240466 -0.002502779
v -0.17143093 0.574385 -0.002502779
v -0.17143087 0.59240466 -0.002502779
v -0.19921468 0.59240466 -0.002502779
v -0.19921473 0.5745775 -0.002502779
v -0.22699852 0.5747701 -0.002502779
v -0.22699848 0.59240466 -0.002502779
v -0.25929984 0.57390845 -0.002502779
v -0.25929978 0.59240466 -0.002502779
v -0.29160115 0.5730468 -0.002502779
v -0.2916011 0.59240466 -0.002502779
v -0.32104376 0.5724909 -0.002502779
v -0.31927875 0.59240466 -0.002502779
v -0.35048637 0.571935 -0.002502779
v -0.35048634 0.59240466 -0.002502779
v -0.35435772 0.59240466 -0.0025027767
v -0.35435778 0.571935 -0.0025027767
v 0.3504714 0.571935 -0.002502779
v 0.3543428 0.571935 0.0025000002
v 0.3543428 0.571935 -0.0025027767
v 0.3504714 0.571935 0.0025000002
v 0.31930003 0.5717789 0.0025000002
v 0.31930003 0.5717789 -0.002502779
v 0.29160115 0.57162285 -0.002502779
v 0.29160115 0.57162285 0.0025000002
v 0.25929984 0.5713002 0.0025000002
v 0.25929984 0.5713002 -0.002502779
v 0.22699852 0.5709776 -0.002502779
v 0.22699852 0.5709776 0.0025000002
v 0.19921473 0.57091886 0.0025000002
v 0.19921473 0.57091886 -0.002502779
v 0.17143093 0.5708602 -0.002502779
v 0.17143093 0.5708602 0.0025000002
v 0.14115416 0.5712102 0.0025000002
v 0.14115416 0.5712102 -0.002502779
v 0.11087737 0.5715602 -0.002502779
v 0.11087737 0.5715602 0.0025000002
v 0.08225596 0.5713447 0.0025000002
v 0.08225596 0.5713447 -0.002502779
v 0.05363455 0.57112914 -0.002502779
v 0.05363455 0.57112914 0.0025000002
v 0.026817275 0.5715464 0.0025000002
v 0.026817275 0.5715464 -0.002502779
v -5.752154E-18 0.5719636 0.0025000002
v -1.9904979E-18 0.5719636 -0.002502779
v -0.026817275 0.5724948 0.0025000002
v -0.026817275 0.5724948 -0.002502779
v -0.05363455 0.573026 0.0025000002
v -0.05363455 0.573026 -0.002502779
v -0.08225596 0.5736166 0.0025000002
v -0.08225596 0.5736166 -0.002502779
v -0.11087737 0.5742071 0.0025000002
v -0.11087737 0.5742071 -0.002502779
v -0.14115416 0.574296 0.0025000002
v -0.14115416 0.574296 -0.002502779
v -0.17143093 0.574385 0.0025000002
v -0.17143093 0.574385 -0.002502779
v -0.19921473 0.5745775 0.0025000002
v -0.19921473 0.5745775 -0.002502779
v -0.22699852 0.5747701 0.0025000002
v -0.22699852 0.5747701 -0.002502779
v -0.25929984 0.57390845 0.0025000002
v -0.25929984 0.57390845 -0.002502779
v -0.29160115 0.5730468 0.0025000002
v -0.29160115 0.5730468 -0.002502779
v -0.32104376 0.5724909 0.0025000002
v -0.32104376 0.5724909 -0.002502779
v -0.35048637 0.571935 0.0025000002
v -0.35048637 0.571935 -0.002502779
v -0.35435778 0.571935 -0.0025027767
v -0.35435778 0.571935 0.0025000002
v -0.35048637 -0.52329195 0.0025028326
v -0.35435778 -0.561808 0.0025027767
v -0.35435778 -0.52329195 0.0025028305
v -0.35048646 -0.56165093 0.002502779
v -0.35329756 -0.5685019 0.0025027771
v -0.32134464 -0.52329195 0.0025028326
v -0.34959504 -0.56752133 0.0025027795
v -0.3502207 -0.57454056 0.0025027771
v -0.3470426 -0.5725218 0.0025027792
v -0.3454284 -0.5793328 0.0025027771
v -0.3432909 -0.57651085 0.002502779
v -0.33938977 -0.58240974 0.0025027774
v -0.33805296 -0.5790633 0.0025027795
v -0.33269584 -0.58347 0.002502777
v -0.33253875 -0.5801441 0.0025027792
v -0.31244937 -0.58347005 0.0025027764
v -0.31237084 -0.580144 0.0025027792
v -0.29220292 -0.5834701 0.0025027762
v -0.29220292 -0.58014387 0.0025027795
v -0.29220292 -0.52329195 0.0025028326
v -0.26000148 -0.5834703 0.0025027764
v -0.26000148 -0.5801437 0.0025027797
v -0.26200992 -0.5232919 0.0025028326
v -0.22780001 -0.58347034 0.0025027767
v -0.22780001 -0.5801435 0.0025027802
v -0.23181692 -0.5232919 0.0025028326
v -0.19961546 -0.58347046 0.0025027771
v -0.19961546 -0.5801434 0.0025027792
v -0.20162392 -0.5232919 0.0025028326
v -0.17143093 -0.5834706 0.0025027774
v -0.17143093 -0.5232919 0.0025028326
v -0.17143093 -0.5801432 0.0025027788
v -0.14166546 -0.5834707 0.0025027771
v -0.14166546 -0.5801431 0.0025027792
v -0.1285732 -0.5232919 0.0025028326
v -0.1120955 -0.582404 0.0025028
v -0.111899994 -0.58347076 0.0025027771
v -0.111899994 -0.5801429 0.0025027802
v -0.085715465 -0.5232919 0.0025028326
v -0.08458786 -0.5801427 0.0025027797
v -0.08452182 -0.58347094 0.0025027771
v -0.057143636 -0.583471 0.002502777
v -0.05714364 -0.58014256 0.0025027792
v -0.028571818 -0.5834711 0.0025027767
v -0.042857733 -0.5232919 0.0025028326
v -0.02857182 -0.58014244 0.0025027795
v -0 -0.58347124 0.0025027767
v -0 -0.58014226 0.0025027797
v -0 -0.5232918 0.0025028326
v 0.02857182 -0.5834711 0.0025027767
v 0.02857182 -0.58014244 0.0025027795
v 0.05714364 -0.583471 0.0025027767
v 0.042857733 -0.5232919 0.0025028326
v 0.05714364 -0.5801426 0.0025027792
v 0.08452182 -0.5834709 0.002502777
v 0.08452182 -0.58014274 0.0025027797
v 0.085715465 -0.5232919 0.0025028326
v 0.111899994 -0.58347076 0.0025027771
v 0.111899994 -0.5801429 0.0025027802
v 0.14166546 -0.5834707 0.0025027771
v 0.1285732 -0.5232919 0.0025028326
v 0.14166546 -0.5801431 0.0025027792
v 0.17143093 -0.5834706 0.0025027774
v 0.17143093 -0.5801432 0.0025027788
v 0.17143093 -0.52329195 0.0025028326
v 0.19961546 -0.58347046 0.0025027771
v 0.19961548 -0.5801434 0.0025027792
v 0.20162392 -0.52329195 0.0025028326
v 0.22780001 -0.58347034 0.0025027767
v 0.22780001 -0.5801435 0.0025027802
v 0.23181692 -0.52329195 0.0025028326
v 0.26000148 -0.5834703 0.0025027764
v 0.26000148 -0.5801437 0.0025027797
v 0.26200992 -0.52329195 0.0025028326
v 0.29220292 -0.5834701 0.0025027762
v 0.29220292 -0.52329195 0.0025028326
v 0.29220292 -0.58014387 0.0025027795
v 0.3124419 -0.58347005 0.0025027764
v 0.32133713 -0.52329195 0.0025028326
v 0.31236336 -0.580144 0.0025027792
v 0.33268085 -0.58347 0.002502777
v 0.3325238 -0.5801441 0.0025027792
v 0.33937475 -0.58240974 0.0025027774
v 0.35047147 -0.56165093 0.002502779
v 0.35047135 -0.52329195 0.0025028326
v 0.3543428 -0.52329195 0.0025028305
v 0.3543428 -0.561808 0.0025027767
v 0.33803803 -0.57906336 0.0025027792
v 0.34541342 -0.5793328 0.0025027771
v 0.34958008 -0.56752133 0.0025027795
v 0.35328254 -0.5685019 0.0025027771
v 0.34702766 -0.57252187 0.002502779
v 0.35020572 -0.57454056 0.0025027771
v 0.343276 -0.576511 0.002502779
v 0.35047135 -0.52329195 -0.0025027252
v 0.3543428 -0.561808 -0.0025027764
v 0.3543428 -0.52329195 -0.0025027231
v 0.3504715 -0.56165093 -0.002502779
v 0.35328254 -0.5685019 -0.0025027762
v 0.32133713 -0.52329195 -0.0025027252
v 0.34958008 -0.56752133 -0.0025027785
v 0.35020572 -0.57454056 -0.0025027767
v 0.34702766 -0.57252187 -0.0025027785
v 0.34541342 -0.5793328 -0.0025027767
v 0.343276 -0.5765109 -0.002502779
v 0.33937475 -0.58240974 -0.002502777
v 0.33803803 -0.57906336 -0.002502779
v 0.33268085 -0.58347 -0.0025027767
v 0.3325238 -0.5801441 -0.0025027783
v 0.31234184 -0.58347005 -0.002502776
v 0.31236336 -0.5801439 -0.0025027783
v 0.29220292 -0.5834701 -0.0025027755
v 0.29220292 -0.58014387 -0.002502778
v 0.29220292 -0.52329195 -0.0025027252
v 0.25958604 -0.5834703 -0.0025027758
v 0.26000148 -0.5801437 -0.0025027783
v 0.259687 -0.52329195 -0.0025027252
v 0.22780001 -0.5801436 -0.0025027785
v 0.22686878 -0.58347034 -0.002502776
v 0.2271711 -0.52329195 -0.0025027252
v 0.22688548 -0.5801436 -0.0025027785
v 0.19910672 -0.58347046 -0.002502776
v 0.19915819 -0.5801434 -0.002502779
v 0.199301 -0.52329195 -0.0025027252
v 0.17143093 -0.5834706 -0.002502776
v 0.17143092 -0.5801432 -0.0025027792
v 0.17143093 -0.52329195 -0.0025027252
v 0.1416655 -0.58347076 -0.0025027762
v 0.14166546 -0.5801431 -0.002502779
v 0.14156099 -0.523292 -0.0025027252
v 0.111586966 -0.5834708 -0.0025027764
v 0.111899994 -0.5801429 -0.002502779
v 0.11169102 -0.523292 -0.0025027252
v 0.111592725 -0.5801429 -0.002502779
v 0.0846147 -0.58347094 -0.0025027764
v 0.08436026 -0.5801428 -0.002502779
v 0.07781678 -0.523292 -0.0025027252
v 0.05726654 -0.583471 -0.0025027764
v 0.057127792 -0.5801426 -0.0025027788
v 0.028003281 -0.5834711 -0.0025027767
v 0.043942526 -0.52329195 -0.0025027252
v 0.028552009 -0.5801425 -0.0025027788
v -2.3773811E-05 -0.5801424 -0.0025027788
v 0.021971263 -0.52329195 -0.002502779
v -0 -0.58347124 -0.0025027767
v -0 -0.52329195 -0.002502779
v -0.021971263 -0.52329195 -0.002502779
v -0.028941516 -0.5834711 -0.0025027764
v -0.043942526 -0.52329195 -0.0025027252
v -0.028591631 -0.5801425 -0.0025027785
v -0.05683076 -0.583471 -0.0025027764
v -0.057159483 -0.5801427 -0.0025027785
v -0.08468861 -0.58347094 -0.0025027764
v -0.08452974 -0.5801428 -0.0025027785
v -0.07795847 -0.52329195 -0.0025027252
v -0.11178686 -0.5834708 -0.0025027762
v -0.111899994 -0.5801429 -0.0025027785
v -0.11197442 -0.52329195 -0.0025027252
v -0.14162798 -0.58347076 -0.002502776
v -0.14166546 -0.5801431 -0.0025027785
v -0.14170268 -0.52329195 -0.0025027252
v -0.17143093 -0.5834706 -0.002502776
v -0.17143093 -0.5801433 -0.0025027788
v -0.17143093 -0.52329195 -0.0025027252
v -0.19905888 -0.5834705 -0.002502776
v -0.1991582 -0.5801434 -0.002502779
v -0.19930099 -0.52329195 -0.0025027252
v -0.22686878 -0.5834704 -0.002502776
v -0.22688548 -0.5801436 -0.002502779
v -0.22717106 -0.52329195 -0.0025027252
v -0.2595525 -0.5834703 -0.0025027758
v -0.22780001 -0.5801436 -0.002502779
v -0.259687 -0.52329195 -0.0025027252
v -0.26000148 -0.58014375 -0.002502779
v -0.29220292 -0.5834701 -0.0025027755
v -0.29220292 -0.58014387 -0.0025027792
v -0.29220292 -0.52329195 -0.0025027252
v -0.31249878 -0.58347005 -0.0025027762
v -0.32134464 -0.52329195 -0.0025027252
v -0.31237084 -0.580144 -0.0025027788
v -0.33269584 -0.58347 -0.0025027767
v -0.33253875 -0.5801441 -0.0025027783
v -0.33938977 -0.58240974 -0.002502777
v -0.3504865 -0.56165093 -0.002502779
v -0.35048637 -0.52329195 -0.0025027252
v -0.35435778 -0.52329195 -0.0025027231
v -0.35435778 -0.561808 -0.0025027764
v -0.33805296 -0.5790633 -0.0025027778
v -0.3454284 -0.5793328 -0.0025027767
v -0.34959504 -0.56752133 -0.0025027785
v -0.35329756 -0.5685019 -0.0025027762
v -0.3432909 -0.57651085 -0.0025027785
v -0.3502207 -0.57454056 -0.0025027767
v -0.3470426 -0.5725218 -0.0025027783
v 0.3543428 -0.561808 0.0025027767
v 0.3543428 -0.52329195 0.0025028305
v 0.3543428 -0.52329195 -0.0025027231
v 0.3543428 -0.561808 -0.0025027764
v 0.35328254 -0.5685019 -0.0025027762
v 0.35328254 -0.5685019 0.0025027771
v 0.35020572 -0.57454056 -0.0025027767
v 0.35020572 -0.57454056 0.0025027771
v 0.34541342 -0.5793328 -0.0025027767
v 0.34541342 -0.5793328 0.0025027771
v 0.33937475 -0.58240974 -0.002502777
v 0.33937475 -0.58240974 0.0025027774
v 0.33268085 -0.58347 -0.0025027767
v 0.33268085 -0.58347 0.002502777
v 0.3124419 -0.58347005 0.0025027764
v 0.31234184 -0.58347005 -0.002502776
v 0.29220292 -0.5834701 0.0025027762
v 0.29220292 -0.5834701 -0.0025027755
v 0.26000148 -0.5834703 0.0025027764
v 0.25958604 -0.5834703 -0.0025027758
v 0.22780001 -0.58347034 0.0025027767
v 0.22686878 -0.58347034 -0.002502776
v 0.19961546 -0.58347046 0.0025027771
v 0.19910672 -0.58347046 -0.002502776
v 0.17143093 -0.5834706 0.0025027774
v 0.17143093 -0.5834706 -0.002502776
v 0.14166546 -0.5834707 0.0025027771
v 0.1416655 -0.58347076 -0.0025027762
v 0.111899994 -0.58347076 0.0025027771
v 0.111586966 -0.5834708 -0.0025027764
v 0.08452182 -0.5834709 0.002502777
v 0.0846147 -0.58347094 -0.0025027764
v 0.05714364 -0.583471 0.0025027767
v 0.05726654 -0.583471 -0.0025027764
v 0.02857182 -0.5834711 0.0025027767
v 0.028003281 -0.5834711 -0.0025027767
v -0 -0.58347124 0.0025027767
v -0 -0.58347124 -0.0025027767
v -0.028941516 -0.5834711 -0.0025027764
v -0.028571818 -0.5834711 0.0025027767
v -0.057143636 -0.583471 0.002502777
v -0.05683076 -0.583471 -0.0025027764
v -0.08452182 -0.58347094 0.0025027771
v -0.08468861 -0.58347094 -0.0025027764
v -0.111899994 -0.58347076 0.0025027771
v -0.11178686 -0.5834708 -0.0025027762
v -0.14166546 -0.5834707 0.0025027771
v -0.14162798 -0.58347076 -0.002502776
v -0.17143093 -0.5834706 0.0025027774
v -0.17143093 -0.5834706 -0.002502776
v -0.19961546 -0.58347046 0.0025027771
v -0.19905888 -0.5834705 -0.002502776
v -0.22780001 -0.58347034 0.0025027767
v -0.22686878 -0.5834704 -0.002502776
v -0.26000148 -0.5834703 0.0025027764
v -0.2595525 -0.5834703 -0.0025027758
v -0.29220292 -0.5834701 0.0025027762
v -0.29220292 -0.5834701 -0.0025027755
v -0.31244937 -0.58347005 0.0025027764
v -0.31249878 -0.58347005 -0.0025027762
v -0.33269584 -0.58347 0.002502777
v -0.33269584 -0.58347 -0.0025027767
v -0.33938977 -0.58240974 -0.002502777
v -0.33938977 -0.58240974 0.0025027774
v -0.3454284 -0.5793328 -0.0025027767
v -0.3454284 -0.5793328 0.0025027771
v -0.3502207 -0.57454056 -0.0025027767
v -0.3502207 -0.57454056 0.0025027771
v -0.35329756 -0.5685019 -0.0025027762
v -0.35329756 -0.5685019 0.0025027771
v -0.35435778 -0.561808 -0.0025027764
v -0.35435778 -0.561808 0.0025027767
v -0.35435778 -0.52329195 0.0025028305
v -0.35435778 -0.52329195 -0.0025027231
v -0.3543578 0.55395496 0.0025000537
v -0.3543578 0.5719349 0.0025000002
v -0.35048637 0.5719349 0.0025000002
v -0.35048637 0.55395496 0.0025000537
v -0.32104376 0.5724908 0.0025000002
v -0.29160115 0.55395496 0.0025000537
v -0.29160115 0.5730467 0.0025000002
v -0.25929984 0.5739084 0.0025000002
v -0.22699852 0.55395496 0.0025000537
v -0.22699852 0.57477003 0.0025000002
v -0.19921473 0.5745775 0.0025000002
v -0.17143093 0.55395496 0.0025000537
v -0.17143093 0.57438487 0.0025000002
v -0.14115416 0.57429594 0.0025000002
v -0.11087737 0.55395496 0.0025000537
v -0.11087737 0.57420707 0.0025000002
v -0.08225596 0.5736165 0.0025000002
v -0.05363455 0.55395496 0.0025000537
v -0.05363455 0.57302594 0.0025000002
v -0.026817275 0.57249475 0.0025000002
v -2.7755576E-18 0.55395496 0.0025000537
v -5.551115E-18 0.5719635 0.0025000002
v 0.026817275 0.5715463 0.0025000002
v 0.05363455 0.55395496 0.0025000537
v 0.05363455 0.5711291 0.0025000002
v 0.08225596 0.5713446 0.0025000002
v 0.11087737 0.55395496 0.0025000537
v 0.11087737 0.5715601 0.0025000002
v 0.14115416 0.5712101 0.0025000002
v 0.17143093 0.55395496 0.0025000537
v 0.17143093 0.5708601 0.0025000002
v 0.19921473 0.5709188 0.0025000002
v 0.22699852 0.55395496 0.0025000537
v 0.22699852 0.5709775 0.0025000002
v 0.25929984 0.5713002 0.0025000002
v 0.29160115 0.55395496 0.0025000537
v 0.29160115 0.5716228 0.0025000002
v 0.31930003 0.57177883 0.0025000002
v 0.3504714 0.55395496 0.0025000537
v 0.3504714 0.5719349 0.0025000002
v 0.3543428 0.5719349 0.0025000002
v 0.3543428 0.55395496 0.0025000537
v 0.3543428 0.55395496 -0.0025027231
v 0.3543428 0.5719349 -0.0025027767
v 0.3504714 0.5719349 -0.002502779
v 0.3504714 0.55395496 -0.0025027252
v 0.31930003 0.57177883 -0.002502779
v 0.29160115 0.55395496 -0.0025027252
v 0.29160115 0.5716228 -0.002502779
v 0.25929984 0.5713002 -0.002502779
v 0.22699852 0.55395496 -0.0025027252
v 0.22699852 0.5709775 -0.002502779
v 0.19921473 0.5709188 -0.002502779
v 0.17143093 0.55395496 -0.0025027252
v 0.17143093 0.5708601 -0.002502779
v 0.14115416 0.5712101 -0.002502779
v 0.11087737 0.55395496 -0.0025027252
v 0.11087737 0.5715601 -0.002502779
v 0.08225596 0.55395496 -0.0025027252
v 0.08225596 0.5713446 -0.002502779
v 0.053634554 0.55395496 -0.0025027252
v 0.05363455 0.5711291 -0.002502779
v 0.043942537 0.55395496 -0.0025027252
v 0.026817275 0.5715463 -0.002502779
v 0.021971269 0.55395496 -0.002502779
v -5.551115E-18 0.5719635 -0.002502779
v -2.7755576E-18 0.55395496 -0.002502779
v -0.021971263 0.55395496 -0.002502779
v -0.026817275 0.57249475 -0.002502779
v -0.043942526 0.55395496 -0.0025027252
v -0.05363455 0.57302594 -0.002502779
v -0.05363455 0.55395496 -0.0025027252
v -0.08225596 0.55395496 -0.0025027252
v -0.08225596 0.5736165 -0.002502779
v -0.11087737 0.55395496 -0.0025027252
v -0.11087737 0.57420707 -0.002502779
v -0.14115416 0.57429594 -0.002502779
v -0.17143093 0.55395496 -0.0025027252
v -0.17143093 0.57438487 -0.002502779
v -0.19921473 0.5745775 -0.002502779
v -0.22699852 0.55395496 -0.0025027252
v -0.22699852 0.57477003 -0.002502779
v -0.25929984 0.5739084 -0.002502779
v -0.29160112 0.55395496 -0.0025027252
v -0.29160115 0.5730467 -0.002502779
v -0.32104376 0.5724908 -0.002502779
v -0.35048637 0.55395496 -0.0025027252
v -0.35048637 0.5719349 -0.002502779
v -0.3543578 0.5719349 -0.0025027767
v -0.3543578 0.55395496 -0.0025027231
v 0.3543428 0.5719349 -0.0025027767
v 0.3543428 0.55395496 -0.0025027231
v 0.3543428 0.55395496 -1.3346784E-06
v 0.3543428 0.5719349 -1.3883226E-06
v 0.3543428 0.5719349 0.0025000002
v 0.3543428 0.55395496 0.0025000537
v -0.3543578 0.55395496 -1.3346784E-06
v -0.3543578 0.55395496 -0.0025027231
v -0.3543578 0.5719349 -0.0025027767
v -0.3543578 0.5719349 -1.3883226E-06
v -0.3543578 0.5719349 0.0025000002
v -0.3543578 0.55395496 0.0025000537
v -0.35048637 0.5719349 -0.002502779
v -0.32104376 0.5724908 -0.002502779
v -0.3210513 0.5724908 -0.0016599607
v -0.3487257 0.5720606 -0.0013395594
v -0.35311645 0.5719349 -0.0012459595
v -0.3543578 0.5719349 -0.0025027767
v -0.35311493 0.5719349 8.3786296E-17
v -0.3543578 0.5719349 -1.3883226E-06
v -0.3543578 0.5719349 0.0025000002
v -0.35311645 0.5719349 0.0012459595
v -0.35048637 0.5719349 0.0025000002
v -0.3487257 0.57203436 0.0013200509
v -0.32104376 0.5724908 0.0025000002
v -0.3210513 0.5724908 0.0016599607
v -0.29160115 0.5730467 0.0025000002
v -0.29160115 0.5730467 0.002073962
v -0.25929984 0.5739084 0.0025000002
v -0.25929984 0.5739084 0.002073962
v -0.22699852 0.57477003 0.0025000002
v -0.22699852 0.57477003 0.002073962
v -0.19921473 0.5745775 0.0025000002
v -0.19921473 0.5745775 0.002073962
v -0.17143093 0.57438487 0.0025000002
v -0.17143093 0.57438487 0.002073962
v -0.14115416 0.57429594 0.0025000002
v -0.14115416 0.57429594 0.002073962
v -0.11087737 0.57420707 0.0025000002
v -0.11087737 0.57420707 0.002073962
v -0.08225596 0.5736165 0.0025000002
v -0.08225596 0.5736165 0.002073962
v -0.05363455 0.57302594 0.0025000002
v -0.05363455 0.57302594 0.002073962
v -0.026817275 0.57249475 0.0025000002
v -0.026817275 0.57249475 0.002073962
v -5.551115E-18 0.5719635 0.0025000002
v -5.551115E-18 0.5719635 0.002073962
v 0.026817275 0.5715463 0.0025000002
v 0.026817275 0.5715463 0.002073962
v 0.05363455 0.5711291 0.0025000002
v 0.05363455 0.5711291 0.002073962
v 0.08225596 0.5713446 0.0025000002
v 0.08225596 0.5713446 0.002073962
v 0.11087737 0.5715601 0.0025000002
v 0.11087737 0.5715601 0.002073962
v 0.14115416 0.5712101 0.0025000002
v 0.14115416 0.5712101 0.002073962
v 0.17143093 0.5708601 0.0025000002
v 0.17143093 0.5708601 0.002073962
v 0.19921473 0.5709188 0.0025000002
v 0.19921473 0.5709188 0.002073962
v 0.22699852 0.5709775 0.0025000002
v 0.22699852 0.5709775 0.002073962
v 0.25929984 0.5713002 0.0025000002
v 0.25929984 0.5713002 0.002073962
v 0.29160115 0.5716228 0.0025000002
v 0.29160115 0.5716228 0.002073962
v 0.31930003 0.57177883 0.0025000002
v 0.31925437 0.57177883 0.0016599607
v 0.3504714 0.5719349 0.0025000002
v 0.34881747 0.5719034 0.0013294484
v 0.3530743 0.5719349 0.0012459597
v 0.3543428 0.5719349 0.0025000002
v 0.3530999 0.5719349 8.793906E-17
v 0.3543428 0.5719349 -1.3883226E-06
v 0.3543428 0.5719349 -0.0025027767
v 0.3530743 0.5719349 -0.0012459597
v 0.3504714 0.5719349 -0.002502779
v 0.34878144 0.5718907 -0.0013632881
v 0.31930003 0.57177883 -0.002502779
v 0.31925437 0.57177883 -0.0016599607
v 0.29160115 0.5716228 -0.002502779
v 0.29160115 0.5716228 -0.002073962
v 0.25929984 0.5713002 -0.002502779
v 0.25929984 0.5713002 -0.002073962
v 0.22699852 0.5709775 -0.002502779
v 0.22699852 0.5709775 -0.002073962
v 0.19921473 0.5709188 -0.002502779
v 0.19921473 0.5709188 -0.002073962
v 0.17143093 0.5708601 -0.002502779
v 0.17143093 0.5708601 -0.002073962
v 0.14115416 0.5712101 -0.002502779
v 0.14115416 0.5712101 -0.002073962
v 0.11087737 0.5715601 -0.002502779
v 0.11087737 0.5715601 -0.002073962
v 0.08225596 0.5713446 -0.002502779
v 0.08225596 0.5713446 -0.002073962
v 0.05363455 0.5711291 -0.002502779
v 0.05363455 0.5711291 -0.002073962
v 0.026817275 0.5715463 -0.002502779
v 0.026817275 0.5715463 -0.002073962
v -5.551115E-18 0.5719635 -0.002502779
v -5.551115E-18 0.5719635 -0.002073962
v -0.026817275 0.57249475 -0.002502779
v -0.026817275 0.57249475 -0.002073962
v -0.05363455 0.57302594 -0.002502779
v -0.05363455 0.57302594 -0.002073962
v -0.08225596 0.5736165 -0.002502779
v -0.08225596 0.5736165 -0.002073962
v -0.11087737 0.57420707 -0.002502779
v -0.11087737 0.57420707 -0.002073962
v -0.14115416 0.57429594 -0.002502779
v -0.14115416 0.57429594 -0.002073962
v -0.17143093 0.57438487 -0.002502779
v -0.17143093 0.57438487 -0.002073962
v -0.19921473 0.5745775 -0.002502779
v -0.19921473 0.5745775 -0.002073962
v -0.22699852 0.57477003 -0.002502779
v -0.22699852 0.57477003 -0.002073962
v -0.25929984 0.5739084 -0.002502779
v -0.25929984 0.5739084 -0.002073962
v -0.29160115 0.5730467 -0.002502779
v -0.29160115 0.5730467 -0.002073962
v -0.32104376 0.5724908 -0.002502779
v 0.053634595 0.6204219 -0.0025027774
v 0.08225601 0.59240466 -0.002502779
v 0.08225601 0.6204219 -0.0025027774
v 0.11087742 0.59240466 -0.002502779
v 0.11087742 0.6204219 -0.0025027774
v 0.1411542 0.59240466 -0.002502779
v 0.1411542 0.6204219 -0.0025027774
v 0.17143098 0.59240466 -0.002502779
v 0.17143098 0.6204219 -0.0025027774
v 0.19921477 0.59240466 -0.002502779
v 0.04022596 0.6484391 -0.0025027788
v 0.026817322 0.6484391 -0.0025027788
v 0.04022596 0.664067 -0.002502778
v 0.053634595 0.6484391 -0.0025027788
v 0.053634595 0.664067 -0.002502778
v 0.0679453 0.6484391 -0.0025027788
v 0.0679453 0.664067 -0.002502778
v 0.0679453 0.67969483 -0.0025027788
v 0.0679453 0.69532263 -0.002502779
v 0.08225601 0.7109505 -0.0025027783
v 0.08225601 0.69532263 -0.002502779
v 0.08225601 0.67969483 -0.0025027788
v 0.08225601 0.664067 -0.002502778
v 0.08225601 0.6484391 -0.0025027788
v 0.096566714 0.72552234 -0.0025027778
v 0.096566714 0.7109505 -0.0025027783
v 0.11087742 0.7255439 -0.0025027795
v 0.096566714 0.69532263 -0.002502779
v 0.096566714 0.6484391 -0.0025027788
v 0.096566714 0.664067 -0.002502778
v 0.096566714 0.67969483 -0.0025027788
v 0.11087742 0.6484391 -0.0025027788
v 0.11087742 0.664067 -0.002502778
v 0.12601581 0.6484391 -0.0025027788
v 0.11087742 0.67969483 -0.0025027788
v 0.11087742 0.69532263 -0.002502779
v 0.12601581 0.664067 -0.002502778
v 0.11087742 0.7109505 -0.0025027783
v 0.12601581 0.67969483 -0.0025027788
v 0.12601581 0.69532263 -0.002502779
v 0.12601581 0.7109505 -0.0025027783
v 0.12601581 0.7255667 -0.0025027788
v 0.12601581 0.7398036 -0.0025027795
v 0.12601581 0.7572668 -0.0025027788
v 0.1411542 0.7747275 -0.0025027788
v 0.1411542 0.75726557 -0.0025027774
v 0.15629259 0.77472496 -0.0025027758
v 0.15629259 0.77809507 -0.0025027783
v 0.1411542 0.7398036 -0.0025027795
v 0.1411542 0.72558945 -0.002502778
v 0.1411542 0.7109505 -0.0025027783
v 0.15629259 0.7572643 -0.0025027788
v 0.17143098 0.7747225 -0.0025027788
v 0.17143098 0.7780925 -0.0025027783
v 0.15629259 0.7398036 -0.0025027795
v 0.17143098 0.757263 -0.0025027788
v 0.18532287 0.77472013 -0.0025027788
v 0.18532287 0.7780902 -0.0025027753
v 0.1411542 0.69532263 -0.002502779
v 0.15629259 0.7256123 -0.0025027788
v 0.17143098 0.7398036 -0.0025027795
v 0.18532287 0.7572619 -0.0025027802
v 0.19921477 0.7747178 -0.0025027788
v 0.19921477 0.7780878 -0.0025027797
v 0.1411542 0.67969483 -0.0025027788
v 0.17143098 0.72563505 -0.002502778
v 0.18532287 0.7398036 -0.0025027795
v 0.19921477 0.75726074 -0.0025027788
v 0.21310668 0.77471554 -0.0025027774
v 0.21310668 0.77808553 -0.0025027753
v 0.1411542 0.664067 -0.002502778
v 0.18532288 0.725656 -0.0025027783
v 0.19921477 0.7398036 -0.0025027795
v 0.21310668 0.75725955 -0.0025027774
v 0.22699857 0.77471316 -0.0025027818
v 0.22699857 0.77808315 -0.0025027767
v 0.19921479 0.72567683 -0.0025027797
v 0.18532287 0.7109505 -0.0025027783
v 0.21310668 0.7398035 -0.002502778
v 0.22699857 0.75725836 -0.0025027802
v 0.24314924 0.7747105 -0.0025027774
v 0.24314924 0.77808046 -0.0025027767
v 0.17143098 0.7109505 -0.0025027783
v 0.15629259 0.7109505 -0.0025027783
v 0.17143098 0.69532263 -0.002502779
v 0.15629259 0.69532263 -0.002502779
v 0.15629259 0.67969483 -0.0025027788
v 0.24314924 0.757257 -0.0025027758
v 0.17143098 0.67969483 -0.0025027788
v 0.18532287 0.69532263 -0.002502779
v 0.18532287 0.67969483 -0.0025027788
v 0.19921477 0.7109505 -0.0025027783
v 0.19921477 0.69532263 -0.002502779
v 0.21310668 0.7109505 -0.0025027783
v 0.21310668 0.7256977 -0.0025027783
v 0.17143098 0.664067 -0.002502778
v 0.18532287 0.664067 -0.002502778
v 0.19921477 0.67969483 -0.0025027788
v 0.21310668 0.69532263 -0.002502779
v 0.15629259 0.664067 -0.002502778
v 0.1411542 0.6484391 -0.0025027788
v 0.15629259 0.6484391 -0.0025027788
v 0.17143098 0.6484391 -0.0025027788
v 0.18532287 0.6484391 -0.0025027788
v 0.19921477 0.664067 -0.002502778
v 0.19921477 0.6204219 -0.0025027774
v 0.22699857 0.6204219 -0.0025027774
v 0.22699857 0.59240466 -0.002502779
v 0.25929987 0.59240466 -0.002502779
v 0.19921477 0.6484391 -0.0025027788
v 0.21310668 0.67969483 -0.0025027788
v 0.21310668 0.6484391 -0.0025027788
v 0.21310668 0.664067 -0.002502778
v 0.22699857 0.6484391 -0.0025027788
v 0.22699857 0.664067 -0.002502778
v 0.22699857 0.67969483 -0.0025027788
v 0.24314924 0.6484391 -0.0025027788
v 0.25929987 0.6204219 -0.0025027774
v 0.29160118 0.6204219 -0.0025027774
v 0.29160118 0.59240466 -0.002502779
v 0.3192751 0.59240466 -0.002502779
v 0.22699857 0.69532263 -0.002502779
v 0.24314924 0.664067 -0.002502778
v 0.24314924 0.67969483 -0.0025027788
v 0.22699857 0.7109505 -0.0025027783
v 0.2592999 0.664067 -0.002502778
v 0.25929987 0.6484391 -0.0025027788
v 0.27545053 0.6484391 -0.0025027788
v 0.24314924 0.69532263 -0.002502779
v 0.22699857 0.7257186 -0.002502778
v 0.2592999 0.67969483 -0.0025027788
v 0.27545056 0.664067 -0.002502778
v 0.24314924 0.7109505 -0.0025027783
v 0.22699857 0.7398035 -0.002502778
v 0.2592999 0.69532263 -0.002502779
v 0.24314924 0.72574294 -0.0025027785
v 0.24314924 0.7398035 -0.002502778
v 0.2592999 0.7109505 -0.0025027783
v 0.27545056 0.67969483 -0.0025027788
v 0.2592999 0.72576725 -0.0025027792
v 0.2592999 0.7398036 -0.0025027795
v 0.27545056 0.69532263 -0.002502779
v 0.27545056 0.7109505 -0.0025027783
v 0.2592999 0.7572557 -0.0025027818
v 0.27545056 0.7257916 -0.0025027792
v 0.2592999 0.7747078 -0.0025027802
v 0.25929987 0.7780778 -0.0025027783
v 0.27545056 0.7398036 -0.0025027795
v 0.27545056 0.77470505 -0.0025027758
v 0.27545053 0.77807504 -0.0025027767
v 0.27545056 0.7574356 -0.0025027802
v 0.2916012 0.77470237 -0.0025027788
v 0.29160118 0.77807236 -0.0025027797
v 0.2916012 0.7576155 -0.0025027802
v 0.2916012 0.7398036 -0.0025027795
v 0.2916012 0.7258159 -0.0025027788
v 0.30543813 0.7747001 -0.0025027802
v 0.3055921 0.77807 -0.0025027767
v 0.30543813 0.75743306 -0.0025027788
v 0.30543813 0.7398035 -0.002502778
v 0.3192751 0.7746977 -0.0025027788
v 0.3192751 0.7780677 -0.0025027783
v 0.3325253 0.7746955 -0.0025027774
v 0.33268264 0.7780655 -0.0025027767
v 0.3393762 0.77700436 -0.0025027783
v 0.3192751 0.7572506 -0.0025027818
v 0.30543813 0.7255964 -0.0025027788
v 0.3192751 0.7398035 -0.002502778
v 0.33852112 0.7738534 -0.0025027788
v 0.3454144 0.77392685 -0.0025027767
v 0.34353513 0.77152395 -0.0025027774
v 0.35020623 0.7691342 -0.0025027767
v 0.3417985 0.76516163 -0.0025027788
v 0.33482242 0.7573075 -0.0025027774
v 0.34757265 0.76725525 -0.0025027788
v 0.3532827 0.76309556 -0.0025027783
v 0.34959373 0.7622407 -0.0025027774
v 0.3543428 0.7564017 -0.0025027783
v 0.35047147 0.7562448 -0.0025027788
v 0.3543428 0.7398035 -0.002502776
v 0.35047147 0.7398036 -0.0025027788
v 0.3543428 0.725377 -0.0025027767
v 0.32643992 0.7666837 -0.0025027788
v 0.34290388 0.74826825 -0.0025027774
v 0.35047147 0.7253771 -0.0025027795
v 0.3543428 0.7109505 -0.0025027764
v 0.3348733 0.7398036 -0.0025027795
v 0.32704875 0.7485556 -0.0025027774
v 0.35047147 0.7109505 -0.0025027783
v 0.3543428 0.69546777 -0.0025027767
v 0.3348733 0.725377 -0.0025027788
v 0.35047147 0.69532263 -0.002502779
v 0.3543428 0.67969483 -0.0025027767
v 0.3192751 0.725377 -0.0025027788
v 0.3348733 0.7109505 -0.0025027783
v 0.35047147 0.67969483 -0.0025027788
v 0.3543428 0.664067 -0.002502776
v 0.3192751 0.7109505 -0.0025027783
v 0.3348733 0.69532263 -0.002502779
v 0.35047147 0.664067 -0.002502778
v 0.3543428 0.6484391 -0.0025027767
v 0.30543813 0.7109505 -0.0025027783
v 0.3348733 0.67969483 -0.0025027788
v 0.3192751 0.69532263 -0.002502779
v 0.35047147 0.6484391 -0.0025027788
v 0.3543428 0.6204219 -0.0025027753
v 0.2916012 0.7109505 -0.0025027783
v 0.30543813 0.69532263 -0.002502779
v 0.29160118 0.69532263 -0.002502779
v 0.3348733 0.664067 -0.002502778
v 0.3192751 0.67969483 -0.0025027788
v 0.35047147 0.6204219 -0.0025027774
v 0.35434282 0.59240466 -0.0025027767
v 0.35047147 0.59240466 -0.002502779
v 0.30543813 0.67969483 -0.0025027788
v 0.29160118 0.67969483 -0.0025027788
v 0.3192751 0.664067 -0.002502778
v 0.3348733 0.6484391 -0.0025027788
v 0.3192751 0.6204219 -0.0025027774
v 0.30543813 0.664067 -0.002502778
v 0.29160118 0.664067 -0.002502778
v 0.3192751 0.6484391 -0.0025027788
v 0.30543813 0.6484391 -0.0025027788
v 0.29160118 0.6484391 -0.0025027788
v 0.043942563 0.53190297 -0.008013473
v -1.4249236E-08 0.53190297 -0.006266955
v 1.990702E-08 0.50491846 -0.011969171
v -0 -0.4829546 -0.012424656
v -0 -0.5054166 -0.0058712545
v 0.043942526 -0.5054166 -0.007767132
v 0.3543428 0.55395496 -1.3346784E-06
v 0.3543428 0.55395496 -0.0025027231
v 0.3527491 0.53190297 5.3644182E-08
v 0.35207877 0.53190297 -0.0025698834
v 0.34900826 0.50491846 5.3644182E-08
v 0.3474837 0.50491846 -0.0036575273
v 0.34558925 0.47691914 5.3575047E-08
v 0.35093865 0.53190297 -0.004647705
v 0.3453987 0.50491846 -0.006391465
v 0.3404831 0.47689095 -0.0077705123
v 0.34617618 0.53190297 -0.0068496144
v 0.3504714 0.55395496 -0.0025027252
v 0.33765694 0.50491846 -0.012165851
v 0.2923483 0.53190297 -0.0075332387
v 0.29160115 0.55395496 -0.0025027252
v 0.3383218 0.4543551 -0.008276954
v 0.34445116 0.4543856 0.00015394099
v 0.3303618 0.4768249 -0.016591402
v 0.2923483 0.50491846 -0.012964152
v 0.22784579 0.53190297 -0.00730529
v 0.22699852 0.55395496 -0.0025027252
v 0.32661182 0.45429078 -0.018231332
v 0.32439405 0.42813426 -0.01945549
v 0.3370319 0.4281664 -0.008547263
v 0.34357175 0.42818165 0.00023259455
v 0.34269232 0.4019777 0.00031124815
v 0.33574197 0.4019777 -0.008817571
v 0.34217048 0.37107465 0.0003112481
v 0.2923483 0.45430017 -0.019434331
v 0.22784579 0.50491846 -0.0124250855
v 0.33487758 0.37107465 -0.00896972
v 0.32076362 0.37107465 -0.021017719
v 0.34164867 0.3401716 0.0003112481
v 0.33401322 0.3401716 -0.009121871
v 0.341492 0.30990657 0.00031124806
v 0.33374965 0.310078 -0.009173981
v 0.3413353 0.2796415 0.00031124806
v 0.32217628 0.4019777 -0.020679645
v 0.2923483 0.4019777 -0.02188593
v 0.31935096 0.3401716 -0.021355793
v 0.33348608 0.27998438 -0.00922609
v 0.34117863 0.24937646 0.00031124806
v 0.3189197 0.31029245 -0.0214672
v 0.2923483 0.3401716 -0.022726484
v 0.33322188 0.24981932 -0.009278324
v 0.34102193 0.21911143 0.00031124806
v 0.31848842 0.28041333 -0.021578608
v 0.3329577 0.21965425 -0.009330559
v 0.34086522 0.18884638 0.00031124806
v 0.2923483 0.37107465 -0.022306208
v 0.22784579 0.4019777 -0.021056592
v 0.22784579 0.3401716 -0.022195626
v 0.29233035 0.31027746 -0.022840558
v 0.31805477 0.25037262 -0.021690616
v 0.33269143 0.1892535 -0.009383201
v 0.34070858 0.15858133 0.00031124803
v 0.2923483 0.42813894 -0.02066013
v 0.29231238 0.28038332 -0.022954628
v 0.31762117 0.22033194 -0.021802625
v 0.33242518 0.15885274 -0.009435843
v 0.3405519 0.12831628 0.000311248
v 0.29229435 0.2503356 -0.023069285
v 0.22747694 0.28016242 -0.022557592
v 0.317176 0.18949257 -0.021917611
v 0.3321589 0.12845199 -0.009488485
v 0.3403952 0.098051235 0.000311248
v 0.22766137 0.31016704 -0.02237661
v 0.2922763 0.22028787 -0.023183942
v 0.3167309 0.15865318 -0.022032598
v 0.2922578 0.18945827 -0.023301585
v 0.2271068 0.21994407 -0.02292082
v 0.33189264 0.098051235 -0.009541127
v 0.3405393 0.06230067 0.000311248
v 0.3321418 0.062772 -0.009541126
v 0.34068337 0.026550109 0.000311248
v 0.31585613 0.098051235 -0.022258556
v 0.3162935 0.12835221 -0.022145577
v 0.3323909 0.027492762 -0.009541124
v 0.34082744 -0.009200453 0.000311248
v 0.3163909 0.0633596 -0.022258554
v 0.33264676 -0.008738853 -0.009541123
v 0.3409715 -0.044951014 0.000311248
v 0.29223928 0.15862866 -0.023419226
v 0.29220292 0.09805123 -0.023650382
v 0.31692564 0.02866797 -0.022258552
v 0.33290264 -0.044970468 -0.009541123
v 0.34111556 -0.080701575 0.000311248
v 0.29222113 0.12833993 -0.023534803
v 0.22635756 0.09805123 -0.023656059
v 0.29220295 0.063323595 -0.023655256
v 0.22672987 0.15862332 -0.023290697
v 0.31749305 -0.008141522 -0.02225855
v 0.33315322 -0.080452286 -0.009541122
v 0.34125963 -0.116452135 0.000311248
v 0.29220295 0.02859596 -0.023660133
v 0.3180605 -0.044951014 -0.022258548
v 0.33340377 -0.11593411 -0.009541121
v 0.3414037 -0.15220271 0.000311248
v 0.29220295 -0.008184823 -0.023665296
v 0.22600436 0.028016804 -0.023663133
v 0.31860256 -0.080117986 -0.022258546
v 0.33365807 -0.15194368 -0.009541119
v 0.3415478 -0.18795326 0.000311248
v 0.22618096 0.06303402 -0.023659596
v 0.29220295 -0.044965606 -0.02367046
v 0.3191447 -0.11528496 -0.022258544
v 0.33391234 -0.18795326 -0.009541119
v 0.34199166 -0.22807734 0.00031124803
v 0.29220295 -0.08014965 -0.023675397
v 0.22563635 -0.044957593 -0.023670508
v 0.31970474 -0.1516191 -0.02225854
v 0.3345325 -0.22756536 -0.009648116
v 0.34243557 -0.26820144 0.00031124806
v 0.22582035 -0.008470396 -0.02366682
v 0.29220295 -0.11533369 -0.023680337
v 0.32026482 -0.18795326 -0.022258539
v 0.33515263 -0.26717746 -0.009755114
v 0.3428795 -0.3083255 0.00031124806
v 0.29220295 -0.15164347 -0.023685435
v 0.22527981 -0.11565379 -0.02367765
v 0.32161847 -0.22692947 -0.022384442
v 0.33578882 -0.30781353 -0.009864877
v 0.34332338 -0.3484496 0.0003112481
v 0.22545807 -0.08030569 -0.023674078
v 0.29220292 -0.18795326 -0.023690531
v 0.22491518 -0.18795326 -0.023684954
v 0.32297212 -0.2659057 -0.022510348
v 0.29220295 -0.22699328 -0.023761977
v 0.22509749 -0.15180352 -0.023681303
v 0.33642498 -0.3484496 -0.009974641
v 0.3380586 -0.38801542 -0.009585299
v 0.34484768 -0.38801542 0.00027810945
v 0.34637198 -0.42758122 0.0002449708
v 0.32440546 -0.30717763 -0.022643667
v 0.29220295 -0.2660333 -0.023833422
v 0.3258388 -0.3484496 -0.022776986
v 0.29220295 -0.30724144 -0.023908833
v 0.22454719 -0.26666 -0.023537356
v 0.22473119 -0.22730663 -0.023611156
v 0.17143093 -0.22755276 -0.023492565
v 0.3396922 -0.42758122 -0.009195956
v 0.34058863 -0.44929132 -0.008533957
v 0.3472103 -0.4493416 0.00015394099
v 0.34191263 -0.46550956 -0.007380459
v 0.3480324 -0.46555185 5.3585644E-08
v 0.34525165 -0.4829546 -0.0062804283
v 0.35028526 -0.4829546 5.3644182E-08
v 0.35136503 -0.5054166 -0.0022623793
v 0.35274357 -0.5054166 5.3644182E-08
v 0.3543428 -0.52329195 -0.0025027231
v 0.3488788 -0.50541663 -0.0049392967
v 0.35047135 -0.52329195 -0.0025027252
v 0.33823165 -0.4829546 -0.013865793
v 0.34601855 -0.5054166 -0.0076228776
v 0.32133713 -0.52329195 -0.0025027252
v 0.33409187 -0.4654994 -0.017331308
v 0.29220292 -0.5054166 -0.008151214
v 0.29220292 -0.52329195 -0.0025027252
v 0.259687 -0.52329195 -0.0025027252
v 0.29220292 -0.4829546 -0.014508553
v 0.22631752 -0.5054166 -0.007908471
v 0.2271711 -0.52329195 -0.0025027252
v 0.199301 -0.52329195 -0.0025027252
v 0.3323354 -0.44930568 -0.018593984
v 0.29220292 -0.46549478 -0.018295433
v 0.22525525 -0.4829546 -0.013890303
v 0.17143093 -0.5054166 -0.0077062505
v 0.17143093 -0.52329195 -0.0025027252
v 0.14156099 -0.523292 -0.0025027252
v 0.33093604 -0.42758122 -0.020312559
v 0.29220292 -0.4493073 -0.01986011
v 0.22461179 -0.4654873 -0.017820654
v 0.17143093 -0.4829546 -0.013393241
v 0.11139472 -0.5054166 -0.0077349204
v 0.11169102 -0.523292 -0.0025027252
v 0.07781678 -0.523292 -0.0025027252
v 0.32838744 -0.38801542 -0.021544773
v 0.29220292 -0.42758122 -0.021612363
v 0.22433475 -0.44931003 -0.019746209
v 0.17143093 -0.46548134 -0.0174471
v 0.11109054 -0.4829546 -0.013222295
v 0.077812366 -0.5054166 -0.0077509577
v 0.043942526 -0.52329195 -0.0025027252
v 0.043942526 -0.5054166 -0.007767132
v 0.29220295 -0.3484496 -0.023984246
v 0.22416483 -0.3484496 -0.02338398
v 0.29220295 -0.38801542 -0.022798305
v 0.07780822 -0.4829546 -0.013128007
v 0.110853806 -0.4654746 -0.017490221
v 0.22413836 -0.42758122 -0.021389019
v 0.043942526 -0.4829546 -0.013032064
v -0 -0.4829546 -0.012424656
v 0.17143093 -0.44931212 -0.019657422
v 0.07780479 -0.46547094 -0.017513746
v 0.043942526 -0.46546718 -0.01753785
v -0 -0.46546718 -0.016930446
v 0.17143093 -0.42758116 -0.021216067
v 0.11072121 -0.44931456 -0.02005866
v 0.2241516 -0.38801542 -0.022386499
v 0.17143093 -0.38801536 -0.022067402
v 0.043942526 -0.44931722 -0.02050001
v -0 -0.44931722 -0.019708436
v -0 -0.42758122 -0.021284342
v 0.07780313 -0.44931585 -0.020276219
v 0.043942526 -0.42758122 -0.021932935
v -0 -0.38801542 -0.022160055
v 0.11066498 -0.42758122 -0.021557754
v 0.11083249 -0.38801542 -0.0222661
v 0.07780351 -0.42758122 -0.021742536
v 0.07780671 -0.38801542 -0.022373857
v 0.043942526 -0.38801542 -0.022484351
v -0 -0.3484496 -0.023035768
v 0.17143093 -0.3484496 -0.022918735
v 0.111 -0.34844962 -0.022974446
v 0.043942526 -0.3484496 -0.023035768
v -0 -0.3083255 -0.023501469
v 0.07780983 -0.34844962 -0.023004798
v 0.043942526 -0.3083255 -0.023501469
v -0 -0.26820144 -0.02396717
v 0.077813365 -0.30818602 -0.0233986
v 0.11102517 -0.30804926 -0.023297733
v 0.17143093 -0.30780092 -0.023111671
v 0.043942526 -0.26820144 -0.02396717
v -0 -0.22807734 -0.024432871
v 0.07781681 -0.2679225 -0.02379244
v 0.111050345 -0.26764888 -0.023621019
v 0.22435601 -0.3075548 -0.02346067
v 0.17143093 -0.26715228 -0.02330461
v 0.043942526 -0.22807734 -0.024432871
v -0 -0.18795326 -0.024898572
v 0.07782034 -0.22793794 -0.02418409
v 0.11107516 -0.22780108 -0.023939883
v 0.043942526 -0.18795326 -0.024898572
v -0 -0.15220271 -0.024898574
v 0.17143093 -0.18795326 -0.023680523
v 0.0778238 -0.18795328 -0.024575775
v 0.111099996 -0.18795331 -0.024258746
v 0.043942526 -0.15220271 -0.024898574
v -0 -0.116452135 -0.024898576
v 0.07782736 -0.15213077 -0.024575025
v 0.17143093 -0.15193234 -0.023678038
v 0.1111502 -0.15206003 -0.02425684
v 0.043942526 -0.116452135 -0.024898576
v -0 -0.080701575 -0.024898577
v 0.17143093 -0.11591144 -0.023675554
v 0.11120039 -0.11616675 -0.024254933
v 0.07783087 -0.11630835 -0.024574272
v 0.043942526 -0.080701575 -0.024898577
v -0 -0.044951014 -0.02489858
v 0.07783436 -0.08062973 -0.024573525
v 0.17143093 -0.08043122 -0.023673106
v 0.111250184 -0.080558896 -0.02425304
v 0.043942526 -0.044951014 -0.02489858
v -0 -0.009200453 -0.024898583
v 0.17143093 -0.044951014 -0.023670658
v 0.11129999 -0.04495105 -0.024251146
v 0.077837884 -0.044951033 -0.024572782
v 0.043942526 -0.009200453 -0.024898583
v -0 0.026550109 -0.024898585
v 0.07784139 -0.009068831 -0.02457203
v 0.17143093 -0.008705879 -0.023668159
v 0.11135037 -0.008938721 -0.024249231
v 0.043942526 0.026550109 -0.024898587
v -0 0.06230067 -0.024898587
v 0.17143093 0.027539257 -0.023665657
v 0.11140074 0.02707361 -0.024247319
v 0.07784493 0.026813203 -0.024571279
v 0.17143093 0.062795244 -0.023663227
v 0.07784847 0.06243212 -0.024570538
v 0.11145037 0.062562406 -0.024245432
v 0.17143093 0.098051235 -0.023660794
v 0.043942526 0.06230067 -0.024898589
v 0.1115 0.098051205 -0.024243547
v 0.043942515 0.098051235 -0.024898607
v -0 0.098051235 -0.024898607
v 0.07785198 0.09805121 -0.02456981
v 0.043942526 0.12831628 -0.024771703
v -0 0.12831628 -0.024771702
v -0 0.15858133 -0.024644813
v 0.07785514 0.12832074 -0.024445072
v 0.1115483 0.12832518 -0.024120554
v 0.043942515 0.15858133 -0.024644831
v -0 0.18884638 -0.024517925
v 0.17143093 0.12833308 -0.023542305
v 0.07785825 0.15859026 -0.02432035
v 0.111596584 0.15859914 -0.023997564
v 0.043942526 0.18884638 -0.024517925
v -0 0.21911143 -0.024391038
v 0.07786138 0.18892653 -0.024195336
v 0.22654371 0.12833726 -0.023473378
v 0.17143093 0.15861492 -0.023423815
v 0.043942515 0.21911143 -0.02439106
v -0 0.24937646 -0.02426415
v 0.111645095 0.18900636 -0.02387403
v 0.17143093 0.18914743 -0.023304343
v 0.077864535 0.2192627 -0.024070341
v 0.1116936 0.21941356 -0.023750497
v 0.043942526 0.24937646 -0.02426415
v -0 0.2796415 -0.024137262
v 0.07786765 0.24949975 -0.023945719
v 0.22691832 0.1892837 -0.02310576
v 0.17143093 0.21967994 -0.023184871
v 0.043942515 0.2796415 -0.024137279
v -0 0.30990657 -0.024010373
v 0.11174178 0.24962287 -0.023627767
v 0.17143093 0.2498399 -0.02306686
v 0.07787073 0.27973685 -0.023821115
v 0.11178998 0.2798322 -0.023505038
v 0.043942526 0.30990657 -0.024010373
v -0 0.3401716 -0.023883501
v 0.07787388 0.30995423 -0.023696572
v 0.22729187 0.25005326 -0.022739207
v 0.17143093 0.27999988 -0.022948846
v 0.043942515 0.3401716 -0.023883501
v -0 0.37107465 -0.02283748
v 0.1118381 0.3100019 -0.023382468
v 0.17143093 0.31008574 -0.022831123
v 0.07787701 0.34017164 -0.023572044
v 0.111886226 0.3401716 -0.023259899
v 0.043942526 0.37107465 -0.02283748
v -0 0.4019777 -0.021791479
v 0.07788115 0.37107465 -0.022613928
v 0.17143093 0.3401716 -0.022713399
v 0.043942526 0.4019777 -0.021791477
v -0 0.42817298 -0.02095305
v 0.111886226 0.37107465 -0.022389935
v 0.17143093 0.37107465 -0.021997714
v 0.07788536 0.4019777 -0.02165584
v 0.043942526 0.42817298 -0.02095305
v -0 0.45436832 -0.020114623
v 0.111886226 0.4019777 -0.021519972
v 0.077888966 0.4281683 -0.020772139
v 0.17143093 0.4019777 -0.02128203
v 0.22784579 0.37107465 -0.02162611
v 0.111886226 0.42816368 -0.02059096
v 0.17143093 0.4281555 -0.02027363
v 0.22784579 0.4281478 -0.019972978
v 0.22784579 0.4543179 -0.018889364
v 0.17143093 0.45433336 -0.019265229
v 0.111886226 0.45434967 -0.019661946
v 0.2923483 0.47682795 -0.017644845
v 0.22784582 0.4768331 -0.01707421
v 0.17143093 0.4768376 -0.017339902
v 0.077892564 0.45435897 -0.01988843
v 0.17143093 0.50491846 -0.0125582665
v 0.111886226 0.4768423 -0.017620333
v 0.17143093 0.53190297 -0.007522537
v 0.17143093 0.55395496 -0.0025027252
v 0.111886226 0.50491846 -0.012698836
v 0.111886226 0.53190297 -0.007751836
v 0.11087737 0.55395496 -0.0025027252
v 0.08225596 0.55395496 -0.0025027252
v 0.077897325 0.476845 -0.017780406
v 0.07791438 0.53190297 -0.007882657
v 0.053634554 0.55395496 -0.0025027252
v 0.077905945 0.50491846 -0.012779054
v 0.043942563 0.53190297 -0.008013473
v 0.043942537 0.55395496 -0.0025027252
v 0.043942552 0.50491846 -0.01285922
v 1.990702E-08 0.50491846 -0.011969171
v -0 0.4768477 -0.017385496
v 0.043942526 0.4768477 -0.01794032
v 0.043942526 0.45436832 -0.020114623
v -0.043942537 0.53190297 -0.007377915
v -0.043942526 0.55395496 -0.0025027252
v -0.05363455 0.55395496 -0.0025027252
v -0.07791438 0.53190297 -0.007326068
v -0.08225596 0.55395496 -0.0025027252
v -0.043942526 0.50491846 -0.012859233
v -0.11188622 0.53190297 -0.00727422
v -0.11087737 0.55395496 -0.0025027252
v -0.17143092 0.53190297 -0.007183344
v -0.17143093 0.55395496 -0.0025027252
v -0.22784579 0.53190297 -0.0070972443
v -0.22699852 0.55395496 -0.0025027252
v -0.2923483 0.53190297 -0.0074725584
v -0.29160112 0.55395496 -0.0025027252
v -0.35048637 0.55395496 -0.0025027252
v -0.34619817 0.53190297 -0.006916616
v -0.3543578 0.55395496 -0.0025027231
v -0.2923483 0.50491846 -0.012964184
v -0.22784579 0.50491846 -0.012425107
v -0.17143093 0.50491846 -0.012558281
v -0.111886226 0.50491846 -0.012698844
v -0.07791438 0.50491846 -0.012779039
v -0.07791438 0.476845 -0.017780336
v -0.043942526 0.4768477 -0.01794032
v -0.043942515 0.45436832 -0.020114623
v -0.111886226 0.4768423 -0.017620351
v -0.17143093 0.4768376 -0.017339934
v -0.22784579 0.4768331 -0.017074255
v -0.2923483 0.47682795 -0.017644908
v -0.07791437 0.45435897 -0.019888297
v -0.043942526 0.42817298 -0.02095305
v -0.111886226 0.45434967 -0.01966197
v -0.17143093 0.45433336 -0.019265275
v -0.22784579 0.4543179 -0.018889429
v -0.33767194 0.50491846 -0.012165851
v -0.2923483 0.45430017 -0.019434424
v -0.3509536 0.53190297 -0.004647705
v -0.33037683 0.4768249 -0.016591402
v -0.34541368 0.50491846 -0.006391465
v -0.35209376 0.53190297 -0.0025698834
v -0.35276413 0.53190297 5.3644182E-08
v -0.3543578 0.55395496 -1.3346784E-06
v -0.34902325 0.50491846 5.3644182E-08
v -0.3474987 0.50491846 -0.0036575273
v -0.34560424 0.47691914 5.3575047E-08
v -0.34049806 0.47689095 -0.0077705123
v -0.32662684 0.45429078 -0.018231332
v -0.3383368 0.4543551 -0.008276954
v -0.34446618 0.4543856 0.00015394099
v -0.2923483 0.42813894 -0.020660205
v -0.33704686 0.4281664 -0.008547263
v -0.3435867 0.42818165 0.00023259455
v -0.32440904 0.42813426 -0.01945549
v -0.33575696 0.4019777 -0.008817571
v -0.34270725 0.4019777 0.00031124815
v -0.32219124 0.4019777 -0.020679645
v -0.3348926 0.37107465 -0.00896972
v -0.34218544 0.37107465 0.0003112481
v -0.22784579 0.4281478 -0.01997303
v -0.2923483 0.4019777 -0.021885987
v -0.3207786 0.37107465 -0.021017719
v -0.3340282 0.3401716 -0.009121871
v -0.3416636 0.3401716 0.0003112481
v -0.22784579 0.4019777 -0.021056633
v -0.2923483 0.37107465 -0.022306299
v -0.17143093 0.4281555 -0.020273665
v -0.31936595 0.3401716 -0.021355793
v -0.33376464 0.310078 -0.009173981
v -0.34150693 0.30990657 0.00031124806
v -0.17143093 0.4019777 -0.021282056
v -0.111886226 0.42816368 -0.02059098
v -0.2923483 0.3401716 -0.022726614
v -0.31893468 0.31029245 -0.0214672
v -0.33350107 0.27998438 -0.00922609
v -0.34135026 0.2796415 0.00031124806
v -0.111886226 0.4019777 -0.021519987
v -0.07791438 0.4281683 -0.020772016
v -0.07791214 0.4019777 -0.02165574
v -0.043942526 0.4019777 -0.021791477
v -0.043942526 0.37107465 -0.02283748
v -0.31850338 0.28041333 -0.021578608
v -0.33323687 0.24981932 -0.009278324
v -0.3411936 0.24937646 0.00031124806
v -0.3180698 0.25037262 -0.021690616
v -0.33297268 0.21965425 -0.009330559
v -0.3410369 0.21911143 0.00031124806
v -0.31763616 0.22033194 -0.021802625
v -0.33270642 0.1892535 -0.009383201
v -0.34088022 0.18884638 0.00031124806
v -0.317191 0.18949257 -0.021917611
v -0.33244014 0.15885274 -0.009435843
v -0.34072354 0.15858133 0.00031124803
v -0.31674585 0.15865318 -0.022032598
v -0.33217388 0.12845199 -0.009488485
v -0.34056687 0.12831628 0.000311248
v -0.3404102 0.098051235 0.000311248
v -0.3163085 0.12835221 -0.022145577
v -0.2922763 0.22028787 -0.023184078
v -0.2922578 0.18945827 -0.02330172
v -0.29223928 0.15862866 -0.023419365
v -0.29229435 0.2503356 -0.023069417
v -0.29222113 0.12833995 -0.023534944
v -0.2271068 0.21994407 -0.022920916
v -0.22672987 0.15862332 -0.023290796
v -0.29231238 0.28038332 -0.02295476
v -0.29233035 0.31027746 -0.022840686
v -0.22747694 0.28016242 -0.022557687
v -0.22784579 0.3401716 -0.022195717
v -0.22691832 0.1892837 -0.023105856
v -0.22729187 0.25005326 -0.0227393
v -0.22766137 0.31016704 -0.022376701
v -0.22784579 0.37107465 -0.021626174
v -0.17143093 0.37107465 -0.021997761
v -0.17143093 0.3401716 -0.022713466
v -0.17143093 0.31008574 -0.022831189
v -0.17143093 0.27999985 -0.022948911
v -0.17143093 0.24983989 -0.023066925
v -0.111886226 0.37107465 -0.022389961
v -0.111886226 0.3401716 -0.023259934
v -0.07790955 0.37107465 -0.022613753
v -0.07790691 0.3401716 -0.023571778
v -0.043942522 0.3401716 -0.023883484
v -0.043942526 0.30990657 -0.024010373
v -0.11183951 0.3100019 -0.023382379
v -0.1117928 0.2798322 -0.023504823
v -0.07790452 0.30995426 -0.02369625
v -0.07790213 0.27973697 -0.023820722
v -0.043942526 0.2796415 -0.024137262
v -0.043942526 0.24937646 -0.02426415
v -0.111746036 0.24962293 -0.02362743
v -0.07789975 0.2494999 -0.02394527
v -0.111699276 0.2194136 -0.023750037
v -0.07789741 0.21926287 -0.024069816
v -0.043942533 0.21911143 -0.02439104
v -0.043942526 0.18884638 -0.024517925
v -0.17143093 0.2196799 -0.023184938
v -0.111652195 0.18900637 -0.023873447
v -0.17143093 0.1891474 -0.023304408
v -0.077895 0.1889266 -0.024194757
v -0.17143093 0.1586149 -0.02342388
v -0.11160512 0.15859917 -0.023996856
v -0.07789264 0.15859027 -0.024319697
v -0.043942526 0.15858133 -0.024644813
v -0.043942526 0.12831628 -0.024771703
v -0.11155825 0.12832521 -0.024119724
v -0.17143093 0.12833308 -0.023542373
v -0.07789022 0.12832077 -0.024444366
v -0.077887826 0.09805123 -0.024569029
v -0.043942526 0.098051235 -0.02489859
v -0.043942526 0.06230067 -0.024898589
v -0.111511365 0.09805123 -0.024242593
v -0.22654371 0.12833728 -0.023473477
v -0.22635756 0.098051235 -0.02365616
v -0.17143092 0.09805123 -0.023660861
v -0.29220292 0.098051235 -0.023650523
v -0.31587112 0.098051235 -0.022258556
v -0.33190763 0.098051235 -0.009541127
v -0.31640586 0.0633596 -0.022258554
v -0.33215675 0.062772 -0.009541126
v -0.34055427 0.06230067 0.000311248
v -0.29220295 0.0633236 -0.023655398
v -0.22618096 0.06303402 -0.023659697
v -0.17143093 0.062795244 -0.023663294
v -0.3324059 0.027492762 -0.009541124
v -0.34069833 0.026550109 0.000311248
v -0.31694064 0.02866797 -0.022258552
v -0.29220295 0.028595967 -0.02366027
v -0.22600436 0.028016811 -0.023663236
v -0.33266178 -0.008738853 -0.009541123
v -0.34084243 -0.009200453 0.000311248
v -0.31750807 -0.008141522 -0.02225855
v -0.29220295 -0.0081848195 -0.023665434
v -0.33291763 -0.044970468 -0.009541123
v -0.3409865 -0.044951014 0.000311248
v -0.31807548 -0.044951014 -0.022258548
v -0.33316818 -0.080452286 -0.009541122
v -0.34113058 -0.080701575 0.000311248
v -0.17143093 0.027539253 -0.023665724
v -0.29220295 -0.044965606 -0.023670597
v -0.31861755 -0.080117986 -0.022258546
v -0.33341876 -0.11593411 -0.009541121
v -0.34127465 -0.116452135 0.000311248
v -0.29220295 -0.08014964 -0.023675535
v -0.22563635 -0.04495759 -0.023670604
v -0.22582035 -0.008470389 -0.02366692
v -0.31915966 -0.11528496 -0.022258544
v -0.33367306 -0.15194368 -0.009541119
v -0.3414187 -0.15220271 0.000311248
v -0.17143093 -0.008705881 -0.023668226
v -0.29220295 -0.11533369 -0.023680473
v -0.31971973 -0.1516191 -0.02225854
v -0.33392736 -0.18795326 -0.009541119
v -0.34156278 -0.18795326 0.000311248
v -0.29220295 -0.15164347 -0.023685569
v -0.22527981 -0.11565379 -0.02367775
v -0.3202798 -0.18795326 -0.022258539
v -0.3345475 -0.22756536 -0.009648116
v -0.34200668 -0.22807734 0.00031124803
v -0.29220292 -0.18795326 -0.023690665
v -0.32163343 -0.22692947 -0.022384442
v -0.33516765 -0.26717746 -0.009755114
v -0.3424506 -0.26820144 0.00031124806
v -0.22545807 -0.08030569 -0.023674177
v -0.32298708 -0.2659057 -0.022510348
v -0.33580384 -0.30781353 -0.009864877
v -0.3428945 -0.3083255 0.00031124806
v -0.32442045 -0.30717763 -0.022643667
v -0.33644 -0.3484496 -0.009974641
v -0.3433384 -0.3484496 0.0003112481
v -0.3258538 -0.3484496 -0.022776986
v -0.33807358 -0.38801542 -0.009585299
v -0.34486267 -0.38801542 0.00027810945
v -0.32840243 -0.38801542 -0.021544771
v -0.33970723 -0.42758122 -0.009195956
v -0.34638697 -0.42758122 0.0002449708
v -0.33095104 -0.42758122 -0.020312557
v -0.3406036 -0.44929132 -0.008533957
v -0.34722528 -0.4493416 0.00015394099
v -0.3323504 -0.44930568 -0.018593984
v -0.34192762 -0.46550956 -0.007380459
v -0.34804738 -0.46555185 5.3585644E-08
v -0.33410686 -0.4654994 -0.017331308
v -0.34526667 -0.4829546 -0.0062804283
v -0.35030028 -0.4829546 5.3644182E-08
v -0.33824664 -0.4829546 -0.013865793
v -0.35137996 -0.5054166 -0.0022623793
v -0.35275856 -0.5054166 5.3644182E-08
v -0.35435778 -0.52329195 -0.0025027231
v -0.34889376 -0.50541663 -0.0049392967
v -0.35048637 -0.52329195 -0.0025027252
v -0.34603354 -0.50541663 -0.0076228813
v -0.32134464 -0.52329195 -0.0025027252
v -0.29220292 -0.4829546 -0.014508517
v -0.29220295 -0.50541663 -0.007922436
v -0.29220292 -0.52329195 -0.0025027252
v -0.259687 -0.52329195 -0.0025027252
v -0.22634669 -0.50541663 -0.0074171186
v -0.22717106 -0.52329195 -0.0025027252
v -0.19930099 -0.52329195 -0.0025027252
v -0.29220292 -0.46549472 -0.018295443
v -0.22525525 -0.4829546 -0.013890276
v -0.17143093 -0.50541663 -0.0069957487
v -0.17143093 -0.52329195 -0.0025027252
v -0.14170268 -0.52329195 -0.0025027252
v -0.22461179 -0.46548724 -0.017820662
v -0.29220295 -0.4493073 -0.0198602
v -0.17143093 -0.4829546 -0.013393223
v -0.11174659 -0.5054166 -0.0067813764
v -0.11197442 -0.52329195 -0.0025027252
v -0.22433475 -0.44931003 -0.019746274
v -0.29220295 -0.42758122 -0.02161244
v -0.17143092 -0.46548134 -0.017447105
v -0.11139766 -0.4829546 -0.013223156
v -0.07784455 -0.5054166 -0.006659608
v -0.07795847 -0.52329195 -0.0025027252
v -0.22413836 -0.42758122 -0.021389073
v -0.29220295 -0.38801542 -0.022798348
v -0.07784494 -0.4829546 -0.013128105
v -0.043942526 -0.5054166 -0.00653784
v -0.043942526 -0.52329195 -0.0025027252
v -0.043942526 -0.4829546 -0.013032064
v -0.043942526 -0.46546718 -0.017537853
v -0.07784539 -0.46547088 -0.01751372
v -0.043942526 -0.44931722 -0.02050001
v -0.11116996 -0.4654746 -0.01749
v -0.0778461 -0.44931588 -0.020275949
v -0.043942526 -0.42758122 -0.021932935
v -0.111040436 -0.44931456 -0.020056574
v -0.07784746 -0.42758122 -0.021742297
v -0.043942526 -0.38801542 -0.022484351
v -0.17143093 -0.44931212 -0.019657467
v -0.11098077 -0.42758122 -0.021556
v -0.17143093 -0.42758122 -0.021216106
v -0.0778504 -0.38801542 -0.022373473
v -0.2241516 -0.38801542 -0.02238653
v -0.077853344 -0.34844962 -0.02300464
v -0.043942526 -0.3484496 -0.023035768
v -0.043942526 -0.3083255 -0.023501469
v -0.17143093 -0.38801542 -0.022067422
v -0.11099098 -0.38801542 -0.022265105
v -0.22416483 -0.3484496 -0.023383988
v -0.11100117 -0.3484496 -0.022974212
v -0.07785643 -0.30818582 -0.023398126
v -0.0778595 -0.26792222 -0.02379167
v -0.043942526 -0.26820144 -0.02396717
v -0.043942526 -0.22807734 -0.024432871
v -0.29220292 -0.3484496 -0.023984259
v -0.29220292 -0.30724144 -0.023908878
v -0.17143093 -0.3484496 -0.02291874
v -0.11103513 -0.3080492 -0.023297023
v -0.22435601 -0.3075548 -0.0234607
v -0.17143093 -0.30780092 -0.023111692
v -0.29220292 -0.2660333 -0.023833496
v -0.22454719 -0.26666 -0.02353741
v -0.29220292 -0.22699328 -0.02376208
v -0.17143093 -0.26715228 -0.023304645
v -0.11106908 -0.26764885 -0.023619834
v -0.22491518 -0.18795326 -0.023685051
v -0.22473119 -0.22730663 -0.02361123
v -0.22509749 -0.15180352 -0.0236814
v -0.17143093 -0.22755276 -0.023492618
v -0.17143093 -0.18795326 -0.02368059
v -0.077862516 -0.2279378 -0.024183048
v -0.17143093 -0.15193236 -0.023678107
v -0.11110257 -0.22780104 -0.02393823
v -0.07786552 -0.18795326 -0.024574483
v -0.043942526 -0.18795326 -0.024898572
v -0.043942526 -0.15220271 -0.024898574
v -0.11113606 -0.18795326 -0.024256626
v -0.17143093 -0.11591145 -0.02367562
v -0.07786832 -0.15213071 -0.024573794
v -0.11118316 -0.15205999 -0.024254864
v -0.07787116 -0.11630821 -0.024573108
v -0.043942526 -0.116452135 -0.024898576
v -0.043942526 -0.080701575 -0.024898577
v -0.17143093 -0.08043124 -0.023673175
v -0.111230254 -0.1161667 -0.024253104
v -0.07787391 -0.08062966 -0.024572428
v -0.17143093 -0.044951018 -0.023670726
v -0.111276984 -0.08055886 -0.024251357
v -0.07787671 -0.044951018 -0.02457175
v -0.043942526 -0.044951014 -0.02489858
v -0.043942526 -0.009200453 -0.024898583
v -0.111323714 -0.044951018 -0.02424961
v -0.077879466 -0.009068705 -0.024571065
v -0.11137097 -0.008938688 -0.024247844
v -0.07788227 0.026813442 -0.02457038
v -0.043942526 0.026550109 -0.024898587
v -0.111418225 0.02707364 -0.024246076
v -0.077885084 0.062432256 -0.024569703
v -0.11146479 0.06256243 -0.024244335
v -0.35435778 -0.52329195 0.0025028305
v -0.35435778 -0.52329195 -0.0025027231
v -0.35275856 -0.5054166 5.3644182E-08
v -0.35137996 -0.5054166 0.0022624866
v -0.35030028 -0.4829546 5.3644182E-08
v -0.34889376 -0.50541663 0.004939404
v -0.35048637 -0.52329195 0.0025028326
v -0.34526667 -0.4829546 0.0062805354
v -0.34804738 -0.46555185 5.3585644E-08
v -0.3419268 -0.46550465 0.0074563264
v -0.34722528 -0.4493416 0.00015394099
v -0.33824664 -0.4829546 0.014800267
v -0.34603354 -0.5054166 0.007622988
v -0.3406038 -0.4492963 0.008879901
v -0.34638697 -0.42758122 0.0002449708
v -0.3373322 -0.5054166 0.007622956
v -0.32134464 -0.52329195 0.0025028326
v -0.33410683 -0.46549925 0.019347051
v -0.32384583 -0.4829546 0.014905052
v -0.29220292 -0.5054166 0.007622791
v -0.29220292 -0.52329195 0.0025028326
v -0.26200992 -0.5232919 0.0025028326
v -0.29220292 -0.4829546 0.015135295
v -0.23181692 -0.5054166 0.0073491423
v -0.23181692 -0.5232919 0.0025028326
v -0.20162392 -0.5232919 0.0025028326
v -0.31687078 -0.46549758 0.019608093
v -0.29220295 -0.46549526 0.019981692
v -0.17143092 -0.5054166 0.007075493
v -0.17143093 -0.5232919 0.0025028326
v -0.1285732 -0.5232919 0.0025028326
v -0.17143092 -0.4829546 0.01438909
v -0.1285467 -0.5054166 0.006941023
v -0.085715465 -0.5232919 0.0025028326
v -0.085662484 -0.5054166 0.0068065524
v -0.042857733 -0.5232919 0.0025028326
v -0.08553751 -0.4829546 0.014177376
v -0.17143093 -0.46548364 0.019447606
v -0.29220292 -0.44930702 0.0221198
v -0.042831242 -0.5054166 0.0066722482
v -0 -0.4829546 0.013966538
v -0 -0.5054166 0.006537944
v -0 -0.5232918 0.0025028326
v 0.042857733 -0.5232919 0.0025028326
v 0.042831246 -0.5054166 0.0066722515
v 0.085715465 -0.5232919 0.0025028326
v -0.08545267 -0.46547538 0.019500751
v 0.08566249 -0.5054166 0.0068065594
v 0.1285732 -0.5232919 0.0025028326
v 0.085537516 -0.4829546 0.014177385
v 0.1285467 -0.5054166 0.0069410326
v 0.17143093 -0.52329195 0.0025028326
v 0.17143093 -0.5054166 0.0070755067
v 0.20162392 -0.52329195 0.0025028326
v 0.17143093 -0.4829546 0.01438911
v 0.23181692 -0.5054166 0.0073491605
v 0.23181692 -0.52329195 0.0025028326
v 0.26200992 -0.52329195 0.0025028326
v 0.08545267 -0.46547538 0.019500747
v 0.29220292 -0.5054166 0.007622815
v 0.29220292 -0.52329195 0.0025028326
v 0.32133713 -0.52329195 0.0025028326
v 0.29220292 -0.4829546 0.015135328
v 0.33732468 -0.5054166 0.0076229586
v 0.35047135 -0.52329195 0.0025028326
v -0 -0.46546718 0.01955357
v 0.17143093 -0.46548364 0.0194476
v 0.34602457 -0.5054166 0.0076229866
v 0.32383552 -0.4829546 0.0149050625
v 0.3488788 -0.50541663 0.004939404
v 0.3543428 -0.52329195 0.0025028305
v 0.29220292 -0.46549526 0.019981682
v 0.33823165 -0.4829546 0.014800267
v 0.31686196 -0.46549758 0.01960809
v -0.085429356 -0.4493142 0.02256916
v -0 -0.44931722 0.023059096
v -0 -0.42758122 0.025086436
v 0.08542935 -0.4493142 0.022569139
v 0.17143093 -0.44931123 0.0220759
v 0.29220292 -0.44930702 0.022119721
v 0.085460715 -0.42758122 0.024586663
v 0.17143093 -0.42758122 0.02408391
v -0.17143093 -0.44931123 0.022075944
v -0.17143093 -0.42758122 0.024083953
v -0.08546072 -0.42758122 0.024586683
v 0.085715465 -0.3484496 0.02721557
v 0.31266809 -0.4493063 0.02162679
v 0.29220292 -0.42758122 0.024215546
v 0.29594097 -0.3484496 0.027163336
v 0.17143093 -0.3484496 0.026778728
v 0.29407197 -0.26820144 0.027869863
v 0.33409184 -0.46549925 0.019347051
v 0.30754858 -0.42758122 0.023793539
v 0.17143093 -0.26820144 0.027645215
v 0.3323354 -0.4493056 0.021153076
v -0 -0.3484496 0.027652416
v 0.085715465 -0.26820144 0.028216926
v -0.085715465 -0.3484496 0.027215594
v -0 -0.26820144 0.02878864
v 0.085715465 -0.18795326 0.02921828
v -0.17143093 -0.3484496 0.02677877
v -0.29594097 -0.3484496 0.027163407
v -0.29407194 -0.26820144 0.027869958
v -0.085715465 -0.26820144 0.028216952
v 0.17143093 -0.18795328 0.028511703
v 0.17143093 -0.04495102 0.029818838
v -0.29220292 -0.42758122 0.024215624
v -0.3126757 -0.44930625 0.021626828
v -0.30755448 -0.42758122 0.02379359
v -0.3323504 -0.4493056 0.021153076
v -0.33970723 -0.42758122 0.009701874
v -0.3380736 -0.38801542 0.010149506
v -0.34486267 -0.38801542 0.00027810945
v -0.3433384 -0.3484496 0.0003112481
v -0.33095104 -0.42758122 0.023150383
v -0.32840243 -0.38801542 0.024571095
v -0.3258538 -0.3484496 0.025991803
v -0.33644 -0.3484496 0.010597139
v -0.32446033 -0.3083255 0.026315058
v -0.33581215 -0.30834574 0.010488811
v -0.3428945 -0.3083255 0.00031124806
v -0.3230668 -0.26820144 0.026638314
v -0.3351843 -0.26824185 0.010380486
v -0.3424506 -0.26820144 0.00031124806
v -0.3216733 -0.22807734 0.02696157
v -0.33455583 -0.22809756 0.01027205
v -0.34200668 -0.22807734 0.00031124803
v -0.33392736 -0.18795326 0.010163615
v -0.34156278 -0.18795326 0.000311248
v -0.3202798 -0.18795326 0.027284825
v -0.33367476 -0.1521846 0.010163615
v -0.3414187 -0.15220271 0.000311248
v -0.29220292 -0.18795325 0.028576506
v -0.17143093 -0.18795325 0.028511768
v -0.31951472 -0.15252133 0.027608884
v -0.33342215 -0.116415955 0.010163617
v -0.34127465 -0.116452135 0.000311248
v -0.2916901 -0.11645212 0.02925074
v -0.31874964 -0.117089406 0.027932942
v -0.33316955 -0.080647305 0.010163618
v -0.34113058 -0.080701575 0.000311248
v -0.31796858 -0.08091882 0.028263757
v -0.33291698 -0.044878643 0.010163619
v -0.3409865 -0.044951014 0.000311248
v -0.31718752 -0.04474824 0.028594572
v -0.29117733 -0.044951003 0.029924972
v -0.33266494 -0.009183625 0.01016362
v -0.34084243 -0.009200453 0.000311248
v -0.31641665 -0.009048372 0.02892108
v -0.17143093 -0.044951007 0.029809803
v -0.33241284 0.026511395 0.010163621
v -0.34069833 0.026550109 0.000311248
v -0.31564578 0.026651496 0.029247591
v -0.29066452 0.026550118 0.030599205
v -0.33216023 0.06228131 0.010163622
v -0.34055427 0.06230067 0.000311248
v -0.31487492 0.062351365 0.029574102
v -0.33190763 0.098051235 0.010163623
v -0.3404102 0.098051235 0.000311248
v -0.34056687 0.12831628 0.000311248
v -0.31410405 0.098051235 0.02990061
v -0.29015172 0.09805124 0.031273436
v -0.17143093 0.098051235 0.031107837
v -0.31464338 0.12787679 0.029432615
v -0.33217135 0.12815939 0.0101114875
v -0.29003894 0.15858133 0.030285627
v -0.33243504 0.15826753 0.010059353
v -0.34072354 0.15858133 0.00031124803
v -0.31518275 0.15770233 0.028964622
v -0.33270276 0.18883523 0.01000642
v -0.34088022 0.18884638 0.00031124806
v -0.3157451 0.18879996 0.028476669
v -0.33297047 0.21940294 0.00995349
v -0.3410369 0.21911143 0.00031124806
v -0.31630746 0.21989758 0.027988715
v -0.28992617 0.21911143 0.029297817
v -0.33323383 0.24947107 0.009901424
v -0.3411936 0.24937646 0.00031124806
v -0.31684524 0.24963629 0.027522082
v -0.2898134 0.2796415 0.028310006
v -0.17143093 0.21911143 0.029190093
v -0.3334972 0.2795392 0.009849357
v -0.34135026 0.2796415 0.00031124806
v -0.31738302 0.27937502 0.027055448
v -0.3337627 0.30985543 0.0097968625
v -0.34150693 0.30990657 0.00031124806
v -0.3179327 0.3097733 0.02657847
v -0.3340282 0.3401716 0.009744368
v -0.3416636 0.3401716 0.0003112481
v -0.31848243 0.3401716 0.026101485
v -0.3348926 0.37107465 0.009592217
v -0.34218544 0.37107465 0.0003112481
v -0.28970063 0.3401716 0.027322194
v -0.32033682 0.37107465 0.025057692
v -0.29146573 0.4019777 0.025812907
v -0.33575696 0.4019777 0.009440067
v -0.34270725 0.4019777 0.00031124815
v -0.22784582 0.3401716 0.02682584
v -0.17143093 0.3401716 0.02727235
v -0.32219124 0.4019777 0.024013897
v -0.33704686 0.4281664 0.009031503
v -0.3435867 0.42818165 0.00023259455
v -0.34446618 0.4543856 0.00015394099
v -0.32440904 0.42813426 0.022600984
v -0.3383368 0.4543551 0.00862294
v -0.34560424 0.47691914 5.3575047E-08
v -0.22784579 0.4019777 0.025439916
v -0.32662684 0.45429084 0.02118807
v -0.34049806 0.47689095 0.007845998
v -0.30767 0.45429578 0.022712732
v -0.2958785 0.45429894 0.023678197
v -0.33037683 0.47682485 0.01832572
v -0.3474987 0.50491846 0.0036576346
v -0.34902325 0.50491846 5.3644182E-08
v -0.34541368 0.50491846 0.006466951
v -0.35209376 0.53190297 0.0025699907
v -0.35276413 0.53190297 5.3644182E-08
v -0.31542528 0.47682616 0.019951602
v -0.33767194 0.50491846 0.013183365
v -0.3543578 0.55395496 0.0025000537
v -0.3543578 0.55395496 -1.3346784E-06
v -0.3509536 0.53190297 0.004647812
v -0.3461912 0.53190297 0.0064300383
v -0.35048637 0.55395496 0.0025000537
v -0.32759094 0.50491846 0.013575125
v -0.29984996 0.47682747 0.021577483
v -0.3404572 0.53190297 0.0068870904
v -0.31379303 0.50491846 0.013898174
v -0.33185625 0.53190297 0.007572668
v -0.2923483 0.53190297 0.0066496828
v -0.29160115 0.55395496 0.0025000537
v -0.2923483 0.50491846 0.013641762
v -0.22784582 0.4543143 0.023388468
v -0.22784579 0.53190297 0.0065877335
v -0.22699852 0.55395496 0.0025000537
v -0.22784579 0.50491846 0.013408884
v -0.22784582 0.47683197 0.021292878
v -0.17143093 0.4019777 0.025868228
v -0.17143093 0.53190297 0.0066629066
v -0.17143093 0.55395496 0.0025000537
v -0.17143092 0.45432764 0.02371375
v -0.17143092 0.50491846 0.013524728
v -0.17143093 0.47683588 0.021523217
v -0.111886226 0.53190297 0.0067422497
v -0.11087737 0.55395496 0.0025000537
v -0.111886226 0.50491846 0.0136469975
v -0.111886226 0.47684 0.021766335
v -0.111886226 0.45434174 0.024057077
v -0.111886226 0.4019777 0.026320307
v -0.054631192 0.53190297 0.006818542
v -0.05363455 0.55395496 0.0025000537
v -0.054631192 0.50491846 0.013764568
v 3.881217E-22 0.50491846 0.013876746
v 1.3386958E-30 0.53190297 0.0068913377
v -2.7755576E-18 0.55395496 0.0025000537
v 0.05363455 0.55395496 0.0025000537
v -0.054631192 0.47684392 0.022000104
v -0.054631192 0.4543554 0.024387203
v 0.054631192 0.53190297 0.006807965
v -0.054631192 0.4019777 0.026755
v 7.4492276E-31 0.45436832 0.0247022
v 0.111886226 0.53190297 0.0067205876
v 0.11087737 0.55395496 0.0025000537
v 8.990468E-19 0.4768477 0.02222316
v 0.17143093 0.53190297 0.006629716
v 0.17143093 0.55395496 0.0025000537
v 0.22784579 0.53190297 0.006543621
v 0.22699852 0.55395496 0.0025000537
v 0.29160115 0.55395496 0.0025000537
v 0.2923483 0.53190297 0.006590566
v 0.3504714 0.55395496 0.0025000537
v 0.22784579 0.50491846 0.013408864
v 0.17143093 0.50491846 0.013524713
v 0.111886226 0.50491846 0.013646989
v 0.054631192 0.50491846 0.013764563
v 0.054631192 0.47684392 0.022000093
v 0.111886226 0.47684 0.021766314
v 0.17143093 0.47683588 0.021523183
v 0.22784579 0.47683197 0.021292835
v 0.2923483 0.50491846 0.013641733
v 0.054631192 0.4543554 0.024387188
v 0.111886226 0.45434174 0.024057047
v 0.17143093 0.45432764 0.023713706
v 0.22784582 0.4543143 0.02338841
v 0.33184525 0.53190297 0.007507766
v 0.29984996 0.47682747 0.021577427
v 0.31378636 0.50491846 0.013898159
v 0.34044382 0.53190297 0.0068209283
v 0.34617618 0.53190297 0.0063630366
v 0.3543428 0.55395496 0.0025000537
v 0.3275801 0.50491846 0.013575119
v 0.17143093 0.4019777 0.025868168
v 0.22784579 0.4019777 0.025439832
v 0.2958785 0.45429897 0.023678115
v 0.29146573 0.4019777 0.0258128
v 0.3154178 0.47682616 0.019951573
v 0.33765694 0.50491846 0.013183365
v 0.3076642 0.45429584 0.022712681
v 0.35093865 0.53190297 0.004647812
v 0.3303618 0.47682485 0.01832572
v 0.3453987 0.50491846 0.006466951
v 0.35207877 0.53190297 0.0025699907
v 0.3527491 0.53190297 5.3644182E-08
v 0.3543428 0.55395496 -1.3346784E-06
v 0.34900826 0.50491846 5.3644182E-08
v 0.3474837 0.50491846 0.0036576346
v 0.34558925 0.47691914 5.3575047E-08
v 0.3404831 0.47689095 0.007845998
v 0.32661182 0.45429084 0.02118807
v 0.3383218 0.4543551 0.00862294
v 0.34445116 0.4543856 0.00015394099
v 0.32439405 0.42813426 0.022600984
v 0.3370319 0.4281664 0.009031503
v 0.34357175 0.42818165 0.00023259455
v 0.32217628 0.4019777 0.024013897
v 0.33574197 0.4019777 0.009440067
v 0.34269232 0.4019777 0.00031124815
v 0.32032186 0.37107465 0.025057692
v 0.33487758 0.37107465 0.009592217
v 0.34217048 0.37107465 0.0003112481
v 0.33401322 0.3401716 0.009744368
v 0.34164867 0.3401716 0.0003112481
v 0.31846744 0.3401716 0.026101485
v 0.28970063 0.3401716 0.027322078
v 0.3337477 0.30985543 0.0097968625
v 0.341492 0.30990657 0.00031124806
v 0.31791773 0.3097733 0.026582677
v 0.2898134 0.2796415 0.028317992
v 0.22784579 0.3401716 0.026825756
v 0.33348218 0.2795392 0.009849357
v 0.3413353 0.2796415 0.00031124806
v 0.317368 0.27937502 0.02706387
v 0.17143092 0.3401716 0.027272284
v 0.17143092 0.21911143 0.029199129
v 0.3332188 0.24947107 0.009901424
v 0.34117863 0.24937646 0.00031124806
v 0.31683025 0.24963629 0.027534623
v 0.111886226 0.4019777 0.026320264
v 0.33295548 0.21940294 0.00995349
v 0.34102193 0.21911143 0.00031124806
v 0.28992617 0.21911143 0.029313905
v 0.31629246 0.21989758 0.028005376
v 0.111886226 0.3401716 0.027743584
v 0.054631192 0.4019777 0.026754979
v 0.33268777 0.18883523 0.01000642
v 0.34086522 0.18884638 0.00031124806
v 0.3157301 0.18879996 0.02849764
v 3.6541786E-31 0.4019777 0.02716977
v 0.054631192 0.3401716 0.028196765
v 0.33242002 0.15826753 0.010059353
v 0.34070858 0.15858133 0.00031124803
v 0.29003894 0.15858133 0.030309817
v 0.31516775 0.15770233 0.028989902
v -0.054631192 0.3401716 0.028196786
v 0.33215633 0.12815939 0.0101114875
v 0.3405519 0.12831628 0.000311248
v 0.31462842 0.12787679 0.029462028
v 0.33189264 0.098051235 0.010163623
v 0.3403952 0.098051235 0.000311248
v 0.31408903 0.098051235 0.029934157
v 0.33214524 0.06228131 0.010163622
v 0.3405393 0.06230067 0.000311248
v 0.29015172 0.09805123 0.03130573
v -0.111886226 0.3401716 0.027743628
v -0.085715465 0.21911143 0.029887503
v -0 0.21911143 0.030584915
v -0.085715465 0.098051235 0.031824242
v 0.17143092 0.09805123 0.031125976
v 0.08571546 0.09805123 0.031833313
v 0.31485993 0.062351365 0.029603457
v 0.29066452 0.026550105 0.030623395
v 0.31563076 0.026651496 0.029272763
v 0.33239785 0.026511395 0.010163621
v 0.34068337 0.026550109 0.000311248
v 0.31640166 -0.009048372 0.028942067
v 0.33264992 -0.009183625 0.01016362
v 0.34082744 -0.009200453 0.000311248
v 0.29117733 -0.044951018 0.029941058
v 0.31717253 -0.04474824 0.028611368
v 0.33290198 -0.044878643 0.010163619
v 0.3409715 -0.044951014 0.000311248
v 0.3179536 -0.08091882 0.028276313
v 0.3331546 -0.080647305 0.010163618
v 0.34111556 -0.080701575 0.000311248
v 0.2916901 -0.116452135 0.029258722
v 0.31873462 -0.117089406 0.027941257
v 0.33340716 -0.116415955 0.010163617
v 0.34125963 -0.116452135 0.000311248
v 0.31949973 -0.15252133 0.027613042
v 0.33365974 -0.1521846 0.010163615
v 0.3414037 -0.15220271 0.000311248
v 0.33391234 -0.18795326 0.010163615
v 0.3415478 -0.18795326 0.000311248
v 0.32026482 -0.18795326 0.027284825
v 0.29220292 -0.18795326 0.028576389
v 0.32165834 -0.22807734 0.02696157
v 0.3345408 -0.22809756 0.01027205
v 0.34199166 -0.22807734 0.00031124803
v 0.3230518 -0.26820144 0.026638314
v 0.3351693 -0.26824185 0.010380486
v 0.34243557 -0.26820144 0.00031124806
v 0.3244453 -0.3083255 0.026315058
v 0.33579713 -0.30834574 0.010488811
v 0.3428795 -0.3083255 0.00031124806
v 0.3258388 -0.3484496 0.025991803
v 0.33642498 -0.3484496 0.010597139
v 0.34332338 -0.3484496 0.0003112481
v 0.32838744 -0.38801542 0.024571093
v 0.3380586 -0.38801542 0.010149506
v 0.34484768 -0.38801542 0.00027810945
v 0.33093604 -0.42758122 0.023150383
v 0.3396922 -0.42758122 0.009701874
v 0.34637198 -0.42758122 0.0002449708
v 0.3405888 -0.4492963 0.008879901
v 0.3472103 -0.4493416 0.00015394099
v 0.34191182 -0.46550465 0.0074563264
v 0.3480324 -0.46555185 5.3585644E-08
v 0.34525594 -0.4829546 0.0062805354
v 0.35028526 -0.4829546 5.3644182E-08
v 0.35136503 -0.5054166 0.0022624866
v 0.35274357 -0.5054166 5.3644182E-08
v 0.3543428 -0.52329195 -0.0025027231
v 0.043942537 0.55395496 -0.0025027252
v -0 0.55395496 -0.002502725
v -1.4249236E-08 0.53190297 -0.006266955
v 0.043942563 0.53190297 -0.008013473
v 0.043942526 -0.5054166 -0.007767132
v -0 -0.5054166 -0.0058712545
v -0 -0.52329195 -0.0025027252
v 0.043942526 -0.52329195 -0.0025027252
v 0.085715465 -0.044951018 0.030525798
v -0 -0.18795326 0.029924858
v -0 -0.044951014 0.031232754
v -0.085715465 -0.18795326 0.029218314
v -0.085715465 -0.044951014 0.03052128
v -0.17143093 -0.26820144 0.02764527
v -0 0.098051235 0.03254065
v 0.08571546 0.21911143 0.029892022
v -0 0.3401716 0.028629174
v 0.043942537 0.5536805 -0.006117001
v 0.043942537 0.53190297 -0.008013536
v 0.043942537 0.55395496 -0.002502779
v 0.043942537 0.53190297 -0.010418089
v 0.043942526 0.50491846 -0.016161455
v 0.043942526 0.50491846 -0.014213107
v 0.043942526 0.4768477 -0.02241317
v 0.043942526 0.4768477 -0.02046482
v 0.043942526 0.45436832 -0.025473991
v 0.043942526 0.45436832 -0.023482343
v 0.043942526 0.42817298 -0.025818197
v 0.043942526 0.42817298 -0.027831972
v 0.043942526 0.4019777 -0.030189952
v 0.043942526 0.4019777 -0.02815405
v 0.043942526 0.37107465 -0.030643761
v 0.043942526 0.37107465 -0.032679666
v 0.043942526 0.3401716 -0.035169378
v 0.043942526 0.3401716 -0.033133477
v 0.043942526 0.30990657 -0.033658665
v 0.043942526 0.30990657 -0.03583845
v 0.043942526 0.2796415 -0.034183856
v 0.043942526 0.2796415 -0.036507525
v 0.043942522 0.24937652 -0.034709048
v 0.043942526 0.24937646 -0.037176594
v 0.043942522 0.21911147 -0.03523424
v 0.043942526 0.21911143 -0.037845667
v 0.043942526 0.18884638 -0.035759427
v 0.043942526 0.18884638 -0.038514737
v 0.043942526 0.15858133 -0.036284618
v 0.043942526 0.15858133 -0.039183807
v 0.043942526 0.12831628 -0.03680981
v 0.043942526 0.12831628 -0.039852884
v 0.043942526 0.098051235 -0.040521953
v 0.043942526 0.098051235 -0.037334997
v 0.043942526 0.06230067 -0.037135843
v 0.043942526 0.06230067 -0.04017892
v 0.043942526 0.026550109 -0.03693669
v 0.043942526 0.026550109 -0.03983588
v 0.043942526 -0.009200453 -0.03673754
v 0.043942526 -0.009200453 -0.039492846
v 0.043942526 -0.044951014 -0.036538385
v 0.043942526 -0.044951014 -0.039149813
v 0.043942526 -0.080701575 -0.03633923
v 0.043942526 -0.080701575 -0.038806777
v 0.043942526 -0.116452135 -0.03614008
v 0.043942526 -0.116452135 -0.03846374
v 0.043942526 -0.15220271 -0.035940927
v 0.043942526 -0.15220271 -0.038120706
v 0.043942526 -0.18795326 -0.037777673
v 0.043942526 -0.18795326 -0.035741773
v 0.043942526 -0.22807734 -0.034081165
v 0.043942526 -0.22807734 -0.036117066
v 0.043942526 -0.26820144 -0.032420557
v 0.043942526 -0.26820144 -0.034456458
v 0.043942526 -0.3083255 -0.03075995
v 0.043942526 -0.3083255 -0.032795854
v 0.043942526 -0.3484496 -0.031135246
v 0.043942526 -0.3484496 -0.029099343
v 0.043942526 -0.38801542 -0.026713071
v 0.043942526 -0.38801542 -0.02877608
v 0.043942526 -0.42758122 -0.0243268
v 0.043942526 -0.42758122 -0.02641691
v 0.043942526 -0.44931722 -0.02374769
v 0.043942526 -0.44931722 -0.021756044
v 0.043942526 -0.46546718 -0.020714931
v 0.043942526 -0.46546718 -0.018766584
v 0.043942526 -0.4829546 -0.016404407
v 0.043942526 -0.4829546 -0.014456058
v 0.043942526 -0.5054166 -0.009620569
v 0.043942526 -0.5054166 -0.0077671856
v 0.043942526 -0.52337354 -0.005634706
v 0.043942526 -0.52329195 -0.002502779
v -0.043942526 -0.52329195 -0.002502779
v -0.021971263 -0.52329195 -0.002502779
v -0.021971263 -0.5232463 -0.0036847875
v 1.1619862E-18 -0.5232007 -0.0048667956
v -0 -0.52329195 -0.002502779
v 0.021971263 -0.5232871 -0.0052507506
v 0.021985633 -0.52329195 -0.002502779
v 0.043942526 -0.52337354 -0.005634706
v 0.043942526 -0.52329195 -0.002502779
v -0.043942526 -0.5054166 -0.0065378933
v -0.043942526 -0.52329195 -0.002502779
v -0.021971263 -0.5232463 -0.0036847875
v -0.021971263 -0.5054166 -0.006993727
v -0.043942526 -0.4829546 -0.013032118
v 1.6679513E-18 -0.5054166 -0.00744956
v 1.1619862E-18 -0.5232007 -0.0048667956
v 0.021971263 -0.5232871 -0.0052507506
v -0.021971263 -0.4829546 -0.013858284
v -0.043942526 -0.46546718 -0.017537907
v -5.6279973E-19 -0.4829546 -0.014684451
v 0.021971263 -0.5054166 -0.008535064
v 0.043942526 -0.5054166 -0.009620569
v 0.043942526 -0.52337354 -0.005634706
v 0.043942526 -0.4829546 -0.016404407
v 0.021971263 -0.4829546 -0.015544429
v 0.043942526 -0.46546718 -0.020714931
v 0.021971263 -0.46546718 -0.019952586
v 0.043942526 -0.44931722 -0.02374769
v -1.4256849E-18 -0.46546718 -0.019190243
v 0.021971263 -0.44931722 -0.022968402
v 0.043942526 -0.42758122 -0.02641691
v -0.021971263 -0.46546718 -0.018364076
v -2.2613395E-18 -0.44931722 -0.022189116
v -0.021971263 -0.44931722 -0.02134459
v -0.043942526 -0.44931722 -0.020500062
v -0.043942526 -0.42758122 -0.021932987
v 0.021971263 -0.42758122 -0.025176143
v 0.043942526 -0.38801542 -0.02877608
v 3.1521007E-19 -0.42758122 -0.023935376
v -0.021971263 -0.42758122 -0.022934182
v -0.043942526 -0.38801542 -0.022484405
v 0.021971263 -0.38801542 -0.026817774
v 0.043942526 -0.3484496 -0.031135246
v 8.936819E-19 -0.38801542 -0.02485947
v -0.021971263 -0.38801542 -0.023671938
v -0.043942526 -0.3484496 -0.023035822
v 0.021971263 -0.3484496 -0.028459406
v 0.043942526 -0.3083255 -0.032795854
v 1.4721537E-18 -0.3484496 -0.025783563
v -0.021971263 -0.3484496 -0.024409693
v -0.043942526 -0.3083255 -0.023501521
v 0.021971263 -0.3083255 -0.02978321
v 0.043942526 -0.26820144 -0.034456458
v 1.418203E-18 -0.3083255 -0.026770568
v -0.021971263 -0.3083255 -0.025136044
v -0.043942526 -0.26820144 -0.023967223
v 0.021971263 -0.26820144 -0.031107018
v 0.043942526 -0.22807734 -0.036117066
v 1.3642522E-18 -0.26820144 -0.027757576
v -0.021971263 -0.26820144 -0.0258624
v -0.043942526 -0.22807734 -0.024432926
v 0.021971263 -0.22807734 -0.032430824
v 0.043942526 -0.18795326 -0.037777673
v 1.3103014E-18 -0.22807734 -0.028744584
v -0.021971263 -0.22807734 -0.026588757
v -0.043942526 -0.18795326 -0.024898624
v 0.021971263 -0.18795326 -0.03375463
v 0.043942526 -0.15220271 -0.038120706
v 1.2563508E-18 -0.18795326 -0.02973159
v -0.021971263 -0.18795326 -0.027315108
v -0.043942526 -0.15220271 -0.024898628
v 0.021971263 -0.15220271 -0.033985335
v 0.043942526 -0.116452135 -0.03846374
v 1.0897885E-18 -0.15220271 -0.029849967
v -0.021971263 -0.15220271 -0.027374297
v -0.043942526 -0.116452135 -0.02489863
v 0.021971263 -0.116452135 -0.034216043
v 0.043942526 -0.080701575 -0.038806777
v 9.232261E-19 -0.116452135 -0.029968346
v -0.021971263 -0.116452135 -0.027433489
v -0.043942526 -0.080701575 -0.024898631
v 0.021971263 -0.080701575 -0.03444675
v 0.043942526 -0.044951014 -0.039149813
v 7.566639E-19 -0.080701575 -0.03008672
v -0.021971263 -0.080701575 -0.027492676
v -0.043942526 -0.044951014 -0.024898633
v 0.021971263 -0.044951014 -0.034677457
v 0.043942526 -0.009200453 -0.039492846
v 5.901016E-19 -0.044951014 -0.030205099
v -0.021971263 -0.044951014 -0.027551865
v -0.043942526 -0.009200453 -0.024898637
v 0.021971263 -0.009200453 -0.03490816
v 0.043942526 0.026550109 -0.03983588
v 4.235393E-19 -0.009200453 -0.030323476
v -0.021971263 -0.009200453 -0.027611056
v -0.043942526 0.026550109 -0.024898639
v 0.021971263 0.026550109 -0.035138868
v 0.043942526 0.06230067 -0.04017892
v 2.5697705E-19 0.026550109 -0.03044185
v -0.021971263 0.026550109 -0.027670247
v -0.043942526 0.06230067 -0.024898643
v 0.021971263 0.06230067 -0.035369575
v 0.043942526 0.098051235 -0.040521953
v 9.041477E-20 0.06230067 -0.030560229
v -0.021971263 0.06230067 -0.027729435
v -0.043942526 0.098051235 -0.024898645
v 0.021971263 0.098051235 -0.035600282
v 0.043942526 0.12831628 -0.039852884
v -7.614751E-20 0.098051235 -0.030678606
v -0.021971263 0.098051235 -0.027788624
v -0.021971263 0.12831628 -0.027527323
v -0.043942526 0.12831628 -0.024771756
v 0.021971263 0.12831628 -0.035067886
v -6.053693E-19 0.12831628 -0.03028289
v -0.021971263 0.15858133 -0.02726602
v -0.043942526 0.15858133 -0.024644867
v 0.021971263 0.15858133 -0.034535494
v 0.043942526 0.15858133 -0.039183807
v -1.134591E-18 0.15858133 -0.029887175
v -0.021971263 0.18884638 -0.027004719
v -0.043942526 0.18884638 -0.02451798
v 0.021971263 0.18884638 -0.034003098
v 0.043942526 0.18884638 -0.038514737
v -1.6638129E-18 0.18884638 -0.02949146
v -0.021971263 0.21911143 -0.026743418
v -0.043942526 0.21911143 -0.02439109
v 0.021971263 0.21911143 -0.033470705
v 0.043942526 0.21911143 -0.037845667
v -2.1930347E-18 0.21911143 -0.029095745
v -0.021971263 0.24937646 -0.026482118
v -0.043942526 0.24937646 -0.024264203
v 0.021971263 0.24937646 -0.032938313
v 0.043942526 0.24937646 -0.037176594
v -2.7222564E-18 0.24937646 -0.02870003
v -0.021971263 0.2796415 -0.026220817
v -0.043942526 0.2796415 -0.024137316
v 0.021971263 0.2796415 -0.03240592
v 0.043942526 0.2796415 -0.036507525
v -3.2514782E-18 0.2796415 -0.028304314
v -0.021971263 0.30990657 -0.025959512
v -0.043942526 0.30990657 -0.024010425
v 0.021971263 0.30990657 -0.031873524
v 0.043942526 0.30990657 -0.03583845
v -3.7806997E-18 0.30990657 -0.027908599
v -0.021971263 0.3401716 -0.02569821
v -0.043942526 0.3401716 -0.023883538
v 0.021971263 0.3401716 -0.03134113
v 0.043942526 0.3401716 -0.035169378
v -4.3099216E-18 0.3401716 -0.027512882
v -0.021971263 0.37107465 -0.024432149
v -0.043942526 0.37107465 -0.022837535
v 0.021971263 0.37107465 -0.029353214
v 0.043942526 0.37107465 -0.032679666
v -3.716455E-18 0.37107465 -0.026026761
v -0.021971263 0.4019777 -0.023166085
v -0.043942526 0.4019777 -0.02179153
v 0.021971263 0.4019777 -0.027365297
v 0.043942526 0.4019777 -0.030189952
v -3.1229888E-18 0.4019777 -0.024540639
v -0.021971263 0.42817298 -0.022198042
v -0.043942526 0.42817298 -0.020953104
v 0.021971263 0.42817298 -0.025637478
v 0.043942526 0.42817298 -0.027831972
v -1.3493932E-18 0.42817298 -0.023442982
v -0.021971263 0.45436832 -0.02123
v -0.043942526 0.45436832 -0.020114677
v 0.021971263 0.45436832 -0.023909656
v 0.043942526 0.45436832 -0.025473991
v 0.043942526 0.4768477 -0.02241317
v 4.2420241E-19 0.45436832 -0.022345321
v 0.021971263 0.4768477 -0.021267846
v 0.043942526 0.50491846 -0.016161455
v -0.021971263 0.4768477 -0.019031448
v -0.043942563 0.4768477 -0.017940374
v -0.043942526 0.50491846 -0.012859287
v -2.7890502E-18 0.4768477 -0.020122524
v 0.021971263 0.50491846 -0.015336539
v 0.043942537 0.53190297 -0.010418089
v -0.021971263 0.50491846 -0.013685455
v -0.043942537 0.53190297 -0.0073779686
v -1.4836273E-18 0.50491846 -0.0145116225
v 0.021971269 0.53190297 -0.009200171
v 0.043942537 0.5536805 -0.006117001
v 0.021971269 0.5538093 -0.0055931075
v 1.5438063E-18 0.5539381 -0.0050692135
v -1.5681295E-18 0.53190297 -0.007982253
v -0.021971269 0.53190297 -0.0076801106
v -0.043942526 0.55395496 -0.002502779
v -0.021971263 0.5539465 -0.0037859962
v 0.043942537 0.5536805 -0.006117001
v 0.043942537 0.55395496 -0.002502779
v 0.021985633 0.55395496 -0.0025027788
v 0.021971269 0.5538093 -0.0055931075
v 1.5438063E-18 0.5539381 -0.0050692135
v 2.6997025E-20 0.55395496 -0.002502779
v -0.021971263 0.5539465 -0.0037859962
v -0.021971263 0.55395496 -0.002502779
v -0.043942526 0.55395496 -0.002502779
v 0.022 0.53190297 -0.007248332
v -0 0.53190297 -0.0062670084
v 2.6997025E-20 0.55395496 -0.002502779
v 0.021985633 0.55395496 -0.0025027788
v 0.043942537 0.53190297 -0.008013536
v 0.043942537 0.55395496 -0.002502779
v 0.022 0.53190297 -0.007248332
v -0 0.50491846 -0.011969235
v -0 0.53190297 -0.0062670084
v 0.022 0.50491846 -0.013091171
v 0.043942526 0.50491846 -0.014213107
v 0.043942537 0.53190297 -0.008013536
v 0.043942526 0.4768477 -0.02046482
v 0.022 0.4768477 -0.018925188
v -0 0.4768477 -0.017385554
v 0.043942526 0.45436832 -0.023482343
v 0.022 0.45436832 -0.021444513
v -0 0.45436832 -0.02011468
v 0.043942526 0.42817298 -0.025818197
v 0.022 0.42817298 -0.022839485
v 0.022 0.4019777 -0.02386832
v -0 0.42817298 -0.020953108
v 0.043942526 0.4019777 -0.02815405
v -0 0.4019777 -0.021791533
v 0.043942526 0.37107465 -0.030643761
v -0 0.37107465 -0.022837535
v 0.022 0.37107465 -0.025033591
v 0.043942526 0.3401716 -0.033133477
v 0.022 0.34017158 -0.026807714
v -0 0.3401716 -0.023883538
v 0.043942526 0.30990657 -0.033658665
v -0 0.30990657 -0.024010425
v 0.022 0.30990654 -0.027115984
v 0.043942526 0.2796415 -0.034183856
v -0 0.2796415 -0.024137316
v 0.022 0.2796415 -0.02742791
v 0.043942522 0.24937652 -0.034709048
v -0 0.24937646 -0.024264203
v 0.022 0.24937646 -0.027743412
v 0.043942522 0.21911147 -0.03523424
v -0 0.21911143 -0.02439109
v 0.022 0.21911143 -0.028062398
v 0.043942526 0.18884638 -0.035759427
v -0 0.18884638 -0.02451798
v 0.022 0.18884638 -0.02838479
v 0.043942526 0.15858133 -0.036284618
v -0 0.15858133 -0.024644867
v 0.022 0.15858133 -0.028710503
v 0.043942526 0.12831628 -0.03680981
v -0 0.12831628 -0.024771756
v 0.022 0.12831628 -0.029039472
v 0.043942526 0.098051235 -0.037334997
v 0.022 0.09805124 -0.029371625
v -0 0.098051235 -0.024898643
v 0.043942526 0.06230067 -0.037135843
v -0 0.06230067 -0.024898639
v 0.022 0.06230067 -0.029258473
v 0.043942526 0.026550109 -0.03693669
v -0 0.026550109 -0.024898639
v 0.022 0.026550109 -0.02914607
v 0.043942526 -0.009200453 -0.03673754
v -0 -0.009200453 -0.024898637
v 0.022 -0.009200453 -0.029034425
v 0.043942526 -0.044951014 -0.036538385
v -0 -0.044951014 -0.024898633
v 0.022 -0.044951018 -0.028923566
v 0.043942526 -0.080701575 -0.03633923
v -0 -0.080701575 -0.024898631
v 0.022 -0.080701575 -0.02881349
v 0.043942526 -0.116452135 -0.03614008
v -0 -0.116452135 -0.02489863
v 0.022 -0.116452135 -0.02870422
v 0.043942526 -0.15220271 -0.035940927
v -0 -0.15220271 -0.024898628
v 0.022 -0.15220271 -0.028595788
v 0.043942526 -0.18795326 -0.035741773
v 0.022 -0.18795326 -0.028488204
v -0 -0.18795326 -0.024898624
v 0.043942526 -0.22807734 -0.034081165
v -0 -0.22807734 -0.024432926
v 0.022 -0.22807734 -0.027486658
v 0.043942526 -0.26820144 -0.032420557
v -0 -0.26820144 -0.023967223
v 0.022 -0.26820144 -0.026512986
v 0.043942526 -0.3083255 -0.03075995
v -0 -0.3083255 -0.023501521
v 0.022 -0.3083255 -0.025569579
v 0.043942526 -0.3484496 -0.029099343
v 0.022 -0.3484496 -0.024659134
v -0 -0.3484496 -0.023035822
v 0.043942526 -0.38801542 -0.026713071
v -0 -0.38801542 -0.02216011
v 0.022 -0.38801542 -0.02321533
v 0.043942526 -0.42758122 -0.0243268
v -0 -0.42758122 -0.021284396
v 0.022 -0.42758122 -0.022602493
v 0.043942526 -0.44931722 -0.021756044
v 0.022 -0.44931722 -0.020732267
v -0 -0.44931722 -0.01970849
v 0.043942526 -0.46546718 -0.018766584
v 0.022 -0.46546718 -0.017848542
v -0 -0.46546718 -0.0169305
v 0.043942526 -0.4829546 -0.014456058
v 0.022 -0.4829546 -0.0134403845
v -0 -0.4829546 -0.01242471
v 0.043942526 -0.5054166 -0.0077671856
v 0.022 -0.5054166 -0.0069153816
v -0 -0.5054166 -0.0058713085
v -0 -0.4829546 -0.01242471
v 0.043942526 -0.52329195 -0.002502779
v 0.022 -0.5054166 -0.0069153816
v 0.043942526 -0.5054166 -0.0077671856
v 0.021985633 -0.52329195 -0.002502779
v -0 -0.5054166 -0.0058713085
v -0 -0.52329195 -0.002502779
vt 1.9889189 0.73420596
vt 1.9942882 0.77330744
vt 1.9942492 0.73420596
vt 1.988922 0.7733073
vt 1.9453732 0.7733074
vt 1.9453734 0.7342059
vt 1.9067379 0.73420596
vt 1.9889221 0.8124214
vt 1.9942882 0.8124215
vt 1.906738 0.77330744
vt 1.8616436 0.73420596
vt 1.9671474 0.81242114
vt 1.9889219 0.8342385
vt 1.9942882 0.83423835
vt 1.8616436 0.7733074
vt 1.8165493 0.73420596
vt 1.9671472 0.8342384
vt 1.9889218 0.8560557
vt 1.9942882 0.8560552
vt 1.8165491 0.77330744
vt 1.7777609 0.73420596
vt 1.9671471 0.8560557
vt 1.9889222 0.87787473
vt 1.9942882 0.8780764
vt 1.7777609 0.7733074
vt 1.7389727 0.73420596
vt 1.9671474 0.8778739
vt 1.9889221 0.8996916
vt 1.9942882 0.89969116
vt 1.7389728 0.7733074
vt 1.6967045 0.73420596
vt 1.9671474 0.8996911
vt 1.9889225 0.9198327
vt 1.9942882 0.9198317
vt 1.6967045 0.7733074
vt 1.6544363 0.73420596
vt 1.9671478 0.9198321
vt 1.9889205 0.939973
vt 1.994289 0.93997234
vt 1.988918 0.9629223
vt 1.9942671 0.9631414
vt 1.9927893 0.9724696
vt 1.9671514 0.939972
vt 1.9876964 0.97129726
vt 1.9885031 0.9808856
vt 1.9848717 0.9782938
vt 1.9818213 0.98754597
vt 1.9768168 0.97537327
vt 1.9670777 0.96440834
vt 1.9783577 0.951791
vt 1.9792386 0.98424846
vt 1.9734075 0.99183166
vt 1.9722425 0.987502
vt 1.9641145 0.9932909
vt 1.9638689 0.9886762
vt 1.9453722 0.9933499
vt 1.9453738 0.9886817
vt 1.9262681 0.9933557
vt 1.9553779 0.97749555
vt 1.9260569 0.98868644
vt 1.9066001 0.99335897
vt 1.9453729 0.96433115
vt 1.9067012 0.9886899
vt 1.8840358 0.9933628
vt 1.9562278 0.9521922
vt 1.9453734 0.93997234
vt 1.9260559 0.96458465
vt 1.8841075 0.9886938
vt 1.8614714 0.99336666
vt 1.945373 0.9198315
vt 1.9067388 0.96483815
vt 1.9260557 0.9399719
vt 1.8615985 0.9886973
vt 1.8390095 0.9933704
vt 1.9453727 0.8996906
vt 1.9260554 0.9198312
vt 1.8841798 0.96458626
vt 1.9067379 0.93997157
vt 1.8390739 0.9887012
vt 1.8165478 0.9933741
vt 1.9453726 0.87787306
vt 1.9260552 0.8996904
vt 1.9067378 0.9198309
vt 1.8616209 0.9643344
vt 1.8841906 0.93997157
vt 1.8165492 0.9887052
vt 1.7971535 0.9933773
vt 1.9453726 0.8560557
vt 1.9260551 0.87787294
vt 1.9067376 0.8996902
vt 1.8841904 0.9198309
vt 1.8390849 0.9643364
vt 1.8616432 0.93997157
vt 1.7971523 0.988708
vt 1.7777592 0.99338055
vt 1.8165488 0.9643384
vt 1.8390958 0.93997157
vt 1.8616431 0.9198309
vt 1.8841903 0.8996902
vt 1.7777554 0.9887109
vt 1.758365 0.99338377
vt 1.797153 0.9643399
vt 1.8165485 0.93997157
vt 1.839096 0.9198311
vt 1.7583586 0.98871374
vt 1.7389709 0.99338704
vt 1.7777572 0.9643414
vt 1.7971537 0.9399717
vt 1.7389618 0.98871666
vt 1.7178371 0.99339056
vt 1.7583613 0.9643428
vt 1.7178304 0.98872054
vt 1.6967032 0.9933941
vt 1.861643 0.8996902
vt 1.8165488 0.9198313
vt 1.777759 0.93997186
vt 1.7389654 0.96434414
vt 1.696699 0.9887244
vt 1.6755693 0.9933976
vt 1.8390961 0.8996905
vt 1.7971544 0.91983134
vt 1.758364 0.9399718
vt 1.717833 0.9643462
vt 1.8165491 0.89969087
vt 1.7777599 0.9198314
vt 1.7971549 0.89969087
vt 1.8616432 0.87787306
vt 1.8390961 0.8778733
vt 1.8165491 0.87787354
vt 1.8841903 0.87787294
vt 1.9067376 0.87787277
vt 1.926055 0.85605556
vt 1.9067374 0.85605544
vt 1.8841904 0.85605574
vt 1.8616434 0.85605603
vt 1.9453726 0.8342383
vt 1.9260552 0.83423835
vt 1.9453726 0.8124209
vt 1.9260552 0.81242114
vt 1.9067377 0.8342384
vt 1.9067379 0.8124214
vt 1.8841906 0.8342386
vt 1.8841908 0.81242144
vt 1.8616436 0.83423877
vt 1.8616436 0.81242144
vt 1.8390963 0.81242144
vt 1.8390963 0.8560561
vt 1.8390963 0.83423877
vt 1.8165491 0.85605615
vt 1.8165491 0.83423877
vt 1.8165491 0.81242144
vt 1.7971549 0.81242144
vt 1.7971549 0.83423877
vt 1.7971549 0.85605615
vt 1.7971549 0.87787354
vt 1.7777609 0.8996909
vt 1.7777609 0.87787354
vt 1.7777609 0.85605615
vt 1.7777609 0.83423877
vt 1.7777609 0.81242144
vt 1.7583668 0.81242144
vt 1.7583668 0.899691
vt 1.7583668 0.83423877
vt 1.7583668 0.8560562
vt 1.7583654 0.9198314
vt 1.738969 0.9399717
vt 1.7583668 0.8778736
vt 1.7389709 0.9198314
vt 1.7178359 0.9399718
vt 1.7389728 0.89969105
vt 1.7389727 0.87787366
vt 1.7389727 0.8560562
vt 1.7178373 0.91983145
vt 1.7178386 0.89969105
vt 1.6967008 0.96434814
vt 1.6967027 0.93997186
vt 1.7389727 0.8342388
vt 1.6967037 0.9198315
vt 1.6755676 0.9887283
vt 1.6544361 0.98873216
vt 1.6544354 0.99340117
vt 1.6344566 0.9934045
vt 1.6755685 0.96435016
vt 1.6755695 0.93997204
vt 1.6344573 0.9887355
vt 1.614478 0.9934079
vt 1.6544361 0.9643522
vt 1.67557 0.9198316
vt 1.6144787 0.98873883
vt 1.5944996 0.9934112
vt 1.6344573 0.9643539
vt 1.6544362 0.9399722
vt 1.6344575 0.9399723
vt 1.6144787 0.9643556
vt 1.5945001 0.98874223
vt 1.5745214 0.98874557
vt 1.5745211 0.9934145
vt 1.5945001 0.96435726
vt 1.5558021 0.98874867
vt 1.5558017 0.9934177
vt 1.5370824 0.99342084
vt 1.5745214 0.96435887
vt 1.5945001 0.9399722
vt 1.6144787 0.9399723
vt 1.6344575 0.91983163
vt 1.5370827 0.98875177
vt 1.5183632 0.99342394
vt 1.5558021 0.9643605
vt 1.5183634 0.9887549
vt 1.4996439 0.993427
vt 1.5370827 0.964362
vt 1.5558021 0.93997216
vt 1.5745214 0.93997216
vt 1.5945001 0.91983163
vt 1.499644 0.9887581
vt 1.4809247 0.99342394
vt 1.5183634 0.9643636
vt 1.4809247 0.988755
vt 1.4622055 0.99342084
vt 1.499644 0.9643652
vt 1.5183634 0.9399723
vt 1.5370827 0.9399722
vt 1.5558021 0.91983163
vt 1.4622054 0.9887518
vt 1.4434862 0.9934177
vt 1.4809247 0.9643636
vt 1.5745214 0.91983163
vt 1.5558021 0.8996911
vt 1.5370827 0.91983163
vt 1.5183635 0.91983163
vt 1.5183635 0.8996911
vt 1.499644 0.9399723
vt 1.4809247 0.9399723
vt 1.4622054 0.964362
vt 1.499644 0.9198317
vt 1.4809247 0.9198317
vt 1.5370827 0.8996911
vt 1.443486 0.98874867
vt 1.4622054 0.9399723
vt 1.5370827 0.87787366
vt 1.4247667 0.9887455
vt 1.4247668 0.9934145
vt 1.4047884 0.9934112
vt 1.443486 0.9643605
vt 1.404788 0.9887421
vt 1.38481 0.99340785
vt 1.4247667 0.9643589
vt 1.3848094 0.9887388
vt 1.3648312 0.9934045
vt 1.404788 0.96435726
vt 1.443486 0.9399723
vt 1.4247667 0.9399723
vt 1.404788 0.9399723
vt 1.3848094 0.9643555
vt 1.3648305 0.98873544
vt 1.4622054 0.9198317
vt 1.3448517 0.9887321
vt 1.3448524 0.9934012
vt 1.3237185 0.9933977
vt 1.4809247 0.8996911
vt 1.3237176 0.9887285
vt 1.3025846 0.99339414
vt 1.499644 0.8996911
vt 1.3648305 0.9643538
vt 1.3448517 0.96435213
vt 1.3237176 0.96435034
vt 1.3025836 0.988725
vt 1.2814493 0.98872
vt 1.2814507 0.99338603
vt 1.3025836 0.9643486
vt 1.3237177 0.9399722
vt 1.3848094 0.9399723
vt 1.3448519 0.9399722
vt 1.2603152 0.988715
vt 1.2603168 0.9933779
vt 1.404788 0.9198317
vt 1.3648306 0.9399723
vt 1.2409211 0.9887075
vt 1.2409228 0.99336135
vt 1.4247667 0.91983175
vt 1.3848094 0.91983163
vt 1.2215271 0.9887
vt 1.2215288 0.9933447
vt 1.404788 0.8996911
vt 1.443486 0.91983175
vt 1.2021353 0.98869145
vt 1.202134 0.9933232
vt 1.4247667 0.8996911
vt 1.4622054 0.8996911
vt 1.443486 0.8996911
vt 1.4809247 0.87787366
vt 1.1827434 0.98868287
vt 1.1827393 0.99330163
vt 1.4247667 0.87787366
vt 1.4622054 0.87787366
vt 1.499644 0.87787366
vt 1.16025 0.98867124
vt 1.1603569 0.99327856
vt 1.443486 0.87787366
vt 1.4809247 0.8560562
vt 1.5183635 0.87787366
vt 1.1377566 0.9886596
vt 1.1379745 0.9932555
vt 1.4622054 0.8560563
vt 1.499644 0.8560562
vt 1.1152958 0.98864585
vt 1.1153939 0.9932304
vt 1.4809247 0.8342388
vt 1.0926657 0.98863995
vt 1.0928133 0.9932053
vt 1.0732636 0.9886249
vt 1.0730214 0.9931879
vt 1.0539355 0.988618
vt 1.0539258 0.99317044
vt 1.0354215 0.9885978
vt 1.0351918 0.9931002
vt 1.0259129 0.99163365
vt 1.0270715 0.9874052
vt 1.0175563 0.9873889
vt 1.02012 0.98413587
vt 1.0109217 0.9807706
vt 1.0225209 0.9753123
vt 1.0322531 0.9643709
vt 1.014507 0.97820646
vt 1.0066509 0.97241133
vt 1.0116607 0.97125375
vt 1.0051837 0.9631281
vt 1.0104225 0.9629077
vt 1.0051285 0.940033
vt 1.0104047 0.9400063
vt 1.005118 0.91996
vt 1.0439326 0.97746867
vt 1.0539634 0.9643102
vt 1.0209517 0.95178336
vt 1.0104012 0.91990423
vt 1.0051042 0.89985746
vt 1.0321686 0.9399727
vt 1.0103927 0.8997788
vt 1.005086 0.87822324
vt 1.0732913 0.9645633
vt 1.043108 0.95216966
vt 1.0539693 0.93996805
vt 1.0321883 0.9198653
vt 1.0103897 0.8779528
vt 1.0050639 0.85615087
vt 1.0926192 0.9648164
vt 1.0732999 0.93995464
vt 1.0321871 0.89973176
vt 1.0539753 0.9198264
vt 1.0103803 0.85610485
vt 1.0050468 0.83429766
vt 1.1151731 0.9645596
vt 1.0926305 0.9399413
vt 1.0733045 0.9198112
vt 1.0321801 0.8779093
vt 1.0539815 0.8996848
vt 1.0103719 0.8342689
vt 1.0050297 0.8124445
vt 1.137727 0.96430284
vt 1.1151639 0.9399437
vt 1.0926337 0.919796
vt 1.0733092 0.89966774
vt 1.0321697 0.8560759
vt 1.0539703 0.8778658
vt 1.0103636 0.812433
vt 1.0050013 0.77330726
vt 1.0321574 0.8342507
vt 1.0539591 0.856047
vt 1.0732951 0.8778528
vt 1.0926368 0.8996507
vt 1.0103539 0.7733072
vt 1.0050185 0.73420596
vt 1.0103489 0.73420596
vt 1.032145 0.8124255
vt 1.0539155 0.7733073
vt 1.0539145 0.73420596
vt 1.09255 0.7733075
vt 1.09255 0.73420614
vt 1.1376443 0.7342069
vt 1.0539428 0.83423245
vt 1.073281 0.8560381
vt 1.0539265 0.812418
vt 1.0732441 0.81241703
vt 1.0732627 0.8342275
vt 1.0926199 0.87783986
vt 1.092603 0.85602915
vt 1.0925825 0.83422256
vt 1.0925618 0.812416
vt 1.1151679 0.8996556
vt 1.1151538 0.8778446
vt 1.1151397 0.85603356
vt 1.1151233 0.8342252
vt 1.1151068 0.81241673
vt 1.115166 0.9197997
vt 1.1376973 0.93994606
vt 1.1376982 0.9198033
vt 1.137699 0.8996605
vt 1.1376877 0.8778492
vt 1.1376765 0.85603803
vt 1.1602371 0.9643135
vt 1.1602242 0.9399558
vt 1.1827471 0.9643242
vt 1.1602246 0.9198141
vt 1.160225 0.8996724
vt 1.1827509 0.9399655
vt 1.2021371 0.9643301
vt 1.1827509 0.91982496
vt 1.1602182 0.8778587
vt 1.2215271 0.9643359
vt 1.202139 0.9399687
vt 1.182751 0.8996843
vt 1.2409211 0.96433973
vt 1.202139 0.9198282
vt 1.2215271 0.9399719
vt 1.2603152 0.9643436
vt 1.2409213 0.93997204
vt 1.2215271 0.9198314
vt 1.2021391 0.89968765
vt 1.1827487 0.8778682
vt 1.2814493 0.9643461
vt 1.2603153 0.9399722
vt 1.3025836 0.9399722
vt 1.2409213 0.9198315
vt 1.2814494 0.9399722
vt 1.3237177 0.91983163
vt 1.2603153 0.91983163
vt 1.2409213 0.899691
vt 1.3025836 0.9198317
vt 1.3448519 0.91983163
vt 1.2215271 0.8996909
vt 1.2814494 0.91983163
vt 1.3237177 0.8996911
vt 1.3025836 0.8996911
vt 1.2814494 0.8996911
vt 1.2603153 0.89969105
vt 1.2409213 0.87787366
vt 1.2215271 0.8778736
vt 1.2603153 0.87787366
vt 1.202138 0.8778709
vt 1.2409213 0.8560562
vt 1.2215271 0.8560563
vt 1.3025836 0.87787366
vt 1.2814494 0.87787366
vt 1.2603153 0.8560562
vt 1.2409213 0.83423895
vt 1.3237177 0.87787366
vt 1.3448519 0.8996911
vt 1.2021368 0.8560542
vt 1.2215271 0.834239
vt 1.1827463 0.8560521
vt 1.1602113 0.85604507
vt 1.1376642 0.83422774
vt 1.1602039 0.8342321
vt 1.1827435 0.8342365
vt 1.1601963 0.8124192
vt 1.1376519 0.81241745
vt 1.1376443 0.773308
vt 1.1827388 0.7733083
vt 1.1827387 0.7342074
vt 1.2215271 0.7342069
vt 1.2021353 0.83423775
vt 1.1827407 0.81242085
vt 1.2021339 0.8124213
vt 1.2215271 0.773308
vt 1.2215272 0.81242174
vt 1.2409213 0.8124216
vt 1.2603153 0.77330756
vt 1.2603154 0.7342062
vt 1.2603153 0.8342389
vt 1.3025836 0.7733074
vt 1.3025836 0.73420596
vt 1.3448519 0.7733074
vt 1.3448517 0.73420596
vt 1.3848094 0.73420596
vt 1.2603153 0.8124215
vt 1.2814494 0.81242144
vt 1.2814494 0.8560562
vt 1.2814494 0.8342389
vt 1.3025836 0.81242144
vt 1.3025836 0.8560562
vt 1.3025836 0.8342388
vt 1.3237177 0.81242144
vt 1.3237177 0.8560562
vt 1.3237177 0.8342388
vt 1.3448519 0.87787366
vt 1.3448519 0.8560562
vt 1.3448519 0.8342388
vt 1.3648306 0.8996911
vt 1.3648306 0.87787366
vt 1.3448519 0.81242144
vt 1.3648306 0.8560562
vt 1.3648306 0.8342388
vt 1.3648306 0.81242144
vt 1.3848094 0.7733074
vt 1.4247667 0.7733074
vt 1.4247665 0.73420596
vt 1.4622054 0.73420596
vt 1.3848094 0.81242144
vt 1.3848094 0.8342388
vt 1.404788 0.81242144
vt 1.3848094 0.8560562
vt 1.404788 0.83423877
vt 1.3848094 0.87787366
vt 1.404788 0.8560562
vt 1.4247667 0.83423877
vt 1.4247667 0.8124214
vt 1.443486 0.8124214
vt 1.4247667 0.8560562
vt 1.4622054 0.7733074
vt 1.499644 0.7733074
vt 1.499644 0.73420596
vt 1.5370827 0.73420596
vt 1.5370827 0.7733074
vt 1.5745215 0.73420596
vt 1.5745214 0.7733074
vt 1.6144787 0.73420596
vt 1.6144787 0.7733074
vt 1.6544362 0.7733074
vt 1.4622054 0.8124214
vt 1.4809247 0.81242144
vt 1.443486 0.83423877
vt 1.4622054 0.8342388
vt 1.443486 0.8560562
vt 1.404788 0.87787366
vt 1.3848094 0.89969105
vt 1.3648306 0.91983163
vt 1.499644 0.8342388
vt 1.499644 0.81242144
vt 1.5183634 0.81242144
vt 1.5183634 0.8560562
vt 1.5183634 0.8342388
vt 1.5370827 0.81242144
vt 1.5370827 0.8560562
vt 1.5370827 0.8342388
vt 1.5558021 0.81242144
vt 1.5558021 0.87787366
vt 1.5558021 0.8560562
vt 1.5558021 0.8342388
vt 1.5745214 0.81242144
vt 1.5745214 0.8342388
vt 1.5945001 0.81242144
vt 1.5745214 0.8560562
vt 1.5745214 0.87787366
vt 1.5945001 0.8342388
vt 1.5745214 0.89969105
vt 1.5945001 0.8560562
vt 1.5945001 0.89969105
vt 1.5945001 0.87787366
vt 1.6144787 0.87787366
vt 1.6144787 0.8560562
vt 1.6144787 0.8342388
vt 1.6144787 0.91983163
vt 1.6144787 0.89969105
vt 1.6344575 0.89969105
vt 1.6344575 0.87787366
vt 1.6344575 0.8560562
vt 1.6144787 0.81242144
vt 1.6344575 0.81242144
vt 1.6344575 0.8342388
vt 1.6544362 0.87787366
vt 1.6544362 0.91983163
vt 1.6544362 0.8560562
vt 1.6544362 0.8342388
vt 1.6544362 0.81242144
vt 1.6755704 0.81242144
vt 1.6544362 0.89969105
vt 1.6755704 0.89969105
vt 1.6755704 0.8342388
vt 1.6755704 0.87787366
vt 1.6755704 0.8560562
vt 1.6967045 0.89969105
vt 1.6967045 0.87787366
vt 1.7178385 0.87787366
vt 1.7178385 0.8560562
vt 1.6967045 0.8560562
vt 1.7178385 0.8342388
vt 1.6967045 0.8342388
vt 1.7178385 0.81242144
vt 1.6967045 0.81242144
vt 1.7389727 0.81242144
vt 1.0050356 0.49534836
vt 1.0051172 0.45625934
vt 1.0033021 0.4577563
vt 1.0033021 0.49480534
vt 1.0033021 0.53453654
vt 1.0050355 0.53446263
vt 1.0050355 0.5562787
vt 1.0033021 0.55631423
vt 1.0050355 0.57809484
vt 1.0033021 0.5780919
vt 1.0050355 0.60011715
vt 1.0033021 0.60002667
vt 1.0033021 0.62176013
vt 1.0050356 0.62173164
vt 1.0050356 0.6418725
vt 1.0033021 0.6418452
vt 1.0050356 0.66201365
vt 1.0033021 0.6620095
vt 1.0033021 0.68508226
vt 1.0050496 0.6851762
vt 1.0050299 0.6948019
vt 1.0065386 0.69449717
vt 1.0096375 0.70379174
vt 1.0108259 0.70288867
vt 1.0163602 0.71099025
vt 1.0174907 0.7095446
vt 1.0252917 0.7157256
vt 1.0258808 0.71382344
vt 1.0351638 0.71765
vt 1.0351973 0.71531266
vt 1.0539051 0.7153335
vt 1.0539061 0.717709
vt 1.0730076 0.7153367
vt 1.0730102 0.71771485
vt 1.0925401 0.71534
vt 1.0926782 0.71771806
vt 1.1150883 0.71534383
vt 1.1152425 0.71772194
vt 1.1376365 0.7153476
vt 1.1378069 0.7177258
vt 1.1601827 0.71535134
vt 1.1602688 0.7177295
vt 1.1827288 0.7153551
vt 1.1827306 0.7177332
vt 1.202123 0.7153584
vt 1.2021248 0.7177364
vt 1.2215173 0.7153616
vt 1.2215191 0.71773964
vt 1.2409115 0.7153648
vt 1.2409133 0.7177429
vt 1.2603055 0.71536803
vt 1.2603074 0.7177462
vt 1.2814397 0.7153716
vt 1.2814412 0.7177497
vt 1.3025738 0.7153751
vt 1.3025751 0.71775323
vt 1.3237079 0.71537864
vt 1.323709 0.71775675
vt 1.3448421 0.7153822
vt 1.3448429 0.71776026
vt 1.3648208 0.71538556
vt 1.3648217 0.71776366
vt 1.3847996 0.71538883
vt 1.3848003 0.71776706
vt 1.4047782 0.71539223
vt 1.4047787 0.71777034
vt 1.4247568 0.71539557
vt 1.4247572 0.7177736
vt 1.4434762 0.71539867
vt 1.4434766 0.7177768
vt 1.4621956 0.7154018
vt 1.4621959 0.71777993
vt 1.480915 0.71540487
vt 1.4809151 0.71778303
vt 1.4996343 0.71540797
vt 1.4996344 0.71778613
vt 1.5183537 0.71535647
vt 1.5183536 0.71778303
vt 1.537073 0.715305
vt 1.5370728 0.71777993
vt 1.5557926 0.7153019
vt 1.5557921 0.7177768
vt 1.574512 0.7152987
vt 1.5745115 0.7177736
vt 1.5944905 0.71529543
vt 1.5944899 0.7177703
vt 1.6144692 0.7152921
vt 1.6144683 0.71776694
vt 1.6344479 0.71528876
vt 1.6344471 0.71776366
vt 1.6544267 0.71528536
vt 1.6544259 0.7177604
vt 1.6755608 0.71528065
vt 1.6755598 0.7177568
vt 1.696695 0.715276
vt 1.6966937 0.71775323
vt 1.717829 0.7152667
vt 1.7178276 0.7177451
vt 1.738963 0.71525747
vt 1.7389615 0.717737
vt 1.7583296 0.7152419
vt 1.7583555 0.71772045
vt 1.7776961 0.7152264
vt 1.7777495 0.7177039
vt 1.796951 0.7152066
vt 1.7971443 0.7176823
vt 1.8162061 0.7151868
vt 1.816539 0.7176607
vt 1.8384175 0.71516496
vt 1.8389214 0.71763766
vt 1.860629 0.71514314
vt 1.8613038 0.7176146
vt 1.8829231 0.7151084
vt 1.88327 0.7175895
vt 1.9052172 0.7150736
vt 1.9052362 0.7175644
vt 1.925047 0.71502346
vt 1.9250281 0.717547
vt 1.9446847 0.7149546
vt 1.944861 0.7175296
vt 1.9638832 0.71483386
vt 1.9640865 0.7174594
vt 1.974036 0.715428
vt 1.9732242 0.7133219
vt 1.9830446 0.71152925
vt 1.9814891 0.7091158
vt 1.9897571 0.7039773
vt 1.9880409 0.70259154
vt 1.9945724 0.69445103
vt 1.9922817 0.69432294
vt 1.9959761 0.6853216
vt 1.9938043 0.68498135
vt 1.9959761 0.6615275
vt 1.9939197 0.6613126
vt 1.993978 0.6406951
vt 1.9959761 0.6414545
vt 1.9940195 0.6203084
vt 1.9959761 0.62042
vt 1.9959761 0.59891146
vt 1.9940516 0.5988245
vt 1.9940778 0.57715964
vt 1.9959761 0.5769641
vt 1.9940944 0.5556512
vt 1.9959761 0.5558011
vt 1.994111 0.5341428
vt 1.9959761 0.5346381
vt 1.9959761 0.49550086
vt 1.9941192 0.49530128
vt 1.9940187 0.4562809
vt 1.9959761 0.45639953
vt 1.988871 0.4562629
vt 1.9941192 0.49530128
vt 1.9940187 0.4562809
vt 1.9888822 0.4953032
vt 1.9453504 0.49532154
vt 1.9453621 0.4562594
vt 1.9067283 0.45625967
vt 1.9888786 0.5341665
vt 1.994111 0.5341428
vt 1.9670849 0.5342311
vt 1.9888692 0.55569
vt 1.9940944 0.5556512
vt 1.9067152 0.49533266
vt 1.861634 0.45626023
vt 1.9670448 0.5558182
vt 1.9888597 0.57721347
vt 1.9940778 0.57715964
vt 1.8616247 0.49534228
vt 1.8165399 0.45626053
vt 1.9670045 0.57740533
vt 1.9888555 0.5986687
vt 1.9940516 0.5988245
vt 1.8165362 0.49534923
vt 1.7777512 0.45626026
vt 1.9669528 0.59896475
vt 1.9888601 0.6203241
vt 1.9940195 0.6203084
vt 1.7777507 0.49535152
vt 1.7389628 0.4562597
vt 1.9669056 0.6206243
vt 1.9888107 0.640708
vt 1.993978 0.6406951
vt 1.7389629 0.49535167
vt 1.6966947 0.45625943
vt 1.966825 0.6409223
vt 1.9887732 0.66132617
vt 1.9939197 0.6613126
vt 1.9887177 0.6847665
vt 1.9938043 0.68498135
vt 1.9922817 0.6943229
vt 1.9668857 0.6613172
vt 1.6966947 0.49535152
vt 1.6544266 0.45625937
vt 1.9874793 0.69321567
vt 1.9880409 0.7025916
vt 1.984653 0.70016235
vt 1.9814891 0.7091158
vt 1.976682 0.69725966
vt 1.9668391 0.6861647
vt 1.9782127 0.67340803
vt 1.9790738 0.7060508
vt 1.9732242 0.7133219
vt 1.972125 0.70929056
vt 1.9638832 0.71483386
vt 1.9636688 0.71048814
vt 1.9446847 0.7149546
vt 1.9446881 0.71054024
vt 1.925047 0.71502346
vt 1.954986 0.6993547
vt 1.9248126 0.71058255
vt 1.9052172 0.7150736
vt 1.9447093 0.6860477
vt 1.9051914 0.7106459
vt 1.8829231 0.7151084
vt 1.9558177 0.6737579
vt 1.9447277 0.6613486
vt 1.9251103 0.6863493
vt 1.8828063 0.71064794
vt 1.860629 0.71514314
vt 1.9448394 0.6411365
vt 1.9055114 0.6866508
vt 1.9252951 0.6614784
vt 1.8606582 0.71065676
vt 1.8384175 0.71516496
vt 1.944951 0.62092453
vt 1.9254358 0.64159334
vt 1.8831906 0.6864445
vt 1.9058625 0.6616082
vt 1.8384391 0.71067035
vt 1.8162061 0.7151868
vt 1.9450502 0.5992608
vt 1.9255817 0.6210948
vt 1.9060321 0.64205015
vt 1.8608699 0.68623817
vt 1.8834721 0.66171396
vt 1.81622 0.7106839
vt 1.796951 0.7152066
vt 1.9451494 0.5775972
vt 1.9256966 0.5993946
vt 1.9062124 0.62126505
vt 1.883608 0.6421301
vt 1.8385794 0.6862777
vt 1.8610817 0.66181964
vt 1.7969593 0.7106923
vt 1.7776961 0.7152264
vt 1.816289 0.6863172
vt 1.8387197 0.6618851
vt 1.8611839 0.64221
vt 1.8837521 0.6213876
vt 1.7776985 0.71070063
vt 1.7583296 0.7152419
vt 1.7969987 0.68633413
vt 1.8163577 0.6619505
vt 1.8387842 0.64224726
vt 1.7583308 0.7107099
vt 1.738963 0.71525747
vt 1.7777086 0.686351
vt 1.7970383 0.661976
vt 1.738963 0.71071917
vt 1.717829 0.7152667
vt 1.7583358 0.68635815
vt 1.717829 0.7107258
vt 1.696695 0.715276
vt 1.8612916 0.62151015
vt 1.8163847 0.6422845
vt 1.7777188 0.6620014
vt 1.7389629 0.6863653
vt 1.6966949 0.7107324
vt 1.6755608 0.71528065
vt 1.8388523 0.62158734
vt 1.7970545 0.6422821
vt 1.7583408 0.6620064
vt 1.8164129 0.6216645
vt 1.7777245 0.6422797
vt 1.7970717 0.6216927
vt 1.6755607 0.7107365
vt 1.6544266 0.7107407
vt 1.6544267 0.71528536
vt 1.6344479 0.71528876
vt 1.6344478 0.710744
vt 1.6144692 0.7152921
vt 1.6966949 0.6863724
vt 1.6544266 0.68637663
vt 1.6144692 0.7107473
vt 1.5944905 0.71529543
vt 1.6755607 0.68637455
vt 1.7178289 0.6863688
vt 1.6344478 0.6863783
vt 1.6966947 0.6620124
vt 1.7389629 0.66201144
vt 1.7178288 0.6620119
vt 1.7583437 0.6422558
vt 1.7583466 0.6217264
vt 1.7389629 0.6422318
vt 1.7777303 0.6217209
vt 1.7777354 0.59990513
vt 1.6755606 0.66201246
vt 1.6966947 0.64216876
vt 1.7178288 0.6422003
vt 1.7389629 0.62173194
vt 1.7178288 0.621732
vt 1.7389629 0.59991455
vt 1.7583492 0.59990984
vt 1.6544265 0.6620126
vt 1.6344478 0.6620126
vt 1.614469 0.68637997
vt 1.5944905 0.71075064
vt 1.5745118 0.710754
vt 1.574512 0.7152987
vt 1.5944904 0.6863816
vt 1.5557923 0.71075714
vt 1.5557926 0.7153019
vt 1.537073 0.715305
vt 1.5745118 0.68638325
vt 1.5944903 0.6620126
vt 1.614469 0.66201264
vt 1.537073 0.71076024
vt 1.5183537 0.71535647
vt 1.5557923 0.68638486
vt 1.5183537 0.71077967
vt 1.4996343 0.71540797
vt 1.5370729 0.68638647
vt 1.5557923 0.66201264
vt 1.5745116 0.6620126
vt 1.4996343 0.71079904
vt 1.480915 0.71540487
vt 1.5944904 0.642015
vt 1.5183536 0.6863963
vt 1.480915 0.7107959
vt 1.4621956 0.7154018
vt 1.4996343 0.68640614
vt 1.5183536 0.66201293
vt 1.5370729 0.6620127
vt 1.5557923 0.6419568
vt 1.4621956 0.7107928
vt 1.4434762 0.71539867
vt 1.480915 0.6864046
vt 1.5745118 0.64198494
vt 1.5183536 0.64190066
vt 1.4996343 0.6620132
vt 1.480915 0.6620132
vt 1.4621956 0.68640304
vt 1.4434762 0.7107896
vt 1.5370729 0.6419287
vt 1.5557923 0.621732
vt 1.4247569 0.71078646
vt 1.4247568 0.71539557
vt 1.4047782 0.71539223
vt 1.4047782 0.7107831
vt 1.3847996 0.71538883
vt 1.3847996 0.7107798
vt 1.3648208 0.71538556
vt 1.4047782 0.68639815
vt 1.4247569 0.6863998
vt 1.4434762 0.6864014
vt 1.4621956 0.66201323
vt 1.480915 0.6419008
vt 1.4996343 0.64187264
vt 1.5183536 0.621732
vt 1.5370729 0.621732
vt 1.4047782 0.6620132
vt 1.4247569 0.6620131
vt 1.4434762 0.6620132
vt 1.4621956 0.6419289
vt 1.480915 0.621732
vt 1.4996343 0.62173206
vt 1.3847996 0.6863965
vt 1.3648208 0.71077645
vt 1.3448421 0.7107731
vt 1.3448421 0.7153822
vt 1.3237079 0.71537864
vt 1.3237079 0.7107696
vt 1.3025738 0.7153751
vt 1.3448421 0.68639314
vt 1.3648208 0.6863948
vt 1.3847996 0.6620132
vt 1.4047782 0.64201534
vt 1.4247569 0.6419853
vt 1.4434762 0.6419571
vt 1.4621956 0.621732
vt 1.3648208 0.6620132
vt 1.3847997 0.6420454
vt 1.4047782 0.621732
vt 1.4247569 0.621732
vt 1.4434762 0.621732
vt 1.3448421 0.6620131
vt 1.4247569 0.59991455
vt 1.480915 0.5999146
vt 1.4621956 0.59991455
vt 1.4996343 0.59991467
vt 1.4434762 0.59991455
vt 1.480915 0.5780972
vt 1.5183536 0.5999146
vt 1.5370729 0.59991455
vt 1.5183536 0.5780972
vt 1.4621956 0.57809716
vt 1.4996343 0.5780972
vt 1.5557923 0.59991455
vt 1.480915 0.5562798
vt 1.4434762 0.57809716
vt 1.4621956 0.5562798
vt 1.4247569 0.57809716
vt 1.5370729 0.57809716
vt 1.5557923 0.57809716
vt 1.5745116 0.59991455
vt 1.5183536 0.5562798
vt 1.4996343 0.5562798
vt 1.480915 0.5344624
vt 1.5745116 0.621732
vt 1.5944903 0.621732
vt 1.5944903 0.59991455
vt 1.614469 0.6420451
vt 1.6344478 0.6420752
vt 1.6544266 0.6421052
vt 1.6344477 0.621732
vt 1.6144689 0.621732
vt 1.614469 0.59991455
vt 1.5944903 0.57809716
vt 1.6755607 0.642137
vt 1.6966947 0.621732
vt 1.6755606 0.621732
vt 1.7178288 0.59991455
vt 1.6966947 0.59991455
vt 1.6544265 0.621732
vt 1.7178288 0.57809716
vt 1.6755606 0.59991455
vt 1.6544265 0.59991455
vt 1.6755606 0.57809716
vt 1.7389629 0.57809716
vt 1.6966947 0.57809716
vt 1.6344478 0.59991455
vt 1.6344478 0.57809716
vt 1.6544265 0.57809716
vt 1.614469 0.57809716
vt 1.7178288 0.5562798
vt 1.6755606 0.5562798
vt 1.6344478 0.5562798
vt 1.6966947 0.5562798
vt 1.6544265 0.5562798
vt 1.6755606 0.53446245
vt 1.5944903 0.5562798
vt 1.614469 0.5562798
vt 1.6344478 0.53446245
vt 1.6544265 0.53446245
vt 1.5745116 0.57809716
vt 1.5557923 0.5562798
vt 1.5745116 0.5562798
vt 1.5944903 0.53446245
vt 1.5370729 0.5562798
vt 1.5557923 0.53446245
vt 1.5183536 0.53446245
vt 1.614469 0.53446245
vt 1.614469 0.4953515
vt 1.5745116 0.53446245
vt 1.5745118 0.4953515
vt 1.5370729 0.53446245
vt 1.5370729 0.4953515
vt 1.4996343 0.5344624
vt 1.4996343 0.49534833
vt 1.6544265 0.4953515
vt 1.5370729 0.45625937
vt 1.5745119 0.45625937
vt 1.4996343 0.4562469
vt 1.614469 0.45625937
vt 1.4621956 0.4562469
vt 1.4621956 0.49534833
vt 1.4247568 0.4562469
vt 1.6966947 0.53446245
vt 1.7178288 0.53446245
vt 1.7389629 0.55627984
vt 1.7389629 0.5344625
vt 1.7583554 0.53446114
vt 1.7583516 0.5780933
vt 1.7583535 0.55627716
vt 1.7777478 0.5344597
vt 1.7777404 0.57808936
vt 1.777744 0.55627453
vt 1.7971332 0.5344523
vt 1.7970898 0.599881
vt 1.7971079 0.57806927
vt 1.7971206 0.5562608
vt 1.8165188 0.5344449
vt 1.8164443 0.59985685
vt 1.8164756 0.5780492
vt 1.8164972 0.55624706
vt 1.8390479 0.5344254
vt 1.8389094 0.5997919
vt 1.8390073 0.5562109
vt 1.8389666 0.5779965
vt 1.8613746 0.5997269
vt 1.8615173 0.55617476
vt 1.8614577 0.57794374
vt 1.8615769 0.5344058
vt 1.8841126 0.5343764
vt 1.8838588 0.5996277
vt 1.8839655 0.5778678
vt 1.8840392 0.55612206
vt 1.9066484 0.5343469
vt 1.906343 0.59952843
vt 1.9064734 0.57779187
vt 1.9065609 0.5560694
vt 1.9259698 0.5343213
vt 1.9258114 0.57769454
vt 1.9258907 0.5560079
vt 1.9452913 0.53429574
vt 1.9452204 0.55594647
vt 1.9914103 0.23673557
vt 1.9925861 0.23671883
vt 1.9925843 0.20834641
vt 1.991409 0.20832935
vt 1.0071872 0.23669334
vt 1.0088645 0.23673558
vt 1.0088645 0.20832935
vt 1.0071872 0.2083716
vt 1.0088645 0.20832935
vt 1.0088645 0.23673558
vt 1.0126799 0.23673224
vt 1.0132561 0.2083322
vt 1.0543535 0.20910466
vt 1.0556357 0.23672679
vt 1.0947014 0.2098737
vt 1.0941087 0.23672813
vt 1.1389728 0.21106704
vt 1.1389732 0.2367251
vt 1.1838511 0.21226312
vt 1.1838512 0.23672003
vt 1.2224538 0.21199739
vt 1.2224538 0.23672433
vt 1.2610563 0.21173126
vt 1.2610562 0.23673101
vt 1.3031218 0.21160804
vt 1.3031218 0.23673336
vt 1.3451874 0.21148401
vt 1.3451873 0.2367336
vt 1.3849535 0.21066344
vt 1.3849533 0.23673408
vt 1.4247192 0.20984267
vt 1.4247191 0.2367346
vt 1.4619788 0.20910431
vt 1.4619786 0.2367351
vt 1.4992383 0.20836656
vt 1.4992379 0.23673552
vt 1.5364975 0.20778833
vt 1.5364971 0.23673588
vt 1.5737569 0.2072105
vt 1.5737566 0.23673607
vt 1.6135224 0.20751053
vt 1.6135224 0.23673604
vt 1.6532886 0.20781067
vt 1.6532884 0.23673597
vt 1.6953541 0.20732681
vt 1.6953539 0.23673615
vt 1.7374195 0.20684268
vt 1.7374196 0.23673636
vt 1.776022 0.20692427
vt 1.776022 0.23673639
vt 1.8146619 0.20701577
vt 1.8146232 0.23673595
vt 1.8595806 0.20747375
vt 1.8595028 0.23673609
vt 1.9044087 0.2079085
vt 1.9043789 0.2367312
vt 1.9429356 0.20811401
vt 1.94292 0.23672771
vt 1.9863775 0.20833135
vt 1.9863876 0.23673303
vt 1.9914103 0.23673557
vt 1.991409 0.20832935
vt 1.9917624 0.1456978
vt 1.9917625 0.17407021
vt 1.9865698 0.17408477
vt 1.986512 0.1456826
vt 1.9432088 0.17407924
vt 1.9431286 0.14546457
vt 1.9046077 0.14525947
vt 1.9047606 0.17408271
vt 1.8596905 0.14482516
vt 1.8598801 0.17408763
vt 1.8149114 0.14436714
vt 1.815005 0.1740875
vt 1.7763994 0.14427565
vt 1.7763994 0.17408793
vt 1.7377969 0.14419402
vt 1.737797 0.1740879
vt 1.6957314 0.14467818
vt 1.6957315 0.17408769
vt 1.6536318 0.14516954
vt 1.6536655 0.1740876
vt 1.6138324 0.14487669
vt 1.6139 0.1740876
vt 1.5741011 0.14456908
vt 1.5741346 0.17408754
vt 1.5368749 0.14513959
vt 1.5368747 0.17408742
vt 1.4996151 0.17407003
vt 1.4996157 0.14573252
vt 1.4623557 0.17406917
vt 1.4623563 0.14646651
vt 1.4250966 0.14720291
vt 1.4250962 0.17406824
vt 1.385331 0.14802633
vt 1.3853304 0.17406726
vt 1.3455648 0.14885111
vt 1.3455646 0.1740663
vt 1.3034993 0.1489778
vt 1.3034991 0.17406526
vt 1.261434 0.1491016
vt 1.2614337 0.17406219
vt 1.2228311 0.17405705
vt 1.2228314 0.14936805
vt 1.1842282 0.14963597
vt 1.1842287 0.17405438
vt 1.1395049 0.14844805
vt 1.1393511 0.17405723
vt 1.0950558 0.14725702
vt 1.0944623 0.1740606
vt 1.0542511 0.14648005
vt 1.0558329 0.17406328
vt 1.0127277 0.14570525
vt 1.0121324 0.17406206
vt 1.0070866 0.17404386
vt 1.007383 0.14572412
vt 1.9812951 0.10237605
vt 1.9863486 0.07587366
vt 1.9863486 0.09933348
vt 1.9812951 0.07283663
vt 1.9395967 0.07121306
vt 1.9395967 0.10405944
vt 1.9010065 0.10406014
vt 1.9010065 0.07118173
vt 1.8560231 0.07114835
vt 1.8560231 0.10405879
vt 1.8116741 0.10405879
vt 1.8116741 0.07114835
vt 1.7735276 0.07114835
vt 1.7735276 0.10405879
vt 1.7353815 0.10405879
vt 1.7353815 0.07114835
vt 1.6938119 0.07114835
vt 1.6938119 0.10405879
vt 1.6522423 0.10405879
vt 1.6522423 0.07114835
vt 1.6129459 0.07114835
vt 1.6129459 0.10405879
vt 1.5736502 0.10405879
vt 1.5736502 0.07114835
vt 1.5368298 0.07114835
vt 1.5368298 0.10405879
vt 1.500011 0.07114835
vt 1.5000114 0.10376129
vt 1.4631908 0.07114835
vt 1.463191 0.10376129
vt 1.4263712 0.07114835
vt 1.4263712 0.10376129
vt 1.3870747 0.07114835
vt 1.3870742 0.10376129
vt 1.3477762 0.07114835
vt 1.3477751 0.10376129
vt 1.3062088 0.07114835
vt 1.3062085 0.10376129
vt 1.26464 0.07114835
vt 1.2646401 0.10376129
vt 1.2264929 0.07114835
vt 1.2264936 0.10376129
vt 1.1883487 0.07114835
vt 1.1883502 0.10376129
vt 1.1439974 0.07114835
vt 1.1439976 0.1037615
vt 1.0996468 0.07118093
vt 1.0996461 0.10376238
vt 1.0592244 0.071213
vt 1.0592253 0.10334906
vt 1.0188059 0.07283679
vt 1.0188657 0.10208052
vt 1.0138125 0.0998594
vt 1.0136513 0.07587366
vt 1.0118731 0.43895262
vt 1.0064682 0.3851816
vt 1.0064682 0.43895262
vt 1.0118731 0.38540083
vt 1.0079485 0.37583655
vt 1.0517912 0.43895262
vt 1.0131177 0.37720543
vt 1.0122439 0.36740607
vt 1.0166806 0.3702244
vt 1.0189345 0.36071575
vt 1.0219185 0.36465538
vt 1.0273645 0.35642013
vt 1.029231 0.36109203
vt 1.0367097 0.35494003
vt 1.036929 0.35958332
vt 1.0642095 0.3549399
vt 1.0643191 0.35958344
vt 1.0917091 0.3549398
vt 1.0917093 0.3595836
vt 1.0917094 0.43895262
vt 1.1338606 0.35493964
vt 1.1338607 0.3595838
vt 1.1338608 0.43895262
vt 1.176012 0.3549395
vt 1.1760122 0.35958403
vt 1.1760123 0.43895262
vt 1.2181635 0.35493934
vt 1.2181636 0.35958427
vt 1.2181637 0.43895262
vt 1.260315 0.3549392
vt 1.2603151 0.43895265
vt 1.2603151 0.35958448
vt 1.3002031 0.35493904
vt 1.3002033 0.3595847
vt 1.3201473 0.43895268
vt 1.3398293 0.3564282
vt 1.3400912 0.3549389
vt 1.3400915 0.3595849
vt 1.3799796 0.43895268
vt 1.3798834 0.3595851
vt 1.3799794 0.35493875
vt 1.4198676 0.3549386
vt 1.4198678 0.3595853
vt 1.4597559 0.35493845
vt 1.4398118 0.4389527
vt 1.4597559 0.3595855
vt 1.499644 0.3549383
vt 1.499644 0.3595857
vt 1.499644 0.43895274
vt 1.5395322 0.35493845
vt 1.5395322 0.3595855
vt 1.5794203 0.3549386
vt 1.5594763 0.43895274
vt 1.5794203 0.3595853
vt 1.6193085 0.35493875
vt 1.6193085 0.35958508
vt 1.6193085 0.43895274
vt 1.6591966 0.3549389
vt 1.6591966 0.35958487
vt 1.6990848 0.35493904
vt 1.6791407 0.43895274
vt 1.6990848 0.3595847
vt 1.7389729 0.3549392
vt 1.738973 0.35958448
vt 1.7389729 0.4389527
vt 1.7811244 0.35493934
vt 1.7811244 0.35958427
vt 1.7811244 0.43895268
vt 1.8232758 0.35493952
vt 1.8232758 0.35958403
vt 1.8232758 0.43895268
vt 1.8654273 0.35493967
vt 1.8654273 0.35958382
vt 1.8654273 0.43895268
vt 1.9075786 0.35493982
vt 1.9075787 0.43895265
vt 1.9075786 0.35958362
vt 1.9345726 0.35493994
vt 1.946991 0.43895262
vt 1.9344629 0.35958347
vt 1.9615666 0.35494003
vt 1.9613472 0.35958332
vt 1.9709115 0.35642013
vt 1.9864033 0.38540083
vt 1.9864033 0.43895262
vt 1.9918078 0.43895262
vt 1.9918078 0.3851816
vt 1.9690458 0.3610919
vt 1.979342 0.36071575
vt 1.9851589 0.37720543
vt 1.9903281 0.37583655
vt 1.9815959 0.37022427
vt 1.9860327 0.36740607
vt 1.9763582 0.3646552
vt 1.0113863 0.33505166
vt 1.0059818 0.28128064
vt 1.0059818 0.33505166
vt 1.0113863 0.28149986
vt 1.0074615 0.27193558
vt 1.0507987 0.33505166
vt 1.0126307 0.27330446
vt 1.0117569 0.2635051
vt 1.0161937 0.26632333
vt 1.0184476 0.25681478
vt 1.0214314 0.2607544
vt 1.0268781 0.25251922
vt 1.0287439 0.25719094
vt 1.036223 0.2510391
vt 1.0364424 0.25568235
vt 1.0633504 0.25103897
vt 1.0633267 0.2556825
vt 1.090211 0.25103885
vt 1.090211 0.25568265
vt 1.0902109 0.33505166
vt 1.1357462 0.25103867
vt 1.1323624 0.25568286
vt 1.1356053 0.33505166
vt 1.1745138 0.25568306
vt 1.1814218 0.25103852
vt 1.1809998 0.33505166
vt 1.1758815 0.25568306
vt 1.2201794 0.25103837
vt 1.217349 0.25568327
vt 1.2199082 0.33505166
vt 1.2588167 0.25103825
vt 1.2588167 0.25568348
vt 1.2588166 0.33505166
vt 1.3003712 0.2510381
vt 1.2987103 0.25568366
vt 1.3005171 0.33505166
vt 1.3423629 0.25103796
vt 1.338604 0.25568387
vt 1.3422174 0.33505166
vt 1.3390515 0.25568387
vt 1.380018 0.2510378
vt 1.3787215 0.25568405
vt 1.3895081 0.33505166
vt 1.4181978 0.25103766
vt 1.4183913 0.25568423
vt 1.4590511 0.2510375
vt 1.4367988 0.33505166
vt 1.4582851 0.25568444
vt 1.4981787 0.2556846
vt 1.4674722 0.33505166
vt 1.4981456 0.25103736
vt 1.4981456 0.33505166
vt 1.5288188 0.33505166
vt 1.5385499 0.2510375
vt 1.5594921 0.33505166
vt 1.5380614 0.25568444
vt 1.5774851 0.25103766
vt 1.577944 0.25568423
vt 1.6163765 0.25103778
vt 1.6178266 0.25568402
vt 1.6069807 0.33505166
vt 1.6542076 0.25103793
vt 1.6577091 0.25568384
vt 1.6544693 0.3350517
vt 1.6958678 0.25103807
vt 1.6975918 0.25568366
vt 1.6959718 0.33505172
vt 1.7374747 0.25103825
vt 1.7374746 0.25568348
vt 1.7374744 0.33505172
vt 1.7760452 0.2510384
vt 1.7789421 0.25568327
vt 1.7763829 0.33505172
vt 1.8148696 0.25103855
vt 1.8204098 0.25568306
vt 1.8152914 0.33505172
vt 1.8604983 0.2510387
vt 1.8217775 0.25568306
vt 1.8606858 0.33505172
vt 1.8639289 0.25568286
vt 1.9060805 0.25103885
vt 1.9060804 0.25568265
vt 1.9060802 0.33505172
vt 1.9336473 0.25103897
vt 1.9459984 0.3350517
vt 1.9334705 0.2556825
vt 1.96108 0.2510391
vt 1.9608606 0.25568235
vt 1.9704251 0.25251922
vt 1.9859167 0.28149986
vt 1.9859165 0.33505166
vt 1.9913214 0.33505166
vt 1.9913214 0.28128064
vt 1.9685587 0.25719106
vt 1.9788551 0.25681478
vt 1.984672 0.27330446
vt 1.9898411 0.27193558
vt 1.9758711 0.2607544
vt 1.9855458 0.2635051
vt 1.981109 0.26632345
vt 1.0048074 0.27989393
vt 1.0049609 0.33488715
vt 1.0059818 0.33505166
vt 1.0059818 0.28128064
vt 1.0074615 0.27193558
vt 1.006142 0.27111402
vt 1.0117569 0.2635051
vt 1.0103486 0.26273438
vt 1.0184476 0.25681478
vt 1.0171692 0.25567466
vt 1.0268781 0.25251922
vt 1.0260508 0.2508935
vt 1.036223 0.2510391
vt 1.0353413 0.2498868
vt 1.0628211 0.24962813
vt 1.0633504 0.25103897
vt 1.0903009 0.24936944
vt 1.090211 0.25103885
vt 1.1324112 0.24936941
vt 1.1357462 0.25103867
vt 1.1745216 0.24936937
vt 1.1814218 0.25103852
vt 1.2166319 0.24936932
vt 1.2201794 0.25103837
vt 1.2587422 0.2493693
vt 1.2588167 0.25103825
vt 1.2986422 0.24936925
vt 1.3003712 0.2510381
vt 1.3385422 0.2493692
vt 1.3423629 0.25103796
vt 1.3784423 0.24936916
vt 1.380018 0.2510378
vt 1.4183424 0.24936911
vt 1.4181978 0.25103766
vt 1.4582424 0.24936907
vt 1.4590511 0.2510375
vt 1.4981424 0.24936903
vt 1.4981456 0.25103736
vt 1.5385499 0.2510375
vt 1.5383118 0.24936907
vt 1.5784813 0.24936911
vt 1.5774851 0.25103766
vt 1.6186508 0.24936916
vt 1.6163765 0.25103778
vt 1.6588203 0.2493692
vt 1.6542076 0.25103793
vt 1.6989899 0.24936925
vt 1.6958678 0.25103807
vt 1.7391593 0.2493693
vt 1.7374747 0.25103825
vt 1.7806971 0.24936932
vt 1.7760452 0.2510384
vt 1.8222349 0.24936937
vt 1.8148696 0.25103855
vt 1.8637726 0.24936941
vt 1.8604983 0.2510387
vt 1.9053105 0.24936944
vt 1.9060805 0.25103885
vt 1.9332032 0.24934486
vt 1.9336473 0.25103897
vt 1.961096 0.24932027
vt 1.96108 0.2510391
vt 1.9704251 0.25251922
vt 1.9712077 0.25097287
vt 1.9788551 0.25681478
vt 1.9799896 0.25567406
vt 1.9855458 0.2635051
vt 1.9870155 0.2630404
vt 1.9898411 0.27193558
vt 1.9910821 0.2712005
vt 1.9913214 0.28128064
vt 1.9929823 0.28122154
vt 1.9928606 0.33485156
vt 1.9913214 0.33505166
vt 1.0088645 0.18335077
vt 1.0088645 0.20829311
vt 1.0130678 0.20828828
vt 1.012557 0.18334593
vt 1.054587 0.20907313
vt 1.0941247 0.18334669
vt 1.0947047 0.20983768
vt 1.1389731 0.21103437
vt 1.1838514 0.18335502
vt 1.1838509 0.21222658
vt 1.2224537 0.21196447
vt 1.2610562 0.18334593
vt 1.2610564 0.21169509
vt 1.3031218 0.21157524
vt 1.3451875 0.183343
vt 1.345187 0.21144775
vt 1.3849531 0.21063088
vt 1.4247195 0.18334357
vt 1.4247185 0.20980658
vt 1.4619786 0.20907192
vt 1.4992381 0.1833443
vt 1.4992377 0.20833041
vt 1.5364972 0.20775591
vt 1.5737567 0.18334478
vt 1.5737569 0.20717435
vt 1.6135225 0.20747809
vt 1.6532885 0.18334477
vt 1.6532886 0.20777406
vt 1.695354 0.20729434
vt 1.7374198 0.18334506
vt 1.7374191 0.20680623
vt 1.7760221 0.20689178
vt 1.8146225 0.1833445
vt 1.8146611 0.20697889
vt 1.8595963 0.20744582
vt 1.9044462 0.18334454
vt 1.9044063 0.20787174
vt 1.9429142 0.20808184
vt 1.9864429 0.18334658
vt 1.9863664 0.20828792
vt 1.99141 0.20829311
vt 1.9914093 0.18335077
vt 1.9917626 0.12072151
vt 1.9917625 0.14562541
vt 1.9865298 0.14563937
vt 1.9865708 0.12069828
vt 1.9431057 0.14543222
vt 1.9047586 0.12069603
vt 1.9046093 0.14522268
vt 1.8596528 0.14479722
vt 1.815006 0.12069601
vt 1.8149152 0.14433028
vt 1.7763995 0.14424314
vt 1.7377971 0.12069657
vt 1.7377965 0.14415757
vt 1.6957314 0.1446457
vt 1.6536652 0.12069638
vt 1.6536314 0.14513303
vt 1.613906 0.12069771
vt 1.613819 0.14484724
vt 1.5741469 0.12069903
vt 1.574108 0.14453518
vt 1.5606631 0.12070821
vt 1.5368747 0.14510724
vt 1.5301394 0.12071195
vt 1.4996148 0.14566208
vt 1.4996157 0.1207157
vt 1.4690926 0.12071787
vt 1.4623555 0.14640053
vt 1.4385694 0.12072003
vt 1.4250957 0.14713705
vt 1.4250927 0.12071387
vt 1.3853287 0.12071053
vt 1.3853303 0.14796045
vt 1.3455646 0.12070719
vt 1.3455641 0.14878045
vt 1.3034991 0.14891101
vt 1.2614336 0.12070979
vt 1.261434 0.14903094
vt 1.2228311 0.14930092
vt 1.1842235 0.12071493
vt 1.184228 0.14956434
vt 1.1394687 0.14837949
vt 1.0943632 0.12071165
vt 1.0951217 0.14718537
vt 1.0544335 0.14641142
vt 1.0120137 0.1207165
vt 1.0125184 0.14561154
vt 1.0073272 0.14559612
vt 1.0071342 0.12075051
vt 1.9925859 0.20827408
vt 1.9925845 0.1833702
vt 1.9919969 0.18336049
vt 1.991998 0.2082836
vt 1.99141 0.20829311
vt 1.9914093 0.18335077
vt 1.0080259 0.18337479
vt 1.0071872 0.18339881
vt 1.0071872 0.20824507
vt 1.0080259 0.20826909
vt 1.0088645 0.20829311
vt 1.0088645 0.18335077
vt 1.0130354 0.06947014
vt 1.0538075 0.06947014
vt 1.0534947 0.06947014
vt 1.021451 0.06947014
vt 1.01209 0.06947014
vt 1.0079724 0.06947014
vt 1.0110397 0.06947014
vt 1.0077957 0.06947014
vt 1.007619 0.06947014
vt 1.01209 0.06947014
vt 1.0128174 0.06947014
vt 1.0194999 0.06947014
vt 1.0536419 0.06947014
vt 1.0534947 0.06947014
vt 1.0943642 0.06947014
vt 1.0948994 0.06947014
vt 1.1393132 0.06947014
vt 1.1395738 0.06947014
vt 1.1842482 0.06947014
vt 1.1842482 0.06947014
vt 1.2228942 0.06947014
vt 1.2228956 0.06947014
vt 1.2615432 0.06947014
vt 1.261543 0.06947014
vt 1.303659 0.06947014
vt 1.3036578 0.06947014
vt 1.3457726 0.06947014
vt 1.3457726 0.06947014
vt 1.385589 0.06947014
vt 1.3855877 0.06947014
vt 1.4254028 0.06947014
vt 1.4254028 0.06947014
vt 1.4627066 0.06947014
vt 1.4627073 0.06947014
vt 1.5000118 0.06947014
vt 1.5000118 0.06947014
vt 1.5373144 0.06947014
vt 1.5373156 0.06947014
vt 1.5746194 0.06947014
vt 1.5746193 0.06947014
vt 1.614432 0.06947014
vt 1.6144323 0.06947014
vt 1.6542453 0.06947014
vt 1.6542453 0.06947014
vt 1.696362 0.06947014
vt 1.6963623 0.06947014
vt 1.7384793 0.06947014
vt 1.7384793 0.06947014
vt 1.7771268 0.06947014
vt 1.7771238 0.06947014
vt 1.8157609 0.06947014
vt 1.8157684 0.06947014
vt 1.8606819 0.06947014
vt 1.8603731 0.06947014
vt 1.9053975 0.06947014
vt 1.9049779 0.06947014
vt 1.9435829 0.06947014
vt 1.94643 0.06947014
vt 1.9869701 0.06947014
vt 1.9795226 0.06947014
vt 1.9878819 0.06947014
vt 1.992381 0.06947014
vt 1.9889603 0.06947014
vt 1.992381 0.06947014
vt 1.992381 0.06947014
vt 1.9879221 0.06947014
vt 1.9872736 0.06947014
vt 1.9761903 0.06947014
vt 1.9441564 0.06947014
vt 1.9465259 0.06947014
vt 1.9057176 0.06947014
vt 1.9051298 0.06947014
vt 1.8606819 0.06947014
vt 1.8604491 0.06947014
vt 1.8157609 0.06947014
vt 1.8157684 0.06947014
vt 1.7771268 0.06947014
vt 1.7771238 0.06947014
vt 1.7384793 0.06947014
vt 1.7384793 0.06947014
vt 1.696362 0.06947014
vt 1.6963673 0.06947014
vt 1.6542664 0.06947014
vt 1.6542553 0.06947014
vt 1.6144707 0.06947014
vt 1.6144421 0.06947014
vt 1.5746402 0.06947014
vt 1.5746291 0.06947014
vt 1.5373144 0.06947014
vt 1.5373204 0.06947014
vt 1.5000157 0.06947014
vt 1.5000118 0.06947014
vt 1.4627072 0.06947014
vt 1.4627074 0.06947014
vt 1.4254028 0.06947014
vt 1.425403 0.06947014
vt 1.385588 0.06947014
vt 1.3855878 0.06947014
vt 1.3457712 0.06947014
vt 1.3457726 0.06947014
vt 1.3036581 0.06947014
vt 1.3036578 0.06947014
vt 1.2615433 0.06947014
vt 1.261543 0.06947014
vt 1.2228954 0.06947014
vt 1.2228956 0.06947014
vt 1.1842355 0.06947014
vt 1.1842482 0.06947014
vt 1.1393878 0.06947014
vt 1.1395738 0.06947014
vt 1.0945361 0.06947014
vt 1.0948994 0.06947014
vt 1.0538075 0.06947014
vt 1.4247569 0.49534833
vt 1.3847996 0.4562469
vt 1.3847996 0.49534833
vt 1.344842 0.4562469
vt 1.3448421 0.49534833
vt 1.3025738 0.4562469
vt 1.3025738 0.49534833
vt 1.2603056 0.4562469
vt 1.2603055 0.49534833
vt 1.2215173 0.4562469
vt 1.4434762 0.5344624
vt 1.4621956 0.5344624
vt 1.4434762 0.5562798
vt 1.4247569 0.5344624
vt 1.4247569 0.5562798
vt 1.4047782 0.5344624
vt 1.4047782 0.5562798
vt 1.4047782 0.57809716
vt 1.4047782 0.59991455
vt 1.3847996 0.621732
vt 1.3847996 0.59991455
vt 1.3847996 0.57809716
vt 1.3847996 0.5562798
vt 1.3847996 0.5344624
vt 1.364821 0.6420754
vt 1.3648208 0.621732
vt 1.3448421 0.64210546
vt 1.3648208 0.59991455
vt 1.3648208 0.5344624
vt 1.3648208 0.5562798
vt 1.3648208 0.57809716
vt 1.3448421 0.5344624
vt 1.3448421 0.5562798
vt 1.3237079 0.5344624
vt 1.3448421 0.57809716
vt 1.3448421 0.59991455
vt 1.3237079 0.5562798
vt 1.3448421 0.621732
vt 1.3237079 0.57809716
vt 1.3237079 0.59991455
vt 1.3237079 0.621732
vt 1.3237079 0.6421373
vt 1.3237079 0.6620132
vt 1.3237079 0.68639135
vt 1.3025738 0.7107661
vt 1.3025738 0.6863896
vt 1.2814397 0.7107625
vt 1.2814397 0.7153716
vt 1.3025738 0.6620132
vt 1.3025738 0.6421692
vt 1.3025738 0.62173206
vt 1.2814397 0.6863878
vt 1.2603055 0.7107589
vt 1.2603055 0.71536803
vt 1.2814397 0.6620132
vt 1.2603055 0.686386
vt 1.2409115 0.7107557
vt 1.2409115 0.7153648
vt 1.3025738 0.5999146
vt 1.2814397 0.64220095
vt 1.2603055 0.6620131
vt 1.2409115 0.6863844
vt 1.2215173 0.7107525
vt 1.2215173 0.7153616
vt 1.3025738 0.57809716
vt 1.2603055 0.6422327
vt 1.2409115 0.6620131
vt 1.2215173 0.6863828
vt 1.2021232 0.7107493
vt 1.202123 0.7153584
vt 1.3025738 0.5562798
vt 1.2409115 0.64226186
vt 1.2215174 0.6620131
vt 1.2021234 0.68638104
vt 1.1827291 0.71074617
vt 1.1827288 0.7153551
vt 1.2215173 0.64229107
vt 1.2409115 0.62173194
vt 1.2021235 0.6620128
vt 1.1827294 0.6863793
vt 1.1601821 0.71074224
vt 1.1601827 0.71535134
vt 1.2603055 0.621732
vt 1.2814397 0.621732
vt 1.2603055 0.59991455
vt 1.2814397 0.59991455
vt 1.2814397 0.57809716
vt 1.1601822 0.68637735
vt 1.2603055 0.57809716
vt 1.2409115 0.59991455
vt 1.2409115 0.5780971
vt 1.2215173 0.6217319
vt 1.2215173 0.5999145
vt 1.2021233 0.6217318
vt 1.2021234 0.64232004
vt 1.2603055 0.5562798
vt 1.2409115 0.5562798
vt 1.2215173 0.5780971
vt 1.2021233 0.59991443
vt 1.2814397 0.5562798
vt 1.3025738 0.5344624
vt 1.2814397 0.5344624
vt 1.2603055 0.5344624
vt 1.2409115 0.53446233
vt 1.2215173 0.5562797
vt 1.2215173 0.49534833
vt 1.1827291 0.49534836
vt 1.1827289 0.4562469
vt 1.1376345 0.45624688
vt 1.2215173 0.53446233
vt 1.2021233 0.5780971
vt 1.2021232 0.53446233
vt 1.2021233 0.5562797
vt 1.1827291 0.5344624
vt 1.1827292 0.5562797
vt 1.1827292 0.57809705
vt 1.1601819 0.5344624
vt 1.1376346 0.4953484
vt 1.09254 0.4953484
vt 1.0925403 0.4562469
vt 1.0539049 0.4562469
vt 1.1827292 0.59991443
vt 1.160182 0.55627966
vt 1.160182 0.578097
vt 1.1827292 0.62173176
vt 1.1376346 0.55627966
vt 1.1376346 0.5344624
vt 1.1150873 0.5344624
vt 1.1601821 0.5999142
vt 1.1827295 0.64234906
vt 1.1376346 0.578097
vt 1.1150875 0.55627954
vt 1.1601822 0.6217314
vt 1.1827296 0.6620125
vt 1.137635 0.599914
vt 1.1601824 0.64238274
vt 1.1601822 0.6620125
vt 1.1376352 0.6217311
vt 1.1150877 0.57809675
vt 1.1376352 0.6424165
vt 1.137635 0.6620125
vt 1.1150879 0.5999139
vt 1.115088 0.62173116
vt 1.137635 0.6863754
vt 1.1150879 0.64245045
vt 1.1376351 0.71073824
vt 1.1376365 0.7153476
vt 1.1150876 0.6620125
vt 1.1150861 0.7107348
vt 1.1150883 0.71534383
vt 1.1150873 0.68662727
vt 1.0925395 0.7107309
vt 1.0925401 0.71534
vt 1.0925394 0.68687916
vt 1.0925403 0.6620125
vt 1.0925405 0.6424844
vt 1.0732213 0.71072745
vt 1.0730076 0.7153367
vt 1.0732224 0.68662566
vt 1.0732224 0.6620129
vt 1.0539045 0.7107226
vt 1.0539051 0.7153335
vt 1.0354095 0.7107171
vt 1.0351973 0.71531266
vt 1.0258808 0.71382344
vt 1.0539052 0.68637216
vt 1.0732228 0.6421784
vt 1.0539047 0.66201323
vt 1.027036 0.7095429
vt 1.0174907 0.7095446
vt 1.0200398 0.7062894
vt 1.0108259 0.70288867
vt 1.0224615 0.69741416
vt 1.0322006 0.68644935
vt 1.0144066 0.70033467
vt 1.0065386 0.69449717
vt 1.0115818 0.6933382
vt 1.0050496 0.6851762
vt 1.0103604 0.68496317
vt 1.0050356 0.6620137
vt 1.0103577 0.6620138
vt 1.0050356 0.6418725
vt 1.0439003 0.69953656
vt 1.0209205 0.673832
vt 1.0103558 0.64187354
vt 1.0050356 0.6217317
vt 1.0321268 0.66201293
vt 1.0430505 0.67423314
vt 1.0103562 0.62173235
vt 1.0050355 0.60011715
vt 1.0321305 0.641873
vt 1.010356 0.5999156
vt 1.0050355 0.57809484
vt 1.053905 0.6418724
vt 1.0321308 0.62173194
vt 1.0103565 0.5780965
vt 1.0050355 0.5562787
vt 1.0539055 0.6217315
vt 1.0321307 0.5999148
vt 1.0103564 0.5562794
vt 1.0050355 0.53446263
vt 1.0732231 0.62173134
vt 1.0321311 0.5780965
vt 1.0539055 0.599914
vt 1.0103562 0.53446233
vt 1.0050356 0.49534836
vt 1.0925407 0.62173116
vt 1.0732231 0.5999139
vt 1.0925407 0.5999138
vt 1.032131 0.5562793
vt 1.0539056 0.57809657
vt 1.0103564 0.49534833
vt 1.0051172 0.45625934
vt 1.0103594 0.4562469
vt 1.0732231 0.5780965
vt 1.0925407 0.57809645
vt 1.0539056 0.5562792
vt 1.032131 0.5344621
vt 1.053905 0.49534836
vt 1.073223 0.5562793
vt 1.0925404 0.5562794
vt 1.0539056 0.5344618
vt 1.0732229 0.5344621
vt 1.09254 0.5344624
vt 0.97379076 0.9762778
vt 0.99454236 0.9762777
vt 0.99454236 0.9511069
vt 0.99454236 0.04215593
vt 0.99454236 0.0209747
vt 0.97379076 0.020974696
vt 0.7463853 0.99662673
vt 0.74776435 0.99662673
vt 0.7463688 0.9762778
vt 0.7481771 0.97627795
vt 0.7463213 0.9512875
vt 0.7492035 0.9512875
vt 0.74628186 0.9252424
vt 0.74979216 0.97627795
vt 0.7522685 0.9512875
vt 0.75404817 0.9253067
vt 0.75337654 0.97627795
vt 0.7505816 0.9966178
vt 0.75884455 0.95091826
vt 0.79255944 0.9761171
vt 0.793459 0.996612
vt 0.7547648 0.9043039
vt 0.7462371 0.9043039
vt 0.7641653 0.9248732
vt 0.7918387 0.9507706
vt 0.83967304 0.9762778
vt 0.8405019 0.99661016
vt 0.76559705 0.9043039
vt 0.7669582 0.8801347
vt 0.7552184 0.8801347
vt 0.7463615 0.8801347
vt 0.7464859 0.8559655
vt 0.755672 0.8559655
vt 0.74674183 0.8274474
vt 0.79036283 0.9044066
vt 0.83915746 0.9509182
vt 0.7561548 0.8274474
vt 0.7691737 0.8274474
vt 0.7469978 0.79892933
vt 0.75663763 0.79892933
vt 0.74709094 0.7711486
vt 0.7568103 0.771306
vt 0.74718404 0.7433679
vt 0.7683193 0.8559655
vt 0.7902545 0.8559331
vt 0.77002805 0.79892933
vt 0.7569829 0.7436826
vt 0.74727714 0.71558714
vt 0.7703196 0.77150285
vt 0.7898564 0.7987354
vt 0.75715595 0.71599364
vt 0.74737024 0.6878064
vt 0.77061117 0.7440764
vt 0.757329 0.68830466
vt 0.74746335 0.6600257
vt 0.7900554 0.8273343
vt 0.83798087 0.8559655
vt 0.83772874 0.79892933
vt 0.78977513 0.7713092
vt 0.7709043 0.7165016
vt 0.7575034 0.6603994
vt 0.74755645 0.63224494
vt 0.79030865 0.88016987
vt 0.78969383 0.743883
vt 0.77119744 0.68892676
vt 0.7576778 0.6324941
vt 0.74764955 0.60446423
vt 0.78961205 0.7163159
vt 0.8378843 0.743837
vt 0.7714983 0.66061884
vt 0.7578522 0.6045888
vt 0.7477427 0.5766835
vt 0.8378065 0.77138317
vt 0.78953034 0.68874884
vt 0.77179927 0.6323109
vt 0.7894465 0.6604644
vt 0.83804035 0.6885527
vt 0.75802654 0.5766835
vt 0.7477733 0.5438895
vt 0.7580148 0.5443219
vt 0.7478038 0.5110956
vt 0.7723906 0.5766835
vt 0.77209496 0.6044972
vt 0.75800306 0.51196027
vt 0.7478344 0.47830158
vt 0.7722157 0.5448609
vt 0.75799096 0.47872502
vt 0.74786496 0.44550762
vt 0.78936267 0.63218
vt 0.789198 0.57660365
vt 0.77204084 0.5130383
vt 0.7579789 0.44548976
vt 0.74789554 0.41271365
vt 0.7892803 0.6043918
vt 0.83835626 0.57664716
vt 0.7896153 0.5447464
vt 0.83819926 0.63225627
vt 0.77185535 0.47927296
vt 0.7579671 0.4129423
vt 0.7479261 0.37991965
vt 0.7900326 0.5128891
vt 0.7716698 0.44550762
vt 0.75795525 0.38039485
vt 0.74795663 0.34712568
vt 0.79047465 0.47914833
vt 0.8391075 0.51240337
vt 0.7714926 0.41324896
vt 0.7579433 0.3473633
vt 0.7479872 0.3143317
vt 0.8387319 0.54452527
vt 0.7909167 0.44540757
vt 0.77131534 0.38099033
vt 0.75793123 0.3143317
vt 0.74805635 0.27746415
vt 0.79133946 0.4131316
vt 0.83989024 0.4454627
vt 0.7711322 0.34766102
vt 0.75797653 0.2779346
vt 0.7481255 0.24059662
vt 0.8394989 0.47893304
vt 0.79176223 0.38085562
vt 0.770949 0.3143317
vt 0.75802183 0.24153748
vt 0.74819463 0.20372908
vt 0.79219854 0.34754694
vt 0.84064853 0.38061187
vt 0.7705698 0.2785189
vt 0.7580683 0.20419951
vt 0.7482638 0.16686153
vt 0.8402694 0.4130373
vt 0.7926349 0.31423825
vt 0.84142405 0.31429034
vt 0.7701906 0.24270606
vt 0.79296875 0.27841043
vt 0.8410363 0.3474511
vt 0.7581149 0.16686153
vt 0.75773436 0.13039377
vt 0.74823 0.13040984
vt 0.7481962 0.093958125
vt 0.769789 0.2047838
vt 0.79330266 0.24258265
vt 0.76938736 0.16686153
vt 0.79365504 0.20476511
vt 0.84230083 0.24201025
vt 0.84186244 0.2781503
vt 0.8804868 0.27794617
vt 0.75735384 0.093926
vt 0.7568449 0.073914945
vt 0.7482393 0.073914945
vt 0.7557961 0.058719844
vt 0.7481527 0.058719873
vt 0.75397193 0.04218185
vt 0.7481487 0.04218182
vt 0.7501957 0.020974696
vt 0.7482125 0.020974696
vt 0.74969447 0.0044600666
vt 0.75292283 0.020974696
vt 0.7527762 0.0044600666
vt 0.7614471 0.04218185
vt 0.7558472 0.020974696
vt 0.7737826 0.0044600666
vt 0.76439625 0.058719844
vt 0.7947151 0.021124613
vt 0.7947891 0.0044600666
vt 0.81823385 0.0044600666
vt 0.7946656 0.042250175
vt 0.8422283 0.021042828
vt 0.8416786 0.0044600666
vt 0.8617736 0.0044600666
vt 0.7655941 0.073914945
vt 0.79464173 0.058793314
vt 0.84296787 0.0422123
vt 0.8818097 0.020974696
vt 0.88186854 0.0044600666
vt 0.9034055 0.0044600666
vt 0.7666655 0.09393656
vt 0.7945862 0.07402704
vt 0.8434123 0.058752194
vt 0.8818017 0.04218185
vt 0.925125 0.020974696
vt 0.92494243 0.0044600666
vt 0.94936657 0.0044600666
vt 0.7680265 0.13039905
vt 0.794289 0.093979485
vt 0.8435706 0.073964044
vt 0.88178504 0.058719844
vt 0.92534024 0.04218185
vt 0.9493542 0.020974696
vt 0.97379065 0.0044600675
vt 0.97379076 0.020974696
vt 0.7940075 0.16694756
vt 0.843212 0.16689909
vt 0.7941482 0.13046353
vt 0.949355 0.04218185
vt 0.9255023 0.058719844
vt 0.8434351 0.09396796
vt 0.97379076 0.04218185
vt 0.99454236 0.04215593
vt 0.8817543 0.073914945
vt 0.949353 0.058719844
vt 0.97379065 0.058719844
vt 0.99454236 0.058719844
vt 0.8814926 0.09395904
vt 0.9255819 0.073914945
vt 0.8433236 0.13043353
vt 0.8814207 0.13041028
vt 0.97379076 0.073914945
vt 0.99454236 0.073914945
vt 0.99454236 0.09396287
vt 0.94934607 0.073914945
vt 0.9726449 0.09395898
vt 0.99454236 0.1304122
vt 0.92493933 0.09395901
vt 0.9251573 0.13041027
vt 0.9484348 0.093959
vt 0.9488864 0.13041025
vt 0.97321784 0.13041025
vt 0.99454236 0.16686153
vt 0.8813487 0.16686153
vt 0.9253752 0.16686153
vt 0.97379076 0.16686153
vt 0.99454236 0.20372908
vt 0.94933856 0.16686153
vt 0.97379076 0.20372908
vt 0.99454236 0.24059662
vt 0.9492506 0.20385727
vt 0.9251879 0.20398295
vt 0.88105893 0.20421109
vt 0.9737907 0.24059662
vt 0.99454236 0.27746415
vt 0.94916266 0.2408529
vt 0.92500055 0.24110436
vt 0.8427564 0.20445466
vt 0.88076913 0.24156064
vt 0.97379065 0.27746415
vt 0.99454236 0.3143317
vt 0.94907594 0.27759227
vt 0.9248158 0.27771804
vt 0.97379065 0.3143317
vt 0.99454236 0.34712568
vt 0.88020444 0.3143317
vt 0.9489894 0.3143317
vt 0.924631 0.3143317
vt 0.97379065 0.34712568
vt 0.99454236 0.37991965
vt 0.9489541 0.3471917
vt 0.88009846 0.34737366
vt 0.9245295 0.3472566
vt 0.97379065 0.37991965
vt 0.99454236 0.41271365
vt 0.8799925 0.38041562
vt 0.924428 0.3801815
vt 0.94891894 0.38005158
vt 0.97379065 0.41271365
vt 0.99454236 0.44550762
vt 0.94888407 0.41277957
vt 0.87988806 0.4129616
vt 0.92432725 0.41284454
vt 0.97379065 0.44550762
vt 0.99454236 0.47830158
vt 0.8797837 0.44550762
vt 0.92422646 0.44550762
vt 0.9488492 0.44550765
vt 0.97379065 0.47830158
vt 0.99454236 0.5110956
vt 0.94881403 0.47842234
vt 0.87967706 0.4787553
vt 0.9241246 0.47854173
vt 0.97379065 0.5110956
vt 0.99454236 0.5438895
vt 0.8795704 0.51200294
vt 0.92402273 0.5115758
vt 0.9487788 0.5113369
vt 0.87946665 0.54434323
vt 0.9487442 0.54401016
vt 0.9239223 0.54412967
vt 0.87936294 0.5766835
vt 0.97379065 0.5438895
vt 0.9238219 0.5766835
vt 0.97379065 0.5766835
vt 0.99454236 0.5766835
vt 0.9487096 0.5766835
vt 0.97379065 0.60446423
vt 0.99454236 0.60446423
vt 0.99454236 0.63224494
vt 0.9487064 0.60446835
vt 0.92378443 0.6044724
vt 0.97379065 0.63224494
vt 0.99454236 0.6600257
vt 0.87937605 0.6044797
vt 0.94870317 0.63225317
vt 0.92374694 0.63226134
vt 0.97351587 0.6600256
vt 0.99454236 0.6878064
vt 0.94856286 0.66009927
vt 0.83827776 0.6044517
vt 0.8793891 0.6322758
vt 0.9732411 0.68780625
vt 0.99454236 0.71558714
vt 0.9237093 0.6601726
vt 0.8794023 0.66030204
vt 0.9484224 0.6879452
vt 0.92367166 0.68808377
vt 0.9735159 0.7155871
vt 0.99454236 0.7433679
vt 0.94855636 0.71570027
vt 0.8381198 0.66040444
vt 0.8794155 0.68832827
vt 0.97379076 0.7433679
vt 0.99454236 0.7711486
vt 0.9236343 0.71581334
vt 0.87942857 0.71601254
vt 0.94869053 0.7434554
vt 0.92359686 0.7435429
vt 0.97379076 0.7711486
vt 0.99454236 0.79892933
vt 0.9486873 0.7711924
vt 0.8379623 0.71619487
vt 0.8794416 0.7436968
vt 0.97379076 0.79892933
vt 0.99454236 0.8274474
vt 0.92355955 0.7712361
vt 0.8794546 0.7713131
vt 0.9486841 0.79892933
vt 0.9235222 0.79892933
vt 0.97379076 0.8274474
vt 0.99454236 0.8559655
vt 0.9487043 0.8274474
vt 0.8794676 0.79892933
vt 0.97379076 0.8559655
vt 0.99454236 0.8801347
vt 0.9235687 0.8274474
vt 0.87955505 0.8274474
vt 0.94872445 0.8559655
vt 0.97379076 0.8801347
vt 0.99454236 0.9043039
vt 0.92361534 0.8559655
vt 0.948755 0.8801347
vt 0.8796425 0.8559655
vt 0.8378548 0.8274474
vt 0.92368186 0.8801347
vt 0.8797673 0.8801347
vt 0.8381609 0.8801347
vt 0.83834094 0.9043039
vt 0.87989205 0.9043039
vt 0.9237484 0.9043039
vt 0.79234225 0.9247035
vt 0.83914816 0.9248732
vt 0.88041145 0.9248732
vt 0.94878566 0.9043039
vt 0.8804178 0.9509182
vt 0.9239639 0.9248732
vt 0.8808155 0.9762778
vt 0.88096046 0.99660724
vt 0.92396724 0.9509182
vt 0.92424047 0.9762778
vt 0.9250544 0.99660945
vt 0.9458986 0.9966157
vt 0.9488242 0.9248732
vt 0.9490156 0.9762778
vt 0.9667428 0.99662197
vt 0.9488195 0.9509182
vt 0.97379076 0.9762778
vt 0.9737173 0.9965917
vt 0.9736595 0.95091826
vt 0.99454236 0.9511069
vt 0.99454236 0.9250058
vt 0.97365963 0.9248732
vt 0.97379076 0.9043039
vt 0.003166914 0.97627795
vt 0.0033127612 0.9965521
vt 0.010232081 0.99660534
vt 0.027957337 0.97627795
vt 0.031080913 0.9966049
vt 0.003166914 0.9512875
vt 0.05274776 0.97627795
vt 0.051929746 0.99660444
vt 0.096199565 0.9762779
vt 0.09605102 0.9966031
vt 0.13736744 0.9762779
vt 0.13653384 0.9966014
vt 0.18451956 0.9762318
vt 0.1836087 0.99659985
vt 0.22651719 0.9965943
vt 0.22373325 0.9762778
vt 0.22929828 0.9966218
vt 0.1851244 0.9512013
vt 0.13788967 0.9512875
vt 0.0965616 0.9512875
vt 0.052940704 0.9512875
vt 0.028053809 0.9512875
vt 0.028153604 0.9252424
vt 0.003166914 0.9252424
vt 0.003166914 0.9043039
vt 0.053140294 0.9252424
vt 0.09693611 0.9252424
vt 0.13842988 0.9252424
vt 0.18588589 0.9251792
vt 0.028207455 0.9043039
vt 0.003166914 0.8801347
vt 0.053247996 0.9043039
vt 0.097138196 0.9043039
vt 0.1387214 0.9043039
vt 0.21834546 0.9512875
vt 0.18634902 0.9042285
vt 0.22732967 0.9762778
vt 0.21384263 0.9252424
vt 0.22485161 0.9512874
vt 0.22894329 0.9762778
vt 0.23075026 0.9762778
vt 0.23070645 0.9966243
vt 0.230802 0.9512874
vt 0.22791839 0.9512874
vt 0.23084635 0.9252424
vt 0.22307813 0.9252424
vt 0.2115326 0.9043039
vt 0.2223661 0.9043039
vt 0.2308948 0.9043039
vt 0.18660769 0.8800695
vt 0.221917 0.8801347
vt 0.23077431 0.8801347
vt 0.21017683 0.8801347
vt 0.22146791 0.8559655
vt 0.23065382 0.8559655
vt 0.20882106 0.8559655
vt 0.2209883 0.8274474
vt 0.23040056 0.8274474
vt 0.13890578 0.8801347
vt 0.18686636 0.8559104
vt 0.2079705 0.8274474
vt 0.2205087 0.79892933
vt 0.2301473 0.79892933
vt 0.13909015 0.8559655
vt 0.18703827 0.82736516
vt 0.09726601 0.8801347
vt 0.20711994 0.79892933
vt 0.22033489 0.771306
vt 0.23005292 0.7711486
vt 0.097393826 0.8559655
vt 0.053316113 0.8801347
vt 0.1872102 0.79881984
vt 0.2068273 0.77150285
vt 0.22016107 0.7436826
vt 0.22995855 0.7433679
vt 0.05338423 0.8559655
vt 0.028241513 0.8801347
vt 0.028273914 0.8559655
vt 0.003166914 0.8559655
vt 0.003166914 0.8274474
vt 0.20653465 0.7440764
vt 0.21998683 0.71599364
vt 0.22986418 0.71558714
vt 0.20624042 0.7165016
vt 0.2198126 0.68830466
vt 0.2297698 0.6878064
vt 0.20594618 0.68892676
vt 0.219637 0.6603994
vt 0.22967541 0.6600257
vt 0.20564413 0.66061884
vt 0.21946143 0.6324941
vt 0.22958104 0.63224494
vt 0.20534207 0.6323109
vt 0.21928585 0.6045888
vt 0.22948667 0.60446423
vt 0.22939229 0.5766835
vt 0.20504528 0.6044972
vt 0.18740627 0.68880916
vt 0.1874567 0.6605185
vt 0.18750712 0.6322279
vt 0.18735713 0.71638227
vt 0.18755667 0.60443366
vt 0.1389645 0.6885608
vt 0.13876858 0.63226855
vt 0.18730798 0.74395543
vt 0.1872591 0.77138764
vt 0.13915688 0.74384105
vt 0.1393486 0.79892933
vt 0.13886654 0.6604147
vt 0.13906069 0.71620095
vt 0.13925274 0.7713852
vt 0.13921937 0.8274474
vt 0.097483404 0.8274474
vt 0.09757298 0.79892933
vt 0.097585596 0.7713131
vt 0.09759821 0.7436968
vt 0.09761085 0.71601254
vt 0.05343197 0.8274474
vt 0.05347971 0.79892933
vt 0.028295875 0.8274474
vt 0.02831778 0.79892933
vt 0.003166914 0.79892933
vt 0.003166914 0.7711486
vt 0.053451825 0.7712361
vt 0.05342394 0.7435429
vt 0.028319376 0.7711924
vt 0.028320959 0.7434555
vt 0.003166914 0.7433679
vt 0.003166914 0.71558714
vt 0.05339602 0.71581334
vt 0.028322555 0.71570045
vt 0.0533681 0.68808377
vt 0.028324185 0.6879454
vt 0.003166914 0.6878064
vt 0.003166914 0.6600257
vt 0.0976235 0.68832827
vt 0.053339995 0.6601726
vt 0.0976363 0.66030204
vt 0.028325802 0.6600994
vt 0.0976491 0.6322758
vt 0.05331189 0.63226134
vt 0.028327458 0.63225317
vt 0.003166914 0.63224494
vt 0.003166914 0.60446423
vt 0.05328391 0.6044724
vt 0.09766179 0.6044797
vt 0.028329058 0.60446835
vt 0.028330684 0.5766835
vt 0.003166914 0.5766835
vt 0.0031669214 0.5438895
vt 0.05325593 0.5766835
vt 0.13867183 0.604466
vt 0.13857508 0.5766635
vt 0.0976745 0.5766835
vt 0.18760622 0.5766394
vt 0.20474851 0.5766835
vt 0.21911025 0.5766835
vt 0.204907 0.5448609
vt 0.21910547 0.5443219
vt 0.2293451 0.5438895
vt 0.18719557 0.5447762
vt 0.13819847 0.5445389
vt 0.097562954 0.54434323
vt 0.21910068 0.51196027
vt 0.2292979 0.5110956
vt 0.20506549 0.5130383
vt 0.18678492 0.512913
vt 0.13782187 0.51241434
vt 0.21909577 0.47872502
vt 0.22925071 0.47830158
vt 0.20523366 0.47927296
vt 0.18635 0.47916597
vt 0.21909085 0.44548976
vt 0.22920352 0.44550762
vt 0.20540184 0.44550762
vt 0.21908604 0.4129423
vt 0.22915633 0.41271365
vt 0.097451404 0.51200294
vt 0.18591508 0.44541895
vt 0.2055625 0.41324896
vt 0.21908122 0.38039485
vt 0.22910914 0.37991965
vt 0.18549904 0.41313696
vt 0.13703704 0.445468
vt 0.13742945 0.47894117
vt 0.20572317 0.38099033
vt 0.21907634 0.3473633
vt 0.22906195 0.34712568
vt 0.097336724 0.4787553
vt 0.185083 0.380855
vt 0.20588917 0.34766102
vt 0.21907145 0.3143317
vt 0.22901475 0.3143317
vt 0.18465364 0.34754014
vt 0.13627672 0.3806117
vt 0.20605516 0.3143317
vt 0.21900055 0.2779346
vt 0.22892003 0.27746415
vt 0.1842243 0.31422526
vt 0.20640865 0.2785189
vt 0.21892966 0.24153748
vt 0.2288253 0.24059662
vt 0.13665688 0.41303986
vt 0.20676212 0.24270606
vt 0.21885693 0.20419951
vt 0.22873057 0.20372908
vt 0.20713642 0.2047838
vt 0.21878421 0.16686153
vt 0.22863585 0.16686153
vt 0.20751071 0.16686153
vt 0.21914086 0.13039377
vt 0.22864595 0.13040984
vt 0.20884779 0.13039905
vt 0.21949749 0.093926
vt 0.22865605 0.093958125
vt 0.21018486 0.09393656
vt 0.2199933 0.073914945
vt 0.22859997 0.073914945
vt 0.21124339 0.073914945
vt 0.22103286 0.058719844
vt 0.22867697 0.058719844
vt 0.21243167 0.058719873
vt 0.22284675 0.04218182
vt 0.22867101 0.04218182
vt 0.21537077 0.04218185
vt 0.2266103 0.020974696
vt 0.22859436 0.020974696
vt 0.22710282 0.0044600666
vt 0.2238819 0.020974696
vt 0.22401965 0.0044600666
vt 0.22095639 0.020974696
vt 0.20302421 0.0044600666
vt 0.18216546 0.0422771
vt 0.18210976 0.021099666
vt 0.18202876 0.0044600666
vt 0.1586023 0.0044600666
vt 0.13465208 0.021031521
vt 0.13517585 0.0044600666
vt 0.11509657 0.0044600666
vt 0.18219568 0.05880652
vt 0.13389719 0.04222429
vt 0.095078394 0.020974696
vt 0.09501728 0.0044600666
vt 0.07359924 0.0044600666
vt 0.13345782 0.058758017
vt 0.18225798 0.07398304
vt 0.09509064 0.042181835
vt 0.052049574 0.020974696
vt 0.05218121 0.0044600666
vt 0.13330483 0.07394478
vt 0.1824801 0.09399327
vt 0.095110774 0.058719855
vt 0.051804494 0.042181827
vt 0.027608244 0.020974696
vt 0.027674062 0.0044600666
vt 0.13341714 0.093973964
vt 0.18270743 0.13047382
vt 0.027611773 0.042181823
vt 0.003166914 0.020974696
vt 0.003166914 0.0044600666
vt 0.003166914 0.04218182
vt 0.003166914 0.058719844
vt 0.027617455 0.058719847
vt 0.003166914 0.073914945
vt 0.051650934 0.05871985
vt 0.027627185 0.073914945
vt 0.0032089662 0.09396716
vt 0.051575772 0.073914945
vt 0.027733129 0.093964994
vt 0.00318794 0.13041435
vt 0.09514545 0.073914945
vt 0.051699165 0.09396288
vt 0.095424056 0.09395901
vt 0.027740175 0.13041326
vt 0.13356903 0.13043803
vt 0.027747218 0.16686153
vt 0.003166914 0.16686153
vt 0.003166929 0.20372908
vt 0.09550056 0.13041027
vt 0.051736817 0.1304122
vt 0.13372092 0.16690208
vt 0.051774465 0.16686153
vt 0.027829435 0.20385739
vt 0.027911576 0.24085316
vt 0.0031669438 0.24059662
vt 0.0031669587 0.27746415
vt 0.18293475 0.16695438
vt 0.18326584 0.20476684
vt 0.095577054 0.16686153
vt 0.051957298 0.20398295
vt 0.13417402 0.20445544
vt 0.09587908 0.20421109
vt 0.18359694 0.24257931
vt 0.13462712 0.24200878
vt 0.18391061 0.27840227
vt 0.09618111 0.24156064
vt 0.05214013 0.24110436
vt 0.13549916 0.31428456
vt 0.13506314 0.27814668
vt 0.13588795 0.3474481
vt 0.09647535 0.27794617
vt 0.096769586 0.3143317
vt 0.027992524 0.27759236
vt 0.09688356 0.34737366
vt 0.05232046 0.27771804
vt 0.0280734 0.3143317
vt 0.0031669736 0.3143317
vt 0.0031669661 0.34712568
vt 0.05250079 0.3143317
vt 0.09699753 0.38041562
vt 0.02810582 0.34719175
vt 0.052595563 0.3472566
vt 0.028138228 0.38005167
vt 0.0031669587 0.37991965
vt 0.0031669512 0.41271365
vt 0.09710979 0.4129616
vt 0.05269033 0.3801815
vt 0.028170297 0.41277963
vt 0.097222045 0.44550762
vt 0.052784346 0.41284454
vt 0.02820236 0.44550765
vt 0.0031669438 0.44550762
vt 0.0031669363 0.47830158
vt 0.05287836 0.44550762
vt 0.028234702 0.47842246
vt 0.052973446 0.47854173
vt 0.028267037 0.51133716
vt 0.003166929 0.5110956
vt 0.05306853 0.5115758
vt 0.028298914 0.5440102
vt 0.053162232 0.54412967
vt 0.22995609 0.0044600666
vt 0.22710282 0.0044600666
vt 0.22859436 0.020974696
vt 0.23057991 0.020974696
vt 0.22867101 0.04218182
vt 0.2333116 0.020974696
vt 0.23303396 0.0044600666
vt 0.23450291 0.04218182
vt 0.22867697 0.058719844
vt 0.23635364 0.058719844
vt 0.22859997 0.073914945
vt 0.24200207 0.04218182
vt 0.23624349 0.020974696
vt 0.23719126 0.073914945
vt 0.22865605 0.093958125
vt 0.24258777 0.02098342
vt 0.25426835 0.0044600666
vt 0.24508965 0.058719844
vt 0.2524916 0.042205967
vt 0.27549234 0.021028668
vt 0.27550274 0.0044600666
vt 0.29750317 0.0044600666
vt 0.27554023 0.04225902
vt 0.31949067 0.021001682
vt 0.31950358 0.0044600666
vt 0.34150398 0.0044600666
vt 0.25764143 0.058752533
vt 0.27560526 0.058799315
vt 0.36348903 0.020974696
vt 0.3635044 0.0044600666
vt 0.39473313 0.0044600666
vt 0.363534 0.04218182
vt 0.39474186 0.020974696
vt 0.42596182 0.0044600666
vt 0.4259947 0.020974696
vt 0.4571905 0.0044600666
vt 0.42611077 0.04218182
vt 0.36357272 0.058719844
vt 0.2757029 0.074009135
vt 0.4572089 0.020974696
vt 0.48842826 0.04218182
vt 0.4884231 0.020974696
vt 0.48841923 0.0044600666
vt 0.51964474 0.0044600666
vt 0.5196342 0.020974696
vt 0.5508702 0.0044600666
vt 0.42619395 0.058719844
vt 0.55084527 0.020974696
vt 0.5820956 0.0044600666
vt 0.55073994 0.04218182
vt 0.5820949 0.020974696
vt 0.6133211 0.0044600666
vt 0.61334455 0.020974696
vt 0.63531923 0.0044600666
vt 0.61331093 0.04218182
vt 0.6573409 0.020996887
vt 0.6573174 0.0044600666
vt 0.67931557 0.0044600666
vt 0.5506655 0.058719844
vt 0.7013372 0.021019079
vt 0.7013137 0.0044600666
vt 0.7225404 0.0044600666
vt 0.7012942 0.04222529
vt 0.73422885 0.02098187
vt 0.74376714 0.0044600666
vt 0.48843238 0.058719844
vt 0.61328137 0.058719844
vt 0.7405707 0.020974696
vt 0.72433484 0.042195417
vt 0.7434978 0.020974696
vt 0.746843 0.0044600666
vt 0.7012479 0.05879891
vt 0.7348207 0.04218182
vt 0.7191999 0.058752365
vt 0.42624334 0.073914945
vt 0.4884363 0.073914945
vt 0.48844483 0.09396515
vt 0.55062425 0.073914945
vt 0.6132288 0.073914945
vt 0.70115364 0.07402192
vt 0.55065644 0.093980186
vt 0.61323893 0.09399531
vt 0.36363375 0.073914945
vt 0.3636359 0.09399531
vt 0.42622584 0.093980186
vt 0.5508713 0.16686153
vt 0.71604645 0.07396737
vt 0.7010119 0.09401429
vt 0.7038208 0.16690123
vt 0.61328137 0.16686153
vt 0.70279384 0.24057421
vt 0.73174334 0.058719844
vt 0.71209896 0.0939835
vt 0.6135855 0.24059662
vt 0.7303586 0.073914945
vt 0.48846123 0.16686153
vt 0.55103344 0.24059662
vt 0.4260485 0.16686153
vt 0.48848137 0.24059662
vt 0.55119556 0.3143317
vt 0.36363575 0.16686153
vt 0.27307305 0.16690199
vt 0.27417904 0.24056664
vt 0.42592877 0.24059662
vt 0.61388963 0.3143317
vt 0.61392486 0.44550762
vt 0.2759686 0.094001256
vt 0.2608028 0.07396111
vt 0.2648318 0.09397564
vt 0.24648362 0.073914945
vt 0.2377833 0.09392969
vt 0.23813447 0.13039562
vt 0.22864595 0.13040984
vt 0.22863585 0.16686153
vt 0.24785879 0.09393659
vt 0.24960652 0.13036814
vt 0.25135425 0.16679968
vt 0.23848563 0.16686153
vt 0.25219184 0.20366615
vt 0.2386038 0.2037105
vt 0.22873057 0.20372908
vt 0.2530294 0.24053264
vt 0.23872197 0.24055946
vt 0.2288253 0.24059662
vt 0.253867 0.27739912
vt 0.23884025 0.27744558
vt 0.22892003 0.27746415
vt 0.23895854 0.3143317
vt 0.22901475 0.3143317
vt 0.2547046 0.3142656
vt 0.23904818 0.34714228
vt 0.22906195 0.34712568
vt 0.275285 0.31423128
vt 0.36311668 0.3143317
vt 0.2553011 0.34678438
vt 0.23913783 0.37995285
vt 0.22910914 0.37991965
vt 0.27554 0.37983772
vt 0.25589758 0.37930316
vt 0.23922747 0.41276342
vt 0.22915633 0.41271365
vt 0.2565065 0.41249987
vt 0.23931712 0.445574
vt 0.22920352 0.44550762
vt 0.25711542 0.4456966
vt 0.27579498 0.44544417
vt 0.23940659 0.47831702
vt 0.22925071 0.47830158
vt 0.25771642 0.47846127
vt 0.3631366 0.44550762
vt 0.23949605 0.51106006
vt 0.2292979 0.5110956
vt 0.2583174 0.51122594
vt 0.27604997 0.5110506
vt 0.2395857 0.54387176
vt 0.2293451 0.5438895
vt 0.2589184 0.5439906
vt 0.23967534 0.5766835
vt 0.22939229 0.5766835
vt 0.22948667 0.60446423
vt 0.25951943 0.57675534
vt 0.27630493 0.57665706
vt 0.3631565 0.5766835
vt 0.25908154 0.60413456
vt 0.23968868 0.6043202
vt 0.27643585 0.6322172
vt 0.23970202 0.63195693
vt 0.22958104 0.63224494
vt 0.25864366 0.63151383
vt 0.23971556 0.66001546
vt 0.22967541 0.6600257
vt 0.25818712 0.6600608
vt 0.2397291 0.688074
vt 0.2297698 0.6878064
vt 0.25773054 0.6886078
vt 0.27656677 0.6877774
vt 0.23974243 0.715674
vt 0.22986418 0.71558714
vt 0.25729394 0.71590734
vt 0.2766977 0.7433375
vt 0.36321682 0.6878064
vt 0.23975576 0.743274
vt 0.22995855 0.7433679
vt 0.25685734 0.74320686
vt 0.23976919 0.77110165
vt 0.23005292 0.7711486
vt 0.25641102 0.7711119
vt 0.23978263 0.79892933
vt 0.2301473 0.79892933
vt 0.25596473 0.79901695
vt 0.23981017 0.8274474
vt 0.23040056 0.8274474
vt 0.27682862 0.7988977
vt 0.2545883 0.8274912
vt 0.27565315 0.855917
vt 0.2398377 0.8559655
vt 0.23065382 0.8559655
vt 0.32204372 0.79892933
vt 0.36327717 0.79892933
vt 0.25321186 0.8559655
vt 0.23963237 0.8801347
vt 0.23077431 0.8801347
vt 0.2308948 0.9043039
vt 0.25174707 0.8801347
vt 0.23942703 0.9043039
vt 0.23084635 0.9252424
vt 0.32213297 0.8559655
vt 0.2502823 0.9043039
vt 0.23862362 0.9252424
vt 0.26412252 0.9042648
vt 0.27272576 0.9042478
vt 0.24788624 0.9252424
vt 0.23368686 0.9512874
vt 0.230802 0.9512874
vt 0.23675501 0.9512874
vt 0.23255742 0.9762778
vt 0.23075026 0.9762778
vt 0.25881028 0.92519146
vt 0.24326795 0.9512875
vt 0.23211461 0.9966268
vt 0.23070645 0.9966243
vt 0.23417187 0.9762778
vt 0.23777568 0.9762778
vt 0.2349302 0.99661195
vt 0.25063193 0.951242
vt 0.27015942 0.9251678
vt 0.24192473 0.9762771
vt 0.26065472 0.95124197
vt 0.2481483 0.9762761
vt 0.27673596 0.97627133
vt 0.27756116 0.9966126
vt 0.27621186 0.951226
vt 0.3223505 0.9043039
vt 0.32351536 0.9762778
vt 0.324315 0.99660856
vt 0.32305598 0.9512875
vt 0.32258534 0.9252424
vt 0.3633451 0.8559655
vt 0.3643872 0.9762778
vt 0.36452666 0.9966073
vt 0.36350942 0.9043039
vt 0.36404106 0.9512875
vt 0.36368644 0.9252424
vt 0.40752655 0.9762778
vt 0.40834913 0.99660736
vt 0.40729994 0.9512875
vt 0.40706778 0.9252424
vt 0.40695176 0.9043039
vt 0.4068436 0.85596555
vt 0.4490071 0.9762778
vt 0.44977462 0.9966066
vt 0.4488954 0.9512875
vt 0.4885846 0.9512875
vt 0.4885867 0.9762778
vt 0.48858654 0.9966028
vt 0.52739626 0.9965979
vt 0.44878098 0.9252424
vt 0.4487236 0.9043039
vt 0.5281615 0.9762778
vt 0.44866943 0.8559655
vt 0.48858124 0.9043039
vt 0.5696371 0.9762778
vt 0.56881654 0.99659485
vt 0.48858258 0.9252424
vt 0.61277133 0.9762778
vt 0.6126329 0.9965941
vt 0.65363824 0.9762778
vt 0.6528389 0.9965957
vt 0.699586 0.9966036
vt 0.7003993 0.9762715
vt 0.7421991 0.9966107
vt 0.65409476 0.9512875
vt 0.61311424 0.9512875
vt 0.5698602 0.9512875
vt 0.5282694 0.9512875
vt 0.52838063 0.9252425
vt 0.57009006 0.92524254
vt 0.6134675 0.92524254
vt 0.6545649 0.92524254
vt 0.7009463 0.9512448
vt 0.52843595 0.9043039
vt 0.57020485 0.9043039
vt 0.61364406 0.9043039
vt 0.65480006 0.90430397
vt 0.72898495 0.97627616
vt 0.7070141 0.9251822
vt 0.7164963 0.9512498
vt 0.73520815 0.97627723
vt 0.7393569 0.9762778
vt 0.7450062 0.99662673
vt 0.7265112 0.95124465
vt 0.61380816 0.8559655
vt 0.655019 0.8559655
vt 0.70445555 0.9042367
vt 0.7015123 0.85591704
vt 0.7183437 0.92520016
vt 0.733863 0.9512875
vt 0.7130407 0.9042559
vt 0.7429443 0.9762778
vt 0.7292464 0.92524254
vt 0.7403718 0.9512875
vt 0.74456006 0.9762778
vt 0.7463688 0.9762778
vt 0.7463853 0.99662673
vt 0.7463213 0.9512875
vt 0.74343824 0.9512875
vt 0.74628186 0.9252424
vt 0.73850644 0.9252424
vt 0.7268521 0.9043039
vt 0.737706 0.9043039
vt 0.7462371 0.9043039
vt 0.7253896 0.8801347
vt 0.73750377 0.8801347
vt 0.7463615 0.8801347
vt 0.7239271 0.8559655
vt 0.7373015 0.8559655
vt 0.7464859 0.8559655
vt 0.7225507 0.8274911
vt 0.7373315 0.8274474
vt 0.74674183 0.8274474
vt 0.7373615 0.79892933
vt 0.7469978 0.79892933
vt 0.7211743 0.7990167
vt 0.7003284 0.79889166
vt 0.7373737 0.77110165
vt 0.74709094 0.7711486
vt 0.7207209 0.77111167
vt 0.70045185 0.74333227
vt 0.65510887 0.79892933
vt 0.7373859 0.743274
vt 0.74718404 0.7433679
vt 0.7202674 0.7432066
vt 0.61387503 0.79892933
vt 0.6139176 0.6878064
vt 0.737398 0.715674
vt 0.74727714 0.71558714
vt 0.71982384 0.71590704
vt 0.570311 0.8559655
vt 0.7374102 0.688074
vt 0.74737024 0.6878064
vt 0.70057535 0.68777287
vt 0.7193802 0.68860745
vt 0.57035357 0.79892933
vt 0.52848643 0.8559655
vt 0.7374225 0.66001546
vt 0.74746335 0.6600257
vt 0.7189163 0.6600604
vt 0.48857856 0.8559655
vt 0.5285056 0.79892933
vt 0.73743486 0.63195693
vt 0.74755645 0.63224494
vt 0.70069885 0.6322135
vt 0.71845245 0.6315134
vt 0.4486457 0.79892933
vt 0.737447 0.6043202
vt 0.74764955 0.60446423
vt 0.71800756 0.60413414
vt 0.7374592 0.5766835
vt 0.7477427 0.5766835
vt 0.7175626 0.57675487
vt 0.737532 0.54387176
vt 0.7477733 0.5438895
vt 0.70082235 0.5766541
vt 0.40679818 0.79892933
vt 0.42589068 0.6878064
vt 0.48856455 0.6878064
vt 0.4258551 0.5766835
vt 0.6139601 0.5766835
vt 0.5512569 0.5766835
vt 0.7182101 0.5439985
vt 0.7010585 0.51105237
vt 0.7188576 0.5112421
vt 0.7376048 0.51106006
vt 0.7478038 0.5110956
vt 0.7195051 0.4784857
vt 0.73767745 0.47831702
vt 0.7478344 0.47830158
vt 0.70129466 0.44545063
vt 0.72015256 0.44572935
vt 0.73775005 0.445574
vt 0.74786496 0.44550762
vt 0.72080857 0.41254106
vt 0.73782283 0.41276342
vt 0.74789554 0.41271365
vt 0.7015308 0.3798489
vt 0.7214646 0.37935278
vt 0.7378956 0.37995285
vt 0.7479261 0.37991965
vt 0.7221072 0.34684223
vt 0.7379684 0.34714228
vt 0.74795663 0.34712568
vt 0.73804116 0.3143317
vt 0.7479872 0.3143317
vt 0.7227498 0.3143317
vt 0.7017669 0.3142472
vt 0.7234891 0.27746415
vt 0.7381346 0.27744558
vt 0.74805635 0.27746415
vt 0.7242284 0.24059662
vt 0.73822814 0.24055946
vt 0.7481255 0.24059662
vt 0.7249677 0.20372908
vt 0.73832154 0.2037105
vt 0.74819463 0.20372908
vt 0.725707 0.16686153
vt 0.73841494 0.16686153
vt 0.7482638 0.16686153
vt 0.7273516 0.13039906
vt 0.7387426 0.13039562
vt 0.74823 0.13040984
vt 0.7289962 0.09393659
vt 0.7390702 0.09392969
vt 0.7481962 0.093958125
vt 0.73964936 0.073914945
vt 0.7482393 0.073914945
vt 0.74047756 0.058719844
vt 0.7481527 0.058719873
vt 0.74231994 0.04218182
vt 0.7481487 0.04218182
vt 0.74622816 0.020974696
vt 0.7482125 0.020974696
vt 0.74969447 0.0044600666
vt 0.9737173 0.9965917
vt 0.99454236 0.9965917
vt 0.99454236 0.9762777
vt 0.97379076 0.9762778
vt 0.97379076 0.020974696
vt 0.99454236 0.0209747
vt 0.99454236 0.0044600703
vt 0.97379065 0.0044600675
vt 0.55122626 0.44550762
vt 0.48850152 0.3143317
vt 0.4885276 0.44550762
vt 0.4258091 0.3143317
vt 0.4258321 0.44550762
vt 0.3633762 0.24059662
vt 0.48855367 0.5766835
vt 0.55124104 0.6878064
vt 0.48857546 0.79892933
vt 0.47360948 1.987522
vt 0.42147827 1.9677927
vt 0.42101115 1.9877361
vt 0.47360948 1.9676211
vt 0.47360948 1.943169
vt 0.42208382 1.943169
vt 0.47360948 1.9177427
vt 0.42208382 1.9177427
vt 0.47360948 1.8974748
vt 0.42208382 1.8972887
vt 0.42208382 1.8737607
vt 0.47360948 1.8738799
vt 0.47360948 1.850285
vt 0.42208382 1.8502328
vt 0.42208382 1.8224417
vt 0.4736098 1.8224461
vt 0.47361013 1.794607
vt 0.42208382 1.7946506
vt 0.4220069 1.7673428
vt 0.47361022 1.7673328
vt 0.42193002 1.740035
vt 0.4736103 1.7400584
vt 0.4218531 1.7127273
vt 0.4736104 1.712784
vt 0.42177618 1.6854196
vt 0.4736105 1.6855097
vt 0.42169926 1.6581118
vt 0.47361058 1.6582353
vt 0.42162234 1.6308041
vt 0.47361067 1.6309611
vt 0.42154542 1.6034963
vt 0.47361076 1.6036868
vt 0.47361085 1.5764124
vt 0.4214685 1.5761887
vt 0.42154542 1.5440106
vt 0.47361085 1.5441856
vt 0.42162234 1.5118325
vt 0.47361085 1.5119587
vt 0.42169926 1.4796543
vt 0.47361085 1.4797318
vt 0.42177618 1.4474761
vt 0.47361085 1.447505
vt 0.4218531 1.415298
vt 0.47361085 1.4152782
vt 0.42193002 1.3831198
vt 0.47361085 1.3830514
vt 0.4220069 1.3509417
vt 0.47361085 1.3508246
vt 0.47361085 1.3185977
vt 0.42208382 1.3187636
vt 0.42208382 1.282558
vt 0.47361085 1.2823975
vt 0.42208382 1.2463522
vt 0.47361085 1.2461975
vt 0.42208382 1.2101464
vt 0.47361085 1.2099973
vt 0.47361085 1.1737971
vt 0.42208382 1.1739407
vt 0.4218547 1.1381706
vt 0.4737026 1.1380689
vt 0.42162558 1.1024005
vt 0.4737944 1.1023407
vt 0.47361222 1.0827447
vt 0.42208382 1.0827904
vt 0.47361085 1.0680132
vt 0.42208382 1.0681357
vt 0.47361085 1.0519
vt 0.42208382 1.0519
vt 0.47361085 1.0311089
vt 0.42208382 1.0311089
vt 0.47361085 1.0147762
vt 0.42208382 1.0147762
vt 0.9623848 1.0089934
vt 0.8496679 1.0068133
vt 0.84972423 1.0089934
vt 0.73706365 1.0089934
vt 0.73695093 1.0046333
vt 0.6234937 1.0089934
vt 0.62347126 1.0046332
vt 0.5099237 1.0089934
vt 0.50999165 1.0046332
vt 0.9596164 1.0301509
vt 0.9596164 1.0139654
vt 0.8469603 1.0140066
vt 0.8469603 1.0301509
vt 0.9596164 1.0504892
vt 0.73430425 1.0301509
vt 0.73430425 1.0140479
vt 0.6216482 1.0139697
vt 0.8469603 1.0504892
vt 0.9596164 1.0663234
vt 0.73430425 1.0504892
vt 0.6216482 1.0301509
vt 0.5089922 1.0301509
vt 0.5089922 1.0138913
vt 0.5089922 1.0504892
vt 0.6216482 1.0504892
vt 0.5089922 1.0663234
vt 0.6216482 1.0663234
vt 0.5089922 1.0809464
vt 0.73430425 1.0663234
vt 0.6216482 1.0809464
vt 0.5089684 1.1006364
vt 0.8469603 1.0663234
vt 0.73430425 1.0809464
vt 0.8469603 1.0809464
vt 0.9596164 1.0809464
vt 0.9594127 1.1006485
vt 0.62162346 1.1006339
vt 0.5089803 1.1364572
vt 0.7342785 1.1006315
vt 0.8468456 1.10064
vt 0.95951456 1.1364633
vt 0.6216358 1.136456
vt 0.5089922 1.172278
vt 0.7342914 1.1364548
vt 0.84690297 1.1364591
vt 0.9596164 1.172278
vt 0.6216482 1.172278
vt 0.5089922 1.2086089
vt 0.73430425 1.172278
vt 0.8469603 1.172278
vt 0.9596164 1.2086089
vt 0.6216482 1.2086089
vt 0.5089922 1.2449398
vt 0.73430425 1.2086089
vt 0.8469603 1.2086089
vt 0.9596164 1.2449398
vt 0.6216482 1.2449398
vt 0.5089922 1.2812706
vt 0.73430425 1.2449398
vt 0.8469603 1.2449398
vt 0.9596164 1.2812706
vt 0.6216482 1.2812706
vt 0.5089922 1.3176014
vt 0.73430425 1.2812706
vt 0.8469603 1.2812706
vt 0.9596164 1.3176014
vt 0.6216482 1.3176014
vt 0.5089922 1.3499722
vt 0.73430425 1.3176014
vt 0.8469603 1.3176014
vt 0.9596164 1.3499722
vt 0.6216482 1.3499722
vt 0.5089922 1.3823429
vt 0.73430425 1.3499722
vt 0.8469603 1.3499722
vt 0.9596164 1.3823429
vt 0.6216482 1.3823429
vt 0.5089922 1.4147136
vt 0.73430425 1.3823429
vt 0.8469603 1.3823429
vt 0.9596164 1.4147136
vt 0.6216482 1.4147136
vt 0.5089922 1.4470844
vt 0.73430425 1.4147136
vt 0.8469603 1.4147136
vt 0.9596164 1.4470844
vt 0.6216482 1.4470844
vt 0.5089922 1.4794551
vt 0.73430425 1.4470844
vt 0.8469603 1.4470844
vt 0.9596164 1.4794551
vt 0.6216482 1.4794551
vt 0.5089922 1.5118258
vt 0.73430425 1.4794551
vt 0.8469603 1.4794551
vt 0.9596164 1.5118258
vt 0.6216482 1.5118258
vt 0.5089922 1.5441966
vt 0.73430425 1.5118258
vt 0.8469603 1.5118258
vt 0.9596164 1.5441966
vt 0.6216482 1.5441966
vt 0.5089922 1.5765673
vt 0.73430425 1.5441966
vt 0.8469603 1.5441966
vt 0.9596164 1.5765673
vt 0.6216482 1.5765673
vt 0.5089922 1.603971
vt 0.73430425 1.5765673
vt 0.8469603 1.5765673
vt 0.8469603 1.603971
vt 0.9596164 1.603971
vt 0.6216482 1.603971
vt 0.73430425 1.603971
vt 0.8469603 1.6313748
vt 0.9596164 1.6313748
vt 0.6216482 1.6313748
vt 0.5089922 1.6313748
vt 0.73430425 1.6313748
vt 0.8469603 1.6587787
vt 0.9596164 1.6587787
vt 0.6216482 1.6587787
vt 0.5089922 1.6587787
vt 0.73430425 1.6587787
vt 0.8469603 1.6861825
vt 0.9596164 1.6861825
vt 0.6216482 1.6861825
vt 0.5089922 1.6861825
vt 0.73430425 1.6861825
vt 0.8469603 1.7135863
vt 0.9596164 1.7135863
vt 0.6216482 1.7135863
vt 0.5089922 1.7135863
vt 0.73430425 1.7135863
vt 0.8469603 1.74099
vt 0.9596164 1.74099
vt 0.6216482 1.74099
vt 0.5089922 1.74099
vt 0.73430425 1.74099
vt 0.8469603 1.7683938
vt 0.9596164 1.7683938
vt 0.6216482 1.7683938
vt 0.5089922 1.7683938
vt 0.73430425 1.7683938
vt 0.8469603 1.7957976
vt 0.9596164 1.7957976
vt 0.6216482 1.7957976
vt 0.5089922 1.7957976
vt 0.73430425 1.7957976
vt 0.8469603 1.8237791
vt 0.9596164 1.8237791
vt 0.6216482 1.8237791
vt 0.5089922 1.8237791
vt 0.73430425 1.8237791
vt 0.8469603 1.8517605
vt 0.9596164 1.8517605
vt 0.6216482 1.8517605
vt 0.5089922 1.8517605
vt 0.73430425 1.8517605
vt 0.8469603 1.8754795
vt 0.9596164 1.8754795
vt 0.6216482 1.8754795
vt 0.5089922 1.8754795
vt 0.73430425 1.8754795
vt 0.8469603 1.8991985
vt 0.9596164 1.8991985
vt 0.6216482 1.8991985
vt 0.5089922 1.8991985
vt 0.5089922 1.9195523
vt 0.73430425 1.8991985
vt 0.6216482 1.9195523
vt 0.5089922 1.9449692
vt 0.8469603 1.9195523
vt 0.9596164 1.9195523
vt 0.9596164 1.9449692
vt 0.73430425 1.9195523
vt 0.6216482 1.9449692
vt 0.5089922 1.9694027
vt 0.8469603 1.9449692
vt 0.9596164 1.9694027
vt 0.73430425 1.9449692
vt 0.6216482 1.9694027
vt 0.5089922 1.9891212
vt 0.6216482 1.989238
vt 0.73430425 1.9893547
vt 0.73430425 1.9694027
vt 0.8469603 1.9694027
vt 0.95959014 1.9894043
vt 0.8469472 1.9893795
vt 0.5089881 1.9927506
vt 0.50832486 1.9957981
vt 0.62189424 1.9953723
vt 0.62255883 1.9927506
vt 0.73612964 1.9927506
vt 0.73546356 1.9949464
vt 0.84867376 1.9927518
vt 0.84834075 1.9938498
vt 0.9612179 1.992753
vt 0.32077456 1.9710815
vt 0.25510743 1.9710809
vt 0.25510743 1.9897507
vt 0.32077456 1.9897515
vt 0.38644156 1.971082
vt 0.38644102 1.9897522
vt 0.32077456 1.9710815
vt 0.25510743 1.9538273
vt 0.25510743 1.9710809
vt 0.32077456 1.9539034
vt 0.38644168 1.9539795
vt 0.38644156 1.971082
vt 0.38644168 1.9342803
vt 0.32077456 1.9341316
vt 0.25510743 1.9339831
vt 0.38644168 1.9153419
vt 0.32077456 1.9151567
vt 0.25510743 1.9149716
vt 0.38644168 1.8906894
vt 0.32077456 1.8905283
vt 0.32077456 1.8658314
vt 0.25510743 1.8903673
vt 0.38644168 1.8660369
vt 0.25510743 1.8657656
vt 0.38644168 1.8369381
vt 0.25510743 1.8368025
vt 0.32077456 1.8368406
vt 0.38644168 1.8078393
vt 0.32077456 1.8078394
vt 0.25510743 1.8078393
vt 0.38644168 1.779465
vt 0.25510743 1.779465
vt 0.32077456 1.779465
vt 0.38644168 1.7510906
vt 0.25510743 1.7510906
vt 0.32077456 1.7510906
vt 0.38644168 1.7227163
vt 0.25510743 1.7227163
vt 0.32077456 1.7227163
vt 0.38644168 1.694342
vt 0.25510743 1.694342
vt 0.32077456 1.694342
vt 0.38644168 1.6659677
vt 0.25510743 1.6659677
vt 0.32077456 1.6659677
vt 0.38644168 1.6375934
vt 0.25510743 1.6375934
vt 0.32077456 1.6375934
vt 0.38644168 1.6092191
vt 0.25510743 1.6092191
vt 0.32077456 1.6092191
vt 0.38644168 1.5808448
vt 0.32077456 1.5808448
vt 0.25510743 1.5808448
vt 0.3864416 1.5480604
vt 0.25510743 1.5481093
vt 0.32077456 1.5480919
vt 0.3864415 1.5152762
vt 0.25510743 1.515374
vt 0.32077456 1.5153395
vt 0.3864414 1.4824919
vt 0.25510743 1.4826386
vt 0.32077456 1.4825873
vt 0.38644132 1.4497075
vt 0.25510743 1.4499032
vt 0.32077456 1.4498355
vt 0.38644123 1.4169232
vt 0.25510743 1.4171679
vt 0.32077456 1.4170842
vt 0.38644114 1.3841388
vt 0.25510743 1.3844324
vt 0.32077456 1.384333
vt 0.38644105 1.3513545
vt 0.25510743 1.351697
vt 0.32077456 1.3515823
vt 0.38644096 1.3185701
vt 0.32077456 1.318832
vt 0.25510743 1.3189616
vt 0.38644114 1.2794785
vt 0.25510743 1.2797709
vt 0.32077456 1.2796783
vt 0.38644132 1.240387
vt 0.25510743 1.2405801
vt 0.32077456 1.2405219
vt 0.3864415 1.2012954
vt 0.25510743 1.2013893
vt 0.32077456 1.2013626
vt 0.38644168 1.1622037
vt 0.32077456 1.1622
vt 0.25510743 1.1621987
vt 0.38638616 1.1250455
vt 0.25510743 1.1250913
vt 0.32077456 1.1250807
vt 0.38633066 1.0878874
vt 0.25510743 1.0879854
vt 0.32077456 1.0879364
vt 0.38644168 1.0724602
vt 0.32077456 1.0725276
vt 0.25510743 1.0725951
vt 0.38644168 1.0564358
vt 0.32077456 1.0564768
vt 0.25510743 1.0565178
vt 0.38644168 1.0427078
vt 0.32077456 1.042629
vt 0.25510743 1.0425503
vt 0.38644168 1.0302016
vt 0.32077456 1.0302016
vt 0.25510743 1.0302016
vt 0.25510743 1.0425503
vt 0.38644165 1.014012
vt 0.32077456 1.0302016
vt 0.38644168 1.0302016
vt 0.32077456 1.014012
vt 0.25510743 1.0302016
vt 0.25510743 1.014012
vn -0 0 1
vn -0 0 1
vn -0 0 1
vn -0 0 1
vn -0 0 1
vn -0 0 1
vn -0 0 1
vn -0 0 1
vn -0 0 1
vn -0 0 1
vn -0 0 1
vn -0 0 1
vn -0 0 1
vn -0 0 1
vn -0 0 1
vn -0 0 1
vn -0 0 1
vn -0 0 1
vn -5.541172E-05 -1.377703E-05 1
vn -0 0 1
vn -0 0 1
vn -0 0 1
vn -0.00013152434 -1.5348834E-05 1
vn -0.0006589648 -7.261316E-05 0.99999976
vn -0 0 1
vn -0 0 1
vn -0 0 1
vn -1.1581183E-05 1.5548772E-05 1
vn -5.7792764E-05 7.7389064E-05 1
vn -0 0 1
vn -0 0 1
vn -0 0 1
vn -0.0001308388 -1.5969483E-05 1
vn -0.0006579913 -8.0259495E-05 0.99999976
vn -0 0 1
vn -0 0 1
vn -0 0 1
vn -1.4166739E-05 1.8962935E-05 1
vn -0 8.9988076E-05 1
vn -0 0 1
vn -0 0 1
vn -0 0 1
vn -0 0 1
vn -0 0 1
vn -0 0 1
vn -0 0 1
vn -0 0 1
vn -0 0 1
vn -0 0 1
vn -0 0 1
vn -0 0 1
vn -0 0 1
vn -0 0 1
vn -0 0 1
vn -0 0 1
vn 0.00010299027 0 1
vn 1.7654473E-05 -1.3196116E-05 1
vn -8.1709826E-05 -0.00075665157 0.99999976
vn -0 0 1
vn -1.4408177E-05 -0.00012385583 1
vn -1.4246472E-05 -5.8553742E-05 1
vn -0 0 1
vn -0 0 1
vn -0 1.1817342E-06 1
vn -0 0 1
vn -0 0 1
vn -0 0 1
vn -0 0 1
vn -0 0 1
vn -0 0 1
vn -0 0 1
vn -0 0 1
vn -0 0 1
vn -0 0 1
vn -0 0 1
vn -0 0 1
vn -0 0 1
vn -0 0 1
vn -0 0 1
vn -0 0 1
vn -0 0 1
vn -0 0 1
vn -0 0 1
vn -0 0 1
vn -0 0 1
vn -0 0 1
vn -0 0 1
vn -0 0 1
vn -0 0 1
vn -0 0 1
vn -0 0 1
vn -0 0 1
vn -0 0 1
vn -0 0 1
vn -0 0 1
vn -0 0 1
vn -0 0 1
vn -0 0 1
vn -0 0 1
vn -0 0 1
vn -0 0 1
vn -0 0 1
vn -0 0 1
vn -0 0 1
vn -0 0 1
vn -0 0 1
vn -0 0 1
vn -0 0 1
vn -0 0 1
vn -0 0 1
vn -0 0 1
vn -0 0 1
vn -0 0 1
vn -0 0 1
vn -0 0 1
vn -0 0 1
vn -0 0 1
vn -0 0 1
vn -0 0 1
vn -0 0 1
vn -0 0 1
vn -0 0 1
vn -0 0 1
vn -0 0 1
vn -0 0 1
vn -0 0 1
vn -0 0 1
vn -0 0 1
vn -0 0 1
vn -0 0 1
vn -0 0 1
vn -0 0 1
vn -0 0 1
vn -0 0 1
vn -0 0 1
vn -0 0 1
vn -0 0 1
vn -0 0 1
vn -0 0 1
vn -0 0 1
vn -0 0 1
vn -0 0 1
vn -0 0 1
vn -0 0 1
vn -0 0 1
vn -0 0 1
vn -0 0 1
vn -0 0 1
vn -0 0 1
vn -0 0 1
vn -0 0 1
vn -0 0 1
vn -0 0 1
vn -0 0 1
vn -0 0 1
vn -0 0 1
vn -0 0 1
vn -0 0 1
vn -0 0 1
vn -0 0 1
vn -0 0 1
vn -0 0 1
vn -0 0 1
vn -0 0 1
vn -0 0 1
vn -0 0 1
vn -0 0 1
vn -0 0 1
vn -0 0 1
vn -0 0 1
vn -0 0 1
vn -0 0 1
vn -0 0 1
vn -0 0 1
vn -0 0 1
vn -0 0 1
vn -0 0 1
vn -0 0 1
vn -0 0 1
vn -0 0 1
vn -0 0 1
vn -0 0 1
vn -0 0 1
vn -0 0 1
vn -0 0 1
vn -0 0 1
vn -0 0 1
vn -0 0 1
vn -0 0 1
vn -0 0 1
vn -0 0 1
vn -0 0 1
vn -0 0 1
vn -0 0 1
vn -0 0 1
vn -0 0 1
vn -0 0 1
vn -0 0 1
vn -0 0 1
vn -0 0 1
vn -0 0 1
vn -0 0 1
vn -0 0 1
vn -0 0 1
vn -0 0 1
vn -0 0 1
vn -0 0 1
vn -0 0 1
vn -0 0 1
vn -0 0 1
vn -0 0 1
vn -0 0 1
vn -0 0 1
vn -0 0 1
vn -0 0 1
vn -0 0 1
vn -0 0 1
vn -0 0 1
vn -0 0 1
vn -0 0 1
vn -0 0 1
vn -0 0 1
vn -0 0 1
vn -0 0 1
vn -0 0 1
vn -0 0 1
vn -0 0 1
vn -0 0 1
vn -0 0 1
vn -0 0 1
vn -0 0 1
vn -0 0 1
vn -0 0 1
vn -0 0 1
vn -0 0 1
vn -0 0 1
vn -0 0 1
vn -0 0 1
vn -0 0 1
vn -0 0 1
vn -0 0 1
vn -0 0 1
vn -0 0 1
vn -0 0 1
vn -0 0 1
vn -0 0 1
vn -0 0 1
vn -0 0 1
vn -0 0 1
vn -0 0 1
vn -0 0 1
vn -0 0 1
vn -0 0 1
vn -0 0 1
vn -0 0 1
vn -0 0 1
vn -0 0 1
vn -0 0 1
vn -0 0 1
vn -0 0 1
vn -0 0 1
vn -0 0 1
vn -0 0 1
vn -0 0 1
vn -0 0 1
vn -0 0 1
vn -0 0 1
vn -0 0 1
vn -0 0 1
vn -0 0 1
vn -0 0 1
vn -0 0 1
vn -0 0 1
vn -0 0 1
vn -0 0 1
vn -0 0 1
vn -0 0 1
vn -0 0 1
vn -0 0 1
vn -0 0 1
vn -0 0 1
vn -0 0 1
vn -0 0 1
vn -0 0 1
vn -0 0 1
vn -0 0 1
vn -0 0 1
vn -0 0 1
vn -0 0 1
vn -0 0 1
vn -0 0 1
vn -0 0 1
vn -0 0 1
vn -0 0 1
vn -0 0 1
vn -0 0 1
vn -0 0 1
vn -0 0 1
vn -0 0 1
vn -0 0 1
vn -0 0 1
vn -0 0 1
vn -0 0 1
vn -0 0 1
vn -0 0 1
vn -0 0 1
vn -0 0 1
vn -0 0 1
vn -0 0 1
vn 1.4120557E-05 -5.858551E-05 1
vn 1.4422901E-05 -0.00012392164 1
vn 8.1758815E-05 -0.00075706694 0.99999976
vn -1.7658778E-05 -1.3196717E-05 1
vn -0.00010299813 0 1
vn -0 0 1
vn -0 0 1
vn -0 0 1
vn -0 0 1
vn -0 0 1
vn -0 0 1
vn -0 0 1
vn -0 0 1
vn -0 0 1
vn -0 0 1
vn -0 0 1
vn -0 0 1
vn -0 0 1
vn -0 0 1
vn -0 8.9967776E-05 1
vn 1.4132778E-05 1.8975177E-05 1
vn 0.00065795047 -8.021384E-05 0.99999976
vn -0 0 1
vn -0 0 1
vn -0 0 1
vn 0.00013076472 -1.5930978E-05 1
vn 5.7785393E-05 7.7388846E-05 1
vn -0 0 1
vn 1.1580109E-05 1.5542728E-05 1
vn 0.0006589218 -7.26136E-05 0.99999976
vn -0 0 1
vn -0 0 1
vn -0 0 1
vn -0 0 1
vn 0.00013146583 -1.5343106E-05 1
vn 5.5408087E-05 -1.37770285E-05 1
vn -0 0 1
vn -0 0 1
vn -0 0 1
vn -0 0 1
vn -0 0 1
vn -0 0 1
vn -0 0 1
vn -0 0 1
vn -0 0 1
vn -0 0 1
vn -0 0 1
vn -0 0 1
vn -0 0 1
vn -0 0 1
vn -0 0 1
vn -0 0 1
vn -0 0 1
vn -0 0 1
vn -0 0 1
vn -0 0 1
vn -0 0 1
vn -0 0 1
vn -0 0 1
vn -0 0 1
vn -0 0 1
vn -0 0 1
vn -0 0 1
vn -0 0 1
vn -0 0 1
vn -0 0 1
vn -0 0 1
vn -0 0 1
vn -0 0 1
vn -0 0 1
vn -0 0 1
vn -0 0 1
vn -0 0 1
vn -0 0 1
vn -0 0 1
vn -0 0 1
vn -0 0 1
vn -0 0 1
vn -0 0 1
vn -0 0 1
vn -0 0 1
vn -0 0 1
vn -0 0 1
vn -0 0 1
vn -0 0 1
vn -0 0 1
vn -0 0 1
vn -0 0 1
vn -0 0 1
vn -0 0 1
vn -0 0 1
vn -0 0 1
vn -0 0 1
vn -0 0 1
vn -0 0 1
vn -0 0 1
vn -0 0 1
vn -0 0 1
vn -0 0 1
vn -0 0 1
vn -0 0 1
vn -0 0 1
vn -0 0 1
vn -0 0 1
vn -0 0 1
vn -0 0 1
vn -0 0 1
vn -0 0 1
vn -0 0 1
vn -0 0 1
vn -0 0 1
vn -0 0 1
vn -0 0 1
vn -0 0 1
vn -0 0 1
vn -0 0 1
vn -0 0 1
vn -0 0 1
vn -0 0 1
vn -0 0 1
vn -0 0 1
vn -0 0 1
vn -0 0 1
vn -0 0 1
vn -0 0 1
vn -0 0 1
vn -0 0 1
vn -0 0 1
vn -0 0 1
vn -0 0 1
vn -0 0 1
vn -0 0 1
vn -0 0 1
vn -0 0 1
vn -0 0 1
vn -0 0 1
vn -0 0 1
vn -0 0 1
vn -0 0 1
vn -0 0 1
vn -0 0 1
vn -0 0 1
vn -0 0 1
vn -0 0 1
vn -0 0 1
vn -0 0 1
vn -0 0 1
vn -0 0 1
vn -0 0 1
vn -0 0 1
vn -0 0 1
vn -0 0 1
vn -0 0 1
vn -0 0 1
vn -0 0 1
vn -0 0 1
vn -0 0 1
vn -0 0 1
vn -0 0 1
vn -0 0 1
vn -0 0 1
vn -0 0 1
vn -0 0 1
vn -0 0 1
vn -0 0 1
vn -0 0 1
vn -0 0 1
vn -0 0 1
vn -0 0 1
vn -0 0 1
vn -0 0 1
vn -0 0 1
vn -0 0 1
vn -0 0 1
vn -0 0 1
vn -0 0 1
vn -0 0 1
vn -0 0 1
vn -0 0 1
vn -0 0 1
vn -0 0 1
vn -0 0 1
vn -0 0 1
vn -0 0 1
vn -0 0 1
vn -0 0 1
vn -0 0 1
vn -0 0 1
vn -0 0 1
vn -0 0 1
vn -0 0 1
vn -0 0 1
vn -0 0 1
vn -0 0 1
vn -0 0 1
vn -0 0 1
vn -0 0 1
vn -0 0 1
vn -0 0 1
vn -0 0 1
vn -0 0 1
vn -0 0 1
vn -0 0 1
vn -0 0 1
vn -0 0 1
vn -0 0 1
vn -0 0 1
vn -0 0 1
vn -0 0 1
vn -0 0 1
vn -0 0 1
vn -0 0 1
vn -0 0 1
vn -0 0 1
vn -0 0 1
vn -0 0 1
vn -0 0 1
vn -0 0 1
vn -0 0 1
vn -0 0 1
vn -0 0 1
vn -0 0 1
vn -0 0 1
vn -0 0 1
vn -0 0 1
vn -0 0 1
vn -0 0 1
vn -0 0 1
vn -0 0 1
vn -0 0 1
vn -0 0 1
vn -0 0 1
vn -0 0 1
vn -0 0 1
vn -0 0 1
vn -0 0 1
vn -0 0 1
vn -0 0 1
vn -0 0 1
vn -0 0 1
vn -0 0 1
vn -0 0 1
vn -0 0 1
vn -0 0 1
vn -0 0 1
vn -0 0 1
vn -0 0 1
vn -0 0 1
vn -0 0 1
vn -0 0 1
vn -0 0 1
vn -0 0 1
vn -0 0 1
vn -0 0 1
vn -0 0 1
vn -0 0 1
vn -0 0 1
vn -0 0 1
vn -0 0 1
vn -0 0 1
vn -0 0 1
vn -0 0 1
vn -0 0 1
vn -0 0 1
vn -0 0 1
vn -0 0 1
vn -0 0 1
vn -0 0 1
vn -0 0 1
vn -0 0 1
vn -0 0 1
vn 1 0 -3.5742935E-06
vn 1 0 -1.1914311E-06
vn 1 0 -1.1914312E-06
vn 1 0 -3.5742935E-06
vn 1 0 -5.6189488E-06
vn 1 0 -5.6189488E-06
vn 1 -1.9059413E-06 -8.340019E-06
vn 1 -1.9059411E-06 -8.34002E-06
vn 1 0 -1.072689E-05
vn 1 0 -1.0726956E-05
vn 1 0 -1.3091047E-05
vn 1 0 -1.3091047E-05
vn 1 -1.1092413E-06 -1.3144165E-05
vn 1 -1.1092365E-06 -1.31441675E-05
vn 1 0 -1.0719901E-05
vn 1 0 -1.0719902E-05
vn 1 1.1790961E-06 -5.7063094E-06
vn 1 1.1791446E-06 -5.706433E-06
vn 0.99896586 0.04546536 -1.0575969E-06
vn 0.99896586 0.045465335 -1.0575977E-06
vn 0.9510664 0.30898649 3.6108754E-06
vn 0.9510665 0.30898649 3.6108763E-06
vn 0.80905575 0.58773184 6.9482385E-06
vn 0.80905646 0.587731 6.9482257E-06
vn 0.5878682 0.80895674 4.4497765E-06
vn 0.5878681 0.8089568 4.4497765E-06
vn 0.30914244 0.9510157 1.0912562E-06
vn 0.30914247 0.9510157 1.0912563E-06
vn 0.052825756 0.99860376 0
vn 0.052826196 0.99860376 0
vn 0.00016721566 1 0
vn 0.0001672159 1 0
vn 0.00016885938 1 0
vn 0.00016885938 1 0
vn 0.00016769132 1 -7.904541E-06
vn 0.0001676913 1 -7.904077E-06
vn 0.0001682888 1 -1.4753983E-05
vn 0.00016828878 1 -1.4753983E-05
vn 0.00016681256 1 -7.3769916E-06
vn 0.00016681255 1 -7.3769916E-06
vn 0.00016681245 1 0
vn 0.00016681246 1 0
vn 0.0001682438 1 0
vn 0.0001682438 1 0
vn 0.00016647545 1 0
vn 0.00016647545 1 0
vn 0.00016819165 1 0
vn 0.00016819163 1 0
vn 0.00016819165 1 0
vn 0.00016819165 1 0
vn 0.0001675401 1 0
vn 0.00016754007 1 0
vn 0.00016694229 1 0
vn 0.00016694228 1 0
vn 0.00016694238 1 0
vn 0.00016694235 1 0
vn 0.00017009214 1 0
vn 0.00017009214 1 0
vn 0.00016839588 1 0
vn 0.00016839588 1 0
vn 0.00016660155 1 0
vn 0.00016660156 1 0
vn 0.00016660153 1 0
vn 0.00016660155 1 0
vn 0.00016660156 1 0
vn 0.00016660155 1 0
vn 0.00016858282 1 0
vn 0.00016858279 1 0
vn 0.00016714113 1 0
vn 0.00016714113 1 0
vn 0.00016714112 1 0
vn 0.0001671411 1 0
vn 0.00016714112 1 0
vn 0.00016714113 1 0
vn -0 1 0
vn -0 1 0
vn -0.00016714114 1 0
vn -0.00016714113 1 0
vn -0.00016714114 1 0
vn -0.00016714114 1 0
vn -0.00016714113 1 0
vn -0.00016714113 1 0
vn -0.00016858282 1 0
vn -0.00016858279 1 0
vn -0.00016660156 1 0
vn -0.00016660155 1 0
vn -0.00016660153 1 0
vn -0.00016660155 1 0
vn -0.00016660155 1 0
vn -0.00016660156 1 0
vn -0.00016839593 1 0
vn -0.00016839593 1 0
vn -0.0001700922 1 0
vn -0.0001700922 1 0
vn -0.00016694226 1 0
vn -0.00016694228 1 0
vn -0.0001669422 1 0
vn -0.0001669422 1 0
vn -0.00016754014 1 0
vn -0.00016754014 1 0
vn -0.00016819175 1 0
vn -0.00016819175 1 0
vn -0.00016819163 1 0
vn -0.00016819166 1 0
vn -0.00016647538 1 0
vn -0.00016647541 1 0
vn -0.00016824383 1 0
vn -0.00016824383 1 0
vn -0.00016681248 1 0
vn -0.00016681248 1 0
vn -0.00016681252 1 7.376989E-06
vn -0.0001668125 1 7.376989E-06
vn -0.00016828864 1 1.4753967E-05
vn -0.00016828867 1 1.4753967E-05
vn -0.00016769044 1 7.904538E-06
vn -0.0001676904 1 7.904075E-06
vn -0.0001688596 1 8.608142E-06
vn -0.0001688596 1 8.608078E-06
vn -0.0001671237 1 8.789822E-06
vn -0.00016712394 1 8.790385E-06
vn -0.052786592 0.9986058 0
vn -0.05278659 0.9986058 0
vn -0.30914313 0.9510155 0
vn -0.3091431 0.9510156 0
vn -0.58786607 0.80895823 0
vn -0.587866 0.8089584 0
vn -0.80905515 0.58773285 0
vn -0.80905515 0.58773285 0
vn -0.9510678 0.3089825 0
vn -0.9510678 0.3089824 0
vn -0.99896586 0.04546533 0
vn -0.99896586 0.045465335 0
vn -1 1.4951975E-06 0
vn -1 1.495225E-06 0
vn -1 0 0
vn -1 0 0
vn -1 0 0
vn -1 0 0
vn -1 0 0
vn -1 0 0
vn -1 0 0
vn -1 0 0
vn -1 -1.579723E-06 0
vn -1 -1.579723E-06 0
vn -1 0 0
vn -1 0 0
vn -1 0 0
vn -1 0 0
vn -1 0 0
vn -1 0 0
vn -0 0 -1
vn -0 0 -1
vn -0 0 -1
vn -0 0 -1
vn -0 0 -1
vn -0 0 -1
vn -0 0 -1
vn -0 0 -1
vn -0 0 -1
vn -0 0 -1
vn -0 0 -1
vn -0 0 -1
vn -0 0 -1
vn -0 0 -1
vn -0 0 -1
vn -0 0 -1
vn -0 0 -1
vn -0 0 -1
vn -0 0 -1
vn -0 0 -1
vn -0 0 -1
vn -0 0 -1
vn -0 0 -1
vn -0 0 -1
vn -0 0 -1
vn -0 0 -1
vn -0 0 -1
vn -0 0 -1
vn -0 0 -1
vn -0 0 -1
vn -0 0 -1
vn -0 0 -1
vn -0 0 -1
vn -0 0 -1
vn -0 0 -1
vn -0 0 -1
vn -0 0 -1
vn -0 0 -1
vn -0 0 -1
vn -0 0 -1
vn -0 0 -1
vn -0 0 -1
vn -0 0 -1
vn -0 0 -1
vn -0 0 -1
vn -0 0 -1
vn -0 0 -1
vn -0 0 -1
vn -0 0 -1
vn -0 0 -1
vn -0 0 -1
vn -0 0 -1
vn -0 0 -1
vn -0 0 -1
vn -0 0 -1
vn -0 0 -1
vn -0 0 -1
vn -0 1.3826776E-06 -1
vn -0 0 -1
vn -0 0 -1
vn -0 0 -1
vn -0 0 -1
vn -0 0 -1
vn -0 0 -1
vn -0 0 -1
vn -0 0 -1
vn -0 0 -1
vn -0 0 -1
vn -0 0 -1
vn -0 0 -1
vn -0 0 -1
vn -0 0 -1
vn -0 0 -1
vn -0 0 -1
vn -0 0 -1
vn -0 0 -1
vn -0 0 -1
vn -0 0 -1
vn -0 0 -1
vn -0 2.2209636E-06 -1
vn -0 0 -1
vn -0 0 -1
vn -0 0 -1
vn -0 0 -1
vn -0 0 -1
vn -0 0 -1
vn -0 0 -1
vn -0 0 -1
vn -0 0 -1
vn -0 0 -1
vn -0 0 -1
vn -0 0 -1
vn -0 0 -1
vn -0 0 -1
vn -0 0 -1
vn -0 0 -1
vn -0 0 -1
vn -0 0 -1
vn -0 0 -1
vn -0 0 -1
vn -0 0 -1
vn -0 0 -1
vn -0 0 -1
vn -0 0 -1
vn -0 0 -1
vn -0 0 -1
vn -0 0 -1
vn -0 0 -1
vn -0 0 -1
vn -0 0 -1
vn -0 0 -1
vn -0 0 -1
vn -0 0 -1
vn -0 0 -1
vn -0 0 -1
vn -0 0 -1
vn -0 0 -1
vn -0 0 -1
vn -0 0 -1
vn -0 0 -1
vn -0 0 -1
vn -0 0 -1
vn -0 0 -1
vn -0 0 -1
vn -0 0 -1
vn -0 0 -1
vn -0 0 -1
vn -0 0 -1
vn -0 0 -1
vn -0 0 -1
vn -0 0 -1
vn -0 0 -1
vn -0 0 -1
vn -0 0 -1
vn -0 0 -1
vn -0 0 -1
vn -0 0 -1
vn -0 0 -1
vn -0 0 -1
vn -0 0 -1
vn -0 0 -1
vn -0 0 -1
vn -0 0 -1
vn -0 0 -1
vn -0 0 -1
vn -0 0 -1
vn -0 0 -1
vn -0 0 -1
vn -0 0 -1
vn -0 0 -1
vn -0 0 -1
vn -0 0 -1
vn -0 0 -1
vn -0 0 -1
vn -0 0 -1
vn -0 0 -1
vn -0 0 -1
vn -0 0 -1
vn -0 0 -1
vn -0 0 -1
vn -0 0 -1
vn -0 0 -1
vn -0 0 -1
vn -0 0 -1
vn -0 0 -1
vn -0 0 -1
vn -0 0 -1
vn -0 0 -1
vn -0 0 -1
vn -0 0 -1
vn -0 0 -1
vn -0 0 -1
vn -0 0 -1
vn -0 0 -1
vn -0 0 -1
vn -0 0 -1
vn -0 0 -1
vn -0 0 -1
vn -0 0 -1
vn -0 0 -1
vn -0 0 -1
vn -0 0 -1
vn -0 0 -1
vn -0 0 -1
vn -0 0 -1
vn -0 0 -1
vn -0 0 -1
vn -0 0 -1
vn -0 0 -1
vn -0 0 -1
vn -0 0 -1
vn -0 0 -1
vn -0 0 -1
vn -0 0 -1
vn -0 0 -1
vn -0 0 -1
vn -0 0 -1
vn -0 0 -1
vn -0 0 -1
vn -0 0 -1
vn -0 0 -1
vn -0 0 -1
vn -0 0 -1
vn -0 0 -1
vn -0 0 -1
vn -0 0 -1
vn -0 0 -1
vn -0 0 -1
vn -0 0 -1
vn -0 0 -1
vn -0 0 -1
vn -0 0 -1
vn -0 0 -1
vn -0 0 -1
vn -0 0 -1
vn -0 0 -1
vn -0 0 -1
vn -0 0 -1
vn -0 0 -1
vn -0 0 -1
vn -0 0 -1
vn -0 0 -1
vn -0 0 -1
vn -0 0 -1
vn -0 0 -1
vn -0 0 -1
vn -0 0 -1
vn -0 0 -1
vn -0 0 -1
vn -0 0 -1
vn -0 0 -1
vn -0 0 -1
vn -0 0 -1
vn -0 0 -1
vn -0 0 -1
vn -0 0 -1
vn -0 0 -1
vn -0 0 -1
vn -0 0 -1
vn -0 0 -1
vn -0 0 -1
vn -0 0 -1
vn -0 0 -1
vn -0 0 -1
vn -0 0 -1
vn -0 0 -1
vn -0 0 -1
vn -0 0 -1
vn -0 0 -1
vn -0 0 -1
vn -0 0 -1
vn -0 0 -1
vn -0 0 -1
vn -0 0 -1
vn -0 0 -1
vn -0 0 -1
vn -0 0 -1
vn -0 0 -1
vn -0 0 -1
vn -0 0 -1
vn -0 0 -1
vn -0 0 -1
vn -0 0 -1
vn -0 0 -1
vn -0 0 -1
vn -0 0 -1
vn -0 0 -1
vn -0 0 -1
vn -0 0 -1
vn -0 0 -1
vn -0 0 -1
vn -0 0 -1
vn -0 0 -1
vn -0 0 -1
vn -0 0 -1
vn -0 0 -1
vn -0 0 -1
vn -0 0 -1
vn -0 0 -1
vn -0 0 -1
vn -0 0 -1
vn -0 0 -1
vn -0 0 -1
vn -0 0 -1
vn -0 0 -1
vn -0 0 -1
vn -0 0 -1
vn -0 0 -1
vn -0 0 -1
vn -0 0 -1
vn -0 0 -1
vn -0 0 -1
vn -0 0 -1
vn -0 0 -1
vn -0 0 -1
vn -0 0 -1
vn -0 0 -1
vn -0 0 -1
vn -0 0 -1
vn -0 0 -1
vn -0 0 -1
vn -0 0 -1
vn -0 0 -1
vn -0 0 -1
vn -0 0 -1
vn -0 0 -1
vn -0 0 -1
vn -0 0 -1
vn -0 0 -1
vn -0 0 -1
vn -0 0 -1
vn -0 0 -1
vn -0 0 -1
vn -0 0 -1
vn -0 0 -1
vn -0 0 -1
vn -0 0 -1
vn -0 0 -1
vn -0 0 -1
vn -0 0 -1
vn -0 0 -1
vn -0 0 -1
vn -0 0 -1
vn -0 0 -1
vn -0 0 -1
vn -0 0 -1
vn -0 0 -1
vn -0 0 -1
vn -0 0 -1
vn -0 0 -1
vn -0 0 -1
vn -0 0 -1
vn -0 0 -1
vn -0 0 -1
vn -0 0 -1
vn -0 0 -1
vn -0 0 -1
vn -0 0 -1
vn -0 0 -1
vn -0 0 -1
vn -0 0 -1
vn -0 0 -1
vn -0 0 -1
vn -0 0 -1
vn -0 0 -1
vn -0 0 -1
vn -0 0 -1
vn -0 0 -1
vn -0 0 -1
vn -0 0 -1
vn -0 0 -1
vn -0 0 -1
vn -0 0 -1
vn -0 0 -1
vn -0 0 -1
vn -0 0 -1
vn 1 0 -1.1914312E-06
vn 1 0 -1.1914311E-06
vn 1 -1.4551181E-06 0
vn 1 -1.4551181E-06 0
vn -1 0 0
vn -1 0 0
vn -1 1.4551181E-06 0
vn -1 1.4551181E-06 0
vn -0 0 1
vn -0 0 1
vn -0 0 1
vn -0 0 1
vn -0 0 1
vn -0 0 1
vn -0 0 1
vn -0 0 1
vn -0 0 1
vn -0 0 1
vn -0 0 1
vn -0 0 1
vn -0 0 1
vn -0 0 1
vn -0 0 1
vn -0 0 1
vn -0 0 1
vn -0 0 1
vn -0 0 1
vn -0 0 1
vn -0 0 1
vn -0 0 1
vn -0 0 1
vn -0 0 1
vn -0 0 1
vn -0 0 1
vn -0 0 1
vn -0 0 1
vn -0 0 1
vn -0 0 1
vn -0 0 1
vn -0 0 1
vn -0 0 1
vn -0 0 1
vn -0 0 1
vn -0 0 1
vn -0 0 1
vn -0 0 1
vn -0 0 1
vn -0 0 1
vn -0 0 1
vn -0 0 1
vn -0 0 1
vn -0 0 1
vn -0 0 1
vn -0 0 1
vn -0 0 1
vn -0 0 1
vn -0 0 1
vn -0 0 1
vn -0 0 1
vn -0 0 1
vn -0 0 1
vn -0 0 1
vn -0 0 -1
vn -0 0 -1
vn -0 0 -1
vn -0 0 -1
vn -0 0 -1
vn -0 0 -1
vn -0 0 -1
vn -0 0 -1
vn -0 0 -1
vn -0 0 -1
vn -0 0 -1
vn -0 0 -1
vn -0 0 -1
vn -0 0 -1
vn -0 0 -1
vn -0 0 -1
vn -0 0 -1
vn -0 0 -1
vn -0 0 -1
vn -0 0 -1
vn -0 0 -1
vn -0 0 -1
vn -0 0 -1
vn -0 0 -1
vn -0 0 -1
vn -0 0 -1
vn -0 0 -1
vn -0 0 -1
vn -0 0 -1
vn -0 0 -1
vn -0 0 -1
vn -0 0 -1
vn -0 0 -1
vn -0 0 -1
vn -0 0 -1
vn -0 0 -1
vn -0 0 -1
vn -0 0 -1
vn -0 0 -1
vn -0 0 -1
vn -0 0 -1
vn -0 0 -1
vn -0 0 -1
vn -0 0 -1
vn -0 0 -1
vn -0 0 -1
vn -0 0 -1
vn -0 0 -1
vn -0 0 -1
vn -0 0 -1
vn -0 0 -1
vn -0 0 -1
vn -0 0 -1
vn -0 0 -1
vn 0.0044549857 -0.9999901 0
vn -0 -1 0
vn -0 -1 0
vn 0.0044549857 -0.9999901 0
vn 0.005302053 -0.99998593 0
vn 0.005302053 -0.99998593 0
vn 0.007977208 -0.9999682 0
vn 0.007977208 -0.9999682 0
vn 0.009987583 -0.9999502 0
vn 0.009987583 -0.9999502 0
vn 0.006347108 -0.99997985 0
vn 0.006347108 -0.99997985 0
vn 0.0021126892 -0.99999785 0
vn 0.0021126892 -0.99999785 0
vn -0.00501793 -0.9999875 0
vn -0.00501793 -0.9999875 0
vn -0.011559194 -0.99993324 0
vn -0.011559194 -0.99993324 0
vn -0.0022830542 -0.9999974 0
vn -0.0022830542 -0.9999974 0
vn 0.0075301775 -0.9999716 0
vn 0.0075301775 -0.9999716 0
vn -0.0036382673 -0.99999344 0
vn -0.0036382673 -0.99999344 0
vn -0.015556466 -0.999879 0
vn -0.015556466 -0.999879 0
vn -0.01768041 -0.9998437 0
vn -0.01768041 -0.9998437 0
vn -0.019804118 -0.99980396 0
vn -0.019804118 -0.99980396 0
vn -0.020230956 -0.9997954 0
vn -0.020230956 -0.9997954 0
vn -0.020629212 -0.9997873 0
vn -0.020629212 -0.9997873 0
vn -0.011534355 -0.9999335 0
vn -0.011534355 -0.9999335 0
vn -0.0029372266 -0.9999957 0
vn -0.0029372266 -0.9999957 0
vn -0.004848752 -0.9999883 0
vn -0.004848752 -0.9999883 0
vn -0.006930017 -0.99997604 0
vn -0.006930017 -0.99997604 0
vn 0.011135147 -0.999938 0
vn 0.011135147 -0.999938 0
vn 0.026665747 -0.9996444 0
vn 0.026665747 -0.9996444 0
vn 0.022952344 -0.9997365 0
vn 0.022952344 -0.9997365 0
vn 0.01887732 -0.99982184 0
vn 0.01887732 -0.99982184 0
vn 0.016684264 -0.99986076 0
vn 0.016684264 -0.99986076 0
vn -0 -1 0
vn -0 -1 0
vn -0 -1.3978752E-06 1
vn -0 -1.2106334E-06 1
vn -0 -1.3956114E-06 1
vn -0 0 1
vn -0 0 1
vn -0 0 1
vn -0 0 1
vn -0 0 1
vn -0 0 1
vn -0 0 1
vn -0 0 1
vn -0 0 1
vn -0 0 1
vn -0 0 1
vn -0 0 1
vn -0 0 1
vn -0 0 1
vn -0 0 1
vn -0 0 1
vn -0 0 1
vn -0 -1.0078799E-06 1
vn -0 0 1
vn -0 0 1
vn -0 0 1
vn -0 0 1
vn -0 0 1
vn -0 0 1
vn -0 0 1
vn -0 0 1
vn -0 0 1
vn -0 0 1
vn -0 0 1
vn -0 0 1
vn -0 0 1
vn -0 0 1
vn -0 0 1
vn -0 0 1
vn -0 0 1
vn -0 0 1
vn -0 0 1
vn -0 0 1
vn -0 0 1
vn -0 0 1
vn -0 0 1
vn -0 0 1
vn -0 0 1
vn -0 0 1
vn -0 0 1
vn -0 0 1
vn -0 0 1
vn -0 0 1
vn -0 0 1
vn -0 0 1
vn -0 0 1
vn -0 0 1
vn -0 0 1
vn -0 0 1
vn -0 0 1
vn -0 0 1
vn -0 0 1
vn -0 0 1
vn -0 0 1
vn -0 0 1
vn -0 0 1
vn -0 0 1
vn -0 0 1
vn -0 0 1
vn -0 0 1
vn -0 0 1
vn -0 0 1
vn -0 0 1
vn -0 -1.0078805E-06 1
vn -0 0 1
vn -0 0 1
vn -0 0 1
vn -0 0 1
vn -0 0 1
vn -0 0 1
vn -0 0 1
vn -0 0 1
vn -0 0 1
vn -0 0 1
vn -0 0 1
vn -0 0 1
vn -0 -1.397874E-06 1
vn -0 -1.3956115E-06 1
vn -0 -1.2106354E-06 1
vn -0 0 1
vn -0 0 1
vn -0 0 1
vn -0 0 1
vn -0 0 1
vn -0 0 1
vn -0 0 1
vn -0 1.3968561E-06 -1
vn -0 1.1842229E-06 -1
vn -0 1.3907692E-06 -1
vn -0 0 -1
vn -0 0 -1
vn -0 0 -1
vn -0 0 -1
vn -0 0 -1
vn -0 0 -1
vn -0 0 -1
vn -0 0 -1
vn -0 0 -1
vn -0 0 -1
vn -0 0 -1
vn -0 0 -1
vn -0 0 -1
vn -0 0 -1
vn -0 0 -1
vn -0 0 -1
vn -0 0 -1
vn -0 0 -1
vn -0 0 -1
vn -0 0 -1
vn -0 0 -1
vn -0 0 -1
vn -0 0 -1
vn -0 0 -1
vn -0 0 -1
vn -0 0 -1
vn -0 0 -1
vn -0 0 -1
vn -0 0 -1
vn -0 0 -1
vn -0 0 -1
vn -0 0 -1
vn -0 0 -1
vn -0 0 -1
vn -0 0 -1
vn -0 0 -1
vn -0 0 -1
vn -0 0 -1
vn -0 0 -1
vn -0 0 -1
vn -0 0 -1
vn -0 0 -1
vn -0 0 -1
vn -0 0 -1
vn -0 0 -1
vn -0 0 -1
vn 1.500963E-06 0 -1
vn -0 0 -1
vn -0 0 -1
vn -1.500401E-06 0 -1
vn -0 0 -1
vn -0 0 -1
vn -0 0 -1
vn -0 0 -1
vn -0 0 -1
vn -0 0 -1
vn -0 0 -1
vn -0 0 -1
vn -0 0 -1
vn -0 0 -1
vn -0 0 -1
vn -0 0 -1
vn -0 0 -1
vn -0 0 -1
vn -0 0 -1
vn -0 0 -1
vn -0 0 -1
vn -0 0 -1
vn -0 0 -1
vn -0 0 -1
vn -0 0 -1
vn -0 0 -1
vn -0 0 -1
vn -0 0 -1
vn -0 0 -1
vn -0 0 -1
vn -0 0 -1
vn -0 0 -1
vn -0 0 -1
vn -0 0 -1
vn -0 0 -1
vn -0 1.0052318E-06 -1
vn -0 0 -1
vn -0 0 -1
vn -0 0 -1
vn -0 0 -1
vn -0 0 -1
vn -0 1.3968565E-06 -1
vn -0 1.3907722E-06 -1
vn -0 1.1842252E-06 -1
vn -0 0 -1
vn -0 0 -1
vn -0 0 -1
vn -0 0 -1
vn -0 0 -1
vn -0 0 -1
vn -0 0 -1
vn 0.99972504 -0.02344513 0
vn 1 0 0
vn 1 0 0
vn 0.99972504 -0.023445167 0
vn 0.95105636 -0.3090174 0
vn 0.95105636 -0.3090174 0
vn 0.80901766 -0.5877844 0
vn 0.80901766 -0.5877844 0
vn 0.5877877 -0.8090153 0
vn 0.5877877 -0.8090153 0
vn 0.3090224 -0.95105475 0
vn 0.3090224 -0.95105475 0
vn 0.039266627 -0.9992287 0
vn 0.039266627 -0.9992287 0
vn 3.5489325E-06 -1 0
vn 3.519182E-06 -1 0
vn 3.6262677E-06 -1 0
vn 3.6262677E-06 -1 0
vn 3.7143145E-06 -1 0
vn 3.6365127E-06 -1 0
vn 3.1289571E-06 -1 -3.44937E-06
vn 3.183831E-06 -1 -4.4408857E-06
vn 4.209615E-06 -1 0
vn 4.3200425E-06 -1 0
vn 4.5455886E-06 -1 4.127768E-06
vn 4.5455886E-06 -1 4.127768E-06
vn 3.5950038E-06 -1 3.990037E-06
vn 3.5950077E-06 -1 3.990001E-06
vn 3.33415E-06 -1 8.3261275E-06
vn 3.3469296E-06 -1 8.358042E-06
vn 3.497117E-06 -1 8.733094E-06
vn 3.4974023E-06 -1 8.733805E-06
vn 3.8175876E-06 -1 8.459428E-06
vn 3.8076384E-06 -1 8.466734E-06
vn 3.7780192E-06 -1 4.459373E-06
vn 3.7239522E-06 -1 3.866481E-06
vn -0 -1 0
vn -0 -1 0
vn -3.3484284E-06 -1 0
vn -3.3455278E-06 -1 0
vn -3.4167056E-06 -1 0
vn -3.4137279E-06 -1 0
vn -3.901832E-06 -1 0
vn -3.9214133E-06 -1 0
vn -3.7533232E-06 -1 4.232432E-06
vn -3.770218E-06 -1 4.1176986E-06
vn -3.6029476E-06 -1 3.977667E-06
vn -3.5991227E-06 -1 4.015757E-06
vn -4.1327207E-06 -1 0
vn -4.1327207E-06 -1 0
vn -3.8078401E-06 -1 4.559903E-06
vn -3.8688536E-06 -1 3.9602182E-06
vn -3.5657372E-06 -1 1.2177587E-05
vn -3.5345042E-06 -1 1.1458334E-05
vn -4.0639466E-06 -1 3.0441558E-06
vn -4.0219666E-06 -1 4.2985075E-06
vn -3.6194626E-06 -1 -4.5193156E-06
vn -3.6194565E-06 -1 -4.5192946E-06
vn -3.525316E-06 -1 0
vn -3.5401747E-06 -1 0
vn -0.039364453 -0.9992249 0
vn -0.039364453 -0.9992249 0
vn -0.3090224 -0.95105475 0
vn -0.3090224 -0.95105475 0
vn -0.5877877 -0.8090153 0
vn -0.5877877 -0.8090153 0
vn -0.80901766 -0.5877844 0
vn -0.80901766 -0.5877844 0
vn -0.95105636 -0.3090174 0
vn -0.95105636 -0.3090174 0
vn -0.99972516 -0.023444675 0
vn -0.99972516 -0.023444638 0
vn -1 0 0
vn -1 0 0
vn -0 2.9835535E-06 1
vn -0 2.9835535E-06 1
vn -0 2.9835612E-06 1
vn -0 2.938875E-06 1
vn -0 2.8855823E-06 1
vn -0 2.7935305E-06 1
vn -0 2.809806E-06 1
vn -0 2.6872724E-06 1
vn -0 2.6135278E-06 1
vn -0 2.5771778E-06 1
vn -0 2.6011737E-06 1
vn -0 2.6220698E-06 1
vn -0 2.6257605E-06 1
vn -0 2.6361672E-06 1
vn -0 2.6623582E-06 1
vn -0 2.6396208E-06 1
vn -0 2.7265519E-06 1
vn -0 2.8090578E-06 1
vn -0 2.8128584E-06 1
vn -0 2.8928157E-06 1
vn -0 2.9727757E-06 1
vn -0 2.9788143E-06 1
vn -0 3.0490148E-06 1
vn -0 3.0934993E-06 1
vn -0 3.1235409E-06 1
vn -0 3.0847273E-06 1
vn -0 3.0720337E-06 1
vn -0 3.0470671E-06 1
vn -0 3.1086008E-06 1
vn -0 3.153737E-06 1
vn -0 3.1732338E-06 1
vn -0 3.1622556E-06 1
vn -0 3.138896E-06 1
vn -0 3.1513616E-06 1
vn -0 3.092513E-06 1
vn -0 3.043009E-06 1
vn -0 3.0362576E-06 1
vn -0 3.0095564E-06 1
vn -0 2.9940707E-06 1
vn -0 2.9835458E-06 1
vn -0 2.9835498E-06 1
vn -0 2.9835503E-06 1
vn -0 -2.9835662E-06 -1
vn -0 -2.9835664E-06 -1
vn -0 -2.983549E-06 -1
vn -0 -2.9940736E-06 -1
vn -0 -3.0095564E-06 -1
vn -0 -3.043009E-06 -1
vn -0 -3.0362576E-06 -1
vn -0 -3.092513E-06 -1
vn -0 -3.138896E-06 -1
vn -0 -3.1513616E-06 -1
vn -0 -3.1622553E-06 -1
vn -0 -3.153737E-06 -1
vn -0 -3.1732338E-06 -1
vn -0 -3.1086013E-06 -1
vn -0 -3.0706083E-06 -1
vn -0 -3.0593287E-06 -1
vn -0 -3.0848357E-06 -1
vn -0 -3.0847445E-06 -1
vn -0 -3.106871E-06 -1
vn -0 -3.1030515E-06 -1
vn -0 -2.4091933E-06 -1
vn -0 -1.0050062E-06 -1
vn -0 0 -1
vn -0 0 -1
vn -0 0 -1
vn -0 0 -1
vn -0 0 -1
vn -0 -2.1954029E-06 -1
vn -0 -2.787841E-06 -1
vn -0 -2.7761043E-06 -1
vn -0 -2.7283781E-06 -1
vn -0 -2.72784E-06 -1
vn -0 -2.668633E-06 -1
vn -0 -2.6741866E-06 -1
vn -0 -2.637224E-06 -1
vn -0 -2.6220691E-06 -1
vn -0 -2.6257585E-06 -1
vn -0 -2.601173E-06 -1
vn -0 -2.613528E-06 -1
vn -0 -2.5771778E-06 -1
vn -0 -2.6872724E-06 -1
vn -0 -2.7959768E-06 -1
vn -0 -2.80981E-06 -1
vn -0 -2.893442E-06 -1
vn -0 -2.943386E-06 -1
vn -0 -2.9835612E-06 -1
vn -0 -2.9835535E-06 -1
vn -0 -2.9835535E-06 -1
vn 1 1.8666999E-06 0
vn 1 1.8666999E-06 0
vn 1 0 0
vn 1 0 0
vn 1 0 0
vn 1 0 0
vn -1 0 0
vn -1 1.6566149E-06 0
vn -1 1.6566148E-06 0
vn -1 0 0
vn -1 0 0
vn -1 0 0
vn -0.019640429 0.99861777 -0.048752937
vn -0.01750775 0.9987264 -0.04731663
vn -0.018875686 0.99982184 -0.00012732575
vn -0.017772106 0.99870634 -0.047641676
vn -0.0044494574 0.99994683 -0.009311249
vn -2.1004491E-05 1 -4.084192E-05
vn -3.8382663E-05 1 0
vn -3.836669E-05 1 0
vn -2.1032423E-05 1 4.086608E-05
vn -0.0035385175 0.99996614 0.0074251136
vn -0.018403003 0.99919015 0.03578338
vn -0.01803007 0.99925977 0.033983756
vn -0.017911125 0.9992731 0.033650067
vn -0.017911127 0.9992731 0.03365007
vn -0.022185415 0.9997539 7.356441E-05
vn -0.022168467 0.99975425 7.384256E-05
vn -0.026666475 0.9996444 0
vn -0.026666475 0.9996444 0
vn -0.011135143 0.999938 0
vn -0.011135143 0.999938 0
vn 0.0069308756 0.99997604 0
vn 0.0069308756 0.99997604 0
vn 0.0048487526 0.9999883 0
vn 0.0048487526 0.9999883 0
vn 0.0029364394 0.9999957 0
vn 0.0029364394 0.9999957 0
vn 0.011535168 0.9999335 0
vn 0.011535168 0.9999335 0
vn 0.020629218 0.9997873 0
vn 0.020629218 0.9997873 0
vn 0.020230094 0.9997954 0
vn 0.020230094 0.9997954 0
vn 0.019805001 0.99980384 0
vn 0.019805001 0.99980384 0
vn 0.017680408 0.9998437 0
vn 0.017680408 0.9998437 0
vn 0.015555576 0.999879 0
vn 0.015555576 0.999879 0
vn 0.0036382677 0.99999344 0
vn 0.0036382677 0.99999344 0
vn -0.0075293416 0.9999716 0
vn -0.0075293416 0.9999716 0
vn 0.002283862 0.9999974 0
vn 0.002283862 0.9999974 0
vn 0.011559192 0.99993324 0
vn 0.011559192 0.99993324 0
vn 0.0050171074 0.9999875 0
vn 0.0050171074 0.9999875 0
vn -0.0021126887 0.99999785 0
vn -0.0021126887 0.99999785 0
vn -0.006347108 0.99997985 0
vn -0.006347108 0.99997985 0
vn -0.00998832 0.9999502 0
vn -0.00998832 0.9999502 0
vn -0.0075500254 0.9999715 0.000114304756
vn -0.0075398628 0.9999716 0.0001147814
vn -0.005015393 0.9999589 -0.007559587
vn -0.0050421245 0.99996126 -0.0072251577
vn -0.0051172148 0.9999137 -0.012099542
vn -0.0047469027 0.9999193 -0.011787957
vn -0.0010952322 0.9999968 -0.0023184314
vn 2.1080843E-05 1 -3.6042372E-06
vn 3.808594E-05 1 -3.5837468E-06
vn 3.8365768E-05 1 0
vn 2.1053045E-05 1 0
vn -0.0015271674 0.9999937 0.0032050184
vn -0.005705273 0.99981266 0.018495405
vn -0.0046324553 0.99981874 0.01847161
vn -0.0049022655 0.999918 0.011838497
vn -0.0049343426 0.9999238 0.011312189
vn -0.0075523052 0.9999715 -0.00011369909
vn -0.007542138 0.9999716 -0.00011417374
vn -0.009988322 0.9999502 0
vn -0.009988322 0.9999502 0
vn -0.006347109 0.99997985 0
vn -0.006347109 0.99997985 0
vn -0.0021126892 0.99999785 0
vn -0.0021126892 0.99999785 0
vn 0.005017108 0.9999875 0
vn 0.005017108 0.9999875 0
vn 0.011559194 0.99993324 0
vn 0.011559194 0.99993324 0
vn 0.0022838644 0.9999974 0
vn 0.0022838644 0.9999974 0
vn -0.0075293425 0.9999716 0
vn -0.0075293425 0.9999716 0
vn 0.003638267 0.99999344 0
vn 0.003638267 0.99999344 0
vn 0.015555573 0.999879 0
vn 0.015555573 0.999879 0
vn 0.01768041 0.9998437 0
vn 0.01768041 0.9998437 0
vn 0.019805005 0.99980384 0
vn 0.019805005 0.99980384 0
vn 0.020230098 0.9997954 0
vn 0.020230098 0.9997954 0
vn 0.020629218 0.9997873 0
vn 0.020629218 0.9997873 0
vn 0.011535165 0.9999335 0
vn 0.011535165 0.9999335 0
vn 0.002936439 0.9999957 0
vn 0.002936439 0.9999957 0
vn 0.0048487526 0.9999883 0
vn 0.0048487526 0.9999883 0
vn 0.006930876 0.99997604 0
vn 0.006930876 0.99997604 0
vn -0.011135143 0.999938 0
vn -0.011135143 0.999938 0
vn -0.026666477 0.9996444 0
vn -0.026666477 0.9996444 0
vn -0.022189446 0.9997538 -7.317688E-05
vn -0.022172498 0.99975413 -7.3453906E-05
vn -0.018875686 0.99982184 -0.00012732574
vn -0 0 -1
vn -0 0 -1
vn -0 0 -1
vn -0 0 -1
vn -0 0 -1
vn -0 0 -1
vn -0 0 -1
vn -0 0 -1
vn -0 0 -1
vn -0 0 -1
vn -0 0 -1
vn -0 0 -1
vn -0 0 -1
vn -0 0 -1
vn -0 0 -1
vn -0 0 -1
vn -0 0 -1
vn -0 0 -1
vn -0 0 -1
vn -0 0 -1
vn -0 0 -1
vn -0 0 -1
vn -0 0 -1
vn -0 0 -1
vn -0 0 -1
vn -0 0 -1
vn -0 0 -1
vn -0 0 -1
vn -0 0 -1
vn -0 0 -1
vn -0 0 -1
vn -0 0 -1
vn -0 0 -1
vn -0 0 -1
vn -0 0 -1
vn -0 0 -1
vn -0 0 -1
vn -0 0 -1
vn -0 0 -1
vn -0 0 -1
vn -0 0 -1
vn -0 0 -1
vn -0 0 -1
vn -0 0 -1
vn -0 0 -1
vn -0 0 -1
vn -0 0 -1
vn -0 0 -1
vn -0 0 -1
vn -0 0 -1
vn -0 0 -1
vn -0 0 -1
vn -0 0 -1
vn -0 0 -1
vn -0 0 -1
vn -0 0 -1
vn -0 0 -1
vn -0 0 -1
vn -0 0 -1
vn -0 0 -1
vn -0 0 -1
vn -0 0 -1
vn -0 0 -1
vn -0 0 -1
vn -0 0 -1
vn -0 0 -1
vn -0 0 -1
vn -0 0 -1
vn -0 0 -1
vn -0 0 -1
vn -0 0 -1
vn -0 0 -1
vn -0 0 -1
vn -0 0 -1
vn -0 0 -1
vn -0 1.3989256E-06 -1
vn -0 0 -1
vn -0 0 -1
vn -0 0 -1
vn -0 0 -1
vn -0 0 -1
vn -0 0 -1
vn -0 0 -1
vn -0 0 -1
vn -0 0 -1
vn -0 0 -1
vn -0 0 -1
vn -0 0 -1
vn -0 0 -1
vn -0 0 -1
vn -0 0 -1
vn -0 0 -1
vn -0 0 -1
vn -0 0 -1
vn -0 0 -1
vn -0 0 -1
vn -0 0 -1
vn -0 0 -1
vn -0 0 -1
vn -0 0 -1
vn -0 0 -1
vn -0 0 -1
vn -0 0 -1
vn -0 0 -1
vn -0 0 -1
vn -0 0 -1
vn -0 0 -1
vn -0 0 -1
vn -0 0 -1
vn -0 0 -1
vn -0 0 -1
vn -0 0 -1
vn -0 0 -1
vn -0 0 -1
vn -0 0 -1
vn -0 0 -1
vn -0 0 -1
vn -0 0 -1
vn -0 0 -1
vn -0 0 -1
vn -0 0 -1
vn -0 0 -1
vn -0 0 -1
vn -0 0 -1
vn -0 0 -1
vn -0 0 -1
vn -0 0 -1
vn -0 0 -1
vn -0 0 -1
vn -0 0 -1
vn -0 0 -1
vn -0 0 -1
vn -0 0 -1
vn -0 0 -1
vn -0 0 -1
vn -0 0 -1
vn -0 0 -1
vn -0 0 -1
vn -0 0 -1
vn -0 0 -1
vn -0 0 -1
vn -0 0 -1
vn -0 0 -1
vn -0 0 -1
vn -0 0 -1
vn -0 0 -1
vn -0 0 -1
vn -0 0 -1
vn -0 0 -1
vn -0 0 -1
vn -0 0 -1
vn -0 0 -1
vn -0 0 -1
vn -0 0 -1
vn -0 0 -1
vn -0 0 -1
vn -0 0 -1
vn -0 0 -1
vn -0 0 -1
vn -0 0 -1
vn -0 0 -1
vn -0 0 -1
vn -0 0 -1
vn -0 0 -1
vn -0 0 -1
vn -0 0 -1
vn -0 0 -1
vn -0 0 -1
vn -0 0 -1
vn -0 0 -1
vn -0 0 -1
vn -0 0 -1
vn -0 0 -1
vn -0 0 -1
vn -0 0 -1
vn -0 0 -1
vn -0 0 -1
vn -0 0 -1
vn -0 0 -1
vn -0 0 -1
vn -0 0 -1
vn -0 0 -1
vn -0 0 -1
vn -0 0 -1
vn -0 0 -1
vn -0 0 -1
vn -0 0 -1
vn -0 0 -1
vn -0 0 -1
vn -0 0 -1
vn -0 0 -1
vn -0 0 -1
vn -0 0 -1
vn -0 0 -1
vn -0 0 -1
vn -0 0 -1
vn -0 0 -1
vn -0 0 -1
vn -0 0 -1
vn -0 0 -1
vn -0 0 -1
vn -0 0 -1
vn -0 0 -1
vn -0 0 -1
vn -0 0 -1
vn -0 0 -1
vn -0 0 -1
vn -0 0 -1
vn -0 0 -1
vn -0 0 -1
vn -0 0 -1
vn -0 0 -1
vn -0 0 -1
vn -0 0 -1
vn -0 0 -1
vn -0 0 -1
vn -0 0 -1
vn -0 0 -1
vn -0 0 -1
vn -0 0 -1
vn -0 0 -1
vn -0 0 -1
vn -0 0 -1
vn -0 0 -1
vn 0.0016969193 0.1934651 -0.98110574
vn -0 0.24244183 -0.97016597
vn -0 0.2424419 -0.97016597
vn -0.037415884 -0.24328391 -0.9692331
vn -0.016237816 -0.2539781 -0.9670737
vn -0.00093382294 -0.25637078 -0.96657807
vn 0.9996228 -0.027460912 0
vn 0.8788811 0.05105473 -0.47430104
vn 0.9927771 -0.11997427 4.73782E-06
vn 0.92275846 -0.11917858 -0.3664879
vn 0.9906723 -0.13626537 0
vn 0.85979366 -0.1202599 -0.49627858
vn 0.9934589 -0.11418507 -0.0011115444
vn 0.6026928 -0.02863734 -0.79745924
vn 0.65789527 -0.07249241 -0.7496124
vn 0.72857445 -0.07913658 -0.6803798
vn 0.053174667 0.17821305 -0.98255414
vn 0.008151592 0.19954911 -0.9798539
vn 0.121672444 0.14223304 -0.9823267
vn -0.0003920058 0.20415136 -0.9789393
vn -0.0011986683 0.21902916 -0.9757176
vn 0.7182162 -0.03245042 -0.69506294
vn 0.99909973 -0.042424202 -1.6164136E-05
vn 0.186827 0.08051261 -0.97908807
vn -0.001012978 0.17833559 -0.9839692
vn -0.0009675857 0.20167126 -0.97945285
vn -0 0.2174872 -0.9760632
vn 0.24155118 0.029206486 -0.9699485
vn 0.26361436 0.019251412 -0.96443594
vn 0.7220251 -0.026805192 -0.6913474
vn 0.9994418 -0.033405524 0.00016228469
vn 0.9997025 -0.024384132 0.00034072032
vn 0.7257905 -0.021158358 -0.68759036
vn 0.99986005 -0.016729262 0.00017034884
vn -0.00074018247 0.05504221 -0.99848384
vn -0.002302738 0.17645071 -0.9843068
vn 0.7093152 -0.013851208 -0.70475537
vn 0.3040507 0.0043848264 -0.9526458
vn 0.9999589 -0.009073412 0
vn 0.69240034 -0.0065354863 -0.7214839
vn 0.99996877 -0.00791394 0
vn 0.6926786 -0.00559841 -0.72122467
vn 0.99997723 -0.006754445 0
vn 0.28551513 0.009284473 -0.9583292
vn -0.0010082386 0.028773421 -0.99958545
vn 0.3224648 -0.00051657384 -0.94658136
vn 0.6929564 -0.004661316 -0.7209644
vn 0.9999844 -0.005594932 0
vn 0.32249612 -0.00023403502 -0.9465707
vn 0.01432802 0.006547018 -0.9998759
vn 0.6932339 -0.0037220216 -0.72070307
vn 0.9999902 -0.0044354126 0
vn 0.3225275 4.8504244E-05 -0.94656014
vn 0.69351095 -0.0027826868 -0.7204407
vn 0.99999464 -0.0032758855 0
vn 0.0066604894 0.017661842 -0.99982184
vn -0.0028428694 0.029212024 -0.99956924
vn -0.0007699012 0.008677994 -0.9999621
vn 0.014019972 0.0059520556 -0.999884
vn 0.32255903 0.00033257125 -0.94654936
vn 0.69378954 -0.0018360214 -0.72017545
vn 0.99999774 -0.0021163523 1.4119646E-06
vn -0.0008742861 0.04191143 -0.9991209
vn 0.013711933 0.0053570834 -0.99989164
vn 0.3225901 0.0006166461 -0.94653857
vn 0.6940677 -0.0008893353 -0.7199092
vn 0.9999995 -0.00095682655 2.08721E-06
vn 0.013402313 0.0047590537 -0.9998989
vn 0.0014374583 0.0069155213 -0.9999751
vn 0.32262266 0.00090825785 -0.94652724
vn 0.6943445 5.7286696E-05 -0.7196428
vn 1 0.0002026805 0
vn 0.0003337716 0.0077967714 -0.9999696
vn 0.0130926715 0.0041610203 -0.9999057
vn 0.3226549 0.0011998772 -0.9465159
vn 0.012774971 0.0035474235 -0.99991214
vn 0.0036525456 0.0051468206 -0.9999801
vn 0.69462144 0.0010039666 -0.7193747
vn 0.99999917 0.0012724142 0
vn 0.69821465 0.0020896131 -0.71588534
vn 0.99999726 0.0023421561 1.3144223E-06
vn 0.3227182 0.0017729327 -0.9464935
vn 0.32268637 0.0014864083 -0.94650483
vn 0.70179003 0.0031753846 -0.7123768
vn 0.99999416 0.003411895 0
vn 0.32251975 0.0022866642 -0.9465599
vn 0.7054436 0.0042904974 -0.70875317
vn 0.99999 0.0044816323 0
vn 0.012457262 0.0029338263 -0.9999181
vn 0.01183298 0.0017281638 -0.9999285
vn 0.3223213 0.0028003966 -0.9466261
vn 0.7090772 0.0054055536 -0.7051102
vn 0.9999846 0.0055513675 0
vn 0.0121451225 0.002330995 -0.9999236
vn 0.008136153 0.0015665488 -0.99996567
vn 0.011366074 0.0015095092 -0.9999343
vn 0.005908159 0.003345692 -0.999977
vn 0.32211053 0.0033454897 -0.9466962
vn 0.7126165 0.0064973817 -0.70152366
vn 0.99997807 0.0066210926 0
vn 0.010899162 0.0012908536 -0.9999398
vn 0.32189974 0.003890584 -0.9467658
vn 0.71613747 0.0075889975 -0.69791806
vn 0.99997044 0.007690809 0
vn 0.010404639 0.0010592703 -0.9999453
vn 0.007201335 0.0011258972 -0.9999734
vn 0.32169798 0.0044113477 -0.9468321
vn 0.7196903 0.008696505 -0.6942408
vn 0.9999616 0.0087605035 0
vn 0.0076687466 0.0013462234 -0.9999697
vn 0.009910114 0.00082768593 -0.9999505
vn 0.3214964 0.004932117 -0.946898
vn 0.7232234 0.009803612 -0.6905446
vn 0.99993753 0.011178618 1.4898425E-05
vn 0.009437059 0.00060615595 -0.9999553
vn 0.006314142 0.0006063056 -0.99997985
vn 0.32128805 0.0054701655 -0.94696563
vn 0.7349224 0.012111106 -0.678043
vn 0.9999076 0.013596694 2.9743465E-05
vn 0.006714306 0.0008963228 -0.9999771
vn 0.008964 0.00038462554 -0.9999598
vn 0.32107967 0.006008215 -0.9470331
vn 0.74640906 0.014416399 -0.66533124
vn 0.99987173 0.016014697 4.458835E-05
vn 0.008475803 0.00015600707 -0.9999641
vn 0.0058658984 -0.00018321698 -0.99998283
vn 0.31824183 0.0058775055 -0.9479914
vn 0.75796103 0.016776824 -0.6520841
vn 0.9998301 0.018432572 5.9432783E-05
vn 0.006090021 0.00021154506 -0.9999814
vn 0.007987603 -7.261103E-05 -0.9999682
vn 0.0054074824 -0.0009906458 -0.99998486
vn 0.31540117 0.0057467404 -0.948941
vn 0.006841591 -0.0021125462 -0.99997437
vn 0.0056366893 -0.00058693235 -0.999984
vn 0.7692677 0.019130528 -0.63864017
vn 0.7847572 0.021958936 -0.61941415
vn 0.9996408 0.026801314 8.194562E-05
vn 0.9993814 0.035168182 0.00010440833
vn 0.3123904 0.005608232 -0.9499372
vn 0.0056955316 -0.0041524917 -0.9999752
vn 0.30937648 0.005469669 -0.95092386
vn 0.0044857897 -0.0063057044 -0.9999701
vn 0.0031490156 -0.0051258244 -0.9999819
vn 0.0042460617 -0.0030502751 -0.9999864
vn 0.0025117935 -0.0038691405 -0.9999894
vn 0.7997622 0.024773782 -0.5998055
vn 0.7864102 0.022318233 -0.61730117
vn 0.9993888 0.03495199 0.0005499401
vn 0.77597046 0.057564776 -0.628137
vn 0.99546164 0.095145844 -0.0018719047
vn 0.7499969 0.0920491 -0.65500504
vn 0.9918127 0.12770091 -0.00033386823
vn 0.782856 0.10903781 -0.6125742
vn 0.9911152 0.13300619 0
vn 0.81854534 0.01209739 -0.5743145
vn 0.6997845 0.047560297 -0.712769
vn 0.013067027 -0.26757544 -0.9634482
vn 0.14104326 -0.19606973 -0.9703935
vn 0.062167536 -0.25454888 -0.96505964
vn 0.0058245733 -0.2801072 -0.95995104
vn 0.18849964 -0.115114085 -0.9753033
vn -0.0023497727 -0.27494645 -0.9614567
vn -0.0014191928 -0.29257688 -0.9562409
vn -0.0012366934 -0.29070407 -0.9568122
vn -0.003481943 -0.24225582 -0.97020614
vn -0.0023456286 -0.26932466 -0.9630466
vn -0.0010541878 -0.28883013 -0.9573797
vn -0.0008977557 -0.287223 -0.95786333
vn 0.2261358 -0.058557644 -0.9723341
vn -0.00158088 -0.16794497 -0.98579514
vn -0.0037484048 -0.24067578 -0.97059834
vn -0.002342114 -0.26463428 -0.96434593
vn -0.0007413223 -0.28561518 -0.9583441
vn -0.00051394524 -0.28453574 -0.9586653
vn 0.26113594 -0.024949767 -0.9649796
vn 0.0017264766 -0.09214246 -0.9957443
vn -0.0020500002 -0.17779407 -0.9840656
vn -0.0039626253 -0.23940496 -0.9709117
vn -0.0016789442 -0.26074532 -0.9654061
vn -0.00028656668 -0.28345585 -0.9589852
vn -2.8705874E-05 -0.28223082 -0.9593465
vn 0.2853793 -0.009744233 -0.9583651
vn 1.9524676E-05 -0.037119642 -0.99931085
vn 0.0013186865 -0.09672129 -0.9953107
vn -0.0024189597 -0.18553077 -0.9826355
vn -0.0040226937 -0.23876752 -0.97106844
vn -0.0013079732 -0.25856802 -0.96599215
vn 0.00022915346 -0.2810053 -0.95970625
vn -0.00093382294 -0.25637078 -0.96657807
vn 0.0032760336 -0.008458854 -0.9999589
vn 0.0013923959 -0.009568913 -0.99995327
vn 0.0016480688 -0.022791615 -0.9997389
vn -0.0040558255 -0.23841588 -0.9711547
vn -0.002852098 -0.19325846 -0.9811437
vn -0.00031527152 -0.03454603 -0.999403
vn -0.0040895375 -0.23805803 -0.9712423
vn -0.037415884 -0.24328391 -0.9692331
vn 0.0010007921 -0.100289084 -0.99495786
vn -0.0030883357 -0.19746949 -0.9803042
vn -0.0033303194 -0.20178024 -0.97942513
vn -0.032573927 -0.19962779 -0.97933024
vn -0.00057452754 -0.03255293 -0.9994698
vn 0.00032166488 -0.104020335 -0.99457514
vn -6.141903E-05 -0.023483848 -0.9997242
vn -0.00032105934 -0.021492407 -0.9997689
vn -0.00042535795 -0.108122855 -0.9941374
vn -0.029810695 -0.10880211 -0.99361634
vn -0.015556128 -0.028466934 -0.99947375
vn -4.6575355E-05 -0.106042884 -0.9943615
vn 0.0005572575 -0.028721564 -0.99958736
vn -0.009596318 -0.020976225 -0.99973387
vn -3.507502E-05 -0.030726813 -0.9995278
vn 0.0011592085 -0.022118876 -0.9997547
vn 0.00025665527 -0.029739222 -0.9995577
vn 0.0015070766 -0.021261262 -0.99977285
vn 0.0018091816 -0.020238282 -0.9997936
vn -0.0036565803 -0.013595891 -0.99990094
vn -6.755171E-05 -0.010429252 -0.99994564
vn 0.0014224432 -0.011059958 -0.9999379
vn 0.0030609732 -0.011753507 -0.9999262
vn -0.002742463 -0.011175023 -0.99993384
vn 0.0022334377 -0.011403238 -0.9999325
vn 0.003913138 -0.009595428 -0.99994636
vn -0.0018283149 -0.008754049 -0.99996006
vn 0.003085584 -0.009236388 -0.99995255
vn 0.0022741258 -0.008884327 -0.9999579
vn 0.0007996915 -0.008223628 -0.9999659
vn 0.0047652936 -0.007437276 -0.999961
vn -0.0009141547 -0.0063330177 -0.9999796
vn 0.003937723 -0.007069474 -0.99996734
vn 0.0031274825 -0.0067067747 -0.9999727
vn 0.0022707107 -0.0073473956 -0.99997044
vn 0.0016669394 -0.0060179345 -0.99998057
vn 0.00561742 -0.0052790847 -0.9999703
vn -0 -0.0039119734 -0.9999924
vn 0.0047849366 -0.0049164626 -0.9999765
vn 0.0039809365 -0.0045459894 -0.99998176
vn 0.006469511 -0.003120884 -0.99997425
vn -0 -0.0031828266 -0.999995
vn 0.003356626 -0.0017203474 -0.99999297
vn 0.005644573 -0.0027497318 -0.99998033
vn 0.004834359 -0.0023852035 -0.99998546
vn 0.006563554 -0.0025617965 -0.9999752
vn -0 -0.0024536762 -0.999997
vn 0.0057376283 -0.002188989 -0.99998116
vn 0.0035701857 -0.0013233608 -0.9999927
vn 0.0049253986 -0.0018223632 -0.9999863
vn 0.006657595 -0.0020027077 -0.9999759
vn -0 -0.0017245216 -0.99999857
vn 0.0037837455 -0.00092637364 -0.9999925
vn 0.005016435 -0.0012595215 -0.99998665
vn 0.005830689 -0.0016282491 -0.99998176
vn 0.0067516332 -0.0014436169 -0.99997616
vn -0 -0.000995366 -0.9999995
vn 0.0059233764 -0.0010697608 -0.9999819
vn 0.003994098 -0.0005353447 -0.9999919
vn 0.005106747 -0.0007011544 -0.99998677
vn 0.0068456703 -0.0008845255 -0.99997616
vn -0 -0.00026620994 -1
vn 0.004204451 -0.00014431514 -0.9999912
vn 0.0052255583 -0.0001819113 -0.9999864
vn 0.0060160644 -0.00051127083 -0.99998176
vn 0.006939705 -0.00032543388 -0.9999759
vn -0 0.00046294596 -0.9999999
vn 0.006109275 5.040579E-05 -0.9999814
vn 0.0044193384 0.0002551447 -0.9999902
vn 0.005439158 0.00021497981 -0.9999852
vn 0.007033738 0.00023365779 -0.9999753
vn -0 0.0011920987 -0.9999993
vn 0.004634224 0.0006546038 -0.99998903
vn 0.0056527574 0.00061186985 -0.9999839
vn 0.0062199817 0.00058805814 -0.99998057
vn 0.004843245 0.0010431611 -0.9999877
vn 0.006432764 0.0009805565 -0.9999789
vn 0.005863248 0.0010029898 -0.99998236
vn 0.0050522643 0.0014317179 -0.9999863
vn 0.0071277665 0.0007927478 -0.99997437
vn 0.0060737384 0.0013941086 -0.99998057
vn 0.007221794 0.0013518373 -0.99997306
vn -0 0.0019212503 -0.9999982
vn 0.0066455468 0.0013730552 -0.999977
vn 0.00690465 0.0026533322 -0.9999727
vn -0 0.0028895438 -0.9999958
vn -0 0.0038578399 -0.9999926
vn 0.006948544 0.002637969 -0.99997246
vn 0.0063759903 0.0026592368 -0.99997616
vn 0.006587487 0.0039548376 -0.99997056
vn -0 0.0048261397 -0.99998844
vn 0.0054586725 0.002561063 -0.9999819
vn 0.007251534 0.0039028905 -0.99996614
vn 0.006678237 0.0039243754 -0.9999701
vn 0.006291124 0.005254964 -0.9999664
vn -0 0.005794433 -0.9999832
vn 0.0075520305 0.0051707188 -0.99995816
vn 0.0070221717 0.0024561174 -0.99997234
vn 0.005865076 0.0036904144 -0.99997604
vn 0.0059947437 0.006555086 -0.99996054
vn -0 0.006762721 -0.9999771
vn 0.0069818017 0.005195083 -0.9999622
vn 0.0062748333 0.004829118 -0.99996865
vn 0.007852511 0.006438534 -0.9999485
vn 0.007285357 0.006465786 -0.99995255
vn 0.0056567336 0.00785796 -0.99995315
vn -0 0.0077310037 -0.9999702
vn 0.0075454637 0.007738312 -0.9999416
vn 0.0047803605 0.004246258 -0.9999796
vn 0.0066845915 0.0059678117 -0.9999598
vn 0.0053187166 0.009160811 -0.999944
vn -0 0.008699273 -0.9999622
vn 0.0075869244 0.007728206 -0.99994135
vn 0.007089336 0.0070926067 -0.9999497
vn 0.007218391 0.009039264 -0.9999331
vn 0.007888477 0.008990611 -0.9999285
vn 0.0050015002 0.010462255 -0.99993277
vn -0 0.009667528 -0.99995327
vn 0.006901916 0.010338652 -0.99992275
vn 0.0025450008 0.006031181 -0.99997866
vn 0.0074940682 0.008217388 -0.99993813
vn 0.0046842806 0.011763668 -0.9999199
vn -0 0.021363946 -0.9997718
vn 0.0081896195 0.010251337 -0.99991393
vn 0.007897794 0.009339386 -0.99992526
vn 0.0065854336 0.011638011 -0.9999106
vn 0.008490747 0.011512032 -0.9998977
vn 0.0044701975 0.022119967 -0.9997453
vn -0 0.03305745 -0.9994535
vn 0.0053469897 0.021676421 -0.9997508
vn 0.008301505 0.010461363 -0.99991083
vn 0.0042556343 0.032473896 -0.9994635
vn -0.0014798577 0.041949917 -0.9991186
vn 0.0072503444 0.021550853 -0.9997415
vn 0.007155986 0.020343753 -0.9997675
vn 0.0051316735 0.03203108 -0.99947375
vn 0.0036661471 0.0422698 -0.9990995
vn -0.0029663253 0.050861187 -0.99870133
vn 0.0060092015 0.03158747 -0.99948287
vn 0.0045411796 0.041827705 -0.99911445
vn 0.006009758 0.030224133 -0.99952507
vn -0.0018064812 0.018946014 -0.99981886
vn 0.005723521 0.04178495 -0.99911016
vn 0.0057238145 0.041400492 -0.99912626
vn -0.0028271307 0.041570928 -0.9991316
vn -0.0028109597 0.05392347 -0.9985411
vn 0.005437155 0.052571673 -0.99860233
vn 0.0054372465 0.051978104 -0.99863344
vn -0.00086986774 0.12659809 -0.9919537
vn -0.0024748272 0.12786244 -0.9917888
vn 0.0044633276 0.13156775 -0.9912971
vn 0.0042560208 0.05201994 -0.9986369
vn 0.0032765013 0.17554021 -0.9844668
vn 0.004460504 0.1367591 -0.99059427
vn 0.0025216283 0.20099515 -0.9795889
vn 0.0018759568 0.22228523 -0.9749799
vn 0.0032760277 0.17648046 -0.9842987
vn 0.002515041 0.19833176 -0.9801317
vn 0.0012355627 0.22840497 -0.97356546
vn 0.0020568722 0.23401763 -0.9722302
vn 0.0009998874 0.1390395 -0.9902864
vn 0.0021059865 0.19589902 -0.9806219
vn 0.0028781109 0.23962228 -0.9708619
vn -0.0005805085 0.17737302 -0.9841435
vn 0.0016969193 0.1934651 -0.98110574
vn -0 0.24244183 -0.97016597
vn -0.004435137 0.17826241 -0.983973
vn -0 0.2424419 -0.97016597
vn -0.023694659 0.14010586 -0.98985296
vn -0.0024572827 0.1413152 -0.9899616
vn 0.0030763058 0.052061643 -0.99863917
vn -0.0017875959 0.20224054 -0.97933424
vn -0 0.2158643 -0.9764233
vn -0.0011490426 0.21472883 -0.97667307
vn -0.0016121981 0.2021785 -0.9793474
vn -0.00082037004 0.21247116 -0.97716707
vn -0.0027103156 0.18654063 -0.98244345
vn -0.0014367999 0.2021164 -0.97936046
vn -0.00049169286 0.21021223 -0.97765565
vn -0.0013833519 0.20096898 -0.9795966
vn -0.0007459219 0.20775951 -0.9781797
vn 0.0020966034 0.20169686 -0.97944576
vn 0.001130264 0.20896903 -0.97792155
vn 0.0016155838 0.20432693 -0.9789013
vn 0.0019755752 0.21427928 -0.97677046
vn -0.006627518 0.2012567 -0.9795161
vn -0.052822 0.17925751 -0.98238313
vn -0.8789931 0.051972274 -0.4739937
vn 0.0016552549 0.18015967 -0.98363596
vn 0.002856896 0.17990187 -0.98368037
vn -0.002712666 0.18147214 -0.98339236
vn -0.002710921 0.18490323 -0.98275304
vn -0.0027106195 0.18572198 -0.98259854
vn -0.0044597797 0.13799278 -0.9904232
vn -0.0044592894 0.139226 -0.9902506
vn -0.0054369983 0.05169108 -0.99864835
vn -0.004460264 0.13675936 -0.99059427
vn -0.004463113 0.13156824 -0.9912971
vn 0.0024750694 0.12786326 -0.9917888
vn 0.00086976483 0.12659918 -0.99195355
vn -0.0054369792 0.05183457 -0.99864084
vn -0.005723097 0.0419676 -0.9991026
vn -0.0054369606 0.051978055 -0.99863344
vn -0.0054368665 0.052571602 -0.99860233
vn 0.0028112773 0.053923413 -0.9985411
vn -0.12172195 0.1409824 -0.98250073
vn 0.0007398657 0.055042308 -0.99848384
vn -0.607839 -0.030917767 -0.79345816
vn -0.18677047 0.080527 -0.97909766
vn -0.6578949 -0.0724915 -0.7496128
vn -0.9227538 -0.11917664 -0.36650002
vn -0.9927771 -0.11997354 4.479182E-06
vn -0.99962294 -0.027459804 0
vn -0.9906725 -0.13626416 0
vn -0.8597934 -0.12026007 -0.4962789
vn -0.9934588 -0.11418614 -0.0011117456
vn -0.7285744 -0.07913743 -0.6803798
vn -0.24147919 0.02921463 -0.96996605
vn -0.7182163 -0.032450233 -0.69506276
vn -0.99909973 -0.042424493 -1.6126845E-05
vn 0.0008740438 0.041911695 -0.9991209
vn -0.72202545 -0.02680514 -0.691347
vn -0.9994418 -0.033405595 0.00016228507
vn -0.26353344 0.01925892 -0.96445805
vn -0.72579116 -0.021158438 -0.6875896
vn -0.9997025 -0.024383986 0.0003406838
vn -0.2854254 0.009291332 -0.9583559
vn -0.7093158 -0.013851275 -0.7047547
vn -0.99986005 -0.016729208 0.00017033874
vn 0.0028274655 0.04157102 -0.9991316
vn 0.0010080759 0.02877381 -0.99958545
vn -0.30395424 0.0043891263 -0.9526766
vn -0.692401 -0.0065355347 -0.7214833
vn -0.9999589 -0.009073447 0
vn 0.002843221 0.029212268 -0.9995691
vn -0.006659803 0.017661972 -0.99982184
vn -0.005723513 0.041400544 -0.99912626
vn -0.32236168 -0.00051483396 -0.9466164
vn -0.69267946 -0.0055984547 -0.7212238
vn -0.99996877 -0.007913971 0
vn -0.006009444 0.030224299 -0.99952507
vn -0.005723217 0.04178498 -0.99911016
vn -0.01432648 0.0065468834 -0.9998759
vn -0.32239288 -0.00023250615 -0.9466059
vn -0.69295734 -0.004661364 -0.72096354
vn -0.99997723 -0.0067544724 0
vn -0.006008879 0.03158756 -0.99948287
vn -0.0057230867 0.042110723 -0.9990965
vn -0.0060087666 0.031913877 -0.99947256
vn -0.006008653 0.03224015 -0.99946207
vn -0.0071551213 0.022746151 -0.9997156
vn -0.32242408 4.9821963E-05 -0.9465954
vn -0.693235 -0.0037220381 -0.720702
vn -0.9999844 -0.0055949558 0
vn -0.32245538 0.00033367702 -0.9465846
vn -0.6935121 -0.0027827073 -0.7204397
vn -0.9999902 -0.0044354317 0
vn -0.32248667 0.0006175327 -0.9465738
vn -0.6937905 -0.0018360335 -0.7201746
vn -0.99999464 -0.0032759022 0
vn -0.32251883 0.0009089339 -0.9465627
vn -0.69406843 -0.000889363 -0.71990854
vn -0.99999774 -0.002116374 2.8077056E-06
vn -0.32255083 0.0012003358 -0.9465514
vn -0.6943455 5.7304926E-05 -0.7196419
vn -0.9999995 -0.00095684064 0
vn -1 0.00020267919 0
vn -0.3225822 0.0014866508 -0.94654024
vn -0.013091488 0.004160956 -0.9999057
vn -0.012773877 0.0035473781 -0.99991214
vn -0.012456263 0.002933799 -0.9999181
vn -0.013401034 0.004758971 -0.9998989
vn -0.012144219 0.0023309852 -0.9999236
vn -0.0036519638 0.00514697 -0.9999801
vn -0.0059075244 0.0033457703 -0.999977
vn -0.013710578 0.0053569833 -0.99989164
vn -0.014018534 0.005951935 -0.999884
vn -0.001436926 0.0069157444 -0.9999751
vn 0.00077038794 0.0086782845 -0.9999621
vn -0.004779751 0.004246375 -0.9999796
vn -0.0025444434 0.0060313665 -0.99997866
vn -0.0003332622 0.007797026 -0.9999696
vn 0.0018069003 0.01894628 -0.99981886
vn -0.0071556177 0.02034394 -0.9997675
vn -0.008301083 0.010461568 -0.99991083
vn -0.007897355 0.009339567 -0.99992526
vn -0.00749361 0.0082175415 -0.99993813
vn -0.0070888605 0.0070927343 -0.9999497
vn -0.007249957 0.02155094 -0.9997415
vn -0.008490293 0.011512126 -0.9998977
vn -0.0072497646 0.021878276 -0.99973434
vn -0.0083955955 0.012381293 -0.99988806
vn -0.008300933 0.01325007 -0.9998778
vn -0.00846805 0.01173904 -0.9998952
vn -0.008330432 0.010240255 -0.99991286
vn -0.008170553 0.008968353 -0.99992645
vn -0.008562446 0.010872564 -0.9999043
vn -0.008729273 0.009363801 -0.9999181
vn -0.008635148 0.010227961 -0.9999105
vn -0.008802228 0.008716837 -0.9999232
vn -0.008010452 0.0076947585 -0.99993837
vn -0.0088961935 0.007854011 -0.99992955
vn -0.007850334 0.0064211474 -0.9999486
vn -0.009063095 0.0063442052 -0.99993885
vn -0.008969291 0.0072056935 -0.99993384
vn -0.009136331 0.0056945323 -0.99994206
vn -0.0066841 0.005967914 -0.9999598
vn -0.0076891542 0.005139181 -0.9999572
vn -0.0062743286 0.0048291916 -0.99996865
vn -0.008902453 0.005064174 -0.99994755
vn -0.005864549 0.003690466 -0.99997604
vn -0.0075279633 0.003857207 -0.99996424
vn -0.008740197 0.0037852735 -0.9999547
vn -0.00930335 0.0041833622 -0.999948
vn -0.0094703445 0.0026721987 -0.9999516
vn -0.007367468 0.002580853 -0.9999696
vn -0.0054581286 0.0025610898 -0.9999819
vn -0.008578284 0.0025091937 -0.99996006
vn -0.008416359 0.0012331217 -0.9999639
vn -0.009637318 0.0011610504 -0.9999529
vn -0.009439035 0.0006513163 -0.9999553
vn -0.0072069606 0.0013045083 -0.9999732
vn -0.007021514 0.0024561603 -0.99997234
vn -0.008135472 0.0015665537 -0.99996567
vn -0.005051704 0.0014317195 -0.9999863
vn -0.0118321655 0.0017281721 -0.9999285
vn -0.32261378 0.0017729627 -0.94652903
vn -0.6946218 0.0010039684 -0.7193744
vn -0.32241556 0.0022864854 -0.9465955
vn -0.698215 0.002089627 -0.71588504
vn -0.99999917 0.0012724344 0
vn -0.011365305 0.0015095054 -0.9999343
vn -0.00790783 0.001179693 -0.99996805
vn -0.004842697 0.0010431453 -0.9999877
vn -0.70179045 0.0031754067 -0.7123763
vn -0.99999726 0.0023421932 0
vn -0.32221717 0.0028000108 -0.9466616
vn -0.010898439 0.0012908378 -0.9999398
vn -0.0076801814 0.00079283083 -0.9999702
vn -0.7054437 0.0042905314 -0.70875305
vn -0.99999416 0.003411957 0
vn -0.32200682 0.0033448841 -0.9467314
vn -0.010403973 0.0010592414 -0.9999453
vn -0.7090776 0.0054055993 -0.7051097
vn -0.99999 0.0044817184 0
vn -0.3217967 0.00388976 -0.9468008
vn -0.7126171 0.0064974464 -0.70152307
vn -0.9999846 0.005551475 0
vn -0.00463369 0.000654571 -0.99998903
vn -0.009909503 0.00082764484 -0.9999505
vn -0.32159546 0.004410319 -0.94686687
vn -0.7161376 0.0075890613 -0.6979178
vn -0.99997807 0.006621223 0
vn -0.009436498 0.0006061017 -0.9999553
vn -0.0072057634 -1.3377441E-05 -0.999974
vn -0.007442974 0.00038972704 -0.9999722
vn -0.3213942 0.0049308767 -0.94693273
vn -0.7196906 0.008696588 -0.6942404
vn -0.99997044 0.007690958 0
vn -0.004418818 0.00025509417 -0.9999902
vn -0.008963492 0.00038455916 -0.9999598
vn -0.32118604 0.005468708 -0.94700027
vn -0.7232233 0.0098037 -0.6905447
vn -0.9999616 0.008760677 0
vn -0.008475327 0.00015592808 -0.9999641
vn -0.006374832 -0.0005370359 -0.9999796
vn -0.32097793 0.006006537 -0.9470676
vn -0.7349222 0.0121111795 -0.6780433
vn -0.99993753 0.011178816 1.4857725E-05
vn -0.007987175 -7.270271E-05 -0.9999682
vn -0.31814182 0.0058754575 -0.9480249
vn -0.7464088 0.014416465 -0.6653315
vn -0.9999076 0.013596915 2.9695198E-05
vn -0.0068479953 -0.00031520159 -0.9999765
vn -0.31530276 0.0057443194 -0.9489737
vn -0.75796056 0.016776877 -0.6520846
vn -0.99987173 0.016014934 4.455317E-05
vn -0.31229338 0.0056054015 -0.9499692
vn -0.76926726 0.019130575 -0.6386407
vn -0.9998301 0.018432835 5.9391696E-05
vn -0.30928105 0.005466437 -0.950955
vn -0.7847569 0.02195878 -0.6194145
vn -0.9996408 0.026801385 8.129254E-05
vn -0.2852947 -0.0097485045 -0.9583903
vn -0.7997617 0.024773426 -0.59980625
vn -0.9993814 0.03516807 0.00010318771
vn -0.2610619 -0.024955055 -0.96499944
vn -0.78641003 0.022316925 -0.61730164
vn -0.9993888 0.034953304 0.0005486983
vn -0.22607176 -0.05856451 -0.97234863
vn -0.7759703 0.05756486 -0.6281373
vn -0.99546635 0.09509668 -0.0018334471
vn -0.18844536 -0.11512413 -0.9753126
vn -0.7499965 0.0920481 -0.6550057
vn -0.99181026 0.12771998 0
vn -0.14100246 -0.19608374 -0.9703965
vn -0.782853 0.10903822 -0.612578
vn -0.991115 0.13300769 0
vn -0.8185477 0.012098371 -0.57431114
vn -0.6997851 0.04755974 -0.7127685
vn -0.010262497 -0.2656363 -0.96401864
vn -0.059339598 -0.2564863 -0.96472454
vn -0.0036441223 -0.26867154 -0.963225
vn 0.0046954458 -0.25188863 -0.9677449
vn 0.004388422 -0.27509564 -0.9614068
vn 0.0029744527 -0.27169234 -0.9623795
vn 0.0029008728 -0.26566714 -0.9640604
vn 0.004331848 -0.26939204 -0.96302086
vn 0.0028271747 -0.25963116 -0.9657038
vn 0.0027639188 -0.25444952 -0.96708214
vn 0.0015806719 -0.16794719 -0.98579466
vn 0.004887281 -0.25414005 -0.9671551
vn 0.0042845546 -0.26462874 -0.9643408
vn 0.0027005873 -0.24926087 -0.9684326
vn 0.0024782761 -0.24525082 -0.9694565
vn 0.0020499325 -0.1777961 -0.98406523
vn -0.0017264626 -0.0921436 -0.9957443
vn 0.005041493 -0.25594923 -0.96667707
vn 0.0034480863 -0.26087454 -0.9653665
vn 0.0022559138 -0.24123645 -0.97046375
vn -0.0013185255 -0.0967223 -0.9953106
vn -1.9539373E-05 -0.037119336 -0.99931085
vn 0.002419003 -0.18553269 -0.98263514
vn 0.0037030783 -0.25755104 -0.96625763
vn 0.0029729255 -0.25874028 -0.9659424
vn 0.0020014315 -0.23663792 -0.9715958
vn 0.00031538407 -0.034545682 -0.999403
vn -0.001647893 -0.022791358 -0.9997389
vn 0.0029550267 -0.25844583 -0.9660213
vn 0.002497754 -0.2566047 -0.9665132
vn 0.001746915 -0.2320343 -0.972706
vn 0.0021991765 -0.25934955 -0.96578103
vn -0.0011736121 -0.19997582 -0.97980016
vn -0.00021823627 -0.19613934 -0.980576
vn -0.0050383722 -0.10708282 -0.9942373
vn 0.00072087336 -0.19236517 -0.9813231
vn -0.003964591 -0.10527701 -0.99443495
vn -0.0038819558 -0.028722025 -0.99957985
vn -0.0029132466 -0.103508525 -0.9946243
vn -0.002696728 -0.02974083 -0.999554
vn -0.0042343475 -0.02002649 -0.9997905
vn -0.0010005165 -0.10028997 -0.99495775
vn -0.0015384634 -0.030736398 -0.9995264
vn 0.0005747389 -0.032552555 -0.99946994
vn -0.0030477592 -0.021046417 -0.9997739
vn 6.1320774E-05 -0.023486098 -0.9997241
vn -0.003348442 -0.011090054 -0.9999329
vn -0.0045864205 -0.011329441 -0.9999254
vn -0.005452603 -0.009226359 -0.99994254
vn 0.00032129406 -0.021492276 -0.9997689
vn -0.0018830094 -0.021917943 -0.99975795
vn -0.0013921798 -0.009568886 -0.99995327
vn -0.00213831 -0.010856033 -0.99993885
vn -0.004213495 -0.008978849 -0.9999509
vn -0.005078537 -0.0068675806 -0.9999635
vn -0.0063187666 -0.007123206 -0.9999547
vn -0.007184897 -0.005020018 -0.9999616
vn -0.0032758752 -0.008458633 -0.9999589
vn -0.004485562 -0.0063055637 -0.9999701
vn 6.78098E-05 -0.01042937 -0.99994564
vn -0.003001237 -0.008736692 -0.9999573
vn -0.002598327 -0.0074278144 -0.9999691
vn -0.00079938327 -0.008223753 -0.9999659
vn -0.0056952382 -0.0041524298 -0.9999752
vn -0.003713756 -0.0052645705 -0.99997926
vn -0.0068412283 -0.002112561 -0.99997437
vn -0.0016665811 -0.006018065 -0.99998057
vn -0.0038647996 -0.0066078855 -0.9999707
vn -0.0054070414 -0.0009907634 -0.999985
vn -0.004560419 -0.0031276557 -0.99998474
vn -0.0058909357 -0.0007639 -0.99998236
vn -0.0025113875 -0.0038692735 -0.9999894
vn -0.0033561708 -0.0017204861 -0.99999297
vn -0.005937961 -0.004765437 -0.99997103
vn -0.0035697178 -0.0013234818 -0.9999927
vn -0.0047207032 -0.0044470895 -0.999979
vn -0.0068017705 -0.0025985008 -0.99997354
vn -0.008050985 -0.0029168245 -0.9999634
vn -0.008249284 -0.0024070926 -0.99996305
vn -0.00557657 -0.0022862938 -0.9999819
vn -0.0037832637 -0.0009264766 -0.9999925
vn -0.0069988444 -0.002087326 -0.9999734
vn -0.005770907 -0.0017733136 -0.99998176
vn -0.0071959146 -0.0015761516 -0.99997294
vn -0.008447581 -0.0018973594 -0.99996257
vn -0.008645879 -0.0013876247 -0.99996173
vn -0.0039936025 -0.00053543056 -0.9999919
vn -0.005965242 -0.0012603323 -0.9999814
vn -0.0073922034 -0.0010670321 -0.9999721
vn -0.004203943 -0.00014438356 -0.9999912
vn -0.006158031 -0.0007514292 -0.9999808
vn -0.0075884894 -0.0005579107 -0.99997103
vn -0.008844172 -0.0008778893 -0.99996054
vn -0.009042461 -0.0003681536 -0.9999591
vn -0.006355579 -0.00027138507 -0.99997985
vn -0.0077858907 -4.588208E-05 -0.9999697
vn -0.0065699844 0.00012547424 -0.9999784
vn -0.007986208 0.00044843592 -0.99996805
vn -0.009240751 0.00014158216 -0.9999573
vn -0.0067843897 0.0005223327 -0.9999769
vn -0.008201282 0.0008407782 -0.999966
vn -0.0069956766 0.00091342087 -0.9999751
vn -0.81854683 0.012097694 0.57431245
vn -0.8185477 0.012098371 -0.57431114
vn -0.991115 0.13300769 0
vn -0.78285307 0.10903791 0.612578
vn -0.99181026 0.12771998 0
vn -0.7084144 0.04510813 0.70435387
vn -0.009199462 -0.2582128 0.9660443
vn -0.7707469 0.09629861 0.62982196
vn -0.99546635 0.09509668 -0.0018334471
vn -0.8059282 0.052884255 0.5896465
vn -0.9993888 0.034953304 0.0005486983
vn -0.35610268 -0.15565714 0.9213912
vn -0.22173215 -0.2205646 0.9498348
vn -0.81822693 0.018352404 0.57460237
vn -0.9993814 0.03516807 0.00010318771
vn -0.00087235874 -0.28976187 0.95709836
vn -0.003719562 -0.26128325 0.9652551
vn -0.40365344 -0.107600026 0.90856266
vn -0.0076254313 -0.2878148 0.95765567
vn 0.0031622616 -0.29181257 0.9564703
vn 0.0017604859 -0.26434308 0.9644271
vn 0.0017703084 -0.25965613 0.96569943
vn 0.00426161 -0.163368 0.98655605
vn 0.0030050986 -0.28756884 0.9577553
vn 0.0017800903 -0.25496292 0.96694916
vn 0.00178983 -0.25026366 0.9681761
vn -0.015374873 -0.19492371 0.9806979
vn -0 -0.08887479 0.99604285
vn 0.0028478748 -0.28331935 0.9590214
vn 0.0017995266 -0.2455587 0.9693801
vn 0.0013496538 -0.24269325 0.97010213
vn 0.00426161 -0.163368 0.98655605
vn 0.0021354638 -0.28199047 0.95941484
vn 0.0008997613 -0.2398255 0.9708156
vn 0.0014230439 -0.28066087 0.95980597
vn 0.00044986076 -0.23695566 0.97152036
vn 0.0021263866 -0.16336888 0.9865628
vn -0 -0.08887478 0.99604285
vn -0 -0.049002673 0.9987986
vn 0.0007115008 -0.27933222 0.96019423
vn -0 -0.163369 0.98656505
vn -0 -0.27800295 0.9605802
vn -0 -0.23408374 0.9722164
vn -0.0004499243 -0.23695567 0.97152036
vn -0.00071157905 -0.27933222 0.96019423
vn -0.0008998157 -0.23982558 0.9708156
vn -0 -0.08887478 0.99604285
vn -0.0014231195 -0.28066087 0.95980597
vn -0.0013496991 -0.24269333 0.97010213
vn -0.0021263857 -0.16336888 0.9865628
vn -0.0021355362 -0.28199053 0.95941484
vn -0.0017995631 -0.24555883 0.96937996
vn -0.0028479435 -0.2833194 0.9590214
vn -0.0017898774 -0.25026372 0.9681761
vn -0.00426161 -0.163368 0.98655605
vn -0.003005191 -0.28756905 0.9577552
vn -0.0017801481 -0.2549629 0.96694916
vn -0.0017703775 -0.25965604 0.96569955
vn -0 -0.08887478 0.99604285
vn -0.003162378 -0.291813 0.9564702
vn -0.0017605653 -0.26434287 0.9644272
vn 0.003714604 -0.26128602 0.9652543
vn -0.00426161 -0.163368 0.98655605
vn 0.0008728044 -0.2897618 0.95709836
vn 0.009189641 -0.25821865 0.96604276
vn -0 -0.08887478 0.99604285
vn -0 -0.08887478 0.99604285
vn 0.2219257 -0.22047713 0.9498099
vn 0.007628518 -0.28781292 0.95765626
vn 0.708668 0.045210954 0.7040921
vn 0.8185459 0.01209767 0.5743137
vn -0 -0.08887479 0.99604285
vn 0.35612375 -0.15561646 0.92139
vn 0.015379995 -0.19492266 0.980698
vn -0 -0.049002677 0.9987986
vn -0 -0.049002677 0.9987986
vn -0 -0.0049841674 0.9999876
vn -0 -0.049002677 0.9987986
vn -0 -0.049002677 0.9987986
vn -0 -0.049002673 0.9987986
vn -0 -0.004984168 0.9999876
vn -0 -0.0049841674 0.9999876
vn -0 -0.049002677 0.9987986
vn -0 -0.0049841674 0.9999876
vn -0 -0.0049841674 0.9999876
vn 0.001427893 -0.0191228 0.9998161
vn 0.023490649 -0.10367093 0.9943342
vn -0 -0.004984168 0.9999876
vn 0.0053635724 -0.017254453 0.9998367
vn 0.0028556362 -0.018915255 0.9998171
vn 0.00650774 -0.0132589955 0.9998909
vn 0.4037422 -0.10757792 0.9085258
vn 0.027310122 -0.049293697 0.9984108
vn 0.0034085128 -0.014458537 0.99988973
vn 0.4079053 -0.056858845 0.91125214
vn -0 -0.019330304 0.99981314
vn 0.0014239266 -0.014623022 0.9998921
vn -0.0014275954 -0.019122839 0.9998161
vn -8.337763E-06 -0.014830918 0.99988997
vn 0.0019722527 -0.010166404 0.99994636
vn -0.0028553344 -0.018915335 0.9998171
vn -0.005363308 -0.017254217 0.9998367
vn -0.006523948 -0.013229506 0.99989116
vn -0.0014405312 -0.014623029 0.999892
vn 0.0039613205 -0.010001528 0.9999422
vn 0.0042043915 -0.006005016 0.9999732
vn -0 -0.004984168 0.9999876
vn -0.023483545 -0.103671655 0.99433434
vn -0.027301494 -0.04929319 0.9984112
vn -0.40781203 -0.05687118 0.911293
vn -0.82895666 0.025062438 0.5587511
vn -0.81932354 0.021885924 0.5729135
vn -0.9996408 0.026801385 8.129254E-05
vn -0.9998301 0.018432835 5.9391696E-05
vn -0.4040014 -0.021146372 0.91451395
vn -0.39805916 -0.009964891 0.91730565
vn -0.39205 0.0012182632 0.9199431
vn -0.80944186 0.018702772 0.586902
vn -0.3979612 0.0011360785 0.9174015
vn -0.80199325 0.01647319 0.59710586
vn -0.99987173 0.016014934 4.455317E-05
vn -0.40385675 0.0010538537 0.9148216
vn -0.7944103 0.014240165 0.6072146
vn -0.9999076 0.013596915 2.9695198E-05
vn -0.40973535 0.0009715782 0.9122039
vn -0.7866886 0.012002537 0.6172333
vn -0.99993753 0.011178816 1.4857725E-05
vn -0.7788396 0.009763667 0.6271471
vn -0.9999616 0.008760677 0
vn -0.41559657 0.0008892693 0.9095485
vn -0.7760712 0.008751451 0.63058454
vn -0.99997044 0.007690958 0
vn -0.0076844757 -0.00920456 0.9999281
vn -0.00399646 -0.009966343 0.9999424
vn -0.41544393 0.0011180843 0.9096181
vn -0.7732866 0.00773893 0.6340095
vn -0.99997807 0.006621223 0
vn -0.008341733 -0.0070878104 0.99994016
vn -0.41529143 0.001346901 0.9096874
vn -0.77048576 0.006726167 0.6374218
vn -0.9999846 0.005551475 0
vn -0.4151357 0.0015804892 0.90975815
vn -0.7676691 0.005713223 0.640821
vn -0.99999 0.0044817184 0
vn -0.41497996 0.0018140776 0.90982884
vn -0.0089989565 -0.0049710004 0.9999472
vn -0.7648424 0.0047022486 0.6442002
vn -0.99999416 0.003411957 0
vn -0.4148261 0.002044624 0.9098984
vn -0.0042563393 -0.0059773875 0.99997306
vn -0.7620003 0.0036912202 0.647566
vn -0.99999726 0.0023421932 0
vn -0.4146723 0.0022751712 0.90996796
vn -0.009656133 -0.0028541705 0.99994934
vn -0.75913686 0.0026780777 0.65092546
vn -0.99999917 0.0012724344 0
vn -0.41451848 0.0025057176 0.91003746
vn -0.75625825 0.0016650049 0.6542712
vn -1 0.00020267919 0
vn -0.9999995 -0.00095684064 0
vn -0.41436452 0.0027362634 0.9101069
vn -0.010313259 -0.0007373382 0.9999466
vn -0.0045161517 -0.0019883374 0.99998784
vn -0.41354138 0.0032775765 0.9104795
vn -0.75514513 0.00072225486 0.65555733
vn -0.011924857 0.0038620133 0.99992144
vn -0.75402904 -0.00022051971 0.6568409
vn -0.99999774 -0.002116374 2.8077056E-06
vn -0.41271773 0.0038188903 0.9108509
vn -0.7528932 -0.001177698 0.65814173
vn -0.99999464 -0.0032759022 0
vn -0.4118582 0.004383301 0.9112375
vn -0.7517542 -0.0021348791 0.65944
vn -0.9999902 -0.0044354317 0
vn -0.41099876 0.00494769 0.9116225
vn -0.013536247 0.008461491 0.99987257
vn -0.7506311 -0.0030764095 0.6607143
vn -0.9999844 -0.0055949558 0
vn -0.41017595 0.0054874187 0.91198987
vn -0.015147316 0.013060765 0.9998
vn -0.0061877435 0.008088634 0.99994814
vn -0.74950504 -0.004017921 0.6619864
vn -0.99997723 -0.0067544724 0
vn -0.4093529 0.006027138 0.9123562
vn -0.74836695 -0.00496717 0.6632664
vn -0.99996877 -0.007913971 0
vn -0.40851134 0.0065788114 0.91272956
vn -0.747226 -0.0059163785 0.6645436
vn -0.9999589 -0.009073447 0
vn -0.40766904 0.007130482 0.9131019
vn -0.7531988 -0.013332263 0.65765774
vn -0.99986005 -0.016729208 0.00017033874
vn -0.016757948 0.017659515 0.9997036
vn -0.3756361 0.010802447 0.9267043
vn -0.013935306 0.03198409 0.9993912
vn -0.7590678 -0.02074631 0.650681
vn -0.9997025 -0.024383986 0.0003406838
vn -0.00014698145 0.018151902 0.99983525
vn -0.007858696 0.018164752 0.9998042
vn -0.34314314 0.014461181 0.93917185
vn -0.7608783 -0.026767826 0.6483424
vn -0.9994418 -0.033405595 0.00016228507
vn -0.99909973 -0.042424493 -1.6126845E-05
vn -0.36641377 0.01897282 0.9302585
vn -0.76265454 -0.032788128 0.6459744
vn -0.9934588 -0.11418614 -0.0011117456
vn -0.002638779 0.030641451 0.999527
vn -0.38944954 0.023472289 0.9207487
vn -0.7649079 -0.078695245 0.6393145
vn -0.081763044 0.051776893 0.99530596
vn -0.009159575 0.057126466 0.99832493
vn -0.40058938 0.051147588 0.9148289
vn -0.86220205 -0.12082682 0.49194342
vn -0.9906725 -0.13626416 0
vn -0.7008585 -0.080201566 0.7087772
vn -0.92283815 -0.11889551 0.36637914
vn -0.9927771 -0.11997354 4.479182E-06
vn -0.10184118 0.13287403 0.98588693
vn -0.35216752 0.095813826 0.9310197
vn -0.60677177 0.07536834 0.7912949
vn -0.99962294 -0.027459804 0
vn -0.5814313 -0.0089079505 0.8135467
vn -0.19903286 0.14647184 0.968985
vn 0.0034253546 0.20453326 0.9788536
vn -0.035504673 0.22300662 0.9741701
vn -0.012163498 0.18780078 0.98213184
vn -0.072224654 0.1828519 0.98048395
vn -0.0018564283 0.24634941 0.9691793
vn 0.0029750422 0.2307365 0.9730117
vn 0.0064870086 0.22104114 0.97524285
vn 0.00039718425 0.1846157 0.98281074
vn 0.006974323 0.2603765 0.96548194
vn -0.0022353055 0.056355707 0.99840826
vn -0.0005420018 0.2181 0.97592634
vn -0.00042580435 0.18331374 0.98305434
vn -0.00054385274 0.25905487 0.96586245
vn -0.00095709023 0.19347501 0.9811047
vn -0.0072592874 0.031186592 0.99948716
vn -0.0012008593 0.21941227 0.9756315
vn -0.00065421726 0.1856145 0.9826224
vn -0.0061488952 0.058017727 0.9982967
vn -0.0023163764 0.26060808 0.96544194
vn -0.003829105 0.19754602 0.98028606
vn -0.0011981471 0.22153302 0.97515213
vn -0.00065155356 0.18890539 0.9819951
vn -0.0023147387 0.26317772 0.9647446
vn -0.0038262175 0.20151994 0.979477
vn -0.006148569 0.06066468 0.99813926
vn -0.0072590853 0.03225091 0.9994535
vn -0.0012021988 0.22387397 0.9746173
vn -0.0006568776 0.19216588 0.9813623
vn -0.0023130653 0.26575306 0.9640384
vn 2.2898623E-05 0.2670921 0.963671
vn 4.737609E-05 0.2250841 0.97433937
vn 4.7922105E-05 0.19364305 0.9810721
vn 0.00075238844 0.19171023 0.98145133
vn -0.003823206 0.20550524 0.9786485
vn -0.0061481055 0.063322 0.9979742
vn 0.0012967553 0.22387274 0.97461754
vn -0.007258841 0.033319663 0.9994184
vn -0 0.06465146 0.9979079
vn 0.0012923876 0.22152868 0.9751531
vn 0.0007463606 0.18797423 0.9821737
vn -0 0.20746197 0.9782431
vn 0.0012952973 0.21941325 0.9756311
vn 0.0007494727 0.18420266 0.982888
vn 0.00065545016 0.21808456 0.9759296
vn 0.00048783098 0.1815654 0.9833787
vn -0.0003011955 0.1821449 0.98327166
vn -0.0063770222 0.22083291 0.97529083
vn -0.0033594524 0.20180425 0.9794201
vn 0.00060258486 0.25974283 0.9656776
vn 0.0023619179 0.261145 0.9652967
vn 0.0023603593 0.26353407 0.96464723
vn 0.0023587681 0.265929 0.96398973
vn 0.0038233816 0.20550504 0.9786486
vn 0.003826386 0.20151943 0.97947705
vn 0.0038292827 0.19754541 0.9802862
vn 0.00095725915 0.19347452 0.9811048
vn -0.006955313 0.26133657 0.96522266
vn 0.00614842 0.06332186 0.9979742
vn 0.006148831 0.060664423 0.99813926
vn 0.006149136 0.058017325 0.9982967
vn 0.002235596 0.056355186 0.99840826
vn -0.0028475723 0.22984903 0.9732221
vn 0.012166104 0.18779993 0.98213196
vn 0.0018583159 0.24749026 0.96888864
vn 0.07237654 0.18273038 0.9804954
vn 0.1932479 0.14866577 0.9698215
vn 0.60583156 0.07384835 0.79215807
vn 0.03550748 0.22414881 0.97390795
vn 0.0072595864 0.031186415 0.99948716
vn 0.0026391197 0.030641224 0.999527
vn 0.009159897 0.057125762 0.99832493
vn 0.013936844 0.031983715 0.9993912
vn 0.10188959 0.13286225 0.9858834
vn 0.35208234 0.09660175 0.93097055
vn 0.08180022 0.05177315 0.99530303
vn 0.57626766 -0.0066051297 0.81723434
vn 0.40069777 0.051114745 0.9147834
vn 0.7008583 -0.080202624 0.7087772
vn 0.9228426 -0.11889611 0.36636752
vn 0.9927771 -0.11997427 4.73782E-06
vn 0.9996228 -0.027460912 0
vn 0.9906723 -0.13626537 0
vn 0.86220187 -0.12082713 0.49194375
vn 0.9934589 -0.11418507 -0.0011115444
vn 0.76490784 -0.07869497 0.63931453
vn 0.3895621 0.023456741 0.9207014
vn 0.7626545 -0.032788035 0.6459746
vn 0.99909973 -0.042424202 -1.6164136E-05
vn 0.36652103 0.018960716 0.93021655
vn 0.76087785 -0.02676779 0.64834285
vn 0.9994418 -0.033405524 0.00016228469
vn 0.34324482 0.014452526 0.9391348
vn 0.759067 -0.020746341 0.6506819
vn 0.9997025 -0.024384132 0.00034072032
vn 0.37588108 0.01083797 0.9266045
vn 0.7532832 -0.013320624 0.65756136
vn 0.99986005 -0.016729262 0.00017034884
vn 0.74739707 -0.0058930954 0.6643515
vn 0.9999589 -0.009073412 0
vn 0.40805316 0.0072100316 0.9129297
vn 0.016752109 0.0177716 0.9997017
vn 0.7485408 -0.0049466663 0.6630702
vn 0.99996877 -0.00791394 0
vn 0.40889645 0.0066485363 0.9125566
vn 0.015127705 0.013138085 0.9997993
vn 0.00012343102 0.018230833 0.9998338
vn 0.74968165 -0.004000195 0.66178644
vn 0.99997723 -0.006754445 0
vn 0.40973938 0.0060870266 0.9121823
vn 0.007859002 0.018214477 0.99980325
vn 0.006153521 0.008103461 0.99994826
vn 0.75081015 -0.003061433 0.66051096
vn 0.9999844 -0.005594932 0
vn 0.41056344 0.005537694 0.9118152
vn 0.0072594085 0.03225079 0.9994535
vn 0.75193644 -0.0021226767 0.65923214
vn 0.9999902 -0.0044354126 0
vn 0.013502859 0.00850404 0.9998727
vn 0.4113872 0.0049883532 0.9114471
vn 0.007980992 0.017866908 0.9998086
vn 0.0072592227 0.033319596 0.9994184
vn 0.75307834 -0.0011683092 0.65792984
vn 0.99999464 -0.0032758855 0
vn 0.41224784 0.0044139028 0.91106105
vn -0 0.03385438 0.99942684
vn 0.007859161 0.01856788 0.9997967
vn 0.75421727 -0.00021394089 0.6566249
vn 0.99999774 -0.0021163523 1.4119646E-06
vn 0.0118776895 0.0038697878 0.99992204
vn 0.4131083 0.00383945 0.9106738
vn -0.007858715 0.018567888 0.9997967
vn 0.7553362 0.0007260602 0.65533704
vn 0.9999995 -0.00095682655 2.08721E-06
vn 0.41393274 0.0032884947 0.91030157
vn 0.75645226 0.0016660376 0.6540467
vn 1 0.0002026805 0
vn 0.4147569 0.0027375382 0.9099281
vn 0.759322 0.0026771442 0.6507096
vn 0.99999917 0.0012724142 0
vn 0.010252312 -0.0007643257 0.9999472
vn -0.008015302 0.01783405 0.99980885
vn -0.004802845 0.0076950034 0.9999589
vn -1.574329E-05 0.007968366 0.9999683
vn -0.0022739058 -0.0023382036 0.99999475
vn 0.0044473945 -0.0020084057 0.9999881
vn 0.002207879 -0.0023482372 0.9999949
vn 0.41490188 0.002500843 0.90986264
vn 0.009602626 -0.0028890893 0.9999497
vn 0.41504586 0.0022641213 0.9097976
vn 0.7621756 0.0036883238 0.6473597
vn 0.99999726 0.0023421561 1.3144223E-06
vn 0.41519168 0.0020274508 0.90973175
vn 0.7650086 0.0046973876 0.6440029
vn 0.99999416 0.003411895 0
vn 0.008952867 -0.005013861 0.9999474
vn 0.41533557 0.0017907313 0.90966654
vn 0.76782537 0.0057064043 0.6406338
vn 0.99999 0.0044816323 0
vn 0.41548333 0.0015509375 0.90959954
vn 0.7706326 0.0067173787 0.6372442
vn 0.9999846 0.0055513675 0
vn 0.008303066 -0.007138608 0.99994004
vn 0.41562995 0.0013111201 0.90953285
vn 0.7734241 0.00772818 0.6338418
vn 0.99997807 0.0066210926 0
vn 0.41577286 0.0010761801 0.90946776
vn 0.7761995 0.008738738 0.63042676
vn 0.99997044 0.007690809 0
vn 0.77895886 0.009748995 0.6269993
vn 0.9999616 0.0087605035 0
vn 0.41591722 0.0008412798 0.909402
vn 0.0076517947 -0.009263309 0.9999279
vn 0.41000593 0.0009368529 0.91208243
vn 0.7867767 0.01199147 0.6171213
vn 0.99993753 0.011178618 1.4898425E-05
vn 0.4040768 0.0010323942 0.91472447
vn 0.79446816 0.014232722 0.6071391
vn 0.9999076 0.013596694 2.9743465E-05
vn 0.39813146 0.0011279305 0.91732764
vn 0.8020219 0.016469378 0.5970675
vn 0.99987173 0.016014697 4.458835E-05
vn 0.39216933 0.0012233857 0.91989225
vn 0.80944216 0.018702613 0.5869016
vn 0.9998301 0.018432572 5.9432783E-05
vn 0.398171 -0.009958606 0.91725713
vn 0.81932425 0.021885853 0.57291263
vn 0.9996408 0.026801314 8.194562E-05
vn 0.40410578 -0.02113892 0.914468
vn 0.8289569 0.025062455 0.5587507
vn 0.9993814 0.035168182 0.00010440833
vn 0.81822693 0.018353589 0.57460225
vn 0.9993888 0.03495199 0.0005499401
vn 0.80590886 0.05293532 0.5896684
vn 0.99546164 0.095145844 -0.0018719047
vn 0.7707264 0.096275315 0.62985075
vn 0.9918127 0.12770091 -0.00033386823
vn 0.7828949 0.10900192 0.6125309
vn 0.9911152 0.13300619 0
vn 0.81854534 0.01209739 -0.5743145
vn -0 0.24244183 -0.97016597
vn 6.293632E-06 0.24226135 -0.9702111
vn -0 0.24244183 -0.97016597
vn 0.0016969193 0.1934651 -0.98110574
vn -0.00093382294 -0.25637078 -0.96657807
vn -0.016237816 -0.2539781 -0.9670737
vn 0.00022914278 -0.28100505 -0.95970625
vn 0.00022915346 -0.2810053 -0.95970625
vn 0.0019650173 -0.0063448236 0.99997795
vn -1.682154E-05 -0.01033124 0.9999467
vn -2.4235376E-05 -0.0065096966 0.9999789
vn -0.002006645 -0.010148811 0.9999465
vn -0.0020140894 -0.006327286 0.99997795
vn -0.003425932 -0.014440985 0.99988985
vn -3.164885E-05 -0.0026880575 0.9999964
vn 0.004753109 0.0077079483 0.999959
vn -0 0.01862389 0.9998266
vn 1 0 0
vn 1 0 0
vn 1 0 0
vn 1 0 0
vn 1 0 0
vn 1 0 0
vn 1 0 0
vn 1 0 0
vn 1 0 0
vn 1 0 0
vn 1 0 0
vn 1 0 0
vn 1 0 0
vn 1 0 0
vn 1 0 0
vn 1 0 0
vn 1 0 0
vn 1 0 0
vn 1 0 0
vn 1 0 0
vn 1 0 0
vn 1 0 0
vn 1 0 0
vn 1 0 0
vn 1 0 0
vn 1 0 0
vn 1 0 0
vn 1 0 0
vn 1 0 0
vn 1 0 0
vn 1 0 0
vn 1 0 0
vn 1 0 0
vn 1 0 0
vn 1 0 0
vn 1 0 0
vn 1 0 0
vn 1 0 0
vn 1 0 0
vn 1 0 0
vn 1 0 0
vn 1 0 0
vn 1 0 0
vn 1 0 0
vn 1 0 0
vn 1 0 0
vn 1 0 0
vn 1 0 0
vn 1 0 0
vn 1 0 0
vn 1 0 0
vn 1 0 0
vn 1 0 0
vn 1 0 0
vn 1 0 0
vn 1 0 0
vn 1 0 0
vn 1 0 0
vn 1 0 0
vn 1 0 0
vn 1 0 0
vn 1 0 0
vn 1 0 0
vn 1 0 0
vn 1 0 0
vn 1 0 0
vn 1 0 0
vn 1 0 0
vn 1 0 0
vn 1 0 0
vn 1 0 0
vn 1 0 0
vn -0 -0.9992557 -0.03857511
vn -0.0006929571 -0.9996692 -0.025708906
vn -0.00070241967 -0.9996737 -0.025533166
vn -0.0014047195 -0.9999211 -0.012486865
vn -0.0013857995 -0.9999167 -0.012838418
vn -0.0016934058 -0.9999732 -0.0071221543
vn -0.0016839475 -0.999972 -0.0072979406
vn -0.0019820437 -0.99999654 -0.001757241
vn -0.0019820435 -0.99999654 -0.001757241
vn -0.031676497 -0.24451251 -0.96912867
vn -0.036433093 -0.18234907 -0.9825586
vn -0.035632983 -0.18192703 -0.98266625
vn -0.033334162 -0.24514514 -0.9689132
vn -0.031566147 -0.27374247 -0.9612849
vn -0.034991715 -0.24577689 -0.9686946
vn -0.03483284 -0.18150482 -0.98277295
vn -0.034029882 -0.18108124 -0.9828792
vn -0.033558268 -0.27393198 -0.96116346
vn -0.03687231 -0.21727031 -0.9754149
vn -0.03555024 -0.27412033 -0.96103805
vn -0.036700647 -0.24667257 -0.9684037
vn -0.03840943 -0.2475673 -0.9681091
vn -0.033226907 -0.180657 -0.9829847
vn -0.039422076 -0.27441046 -0.9608042
vn -0.037486233 -0.27426597 -0.960923
vn -0.035165843 -0.21524388 -0.975927
vn -0.035594944 -0.21573454 -0.9758031
vn -0.04092667 -0.13632923 -0.9898178
vn -0.03602403 -0.21622516 -0.9756787
vn -0.040685236 -0.13219668 -0.9903882
vn -0.07950692 -0.054119542 -0.99536407
vn -0.036448177 -0.21674776 -0.975547
vn -0.040443093 -0.12806182 -0.9909412
vn -0.040210124 -0.12394411 -0.99147415
vn -0.039976455 -0.119824275 -0.9919899
vn -0.051357165 -0.0303545 -0.99821895
vn -0.07247206 -0.04820612 -0.9962048
vn -0.10501147 -0.04480447 -0.99346125
vn -0.06543116 -0.042288244 -0.9969606
vn -0.058396656 -0.03632292 -0.9976324
vn -0.06337745 -0.02429308 -0.99769384
vn -0.09124672 -0.04050963 -0.995004
vn -0.13043816 -0.035456188 -0.9908222
vn -0.084212124 -0.034594286 -0.99584717
vn -0.07042239 -0.030261092 -0.99705815
vn -0.07538622 -0.018227248 -0.9969879
vn -0.116710484 -0.031174405 -0.9926766
vn -0.1434033 -0.030523166 -0.9891936
vn -0.10295824 -0.026886053 -0.9943223
vn -0.08918163 -0.02255903 -0.9957599
vn -0.08347814 -0.015553736 -0.9963882
vn -0.127284 -0.027369944 -0.9914887
vn -0.15634559 -0.025582245 -0.9873711
vn -0.1135447 -0.023084763 -0.9932647
vn -0.09726608 -0.0198837 -0.9950597
vn -0.09156516 -0.012878687 -0.9957158
vn -0.13784121 -0.023562012 -0.99017406
vn -0.16925725 -0.020636344 -0.9853558
vn -0.12411943 -0.019279547 -0.99208003
vn -0.10534303 -0.017207067 -0.9942871
vn -0.09964549 -0.010202712 -0.99497074
vn -0.15078636 -0.01862212 -0.98839104
vn -0.18213089 -0.015688347 -0.9831492
vn -0.13467821 -0.0154718775 -0.9907686
vn -0.1159233 -0.013402902 -0.9931677
vn -0.10771736 -0.007526378 -0.9941531
vn -0.16370304 -0.0136782 -0.98641485
vn -0.18406494 -0.013169064 -0.9828258
vn -0.14521715 -0.011663205 -0.989331
vn -0.12649013 -0.0095965285 -0.9919214
vn -0.10847054 -0.0062053045 -0.99408025
vn -0.16506343 -0.011748352 -0.98621297
vn -0.18599725 -0.010649502 -0.98249257
vn -0.14658058 -0.00973392 -0.9891509
vn -0.12785624 -0.0076670214 -0.9917631
vn -0.10922351 -0.0048842044 -0.99400526
vn -0.16642286 -0.009818466 -0.98600554
vn -0.18792775 -0.008129729 -0.9821492
vn -0.14794317 -0.00780452 -0.98896503
vn -0.12922174 -0.005737329 -0.9915992
vn -0.10997625 -0.003563079 -0.99392784
vn -0.16778137 -0.007888569 -0.9857927
vn -0.18985638 -0.005609815 -0.98179585
vn -0.14930499 -0.005875032 -0.9887737
vn -0.13058653 -0.0038074728 -0.9914296
vn -0.110728696 -0.0022419358 -0.99384815
vn -0.16913883 -0.0059586843 -0.98557425
vn -0.19178307 -0.003089849 -0.9814325
vn -0.15066598 -0.0039454857 -0.98857695
vn -0.13195075 -0.0018774848 -0.9912545
vn -0.1114809 -0.00092079124 -0.9937662
vn -0.17107296 -0.003438725 -0.9852524
vn -0.19370773 -0.0005699045 -0.98105913
vn -0.15202612 -0.0020159206 -0.98837435
vn -0.1327009 -0.00055594125 -0.991156
vn -0.11223284 0.000400348 -0.9936819
vn -0.17300545 -0.000918573 -0.98492044
vn -0.19563037 0.0019499526 -0.98067576
vn -0.15338539 -8.636897E-05 -0.98816645
vn -0.13345078 0.0007655531 -0.99105513
vn -0.11298452 0.0017214799 -0.9935953
vn -0.17493622 0.0016017063 -0.98457843
vn -0.1975509 0.0044696266 -0.9802824
vn -0.1547438 0.0018431487 -0.987953
vn -0.13420029 0.002086994 -0.990952
vn -0.113735914 0.003042584 -0.9935063
vn -0.17686531 0.0041220193 -0.9842264
vn -0.19612926 0.0072272783 -0.9805515
vn -0.15610127 0.0037725833 -0.98773384
vn -0.13494945 0.0034083633 -0.9908466
vn -0.13333422 0.0055554905 -0.9910556
vn -0.11196249 0.0045551583 -0.99370193
vn -0.17543748 0.006880069 -0.98446655
vn -0.15449145 0.0059194174 -0.9879764
vn -0.13171804 0.0077025346 -0.9912573
vn -0.110188365 0.0060677635 -0.9938922
vn -0.17400794 0.009638058 -0.9846971
vn -0.19470565 0.009985031 -0.98081094
vn -0.15288047 0.008066312 -0.9882117
vn -0.13010092 0.0098494375 -0.9914518
vn -0.10841363 0.0075803706 -0.99407697
vn -0.17257674 0.012395901 -0.98491806
vn -0.19328007 0.012742796 -0.98106086
vn -0.15126829 0.010213211 -0.9884399
vn -0.12848301 0.0119961575 -0.9916392
vn -0.106638245 0.009092949 -0.9942563
vn -0.17114392 0.015153511 -0.9851295
vn -0.19185255 0.01550049 -0.9813013
vn -0.14965504 0.012360067 -0.98866105
vn -0.12671123 0.01350931 -0.99184763
vn -0.1048623 0.010605481 -0.99443024
vn -0.16953424 0.017301038 -0.98537236
vn -0.19042328 0.018258035 -0.98153234
vn -0.14804067 0.014506832 -0.9888749
vn -0.12493864 0.0150224725 -0.9920507
vn -0.1030858 0.01211793 -0.9945986
vn -0.16792333 0.019448534 -0.9856082
vn -0.18899211 0.021015335 -0.98175365
vn -0.14642525 0.016653456 -0.9890815
vn -0.12316531 0.016535627 -0.9922484
vn -0.10130878 0.013630278 -0.99476165
vn -0.16631112 0.021595947 -0.98583686
vn -0.18755917 0.023772325 -0.9819656
vn -0.14480878 0.018799888 -0.989281
vn -0.12139121 0.018048752 -0.9924406
vn -0.09953125 0.0151425125 -0.9949191
vn -0.16469765 0.023743242 -0.9860583
vn -0.1861245 0.026528938 -0.98216796
vn -0.1431914 0.020946106 -0.9894734
vn -0.09772862 0.03347161 -0.99465007
vn -0.08232237 0.027083213 -0.99623764
vn -0.13495342 0.04268982 -0.98993194
vn -0.15648192 0.045498315 -0.9866323
vn -0.11959008 0.036382336 -0.9921565
vn -0.0804964 0.045406993 -0.9957201
vn -0.065077335 0.039011937 -0.9971174
vn -0.111283354 0.058107983 -0.99208844
vn -0.12664258 0.06441036 -0.98985505
vn -0.095892884 0.05178931 -0.9940435
vn -0.068144046 0.05351481 -0.9962392
vn -0.05981886 0.04706346 -0.99709916
vn -0.091884404 0.066276915 -0.9935616
vn -0.107272774 0.07259608 -0.99157566
vn -0.08355348 0.059904106 -0.99470115
vn -0.06287881 0.061561707 -0.99612063
vn -0.054554842 0.05511068 -0.99698883
vn -0.07952987 0.074381836 -0.99405354
vn -0.08785514 0.08074952 -0.992855
vn -0.051564563 0.16672699 -0.9846539
vn -0.07119575 0.06800587 -0.9951414
vn -0.050161365 0.16200267 -0.9855145
vn -0.044539917 0.2138584 -0.9758488
vn -0.04737056 0.15246356 -0.9871732
vn -0.045982998 0.14764887 -0.9879703
vn -0.0340535 0.2018842 -0.97881716
vn -0.048756905 0.15727429 -0.9863506
vn -0.041947618 0.2108584 -0.9766162
vn -0.04235525 0.19547758 -0.9797931
vn -0.036704358 0.20487128 -0.9781004
vn -0.029734189 0.19779353 -0.9797926
vn -0.039354626 0.20785505 -0.9773677
vn -0.03917552 0.19598109 -0.9798249
vn -0.03860675 0.1623496 -0.98597777
vn -0.0378162 0.16525477 -0.98552567
vn -0.037025303 0.16815846 -0.9850643
vn -0.035995375 0.19648255 -0.9798464
vn -0.032864947 0.19713905 -0.97982454
vn -0.03547216 0.17385243 -0.98413265
vn -0.036248893 0.17100619 -0.9846029
vn 0.0023663254 0.99888796 -0.047088124
vn 0.0023663251 0.99888796 -0.04708813
vn 0.0020196263 0.99915075 -0.041156143
vn 0.0020324579 0.9991416 -0.041375685
vn 0.0016985234 0.9993625 -0.035661884
vn 0.0016728558 0.9993781 -0.035222683
vn 0.0008493517 0.9997764 -0.0211311
vn 0.00083651376 0.99978095 -0.02091141
vn -0 0.9999783 -0.00659584
vn 0.01942015 -0.20813352 0.9779076
vn 0.021900786 -0.18940115 0.98165554
vn 0.021900788 -0.18940116 0.98165554
vn 0.019435255 -0.20801984 0.97793144
vn 0.016975412 -0.22646655 0.973871
vn 0.016975414 -0.22646655 0.973871
vn 0.046692774 -0.2089594 0.97680897
vn 0.053029004 -0.20247981 0.9778496
vn 0.046692777 -0.20895942 0.97680897
vn 0.05189201 -0.20809953 0.97673017
vn 0.050790627 -0.2137454 0.9755681
vn 0.041932855 -0.21758851 0.97513944
vn 0.06881104 -0.17097194 0.98287016
vn 0.06517557 -0.16606581 0.9839585
vn 0.061638158 -0.16102791 0.98502326
vn 0.09834893 -0.09414646 0.9906887
vn 0.083670765 -0.08541304 0.9928262
vn 0.06907464 -0.07655317 0.99466985
vn 0.1384507 -0.06688586 0.9881082
vn 0.10986246 -0.053018294 0.9925317
vn 0.14409725 -0.048015237 0.9883979
vn 0.08123722 -0.038982324 0.99593216
vn 0.19415438 -0.06016127 0.9791245
vn 0.09340427 -0.035536066 0.99499387
vn 0.24118611 -0.062103637 0.96848977
vn 0.10602952 -0.040429693 0.9935407
vn 0.17453346 -0.05146961 0.98330516
vn 0.2717223 -0.039834417 0.96155095
vn 0.20040026 -0.03349262 0.9791414
vn 0.12553398 -0.02641983 0.99173754
vn 0.2856939 -0.013223215 0.95822966
vn 0.13981116 -0.007148223 0.9901524
vn 0.21444221 -0.010260136 0.9766827
vn 0.2942133 -0.013244723 0.95564795
vn 0.1479608 -0.0071987538 0.988967
vn 0.22286348 -0.010298567 0.97479534
vn 0.3025222 -0.013264264 0.95305
vn 0.15623687 -0.007247067 0.987693
vn 0.23123519 -0.010334653 0.972843
vn 0.31062627 -0.013281984 0.95043933
vn 0.16463226 -0.0072931866 0.98632807
vn 0.23955588 -0.010368472 0.97082716
vn 0.31853083 -0.013298068 0.9478192
vn 0.17313989 -0.007337123 0.98486996
vn 0.24782407 -0.010400125 0.9687492
vn 0.32624164 -0.013312614 0.9451927
vn 0.18175274 -0.007378978 0.9833166
vn 0.25603852 -0.010429702 0.9666104
vn 0.33376357 -0.013325683 0.9425627
vn 0.19046389 -0.007418818 0.98166615
vn 0.26419792 -0.010457268 0.9644118
vn 0.3385863 -0.0038731063 0.9409273
vn 0.2694515 -0.0032516439 0.96300846
vn 0.1959135 -0.0025701257 0.9806178
vn 0.33787826 0.0041060233 0.9411808
vn 0.19440152 0.0015472266 0.9809208
vn 0.2682722 0.0028593317 0.9633389
vn 0.33457583 0.004101211 0.9423599
vn 0.18957233 0.0015383518 0.9818656
vn 0.26421344 0.0028524736 0.96446
vn 0.33123183 0.004096155 0.94354045
vn 0.18476225 0.0015291891 0.98278207
vn 0.2601406 0.0028453243 0.9655666
vn 0.3278454 0.004090935 0.94472253
vn 0.1799726 0.0015197771 0.9836705
vn 0.25605372 0.0028379413 0.96665835
vn 0.3244157 0.004085525 0.94590586
vn 0.17520441 0.0015101599 0.9845309
vn 0.25195312 0.0028303345 0.9677353
vn 0.32094204 0.0040797554 0.9470901
vn 0.1704589 0.0015001129 0.98536354
vn 0.2478389 0.0028223062 0.96879715
vn 0.3174229 0.004073717 0.9482754
vn 0.16573785 0.0014897168 0.9861688
vn 0.24371119 0.0028139409 0.96984375
vn 0.30787334 0.018546177 0.95124656
vn 0.23406132 0.014569432 0.97211266
vn 0.15593083 0.010255271 0.98771477
vn 0.28749776 0.031591143 0.9572602
vn 0.1377619 0.017934397 0.990303
vn 0.21436599 0.024942985 0.9764348
vn 0.25963137 0.03150333 0.96519375
vn 0.115259334 0.01762674 0.9931791
vn 0.18882717 0.024721878 0.9816991
vn 0.22982563 0.031365957 0.9727262
vn 0.093938455 0.017274518 0.9954281
vn 0.16289988 0.0244502 0.9863397
vn 0.19636413 0.03929771 0.9797432
vn 0.13499309 0.031374373 0.99034977
vn 0.07224805 0.023125751 0.9971186
vn 0.148325 0.04266505 0.9880179
vn 0.057294186 0.024011597 0.9980685
vn 0.102933176 0.03338523 0.99412787
vn 0.098457545 0.060149398 0.99332184
vn 0.0535645 0.040208336 0.9977545
vn 0.07598656 0.05026286 0.9958412
vn 0.054248605 0.1345106 0.98942614
vn 0.05156735 0.12693289 0.99056995
vn 0.048920564 0.11936308 0.9916447
vn 0.043110635 0.21159764 0.9764056
vn 0.043053463 0.21164615 0.97639763
vn 0.042995747 0.21175578 0.97637635
vn 0.041644137 0.2643292 0.963533
vn 0.042751636 0.2648196 0.9633499
vn 0.04389169 0.26525104 0.96317977
vn 0.040790442 0.28194973 0.95856166
vn 0.04286373 0.2805827 0.9588723
vn 0.044901237 0.2792374 0.9591717
vn 0.04389169 0.26525104 0.96317977
vn 0.018726291 0.2612253 0.96509624
vn 0.020936368 0.23728517 0.9712144
vn 0.018726291 0.26122528 0.96509624
vn 0.020953262 0.23710102 0.97125906
vn 0.023187451 0.21260454 0.97686315
vn 0.023187457 0.21260455 0.97686315
g body_header_back_PinchOut_0
f 3/3/3 2/2/2 1/1/1
f 2/2/2 4/4/4 1/1/1
f 4/4/4 5/5/5 1/1/1
f 5/5/5 6/6/6 1/1/1
f 7/7/7 6/6/6 5/5/5
f 2/2/2 8/8/8 4/4/4
f 2/2/2 9/9/9 8/8/8
f 10/10/10 7/7/7 5/5/5
f 11/11/11 7/7/7 10/10/10
f 4/4/4 8/8/8 12/12/12
f 5/5/5 4/4/4 12/12/12
f 9/9/9 13/13/13 8/8/8
f 9/9/9 14/14/14 13/13/13
f 15/15/15 11/11/11 10/10/10
f 16/16/16 11/11/11 15/15/15
f 17/17/17 12/12/12 8/8/8
f 13/13/13 17/17/17 8/8/8
f 14/14/14 18/18/18 13/13/13
f 14/14/14 19/19/19 18/18/18
f 20/20/20 16/16/16 15/15/15
f 21/21/21 16/16/16 20/20/20
f 17/17/17 13/13/13 22/22/22
f 13/13/13 18/18/18 22/22/22
f 19/19/19 23/23/23 18/18/18
f 19/19/19 24/24/24 23/23/23
f 25/25/25 21/21/21 20/20/20
f 26/26/26 21/21/21 25/25/25
f 27/27/27 22/22/22 18/18/18
f 27/27/27 18/18/18 23/23/23
f 24/24/24 28/28/28 23/23/23
f 24/24/24 29/29/29 28/28/28
f 30/30/30 26/26/26 25/25/25
f 31/31/31 26/26/26 30/30/30
f 32/32/32 27/27/27 23/23/23
f 28/28/28 32/32/32 23/23/23
f 33/33/33 28/28/28 29/29/29
f 33/33/33 29/29/29 34/34/34
f 35/35/35 31/31/31 30/30/30
f 36/36/36 31/31/31 35/35/35
f 37/37/37 32/32/32 28/28/28
f 33/33/33 37/37/37 28/28/28
f 38/38/38 33/33/33 34/34/34
f 38/38/38 34/34/34 39/39/39
f 39/39/39 40/40/40 38/38/38
f 39/39/39 41/41/41 40/40/40
f 41/41/41 42/42/42 40/40/40
f 33/33/33 38/38/38 43/43/43
f 37/37/37 33/33/33 43/43/43
f 42/42/42 44/44/44 40/40/40
f 44/44/44 42/42/42 45/45/45
f 46/46/46 44/44/44 45/45/45
f 46/46/46 45/45/45 47/47/47
f 44/44/44 46/46/46 48/48/48
f 40/40/40 44/44/44 48/48/48
f 40/40/40 48/48/48 49/49/49
f 50/50/50 38/38/38 40/40/40
f 50/50/50 43/43/43 38/38/38
f 50/50/50 40/40/40 49/49/49
f 43/43/43 50/50/50 49/49/49
f 51/51/51 46/46/46 47/47/47
f 51/51/51 48/48/48 46/46/46
f 51/51/51 47/47/47 52/52/52
f 53/53/53 51/51/51 52/52/52
f 48/48/48 51/51/51 53/53/53
f 53/53/53 52/52/52 54/54/54
f 48/48/48 53/53/53 55/55/55
f 55/55/55 53/53/53 54/54/54
f 49/49/49 48/48/48 55/55/55
f 56/56/56 55/55/55 54/54/54
f 56/56/56 57/57/57 55/55/55
f 56/56/56 58/58/58 57/57/57
f 49/49/49 55/55/55 59/59/59
f 59/59/59 55/55/55 57/57/57
f 58/58/58 60/60/60 57/57/57
f 61/61/61 60/60/60 58/58/58
f 59/59/59 57/57/57 62/62/62
f 49/49/49 59/59/59 62/62/62
f 62/62/62 57/57/57 60/60/60
f 61/61/61 63/63/63 60/60/60
f 64/64/64 63/63/63 61/61/61
f 65/65/65 49/49/49 62/62/62
f 43/43/43 49/49/49 65/65/65
f 43/43/43 65/65/65 66/66/66
f 65/65/65 62/62/62 66/66/66
f 37/37/37 43/43/43 66/66/66
f 67/67/67 62/62/62 60/60/60
f 67/67/67 60/60/60 63/63/63
f 67/67/67 66/66/66 62/62/62
f 64/64/64 68/68/68 63/63/63
f 68/68/68 64/64/64 69/69/69
f 37/37/37 66/66/66 70/70/70
f 37/37/37 70/70/70 32/32/32
f 71/71/71 67/67/67 63/63/63
f 63/63/63 68/68/68 71/71/71
f 67/67/67 72/72/72 66/66/66
f 72/72/72 70/70/70 66/66/66
f 67/67/67 71/71/71 72/72/72
f 68/68/68 69/69/69 73/73/73
f 73/73/73 69/69/69 74/74/74
f 70/70/70 75/75/75 32/32/32
f 32/32/32 75/75/75 27/27/27
f 72/72/72 76/76/76 70/70/70
f 76/76/76 75/75/75 70/70/70
f 68/68/68 77/77/77 71/71/71
f 77/77/77 68/68/68 73/73/73
f 71/71/71 78/78/78 72/72/72
f 72/72/72 78/78/78 76/76/76
f 77/77/77 78/78/78 71/71/71
f 73/73/73 74/74/74 79/79/79
f 79/79/79 74/74/74 80/80/80
f 75/75/75 81/81/81 27/27/27
f 27/27/27 81/81/81 22/22/22
f 76/76/76 82/82/82 75/75/75
f 81/81/81 75/75/75 82/82/82
f 78/78/78 83/83/83 76/76/76
f 76/76/76 83/83/83 82/82/82
f 84/84/84 77/77/77 73/73/73
f 84/84/84 73/73/73 79/79/79
f 77/77/77 85/85/85 78/78/78
f 83/83/83 78/78/78 85/85/85
f 77/77/77 84/84/84 85/85/85
f 79/79/79 80/80/80 86/86/86
f 87/87/87 86/86/86 80/80/80
f 81/81/81 88/88/88 22/22/22
f 17/17/17 22/22/22 88/88/88
f 89/89/89 81/81/81 82/82/82
f 89/89/89 88/88/88 81/81/81
f 83/83/83 90/90/90 82/82/82
f 89/89/89 82/82/82 90/90/90
f 91/91/91 83/83/83 85/85/85
f 83/83/83 91/91/91 90/90/90
f 92/92/92 84/84/84 79/79/79
f 92/92/92 79/79/79 86/86/86
f 84/84/84 93/93/93 85/85/85
f 91/91/91 85/85/85 93/93/93
f 92/92/92 93/93/93 84/84/84
f 87/87/87 94/94/94 86/86/86
f 95/95/95 94/94/94 87/87/87
f 96/96/96 92/92/92 86/86/86
f 96/96/96 86/86/86 94/94/94
f 92/92/92 97/97/97 93/93/93
f 92/92/92 96/96/96 97/97/97
f 91/91/91 93/93/93 98/98/98
f 98/98/98 93/93/93 97/97/97
f 91/91/91 99/99/99 90/90/90
f 91/91/91 98/98/98 99/99/99
f 95/95/95 100/100/100 94/94/94
f 101/101/101 100/100/100 95/95/95
f 102/102/102 96/96/96 94/94/94
f 102/102/102 94/94/94 100/100/100
f 96/96/96 103/103/103 97/97/97
f 102/102/102 103/103/103 96/96/96
f 104/104/104 98/98/98 97/97/97
f 104/104/104 97/97/97 103/103/103
f 101/101/101 105/105/105 100/100/100
f 105/105/105 101/101/101 106/106/106
f 107/107/107 102/102/102 100/100/100
f 107/107/107 100/100/100 105/105/105
f 102/102/102 108/108/108 103/103/103
f 102/102/102 107/107/107 108/108/108
f 105/105/105 106/106/106 109/109/109
f 110/110/110 109/109/109 106/106/106
f 111/111/111 107/107/107 105/105/105
f 111/111/111 105/105/105 109/109/109
f 110/110/110 112/112/112 109/109/109
f 112/112/112 110/110/110 113/113/113
f 98/98/98 104/104/104 114/114/114
f 98/98/98 114/114/114 99/99/99
f 104/104/104 103/103/103 115/115/115
f 115/115/115 103/103/103 108/108/108
f 107/107/107 116/116/116 108/108/108
f 107/107/107 111/111/111 116/116/116
f 111/111/111 109/109/109 117/117/117
f 117/117/117 109/109/109 112/112/112
f 118/118/118 112/112/112 113/113/113
f 118/118/118 113/113/113 119/119/119
f 104/104/104 120/120/120 114/114/114
f 104/104/104 115/115/115 120/120/120
f 121/121/121 115/115/115 108/108/108
f 121/121/121 108/108/108 116/116/116
f 111/111/111 122/122/122 116/116/116
f 111/111/111 117/117/117 122/122/122
f 123/123/123 117/117/117 112/112/112
f 123/123/123 112/112/112 118/118/118
f 115/115/115 124/124/124 120/120/120
f 115/115/115 121/121/121 124/124/124
f 121/121/121 116/116/116 125/125/125
f 122/122/122 125/125/125 116/116/116
f 121/121/121 126/126/126 124/124/124
f 121/121/121 125/125/125 126/126/126
f 127/127/127 114/114/114 120/120/120
f 128/128/128 120/120/120 124/124/124
f 128/128/128 127/127/127 120/120/120
f 129/129/129 124/124/124 126/126/126
f 129/129/129 128/128/128 124/124/124
f 127/127/127 130/130/130 114/114/114
f 130/130/130 99/99/99 114/114/114
f 130/130/130 131/131/131 99/99/99
f 131/131/131 90/90/90 99/99/99
f 131/131/131 89/89/89 90/90/90
f 89/89/89 131/131/131 132/132/132
f 89/89/89 132/132/132 88/88/88
f 130/130/130 133/133/133 131/131/131
f 131/131/131 133/133/133 132/132/132
f 130/130/130 127/127/127 134/134/134
f 130/130/130 134/134/134 133/133/133
f 128/128/128 135/135/135 127/127/127
f 127/127/127 135/135/135 134/134/134
f 136/136/136 88/88/88 132/132/132
f 17/17/17 88/88/88 136/136/136
f 17/17/17 136/136/136 12/12/12
f 137/137/137 132/132/132 133/133/133
f 137/137/137 136/136/136 132/132/132
f 136/136/136 138/138/138 12/12/12
f 136/136/136 137/137/137 138/138/138
f 5/5/5 12/12/12 138/138/138
f 5/5/5 138/138/138 139/139/139
f 137/137/137 139/139/139 138/138/138
f 10/10/10 5/5/5 139/139/139
f 137/137/137 133/133/133 140/140/140
f 140/140/140 133/133/133 134/134/134
f 137/137/137 140/140/140 139/139/139
f 10/10/10 139/139/139 141/141/141
f 140/140/140 141/141/141 139/139/139
f 142/142/142 140/140/140 134/134/134
f 140/140/140 142/142/142 141/141/141
f 142/142/142 134/134/134 135/135/135
f 10/10/10 141/141/141 143/143/143
f 142/142/142 143/143/143 141/141/141
f 15/15/15 10/10/10 143/143/143
f 142/142/142 135/135/135 144/144/144
f 142/142/142 144/144/144 143/143/143
f 15/15/15 143/143/143 145/145/145
f 144/144/144 145/145/145 143/143/143
f 15/15/15 145/145/145 146/146/146
f 146/146/146 145/145/145 144/144/144
f 20/20/20 15/15/15 146/146/146
f 147/147/147 144/144/144 135/135/135
f 128/128/128 147/147/147 135/135/135
f 128/128/128 129/129/129 147/147/147
f 147/147/147 148/148/148 144/144/144
f 148/148/148 146/146/146 144/144/144
f 147/147/147 149/149/149 148/148/148
f 129/129/129 149/149/149 147/147/147
f 148/148/148 150/150/150 146/146/146
f 149/149/149 150/150/150 148/148/148
f 20/20/20 146/146/146 151/151/151
f 150/150/150 151/151/151 146/146/146
f 20/20/20 151/151/151 152/152/152
f 152/152/152 151/151/151 150/150/150
f 25/25/25 20/20/20 152/152/152
f 153/153/153 150/150/150 149/149/149
f 153/153/153 152/152/152 150/150/150
f 154/154/154 149/149/149 129/129/129
f 154/154/154 153/153/153 149/149/149
f 155/155/155 154/154/154 129/129/129
f 155/155/155 129/129/129 126/126/126
f 155/155/155 126/126/126 156/156/156
f 125/125/125 156/156/156 126/126/126
f 155/155/155 157/157/157 154/154/154
f 157/157/157 155/155/155 156/156/156
f 154/154/154 158/158/158 153/153/153
f 157/157/157 158/158/158 154/154/154
f 153/153/153 159/159/159 152/152/152
f 158/158/158 159/159/159 153/153/153
f 25/25/25 152/152/152 160/160/160
f 159/159/159 160/160/160 152/152/152
f 25/25/25 160/160/160 161/161/161
f 161/161/161 160/160/160 159/159/159
f 30/30/30 25/25/25 161/161/161
f 162/162/162 156/156/156 125/125/125
f 157/157/157 156/156/156 162/162/162
f 163/163/163 159/159/159 158/158/158
f 163/163/163 161/161/161 159/159/159
f 164/164/164 158/158/158 157/157/157
f 164/164/164 163/163/163 158/158/158
f 165/165/165 162/162/162 125/125/125
f 122/122/122 165/165/165 125/125/125
f 122/122/122 166/166/166 165/165/165
f 117/117/117 166/166/166 122/122/122
f 167/167/167 157/157/157 162/162/162
f 167/167/167 164/164/164 157/157/157
f 165/165/165 168/168/168 162/162/162
f 166/166/166 168/168/168 165/165/165
f 169/169/169 166/166/166 117/117/117
f 123/123/123 169/169/169 117/117/117
f 167/167/167 162/162/162 170/170/170
f 168/168/168 170/170/170 162/162/162
f 167/167/167 171/171/171 164/164/164
f 171/171/171 167/167/167 170/170/170
f 164/164/164 172/172/172 163/163/163
f 171/171/171 172/172/172 164/164/164
f 173/173/173 168/168/168 166/166/166
f 169/169/169 173/173/173 166/166/166
f 174/174/174 170/170/170 168/168/168
f 171/171/171 170/170/170 174/174/174
f 173/173/173 174/174/174 168/168/168
f 123/123/123 175/175/175 169/169/169
f 175/175/175 123/123/123 118/118/118
f 169/169/169 176/176/176 173/173/173
f 175/175/175 176/176/176 169/169/169
f 172/172/172 177/177/177 163/163/163
f 163/163/163 177/177/177 161/161/161
f 173/173/173 178/178/178 174/174/174
f 176/176/176 178/178/178 173/173/173
f 175/175/175 118/118/118 179/179/179
f 179/179/179 118/118/118 119/119/119
f 179/179/179 119/119/119 180/180/180
f 119/119/119 181/181/181 180/180/180
f 180/180/180 181/181/181 182/182/182
f 183/183/183 175/175/175 179/179/179
f 183/183/183 179/179/179 180/180/180
f 184/184/184 176/176/176 175/175/175
f 183/183/183 184/184/184 175/175/175
f 185/185/185 180/180/180 182/182/182
f 185/185/185 182/182/182 186/186/186
f 187/187/187 183/183/183 180/180/180
f 183/183/183 187/187/187 184/184/184
f 187/187/187 180/180/180 185/185/185
f 184/184/184 188/188/188 176/176/176
f 188/188/188 178/178/178 176/176/176
f 189/189/189 185/185/185 186/186/186
f 189/189/189 186/186/186 190/190/190
f 191/191/191 187/187/187 185/185/185
f 191/191/191 185/185/185 189/189/189
f 187/187/187 192/192/192 184/184/184
f 184/184/184 192/192/192 188/188/188
f 191/191/191 193/193/193 187/187/187
f 193/193/193 192/192/192 187/187/187
f 194/194/194 191/191/191 189/189/189
f 191/191/191 194/194/194 193/193/193
f 195/195/195 189/189/189 190/190/190
f 194/194/194 189/189/189 195/195/195
f 195/195/195 190/190/190 196/196/196
f 190/190/190 197/197/197 196/196/196
f 198/198/198 194/194/194 195/195/195
f 198/198/198 195/195/195 196/196/196
f 199/199/199 196/196/196 197/197/197
f 200/200/200 199/199/199 197/197/197
f 200/200/200 201/201/201 199/199/199
f 202/202/202 198/198/198 196/196/196
f 202/202/202 196/196/196 199/199/199
f 198/198/198 203/203/203 194/194/194
f 198/198/198 202/202/202 203/203/203
f 194/194/194 204/204/204 193/193/193
f 203/203/203 204/204/204 194/194/194
f 193/193/193 205/205/205 192/192/192
f 193/193/193 204/204/204 205/205/205
f 201/201/201 206/206/206 199/199/199
f 201/201/201 207/207/207 206/206/206
f 208/208/208 202/202/202 199/199/199
f 208/208/208 199/199/199 206/206/206
f 207/207/207 209/209/209 206/206/206
f 207/207/207 210/210/210 209/209/209
f 211/211/211 208/208/208 206/206/206
f 211/211/211 206/206/206 209/209/209
f 208/208/208 212/212/212 202/202/202
f 208/208/208 211/211/211 212/212/212
f 202/202/202 213/213/213 203/203/203
f 212/212/212 213/213/213 202/202/202
f 203/203/203 214/214/214 204/204/204
f 203/203/203 213/213/213 214/214/214
f 210/210/210 215/215/215 209/209/209
f 215/215/215 210/210/210 216/216/216
f 217/217/217 211/211/211 209/209/209
f 217/217/217 209/209/209 215/215/215
f 218/218/218 215/215/215 216/216/216
f 218/218/218 216/216/216 219/219/219
f 220/220/220 217/217/217 215/215/215
f 220/220/220 215/215/215 218/218/218
f 217/217/217 221/221/221 211/211/211
f 217/217/217 220/220/220 221/221/221
f 211/211/211 222/222/222 212/212/212
f 221/221/221 222/222/222 211/211/211
f 212/212/212 223/223/223 213/213/213
f 212/212/212 222/222/222 223/223/223
f 224/224/224 218/218/218 219/219/219
f 224/224/224 219/219/219 225/225/225
f 226/226/226 220/220/220 218/218/218
f 226/226/226 218/218/218 224/224/224
f 223/223/223 227/227/227 213/213/213
f 223/223/223 228/228/228 227/227/227
f 213/213/213 227/227/227 214/214/214
f 222/222/222 229/229/229 223/223/223
f 223/223/223 229/229/229 228/228/228
f 221/221/221 230/230/230 222/222/222
f 230/230/230 229/229/229 222/222/222
f 230/230/230 231/231/231 229/229/229
f 220/220/220 232/232/232 221/221/221
f 221/221/221 232/232/232 230/230/230
f 226/226/226 233/233/233 220/220/220
f 233/233/233 232/232/232 220/220/220
f 234/234/234 226/226/226 224/224/224
f 226/226/226 234/234/234 233/233/233
f 232/232/232 235/235/235 230/230/230
f 230/230/230 235/235/235 231/231/231
f 233/233/233 236/236/236 232/232/232
f 236/236/236 235/235/235 232/232/232
f 229/229/229 237/237/237 228/228/228
f 231/231/231 237/237/237 229/229/229
f 234/234/234 224/224/224 238/238/238
f 238/238/238 224/224/224 225/225/225
f 234/234/234 239/239/239 233/233/233
f 233/233/233 239/239/239 236/236/236
f 228/228/228 237/237/237 240/240/240
f 240/240/240 237/237/237 231/231/231
f 238/238/238 225/225/225 241/241/241
f 225/225/225 242/242/242 241/241/241
f 241/241/241 242/242/242 243/243/243
f 244/244/244 234/234/234 238/238/238
f 239/239/239 234/234/234 244/244/244
f 245/245/245 241/241/241 243/243/243
f 245/245/245 243/243/243 246/246/246
f 238/238/238 241/241/241 247/247/247
f 244/244/244 238/238/238 247/247/247
f 248/248/248 245/245/245 246/246/246
f 248/248/248 246/246/246 249/249/249
f 245/245/245 250/250/250 241/241/241
f 250/250/250 247/247/247 241/241/241
f 245/245/245 248/248/248 250/250/250
f 251/251/251 239/239/239 244/244/244
f 244/244/244 247/247/247 252/252/252
f 251/251/251 244/244/244 252/252/252
f 250/250/250 253/253/253 247/247/247
f 253/253/253 252/252/252 247/247/247
f 248/248/248 254/254/254 250/250/250
f 250/250/250 254/254/254 253/253/253
f 255/255/255 248/248/248 249/249/249
f 254/254/254 248/248/248 255/255/255
f 256/256/256 239/239/239 251/251/251
f 239/239/239 256/256/256 236/236/236
f 255/255/255 249/249/249 257/257/257
f 249/249/249 258/258/258 257/257/257
f 257/257/257 258/258/258 259/259/259
f 236/236/236 256/256/256 260/260/260
f 236/236/236 260/260/260 235/235/235
f 261/261/261 257/257/257 259/259/259
f 261/261/261 259/259/259 262/262/262
f 260/260/260 263/263/263 235/235/235
f 235/235/235 263/263/263 231/231/231
f 264/264/264 254/254/254 255/255/255
f 255/255/255 257/257/257 265/265/265
f 264/264/264 255/255/255 265/265/265
f 261/261/261 266/266/266 257/257/257
f 266/266/266 265/265/265 257/257/257
f 267/267/267 261/261/261 262/262/262
f 261/261/261 267/267/267 266/266/266
f 268/268/268 267/267/267 262/262/262
f 268/268/268 262/262/262 269/269/269
f 267/267/267 270/270/270 266/266/266
f 270/270/270 267/267/267 268/268/268
f 266/266/266 271/271/271 265/265/265
f 266/266/266 270/270/270 271/271/271
f 272/272/272 254/254/254 264/264/264
f 254/254/254 272/272/272 253/253/253
f 264/264/264 265/265/265 273/273/273
f 271/271/271 273/273/273 265/265/265
f 274/274/274 268/268/268 269/269/269
f 274/274/274 269/269/269 275/275/275
f 253/253/253 272/272/272 276/276/276
f 253/253/253 276/276/276 252/252/252
f 277/277/277 272/272/272 264/264/264
f 277/277/277 264/264/264 273/273/273
f 278/278/278 274/274/274 275/275/275
f 278/278/278 275/275/275 279/279/279
f 276/276/276 280/280/280 252/252/252
f 251/251/251 252/252/252 280/280/280
f 272/272/272 281/281/281 276/276/276
f 281/281/281 272/272/272 277/277/277
f 282/282/282 278/278/278 279/279/279
f 282/282/282 279/279/279 283/283/283
f 276/276/276 284/284/284 280/280/280
f 276/276/276 281/281/281 284/284/284
f 285/285/285 251/251/251 280/280/280
f 285/285/285 256/256/256 251/251/251
f 286/286/286 282/282/282 283/283/283
f 286/286/286 283/283/283 287/287/287
f 284/284/284 288/288/288 280/280/280
f 285/285/285 280/280/280 288/288/288
f 289/289/289 256/256/256 285/285/285
f 256/256/256 289/289/289 260/260/260
f 290/290/290 285/285/285 288/288/288
f 290/290/290 289/289/289 285/285/285
f 260/260/260 289/289/289 291/291/291
f 260/260/260 291/291/291 263/263/263
f 292/292/292 286/286/286 287/287/287
f 292/292/292 287/287/287 293/293/293
f 294/294/294 288/288/288 284/284/284
f 290/290/290 288/288/288 294/294/294
f 295/295/295 289/289/289 290/290/290
f 289/289/289 295/295/295 291/291/291
f 291/291/291 296/296/296 263/263/263
f 231/231/231 263/263/263 296/296/296
f 297/297/297 292/292/292 293/293/293
f 297/297/297 293/293/293 298/298/298
f 299/299/299 290/290/290 294/294/294
f 299/299/299 295/295/295 290/290/290
f 291/291/291 295/295/295 300/300/300
f 291/291/291 300/300/300 296/296/296
f 301/301/301 231/231/231 296/296/296
f 301/301/301 240/240/240 231/231/231
f 302/302/302 297/297/297 298/298/298
f 302/302/302 298/298/298 303/303/303
f 304/304/304 295/295/295 299/299/299
f 295/295/295 304/304/304 300/300/300
f 300/300/300 305/305/305 296/296/296
f 301/301/301 296/296/296 305/305/305
f 303/303/303 306/306/306 302/302/302
f 303/303/303 307/307/307 306/306/306
f 300/300/300 304/304/304 308/308/308
f 300/300/300 308/308/308 305/305/305
f 307/307/307 309/309/309 306/306/306
f 307/307/307 310/310/310 309/309/309
f 311/311/311 309/309/309 310/310/310
f 311/311/311 310/310/310 312/312/312
f 313/313/313 311/311/311 312/312/312
f 313/313/313 312/312/312 314/314/314
f 313/313/313 314/314/314 315/315/315
f 314/314/314 316/316/316 315/315/315
f 316/316/316 317/317/317 315/315/315
f 317/317/317 318/318/318 315/315/315
f 318/318/318 317/317/317 319/319/319
f 320/320/320 318/318/318 319/319/319
f 320/320/320 319/319/319 321/321/321
f 322/322/322 318/318/318 320/320/320
f 322/322/322 315/315/315 318/318/318
f 315/315/315 322/322/322 323/323/323
f 324/324/324 320/320/320 321/321/321
f 322/322/322 320/320/320 324/324/324
f 324/324/324 321/321/321 325/325/325
f 326/326/326 324/324/324 325/325/325
f 326/326/326 322/322/322 324/324/324
f 326/326/326 325/325/325 327/327/327
f 326/326/326 328/328/328 322/322/322
f 328/328/328 326/326/326 327/327/327
f 323/323/323 322/322/322 328/328/328
f 329/329/329 328/328/328 327/327/327
f 329/329/329 330/330/330 328/328/328
f 330/330/330 329/329/329 331/331/331
f 332/332/332 315/315/315 323/323/323
f 332/332/332 313/313/313 315/315/315
f 332/332/332 333/333/333 313/313/313
f 333/333/333 332/332/332 323/323/323
f 333/333/333 311/311/311 313/313/313
f 334/334/334 328/328/328 330/330/330
f 323/323/323 328/328/328 334/334/334
f 330/330/330 331/331/331 335/335/335
f 335/335/335 331/331/331 336/336/336
f 334/334/334 330/330/330 337/337/337
f 323/323/323 334/334/334 337/337/337
f 335/335/335 337/337/337 330/330/330
f 335/335/335 336/336/336 338/338/338
f 338/338/338 336/336/336 339/339/339
f 311/311/311 333/333/333 340/340/340
f 311/311/311 340/340/340 309/309/309
f 333/333/333 323/323/323 341/341/341
f 341/341/341 323/323/323 337/337/337
f 333/333/333 341/341/341 342/342/342
f 341/341/341 337/337/337 342/342/342
f 340/340/340 333/333/333 342/342/342
f 343/343/343 337/337/337 335/335/335
f 343/343/343 335/335/335 338/338/338
f 343/343/343 342/342/342 337/337/337
f 338/338/338 339/339/339 344/344/344
f 344/344/344 339/339/339 345/345/345
f 340/340/340 346/346/346 309/309/309
f 306/306/306 309/309/309 346/346/346
f 340/340/340 342/342/342 347/347/347
f 340/340/340 347/347/347 346/346/346
f 348/348/348 343/343/343 338/338/338
f 348/348/348 338/338/338 344/344/344
f 343/343/343 349/349/349 342/342/342
f 347/347/347 342/342/342 349/349/349
f 348/348/348 349/349/349 343/343/343
f 344/344/344 345/345/345 350/350/350
f 351/351/351 350/350/350 345/345/345
f 352/352/352 306/306/306 346/346/346
f 352/352/352 302/302/302 306/306/306
f 347/347/347 353/353/353 346/346/346
f 352/352/352 346/346/346 353/353/353
f 354/354/354 347/347/347 349/349/349
f 354/354/354 353/353/353 347/347/347
f 355/355/355 348/348/348 344/344/344
f 355/355/355 344/344/344 350/350/350
f 348/348/348 356/356/356 349/349/349
f 354/354/354 349/349/349 356/356/356
f 355/355/355 356/356/356 348/348/348
f 351/351/351 357/357/357 350/350/350
f 358/358/358 357/357/357 351/351/351
f 352/352/352 359/359/359 302/302/302
f 297/297/297 302/302/302 359/359/359
f 360/360/360 352/352/352 353/353/353
f 360/360/360 359/359/359 352/352/352
f 354/354/354 361/361/361 353/353/353
f 360/360/360 353/353/353 361/361/361
f 362/362/362 354/354/354 356/356/356
f 362/362/362 361/361/361 354/354/354
f 363/363/363 355/355/355 350/350/350
f 363/363/363 350/350/350 357/357/357
f 355/355/355 364/364/364 356/356/356
f 362/362/362 356/356/356 364/364/364
f 363/363/363 364/364/364 355/355/355
f 358/358/358 365/365/365 357/357/357
f 366/366/366 365/365/365 358/358/358
f 367/367/367 363/363/363 357/357/357
f 367/367/367 357/357/357 365/365/365
f 363/363/363 368/368/368 364/364/364
f 367/367/367 368/368/368 363/363/363
f 362/362/362 364/364/364 369/369/369
f 369/369/369 364/364/364 368/368/368
f 362/362/362 370/370/370 361/361/361
f 362/362/362 369/369/369 370/370/370
f 366/366/366 371/371/371 365/365/365
f 371/371/371 366/366/366 372/372/372
f 373/373/373 371/371/371 372/372/372
f 374/374/374 367/367/367 365/365/365
f 374/374/374 365/365/365 371/371/371
f 375/375/375 371/371/371 373/373/373
f 375/375/375 374/374/374 371/371/371
f 376/376/376 375/375/375 373/373/373
f 375/375/375 376/376/376 377/377/377
f 376/376/376 378/378/378 377/377/377
f 377/377/377 378/378/378 379/379/379
f 374/374/374 380/380/380 367/367/367
f 367/367/367 380/380/380 368/368/368
f 369/369/369 368/368/368 381/381/381
f 381/381/381 368/368/368 380/380/380
f 375/375/375 382/382/382 374/374/374
f 374/374/374 382/382/382 380/380/380
f 383/383/383 382/382/382 375/375/375
f 383/383/383 375/375/375 377/377/377
f 384/384/384 380/380/380 382/382/382
f 381/381/381 380/380/380 384/384/384
f 384/384/384 382/382/382 383/383/383
f 369/369/369 381/381/381 385/385/385
f 369/369/369 385/385/385 370/370/370
f 381/381/381 384/384/384 386/386/386
f 381/381/381 386/386/386 385/385/385
f 384/384/384 383/383/383 387/387/387
f 384/384/384 387/387/387 386/386/386
f 383/383/383 377/377/377 388/388/388
f 383/383/383 388/388/388 387/387/387
f 389/389/389 370/370/370 385/385/385
f 390/390/390 385/385/385 386/386/386
f 390/390/390 389/389/389 385/385/385
f 391/391/391 386/386/386 387/387/387
f 391/391/391 390/390/390 386/386/386
f 392/392/392 387/387/387 388/388/388
f 392/392/392 391/391/391 387/387/387
f 393/393/393 388/388/388 377/377/377
f 393/393/393 392/392/392 388/388/388
f 389/389/389 394/394/394 370/370/370
f 394/394/394 361/361/361 370/370/370
f 394/394/394 360/360/360 361/361/361
f 394/394/394 395/395/395 360/360/360
f 360/360/360 395/395/395 359/359/359
f 389/389/389 396/396/396 394/394/394
f 394/394/394 396/396/396 395/395/395
f 390/390/390 397/397/397 389/389/389
f 389/389/389 397/397/397 396/396/396
f 391/391/391 398/398/398 390/390/390
f 390/390/390 398/398/398 397/397/397
f 392/392/392 399/399/399 391/391/391
f 391/391/391 399/399/399 398/398/398
f 400/400/400 359/359/359 395/395/395
f 297/297/297 359/359/359 400/400/400
f 297/297/297 400/400/400 292/292/292
f 401/401/401 395/395/395 396/396/396
f 400/400/400 395/395/395 401/401/401
f 400/400/400 402/402/402 292/292/292
f 400/400/400 401/401/401 402/402/402
f 286/286/286 292/292/292 402/402/402
f 403/403/403 396/396/396 397/397/397
f 401/401/401 396/396/396 403/403/403
f 404/404/404 397/397/397 398/398/398
f 403/403/403 397/397/397 404/404/404
f 401/401/401 405/405/405 402/402/402
f 401/401/401 403/403/403 405/405/405
f 406/406/406 286/286/286 402/402/402
f 406/406/406 402/402/402 405/405/405
f 406/406/406 282/282/282 286/286/286
f 403/403/403 407/407/407 405/405/405
f 403/403/403 404/404/404 407/407/407
f 404/404/404 398/398/398 408/408/408
f 408/408/408 398/398/398 399/399/399
f 406/406/406 409/409/409 282/282/282
f 278/278/278 282/282/282 409/409/409
f 410/410/410 406/406/406 405/405/405
f 410/410/410 405/405/405 407/407/407
f 410/410/410 409/409/409 406/406/406
f 404/404/404 411/411/411 407/407/407
f 404/404/404 408/408/408 411/411/411
f 412/412/412 278/278/278 409/409/409
f 412/412/412 274/274/274 278/278/278
f 413/413/413 410/410/410 407/407/407
f 413/413/413 407/407/407 411/411/411
f 410/410/410 414/414/414 409/409/409
f 412/412/412 409/409/409 414/414/414
f 413/413/413 414/414/414 410/410/410
f 412/412/412 415/415/415 274/274/274
f 268/268/268 274/274/274 415/415/415
f 416/416/416 412/412/412 414/414/414
f 416/416/416 415/415/415 412/412/412
f 413/413/413 417/417/417 414/414/414
f 416/416/416 414/414/414 417/417/417
f 418/418/418 413/413/413 411/411/411
f 418/418/418 417/417/417 413/413/413
f 408/408/408 419/419/419 411/411/411
f 418/418/418 411/411/411 419/419/419
f 420/420/420 268/268/268 415/415/415
f 420/420/420 270/270/270 268/268/268
f 416/416/416 421/421/421 415/415/415
f 420/420/420 415/415/415 421/421/421
f 422/422/422 270/270/270 420/420/420
f 270/270/270 422/422/422 271/271/271
f 416/416/416 417/417/417 423/423/423
f 416/416/416 423/423/423 421/421/421
f 424/424/424 420/420/420 421/421/421
f 424/424/424 422/422/422 420/420/420
f 271/271/271 422/422/422 425/425/425
f 271/271/271 425/425/425 273/273/273
f 423/423/423 426/426/426 421/421/421
f 424/424/424 421/421/421 426/426/426
f 423/423/423 417/417/417 427/427/427
f 423/423/423 427/427/427 426/426/426
f 428/428/428 422/422/422 424/424/424
f 422/422/422 428/428/428 425/425/425
f 425/425/425 429/429/429 273/273/273
f 277/277/277 273/273/273 429/429/429
f 417/417/417 430/430/430 427/427/427
f 418/418/418 430/430/430 417/417/417
f 431/431/431 424/424/424 426/426/426
f 431/431/431 428/428/428 424/424/424
f 425/425/425 428/428/428 432/432/432
f 425/425/425 432/432/432 429/429/429
f 428/428/428 431/431/431 433/433/433
f 428/428/428 433/433/433 432/432/432
f 431/431/431 426/426/426 434/434/434
f 431/431/431 434/434/434 433/433/433
f 427/427/427 435/435/435 426/426/426
f 426/426/426 435/435/435 434/434/434
f 427/427/427 430/430/430 436/436/436
f 427/427/427 436/436/436 435/435/435
f 437/437/437 430/430/430 418/418/418
f 430/430/430 437/437/437 436/436/436
f 436/436/436 438/438/438 435/435/435
f 434/434/434 435/435/435 438/438/438
f 439/439/439 437/437/437 418/418/418
f 439/439/439 418/418/418 419/419/419
f 436/436/436 437/437/437 440/440/440
f 436/436/436 440/440/440 438/438/438
f 441/441/441 437/437/437 439/439/439
f 437/437/437 441/441/441 440/440/440
f 442/442/442 433/433/433 434/434/434
f 443/443/443 434/434/434 438/438/438
f 443/443/443 442/442/442 434/434/434
f 440/440/440 444/444/444 438/438/438
f 443/443/443 438/438/438 444/444/444
f 440/440/440 441/441/441 445/445/445
f 440/440/440 445/445/445 444/444/444
f 433/433/433 442/442/442 446/446/446
f 432/432/432 433/433/433 446/446/446
f 432/432/432 446/446/446 447/447/447
f 432/432/432 447/447/447 429/429/429
f 448/448/448 441/441/441 439/439/439
f 441/441/441 449/449/449 445/445/445
f 449/449/449 441/441/441 448/448/448
f 448/448/448 439/439/439 450/450/450
f 439/439/439 419/419/419 450/450/450
f 451/451/451 450/450/450 419/419/419
f 408/408/408 451/451/451 419/419/419
f 408/408/408 399/399/399 451/451/451
f 451/451/451 399/399/399 452/452/452
f 392/392/392 452/452/452 399/399/399
f 393/393/393 452/452/452 392/392/392
f 451/451/451 453/453/453 450/450/450
f 451/451/451 452/452/452 453/453/453
f 448/448/448 450/450/450 454/454/454
f 453/453/453 454/454/454 450/450/450
f 453/453/453 452/452/452 455/455/455
f 453/453/453 455/455/455 454/454/454
f 393/393/393 456/456/456 452/452/452
f 452/452/452 456/456/456 455/455/455
f 457/457/457 456/456/456 393/393/393
f 455/455/455 456/456/456 457/457/457
f 455/455/455 457/457/457 458/458/458
f 457/457/457 393/393/393 377/377/377
f 457/457/457 377/377/377 379/379/379
f 457/457/457 379/379/379 458/458/458
f 379/379/379 459/459/459 458/458/458
f 458/458/458 459/459/459 460/460/460
f 461/461/461 448/448/448 454/454/454
f 461/461/461 449/449/449 448/448/448
f 455/455/455 462/462/462 454/454/454
f 455/455/455 458/458/458 462/462/462
f 454/454/454 462/462/462 463/463/463
f 461/461/461 454/454/454 463/463/463
f 463/463/463 462/462/462 458/458/458
f 464/464/464 458/458/458 460/460/460
f 464/464/464 463/463/463 458/458/458
f 461/461/461 463/463/463 465/465/465
f 449/449/449 461/461/461 465/465/465
f 464/464/464 465/465/465 463/463/463
f 449/449/449 465/465/465 466/466/466
f 466/466/466 465/465/465 464/464/464
f 445/445/445 449/449/449 466/466/466
f 464/464/464 460/460/460 467/467/467
f 466/466/466 464/464/464 467/467/467
f 460/460/460 468/468/468 467/467/467
f 445/445/445 466/466/466 469/469/469
f 445/445/445 469/469/469 444/444/444
f 470/470/470 467/467/467 468/468/468
f 471/471/471 470/470/470 468/468/468
f 470/470/470 471/471/471 472/472/472
f 471/471/471 473/473/473 472/472/472
f 472/472/472 473/473/473 474/474/474
f 466/466/466 467/467/467 475/475/475
f 466/466/466 475/475/475 469/469/469
f 476/476/476 475/475/475 467/467/467
f 470/470/470 476/476/476 467/467/467
f 469/469/469 475/475/475 476/476/476
f 477/477/477 444/444/444 469/469/469
f 477/477/477 443/443/443 444/444/444
f 478/478/478 469/469/469 476/476/476
f 478/478/478 477/477/477 469/469/469
f 470/470/470 479/479/479 476/476/476
f 478/478/478 476/476/476 479/479/479
f 477/477/477 480/480/480 443/443/443
f 480/480/480 442/442/442 443/443/443
f 478/478/478 481/481/481 477/477/477
f 481/481/481 478/478/478 479/479/479
f 481/481/481 480/480/480 477/477/477
f 470/470/470 482/482/482 479/479/479
f 481/481/481 479/479/479 482/482/482
f 470/470/470 472/472/472 482/482/482
f 442/442/442 480/480/480 483/483/483
f 446/446/446 442/442/442 483/483/483
f 480/480/480 481/481/481 484/484/484
f 484/484/484 481/481/481 482/482/482
f 483/483/483 480/480/480 484/484/484
f 446/446/446 483/483/483 485/485/485
f 446/446/446 485/485/485 447/447/447
f 483/483/483 484/484/484 486/486/486
f 483/483/483 486/486/486 485/485/485
f 484/484/484 482/482/482 487/487/487
f 484/484/484 487/487/487 486/486/486
f 488/488/488 447/447/447 485/485/485
f 429/429/429 447/447/447 488/488/488
f 489/489/489 485/485/485 486/486/486
f 489/489/489 488/488/488 485/485/485
f 472/472/472 490/490/490 482/482/482
f 482/482/482 490/490/490 487/487/487
f 491/491/491 486/486/486 487/487/487
f 491/491/491 489/489/489 486/486/486
f 492/492/492 487/487/487 490/490/490
f 492/492/492 491/491/491 487/487/487
f 493/493/493 490/490/490 472/472/472
f 493/493/493 492/492/492 490/490/490
f 494/494/494 493/493/493 472/472/472
f 494/494/494 472/472/472 474/474/474
f 494/494/494 474/474/474 495/495/495
f 474/474/474 496/496/496 495/495/495
f 495/495/495 496/496/496 497/497/497
f 493/493/493 498/498/498 492/492/492
f 494/494/494 498/498/498 493/493/493
f 492/492/492 499/499/499 491/491/491
f 498/498/498 499/499/499 492/492/492
f 500/500/500 498/498/498 494/494/494
f 500/500/500 494/494/494 495/495/495
f 499/499/499 498/498/498 500/500/500
f 491/491/491 501/501/501 489/489/489
f 499/499/499 501/501/501 491/491/491
f 502/502/502 499/499/499 500/500/500
f 501/501/501 499/499/499 502/502/502
f 501/501/501 503/503/503 489/489/489
f 489/489/489 503/503/503 488/488/488
f 504/504/504 501/501/501 502/502/502
f 503/503/503 501/501/501 504/504/504
f 502/502/502 500/500/500 505/505/505
f 500/500/500 495/495/495 506/506/506
f 500/500/500 506/506/506 505/505/505
f 507/507/507 506/506/506 495/495/495
f 505/505/505 506/506/506 507/507/507
f 504/504/504 502/502/502 508/508/508
f 502/502/502 505/505/505 508/508/508
f 509/509/509 507/507/507 495/495/495
f 509/509/509 495/495/495 497/497/497
f 509/509/509 497/497/497 510/510/510
f 497/497/497 511/511/511 510/510/510
f 510/510/510 511/511/511 512/512/512
f 513/513/513 510/510/510 512/512/512
f 513/513/513 512/512/512 514/514/514
f 515/515/515 513/513/513 514/514/514
f 515/515/515 514/514/514 516/516/516
f 517/517/517 515/515/515 516/516/516
f 517/517/517 516/516/516 36/36/36
f 518/518/518 517/517/517 36/36/36
f 518/518/518 36/36/36 35/35/35
f 509/509/509 519/519/519 507/507/507
f 520/520/520 509/509/509 510/510/510
f 520/520/520 519/519/519 509/509/509
f 521/521/521 507/507/507 519/519/519
f 521/521/521 505/505/505 507/507/507
f 522/522/522 521/521/521 519/519/519
f 522/522/522 519/519/519 520/520/520
f 521/521/521 523/523/523 505/505/505
f 521/521/521 522/522/522 523/523/523
f 523/523/523 508/508/508 505/505/505
f 522/522/522 304/304/304 523/523/523
f 523/523/523 304/304/304 299/299/299
f 523/523/523 299/299/299 508/508/508
f 304/304/304 522/522/522 308/308/308
f 308/308/308 522/522/522 520/520/520
f 299/299/299 294/294/294 508/508/508
f 504/504/504 508/508/508 294/294/294
f 524/524/524 504/504/504 294/294/294
f 524/524/524 294/294/294 284/284/284
f 524/524/524 503/503/503 504/504/504
f 524/524/524 284/284/284 525/525/525
f 503/503/503 524/524/524 525/525/525
f 281/281/281 525/525/525 284/284/284
f 503/503/503 525/525/525 488/488/488
f 281/281/281 526/526/526 525/525/525
f 526/526/526 488/488/488 525/525/525
f 526/526/526 281/281/281 277/277/277
f 526/526/526 429/429/429 488/488/488
f 526/526/526 277/277/277 429/429/429
f 308/308/308 520/520/520 527/527/527
f 308/308/308 527/527/527 305/305/305
f 520/520/520 528/528/528 527/527/527
f 520/520/520 510/510/510 528/528/528
f 529/529/529 528/528/528 510/510/510
f 527/527/527 528/528/528 529/529/529
f 513/513/513 529/529/529 510/510/510
f 530/530/530 305/305/305 527/527/527
f 530/530/530 301/301/301 305/305/305
f 531/531/531 527/527/527 529/529/529
f 531/531/531 530/530/530 527/527/527
f 513/513/513 532/532/532 529/529/529
f 531/531/531 529/529/529 532/532/532
f 530/530/530 533/533/533 301/301/301
f 533/533/533 240/240/240 301/301/301
f 531/531/531 534/534/534 530/530/530
f 534/534/534 531/531/531 532/532/532
f 534/534/534 533/533/533 530/530/530
f 535/535/535 532/532/532 513/513/513
f 534/534/534 532/532/532 535/535/535
f 515/515/515 535/535/535 513/513/513
f 536/536/536 240/240/240 533/533/533
f 536/536/536 228/228/228 240/240/240
f 537/537/537 533/533/533 534/534/534
f 537/537/537 536/536/536 533/533/533
f 538/538/538 534/534/534 535/535/535
f 538/538/538 537/537/537 534/534/534
f 515/515/515 539/539/539 535/535/535
f 538/538/538 535/535/535 539/539/539
f 538/538/538 540/540/540 537/537/537
f 540/540/540 538/538/538 539/539/539
f 541/541/541 539/539/539 515/515/515
f 540/540/540 539/539/539 541/541/541
f 517/517/517 541/541/541 515/515/515
f 537/537/537 542/542/542 536/536/536
f 540/540/540 542/542/542 537/537/537
f 536/536/536 543/543/543 228/228/228
f 542/542/542 543/543/543 536/536/536
f 542/542/542 540/540/540 544/544/544
f 544/544/544 540/540/540 541/541/541
f 543/543/543 545/545/545 228/228/228
f 228/228/228 545/545/545 227/227/227
f 543/543/543 542/542/542 546/546/546
f 546/546/546 542/542/542 544/544/544
f 227/227/227 545/545/545 547/547/547
f 214/214/214 227/227/227 547/547/547
f 543/543/543 548/548/548 545/545/545
f 548/548/548 543/543/543 546/546/546
f 548/548/548 547/547/547 545/545/545
f 548/548/548 546/546/546 549/549/549
f 548/548/548 549/549/549 547/547/547
f 546/546/546 544/544/544 550/550/550
f 546/546/546 550/550/550 549/549/549
f 544/544/544 541/541/541 551/551/551
f 544/544/544 551/551/551 550/550/550
f 214/214/214 547/547/547 552/552/552
f 214/214/214 552/552/552 204/204/204
f 204/204/204 552/552/552 205/205/205
f 547/547/547 553/553/553 552/552/552
f 549/549/549 553/553/553 547/547/547
f 205/205/205 552/552/552 554/554/554
f 552/552/552 553/553/553 554/554/554
f 549/549/549 555/555/555 553/553/553
f 555/555/555 554/554/554 553/553/553
f 549/549/549 550/550/550 556/556/556
f 555/555/555 549/549/549 556/556/556
f 541/541/541 557/557/557 551/551/551
f 517/517/517 557/557/557 541/541/541
f 558/558/558 557/557/557 517/517/517
f 551/551/551 557/557/557 558/558/558
f 518/518/518 558/558/558 517/517/517
f 550/550/550 551/551/551 559/559/559
f 556/556/556 550/550/550 559/559/559
f 559/559/559 551/551/551 558/558/558
f 555/555/555 556/556/556 560/560/560
f 555/555/555 560/560/560 554/554/554
f 205/205/205 554/554/554 561/561/561
f 205/205/205 561/561/561 192/192/192
f 192/192/192 561/561/561 188/188/188
f 556/556/556 559/559/559 562/562/562
f 556/556/556 562/562/562 560/560/560
f 559/559/559 558/558/558 563/563/563
f 559/559/559 563/563/563 562/562/562
f 518/518/518 564/564/564 558/558/558
f 558/558/558 564/564/564 563/563/563
f 518/518/518 565/565/565 564/564/564
f 563/563/563 564/564/564 565/565/565
f 518/518/518 35/35/35 565/565/565
f 554/554/554 566/566/566 561/561/561
f 560/560/560 566/566/566 554/554/554
f 188/188/188 561/561/561 567/567/567
f 561/561/561 566/566/566 567/567/567
f 188/188/188 567/567/567 178/178/178
f 562/562/562 563/563/563 568/568/568
f 568/568/568 563/563/563 565/565/565
f 560/560/560 569/569/569 566/566/566
f 569/569/569 567/567/567 566/566/566
f 560/560/560 562/562/562 570/570/570
f 569/569/569 560/560/560 570/570/570
f 570/570/570 562/562/562 568/568/568
f 567/567/567 571/571/571 178/178/178
f 178/178/178 571/571/571 174/174/174
f 569/569/569 572/572/572 567/567/567
f 569/569/569 570/570/570 572/572/572
f 572/572/572 571/571/571 567/567/567
f 573/573/573 174/174/174 571/571/571
f 572/572/572 573/573/573 571/571/571
f 573/573/573 171/171/171 174/174/174
f 573/573/573 574/574/574 171/171/171
f 573/573/573 572/572/572 574/574/574
f 574/574/574 172/172/172 171/171/171
f 570/570/570 575/575/575 572/572/572
f 570/570/570 568/568/568 575/575/575
f 572/572/572 575/575/575 574/574/574
f 574/574/574 576/576/576 172/172/172
f 574/574/574 575/575/575 576/576/576
f 576/576/576 177/177/177 172/172/172
f 568/568/568 577/577/577 575/575/575
f 575/575/575 577/577/577 576/576/576
f 568/568/568 565/565/565 577/577/577
f 576/576/576 578/578/578 177/177/177
f 576/576/576 577/577/577 578/578/578
f 565/565/565 579/579/579 577/577/577
f 577/577/577 579/579/579 578/578/578
f 35/35/35 579/579/579 565/565/565
f 35/35/35 578/578/578 579/579/579
f 35/35/35 30/30/30 578/578/578
f 578/578/578 580/580/580 177/177/177
f 30/30/30 580/580/580 578/578/578
f 177/177/177 580/580/580 161/161/161
f 30/30/30 161/161/161 580/580/580
f 583/583/583 582/582/582 581/581/581
f 584/584/584 583/583/583 581/581/581
f 584/584/584 581/581/581 585/585/585
f 581/581/581 586/586/586 585/585/585
f 585/585/585 586/586/586 587/587/587
f 588/588/588 585/585/585 587/587/587
f 588/588/588 587/587/587 589/589/589
f 590/590/590 588/588/588 589/589/589
f 590/590/590 589/589/589 591/591/591
f 592/592/592 590/590/590 591/591/591
f 592/592/592 591/591/591 593/593/593
f 591/591/591 594/594/594 593/593/593
f 593/593/593 594/594/594 595/595/595
f 596/596/596 593/593/593 595/595/595
f 596/596/596 595/595/595 597/597/597
f 598/598/598 596/596/596 597/597/597
f 598/598/598 597/597/597 599/599/599
f 597/597/597 600/600/600 599/599/599
f 599/599/599 600/600/600 601/601/601
f 600/600/600 602/602/602 601/601/601
f 601/601/601 602/602/602 603/603/603
f 602/602/602 604/604/604 603/603/603
f 603/603/603 604/604/604 605/605/605
f 604/604/604 606/606/606 605/605/605
f 605/605/605 606/606/606 607/607/607
f 606/606/606 608/608/608 607/607/607
f 607/607/607 608/608/608 609/609/609
f 608/608/608 610/610/610 609/609/609
f 609/609/609 610/610/610 611/611/611
f 612/612/612 609/609/609 611/611/611
f 612/612/612 611/611/611 613/613/613
f 614/614/614 612/612/612 613/613/613
f 614/614/614 613/613/613 615/615/615
f 616/616/616 614/614/614 615/615/615
f 616/616/616 615/615/615 617/617/617
f 618/618/618 616/616/616 617/617/617
f 618/618/618 617/617/617 619/619/619
f 620/620/620 618/618/618 619/619/619
f 620/620/620 619/619/619 621/621/621
f 622/622/622 620/620/620 621/621/621
f 622/622/622 621/621/621 623/623/623
f 624/624/624 622/622/622 623/623/623
f 624/624/624 623/623/623 625/625/625
f 626/626/626 624/624/624 625/625/625
f 626/626/626 625/625/625 627/627/627
f 628/628/628 626/626/626 627/627/627
f 628/628/628 627/627/627 629/629/629
f 630/630/630 628/628/628 629/629/629
f 630/630/630 629/629/629 631/631/631
f 632/632/632 630/630/630 631/631/631
f 632/632/632 631/631/631 633/633/633
f 634/634/634 632/632/632 633/633/633
f 634/634/634 633/633/633 635/635/635
f 636/636/636 634/634/634 635/635/635
f 636/636/636 635/635/635 637/637/637
f 638/638/638 636/636/636 637/637/637
f 638/638/638 637/637/637 639/639/639
f 640/640/640 638/638/638 639/639/639
f 640/640/640 639/639/639 641/641/641
f 642/642/642 640/640/640 641/641/641
f 642/642/642 641/641/641 643/643/643
f 644/644/644 642/642/642 643/643/643
f 644/644/644 643/643/643 645/645/645
f 646/646/646 644/644/644 645/645/645
f 646/646/646 645/645/645 647/647/647
f 648/648/648 646/646/646 647/647/647
f 648/648/648 647/647/647 649/649/649
f 650/650/650 648/648/648 649/649/649
f 650/650/650 649/649/649 651/651/651
f 652/652/652 650/650/650 651/651/651
f 652/652/652 651/651/651 653/653/653
f 654/654/654 652/652/652 653/653/653
f 654/654/654 653/653/653 655/655/655
f 656/656/656 654/654/654 655/655/655
f 656/656/656 655/655/655 657/657/657
f 658/658/658 656/656/656 657/657/657
f 658/658/658 657/657/657 659/659/659
f 660/660/660 658/658/658 659/659/659
f 660/660/660 659/659/659 661/661/661
f 662/662/662 660/660/660 661/661/661
f 662/662/662 661/661/661 663/663/663
f 664/664/664 662/662/662 663/663/663
f 664/664/664 663/663/663 665/665/665
f 666/666/666 664/664/664 665/665/665
f 666/666/666 665/665/665 667/667/667
f 668/668/668 666/666/666 667/667/667
f 668/668/668 667/667/667 669/669/669
f 670/670/670 668/668/668 669/669/669
f 670/670/670 669/669/669 671/671/671
f 672/672/672 670/670/670 671/671/671
f 672/672/672 671/671/671 673/673/673
f 674/674/674 672/672/672 673/673/673
f 674/674/674 673/673/673 675/675/675
f 676/676/676 674/674/674 675/675/675
f 676/676/676 675/675/675 677/677/677
f 678/678/678 676/676/676 677/677/677
f 678/678/678 677/677/677 679/679/679
f 680/680/680 678/678/678 679/679/679
f 680/680/680 679/679/679 681/681/681
f 682/682/682 680/680/680 681/681/681
f 682/682/682 681/681/681 683/683/683
f 684/684/684 682/682/682 683/683/683
f 684/684/684 683/683/683 685/685/685
f 686/686/686 684/684/684 685/685/685
f 686/686/686 685/685/685 687/687/687
f 688/688/688 686/686/686 687/687/687
f 688/688/688 687/687/687 689/689/689
f 690/690/690 688/688/688 689/689/689
f 690/690/690 689/689/689 691/691/691
f 692/692/692 690/690/690 691/691/691
f 692/692/692 691/691/691 693/693/693
f 694/694/694 692/692/692 693/693/693
f 694/694/694 693/693/693 695/695/695
f 696/696/696 694/694/694 695/695/695
f 696/696/696 695/695/695 697/697/697
f 698/698/698 696/696/696 697/697/697
f 698/698/698 697/697/697 699/699/699
f 700/700/700 698/698/698 699/699/699
f 700/700/700 699/699/699 701/701/701
f 702/702/702 700/700/700 701/701/701
f 702/702/702 701/701/701 703/703/703
f 701/701/701 704/704/704 703/703/703
f 703/703/703 704/704/704 705/705/705
f 704/704/704 706/706/706 705/705/705
f 705/705/705 706/706/706 707/707/707
f 706/706/706 708/708/708 707/707/707
f 707/707/707 708/708/708 709/709/709
f 708/708/708 710/710/710 709/709/709
f 709/709/709 710/710/710 711/711/711
f 710/710/710 712/712/712 711/711/711
f 713/713/713 711/711/711 712/712/712
f 714/714/714 713/713/713 712/712/712
f 714/714/714 715/715/715 713/713/713
f 715/715/715 716/716/716 713/713/713
f 715/715/715 717/717/717 716/716/716
f 717/717/717 718/718/718 716/716/716
f 719/719/719 718/718/718 717/717/717
f 720/720/720 719/719/719 717/717/717
f 720/720/720 721/721/721 719/719/719
f 721/721/721 722/722/722 719/719/719
f 721/721/721 723/723/723 722/722/722
f 723/723/723 724/724/724 722/722/722
f 723/723/723 725/725/725 724/724/724
f 725/725/725 726/726/726 724/724/724
f 727/727/727 726/726/726 725/725/725
f 728/728/728 727/727/727 725/725/725
f 728/728/728 729/729/729 727/727/727
f 729/729/729 730/730/730 727/727/727
f 733/733/733 732/732/732 731/731/731
f 732/732/732 734/734/734 731/731/731
f 734/734/734 735/735/735 731/731/731
f 735/735/735 736/736/736 731/731/731
f 737/737/737 736/736/736 735/735/735
f 732/732/732 738/738/738 734/734/734
f 732/732/732 739/739/739 738/738/738
f 735/735/735 734/734/734 740/740/740
f 734/734/734 738/738/738 740/740/740
f 739/739/739 741/741/741 738/738/738
f 739/739/739 742/742/742 741/741/741
f 743/743/743 737/737/737 735/735/735
f 744/744/744 737/737/737 743/743/743
f 745/745/745 740/740/740 738/738/738
f 741/741/741 745/745/745 738/738/738
f 742/742/742 746/746/746 741/741/741
f 742/742/742 747/747/747 746/746/746
f 748/748/748 744/744/744 743/743/743
f 749/749/749 744/744/744 748/748/748
f 745/745/745 741/741/741 750/750/750
f 741/741/741 746/746/746 750/750/750
f 747/747/747 751/751/751 746/746/746
f 747/747/747 752/752/752 751/751/751
f 753/753/753 749/749/749 748/748/748
f 754/754/754 749/749/749 753/753/753
f 755/755/755 750/750/750 746/746/746
f 755/755/755 746/746/746 751/751/751
f 752/752/752 756/756/756 751/751/751
f 752/752/752 757/757/757 756/756/756
f 758/758/758 754/754/754 753/753/753
f 759/759/759 754/754/754 758/758/758
f 760/760/760 755/755/755 751/751/751
f 756/756/756 760/760/760 751/751/751
f 761/761/761 756/756/756 757/757/757
f 761/761/761 757/757/757 762/762/762
f 763/763/763 759/759/759 758/758/758
f 764/764/764 759/759/759 763/763/763
f 765/765/765 760/760/760 756/756/756
f 761/761/761 765/765/765 756/756/756
f 766/766/766 761/761/761 762/762/762
f 766/766/766 762/762/762 767/767/767
f 767/767/767 768/768/768 766/766/766
f 767/767/767 769/769/769 768/768/768
f 769/769/769 770/770/770 768/768/768
f 761/761/761 766/766/766 771/771/771
f 765/765/765 761/761/761 771/771/771
f 772/772/772 764/764/764 763/763/763
f 773/773/773 764/764/764 772/772/772
f 770/770/770 774/774/774 768/768/768
f 770/770/770 775/775/775 774/774/774
f 775/775/775 776/776/776 774/774/774
f 775/775/775 777/777/777 776/776/776
f 778/778/778 774/774/774 776/776/776
f 778/778/778 768/768/768 774/774/774
f 768/768/768 778/778/778 779/779/779
f 780/780/780 766/766/766 768/768/768
f 780/780/780 768/768/768 779/779/779
f 780/780/780 771/771/771 766/766/766
f 771/771/771 780/780/780 779/779/779
f 777/777/777 781/781/781 776/776/776
f 778/778/778 776/776/776 781/781/781
f 777/777/777 782/782/782 781/781/781
f 782/782/782 783/783/783 781/781/781
f 783/783/783 778/778/778 781/781/781
f 783/783/783 782/782/782 784/784/784
f 783/783/783 785/785/785 778/778/778
f 785/785/785 783/783/783 784/784/784
f 779/779/779 778/778/778 785/785/785
f 786/786/786 785/785/785 784/784/784
f 786/786/786 787/787/787 785/785/785
f 788/788/788 787/787/787 786/786/786
f 779/779/779 785/785/785 789/789/789
f 789/789/789 785/785/785 787/787/787
f 788/788/788 790/790/790 787/787/787
f 791/791/791 790/790/790 788/788/788
f 789/789/789 787/787/787 792/792/792
f 779/779/779 789/789/789 792/792/792
f 787/787/787 790/790/790 792/792/792
f 791/791/791 793/793/793 790/790/790
f 793/793/793 791/791/791 794/794/794
f 795/795/795 779/779/779 792/792/792
f 771/771/771 779/779/779 795/795/795
f 771/771/771 795/795/795 796/796/796
f 795/795/795 792/792/792 796/796/796
f 765/765/765 771/771/771 796/796/796
f 797/797/797 792/792/792 790/790/790
f 797/797/797 790/790/790 793/793/793
f 792/792/792 797/797/797 796/796/796
f 793/793/793 794/794/794 798/798/798
f 798/798/798 794/794/794 799/799/799
f 765/765/765 796/796/796 800/800/800
f 765/765/765 800/800/800 760/760/760
f 797/797/797 793/793/793 801/801/801
f 793/793/793 798/798/798 801/801/801
f 797/797/797 802/802/802 796/796/796
f 802/802/802 800/800/800 796/796/796
f 797/797/797 801/801/801 802/802/802
f 798/798/798 799/799/799 803/803/803
f 803/803/803 799/799/799 804/804/804
f 800/800/800 805/805/805 760/760/760
f 760/760/760 805/805/805 755/755/755
f 802/802/802 806/806/806 800/800/800
f 806/806/806 805/805/805 800/800/800
f 798/798/798 807/807/807 801/801/801
f 807/807/807 798/798/798 803/803/803
f 801/801/801 808/808/808 802/802/802
f 802/802/802 808/808/808 806/806/806
f 807/807/807 808/808/808 801/801/801
f 803/803/803 804/804/804 809/809/809
f 809/809/809 804/804/804 810/810/810
f 805/805/805 811/811/811 755/755/755
f 755/755/755 811/811/811 750/750/750
f 806/806/806 812/812/812 805/805/805
f 811/811/811 805/805/805 812/812/812
f 808/808/808 813/813/813 806/806/806
f 806/806/806 813/813/813 812/812/812
f 814/814/814 807/807/807 803/803/803
f 814/814/814 803/803/803 809/809/809
f 807/807/807 815/815/815 808/808/808
f 813/813/813 808/808/808 815/815/815
f 807/807/807 814/814/814 815/815/815
f 809/809/809 810/810/810 816/816/816
f 817/817/817 816/816/816 810/810/810
f 811/811/811 818/818/818 750/750/750
f 745/745/745 750/750/750 818/818/818
f 819/819/819 811/811/811 812/812/812
f 819/819/819 818/818/818 811/811/811
f 813/813/813 820/820/820 812/812/812
f 819/819/819 812/812/812 820/820/820
f 821/821/821 813/813/813 815/815/815
f 813/813/813 821/821/821 820/820/820
f 822/822/822 814/814/814 809/809/809
f 822/822/822 809/809/809 816/816/816
f 814/814/814 823/823/823 815/815/815
f 821/821/821 815/815/815 823/823/823
f 822/822/822 823/823/823 814/814/814
f 817/817/817 824/824/824 816/816/816
f 825/825/825 824/824/824 817/817/817
f 826/826/826 822/822/822 816/816/816
f 826/826/826 816/816/816 824/824/824
f 822/822/822 827/827/827 823/823/823
f 822/822/822 826/826/826 827/827/827
f 821/821/821 823/823/823 828/828/828
f 828/828/828 823/823/823 827/827/827
f 821/821/821 829/829/829 820/820/820
f 821/821/821 828/828/828 829/829/829
f 825/825/825 830/830/830 824/824/824
f 831/831/831 830/830/830 825/825/825
f 832/832/832 826/826/826 824/824/824
f 832/832/832 824/824/824 830/830/830
f 826/826/826 833/833/833 827/827/827
f 832/832/832 833/833/833 826/826/826
f 834/834/834 828/828/828 827/827/827
f 834/834/834 827/827/827 833/833/833
f 831/831/831 835/835/835 830/830/830
f 835/835/835 831/831/831 836/836/836
f 837/837/837 832/832/832 830/830/830
f 837/837/837 830/830/830 835/835/835
f 832/832/832 838/838/838 833/833/833
f 832/832/832 837/837/837 838/838/838
f 835/835/835 836/836/836 839/839/839
f 840/840/840 839/839/839 836/836/836
f 841/841/841 837/837/837 835/835/835
f 841/841/841 835/835/835 839/839/839
f 840/840/840 842/842/842 839/839/839
f 842/842/842 840/840/840 843/843/843
f 828/828/828 834/834/834 844/844/844
f 828/828/828 844/844/844 829/829/829
f 834/834/834 833/833/833 845/845/845
f 845/845/845 833/833/833 838/838/838
f 837/837/837 846/846/846 838/838/838
f 841/841/841 846/846/846 837/837/837
f 847/847/847 841/841/841 839/839/839
f 847/847/847 839/839/839 842/842/842
f 848/848/848 842/842/842 843/843/843
f 848/848/848 843/843/843 849/849/849
f 834/834/834 850/850/850 844/844/844
f 834/834/834 845/845/845 850/850/850
f 851/851/851 845/845/845 838/838/838
f 851/851/851 838/838/838 846/846/846
f 841/841/841 852/852/852 846/846/846
f 841/841/841 847/847/847 852/852/852
f 845/845/845 853/853/853 850/850/850
f 845/845/845 851/851/851 853/853/853
f 851/851/851 846/846/846 854/854/854
f 852/852/852 854/854/854 846/846/846
f 851/851/851 855/855/855 853/853/853
f 851/851/851 854/854/854 855/855/855
f 856/856/856 848/848/848 849/849/849
f 856/856/856 849/849/849 857/857/857
f 849/849/849 858/858/858 857/857/857
f 857/857/857 858/858/858 859/859/859
f 860/860/860 857/857/857 859/859/859
f 860/860/860 859/859/859 861/861/861
f 862/862/862 848/848/848 856/856/856
f 842/842/842 848/848/848 862/862/862
f 856/856/856 857/857/857 863/863/863
f 863/863/863 857/857/857 860/860/860
f 864/864/864 860/860/860 861/861/861
f 864/864/864 861/861/861 865/865/865
f 866/866/866 862/862/862 856/856/856
f 866/866/866 856/856/856 863/863/863
f 867/867/867 842/842/842 862/862/862
f 867/867/867 847/847/847 842/842/842
f 868/868/868 863/863/863 860/860/860
f 868/868/868 860/860/860 864/864/864
f 869/869/869 862/862/862 866/866/866
f 867/867/867 862/862/862 869/869/869
f 870/870/870 847/847/847 867/867/867
f 847/847/847 870/870/870 852/852/852
f 871/871/871 867/867/867 869/869/869
f 871/871/871 870/870/870 867/867/867
f 852/852/852 870/870/870 872/872/872
f 852/852/852 872/872/872 854/854/854
f 872/872/872 873/873/873 854/854/854
f 870/870/870 874/874/874 872/872/872
f 874/874/874 870/870/870 871/871/871
f 872/872/872 874/874/874 873/873/873
f 873/873/873 875/875/875 854/854/854
f 854/854/854 875/875/875 855/855/855
f 876/876/876 875/875/875 873/873/873
f 855/855/855 875/875/875 876/876/876
f 877/877/877 869/869/869 866/866/866
f 871/871/871 869/869/869 878/878/878
f 878/878/878 869/869/869 877/877/877
f 879/879/879 874/874/874 871/871/871
f 879/879/879 871/871/871 878/878/878
f 874/874/874 879/879/879 880/880/880
f 874/874/874 880/880/880 873/873/873
f 879/879/879 881/881/881 880/880/880
f 879/879/879 878/878/878 881/881/881
f 873/873/873 880/880/880 882/882/882
f 882/882/882 880/880/880 881/881/881
f 883/883/883 876/876/876 873/873/873
f 883/883/883 873/873/873 882/882/882
f 877/877/877 866/866/866 884/884/884
f 866/866/866 863/863/863 884/884/884
f 885/885/885 884/884/884 863/863/863
f 868/868/868 885/885/885 863/863/863
f 868/868/868 886/886/886 885/885/885
f 886/886/886 868/868/868 864/864/864
f 886/886/886 864/864/864 887/887/887
f 887/887/887 864/864/864 865/865/865
f 887/887/887 865/865/865 888/888/888
f 865/865/865 889/889/889 888/888/888
f 890/890/890 886/886/886 887/887/887
f 890/890/890 887/887/887 888/888/888
f 891/891/891 888/888/888 889/889/889
f 892/892/892 891/891/891 889/889/889
f 892/892/892 893/893/893 891/891/891
f 894/894/894 890/890/890 888/888/888
f 894/894/894 888/888/888 891/891/891
f 890/890/890 895/895/895 886/886/886
f 890/890/890 894/894/894 895/895/895
f 886/886/886 896/896/896 885/885/885
f 895/895/895 896/896/896 886/886/886
f 893/893/893 897/897/897 891/891/891
f 893/893/893 898/898/898 897/897/897
f 899/899/899 894/894/894 891/891/891
f 899/899/899 891/891/891 897/897/897
f 898/898/898 900/900/900 897/897/897
f 898/898/898 901/901/901 900/900/900
f 902/902/902 899/899/899 897/897/897
f 902/902/902 897/897/897 900/900/900
f 899/899/899 903/903/903 894/894/894
f 899/899/899 902/902/902 903/903/903
f 894/894/894 904/904/904 895/895/895
f 903/903/903 904/904/904 894/894/894
f 901/901/901 905/905/905 900/900/900
f 905/905/905 901/901/901 906/906/906
f 895/895/895 907/907/907 896/896/896
f 895/895/895 904/904/904 907/907/907
f 908/908/908 902/902/902 900/900/900
f 908/908/908 900/900/900 905/905/905
f 909/909/909 905/905/905 906/906/906
f 909/909/909 906/906/906 910/910/910
f 911/911/911 908/908/908 905/905/905
f 911/911/911 905/905/905 909/909/909
f 908/908/908 912/912/912 902/902/902
f 908/908/908 911/911/911 912/912/912
f 902/902/902 913/913/913 903/903/903
f 912/912/912 913/913/913 902/902/902
f 903/903/903 914/914/914 904/904/904
f 903/903/903 913/913/913 914/914/914
f 915/915/915 909/909/909 910/910/910
f 915/915/915 910/910/910 916/916/916
f 917/917/917 911/911/911 909/909/909
f 917/917/917 909/909/909 915/915/915
f 914/914/914 918/918/918 904/904/904
f 904/904/904 918/918/918 907/907/907
f 912/912/912 919/919/919 913/913/913
f 911/911/911 920/920/920 912/912/912
f 912/912/912 920/920/920 919/919/919
f 917/917/917 921/921/921 911/911/911
f 921/921/921 920/920/920 911/911/911
f 922/922/922 917/917/917 915/915/915
f 917/917/917 922/922/922 921/921/921
f 923/923/923 915/915/915 916/916/916
f 922/922/922 915/915/915 923/923/923
f 913/913/913 924/924/924 914/914/914
f 919/919/919 924/924/924 913/913/913
f 914/914/914 925/925/925 918/918/918
f 914/914/914 924/924/924 925/925/925
f 923/923/923 916/916/916 926/926/926
f 916/916/916 927/927/927 926/926/926
f 926/926/926 927/927/927 928/928/928
f 929/929/929 926/926/926 928/928/928
f 929/929/929 928/928/928 930/930/930
f 931/931/931 929/929/929 930/930/930
f 931/931/931 930/930/930 932/932/932
f 929/929/929 933/933/933 926/926/926
f 929/929/929 931/931/931 933/933/933
f 923/923/923 926/926/926 934/934/934
f 933/933/933 934/934/934 926/926/926
f 935/935/935 923/923/923 934/934/934
f 935/935/935 922/922/922 923/923/923
f 936/936/936 922/922/922 935/935/935
f 922/922/922 936/936/936 921/921/921
f 921/921/921 936/936/936 937/937/937
f 921/921/921 937/937/937 920/920/920
f 937/937/937 938/938/938 920/920/920
f 920/920/920 938/938/938 919/919/919
f 919/919/919 938/938/938 939/939/939
f 919/919/919 939/939/939 924/924/924
f 939/939/939 940/940/940 924/924/924
f 924/924/924 940/940/940 925/925/925
f 933/933/933 941/941/941 934/934/934
f 935/935/935 934/934/934 942/942/942
f 941/941/941 942/942/942 934/934/934
f 943/943/943 936/936/936 935/935/935
f 943/943/943 935/935/935 942/942/942
f 936/936/936 944/944/944 937/937/937
f 944/944/944 936/936/936 943/943/943
f 937/937/937 945/945/945 938/938/938
f 937/937/937 944/944/944 945/945/945
f 938/938/938 946/946/946 939/939/939
f 945/945/945 946/946/946 938/938/938
f 933/933/933 947/947/947 941/941/941
f 931/931/931 947/947/947 933/933/933
f 947/947/947 931/931/931 948/948/948
f 948/948/948 931/931/931 932/932/932
f 948/948/948 932/932/932 949/949/949
f 932/932/932 950/950/950 949/949/949
f 949/949/949 950/950/950 951/951/951
f 952/952/952 949/949/949 951/951/951
f 952/952/952 951/951/951 953/953/953
f 948/948/948 949/949/949 954/954/954
f 954/954/954 949/949/949 952/952/952
f 955/955/955 947/947/947 948/948/948
f 955/955/955 948/948/948 954/954/954
f 947/947/947 956/956/956 941/941/941
f 956/956/956 947/947/947 955/955/955
f 941/941/941 956/956/956 957/957/957
f 941/941/941 957/957/957 942/942/942
f 957/957/957 958/958/958 942/942/942
f 943/943/943 942/942/942 958/958/958
f 959/959/959 943/943/943 958/958/958
f 959/959/959 944/944/944 943/943/943
f 960/960/960 944/944/944 959/959/959
f 944/944/944 960/960/960 945/945/945
f 961/961/961 956/956/956 955/955/955
f 956/956/956 962/962/962 957/957/957
f 962/962/962 956/956/956 961/961/961
f 957/957/957 963/963/963 958/958/958
f 957/957/957 962/962/962 963/963/963
f 959/959/959 958/958/958 964/964/964
f 963/963/963 964/964/964 958/958/958
f 965/965/965 959/959/959 964/964/964
f 965/965/965 960/960/960 959/959/959
f 961/961/961 955/955/955 966/966/966
f 955/955/955 954/954/954 966/966/966
f 967/967/967 964/964/964 963/963/963
f 965/965/965 964/964/964 967/967/967
f 968/968/968 945/945/945 960/960/960
f 969/969/969 960/960/960 965/965/965
f 969/969/969 968/968/968 960/960/960
f 968/968/968 970/970/970 945/945/945
f 970/970/970 946/946/946 945/945/945
f 971/971/971 965/965/965 967/967/967
f 971/971/971 969/969/969 965/965/965
f 968/968/968 969/969/969 972/972/972
f 968/968/968 972/972/972 970/970/970
f 970/970/970 973/973/973 946/946/946
f 973/973/973 939/939/939 946/946/946
f 973/973/973 974/974/974 939/939/939
f 974/974/974 940/940/940 939/939/939
f 973/973/973 970/970/970 975/975/975
f 973/973/973 975/975/975 974/974/974
f 976/976/976 969/969/969 971/971/971
f 969/969/969 976/976/976 972/972/972
f 972/972/972 977/977/977 970/970/970
f 970/970/970 977/977/977 975/975/975
f 974/974/974 978/978/978 940/940/940
f 978/978/978 925/925/925 940/940/940
f 972/972/972 976/976/976 979/979/979
f 972/972/972 979/979/979 977/977/977
f 980/980/980 976/976/976 971/971/971
f 976/976/976 981/981/981 979/979/979
f 981/981/981 976/976/976 980/980/980
f 980/980/980 971/971/971 982/982/982
f 971/971/971 967/967/967 982/982/982
f 975/975/975 983/983/983 974/974/974
f 978/978/978 974/974/974 984/984/984
f 974/974/974 983/983/983 984/984/984
f 978/978/978 985/985/985 925/925/925
f 978/978/978 984/984/984 985/985/985
f 975/975/975 977/977/977 986/986/986
f 975/975/975 986/986/986 983/983/983
f 979/979/979 987/987/987 977/977/977
f 977/977/977 987/987/987 986/986/986
f 979/979/979 981/981/981 988/988/988
f 979/979/979 988/988/988 987/987/987
f 985/985/985 989/989/989 925/925/925
f 925/925/925 989/989/989 918/918/918
f 918/918/918 989/989/989 990/990/990
f 907/907/907 918/918/918 990/990/990
f 985/985/985 991/991/991 989/989/989
f 991/991/991 990/990/990 989/989/989
f 907/907/907 990/990/990 992/992/992
f 907/907/907 992/992/992 896/896/896
f 896/896/896 992/992/992 993/993/993
f 885/885/885 896/896/896 993/993/993
f 885/885/885 993/993/993 884/884/884
f 993/993/993 994/994/994 884/884/884
f 877/877/877 884/884/884 994/994/994
f 993/993/993 992/992/992 995/995/995
f 993/993/993 995/995/995 994/994/994
f 990/990/990 996/996/996 992/992/992
f 992/992/992 996/996/996 995/995/995
f 991/991/991 997/997/997 990/990/990
f 997/997/997 996/996/996 990/990/990
f 991/991/991 985/985/985 998/998/998
f 991/991/991 998/998/998 997/997/997
f 999/999/999 877/877/877 994/994/994
f 999/999/999 878/878/878 877/877/877
f 878/878/878 999/999/999 1000/1000/1000
f 878/878/878 1000/1000/1000 881/881/881
f 999/999/999 994/994/994 1001/1001/1001
f 999/999/999 1001/1001/1001 1000/1000/1000
f 1002/1002/1002 881/881/881 1000/1000/1000
f 1002/1002/1002 882/882/882 881/881/881
f 1003/1003/1003 1002/1002/1002 1000/1000/1000
f 1003/1003/1003 1000/1000/1000 1001/1001/1001
f 994/994/994 1004/1004/1004 1001/1001/1001
f 995/995/995 1004/1004/1004 994/994/994
f 1002/1002/1002 1005/1005/1005 882/882/882
f 1002/1002/1002 1003/1003/1003 1005/1005/1005
f 1006/1006/1006 1001/1001/1001 1004/1004/1004
f 1006/1006/1006 1003/1003/1003 1001/1001/1001
f 1007/1007/1007 1004/1004/1004 995/995/995
f 1007/1007/1007 1006/1006/1006 1004/1004/1004
f 1006/1006/1006 1008/1008/1008 1003/1003/1003
f 1006/1006/1006 1007/1007/1007 1008/1008/1008
f 1005/1005/1005 1009/1009/1009 882/882/882
f 883/883/883 882/882/882 1009/1009/1009
f 1003/1003/1003 1010/1010/1010 1005/1005/1005
f 1008/1008/1008 1010/1010/1010 1003/1003/1003
f 1011/1011/1011 1007/1007/1007 995/995/995
f 1011/1011/1011 995/995/995 996/996/996
f 997/997/997 1011/1011/1011 996/996/996
f 1011/1011/1011 1012/1012/1012 1007/1007/1007
f 1011/1011/1011 997/997/997 1012/1012/1012
f 1007/1007/1007 1013/1013/1013 1008/1008/1008
f 1012/1012/1012 1013/1013/1013 1007/1007/1007
f 997/997/997 1014/1014/1014 1012/1012/1012
f 998/998/998 1014/1014/1014 997/997/997
f 1005/1005/1005 1015/1015/1015 1009/1009/1009
f 1005/1005/1005 1010/1010/1010 1015/1015/1015
f 1008/1008/1008 1016/1016/1016 1010/1010/1010
f 1008/1008/1008 1013/1013/1013 1016/1016/1016
f 1012/1012/1012 1017/1017/1017 1013/1013/1013
f 1012/1012/1012 1014/1014/1014 1017/1017/1017
f 1010/1010/1010 1018/1018/1018 1015/1015/1015
f 1016/1016/1016 1018/1018/1018 1010/1010/1010
f 1013/1013/1013 1019/1019/1019 1016/1016/1016
f 1017/1017/1017 1019/1019/1019 1013/1013/1013
f 1016/1016/1016 1020/1020/1020 1018/1018/1018
f 1016/1016/1016 1019/1019/1019 1020/1020/1020
f 998/998/998 1021/1021/1021 1014/1014/1014
f 1014/1014/1014 1022/1022/1022 1017/1017/1017
f 1021/1021/1021 1022/1022/1022 1014/1014/1014
f 1017/1017/1017 1023/1023/1023 1019/1019/1019
f 1017/1017/1017 1022/1022/1022 1023/1023/1023
f 1019/1019/1019 1024/1024/1024 1020/1020/1020
f 1023/1023/1023 1024/1024/1024 1019/1019/1019
f 998/998/998 1025/1025/1025 1021/1021/1021
f 985/985/985 1025/1025/1025 998/998/998
f 984/984/984 1025/1025/1025 985/985/985
f 984/984/984 1026/1026/1026 1025/1025/1025
f 984/984/984 983/983/983 1026/1026/1026
f 1025/1025/1025 1027/1027/1027 1021/1021/1021
f 1026/1026/1026 1027/1027/1027 1025/1025/1025
f 1021/1021/1021 1028/1028/1028 1022/1022/1022
f 1021/1021/1021 1027/1027/1027 1028/1028/1028
f 983/983/983 1029/1029/1029 1026/1026/1026
f 986/986/986 1029/1029/1029 983/983/983
f 1026/1026/1026 1030/1030/1030 1027/1027/1027
f 1026/1026/1026 1029/1029/1029 1030/1030/1030
f 986/986/986 1031/1031/1031 1029/1029/1029
f 986/986/986 987/987/987 1031/1031/1031
f 1022/1022/1022 1032/1032/1032 1023/1023/1023
f 1028/1028/1028 1032/1032/1032 1022/1022/1022
f 1033/1033/1033 1023/1023/1023 1032/1032/1032
f 1033/1033/1033 1032/1032/1032 1028/1028/1028
f 1027/1027/1027 1034/1034/1034 1028/1028/1028
f 1030/1030/1030 1034/1034/1034 1027/1027/1027
f 1035/1035/1035 1028/1028/1028 1034/1034/1034
f 1035/1035/1035 1033/1033/1033 1028/1028/1028
f 1035/1035/1035 1034/1034/1034 1030/1030/1030
f 1029/1029/1029 1036/1036/1036 1030/1030/1030
f 1031/1031/1031 1036/1036/1036 1029/1029/1029
f 1037/1037/1037 1030/1030/1030 1036/1036/1036
f 1037/1037/1037 1035/1035/1035 1030/1030/1030
f 1037/1037/1037 1036/1036/1036 1031/1031/1031
f 987/987/987 1038/1038/1038 1031/1031/1031
f 988/988/988 1038/1038/1038 987/987/987
f 1039/1039/1039 1031/1031/1031 1038/1038/1038
f 1039/1039/1039 1037/1037/1037 1031/1031/1031
f 1039/1039/1039 1038/1038/1038 988/988/988
f 1033/1033/1033 1040/1040/1040 1023/1023/1023
f 1040/1040/1040 1024/1024/1024 1023/1023/1023
f 1040/1040/1040 1020/1020/1020 1024/1024/1024
f 1037/1037/1037 1041/1041/1041 1035/1035/1035
f 1041/1041/1041 1042/1042/1042 1035/1035/1035
f 1035/1035/1035 1042/1042/1042 1033/1033/1033
f 1043/1043/1043 1041/1041/1041 1037/1037/1037
f 1039/1039/1039 1043/1043/1043 1037/1037/1037
f 1042/1042/1042 1044/1044/1044 1033/1033/1033
f 1033/1033/1033 1044/1044/1044 1040/1040/1040
f 1044/1044/1044 773/773/773 1040/1040/1040
f 1040/1040/1040 773/773/773 772/772/772
f 1040/1040/1040 772/772/772 1020/1020/1020
f 1045/1045/1045 1043/1043/1043 1039/1039/1039
f 1046/1046/1046 1045/1045/1045 1039/1039/1039
f 1046/1046/1046 1039/1039/1039 988/988/988
f 1045/1045/1045 1046/1046/1046 1047/1047/1047
f 772/772/772 1048/1048/1048 1020/1020/1020
f 1020/1020/1020 1048/1048/1048 1018/1018/1018
f 772/772/772 1049/1049/1049 1048/1048/1048
f 1018/1018/1018 1048/1048/1048 1049/1049/1049
f 1015/1015/1015 1018/1018/1018 1049/1049/1049
f 772/772/772 763/763/763 1049/1049/1049
f 1015/1015/1015 1049/1049/1049 1050/1050/1050
f 1015/1015/1015 1050/1050/1050 1009/1009/1009
f 763/763/763 1051/1051/1051 1049/1049/1049
f 1049/1049/1049 1051/1051/1051 1050/1050/1050
f 763/763/763 1052/1052/1052 1051/1051/1051
f 1050/1050/1050 1051/1051/1051 1052/1052/1052
f 763/763/763 758/758/758 1052/1052/1052
f 1053/1053/1053 1009/1009/1009 1050/1050/1050
f 1053/1053/1053 883/883/883 1009/1009/1009
f 1054/1054/1054 1050/1050/1050 1052/1052/1052
f 1054/1054/1054 1053/1053/1053 1050/1050/1050
f 758/758/758 1055/1055/1055 1052/1052/1052
f 1054/1054/1054 1052/1052/1052 1055/1055/1055
f 1053/1053/1053 1056/1056/1056 883/883/883
f 1056/1056/1056 876/876/876 883/883/883
f 1054/1054/1054 1057/1057/1057 1053/1053/1053
f 1057/1057/1057 1054/1054/1054 1055/1055/1055
f 1057/1057/1057 1056/1056/1056 1053/1053/1053
f 758/758/758 1058/1058/1058 1055/1055/1055
f 1057/1057/1057 1055/1055/1055 1058/1058/1058
f 758/758/758 753/753/753 1058/1058/1058
f 1059/1059/1059 876/876/876 1056/1056/1056
f 1059/1059/1059 855/855/855 876/876/876
f 1060/1060/1060 1056/1056/1056 1057/1057/1057
f 1060/1060/1060 1059/1059/1059 1056/1056/1056
f 1061/1061/1061 1057/1057/1057 1058/1058/1058
f 1061/1061/1061 1060/1060/1060 1057/1057/1057
f 753/753/753 1062/1062/1062 1058/1058/1058
f 1061/1061/1061 1058/1058/1058 1062/1062/1062
f 1059/1059/1059 1063/1063/1063 855/855/855
f 1063/1063/1063 853/853/853 855/855/855
f 1060/1060/1060 1064/1064/1064 1059/1059/1059
f 1064/1064/1064 1063/1063/1063 1059/1059/1059
f 1061/1061/1061 1065/1065/1065 1060/1060/1060
f 1065/1065/1065 1061/1061/1061 1062/1062/1062
f 1065/1065/1065 1064/1064/1064 1060/1060/1060
f 753/753/753 1066/1066/1066 1062/1062/1062
f 1065/1065/1065 1062/1062/1062 1066/1066/1066
f 753/753/753 748/748/748 1066/1066/1066
f 1063/1063/1063 1067/1067/1067 853/853/853
f 1067/1067/1067 850/850/850 853/853/853
f 1064/1064/1064 1065/1065/1065 1068/1068/1068
f 1068/1068/1068 1065/1065/1065 1066/1066/1066
f 1063/1063/1063 1064/1064/1064 1069/1069/1069
f 1069/1069/1069 1064/1064/1064 1068/1068/1068
f 1067/1067/1067 1063/1063/1063 1069/1069/1069
f 1067/1067/1067 1070/1070/1070 850/850/850
f 1070/1070/1070 844/844/844 850/850/850
f 1068/1068/1068 1066/1066/1066 1071/1071/1071
f 1069/1069/1069 1068/1068/1068 1071/1071/1071
f 1067/1067/1067 1069/1069/1069 1072/1072/1072
f 1067/1067/1067 1072/1072/1072 1070/1070/1070
f 1069/1069/1069 1071/1071/1071 1072/1072/1072
f 748/748/748 1073/1073/1073 1066/1066/1066
f 1066/1066/1066 1073/1073/1073 1071/1071/1071
f 748/748/748 1074/1074/1074 1073/1073/1073
f 1071/1071/1071 1073/1073/1073 1074/1074/1074
f 748/748/748 743/743/743 1074/1074/1074
f 1070/1070/1070 1075/1075/1075 844/844/844
f 1075/1075/1075 829/829/829 844/844/844
f 1070/1070/1070 1072/1072/1072 1076/1076/1076
f 1075/1075/1075 1070/1070/1070 1076/1076/1076
f 1077/1077/1077 1072/1072/1072 1071/1071/1071
f 1077/1077/1077 1071/1071/1071 1074/1074/1074
f 1077/1077/1077 1076/1076/1076 1072/1072/1072
f 743/743/743 1078/1078/1078 1074/1074/1074
f 1077/1077/1077 1074/1074/1074 1078/1078/1078
f 1075/1075/1075 1079/1079/1079 829/829/829
f 1079/1079/1079 820/820/820 829/829/829
f 1079/1079/1079 819/819/819 820/820/820
f 1075/1075/1075 1076/1076/1076 1080/1080/1080
f 1075/1075/1075 1080/1080/1080 1079/1079/1079
f 1077/1077/1077 1081/1081/1081 1076/1076/1076
f 1081/1081/1081 1077/1077/1077 1078/1078/1078
f 1081/1081/1081 1080/1080/1080 1076/1076/1076
f 743/743/743 1082/1082/1082 1078/1078/1078
f 1081/1081/1081 1078/1078/1078 1082/1082/1082
f 743/743/743 735/735/735 1082/1082/1082
f 819/819/819 1079/1079/1079 1083/1083/1083
f 1079/1079/1079 1080/1080/1080 1083/1083/1083
f 819/819/819 1083/1083/1083 818/818/818
f 1084/1084/1084 1080/1080/1080 1081/1081/1081
f 1084/1084/1084 1081/1081/1081 1082/1082/1082
f 1084/1084/1084 1083/1083/1083 1080/1080/1080
f 735/735/735 1085/1085/1085 1082/1082/1082
f 1084/1084/1084 1082/1082/1082 1085/1085/1085
f 735/735/735 740/740/740 1085/1085/1085
f 1086/1086/1086 818/818/818 1083/1083/1083
f 1084/1084/1084 1086/1086/1086 1083/1083/1083
f 1086/1086/1086 1084/1084/1084 1085/1085/1085
f 1086/1086/1086 1085/1085/1085 740/740/740
f 745/745/745 818/818/818 1086/1086/1086
f 745/745/745 1086/1086/1086 740/740/740
f 1089/1089/1089 1088/1088/1088 1087/1087/1087
f 1090/1090/1090 1089/1089/1089 1087/1087/1087
f 1093/1093/1093 1092/1092/1092 1091/1091/1091
f 1094/1094/1094 1093/1093/1093 1091/1091/1091
f 1097/1097/1097 1096/1096/1096 1095/1095/1095
f 1098/1098/1098 1097/1097/1097 1095/1095/1095
f 1098/1098/1098 1099/1099/1099 1097/1097/1097
f 1099/1099/1099 1100/1100/1100 1097/1097/1097
f 1099/1099/1099 1101/1101/1101 1100/1100/1100
f 1101/1101/1101 1102/1102/1102 1100/1100/1100
f 1101/1101/1101 1103/1103/1103 1102/1102/1102
f 1103/1103/1103 1104/1104/1104 1102/1102/1102
f 1103/1103/1103 1105/1105/1105 1104/1104/1104
f 1105/1105/1105 1106/1106/1106 1104/1104/1104
f 1105/1105/1105 1107/1107/1107 1106/1106/1106
f 1107/1107/1107 1108/1108/1108 1106/1106/1106
f 1107/1107/1107 1109/1109/1109 1108/1108/1108
f 1109/1109/1109 1110/1110/1110 1108/1108/1108
f 1109/1109/1109 1111/1111/1111 1110/1110/1110
f 1111/1111/1111 1112/1112/1112 1110/1110/1110
f 1111/1111/1111 1113/1113/1113 1112/1112/1112
f 1113/1113/1113 1114/1114/1114 1112/1112/1112
f 1113/1113/1113 1115/1115/1115 1114/1114/1114
f 1115/1115/1115 1116/1116/1116 1114/1114/1114
f 1115/1115/1115 1117/1117/1117 1116/1116/1116
f 1117/1117/1117 1118/1118/1118 1116/1116/1116
f 1117/1117/1117 1119/1119/1119 1118/1118/1118
f 1119/1119/1119 1120/1120/1120 1118/1118/1118
f 1119/1119/1119 1121/1121/1121 1120/1120/1120
f 1121/1121/1121 1122/1122/1122 1120/1120/1120
f 1121/1121/1121 1123/1123/1123 1122/1122/1122
f 1123/1123/1123 1124/1124/1124 1122/1122/1122
f 1123/1123/1123 1125/1125/1125 1124/1124/1124
f 1125/1125/1125 1126/1126/1126 1124/1124/1124
f 1125/1125/1125 1127/1127/1127 1126/1126/1126
f 1127/1127/1127 1128/1128/1128 1126/1126/1126
f 1127/1127/1127 1129/1129/1129 1128/1128/1128
f 1129/1129/1129 1130/1130/1130 1128/1128/1128
f 1129/1129/1129 1131/1131/1131 1130/1130/1130
f 1131/1131/1131 1132/1132/1132 1130/1130/1130
f 1131/1131/1131 1133/1133/1133 1132/1132/1132
f 1133/1133/1133 1134/1134/1134 1132/1132/1132
f 1133/1133/1133 1135/1135/1135 1134/1134/1134
f 1135/1135/1135 1136/1136/1136 1134/1134/1134
f 1135/1135/1135 1137/1137/1137 1136/1136/1136
f 1137/1137/1137 1138/1138/1138 1136/1136/1136
f 1137/1137/1137 1139/1139/1139 1138/1138/1138
f 1139/1139/1139 1140/1140/1140 1138/1138/1138
f 1139/1139/1139 1141/1141/1141 1140/1140/1140
f 1141/1141/1141 1142/1142/1142 1140/1140/1140
f 1141/1141/1141 1143/1143/1143 1142/1142/1142
f 1143/1143/1143 1144/1144/1144 1142/1142/1142
f 1143/1143/1143 1145/1145/1145 1144/1144/1144
f 1145/1145/1145 1146/1146/1146 1144/1144/1144
f 1147/1147/1147 1146/1146/1146 1145/1145/1145
f 1148/1148/1148 1147/1147/1147 1145/1145/1145
f 1151/1151/1151 1150/1150/1150 1149/1149/1149
f 1152/1152/1152 1151/1151/1151 1149/1149/1149
f 1153/1153/1153 1151/1151/1151 1152/1152/1152
f 1154/1154/1154 1153/1153/1153 1152/1152/1152
f 1154/1154/1154 1155/1155/1155 1153/1153/1153
f 1155/1155/1155 1156/1156/1156 1153/1153/1153
f 1155/1155/1155 1157/1157/1157 1156/1156/1156
f 1157/1157/1157 1158/1158/1158 1156/1156/1156
f 1157/1157/1157 1159/1159/1159 1158/1158/1158
f 1159/1159/1159 1160/1160/1160 1158/1158/1158
f 1159/1159/1159 1161/1161/1161 1160/1160/1160
f 1161/1161/1161 1162/1162/1162 1160/1160/1160
f 1161/1161/1161 1163/1163/1163 1162/1162/1162
f 1163/1163/1163 1164/1164/1164 1162/1162/1162
f 1164/1164/1164 1163/1163/1163 1165/1165/1165
f 1166/1166/1166 1164/1164/1164 1165/1165/1165
f 1166/1166/1166 1165/1165/1165 1167/1167/1167
f 1168/1168/1168 1166/1166/1166 1167/1167/1167
f 1168/1168/1168 1167/1167/1167 1169/1169/1169
f 1170/1170/1170 1168/1168/1168 1169/1169/1169
f 1170/1170/1170 1169/1169/1169 1171/1171/1171
f 1172/1172/1172 1170/1170/1170 1171/1171/1171
f 1172/1172/1172 1171/1171/1171 1173/1173/1173
f 1174/1174/1174 1172/1172/1172 1173/1173/1173
f 1174/1174/1174 1173/1173/1173 1175/1175/1175
f 1173/1173/1173 1176/1176/1176 1175/1175/1175
f 1177/1177/1177 1175/1175/1175 1176/1176/1176
f 1178/1178/1178 1177/1177/1177 1176/1176/1176
f 1178/1178/1178 1179/1179/1179 1177/1177/1177
f 1179/1179/1179 1180/1180/1180 1177/1177/1177
f 1179/1179/1179 1181/1181/1181 1180/1180/1180
f 1181/1181/1181 1182/1182/1182 1180/1180/1180
f 1181/1181/1181 1183/1183/1183 1182/1182/1182
f 1183/1183/1183 1184/1184/1184 1182/1182/1182
f 1183/1183/1183 1185/1185/1185 1184/1184/1184
f 1185/1185/1185 1186/1186/1186 1184/1184/1184
f 1185/1185/1185 1187/1187/1187 1186/1186/1186
f 1187/1187/1187 1188/1188/1188 1186/1186/1186
f 1189/1189/1189 1188/1188/1188 1187/1187/1187
f 1190/1190/1190 1189/1189/1189 1187/1187/1187
f 1190/1190/1190 1191/1191/1191 1189/1189/1189
f 1191/1191/1191 1192/1192/1192 1189/1189/1189
f 1191/1191/1191 1193/1193/1193 1192/1192/1192
f 1193/1193/1193 1194/1194/1194 1192/1192/1192
f 1193/1193/1193 1195/1195/1195 1194/1194/1194
f 1195/1195/1195 1196/1196/1196 1194/1194/1194
f 1195/1195/1195 1197/1197/1197 1196/1196/1196
f 1197/1197/1197 1198/1198/1198 1196/1196/1196
f 1197/1197/1197 1199/1199/1199 1198/1198/1198
f 1199/1199/1199 1200/1200/1200 1198/1198/1198
f 1201/1201/1201 1200/1200/1200 1199/1199/1199
f 1202/1202/1202 1201/1201/1201 1199/1199/1199
f 1205/1205/1205 1204/1204/1204 1203/1203/1203
f 1204/1204/1204 1206/1206/1206 1203/1203/1203
f 1203/1203/1203 1206/1206/1206 1207/1207/1207
f 1208/1208/1208 1203/1203/1203 1207/1207/1207
f 1208/1208/1208 1207/1207/1207 1209/1209/1209
f 1207/1207/1207 1210/1210/1210 1209/1209/1209
f 1209/1209/1209 1210/1210/1210 1211/1211/1211
f 1212/1212/1212 1209/1209/1209 1211/1211/1211
f 1212/1212/1212 1211/1211/1211 1213/1213/1213
f 1211/1211/1211 1214/1214/1214 1213/1213/1213
f 1213/1213/1213 1214/1214/1214 1215/1215/1215
f 1216/1216/1216 1213/1213/1213 1215/1215/1215
f 1216/1216/1216 1215/1215/1215 1217/1217/1217
f 1215/1215/1215 1218/1218/1218 1217/1217/1217
f 1217/1217/1217 1218/1218/1218 1219/1219/1219
f 1220/1220/1220 1217/1217/1217 1219/1219/1219
f 1220/1220/1220 1219/1219/1219 1221/1221/1221
f 1219/1219/1219 1222/1222/1222 1221/1221/1221
f 1221/1221/1221 1222/1222/1222 1223/1223/1223
f 1224/1224/1224 1221/1221/1221 1223/1223/1223
f 1224/1224/1224 1223/1223/1223 1225/1225/1225
f 1223/1223/1223 1226/1226/1226 1225/1225/1225
f 1226/1226/1226 1227/1227/1227 1225/1225/1225
f 1227/1227/1227 1228/1228/1228 1225/1225/1225
f 1227/1227/1227 1229/1229/1229 1228/1228/1228
f 1229/1229/1229 1230/1230/1230 1228/1228/1228
f 1229/1229/1229 1231/1231/1231 1230/1230/1230
f 1231/1231/1231 1232/1232/1232 1230/1230/1230
f 1231/1231/1231 1233/1233/1233 1232/1232/1232
f 1233/1233/1233 1234/1234/1234 1232/1232/1232
f 1233/1233/1233 1235/1235/1235 1234/1234/1234
f 1235/1235/1235 1236/1236/1236 1234/1234/1234
f 1235/1235/1235 1237/1237/1237 1236/1236/1236
f 1237/1237/1237 1238/1238/1238 1236/1236/1236
f 1237/1237/1237 1239/1239/1239 1238/1238/1238
f 1239/1239/1239 1240/1240/1240 1238/1238/1238
f 1239/1239/1239 1241/1241/1241 1240/1240/1240
f 1241/1241/1241 1242/1242/1242 1240/1240/1240
f 1241/1241/1241 1243/1243/1243 1242/1242/1242
f 1243/1243/1243 1244/1244/1244 1242/1242/1242
f 1243/1243/1243 1245/1245/1245 1244/1244/1244
f 1245/1245/1245 1246/1246/1246 1244/1244/1244
f 1245/1245/1245 1247/1247/1247 1246/1246/1246
f 1247/1247/1247 1248/1248/1248 1246/1246/1246
f 1247/1247/1247 1249/1249/1249 1248/1248/1248
f 1249/1249/1249 1250/1250/1250 1248/1248/1248
f 1249/1249/1249 1251/1251/1251 1250/1250/1250
f 1251/1251/1251 1252/1252/1252 1250/1250/1250
f 1251/1251/1251 1253/1253/1253 1252/1252/1252
f 1253/1253/1253 1254/1254/1254 1252/1252/1252
f 1255/1255/1255 1254/1254/1254 1253/1253/1253
f 1256/1256/1256 1255/1255/1255 1253/1253/1253
f 1259/1259/1259 1258/1258/1258 1257/1257/1257
f 1258/1258/1258 1260/1260/1260 1257/1257/1257
f 1258/1258/1258 1261/1261/1261 1260/1260/1260
f 1262/1262/1262 1257/1257/1257 1260/1260/1260
f 1261/1261/1261 1263/1263/1263 1260/1260/1260
f 1261/1261/1261 1264/1264/1264 1263/1263/1263
f 1264/1264/1264 1265/1265/1265 1263/1263/1263
f 1264/1264/1264 1266/1266/1266 1265/1265/1265
f 1266/1266/1266 1267/1267/1267 1265/1265/1265
f 1266/1266/1266 1268/1268/1268 1267/1267/1267
f 1265/1265/1265 1267/1267/1267 1269/1269/1269
f 1268/1268/1268 1269/1269/1269 1267/1267/1267
f 1263/1263/1263 1265/1265/1265 1269/1269/1269
f 1269/1269/1269 1268/1268/1268 1270/1270/1270
f 1263/1263/1263 1269/1269/1269 1271/1271/1271
f 1271/1271/1271 1269/1269/1269 1270/1270/1270
f 1260/1260/1260 1263/1263/1263 1271/1271/1271
f 1271/1271/1271 1270/1270/1270 1272/1272/1272
f 1260/1260/1260 1271/1271/1271 1273/1273/1273
f 1273/1273/1273 1271/1271/1271 1272/1272/1272
f 1262/1262/1262 1260/1260/1260 1273/1273/1273
f 1273/1273/1273 1272/1272/1272 1274/1274/1274
f 1262/1262/1262 1273/1273/1273 1275/1275/1275
f 1275/1275/1275 1273/1273/1273 1274/1274/1274
f 1276/1276/1276 1262/1262/1262 1275/1275/1275
f 1275/1275/1275 1274/1274/1274 1277/1277/1277
f 1276/1276/1276 1275/1275/1275 1278/1278/1278
f 1278/1278/1278 1275/1275/1275 1277/1277/1277
f 1279/1279/1279 1276/1276/1276 1278/1278/1278
f 1278/1278/1278 1277/1277/1277 1280/1280/1280
f 1279/1279/1279 1278/1278/1278 1281/1281/1281
f 1281/1281/1281 1278/1278/1278 1280/1280/1280
f 1282/1282/1282 1279/1279/1279 1281/1281/1281
f 1281/1281/1281 1280/1280/1280 1283/1283/1283
f 1282/1282/1282 1281/1281/1281 1284/1284/1284
f 1284/1284/1284 1281/1281/1281 1283/1283/1283
f 1285/1285/1285 1282/1282/1282 1284/1284/1284
f 1284/1284/1284 1283/1283/1283 1286/1286/1286
f 1285/1285/1285 1284/1284/1284 1287/1287/1287
f 1288/1288/1288 1284/1284/1284 1286/1286/1286
f 1284/1284/1284 1288/1288/1288 1287/1287/1287
f 1288/1288/1288 1286/1286/1286 1289/1289/1289
f 1287/1287/1287 1288/1288/1288 1290/1290/1290
f 1290/1290/1290 1288/1288/1288 1289/1289/1289
f 1291/1291/1291 1287/1287/1287 1290/1290/1290
f 1292/1292/1292 1290/1290/1290 1289/1289/1289
f 1289/1289/1289 1293/1293/1293 1292/1292/1292
f 1291/1291/1291 1290/1290/1290 1294/1294/1294
f 1292/1292/1292 1294/1294/1294 1290/1290/1290
f 1294/1294/1294 1292/1292/1292 1293/1293/1293
f 1295/1295/1295 1291/1291/1291 1294/1294/1294
f 1296/1296/1296 1294/1294/1294 1293/1293/1293
f 1296/1296/1296 1295/1295/1295 1294/1294/1294
f 1293/1293/1293 1297/1297/1297 1296/1296/1296
f 1296/1296/1296 1297/1297/1297 1298/1298/1298
f 1296/1296/1296 1299/1299/1299 1295/1295/1295
f 1299/1299/1299 1296/1296/1296 1298/1298/1298
f 1299/1299/1299 1298/1298/1298 1300/1300/1300
f 1299/1299/1299 1301/1301/1301 1295/1295/1295
f 1302/1302/1302 1299/1299/1299 1300/1300/1300
f 1299/1299/1299 1302/1302/1302 1301/1301/1301
f 1302/1302/1302 1300/1300/1300 1303/1303/1303
f 1302/1302/1302 1304/1304/1304 1301/1301/1301
f 1304/1304/1304 1302/1302/1302 1303/1303/1303
f 1304/1304/1304 1305/1305/1305 1301/1301/1301
f 1303/1303/1303 1306/1306/1306 1304/1304/1304
f 1305/1305/1305 1304/1304/1304 1307/1307/1307
f 1306/1306/1306 1307/1307/1307 1304/1304/1304
f 1306/1306/1306 1308/1308/1308 1307/1307/1307
f 1309/1309/1309 1305/1305/1305 1307/1307/1307
f 1308/1308/1308 1310/1310/1310 1307/1307/1307
f 1309/1309/1309 1307/1307/1307 1310/1310/1310
f 1308/1308/1308 1311/1311/1311 1310/1310/1310
f 1309/1309/1309 1310/1310/1310 1312/1312/1312
f 1311/1311/1311 1312/1312/1312 1310/1310/1310
f 1313/1313/1313 1309/1309/1309 1312/1312/1312
f 1311/1311/1311 1314/1314/1314 1312/1312/1312
f 1313/1313/1313 1312/1312/1312 1315/1315/1315
f 1314/1314/1314 1315/1315/1315 1312/1312/1312
f 1314/1314/1314 1316/1316/1316 1315/1315/1315
f 1317/1317/1317 1313/1313/1313 1315/1315/1315
f 1316/1316/1316 1318/1318/1318 1315/1315/1315
f 1318/1318/1318 1317/1317/1317 1315/1315/1315
f 1316/1316/1316 1319/1319/1319 1318/1318/1318
f 1318/1318/1318 1320/1320/1320 1317/1317/1317
f 1319/1319/1319 1320/1320/1320 1318/1318/1318
f 1320/1320/1320 1321/1321/1321 1317/1317/1317
f 1319/1319/1319 1322/1322/1322 1320/1320/1320
f 1321/1321/1321 1320/1320/1320 1323/1323/1323
f 1322/1322/1322 1323/1323/1323 1320/1320/1320
f 1324/1324/1324 1321/1321/1321 1323/1323/1323
f 1322/1322/1322 1325/1325/1325 1323/1323/1323
f 1324/1324/1324 1323/1323/1323 1326/1326/1326
f 1325/1325/1325 1326/1326/1326 1323/1323/1323
f 1327/1327/1327 1324/1324/1324 1326/1326/1326
f 1325/1325/1325 1328/1328/1328 1326/1326/1326
f 1327/1327/1327 1326/1326/1326 1329/1329/1329
f 1328/1328/1328 1329/1329/1329 1326/1326/1326
f 1330/1330/1330 1327/1327/1327 1329/1329/1329
f 1328/1328/1328 1331/1331/1331 1329/1329/1329
f 1330/1330/1330 1329/1329/1329 1332/1332/1332
f 1331/1331/1331 1333/1333/1333 1329/1329/1329
f 1329/1329/1329 1333/1333/1333 1332/1332/1332
f 1331/1331/1331 1334/1334/1334 1333/1333/1333
f 1335/1335/1335 1332/1332/1332 1333/1333/1333
f 1334/1334/1334 1336/1336/1336 1333/1333/1333
f 1336/1336/1336 1335/1335/1335 1333/1333/1333
f 1334/1334/1334 1337/1337/1337 1336/1336/1336
f 1337/1337/1337 1338/1338/1338 1336/1336/1336
f 1336/1336/1336 1338/1338/1338 1335/1335/1335
f 1337/1337/1337 1339/1339/1339 1338/1338/1338
f 1338/1338/1338 1340/1340/1340 1335/1335/1335
f 1340/1340/1340 1341/1341/1341 1335/1335/1335
f 1341/1341/1341 1340/1340/1340 1342/1342/1342
f 1340/1340/1340 1343/1343/1343 1342/1342/1342
f 1339/1339/1339 1344/1344/1344 1338/1338/1338
f 1340/1340/1340 1338/1338/1338 1344/1344/1344
f 1339/1339/1339 1345/1345/1345 1344/1344/1344
f 1340/1340/1340 1346/1346/1346 1343/1343/1343
f 1346/1346/1346 1340/1340/1340 1344/1344/1344
f 1346/1346/1346 1347/1347/1347 1343/1343/1343
f 1347/1347/1347 1346/1346/1346 1348/1348/1348
f 1348/1348/1348 1346/1346/1346 1344/1344/1344
f 1349/1349/1349 1347/1347/1347 1348/1348/1348
f 1345/1345/1345 1350/1350/1350 1344/1344/1344
f 1350/1350/1350 1348/1348/1348 1344/1344/1344
f 1349/1349/1349 1348/1348/1348 1350/1350/1350
f 1345/1345/1345 1349/1349/1349 1350/1350/1350
f 1353/1353/1353 1352/1352/1352 1351/1351/1351
f 1352/1352/1352 1354/1354/1354 1351/1351/1351
f 1352/1352/1352 1355/1355/1355 1354/1354/1354
f 1356/1356/1356 1351/1351/1351 1354/1354/1354
f 1355/1355/1355 1357/1357/1357 1354/1354/1354
f 1357/1357/1357 1355/1355/1355 1358/1358/1358
f 1359/1359/1359 1357/1357/1357 1358/1358/1358
f 1359/1359/1359 1358/1358/1358 1360/1360/1360
f 1361/1361/1361 1359/1359/1359 1360/1360/1360
f 1361/1361/1361 1360/1360/1360 1362/1362/1362
f 1359/1359/1359 1361/1361/1361 1363/1363/1363
f 1363/1363/1363 1361/1361/1361 1362/1362/1362
f 1357/1357/1357 1359/1359/1359 1363/1363/1363
f 1363/1363/1363 1362/1362/1362 1364/1364/1364
f 1357/1357/1357 1363/1363/1363 1365/1365/1365
f 1365/1365/1365 1363/1363/1363 1364/1364/1364
f 1354/1354/1354 1357/1357/1357 1365/1365/1365
f 1365/1365/1365 1364/1364/1364 1366/1366/1366
f 1354/1354/1354 1365/1365/1365 1367/1367/1367
f 1367/1367/1367 1365/1365/1365 1366/1366/1366
f 1356/1356/1356 1354/1354/1354 1367/1367/1367
f 1367/1367/1367 1366/1366/1366 1368/1368/1368
f 1356/1356/1356 1367/1367/1367 1369/1369/1369
f 1369/1369/1369 1367/1367/1367 1368/1368/1368
f 1370/1370/1370 1356/1356/1356 1369/1369/1369
f 1369/1369/1369 1368/1368/1368 1371/1371/1371
f 1370/1370/1370 1369/1369/1369 1372/1372/1372
f 1372/1372/1372 1369/1369/1369 1371/1371/1371
f 1373/1373/1373 1370/1370/1370 1372/1372/1372
f 1374/1374/1374 1372/1372/1372 1371/1371/1371
f 1373/1373/1373 1372/1372/1372 1374/1374/1374
f 1371/1371/1371 1375/1375/1375 1374/1374/1374
f 1374/1374/1374 1376/1376/1376 1373/1373/1373
f 1375/1375/1375 1377/1377/1377 1374/1374/1374
f 1374/1374/1374 1377/1377/1377 1376/1376/1376
f 1377/1377/1377 1375/1375/1375 1378/1378/1378
f 1376/1376/1376 1377/1377/1377 1379/1379/1379
f 1379/1379/1379 1377/1377/1377 1378/1378/1378
f 1380/1380/1380 1376/1376/1376 1379/1379/1379
f 1379/1379/1379 1378/1378/1378 1381/1381/1381
f 1380/1380/1380 1379/1379/1379 1382/1382/1382
f 1382/1382/1382 1379/1379/1379 1381/1381/1381
f 1383/1383/1383 1380/1380/1380 1382/1382/1382
f 1382/1382/1382 1381/1381/1381 1384/1384/1384
f 1383/1383/1383 1382/1382/1382 1385/1385/1385
f 1385/1385/1385 1382/1382/1382 1384/1384/1384
f 1386/1386/1386 1383/1383/1383 1385/1385/1385
f 1385/1385/1385 1384/1384/1384 1387/1387/1387
f 1386/1386/1386 1385/1385/1385 1388/1388/1388
f 1387/1387/1387 1388/1388/1388 1385/1385/1385
f 1388/1388/1388 1389/1389/1389 1386/1386/1386
f 1387/1387/1387 1390/1390/1390 1388/1388/1388
f 1388/1388/1388 1390/1390/1390 1389/1389/1389
f 1390/1390/1390 1387/1387/1387 1391/1391/1391
f 1389/1389/1389 1390/1390/1390 1392/1392/1392
f 1392/1392/1392 1390/1390/1390 1391/1391/1391
f 1393/1393/1393 1389/1389/1389 1392/1392/1392
f 1392/1392/1392 1391/1391/1391 1394/1394/1394
f 1393/1393/1393 1392/1392/1392 1395/1395/1395
f 1395/1395/1395 1392/1392/1392 1394/1394/1394
f 1395/1395/1395 1394/1394/1394 1396/1396/1396
f 1397/1397/1397 1393/1393/1393 1395/1395/1395
f 1398/1398/1398 1395/1395/1395 1396/1396/1396
f 1397/1397/1397 1395/1395/1395 1398/1398/1398
f 1397/1397/1397 1398/1398/1398 1399/1399/1399
f 1399/1399/1399 1400/1400/1400 1397/1397/1397
f 1398/1398/1398 1396/1396/1396 1401/1401/1401
f 1399/1399/1399 1398/1398/1398 1401/1401/1401
f 1399/1399/1399 1402/1402/1402 1400/1400/1400
f 1403/1403/1403 1402/1402/1402 1399/1399/1399
f 1401/1401/1401 1404/1404/1404 1399/1399/1399
f 1405/1405/1405 1403/1403/1403 1399/1399/1399
f 1404/1404/1404 1406/1406/1406 1399/1399/1399
f 1405/1405/1405 1399/1399/1399 1406/1406/1406
f 1404/1404/1404 1407/1407/1407 1406/1406/1406
f 1407/1407/1407 1408/1408/1408 1406/1406/1406
f 1405/1405/1405 1406/1406/1406 1408/1408/1408
f 1407/1407/1407 1409/1409/1409 1408/1408/1408
f 1405/1405/1405 1408/1408/1408 1410/1410/1410
f 1409/1409/1409 1410/1410/1410 1408/1408/1408
f 1411/1411/1411 1405/1405/1405 1410/1410/1410
f 1409/1409/1409 1412/1412/1412 1410/1410/1410
f 1411/1411/1411 1410/1410/1410 1413/1413/1413
f 1412/1412/1412 1413/1413/1413 1410/1410/1410
f 1414/1414/1414 1411/1411/1411 1413/1413/1413
f 1412/1412/1412 1415/1415/1415 1413/1413/1413
f 1414/1414/1414 1413/1413/1413 1416/1416/1416
f 1415/1415/1415 1416/1416/1416 1413/1413/1413
f 1417/1417/1417 1414/1414/1414 1416/1416/1416
f 1415/1415/1415 1418/1418/1418 1416/1416/1416
f 1417/1417/1417 1416/1416/1416 1419/1419/1419
f 1418/1418/1418 1419/1419/1419 1416/1416/1416
f 1420/1420/1420 1417/1417/1417 1419/1419/1419
f 1418/1418/1418 1421/1421/1421 1419/1419/1419
f 1420/1420/1420 1419/1419/1419 1422/1422/1422
f 1421/1421/1421 1422/1422/1422 1419/1419/1419
f 1423/1423/1423 1420/1420/1420 1422/1422/1422
f 1421/1421/1421 1424/1424/1424 1422/1422/1422
f 1423/1423/1423 1422/1422/1422 1425/1425/1425
f 1424/1424/1424 1425/1425/1425 1422/1422/1422
f 1426/1426/1426 1423/1423/1423 1425/1425/1425
f 1425/1425/1425 1424/1424/1424 1427/1427/1427
f 1426/1426/1426 1425/1425/1425 1428/1428/1428
f 1427/1427/1427 1428/1428/1428 1425/1425/1425
f 1428/1428/1428 1429/1429/1429 1426/1426/1426
f 1427/1427/1427 1430/1430/1430 1428/1428/1428
f 1428/1428/1428 1430/1430/1430 1429/1429/1429
f 1427/1427/1427 1431/1431/1431 1430/1430/1430
f 1429/1429/1429 1430/1430/1430 1432/1432/1432
f 1431/1431/1431 1432/1432/1432 1430/1430/1430
f 1433/1433/1433 1429/1429/1429 1432/1432/1432
f 1431/1431/1431 1434/1434/1434 1432/1432/1432
f 1435/1435/1435 1433/1433/1433 1432/1432/1432
f 1434/1434/1434 1436/1436/1436 1432/1432/1432
f 1436/1436/1436 1435/1435/1435 1432/1432/1432
f 1434/1434/1434 1437/1437/1437 1436/1436/1436
f 1437/1437/1437 1438/1438/1438 1436/1436/1436
f 1436/1436/1436 1438/1438/1438 1435/1435/1435
f 1437/1437/1437 1439/1439/1439 1438/1438/1438
f 1438/1438/1438 1440/1440/1440 1435/1435/1435
f 1440/1440/1440 1441/1441/1441 1435/1435/1435
f 1441/1441/1441 1440/1440/1440 1442/1442/1442
f 1440/1440/1440 1443/1443/1443 1442/1442/1442
f 1439/1439/1439 1444/1444/1444 1438/1438/1438
f 1438/1438/1438 1444/1444/1444 1440/1440/1440
f 1444/1444/1444 1439/1439/1439 1445/1445/1445
f 1440/1440/1440 1446/1446/1446 1443/1443/1443
f 1444/1444/1444 1446/1446/1446 1440/1440/1440
f 1446/1446/1446 1447/1447/1447 1443/1443/1443
f 1448/1448/1448 1444/1444/1444 1445/1445/1445
f 1444/1444/1444 1448/1448/1448 1446/1446/1446
f 1448/1448/1448 1445/1445/1445 1449/1449/1449
f 1450/1450/1450 1449/1449/1449 1447/1447/1447
f 1446/1446/1446 1450/1450/1450 1447/1447/1447
f 1450/1450/1450 1448/1448/1448 1449/1449/1449
f 1448/1448/1448 1450/1450/1450 1446/1446/1446
f 1453/1453/1453 1452/1452/1452 1451/1451/1451
f 1454/1454/1454 1453/1453/1453 1451/1451/1451
f 1454/1454/1454 1451/1451/1451 1455/1455/1455
f 1451/1451/1451 1456/1456/1456 1455/1455/1455
f 1455/1455/1455 1456/1456/1456 1457/1457/1457
f 1456/1456/1456 1458/1458/1458 1457/1457/1457
f 1457/1457/1457 1458/1458/1458 1459/1459/1459
f 1458/1458/1458 1460/1460/1460 1459/1459/1459
f 1459/1459/1459 1460/1460/1460 1461/1461/1461
f 1460/1460/1460 1462/1462/1462 1461/1461/1461
f 1461/1461/1461 1462/1462/1462 1463/1463/1463
f 1462/1462/1462 1464/1464/1464 1463/1463/1463
f 1463/1463/1463 1464/1464/1464 1465/1465/1465
f 1466/1466/1466 1463/1463/1463 1465/1465/1465
f 1466/1466/1466 1465/1465/1465 1467/1467/1467
f 1468/1468/1468 1466/1466/1466 1467/1467/1467
f 1468/1468/1468 1467/1467/1467 1469/1469/1469
f 1470/1470/1470 1468/1468/1468 1469/1469/1469
f 1470/1470/1470 1469/1469/1469 1471/1471/1471
f 1472/1472/1472 1470/1470/1470 1471/1471/1471
f 1472/1472/1472 1471/1471/1471 1473/1473/1473
f 1474/1474/1474 1472/1472/1472 1473/1473/1473
f 1474/1474/1474 1473/1473/1473 1475/1475/1475
f 1476/1476/1476 1474/1474/1474 1475/1475/1475
f 1476/1476/1476 1475/1475/1475 1477/1477/1477
f 1478/1478/1478 1476/1476/1476 1477/1477/1477
f 1478/1478/1478 1477/1477/1477 1479/1479/1479
f 1480/1480/1480 1478/1478/1478 1479/1479/1479
f 1480/1480/1480 1479/1479/1479 1481/1481/1481
f 1482/1482/1482 1480/1480/1480 1481/1481/1481
f 1482/1482/1482 1481/1481/1481 1483/1483/1483
f 1484/1484/1484 1482/1482/1482 1483/1483/1483
f 1484/1484/1484 1483/1483/1483 1485/1485/1485
f 1486/1486/1486 1484/1484/1484 1485/1485/1485
f 1486/1486/1486 1485/1485/1485 1487/1487/1487
f 1488/1488/1488 1486/1486/1486 1487/1487/1487
f 1489/1489/1489 1488/1488/1488 1487/1487/1487
f 1490/1490/1490 1489/1489/1489 1487/1487/1487
f 1490/1490/1490 1491/1491/1491 1489/1489/1489
f 1491/1491/1491 1492/1492/1492 1489/1489/1489
f 1491/1491/1491 1493/1493/1493 1492/1492/1492
f 1493/1493/1493 1494/1494/1494 1492/1492/1492
f 1493/1493/1493 1495/1495/1495 1494/1494/1494
f 1495/1495/1495 1496/1496/1496 1494/1494/1494
f 1495/1495/1495 1497/1497/1497 1496/1496/1496
f 1497/1497/1497 1498/1498/1498 1496/1496/1496
f 1497/1497/1497 1499/1499/1499 1498/1498/1498
f 1499/1499/1499 1500/1500/1500 1498/1498/1498
f 1499/1499/1499 1501/1501/1501 1500/1500/1500
f 1501/1501/1501 1502/1502/1502 1500/1500/1500
f 1501/1501/1501 1503/1503/1503 1502/1502/1502
f 1503/1503/1503 1504/1504/1504 1502/1502/1502
f 1503/1503/1503 1505/1505/1505 1504/1504/1504
f 1505/1505/1505 1506/1506/1506 1504/1504/1504
f 1505/1505/1505 1507/1507/1507 1506/1506/1506
f 1507/1507/1507 1508/1508/1508 1506/1506/1506
f 1507/1507/1507 1509/1509/1509 1508/1508/1508
f 1509/1509/1509 1510/1510/1510 1508/1508/1508
f 1509/1509/1509 1511/1511/1511 1510/1510/1510
f 1511/1511/1511 1512/1512/1512 1510/1510/1510
f 1512/1512/1512 1511/1511/1511 1513/1513/1513
f 1511/1511/1511 1514/1514/1514 1513/1513/1513
f 1513/1513/1513 1514/1514/1514 1515/1515/1515
f 1514/1514/1514 1516/1516/1516 1515/1515/1515
f 1515/1515/1515 1516/1516/1516 1517/1517/1517
f 1516/1516/1516 1518/1518/1518 1517/1517/1517
f 1517/1517/1517 1518/1518/1518 1519/1519/1519
f 1518/1518/1518 1520/1520/1520 1519/1519/1519
f 1519/1519/1519 1520/1520/1520 1521/1521/1521
f 1520/1520/1520 1522/1522/1522 1521/1521/1521
f 1522/1522/1522 1523/1523/1523 1521/1521/1521
f 1523/1523/1523 1524/1524/1524 1521/1521/1521
f 1527/1527/1527 1526/1526/1526 1525/1525/1525
f 1528/1528/1528 1527/1527/1527 1525/1525/1525
f 1529/1529/1529 1527/1527/1527 1528/1528/1528
f 1529/1529/1529 1528/1528/1528 1530/1530/1530
f 1531/1531/1531 1529/1529/1529 1530/1530/1530
f 1532/1532/1532 1531/1531/1531 1530/1530/1530
f 1532/1532/1532 1530/1530/1530 1533/1533/1533
f 1534/1534/1534 1532/1532/1532 1533/1533/1533
f 1535/1535/1535 1534/1534/1534 1533/1533/1533
f 1535/1535/1535 1533/1533/1533 1536/1536/1536
f 1535/1535/1535 1536/1536/1536 1537/1537/1537
f 1538/1538/1538 1537/1537/1537 1536/1536/1536
f 1538/1538/1538 1536/1536/1536 1539/1539/1539
f 1540/1540/1540 1538/1538/1538 1539/1539/1539
f 1541/1541/1541 1540/1540/1540 1539/1539/1539
f 1541/1541/1541 1539/1539/1539 1542/1542/1542
f 1543/1543/1543 1541/1541/1541 1542/1542/1542
f 1544/1544/1544 1543/1543/1543 1542/1542/1542
f 1544/1544/1544 1542/1542/1542 1545/1545/1545
f 1544/1544/1544 1545/1545/1545 1546/1546/1546
f 1547/1547/1547 1546/1546/1546 1545/1545/1545
f 1547/1547/1547 1545/1545/1545 1548/1548/1548
f 1549/1549/1549 1547/1547/1547 1548/1548/1548
f 1550/1550/1550 1549/1549/1549 1548/1548/1548
f 1550/1550/1550 1548/1548/1548 1551/1551/1551
f 1552/1552/1552 1550/1550/1550 1551/1551/1551
f 1553/1553/1553 1552/1552/1552 1551/1551/1551
f 1553/1553/1553 1551/1551/1551 1554/1554/1554
f 1553/1553/1553 1554/1554/1554 1555/1555/1555
f 1556/1556/1556 1555/1555/1555 1554/1554/1554
f 1556/1556/1556 1554/1554/1554 1557/1557/1557
f 1558/1558/1558 1556/1556/1556 1557/1557/1557
f 1559/1559/1559 1558/1558/1558 1557/1557/1557
f 1559/1559/1559 1557/1557/1557 1560/1560/1560
f 1561/1561/1561 1559/1559/1559 1560/1560/1560
f 1562/1562/1562 1561/1561/1561 1560/1560/1560
f 1562/1562/1562 1560/1560/1560 1563/1563/1563
f 1562/1562/1562 1563/1563/1563 1564/1564/1564
f 1565/1565/1565 1564/1564/1564 1563/1563/1563
f 1566/1566/1566 1565/1565/1565 1563/1563/1563
f 1569/1569/1569 1568/1568/1568 1567/1567/1567
f 1570/1570/1570 1569/1569/1569 1567/1567/1567
f 1571/1571/1571 1569/1569/1569 1570/1570/1570
f 1571/1571/1571 1570/1570/1570 1572/1572/1572
f 1573/1573/1573 1571/1571/1571 1572/1572/1572
f 1574/1574/1574 1573/1573/1573 1572/1572/1572
f 1574/1574/1574 1572/1572/1572 1575/1575/1575
f 1576/1576/1576 1574/1574/1574 1575/1575/1575
f 1577/1577/1577 1576/1576/1576 1575/1575/1575
f 1577/1577/1577 1575/1575/1575 1578/1578/1578
f 1579/1579/1579 1577/1577/1577 1578/1578/1578
f 1580/1580/1580 1579/1579/1579 1578/1578/1578
f 1580/1580/1580 1578/1578/1578 1581/1581/1581
f 1582/1582/1582 1580/1580/1580 1581/1581/1581
f 1582/1582/1582 1581/1581/1581 1583/1583/1583
f 1584/1584/1584 1582/1582/1582 1583/1583/1583
f 1584/1584/1584 1583/1583/1583 1585/1585/1585
f 1586/1586/1586 1584/1584/1584 1585/1585/1585
f 1586/1586/1586 1585/1585/1585 1587/1587/1587
f 1588/1588/1588 1586/1586/1586 1587/1587/1587
f 1587/1587/1587 1589/1589/1589 1588/1588/1588
f 1589/1589/1589 1590/1590/1590 1588/1588/1588
f 1589/1589/1589 1591/1591/1591 1590/1590/1590
f 1590/1590/1590 1591/1591/1591 1592/1592/1592
f 1590/1590/1590 1592/1592/1592 1593/1593/1593
f 1592/1592/1592 1594/1594/1594 1593/1593/1593
f 1595/1595/1595 1593/1593/1593 1594/1594/1594
f 1596/1596/1596 1595/1595/1595 1594/1594/1594
f 1595/1595/1595 1596/1596/1596 1597/1597/1597
f 1598/1598/1598 1595/1595/1595 1597/1597/1597
f 1598/1598/1598 1597/1597/1597 1599/1599/1599
f 1600/1600/1600 1598/1598/1598 1599/1599/1599
f 1599/1599/1599 1601/1601/1601 1600/1600/1600
f 1599/1599/1599 1602/1602/1602 1601/1601/1601
f 1602/1602/1602 1603/1603/1603 1601/1601/1601
f 1604/1604/1604 1603/1603/1603 1602/1602/1602
f 1604/1604/1604 1602/1602/1602 1605/1605/1605
f 1606/1606/1606 1604/1604/1604 1605/1605/1605
f 1607/1607/1607 1606/1606/1606 1605/1605/1605
f 1607/1607/1607 1605/1605/1605 1608/1608/1608
f 1609/1609/1609 1607/1607/1607 1608/1608/1608
f 1610/1610/1610 1609/1609/1609 1608/1608/1608
f 1610/1610/1610 1608/1608/1608 1611/1611/1611
f 1612/1612/1612 1610/1610/1610 1611/1611/1611
f 1613/1613/1613 1612/1612/1612 1611/1611/1611
f 1614/1614/1614 1613/1613/1613 1611/1611/1611
f 1617/1617/1617 1616/1616/1616 1615/1615/1615
f 1618/1618/1618 1617/1617/1617 1615/1615/1615
f 1618/1618/1618 1619/1619/1619 1617/1617/1617
f 1619/1619/1619 1620/1620/1620 1617/1617/1617
f 1623/1623/1623 1622/1622/1622 1621/1621/1621
f 1624/1624/1624 1623/1623/1623 1621/1621/1621
f 1624/1624/1624 1621/1621/1621 1625/1625/1625
f 1621/1621/1621 1626/1626/1626 1625/1625/1625
f 1629/1629/1629 1628/1628/1628 1627/1627/1627
f 1630/1630/1630 1629/1629/1629 1627/1627/1627
f 1631/1631/1631 1630/1630/1630 1627/1627/1627
f 1631/1631/1631 1627/1627/1627 1632/1632/1632
f 1633/1633/1633 1631/1631/1631 1632/1632/1632
f 1633/1633/1633 1632/1632/1632 1634/1634/1634
f 1633/1633/1633 1634/1634/1634 1635/1635/1635
f 1636/1636/1636 1633/1633/1633 1635/1635/1635
f 1637/1637/1637 1636/1636/1636 1635/1635/1635
f 1637/1637/1637 1638/1638/1638 1636/1636/1636
f 1637/1637/1637 1639/1639/1639 1638/1638/1638
f 1639/1639/1639 1640/1640/1640 1638/1638/1638
f 1639/1639/1639 1641/1641/1641 1640/1640/1640
f 1641/1641/1641 1642/1642/1642 1640/1640/1640
f 1641/1641/1641 1643/1643/1643 1642/1642/1642
f 1643/1643/1643 1644/1644/1644 1642/1642/1642
f 1643/1643/1643 1645/1645/1645 1644/1644/1644
f 1645/1645/1645 1646/1646/1646 1644/1644/1644
f 1645/1645/1645 1647/1647/1647 1646/1646/1646
f 1647/1647/1647 1648/1648/1648 1646/1646/1646
f 1647/1647/1647 1649/1649/1649 1648/1648/1648
f 1649/1649/1649 1650/1650/1650 1648/1648/1648
f 1649/1649/1649 1651/1651/1651 1650/1650/1650
f 1651/1651/1651 1652/1652/1652 1650/1650/1650
f 1651/1651/1651 1653/1653/1653 1652/1652/1652
f 1653/1653/1653 1654/1654/1654 1652/1652/1652
f 1653/1653/1653 1655/1655/1655 1654/1654/1654
f 1655/1655/1655 1656/1656/1656 1654/1654/1654
f 1655/1655/1655 1657/1657/1657 1656/1656/1656
f 1657/1657/1657 1658/1658/1658 1656/1656/1656
f 1657/1657/1657 1659/1659/1659 1658/1658/1658
f 1659/1659/1659 1660/1660/1660 1658/1658/1658
f 1659/1659/1659 1661/1661/1661 1660/1660/1660
f 1661/1661/1661 1662/1662/1662 1660/1660/1660
f 1661/1661/1661 1663/1663/1663 1662/1662/1662
f 1663/1663/1663 1664/1664/1664 1662/1662/1662
f 1663/1663/1663 1665/1665/1665 1664/1664/1664
f 1665/1665/1665 1666/1666/1666 1664/1664/1664
f 1665/1665/1665 1667/1667/1667 1666/1666/1666
f 1667/1667/1667 1668/1668/1668 1666/1666/1666
f 1667/1667/1667 1669/1669/1669 1668/1668/1668
f 1669/1669/1669 1670/1670/1670 1668/1668/1668
f 1669/1669/1669 1671/1671/1671 1670/1670/1670
f 1671/1671/1671 1672/1672/1672 1670/1670/1670
f 1671/1671/1671 1673/1673/1673 1672/1672/1672
f 1673/1673/1673 1674/1674/1674 1672/1672/1672
f 1673/1673/1673 1675/1675/1675 1674/1674/1674
f 1675/1675/1675 1676/1676/1676 1674/1674/1674
f 1675/1675/1675 1677/1677/1677 1676/1676/1676
f 1677/1677/1677 1678/1678/1678 1676/1676/1676
f 1677/1677/1677 1679/1679/1679 1678/1678/1678
f 1679/1679/1679 1680/1680/1680 1678/1678/1678
f 1679/1679/1679 1681/1681/1681 1680/1680/1680
f 1681/1681/1681 1682/1682/1682 1680/1680/1680
f 1681/1681/1681 1683/1683/1683 1682/1682/1682
f 1683/1683/1683 1684/1684/1684 1682/1682/1682
f 1683/1683/1683 1685/1685/1685 1684/1684/1684
f 1685/1685/1685 1686/1686/1686 1684/1684/1684
f 1685/1685/1685 1687/1687/1687 1686/1686/1686
f 1688/1688/1688 1687/1687/1687 1685/1685/1685
f 1688/1688/1688 1689/1689/1689 1687/1687/1687
f 1690/1690/1690 1689/1689/1689 1688/1688/1688
f 1690/1690/1690 1691/1691/1691 1689/1689/1689
f 1692/1692/1692 1689/1689/1689 1691/1691/1691
f 1693/1693/1693 1692/1692/1692 1691/1691/1691
f 1694/1694/1694 1692/1692/1692 1693/1693/1693
f 1694/1694/1694 1693/1693/1693 1695/1695/1695
f 1696/1696/1696 1694/1694/1694 1695/1695/1695
f 1696/1696/1696 1695/1695/1695 1697/1697/1697
f 1698/1698/1698 1696/1696/1696 1697/1697/1697
f 1698/1698/1698 1697/1697/1697 1699/1699/1699
f 1700/1700/1700 1698/1698/1698 1699/1699/1699
f 1700/1700/1700 1699/1699/1699 1701/1701/1701
f 1702/1702/1702 1700/1700/1700 1701/1701/1701
f 1702/1702/1702 1701/1701/1701 1703/1703/1703
f 1704/1704/1704 1702/1702/1702 1703/1703/1703
f 1704/1704/1704 1703/1703/1703 1705/1705/1705
f 1706/1706/1706 1704/1704/1704 1705/1705/1705
f 1706/1706/1706 1705/1705/1705 1707/1707/1707
f 1708/1708/1708 1706/1706/1706 1707/1707/1707
f 1708/1708/1708 1707/1707/1707 1709/1709/1709
f 1710/1710/1710 1708/1708/1708 1709/1709/1709
f 1710/1710/1710 1709/1709/1709 1711/1711/1711
f 1712/1712/1712 1710/1710/1710 1711/1711/1711
f 1712/1712/1712 1711/1711/1711 1713/1713/1713
f 1714/1714/1714 1712/1712/1712 1713/1713/1713
f 1714/1714/1714 1713/1713/1713 1715/1715/1715
f 1716/1716/1716 1714/1714/1714 1715/1715/1715
f 1716/1716/1716 1715/1715/1715 1717/1717/1717
f 1718/1718/1718 1716/1716/1716 1717/1717/1717
f 1718/1718/1718 1717/1717/1717 1719/1719/1719
f 1720/1720/1720 1718/1718/1718 1719/1719/1719
f 1720/1720/1720 1719/1719/1719 1721/1721/1721
f 1722/1722/1722 1720/1720/1720 1721/1721/1721
f 1722/1722/1722 1721/1721/1721 1723/1723/1723
f 1724/1724/1724 1722/1722/1722 1723/1723/1723
f 1724/1724/1724 1723/1723/1723 1725/1725/1725
f 1726/1726/1726 1724/1724/1724 1725/1725/1725
f 1726/1726/1726 1725/1725/1725 1727/1727/1727
f 1728/1728/1728 1726/1726/1726 1727/1727/1727
f 1728/1728/1728 1727/1727/1727 1729/1729/1729
f 1730/1730/1730 1728/1728/1728 1729/1729/1729
f 1730/1730/1730 1729/1729/1729 1731/1731/1731
f 1732/1732/1732 1730/1730/1730 1731/1731/1731
f 1732/1732/1732 1731/1731/1731 1733/1733/1733
f 1734/1734/1734 1732/1732/1732 1733/1733/1733
f 1734/1734/1734 1733/1733/1733 1735/1735/1735
f 1736/1736/1736 1734/1734/1734 1735/1735/1735
f 1736/1736/1736 1735/1735/1735 1737/1737/1737
f 1738/1738/1738 1736/1736/1736 1737/1737/1737
f 1738/1738/1738 1737/1737/1737 1739/1739/1739
f 1629/1629/1629 1738/1738/1738 1739/1739/1739
f 1741/1741/1741 1047/1047/1047 1740/1740/1740
f 1046/1046/1046 1740/1740/1740 1047/1047/1047
f 1742/1742/1742 1741/1741/1741 1740/1740/1740
f 1741/1741/1741 1742/1742/1742 1743/1743/1743
f 1742/1742/1742 1744/1744/1744 1743/1743/1743
f 1745/1745/1745 1743/1743/1743 1744/1744/1744
f 1746/1746/1746 1745/1745/1745 1744/1744/1744
f 1745/1745/1745 1746/1746/1746 1747/1747/1747
f 1746/1746/1746 1748/1748/1748 1747/1747/1747
f 1749/1749/1749 1747/1747/1747 1748/1748/1748
f 1046/1046/1046 1750/1750/1750 1740/1740/1740
f 1046/1046/1046 1751/1751/1751 1750/1750/1750
f 1046/1046/1046 988/988/988 1751/1751/1751
f 981/981/981 1751/1751/1751 988/988/988
f 1751/1751/1751 981/981/981 1752/1752/1752
f 1750/1750/1750 1751/1751/1751 1752/1752/1752
f 1752/1752/1752 981/981/981 980/980/980
f 1750/1750/1750 1753/1753/1753 1740/1740/1740
f 1750/1750/1750 1752/1752/1752 1753/1753/1753
f 1752/1752/1752 980/980/980 1754/1754/1754
f 1752/1752/1752 1754/1754/1754 1753/1753/1753
f 980/980/980 982/982/982 1754/1754/1754
f 1740/1740/1740 1753/1753/1753 1755/1755/1755
f 1755/1755/1755 1753/1753/1753 1754/1754/1754
f 1742/1742/1742 1740/1740/1740 1755/1755/1755
f 1756/1756/1756 1754/1754/1754 982/982/982
f 1756/1756/1756 1755/1755/1755 1754/1754/1754
f 1757/1757/1757 1756/1756/1756 982/982/982
f 1757/1757/1757 982/982/982 967/967/967
f 1758/1758/1758 1757/1757/1757 967/967/967
f 1758/1758/1758 967/967/967 963/963/963
f 1758/1758/1758 963/963/963 1759/1759/1759
f 962/962/962 1759/1759/1759 963/963/963
f 1758/1758/1758 1760/1760/1760 1757/1757/1757
f 1760/1760/1760 1758/1758/1758 1759/1759/1759
f 1757/1757/1757 1761/1761/1761 1756/1756/1756
f 1760/1760/1760 1761/1761/1761 1757/1757/1757
f 1756/1756/1756 1762/1762/1762 1755/1755/1755
f 1761/1761/1761 1762/1762/1762 1756/1756/1756
f 1742/1742/1742 1755/1755/1755 1763/1763/1763
f 1762/1762/1762 1763/1763/1763 1755/1755/1755
f 962/962/962 1764/1764/1764 1759/1759/1759
f 1764/1764/1764 962/962/962 961/961/961
f 1760/1760/1760 1759/1759/1759 1765/1765/1765
f 1764/1764/1764 1765/1765/1765 1759/1759/1759
f 1764/1764/1764 961/961/961 1766/1766/1766
f 1764/1764/1764 1766/1766/1766 1765/1765/1765
f 961/961/961 966/966/966 1766/1766/1766
f 1761/1761/1761 1760/1760/1760 1767/1767/1767
f 1767/1767/1767 1760/1760/1760 1765/1765/1765
f 1742/1742/1742 1763/1763/1763 1768/1768/1768
f 1742/1742/1742 1768/1768/1768 1744/1744/1744
f 1763/1763/1763 1762/1762/1762 1769/1769/1769
f 1768/1768/1768 1763/1763/1763 1769/1769/1769
f 1762/1762/1762 1761/1761/1761 1770/1770/1770
f 1770/1770/1770 1761/1761/1761 1767/1767/1767
f 1769/1769/1769 1762/1762/1762 1770/1770/1770
f 1768/1768/1768 1771/1771/1771 1744/1744/1744
f 1768/1768/1768 1769/1769/1769 1771/1771/1771
f 1769/1769/1769 1770/1770/1770 1772/1772/1772
f 1769/1769/1769 1772/1772/1772 1771/1771/1771
f 1744/1744/1744 1771/1771/1771 1773/1773/1773
f 1773/1773/1773 1771/1771/1771 1772/1772/1772
f 1746/1746/1746 1744/1744/1744 1773/1773/1773
f 1770/1770/1770 1767/1767/1767 1774/1774/1774
f 1770/1770/1770 1774/1774/1774 1772/1772/1772
f 1767/1767/1767 1765/1765/1765 1775/1775/1775
f 1767/1767/1767 1775/1775/1775 1774/1774/1774
f 1776/1776/1776 1772/1772/1772 1774/1774/1774
f 1776/1776/1776 1773/1773/1773 1772/1772/1772
f 1765/1765/1765 1777/1777/1777 1775/1775/1775
f 1766/1766/1766 1777/1777/1777 1765/1765/1765
f 1778/1778/1778 1774/1774/1774 1775/1775/1775
f 1778/1778/1778 1776/1776/1776 1774/1774/1774
f 1779/1779/1779 1775/1775/1775 1777/1777/1777
f 1779/1779/1779 1778/1778/1778 1775/1775/1775
f 1780/1780/1780 1777/1777/1777 1766/1766/1766
f 1780/1780/1780 1779/1779/1779 1777/1777/1777
f 1781/1781/1781 1780/1780/1780 1766/1766/1766
f 1781/1781/1781 1766/1766/1766 966/966/966
f 1782/1782/1782 1781/1781/1781 966/966/966
f 1782/1782/1782 966/966/966 954/954/954
f 1783/1783/1783 1782/1782/1782 954/954/954
f 1783/1783/1783 954/954/954 952/952/952
f 1783/1783/1783 952/952/952 1784/1784/1784
f 1784/1784/1784 952/952/952 953/953/953
f 1783/1783/1783 1785/1785/1785 1782/1782/1782
f 1785/1785/1785 1783/1783/1783 1784/1784/1784
f 1786/1786/1786 1784/1784/1784 953/953/953
f 1785/1785/1785 1784/1784/1784 1786/1786/1786
f 1786/1786/1786 953/953/953 1787/1787/1787
f 1782/1782/1782 1788/1788/1788 1781/1781/1781
f 1785/1785/1785 1788/1788/1788 1782/1782/1782
f 1781/1781/1781 1789/1789/1789 1780/1780/1780
f 1788/1788/1788 1789/1789/1789 1781/1781/1781
f 1780/1780/1780 1790/1790/1790 1779/1779/1779
f 1789/1789/1789 1790/1790/1790 1780/1780/1780
f 1788/1788/1788 1785/1785/1785 1791/1791/1791
f 1791/1791/1791 1785/1785/1785 1786/1786/1786
f 1792/1792/1792 1786/1786/1786 1787/1787/1787
f 1792/1792/1792 1787/1787/1787 1793/1793/1793
f 1789/1789/1789 1788/1788/1788 1794/1794/1794
f 1794/1794/1794 1788/1788/1788 1791/1791/1791
f 1791/1791/1791 1786/1786/1786 1795/1795/1795
f 1786/1786/1786 1792/1792/1792 1795/1795/1795
f 1796/1796/1796 1792/1792/1792 1793/1793/1793
f 1796/1796/1796 1793/1793/1793 1797/1797/1797
f 1790/1790/1790 1798/1798/1798 1779/1779/1779
f 1779/1779/1779 1798/1798/1798 1778/1778/1778
f 1790/1790/1790 1789/1789/1789 1799/1799/1799
f 1799/1799/1799 1789/1789/1789 1794/1794/1794
f 1794/1794/1794 1791/1791/1791 1800/1800/1800
f 1791/1791/1791 1795/1795/1795 1800/1800/1800
f 1801/1801/1801 1795/1795/1795 1792/1792/1792
f 1796/1796/1796 1801/1801/1801 1792/1792/1792
f 1802/1802/1802 1796/1796/1796 1797/1797/1797
f 1802/1802/1802 1797/1797/1797 1803/1803/1803
f 1798/1798/1798 1804/1804/1804 1778/1778/1778
f 1778/1778/1778 1804/1804/1804 1776/1776/1776
f 1799/1799/1799 1794/1794/1794 1805/1805/1805
f 1794/1794/1794 1800/1800/1800 1805/1805/1805
f 1806/1806/1806 1800/1800/1800 1795/1795/1795
f 1801/1801/1801 1806/1806/1806 1795/1795/1795
f 1796/1796/1796 1807/1807/1807 1801/1801/1801
f 1796/1796/1796 1802/1802/1802 1807/1807/1807
f 1808/1808/1808 1802/1802/1802 1803/1803/1803
f 1808/1808/1808 1803/1803/1803 1809/1809/1809
f 1804/1804/1804 1810/1810/1810 1776/1776/1776
f 1776/1776/1776 1810/1810/1810 1773/1773/1773
f 1811/1811/1811 1805/1805/1805 1800/1800/1800
f 1806/1806/1806 1811/1811/1811 1800/1800/1800
f 1801/1801/1801 1812/1812/1812 1806/1806/1806
f 1801/1801/1801 1807/1807/1807 1812/1812/1812
f 1813/1813/1813 1807/1807/1807 1802/1802/1802
f 1813/1813/1813 1802/1802/1802 1808/1808/1808
f 1814/1814/1814 1808/1808/1808 1809/1809/1809
f 1814/1814/1814 1809/1809/1809 1815/1815/1815
f 1806/1806/1806 1816/1816/1816 1811/1811/1811
f 1806/1806/1806 1812/1812/1812 1816/1816/1816
f 1811/1811/1811 1817/1817/1817 1805/1805/1805
f 1811/1811/1811 1816/1816/1816 1817/1817/1817
f 1818/1818/1818 1812/1812/1812 1807/1807/1807
f 1818/1818/1818 1807/1807/1807 1813/1813/1813
f 1813/1813/1813 1808/1808/1808 1819/1819/1819
f 1808/1808/1808 1814/1814/1814 1819/1819/1819
f 1820/1820/1820 1814/1814/1814 1815/1815/1815
f 1820/1820/1820 1815/1815/1815 1821/1821/1821
f 1817/1817/1817 1822/1822/1822 1805/1805/1805
f 1799/1799/1799 1805/1805/1805 1822/1822/1822
f 1823/1823/1823 1799/1799/1799 1822/1822/1822
f 1823/1823/1823 1790/1790/1790 1799/1799/1799
f 1798/1798/1798 1790/1790/1790 1823/1823/1823
f 1823/1823/1823 1822/1822/1822 1824/1824/1824
f 1824/1824/1824 1822/1822/1822 1817/1817/1817
f 1825/1825/1825 1798/1798/1798 1823/1823/1823
f 1825/1825/1825 1823/1823/1823 1824/1824/1824
f 1804/1804/1804 1798/1798/1798 1825/1825/1825
f 1826/1826/1826 1804/1804/1804 1825/1825/1825
f 1810/1810/1810 1804/1804/1804 1826/1826/1826
f 1820/1820/1820 1827/1827/1827 1814/1814/1814
f 1827/1827/1827 1819/1819/1819 1814/1814/1814
f 1825/1825/1825 1824/1824/1824 1828/1828/1828
f 1826/1826/1826 1825/1825/1825 1828/1828/1828
f 1829/1829/1829 1824/1824/1824 1817/1817/1817
f 1830/1830/1830 1828/1828/1828 1824/1824/1824
f 1829/1829/1829 1830/1830/1830 1824/1824/1824
f 1829/1829/1829 1817/1817/1817 1831/1831/1831
f 1816/1816/1816 1831/1831/1831 1817/1817/1817
f 1832/1832/1832 1829/1829/1829 1831/1831/1831
f 1829/1829/1829 1832/1832/1832 1830/1830/1830
f 1833/1833/1833 1831/1831/1831 1816/1816/1816
f 1832/1832/1832 1831/1831/1831 1833/1833/1833
f 1833/1833/1833 1816/1816/1816 1834/1834/1834
f 1834/1834/1834 1816/1816/1816 1812/1812/1812
f 1834/1834/1834 1812/1812/1812 1818/1818/1818
f 1826/1826/1826 1828/1828/1828 1835/1835/1835
f 1830/1830/1830 1836/1836/1836 1828/1828/1828
f 1836/1836/1836 1835/1835/1835 1828/1828/1828
f 1832/1832/1832 1837/1837/1837 1830/1830/1830
f 1830/1830/1830 1837/1837/1837 1836/1836/1836
f 1838/1838/1838 1832/1832/1832 1833/1833/1833
f 1837/1837/1837 1832/1832/1832 1838/1838/1838
f 1839/1839/1839 1826/1826/1826 1835/1835/1835
f 1839/1839/1839 1810/1810/1810 1826/1826/1826
f 1810/1810/1810 1839/1839/1839 1840/1840/1840
f 1810/1810/1810 1840/1840/1840 1773/1773/1773
f 1746/1746/1746 1773/1773/1773 1840/1840/1840
f 1839/1839/1839 1841/1841/1841 1840/1840/1840
f 1746/1746/1746 1840/1840/1840 1841/1841/1841
f 1839/1839/1839 1835/1835/1835 1841/1841/1841
f 1746/1746/1746 1841/1841/1841 1748/1748/1748
f 1835/1835/1835 1842/1842/1842 1841/1841/1841
f 1841/1841/1841 1842/1842/1842 1748/1748/1748
f 1843/1843/1843 1842/1842/1842 1835/1835/1835
f 1843/1843/1843 1748/1748/1748 1842/1842/1842
f 1836/1836/1836 1843/1843/1843 1835/1835/1835
f 1837/1837/1837 1844/1844/1844 1836/1836/1836
f 1836/1836/1836 1844/1844/1844 1843/1843/1843
f 1843/1843/1843 1845/1845/1845 1748/1748/1748
f 1845/1845/1845 1749/1749/1749 1748/1748/1748
f 1845/1845/1845 1846/1846/1846 1749/1749/1749
f 1846/1846/1846 1847/1847/1847 1749/1749/1749
f 1848/1848/1848 1847/1847/1847 1846/1846/1846
f 1843/1843/1843 1849/1849/1849 1845/1845/1845
f 1844/1844/1844 1849/1849/1849 1843/1843/1843
f 1844/1844/1844 1837/1837/1837 1850/1850/1850
f 1850/1850/1850 1837/1837/1837 1838/1838/1838
f 1845/1845/1845 1849/1849/1849 1851/1851/1851
f 1845/1845/1845 1851/1851/1851 1846/1846/1846
f 1849/1849/1849 1844/1844/1844 1852/1852/1852
f 1851/1851/1851 1849/1849/1849 1852/1852/1852
f 1852/1852/1852 1844/1844/1844 1850/1850/1850
f 1851/1851/1851 1852/1852/1852 1853/1853/1853
f 1851/1851/1851 1853/1853/1853 1846/1846/1846
f 1852/1852/1852 1850/1850/1850 1854/1854/1854
f 1852/1852/1852 1854/1854/1854 1853/1853/1853
f 1850/1850/1850 1838/1838/1838 1855/1855/1855
f 1850/1850/1850 1855/1855/1855 1854/1854/1854
f 1856/1856/1856 1846/1846/1846 1853/1853/1853
f 1856/1856/1856 1853/1853/1853 1854/1854/1854
f 1857/1857/1857 1848/1848/1848 1846/1846/1846
f 1856/1856/1856 1857/1857/1857 1846/1846/1846
f 1857/1857/1857 1858/1858/1858 1848/1848/1848
f 1858/1858/1858 1859/1859/1859 1848/1848/1848
f 1860/1860/1860 1859/1859/1859 1858/1858/1858
f 1838/1838/1838 1861/1861/1861 1855/1855/1855
f 1838/1838/1838 1833/1833/1833 1861/1861/1861
f 1862/1862/1862 1854/1854/1854 1855/1855/1855
f 1862/1862/1862 1856/1856/1856 1854/1854/1854
f 1863/1863/1863 1862/1862/1862 1855/1855/1855
f 1863/1863/1863 1855/1855/1855 1861/1861/1861
f 1833/1833/1833 1864/1864/1864 1861/1861/1861
f 1833/1833/1833 1834/1834/1834 1864/1864/1864
f 1862/1862/1862 1865/1865/1865 1856/1856/1856
f 1863/1863/1863 1865/1865/1865 1862/1862/1862
f 1856/1856/1856 1866/1866/1866 1857/1857/1857
f 1865/1865/1865 1866/1866/1866 1856/1856/1856
f 1857/1857/1857 1866/1866/1866 1867/1867/1867
f 1867/1867/1867 1866/1866/1866 1865/1865/1865
f 1857/1857/1857 1867/1867/1867 1858/1858/1858
f 1868/1868/1868 1863/1863/1863 1861/1861/1861
f 1868/1868/1868 1861/1861/1861 1864/1864/1864
f 1834/1834/1834 1869/1869/1869 1864/1864/1864
f 1834/1834/1834 1818/1818/1818 1869/1869/1869
f 1863/1863/1863 1870/1870/1870 1865/1865/1865
f 1868/1868/1868 1870/1870/1870 1863/1863/1863
f 1867/1867/1867 1865/1865/1865 1871/1871/1871
f 1871/1871/1871 1865/1865/1865 1870/1870/1870
f 1872/1872/1872 1868/1868/1868 1864/1864/1864
f 1872/1872/1872 1864/1864/1864 1869/1869/1869
f 1818/1818/1818 1873/1873/1873 1869/1869/1869
f 1818/1818/1818 1813/1813/1813 1873/1873/1873
f 1813/1813/1813 1819/1819/1819 1873/1873/1873
f 1868/1868/1868 1874/1874/1874 1870/1870/1870
f 1872/1872/1872 1874/1874/1874 1868/1868/1868
f 1875/1875/1875 1869/1869/1869 1873/1873/1873
f 1875/1875/1875 1872/1872/1872 1869/1869/1869
f 1876/1876/1876 1873/1873/1873 1819/1819/1819
f 1876/1876/1876 1875/1875/1875 1873/1873/1873
f 1827/1827/1827 1876/1876/1876 1819/1819/1819
f 1875/1875/1875 1877/1877/1877 1872/1872/1872
f 1872/1872/1872 1877/1877/1877 1874/1874/1874
f 1878/1878/1878 1870/1870/1870 1874/1874/1874
f 1871/1871/1871 1870/1870/1870 1878/1878/1878
f 1876/1876/1876 1879/1879/1879 1875/1875/1875
f 1875/1875/1875 1879/1879/1879 1877/1877/1877
f 1827/1827/1827 1880/1880/1880 1876/1876/1876
f 1876/1876/1876 1880/1880/1880 1879/1879/1879
f 1881/1881/1881 1874/1874/1874 1877/1877/1877
f 1878/1878/1878 1874/1874/1874 1881/1881/1881
f 1882/1882/1882 1877/1877/1877 1879/1879/1879
f 1881/1881/1881 1877/1877/1877 1882/1882/1882
f 1827/1827/1827 1883/1883/1883 1880/1880/1880
f 1820/1820/1820 1883/1883/1883 1827/1827/1827
f 1884/1884/1884 1879/1879/1879 1880/1880/1880
f 1882/1882/1882 1879/1879/1879 1884/1884/1884
f 1820/1820/1820 1885/1885/1885 1883/1883/1883
f 1885/1885/1885 1820/1820/1820 1821/1821/1821
f 1885/1885/1885 1821/1821/1821 1886/1886/1886
f 1887/1887/1887 1880/1880/1880 1883/1883/1883
f 1884/1884/1884 1880/1880/1880 1887/1887/1887
f 1888/1888/1888 1885/1885/1885 1886/1886/1886
f 1888/1888/1888 1886/1886/1886 1889/1889/1889
f 1890/1890/1890 1883/1883/1883 1885/1885/1885
f 1887/1887/1887 1883/1883/1883 1890/1890/1890
f 1890/1890/1890 1885/1885/1885 1888/1888/1888
f 1889/1889/1889 1891/1891/1891 1888/1888/1888
f 1889/1889/1889 1892/1892/1892 1891/1891/1891
f 1890/1890/1890 1888/1888/1888 1893/1893/1893
f 1888/1888/1888 1891/1891/1891 1893/1893/1893
f 1887/1887/1887 1890/1890/1890 1894/1894/1894
f 1890/1890/1890 1893/1893/1893 1894/1894/1894
f 1884/1884/1884 1887/1887/1887 1895/1895/1895
f 1887/1887/1887 1894/1894/1894 1895/1895/1895
f 1896/1896/1896 1891/1891/1891 1892/1892/1892
f 1896/1896/1896 1892/1892/1892 1897/1897/1897
f 1898/1898/1898 1893/1893/1893 1891/1891/1891
f 1898/1898/1898 1891/1891/1891 1896/1896/1896
f 1899/1899/1899 1894/1894/1894 1893/1893/1893
f 1899/1899/1899 1893/1893/1893 1898/1898/1898
f 1900/1900/1900 1896/1896/1896 1897/1897/1897
f 1900/1900/1900 1897/1897/1897 1901/1901/1901
f 1901/1901/1901 1902/1902/1902 1900/1900/1900
f 1901/1901/1901 1903/1903/1903 1902/1902/1902
f 1903/1903/1903 1904/1904/1904 1902/1902/1902
f 1898/1898/1898 1896/1896/1896 1905/1905/1905
f 1896/1896/1896 1900/1900/1900 1905/1905/1905
f 1906/1906/1906 1895/1895/1895 1894/1894/1894
f 1906/1906/1906 1894/1894/1894 1899/1899/1899
f 1899/1899/1899 1898/1898/1898 1907/1907/1907
f 1898/1898/1898 1905/1905/1905 1907/1907/1907
f 1904/1904/1904 1908/1908/1908 1902/1902/1902
f 1904/1904/1904 1909/1909/1909 1908/1908/1908
f 1909/1909/1909 1910/1910/1910 1908/1908/1908
f 1909/1909/1909 1911/1911/1911 1910/1910/1910
f 1912/1912/1912 1908/1908/1908 1910/1910/1910
f 1912/1912/1912 1902/1902/1902 1908/1908/1908
f 1902/1902/1902 1912/1912/1912 1913/1913/1913
f 1911/1911/1911 1914/1914/1914 1910/1910/1910
f 1912/1912/1912 1910/1910/1910 1914/1914/1914
f 1911/1911/1911 1915/1915/1915 1914/1914/1914
f 1915/1915/1915 1916/1916/1916 1914/1914/1914
f 1916/1916/1916 1912/1912/1912 1914/1914/1914
f 1916/1916/1916 1915/1915/1915 1917/1917/1917
f 1916/1916/1916 1918/1918/1918 1912/1912/1912
f 1918/1918/1918 1916/1916/1916 1917/1917/1917
f 1913/1913/1913 1912/1912/1912 1918/1918/1918
f 1919/1919/1919 1918/1918/1918 1917/1917/1917
f 1919/1919/1919 1920/1920/1920 1918/1918/1918
f 1920/1920/1920 1919/1919/1919 1921/1921/1921
f 1922/1922/1922 1902/1902/1902 1913/1913/1913
f 1922/1922/1922 1900/1900/1900 1902/1902/1902
f 1922/1922/1922 1905/1905/1905 1900/1900/1900
f 1905/1905/1905 1922/1922/1922 1913/1913/1913
f 1923/1923/1923 1918/1918/1918 1920/1920/1920
f 1913/1913/1913 1918/1918/1918 1923/1923/1923
f 1920/1920/1920 1921/1921/1921 1924/1924/1924
f 1924/1924/1924 1921/1921/1921 1925/1925/1925
f 1923/1923/1923 1920/1920/1920 1926/1926/1926
f 1913/1913/1913 1923/1923/1923 1926/1926/1926
f 1924/1924/1924 1926/1926/1926 1920/1920/1920
f 1905/1905/1905 1913/1913/1913 1927/1927/1927
f 1927/1927/1927 1913/1913/1913 1926/1926/1926
f 1905/1905/1905 1927/1927/1927 1907/1907/1907
f 1927/1927/1927 1926/1926/1926 1907/1907/1907
f 1924/1924/1924 1925/1925/1925 1928/1928/1928
f 1928/1928/1928 1925/1925/1925 1929/1929/1929
f 1930/1930/1930 1926/1926/1926 1924/1924/1924
f 1930/1930/1930 1907/1907/1907 1926/1926/1926
f 1930/1930/1930 1924/1924/1924 1928/1928/1928
f 1928/1928/1928 1929/1929/1929 1931/1931/1931
f 1931/1931/1931 1929/1929/1929 1932/1932/1932
f 1930/1930/1930 1933/1933/1933 1907/1907/1907
f 1899/1899/1899 1907/1907/1907 1933/1933/1933
f 1906/1906/1906 1899/1899/1899 1933/1933/1933
f 1930/1930/1930 1928/1928/1928 1934/1934/1934
f 1933/1933/1933 1930/1930/1930 1934/1934/1934
f 1934/1934/1934 1928/1928/1928 1931/1931/1931
f 1931/1931/1931 1932/1932/1932 1935/1935/1935
f 1936/1936/1936 1935/1935/1935 1932/1932/1932
f 1906/1906/1906 1933/1933/1933 1937/1937/1937
f 1933/1933/1933 1934/1934/1934 1937/1937/1937
f 1938/1938/1938 1934/1934/1934 1931/1931/1931
f 1938/1938/1938 1931/1931/1931 1935/1935/1935
f 1938/1938/1938 1937/1937/1937 1934/1934/1934
f 1936/1936/1936 1939/1939/1939 1935/1935/1935
f 1940/1940/1940 1939/1939/1939 1936/1936/1936
f 1941/1941/1941 1906/1906/1906 1937/1937/1937
f 1941/1941/1941 1895/1895/1895 1906/1906/1906
f 1942/1942/1942 1938/1938/1938 1935/1935/1935
f 1942/1942/1942 1935/1935/1935 1939/1939/1939
f 1938/1938/1938 1943/1943/1943 1937/1937/1937
f 1941/1941/1941 1937/1937/1937 1943/1943/1943
f 1942/1942/1942 1943/1943/1943 1938/1938/1938
f 1940/1940/1940 1944/1944/1944 1939/1939/1939
f 1945/1945/1945 1944/1944/1944 1940/1940/1940
f 1941/1941/1941 1946/1946/1946 1895/1895/1895
f 1884/1884/1884 1895/1895/1895 1946/1946/1946
f 1882/1882/1882 1884/1884/1884 1946/1946/1946
f 1941/1941/1941 1943/1943/1943 1947/1947/1947
f 1941/1941/1941 1947/1947/1947 1946/1946/1946
f 1882/1882/1882 1946/1946/1946 1948/1948/1948
f 1947/1947/1947 1948/1948/1948 1946/1946/1946
f 1881/1881/1881 1882/1882/1882 1948/1948/1948
f 1949/1949/1949 1942/1942/1942 1939/1939/1939
f 1949/1949/1949 1939/1939/1939 1944/1944/1944
f 1942/1942/1942 1950/1950/1950 1943/1943/1943
f 1947/1947/1947 1943/1943/1943 1950/1950/1950
f 1949/1949/1949 1950/1950/1950 1942/1942/1942
f 1945/1945/1945 1951/1951/1951 1944/1944/1944
f 1951/1951/1951 1945/1945/1945 1952/1952/1952
f 1953/1953/1953 1951/1951/1951 1952/1952/1952
f 1947/1947/1947 1954/1954/1954 1948/1948/1948
f 1947/1947/1947 1950/1950/1950 1954/1954/1954
f 1881/1881/1881 1948/1948/1948 1955/1955/1955
f 1954/1954/1954 1955/1955/1955 1948/1948/1948
f 1878/1878/1878 1881/1881/1881 1955/1955/1955
f 1949/1949/1949 1956/1956/1956 1950/1950/1950
f 1954/1954/1954 1950/1950/1950 1956/1956/1956
f 1957/1957/1957 1949/1949/1949 1944/1944/1944
f 1957/1957/1957 1944/1944/1944 1951/1951/1951
f 1957/1957/1957 1956/1956/1956 1949/1949/1949
f 1958/1958/1958 1951/1951/1951 1953/1953/1953
f 1958/1958/1958 1957/1957/1957 1951/1951/1951
f 1860/1860/1860 1958/1958/1958 1953/1953/1953
f 1958/1958/1958 1860/1860/1860 1858/1858/1858
f 1954/1954/1954 1959/1959/1959 1955/1955/1955
f 1954/1954/1954 1956/1956/1956 1959/1959/1959
f 1878/1878/1878 1955/1955/1955 1960/1960/1960
f 1959/1959/1959 1960/1960/1960 1955/1955/1955
f 1871/1871/1871 1878/1878/1878 1960/1960/1960
f 1957/1957/1957 1961/1961/1961 1956/1956/1956
f 1958/1958/1958 1961/1961/1961 1957/1957/1957
f 1959/1959/1959 1956/1956/1956 1961/1961/1961
f 1962/1962/1962 1961/1961/1961 1958/1958/1958
f 1959/1959/1959 1961/1961/1961 1962/1962/1962
f 1962/1962/1962 1958/1958/1958 1858/1858/1858
f 1959/1959/1959 1962/1962/1962 1960/1960/1960
f 1871/1871/1871 1960/1960/1960 1963/1963/1963
f 1962/1962/1962 1963/1963/1963 1960/1960/1960
f 1962/1962/1962 1858/1858/1858 1963/1963/1963
f 1867/1867/1867 1871/1871/1871 1963/1963/1963
f 1867/1867/1867 1963/1963/1963 1858/1858/1858
g body_header_back_PinchOut_1
f 1966/1966/1966 1965/1965/1965 1964/1964/1964
f 1969/1969/1969 1968/1968/1968 1967/1967/1967
f 1972/1972/1972 1971/1971/1971 1970/1970/1970
f 1973/1973/1973 1971/1971/1971 1972/1972/1972
f 1973/1973/1973 1972/1972/1972 1974/1974/1974
f 1975/1975/1975 1973/1973/1973 1974/1974/1974
f 1975/1975/1975 1974/1974/1974 1976/1976/1976
f 1973/1973/1973 1977/1977/1977 1971/1971/1971
f 1975/1975/1975 1978/1978/1978 1973/1973/1973
f 1978/1978/1978 1977/1977/1977 1973/1973/1973
f 1979/1979/1979 1975/1975/1975 1976/1976/1976
f 1979/1979/1979 1978/1978/1978 1975/1975/1975
f 1980/1980/1980 1971/1971/1971 1977/1977/1977
f 1981/1981/1981 1971/1971/1971 1980/1980/1980
f 1982/1982/1982 1977/1977/1977 1978/1978/1978
f 1982/1982/1982 1980/1980/1980 1977/1977/1977
f 1983/1983/1983 1981/1981/1981 1980/1980/1980
f 1983/1983/1983 1984/1984/1984 1981/1981/1981
f 1979/1979/1979 1976/1976/1976 1985/1985/1985
f 1976/1976/1976 1986/1986/1986 1985/1985/1985
f 1987/1987/1987 1978/1978/1978 1979/1979/1979
f 1987/1987/1987 1982/1982/1982 1978/1978/1978
f 1988/1988/1988 1980/1980/1980 1982/1982/1982
f 1988/1988/1988 1983/1983/1983 1980/1980/1980
f 1983/1983/1983 1989/1989/1989 1984/1984/1984
f 1989/1989/1989 1990/1990/1990 1984/1984/1984
f 1985/1985/1985 1991/1991/1991 1979/1979/1979
f 1991/1991/1991 1987/1987/1987 1979/1979/1979
f 1992/1992/1992 1991/1991/1991 1985/1985/1985
f 1993/1993/1993 1985/1985/1985 1986/1986/1986
f 1993/1993/1993 1992/1992/1992 1985/1985/1985
f 1994/1994/1994 1993/1993/1993 1986/1986/1986
f 1994/1994/1994 1995/1995/1995 1993/1993/1993
f 1995/1995/1995 1996/1996/1996 1993/1993/1993
f 1993/1993/1993 1996/1996/1996 1992/1992/1992
f 1996/1996/1996 1995/1995/1995 1997/1997/1997
f 1991/1991/1991 1998/1998/1998 1987/1987/1987
f 1998/1998/1998 1991/1991/1991 1992/1992/1992
f 1999/1999/1999 1989/1989/1989 1983/1983/1983
f 1988/1988/1988 1999/1999/1999 1983/1983/1983
f 2000/2000/2000 1996/1996/1996 1997/1997/1997
f 2000/2000/2000 2001/2001/2001 1996/1996/1996
f 2000/2000/2000 1997/1997/1997 2002/2002/2002
f 2003/2003/2003 2000/2000/2000 2002/2002/2002
f 2000/2000/2000 2003/2003/2003 2001/2001/2001
f 2003/2003/2003 2002/2002/2002 2004/2004/2004
f 2005/2005/2005 2003/2003/2003 2004/2004/2004
f 2005/2005/2005 2004/2004/2004 2006/2006/2006
f 1996/1996/1996 2007/2007/2007 1992/1992/1992
f 2001/2001/2001 2007/2007/2007 1996/1996/1996
f 1992/1992/1992 2007/2007/2007 2008/2008/2008
f 2008/2008/2008 2007/2007/2007 2001/2001/2001
f 2003/2003/2003 2009/2009/2009 2001/2001/2001
f 2009/2009/2009 2003/2003/2003 2005/2005/2005
f 2010/2010/2010 2005/2005/2005 2006/2006/2006
f 2010/2010/2010 2006/2006/2006 2011/2011/2011
f 2012/2012/2012 2009/2009/2009 2005/2005/2005
f 2012/2012/2012 2005/2005/2005 2010/2010/2010
f 2001/2001/2001 2009/2009/2009 2013/2013/2013
f 2013/2013/2013 2009/2009/2009 2012/2012/2012
f 2014/2014/2014 2010/2010/2010 2011/2011/2011
f 2014/2014/2014 2011/2011/2011 2015/2015/2015
f 2016/2016/2016 2012/2012/2012 2010/2010/2010
f 2016/2016/2016 2010/2010/2010 2014/2014/2014
f 2017/2017/2017 2014/2014/2014 2015/2015/2015
f 2017/2017/2017 2015/2015/2015 2018/2018/2018
f 2019/2019/2019 2008/2008/2008 2001/2001/2001
f 2019/2019/2019 2001/2001/2001 2013/2013/2013
f 2020/2020/2020 2008/2008/2008 2019/2019/2019
f 2019/2019/2019 2013/2013/2013 2021/2021/2021
f 2022/2022/2022 2013/2013/2013 2012/2012/2012
f 2022/2022/2022 2012/2012/2012 2016/2016/2016
f 2021/2021/2021 2013/2013/2013 2022/2022/2022
f 2023/2023/2023 2016/2016/2016 2014/2014/2014
f 2023/2023/2023 2014/2014/2014 2017/2017/2017
f 2024/2024/2024 2017/2017/2017 2018/2018/2018
f 2024/2024/2024 2018/2018/2018 2025/2025/2025
f 2026/2026/2026 2008/2008/2008 2020/2020/2020
f 2026/2026/2026 1992/1992/1992 2008/2008/2008
f 2026/2026/2026 1998/1998/1998 1992/1992/1992
f 2027/2027/2027 2022/2022/2022 2016/2016/2016
f 2027/2027/2027 2016/2016/2016 2023/2023/2023
f 2028/2028/2028 2023/2023/2023 2017/2017/2017
f 2028/2028/2028 2017/2017/2017 2024/2024/2024
f 2029/2029/2029 2024/2024/2024 2025/2025/2025
f 2029/2029/2029 2025/2025/2025 2030/2030/2030
f 2031/2031/2031 2027/2027/2027 2023/2023/2023
f 2031/2031/2031 2023/2023/2023 2028/2028/2028
f 2022/2022/2022 2027/2027/2027 2032/2032/2032
f 2032/2032/2032 2027/2027/2027 2031/2031/2031
f 2033/2033/2033 2028/2028/2028 2024/2024/2024
f 2033/2033/2033 2024/2024/2024 2029/2029/2029
f 2034/2034/2034 2029/2029/2029 2030/2030/2030
f 2034/2034/2034 2030/2030/2030 2035/2035/2035
f 2036/2036/2036 2022/2022/2022 2032/2032/2032
f 2036/2036/2036 2021/2021/2021 2022/2022/2022
f 2037/2037/2037 2031/2031/2031 2028/2028/2028
f 2037/2037/2037 2028/2028/2028 2033/2033/2033
f 2038/2038/2038 2033/2033/2033 2029/2029/2029
f 2038/2038/2038 2029/2029/2029 2034/2034/2034
f 2039/2039/2039 2037/2037/2037 2033/2033/2033
f 2039/2039/2039 2033/2033/2033 2038/2038/2038
f 2031/2031/2031 2037/2037/2037 2040/2040/2040
f 2040/2040/2040 2037/2037/2037 2039/2039/2039
f 2041/2041/2041 2034/2034/2034 2035/2035/2035
f 2041/2041/2041 2035/2035/2035 2042/2042/2042
f 2043/2043/2043 2041/2041/2041 2042/2042/2042
f 2043/2043/2043 2042/2042/2042 2044/2044/2044
f 2034/2034/2034 2041/2041/2041 2045/2045/2045
f 2045/2045/2045 2041/2041/2041 2043/2043/2043
f 2046/2046/2046 2038/2038/2038 2034/2034/2034
f 2046/2046/2046 2034/2034/2034 2045/2045/2045
f 2047/2047/2047 2043/2043/2043 2044/2044/2044
f 2047/2047/2047 2044/2044/2044 2048/2048/2048
f 2049/2049/2049 2045/2045/2045 2043/2043/2043
f 2049/2049/2049 2043/2043/2043 2047/2047/2047
f 2050/2050/2050 2047/2047/2047 2048/2048/2048
f 2050/2050/2050 2048/2048/2048 2051/2051/2051
f 2052/2052/2052 2038/2038/2038 2046/2046/2046
f 2052/2052/2052 2039/2039/2039 2038/2038/2038
f 2046/2046/2046 2045/2045/2045 2053/2053/2053
f 2053/2053/2053 2045/2045/2045 2049/2049/2049
f 2054/2054/2054 2049/2049/2049 2047/2047/2047
f 2054/2054/2054 2047/2047/2047 2050/2050/2050
f 2055/2055/2055 2050/2050/2050 2051/2051/2051
f 2055/2055/2055 2051/2051/2051 2056/2056/2056
f 2057/2057/2057 2052/2052/2052 2046/2046/2046
f 2057/2057/2057 2046/2046/2046 2053/2053/2053
f 2057/2057/2057 2053/2053/2053 2058/2058/2058
f 2059/2059/2059 2053/2053/2053 2049/2049/2049
f 2059/2059/2059 2049/2049/2049 2054/2054/2054
f 2058/2058/2058 2053/2053/2053 2059/2059/2059
f 2039/2039/2039 2052/2052/2052 2060/2060/2060
f 2060/2060/2060 2052/2052/2052 2057/2057/2057
f 2061/2061/2061 2054/2054/2054 2050/2050/2050
f 2061/2061/2061 2050/2050/2050 2055/2055/2055
f 2062/2062/2062 2055/2055/2055 2056/2056/2056
f 2062/2062/2062 2056/2056/2056 2063/2063/2063
f 2064/2064/2064 2059/2059/2059 2054/2054/2054
f 2064/2064/2064 2054/2054/2054 2061/2061/2061
f 2065/2065/2065 2061/2061/2061 2055/2055/2055
f 2065/2065/2065 2055/2055/2055 2062/2062/2062
f 2066/2066/2066 2062/2062/2062 2063/2063/2063
f 2066/2066/2066 2063/2063/2063 2067/2067/2067
f 2068/2068/2068 2064/2064/2064 2061/2061/2061
f 2068/2068/2068 2061/2061/2061 2065/2065/2065
f 2059/2059/2059 2064/2064/2064 2069/2069/2069
f 2069/2069/2069 2064/2064/2064 2068/2068/2068
f 2070/2070/2070 2065/2065/2065 2062/2062/2062
f 2070/2070/2070 2062/2062/2062 2066/2066/2066
f 2071/2071/2071 2066/2066/2066 2067/2067/2067
f 2071/2071/2071 2067/2067/2067 2072/2072/2072
f 2073/2073/2073 2059/2059/2059 2069/2069/2069
f 2073/2073/2073 2058/2058/2058 2059/2059/2059
f 2074/2074/2074 2068/2068/2068 2065/2065/2065
f 2074/2074/2074 2065/2065/2065 2070/2070/2070
f 2075/2075/2075 2070/2070/2070 2066/2066/2066
f 2075/2075/2075 2066/2066/2066 2071/2071/2071
f 2076/2076/2076 2071/2071/2071 2072/2072/2072
f 2076/2076/2076 2072/2072/2072 2077/2077/2077
f 2078/2078/2078 2074/2074/2074 2070/2070/2070
f 2078/2078/2078 2070/2070/2070 2075/2075/2075
f 2068/2068/2068 2074/2074/2074 2079/2079/2079
f 2079/2079/2079 2074/2074/2074 2078/2078/2078
f 2080/2080/2080 2075/2075/2075 2071/2071/2071
f 2080/2080/2080 2071/2071/2071 2076/2076/2076
f 2081/2081/2081 2076/2076/2076 2077/2077/2077
f 2081/2081/2081 2077/2077/2077 2082/2082/2082
f 2083/2083/2083 2068/2068/2068 2079/2079/2079
f 2083/2083/2083 2069/2069/2069 2068/2068/2068
f 2084/2084/2084 2078/2078/2078 2075/2075/2075
f 2084/2084/2084 2075/2075/2075 2080/2080/2080
f 2085/2085/2085 2080/2080/2080 2076/2076/2076
f 2085/2085/2085 2076/2076/2076 2081/2081/2081
f 2086/2086/2086 2081/2081/2081 2082/2082/2082
f 2086/2086/2086 2082/2082/2082 2087/2087/2087
f 2088/2088/2088 2084/2084/2084 2080/2080/2080
f 2088/2088/2088 2080/2080/2080 2085/2085/2085
f 2078/2078/2078 2084/2084/2084 2089/2089/2089
f 2089/2089/2089 2084/2084/2084 2088/2088/2088
f 2090/2090/2090 2085/2085/2085 2081/2081/2081
f 2090/2090/2090 2081/2081/2081 2086/2086/2086
f 2091/2091/2091 2086/2086/2086 2087/2087/2087
f 2091/2091/2091 2087/2087/2087 2092/2092/2092
f 2093/2093/2093 2078/2078/2078 2089/2089/2089
f 2093/2093/2093 2079/2079/2079 2078/2078/2078
f 2094/2094/2094 2088/2088/2088 2085/2085/2085
f 2094/2094/2094 2085/2085/2085 2090/2090/2090
f 2088/2088/2088 2094/2094/2094 2095/2095/2095
f 2096/2096/2096 2090/2090/2090 2086/2086/2086
f 2096/2096/2096 2086/2086/2086 2091/2091/2091
f 2097/2097/2097 2094/2094/2094 2090/2090/2090
f 2095/2095/2095 2094/2094/2094 2097/2097/2097
f 2097/2097/2097 2090/2090/2090 2096/2096/2096
f 2098/2098/2098 2089/2089/2089 2088/2088/2088
f 2098/2098/2098 2088/2088/2088 2095/2095/2095
f 2099/2099/2099 2091/2091/2091 2092/2092/2092
f 2100/2100/2100 2099/2099/2099 2092/2092/2092
f 2101/2101/2101 2100/2100/2100 2092/2092/2092
f 2101/2101/2101 2102/2102/2102 2100/2100/2100
f 2103/2103/2103 2096/2096/2096 2091/2091/2091
f 2103/2103/2103 2091/2091/2091 2099/2099/2099
f 2104/2104/2104 2097/2097/2097 2096/2096/2096
f 2104/2104/2104 2096/2096/2096 2103/2103/2103
f 2105/2105/2105 2103/2103/2103 2099/2099/2099
f 2105/2105/2105 2099/2099/2099 2100/2100/2100
f 2106/2106/2106 2104/2104/2104 2103/2103/2103
f 2106/2106/2106 2103/2103/2103 2105/2105/2105
f 2097/2097/2097 2104/2104/2104 2107/2107/2107
f 2107/2107/2107 2104/2104/2104 2106/2106/2106
f 2108/2108/2108 2095/2095/2095 2097/2097/2097
f 2108/2108/2108 2097/2097/2097 2107/2107/2107
f 2108/2108/2108 2109/2109/2109 2095/2095/2095
f 2108/2108/2108 2107/2107/2107 2109/2109/2109
f 2102/2102/2102 2110/2110/2110 2100/2100/2100
f 2111/2111/2111 2110/2110/2110 2102/2102/2102
f 2111/2111/2111 2102/2102/2102 2112/2112/2112
f 2111/2111/2111 2112/2112/2112 2113/2113/2113
f 2112/2112/2112 2114/2114/2114 2113/2113/2113
f 2115/2115/2115 2113/2113/2113 2114/2114/2114
f 2115/2115/2115 2114/2114/2114 2116/2116/2116
f 2117/2117/2117 2115/2115/2115 2116/2116/2116
f 2117/2117/2117 2116/2116/2116 2118/2118/2118
f 2117/2117/2117 2118/2118/2118 2119/2119/2119
f 2120/2120/2120 2117/2117/2117 2119/2119/2119
f 2117/2117/2117 2120/2120/2120 2115/2115/2115
f 2121/2121/2121 2120/2120/2120 2119/2119/2119
f 2122/2122/2122 2113/2113/2113 2115/2115/2115
f 2122/2122/2122 2115/2115/2115 2120/2120/2120
f 2123/2123/2123 2120/2120/2120 2121/2121/2121
f 2123/2123/2123 2122/2122/2122 2120/2120/2120
f 2123/2123/2123 2121/2121/2121 2124/2124/2124
f 2113/2113/2113 2125/2125/2125 2111/2111/2111
f 2122/2122/2122 2125/2125/2125 2113/2113/2113
f 2123/2123/2123 2124/2124/2124 2126/2126/2126
f 2124/2124/2124 2127/2127/2127 2126/2126/2126
f 2127/2127/2127 2128/2128/2128 2126/2126/2126
f 2129/2129/2129 2122/2122/2122 2123/2123/2123
f 2126/2126/2126 2129/2129/2129 2123/2123/2123
f 2129/2129/2129 2125/2125/2125 2122/2122/2122
f 2128/2128/2128 2130/2130/2130 2126/2126/2126
f 2126/2126/2126 2130/2130/2130 2129/2129/2129
f 2128/2128/2128 2131/2131/2131 2130/2130/2130
f 2131/2131/2131 2132/2132/2132 2130/2130/2130
f 2125/2125/2125 2133/2133/2133 2111/2111/2111
f 2133/2133/2133 2110/2110/2110 2111/2111/2111
f 2129/2129/2129 2134/2134/2134 2125/2125/2125
f 2125/2125/2125 2134/2134/2134 2133/2133/2133
f 2130/2130/2130 2135/2135/2135 2129/2129/2129
f 2129/2129/2129 2135/2135/2135 2134/2134/2134
f 2132/2132/2132 2136/2136/2136 2130/2130/2130
f 2130/2130/2130 2136/2136/2136 2135/2135/2135
f 2132/2132/2132 2137/2137/2137 2136/2136/2136
f 2137/2137/2137 2138/2138/2138 2136/2136/2136
f 2133/2133/2133 2139/2139/2139 2110/2110/2110
f 2100/2100/2100 2110/2110/2110 2139/2139/2139
f 2134/2134/2134 2140/2140/2140 2133/2133/2133
f 2140/2140/2140 2139/2139/2139 2133/2133/2133
f 2135/2135/2135 2141/2141/2141 2134/2134/2134
f 2134/2134/2134 2141/2141/2141 2140/2140/2140
f 2136/2136/2136 2142/2142/2142 2135/2135/2135
f 2135/2135/2135 2142/2142/2142 2141/2141/2141
f 2138/2138/2138 2143/2143/2143 2136/2136/2136
f 2136/2136/2136 2143/2143/2143 2142/2142/2142
f 2138/2138/2138 2144/2144/2144 2143/2143/2143
f 2144/2144/2144 2145/2145/2145 2143/2143/2143
f 2146/2146/2146 2100/2100/2100 2139/2139/2139
f 2146/2146/2146 2105/2105/2105 2100/2100/2100
f 2140/2140/2140 2147/2147/2147 2139/2139/2139
f 2146/2146/2146 2139/2139/2139 2147/2147/2147
f 2141/2141/2141 2148/2148/2148 2140/2140/2140
f 2147/2147/2147 2140/2140/2140 2148/2148/2148
f 2142/2142/2142 2149/2149/2149 2141/2141/2141
f 2141/2141/2141 2149/2149/2149 2148/2148/2148
f 2143/2143/2143 2150/2150/2150 2142/2142/2142
f 2142/2142/2142 2150/2150/2150 2149/2149/2149
f 2145/2145/2145 2151/2151/2151 2143/2143/2143
f 2143/2143/2143 2151/2151/2151 2150/2150/2150
f 2145/2145/2145 2152/2152/2152 2151/2151/2151
f 2152/2152/2152 2153/2153/2153 2151/2151/2151
f 2154/2154/2154 2105/2105/2105 2146/2146/2146
f 2154/2154/2154 2106/2106/2106 2105/2105/2105
f 2106/2106/2106 2154/2154/2154 2155/2155/2155
f 2156/2156/2156 2154/2154/2154 2146/2146/2146
f 2155/2155/2155 2154/2154/2154 2156/2156/2156
f 2156/2156/2156 2146/2146/2146 2147/2147/2147
f 2151/2151/2151 2157/2157/2157 2150/2150/2150
f 2151/2151/2151 2153/2153/2153 2157/2157/2157
f 2150/2150/2150 2158/2158/2158 2149/2149/2149
f 2150/2150/2150 2157/2157/2157 2158/2158/2158
f 2156/2156/2156 2147/2147/2147 2159/2159/2159
f 2159/2159/2159 2147/2147/2147 2148/2148/2148
f 2153/2153/2153 2160/2160/2160 2157/2157/2157
f 2160/2160/2160 2153/2153/2153 2161/2161/2161
f 2149/2149/2149 2162/2162/2162 2148/2148/2148
f 2149/2149/2149 2158/2158/2158 2162/2162/2162
f 2157/2157/2157 2160/2160/2160 2163/2163/2163
f 2157/2157/2157 2163/2163/2163 2158/2158/2158
f 2160/2160/2160 2161/2161/2161 2164/2164/2164
f 2160/2160/2160 2164/2164/2164 2163/2163/2163
f 2161/2161/2161 2165/2165/2165 2164/2164/2164
f 2148/2148/2148 2162/2162/2162 2166/2166/2166
f 2159/2159/2159 2148/2148/2148 2166/2166/2166
f 2158/2158/2158 2167/2167/2167 2162/2162/2162
f 2158/2158/2158 2163/2163/2163 2167/2167/2167
f 2166/2166/2166 2162/2162/2162 2167/2167/2167
f 2168/2168/2168 2156/2156/2156 2159/2159/2159
f 2168/2168/2168 2155/2155/2155 2156/2156/2156
f 2168/2168/2168 2159/2159/2159 2169/2169/2169
f 2159/2159/2159 2166/2166/2166 2169/2169/2169
f 2168/2168/2168 2169/2169/2169 2155/2155/2155
f 2164/2164/2164 2165/2165/2165 2170/2170/2170
f 2165/2165/2165 2171/2171/2171 2170/2170/2170
f 2170/2170/2170 2171/2171/2171 2172/2172/2172
f 2163/2163/2163 2164/2164/2164 2173/2173/2173
f 2163/2163/2163 2173/2173/2173 2167/2167/2167
f 2164/2164/2164 2170/2170/2170 2173/2173/2173
f 2174/2174/2174 2170/2170/2170 2172/2172/2172
f 2173/2173/2173 2170/2170/2170 2174/2174/2174
f 2174/2174/2174 2172/2172/2172 2175/2175/2175
f 2176/2176/2176 2166/2166/2166 2167/2167/2167
f 2176/2176/2176 2167/2167/2167 2173/2173/2173
f 2169/2169/2169 2166/2166/2166 2177/2177/2177
f 2166/2166/2166 2176/2176/2176 2177/2177/2177
f 2178/2178/2178 2176/2176/2176 2173/2173/2173
f 2178/2178/2178 2173/2173/2173 2174/2174/2174
f 2178/2178/2178 2179/2179/2179 2176/2176/2176
f 2178/2178/2178 2174/2174/2174 2179/2179/2179
f 2179/2179/2179 2177/2177/2177 2176/2176/2176
f 2180/2180/2180 2174/2174/2174 2175/2175/2175
f 2174/2174/2174 2180/2180/2180 2179/2179/2179
f 2180/2180/2180 2175/2175/2175 2181/2181/2181
f 2169/2169/2169 2177/2177/2177 2182/2182/2182
f 2169/2169/2169 2182/2182/2182 2155/2155/2155
f 2183/2183/2183 2177/2177/2177 2179/2179/2179
f 2177/2177/2177 2183/2183/2183 2182/2182/2182
f 2184/2184/2184 2180/2180/2180 2181/2181/2181
f 2184/2184/2184 2181/2181/2181 2185/2185/2185
f 2186/2186/2186 2179/2179/2179 2180/2180/2180
f 2186/2186/2186 2183/2183/2183 2179/2179/2179
f 2184/2184/2184 2186/2186/2186 2180/2180/2180
f 2187/2187/2187 2184/2184/2184 2185/2185/2185
f 2187/2187/2187 2185/2185/2185 2188/2188/2188
f 2186/2186/2186 2184/2184/2184 2189/2189/2189
f 2186/2186/2186 2189/2189/2189 2183/2183/2183
f 2184/2184/2184 2187/2187/2187 2189/2189/2189
f 2182/2182/2182 2183/2183/2183 2190/2190/2190
f 2189/2189/2189 2190/2190/2190 2183/2183/2183
f 2155/2155/2155 2182/2182/2182 2191/2191/2191
f 2191/2191/2191 2182/2182/2182 2190/2190/2190
f 2192/2192/2192 2187/2187/2187 2188/2188/2188
f 2192/2192/2192 2188/2188/2188 2193/2193/2193
f 2194/2194/2194 2189/2189/2189 2187/2187/2187
f 2192/2192/2192 2194/2194/2194 2187/2187/2187
f 2195/2195/2195 2190/2190/2190 2189/2189/2189
f 2194/2194/2194 2195/2195/2195 2189/2189/2189
f 2191/2191/2191 2190/2190/2190 2195/2195/2195
f 2196/2196/2196 2155/2155/2155 2191/2191/2191
f 2196/2196/2196 2106/2106/2106 2155/2155/2155
f 2196/2196/2196 2107/2107/2107 2106/2106/2106
f 2196/2196/2196 2191/2191/2191 2197/2197/2197
f 2107/2107/2107 2196/2196/2196 2197/2197/2197
f 2197/2197/2197 2191/2191/2191 2195/2195/2195
f 2107/2107/2107 2197/2197/2197 2109/2109/2109
f 2198/2198/2198 2192/2192/2192 2193/2193/2193
f 2198/2198/2198 2193/2193/2193 2199/2199/2199
f 2194/2194/2194 2192/2192/2192 2200/2200/2200
f 2194/2194/2194 2200/2200/2200 2195/2195/2195
f 2192/2192/2192 2198/2198/2198 2200/2200/2200
f 2197/2197/2197 2195/2195/2195 2201/2201/2201
f 2109/2109/2109 2197/2197/2197 2201/2201/2201
f 2200/2200/2200 2201/2201/2201 2195/2195/2195
f 2202/2202/2202 2198/2198/2198 2199/2199/2199
f 2202/2202/2202 2199/2199/2199 2203/2203/2203
f 2109/2109/2109 2201/2201/2201 2204/2204/2204
f 2109/2109/2109 2204/2204/2204 2095/2095/2095
f 2205/2205/2205 2200/2200/2200 2198/2198/2198
f 2202/2202/2202 2205/2205/2205 2198/2198/2198
f 2206/2206/2206 2201/2201/2201 2200/2200/2200
f 2205/2205/2205 2206/2206/2206 2200/2200/2200
f 2201/2201/2201 2206/2206/2206 2204/2204/2204
f 2207/2207/2207 2202/2202/2202 2203/2203/2203
f 2207/2207/2207 2203/2203/2203 2208/2208/2208
f 2205/2205/2205 2202/2202/2202 2209/2209/2209
f 2205/2205/2205 2209/2209/2209 2206/2206/2206
f 2202/2202/2202 2207/2207/2207 2209/2209/2209
f 2095/2095/2095 2204/2204/2204 2210/2210/2210
f 2098/2098/2098 2095/2095/2095 2210/2210/2210
f 2204/2204/2204 2206/2206/2206 2211/2211/2211
f 2209/2209/2209 2211/2211/2211 2206/2206/2206
f 2210/2210/2210 2204/2204/2204 2211/2211/2211
f 2212/2212/2212 2207/2207/2207 2208/2208/2208
f 2212/2212/2212 2208/2208/2208 2213/2213/2213
f 2098/2098/2098 2210/2210/2210 2214/2214/2214
f 2089/2089/2089 2098/2098/2098 2214/2214/2214
f 2210/2210/2210 2211/2211/2211 2215/2215/2215
f 2215/2215/2215 2211/2211/2211 2209/2209/2209
f 2214/2214/2214 2210/2210/2210 2215/2215/2215
f 2216/2216/2216 2209/2209/2209 2207/2207/2207
f 2212/2212/2212 2216/2216/2216 2207/2207/2207
f 2216/2216/2216 2215/2215/2215 2209/2209/2209
f 2217/2217/2217 2212/2212/2212 2213/2213/2213
f 2217/2217/2217 2213/2213/2213 2218/2218/2218
f 2216/2216/2216 2212/2212/2212 2219/2219/2219
f 2216/2216/2216 2219/2219/2219 2215/2215/2215
f 2212/2212/2212 2217/2217/2217 2219/2219/2219
f 2089/2089/2089 2214/2214/2214 2220/2220/2220
f 2093/2093/2093 2089/2089/2089 2220/2220/2220
f 2214/2214/2214 2215/2215/2215 2221/2221/2221
f 2219/2219/2219 2221/2221/2221 2215/2215/2215
f 2220/2220/2220 2214/2214/2214 2221/2221/2221
f 2222/2222/2222 2217/2217/2217 2218/2218/2218
f 2222/2222/2222 2218/2218/2218 2223/2223/2223
f 2093/2093/2093 2220/2220/2220 2224/2224/2224
f 2079/2079/2079 2093/2093/2093 2224/2224/2224
f 2220/2220/2220 2221/2221/2221 2225/2225/2225
f 2225/2225/2225 2221/2221/2221 2219/2219/2219
f 2224/2224/2224 2220/2220/2220 2225/2225/2225
f 2226/2226/2226 2219/2219/2219 2217/2217/2217
f 2222/2222/2222 2226/2226/2226 2217/2217/2217
f 2226/2226/2226 2225/2225/2225 2219/2219/2219
f 2227/2227/2227 2222/2222/2222 2223/2223/2223
f 2227/2227/2227 2223/2223/2223 2228/2228/2228
f 2226/2226/2226 2222/2222/2222 2229/2229/2229
f 2226/2226/2226 2229/2229/2229 2225/2225/2225
f 2222/2222/2222 2227/2227/2227 2229/2229/2229
f 2079/2079/2079 2224/2224/2224 2230/2230/2230
f 2083/2083/2083 2079/2079/2079 2230/2230/2230
f 2224/2224/2224 2225/2225/2225 2231/2231/2231
f 2229/2229/2229 2231/2231/2231 2225/2225/2225
f 2230/2230/2230 2224/2224/2224 2231/2231/2231
f 2232/2232/2232 2227/2227/2227 2228/2228/2228
f 2232/2232/2232 2228/2228/2228 2233/2233/2233
f 2083/2083/2083 2230/2230/2230 2234/2234/2234
f 2069/2069/2069 2083/2083/2083 2234/2234/2234
f 2230/2230/2230 2231/2231/2231 2235/2235/2235
f 2235/2235/2235 2231/2231/2231 2229/2229/2229
f 2234/2234/2234 2230/2230/2230 2235/2235/2235
f 2236/2236/2236 2229/2229/2229 2227/2227/2227
f 2232/2232/2232 2236/2236/2236 2227/2227/2227
f 2236/2236/2236 2235/2235/2235 2229/2229/2229
f 2069/2069/2069 2234/2234/2234 2237/2237/2237
f 2073/2073/2073 2069/2069/2069 2237/2237/2237
f 2073/2073/2073 2237/2237/2237 2058/2058/2058
f 2236/2236/2236 2232/2232/2232 2238/2238/2238
f 2236/2236/2236 2238/2238/2238 2235/2235/2235
f 2234/2234/2234 2235/2235/2235 2239/2239/2239
f 2237/2237/2237 2234/2234/2234 2239/2239/2239
f 2238/2238/2238 2239/2239/2239 2235/2235/2235
f 2237/2237/2237 2239/2239/2239 2240/2240/2240
f 2237/2237/2237 2240/2240/2240 2058/2058/2058
f 2232/2232/2232 2241/2241/2241 2238/2238/2238
f 2241/2241/2241 2232/2232/2232 2233/2233/2233
f 2242/2242/2242 2239/2239/2239 2238/2238/2238
f 2239/2239/2239 2242/2242/2242 2240/2240/2240
f 2241/2241/2241 2233/2233/2233 2243/2243/2243
f 2233/2233/2233 2244/2244/2244 2243/2243/2243
f 2245/2245/2245 2238/2238/2238 2241/2241/2241
f 2245/2245/2245 2242/2242/2242 2238/2238/2238
f 2243/2243/2243 2245/2245/2245 2241/2241/2241
f 2246/2246/2246 2243/2243/2243 2244/2244/2244
f 2247/2247/2247 2246/2246/2246 2244/2244/2244
f 2247/2247/2247 2248/2248/2248 2246/2246/2246
f 2245/2245/2245 2243/2243/2243 2249/2249/2249
f 2245/2245/2245 2249/2249/2249 2242/2242/2242
f 2243/2243/2243 2246/2246/2246 2249/2249/2249
f 2240/2240/2240 2242/2242/2242 2250/2250/2250
f 2249/2249/2249 2250/2250/2250 2242/2242/2242
f 2248/2248/2248 2251/2251/2251 2246/2246/2246
f 2248/2248/2248 2252/2252/2252 2251/2251/2251
f 2253/2253/2253 2240/2240/2240 2250/2250/2250
f 2058/2058/2058 2240/2240/2240 2253/2253/2253
f 2254/2254/2254 2249/2249/2249 2246/2246/2246
f 2251/2251/2251 2254/2254/2254 2246/2246/2246
f 2255/2255/2255 2250/2250/2250 2249/2249/2249
f 2254/2254/2254 2255/2255/2255 2249/2249/2249
f 2253/2253/2253 2250/2250/2250 2255/2255/2255
f 2252/2252/2252 2256/2256/2256 2251/2251/2251
f 2252/2252/2252 2257/2257/2257 2256/2256/2256
f 2254/2254/2254 2251/2251/2251 2258/2258/2258
f 2254/2254/2254 2258/2258/2258 2255/2255/2255
f 2251/2251/2251 2256/2256/2256 2258/2258/2258
f 2259/2259/2259 2058/2058/2058 2253/2253/2253
f 2259/2259/2259 2057/2057/2057 2058/2058/2058
f 2259/2259/2259 2060/2060/2060 2057/2057/2057
f 2259/2259/2259 2253/2253/2253 2260/2260/2260
f 2260/2260/2260 2253/2253/2253 2255/2255/2255
f 2060/2060/2060 2259/2259/2259 2260/2260/2260
f 2257/2257/2257 2261/2261/2261 2256/2256/2256
f 2257/2257/2257 2262/2262/2262 2261/2261/2261
f 2260/2260/2260 2255/2255/2255 2263/2263/2263
f 2258/2258/2258 2263/2263/2263 2255/2255/2255
f 2060/2060/2060 2260/2260/2260 2264/2264/2264
f 2264/2264/2264 2260/2260/2260 2263/2263/2263
f 2265/2265/2265 2258/2258/2258 2256/2256/2256
f 2261/2261/2261 2265/2265/2265 2256/2256/2256
f 2266/2266/2266 2263/2263/2263 2258/2258/2258
f 2265/2265/2265 2266/2266/2266 2258/2258/2258
f 2264/2264/2264 2263/2263/2263 2266/2266/2266
f 2262/2262/2262 2267/2267/2267 2261/2261/2261
f 2262/2262/2262 2268/2268/2268 2267/2267/2267
f 2265/2265/2265 2261/2261/2261 2269/2269/2269
f 2265/2265/2265 2269/2269/2269 2266/2266/2266
f 2261/2261/2261 2267/2267/2267 2269/2269/2269
f 2270/2270/2270 2060/2060/2060 2264/2264/2264
f 2270/2270/2270 2039/2039/2039 2060/2060/2060
f 2270/2270/2270 2040/2040/2040 2039/2039/2039
f 2270/2270/2270 2264/2264/2264 2271/2271/2271
f 2271/2271/2271 2264/2264/2264 2266/2266/2266
f 2040/2040/2040 2270/2270/2270 2271/2271/2271
f 2268/2268/2268 2272/2272/2272 2267/2267/2267
f 2268/2268/2268 2273/2273/2273 2272/2272/2272
f 2271/2271/2271 2266/2266/2266 2274/2274/2274
f 2269/2269/2269 2274/2274/2274 2266/2266/2266
f 2040/2040/2040 2271/2271/2271 2275/2275/2275
f 2275/2275/2275 2271/2271/2271 2274/2274/2274
f 2276/2276/2276 2269/2269/2269 2267/2267/2267
f 2272/2272/2272 2276/2276/2276 2267/2267/2267
f 2277/2277/2277 2274/2274/2274 2269/2269/2269
f 2276/2276/2276 2277/2277/2277 2269/2269/2269
f 2275/2275/2275 2274/2274/2274 2277/2277/2277
f 2273/2273/2273 2278/2278/2278 2272/2272/2272
f 2273/2273/2273 2279/2279/2279 2278/2278/2278
f 2276/2276/2276 2272/2272/2272 2280/2280/2280
f 2276/2276/2276 2280/2280/2280 2277/2277/2277
f 2272/2272/2272 2278/2278/2278 2280/2280/2280
f 2281/2281/2281 2040/2040/2040 2275/2275/2275
f 2281/2281/2281 2031/2031/2031 2040/2040/2040
f 2281/2281/2281 2032/2032/2032 2031/2031/2031
f 2281/2281/2281 2275/2275/2275 2282/2282/2282
f 2282/2282/2282 2275/2275/2275 2277/2277/2277
f 2032/2032/2032 2281/2281/2281 2282/2282/2282
f 2279/2279/2279 2283/2283/2283 2278/2278/2278
f 2279/2279/2279 2284/2284/2284 2283/2283/2283
f 2282/2282/2282 2277/2277/2277 2285/2285/2285
f 2280/2280/2280 2285/2285/2285 2277/2277/2277
f 2032/2032/2032 2282/2282/2282 2286/2286/2286
f 2286/2286/2286 2282/2282/2282 2285/2285/2285
f 2036/2036/2036 2032/2032/2032 2286/2286/2286
f 2036/2036/2036 2286/2286/2286 2021/2021/2021
f 2287/2287/2287 2280/2280/2280 2278/2278/2278
f 2283/2283/2283 2287/2287/2287 2278/2278/2278
f 2288/2288/2288 2285/2285/2285 2280/2280/2280
f 2286/2286/2286 2285/2285/2285 2288/2288/2288
f 2287/2287/2287 2288/2288/2288 2280/2280/2280
f 2284/2284/2284 2289/2289/2289 2283/2283/2283
f 2284/2284/2284 2290/2290/2290 2289/2289/2289
f 2287/2287/2287 2283/2283/2283 2291/2291/2291
f 2287/2287/2287 2291/2291/2291 2288/2288/2288
f 2283/2283/2283 2289/2289/2289 2291/2291/2291
f 2292/2292/2292 2286/2286/2286 2288/2288/2288
f 2286/2286/2286 2292/2292/2292 2021/2021/2021
f 2290/2290/2290 2293/2293/2293 2289/2289/2289
f 2290/2290/2290 2294/2294/2294 2293/2293/2293
f 2292/2292/2292 2288/2288/2288 2295/2295/2295
f 2291/2291/2291 2295/2295/2295 2288/2288/2288
f 2021/2021/2021 2292/2292/2292 2296/2296/2296
f 2296/2296/2296 2292/2292/2292 2295/2295/2295
f 2297/2297/2297 2291/2291/2291 2289/2289/2289
f 2293/2293/2293 2297/2297/2297 2289/2289/2289
f 2294/2294/2294 2298/2298/2298 2293/2293/2293
f 2294/2294/2294 2299/2299/2299 2298/2298/2298
f 2300/2300/2300 2295/2295/2295 2291/2291/2291
f 2297/2297/2297 2300/2300/2300 2291/2291/2291
f 2297/2297/2297 2293/2293/2293 2301/2301/2301
f 2293/2293/2293 2298/2298/2298 2301/2301/2301
f 2297/2297/2297 2301/2301/2301 2300/2300/2300
f 2295/2295/2295 2300/2300/2300 2302/2302/2302
f 2296/2296/2296 2295/2295/2295 2302/2302/2302
f 2303/2303/2303 2021/2021/2021 2296/2296/2296
f 2303/2303/2303 2019/2019/2019 2021/2021/2021
f 2303/2303/2303 2020/2020/2020 2019/2019/2019
f 2303/2303/2303 2296/2296/2296 2020/2020/2020
f 2296/2296/2296 2302/2302/2302 2020/2020/2020
f 2302/2302/2302 2300/2300/2300 2304/2304/2304
f 2301/2301/2301 2304/2304/2304 2300/2300/2300
f 2020/2020/2020 2302/2302/2302 2305/2305/2305
f 2305/2305/2305 2302/2302/2302 2304/2304/2304
f 2306/2306/2306 2020/2020/2020 2305/2305/2305
f 2306/2306/2306 2026/2026/2026 2020/2020/2020
f 2306/2306/2306 2307/2307/2307 2026/2026/2026
f 2306/2306/2306 2305/2305/2305 2307/2307/2307
f 2307/2307/2307 1998/1998/1998 2026/2026/2026
f 2305/2305/2305 2304/2304/2304 2308/2308/2308
f 2305/2305/2305 2308/2308/2308 2307/2307/2307
f 2309/2309/2309 2304/2304/2304 2301/2301/2301
f 2304/2304/2304 2309/2309/2309 2308/2308/2308
f 1998/1998/1998 2307/2307/2307 2310/2310/2310
f 1998/1998/1998 2310/2310/2310 1987/1987/1987
f 2310/2310/2310 1982/1982/1982 1987/1987/1987
f 2310/2310/2310 1988/1988/1988 1982/1982/1982
f 2307/2307/2307 2311/2311/2311 2310/2310/2310
f 2310/2310/2310 2311/2311/2311 1988/1988/1988
f 2307/2307/2307 2308/2308/2308 2311/2311/2311
f 2311/2311/2311 1999/1999/1999 1988/1988/1988
f 2308/2308/2308 2312/2312/2312 2311/2311/2311
f 2311/2311/2311 2312/2312/2312 1999/1999/1999
f 2308/2308/2308 2309/2309/2309 2312/2312/2312
f 2313/2313/2313 2309/2309/2309 2301/2301/2301
f 2313/2313/2313 2301/2301/2301 2298/2298/2298
f 2312/2312/2312 2314/2314/2314 1999/1999/1999
f 1999/1999/1999 2314/2314/2314 1989/1989/1989
f 2309/2309/2309 2315/2315/2315 2312/2312/2312
f 2315/2315/2315 2309/2309/2309 2313/2313/2313
f 2312/2312/2312 2315/2315/2315 2314/2314/2314
f 2314/2314/2314 2316/2316/2316 1989/1989/1989
f 1989/1989/1989 2316/2316/2316 1990/1990/1990
f 2316/2316/2316 2317/2317/2317 1990/1990/1990
f 2315/2315/2315 2318/2318/2318 2314/2314/2314
f 2314/2314/2314 2318/2318/2318 2316/2316/2316
f 2316/2316/2316 2319/2319/2319 2317/2317/2317
f 2318/2318/2318 2319/2319/2319 2316/2316/2316
f 2319/2319/2319 2320/2320/2320 2317/2317/2317
f 2321/2321/2321 2320/2320/2320 2319/2319/2319
f 2318/2318/2318 2315/2315/2315 2322/2322/2322
f 2322/2322/2322 2315/2315/2315 2313/2313/2313
f 2323/2323/2323 2321/2321/2321 2319/2319/2319
f 2323/2323/2323 2324/2324/2324 2321/2321/2321
f 2319/2319/2319 2318/2318/2318 2325/2325/2325
f 2323/2323/2323 2319/2319/2319 2325/2325/2325
f 2325/2325/2325 2318/2318/2318 2322/2322/2322
f 2323/2323/2323 2326/2326/2326 2324/2324/2324
f 2323/2323/2323 2325/2325/2325 2326/2326/2326
f 2324/2324/2324 2326/2326/2326 2327/2327/2327
f 2325/2325/2325 2328/2328/2328 2326/2326/2326
f 2325/2325/2325 2322/2322/2322 2328/2328/2328
f 2328/2328/2328 2329/2329/2329 2326/2326/2326
f 2330/2330/2330 2329/2329/2329 2328/2328/2328
f 2322/2322/2322 2331/2331/2331 2328/2328/2328
f 2331/2331/2331 2330/2330/2330 2328/2328/2328
f 2322/2322/2322 2313/2313/2313 2331/2331/2331
f 2299/2299/2299 2330/2330/2330 2331/2331/2331
f 2313/2313/2313 2332/2332/2332 2331/2331/2331
f 2332/2332/2332 2299/2299/2299 2331/2331/2331
f 2332/2332/2332 2313/2313/2313 2298/2298/2298
f 2299/2299/2299 2332/2332/2332 2298/2298/2298
f 2335/2335/2335 2334/2334/2334 2333/2333/2333
f 2335/2335/2335 2333/2333/2333 2336/2336/2336
f 2337/2337/2337 2335/2335/2335 2336/2336/2336
f 2336/2336/2336 2333/2333/2333 2338/2338/2338
f 2337/2337/2337 2336/2336/2336 2339/2339/2339
f 2340/2340/2340 2337/2337/2337 2339/2339/2339
f 2339/2339/2339 2341/2341/2341 2340/2340/2340
f 2341/2341/2341 2342/2342/2342 2340/2340/2340
f 2341/2341/2341 2343/2343/2343 2342/2342/2342
f 2343/2343/2343 2344/2344/2344 2342/2342/2342
f 2343/2343/2343 2345/2345/2345 2344/2344/2344
f 2345/2345/2345 2346/2346/2346 2344/2344/2344
f 2345/2345/2345 2347/2347/2347 2346/2346/2346
f 2345/2345/2345 2348/2348/2348 2347/2347/2347
f 2348/2348/2348 2349/2349/2349 2347/2347/2347
f 2345/2345/2345 2343/2343/2343 2350/2350/2350
f 2348/2348/2348 2345/2345/2345 2350/2350/2350
f 2343/2343/2343 2341/2341/2341 2351/2351/2351
f 2343/2343/2343 2351/2351/2351 2350/2350/2350
f 2341/2341/2341 2339/2339/2339 2352/2352/2352
f 2341/2341/2341 2352/2352/2352 2351/2351/2351
f 2353/2353/2353 2339/2339/2339 2336/2336/2336
f 2339/2339/2339 2353/2353/2353 2352/2352/2352
f 2354/2354/2354 2353/2353/2353 2336/2336/2336
f 2354/2354/2354 2336/2336/2336 2338/2338/2338
f 2354/2354/2354 2338/2338/2338 2355/2355/2355
f 2338/2338/2338 2356/2356/2356 2355/2355/2355
f 2355/2355/2355 2356/2356/2356 2357/2357/2357
f 2353/2353/2353 2354/2354/2354 2358/2358/2358
f 2354/2354/2354 2355/2355/2355 2358/2358/2358
f 2352/2352/2352 2353/2353/2353 2359/2359/2359
f 2353/2353/2353 2358/2358/2358 2359/2359/2359
f 2351/2351/2351 2352/2352/2352 2360/2360/2360
f 2352/2352/2352 2359/2359/2359 2360/2360/2360
f 2350/2350/2350 2351/2351/2351 2361/2361/2361
f 2351/2351/2351 2360/2360/2360 2361/2361/2361
f 2362/2362/2362 2355/2355/2355 2357/2357/2357
f 2362/2362/2362 2357/2357/2357 2363/2363/2363
f 2364/2364/2364 2358/2358/2358 2355/2355/2355
f 2362/2362/2362 2364/2364/2364 2355/2355/2355
f 2359/2359/2359 2358/2358/2358 2365/2365/2365
f 2358/2358/2358 2364/2364/2364 2365/2365/2365
f 2360/2360/2360 2359/2359/2359 2366/2366/2366
f 2359/2359/2359 2365/2365/2365 2366/2366/2366
f 2367/2367/2367 2350/2350/2350 2361/2361/2361
f 2348/2348/2348 2350/2350/2350 2367/2367/2367
f 2361/2361/2361 2360/2360/2360 2368/2368/2368
f 2360/2360/2360 2366/2366/2366 2368/2368/2368
f 2369/2369/2369 2348/2348/2348 2367/2367/2367
f 2369/2369/2369 2349/2349/2349 2348/2348/2348
f 2367/2367/2367 2361/2361/2361 2370/2370/2370
f 2370/2370/2370 2361/2361/2361 2368/2368/2368
f 2369/2369/2369 2367/2367/2367 2371/2371/2371
f 2371/2371/2371 2367/2367/2367 2370/2370/2370
f 2372/2372/2372 2349/2349/2349 2369/2369/2369
f 2372/2372/2372 2369/2369/2369 2371/2371/2371
f 2372/2372/2372 2373/2373/2373 2349/2349/2349
f 2374/2374/2374 2349/2349/2349 2373/2373/2373
f 2373/2373/2373 2372/2372/2372 2375/2375/2375
f 2372/2372/2372 2376/2376/2376 2375/2375/2375
f 2372/2372/2372 2371/2371/2371 2376/2376/2376
f 2375/2375/2375 2376/2376/2376 2377/2377/2377
f 2376/2376/2376 2371/2371/2371 2378/2378/2378
f 2371/2371/2371 2370/2370/2370 2378/2378/2378
f 2376/2376/2376 2378/2378/2378 2377/2377/2377
f 2370/2370/2370 2368/2368/2368 2379/2379/2379
f 2378/2378/2378 2370/2370/2370 2379/2379/2379
f 2380/2380/2380 2377/2377/2377 2378/2378/2378
f 2378/2378/2378 2379/2379/2379 2380/2380/2380
f 2380/2380/2380 2381/2381/2381 2377/2377/2377
f 2379/2379/2379 2368/2368/2368 2382/2382/2382
f 2368/2368/2368 2366/2366/2366 2382/2382/2382
f 2380/2380/2380 2383/2383/2383 2381/2381/2381
f 2383/2383/2383 2384/2384/2384 2381/2381/2381
f 2379/2379/2379 2385/2385/2385 2380/2380/2380
f 2385/2385/2385 2379/2379/2379 2382/2382/2382
f 2385/2385/2385 2383/2383/2383 2380/2380/2380
f 2383/2383/2383 2386/2386/2386 2384/2384/2384
f 2386/2386/2386 2387/2387/2387 2384/2384/2384
f 2385/2385/2385 2388/2388/2388 2383/2383/2383
f 2388/2388/2388 2386/2386/2386 2383/2383/2383
f 2387/2387/2387 2386/2386/2386 2389/2389/2389
f 2390/2390/2390 2387/2387/2387 2389/2389/2389
f 2366/2366/2366 2391/2391/2391 2382/2382/2382
f 2391/2391/2391 2366/2366/2366 2365/2365/2365
f 2385/2385/2385 2382/2382/2382 2392/2392/2392
f 2388/2388/2388 2385/2385/2385 2392/2392/2392
f 2388/2388/2388 2393/2393/2393 2386/2386/2386
f 2393/2393/2393 2389/2389/2389 2386/2386/2386
f 2390/2390/2390 2389/2389/2389 2394/2394/2394
f 2395/2395/2395 2390/2390/2390 2394/2394/2394
f 2392/2392/2392 2382/2382/2382 2396/2396/2396
f 2382/2382/2382 2391/2391/2391 2396/2396/2396
f 2388/2388/2388 2392/2392/2392 2397/2397/2397
f 2393/2393/2393 2388/2388/2388 2397/2397/2397
f 2392/2392/2392 2396/2396/2396 2397/2397/2397
f 2398/2398/2398 2391/2391/2391 2365/2365/2365
f 2398/2398/2398 2365/2365/2365 2364/2364/2364
f 2393/2393/2393 2399/2399/2399 2389/2389/2389
f 2399/2399/2399 2394/2394/2394 2389/2389/2389
f 2395/2395/2395 2394/2394/2394 2400/2400/2400
f 2401/2401/2401 2395/2395/2395 2400/2400/2400
f 2402/2402/2402 2396/2396/2396 2391/2391/2391
f 2398/2398/2398 2402/2402/2402 2391/2391/2391
f 2403/2403/2403 2398/2398/2398 2364/2364/2364
f 2403/2403/2403 2364/2364/2364 2362/2362/2362
f 2399/2399/2399 2393/2393/2393 2404/2404/2404
f 2393/2393/2393 2397/2397/2397 2404/2404/2404
f 2394/2394/2394 2399/2399/2399 2405/2405/2405
f 2400/2400/2400 2394/2394/2394 2405/2405/2405
f 2405/2405/2405 2399/2399/2399 2404/2404/2404
f 2401/2401/2401 2400/2400/2400 2406/2406/2406
f 2407/2407/2407 2401/2401/2401 2406/2406/2406
f 2403/2403/2403 2408/2408/2408 2398/2398/2398
f 2408/2408/2408 2402/2402/2402 2398/2398/2398
f 2409/2409/2409 2403/2403/2403 2362/2362/2362
f 2403/2403/2403 2409/2409/2409 2408/2408/2408
f 2409/2409/2409 2362/2362/2362 2363/2363/2363
f 2409/2409/2409 2363/2363/2363 2410/2410/2410
f 2409/2409/2409 2410/2410/2410 2408/2408/2408
f 2363/2363/2363 2411/2411/2411 2410/2410/2410
f 2410/2410/2410 2411/2411/2411 2412/2412/2412
f 2400/2400/2400 2405/2405/2405 2413/2413/2413
f 2406/2406/2406 2400/2400/2400 2413/2413/2413
f 2407/2407/2407 2406/2406/2406 2414/2414/2414
f 2415/2415/2415 2407/2407/2407 2414/2414/2414
f 2406/2406/2406 2413/2413/2413 2416/2416/2416
f 2414/2414/2414 2406/2406/2406 2416/2416/2416
f 2415/2415/2415 2414/2414/2414 2417/2417/2417
f 2418/2418/2418 2415/2415/2415 2417/2417/2417
f 2414/2414/2414 2416/2416/2416 2419/2419/2419
f 2417/2417/2417 2414/2414/2414 2419/2419/2419
f 2418/2418/2418 2417/2417/2417 2420/2420/2420
f 2421/2421/2421 2418/2418/2418 2420/2420/2420
f 2417/2417/2417 2419/2419/2419 2422/2422/2422
f 2420/2420/2420 2417/2417/2417 2422/2422/2422
f 2421/2421/2421 2420/2420/2420 2423/2423/2423
f 2424/2424/2424 2421/2421/2421 2423/2423/2423
f 2420/2420/2420 2422/2422/2422 2425/2425/2425
f 2423/2423/2423 2420/2420/2420 2425/2425/2425
f 2424/2424/2424 2423/2423/2423 2426/2426/2426
f 2427/2427/2427 2424/2424/2424 2426/2426/2426
f 2427/2427/2427 2426/2426/2426 2428/2428/2428
f 2423/2423/2423 2425/2425/2425 2429/2429/2429
f 2426/2426/2426 2423/2423/2423 2429/2429/2429
f 2430/2430/2430 2419/2419/2419 2416/2416/2416
f 2431/2431/2431 2422/2422/2422 2419/2419/2419
f 2430/2430/2430 2431/2431/2431 2419/2419/2419
f 2432/2432/2432 2425/2425/2425 2422/2422/2422
f 2431/2431/2431 2432/2432/2432 2422/2422/2422
f 2433/2433/2433 2430/2430/2430 2416/2416/2416
f 2433/2433/2433 2416/2416/2416 2413/2413/2413
f 2432/2432/2432 2434/2434/2434 2425/2425/2425
f 2434/2434/2434 2429/2429/2429 2425/2425/2425
f 2430/2430/2430 2435/2435/2435 2431/2431/2431
f 2430/2430/2430 2433/2433/2433 2435/2435/2435
f 2432/2432/2432 2431/2431/2431 2436/2436/2436
f 2432/2432/2432 2436/2436/2436 2434/2434/2434
f 2437/2437/2437 2433/2433/2433 2413/2413/2413
f 2437/2437/2437 2413/2413/2413 2405/2405/2405
f 2438/2438/2438 2437/2437/2437 2405/2405/2405
f 2438/2438/2438 2405/2405/2405 2404/2404/2404
f 2437/2437/2437 2439/2439/2439 2433/2433/2433
f 2437/2437/2437 2438/2438/2438 2439/2439/2439
f 2404/2404/2404 2440/2440/2440 2438/2438/2438
f 2404/2404/2404 2397/2397/2397 2440/2440/2440
f 2435/2435/2435 2441/2441/2441 2431/2431/2431
f 2431/2431/2431 2441/2441/2441 2436/2436/2436
f 2439/2439/2439 2442/2442/2442 2433/2433/2433
f 2433/2433/2433 2442/2442/2442 2435/2435/2435
f 2440/2440/2440 2443/2443/2443 2438/2438/2438
f 2438/2438/2438 2443/2443/2443 2439/2439/2439
f 2397/2397/2397 2444/2444/2444 2440/2440/2440
f 2396/2396/2396 2444/2444/2444 2397/2397/2397
f 2444/2444/2444 2396/2396/2396 2402/2402/2402
f 2445/2445/2445 2444/2444/2444 2402/2402/2402
f 2445/2445/2445 2402/2402/2402 2408/2408/2408
f 2446/2446/2446 2440/2440/2440 2444/2444/2444
f 2445/2445/2445 2446/2446/2446 2444/2444/2444
f 2443/2443/2443 2440/2440/2440 2447/2447/2447
f 2440/2440/2440 2446/2446/2446 2447/2447/2447
f 2439/2439/2439 2443/2443/2443 2448/2448/2448
f 2443/2443/2443 2447/2447/2447 2448/2448/2448
f 2442/2442/2442 2439/2439/2439 2449/2449/2449
f 2439/2439/2439 2448/2448/2448 2449/2449/2449
f 2450/2450/2450 2445/2445/2445 2408/2408/2408
f 2450/2450/2450 2408/2408/2408 2410/2410/2410
f 2451/2451/2451 2446/2446/2446 2445/2445/2445
f 2450/2450/2450 2451/2451/2451 2445/2445/2445
f 2447/2447/2447 2446/2446/2446 2451/2451/2451
f 2452/2452/2452 2450/2450/2450 2410/2410/2410
f 2450/2450/2450 2452/2452/2452 2451/2451/2451
f 2452/2452/2452 2410/2410/2410 2412/2412/2412
f 2452/2452/2452 2412/2412/2412 2453/2453/2453
f 2452/2452/2452 2453/2453/2453 2451/2451/2451
f 2412/2412/2412 2454/2454/2454 2453/2453/2453
f 2453/2453/2453 2454/2454/2454 2455/2455/2455
f 2456/2456/2456 2447/2447/2447 2451/2451/2451
f 2456/2456/2456 2451/2451/2451 2453/2453/2453
f 2457/2457/2457 2448/2448/2448 2447/2447/2447
f 2456/2456/2456 2457/2457/2457 2447/2447/2447
f 2458/2458/2458 2456/2456/2456 2453/2453/2453
f 2458/2458/2458 2453/2453/2453 2455/2455/2455
f 2456/2456/2456 2458/2458/2458 2457/2457/2457
f 2458/2458/2458 2455/2455/2455 2459/2459/2459
f 2458/2458/2458 2459/2459/2459 2457/2457/2457
f 2455/2455/2455 2460/2460/2460 2459/2459/2459
f 2459/2459/2459 2460/2460/2460 2461/2461/2461
f 2457/2457/2457 2462/2462/2462 2448/2448/2448
f 2462/2462/2462 2457/2457/2457 2459/2459/2459
f 2462/2462/2462 2449/2449/2449 2448/2448/2448
f 2463/2463/2463 2459/2459/2459 2461/2461/2461
f 2463/2463/2463 2462/2462/2462 2459/2459/2459
f 2462/2462/2462 2464/2464/2464 2449/2449/2449
f 2462/2462/2462 2463/2463/2463 2464/2464/2464
f 2463/2463/2463 2461/2461/2461 2465/2465/2465
f 2463/2463/2463 2465/2465/2465 2464/2464/2464
f 2461/2461/2461 2466/2466/2466 2465/2465/2465
f 2465/2465/2465 2466/2466/2466 2467/2467/2467
f 2464/2464/2464 2468/2468/2468 2449/2449/2449
f 2442/2442/2442 2449/2449/2449 2468/2468/2468
f 2435/2435/2435 2442/2442/2442 2468/2468/2468
f 2469/2469/2469 2464/2464/2464 2465/2465/2465
f 2464/2464/2464 2469/2469/2469 2468/2468/2468
f 2435/2435/2435 2468/2468/2468 2470/2470/2470
f 2469/2469/2469 2470/2470/2470 2468/2468/2468
f 2441/2441/2441 2435/2435/2435 2470/2470/2470
f 2471/2471/2471 2465/2465/2465 2467/2467/2467
f 2471/2471/2471 2469/2469/2469 2465/2465/2465
f 2441/2441/2441 2470/2470/2470 2472/2472/2472
f 2436/2436/2436 2441/2441/2441 2472/2472/2472
f 2469/2469/2469 2473/2473/2473 2470/2470/2470
f 2469/2469/2469 2471/2471/2471 2473/2473/2473
f 2473/2473/2473 2472/2472/2472 2470/2470/2470
f 2471/2471/2471 2467/2467/2467 2474/2474/2474
f 2471/2471/2471 2474/2474/2474 2473/2473/2473
f 2467/2467/2467 2475/2475/2475 2474/2474/2474
f 2474/2474/2474 2475/2475/2475 2476/2476/2476
f 2473/2473/2473 2477/2477/2477 2472/2472/2472
f 2477/2477/2477 2473/2473/2473 2474/2474/2474
f 2436/2436/2436 2472/2472/2472 2478/2478/2478
f 2477/2477/2477 2478/2478/2478 2472/2472/2472
f 2479/2479/2479 2474/2474/2474 2476/2476/2476
f 2479/2479/2479 2477/2477/2477 2474/2474/2474
f 2479/2479/2479 2476/2476/2476 2480/2480/2480
f 2476/2476/2476 2481/2481/2481 2480/2480/2480
f 2480/2480/2480 2481/2481/2481 2482/2482/2482
f 2477/2477/2477 2479/2479/2479 2483/2483/2483
f 2477/2477/2477 2483/2483/2483 2478/2478/2478
f 2479/2479/2479 2480/2480/2480 2483/2483/2483
f 2484/2484/2484 2436/2436/2436 2478/2478/2478
f 2436/2436/2436 2484/2484/2484 2434/2434/2434
f 2484/2484/2484 2478/2478/2478 2485/2485/2485
f 2434/2434/2434 2484/2484/2484 2485/2485/2485
f 2483/2483/2483 2486/2486/2486 2478/2478/2478
f 2478/2478/2478 2486/2486/2486 2485/2485/2485
f 2487/2487/2487 2434/2434/2434 2485/2485/2485
f 2434/2434/2434 2487/2487/2487 2429/2429/2429
f 2487/2487/2487 2488/2488/2488 2429/2429/2429
f 2426/2426/2426 2429/2429/2429 2488/2488/2488
f 2489/2489/2489 2426/2426/2426 2488/2488/2488
f 2426/2426/2426 2489/2489/2489 2428/2428/2428
f 2490/2490/2490 2488/2488/2488 2487/2487/2487
f 2489/2489/2489 2488/2488/2488 2490/2490/2490
f 2428/2428/2428 2489/2489/2489 2491/2491/2491
f 2491/2491/2491 2489/2489/2489 2490/2490/2490
f 2492/2492/2492 2428/2428/2428 2491/2491/2491
f 2487/2487/2487 2485/2485/2485 2493/2493/2493
f 2493/2493/2493 2490/2490/2490 2487/2487/2487
f 2494/2494/2494 2485/2485/2485 2486/2486/2486
f 2485/2485/2485 2494/2494/2494 2493/2493/2493
f 2495/2495/2495 2486/2486/2486 2483/2483/2483
f 2495/2495/2495 2494/2494/2494 2486/2486/2486
f 2492/2492/2492 2491/2491/2491 2496/2496/2496
f 2497/2497/2497 2492/2492/2492 2496/2496/2496
f 2491/2491/2491 2490/2490/2490 2498/2498/2498
f 2496/2496/2496 2491/2491/2491 2498/2498/2498
f 2493/2493/2493 2499/2499/2499 2490/2490/2490
f 2499/2499/2499 2498/2498/2498 2490/2490/2490
f 2493/2493/2493 2494/2494/2494 2500/2500/2500
f 2499/2499/2499 2493/2493/2493 2500/2500/2500
f 2497/2497/2497 2496/2496/2496 2501/2501/2501
f 2502/2502/2502 2497/2497/2497 2501/2501/2501
f 2496/2496/2496 2498/2498/2498 2503/2503/2503
f 2501/2501/2501 2496/2496/2496 2503/2503/2503
f 2499/2499/2499 2504/2504/2504 2498/2498/2498
f 2499/2499/2499 2500/2500/2500 2504/2504/2504
f 2504/2504/2504 2503/2503/2503 2498/2498/2498
f 2502/2502/2502 2501/2501/2501 2505/2505/2505
f 2506/2506/2506 2502/2502/2502 2505/2505/2505
f 2501/2501/2501 2503/2503/2503 2507/2507/2507
f 2505/2505/2505 2501/2501/2501 2507/2507/2507
f 2506/2506/2506 2505/2505/2505 2508/2508/2508
f 2509/2509/2509 2506/2506/2506 2508/2508/2508
f 2510/2510/2510 2500/2500/2500 2494/2494/2494
f 2495/2495/2495 2510/2510/2510 2494/2494/2494
f 2504/2504/2504 2511/2511/2511 2503/2503/2503
f 2511/2511/2511 2507/2507/2507 2503/2503/2503
f 2505/2505/2505 2507/2507/2507 2512/2512/2512
f 2508/2508/2508 2505/2505/2505 2512/2512/2512
f 2509/2509/2509 2508/2508/2508 2513/2513/2513
f 2514/2514/2514 2509/2509/2509 2513/2513/2513
f 2511/2511/2511 2515/2515/2515 2507/2507/2507
f 2515/2515/2515 2512/2512/2512 2507/2507/2507
f 2511/2511/2511 2504/2504/2504 2516/2516/2516
f 2511/2511/2511 2516/2516/2516 2515/2515/2515
f 2500/2500/2500 2517/2517/2517 2504/2504/2504
f 2504/2504/2504 2517/2517/2517 2516/2516/2516
f 2508/2508/2508 2512/2512/2512 2518/2518/2518
f 2513/2513/2513 2508/2508/2508 2518/2518/2518
f 2514/2514/2514 2513/2513/2513 2519/2519/2519
f 2520/2520/2520 2514/2514/2514 2519/2519/2519
f 2521/2521/2521 2517/2517/2517 2500/2500/2500
f 2510/2510/2510 2521/2521/2521 2500/2500/2500
f 2515/2515/2515 2522/2522/2522 2512/2512/2512
f 2522/2522/2522 2518/2518/2518 2512/2512/2512
f 2513/2513/2513 2518/2518/2518 2523/2523/2523
f 2519/2519/2519 2513/2513/2513 2523/2523/2523
f 2520/2520/2520 2519/2519/2519 2524/2524/2524
f 2525/2525/2525 2520/2520/2520 2524/2524/2524
f 2522/2522/2522 2526/2526/2526 2518/2518/2518
f 2526/2526/2526 2523/2523/2523 2518/2518/2518
f 2522/2522/2522 2515/2515/2515 2527/2527/2527
f 2522/2522/2522 2527/2527/2527 2526/2526/2526
f 2519/2519/2519 2523/2523/2523 2528/2528/2528
f 2524/2524/2524 2519/2519/2519 2528/2528/2528
f 2525/2525/2525 2524/2524/2524 2529/2529/2529
f 2530/2530/2530 2525/2525/2525 2529/2529/2529
f 2531/2531/2531 2528/2528/2528 2523/2523/2523
f 2526/2526/2526 2531/2531/2531 2523/2523/2523
f 2524/2524/2524 2528/2528/2528 2532/2532/2532
f 2529/2529/2529 2524/2524/2524 2532/2532/2532
f 2532/2532/2532 2528/2528/2528 2531/2531/2531
f 2530/2530/2530 2529/2529/2529 2533/2533/2533
f 2534/2534/2534 2530/2530/2530 2533/2533/2533
f 2515/2515/2515 2535/2535/2535 2527/2527/2527
f 2516/2516/2516 2535/2535/2535 2515/2515/2515
f 2529/2529/2529 2532/2532/2532 2536/2536/2536
f 2533/2533/2533 2529/2529/2529 2536/2536/2536
f 2534/2534/2534 2533/2533/2533 2537/2537/2537
f 2538/2538/2538 2534/2534/2534 2537/2537/2537
f 2533/2533/2533 2536/2536/2536 2539/2539/2539
f 2537/2537/2537 2533/2533/2533 2539/2539/2539
f 2538/2538/2538 2537/2537/2537 2540/2540/2540
f 2541/2541/2541 2538/2538/2538 2540/2540/2540
f 2537/2537/2537 2539/2539/2539 2542/2542/2542
f 2540/2540/2540 2537/2537/2537 2542/2542/2542
f 2541/2541/2541 2540/2540/2540 2543/2543/2543
f 2544/2544/2544 2541/2541/2541 2543/2543/2543
f 2540/2540/2540 2542/2542/2542 2545/2545/2545
f 2543/2543/2543 2540/2540/2540 2545/2545/2545
f 2544/2544/2544 2543/2543/2543 2546/2546/2546
f 2547/2547/2547 2544/2544/2544 2546/2546/2546
f 2543/2543/2543 2545/2545/2545 2548/2548/2548
f 2546/2546/2546 2543/2543/2543 2548/2548/2548
f 2547/2547/2547 2546/2546/2546 2549/2549/2549
f 2547/2547/2547 2549/2549/2549 2550/2550/2550
f 2546/2546/2546 2548/2548/2548 2551/2551/2551
f 2546/2546/2546 2551/2551/2551 2549/2549/2549
f 2552/2552/2552 2550/2550/2550 2549/2549/2549
f 2552/2552/2552 2553/2553/2553 2550/2550/2550
f 2549/2549/2549 2551/2551/2551 2554/2554/2554
f 2549/2549/2549 2554/2554/2554 2552/2552/2552
f 2553/2553/2553 2552/2552/2552 2555/2555/2555
f 2553/2553/2553 2555/2555/2555 2556/2556/2556
f 2552/2552/2552 2554/2554/2554 2557/2557/2557
f 2552/2552/2552 2557/2557/2557 2555/2555/2555
f 2556/2556/2556 2555/2555/2555 2558/2558/2558
f 2556/2556/2556 2558/2558/2558 2559/2559/2559
f 2560/2560/2560 2559/2559/2559 2558/2558/2558
f 2558/2558/2558 2555/2555/2555 2561/2561/2561
f 2560/2560/2560 2558/2558/2558 2561/2561/2561
f 2561/2561/2561 2555/2555/2555 2557/2557/2557
f 2560/2560/2560 2561/2561/2561 2562/2562/2562
f 2561/2561/2561 2563/2563/2563 2562/2562/2562
f 2561/2561/2561 2557/2557/2557 2563/2563/2563
f 2564/2564/2564 2562/2562/2562 2563/2563/2563
f 2554/2554/2554 2565/2565/2565 2557/2557/2557
f 2563/2563/2563 2557/2557/2557 2565/2565/2565
f 2564/2564/2564 2563/2563/2563 2566/2566/2566
f 2566/2566/2566 2563/2563/2563 2565/2565/2565
f 2567/2567/2567 2564/2564/2564 2566/2566/2566
f 2566/2566/2566 2568/2568/2568 2567/2567/2567
f 2566/2566/2566 2569/2569/2569 2568/2568/2568
f 2569/2569/2569 2570/2570/2570 2568/2568/2568
f 2569/2569/2569 2571/2571/2571 2570/2570/2570
f 2554/2554/2554 2572/2572/2572 2565/2565/2565
f 2551/2551/2551 2572/2572/2572 2554/2554/2554
f 2566/2566/2566 2565/2565/2565 2573/2573/2573
f 2569/2569/2569 2566/2566/2566 2573/2573/2573
f 2569/2569/2569 2574/2574/2574 2571/2571/2571
f 2574/2574/2574 2575/2575/2575 2571/2571/2571
f 2574/2574/2574 2576/2576/2576 2575/2575/2575
f 2572/2572/2572 2577/2577/2577 2565/2565/2565
f 2577/2577/2577 2573/2573/2573 2565/2565/2565
f 2551/2551/2551 2578/2578/2578 2572/2572/2572
f 2548/2548/2548 2578/2578/2578 2551/2551/2551
f 2569/2569/2569 2573/2573/2573 2579/2579/2579
f 2574/2574/2574 2569/2569/2569 2579/2579/2579
f 2574/2574/2574 2580/2580/2580 2576/2576/2576
f 2580/2580/2580 2581/2581/2581 2576/2576/2576
f 2582/2582/2582 2577/2577/2577 2572/2572/2572
f 2578/2578/2578 2582/2582/2582 2572/2572/2572
f 2548/2548/2548 2583/2583/2583 2578/2578/2578
f 2548/2548/2548 2545/2545/2545 2583/2583/2583
f 2577/2577/2577 2584/2584/2584 2573/2573/2573
f 2584/2584/2584 2579/2579/2579 2573/2573/2573
f 2574/2574/2574 2579/2579/2579 2585/2585/2585
f 2580/2580/2580 2574/2574/2574 2585/2585/2585
f 2581/2581/2581 2580/2580/2580 2586/2586/2586
f 2587/2587/2587 2581/2581/2581 2586/2586/2586
f 2583/2583/2583 2588/2588/2588 2578/2578/2578
f 2588/2588/2588 2582/2582/2582 2578/2578/2578
f 2545/2545/2545 2589/2589/2589 2583/2583/2583
f 2583/2583/2583 2589/2589/2589 2588/2588/2588
f 2545/2545/2545 2542/2542/2542 2589/2589/2589
f 2586/2586/2586 2580/2580/2580 2590/2590/2590
f 2580/2580/2580 2585/2585/2585 2590/2590/2590
f 2587/2587/2587 2586/2586/2586 2591/2591/2591
f 2586/2586/2586 2590/2590/2590 2591/2591/2591
f 2592/2592/2592 2587/2587/2587 2591/2591/2591
f 2590/2590/2590 2593/2593/2593 2591/2591/2591
f 2594/2594/2594 2593/2593/2593 2590/2590/2590
f 2595/2595/2595 2594/2594/2594 2590/2590/2590
f 2595/2595/2595 2590/2590/2590 2585/2585/2585
f 2596/2596/2596 2594/2594/2594 2595/2595/2595
f 2597/2597/2597 2595/2595/2595 2585/2585/2585
f 2597/2597/2597 2585/2585/2585 2579/2579/2579
f 2584/2584/2584 2597/2597/2597 2579/2579/2579
f 2598/2598/2598 2596/2596/2596 2595/2595/2595
f 2598/2598/2598 2595/2595/2595 2597/2597/2597
f 2599/2599/2599 2596/2596/2596 2598/2598/2598
f 2600/2600/2600 2597/2597/2597 2584/2584/2584
f 2600/2600/2600 2598/2598/2598 2597/2597/2597
f 2601/2601/2601 2599/2599/2599 2598/2598/2598
f 2601/2601/2601 2598/2598/2598 2600/2600/2600
f 2602/2602/2602 2599/2599/2599 2601/2601/2601
f 2603/2603/2603 2600/2600/2600 2584/2584/2584
f 2603/2603/2603 2584/2584/2584 2577/2577/2577
f 2582/2582/2582 2603/2603/2603 2577/2577/2577
f 2604/2604/2604 2601/2601/2601 2600/2600/2600
f 2604/2604/2604 2600/2600/2600 2603/2603/2603
f 2605/2605/2605 2603/2603/2603 2582/2582/2582
f 2605/2605/2605 2604/2604/2604 2603/2603/2603
f 2588/2588/2588 2605/2605/2605 2582/2582/2582
f 2606/2606/2606 2602/2602/2602 2601/2601/2601
f 2606/2606/2606 2601/2601/2601 2604/2604/2604
f 2588/2588/2588 2607/2607/2607 2605/2605/2605
f 2589/2589/2589 2607/2607/2607 2588/2588/2588
f 2606/2606/2606 2608/2608/2608 2602/2602/2602
f 2608/2608/2608 2609/2609/2609 2602/2602/2602
f 2610/2610/2610 2609/2609/2609 2608/2608/2608
f 2604/2604/2604 2605/2605/2605 2611/2611/2611
f 2607/2607/2607 2611/2611/2611 2605/2605/2605
f 2612/2612/2612 2606/2606/2606 2604/2604/2604
f 2606/2606/2606 2612/2612/2612 2608/2608/2608
f 2612/2612/2612 2604/2604/2604 2611/2611/2611
f 2613/2613/2613 2607/2607/2607 2589/2589/2589
f 2607/2607/2607 2613/2613/2613 2611/2611/2611
f 2612/2612/2612 2614/2614/2614 2608/2608/2608
f 2612/2612/2612 2611/2611/2611 2614/2614/2614
f 2615/2615/2615 2610/2610/2610 2608/2608/2608
f 2615/2615/2615 2608/2608/2608 2614/2614/2614
f 2615/2615/2615 2616/2616/2616 2610/2610/2610
f 2616/2616/2616 2617/2617/2617 2610/2610/2610
f 2618/2618/2618 2617/2617/2617 2616/2616/2616
f 2619/2619/2619 2613/2613/2613 2589/2589/2589
f 2542/2542/2542 2619/2619/2619 2589/2589/2589
f 2619/2619/2619 2542/2542/2542 2539/2539/2539
f 2620/2620/2620 2619/2619/2619 2539/2539/2539
f 2619/2619/2619 2620/2620/2620 2613/2613/2613
f 2620/2620/2620 2539/2539/2539 2536/2536/2536
f 2613/2613/2613 2621/2621/2621 2611/2611/2611
f 2611/2611/2611 2621/2621/2621 2614/2614/2614
f 2622/2622/2622 2615/2615/2615 2614/2614/2614
f 2615/2615/2615 2622/2622/2622 2616/2616/2616
f 2621/2621/2621 2613/2613/2613 2623/2623/2623
f 2620/2620/2620 2623/2623/2623 2613/2613/2613
f 2614/2614/2614 2621/2621/2621 2624/2624/2624
f 2624/2624/2624 2621/2621/2621 2623/2623/2623
f 2622/2622/2622 2614/2614/2614 2624/2624/2624
f 2625/2625/2625 2620/2620/2620 2536/2536/2536
f 2625/2625/2625 2536/2536/2536 2532/2532/2532
f 2626/2626/2626 2623/2623/2623 2620/2620/2620
f 2624/2624/2624 2623/2623/2623 2626/2626/2626
f 2625/2625/2625 2626/2626/2626 2620/2620/2620
f 2627/2627/2627 2625/2625/2625 2532/2532/2532
f 2625/2625/2625 2627/2627/2627 2626/2626/2626
f 2627/2627/2627 2532/2532/2532 2531/2531/2531
f 2622/2622/2622 2624/2624/2624 2628/2628/2628
f 2628/2628/2628 2624/2624/2624 2626/2626/2626
f 2622/2622/2622 2629/2629/2629 2616/2616/2616
f 2629/2629/2629 2622/2622/2622 2628/2628/2628
f 2531/2531/2531 2630/2630/2630 2627/2627/2627
f 2531/2531/2531 2526/2526/2526 2630/2630/2630
f 2627/2627/2627 2631/2631/2631 2626/2626/2626
f 2628/2628/2628 2626/2626/2626 2631/2631/2631
f 2630/2630/2630 2631/2631/2631 2627/2627/2627
f 2526/2526/2526 2632/2632/2632 2630/2630/2630
f 2527/2527/2527 2632/2632/2632 2526/2526/2526
f 2633/2633/2633 2628/2628/2628 2631/2631/2631
f 2629/2629/2629 2628/2628/2628 2633/2633/2633
f 2631/2631/2631 2630/2630/2630 2634/2634/2634
f 2634/2634/2634 2630/2630/2630 2632/2632/2632
f 2633/2633/2633 2631/2631/2631 2634/2634/2634
f 2635/2635/2635 2616/2616/2616 2629/2629/2629
f 2635/2635/2635 2618/2618/2618 2616/2616/2616
f 2636/2636/2636 2632/2632/2632 2527/2527/2527
f 2636/2636/2636 2634/2634/2634 2632/2632/2632
f 2637/2637/2637 2629/2629/2629 2633/2633/2633
f 2637/2637/2637 2635/2635/2635 2629/2629/2629
f 2635/2635/2635 2638/2638/2638 2618/2618/2618
f 2635/2635/2635 2637/2637/2637 2638/2638/2638
f 2638/2638/2638 2639/2639/2639 2618/2618/2618
f 2640/2640/2640 2639/2639/2639 2638/2638/2638
f 2633/2633/2633 2634/2634/2634 2641/2641/2641
f 2637/2637/2637 2633/2633/2633 2641/2641/2641
f 2637/2637/2637 2641/2641/2641 2638/2638/2638
f 2641/2641/2641 2634/2634/2634 2636/2636/2636
f 2642/2642/2642 2636/2636/2636 2527/2527/2527
f 2642/2642/2642 2527/2527/2527 2535/2535/2535
f 2643/2643/2643 2640/2640/2640 2638/2638/2638
f 2643/2643/2643 2638/2638/2638 2641/2641/2641
f 2644/2644/2644 2641/2641/2641 2636/2636/2636
f 2644/2644/2644 2643/2643/2643 2641/2641/2641
f 2644/2644/2644 2636/2636/2636 2642/2642/2642
f 2643/2643/2643 2645/2645/2645 2640/2640/2640
f 2643/2643/2643 2644/2644/2644 2645/2645/2645
f 2645/2645/2645 2646/2646/2646 2640/2640/2640
f 2647/2647/2647 2646/2646/2646 2645/2645/2645
f 2648/2648/2648 2642/2642/2642 2535/2535/2535
f 2648/2648/2648 2535/2535/2535 2516/2516/2516
f 2649/2649/2649 2644/2644/2644 2642/2642/2642
f 2644/2644/2644 2649/2649/2649 2645/2645/2645
f 2649/2649/2649 2642/2642/2642 2648/2648/2648
f 2650/2650/2650 2647/2647/2647 2645/2645/2645
f 2650/2650/2650 2645/2645/2645 2649/2649/2649
f 2651/2651/2651 2648/2648/2648 2516/2516/2516
f 2651/2651/2651 2516/2516/2516 2517/2517/2517
f 2521/2521/2521 2651/2651/2651 2517/2517/2517
f 2652/2652/2652 2649/2649/2649 2648/2648/2648
f 2652/2652/2652 2650/2650/2650 2649/2649/2649
f 2652/2652/2652 2648/2648/2648 2651/2651/2651
f 2650/2650/2650 2653/2653/2653 2647/2647/2647
f 2650/2650/2650 2652/2652/2652 2653/2653/2653
f 2653/2653/2653 2654/2654/2654 2647/2647/2647
f 2655/2655/2655 2654/2654/2654 2653/2653/2653
f 2656/2656/2656 2652/2652/2652 2651/2651/2651
f 2656/2656/2656 2651/2651/2651 2521/2521/2521
f 2652/2652/2652 2656/2656/2656 2653/2653/2653
f 2657/2657/2657 2655/2655/2655 2653/2653/2653
f 2657/2657/2657 2653/2653/2653 2656/2656/2656
f 2658/2658/2658 2656/2656/2656 2521/2521/2521
f 2658/2658/2658 2657/2657/2657 2656/2656/2656
f 2658/2658/2658 2521/2521/2521 2510/2510/2510
f 2657/2657/2657 2659/2659/2659 2655/2655/2655
f 2657/2657/2657 2658/2658/2658 2659/2659/2659
f 2659/2659/2659 2660/2660/2660 2655/2655/2655
f 2482/2482/2482 2660/2660/2660 2659/2659/2659
f 2661/2661/2661 2658/2658/2658 2510/2510/2510
f 2658/2658/2658 2661/2661/2661 2659/2659/2659
f 2661/2661/2661 2510/2510/2510 2495/2495/2495
f 2662/2662/2662 2482/2482/2482 2659/2659/2659
f 2662/2662/2662 2659/2659/2659 2661/2661/2661
f 2662/2662/2662 2480/2480/2480 2482/2482/2482
f 2663/2663/2663 2661/2661/2661 2495/2495/2495
f 2663/2663/2663 2662/2662/2662 2661/2661/2661
f 2662/2662/2662 2663/2663/2663 2480/2480/2480
f 2663/2663/2663 2495/2495/2495 2483/2483/2483
f 2663/2663/2663 2483/2483/2483 2480/2480/2480
f 2666/2666/2666 2665/2665/2665 2664/2664/2664
f 2667/2667/2667 2666/2666/2666 2664/2664/2664
f 2668/2668/2668 2666/2666/2666 2667/2667/2667
f 2669/2669/2669 2667/2667/2667 2664/2664/2664
f 2670/2670/2670 2669/2669/2669 2664/2664/2664
f 2668/2668/2668 2667/2667/2667 2671/2671/2671
f 2667/2667/2667 2669/2669/2669 2671/2671/2671
f 2672/2672/2672 2668/2668/2668 2671/2671/2671
f 2673/2673/2673 2672/2672/2672 2671/2671/2671
f 2674/2674/2674 2672/2672/2672 2673/2673/2673
f 2669/2669/2669 2675/2675/2675 2671/2671/2671
f 2671/2671/2671 2675/2675/2675 2673/2673/2673
f 2669/2669/2669 2670/2670/2670 2676/2676/2676
f 2669/2669/2669 2676/2676/2676 2675/2675/2675
f 2677/2677/2677 2674/2674/2674 2673/2673/2673
f 2678/2678/2678 2674/2674/2674 2677/2677/2677
f 2679/2679/2679 2676/2676/2676 2670/2670/2670
f 2679/2679/2679 2670/2670/2670 2680/2680/2680
f 2675/2675/2675 2681/2681/2681 2673/2673/2673
f 2677/2677/2677 2673/2673/2673 2681/2681/2681
f 2682/2682/2682 2675/2675/2675 2676/2676/2676
f 2682/2682/2682 2676/2676/2676 2679/2679/2679
f 2679/2679/2679 2680/2680/2680 2683/2683/2683
f 2680/2680/2680 2684/2684/2684 2683/2683/2683
f 2683/2683/2683 2684/2684/2684 2685/2685/2685
f 2679/2679/2679 2683/2683/2683 2686/2686/2686
f 2682/2682/2682 2679/2679/2679 2686/2686/2686
f 2687/2687/2687 2683/2683/2683 2685/2685/2685
f 2686/2686/2686 2683/2683/2683 2687/2687/2687
f 2687/2687/2687 2685/2685/2685 2688/2688/2688
f 2687/2687/2687 2688/2688/2688 2689/2689/2689
f 2690/2690/2690 2675/2675/2675 2682/2682/2682
f 2690/2690/2690 2681/2681/2681 2675/2675/2675
f 2691/2691/2691 2682/2682/2682 2686/2686/2686
f 2691/2691/2691 2690/2690/2690 2682/2682/2682
f 2692/2692/2692 2687/2687/2687 2689/2689/2689
f 2692/2692/2692 2689/2689/2689 2693/2693/2693
f 2692/2692/2692 2693/2693/2693 2694/2694/2694
f 2695/2695/2695 2686/2686/2686 2687/2687/2687
f 2695/2695/2695 2687/2687/2687 2692/2692/2692
f 2691/2691/2691 2686/2686/2686 2695/2695/2695
f 2696/2696/2696 2692/2692/2692 2694/2694/2694
f 2695/2695/2695 2692/2692/2692 2696/2696/2696
f 2696/2696/2696 2694/2694/2694 2697/2697/2697
f 2698/2698/2698 2696/2696/2696 2697/2697/2697
f 2698/2698/2698 2697/2697/2697 2699/2699/2699
f 2700/2700/2700 2695/2695/2695 2696/2696/2696
f 2700/2700/2700 2696/2696/2696 2698/2698/2698
f 2701/2701/2701 2691/2691/2691 2695/2695/2695
f 2701/2701/2701 2695/2695/2695 2700/2700/2700
f 2702/2702/2702 2690/2690/2690 2691/2691/2691
f 2702/2702/2702 2691/2691/2691 2701/2701/2701
f 2703/2703/2703 2698/2698/2698 2699/2699/2699
f 2700/2700/2700 2698/2698/2698 2703/2703/2703
f 2700/2700/2700 2703/2703/2703 2704/2704/2704
f 2703/2703/2703 2699/2699/2699 2705/2705/2705
f 2703/2703/2703 2705/2705/2705 2704/2704/2704
f 2699/2699/2699 2706/2706/2706 2705/2705/2705
f 2705/2705/2705 2706/2706/2706 2707/2707/2707
f 2708/2708/2708 2705/2705/2705 2707/2707/2707
f 2705/2705/2705 2708/2708/2708 2704/2704/2704
f 2708/2708/2708 2707/2707/2707 2709/2709/2709
f 2710/2710/2710 2701/2701/2701 2700/2700/2700
f 2710/2710/2710 2700/2700/2700 2704/2704/2704
f 2711/2711/2711 2708/2708/2708 2709/2709/2709
f 2711/2711/2711 2709/2709/2709 2712/2712/2712
f 2708/2708/2708 2711/2711/2711 2713/2713/2713
f 2708/2708/2708 2713/2713/2713 2704/2704/2704
f 2714/2714/2714 2711/2711/2711 2712/2712/2712
f 2711/2711/2711 2714/2714/2714 2713/2713/2713
f 2714/2714/2714 2712/2712/2712 2715/2715/2715
f 2716/2716/2716 2714/2714/2714 2715/2715/2715
f 2716/2716/2716 2715/2715/2715 2717/2717/2717
f 2714/2714/2714 2718/2718/2718 2713/2713/2713
f 2714/2714/2714 2716/2716/2716 2718/2718/2718
f 2719/2719/2719 2716/2716/2716 2717/2717/2717
f 2716/2716/2716 2719/2719/2719 2718/2718/2718
f 2719/2719/2719 2717/2717/2717 2720/2720/2720
f 2719/2719/2719 2720/2720/2720 2721/2721/2721
f 2713/2713/2713 2722/2722/2722 2704/2704/2704
f 2713/2713/2713 2718/2718/2718 2722/2722/2722
f 2723/2723/2723 2719/2719/2719 2721/2721/2721
f 2723/2723/2723 2721/2721/2721 2724/2724/2724
f 2724/2724/2724 2725/2725/2725 2723/2723/2723
f 2719/2719/2719 2726/2726/2726 2718/2718/2718
f 2719/2719/2719 2723/2723/2723 2726/2726/2726
f 2725/2725/2725 2727/2727/2727 2723/2723/2723
f 2723/2723/2723 2727/2727/2727 2726/2726/2726
f 2725/2725/2725 2728/2728/2728 2727/2727/2727
f 2722/2722/2722 2729/2729/2729 2704/2704/2704
f 2729/2729/2729 2710/2710/2710 2704/2704/2704
f 2718/2718/2718 2730/2730/2730 2722/2722/2722
f 2718/2718/2718 2726/2726/2726 2730/2730/2730
f 2728/2728/2728 2731/2731/2731 2727/2727/2727
f 2727/2727/2727 2732/2732/2732 2726/2726/2726
f 2727/2727/2727 2731/2731/2731 2732/2732/2732
f 2731/2731/2731 2728/2728/2728 2733/2733/2733
f 2734/2734/2734 2733/2733/2733 2728/2728/2728
f 2726/2726/2726 2735/2735/2735 2730/2730/2730
f 2732/2732/2732 2735/2735/2735 2726/2726/2726
f 2731/2731/2731 2736/2736/2736 2732/2732/2732
f 2736/2736/2736 2731/2731/2731 2733/2733/2733
f 2732/2732/2732 2737/2737/2737 2735/2735/2735
f 2732/2732/2732 2736/2736/2736 2737/2737/2737
f 2738/2738/2738 2710/2710/2710 2729/2729/2729
f 2739/2739/2739 2729/2729/2729 2722/2722/2722
f 2739/2739/2739 2738/2738/2738 2729/2729/2729
f 2738/2738/2738 2739/2739/2739 2740/2740/2740
f 2741/2741/2741 2739/2739/2739 2722/2722/2722
f 2741/2741/2741 2722/2722/2722 2730/2730/2730
f 2740/2740/2740 2739/2739/2739 2741/2741/2741
f 2742/2742/2742 2730/2730/2730 2735/2735/2735
f 2742/2742/2742 2741/2741/2741 2730/2730/2730
f 2737/2737/2737 2743/2743/2743 2735/2735/2735
f 2743/2743/2743 2742/2742/2742 2735/2735/2735
f 2744/2744/2744 2741/2741/2741 2742/2742/2742
f 2744/2744/2744 2740/2740/2740 2741/2741/2741
f 2745/2745/2745 2744/2744/2744 2742/2742/2742
f 2745/2745/2745 2742/2742/2742 2743/2743/2743
f 2738/2738/2738 2746/2746/2746 2710/2710/2710
f 2746/2746/2746 2701/2701/2701 2710/2710/2710
f 2746/2746/2746 2702/2702/2702 2701/2701/2701
f 2747/2747/2747 2746/2746/2746 2738/2738/2738
f 2702/2702/2702 2746/2746/2746 2747/2747/2747
f 2748/2748/2748 2738/2738/2738 2740/2740/2740
f 2748/2748/2748 2747/2747/2747 2738/2738/2738
f 2744/2744/2744 2745/2745/2745 2749/2749/2749
f 2744/2744/2744 2749/2749/2749 2740/2740/2740
f 2737/2737/2737 2750/2750/2750 2743/2743/2743
f 2751/2751/2751 2745/2745/2745 2743/2743/2743
f 2751/2751/2751 2743/2743/2743 2750/2750/2750
f 2751/2751/2751 2752/2752/2752 2745/2745/2745
f 2745/2745/2745 2753/2753/2753 2749/2749/2749
f 2752/2752/2752 2753/2753/2753 2745/2745/2745
f 2752/2752/2752 2754/2754/2754 2753/2753/2753
f 2737/2737/2737 2755/2755/2755 2750/2750/2750
f 2736/2736/2736 2755/2755/2755 2737/2737/2737
f 2756/2756/2756 2751/2751/2751 2750/2750/2750
f 2756/2756/2756 2752/2752/2752 2751/2751/2751
f 2749/2749/2749 2753/2753/2753 2757/2757/2757
f 2754/2754/2754 2757/2757/2757 2753/2753/2753
f 2755/2755/2755 2758/2758/2758 2750/2750/2750
f 2756/2756/2756 2750/2750/2750 2758/2758/2758
f 2749/2749/2749 2759/2759/2759 2740/2740/2740
f 2760/2760/2760 2749/2749/2749 2757/2757/2757
f 2749/2749/2749 2760/2760/2760 2759/2759/2759
f 2740/2740/2740 2759/2759/2759 2761/2761/2761
f 2748/2748/2748 2740/2740/2740 2761/2761/2761
f 2760/2760/2760 2762/2762/2762 2759/2759/2759
f 2761/2761/2761 2759/2759/2759 2762/2762/2762
f 2760/2760/2760 2757/2757/2757 2763/2763/2763
f 2760/2760/2760 2763/2763/2763 2762/2762/2762
f 2748/2748/2748 2761/2761/2761 2764/2764/2764
f 2747/2747/2747 2748/2748/2748 2764/2764/2764
f 2747/2747/2747 2764/2764/2764 2765/2765/2765
f 2766/2766/2766 2765/2765/2765 2764/2764/2764
f 2764/2764/2764 2761/2761/2761 2767/2767/2767
f 2767/2767/2767 2761/2761/2761 2762/2762/2762
f 2757/2757/2757 2768/2768/2768 2763/2763/2763
f 2763/2763/2763 2768/2768/2768 2769/2769/2769
f 2768/2768/2768 2757/2757/2757 2754/2754/2754
f 2770/2770/2770 2747/2747/2747 2765/2765/2765
f 2770/2770/2770 2702/2702/2702 2747/2747/2747
f 2771/2771/2771 2702/2702/2702 2770/2770/2770
f 2702/2702/2702 2771/2771/2771 2690/2690/2690
f 2771/2771/2771 2681/2681/2681 2690/2690/2690
f 2771/2771/2771 2770/2770/2770 2772/2772/2772
f 2765/2765/2765 2772/2772/2772 2770/2770/2770
f 2771/2771/2771 2773/2773/2773 2681/2681/2681
f 2773/2773/2773 2771/2771/2771 2772/2772/2772
f 2773/2773/2773 2677/2677/2677 2681/2681/2681
f 2774/2774/2774 2677/2677/2677 2773/2773/2773
f 2774/2774/2774 2678/2678/2678 2677/2677/2677
f 2678/2678/2678 2774/2774/2774 2775/2775/2775
f 2776/2776/2776 2678/2678/2678 2775/2775/2775
f 2776/2776/2776 2775/2775/2775 2777/2777/2777
f 2774/2774/2774 2773/2773/2773 2778/2778/2778
f 2773/2773/2773 2772/2772/2772 2778/2778/2778
f 2775/2775/2775 2774/2774/2774 2778/2778/2778
f 2772/2772/2772 2779/2779/2779 2778/2778/2778
f 2772/2772/2772 2765/2765/2765 2779/2779/2779
f 2779/2779/2779 2775/2775/2775 2778/2778/2778
f 2765/2765/2765 2780/2780/2780 2779/2779/2779
f 2779/2779/2779 2780/2780/2780 2775/2775/2775
f 2775/2775/2775 2781/2781/2781 2777/2777/2777
f 2780/2780/2780 2781/2781/2781 2775/2775/2775
f 2765/2765/2765 2782/2782/2782 2780/2780/2780
f 2781/2781/2781 2780/2780/2780 2782/2782/2782
f 2765/2765/2765 2766/2766/2766 2782/2782/2782
f 2781/2781/2781 2783/2783/2783 2777/2777/2777
f 2783/2783/2783 2781/2781/2781 2782/2782/2782
f 2783/2783/2783 2784/2784/2784 2777/2777/2777
f 2783/2783/2783 2782/2782/2782 2785/2785/2785
f 2766/2766/2766 2785/2785/2785 2782/2782/2782
f 2783/2783/2783 2786/2786/2786 2784/2784/2784
f 2786/2786/2786 2783/2783/2783 2785/2785/2785
f 2786/2786/2786 2787/2787/2787 2784/2784/2784
f 2786/2786/2786 2785/2785/2785 2788/2788/2788
f 2766/2766/2766 2788/2788/2788 2785/2785/2785
f 2786/2786/2786 2789/2789/2789 2787/2787/2787
f 2789/2789/2789 2786/2786/2786 2788/2788/2788
f 2789/2789/2789 2790/2790/2790 2787/2787/2787
f 2789/2789/2789 2791/2791/2791 2790/2790/2790
f 2791/2791/2791 2792/2792/2792 2790/2790/2790
f 2789/2789/2789 2788/2788/2788 2793/2793/2793
f 2791/2791/2791 2789/2789/2789 2793/2793/2793
f 2791/2791/2791 2794/2794/2794 2792/2792/2792
f 2794/2794/2794 2795/2795/2795 2792/2792/2792
f 2796/2796/2796 2793/2793/2793 2788/2788/2788
f 2766/2766/2766 2796/2796/2796 2788/2788/2788
f 2797/2797/2797 2796/2796/2796 2766/2766/2766
f 2791/2791/2791 2793/2793/2793 2798/2798/2798
f 2796/2796/2796 2798/2798/2798 2793/2793/2793
f 2794/2794/2794 2791/2791/2791 2798/2798/2798
f 2794/2794/2794 2799/2799/2799 2795/2795/2795
f 2799/2799/2799 2800/2800/2800 2795/2795/2795
f 2796/2796/2796 2801/2801/2801 2798/2798/2798
f 2801/2801/2801 2796/2796/2796 2797/2797/2797
f 2794/2794/2794 2798/2798/2798 2802/2802/2802
f 2799/2799/2799 2794/2794/2794 2802/2802/2802
f 2801/2801/2801 2802/2802/2802 2798/2798/2798
f 2799/2799/2799 2803/2803/2803 2800/2800/2800
f 2803/2803/2803 2804/2804/2804 2800/2800/2800
f 2799/2799/2799 2802/2802/2802 2805/2805/2805
f 2801/2801/2801 2805/2805/2805 2802/2802/2802
f 2803/2803/2803 2799/2799/2799 2805/2805/2805
f 2803/2803/2803 2806/2806/2806 2804/2804/2804
f 2806/2806/2806 2807/2807/2807 2804/2804/2804
f 2803/2803/2803 2805/2805/2805 2808/2808/2808
f 2806/2806/2806 2803/2803/2803 2808/2808/2808
f 2801/2801/2801 2809/2809/2809 2805/2805/2805
f 2809/2809/2809 2808/2808/2808 2805/2805/2805
f 2806/2806/2806 2810/2810/2810 2807/2807/2807
f 2810/2810/2810 2811/2811/2811 2807/2807/2807
f 2806/2806/2806 2808/2808/2808 2812/2812/2812
f 2809/2809/2809 2812/2812/2812 2808/2808/2808
f 2810/2810/2810 2806/2806/2806 2812/2812/2812
f 2813/2813/2813 2809/2809/2809 2801/2801/2801
f 2813/2813/2813 2801/2801/2801 2797/2797/2797
f 2810/2810/2810 2814/2814/2814 2811/2811/2811
f 2814/2814/2814 2815/2815/2815 2811/2811/2811
f 2810/2810/2810 2812/2812/2812 2816/2816/2816
f 2814/2814/2814 2810/2810/2810 2816/2816/2816
f 2809/2809/2809 2817/2817/2817 2812/2812/2812
f 2817/2817/2817 2816/2816/2816 2812/2812/2812
f 2817/2817/2817 2809/2809/2809 2813/2813/2813
f 2814/2814/2814 2818/2818/2818 2815/2815/2815
f 2818/2818/2818 2819/2819/2819 2815/2815/2815
f 2814/2814/2814 2816/2816/2816 2820/2820/2820
f 2817/2817/2817 2820/2820/2820 2816/2816/2816
f 2818/2818/2818 2814/2814/2814 2820/2820/2820
f 2818/2818/2818 2821/2821/2821 2819/2819/2819
f 2821/2821/2821 2822/2822/2822 2819/2819/2819
f 2823/2823/2823 2822/2822/2822 2821/2821/2821
f 2818/2818/2818 2820/2820/2820 2824/2824/2824
f 2821/2821/2821 2818/2818/2818 2824/2824/2824
f 2817/2817/2817 2825/2825/2825 2820/2820/2820
f 2825/2825/2825 2824/2824/2824 2820/2820/2820
f 2817/2817/2817 2813/2813/2813 2826/2826/2826
f 2825/2825/2825 2817/2817/2817 2826/2826/2826
f 2821/2821/2821 2824/2824/2824 2827/2827/2827
f 2827/2827/2827 2824/2824/2824 2825/2825/2825
f 2828/2828/2828 2823/2823/2823 2821/2821/2821
f 2828/2828/2828 2821/2821/2821 2827/2827/2827
f 2827/2827/2827 2825/2825/2825 2829/2829/2829
f 2829/2829/2829 2825/2825/2825 2826/2826/2826
f 2828/2828/2828 2830/2830/2830 2823/2823/2823
f 2830/2830/2830 2831/2831/2831 2823/2823/2823
f 2828/2828/2828 2827/2827/2827 2832/2832/2832
f 2832/2832/2832 2827/2827/2827 2829/2829/2829
f 2830/2830/2830 2828/2828/2828 2832/2832/2832
f 2830/2830/2830 2833/2833/2833 2831/2831/2831
f 2833/2833/2833 2834/2834/2834 2831/2831/2831
f 2830/2830/2830 2832/2832/2832 2835/2835/2835
f 2835/2835/2835 2832/2832/2832 2829/2829/2829
f 2833/2833/2833 2830/2830/2830 2835/2835/2835
f 2833/2833/2833 2836/2836/2836 2834/2834/2834
f 2836/2836/2836 2837/2837/2837 2834/2834/2834
f 2833/2833/2833 2835/2835/2835 2838/2838/2838
f 2836/2836/2836 2833/2833/2833 2838/2838/2838
f 2835/2835/2835 2829/2829/2829 2839/2839/2839
f 2838/2838/2838 2835/2835/2835 2839/2839/2839
f 2836/2836/2836 2840/2840/2840 2837/2837/2837
f 2840/2840/2840 2841/2841/2841 2837/2837/2837
f 2836/2836/2836 2838/2838/2838 2842/2842/2842
f 2842/2842/2842 2838/2838/2838 2839/2839/2839
f 2840/2840/2840 2836/2836/2836 2842/2842/2842
f 2842/2842/2842 2839/2839/2839 2843/2843/2843
f 2844/2844/2844 2839/2839/2839 2829/2829/2829
f 2844/2844/2844 2843/2843/2843 2839/2839/2839
f 2844/2844/2844 2829/2829/2829 2826/2826/2826
f 2840/2840/2840 2845/2845/2845 2841/2841/2841
f 2845/2845/2845 2846/2846/2846 2841/2841/2841
f 2840/2840/2840 2842/2842/2842 2847/2847/2847
f 2847/2847/2847 2842/2842/2842 2843/2843/2843
f 2845/2845/2845 2840/2840/2840 2847/2847/2847
f 2845/2845/2845 2848/2848/2848 2846/2846/2846
f 2848/2848/2848 2849/2849/2849 2846/2846/2846
f 2845/2845/2845 2847/2847/2847 2850/2850/2850
f 2850/2850/2850 2847/2847/2847 2843/2843/2843
f 2848/2848/2848 2845/2845/2845 2850/2850/2850
f 2848/2848/2848 2851/2851/2851 2849/2849/2849
f 2851/2851/2851 2852/2852/2852 2849/2849/2849
f 2848/2848/2848 2850/2850/2850 2853/2853/2853
f 2851/2851/2851 2848/2848/2848 2853/2853/2853
f 2851/2851/2851 2854/2854/2854 2852/2852/2852
f 2854/2854/2854 2855/2855/2855 2852/2852/2852
f 2853/2853/2853 2850/2850/2850 2856/2856/2856
f 2850/2850/2850 2843/2843/2843 2856/2856/2856
f 2851/2851/2851 2853/2853/2853 2857/2857/2857
f 2854/2854/2854 2851/2851/2851 2857/2857/2857
f 2857/2857/2857 2853/2853/2853 2856/2856/2856
f 2858/2858/2858 2857/2857/2857 2856/2856/2856
f 2854/2854/2854 2859/2859/2859 2855/2855/2855
f 2854/2854/2854 2857/2857/2857 2859/2859/2859
f 2859/2859/2859 2860/2860/2860 2855/2855/2855
f 2861/2861/2861 2856/2856/2856 2843/2843/2843
f 2858/2858/2858 2856/2856/2856 2861/2861/2861
f 2862/2862/2862 2861/2861/2861 2843/2843/2843
f 2844/2844/2844 2862/2862/2862 2843/2843/2843
f 2857/2857/2857 2863/2863/2863 2859/2859/2859
f 2858/2858/2858 2863/2863/2863 2857/2857/2857
f 2860/2860/2860 2859/2859/2859 2864/2864/2864
f 2865/2865/2865 2860/2860/2860 2864/2864/2864
f 2865/2865/2865 2864/2864/2864 2866/2866/2866
f 2859/2859/2859 2863/2863/2863 2867/2867/2867
f 2864/2864/2864 2859/2859/2859 2867/2867/2867
f 2867/2867/2867 2863/2863/2863 2858/2858/2858
f 2864/2864/2864 2868/2868/2868 2866/2866/2866
f 2864/2864/2864 2867/2867/2867 2868/2868/2868
f 2866/2866/2866 2868/2868/2868 2869/2869/2869
f 2870/2870/2870 2861/2861/2861 2862/2862/2862
f 2870/2870/2870 2858/2858/2858 2861/2861/2861
f 2867/2867/2867 2871/2871/2871 2868/2868/2868
f 2868/2868/2868 2872/2872/2872 2869/2869/2869
f 2868/2868/2868 2871/2871/2871 2872/2872/2872
f 2873/2873/2873 2867/2867/2867 2858/2858/2858
f 2873/2873/2873 2871/2871/2871 2867/2867/2867
f 2874/2874/2874 2858/2858/2858 2870/2870/2870
f 2874/2874/2874 2873/2873/2873 2858/2858/2858
f 2873/2873/2873 2875/2875/2875 2871/2871/2871
f 2871/2871/2871 2875/2875/2875 2872/2872/2872
f 2876/2876/2876 2869/2869/2869 2872/2872/2872
f 2876/2876/2876 2877/2877/2877 2869/2869/2869
f 2878/2878/2878 2876/2876/2876 2872/2872/2872
f 2872/2872/2872 2875/2875/2875 2878/2878/2878
f 2879/2879/2879 2877/2877/2877 2876/2876/2876
f 2879/2879/2879 2876/2876/2876 2878/2878/2878
f 2879/2879/2879 2880/2880/2880 2877/2877/2877
f 2873/2873/2873 2881/2881/2881 2875/2875/2875
f 2874/2874/2874 2881/2881/2881 2873/2873/2873
f 2875/2875/2875 2882/2882/2882 2878/2878/2878
f 2881/2881/2881 2882/2882/2882 2875/2875/2875
f 2879/2879/2879 2883/2883/2883 2880/2880/2880
f 2883/2883/2883 2884/2884/2884 2880/2880/2880
f 2885/2885/2885 2879/2879/2879 2878/2878/2878
f 2879/2879/2879 2885/2885/2885 2883/2883/2883
f 2885/2885/2885 2878/2878/2878 2882/2882/2882
f 2885/2885/2885 2886/2886/2886 2883/2883/2883
f 2885/2885/2885 2882/2882/2882 2886/2886/2886
f 2887/2887/2887 2883/2883/2883 2886/2886/2886
f 2881/2881/2881 2888/2888/2888 2882/2882/2882
f 2888/2888/2888 2886/2886/2886 2882/2882/2882
f 2874/2874/2874 2889/2889/2889 2881/2881/2881
f 2889/2889/2889 2888/2888/2888 2881/2881/2881
f 2888/2888/2888 2890/2890/2890 2886/2886/2886
f 2887/2887/2887 2886/2886/2886 2890/2890/2890
f 2891/2891/2891 2890/2890/2890 2888/2888/2888
f 2889/2889/2889 2891/2891/2891 2888/2888/2888
f 2887/2887/2887 2890/2890/2890 2892/2892/2892
f 2891/2891/2891 2892/2892/2892 2890/2890/2890
f 2893/2893/2893 2887/2887/2887 2892/2892/2892
f 2893/2893/2893 2894/2894/2894 2887/2887/2887
f 2895/2895/2895 2892/2892/2892 2891/2891/2891
f 2895/2895/2895 2891/2891/2891 2889/2889/2889
f 2895/2895/2895 2893/2893/2893 2892/2892/2892
f 2889/2889/2889 2874/2874/2874 2896/2896/2896
f 2896/2896/2896 2874/2874/2874 2870/2870/2870
f 2893/2893/2893 2897/2897/2897 2894/2894/2894
f 2897/2897/2897 2898/2898/2898 2894/2894/2894
f 2893/2893/2893 2895/2895/2895 2899/2899/2899
f 2897/2897/2897 2893/2893/2893 2899/2899/2899
f 2895/2895/2895 2889/2889/2889 2900/2900/2900
f 2900/2900/2900 2889/2889/2889 2896/2896/2896
f 2899/2899/2899 2895/2895/2895 2900/2900/2900
f 2896/2896/2896 2870/2870/2870 2901/2901/2901
f 2901/2901/2901 2870/2870/2870 2862/2862/2862
f 2897/2897/2897 2902/2902/2902 2898/2898/2898
f 2902/2902/2902 2903/2903/2903 2898/2898/2898
f 2900/2900/2900 2896/2896/2896 2904/2904/2904
f 2904/2904/2904 2896/2896/2896 2901/2901/2901
f 2897/2897/2897 2899/2899/2899 2905/2905/2905
f 2902/2902/2902 2897/2897/2897 2905/2905/2905
f 2899/2899/2899 2900/2900/2900 2906/2906/2906
f 2906/2906/2906 2900/2900/2900 2904/2904/2904
f 2905/2905/2905 2899/2899/2899 2906/2906/2906
f 2902/2902/2902 2907/2907/2907 2903/2903/2903
f 2907/2907/2907 2908/2908/2908 2903/2903/2903
f 2902/2902/2902 2905/2905/2905 2909/2909/2909
f 2907/2907/2907 2902/2902/2902 2909/2909/2909
f 2905/2905/2905 2906/2906/2906 2910/2910/2910
f 2909/2909/2909 2905/2905/2905 2910/2910/2910
f 2906/2906/2906 2904/2904/2904 2911/2911/2911
f 2910/2910/2910 2906/2906/2906 2911/2911/2911
f 2904/2904/2904 2901/2901/2901 2912/2912/2912
f 2911/2911/2911 2904/2904/2904 2912/2912/2912
f 2907/2907/2907 2913/2913/2913 2908/2908/2908
f 2913/2913/2913 2914/2914/2914 2908/2908/2908
f 2907/2907/2907 2909/2909/2909 2915/2915/2915
f 2913/2913/2913 2907/2907/2907 2915/2915/2915
f 2913/2913/2913 2915/2915/2915 2916/2916/2916
f 2913/2913/2913 2917/2917/2917 2914/2914/2914
f 2917/2917/2917 2913/2913/2913 2916/2916/2916
f 2917/2917/2917 2918/2918/2918 2914/2914/2914
f 2919/2919/2919 2918/2918/2918 2917/2917/2917
f 2915/2915/2915 2909/2909/2909 2920/2920/2920
f 2909/2909/2909 2910/2910/2910 2920/2920/2920
f 2915/2915/2915 2920/2920/2920 2916/2916/2916
f 2910/2910/2910 2911/2911/2911 2921/2921/2921
f 2920/2920/2920 2910/2910/2910 2921/2921/2921
f 2922/2922/2922 2919/2919/2919 2917/2917/2917
f 2922/2922/2922 2917/2917/2917 2916/2916/2916
f 2921/2921/2921 2911/2911/2911 2923/2923/2923
f 2911/2911/2911 2912/2912/2912 2923/2923/2923
f 2920/2920/2920 2921/2921/2921 2924/2924/2924
f 2921/2921/2921 2923/2923/2923 2924/2924/2924
f 2922/2922/2922 2925/2925/2925 2919/2919/2919
f 2925/2925/2925 2926/2926/2926 2919/2919/2919
f 2920/2920/2920 2927/2927/2927 2916/2916/2916
f 2927/2927/2927 2920/2920/2920 2924/2924/2924
f 2925/2925/2925 2928/2928/2928 2926/2926/2926
f 2928/2928/2928 2929/2929/2929 2926/2926/2926
f 2928/2928/2928 2930/2930/2930 2929/2929/2929
f 2930/2930/2930 2931/2931/2931 2929/2929/2929
f 2930/2930/2930 2932/2932/2932 2931/2931/2931
f 2930/2930/2930 2933/2933/2933 2932/2932/2932
f 2933/2933/2933 2934/2934/2934 2932/2932/2932
f 2935/2935/2935 2930/2930/2930 2928/2928/2928
f 2935/2935/2935 2933/2933/2933 2930/2930/2930
f 2936/2936/2936 2928/2928/2928 2925/2925/2925
f 2936/2936/2936 2935/2935/2935 2928/2928/2928
f 2937/2937/2937 2936/2936/2936 2925/2925/2925
f 2937/2937/2937 2925/2925/2925 2922/2922/2922
f 2938/2938/2938 2937/2937/2937 2922/2922/2922
f 2938/2938/2938 2922/2922/2922 2916/2916/2916
f 2927/2927/2927 2939/2939/2939 2916/2916/2916
f 2939/2939/2939 2938/2938/2938 2916/2916/2916
f 2940/2940/2940 2937/2937/2937 2938/2938/2938
f 2939/2939/2939 2940/2940/2940 2938/2938/2938
f 2941/2941/2941 2936/2936/2936 2937/2937/2937
f 2940/2940/2940 2941/2941/2941 2937/2937/2937
f 2942/2942/2942 2935/2935/2935 2936/2936/2936
f 2941/2941/2941 2942/2942/2942 2936/2936/2936
f 2935/2935/2935 2943/2943/2943 2933/2933/2933
f 2942/2942/2942 2943/2943/2943 2935/2935/2935
f 2939/2939/2939 2927/2927/2927 2944/2944/2944
f 2927/2927/2927 2924/2924/2924 2944/2944/2944
f 2940/2940/2940 2939/2939/2939 2945/2945/2945
f 2939/2939/2939 2944/2944/2944 2945/2945/2945
f 2941/2941/2941 2940/2940/2940 2946/2946/2946
f 2940/2940/2940 2945/2945/2945 2946/2946/2946
f 2942/2942/2942 2941/2941/2941 2947/2947/2947
f 2941/2941/2941 2946/2946/2946 2947/2947/2947
f 2943/2943/2943 2948/2948/2948 2933/2933/2933
f 2933/2933/2933 2948/2948/2948 2934/2934/2934
f 2942/2942/2942 2949/2949/2949 2943/2943/2943
f 2949/2949/2949 2942/2942/2942 2947/2947/2947
f 2943/2943/2943 2950/2950/2950 2948/2948/2948
f 2950/2950/2950 2943/2943/2943 2949/2949/2949
f 2948/2948/2948 2951/2951/2951 2934/2934/2934
f 2950/2950/2950 2951/2951/2951 2948/2948/2948
f 2951/2951/2951 2952/2952/2952 2934/2934/2934
f 2952/2952/2952 2953/2953/2953 2934/2934/2934
f 2950/2950/2950 2954/2954/2954 2951/2951/2951
f 2949/2949/2949 2954/2954/2954 2950/2950/2950
f 2954/2954/2954 2952/2952/2952 2951/2951/2951
f 2955/2955/2955 2946/2946/2946 2945/2945/2945
f 2956/2956/2956 2947/2947/2947 2946/2946/2946
f 2955/2955/2955 2956/2956/2956 2946/2946/2946
f 2949/2949/2949 2947/2947/2947 2957/2957/2957
f 2956/2956/2956 2957/2957/2957 2947/2947/2947
f 2956/2956/2956 2958/2958/2958 2957/2957/2957
f 2949/2949/2949 2959/2959/2959 2954/2954/2954
f 2957/2957/2957 2959/2959/2959 2949/2949/2949
f 2954/2954/2954 2960/2960/2960 2952/2952/2952
f 2959/2959/2959 2960/2960/2960 2954/2954/2954
f 2957/2957/2957 2961/2961/2961 2959/2959/2959
f 2961/2961/2961 2957/2957/2957 2958/2958/2958
f 2952/2952/2952 2962/2962/2962 2953/2953/2953
f 2952/2952/2952 2960/2960/2960 2962/2962/2962
f 2959/2959/2959 2963/2963/2963 2960/2960/2960
f 2961/2961/2961 2963/2963/2963 2959/2959/2959
f 2960/2960/2960 2964/2964/2964 2962/2962/2962
f 2960/2960/2960 2963/2963/2963 2964/2964/2964
f 2965/2965/2965 2953/2953/2953 2962/2962/2962
f 2965/2965/2965 2962/2962/2962 2964/2964/2964
f 2965/2965/2965 2966/2966/2966 2953/2953/2953
f 2966/2966/2966 2967/2967/2967 2953/2953/2953
f 2968/2968/2968 2966/2966/2966 2965/2965/2965
f 2969/2969/2969 2968/2968/2968 2965/2965/2965
f 2969/2969/2969 2965/2965/2965 2964/2964/2964
f 2970/2970/2970 2968/2968/2968 2969/2969/2969
f 2969/2969/2969 2964/2964/2964 2971/2971/2971
f 2963/2963/2963 2971/2971/2971 2964/2964/2964
f 2970/2970/2970 2969/2969/2969 2971/2971/2971
f 2961/2961/2961 2972/2972/2972 2963/2963/2963
f 2971/2971/2971 2963/2963/2963 2972/2972/2972
f 2970/2970/2970 2971/2971/2971 2973/2973/2973
f 2971/2971/2971 2972/2972/2972 2973/2973/2973
f 2970/2970/2970 2973/2973/2973 2974/2974/2974
f 2975/2975/2975 2972/2972/2972 2961/2961/2961
f 2972/2972/2972 2975/2975/2975 2973/2973/2973
f 2975/2975/2975 2961/2961/2961 2958/2958/2958
f 2973/2973/2973 2976/2976/2976 2974/2974/2974
f 2975/2975/2975 2976/2976/2976 2973/2973/2973
f 2976/2976/2976 2977/2977/2977 2974/2974/2974
f 2975/2975/2975 2978/2978/2978 2976/2976/2976
f 2978/2978/2978 2975/2975/2975 2958/2958/2958
f 2976/2976/2976 2979/2979/2979 2977/2977/2977
f 2978/2978/2978 2979/2979/2979 2976/2976/2976
f 2979/2979/2979 2980/2980/2980 2977/2977/2977
f 2978/2978/2978 2981/2981/2981 2979/2979/2979
f 2981/2981/2981 2978/2978/2978 2958/2958/2958
f 2980/2980/2980 2979/2979/2979 2982/2982/2982
f 2981/2981/2981 2982/2982/2982 2979/2979/2979
f 2983/2983/2983 2980/2980/2980 2982/2982/2982
f 2983/2983/2983 2982/2982/2982 2984/2984/2984
f 2985/2985/2985 2983/2983/2983 2984/2984/2984
f 2981/2981/2981 2986/2986/2986 2982/2982/2982
f 2986/2986/2986 2984/2984/2984 2982/2982/2982
f 2981/2981/2981 2958/2958/2958 2987/2987/2987
f 2986/2986/2986 2981/2981/2981 2987/2987/2987
f 2985/2985/2985 2984/2984/2984 2988/2988/2988
f 2989/2989/2989 2985/2985/2985 2988/2988/2988
f 2986/2986/2986 2990/2990/2990 2984/2984/2984
f 2990/2990/2990 2986/2986/2986 2987/2987/2987
f 2990/2990/2990 2988/2988/2988 2984/2984/2984
f 2991/2991/2991 2990/2990/2990 2987/2987/2987
f 2958/2958/2958 2992/2992/2992 2987/2987/2987
f 2991/2991/2991 2987/2987/2987 2992/2992/2992
f 2958/2958/2958 2956/2956/2956 2992/2992/2992
f 2956/2956/2956 2955/2955/2955 2992/2992/2992
f 2989/2989/2989 2988/2988/2988 2993/2993/2993
f 2994/2994/2994 2989/2989/2989 2993/2993/2993
f 2990/2990/2990 2995/2995/2995 2988/2988/2988
f 2991/2991/2991 2995/2995/2995 2990/2990/2990
f 2995/2995/2995 2993/2993/2993 2988/2988/2988
f 2955/2955/2955 2996/2996/2996 2992/2992/2992
f 2991/2991/2991 2992/2992/2992 2996/2996/2996
f 2991/2991/2991 2996/2996/2996 2997/2997/2997
f 2994/2994/2994 2993/2993/2993 2998/2998/2998
f 2999/2999/2999 2994/2994/2994 2998/2998/2998
f 2995/2995/2995 3000/3000/3000 2993/2993/2993
f 2991/2991/2991 3000/3000/3000 2995/2995/2995
f 3000/3000/3000 2998/2998/2998 2993/2993/2993
f 2955/2955/2955 3001/3001/3001 2996/2996/2996
f 3001/3001/3001 2955/2955/2955 2945/2945/2945
f 3001/3001/3001 2945/2945/2945 2944/2944/2944
f 2999/2999/2999 2998/2998/2998 3002/3002/3002
f 3003/3003/3003 2999/2999/2999 3002/3002/3002
f 2991/2991/2991 3004/3004/3004 3000/3000/3000
f 3004/3004/3004 2991/2991/2991 2997/2997/2997
f 3000/3000/3000 3005/3005/3005 2998/2998/2998
f 3005/3005/3005 3002/3002/3002 2998/2998/2998
f 3004/3004/3004 3005/3005/3005 3000/3000/3000
f 3001/3001/3001 3006/3006/3006 2996/2996/2996
f 2997/2997/2997 2996/2996/2996 3006/3006/3006
f 3007/3007/3007 3001/3001/3001 2944/2944/2944
f 3001/3001/3001 3007/3007/3007 3006/3006/3006
f 3007/3007/3007 2944/2944/2944 2924/2924/2924
f 3003/3003/3003 3002/3002/3002 3008/3008/3008
f 3009/3009/3009 3003/3003/3003 3008/3008/3008
f 3005/3005/3005 3010/3010/3010 3002/3002/3002
f 3004/3004/3004 3010/3010/3010 3005/3005/3005
f 3010/3010/3010 3008/3008/3008 3002/3002/3002
f 3011/3011/3011 3007/3007/3007 2924/2924/2924
f 2923/2923/2923 3011/3011/3011 2924/2924/2924
f 3007/3007/3007 3012/3012/3012 3006/3006/3006
f 3007/3007/3007 3011/3011/3011 3012/3012/3012
f 3009/3009/3009 3008/3008/3008 3013/3013/3013
f 3014/3014/3014 3009/3009/3009 3013/3013/3013
f 3004/3004/3004 3015/3015/3015 3010/3010/3010
f 3015/3015/3015 3004/3004/3004 2997/2997/2997
f 3010/3010/3010 3016/3016/3016 3008/3008/3008
f 3016/3016/3016 3013/3013/3013 3008/3008/3008
f 3015/3015/3015 3016/3016/3016 3010/3010/3010
f 2923/2923/2923 3017/3017/3017 3011/3011/3011
f 2923/2923/2923 2912/2912/2912 3017/3017/3017
f 3014/3014/3014 3013/3013/3013 3018/3018/3018
f 3019/3019/3019 3014/3014/3014 3018/3018/3018
f 3016/3016/3016 3020/3020/3020 3013/3013/3013
f 3015/3015/3015 3020/3020/3020 3016/3016/3016
f 3020/3020/3020 3018/3018/3018 3013/3013/3013
f 3019/3019/3019 3018/3018/3018 3021/3021/3021
f 3022/3022/3022 3019/3019/3019 3021/3021/3021
f 3020/3020/3020 3023/3023/3023 3018/3018/3018
f 3023/3023/3023 3021/3021/3021 3018/3018/3018
f 3022/3022/3022 3021/3021/3021 3024/3024/3024
f 3024/3024/3024 3021/3021/3021 3023/3023/3023
f 3025/3025/3025 3022/3022/3022 3024/3024/3024
f 3015/3015/3015 3026/3026/3026 3020/3020/3020
f 3026/3026/3026 3023/3023/3023 3020/3020/3020
f 2912/2912/2912 3027/3027/3027 3017/3017/3017
f 2912/2912/2912 2901/2901/2901 3027/3027/3027
f 2901/2901/2901 2862/2862/2862 3027/3027/3027
f 3027/3027/3027 2862/2862/2862 3028/3028/3028
f 3027/3027/3027 3028/3028/3028 3017/3017/3017
f 3028/3028/3028 3029/3029/3029 3017/3017/3017
f 2862/2862/2862 2844/2844/2844 3028/3028/3028
f 3028/3028/3028 2844/2844/2844 3030/3030/3030
f 3028/3028/3028 3030/3030/3030 3029/3029/3029
f 2844/2844/2844 2826/2826/2826 3030/3030/3030
f 3026/3026/3026 3015/3015/3015 3031/3031/3031
f 3015/3015/3015 2997/2997/2997 3031/3031/3031
f 3032/3032/3032 3031/3031/3031 2997/2997/2997
f 3033/3033/3033 3023/3023/3023 3026/3026/3026
f 3033/3033/3033 3024/3024/3024 3023/3023/3023
f 3034/3034/3034 3026/3026/3026 3031/3031/3031
f 3034/3034/3034 3033/3033/3033 3026/3026/3026
f 3033/3033/3033 3035/3035/3035 3024/3024/3024
f 3034/3034/3034 3035/3035/3035 3033/3033/3033
f 3035/3035/3035 3036/3036/3036 3024/3024/3024
f 3025/3025/3025 3024/3024/3024 3036/3036/3036
f 3037/3037/3037 3025/3025/3025 3036/3036/3036
f 3035/3035/3035 3038/3038/3038 3036/3036/3036
f 3034/3034/3034 3038/3038/3038 3035/3035/3035
f 3037/3037/3037 3036/3036/3036 3039/3039/3039
f 3038/3038/3038 3039/3039/3039 3036/3036/3036
f 3040/3040/3040 3037/3037/3037 3039/3039/3039
f 2769/2769/2769 3034/3034/3034 3031/3031/3031
f 2769/2769/2769 3031/3031/3031 3032/3032/3032
f 3034/3034/3034 3041/3041/3041 3038/3038/3038
f 2769/2769/2769 3041/3041/3041 3034/3034/3034
f 3038/3038/3038 3042/3042/3042 3039/3039/3039
f 3041/3041/3041 3042/3042/3042 3038/3038/3038
f 3040/3040/3040 3039/3039/3039 3043/3043/3043
f 3042/3042/3042 3043/3043/3043 3039/3039/3039
f 3044/3044/3044 3040/3040/3040 3043/3043/3043
f 3041/3041/3041 3045/3045/3045 3042/3042/3042
f 3042/3042/3042 3045/3045/3045 3043/3043/3043
f 3044/3044/3044 3043/3043/3043 3046/3046/3046
f 3045/3045/3045 3046/3046/3046 3043/3043/3043
f 3047/3047/3047 3044/3044/3044 3046/3046/3046
f 3041/3041/3041 3048/3048/3048 3045/3045/3045
f 3048/3048/3048 3041/3041/3041 2769/2769/2769
f 3045/3045/3045 3049/3049/3049 3046/3046/3046
f 3048/3048/3048 3049/3049/3049 3045/3045/3045
f 3047/3047/3047 3046/3046/3046 3050/3050/3050
f 3049/3049/3049 3050/3050/3050 3046/3046/3046
f 3051/3051/3051 3047/3047/3047 3050/3050/3050
f 3049/3049/3049 3052/3052/3052 3050/3050/3050
f 3048/3048/3048 3052/3052/3052 3049/3049/3049
f 3051/3051/3051 3050/3050/3050 3053/3053/3053
f 3052/3052/3052 3053/3053/3053 3050/3050/3050
f 3054/3054/3054 3051/3051/3051 3053/3053/3053
f 3054/3054/3054 3053/3053/3053 3055/3055/3055
f 3056/3056/3056 3054/3054/3054 3055/3055/3055
f 3052/3052/3052 3057/3057/3057 3053/3053/3053
f 3057/3057/3057 3055/3055/3055 3053/3053/3053
f 3048/3048/3048 3058/3058/3058 3052/3052/3052
f 3058/3058/3058 3057/3057/3057 3052/3052/3052
f 3048/3048/3048 2769/2769/2769 2768/2768/2768
f 3058/3058/3058 3048/3048/3048 2768/2768/2768
f 3058/3058/3058 2768/2768/2768 2754/2754/2754
f 3059/3059/3059 3057/3057/3057 3058/3058/3058
f 3057/3057/3057 3059/3059/3059 3055/3055/3055
f 2754/2754/2754 3059/3059/3059 3058/3058/3058
f 3056/3056/3056 3055/3055/3055 3060/3060/3060
f 3059/3059/3059 3060/3060/3060 3055/3055/3055
f 3061/3061/3061 3056/3056/3056 3060/3060/3060
f 2754/2754/2754 3062/3062/3062 3059/3059/3059
f 3059/3059/3059 3062/3062/3062 3060/3060/3060
f 3061/3061/3061 3060/3060/3060 3063/3063/3063
f 3062/3062/3062 3063/3063/3063 3060/3060/3060
f 3064/3064/3064 3061/3061/3061 3063/3063/3063
f 2754/2754/2754 3065/3065/3065 3062/3062/3062
f 3062/3062/3062 3065/3065/3065 3063/3063/3063
f 2754/2754/2754 2752/2752/2752 3065/3065/3065
f 3064/3064/3064 3063/3063/3063 3066/3066/3066
f 3065/3065/3065 3066/3066/3066 3063/3063/3063
f 3067/3067/3067 3064/3064/3064 3066/3066/3066
f 2752/2752/2752 3068/3068/3068 3065/3065/3065
f 3065/3065/3065 3068/3068/3068 3066/3066/3066
f 3067/3067/3067 3066/3066/3066 3069/3069/3069
f 3068/3068/3068 3069/3069/3069 3066/3066/3066
f 3070/3070/3070 3067/3067/3067 3069/3069/3069
f 3071/3071/3071 3068/3068/3068 2752/2752/2752
f 3069/3069/3069 3068/3068/3068 3071/3071/3071
f 3071/3071/3071 2752/2752/2752 2756/2756/2756
f 3070/3070/3070 3069/3069/3069 3072/3072/3072
f 3072/3072/3072 3069/3069/3069 3071/3071/3071
f 3073/3073/3073 3070/3070/3070 3072/3072/3072
f 3071/3071/3071 2756/2756/2756 3074/3074/3074
f 3072/3072/3072 3071/3071/3071 3074/3074/3074
f 2756/2756/2756 2758/2758/2758 3074/3074/3074
f 3073/3073/3073 3072/3072/3072 3075/3075/3075
f 3075/3075/3075 3072/3072/3072 3074/3074/3074
f 3074/3074/3074 2758/2758/2758 3075/3075/3075
f 3076/3076/3076 3073/3073/3073 3075/3075/3075
f 2758/2758/2758 3077/3077/3077 3075/3075/3075
f 3076/3076/3076 3075/3075/3075 3077/3077/3077
f 2755/2755/2755 3077/3077/3077 2758/2758/2758
f 3078/3078/3078 3076/3076/3076 3077/3077/3077
f 2755/2755/2755 3079/3079/3079 3077/3077/3077
f 3079/3079/3079 3078/3078/3078 3077/3077/3077
f 2755/2755/2755 2736/2736/2736 3079/3079/3079
f 3079/3079/3079 3080/3080/3080 3078/3078/3078
f 2736/2736/2736 3081/3081/3081 3079/3079/3079
f 3080/3080/3080 3079/3079/3079 3081/3081/3081
f 2736/2736/2736 2733/2733/2733 3081/3081/3081
f 3082/3082/3082 3080/3080/3080 3081/3081/3081
f 3083/3083/3083 3081/3081/3081 2733/2733/2733
f 3083/3083/3083 3082/3082/3082 3081/3081/3081
f 2734/2734/2734 3083/3083/3083 2733/2733/2733
f 3083/3083/3083 3084/3084/3084 3082/3082/3082
f 2734/2734/2734 3084/3084/3084 3083/3083/3083
f 2734/2734/2734 3085/3085/3085 3084/3084/3084
f 3088/3088/3088 3087/3087/3087 3086/3086/3086
f 3089/3089/3089 3088/3088/3088 3086/3086/3086
f 3092/3092/3092 3091/3091/3091 3090/3090/3090
f 3093/3093/3093 3092/3092/3092 3090/3090/3090
f 3094/3094/3094 2769/2769/2769 3032/3032/3032
f 3094/3094/3094 2763/2763/2763 2769/2769/2769
f 2763/2763/2763 3094/3094/3094 3095/3095/3095
f 2763/2763/2763 3095/3095/3095 2762/2762/2762
f 3094/3094/3094 3096/3096/3096 3095/3095/3095
f 3094/3094/3094 3032/3032/3032 3096/3096/3096
f 2762/2762/2762 3095/3095/3095 3097/3097/3097
f 3097/3097/3097 3095/3095/3095 3096/3096/3096
f 2767/2767/2767 2762/2762/2762 3097/3097/3097
f 2767/2767/2767 3097/3097/3097 2797/2797/2797
f 3098/3098/3098 3097/3097/3097 3096/3096/3096
f 2797/2797/2797 3097/3097/3097 3098/3098/3098
f 3099/3099/3099 2767/2767/2767 2797/2797/2797
f 3099/3099/3099 2764/2764/2764 2767/2767/2767
f 3099/3099/3099 2766/2766/2766 2764/2764/2764
f 3099/3099/3099 2797/2797/2797 2766/2766/2766
f 2813/2813/2813 2797/2797/2797 3098/3098/3098
f 2813/2813/2813 3098/3098/3098 2826/2826/2826
f 3098/3098/3098 3030/3030/3030 2826/2826/2826
f 3098/3098/3098 3096/3096/3096 3030/3030/3030
f 3096/3096/3096 3100/3100/3100 3030/3030/3030
f 3032/3032/3032 3100/3100/3100 3096/3096/3096
f 3030/3030/3030 3100/3100/3100 3029/3029/3029
f 3029/3029/3029 3100/3100/3100 3032/3032/3032
f 3101/3101/3101 3029/3029/3029 3032/3032/3032
f 3101/3101/3101 3032/3032/3032 2997/2997/2997
f 3101/3101/3101 2997/2997/2997 3006/3006/3006
f 3101/3101/3101 3006/3006/3006 3012/3012/3012
f 3029/3029/3029 3101/3101/3101 3012/3012/3012
f 3102/3102/3102 3029/3029/3029 3012/3012/3012
f 3011/3011/3011 3102/3102/3102 3012/3012/3012
f 3029/3029/3029 3102/3102/3102 3017/3017/3017
f 3017/3017/3017 3102/3102/3102 3011/3011/3011
g body_header_back_PinchOut_2
f 3105/3105/3105 3104/3104/3104 3103/3103/3103
f 3104/3104/3104 3106/3106/3106 3103/3103/3103
f 3106/3106/3106 3104/3104/3104 3107/3107/3107
f 3104/3104/3104 3108/3108/3108 3107/3107/3107
f 3107/3107/3107 3108/3108/3108 3109/3109/3109
f 3108/3108/3108 3110/3110/3110 3109/3109/3109
f 3109/3109/3109 3110/3110/3110 3111/3111/3111
f 3110/3110/3110 3112/3112/3112 3111/3111/3111
f 3111/3111/3111 3112/3112/3112 3113/3113/3113
f 3114/3114/3114 3111/3111/3111 3113/3113/3113
f 3114/3114/3114 3113/3113/3113 3115/3115/3115
f 3113/3113/3113 3116/3116/3116 3115/3115/3115
f 3115/3115/3115 3116/3116/3116 3117/3117/3117
f 3118/3118/3118 3115/3115/3115 3117/3117/3117
f 3118/3118/3118 3117/3117/3117 3119/3119/3119
f 3117/3117/3117 3120/3120/3120 3119/3119/3119
f 3119/3119/3119 3120/3120/3120 3121/3121/3121
f 3122/3122/3122 3119/3119/3119 3121/3121/3121
f 3122/3122/3122 3121/3121/3121 3123/3123/3123
f 3124/3124/3124 3122/3122/3122 3123/3123/3123
f 3124/3124/3124 3123/3123/3123 3125/3125/3125
f 3126/3126/3126 3124/3124/3124 3125/3125/3125
f 3126/3126/3126 3125/3125/3125 3127/3127/3127
f 3128/3128/3128 3126/3126/3126 3127/3127/3127
f 3128/3128/3128 3127/3127/3127 3129/3129/3129
f 3130/3130/3130 3128/3128/3128 3129/3129/3129
f 3130/3130/3130 3129/3129/3129 3131/3131/3131
f 3132/3132/3132 3130/3130/3130 3131/3131/3131
f 3132/3132/3132 3131/3131/3131 3133/3133/3133
f 3134/3134/3134 3132/3132/3132 3133/3133/3133
f 3134/3134/3134 3133/3133/3133 3135/3135/3135
f 3133/3133/3133 3136/3136/3136 3135/3135/3135
f 3135/3135/3135 3136/3136/3136 3137/3137/3137
f 3138/3138/3138 3135/3135/3135 3137/3137/3137
f 3138/3138/3138 3137/3137/3137 3139/3139/3139
f 3140/3140/3140 3138/3138/3138 3139/3139/3139
f 3140/3140/3140 3139/3139/3139 3141/3141/3141
f 3142/3142/3142 3140/3140/3140 3141/3141/3141
f 3142/3142/3142 3141/3141/3141 3143/3143/3143
f 3144/3144/3144 3142/3142/3142 3143/3143/3143
f 3144/3144/3144 3143/3143/3143 3145/3145/3145
f 3146/3146/3146 3144/3144/3144 3145/3145/3145
f 3146/3146/3146 3145/3145/3145 3147/3147/3147
f 3148/3148/3148 3146/3146/3146 3147/3147/3147
f 3148/3148/3148 3147/3147/3147 3149/3149/3149
f 3150/3150/3150 3148/3148/3148 3149/3149/3149
f 3150/3150/3150 3149/3149/3149 3151/3151/3151
f 3149/3149/3149 3152/3152/3152 3151/3151/3151
f 3151/3151/3151 3152/3152/3152 3153/3153/3153
f 3154/3154/3154 3151/3151/3151 3153/3153/3153
f 3154/3154/3154 3153/3153/3153 3155/3155/3155
f 3156/3156/3156 3154/3154/3154 3155/3155/3155
f 3156/3156/3156 3155/3155/3155 3157/3157/3157
f 3158/3158/3158 3156/3156/3156 3157/3157/3157
f 3158/3158/3158 3157/3157/3157 3159/3159/3159
f 3157/3157/3157 3160/3160/3160 3159/3159/3159
f 3159/3159/3159 3160/3160/3160 3161/3161/3161
f 3162/3162/3162 3159/3159/3159 3161/3161/3161
f 3162/3162/3162 3161/3161/3161 3163/3163/3163
f 3164/3164/3164 3162/3162/3162 3163/3163/3163
f 3164/3164/3164 3163/3163/3163 3165/3165/3165
f 3163/3163/3163 3166/3166/3166 3165/3165/3165
f 3165/3165/3165 3166/3166/3166 3167/3167/3167
f 3166/3166/3166 3168/3168/3168 3167/3167/3167
f 3167/3167/3167 3168/3168/3168 3169/3169/3169
f 3168/3168/3168 3170/3170/3170 3169/3169/3169
f 3169/3169/3169 3170/3170/3170 3171/3171/3171
f 3170/3170/3170 3172/3172/3172 3171/3171/3171
f 3171/3171/3171 3172/3172/3172 3173/3173/3173
f 3172/3172/3172 3174/3174/3174 3173/3173/3173
f 3177/3177/3177 3176/3176/3176 3175/3175/3175
f 3177/3177/3177 3178/3178/3178 3176/3176/3176
f 3178/3178/3178 3179/3179/3179 3176/3176/3176
f 3179/3179/3179 3178/3178/3178 3180/3180/3180
f 3181/3181/3181 3179/3179/3179 3180/3180/3180
f 3181/3181/3181 3180/3180/3180 3182/3182/3182
f 3183/3183/3183 3181/3181/3181 3182/3182/3182
f 3186/3186/3186 3185/3185/3185 3184/3184/3184
f 3187/3187/3187 3186/3186/3186 3184/3184/3184
f 3187/3187/3187 3184/3184/3184 3188/3188/3188
f 3187/3187/3187 3189/3189/3189 3186/3186/3186
f 3189/3189/3189 3190/3190/3190 3186/3186/3186
f 3191/3191/3191 3190/3190/3190 3189/3189/3189
f 3192/3192/3192 3187/3187/3187 3188/3188/3188
f 3192/3192/3192 3188/3188/3188 3193/3193/3193
f 3194/3194/3194 3189/3189/3189 3187/3187/3187
f 3192/3192/3192 3194/3194/3194 3187/3187/3187
f 3195/3195/3195 3191/3191/3191 3189/3189/3189
f 3195/3195/3195 3196/3196/3196 3191/3191/3191
f 3196/3196/3196 3197/3197/3197 3191/3191/3191
f 3196/3196/3196 3195/3195/3195 3198/3198/3198
f 3195/3195/3195 3189/3189/3189 3199/3199/3199
f 3195/3195/3195 3199/3199/3199 3198/3198/3198
f 3189/3189/3189 3194/3194/3194 3199/3199/3199
f 3198/3198/3198 3199/3199/3199 3200/3200/3200
f 3199/3199/3199 3201/3201/3201 3200/3200/3200
f 3199/3199/3199 3194/3194/3194 3201/3201/3201
f 3200/3200/3200 3201/3201/3201 3202/3202/3202
f 3203/3203/3203 3194/3194/3194 3192/3192/3192
f 3194/3194/3194 3203/3203/3203 3201/3201/3201
f 3201/3201/3201 3204/3204/3204 3202/3202/3202
f 3201/3201/3201 3203/3203/3203 3204/3204/3204
f 3205/3205/3205 3202/3202/3202 3204/3204/3204
f 3206/3206/3206 3203/3203/3203 3192/3192/3192
f 3206/3206/3206 3192/3192/3192 3193/3193/3193
f 3207/3207/3207 3203/3203/3203 3206/3206/3206
f 3203/3203/3203 3207/3207/3207 3204/3204/3204
f 3208/3208/3208 3206/3206/3206 3193/3193/3193
f 3208/3208/3208 3207/3207/3207 3206/3206/3206
f 3209/3209/3209 3208/3208/3208 3193/3193/3193
f 3208/3208/3208 3209/3209/3209 3210/3210/3210
f 3211/3211/3211 3205/3205/3205 3204/3204/3204
f 3212/3212/3212 3205/3205/3205 3211/3211/3211
f 3204/3204/3204 3207/3207/3207 3213/3213/3213
f 3213/3213/3213 3207/3207/3207 3208/3208/3208
f 3211/3211/3211 3204/3204/3204 3213/3213/3213
f 3214/3214/3214 3208/3208/3208 3210/3210/3210
f 3214/3214/3214 3213/3213/3213 3208/3208/3208
f 3214/3214/3214 3210/3210/3210 3215/3215/3215
f 3216/3216/3216 3212/3212/3212 3211/3211/3211
f 3217/3217/3217 3212/3212/3212 3216/3216/3216
f 3211/3211/3211 3213/3213/3213 3218/3218/3218
f 3218/3218/3218 3213/3213/3213 3214/3214/3214
f 3216/3216/3216 3211/3211/3211 3218/3218/3218
f 3219/3219/3219 3214/3214/3214 3215/3215/3215
f 3219/3219/3219 3218/3218/3218 3214/3214/3214
f 3219/3219/3219 3215/3215/3215 3220/3220/3220
f 3221/3221/3221 3217/3217/3217 3216/3216/3216
f 3222/3222/3222 3217/3217/3217 3221/3221/3221
f 3216/3216/3216 3218/3218/3218 3223/3223/3223
f 3223/3223/3223 3218/3218/3218 3219/3219/3219
f 3221/3221/3221 3216/3216/3216 3223/3223/3223
f 3224/3224/3224 3219/3219/3219 3220/3220/3220
f 3224/3224/3224 3223/3223/3223 3219/3219/3219
f 3224/3224/3224 3220/3220/3220 3225/3225/3225
f 3226/3226/3226 3222/3222/3222 3221/3221/3221
f 3227/3227/3227 3222/3222/3222 3226/3226/3226
f 3221/3221/3221 3223/3223/3223 3228/3228/3228
f 3228/3228/3228 3223/3223/3223 3224/3224/3224
f 3226/3226/3226 3221/3221/3221 3228/3228/3228
f 3229/3229/3229 3224/3224/3224 3225/3225/3225
f 3229/3229/3229 3228/3228/3228 3224/3224/3224
f 3229/3229/3229 3225/3225/3225 3230/3230/3230
f 3231/3231/3231 3227/3227/3227 3226/3226/3226
f 3232/3232/3232 3227/3227/3227 3231/3231/3231
f 3226/3226/3226 3228/3228/3228 3233/3233/3233
f 3233/3233/3233 3228/3228/3228 3229/3229/3229
f 3231/3231/3231 3226/3226/3226 3233/3233/3233
f 3234/3234/3234 3229/3229/3229 3230/3230/3230
f 3234/3234/3234 3233/3233/3233 3229/3229/3229
f 3234/3234/3234 3230/3230/3230 3235/3235/3235
f 3236/3236/3236 3232/3232/3232 3231/3231/3231
f 3237/3237/3237 3232/3232/3232 3236/3236/3236
f 3231/3231/3231 3233/3233/3233 3238/3238/3238
f 3238/3238/3238 3233/3233/3233 3234/3234/3234
f 3236/3236/3236 3231/3231/3231 3238/3238/3238
f 3239/3239/3239 3234/3234/3234 3235/3235/3235
f 3239/3239/3239 3238/3238/3238 3234/3234/3234
f 3239/3239/3239 3235/3235/3235 3240/3240/3240
f 3241/3241/3241 3237/3237/3237 3236/3236/3236
f 3242/3242/3242 3237/3237/3237 3241/3241/3241
f 3236/3236/3236 3238/3238/3238 3243/3243/3243
f 3243/3243/3243 3238/3238/3238 3239/3239/3239
f 3241/3241/3241 3236/3236/3236 3243/3243/3243
f 3244/3244/3244 3239/3239/3239 3240/3240/3240
f 3244/3244/3244 3243/3243/3243 3239/3239/3239
f 3244/3244/3244 3240/3240/3240 3245/3245/3245
f 3246/3246/3246 3242/3242/3242 3241/3241/3241
f 3247/3247/3247 3242/3242/3242 3246/3246/3246
f 3241/3241/3241 3243/3243/3243 3248/3248/3248
f 3248/3248/3248 3243/3243/3243 3244/3244/3244
f 3246/3246/3246 3241/3241/3241 3248/3248/3248
f 3249/3249/3249 3244/3244/3244 3245/3245/3245
f 3249/3249/3249 3248/3248/3248 3244/3244/3244
f 3249/3249/3249 3245/3245/3245 3250/3250/3250
f 3251/3251/3251 3247/3247/3247 3246/3246/3246
f 3252/3252/3252 3247/3247/3247 3251/3251/3251
f 3246/3246/3246 3248/3248/3248 3253/3253/3253
f 3253/3253/3253 3248/3248/3248 3249/3249/3249
f 3251/3251/3251 3246/3246/3246 3253/3253/3253
f 3254/3254/3254 3249/3249/3249 3250/3250/3250
f 3254/3254/3254 3253/3253/3253 3249/3249/3249
f 3254/3254/3254 3250/3250/3250 3255/3255/3255
f 3256/3256/3256 3252/3252/3252 3251/3251/3251
f 3257/3257/3257 3252/3252/3252 3256/3256/3256
f 3251/3251/3251 3253/3253/3253 3258/3258/3258
f 3258/3258/3258 3253/3253/3253 3254/3254/3254
f 3256/3256/3256 3251/3251/3251 3258/3258/3258
f 3259/3259/3259 3254/3254/3254 3255/3255/3255
f 3259/3259/3259 3258/3258/3258 3254/3254/3254
f 3259/3259/3259 3255/3255/3255 3260/3260/3260
f 3261/3261/3261 3257/3257/3257 3256/3256/3256
f 3262/3262/3262 3257/3257/3257 3261/3261/3261
f 3256/3256/3256 3258/3258/3258 3263/3263/3263
f 3263/3263/3263 3258/3258/3258 3259/3259/3259
f 3261/3261/3261 3256/3256/3256 3263/3263/3263
f 3264/3264/3264 3259/3259/3259 3260/3260/3260
f 3264/3264/3264 3263/3263/3263 3259/3259/3259
f 3264/3264/3264 3260/3260/3260 3265/3265/3265
f 3266/3266/3266 3262/3262/3262 3261/3261/3261
f 3267/3267/3267 3262/3262/3262 3266/3266/3266
f 3261/3261/3261 3263/3263/3263 3268/3268/3268
f 3268/3268/3268 3263/3263/3263 3264/3264/3264
f 3266/3266/3266 3261/3261/3261 3268/3268/3268
f 3269/3269/3269 3264/3264/3264 3265/3265/3265
f 3269/3269/3269 3268/3268/3268 3264/3264/3264
f 3269/3269/3269 3265/3265/3265 3270/3270/3270
f 3271/3271/3271 3267/3267/3267 3266/3266/3266
f 3272/3272/3272 3267/3267/3267 3271/3271/3271
f 3266/3266/3266 3268/3268/3268 3273/3273/3273
f 3273/3273/3273 3268/3268/3268 3269/3269/3269
f 3271/3271/3271 3266/3266/3266 3273/3273/3273
f 3274/3274/3274 3269/3269/3269 3270/3270/3270
f 3274/3274/3274 3273/3273/3273 3269/3269/3269
f 3274/3274/3274 3270/3270/3270 3275/3275/3275
f 3276/3276/3276 3272/3272/3272 3271/3271/3271
f 3272/3272/3272 3276/3276/3276 3277/3277/3277
f 3271/3271/3271 3273/3273/3273 3278/3278/3278
f 3278/3278/3278 3273/3273/3273 3274/3274/3274
f 3276/3276/3276 3271/3271/3271 3278/3278/3278
f 3279/3279/3279 3274/3274/3274 3275/3275/3275
f 3279/3279/3279 3278/3278/3278 3274/3274/3274
f 3279/3279/3279 3275/3275/3275 3280/3280/3280
f 3276/3276/3276 3281/3281/3281 3277/3277/3277
f 3276/3276/3276 3278/3278/3278 3281/3281/3281
f 3282/3282/3282 3277/3277/3277 3281/3281/3281
f 3283/3283/3283 3278/3278/3278 3279/3279/3279
f 3278/3278/3278 3283/3283/3283 3281/3281/3281
f 3284/3284/3284 3279/3279/3279 3280/3280/3280
f 3284/3284/3284 3283/3283/3283 3279/3279/3279
f 3284/3284/3284 3280/3280/3280 3285/3285/3285
f 3284/3284/3284 3285/3285/3285 3283/3283/3283
f 3280/3280/3280 3286/3286/3286 3285/3285/3285
f 3287/3287/3287 3282/3282/3282 3281/3281/3281
f 3287/3287/3287 3281/3281/3281 3283/3283/3283
f 3285/3285/3285 3288/3288/3288 3283/3283/3283
f 3288/3288/3288 3287/3287/3287 3283/3283/3283
f 3285/3285/3285 3286/3286/3286 3289/3289/3289
f 3285/3285/3285 3289/3289/3289 3288/3288/3288
f 3286/3286/3286 3290/3290/3290 3289/3289/3289
f 3287/3287/3287 3291/3291/3291 3282/3282/3282
f 3287/3287/3287 3288/3288/3288 3291/3291/3291
f 3291/3291/3291 3292/3292/3292 3282/3282/3282
f 3289/3289/3289 3293/3293/3293 3288/3288/3288
f 3288/3288/3288 3293/3293/3293 3291/3291/3291
f 3289/3289/3289 3290/3290/3290 3294/3294/3294
f 3289/3289/3289 3294/3294/3294 3293/3293/3293
f 3290/3290/3290 3295/3295/3295 3294/3294/3294
f 3291/3291/3291 3296/3296/3296 3292/3292/3292
f 3291/3291/3291 3293/3293/3293 3296/3296/3296
f 3296/3296/3296 3297/3297/3297 3292/3292/3292
f 3294/3294/3294 3298/3298/3298 3293/3293/3293
f 3293/3293/3293 3298/3298/3298 3296/3296/3296
f 3294/3294/3294 3295/3295/3295 3299/3299/3299
f 3294/3294/3294 3299/3299/3299 3298/3298/3298
f 3295/3295/3295 3300/3300/3300 3299/3299/3299
f 3296/3296/3296 3301/3301/3301 3297/3297/3297
f 3296/3296/3296 3298/3298/3298 3301/3301/3301
f 3301/3301/3301 3302/3302/3302 3297/3297/3297
f 3299/3299/3299 3303/3303/3303 3298/3298/3298
f 3298/3298/3298 3303/3303/3303 3301/3301/3301
f 3299/3299/3299 3300/3300/3300 3304/3304/3304
f 3299/3299/3299 3304/3304/3304 3303/3303/3303
f 3300/3300/3300 3305/3305/3305 3304/3304/3304
f 3301/3301/3301 3306/3306/3306 3302/3302/3302
f 3301/3301/3301 3303/3303/3303 3306/3306/3306
f 3306/3306/3306 3307/3307/3307 3302/3302/3302
f 3304/3304/3304 3308/3308/3308 3303/3303/3303
f 3303/3303/3303 3308/3308/3308 3306/3306/3306
f 3304/3304/3304 3305/3305/3305 3309/3309/3309
f 3304/3304/3304 3309/3309/3309 3308/3308/3308
f 3305/3305/3305 3310/3310/3310 3309/3309/3309
f 3306/3306/3306 3311/3311/3311 3307/3307/3307
f 3306/3306/3306 3308/3308/3308 3311/3311/3311
f 3311/3311/3311 3312/3312/3312 3307/3307/3307
f 3309/3309/3309 3313/3313/3313 3308/3308/3308
f 3308/3308/3308 3313/3313/3313 3311/3311/3311
f 3309/3309/3309 3310/3310/3310 3314/3314/3314
f 3309/3309/3309 3314/3314/3314 3313/3313/3313
f 3310/3310/3310 3315/3315/3315 3314/3314/3314
f 3311/3311/3311 3316/3316/3316 3312/3312/3312
f 3311/3311/3311 3313/3313/3313 3316/3316/3316
f 3316/3316/3316 3317/3317/3317 3312/3312/3312
f 3314/3314/3314 3318/3318/3318 3313/3313/3313
f 3313/3313/3313 3318/3318/3318 3316/3316/3316
f 3314/3314/3314 3315/3315/3315 3319/3319/3319
f 3314/3314/3314 3319/3319/3319 3318/3318/3318
f 3315/3315/3315 3320/3320/3320 3319/3319/3319
f 3316/3316/3316 3321/3321/3321 3317/3317/3317
f 3316/3316/3316 3318/3318/3318 3321/3321/3321
f 3321/3321/3321 3322/3322/3322 3317/3317/3317
f 3319/3319/3319 3323/3323/3323 3318/3318/3318
f 3318/3318/3318 3323/3323/3323 3321/3321/3321
f 3319/3319/3319 3320/3320/3320 3324/3324/3324
f 3319/3319/3319 3324/3324/3324 3323/3323/3323
f 3320/3320/3320 3325/3325/3325 3324/3324/3324
f 3321/3321/3321 3326/3326/3326 3322/3322/3322
f 3321/3321/3321 3323/3323/3323 3326/3326/3326
f 3326/3326/3326 3327/3327/3327 3322/3322/3322
f 3324/3324/3324 3328/3328/3328 3323/3323/3323
f 3323/3323/3323 3328/3328/3328 3326/3326/3326
f 3324/3324/3324 3325/3325/3325 3329/3329/3329
f 3324/3324/3324 3329/3329/3329 3328/3328/3328
f 3325/3325/3325 3330/3330/3330 3329/3329/3329
f 3326/3326/3326 3331/3331/3331 3327/3327/3327
f 3326/3326/3326 3328/3328/3328 3331/3331/3331
f 3331/3331/3331 3332/3332/3332 3327/3327/3327
f 3329/3329/3329 3333/3333/3333 3328/3328/3328
f 3328/3328/3328 3333/3333/3333 3331/3331/3331
f 3329/3329/3329 3330/3330/3330 3334/3334/3334
f 3329/3329/3329 3334/3334/3334 3333/3333/3333
f 3330/3330/3330 3335/3335/3335 3334/3334/3334
f 3331/3331/3331 3336/3336/3336 3332/3332/3332
f 3331/3331/3331 3333/3333/3333 3336/3336/3336
f 3336/3336/3336 3337/3337/3337 3332/3332/3332
f 3334/3334/3334 3338/3338/3338 3333/3333/3333
f 3333/3333/3333 3338/3338/3338 3336/3336/3336
f 3334/3334/3334 3335/3335/3335 3339/3339/3339
f 3334/3334/3334 3339/3339/3339 3338/3338/3338
f 3335/3335/3335 3340/3340/3340 3339/3339/3339
f 3336/3336/3336 3341/3341/3341 3337/3337/3337
f 3336/3336/3336 3338/3338/3338 3341/3341/3341
f 3341/3341/3341 3342/3342/3342 3337/3337/3337
f 3342/3342/3342 3341/3341/3341 3343/3343/3343
f 3338/3338/3338 3344/3344/3344 3341/3341/3341
f 3339/3339/3339 3344/3344/3344 3338/3338/3338
f 3341/3341/3341 3345/3345/3345 3343/3343/3343
f 3341/3341/3341 3344/3344/3344 3345/3345/3345
f 3343/3343/3343 3345/3345/3345 3346/3346/3346
f 3347/3347/3347 3339/3339/3339 3340/3340/3340
f 3348/3348/3348 3347/3347/3347 3340/3340/3340
f 3347/3347/3347 3348/3348/3348 3349/3349/3349
f 3350/3350/3350 3344/3344/3344 3339/3339/3339
f 3344/3344/3344 3350/3350/3350 3345/3345/3345
f 3347/3347/3347 3350/3350/3350 3339/3339/3339
f 3345/3345/3345 3351/3351/3351 3346/3346/3346
f 3345/3345/3345 3350/3350/3350 3351/3351/3351
f 3352/3352/3352 3346/3346/3346 3351/3351/3351
f 3353/3353/3353 3347/3347/3347 3349/3349/3349
f 3353/3353/3353 3349/3349/3349 3354/3354/3354
f 3355/3355/3355 3350/3350/3350 3347/3347/3347
f 3350/3350/3350 3355/3355/3355 3351/3351/3351
f 3353/3353/3353 3355/3355/3355 3347/3347/3347
f 3356/3356/3356 3352/3352/3352 3351/3351/3351
f 3357/3357/3357 3352/3352/3352 3356/3356/3356
f 3358/3358/3358 3357/3357/3357 3356/3356/3356
f 3358/3358/3358 3356/3356/3356 3359/3359/3359
f 3351/3351/3351 3355/3355/3355 3360/3360/3360
f 3356/3356/3356 3351/3351/3351 3360/3360/3360
f 3360/3360/3360 3355/3355/3355 3353/3353/3353
f 3356/3356/3356 3360/3360/3360 3359/3359/3359
f 3361/3361/3361 3353/3353/3353 3354/3354/3354
f 3361/3361/3361 3360/3360/3360 3353/3353/3353
f 3359/3359/3359 3360/3360/3360 3361/3361/3361
f 3361/3361/3361 3354/3354/3354 3362/3362/3362
f 3363/3363/3363 3359/3359/3359 3361/3361/3361
f 3363/3363/3363 3361/3361/3361 3362/3362/3362
f 3366/3366/3366 3365/3365/3365 3364/3364/3364
f 3367/3367/3367 3366/3366/3366 3364/3364/3364
f 3367/3367/3367 3368/3368/3368 3366/3366/3366
f 3368/3368/3368 3369/3369/3369 3366/3366/3366
f 3369/3369/3369 3368/3368/3368 3370/3370/3370
f 3371/3371/3371 3369/3369/3369 3370/3370/3370
f 3371/3371/3371 3370/3370/3370 3372/3372/3372
f 3375/3375/3375 3374/3374/3374 3373/3373/3373
f 3376/3376/3376 3375/3375/3375 3373/3373/3373
f 3376/3376/3376 3373/3373/3373 3377/3377/3377
f 3378/3378/3378 3376/3376/3376 3377/3377/3377
f 3381/3381/3381 3380/3380/3380 3379/3379/3379
f 3380/3380/3380 3382/3382/3382 3379/3379/3379
f 3382/3382/3382 3383/3383/3383 3379/3379/3379
f 3383/3383/3383 3384/3384/3384 3379/3379/3379
f 3383/3383/3383 3382/3382/3382 3385/3385/3385
f 3382/3382/3382 3380/3380/3380 3386/3386/3386
f 3382/3382/3382 3386/3386/3386 3385/3385/3385
f 3380/3380/3380 3387/3387/3387 3386/3386/3386
f 3385/3385/3385 3386/3386/3386 3388/3388/3388
f 3386/3386/3386 3387/3387/3387 3389/3389/3389
f 3386/3386/3386 3389/3389/3389 3388/3388/3388
f 3387/3387/3387 3390/3390/3390 3389/3389/3389
f 3391/3391/3391 3388/3388/3388 3389/3389/3389
f 3392/3392/3392 3389/3389/3389 3390/3390/3390
f 3392/3392/3392 3391/3391/3391 3389/3389/3389
f 3392/3392/3392 3393/3393/3393 3391/3391/3391
f 3394/3394/3394 3392/3392/3392 3390/3390/3390
f 3392/3392/3392 3394/3394/3394 3393/3393/3393
f 3393/3393/3393 3395/3395/3395 3391/3391/3391
f 3394/3394/3394 3396/3396/3396 3393/3393/3393
f 3397/3397/3397 3395/3395/3395 3393/3393/3393
f 3393/3393/3393 3396/3396/3396 3398/3398/3398
f 3399/3399/3399 3397/3397/3397 3393/3393/3393
f 3399/3399/3399 3393/3393/3393 3398/3398/3398
f 3397/3397/3397 3399/3399/3399 3400/3400/3400
f 3399/3399/3399 3398/3398/3398 3401/3401/3401
f 3399/3399/3399 3401/3401/3401 3400/3400/3400
f 3398/3398/3398 3402/3402/3402 3401/3401/3401
f 3403/3403/3403 3400/3400/3400 3401/3401/3401
f 3401/3401/3401 3402/3402/3402 3404/3404/3404
f 3405/3405/3405 3403/3403/3403 3401/3401/3401
f 3405/3405/3405 3401/3401/3401 3404/3404/3404
f 3406/3406/3406 3403/3403/3403 3405/3405/3405
f 3405/3405/3405 3404/3404/3404 3407/3407/3407
f 3408/3408/3408 3406/3406/3406 3405/3405/3405
f 3408/3408/3408 3405/3405/3405 3407/3407/3407
f 3409/3409/3409 3406/3406/3406 3408/3408/3408
f 3408/3408/3408 3407/3407/3407 3410/3410/3410
f 3411/3411/3411 3409/3409/3409 3408/3408/3408
f 3411/3411/3411 3408/3408/3408 3410/3410/3410
f 3412/3412/3412 3409/3409/3409 3411/3411/3411
f 3411/3411/3411 3410/3410/3410 3413/3413/3413
f 3414/3414/3414 3412/3412/3412 3411/3411/3411
f 3414/3414/3414 3411/3411/3411 3413/3413/3413
f 3415/3415/3415 3412/3412/3412 3414/3414/3414
f 3414/3414/3414 3413/3413/3413 3416/3416/3416
f 3417/3417/3417 3415/3415/3415 3414/3414/3414
f 3417/3417/3417 3414/3414/3414 3416/3416/3416
f 3418/3418/3418 3415/3415/3415 3417/3417/3417
f 3417/3417/3417 3416/3416/3416 3419/3419/3419
f 3420/3420/3420 3418/3418/3418 3417/3417/3417
f 3420/3420/3420 3417/3417/3417 3419/3419/3419
f 3421/3421/3421 3418/3418/3418 3420/3420/3420
f 3420/3420/3420 3419/3419/3419 3422/3422/3422
f 3423/3423/3423 3421/3421/3421 3420/3420/3420
f 3423/3423/3423 3420/3420/3420 3422/3422/3422
f 3421/3421/3421 3423/3423/3423 3424/3424/3424
f 3423/3423/3423 3422/3422/3422 3425/3425/3425
f 3423/3423/3423 3425/3425/3425 3424/3424/3424
f 3422/3422/3422 3426/3426/3426 3425/3425/3425
f 3427/3427/3427 3424/3424/3424 3425/3425/3425
f 3425/3425/3425 3426/3426/3426 3428/3428/3428
f 3429/3429/3429 3427/3427/3427 3425/3425/3425
f 3429/3429/3429 3425/3425/3425 3428/3428/3428
f 3430/3430/3430 3427/3427/3427 3429/3429/3429
f 3429/3429/3429 3428/3428/3428 3431/3431/3431
f 3432/3432/3432 3430/3430/3430 3429/3429/3429
f 3432/3432/3432 3429/3429/3429 3431/3431/3431
f 3433/3433/3433 3430/3430/3430 3432/3432/3432
f 3432/3432/3432 3431/3431/3431 3434/3434/3434
f 3435/3435/3435 3433/3433/3433 3432/3432/3432
f 3435/3435/3435 3432/3432/3432 3434/3434/3434
f 3436/3436/3436 3433/3433/3433 3435/3435/3435
f 3435/3435/3435 3434/3434/3434 3437/3437/3437
f 3438/3438/3438 3436/3436/3436 3435/3435/3435
f 3438/3438/3438 3435/3435/3435 3437/3437/3437
f 3439/3439/3439 3436/3436/3436 3438/3438/3438
f 3438/3438/3438 3437/3437/3437 3440/3440/3440
f 3441/3441/3441 3439/3439/3439 3438/3438/3438
f 3441/3441/3441 3438/3438/3438 3440/3440/3440
f 3442/3442/3442 3439/3439/3439 3441/3441/3441
f 3441/3441/3441 3440/3440/3440 3443/3443/3443
f 3444/3444/3444 3442/3442/3442 3441/3441/3441
f 3444/3444/3444 3441/3441/3441 3443/3443/3443
f 3445/3445/3445 3442/3442/3442 3444/3444/3444
f 3444/3444/3444 3443/3443/3443 3446/3446/3446
f 3447/3447/3447 3445/3445/3445 3444/3444/3444
f 3447/3447/3447 3444/3444/3444 3446/3446/3446
f 3445/3445/3445 3447/3447/3447 3448/3448/3448
f 3447/3447/3447 3446/3446/3446 3449/3449/3449
f 3447/3447/3447 3449/3449/3449 3448/3448/3448
f 3446/3446/3446 3450/3450/3450 3449/3449/3449
f 3451/3451/3451 3448/3448/3448 3449/3449/3449
f 3449/3449/3449 3450/3450/3450 3452/3452/3452
f 3453/3453/3453 3451/3451/3451 3449/3449/3449
f 3453/3453/3453 3449/3449/3449 3452/3452/3452
f 3454/3454/3454 3451/3451/3451 3453/3453/3453
f 3453/3453/3453 3452/3452/3452 3455/3455/3455
f 3456/3456/3456 3454/3454/3454 3453/3453/3453
f 3456/3456/3456 3453/3453/3453 3455/3455/3455
f 3457/3457/3457 3454/3454/3454 3456/3456/3456
f 3456/3456/3456 3455/3455/3455 3458/3458/3458
f 3459/3459/3459 3457/3457/3457 3456/3456/3456
f 3459/3459/3459 3456/3456/3456 3458/3458/3458
f 3457/3457/3457 3459/3459/3459 3460/3460/3460
f 3459/3459/3459 3458/3458/3458 3461/3461/3461
f 3459/3459/3459 3461/3461/3461 3460/3460/3460
f 3458/3458/3458 3462/3462/3462 3461/3461/3461
f 3463/3463/3463 3460/3460/3460 3461/3461/3461
f 3461/3461/3461 3462/3462/3462 3464/3464/3464
f 3465/3465/3465 3463/3463/3463 3461/3461/3461
f 3465/3465/3465 3461/3461/3461 3464/3464/3464
f 3463/3463/3463 3465/3465/3465 3466/3466/3466
f 3465/3465/3465 3464/3464/3464 3467/3467/3467
f 3465/3465/3465 3468/3468/3468 3466/3466/3466
f 3468/3468/3468 3465/3465/3465 3467/3467/3467
f 3466/3466/3466 3468/3468/3468 3469/3469/3469
f 3468/3468/3468 3467/3467/3467 3470/3470/3470
f 3468/3468/3468 3470/3470/3470 3469/3469/3469
f 3467/3467/3467 3471/3471/3471 3470/3470/3470
f 3469/3469/3469 3470/3470/3470 3472/3472/3472
f 3470/3470/3470 3471/3471/3471 3473/3473/3473
f 3470/3470/3470 3473/3473/3473 3472/3472/3472
f 3471/3471/3471 3474/3474/3474 3473/3473/3473
f 3472/3472/3472 3473/3473/3473 3475/3475/3475
f 3473/3473/3473 3474/3474/3474 3476/3476/3476
f 3473/3473/3473 3476/3476/3476 3475/3475/3475
f 3474/3474/3474 3477/3477/3477 3476/3476/3476
f 3475/3475/3475 3476/3476/3476 3478/3478/3478
f 3476/3476/3476 3479/3479/3479 3478/3478/3478
f 3480/3480/3480 3479/3479/3479 3476/3476/3476
f 3481/3481/3481 3480/3480/3480 3476/3476/3476
f 3484/3484/3484 3483/3483/3483 3482/3482/3482
f 3483/3483/3483 3485/3485/3485 3482/3482/3482
f 3483/3483/3483 3486/3486/3486 3485/3485/3485
f 3486/3486/3486 3487/3487/3487 3485/3485/3485
