g cPK_20_002720_00_PIGEOTex_SR_L_SB
v 0.09755295 0.013460918 -0.035757195
v 0.10022085 0.013409634 -0.035757195
v 0.09231973 0.017103715 -0.035757195
v 0.11602322 0.014640923 -0.035757195
v 0.1270027 0.022490783 -0.035757195
v 0.1081221 0.013922735 -0.035757195
v 0.059293218 0.1675713 -0.035757195
v 0.05787341 0.16569506 -0.035757195
v 0.061169475 0.1687376 -0.035757195
v 0.06355282 0.16914324 -0.035757195
v 0.06547974 0.16878836 -0.035757195
v 0.06705176 0.1679263 -0.035757195
v 0.056859225 0.16275387 -0.035757195
v 0.06826883 0.1667599 -0.035757195
v 0.0699422 0.16523862 -0.035757195
v 0.054982956 0.15545173 -0.035757195
v 0.07151424 0.16447799 -0.035757195
v 0.053106707 0.14769319 -0.035757195
v 0.07293406 0.16412301 -0.035757195
v 0.05153467 0.13892046 -0.035757195
v 0.0513318 0.13288605 -0.035757195
v 0.051889665 0.12634447 -0.035757195
v 0.052345973 0.12157779 -0.035757195
v 0.053088933 0.11796226 -0.035757195
v 0.05454814 0.11454079 -0.035757195
v 0.06496361 0.09411237 -0.035757195
v 0.092412435 0.30698407 -0.035757195
v 0.09161595 0.3062962 -0.035757195
v 0.0938245 0.30745485 -0.035757195
v 0.11270594 0.3655271 -0.035757195
v 0.11073698 0.36611775 -0.035757195
v 0.11460918 0.3640833 -0.035757195
v 0.04469142 0.08991425 -0.035757195
v 0.043901514 0.08853204 -0.035757195
v 0.0456787 0.090901606 -0.035757195
v 0.046863534 0.09161245 -0.035757195
v 0.048640616 0.09212584 -0.035757195
v 0.073497415 0.23398678 -0.035757195
v 0.07261825 0.23213093 -0.035757195
v 0.07447418 0.23515892 -0.035757195
v 0.075597465 0.23613572 -0.035757195
v 0.076867245 0.23677066 -0.035757195
v 0.07969995 0.23691717 -0.035757195
v 0.07818594 0.23701487 -0.035757195
v 0.08126284 0.23623343 -0.035757195
v 0.09530894 0.30778065 -0.035757195
v 0.09652187 0.30762678 -0.035757195
v 0.09679349 0.33152303 -0.035757195
v 0.09739082 0.3272868 -0.035757195
v 0.09711931 0.33374965 -0.035757195
v 0.106080376 0.36459756 -0.035757195
v 0.1049399 0.36302257 -0.035757195
v 0.10765535 0.365738 -0.035757195
v 0.10916189 0.36618343 -0.035757195
v 0.11611865 0.36185187 -0.035757195
v 0.10390796 0.36139327 -0.035757195
v 0.10325634 0.3594381 -0.035757195
v 0.11782247 0.35857806 -0.035757195
v 0.102061465 0.35509336 -0.035757195
v 0.11989993 0.35443005 -0.035757195
v 0.10026927 0.34727275 -0.035757195
v 0.13495117 0.3173636 -0.035757195
v 0.09831407 0.3398324 -0.035757195
v 0.09777104 0.3370082 -0.035757195
v 0.09858569 0.32277915 -0.035757195
v 0.10249598 0.30578026 -0.035757195
v 0.14618345 0.28849682 -0.035757195
v 0.10255028 0.30447683 -0.035757195
v 0.15427065 0.2654707 -0.035757195
v 0.16078535 0.24502805 -0.035757195
v 0.16543104 0.07779889 -0.035757195
v 0.16650857 0.08421223 -0.035757195
v 0.15963349 0.06497239 -0.035757195
v 0.08985706 0.017668052 -0.035757195
v 0.076497935 0.025686925 -0.035757195
v 0.056727905 0.03816647 -0.035757195
v 0.061615773 0.034664482 -0.035757195
v 0.049810033 0.044248886 -0.035757195
v 0.045345128 0.048304122 -0.035757195
v 0.043338064 0.0502294 -0.035757195
v 0.042436913 0.051581066 -0.035757195
v 0.04153566 0.05313768 -0.035757195
v 0.0409622 0.05506286 -0.035757195
v 0.040661607 0.057082146 -0.035757195
v 0.04094648 0.062608406 -0.035757195
v 0.041459166 0.07092618 -0.035757195
v 0.041971948 0.077933714 -0.035757195
v 0.04259826 0.082963556 -0.035757195
v 0.04303267 0.08545157 -0.035757195
v 0.043348674 0.087070845 -0.035757195
v 0.051730473 0.09270343 -0.035757195
v 0.055202253 0.09275379 -0.035757195
v 0.06936726 0.17535913 -0.035757195
v 0.07124586 0.17012592 -0.035757195
v 0.067958325 0.18086071 -0.035757195
v 0.06641515 0.18743578 -0.035757195
v 0.06561534 0.19488855 -0.035757195
v 0.065801926 0.20104726 -0.035757195
v 0.066548415 0.20776601 -0.035757195
v 0.06783204 0.21352307 -0.035757195
v 0.070860036 0.22651438 -0.035757195
v 0.08034883 0.25280428 -0.035757195
v 0.08195867 0.24664271 -0.035757195
v 0.07950276 0.25683233 -0.035757195
v 0.07925363 0.25926062 -0.035757195
v 0.079440415 0.26168904 -0.035757195
v 0.0820557 0.27445376 -0.035757195
v 0.080934875 0.2686629 -0.035757195
v 0.08398594 0.2823616 -0.035757195
v 0.08788585 0.2981763 -0.035757195
v 0.08933494 0.30289277 -0.035757195
v 0.090059035 0.30434102 -0.035757195
v 0.09089185 0.30539104 -0.035757195
v 0.09787964 0.30713794 -0.035757195
v 0.0990744 0.3065406 -0.035757195
v 0.16437964 0.23300953 -0.035757195
v 0.16831098 0.21829526 -0.035757195
v 0.17190528 0.20178394 -0.035757195
v 0.17325313 0.18886681 -0.035757195
v 0.17505024 0.17022125 -0.035757195
v 0.17403112 0.17996848 -0.035757195
v 0.1754996 0.15910141 -0.035757195
v 0.17553858 0.15005875 -0.035757195
v 0.17498316 0.14117308 -0.035757195
v 0.17403112 0.12657522 -0.035757195
v 0.17244437 0.113326095 -0.035757195
v 0.16975477 0.0970287 -0.035757195
v 0.15373322 0.05235104 -0.035757195
v 0.14916705 0.0453221 -0.035757195
v 0.14203541 0.036394805 -0.035757195
v 0.13551955 0.028698891 -0.035757195
v 0.06360506 0.092099614 -0.035757195
v 0.06551715 0.09240157 -0.035757195
v 0.07242698 0.16660778 -0.035757195
v 0.10113821 0.30485693 -0.035757195
v 0.08000082 0.26411745 -0.035757195
v 0.083790444 0.23948207 -0.035757195
v 0.08428997 0.23609605 -0.035757195
v 0.08423449 0.23481928 -0.035757195
v 0.082680225 0.2353744 -0.035757195
v -0.14909747 -0.22586043 -0.050273605
v -0.14212148 -0.22518344 -0.050273605
v -0.13969867 -0.14065012 -0.050273605
v -0.135763 -0.22421081 -0.050273605
v -0.1287602 -0.22282624 -0.050273605
v -0.13673656 -0.14081019 -0.050273605
v -0.13233809 -0.14180501 -0.050273605
v -0.12401246 -0.14342831 -0.050273605
v -0.12416791 -0.22164106 -0.050273605
v -0.118489265 -0.2199128 -0.050273605
v -0.109455846 -0.14704129 -0.050273605
v -0.111032985 -0.21739447 -0.050273605
v -0.10387295 -0.21462922 -0.050273605
v -0.09359005 -0.15164916 -0.050273605
v -0.09340446 -0.21062942 -0.050273605
v -0.08524055 -0.20698722 -0.050273605
v -0.08866802 -0.1534295 -0.050273605
v -0.08641647 -0.15437199 -0.050273605
v -0.08453147 -0.15578572 -0.050273605
v -0.082646385 -0.15756604 -0.050273605
v -0.08102318 -0.1595558 -0.050273605
v -0.0798188 -0.16170268 -0.050273605
v -0.07589171 -0.16856214 -0.050273605
v -0.07102201 -0.17662589 -0.050273605
v -0.075858414 -0.2034529 -0.050273605
v -0.0674614 -0.18180981 -0.050273605
v -0.07116725 -0.20152502 -0.050273605
v -0.0644767 -0.18563221 -0.050273605
v -0.06914135 -0.2004417 -0.050273605
v -0.06771288 -0.19936077 -0.050273605
v -0.06651605 -0.19812532 -0.050273605
v -0.06558957 -0.19484378 -0.050273605
v -0.06426724 -0.19018768 -0.050273605
v -0.0628535 -0.18699363 -0.050273605
v -0.15569602 -0.22606663 -0.050273605
v -0.16291313 -0.22599791 -0.050273605
v -0.16985534 -0.22544809 -0.050273605
v -0.1765183 -0.22487493 -0.050273605
v -0.3020814 -0.20699517 -0.050273605
v -0.1413354 -0.13911562 -0.050273605
v -0.14363705 -0.13753001 -0.050273605
v -0.14598994 -0.13635363 -0.050273605
v -0.14844505 -0.13548408 -0.050273605
v -0.15135013 -0.13453156 -0.050273605
v -0.15448144 -0.13376465 -0.050273605
v -0.1585074 -0.13312568 -0.050273605
v -0.16310851 -0.13280615 -0.050273605
v -0.16815704 -0.13255045 -0.050273605
v -0.18141054 -0.13257357 -0.050273605
v -0.1939949 -0.13297284 -0.050273605
v -0.3043847 -0.20667289 -0.050273605
v -0.30544683 -0.20636456 -0.050273605
v -0.3064061 -0.20567934 -0.050273605
v -0.30715984 -0.20471995 -0.050273605
v -0.30770808 -0.20362358 -0.050273605
v -0.30810994 -0.2025146 -0.050273605
v -0.30814102 -0.20127185 -0.050273605
v -0.30783555 -0.20026863 -0.050273605
v -0.30616626 -0.19742225 -0.050273605
v -0.30380222 -0.19351648 -0.050273605
v -0.30088377 -0.18886314 -0.050273605
v -0.2981619 -0.18506365 -0.050273605
v -0.2668946 -0.1628562 -0.050273605
v -0.26735765 -0.1639506 -0.050273605
v -0.2660949 -0.1622248 -0.050273605
v -0.21151109 -0.13891105 -0.050273605
v -0.21176688 -0.14024095 -0.050273605
v -0.21084623 -0.1379392 -0.050273605
v -0.29549286 -0.18164103 -0.050273605
v -0.2922561 -0.17840709 -0.050273605
v -0.288316 -0.1749466 -0.050273605
v -0.28317675 -0.17104083 -0.050273605
v -0.27916807 -0.16816287 -0.050273605
v -0.27766067 -0.16723777 -0.050273605
v -0.27639294 -0.16651827 -0.050273605
v -0.27509105 -0.16614138 -0.050273605
v -0.2732409 -0.16569607 -0.050273605
v -0.2713908 -0.16559325 -0.050273605
v -0.2696091 -0.16579877 -0.050273605
v -0.26755342 -0.16631274 -0.050273605
v -0.26755342 -0.1650793 -0.050273605
v -0.25713453 -0.1544805 -0.050273605
v -0.26214615 -0.15881991 -0.050273605
v -0.25187835 -0.15050784 -0.050273605
v -0.24527764 -0.14665744 -0.050273605
v -0.23861587 -0.14360152 -0.050273605
v -0.23158732 -0.1409124 -0.050273605
v -0.22535324 -0.13913995 -0.050273605
v -0.22272082 -0.13900474 -0.050273605
v -0.22025959 -0.13949701 -0.050273605
v -0.2163594 -0.14048153 -0.050273605
v -0.21333013 -0.14154176 -0.050273605
v -0.20946518 -0.13671164 -0.050273605
v -0.20798193 -0.13579093 -0.050273605
v -0.20644751 -0.13502373 -0.050273605
v -0.20429921 -0.13435885 -0.050273605
v -0.20179296 -0.13384733 -0.050273605
v -0.21200486 -0.14169317 -0.050273605
v -0.0012774229 0.12400653 -0.05640061
v 0.0016961336 0.12010782 -0.05640061
v 0.002819443 0.12387438 -0.05640061
v 0.01696055 0.124072626 -0.05640061
v 0.006652057 0.11475539 -0.05640061
v 0.01352439 0.10880818 -0.05640061
v 0.031498116 0.12446914 -0.05640061
v 0.019339466 0.1043809 -0.05640061
v 0.023370266 0.10107694 -0.05640061
v 0.026211703 0.099358894 -0.05640061
v 0.044780057 0.12506382 -0.05640061
v 0.030440772 0.09717822 -0.05640061
v 0.033612695 0.09539404 -0.05640061
v 0.050595146 0.12539425 -0.05640061
v 0.13091855 0.056783106 -0.05640061
v 0.15039581 0.08011003 -0.05640061
v 0.11998494 0.05814903 -0.05640061
v -0.013604808 0.09067259 -0.05640061
v -0.012941027 0.0895221 -0.05640061
v -0.013208664 0.09156527 -0.05640061
v -0.012215972 0.092140034 -0.05640061
v -0.010594631 0.09242048 -0.05640061
v -0.011790598 0.08846009 -0.05640061
v -0.010555718 0.08764372 -0.05640061
v -0.008215809 0.09268484 -0.05640061
v -0.008573015 0.086795814 -0.05640061
v 0.018414343 0.09427073 -0.05640061
v -0.0041056247 0.0853635 -0.05640061
v 0.00023846212 0.08411735 -0.05640061
v 0.0043941676 0.082918905 -0.05640061
v 0.009473682 0.08142689 -0.05640061
v 0.013741481 0.08007391 -0.05640061
v 0.018122185 0.078813605 -0.05640061
v 0.023874713 0.07713218 -0.05640061
v 0.030158216 0.07553909 -0.05640061
v 0.036928356 0.073701955 -0.05640061
v 0.04564563 0.07166298 -0.05640061
v 0.050911326 0.07045426 -0.05640061
v 0.060507137 0.12678187 -0.05640061
v 0.056353983 0.06930611 -0.05640061
v 0.0621507 0.068199925 -0.05640061
v 0.079934515 0.12916079 -0.05640061
v 0.068946585 0.066939354 -0.05640061
v 0.07750417 0.065063335 -0.05640061
v 0.097511694 0.13094495 -0.05640061
v 0.086443715 0.063149236 -0.05640061
v 0.096621096 0.06126399 -0.05640061
v 0.11237955 0.13134137 -0.05640061
v 0.10728531 0.059655547 -0.05640061
v 0.12843697 0.13035016 -0.05640061
v 0.14185119 0.12744275 -0.05640061
v 0.1572335 0.091281675 -0.05640061
v 0.15225576 0.124767855 -0.05640061
v 0.16413426 0.103216745 -0.05640061
v 0.16085362 0.12193959 -0.05640061
v 0.16532211 0.119337656 -0.05640061
v 0.16713224 0.11803665 -0.05640061
v 0.16939476 0.11407714 -0.05640061
v 0.08023255 -0.28570604 -0.064738534
v 0.08172808 -0.28561956 -0.06469295
v 0.08094759 -0.28410769 -0.064700924
v 0.087892674 -0.28146708 -0.06438502
v 0.0817467 -0.282299 -0.064655095
v 0.082293585 -0.2809109 -0.064620174
v 0.15322837 -0.26261514 -0.06094342
v 0.15327932 -0.2605745 -0.06094342
v 0.15002494 -0.26254877 -0.060943414
v 0.16139084 -0.25725847 -0.060943425
v 0.16144189 -0.255677 -0.060943425
v 0.1596563 -0.25797278 -0.060943425
v 0.15312637 -0.2580748 -0.06094342
v 0.1465963 -0.262105 -0.060943425
v 0.08153651 -0.2801538 -0.06464012
v 0.081620574 -0.27906018 -0.064626195
v 0.08309279 -0.27641013 -0.064541474
v 0.09367194 -0.27778548 -0.06399973
v 0.08759351 -0.26496908 -0.06423577
v 0.10112079 -0.2728624 -0.06340627
v 0.09032755 -0.25840726 -0.064075224
v 0.10767063 -0.26729715 -0.06283751
v 0.11447729 -0.2606617 -0.06230036
v 0.09028542 -0.25722963 -0.06408339
v 0.09032755 -0.25500023 -0.0640954
v 0.09100056 -0.25298122 -0.06407205
v 0.09310372 -0.2493218 -0.063986845
v 0.096636966 -0.24343303 -0.063877024
v 0.118244566 -0.25680885 -0.062064357
v 0.100885384 -0.23691323 -0.063799344
v 0.10694238 -0.22770157 -0.063820265
v 0.12252542 -0.25689444 -0.06178483
v 0.10890013 -0.22494154 -0.06385004
v 0.10992833 -0.22410019 -0.06384156
v 0.11207835 -0.22381973 -0.0637547
v 0.13936545 -0.22252737 -0.062266856
v 0.12796228 -0.2574081 -0.061471492
v 0.14093734 -0.22312205 -0.062160607
v 0.14238164 -0.22418416 -0.06203882
v 0.14340116 -0.22541611 -0.061930444
v 0.14437823 -0.226818 -0.061819233
v 0.14518544 -0.22809239 -0.061725534
v 0.14605002 -0.2296115 -0.06162299
v 0.12993154 -0.25834996 -0.06136485
v 0.14944623 -0.23242788 -0.061390765
v 0.13241445 -0.25929174 -0.06124851
v 0.13726057 -0.25914612 -0.061085414
v 0.15172428 -0.23441596 -0.061256718
v 0.15466504 -0.2370667 -0.06111591
v 0.13945414 -0.2601154 -0.061025232
v 0.14277019 -0.2612377 -0.060966432
v 0.15661167 -0.23897183 -0.061042946
v 0.15785418 -0.24042153 -0.061003294
v 0.1589724 -0.24203677 -0.060972657
v 0.15988408 -0.24406551 -0.060950775
v 0.16041617 -0.2462174 -0.060943425
v 0.16087767 -0.24845651 -0.060943425
v 0.16117345 -0.25097123 -0.060943425
v 0.15506491 -0.25827882 -0.06094342
v 0.16138373 -0.25341132 -0.060943425
v 0.15736064 -0.25827882 -0.06094342
v 0.19673358 -0.018662972 -0.06509712
v 0.15967852 0.0231221 -0.06509712
v 0.19345059 -0.021302253 -0.06509712
v 0.19113332 -0.023490842 -0.06509712
v 0.19544613 0.1389816 -0.06509712
v 0.18862288 0.14380947 -0.06509712
v 0.16489658 0.07682132 -0.06509712
v 0.17948216 0.14895919 -0.06509712
v 0.16982645 0.15327203 -0.06509712
v 0.16029958 0.15681237 -0.06509712
v 0.14954828 0.15949804 -0.06509712
v 0.18926656 -0.02587252 -0.06509712
v 0.1389283 0.16131844 -0.06509712
v 0.12837145 0.162992 -0.06509712
v 0.18759288 -0.028511787 -0.06509712
v 0.118458405 0.1642151 -0.06509712
v 0.11028766 0.16472405 -0.06509712
v 0.10336324 0.16452806 -0.06509712
v 0.09689605 0.16400552 -0.06509712
v 0.09127799 0.16309096 -0.06509712
v 0.085268095 0.1619804 -0.06509712
v 0.078278236 0.16034722 -0.06509712
v 0.066192985 0.1570157 -0.06509712
v 0.18643418 -0.030635972 -0.06509712
v 0.09185325 -0.27458942 -0.06509712
v 0.09188718 -0.27292654 -0.06509712
v 0.088629246 -0.27760977 -0.06509712
v -0.06009502 0.17286997 -0.06509712
v -0.06034107 0.17245622 -0.06509712
v -0.05956162 0.17302372 -0.06509712
v -0.05698308 0.14780097 -0.06509712
v -0.056873567 0.14574723 -0.06509712
v -0.056243747 0.14878672 -0.06509712
v -0.053751886 0.15456459 -0.06509712
v -0.054436464 0.14944391 -0.06509712
v -0.052848298 0.15541346 -0.06509712
v 0.072989374 -0.31962273 -0.06509712
v 0.0731561 -0.3105166 -0.06509712
v 0.07189264 -0.32102787 -0.06509712
v -0.05835223 0.14473407 -0.06509712
v -0.058621872 0.14385238 -0.06509712
v -0.057612896 0.14536385 -0.06509712
v 0.11548547 -0.26021847 -0.06509712
v 0.11762835 -0.2603137 -0.06509712
v 0.11324743 -0.25902793 -0.06509712
v 0.07363463 -0.3000674 -0.06509712
v 0.07417246 -0.2972249 -0.06509712
v 0.07282689 -0.30111095 -0.06509712
v 0.12354254 -0.2283452 -0.06509712
v 0.09927289 -0.22848275 -0.06509712
v 0.12495201 -0.22896397 -0.06509712
v 0.12591448 -0.2294797 -0.06509712
v 0.12732394 -0.23112972 -0.06509712
v 0.13714688 -0.26623964 -0.06509712
v 0.1387326 -0.26611766 -0.06509712
v 0.1352866 -0.2655991 -0.06509712
v 0.049135316 -0.29971007 -0.06509712
v 0.050300684 -0.30128667 -0.06509712
v 0.0486555 -0.29768795 -0.06509712
v -0.10476917 -0.2174687 -0.06509712
v -0.1033894 -0.21881203 -0.06509712
v -0.105422676 -0.21601634 -0.06509712
v -0.10596728 -0.21162303 -0.06509712
v -0.10578581 -0.21423726 -0.06509712
v -0.10535003 -0.20988022 -0.06509712
v 0.12985836 -0.23553033 -0.06509712
v 0.12932321 -0.23446357 -0.06509712
v 0.13000749 -0.23670366 -0.06509712
v 0.14275806 -0.2606894 -0.06509712
v 0.14251406 -0.2574568 -0.06509712
v 0.14223969 -0.2632815 -0.06509712
v 0.14150774 -0.2645013 -0.06509712
v 0.14040992 -0.26538572 -0.06509712
v 0.07086439 -0.32202184 -0.06509712
v 0.06969913 -0.322673 -0.06509712
v 0.06808834 -0.3231186 -0.06509712
v 0.06675172 -0.32301578 -0.06509712
v -0.093435444 -0.23703396 -0.06509712
v -0.09298473 -0.23898666 -0.06509712
v -0.093285136 -0.2344054 -0.06509712
v -0.055175792 0.14933446 -0.06509712
v -0.058953177 0.17296551 -0.06509712
v -0.05785315 0.17269213 -0.06509712
v -0.0567965 0.17238185 -0.06509712
v -0.051782895 0.17073259 -0.06509712
v -0.046109688 0.16829178 -0.06509712
v -0.041095994 0.16545518 -0.06509712
v 0.054891776 0.15335749 -0.06509712
v 0.041891724 0.14902908 -0.06509712
v 0.18122016 -0.077369355 -0.06509712
v 0.18212128 -0.062499672 -0.06509712
v 0.18036422 -0.089638114 -0.06509712
v 0.17908305 -0.10020765 -0.06509712
v 0.17754562 -0.11020064 -0.06509712
v 0.17647895 -0.11529151 -0.06509712
v 0.17494908 -0.12045492 -0.06509712
v 0.1725267 -0.1272757 -0.06509712
v 0.16946696 -0.13403274 -0.06509712
v 0.16551463 -0.14200099 -0.06509712
v 0.1613075 -0.14971416 -0.06509712
v 0.15639907 -0.15704493 -0.06509712
v 0.15206431 -0.16284575 -0.06509712
v 0.14466992 -0.17202514 -0.06509712
v 0.13899651 -0.17852718 -0.06509712
v 0.13268957 -0.18513048 -0.06509712
v 0.12523353 -0.19226325 -0.06509712
v 0.11707679 -0.1988297 -0.06509712
v 0.110458985 -0.20349805 -0.06509712
v 0.102507435 -0.20842297 -0.06509712
v 0.09470962 -0.21252702 -0.06509712
v 0.089323156 -0.21524596 -0.06509712
v 0.083731346 -0.21801618 -0.06509712
v 0.08292281 -0.24571143 -0.06509712
v 0.0806823 -0.24930556 -0.06509712
v 0.08502333 -0.24235065 -0.06509712
v 0.0874972 -0.23833637 -0.06509712
v 0.08983108 -0.2349756 -0.06509712
v 0.092304945 -0.23198818 -0.06509712
v 0.09360077 -0.23064847 -0.06509712
v 0.09494151 -0.22975464 -0.06509712
v 0.0965915 -0.22910152 -0.06509712
v 0.12842394 -0.23277977 -0.06509712
v 0.13525614 -0.2413855 -0.06509712
v 0.132664 -0.2391593 -0.06509712
v 0.13714688 -0.24373364 -0.06509712
v 0.13891561 -0.24675284 -0.06509712
v 0.14040992 -0.25013778 -0.06509712
v 0.14135529 -0.25279096 -0.06509712
v 0.10172367 -0.2633613 -0.06509712
v 0.105485596 -0.2599327 -0.06509712
v 0.09972646 -0.26474795 -0.06509712
v 0.083674535 -0.28256443 -0.06509712
v 0.08625378 -0.27991745 -0.06509712
v 0.08095962 -0.28527936 -0.06509712
v 0.065586366 -0.322673 -0.06509712
v 0.06466103 -0.32212463 -0.06509712
v 0.06352999 -0.3213363 -0.06509712
v 0.062536046 -0.3205823 -0.06509712
v 0.06041124 -0.3186973 -0.06509712
v 0.057772126 -0.3159212 -0.06509712
v 0.055784374 -0.3133508 -0.06509712
v 0.054379147 -0.31078026 -0.06509712
v 0.053008206 -0.30731872 -0.06509712
v 0.051705826 -0.3031716 -0.06509712
v 0.048929665 -0.29559734 -0.06509712
v 0.04971805 -0.29282123 -0.06509712
v 0.05253529 -0.28160307 -0.06509712
v 0.05177256 -0.2850831 -0.06509712
v 0.053584076 -0.2787904 -0.06509712
v 0.043321338 -0.2644092 -0.06509712
v 0.047260296 -0.26591527 -0.06509712
v 0.03548199 -0.2612427 -0.06509712
v 0.026052762 -0.2571991 -0.06509712
v 0.017829109 -0.25288066 -0.06509712
v 0.011670689 -0.24878755 -0.06509712
v 0.0057375687 -0.2446945 -0.06509712
v 0.001081189 -0.24086423 -0.06509712
v -0.0011343401 -0.23846094 -0.06509712
v -0.012249499 -0.23819807 -0.06509712
v -0.010747354 -0.23695894 -0.06509712
v -0.014765444 -0.23996297 -0.06509712
v -0.019008648 -0.24274182 -0.06509712
v -0.023552371 -0.2455957 -0.06509712
v -0.028847108 -0.24822436 -0.06509712
v -0.03447987 -0.25100312 -0.06509712
v -0.03999992 -0.2533312 -0.06509712
v -0.045369767 -0.25487083 -0.06509712
v -0.05085227 -0.25599742 -0.06509712
v -0.05517068 -0.25674844 -0.06509712
v -0.05952664 -0.25704885 -0.06509712
v -0.063807406 -0.2569737 -0.06509712
v -0.06771275 -0.25633538 -0.06509712
v -0.07143033 -0.25562185 -0.06509712
v -0.07469731 -0.2547582 -0.06509712
v -0.077401005 -0.25378188 -0.06509712
v -0.0799545 -0.25239247 -0.06509712
v -0.0828084 -0.25051495 -0.06509712
v -0.084761076 -0.24897535 -0.06509712
v -0.087577425 -0.24672225 -0.06509712
v -0.08926724 -0.24510756 -0.06509712
v -0.09088185 -0.24285448 -0.06509712
v -0.09219615 -0.24075158 -0.06509712
v -0.09271479 -0.22611003 -0.06509712
v -0.09174563 -0.2264446 -0.06509712
v -0.09456651 -0.2252023 -0.06509712
v -0.09689017 -0.22385895 -0.06509712
v -0.09961342 -0.22186199 -0.06509712
v -0.10135613 -0.22048227 -0.06509712
v -0.10444232 -0.20791963 -0.06509712
v -0.10331686 -0.20610416 -0.06509712
v -0.10161024 -0.20367156 -0.06509712
v -0.099685974 -0.20123887 -0.06509712
v -0.08523528 -0.16133611 -0.06509712
v -0.08599781 -0.16783524 -0.06509712
v -0.08425491 -0.15425599 -0.06509712
v -0.08316573 -0.14732113 -0.06509712
v -0.08166564 -0.13919514 -0.06509712
v -0.07965546 -0.12884282 -0.06509712
v -0.07664024 -0.117083244 -0.06509712
v -0.07412745 -0.10843959 -0.06509712
v -0.07040868 -0.09838875 -0.06509712
v -0.06668982 -0.088739865 -0.06509712
v -0.060357887 -0.074568145 -0.06509712
v -0.054226883 -0.061100103 -0.06509712
v -0.048296805 -0.04934052 -0.06509712
v -0.041864123 -0.037782047 -0.06509712
v -0.03452715 -0.026223585 -0.06509712
v -0.030004183 -0.019489493 -0.06509712
v -0.025380785 -0.013358473 -0.06509712
v -0.02035539 -0.008534092 -0.06509712
v -0.013014785 -0.0020067755 -0.06509712
v -0.005500231 0.0036786613 -0.06509712
v 0.005203494 0.010735066 -0.06509712
v 0.017338881 0.01799861 -0.06509712
v 0.026285354 0.022959083 -0.06509712
v 0.031814944 0.02566318 -0.06509712
v 0.0401039 0.029071022 -0.06509712
v 0.09909861 0.07142701 -0.06509712
v 0.09509526 0.06570771 -0.06509712
v 0.103265345 0.07683471 -0.06509712
v 0.10698038 0.08145781 -0.06509712
v 0.11094302 0.0863285 -0.06509712
v 0.115566075 0.0904563 -0.06509712
v 0.11936358 0.09318062 -0.06509712
v 0.07753349 0.09137454 -0.06509712
v -0.0040220525 0.14632443 -0.06509712
v 0.061022777 0.08795569 -0.06509712
v 0.048597988 0.08581604 -0.06509712
v 0.036002915 0.08421354 -0.06509712
v 0.025999475 0.08337619 -0.06509712
v 0.01734101 0.083114885 -0.06509712
v 0.005666151 0.083629474 -0.06509712
v -0.0046275225 0.08504831 -0.06509712
v -0.0135380225 0.08771055 -0.06509712
v -0.016028136 0.1516679 -0.06509712
v -0.0210387 0.09045745 -0.06509712
v -0.026621733 0.09310962 -0.06509712
v -0.031459074 0.09623074 -0.06509712
v -0.03481911 0.0988548 -0.06509712
v -0.038370077 0.10179546 -0.06509712
v -0.042143103 0.10540187 -0.06509712
v -0.045694068 0.10961868 -0.06509712
v -0.048468247 0.114057384 -0.06509712
v -0.050354768 0.11749744 -0.06509712
v -0.052241184 0.12115941 -0.06509712
v -0.054294027 0.12609741 -0.06509712
v -0.055958577 0.13053624 -0.06509712
v -0.0570683 0.13414265 -0.06509712
v -0.057845086 0.13774917 -0.06509712
v -0.058399905 0.1411891 -0.06509712
v -0.05698308 0.16483311 -0.06509712
v -0.054409135 0.16138294 -0.06509712
v -0.059283253 0.16822861 -0.06509712
v -0.059733182 0.16921614 -0.06509712
v -0.06014954 0.1702802 -0.06509712
v -0.06032769 0.17094101 -0.06509712
v -0.06040262 0.17176116 -0.06509712
v -0.05295781 0.15930179 -0.06509712
v -0.05268393 0.15798746 -0.06509712
v -0.035950568 0.16242068 -0.06509712
v 0.07291468 -0.30380124 -0.06509712
v 0.050951846 -0.28877693 -0.06509712
v 0.074817315 -0.292881 -0.06509712
v 0.075801425 -0.29108244 -0.06509712
v 0.054299112 -0.27769402 -0.06509712
v 0.07797329 -0.28846928 -0.06509712
v 0.054537512 -0.27564412 -0.06509712
v 0.05434679 -0.2733559 -0.06509712
v 0.053632032 -0.27166924 -0.06509712
v 0.09253194 -0.2715691 -0.06509712
v 0.18559735 -0.03333957 -0.06509712
v 0.12171365 -0.26029596 -0.06509712
v 0.12044885 -0.26018104 -0.06509712
v 0.11153313 -0.25817078 -0.06509712
v 0.11000935 -0.25793272 -0.06509712
v 0.107866466 -0.25807557 -0.06509712
v 0.098165415 -0.26586783 -0.06509712
v 0.09619713 -0.2675307 -0.06509712
v 0.09480565 -0.26878634 -0.06509712
v 0.0936858 -0.27000806 -0.06509712
v 0.077676915 -0.24938166 -0.06509712
v 0.07544744 -0.24810043 -0.06509712
v 0.052125957 -0.2695839 -0.06509712
v 0.05092883 -0.26830956 -0.06509712
v 0.04926832 -0.26691937 -0.06509712
v -0.09253412 -0.23249035 -0.06509712
v 0.07665192 -0.22124813 -0.06509712
v 0.09152484 0.06065407 -0.06509712
v -0.0031244655 -0.2366209 -0.06509712
v -0.029485632 0.15885834 -0.06509712
v 0.030479208 0.14526896 -0.06509712
v 0.18450305 -0.040420365 -0.06509712
v 0.122253016 0.094749205 -0.06509712
v -0.09743486 -0.19818904 -0.06509712
v 0.050216824 0.032749277 -0.06509712
v -0.022954792 0.15536205 -0.06509712
v -0.009497342 0.14856732 -0.06509712
v 0.0015851861 0.14460929 -0.06509712
v 0.007126578 0.14355378 -0.06509712
v 0.0114144115 0.14302605 -0.06509712
v 0.015108705 0.14302605 -0.06509712
v 0.022233238 0.14368574 -0.06509712
v 0.09354406 0.09395961 -0.06509712
v -0.09212105 -0.2306128 -0.06509712
v -0.091625504 -0.22803438 -0.06509712
v -0.095655695 -0.1956111 -0.06509712
v -0.09391299 -0.1928154 -0.06509712
v -0.09253323 -0.1902738 -0.06509712
v -0.09129875 -0.18751438 -0.06509712
v -0.08973742 -0.1833752 -0.06509712
v -0.08835775 -0.17938128 -0.06509712
v -0.00928285 -0.23609522 -0.06509712
v -0.08745013 -0.17542373 -0.06509712
v -0.08672387 -0.17172028 -0.06509712
v -0.0078183925 -0.23564462 -0.06509712
v -0.0060534724 -0.23560713 -0.06509712
v -0.0047768247 -0.23594502 -0.06509712
v 0.18327998 -0.050655425 -0.06509712
v 0.063729815 0.038187344 -0.06509712
v 0.0737822 0.043186124 -0.06509712
v 0.0783964 0.04593263 -0.06509712
v 0.08180206 0.048789 -0.06509712
v 0.08449377 0.051645488 -0.06509712
v 0.08778954 0.05565538 -0.06509712
v 0.11839354 0.095543966 -0.06509712
v 0.10446779 0.095543966 -0.06509712
v -0.11062787 -0.31130263 -0.07828983
v -0.10921591 -0.31069088 -0.07828983
v -0.11199272 -0.31120858 -0.07828983
v -0.113028206 -0.31073794 -0.07828983
v -0.107380405 -0.30918476 -0.07828983
v -0.113875344 -0.31012604 -0.07828983
v -0.11453425 -0.30894944 -0.07828983
v -0.1150049 -0.30739626 -0.07828983
v -0.11547556 -0.3051843 -0.07828983
v -0.10516832 -0.30716097 -0.07828983
v -0.115757875 -0.30268988 -0.07828983
v -0.09641434 -0.29826573 -0.07828983
v -0.115899086 -0.300572 -0.07828983
v -0.115993254 -0.29803044 -0.07828983
v -0.11613446 -0.28005177 -0.07828983
v -0.08552056 -0.28564546 -0.07828983
v -0.115899086 -0.27412155 -0.07828983
v -0.11558858 -0.26893064 -0.07828983
v -0.114675455 -0.267156 -0.07828983
v -0.10978073 -0.25684878 -0.07828983
v -0.08343082 -0.28312707 -0.07828983
v -0.08214493 -0.28135893 -0.07828983
v -0.08059106 -0.27884057 -0.07828983
v -0.078019075 -0.27498263 -0.07828983
v -0.07592935 -0.27214274 -0.07828983
v -0.1085565 -0.25324866 -0.07828983
v -0.0744291 -0.2705353 -0.07828983
v -0.10786313 -0.25077263 -0.07828983
v -0.07250012 -0.269035 -0.07828983
v -0.108377196 -0.23032673 -0.07828983
v -0.06989779 -0.26774648 -0.07828983
v -0.06048738 -0.263416 -0.07828983
v -0.03127975 -0.2517181 -0.07828983
v -0.109614186 -0.22070836 -0.07828983
v -0.110305004 -0.2186358 -0.07828983
v -0.028860468 -0.25062367 -0.07828983
v 0.00574612 -0.23292994 -0.07828983
v 0.004095322 -0.23054317 -0.07828983
v 0.006713456 -0.23600762 -0.07828983
v 0.0069772187 -0.23882166 -0.07828983
v 0.006361717 -0.24233909 -0.07828983
v 0.0050426307 -0.24612036 -0.07828983
v 0.0023479161 -0.22867377 -0.07828983
v 0.0031080544 -0.24911015 -0.07828983
v 0.00029411895 -0.25201207 -0.07828983
v 0.00055974704 -0.22704811 -0.07828983
v -0.0013097347 -0.22582892 -0.07828983
v -0.019881925 -0.21558776 -0.07828983
v -0.0021681606 -0.2542105 -0.07828983
v -0.0049820966 -0.25632095 -0.07828983
v -0.008939243 -0.25790378 -0.07828983
v -0.012632531 -0.25878316 -0.07828983
v -0.015446466 -0.25887114 -0.07828983
v -0.018260503 -0.25851938 -0.07828983
v -0.020986447 -0.25763994 -0.07828983
v -0.023272874 -0.25640884 -0.07828983
v -0.025207449 -0.25491402 -0.07828983
v -0.026878173 -0.2530673 -0.07828983
v -0.027650876 -0.2517757 -0.07828983
v -0.0222797 -0.21444984 -0.07828983
v -0.02435235 -0.21412483 -0.07828983
v -0.025977898 -0.2140435 -0.07828983
v -0.02764411 -0.21436866 -0.07828983
v -0.029513573 -0.21518143 -0.07828983
v -0.030777866 -0.21568036 -0.07828983
v -0.03267169 -0.21617143 -0.07828983
v -0.032967955 -0.21424668 -0.07828983
v -0.033333648 -0.21205218 -0.07828983
v -0.03430903 -0.20928872 -0.07828983
v -0.03540628 -0.20721605 -0.07828983
v -0.03719445 -0.20469642 -0.07828983
v -0.12656082 -0.1975845 -0.07828983
v -0.12672335 -0.20172969 -0.07828983
v -0.12550421 -0.19413014 -0.07828983
v -0.08437695 -0.18905021 -0.07828983
v -0.08583999 -0.18774968 -0.07828983
v -0.08319838 -0.19079763 -0.07828983
v -0.082629435 -0.19287026 -0.07828983
v -0.112418294 -0.21835132 -0.07828983
v -0.11497859 -0.21766041 -0.07828983
v -0.11733561 -0.21644118 -0.07828983
v -0.119570866 -0.21489695 -0.07828983
v -0.12180604 -0.21294625 -0.07828983
v -0.12375671 -0.21091425 -0.07828983
v -0.12489461 -0.20953253 -0.07828983
v -0.12582935 -0.2076224 -0.07828983
v -0.126317 -0.20648448 -0.07828983
v -0.12656082 -0.20530604 -0.07828983
v -0.124447525 -0.19156985 -0.07828983
v -0.12302514 -0.18888761 -0.07828983
v -0.12176537 -0.18714009 -0.07828983
v -0.120058514 -0.18523006 -0.07828983
v -0.11798587 -0.18368572 -0.07828983
v -0.116238356 -0.18287294 -0.07828983
v -0.11445029 -0.18230398 -0.07828983
v -0.11249951 -0.18189764 -0.07828983
v -0.109573536 -0.18177567 -0.07828983
v -0.10563151 -0.18214147 -0.07828983
v -0.10164874 -0.18287294 -0.07828983
v -0.094089806 -0.18445794 -0.07828983
v -0.09055413 -0.18531136 -0.07828983
v -0.08807515 -0.18624601 -0.07828983
v -0.073323004 -0.20408683 -0.07828983
v -0.07511117 -0.20778501 -0.07828983
v -0.07137232 -0.20051049 -0.07828983
v -0.06917772 -0.19717807 -0.07828983
v -0.06787729 -0.19587766 -0.07828983
v -0.06637361 -0.19490227 -0.07828983
v -0.06446358 -0.19408949 -0.07828983
v -0.06235028 -0.19343923 -0.07828983
v -0.059627473 -0.19295157 -0.07828983
v -0.057920612 -0.19278899 -0.07828983
v -0.05499453 -0.19307344 -0.07828983
v -0.051905937 -0.19384566 -0.07828983
v -0.04942696 -0.19490227 -0.07828983
v -0.046826016 -0.1963653 -0.07828983
v -0.04438758 -0.19811283 -0.07828983
v -0.0418273 -0.20018537 -0.07828983
v -0.03930765 -0.20258312 -0.07828983
v -0.07677738 -0.21099555 -0.07828983
v -0.07950019 -0.2101827 -0.07828983
v -0.078240424 -0.21188955 -0.07828983
v -0.11938404 -0.22613852 -0.07910099
v -0.118249774 -0.22627197 -0.07910099
v -0.12021803 -0.22563808 -0.07910099
v -0.117249064 -0.22613852 -0.07910099
v -0.12091859 -0.22490416 -0.07910099
v -0.11621492 -0.22563808 -0.07910099
v -0.12165242 -0.22390345 -0.07910099
v -0.11471379 -0.22473744 -0.07910099
v -0.122379355 -0.22241871 -0.07910099
v -0.122777544 -0.2211386 -0.07910099
v -0.11311251 -0.22370331 -0.07910099
v -0.12328964 -0.21943195 -0.07910099
v -0.11127778 -0.22236894 -0.07910099
v -0.12377316 -0.21721318 -0.07910099
v -0.10944308 -0.22103451 -0.07910099
v -0.12405764 -0.21530728 -0.07910099
v -0.124313645 -0.21246271 -0.07910099
v -0.10754158 -0.21960016 -0.07910099
v -0.12431451 -0.20870166 -0.07910099
v -0.10597368 -0.21846591 -0.07910099
v -0.123972885 -0.20581663 -0.07910099
v -0.12351736 -0.20365286 -0.07910099
v -0.104072295 -0.2173317 -0.07910099
v -0.10250437 -0.2162642 -0.07910099
v -0.122948006 -0.20141318 -0.07910099
v -0.12237858 -0.19993268 -0.07910099
v -0.121391594 -0.1981105 -0.07910099
v -0.1201389 -0.19655421 -0.07910099
v -0.11881019 -0.1954153 -0.07910099
v -0.11751958 -0.19461815 -0.07910099
v -0.115507625 -0.19385888 -0.07910099
v -0.11330594 -0.19313763 -0.07910099
v -0.11114218 -0.19283399 -0.07910099
v -0.10867468 -0.19306172 -0.07910099
v -0.106435016 -0.19370708 -0.07910099
v -0.104726784 -0.19461815 -0.07910099
v -0.10313236 -0.19571903 -0.07910099
v -0.101538025 -0.19697173 -0.07910099
v -0.10001961 -0.19883178 -0.07910099
v -0.09891871 -0.20053999 -0.07910099
v -0.09812156 -0.20281768 -0.07910099
v -0.09755211 -0.20490558 -0.07910099
v -0.09736228 -0.20706932 -0.07910099
v -0.10073634 -0.21499658 -0.07910099
v -0.09976889 -0.21416262 -0.07910099
v -0.098367825 -0.2126644 -0.07910099
v -0.097666 -0.21109314 -0.07910099
v -0.09728638 -0.2091192 -0.07910099
v -0.062188722 -0.24326889 -0.07910099
v -0.061207738 -0.24387263 -0.07910099
v -0.06275473 -0.24251425 -0.07910099
v -0.060302164 -0.2441368 -0.07910099
v -0.058906008 -0.24410279 -0.07910099
v -0.05736655 -0.24351421 -0.07910099
v -0.06332075 -0.24153328 -0.07910099
v -0.06392447 -0.23998618 -0.07910099
v -0.055645954 -0.24260865 -0.07910099
v -0.054242313 -0.24165778 -0.07910099
v -0.06456589 -0.23825054 -0.07910099
v -0.052566983 -0.24016355 -0.07910099
v -0.0656601 -0.23534508 -0.07910099
v -0.05034832 -0.23812604 -0.07910099
v -0.06641473 -0.23304346 -0.07910099
v -0.048265465 -0.23577146 -0.07910099
v -0.067131676 -0.23032664 -0.07910099
v -0.046092063 -0.23269251 -0.07910099
v -0.067773186 -0.22749679 -0.07910099
v -0.044955548 -0.23073661 -0.07910099
v -0.06826369 -0.22493088 -0.07910099
v -0.043971606 -0.22910802 -0.07910099
v -0.043089397 -0.22734359 -0.07910099
v -0.06871648 -0.22191234 -0.07910099
v -0.042512603 -0.22581673 -0.07910099
v -0.041833956 -0.22344165 -0.07910099
v -0.041766103 -0.22103266 -0.07910099
v -0.042376883 -0.21872544 -0.07910099
v -0.04322509 -0.21706288 -0.07910099
v -0.044717986 -0.2146538 -0.07910099
v -0.046075184 -0.2130252 -0.07910099
v -0.047432464 -0.21180372 -0.07910099
v -0.049196776 -0.21078582 -0.07910099
v -0.051029027 -0.21010719 -0.07910099
v -0.05252191 -0.20959821 -0.07910099
v -0.05489701 -0.20946252 -0.07910099
v -0.05717037 -0.20961158 -0.07910099
v -0.059358776 -0.21006437 -0.07910099
v -0.060905885 -0.21055484 -0.07910099
v -0.062395524 -0.21149834 -0.07910099
v -0.06399025 -0.21278766 -0.07910099
v -0.06565284 -0.21434842 -0.07910099
v -0.06882971 -0.21968608 -0.07910099
v -0.06701 -0.21570568 -0.07910099
v -0.068603255 -0.21836543 -0.07910099
v -0.06822597 -0.21727124 -0.07910099
v -0.014664829 -0.2701012 -0.07910099
v -0.013429892 -0.26988918 -0.07910099
v -0.015488016 -0.26994058 -0.07910099
v -0.016259838 -0.26942605 -0.07910099
v -0.0120407 -0.26916876 -0.07910099
v -0.016980112 -0.26886013 -0.07910099
v -0.01759758 -0.26813978 -0.07910099
v -0.01857512 -0.26628748 -0.07910099
v -0.010562719 -0.26815388 -0.07910099
v -0.008496704 -0.26632026 -0.07910099
v -0.019449865 -0.26433226 -0.07910099
v -0.02078761 -0.2606792 -0.07910099
v -0.0066961423 -0.26440918 -0.07910099
v -0.0050569433 -0.26251295 -0.07910099
v -0.0034442798 -0.2603101 -0.07910099
v -0.022485545 -0.2566145 -0.07910099
v -0.0023599518 -0.25814697 -0.07910099
v -0.0013715042 -0.25507593 -0.07910099
v -0.00077142846 -0.25196967 -0.07910099
v -0.023771813 -0.2537331 -0.07910099
v -0.00045374763 -0.2496753 -0.07910099
v -0.024492182 -0.25157216 -0.07910099
v -0.02500675 -0.24889658 -0.07910099
v -0.024903836 -0.24652985 -0.07910099
v -0.02456279 -0.24501584 -0.07910099
v -0.0238215 -0.24356861 -0.07910099
v -0.022903742 -0.24205077 -0.07910099
v -0.02173884 -0.2405682 -0.07910099
v -0.020221008 -0.23926218 -0.07910099
v -0.018703187 -0.23816788 -0.07910099
v -0.00031255613 -0.24575713 -0.07910099
v -0.01700889 -0.23721488 -0.07910099
v -0.0152439 -0.23643826 -0.07910099
v -0.013584852 -0.2358735 -0.07910099
v -0.011502291 -0.23555584 -0.07910099
v -0.009031369 -0.23562644 -0.07910099
v -0.0072664754 -0.23590875 -0.07910099
v -0.0060309544 -0.23636763 -0.07910099
v -0.0044072643 -0.23725012 -0.07910099
v -0.0029599322 -0.23827384 -0.07910099
v -0.0018657221 -0.23922685 -0.07910099
v -0.0009832395 -0.24039176 -0.07910099
v -0.00038313997 -0.24183898 -0.07910099
v -0.18731572 0.23538736 -0.072416686
v -0.21304233 0.07203058 -0.07032728
v -0.16305827 0.22041647 -0.071896724
v -0.21997869 0.064888336 -0.07032728
v -0.18671188 0.021843975 -0.06960248
v -0.20570827 0.06882501 -0.07021326
v -0.20547032 0.071169354 -0.07023587
v -0.15849487 0.21793461 -0.07180902
v -0.15537271 0.2159332 -0.07174452
v -0.15313114 0.21377166 -0.07168601
v -0.15160996 0.21144994 -0.07163177
v -0.14976855 0.20696668 -0.07153793
v -0.1469665 0.19759993 -0.071354836
v -0.14392437 0.18423027 -0.07111039
v -0.13888067 0.16221434 -0.0707302
v -0.1336769 0.14476164 -0.07044007
v -0.120787576 0.10609368 -0.06986309
v -0.20368491 0.07015594 -0.07020619
v -0.11366238 0.08623927 -0.069608144
v -0.02455775 -0.028643915 -0.064682476
v -0.03208328 -0.023039816 -0.06499328
v -0.029041005 -0.03600925 -0.06501984
v -0.16246177 0.022645658 -0.06940219
v -0.15845394 0.022757037 -0.06937341
v -0.10989963 0.07791324 -0.069505535
v -0.099171944 0.058779456 -0.069249704
v -0.088444166 0.040446088 -0.06872555
v -0.079077385 0.024594665 -0.06806464
v -0.06786928 0.012265712 -0.06728217
v -0.15906619 0.022005547 -0.06937341
v -0.035990607 -0.04537266 -0.06557377
v -0.041289996 -0.015114063 -0.06547329
v -0.038767166 -0.047917258 -0.06577711
v -0.04603481 -0.05413725 -0.06630397
v -0.053138655 -0.0041461177 -0.066216946
v -0.05173084 -0.058214694 -0.0666902
v -0.058386024 -0.062394854 -0.06710821
v -0.060841557 -0.0637683 -0.06725141
v -0.062375646 -0.06453458 -0.06733648
v -0.064051986 -0.06516323 -0.0674225
v -0.0656236 -0.06561727 -0.06749828
v -0.067509465 -0.06600141 -0.06758352
v -0.06929053 -0.06614117 -0.067657225
v -0.07136293 -0.0658706 -0.0677319
v -0.07802304 -0.06407273 -0.067944504
v -0.08620094 -0.06089477 -0.068170905
v -0.08990509 -0.058451634 -0.068271
v -0.09124492 -0.05719058 -0.06829902
v -0.091954164 -0.056008417 -0.068307064
v -0.09605243 -0.056244846 -0.068420164
v -0.0985732 -0.055792164 -0.06849351
v -0.10327756 -0.053628147 -0.068592444
v -0.16081963 0.020558223 -0.06937341
v -0.11541462 -0.04341985 -0.06878077
v -0.11353296 -0.045630887 -0.068771146
v -0.1160261 -0.041349918 -0.0687973
v -0.14579348 -0.019197406 -0.069059804
v -0.14614713 -0.020647718 -0.06904911
v -0.14497982 -0.01813626 -0.069059804
v -0.1816621 0.0013191175 -0.06942307
v -0.18074234 -0.00016656854 -0.06940826
v -0.18190975 0.0029817314 -0.06944104
v -0.122329906 -0.04092655 -0.068859294
v -0.1210127 -0.040550172 -0.06885264
v -0.12350603 -0.04092655 -0.06887335
v -0.14611177 -0.023265375 -0.06904911
v -0.14558122 -0.024432743 -0.069029436
v -0.14621787 -0.022027297 -0.06904911
v -0.1580327 -0.019338889 -0.06913278
v -0.15651172 -0.019162055 -0.069122486
v -0.1593061 -0.019162055 -0.069142826
v -0.1802826 0.008075493 -0.069448315
v -0.18095462 0.0070496053 -0.069448315
v -0.17949526 0.008673669 -0.06944831
v -0.10666461 -0.051652398 -0.06865336
v -0.11061623 -0.048876826 -0.06871885
v -0.1160261 -0.03979754 -0.06879061
v -0.1160261 -0.03749244 -0.06880573
v -0.11993071 -0.039985716 -0.068839096
v -0.11757862 -0.03848036 -0.06882151
v -0.12482325 -0.04078546 -0.06887335
v -0.12609333 -0.040361997 -0.068885595
v -0.12750468 -0.039703455 -0.068885595
v -0.13032727 -0.03815098 -0.06890299
v -0.13305573 -0.036457498 -0.06892113
v -0.13672511 -0.033587843 -0.06894846
v -0.13987695 -0.030859366 -0.06896936
v -0.14260551 -0.028036779 -0.06899904
v -0.1449576 -0.025402417 -0.06902219
v -0.15003823 -0.01689816 -0.069098204
v -0.14618252 -0.015518603 -0.069067776
v -0.15438926 -0.018419223 -0.069110416
v -0.1611102 -0.018419223 -0.06915922
v -0.16588567 -0.015058713 -0.06920995
v -0.1708024 -0.011203027 -0.069266796
v -0.1762146 -0.0060031847 -0.069337636
v -0.17915055 -0.002465815 -0.06937341
v -0.18187438 0.004396641 -0.069441035
v -0.18152054 0.005811599 -0.06944831
v -0.17779748 0.00992619 -0.06944104
v -0.1741236 0.012097115 -0.06942307
v -0.14459072 -0.015058713 -0.069059804
v -0.16627489 0.016939951 -0.06939108
v -0.14314048 -0.015483228 -0.06904911
v -0.1438126 -0.017004266 -0.06904911
v -0.18576916 0.29050347 -0.07681322
v -0.17835908 0.12509878 -0.07400118
v -0.17034188 0.2790552 -0.07639451
v -0.15770689 0.26963115 -0.07606222
v -0.14409457 0.25916013 -0.07570555
v -0.13515922 0.25217947 -0.07547548
v -0.12322225 0.24254604 -0.075171284
v -0.11365872 0.23395987 -0.07491818
v -0.10430455 0.2253037 -0.07468049
v -0.096486054 0.21734574 -0.074473225
v -0.19222137 0.092046484 -0.073699385
v -0.16934961 0.085926704 -0.07342048
v -0.17823349 0.12340323 -0.07397953
v -0.090203516 0.21057454 -0.07430836
v -0.176538 0.12365446 -0.073958434
v -0.0852472 0.2042918 -0.07416715
v -0.081338 0.19912615 -0.074055366
v -0.07763827 0.19312274 -0.07393669
v -0.073240414 0.18411766 -0.0737734
v -0.06772562 0.17266928 -0.07357946
v -0.062420387 0.16003428 -0.073382586
v -0.05795262 0.1476784 -0.07320898
v -0.14703421 0.080363356 -0.073187076
v -0.13905998 0.078694336 -0.07309459
v -0.053554874 0.13357739 -0.07303073
v -0.13726734 0.077643484 -0.073068514
v -0.04925968 0.117471315 -0.072792396
v -0.046035916 0.105605364 -0.07247922
v -0.04233214 0.0949054 -0.07209799
v -0.03862828 0.08564575 -0.07168525
v -0.03485587 0.07871826 -0.071303785
v -0.031220643 0.07254525 -0.07092905
v -0.026350716 0.06527476 -0.07044301
v 0.046389934 0.019110043 -0.066631936
v 0.04404464 0.019577874 -0.06664918
v 0.048677757 0.017239416 -0.066631936
v -0.080978565 -0.036177505 -0.07110703
v -0.08118272 -0.037289556 -0.07112457
v -0.07697861 -0.033139054 -0.07090672
v -0.15616897 0.030840859 -0.07275473
v -0.15654863 0.029227128 -0.07274747
v -0.15488748 0.03207485 -0.07275474
v -0.08101643 -0.038675483 -0.071115226
v -0.08024033 -0.039673284 -0.07109302
v -0.07813379 -0.0416136 -0.071020186
v -0.073754236 -0.0446626 -0.070845224
v -0.07551699 -0.03183135 -0.07083999
v -0.17062894 0.04330517 -0.07297619
v -0.1697235 0.04300329 -0.072965994
v -0.18205506 0.057275284 -0.07320898
v -0.18809155 0.076160856 -0.07346365
v -0.1884796 0.074781075 -0.07345571
v -0.18709989 0.077066325 -0.07346364
v -0.12547876 0.0021687597 -0.07237421
v -0.12617116 0.0013611444 -0.07237421
v -0.12420958 0.0027072148 -0.07237421
v 0.047046006 0.008453036 -0.066631936
v 0.0484267 0.01284616 -0.066631936
v 0.043405864 0.0039342754 -0.066631936
v -0.091363244 -0.036523685 -0.07152016
v -0.09017097 -0.036562085 -0.071479045
v -0.09328628 -0.035677444 -0.0715973
v -0.10263258 -0.025869736 -0.07187965
v -0.10224795 -0.026946753 -0.0718771
v -0.102517225 -0.024600515 -0.07187965
v -0.12647878 0.00039960258 -0.07236623
v -0.12632497 -0.0011773752 -0.07236623
v -0.1858495 0.07762688 -0.07346364
v -0.13998722 0.0772725 -0.073094584
v -0.18826406 0.07314257 -0.07343524
v -0.1878329 0.07081419 -0.07339743
v -0.18722922 0.06814092 -0.07337039
v -0.18645312 0.065553896 -0.073335305
v -0.18550453 0.06318238 -0.07330139
v -0.18377985 0.06012106 -0.07325297
v -0.14700197 0.0416405 -0.07278774
v -0.12218694 0.040570345 -0.07264407
v -0.12090557 0.040000737 -0.07263331
v -0.022372575 0.059856236 -0.0700629
v -0.017365513 0.053751707 -0.0695954
v 0.012103542 -0.028529996 -0.066820815
v 0.014421766 -0.02343615 -0.06673258
v 0.007771939 -0.033076536 -0.06697168
v -0.06444098 -0.04931923 -0.07047643
v -0.0475883 -0.046880107 -0.06955888
v -0.06599317 -0.048986647 -0.070545085
v -0.100209475 -0.030715937 -0.0718089
v -0.09755559 -0.033254426 -0.07172533
v -0.10159411 -0.02840823 -0.07185149
v -0.102055624 -0.023639 -0.07187477
v -0.10101714 -0.022408202 -0.07184462
v -0.10786336 -0.01806203 -0.07203738
v -0.086055554 -0.0115620475 -0.071352415
v -0.10894028 -0.018023554 -0.072057605
v -0.1417408 0.006303648 -0.07248492
v -0.14041193 0.0063510956 -0.072477214
v -0.14297478 0.006635816 -0.072494544
v -0.15346374 0.032976553 -0.07275473
v -0.14848022 0.03416307 -0.07272949
v 0.025992809 0.027876878 -0.067013405
v 0.019243164 0.030703679 -0.06727632
v 0.030954143 0.025569359 -0.06687195
v 0.017062625 -0.020498265 -0.06668383
v 0.008224397 0.03554959 -0.06779909
v 0.013012561 0.033357475 -0.067546226
v 0.02039292 -0.017991586 -0.06664918
v 0.02301073 -0.01673816 -0.066631936
v 0.025636075 -0.016647616 -0.066631936
v 0.027034795 -0.016989982 -0.066631936
v 0.028468905 -0.016400067 -0.066631936
v 0.031381637 -0.014592076 -0.066631936
v 0.034238115 -0.010652435 -0.066631936
v 0.03707889 -0.006095551 -0.066631936
v 0.039675992 0.00020477995 -0.066631936
v 0.002253503 -0.03709002 -0.067180716
v -0.0065260665 -0.043110207 -0.06759124
v -0.015932605 -0.048001673 -0.068077974
v -0.023332473 -0.05151349 -0.06849561
v -0.04515804 -0.046124272 -0.06941624
v -0.041979697 -0.0449942 -0.06922634
v -0.06754537 -0.048210572 -0.070605986
v -0.06965199 -0.046990957 -0.07068885
v -0.08847865 -0.036254402 -0.07141631
v -0.095555566 -0.03456213 -0.07166404
v -0.09955561 -0.021292785 -0.07180488
v -0.08474793 -0.012446686 -0.071293615
v -0.110171 -0.017715875 -0.072086535
v -0.11386337 -0.015792817 -0.072159044
v -0.11797879 -0.012869743 -0.0722293
v -0.120978735 -0.009946571 -0.07227907
v -0.123786524 -0.0065620393 -0.072315454
v -0.1252095 -0.0043312255 -0.07233587
v -0.14387654 0.0072528212 -0.07250401
v -0.14781573 0.011287039 -0.07255528
v -0.15142287 0.015510971 -0.07260808
v -0.15393831 0.019829929 -0.07265627
v -0.15555197 0.024291283 -0.072697505
v -0.15635876 0.027566025 -0.07272949
v -0.0142745 0.050606627 -0.06933701
v 0.0416186 0.019856581 -0.06666527
v 0.038569093 0.021103157 -0.06670065
v -0.034987353 -0.047324974 -0.068924814
v -0.13443188 0.036678504 -0.07266955
v -0.10563252 0.00909192 -0.07217627
v -0.12171234 0.039004087 -0.07263331
v -0.010005474 0.047029816 -0.068988055
v -0.005736496 0.04351078 -0.068676576
v -0.0018135287 0.040741704 -0.068400435
v -0.08463248 -0.011677449 -0.071293615
v 0.0036092184 0.03774183 -0.06806686
v 0.20400743 0.13254456 -0.06509712
v 0.2113457 0.12578562 -0.06509712
v 0.21810475 0.11870482 -0.06509712
v 0.22286825 0.11233202 -0.06509712
v 0.22898343 0.10293388 -0.06509712
v 0.20156129 -0.015251289 -0.06509712
v 0.23162262 0.0988141 -0.06509712
v 0.23278125 0.09636801 -0.06509712
v 0.23342502 0.09411509 -0.06509712
v 0.20696859 -0.011195921 -0.06509712
v 0.2117964 -0.0062394054 -0.06509712
v 0.21630238 -0.0010897061 -0.06509712
v 0.2574355 0.039978962 -0.06509712
v 0.2584654 0.04294009 -0.06509712
v 0.2524145 0.04023649 -0.06509712
v 0.2200359 0.003738068 -0.06509712
v 0.22376938 0.009209716 -0.06509712
v 0.22602227 0.012685724 -0.06509712
v 0.22692361 0.015582415 -0.06509712
v 0.22994904 0.016483562 -0.06509712
v 0.23291002 0.018157255 -0.06509712
v 0.23651484 0.020152753 -0.06509712
v 0.2399265 0.022856286 -0.06509712
v 0.24288757 0.025559891 -0.06509712
v 0.24584861 0.029615236 -0.06509712
v 0.24823037 0.033026945 -0.06509712
v 0.2506765 0.036824785 -0.06509712
v 0.23503433 0.09360008 -0.06509712
v 0.25923777 0.04622301 -0.06509712
v 0.24732926 0.07724979 -0.06509712
v 0.24514055 0.077507295 -0.06509712
v 0.24945334 0.07641306 -0.06509712
v 0.25679174 0.06913909 -0.06509712
v 0.2551824 0.07119894 -0.06509712
v 0.2580148 0.0662424 -0.06509712
v 0.23612861 0.0924414 -0.06509712
v 0.23754485 0.090381555 -0.06509712
v 0.23908965 0.0865836 -0.06509712
v 0.2399909 0.08349383 -0.06509712
v 0.24301635 0.07731423 -0.06509712
v 0.24089213 0.07699239 -0.06509712
v 0.25138462 0.07518994 -0.06509712
v 0.25331566 0.07332318 -0.06509712
v 0.25910908 0.063860625 -0.06509712
v 0.2596241 0.061221447 -0.06509712
v 0.2601391 0.058131684 -0.06509712
v 0.26033217 0.055170596 -0.06509712
v 0.25988153 0.050020874 -0.06509712
v 0.24044155 0.080082156 -0.06509712
v -0.20572229 0.02148433 -0.06979316
v -0.20725472 0.021654934 -0.06981111
v -0.20866077 0.02186579 -0.06982814
v -0.20975032 0.022287624 -0.069843255
v -0.21083994 0.022709455 -0.06986309
v -0.21199992 0.023482671 -0.069877125
v -0.21614745 0.026470358 -0.069946535
v -0.22405599 0.03307846 -0.070091
v -0.23034771 0.03908892 -0.07021326
v -0.23168336 0.06161952 -0.07044007
v -0.23372205 0.04351769 -0.07029732
v -0.23646371 0.04766532 -0.070368744
v -0.23709635 0.04945788 -0.07039296
v -0.23776416 0.052058913 -0.07042527
v -0.23460077 0.0607056 -0.07046697
v -0.238186 0.05378122 -0.07044007
v -0.23822108 0.055749573 -0.07046697
v -0.237729 0.057436775 -0.0704781
v -0.23713143 0.058631826 -0.0704781
v -0.2360419 0.059967477 -0.0704781
v -0.23774652 0.07474484 -0.070652
v -0.25407806 0.07686099 -0.070892245
v -0.22512975 0.25836766 -0.073285304
v -0.29962263 0.30396882 -0.07514495
v -0.30087656 0.3034509 -0.07515421
v -0.2984233 0.30394158 -0.075126864
v -0.30199412 0.30268767 -0.07515421
v -0.30292094 0.30154285 -0.07515421
v -0.2971149 0.30366895 -0.075102866
v -0.29537028 0.3027967 -0.07506182
v -0.3037743 0.30003297 -0.07514495
v -0.3049233 0.29686326 -0.07509858
v -0.2918267 0.300616 -0.07497124
v -0.30654782 0.29151455 -0.0750302
v -0.27462128 0.29010412 -0.07453444
v -0.3081722 0.28525448 -0.0749474
v -0.3091627 0.27986607 -0.074868396
v -0.30979663 0.27408138 -0.074767165
v -0.3098363 0.2696835 -0.074684866
v -0.30963823 0.26655352 -0.07462351
v -0.25633723 0.27864015 -0.07407008
v -0.30924198 0.262948 -0.074550785
v -0.30844954 0.26104614 -0.07450463
v -0.30718172 0.25898582 -0.07444914
v -0.3057553 0.2572426 -0.07439744
v -0.30405173 0.2557766 -0.07434719
v -0.29965377 0.25169563 -0.074212216
v -0.2961274 0.2487241 -0.07410989
v -0.29303712 0.24587142 -0.07401584
v -0.2374161 0.26629233 -0.0735894
v -0.29216543 0.24357343 -0.073961616
v -0.23176447 0.26229927 -0.073442474
v -0.30804035 0.15179117 -0.07265915
v -0.30725214 0.15076654 -0.0726318
v -0.30859202 0.15309164 -0.07268682
v -0.31360024 0.18996656 -0.07333591
v -0.31439266 0.1880251 -0.07331457
v -0.31260973 0.19119474 -0.07333591
v -0.31142113 0.19214566 -0.07333591
v -0.31019288 0.19277962 -0.07332766
v -0.30769682 0.19309658 -0.07329525
v -0.30476478 0.19258152 -0.07324293
v -0.3151454 0.18537055 -0.073285304
v -0.31538323 0.18077454 -0.07321438
v -0.30088195 0.19131364 -0.07316451
v -0.31502664 0.17625771 -0.07313801
v -0.31423423 0.17225607 -0.07306357
v -0.2978312 0.19099666 -0.07311452
v -0.31332287 0.16857138 -0.07299271
v -0.29596892 0.19103627 -0.07308808
v -0.311193 0.16124915 -0.07284849
v -0.30945906 0.15592901 -0.07274214
v -0.30646405 0.14986022 -0.07260623
v -0.30528185 0.14887498 -0.07257336
v -0.30402073 0.14785035 -0.072538756
v -0.30244443 0.14706223 -0.072502725
v -0.2999079 0.14602216 -0.072448246
v -0.2911343 0.142412 -0.072261915
v -0.27708855 0.13693248 -0.07197564
v -0.25878215 0.13013123 -0.07163177
v -0.2514323 0.12755556 -0.071488865
v -0.24877635 0.1261509 -0.07143454
v -0.31272867 0.24832796 -0.07432284
v -0.3136398 0.2474958 -0.07432284
v -0.31150028 0.24892218 -0.07432284
v -0.3096778 0.24939764 -0.07430623
v -0.30813265 0.24939764 -0.074284896
v -0.31478882 0.24599026 -0.074315675
v -0.3063496 0.24896179 -0.074252374
v -0.31566048 0.24408849 -0.074284896
v -0.2940276 0.24404879 -0.073995136
v -0.31641334 0.24214707 -0.07426947
v -0.3175623 0.23766997 -0.07420595
v -0.3185924 0.23236072 -0.0741269
v -0.3189094 0.22883451 -0.07407008
v -0.31883016 0.22507052 -0.074002825
v -0.31815666 0.22011796 -0.07390714
v -0.31740382 0.2151653 -0.07381095
v -0.3164529 0.21029198 -0.07371384
v -0.31581897 0.2077959 -0.073662154
v -0.31538323 0.20640914 -0.073632255
v -0.31486815 0.20533943 -0.07360654
v -0.31435308 0.2042696 -0.0735894
v -0.31344172 0.20316021 -0.07354855
v -0.3125305 0.20236778 -0.07352159
v -0.31102487 0.20137727 -0.07348245
v -0.30896464 0.20006977 -0.07342981
v -0.30175373 0.19555305 -0.07324766
v -0.2976727 0.19329464 -0.073150374
v -0.29691988 0.19242303 -0.07312492
v -0.2481633 0.1251549 -0.071412675
v -0.24944024 0.1246952 -0.071412675
v -0.25228378 0.12487282 -0.071462534
v -0.26341352 0.0779979 -0.07103627
v -0.26166487 0.12523265 -0.07159382
v -0.2668107 0.07842252 -0.07109011
v -0.27741417 0.12545593 -0.071820505
v -0.26924276 0.07888576 -0.07113079
v -0.2706712 0.07938764 -0.07115733
v -0.27186787 0.080043904 -0.0711822
v -0.27321908 0.08081606 -0.07121074
v -0.27445444 0.08178109 -0.07123978
v -0.2761144 0.08324813 -0.07128087
v -0.27777427 0.08525547 -0.071328185
v -0.28256127 0.09235872 -0.07148168
v -0.2860743 0.09884425 -0.071611755
v -0.28846774 0.10370842 -0.071707346
v -0.2902436 0.10857258 -0.071794756
v -0.28609607 0.12520997 -0.071946435
v -0.2912242 0.11137227 -0.07184505
v -0.2918354 0.11364231 -0.071883276
v -0.29218462 0.11524292 -0.07190912
v -0.29253376 0.1170183 -0.071937375
v -0.29250613 0.11854557 -0.07195719
v -0.29215002 0.12009718 -0.07197564
v -0.28698632 0.12500651 -0.07195719
v -0.28846166 0.12444687 -0.07197564
v -0.28996244 0.12355658 -0.07198324
v -0.2917685 0.121343635 -0.07198324
v -0.29105628 0.12256455 -0.07198324
v -0.21603613 0.1309309 -0.074473225
v -0.20458455 0.095322676 -0.07386208
v -0.20520265 0.09587897 -0.07387559
v -0.21002427 0.10255515 -0.07400118
v -0.21348582 0.10904565 -0.07413631
v -0.21663848 0.11596902 -0.07426559
v -0.21787472 0.11955434 -0.0743294
v -0.21849287 0.12171791 -0.07436686
v -0.21892567 0.1249941 -0.07441683
v -0.21920593 0.12811688 -0.074463755
v -0.217621 0.13086618 -0.07448863
v -0.21914123 0.12957238 -0.07448863
v -0.21862376 0.13047802 -0.07448863
v -0.1941568 0.29641587 -0.077020265
v -0.22594467 0.14236261 -0.07475606
v -0.22489016 0.14180218 -0.07474097
v -0.2289859 0.14726509 -0.07486679
v -0.23425142 0.18003848 -0.07547168
v -0.2344785 0.17758718 -0.0754258
v -0.23370671 0.18076466 -0.07547168
v -0.23261741 0.18149096 -0.07547168
v -0.23098321 0.18167256 -0.075456396
v -0.18917762 0.1678301 -0.074699
v -0.23434226 0.17036985 -0.07530222
v -0.2335706 0.16229 -0.07515971
v -0.2318003 0.154891 -0.075019665
v -0.18631358 0.16753641 -0.07466127
v -0.18895742 0.16959271 -0.0747191
v -0.21010785 0.17906632 -0.07512694
v -0.20791999 0.3060895 -0.07737651
v -0.23458676 0.23261252 -0.07632447
v -0.23528321 0.2303838 -0.076299146
v -0.2337973 0.23344831 -0.07632889
v -0.23277593 0.2340055 -0.07632447
v -0.2314757 0.2340055 -0.07630675
v -0.2337553 0.1922854 -0.07566004
v -0.23464124 0.19335894 -0.07568924
v -0.23124026 0.2384222 -0.07638003
v -0.23024563 0.23720656 -0.07634547
v -0.23179284 0.24019039 -0.076420955
v -0.2355626 0.19481193 -0.07572311
v -0.236236 0.19743435 -0.07577502
v -0.28252798 0.35247967 -0.07917314
v -0.2842199 0.35216948 -0.079188995
v -0.28097698 0.3523105 -0.07915013
v -0.22372809 0.31725743 -0.077767745
v -0.2367049 0.32582992 -0.07808967
v -0.2372363 0.20542085 -0.07591266
v -0.23773669 0.21280248 -0.07603984
v -0.23736143 0.22005907 -0.07615312
v -0.23623542 0.22593932 -0.076235205
v -0.22405703 0.23344909 -0.07619765
v -0.21085082 0.22659731 -0.07591266
v -0.22820118 0.23571467 -0.076299146
v -0.23179284 0.24869977 -0.076568335
v -0.23140605 0.25157306 -0.076620996
v -0.23074296 0.25483322 -0.07666433
v -0.2296932 0.25820377 -0.07671162
v -0.2316271 0.26174018 -0.0768013
v -0.22847751 0.26019302 -0.07673209
v -0.24300976 0.26870242 -0.07707933
v -0.2709693 0.2875448 -0.077811055
v -0.26030493 0.2803615 -0.07752877
v -0.28583324 0.29986688 -0.07824426
v -0.29649758 0.30986816 -0.07857782
v -0.29721588 0.31097338 -0.078608
v -0.29782373 0.31246525 -0.07864352
v -0.29810005 0.31439918 -0.07868223
v -0.29810005 0.3165542 -0.07872099
v -0.29671866 0.32533988 -0.07886039
v -0.29483992 0.33362824 -0.07898565
v -0.2927954 0.34103253 -0.07909413
v -0.29146802 0.34530574 -0.07915013
v -0.29022306 0.34760126 -0.07917314
v -0.28925046 0.34888518 -0.079188995
v -0.28830886 0.34991354 -0.07919818
v -0.28720903 0.35081598 -0.07919818
v -0.28571448 0.35163373 -0.07919818
v -0.27936962 0.35191572 -0.0791222
v -0.27719828 0.35121074 -0.07908127
v -0.27573186 0.35044935 -0.07904823
v -0.27266735 0.34857818 -0.07897385
v -0.25156346 0.33521244 -0.07845138
v -0.26319396 0.34238774 -0.07873621
v -0.21190067 0.22543697 -0.075901546
v -0.2098563 0.22527122 -0.07587979
vt 0.3605957 0.027496338
vt 0.35742188 0.027435303
vt 0.36645508 0.031707764
vt 0.33911133 0.02885437
vt 0.32641602 0.03793335
vt 0.34814453 0.028030396
vt 0.40478516 0.20581055
vt 0.40649414 0.20361328
vt 0.4025879 0.20715332
vt 0.39990234 0.2076416
vt 0.39770508 0.20727539
vt 0.39575195 0.20629883
vt 0.4074707 0.20019531
vt 0.3942871 0.20483398
vt 0.39233398 0.203125
vt 0.40966797 0.19177246
vt 0.390625 0.20227051
vt 0.41186523 0.18286133
vt 0.38891602 0.20178223
vt 0.41381836 0.17272949
vt 0.4140625 0.16564941
vt 0.41333008 0.15808105
vt 0.4128418 0.15258789
vt 0.41186523 0.1484375
vt 0.41015625 0.14440918
vt 0.39819336 0.12084961
vt 0.36645508 0.3671875
vt 0.36743164 0.36645508
vt 0.3647461 0.36767578
vt 0.34301758 0.43481445
vt 0.34521484 0.43554688
vt 0.3408203 0.4333496
vt 0.42163086 0.1159668
vt 0.42260742 0.11437988
vt 0.42041016 0.117126465
vt 0.41918945 0.11791992
vt 0.4169922 0.11853027
vt 0.38842773 0.28271484
vt 0.3894043 0.28051758
vt 0.38720703 0.28393555
vt 0.38598633 0.28515625
vt 0.38452148 0.28588867
vt 0.38110352 0.2861328
vt 0.3828125 0.2861328
vt 0.37939453 0.2854004
vt 0.3630371 0.36816406
vt 0.36157227 0.36791992
vt 0.36132812 0.3955078
vt 0.3605957 0.390625
vt 0.36108398 0.39819336
vt 0.35058594 0.4338379
vt 0.35205078 0.4321289
vt 0.34887695 0.4350586
vt 0.34716797 0.43579102
vt 0.33911133 0.43066406
vt 0.35302734 0.43017578
vt 0.3540039 0.42797852
vt 0.33691406 0.4267578
vt 0.3552246 0.42285156
vt 0.3347168 0.42211914
vt 0.35742188 0.41381836
vt 0.31713867 0.3791504
vt 0.35961914 0.40527344
vt 0.36035156 0.40185547
vt 0.359375 0.38549805
vt 0.35473633 0.36572266
vt 0.30419922 0.34570312
vt 0.35473633 0.3642578
vt 0.29492188 0.3190918
vt 0.28735352 0.29541016
vt 0.28198242 0.10192871
vt 0.28076172 0.109375
vt 0.28857422 0.08709717
vt 0.36938477 0.032348633
vt 0.38476562 0.041625977
vt 0.40771484 0.05609131
vt 0.4020996 0.05203247
vt 0.41577148 0.06311035
vt 0.42089844 0.06781006
vt 0.42333984 0.07006836
vt 0.4243164 0.07159424
vt 0.42529297 0.07342529
vt 0.4260254 0.07562256
vt 0.42626953 0.077941895
vt 0.4260254 0.084350586
vt 0.42529297 0.09399414
vt 0.4248047 0.10211182
vt 0.42407227 0.107910156
vt 0.42358398 0.11077881
vt 0.4230957 0.1126709
vt 0.41357422 0.11920166
vt 0.40942383 0.119262695
vt 0.3930664 0.21484375
vt 0.39086914 0.20874023
vt 0.3947754 0.2211914
vt 0.39648438 0.22875977
vt 0.39746094 0.23742676
vt 0.3972168 0.2446289
vt 0.39648438 0.2524414
vt 0.3947754 0.2590332
vt 0.39135742 0.27392578
vt 0.3803711 0.30444336
vt 0.37841797 0.29736328
vt 0.38134766 0.30908203
vt 0.3815918 0.31201172
vt 0.38134766 0.31469727
vt 0.37841797 0.32958984
vt 0.37963867 0.3227539
vt 0.3762207 0.33862305
vt 0.37158203 0.3569336
vt 0.36987305 0.36254883
vt 0.36914062 0.36401367
vt 0.36816406 0.36523438
vt 0.36010742 0.36743164
vt 0.35864258 0.36669922
vt 0.28320312 0.28149414
vt 0.27856445 0.26464844
vt 0.27441406 0.2454834
vt 0.27294922 0.23046875
vt 0.27075195 0.2088623
vt 0.27197266 0.22021484
vt 0.27026367 0.19604492
vt 0.27026367 0.18554688
vt 0.2709961 0.17529297
vt 0.27197266 0.15844727
vt 0.27392578 0.1430664
vt 0.27685547 0.12420654
vt 0.29541016 0.072509766
vt 0.30078125 0.064331055
vt 0.30908203 0.054016113
vt 0.3166504 0.045135498
vt 0.3996582 0.11846924
vt 0.39746094 0.11883545
vt 0.38964844 0.20471191
vt 0.3564453 0.3647461
vt 0.38085938 0.31762695
vt 0.37646484 0.2890625
vt 0.37573242 0.28515625
vt 0.37597656 0.2836914
vt 0.37768555 0.2841797
vt 0.7836914 0.03427124
vt 0.7758789 0.035064697
vt 0.7729492 0.13293457
vt 0.7685547 0.036193848
vt 0.7602539 0.03778076
vt 0.76953125 0.13269043
vt 0.76464844 0.1315918
vt 0.7548828 0.12963867
vt 0.7548828 0.039154053
vt 0.74853516 0.041168213
vt 0.73779297 0.12548828
vt 0.7397461 0.044067383
vt 0.7314453 0.04727173
vt 0.71972656 0.12017822
vt 0.7192383 0.0519104
vt 0.70996094 0.056121826
vt 0.7138672 0.11810303
vt 0.7114258 0.117004395
vt 0.7089844 0.115356445
vt 0.70703125 0.113342285
vt 0.7050781 0.11102295
vt 0.7036133 0.10852051
vt 0.69921875 0.10058594
vt 0.6933594 0.09124756
vt 0.69921875 0.06021118
vt 0.6894531 0.08526611
vt 0.69384766 0.062438965
vt 0.68603516 0.08081055
vt 0.69140625 0.0637207
vt 0.6899414 0.064941406
vt 0.68847656 0.06640625
vt 0.6870117 0.07019043
vt 0.6855469 0.07556152
vt 0.68408203 0.07928467
vt 0.7915039 0.034057617
vt 0.7998047 0.034118652
vt 0.80810547 0.03475952
vt 0.8154297 0.03543091
vt 0.9609375 0.056121826
vt 0.77490234 0.13464355
vt 0.77734375 0.13647461
vt 0.78027344 0.13781738
vt 0.7832031 0.13891602
vt 0.7866211 0.14001465
vt 0.79003906 0.14086914
vt 0.7949219 0.14160156
vt 0.80029297 0.14196777
vt 0.80615234 0.14221191
vt 0.82128906 0.14221191
vt 0.8359375 0.14172363
vt 0.9633789 0.056488037
vt 0.96484375 0.056854248
vt 0.9658203 0.057647705
vt 0.9667969 0.058746338
vt 0.96728516 0.060028076
vt 0.96777344 0.061309814
vt 0.96777344 0.06274414
vt 0.96777344 0.06390381
vt 0.9658203 0.06719971
vt 0.9628906 0.07171631
vt 0.95947266 0.0770874
vt 0.95654297 0.08148193
vt 0.92041016 0.107177734
vt 0.92089844 0.105895996
vt 0.9194336 0.107910156
vt 0.85595703 0.1348877
vt 0.8564453 0.13342285
vt 0.85546875 0.13598633
vt 0.953125 0.08544922
vt 0.94970703 0.08917236
vt 0.9448242 0.09320068
vt 0.93896484 0.097717285
vt 0.9345703 0.10107422
vt 0.9326172 0.10211182
vt 0.93115234 0.10296631
vt 0.9296875 0.103393555
vt 0.9277344 0.103881836
vt 0.92529297 0.104003906
vt 0.92333984 0.103759766
vt 0.92089844 0.10321045
vt 0.92089844 0.10461426
vt 0.9086914 0.116882324
vt 0.9145508 0.11187744
vt 0.90283203 0.12145996
vt 0.89501953 0.12597656
vt 0.8876953 0.1295166
vt 0.87939453 0.13256836
vt 0.8720703 0.13464355
vt 0.8691406 0.13476562
vt 0.86621094 0.13427734
vt 0.8618164 0.13305664
vt 0.85839844 0.13183594
vt 0.8535156 0.13745117
vt 0.8520508 0.1385498
vt 0.85009766 0.1394043
vt 0.84765625 0.14013672
vt 0.84472656 0.14074707
vt 0.8564453 0.13171387
vt 0.64990234 0.9267578
vt 0.6464844 0.9223633
vt 0.64501953 0.9267578
vt 0.62890625 0.9267578
vt 0.640625 0.9160156
vt 0.6328125 0.9091797
vt 0.6118164 0.9272461
vt 0.62597656 0.9042969
vt 0.62158203 0.9003906
vt 0.61816406 0.8984375
vt 0.5966797 0.92822266
vt 0.61328125 0.8959961
vt 0.609375 0.89404297
vt 0.58984375 0.92871094
vt 0.49682617 0.8491211
vt 0.47436523 0.87597656
vt 0.5097656 0.85058594
vt 0.6640625 0.8881836
vt 0.6635742 0.88720703
vt 0.6635742 0.88916016
vt 0.66259766 0.8901367
vt 0.66064453 0.8901367
vt 0.6621094 0.8857422
vt 0.66064453 0.8847656
vt 0.65771484 0.890625
vt 0.6582031 0.88378906
vt 0.6269531 0.8925781
vt 0.6533203 0.8823242
vt 0.6479492 0.8808594
vt 0.6435547 0.87939453
vt 0.6376953 0.8774414
vt 0.6323242 0.87597656
vt 0.6274414 0.8745117
vt 0.62060547 0.8725586
vt 0.61328125 0.87060547
vt 0.60546875 0.86865234
vt 0.5957031 0.86621094
vt 0.58935547 0.8647461
vt 0.5786133 0.9301758
vt 0.5830078 0.86376953
vt 0.57666016 0.8623047
vt 0.55615234 0.93310547
vt 0.56884766 0.86083984
vt 0.55859375 0.8588867
vt 0.53564453 0.9350586
vt 0.54833984 0.8564453
vt 0.5366211 0.8544922
vt 0.5185547 0.9355469
vt 0.52441406 0.85253906
vt 0.49975586 0.93408203
vt 0.484375 0.93066406
vt 0.46655273 0.88916016
vt 0.47216797 0.9277344
vt 0.4584961 0.90283203
vt 0.4621582 0.9243164
vt 0.45703125 0.9213867
vt 0.45507812 0.9199219
vt 0.45239258 0.91552734
vt 0.15539551 0.0541687
vt 0.15368652 0.054260254
vt 0.15454102 0.056030273
vt 0.14648438 0.05908203
vt 0.15368652 0.05810547
vt 0.15307617 0.0597229
vt 0.07092285 0.08087158
vt 0.07086182 0.08325195
vt 0.074645996 0.08099365
vt 0.06149292 0.08709717
vt 0.061431885 0.08892822
vt 0.06347656 0.086242676
vt 0.07104492 0.086120605
vt 0.07861328 0.08148193
vt 0.15393066 0.06060791
vt 0.1538086 0.06185913
vt 0.15209961 0.064941406
vt 0.13989258 0.06335449
vt 0.14685059 0.078186035
vt 0.13122559 0.06903076
vt 0.14367676 0.085754395
vt 0.12365723 0.07550049
vt 0.11578369 0.08312988
vt 0.14379883 0.0871582
vt 0.14367676 0.08972168
vt 0.14294434 0.092041016
vt 0.14050293 0.09625244
vt 0.13647461 0.10308838
vt 0.11138916 0.08758545
vt 0.13146973 0.11065674
vt 0.12451172 0.121276855
vt 0.10644531 0.087524414
vt 0.12225342 0.12451172
vt 0.121032715 0.12548828
vt 0.11853027 0.12573242
vt 0.0869751 0.12731934
vt 0.10015869 0.08691406
vt 0.08514404 0.12658691
vt 0.083496094 0.12536621
vt 0.08227539 0.1239624
vt 0.08117676 0.12231445
vt 0.08026123 0.12084961
vt 0.07922363 0.11907959
vt 0.09790039 0.08581543
vt 0.07531738 0.11584473
vt 0.09503174 0.0847168
vt 0.089416504 0.0848999
vt 0.07269287 0.11352539
vt 0.0692749 0.11047363
vt 0.08685303 0.08380127
vt 0.08300781 0.08251953
vt 0.0670166 0.10827637
vt 0.06555176 0.10656738
vt 0.06427002 0.10473633
vt 0.06323242 0.10235596
vt 0.06262207 0.099853516
vt 0.062072754 0.09729004
vt 0.06173706 0.09436035
vt 0.06878662 0.0859375
vt 0.06149292 0.091552734
vt 0.06616211 0.0859375
vt 0.10076904 0.73583984
vt 0.14440918 0.78466797
vt 0.10467529 0.7324219
vt 0.107421875 0.72998047
vt 0.10229492 0.9213867
vt 0.11035156 0.9272461
vt 0.13830566 0.84814453
vt 0.12109375 0.93310547
vt 0.13244629 0.93847656
vt 0.14367676 0.9423828
vt 0.15637207 0.9458008
vt 0.10961914 0.7270508
vt 0.16894531 0.9477539
vt 0.18139648 0.94970703
vt 0.111572266 0.7241211
vt 0.19299316 0.9511719
vt 0.20263672 0.95166016
vt 0.21081543 0.95166016
vt 0.21838379 0.9506836
vt 0.22509766 0.94970703
vt 0.23217773 0.94873047
vt 0.24035645 0.94677734
vt 0.25463867 0.9428711
vt 0.11291504 0.7216797
vt 0.22436523 0.43408203
vt 0.22436523 0.43603516
vt 0.22814941 0.43066406
vt 0.4033203 0.9614258
vt 0.4038086 0.9609375
vt 0.40283203 0.9614258
vt 0.3996582 0.9316406
vt 0.3996582 0.9291992
vt 0.39892578 0.93310547
vt 0.3959961 0.9399414
vt 0.39672852 0.93359375
vt 0.3947754 0.94091797
vt 0.24658203 0.38110352
vt 0.24645996 0.3918457
vt 0.2479248 0.37939453
vt 0.4013672 0.92822266
vt 0.40161133 0.9272461
vt 0.40039062 0.92871094
vt 0.1965332 0.45117188
vt 0.19396973 0.45092773
vt 0.19921875 0.45239258
vt 0.24584961 0.40405273
vt 0.24523926 0.4074707
vt 0.24682617 0.40283203
vt 0.18701172 0.4885254
vt 0.21557617 0.4885254
vt 0.1854248 0.48779297
vt 0.1842041 0.4873047
vt 0.18261719 0.48535156
vt 0.17102051 0.44384766
vt 0.16918945 0.4440918
vt 0.17321777 0.44482422
vt 0.2746582 0.40454102
vt 0.2734375 0.4025879
vt 0.27539062 0.40698242
vt 0.4560547 0.50146484
vt 0.4543457 0.49975586
vt 0.4567871 0.5029297
vt 0.45751953 0.5083008
vt 0.4572754 0.5053711
vt 0.4567871 0.5102539
vt 0.17956543 0.4802246
vt 0.18017578 0.4814453
vt 0.17944336 0.47875977
vt 0.16442871 0.45043945
vt 0.16467285 0.4543457
vt 0.16503906 0.44750977
vt 0.16589355 0.44604492
vt 0.16711426 0.44506836
vt 0.24914551 0.37817383
vt 0.25048828 0.3774414
vt 0.2524414 0.37695312
vt 0.25390625 0.37695312
vt 0.44262695 0.47827148
vt 0.44213867 0.47607422
vt 0.44262695 0.4814453
vt 0.39770508 0.93359375
vt 0.4020996 0.9614258
vt 0.4008789 0.9609375
vt 0.39941406 0.9609375
vt 0.3935547 0.9589844
vt 0.3869629 0.9560547
vt 0.38110352 0.9526367
vt 0.26782227 0.93847656
vt 0.28320312 0.93310547
vt 0.11907959 0.6665039
vt 0.11804199 0.68408203
vt 0.12005615 0.65185547
vt 0.12158203 0.63964844
vt 0.123413086 0.6279297
vt 0.12463379 0.62158203
vt 0.12646484 0.61572266
vt 0.12927246 0.60791016
vt 0.13293457 0.5996094
vt 0.13757324 0.59033203
vt 0.14257812 0.5810547
vt 0.14831543 0.5727539
vt 0.15344238 0.56591797
vt 0.16210938 0.5551758
vt 0.16882324 0.5473633
vt 0.17626953 0.5395508
vt 0.1850586 0.53125
vt 0.19470215 0.5234375
vt 0.20239258 0.5180664
vt 0.21179199 0.51220703
vt 0.22094727 0.5073242
vt 0.22729492 0.50390625
vt 0.23388672 0.50097656
vt 0.23486328 0.46826172
vt 0.23754883 0.4638672
vt 0.23242188 0.47216797
vt 0.22949219 0.47680664
vt 0.22680664 0.4807129
vt 0.22387695 0.484375
vt 0.22229004 0.48583984
vt 0.22070312 0.48706055
vt 0.21875 0.48779297
vt 0.18127441 0.48339844
vt 0.17321777 0.47314453
vt 0.17626953 0.47583008
vt 0.17102051 0.47045898
vt 0.16894531 0.46704102
vt 0.16711426 0.46289062
vt 0.16601562 0.4597168
vt 0.21276855 0.44726562
vt 0.20825195 0.45141602
vt 0.21508789 0.44580078
vt 0.23400879 0.4248047
vt 0.23095703 0.42773438
vt 0.23718262 0.42163086
vt 0.2553711 0.3774414
vt 0.25634766 0.37817383
vt 0.2578125 0.3791504
vt 0.2590332 0.3798828
vt 0.2614746 0.38208008
vt 0.26464844 0.38549805
vt 0.2668457 0.38842773
vt 0.2685547 0.39160156
vt 0.27026367 0.3955078
vt 0.27172852 0.40039062
vt 0.27490234 0.40942383
vt 0.27392578 0.41259766
vt 0.27075195 0.42578125
vt 0.27148438 0.421875
vt 0.26953125 0.42919922
vt 0.28149414 0.44604492
vt 0.27685547 0.44433594
vt 0.29077148 0.44995117
vt 0.30200195 0.45458984
vt 0.31152344 0.4597168
vt 0.31884766 0.4645996
vt 0.32592773 0.46923828
vt 0.33129883 0.47387695
vt 0.33398438 0.47680664
vt 0.34692383 0.47705078
vt 0.34521484 0.47851562
vt 0.35009766 0.47485352
vt 0.35498047 0.4716797
vt 0.36035156 0.46826172
vt 0.36669922 0.4650879
vt 0.37329102 0.46191406
vt 0.37963867 0.45922852
vt 0.38598633 0.4572754
vt 0.39257812 0.4560547
vt 0.39770508 0.45507812
vt 0.40283203 0.45483398
vt 0.40771484 0.45483398
vt 0.41235352 0.4555664
vt 0.41674805 0.45654297
vt 0.4206543 0.45751953
vt 0.42382812 0.45874023
vt 0.4267578 0.46020508
vt 0.43017578 0.46240234
vt 0.43237305 0.46435547
vt 0.43579102 0.46704102
vt 0.43774414 0.46875
vt 0.43969727 0.47143555
vt 0.4411621 0.47387695
vt 0.44189453 0.49121094
vt 0.44067383 0.4909668
vt 0.4440918 0.49243164
vt 0.44677734 0.49389648
vt 0.44995117 0.4963379
vt 0.4519043 0.49780273
vt 0.4555664 0.5126953
vt 0.4543457 0.51464844
vt 0.45239258 0.5175781
vt 0.44995117 0.5205078
vt 0.43310547 0.5673828
vt 0.4338379 0.5600586
vt 0.43188477 0.5756836
vt 0.43066406 0.5839844
vt 0.42871094 0.59375
vt 0.42651367 0.60595703
vt 0.42285156 0.6196289
vt 0.41992188 0.6298828
vt 0.41552734 0.64160156
vt 0.4111328 0.6533203
vt 0.4038086 0.6699219
vt 0.39648438 0.6855469
vt 0.3894043 0.69970703
vt 0.38183594 0.7133789
vt 0.37329102 0.7265625
vt 0.36791992 0.7348633
vt 0.36254883 0.7416992
vt 0.35668945 0.7475586
vt 0.3479004 0.7553711
vt 0.33911133 0.76220703
vt 0.32641602 0.7705078
vt 0.31225586 0.7788086
vt 0.30151367 0.78466797
vt 0.29516602 0.78808594
vt 0.2854004 0.7919922
vt 0.21582031 0.8417969
vt 0.22058105 0.83496094
vt 0.2109375 0.84814453
vt 0.20654297 0.8535156
vt 0.2019043 0.859375
vt 0.19641113 0.8642578
vt 0.1920166 0.8676758
vt 0.24121094 0.8652344
vt 0.33740234 0.9301758
vt 0.2607422 0.8613281
vt 0.27539062 0.8588867
vt 0.2902832 0.8569336
vt 0.30200195 0.85595703
vt 0.31225586 0.85546875
vt 0.32592773 0.8564453
vt 0.33813477 0.85791016
vt 0.3486328 0.86083984
vt 0.3515625 0.93652344
vt 0.35742188 0.8642578
vt 0.36401367 0.8671875
vt 0.3696289 0.87109375
vt 0.37353516 0.87402344
vt 0.3779297 0.8774414
vt 0.38232422 0.88183594
vt 0.3864746 0.88671875
vt 0.38964844 0.89208984
vt 0.3918457 0.8959961
vt 0.39404297 0.9003906
vt 0.39648438 0.90625
vt 0.3984375 0.9116211
vt 0.39990234 0.91552734
vt 0.4008789 0.9199219
vt 0.4013672 0.9238281
vt 0.3996582 0.95166016
vt 0.39672852 0.9477539
vt 0.40234375 0.9560547
vt 0.40307617 0.95703125
vt 0.40356445 0.9584961
vt 0.40356445 0.9589844
vt 0.4038086 0.95996094
vt 0.39501953 0.9453125
vt 0.3947754 0.94384766
vt 0.375 0.94921875
vt 0.2467041 0.3996582
vt 0.27246094 0.41748047
vt 0.24450684 0.41259766
vt 0.24328613 0.41479492
vt 0.2685547 0.43041992
vt 0.24072266 0.4177246
vt 0.26831055 0.43286133
vt 0.2685547 0.43554688
vt 0.2692871 0.4375
vt 0.22363281 0.43774414
vt 0.1138916 0.7182617
vt 0.18920898 0.45092773
vt 0.19067383 0.45117188
vt 0.20117188 0.45336914
vt 0.20300293 0.45385742
vt 0.2055664 0.45361328
vt 0.21691895 0.44433594
vt 0.21923828 0.4423828
vt 0.22094727 0.44091797
vt 0.22216797 0.43945312
vt 0.24108887 0.4638672
vt 0.24365234 0.46533203
vt 0.27124023 0.4399414
vt 0.27270508 0.44140625
vt 0.2746582 0.44311523
vt 0.4416504 0.48364258
vt 0.24230957 0.4970703
vt 0.22473145 0.82910156
vt 0.33618164 0.47875977
vt 0.36743164 0.9448242
vt 0.29663086 0.92871094
vt 0.115234375 0.70996094
vt 0.18859863 0.8691406
vt 0.44750977 0.5239258
vt 0.2734375 0.7963867
vt 0.35961914 0.94091797
vt 0.34375 0.9326172
vt 0.33081055 0.92822266
vt 0.32421875 0.9267578
vt 0.3190918 0.92626953
vt 0.31469727 0.92626953
vt 0.30639648 0.9267578
vt 0.22241211 0.86816406
vt 0.4411621 0.48583984
vt 0.44067383 0.48901367
vt 0.4453125 0.52734375
vt 0.44335938 0.53027344
vt 0.4416504 0.5336914
vt 0.44018555 0.5366211
vt 0.43823242 0.5415039
vt 0.43676758 0.5463867
vt 0.34350586 0.4794922
vt 0.43554688 0.55078125
vt 0.43481445 0.5551758
vt 0.34179688 0.47998047
vt 0.33984375 0.47998047
vt 0.33813477 0.47973633
vt 0.11663818 0.6977539
vt 0.25756836 0.8027344
vt 0.24560547 0.80859375
vt 0.24023438 0.8120117
vt 0.23620605 0.8149414
vt 0.23303223 0.8183594
vt 0.22912598 0.8232422
vt 0.19311523 0.8701172
vt 0.20947266 0.8701172
vt 0.55126953 0.29223633
vt 0.5498047 0.29296875
vt 0.5527344 0.29223633
vt 0.5541992 0.2927246
vt 0.54785156 0.29467773
vt 0.5551758 0.29345703
vt 0.55615234 0.29492188
vt 0.5566406 0.29663086
vt 0.5571289 0.2993164
vt 0.5449219 0.296875
vt 0.5571289 0.30200195
vt 0.53515625 0.3071289
vt 0.5576172 0.3046875
vt 0.5576172 0.3076172
vt 0.5576172 0.32836914
vt 0.52246094 0.32177734
vt 0.5576172 0.33520508
vt 0.5571289 0.34106445
vt 0.55615234 0.34326172
vt 0.55029297 0.3552246
vt 0.52001953 0.32470703
vt 0.5185547 0.3269043
vt 0.51660156 0.32983398
vt 0.5136719 0.33422852
vt 0.51123047 0.33740234
vt 0.5488281 0.359375
vt 0.50927734 0.33935547
vt 0.54833984 0.3623047
vt 0.5073242 0.34106445
vt 0.5488281 0.3857422
vt 0.50439453 0.3425293
vt 0.4934082 0.34765625
vt 0.45947266 0.36108398
vt 0.55029297 0.39697266
vt 0.55078125 0.39941406
vt 0.4567871 0.3623047
vt 0.41674805 0.3828125
vt 0.41870117 0.38549805
vt 0.41552734 0.37939453
vt 0.4152832 0.37597656
vt 0.41601562 0.3720703
vt 0.41748047 0.36767578
vt 0.4206543 0.3876953
vt 0.41967773 0.36401367
vt 0.4230957 0.36083984
vt 0.42260742 0.38964844
vt 0.4248047 0.39111328
vt 0.44628906 0.40283203
vt 0.42578125 0.3581543
vt 0.42919922 0.3557129
vt 0.43359375 0.3540039
vt 0.43798828 0.35302734
vt 0.4411621 0.3527832
vt 0.44458008 0.35327148
vt 0.4477539 0.35424805
vt 0.4501953 0.3557129
vt 0.45263672 0.35742188
vt 0.45458984 0.35961914
vt 0.45532227 0.36108398
vt 0.44921875 0.40429688
vt 0.45166016 0.40454102
vt 0.45336914 0.40478516
vt 0.45532227 0.40429688
vt 0.45751953 0.4033203
vt 0.45898438 0.40283203
vt 0.46118164 0.40234375
vt 0.46142578 0.40454102
vt 0.46191406 0.40698242
vt 0.46313477 0.41015625
vt 0.46435547 0.41259766
vt 0.4663086 0.41552734
vt 0.5698242 0.42382812
vt 0.5698242 0.4189453
vt 0.56884766 0.42773438
vt 0.5209961 0.43359375
vt 0.5229492 0.4350586
vt 0.51953125 0.43164062
vt 0.51904297 0.42919922
vt 0.55322266 0.3996582
vt 0.5566406 0.40063477
vt 0.55908203 0.40185547
vt 0.56152344 0.4038086
vt 0.5644531 0.40600586
vt 0.56640625 0.40820312
vt 0.5678711 0.4099121
vt 0.56884766 0.41210938
vt 0.56933594 0.41333008
vt 0.5698242 0.41479492
vt 0.5673828 0.43066406
vt 0.56591797 0.4338379
vt 0.5644531 0.43579102
vt 0.5625 0.43798828
vt 0.5600586 0.4399414
vt 0.55810547 0.44067383
vt 0.55566406 0.44140625
vt 0.55371094 0.44189453
vt 0.55029297 0.44213867
vt 0.54541016 0.4416504
vt 0.5410156 0.44067383
vt 0.53222656 0.43896484
vt 0.5283203 0.43798828
vt 0.5253906 0.43676758
vt 0.5083008 0.41625977
vt 0.5102539 0.41186523
vt 0.5058594 0.42041016
vt 0.50341797 0.4243164
vt 0.5019531 0.42578125
vt 0.5 0.4267578
vt 0.49804688 0.42773438
vt 0.49560547 0.4284668
vt 0.49243164 0.42919922
vt 0.49047852 0.42919922
vt 0.48706055 0.42895508
vt 0.48339844 0.42797852
vt 0.48046875 0.4267578
vt 0.47753906 0.42504883
vt 0.47485352 0.4230957
vt 0.4716797 0.4206543
vt 0.46875 0.41796875
vt 0.51220703 0.40820312
vt 0.5151367 0.4091797
vt 0.5136719 0.40722656
vt 0.19873047 0.27612305
vt 0.19750977 0.27612305
vt 0.19970703 0.27685547
vt 0.19628906 0.27612305
vt 0.20056152 0.2775879
vt 0.19506836 0.27685547
vt 0.20141602 0.2788086
vt 0.19335938 0.27783203
vt 0.20227051 0.28051758
vt 0.20263672 0.28198242
vt 0.19152832 0.27905273
vt 0.20324707 0.28393555
vt 0.18933105 0.28051758
vt 0.20385742 0.28637695
vt 0.18725586 0.28198242
vt 0.20422363 0.28881836
vt 0.20446777 0.2919922
vt 0.1850586 0.2836914
vt 0.20446777 0.29638672
vt 0.18322754 0.28515625
vt 0.20410156 0.2998047
vt 0.20361328 0.3022461
vt 0.18103027 0.28637695
vt 0.17919922 0.28759766
vt 0.20288086 0.3046875
vt 0.20227051 0.30639648
vt 0.2010498 0.30859375
vt 0.19958496 0.31030273
vt 0.19812012 0.31176758
vt 0.19665527 0.31274414
vt 0.19433594 0.31347656
vt 0.19177246 0.31445312
vt 0.18920898 0.31469727
vt 0.18640137 0.31445312
vt 0.18383789 0.3137207
vt 0.1817627 0.31274414
vt 0.17993164 0.3112793
vt 0.17810059 0.30981445
vt 0.1763916 0.30786133
vt 0.17504883 0.3059082
vt 0.17419434 0.30322266
vt 0.17346191 0.30078125
vt 0.17333984 0.29833984
vt 0.1772461 0.2890625
vt 0.17602539 0.29003906
vt 0.17443848 0.29174805
vt 0.17358398 0.29345703
vt 0.17321777 0.29589844
vt 0.13171387 0.25634766
vt 0.13061523 0.25561523
vt 0.13244629 0.25732422
vt 0.1295166 0.2553711
vt 0.12792969 0.2553711
vt 0.12609863 0.25610352
vt 0.13305664 0.25830078
vt 0.13378906 0.2602539
vt 0.12414551 0.25708008
vt 0.122558594 0.25830078
vt 0.13452148 0.26220703
vt 0.12060547 0.26000977
vt 0.13574219 0.265625
vt 0.11804199 0.26220703
vt 0.13659668 0.2680664
vt 0.115600586 0.26513672
vt 0.13745117 0.27124023
vt 0.113098145 0.2685547
vt 0.1381836 0.2746582
vt 0.111816406 0.27075195
vt 0.13879395 0.2775879
vt 0.11065674 0.27270508
vt 0.10961914 0.2746582
vt 0.13928223 0.28100586
vt 0.108947754 0.27661133
vt 0.1081543 0.27929688
vt 0.10809326 0.28198242
vt 0.10882568 0.28466797
vt 0.109802246 0.2866211
vt 0.11151123 0.28955078
vt 0.113098145 0.29125977
vt 0.11468506 0.2927246
vt 0.11669922 0.2939453
vt 0.11883545 0.29467773
vt 0.12054443 0.29541016
vt 0.123291016 0.29541016
vt 0.12597656 0.29541016
vt 0.12841797 0.29467773
vt 0.13024902 0.29418945
vt 0.13195801 0.2932129
vt 0.13378906 0.2915039
vt 0.13574219 0.28979492
vt 0.1394043 0.2836914
vt 0.1373291 0.28833008
vt 0.13916016 0.28515625
vt 0.13867188 0.28637695
vt 0.07489014 0.2241211
vt 0.07348633 0.22436523
vt 0.0758667 0.22436523
vt 0.07672119 0.22497559
vt 0.07183838 0.22521973
vt 0.07757568 0.22558594
vt 0.078308105 0.22644043
vt 0.07940674 0.22851562
vt 0.070129395 0.22644043
vt 0.06774902 0.22851562
vt 0.080444336 0.23083496
vt 0.081970215 0.23510742
vt 0.06567383 0.23071289
vt 0.06378174 0.23291016
vt 0.061920166 0.23547363
vt 0.08392334 0.2397461
vt 0.060638428 0.23803711
vt 0.059509277 0.24157715
vt 0.058807373 0.24511719
vt 0.08544922 0.24304199
vt 0.058441162 0.24780273
vt 0.086242676 0.24560547
vt 0.08685303 0.24865723
vt 0.08673096 0.25146484
vt 0.086364746 0.25317383
vt 0.085510254 0.2548828
vt 0.08441162 0.2565918
vt 0.08306885 0.25830078
vt 0.08129883 0.25976562
vt 0.079589844 0.26123047
vt 0.058288574 0.2524414
vt 0.07757568 0.26220703
vt 0.07556152 0.2631836
vt 0.07366943 0.26367188
vt 0.07122803 0.26416016
vt 0.068359375 0.26416016
vt 0.066345215 0.26367188
vt 0.06488037 0.2631836
vt 0.06304932 0.26220703
vt 0.061340332 0.26098633
vt 0.06008911 0.25976562
vt 0.059051514 0.25854492
vt 0.058380127 0.25683594
vt 0.77783203 0.5073242
vt 0.80810547 0.31420898
vt 0.74902344 0.4897461
vt 0.81640625 0.30566406
vt 0.77685547 0.2548828
vt 0.7993164 0.31030273
vt 0.7993164 0.31323242
vt 0.74365234 0.4868164
vt 0.7397461 0.484375
vt 0.7373047 0.48168945
vt 0.73535156 0.4790039
vt 0.73339844 0.4736328
vt 0.72998047 0.46264648
vt 0.7265625 0.44677734
vt 0.7207031 0.42089844
vt 0.71435547 0.40014648
vt 0.69921875 0.3544922
vt 0.796875 0.31201172
vt 0.6904297 0.3310547
vt 0.5854492 0.19519043
vt 0.5942383 0.20178223
vt 0.5908203 0.18640137
vt 0.74853516 0.25585938
vt 0.74365234 0.25585938
vt 0.68603516 0.32104492
vt 0.67333984 0.29858398
vt 0.66064453 0.27685547
vt 0.64990234 0.25805664
vt 0.63671875 0.24353027
vt 0.7441406 0.25512695
vt 0.5986328 0.17541504
vt 0.60498047 0.21118164
vt 0.6020508 0.17236328
vt 0.61083984 0.16503906
vt 0.6191406 0.2241211
vt 0.6171875 0.16015625
vt 0.6254883 0.15527344
vt 0.62841797 0.15368652
vt 0.6298828 0.15270996
vt 0.63183594 0.15197754
vt 0.63378906 0.15148926
vt 0.63623047 0.15100098
vt 0.6381836 0.1508789
vt 0.640625 0.15112305
vt 0.6484375 0.15332031
vt 0.6582031 0.15698242
vt 0.66259766 0.15991211
vt 0.6640625 0.16137695
vt 0.66503906 0.1628418
vt 0.6699219 0.16247559
vt 0.67285156 0.16308594
vt 0.67822266 0.16564941
vt 0.74658203 0.25341797
vt 0.6928711 0.17773438
vt 0.6904297 0.17504883
vt 0.6933594 0.18017578
vt 0.7285156 0.20629883
vt 0.7290039 0.20458984
vt 0.72753906 0.2076416
vt 0.7709961 0.23059082
vt 0.77001953 0.22888184
vt 0.7714844 0.23254395
vt 0.7006836 0.18066406
vt 0.69921875 0.18103027
vt 0.70214844 0.18066406
vt 0.7290039 0.20153809
vt 0.7285156 0.20019531
vt 0.7290039 0.20300293
vt 0.74316406 0.20617676
vt 0.74121094 0.2064209
vt 0.7446289 0.2064209
vt 0.76953125 0.23852539
vt 0.77001953 0.23742676
vt 0.7685547 0.23925781
vt 0.6821289 0.16796875
vt 0.6870117 0.17126465
vt 0.6933594 0.18200684
vt 0.6933594 0.18469238
vt 0.6982422 0.1817627
vt 0.6953125 0.18359375
vt 0.7036133 0.18078613
vt 0.7055664 0.18127441
vt 0.70703125 0.1821289
vt 0.7104492 0.18395996
vt 0.7133789 0.18591309
vt 0.71777344 0.18933105
vt 0.7216797 0.19250488
vt 0.72509766 0.19592285
vt 0.72753906 0.19897461
vt 0.7338867 0.20910645
vt 0.7290039 0.21069336
vt 0.73876953 0.20727539
vt 0.74658203 0.20727539
vt 0.7524414 0.21118164
vt 0.7583008 0.21582031
vt 0.76464844 0.22192383
vt 0.7680664 0.22607422
vt 0.7714844 0.23425293
vt 0.7709961 0.23596191
vt 0.76660156 0.24072266
vt 0.76220703 0.24328613
vt 0.7270508 0.21118164
vt 0.7529297 0.24902344
vt 0.72558594 0.21069336
vt 0.7260742 0.20898438
vt 0.7832031 0.9003906
vt 0.77441406 0.7055664
vt 0.7651367 0.88720703
vt 0.75 0.87597656
vt 0.7338867 0.86376953
vt 0.7236328 0.85546875
vt 0.70947266 0.84375
vt 0.6982422 0.8339844
vt 0.6870117 0.82373047
vt 0.67822266 0.8144531
vt 0.79052734 0.6665039
vt 0.7636719 0.65966797
vt 0.77441406 0.7036133
vt 0.67041016 0.80615234
vt 0.77246094 0.70410156
vt 0.6645508 0.7988281
vt 0.66015625 0.79296875
vt 0.6557617 0.78564453
vt 0.6503906 0.7753906
vt 0.64404297 0.76171875
vt 0.6376953 0.74658203
vt 0.6328125 0.7324219
vt 0.7373047 0.65283203
vt 0.72802734 0.6508789
vt 0.6274414 0.7158203
vt 0.7260742 0.64990234
vt 0.6225586 0.69677734
vt 0.61865234 0.6826172
vt 0.6142578 0.6699219
vt 0.6098633 0.6591797
vt 0.60546875 0.6508789
vt 0.6010742 0.6435547
vt 0.59521484 0.6352539
vt 0.5097656 0.5805664
vt 0.51220703 0.58154297
vt 0.50683594 0.5786133
vt 0.65966797 0.515625
vt 0.66015625 0.51416016
vt 0.65478516 0.51904297
vt 0.7480469 0.59472656
vt 0.74853516 0.59277344
vt 0.74658203 0.5961914
vt 0.65966797 0.5126953
vt 0.6586914 0.51171875
vt 0.65625 0.50927734
vt 0.6513672 0.5058594
vt 0.6533203 0.5209961
vt 0.7651367 0.609375
vt 0.76416016 0.6088867
vt 0.7788086 0.62597656
vt 0.78564453 0.6479492
vt 0.7861328 0.6464844
vt 0.78466797 0.6489258
vt 0.71191406 0.56103516
vt 0.7128906 0.5600586
vt 0.7104492 0.56152344
vt 0.50878906 0.5683594
vt 0.5073242 0.5732422
vt 0.5131836 0.5629883
vt 0.671875 0.5151367
vt 0.67041016 0.5151367
vt 0.6743164 0.5161133
vt 0.6850586 0.52783203
vt 0.6845703 0.5263672
vt 0.6850586 0.5292969
vt 0.7133789 0.55859375
vt 0.7128906 0.5571289
vt 0.7832031 0.64990234
vt 0.7290039 0.64941406
vt 0.7861328 0.64453125
vt 0.78564453 0.64160156
vt 0.78466797 0.6386719
vt 0.7841797 0.6357422
vt 0.78271484 0.6328125
vt 0.7807617 0.62890625
vt 0.7373047 0.6074219
vt 0.7084961 0.60595703
vt 0.70654297 0.60546875
vt 0.5908203 0.62890625
vt 0.58496094 0.62158203
vt 0.55029297 0.52490234
vt 0.5473633 0.5307617
vt 0.5551758 0.51953125
vt 0.6401367 0.5
vt 0.62060547 0.5029297
vt 0.64208984 0.5004883
vt 0.6826172 0.52197266
vt 0.6791992 0.51904297
vt 0.68408203 0.52490234
vt 0.6845703 0.53027344
vt 0.68310547 0.5317383
vt 0.69140625 0.5371094
vt 0.66552734 0.5449219
vt 0.6928711 0.5371094
vt 0.7314453 0.56591797
vt 0.7294922 0.56591797
vt 0.73291016 0.56591797
vt 0.7451172 0.59716797
vt 0.7392578 0.5986328
vt 0.5336914 0.5913086
vt 0.5415039 0.5942383
vt 0.52783203 0.5883789
vt 0.5444336 0.5341797
vt 0.5546875 0.60009766
vt 0.5488281 0.59765625
vt 0.54052734 0.5371094
vt 0.5371094 0.5385742
vt 0.5341797 0.5385742
vt 0.53271484 0.53808594
vt 0.5307617 0.5390625
vt 0.52734375 0.5410156
vt 0.5239258 0.54589844
vt 0.5205078 0.55126953
vt 0.5175781 0.55859375
vt 0.56152344 0.51464844
vt 0.5722656 0.5073242
vt 0.5830078 0.5019531
vt 0.5917969 0.4975586
vt 0.6176758 0.50390625
vt 0.61376953 0.5053711
vt 0.64404297 0.50146484
vt 0.6464844 0.5029297
vt 0.66845703 0.515625
vt 0.6767578 0.5175781
vt 0.6816406 0.5332031
vt 0.6640625 0.54345703
vt 0.69433594 0.53759766
vt 0.6982422 0.5395508
vt 0.703125 0.54296875
vt 0.70703125 0.5463867
vt 0.70996094 0.55078125
vt 0.71191406 0.55322266
vt 0.7338867 0.56689453
vt 0.73828125 0.57177734
vt 0.7426758 0.57666016
vt 0.74560547 0.58154297
vt 0.7475586 0.58691406
vt 0.74853516 0.5908203
vt 0.5810547 0.6176758
vt 0.5151367 0.58154297
vt 0.51904297 0.5830078
vt 0.60546875 0.5024414
vt 0.72265625 0.6015625
vt 0.68896484 0.56884766
vt 0.70751953 0.6040039
vt 0.5761719 0.61376953
vt 0.57128906 0.609375
vt 0.56640625 0.6064453
vt 0.6640625 0.5444336
vt 0.5600586 0.60253906
vt 0.09222412 0.9140625
vt 0.08355713 0.9057617
vt 0.07562256 0.89746094
vt 0.070007324 0.8901367
vt 0.062805176 0.87890625
vt 0.09509277 0.7397461
vt 0.059692383 0.87402344
vt 0.05831909 0.87109375
vt 0.057556152 0.86865234
vt 0.08874512 0.7446289
vt 0.08306885 0.7504883
vt 0.07775879 0.75634766
vt 0.029266357 0.8046875
vt 0.028060913 0.80810547
vt 0.035186768 0.8051758
vt 0.07336426 0.76220703
vt 0.06896973 0.7685547
vt 0.06628418 0.77246094
vt 0.06524658 0.7758789
vt 0.061645508 0.77685547
vt 0.058166504 0.7792969
vt 0.05392456 0.78125
vt 0.04989624 0.78466797
vt 0.046417236 0.78759766
vt 0.042938232 0.79248047
vt 0.040130615 0.7963867
vt 0.037231445 0.80126953
vt 0.055664062 0.86816406
vt 0.027145386 0.8120117
vt 0.041168213 0.8486328
vt 0.043762207 0.8491211
vt 0.03866577 0.84765625
vt 0.030029297 0.83935547
vt 0.031921387 0.8417969
vt 0.02859497 0.8359375
vt 0.054382324 0.8666992
vt 0.052703857 0.8642578
vt 0.05090332 0.8598633
vt 0.049835205 0.85595703
vt 0.04626465 0.8486328
vt 0.04876709 0.84814453
vt 0.03640747 0.8461914
vt 0.034118652 0.8442383
vt 0.027297974 0.8330078
vt 0.026687622 0.82958984
vt 0.02609253 0.8261719
vt 0.025863647 0.8227539
vt 0.026397705 0.81640625
vt 0.04928589 0.8520508
vt 0.7993164 0.25439453
vt 0.80126953 0.25463867
vt 0.8027344 0.2548828
vt 0.8041992 0.2553711
vt 0.80566406 0.25585938
vt 0.8071289 0.25683594
vt 0.8120117 0.2602539
vt 0.82128906 0.2680664
vt 0.8286133 0.27514648
vt 0.8300781 0.30200195
vt 0.83251953 0.28051758
vt 0.8359375 0.2854004
vt 0.8364258 0.28759766
vt 0.83740234 0.29052734
vt 0.8334961 0.30078125
vt 0.8378906 0.2927246
vt 0.8378906 0.29492188
vt 0.83740234 0.296875
vt 0.8364258 0.29833984
vt 0.8354492 0.30004883
vt 0.83740234 0.3173828
vt 0.8564453 0.31982422
vt 0.8222656 0.53466797
vt 0.91064453 0.5883789
vt 0.9121094 0.5878906
vt 0.9091797 0.5883789
vt 0.91308594 0.58691406
vt 0.9145508 0.5854492
vt 0.90771484 0.5878906
vt 0.90527344 0.58691406
vt 0.91552734 0.5839844
vt 0.9169922 0.5800781
vt 0.9013672 0.58447266
vt 0.9189453 0.57373047
vt 0.8808594 0.5722656
vt 0.92041016 0.56640625
vt 0.921875 0.5600586
vt 0.9223633 0.55322266
vt 0.9223633 0.54785156
vt 0.9223633 0.5444336
vt 0.859375 0.55859375
vt 0.921875 0.54003906
vt 0.92089844 0.53759766
vt 0.9194336 0.53515625
vt 0.91796875 0.5332031
vt 0.91552734 0.53125
vt 0.91064453 0.52685547
vt 0.90625 0.5229492
vt 0.90283203 0.51953125
vt 0.83691406 0.5439453
vt 0.90185547 0.51708984
vt 0.8300781 0.5390625
vt 0.92041016 0.40844727
vt 0.9194336 0.40722656
vt 0.92089844 0.41015625
vt 0.9272461 0.45361328
vt 0.92822266 0.45141602
vt 0.92578125 0.45507812
vt 0.9243164 0.45629883
vt 0.92285156 0.45703125
vt 0.9199219 0.4572754
vt 0.9165039 0.4567871
vt 0.92871094 0.4482422
vt 0.9291992 0.4428711
vt 0.9121094 0.45532227
vt 0.92871094 0.4375
vt 0.9277344 0.4326172
vt 0.9082031 0.45483398
vt 0.9267578 0.42822266
vt 0.90625 0.45483398
vt 0.9243164 0.41967773
vt 0.9223633 0.41333008
vt 0.91845703 0.40625
vt 0.9169922 0.4050293
vt 0.91552734 0.4038086
vt 0.9140625 0.40283203
vt 0.91064453 0.40161133
vt 0.9003906 0.39746094
vt 0.88378906 0.39086914
vt 0.8623047 0.3828125
vt 0.8535156 0.3798828
vt 0.85058594 0.37817383
vt 0.92578125 0.52246094
vt 0.9272461 0.5214844
vt 0.9243164 0.5234375
vt 0.9223633 0.5239258
vt 0.92041016 0.5239258
vt 0.92822266 0.52001953
vt 0.91845703 0.5234375
vt 0.9296875 0.5175781
vt 0.9038086 0.5175781
vt 0.9301758 0.5151367
vt 0.9316406 0.5102539
vt 0.93310547 0.50390625
vt 0.93310547 0.49951172
vt 0.93310547 0.4951172
vt 0.9326172 0.4892578
vt 0.9316406 0.48339844
vt 0.9301758 0.4777832
vt 0.9296875 0.47460938
vt 0.9291992 0.47314453
vt 0.92871094 0.47192383
vt 0.9277344 0.47045898
vt 0.9267578 0.46923828
vt 0.92578125 0.46826172
vt 0.9238281 0.46704102
vt 0.9213867 0.46557617
vt 0.91308594 0.46020508
vt 0.9082031 0.45751953
vt 0.90722656 0.45654297
vt 0.8496094 0.37695312
vt 0.8510742 0.37646484
vt 0.8544922 0.37670898
vt 0.8676758 0.32128906
vt 0.86572266 0.37719727
vt 0.87158203 0.32177734
vt 0.88427734 0.3774414
vt 0.8745117 0.32226562
vt 0.87646484 0.32299805
vt 0.8779297 0.32373047
vt 0.87939453 0.32470703
vt 0.8808594 0.3256836
vt 0.8828125 0.32739258
vt 0.8847656 0.32983398
vt 0.8901367 0.33813477
vt 0.89453125 0.34594727
vt 0.89746094 0.3515625
vt 0.89941406 0.35742188
vt 0.89453125 0.37695312
vt 0.9003906 0.3605957
vt 0.9013672 0.36328125
vt 0.90185547 0.36523438
vt 0.90234375 0.36743164
vt 0.90234375 0.36914062
vt 0.90185547 0.37109375
vt 0.8955078 0.37695312
vt 0.89746094 0.3762207
vt 0.8989258 0.375
vt 0.9013672 0.3725586
vt 0.9003906 0.37402344
vt 0.81884766 0.71240234
vt 0.8051758 0.67041016
vt 0.80615234 0.6713867
vt 0.81152344 0.6791992
vt 0.81591797 0.68652344
vt 0.81933594 0.6948242
vt 0.8208008 0.69921875
vt 0.82177734 0.70166016
vt 0.8222656 0.7055664
vt 0.8227539 0.7089844
vt 0.8208008 0.71240234
vt 0.8222656 0.7109375
vt 0.82177734 0.71191406
vt 0.79296875 0.90722656
vt 0.8305664 0.7260742
vt 0.82910156 0.72509766
vt 0.8339844 0.7319336
vt 0.84033203 0.7705078
vt 0.84033203 0.7675781
vt 0.83984375 0.7709961
vt 0.8383789 0.77197266
vt 0.8364258 0.77246094
vt 0.7871094 0.7558594
vt 0.84033203 0.75878906
vt 0.83935547 0.7495117
vt 0.83740234 0.74072266
vt 0.7836914 0.7558594
vt 0.7871094 0.7578125
vt 0.8120117 0.76904297
vt 0.80908203 0.9189453
vt 0.8408203 0.83251953
vt 0.8413086 0.82958984
vt 0.83984375 0.8334961
vt 0.8383789 0.8339844
vt 0.83691406 0.8339844
vt 0.83984375 0.78466797
vt 0.8408203 0.7861328
vt 0.83691406 0.83935547
vt 0.8354492 0.8378906
vt 0.83740234 0.8413086
vt 0.8417969 0.78759766
vt 0.84277344 0.7910156
vt 0.89697266 0.9736328
vt 0.8989258 0.97314453
vt 0.8955078 0.97314453
vt 0.8276367 0.9321289
vt 0.8432617 0.94189453
vt 0.84375 0.80029297
vt 0.8442383 0.80908203
vt 0.84375 0.8173828
vt 0.84277344 0.82421875
vt 0.828125 0.8334961
vt 0.8125 0.8251953
vt 0.8330078 0.8359375
vt 0.83740234 0.8510742
vt 0.83691406 0.8544922
vt 0.8359375 0.85839844
vt 0.83496094 0.8623047
vt 0.83740234 0.8666992
vt 0.8334961 0.8647461
vt 0.85058594 0.875
vt 0.8833008 0.89697266
vt 0.87109375 0.8886719
vt 0.9008789 0.9116211
vt 0.9135742 0.92333984
vt 0.9145508 0.9248047
vt 0.91503906 0.92626953
vt 0.91552734 0.92871094
vt 0.91552734 0.93115234
vt 0.9140625 0.94140625
vt 0.9116211 0.9511719
vt 0.9091797 0.95996094
vt 0.90771484 0.96484375
vt 0.90625 0.96777344
vt 0.90527344 0.9692383
vt 0.9038086 0.97021484
vt 0.90283203 0.9716797
vt 0.9008789 0.97265625
vt 0.8935547 0.97265625
vt 0.890625 0.97216797
vt 0.88916016 0.9711914
vt 0.8852539 0.96875
vt 0.86083984 0.953125
vt 0.8745117 0.9614258
vt 0.81396484 0.82373047
vt 0.81152344 0.82373047
vn -0 0 -1
vn -0 0 -1
vn -0 0 -1
vn -0 0 -1
vn -0 0 -1
vn -0 0 -1
vn -0 0 -1
vn -0 0 -1
vn -0 0 -1
vn -0 0 -1
vn -0 0 -1
vn -0 0 -1
vn -0 0 -1
vn -0 0 -1
vn -0 0 -1
vn -0 0 -1
vn -0 0 -1
vn -0 0 -1
vn -0 0 -1
vn -0 0 -1
vn -0 0 -1
vn -0 0 -1
vn -0 0 -1
vn -0 0 -1
vn -0 0 -1
vn -0 0 -1
vn -0 0 -1
vn -0 0 -1
vn -0 0 -1
vn -0 0 -1
vn -0 0 -1
vn -0 0 -1
vn -0 0 -1
vn -0 0 -1
vn -0 0 -1
vn -0 0 -1
vn -0 0 -1
vn -0 0 -1
vn -0 0 -1
vn -0 0 -1
vn -0 0 -1
vn -0 0 -1
vn -0 0 -1
vn -0 0 -1
vn -0 0 -1
vn -0 0 -1
vn -0 0 -1
vn -0 0 -1
vn -0 0 -1
vn -0 0 -1
vn -0 0 -1
vn -0 0 -1
vn -0 0 -1
vn -0 0 -1
vn -0 0 -1
vn -0 0 -1
vn -0 0 -1
vn -0 0 -1
vn -0 0 -1
vn -0 0 -1
vn -0 0 -1
vn -0 0 -1
vn -0 0 -1
vn -0 0 -1
vn -0 0 -1
vn -0 0 -1
vn -0 0 -1
vn -0 0 -1
vn -0 0 -1
vn -0 0 -1
vn -0 0 -1
vn -0 0 -1
vn -0 0 -1
vn -0 0 -1
vn -0 0 -1
vn -0 0 -1
vn -0 0 -1
vn -0 0 -1
vn -0 0 -1
vn -0 0 -1
vn -0 0 -1
vn -0 0 -1
vn -0 0 -1
vn -0 0 -1
vn -0 0 -1
vn -0 0 -1
vn -0 0 -1
vn -0 0 -1
vn -0 0 -1
vn -0 0 -1
vn -0 0 -1
vn -0 0 -1
vn -0 0 -1
vn -0 0 -1
vn -0 0 -1
vn -0 0 -1
vn -0 0 -1
vn -0 0 -1
vn -0 0 -1
vn -0 0 -1
vn -0 0 -1
vn -0 0 -1
vn -0 0 -1
vn -0 0 -1
vn -0 0 -1
vn -0 0 -1
vn -0 0 -1
vn -0 0 -1
vn -0 0 -1
vn -0 0 -1
vn -0 0 -1
vn -0 0 -1
vn -0 0 -1
vn -0 0 -1
vn -0 0 -1
vn -0 0 -1
vn -0 0 -1
vn -0 0 -1
vn -0 0 -1
vn -0 0 -1
vn -0 0 -1
vn -0 0 -1
vn -0 0 -1
vn -0 0 -1
vn -0 0 -1
vn -0 0 -1
vn -0 0 -1
vn -0 0 -1
vn -0 0 -1
vn -0 0 -1
vn -0 0 -1
vn -0 0 -1
vn -0 0 -1
vn -0 0 -1
vn -0 0 -1
vn -0 0 -1
vn -0 0 -1
vn -0 0 -1
vn -0 0 -1
vn -0 0 -1
vn -0 0 -1
vn -0 0 -1
vn -0 0 -1
vn -0 0 -1
vn -0 0 -1
vn -0 0 -1
vn -0 0 -1
vn -0 0 -1
vn -0 0 -1
vn -0 0 -1
vn -0 0 -1
vn -0 0 -1
vn -0 0 -1
vn -0 0 -1
vn -0 0 -1
vn -0 0 -1
vn -0 0 -1
vn -0 0 -1
vn -0 0 -1
vn -0 0 -1
vn -0 0 -1
vn -0 0 -1
vn -0 0 -1
vn -0 0 -1
vn -0 0 -1
vn -0 0 -1
vn -0 0 -1
vn -0 0 -1
vn -0 0 -1
vn -0 0 -1
vn -0 0 -1
vn -0 0 -1
vn -0 0 -1
vn -0 0 -1
vn -0 0 -1
vn -0 0 -1
vn -0 0 -1
vn -0 0 -1
vn -0 0 -1
vn -0 0 -1
vn -0 0 -1
vn -0 0 -1
vn -0 0 -1
vn -0 0 -1
vn -0 0 -1
vn -0 0 -1
vn -0 0 -1
vn -0 0 -1
vn -0 0 -1
vn -0 0 -1
vn -0 0 -1
vn -0 0 -1
vn -0 0 -1
vn -0 0 -1
vn -0 0 -1
vn -0 0 -1
vn -0 0 -1
vn -0 0 -1
vn -0 0 -1
vn -0 0 -1
vn -0 0 -1
vn -0 0 -1
vn -0 0 -1
vn -0 0 -1
vn -0 0 -1
vn -0 0 -1
vn -0 0 -1
vn -0 0 -1
vn -0 0 -1
vn -0 0 -1
vn -0 0 -1
vn -0 0 -1
vn -0 0 -1
vn -0 0 -1
vn -0 0 -1
vn -0 0 -1
vn -0 0 -1
vn -0 0 -1
vn -0 0 -1
vn -0 0 -1
vn -0 0 -1
vn -0 0 -1
vn -0 0 -1
vn -0 0 -1
vn -0 0 -1
vn -0 0 -1
vn -0 0 -1
vn -0 0 -1
vn -0 0 -1
vn -0 0 -1
vn -0 0 -1
vn -0 0 -1
vn -0 0 -1
vn -0 0 -1
vn -0 0 -1
vn -0 0 -1
vn -0 0 -1
vn -0 0 -1
vn -0 0 -1
vn -0 0 -1
vn -0 0 -1
vn -0 0 -1
vn -0 0 -1
vn -0 0 -1
vn -0 0 -1
vn -0 0 -1
vn -0 0 -1
vn -0 0 -1
vn -0 0 -1
vn -0 0 -1
vn -0 0 -1
vn -0 0 -1
vn -0 0 -1
vn -0 0 -1
vn -0 0 -1
vn -0 0 -1
vn -0 0 -1
vn -0 0 -1
vn -0 0 -1
vn -0 0 -1
vn -0 0 -1
vn -0 0 -1
vn -0 0 -1
vn -0 0 -1
vn -0 0 -1
vn -0 0 -1
vn -0 0 -1
vn -0 0 -1
vn -0 0 -1
vn -0 0 -1
vn -0 0 -1
vn -0 0 -1
vn -0 0 -1
vn -0 0 -1
vn -0 0 -1
vn -0 0 -1
vn -0 0 -1
vn -0 0 -1
vn -0 0 -1
vn -0 0 -1
vn -0 0 -1
vn -0 0 -1
vn -0 0 -1
vn -0 0 -1
vn -0 0 -1
vn -0 0 -1
vn -0 0 -1
vn -0 0 -1
vn -0 0 -1
vn -0 0 -1
vn -0 0 -1
vn -0 0 -1
vn -0 0 -1
vn -0 0 -1
vn -0 0 -1
vn -0 0 -1
vn -0 0 -1
vn -0 0 -1
vn -0 0 -1
vn -0 0 -1
vn -0 0 -1
vn -0 0 -1
vn -0 0 -1
vn -0 0 -1
vn -0 0 -1
vn -0 0 -1
vn -0 0 -1
vn -0 0 -1
vn -0 0 -1
vn -0 0 -1
vn -0 0 -1
vn -0 0 -1
vn -0 0 -1
vn -0 0 -1
vn -0 0 -1
vn -0 0 -1
vn -0 0 -1
vn -0 0 -1
vn -0 0 -1
vn -0 0 -1
vn -0 0 -1
vn -0 0 -1
vn -0 0 -1
vn -0 0 -1
vn -0 0 -1
vn -0 0 -1
vn -0 0 -1
vn -0 0 -1
vn -0 0 -1
vn -0 0 -1
vn -0 0 -1
vn -0 0 -1
vn -0 0 -1
vn -0 0 -1
vn -0 0 -1
vn -0 0 -1
vn -0 0 -1
vn -0 0 -1
vn -0 0 -1
vn -0 0 -1
vn -0 0 -1
vn -0 0 -1
vn -0 0 -1
vn -0 0 -1
vn -0 0 -1
vn -0 0 -1
vn -0 0 -1
vn -0 0 -1
vn -0 0 -1
vn -0 0 -1
vn -0 0 -1
vn -0 0 -1
vn -0 0 -1
vn -0 0 -1
vn -0 0 -1
vn -0 0 -1
vn -0 0 -1
vn -0 0 -1
vn -0 0 -1
vn -0 0 -1
vn -0 0 -1
vn -0 0 -1
vn -0 0 -1
vn -0 0 -1
vn -0 0 -1
vn -0 0 -1
vn -0 0 -1
vn -0 0 -1
vn -0 0 -1
vn -0 0 -1
vn -0 0 -1
vn -0 0 -1
vn -0 0 -1
vn -0 0 -1
vn -0 0 -1
vn -0 0 -1
vn -0 0 -1
vn -0 0 -1
vn -0 0 -1
vn -0 0 -1
vn -0 0 -1
vn -0 0 -1
vn -0 0 -1
vn -0 0 -1
vn -0 0 -1
vn -0 0 -1
vn -0 0 -1
vn -0 0 -1
vn -0 0 -1
vn -0 0 -1
vn -0 0 -1
vn -0 0 -1
vn -0 0 -1
vn -0 0 -1
vn -0 0 -1
vn -0 0 -1
vn -0 0 -1
vn -0 0 -1
vn -0 0 -1
vn -0 0 -1
vn -0 0 -1
vn -0 0 -1
vn -0 0 -1
vn -0 0 -1
vn -0 0 -1
vn -0 0 -1
vn -0 0 -1
vn -0 0 -1
vn -0 0 -1
vn -0 0 -1
vn -0 0 -1
vn -0 0 -1
vn -0 0 -1
vn -0 0 -1
vn -0 0 -1
vn -0 0 -1
vn -0 0 -1
vn -0 0 -1
vn -0 0 -1
vn -0 0 -1
vn -0 0 -1
vn -0 0 -1
vn -0 0 -1
vn -0 0 -1
vn -0 0 -1
vn -0 0 -1
vn -0 0 -1
vn -0 0 -1
vn -0 0 -1
vn -0 0 -1
vn -0 0 -1
vn -0 0 -1
vn -0 0 -1
vn -0 0 -1
vn -0 0 -1
vn -0 0 -1
vn -0 0 -1
vn -0 0 -1
vn -0 0 -1
vn -0 0 -1
vn -0 0 -1
vn -0 0 -1
vn -0 0 -1
vn -0 0 -1
vn -0 0 -1
vn -0 0 -1
vn -0 0 -1
vn -0 0 -1
vn -0 0 -1
vn -0 0 -1
vn -0 0 -1
vn -0 0 -1
vn -0 0 -1
vn -0 0 -1
vn -0 0 -1
vn -0 0 -1
vn -0 0 -1
vn -0 0 -1
vn -0 0 -1
vn -0 0 -1
vn -0 0 -1
vn -0 0 -1
vn -0 0 -1
vn -0 0 -1
vn -0 0 -1
vn -0 0 -1
vn -0 0 -1
vn -0 0 -1
vn -0 0 -1
vn -0 0 -1
vn -0 0 -1
vn -0 0 -1
vn -0 0 -1
vn -0 0 -1
vn -0 0 -1
vn -0 0 -1
vn -0 0 -1
vn -0 0 -1
vn -0 0 -1
vn -0 0 -1
vn -0 0 -1
vn -0 0 -1
vn -0 0 -1
vn -0 0 -1
vn -0 0 -1
vn -0 0 -1
vn -0 0 -1
vn -0 0 -1
vn -0 0 -1
vn -0 0 -1
vn -0 0 -1
vn -0 0 -1
vn -0 0 -1
vn -0 0 -1
vn -0 0 -1
vn -0 0 -1
vn -0 0 -1
vn -0 0 -1
vn -0 0 -1
vn -0 0 -1
vn -0 0 -1
vn -0 0 -1
vn -0 0 -1
vn -0 0 -1
vn -0 0 -1
vn -0 0 -1
vn -0 0 -1
vn -0 0 -1
vn -0 0 -1
vn -0 0 -1
vn -0 0 -1
vn -0 0 -1
vn -0 0 -1
vn -0 0 -1
vn -0 0 -1
vn -0 0 -1
vn -0 0 -1
vn -0 0 -1
vn -0 0 -1
vn -0 0 -1
vn -0 0 -1
vn -0 0 -1
vn -0 0 -1
vn -0 0 -1
vn -0 0 -1
vn -0 0 -1
vn -0 0 -1
vn -0 0 -1
vn -0 0 -1
vn -0 0 -1
vn -0 0 -1
vn -0 0 -1
vn -0 0 -1
vn -0 0 -1
vn -0 0 -1
vn -0 0 -1
vn -0 0 -1
vn -0 0 -1
vn -0 0 -1
vn -0 0 -1
vn -0 0 -1
vn -0 0 -1
vn -0 0 -1
vn -0 0 -1
vn -0 0 -1
vn -0 0 -1
vn -0 0 -1
vn -0 0 -1
vn -0 0 -1
vn -0 0 -1
vn -0 0 -1
vn -0 0 -1
vn -0 0 -1
vn -0 0 -1
vn -0 0 -1
vn -0 0 -1
vn -0 0 -1
vn -0 0 -1
vn -0 0 -1
vn -0 0 -1
vn -0 0 -1
vn -0 0 -1
vn -0 0 -1
vn -0 0 -1
vn -0 0 -1
vn -0 0 -1
vn -0 0 -1
vn -0 0 -1
vn -0 0 -1
vn -0 0 -1
vn -0 0 -1
vn -0 0 -1
vn -0 0 -1
vn -0 0 -1
vn -0 0 -1
vn -0 0 -1
vn -0 0 -1
vn -0 0 -1
vn -0 0 -1
vn -0 0 -1
vn -0 0 -1
vn -0 0 -1
vn -0 0 -1
vn -0 0 -1
vn -0 0 -1
vn -0 0 -1
vn -0 0 -1
vn -0 0 -1
vn -0 0 -1
vn -0 0 -1
vn -0 0 -1
vn -0 0 -1
vn -0 0 -1
vn -0 0 -1
vn -0 0 -1
vn -0 0 -1
vn -0 0 -1
vn -0 0 -1
vn -0 0 -1
vn -0 0 -1
vn -0 0 -1
vn -0 0 -1
vn -0 0 -1
vn -0 0 -1
vn -0 0 -1
vn -0 0 -1
vn -0 0 -1
vn -0 0 -1
vn -0 0 -1
vn -0 0 -1
vn -0 0 -1
vn -0 0 -1
vn -0 0 -1
vn -0 0 -1
vn -0 0 -1
vn -0 0 -1
vn -0 0 -1
vn -0 0 -1
vn -0 0 -1
vn -0 0 -1
vn -0 0 -1
vn -0 0 -1
vn -0 0 -1
vn -0 0 -1
vn -0 0 -1
vn -0 0 -1
vn -0 0 -1
vn -0 0 -1
vn -0 0 -1
vn -0 0 -1
vn -0 0 -1
vn -0 0 -1
vn -0 0 -1
vn -0 0 -1
vn -0 0 -1
vn -0 0 -1
vn -0 0 -1
vn -0 0 -1
vn -0 0 -1
vn -0 0 -1
vn -0 0 -1
vn -0 0 -1
vn -0 0 -1
vn -0 0 -1
vn -0 0 -1
vn -0 0 -1
vn -0 0 -1
vn -0 0 -1
vn -0 0 -1
vn -0 0 -1
vn -0 0 -1
vn -0 0 -1
vn -0 0 -1
vn -0 0 -1
vn -0 0 -1
vn -0 0 -1
vn -0 0 -1
vn -0 0 -1
vn -0 0 -1
vn -0 0 -1
vn -0 0 -1
vn -0 0 -1
vn -0 0 -1
vn -0 0 -1
vn -0 0 -1
vn -0 0 -1
vn -0 0 -1
vn -0 0 -1
vn -0 0 -1
vn -0 0 -1
vn -0 0 -1
vn -0 0 -1
vn -0 0 -1
vn -0 0 -1
vn -0 0 -1
vn -0 0 -1
vn -0 0 -1
vn -0 0 -1
vn -0 0 -1
vn -0 0 -1
vn -0 0 -1
vn -0 0 -1
vn -0 0 -1
vn -0 0 -1
vn -0 0 -1
vn -0 0 -1
vn -0 0 -1
vn -0 0 -1
vn -0 0 -1
vn -0 0 -1
vn -0 0 -1
vn -0 0 -1
vn -0 0 -1
vn -0 0 -1
vn -0 0 -1
vn -0 0 -1
vn -0 0 -1
vn -0 0 -1
vn -0 0 -1
vn -0 0 -1
vn -0 0 -1
vn -0 0 -1
vn -0 0 -1
vn -0 0 -1
vn -0 0 -1
vn -0 0 -1
vn -0 0 -1
vn -0 0 -1
vn -0 0 -1
vn -0 0 -1
vn -0 0 -1
vn -0 0 -1
vn -0 0 -1
vn -0 0 -1
vn -0 0 -1
vn -0 0 -1
vn -0 0 -1
vn -0 0 -1
vn -0 0 -1
vn -0 0 -1
vn -0 0 -1
vn -0 0 -1
vn -0 0 -1
vn -0 0 -1
vn -0 0 -1
vn -0 0 -1
vn -0 0 -1
vn -0 0 -1
vn -0 0 -1
vn -0 0 -1
vn -0 0 -1
vn -0 0 -1
vn -0 0 -1
vn -0 0 -1
vn -0 0 -1
vn -0 0 -1
vn -0 0 -1
vn -0 0 -1
vn -0 0 -1
vn -0 0 -1
vn -0 0 -1
vn -0 0 -1
vn -0 0 -1
vn -0 0 -1
vn -0 0 -1
vn -0 0 -1
vn -0 0 -1
vn -0 0 -1
vn -0 0 -1
vn -0 0 -1
vn -0 0 -1
vn -0 0 -1
vn -0 0 -1
vn -0 0 -1
vn -0 0 -1
vn -0 0 -1
vn -0 0 -1
vn -0 0 -1
vn -0 0 -1
vn -0 0 -1
vn -0 0 -1
vn -0 0 -1
vn -0 0 -1
vn -0 0 -1
vn -0 0 -1
vn -0 0 -1
vn -0 0 -1
vn -0 0 -1
vn -0 0 -1
vn -0 0 -1
vn -0 0 -1
vn -0 0 -1
vn -0 0 -1
vn -0 0 -1
vn -0 0 -1
vn -0 0 -1
vn -0 0 -1
vn -0 0 -1
vn -0 0 -1
vn -0 0 -1
vn -0 0 -1
vn -0 0 -1
vn -0 0 -1
vn -0 0 -1
vn -0 0 -1
vn -0 0 -1
vn -0 0 -1
vn -0 0 -1
vn -0 0 -1
vn -0 0 -1
vn -0 0 -1
vn -0 0 -1
vn -0 0 -1
vn -0 0 -1
vn -0 0 -1
vn -0 0 -1
vn -0 0 -1
vn -0 0 -1
vn -0 0 -1
vn -0 0 -1
vn -0 0 -1
vn -0 0 -1
vn -0 0 -1
vn -0 0 -1
vn -0 0 -1
vn -0 0 -1
vn -0 0 -1
vn -0 0 -1
vn -0 0 -1
vn -0 0 -1
vn -0 0 -1
vn -0 0 -1
vn -0 0 -1
vn -0 0 -1
vn -0 0 -1
vn -0 0 -1
vn -0 0 -1
vn -0 0 -1
vn -0 0 -1
vn -0 0 -1
vn -0 0 -1
vn -0 0 -1
vn -0 0 -1
vn -0 0 -1
vn -0 0 -1
vn -0 0 -1
vn -0 0 -1
vn -0 0 -1
vn -0 0 -1
vn -0 0 -1
vn -0 0 -1
vn -0 0 -1
vn -0 0 -1
vn -0 0 -1
vn -0 0 -1
vn -0 0 -1
vn -0 0 -1
vn -0 0 -1
vn -0 0 -1
vn -0 0 -1
vn -0 0 -1
vn -0 0 -1
vn -0 0 -1
vn -0 0 -1
vn -0 0 -1
vn -0 0 -1
vn -0 0 -1
vn -0 0 -1
vn -0 0 -1
vn -0 0 -1
vn -0 0 -1
vn -0 0 -1
vn -0 0 -1
vn -0 0 -1
vn -0 0 -1
vn -0 0 -1
vn -0 0 -1
vn -0 0 -1
vn -0 0 -1
vn -0 0 -1
vn -0 0 -1
vn -0 0 -1
vn -0 0 -1
vn -0 0 -1
vn -0 0 -1
vn -0 0 -1
vn -0 0 -1
vn -0 0 -1
vn -0 0 -1
vn -0 0 -1
vn -0 0 -1
vn -0 0 -1
vn -0 0 -1
vn -0 0 -1
vn -0 0 -1
vn -0 0 -1
vn -0 0 -1
vn -0 0 -1
vn -0 0 -1
vn -0 0 -1
vn -0 0 -1
vn -0 0 -1
vn -0 0 -1
vn -0 0 -1
vn -0 0 -1
vn -0 0 -1
vn -0 0 -1
vn -0 0 -1
vn -0 0 -1
vn -0 0 -1
vn -0 0 -1
vn -0 0 -1
vn -0 0 -1
vn -0 0 -1
vn -0 0 -1
vn -0 0 -1
vn -0 0 -1
vn -0 0 -1
vn -0 0 -1
vn -0 0 -1
vn -0 0 -1
vn -0 0 -1
vn -0 0 -1
vn -0 0 -1
vn -0 0 -1
vn -0 0 -1
vn -0 0 -1
vn -0 0 -1
vn -0 0 -1
vn -0 0 -1
vn -0 0 -1
vn -0 0 -1
vn -0 0 -1
vn -0 0 -1
vn -0 0 -1
vn -0 0 -1
vn -0 0 -1
vn -0 0 -1
vn -0 0 -1
vn -0 0 -1
vn -0 0 -1
vn -0 0 -1
vn -0 0 -1
vn -0 0 -1
vn -0 0 -1
vn -0 0 -1
vn -0 0 -1
vn -0 0 -1
vn -0 0 -1
vn -0 0 -1
vn -0 0 -1
vn -0 0 -1
vn -0 0 -1
vn -0 0 -1
vn -0 0 -1
vn -0 0 -1
vn -0 0 -1
vn -0 0 -1
vn -0 0 -1
vn -0 0 -1
vn -0 0 -1
vn -0 0 -1
vn -0 0 -1
vn -0 0 -1
vn -0 0 -1
vn -0 0 -1
vn -0 0 -1
vn -0 0 -1
vn -0 0 -1
vn -0 0 -1
vn -0 0 -1
vn -0 0 -1
vn -0 0 -1
vn -0 0 -1
vn -0 0 -1
vn -0 0 -1
vn -0 0 -1
vn -0 0 -1
vn -0 0 -1
vn -0 0 -1
vn -0 0 -1
vn -0 0 -1
vn -0 0 -1
vn -0 0 -1
vn -0 0 -1
vn -0 0 -1
vn -0 0 -1
vn -0 0 -1
vn -0 0 -1
vn -0 0 -1
vn -0 0 -1
vn -0 0 -1
vn -0 0 -1
vn -0 0 -1
vn -0 0 -1
vn -0 0 -1
vn -0 0 -1
vn -0 0 -1
vn -0 0 -1
vn -0 0 -1
vn -0 0 -1
vn -0 0 -1
vn -0 0 -1
vn -0 0 -1
vn -0 0 -1
vn -0 0 -1
vn -0 0 -1
vn -0 0 -1
vn -0 0 -1
vn -0 0 -1
vn -0 0 -1
vn -0 0 -1
vn -0 0 -1
vn -0 0 -1
vn -0 0 -1
vn -0 0 -1
vn -0 0 -1
vn -0 0 -1
vn -0 0 -1
vn -0 0 -1
vn -0 0 -1
vn -0 0 -1
vn -0 0 -1
vn -0 0 -1
vn -0 0 -1
vn -0 0 -1
vn -0 0 -1
vn -0 0 -1
vn -0 0 -1
vn -0 0 -1
vn -0 0 -1
vn -0 0 -1
vn -0 0 -1
vn -0 0 -1
vn -0 0 -1
vn -0 0 -1
vn -0 0 -1
vn -0 0 -1
vn -0 0 -1
vn -0 0 -1
vn -0 0 -1
vn -0 0 -1
vn -0 0 -1
vn -0 0 -1
vn -0 0 -1
vn -0 0 -1
vn -0 0 -1
vn -0 0 -1
vn -0 0 -1
vn -0 0 -1
vn -0 0 -1
vn -0 0 -1
vn -0 0 -1
vn -0 0 -1
vn -0 0 -1
vn -0 0 -1
vn -0 0 -1
vn -0 0 -1
vn -0 0 -1
vn -0 0 -1
vn -0 0 -1
vn -0 0 -1
vn -0 0 -1
vn -0 0 -1
vn -0 0 -1
vn -0 0 -1
vn -0 0 -1
vn -0 0 -1
vn -0 0 -1
vn -0 0 -1
vn -0 0 -1
vn -0 0 -1
vn -0 0 -1
vn -0 0 -1
vn -0 0 -1
vn -0 0 -1
vn -0 0 -1
vn -0 0 -1
vn -0 0 -1
vn -0 0 -1
vn -0 0 -1
vn -0 0 -1
vn -0 0 -1
vn -0 0 -1
vn -0 0 -1
vn -0 0 -1
vn -0 0 -1
vn -0 0 -1
vn -0 0 -1
vn -0 0 -1
vn -0 0 -1
vn -0 0 -1
vn -0 0 -1
vn -0 0 -1
vn -0 0 -1
vn -0 0 -1
vn -0 0 -1
vn -0 0 -1
vn -0 0 -1
vn -0 0 -1
vn -0 0 -1
vn -0 0 -1
vn -0 0 -1
vn -0 0 -1
vn -0 0 -1
vn -0 0 -1
vn -0 0 -1
vn -0 0 -1
vn -0 0 -1
vn -0 0 -1
vn -0 0 -1
vn -0 0 -1
vn -0 0 -1
vn -0 0 -1
vn -0 0 -1
vn -0 0 -1
vn -0 0 -1
vn -0 0 -1
vn -0 0 -1
vn -0 0 -1
vn -0 0 -1
vn -0 0 -1
vn -0 0 -1
vn -0 0 -1
vn -0 0 -1
vn -0 0 -1
vn -0 0 -1
vn -0 0 -1
vn -0 0 -1
vn -0 0 -1
vn -0 0 -1
vn -0 0 -1
vn -0 0 -1
vn -0 0 -1
vn -0 0 -1
vn -0 0 -1
vn -0 0 -1
vn -0 0 -1
vn -0 0 -1
vn -0 0 -1
vn -0 0 -1
vn -0 0 -1
vn -0 0 -1
vn -0 0 -1
vn -0 0 -1
vn -0 0 -1
vn -0 0 -1
vn -0 0 -1
vn -0 0 -1
vn -0 0 -1
vn -0 0 -1
vn -0 0 -1
vn -0 0 -1
vn -0 0 -1
vn -0 0 -1
vn -0 0 -1
vn -0 0 -1
vn -0 0 -1
vn -0 0 -1
vn -0 0 -1
vn -0 0 -1
vn -0 0 -1
vn -0 0 -1
vn -0 0 -1
vn -0 0 -1
vn -0 0 -1
vn -0 0 -1
vn -0 0 -1
vn -0 0 -1
vn -0 0 -1
vn -0 0 -1
vn -0 0 -1
vn -0 0 -1
vn -0 0 -1
vn -0 0 -1
vn -0 0 -1
vn -0 0 -1
vn -0 0 -1
vn -0 0 -1
vn -0 0 -1
vn -0 0 -1
vn -0 0 -1
vn -0 0 -1
vn -0 0 -1
vn -0 0 -1
vn -0 0 -1
vn -0 0 -1
vn -0 0 -1
vn -0 0 -1
vn -0 0 -1
vn -0 0 -1
vn -0 0 -1
vn -0 0 -1
vn -0 0 -1
vn -0 0 -1
vn -0 0 -1
vn -0 0 -1
vn -0 0 -1
vn -0 0 -1
vn -0 0 -1
vn -0 0 -1
vn -0 0 -1
vn -0 0 -1
vn -0 0 -1
vn -0 0 -1
vn -0 0 -1
vn -0 0 -1
vn -0 0 -1
vn -0 0 -1
vn -0 0 -1
vn -0 0 -1
vn -0 0 -1
vn -0 0 -1
vn -0 0 -1
vn -0 0 -1
vn -0 0 -1
vn -0 0 -1
vn -0 0 -1
vn -0 0 -1
vn -0 0 -1
vn -0 0 -1
vn -0 0 -1
vn -0 0 -1
vn -0 0 -1
vn -0 0 -1
vn -0 0 -1
vn -0 0 -1
vn -0 0 -1
vn -0 0 -1
vn -0 0 -1
vn -0 0 -1
vn -0 0 -1
vn -0 0 -1
vn -0 0 -1
vn -0 0 -1
vn -0 0 -1
vn -0 0 -1
vn -0 0 -1
vn -0 0 -1
vn -0 0 -1
vn -0 0 -1
vn -0 0 -1
vn -0 0 -1
vn -0 0 -1
vn -0 0 -1
vn -0 0 -1
vn -0 0 -1
vn -0 0 -1
vn -0 0 -1
vn -0 0 -1
vn -0 0 -1
vn -0 0 -1
vn -0 0 -1
vn -0 0 -1
vn -0 0 -1
vn -0 0 -1
vn -0 0 -1
vn -0 0 -1
vn -0 0 -1
vn -0 0 -1
vn -0 0 -1
vn -0 0 -1
vn -0 0 -1
vn -0 0 -1
vn -0 0 -1
vn -0 0 -1
vn -0 0 -1
vn -0 0 -1
vn -0 0 -1
vn -0 0 -1
vn -0 0 -1
vn -0 0 -1
vn -0 0 -1
vn -0 0 -1
vn -0 0 -1
vn -0 0 -1
vn -0 0 -1
vn -0 0 -1
vn -0 0 -1
vn -0 0 -1
vn -0 0 -1
vn -0 0 -1
vn -0 0 -1
vn -0 0 -1
vn -0 0 -1
vn -0 0 -1
vn -0 0 -1
vn -0 0 -1
vn -0 0 -1
vn -0 0 -1
vn -0 0 -1
vn -0 0 -1
vn -0 0 -1
vn -0 0 -1
vn -0 0 -1
vn -0 0 -1
vn -0 0 -1
vn -0 0 -1
vn -0 0 -1
vn -0 0 -1
vn -0 0 -1
vn -0 0 -1
vn -0 0 -1
vn -0 0 -1
vn -0 0 -1
vn -0 0 -1
vn -0 0 -1
vn -0 0 -1
vn -0 0 -1
vn -0 0 -1
vn -0 0 -1
vn -0 0 -1
vn -0 0 -1
vn -0 0 -1
vn -0 0 -1
vn -0 0 -1
vn -0 0 -1
vn -0 0 -1
vn -0 0 -1
vn -0 0 -1
vn -0 0 -1
vn -0 0 -1
vn -0 0 -1
vn -0 0 -1
vn -0 0 -1
vn -0 0 -1
vn -0 0 -1
vn -0 0 -1
vn -0 0 -1
vn -0 0 -1
vn -0 0 -1
vn -0 0 -1
vn -0 0 -1
vn -0 0 -1
vn -0 0 -1
vn -0 0 -1
vn -0 0 -1
vn -0 0 -1
vn -0 0 -1
vn -0 0 -1
vn -0 0 -1
vn -0 0 -1
vn -0 0 -1
vn -0 0 -1
vn -0 0 -1
vn -0 0 -1
vn -0 0 -1
vn -0 0 -1
vn -0 0 -1
vn -0 0 -1
vn -0 0 -1
vn -0 0 -1
vn -0 0 -1
vn -0 0 -1
vn -0 0 -1
vn -0 0 -1
vn -0 0 -1
vn -0 0 -1
vn -0 0 -1
vn -0 0 -1
vn -0 0 -1
vn -0 0 -1
vn -0 0 -1
vn -0 0 -1
vn -0 0 -1
vn -0 0 -1
vn -0 0 -1
vn -0 0 -1
vn -0 0 -1
vn -0 0 -1
vn -0 0 -1
vn -0 0 -1
vn -0 0 -1
vn -0 0 -1
vn -0 0 -1
vn -0 0 -1
vn -0 0 -1
vn -0 0 -1
vn -0 0 -1
vn -0 0 -1
vn -0 0 -1
vn -0 0 -1
vn -0 0 -1
vn -0 0 -1
vn -0 0 -1
vn -0 0 -1
vn -0 0 -1
vn -0 0 -1
vn -0 0 -1
vn -0 0 -1
vn -0 0 -1
vn -0 0 -1
vn -0 0 -1
vn -0 0 -1
vn -0 0 -1
vn -0 0 -1
vn -0 0 -1
vn -0 0 -1
vn -0 0 -1
vn -0 0 -1
vn -0 0 -1
vn -0 0 -1
vn -0 0 -1
vn -0 0 -1
vn -0 0 -1
vn -0 0 -1
vn -0 0 -1
vn -0 0 -1
vn -0 0 -1
vn -0 0 -1
vn -0 0 -1
vn -0 0 -1
vn -0 0 -1
vn -0 0 -1
vn -0 0 -1
vn -0 0 -1
vn -0 0 -1
vn -0 0 -1
vn -0 0 -1
vn -0 0 -1
vn -0 0 -1
vn -0 0 -1
vn -0 0 -1
vn -0 0 -1
vn -0 0 -1
vn -0 0 -1
vn -0 0 -1
vn -0 0 -1
vn -0 0 -1
vn -0 0 -1
vn -0 0 -1
vn -0 0 -1
vn -0 0 -1
vn -0 0 -1
vn -0 0 -1
vn -0 0 -1
vn -0 0 -1
vn -0 0 -1
vn -0 0 -1
vn -0 0 -1
vn -0 0 -1
vn -0 0 -1
vn -0 0 -1
vn -0 0 -1
vn -0 0 -1
vn -0 0 -1
vn -0 0 -1
vn -0 0 -1
vn -0 0 -1
vn -0 0 -1
vn -0 0 -1
vn -0 0 -1
vn -0 0 -1
vn -0 0 -1
vn -0 0 -1
vn -0 0 -1
vn -0 0 -1
vn -0 0 -1
vn -0 0 -1
vn -0 0 -1
vn -0 0 -1
vn -0 0 -1
vn -0 0 -1
vn -0 0 -1
vn -0 0 -1
vn -0 0 -1
vn -0 0 -1
vn -0 0 -1
vn -0 0 -1
vn -0 0 -1
vn -0 0 -1
vn -0 0 -1
vn -0 0 -1
vn -0 0 -1
vn -0 0 -1
vn -0 0 -1
vn -0 0 -1
vn -0 0 -1
vn -0 0 -1
vn -0 0 -1
vn -0 0 -1
vn -0 0 -1
vn -0 0 -1
vn -0 0 -1
vn -0 0 -1
vn -0 0 -1
vn -0 0 -1
vn -0 0 -1
vn -0 0 -1
vn -0 0 -1
vn -0 0 -1
vn -0 0 -1
g cPK_20_002720_00_PIGEOTex_SR_L_SB_0
f 3/3/3 2/2/2 1/1/1
f 6/6/6 5/5/5 4/4/4
f 9/9/9 8/8/8 7/7/7
f 10/10/10 8/8/8 9/9/9
f 11/11/11 8/8/8 10/10/10
f 12/12/12 8/8/8 11/11/11
f 12/12/12 13/13/13 8/8/8
f 14/14/14 13/13/13 12/12/12
f 15/15/15 13/13/13 14/14/14
f 15/15/15 16/16/16 13/13/13
f 17/17/17 16/16/16 15/15/15
f 17/17/17 18/18/18 16/16/16
f 19/19/19 18/18/18 17/17/17
f 19/19/19 20/20/20 18/18/18
f 19/19/19 21/21/21 20/20/20
f 19/19/19 22/22/22 21/21/21
f 19/19/19 23/23/23 22/22/22
f 19/19/19 24/24/24 23/23/23
f 19/19/19 25/25/25 24/24/24
f 19/19/19 26/26/26 25/25/25
f 29/29/29 28/28/28 27/27/27
f 32/32/32 31/31/31 30/30/30
f 35/35/35 34/34/34 33/33/33
f 37/37/37 35/35/35 36/36/36
f 40/40/40 39/39/39 38/38/38
f 42/42/42 40/40/40 41/41/41
f 45/45/45 44/44/44 43/43/43
f 47/47/47 29/29/29 46/46/46
f 50/50/50 49/49/49 48/48/48
f 53/53/53 52/52/52 51/51/51
f 31/31/31 53/53/53 54/54/54
f 31/31/31 52/52/52 53/53/53
f 32/32/32 52/52/52 31/31/31
f 55/55/55 52/52/52 32/32/32
f 55/55/55 56/56/56 52/52/52
f 55/55/55 57/57/57 56/56/56
f 58/58/58 57/57/57 55/55/55
f 58/58/58 59/59/59 57/57/57
f 60/60/60 59/59/59 58/58/58
f 60/60/60 61/61/61 59/59/59
f 62/62/62 61/61/61 60/60/60
f 62/62/62 63/63/63 61/61/61
f 62/62/62 64/64/64 63/63/63
f 62/62/62 50/50/50 64/64/64
f 62/62/62 49/49/49 50/50/50
f 62/62/62 65/65/65 49/49/49
f 62/62/62 66/66/66 65/65/65
f 67/67/67 66/66/66 62/62/62
f 67/67/67 68/68/68 66/66/66
f 69/69/69 68/68/68 67/67/67
f 70/70/70 68/68/68 69/69/69
f 73/73/73 72/72/72 71/71/71
f 75/75/75 3/3/3 74/74/74
f 78/78/78 77/77/77 76/76/76
f 80/80/80 78/78/78 79/79/79
f 82/82/82 80/80/80 81/81/81
f 84/84/84 82/82/82 83/83/83
f 86/86/86 84/84/84 85/85/85
f 88/88/88 86/86/86 87/87/87
f 90/90/90 88/88/88 89/89/89
f 92/92/92 37/37/37 91/91/91
f 95/95/95 94/94/94 93/93/93
f 97/97/97 95/95/95 96/96/96
f 99/99/99 97/97/97 98/98/98
f 101/101/101 99/99/99 100/100/100
f 104/104/104 103/103/103 102/102/102
f 106/106/106 104/104/104 105/105/105
f 109/109/109 108/108/108 107/107/107
f 111/111/111 109/109/109 110/110/110
f 113/113/113 111/111/111 112/112/112
f 115/115/115 47/47/47 114/114/114
f 117/117/117 70/70/70 116/116/116
f 119/119/119 117/117/117 118/118/118
f 122/122/122 121/121/121 120/120/120
f 124/124/124 122/122/122 123/123/123
f 126/126/126 124/124/124 125/125/125
f 72/72/72 126/126/126 127/127/127
f 129/129/129 73/73/73 128/128/128
f 131/131/131 129/129/129 130/130/130
f 37/37/37 34/34/34 35/35/35
f 37/37/37 90/90/90 34/34/34
f 37/37/37 88/88/88 90/90/90
f 92/92/92 88/88/88 37/37/37
f 92/92/92 86/86/86 88/88/88
f 132/132/132 86/86/86 92/92/92
f 132/132/132 84/84/84 86/86/86
f 133/133/133 84/84/84 132/132/132
f 133/133/133 82/82/82 84/84/84
f 133/133/133 80/80/80 82/82/82
f 133/133/133 78/78/78 80/80/80
f 133/133/133 77/77/77 78/78/78
f 133/133/133 75/75/75 77/77/77
f 133/133/133 3/3/3 75/75/75
f 133/133/133 2/2/2 3/3/3
f 133/133/133 6/6/6 2/2/2
f 133/133/133 5/5/5 6/6/6
f 133/133/133 131/131/131 5/5/5
f 133/133/133 129/129/129 131/131/131
f 133/133/133 73/73/73 129/129/129
f 133/133/133 72/72/72 73/73/73
f 133/133/133 126/126/126 72/72/72
f 26/26/26 126/126/126 133/133/133
f 19/19/19 126/126/126 26/26/26
f 19/19/19 124/124/124 126/126/126
f 19/19/19 122/122/122 124/124/124
f 19/19/19 121/121/121 122/122/122
f 134/134/134 121/121/121 19/19/19
f 134/134/134 119/119/119 121/121/121
f 134/134/134 117/117/117 119/119/119
f 94/94/94 117/117/117 134/134/134
f 95/95/95 117/117/117 94/94/94
f 97/97/97 117/117/117 95/95/95
f 99/99/99 117/117/117 97/97/97
f 101/101/101 117/117/117 99/99/99
f 101/101/101 70/70/70 117/117/117
f 39/39/39 70/70/70 101/101/101
f 70/70/70 135/135/135 68/68/68
f 115/115/115 29/29/29 47/47/47
f 115/115/115 28/28/28 29/29/29
f 115/115/115 113/113/113 28/28/28
f 115/115/115 111/111/111 113/113/113
f 135/135/135 111/111/111 115/115/115
f 135/135/135 109/109/109 111/111/111
f 70/70/70 109/109/109 135/135/135
f 70/70/70 108/108/108 109/109/109
f 70/70/70 136/136/136 108/108/108
f 70/70/70 106/106/106 136/136/136
f 70/70/70 104/104/104 106/106/106
f 70/70/70 103/103/103 104/104/104
f 70/70/70 137/137/137 103/103/103
f 70/70/70 138/138/138 137/137/137
f 70/70/70 139/139/139 138/138/138
f 39/39/39 139/139/139 70/70/70
f 39/39/39 140/140/140 139/139/139
f 40/40/40 140/140/140 39/39/39
f 42/42/42 140/140/140 40/40/40
f 42/42/42 45/45/45 140/140/140
f 44/44/44 45/45/45 42/42/42
f 143/143/143 142/142/142 141/141/141
f 143/143/143 144/144/144 142/142/142
f 143/143/143 145/145/145 144/144/144
f 146/146/146 145/145/145 143/143/143
f 147/147/147 145/145/145 146/146/146
f 148/148/148 145/145/145 147/147/147
f 148/148/148 149/149/149 145/145/145
f 148/148/148 150/150/150 149/149/149
f 151/151/151 150/150/150 148/148/148
f 151/151/151 152/152/152 150/150/150
f 151/151/151 153/153/153 152/152/152
f 154/154/154 153/153/153 151/151/151
f 154/154/154 155/155/155 153/153/153
f 154/154/154 156/156/156 155/155/155
f 157/157/157 156/156/156 154/154/154
f 158/158/158 156/156/156 157/157/157
f 159/159/159 156/156/156 158/158/158
f 160/160/160 156/156/156 159/159/159
f 161/161/161 156/156/156 160/160/160
f 162/162/162 156/156/156 161/161/161
f 163/163/163 156/156/156 162/162/162
f 164/164/164 156/156/156 163/163/163
f 164/164/164 165/165/165 156/156/156
f 166/166/166 165/165/165 164/164/164
f 166/166/166 167/167/167 165/165/165
f 168/168/168 167/167/167 166/166/166
f 168/168/168 169/169/169 167/167/167
f 168/168/168 170/170/170 169/169/169
f 168/168/168 171/171/171 170/170/170
f 168/168/168 172/172/172 171/171/171
f 168/168/168 173/173/173 172/172/172
f 174/174/174 173/173/173 168/168/168
f 175/175/175 143/143/143 141/141/141
f 176/176/176 143/143/143 175/175/175
f 177/177/177 143/143/143 176/176/176
f 178/178/178 143/143/143 177/177/177
f 179/179/179 143/143/143 178/178/178
f 179/179/179 180/180/180 143/143/143
f 179/179/179 181/181/181 180/180/180
f 179/179/179 182/182/182 181/181/181
f 179/179/179 183/183/183 182/182/182
f 179/179/179 184/184/184 183/183/183
f 179/179/179 185/185/185 184/184/184
f 179/179/179 186/186/186 185/185/185
f 179/179/179 187/187/187 186/186/186
f 179/179/179 188/188/188 187/187/187
f 179/179/179 189/189/189 188/188/188
f 179/179/179 190/190/190 189/189/189
f 191/191/191 190/190/190 179/179/179
f 192/192/192 190/190/190 191/191/191
f 193/193/193 190/190/190 192/192/192
f 194/194/194 190/190/190 193/193/193
f 195/195/195 190/190/190 194/194/194
f 196/196/196 190/190/190 195/195/195
f 197/197/197 190/190/190 196/196/196
f 198/198/198 190/190/190 197/197/197
f 199/199/199 190/190/190 198/198/198
f 200/200/200 190/190/190 199/199/199
f 201/201/201 190/190/190 200/200/200
f 202/202/202 190/190/190 201/201/201
f 205/205/205 204/204/204 203/203/203
f 208/208/208 207/207/207 206/206/206
f 210/210/210 202/202/202 209/209/209
f 212/212/212 210/210/210 211/211/211
f 214/214/214 212/212/212 213/213/213
f 216/216/216 214/214/214 215/215/215
f 218/218/218 216/216/216 217/217/217
f 220/220/220 218/218/218 219/219/219
f 204/204/204 220/220/220 221/221/221
f 224/224/224 223/223/223 222/222/222
f 226/226/226 224/224/224 225/225/225
f 228/228/228 226/226/226 227/227/227
f 230/230/230 228/228/228 229/229/229
f 232/232/232 230/230/230 231/231/231
f 234/234/234 208/208/208 233/233/233
f 236/236/236 234/234/234 235/235/235
f 190/190/190 236/236/236 237/237/237
f 205/205/205 220/220/220 204/204/204
f 223/223/223 220/220/220 205/205/205
f 234/234/234 207/207/207 208/208/208
f 234/234/234 238/238/238 207/207/207
f 236/236/236 238/238/238 234/234/234
f 190/190/190 238/238/238 236/236/236
f 202/202/202 238/238/238 190/190/190
f 210/210/210 238/238/238 202/202/202
f 210/210/210 232/232/232 238/238/238
f 230/230/230 226/226/226 228/228/228
f 232/232/232 226/226/226 230/230/230
f 218/218/218 214/214/214 216/216/216
f 214/214/214 210/210/210 212/212/212
f 226/226/226 223/223/223 224/224/224
f 220/220/220 214/214/214 218/218/218
f 220/220/220 210/210/210 214/214/214
f 220/220/220 232/232/232 210/210/210
f 223/223/223 232/232/232 220/220/220
f 226/226/226 232/232/232 223/223/223
f 241/241/241 240/240/240 239/239/239
f 242/242/242 240/240/240 241/241/241
f 242/242/242 243/243/243 240/240/240
f 242/242/242 244/244/244 243/243/243
f 245/245/245 244/244/244 242/242/242
f 245/245/245 246/246/246 244/244/244
f 245/245/245 247/247/247 246/246/246
f 245/245/245 248/248/248 247/247/247
f 249/249/249 248/248/248 245/245/245
f 249/249/249 250/250/250 248/248/248
f 249/249/249 251/251/251 250/250/250
f 252/252/252 251/251/251 249/249/249
f 255/255/255 254/254/254 253/253/253
f 258/258/258 257/257/257 256/256/256
f 259/259/259 257/257/257 258/258/258
f 260/260/260 257/257/257 259/259/259
f 260/260/260 261/261/261 257/257/257
f 260/260/260 262/262/262 261/261/261
f 263/263/263 262/262/262 260/260/260
f 263/263/263 264/264/264 262/262/262
f 265/265/265 264/264/264 263/263/263
f 265/265/265 266/266/266 264/264/264
f 265/265/265 267/267/267 266/266/266
f 265/265/265 268/268/268 267/267/267
f 265/265/265 269/269/269 268/268/268
f 265/265/265 270/270/270 269/269/269
f 265/265/265 271/271/271 270/270/270
f 251/251/251 271/271/271 265/265/265
f 251/251/251 272/272/272 271/271/271
f 251/251/251 273/273/273 272/272/272
f 251/251/251 274/274/274 273/273/273
f 251/251/251 275/275/275 274/274/274
f 252/252/252 275/275/275 251/251/251
f 252/252/252 276/276/276 275/275/275
f 277/277/277 276/276/276 252/252/252
f 277/277/277 278/278/278 276/276/276
f 277/277/277 279/279/279 278/278/278
f 280/280/280 279/279/279 277/277/277
f 280/280/280 281/281/281 279/279/279
f 280/280/280 282/282/282 281/281/281
f 283/283/283 282/282/282 280/280/280
f 283/283/283 284/284/284 282/282/282
f 283/283/283 285/285/285 284/284/284
f 286/286/286 285/285/285 283/283/283
f 286/286/286 287/287/287 285/285/285
f 288/288/288 287/287/287 286/286/286
f 288/288/288 255/255/255 287/287/287
f 288/288/288 254/254/254 255/255/255
f 289/289/289 254/254/254 288/288/288
f 289/289/289 290/290/290 254/254/254
f 291/291/291 290/290/290 289/289/289
f 291/291/291 292/292/292 290/290/290
f 293/293/293 292/292/292 291/291/291
f 294/294/294 292/292/292 293/293/293
f 295/295/295 292/292/292 294/294/294
f 296/296/296 292/292/292 295/295/295
f 299/299/299 298/298/298 297/297/297
f 299/299/299 300/300/300 298/298/298
f 301/301/301 300/300/300 299/299/299
f 302/302/302 300/300/300 301/301/301
f 305/305/305 304/304/304 303/303/303
f 308/308/308 307/307/307 306/306/306
f 305/305/305 309/309/309 304/304/304
f 310/310/310 309/309/309 305/305/305
f 312/312/312 302/302/302 311/311/311
f 312/312/312 300/300/300 302/302/302
f 313/313/313 300/300/300 312/312/312
f 313/313/313 314/314/314 300/300/300
f 315/315/315 314/314/314 313/313/313
f 315/315/315 316/316/316 314/314/314
f 317/317/317 316/316/316 315/315/315
f 317/317/317 318/318/318 316/316/316
f 317/317/317 319/319/319 318/318/318
f 320/320/320 319/319/319 317/317/317
f 321/321/321 319/319/319 320/320/320
f 322/322/322 319/319/319 321/321/321
f 323/323/323 319/319/319 322/322/322
f 324/324/324 319/319/319 323/323/323
f 324/324/324 325/325/325 319/319/319
f 326/326/326 325/325/325 324/324/324
f 327/327/327 325/325/325 326/326/326
f 327/327/327 328/328/328 325/325/325
f 329/329/329 328/328/328 327/327/327
f 330/330/330 328/328/328 329/329/329
f 331/331/331 328/328/328 330/330/330
f 332/332/332 328/328/328 331/331/331
f 332/332/332 333/333/333 328/328/328
f 334/334/334 333/333/333 332/332/332
f 335/335/335 333/333/333 334/334/334
f 336/336/336 333/333/333 335/335/335
f 337/337/337 333/333/333 336/336/336
f 338/338/338 333/333/333 337/337/337
f 339/339/339 333/333/333 338/338/338
f 339/339/339 340/340/340 333/333/333
f 341/341/341 340/340/340 339/339/339
f 341/341/341 342/342/342 340/340/340
f 341/341/341 343/343/343 342/342/342
f 344/344/344 343/343/343 341/341/341
f 345/345/345 343/343/343 344/344/344
f 345/345/345 346/346/346 343/343/343
f 345/345/345 347/347/347 346/346/346
f 348/348/348 347/347/347 345/345/345
f 348/348/348 310/310/310 347/347/347
f 348/348/348 309/309/309 310/310/310
f 349/349/349 309/309/309 348/348/348
f 350/350/350 309/309/309 349/349/349
f 351/351/351 309/309/309 350/350/350
f 352/352/352 309/309/309 351/351/351
f 353/353/353 309/309/309 352/352/352
f 354/354/354 309/309/309 353/353/353
f 354/354/354 355/355/355 309/309/309
f 356/356/356 355/355/355 354/354/354
f 356/356/356 357/357/357 355/355/355
f 307/307/307 357/357/357 356/356/356
f 308/308/308 357/357/357 307/307/307
f 360/360/360 359/359/359 358/358/358
f 361/361/361 359/359/359 360/360/360
f 364/364/364 363/363/363 362/362/362
f 364/364/364 365/365/365 363/363/363
f 364/364/364 366/366/366 365/365/365
f 364/364/364 367/367/367 366/366/366
f 364/364/364 368/368/368 367/367/367
f 369/369/369 359/359/359 361/361/361
f 364/364/364 370/370/370 368/368/368
f 364/364/364 371/371/371 370/370/370
f 372/372/372 359/359/359 369/369/369
f 364/364/364 373/373/373 371/371/371
f 364/364/364 374/374/374 373/373/373
f 364/364/364 375/375/375 374/374/374
f 364/364/364 376/376/376 375/375/375
f 364/364/364 377/377/377 376/376/376
f 364/364/364 378/378/378 377/377/377
f 364/364/364 379/379/379 378/378/378
f 364/364/364 380/380/380 379/379/379
f 381/381/381 359/359/359 372/372/372
f 384/384/384 383/383/383 382/382/382
f 387/387/387 386/386/386 385/385/385
f 390/390/390 389/389/389 388/388/388
f 393/393/393 392/392/392 391/391/391
f 396/396/396 395/395/395 394/394/394
f 399/399/399 398/398/398 397/397/397
f 402/402/402 401/401/401 400/400/400
f 405/405/405 404/404/404 403/403/403
f 408/408/408 407/407/407 406/406/406
f 410/410/410 408/408/408 409/409/409
f 413/413/413 412/412/412 411/411/411
f 416/416/416 415/415/415 414/414/414
f 419/419/419 418/418/418 417/417/417
f 422/422/422 421/421/421 420/420/420
f 425/425/425 424/424/424 423/423/423
f 428/428/428 427/427/427 426/426/426
f 430/430/430 428/428/428 429/429/429
f 432/432/432 396/396/396 431/431/431
f 434/434/434 432/432/432 433/433/433
f 437/437/437 436/436/436 435/435/435
f 392/392/392 390/390/390 438/438/438
f 392/392/392 389/389/389 390/390/390
f 440/440/440 387/387/387 439/439/439
f 442/442/442 440/440/440 441/441/441
f 444/444/444 442/442/442 443/443/443
f 380/380/380 446/446/446 445/445/445
f 449/449/449 448/448/448 447/447/447
f 451/451/451 449/449/449 450/450/450
f 453/453/453 451/451/451 452/452/452
f 455/455/455 453/453/453 454/454/454
f 457/457/457 455/455/455 456/456/456
f 459/459/459 457/457/457 458/458/458
f 461/461/461 459/459/459 460/460/460
f 463/463/463 461/461/461 462/462/462
f 465/465/465 463/463/463 464/464/464
f 467/467/467 465/465/465 466/466/466
f 469/469/469 467/467/467 468/468/468
f 472/472/472 471/471/471 470/470/470
f 474/474/474 472/472/472 473/473/473
f 476/476/476 474/474/474 475/475/475
f 478/478/478 476/476/476 477/477/477
f 424/424/424 410/410/410 479/479/479
f 482/482/482 481/481/481 480/480/480
f 484/484/484 482/482/482 483/483/483
f 427/427/427 484/484/484 485/485/485
f 488/488/488 487/487/487 486/486/486
f 491/491/491 490/490/490 489/489/489
f 493/493/493 434/434/434 492/492/492
f 495/495/495 493/493/493 494/494/494
f 497/497/497 495/495/495 496/496/496
f 499/499/499 497/497/497 498/498/498
f 501/501/501 499/499/499 500/500/500
f 503/503/503 416/416/416 502/502/502
f 506/506/506 505/505/505 504/504/504
f 509/509/509 508/508/508 507/507/507
f 511/511/511 509/509/509 510/510/510
f 513/513/513 511/511/511 512/512/512
f 515/515/515 513/513/513 514/514/514
f 518/518/518 517/517/517 516/516/516
f 520/520/520 518/518/518 519/519/519
f 522/522/522 520/520/520 521/521/521
f 524/524/524 522/522/522 523/523/523
f 526/526/526 524/524/524 525/525/525
f 528/528/528 526/526/526 527/527/527
f 530/530/530 528/528/528 529/529/529
f 532/532/532 530/530/530 531/531/531
f 534/534/534 532/532/532 533/533/533
f 536/536/536 534/534/534 535/535/535
f 538/538/538 536/536/536 537/537/537
f 436/436/436 538/538/538 539/539/539
f 542/542/542 541/541/541 540/540/540
f 544/544/544 542/542/542 543/543/543
f 418/418/418 544/544/544 545/545/545
f 547/547/547 422/422/422 546/546/546
f 549/549/549 547/547/547 548/548/548
f 552/552/552 551/551/551 550/550/550
f 554/554/554 552/552/552 553/553/553
f 556/556/556 554/554/554 555/555/555
f 558/558/558 556/556/556 557/557/557
f 560/560/560 558/558/558 559/559/559
f 562/562/562 560/560/560 561/561/561
f 564/564/564 562/562/562 563/563/563
f 566/566/566 564/564/564 565/565/565
f 568/568/568 566/566/566 567/567/567
f 570/570/570 568/568/568 569/569/569
f 572/572/572 570/570/570 571/571/571
f 574/574/574 572/572/572 573/573/573
f 577/577/577 576/576/576 575/575/575
f 579/579/579 577/577/577 578/578/578
f 581/581/581 579/579/579 580/580/580
f 584/584/584 583/583/583 582/582/582
f 585/585/585 583/583/583 584/584/584
f 586/586/586 583/583/583 585/585/585
f 587/587/587 583/583/583 586/586/586
f 588/588/588 583/583/583 587/587/587
f 589/589/589 583/583/583 588/588/588
f 590/590/590 583/583/583 589/589/589
f 591/591/591 583/583/583 590/590/590
f 593/593/593 592/592/592 591/591/591
f 594/594/594 592/592/592 593/593/593
f 595/595/595 592/592/592 594/594/594
f 596/596/596 592/592/592 595/595/595
f 597/597/597 592/592/592 596/596/596
f 598/598/598 592/592/592 597/597/597
f 599/599/599 592/592/592 598/598/598
f 600/600/600 592/592/592 599/599/599
f 602/602/602 600/600/600 601/601/601
f 604/604/604 602/602/602 603/603/603
f 606/606/606 604/604/604 605/605/605
f 398/398/398 606/606/606 607/607/607
f 610/610/610 609/609/609 608/608/608
f 612/612/612 610/610/610 611/611/611
f 614/614/614 612/612/612 613/613/613
f 364/364/364 446/446/446 380/380/380
f 440/440/440 386/386/386 387/387/387
f 440/440/440 614/614/614 386/386/386
f 440/440/440 612/612/612 614/614/614
f 440/440/440 610/610/610 612/612/612
f 442/442/442 610/610/610 440/440/440
f 442/442/442 609/609/609 610/610/610
f 444/444/444 609/609/609 442/442/442
f 444/444/444 615/615/615 609/609/609
f 444/444/444 616/616/616 615/615/615
f 617/617/617 616/616/616 444/444/444
f 617/617/617 393/393/393 616/616/616
f 432/432/432 395/395/395 396/396/396
f 434/434/434 395/395/395 432/432/432
f 493/493/493 395/395/395 434/434/434
f 495/495/495 395/395/395 493/493/493
f 497/497/497 395/395/395 495/495/495
f 499/499/499 395/395/395 497/497/497
f 499/499/499 618/618/618 395/395/395
f 501/501/501 618/618/618 499/499/499
f 501/501/501 405/405/405 618/618/618
f 501/501/501 404/404/404 405/405/405
f 415/415/415 404/404/404 501/501/501
f 416/416/416 404/404/404 415/415/415
f 503/503/503 404/404/404 416/416/416
f 619/619/619 404/404/404 503/503/503
f 619/619/619 620/620/620 404/404/404
f 505/505/505 620/620/620 619/619/619
f 506/506/506 620/620/620 505/505/505
f 506/506/506 621/621/621 620/620/620
f 622/622/622 621/621/621 506/506/506
f 622/622/622 623/623/623 621/621/621
f 624/624/624 623/623/623 622/622/622
f 624/624/624 491/491/491 623/623/623
f 624/624/624 490/490/490 491/491/491
f 625/625/625 490/490/490 624/624/624
f 625/625/625 384/384/384 490/490/490
f 625/625/625 383/383/383 384/384/384
f 626/626/626 383/383/383 625/625/625
f 626/626/626 627/627/627 383/383/383
f 628/628/628 359/359/359 381/381/381
f 410/410/410 407/407/407 408/408/408
f 399/399/399 606/606/606 398/398/398
f 389/389/389 606/606/606 399/399/399
f 430/430/430 427/427/427 428/428/428
f 413/413/413 430/430/430 412/412/412
f 413/413/413 427/427/427 430/430/430
f 629/629/629 427/427/427 413/413/413
f 629/629/629 484/484/484 427/427/427
f 629/629/629 482/482/482 484/484/484
f 629/629/629 481/481/481 482/482/482
f 629/629/629 425/425/425 481/481/481
f 630/630/630 425/425/425 629/629/629
f 401/401/401 425/425/425 630/630/630
f 402/402/402 425/425/425 401/401/401
f 631/631/631 425/425/425 402/402/402
f 632/632/632 425/425/425 631/631/631
f 632/632/632 424/424/424 425/425/425
f 632/632/632 410/410/410 424/424/424
f 632/632/632 407/407/407 410/410/410
f 633/633/633 407/407/407 632/632/632
f 633/633/633 478/478/478 407/407/407
f 633/633/633 476/476/476 478/478/478
f 633/633/633 474/474/474 476/476/476
f 633/633/633 472/472/472 474/474/474
f 487/487/487 472/472/472 633/633/633
f 488/488/488 472/472/472 487/487/487
f 488/488/488 471/471/471 472/472/472
f 634/634/634 471/471/471 488/488/488
f 635/635/635 471/471/471 634/634/634
f 636/636/636 471/471/471 635/635/635
f 637/637/637 471/471/471 636/636/636
f 627/627/627 471/471/471 637/637/637
f 626/626/626 471/471/471 627/627/627
f 626/626/626 638/638/638 471/471/471
f 626/626/626 639/639/639 638/638/638
f 640/640/640 639/639/639 626/626/626
f 641/641/641 639/639/639 640/640/640
f 642/642/642 639/639/639 641/641/641
f 508/508/508 639/639/639 642/642/642
f 643/643/643 436/436/436 437/437/437
f 421/421/421 418/418/418 419/419/419
f 547/547/547 421/421/421 422/422/422
f 451/451/451 448/448/448 449/449/449
f 455/455/455 451/451/451 453/453/453
f 459/459/459 455/455/455 457/457/457
f 463/463/463 459/459/459 461/461/461
f 467/467/467 463/463/463 465/465/465
f 644/644/644 467/467/467 469/469/469
f 511/511/511 508/508/508 509/509/509
f 511/511/511 639/639/639 508/508/508
f 511/511/511 644/644/644 639/639/639
f 513/513/513 644/644/644 511/511/511
f 515/515/515 644/644/644 513/513/513
f 520/520/520 517/517/517 518/518/518
f 524/524/524 520/520/520 522/522/522
f 528/528/528 524/524/524 526/526/526
f 532/532/532 528/528/528 530/530/530
f 536/536/536 532/532/532 534/534/534
f 436/436/436 536/536/536 538/538/538
f 544/544/544 541/541/541 542/542/542
f 554/554/554 551/551/551 552/552/552
f 558/558/558 554/554/554 556/556/556
f 562/562/562 558/558/558 560/560/560
f 566/566/566 562/562/562 564/564/564
f 570/570/570 566/566/566 568/568/568
f 574/574/574 570/570/570 572/572/572
f 577/577/577 645/645/645 576/576/576
f 581/581/581 577/577/577 579/579/579
f 604/604/604 600/600/600 602/602/602
f 646/646/646 644/644/644 515/515/515
f 647/647/647 393/393/393 617/617/617
f 647/647/647 392/392/392 393/393/393
f 364/364/364 648/648/648 446/446/446
f 547/547/547 418/418/418 421/421/421
f 643/643/643 536/536/536 436/436/436
f 649/649/649 359/359/359 628/628/628
f 392/392/392 606/606/606 389/389/389
f 536/536/536 528/528/528 532/532/532
f 528/528/528 520/520/520 524/524/524
f 570/570/570 562/562/562 566/566/566
f 650/650/650 577/577/577 581/581/581
f 455/455/455 448/448/448 451/451/451
f 463/463/463 455/455/455 459/459/459
f 644/644/644 463/463/463 467/467/467
f 418/418/418 541/541/541 544/544/544
f 547/547/547 541/541/541 418/418/418
f 549/549/549 541/541/541 547/547/547
f 651/651/651 541/541/541 549/549/549
f 558/558/558 551/551/551 554/554/554
f 652/652/652 570/570/570 574/574/574
f 606/606/606 600/600/600 604/604/604
f 647/647/647 606/606/606 392/392/392
f 647/647/647 600/600/600 606/606/606
f 653/653/653 600/600/600 647/647/647
f 592/592/592 600/600/600 653/653/653
f 654/654/654 591/591/591 592/592/592
f 583/583/583 591/591/591 654/654/654
f 655/655/655 582/582/582 583/583/583
f 656/656/656 582/582/582 655/655/655
f 657/657/657 582/582/582 656/656/656
f 658/658/658 582/582/582 657/657/657
f 659/659/659 582/582/582 658/658/658
f 648/648/648 582/582/582 659/659/659
f 648/648/648 660/660/660 582/582/582
f 643/643/643 528/528/528 536/536/536
f 661/661/661 528/528/528 643/643/643
f 661/661/661 520/520/520 528/528/528
f 662/662/662 520/520/520 661/661/661
f 541/541/541 520/520/520 662/662/662
f 651/651/651 520/520/520 541/541/541
f 663/663/663 520/520/520 651/651/651
f 664/664/664 520/520/520 663/663/663
f 665/665/665 520/520/520 664/664/664
f 666/666/666 520/520/520 665/665/665
f 666/666/666 517/517/517 520/520/520
f 667/667/667 517/517/517 666/666/666
f 668/668/668 517/517/517 667/667/667
f 668/668/668 669/669/669 517/517/517
f 670/670/670 669/669/669 668/668/668
f 671/671/671 669/669/669 670/670/670
f 551/551/551 669/669/669 671/671/671
f 558/558/558 669/669/669 551/551/551
f 558/558/558 672/672/672 669/669/669
f 558/558/558 673/673/673 672/672/672
f 674/674/674 644/644/644 646/646/646
f 675/675/675 359/359/359 649/649/649
f 463/463/463 448/448/448 455/455/455
f 652/652/652 562/562/562 570/570/570
f 650/650/650 645/645/645 577/577/577
f 558/558/558 674/674/674 673/673/673
f 558/558/558 644/644/644 674/674/674
f 562/562/562 644/644/644 558/558/558
f 562/562/562 463/463/463 644/644/644
f 562/562/562 448/448/448 463/463/463
f 652/652/652 448/448/448 562/562/562
f 676/676/676 448/448/448 652/652/652
f 676/676/676 675/675/675 448/448/448
f 676/676/676 359/359/359 675/675/675
f 677/677/677 359/359/359 676/676/676
f 678/678/678 359/359/359 677/677/677
f 679/679/679 359/359/359 678/678/678
f 680/680/680 359/359/359 679/679/679
f 681/681/681 359/359/359 680/680/680
f 681/681/681 364/364/364 359/359/359
f 645/645/645 364/364/364 681/681/681
f 650/650/650 364/364/364 645/645/645
f 650/650/650 648/648/648 364/364/364
f 682/682/682 648/648/648 650/650/650
f 683/683/683 648/648/648 682/682/682
f 683/683/683 660/660/660 648/648/648
f 686/686/686 685/685/685 684/684/684
f 687/687/687 685/685/685 686/686/686
f 687/687/687 688/688/688 685/685/685
f 689/689/689 688/688/688 687/687/687
f 690/690/690 688/688/688 689/689/689
f 691/691/691 688/688/688 690/690/690
f 692/692/692 688/688/688 691/691/691
f 692/692/692 693/693/693 688/688/688
f 694/694/694 693/693/693 692/692/692
f 694/694/694 695/695/695 693/693/693
f 696/696/696 695/695/695 694/694/694
f 697/697/697 695/695/695 696/696/696
f 698/698/698 695/695/695 697/697/697
f 698/698/698 699/699/699 695/695/695
f 700/700/700 699/699/699 698/698/698
f 701/701/701 699/699/699 700/700/700
f 702/702/702 699/699/699 701/701/701
f 703/703/703 699/699/699 702/702/702
f 703/703/703 704/704/704 699/699/699
f 703/703/703 705/705/705 704/704/704
f 703/703/703 706/706/706 705/705/705
f 703/703/703 707/707/707 706/706/706
f 703/703/703 708/708/708 707/707/707
f 709/709/709 708/708/708 703/703/703
f 709/709/709 710/710/710 708/708/708
f 711/711/711 710/710/710 709/709/709
f 711/711/711 712/712/712 710/710/710
f 713/713/713 712/712/712 711/711/711
f 713/713/713 714/714/714 712/712/712
f 713/713/713 715/715/715 714/714/714
f 713/713/713 716/716/716 715/715/715
f 717/717/717 716/716/716 713/713/713
f 718/718/718 716/716/716 717/717/717
f 718/718/718 719/719/719 716/716/716
f 722/722/722 721/721/721 720/720/720
f 724/724/724 722/722/722 723/723/723
f 724/724/724 721/721/721 722/722/722
f 725/725/725 721/721/721 724/724/724
f 725/725/725 726/726/726 721/721/721
f 727/727/727 726/726/726 725/725/725
f 728/728/728 726/726/726 727/727/727
f 728/728/728 729/729/729 726/726/726
f 728/728/728 730/730/730 729/729/729
f 728/728/728 731/731/731 730/730/730
f 732/732/732 731/731/731 728/728/728
f 733/733/733 731/731/731 732/732/732
f 734/734/734 731/731/731 733/733/733
f 735/735/735 731/731/731 734/734/734
f 736/736/736 731/731/731 735/735/735
f 737/737/737 731/731/731 736/736/736
f 738/738/738 731/731/731 737/737/737
f 739/739/739 731/731/731 738/738/738
f 740/740/740 731/731/731 739/739/739
f 741/741/741 731/731/731 740/740/740
f 742/742/742 731/731/731 741/741/741
f 719/719/719 731/731/731 742/742/742
f 719/719/719 743/743/743 731/731/731
f 719/719/719 744/744/744 743/743/743
f 719/719/719 745/745/745 744/744/744
f 719/719/719 746/746/746 745/745/745
f 719/719/719 747/747/747 746/746/746
f 719/719/719 748/748/748 747/747/747
f 719/719/719 749/749/749 748/748/748
f 718/718/718 749/749/749 719/719/719
f 718/718/718 750/750/750 749/749/749
f 718/718/718 751/751/751 750/750/750
f 718/718/718 752/752/752 751/751/751
f 718/718/718 753/753/753 752/752/752
f 718/718/718 754/754/754 753/753/753
f 757/757/757 756/756/756 755/755/755
f 760/760/760 759/759/759 758/758/758
f 761/761/761 759/759/759 760/760/760
f 763/763/763 718/718/718 762/762/762
f 765/765/765 763/763/763 764/764/764
f 767/767/767 765/765/765 766/766/766
f 769/769/769 767/767/767 768/768/768
f 771/771/771 769/769/769 770/770/770
f 773/773/773 757/757/757 772/772/772
f 775/775/775 773/773/773 774/774/774
f 777/777/777 775/775/775 776/776/776
f 779/779/779 777/777/777 778/778/778
f 781/781/781 779/779/779 780/780/780
f 783/783/783 781/781/781 782/782/782
f 785/785/785 783/783/783 784/784/784
f 788/788/788 787/787/787 786/786/786
f 790/790/790 788/788/788 789/789/789
f 792/792/792 790/790/790 791/791/791
f 792/792/792 788/788/788 790/790/790
f 793/793/793 788/788/788 792/792/792
f 794/794/794 788/788/788 793/793/793
f 794/794/794 787/787/787 788/788/788
f 795/795/795 787/787/787 794/794/794
f 796/796/796 787/787/787 795/795/795
f 797/797/797 787/787/787 796/796/796
f 798/798/798 787/787/787 797/797/797
f 799/799/799 787/787/787 798/798/798
f 800/800/800 787/787/787 799/799/799
f 801/801/801 787/787/787 800/800/800
f 802/802/802 787/787/787 801/801/801
f 802/802/802 803/803/803 787/787/787
f 754/754/754 803/803/803 802/802/802
f 761/761/761 785/785/785 759/759/759
f 761/761/761 783/783/783 785/785/785
f 804/804/804 783/783/783 761/761/761
f 804/804/804 781/781/781 783/783/783
f 804/804/804 779/779/779 781/781/781
f 804/804/804 777/777/777 779/779/779
f 804/804/804 775/775/775 777/777/777
f 804/804/804 773/773/773 775/775/775
f 804/804/804 757/757/757 773/773/773
f 804/804/804 756/756/756 757/757/757
f 804/804/804 771/771/771 756/756/756
f 804/804/804 769/769/769 771/771/771
f 804/804/804 767/767/767 769/769/769
f 804/804/804 765/765/765 767/767/767
f 804/804/804 763/763/763 765/765/765
f 804/804/804 718/718/718 763/763/763
f 805/805/805 718/718/718 804/804/804
f 805/805/805 754/754/754 718/718/718
f 803/803/803 754/754/754 805/805/805
f 808/808/808 807/807/807 806/806/806
f 808/808/808 809/809/809 807/807/807
f 810/810/810 809/809/809 808/808/808
f 810/810/810 811/811/811 809/809/809
f 812/812/812 811/811/811 810/810/810
f 812/812/812 813/813/813 811/811/811
f 814/814/814 813/813/813 812/812/812
f 815/815/815 813/813/813 814/814/814
f 815/815/815 816/816/816 813/813/813
f 817/817/817 816/816/816 815/815/815
f 817/817/817 818/818/818 816/816/816
f 819/819/819 818/818/818 817/817/817
f 819/819/819 820/820/820 818/818/818
f 821/821/821 820/820/820 819/819/819
f 822/822/822 820/820/820 821/821/821
f 822/822/822 823/823/823 820/820/820
f 824/824/824 823/823/823 822/822/822
f 824/824/824 825/825/825 823/823/823
f 826/826/826 825/825/825 824/824/824
f 827/827/827 825/825/825 826/826/826
f 827/827/827 828/828/828 825/825/825
f 827/827/827 829/829/829 828/828/828
f 830/830/830 829/829/829 827/827/827
f 831/831/831 829/829/829 830/830/830
f 832/832/832 829/829/829 831/831/831
f 833/833/833 829/829/829 832/832/832
f 834/834/834 829/829/829 833/833/833
f 835/835/835 829/829/829 834/834/834
f 836/836/836 829/829/829 835/835/835
f 837/837/837 829/829/829 836/836/836
f 838/838/838 829/829/829 837/837/837
f 839/839/839 829/829/829 838/838/838
f 840/840/840 829/829/829 839/839/839
f 841/841/841 829/829/829 840/840/840
f 842/842/842 829/829/829 841/841/841
f 843/843/843 829/829/829 842/842/842
f 844/844/844 829/829/829 843/843/843
f 845/845/845 829/829/829 844/844/844
f 846/846/846 829/829/829 845/845/845
f 847/847/847 829/829/829 846/846/846
f 848/848/848 829/829/829 847/847/847
f 848/848/848 849/849/849 829/829/829
f 848/848/848 850/850/850 849/849/849
f 848/848/848 851/851/851 850/850/850
f 848/848/848 852/852/852 851/851/851
f 848/848/848 853/853/853 852/852/852
f 856/856/856 855/855/855 854/854/854
f 856/856/856 857/857/857 855/855/855
f 856/856/856 858/858/858 857/857/857
f 856/856/856 859/859/859 858/858/858
f 860/860/860 859/859/859 856/856/856
f 861/861/861 859/859/859 860/860/860
f 861/861/861 862/862/862 859/859/859
f 861/861/861 863/863/863 862/862/862
f 864/864/864 863/863/863 861/861/861
f 864/864/864 865/865/865 863/863/863
f 866/866/866 865/865/865 864/864/864
f 866/866/866 867/867/867 865/865/865
f 868/868/868 867/867/867 866/866/866
f 868/868/868 869/869/869 867/867/867
f 870/870/870 869/869/869 868/868/868
f 870/870/870 871/871/871 869/869/869
f 872/872/872 871/871/871 870/870/870
f 872/872/872 873/873/873 871/871/871
f 874/874/874 873/873/873 872/872/872
f 874/874/874 875/875/875 873/873/873
f 874/874/874 876/876/876 875/875/875
f 877/877/877 876/876/876 874/874/874
f 877/877/877 878/878/878 876/876/876
f 877/877/877 879/879/879 878/878/878
f 877/877/877 880/880/880 879/879/879
f 877/877/877 881/881/881 880/880/880
f 877/877/877 882/882/882 881/881/881
f 877/877/877 883/883/883 882/882/882
f 877/877/877 884/884/884 883/883/883
f 877/877/877 885/885/885 884/884/884
f 877/877/877 886/886/886 885/885/885
f 877/877/877 887/887/887 886/886/886
f 877/877/877 888/888/888 887/887/887
f 877/877/877 889/889/889 888/888/888
f 877/877/877 890/890/890 889/889/889
f 877/877/877 891/891/891 890/890/890
f 877/877/877 892/892/892 891/891/891
f 877/877/877 893/893/893 892/892/892
f 877/877/877 894/894/894 893/893/893
f 877/877/877 895/895/895 894/894/894
f 896/896/896 895/895/895 877/877/877
f 896/896/896 897/897/897 895/895/895
f 898/898/898 897/897/897 896/896/896
f 899/899/899 897/897/897 898/898/898
f 902/902/902 901/901/901 900/900/900
f 903/903/903 901/901/901 902/902/902
f 903/903/903 904/904/904 901/901/901
f 905/905/905 904/904/904 903/903/903
f 906/906/906 904/904/904 905/905/905
f 907/907/907 904/904/904 906/906/906
f 907/907/907 908/908/908 904/904/904
f 907/907/907 909/909/909 908/908/908
f 910/910/910 909/909/909 907/907/907
f 911/911/911 909/909/909 910/910/910
f 911/911/911 912/912/912 909/909/909
f 911/911/911 913/913/913 912/912/912
f 911/911/911 914/914/914 913/913/913
f 915/915/915 914/914/914 911/911/911
f 915/915/915 916/916/916 914/914/914
f 915/915/915 917/917/917 916/916/916
f 915/915/915 918/918/918 917/917/917
f 919/919/919 918/918/918 915/915/915
f 919/919/919 920/920/920 918/918/918
f 921/921/921 920/920/920 919/919/919
f 922/922/922 920/920/920 921/921/921
f 923/923/923 920/920/920 922/922/922
f 924/924/924 920/920/920 923/923/923
f 925/925/925 920/920/920 924/924/924
f 926/926/926 920/920/920 925/925/925
f 927/927/927 920/920/920 926/926/926
f 928/928/928 920/920/920 927/927/927
f 929/929/929 920/920/920 928/928/928
f 929/929/929 930/930/930 920/920/920
f 931/931/931 930/930/930 929/929/929
f 932/932/932 930/930/930 931/931/931
f 933/933/933 930/930/930 932/932/932
f 934/934/934 930/930/930 933/933/933
f 935/935/935 930/930/930 934/934/934
f 936/936/936 930/930/930 935/935/935
f 937/937/937 930/930/930 936/936/936
f 938/938/938 930/930/930 937/937/937
f 939/939/939 930/930/930 938/938/938
f 940/940/940 930/930/930 939/939/939
f 941/941/941 930/930/930 940/940/940
f 942/942/942 930/930/930 941/941/941
f 945/945/945 944/944/944 943/943/943
f 948/948/948 947/947/947 946/946/946
f 945/945/945 949/949/949 944/944/944
f 950/950/950 949/949/949 945/945/945
f 951/951/951 949/949/949 950/950/950
f 952/952/952 949/949/949 951/951/951
f 953/953/953 949/949/949 952/952/952
f 954/954/954 949/949/949 953/953/953
f 955/955/955 949/949/949 954/954/954
f 956/956/956 949/949/949 955/955/955
f 957/957/957 949/949/949 956/956/956
f 958/958/958 949/949/949 957/957/957
f 959/959/959 949/949/949 958/958/958
f 959/959/959 960/960/960 949/949/949
f 961/961/961 960/960/960 959/959/959
f 964/964/964 963/963/963 962/962/962
f 960/960/960 947/947/947 948/948/948
f 961/961/961 947/947/947 960/960/960
f 961/961/961 965/965/965 947/947/947
f 961/961/961 966/966/966 965/965/965
f 967/967/967 966/966/966 961/961/961
f 968/968/968 966/966/966 967/967/967
f 969/969/969 966/966/966 968/968/968
f 970/970/970 966/966/966 969/969/969
f 971/971/971 966/966/966 970/970/970
f 971/971/971 972/972/972 966/966/966
f 973/973/973 963/963/963 964/964/964
f 973/973/973 974/974/974 963/963/963
f 975/975/975 974/974/974 973/973/973
f 976/976/976 974/974/974 975/975/975
f 976/976/976 977/977/977 974/974/974
f 978/978/978 977/977/977 976/976/976
f 979/979/979 977/977/977 978/978/978
f 980/980/980 977/977/977 979/979/979
f 981/981/981 977/977/977 980/980/980
f 982/982/982 977/977/977 981/981/981
f 983/983/983 977/977/977 982/982/982
f 984/984/984 977/977/977 983/983/983
f 985/985/985 977/977/977 984/984/984
f 986/986/986 977/977/977 985/985/985
f 987/987/987 977/977/977 986/986/986
f 988/988/988 977/977/977 987/987/987
f 989/989/989 977/977/977 988/988/988
f 990/990/990 977/977/977 989/989/989
f 991/991/991 977/977/977 990/990/990
f 991/991/991 971/971/971 977/977/977
f 991/991/991 972/972/972 971/971/971
f 992/992/992 972/972/972 991/991/991
f 993/993/993 972/972/972 992/992/992
f 994/994/994 972/972/972 993/993/993
f 994/994/994 995/995/995 972/972/972
f 998/998/998 997/997/997 996/996/996
f 1001/1001/1001 1000/1000/1000 999/999/999
f 1004/1004/1004 1003/1003/1003 1002/1002/1002
f 1007/1007/1007 1006/1006/1006 1005/1005/1005
f 1010/1010/1010 1009/1009/1009 1008/1008/1008
f 1013/1013/1013 1012/1012/1012 1011/1011/1011
f 1016/1016/1016 1015/1015/1015 1014/1014/1014
f 1018/1018/1018 994/994/994 1017/1017/1017
f 1020/1020/1020 998/998/998 1019/1019/1019
f 1006/1006/1006 1022/1022/1022 1021/1021/1021
f 1024/1024/1024 1007/1007/1007 1023/1023/1023
f 1026/1026/1026 1024/1024/1024 1025/1025/1025
f 1028/1028/1028 1026/1026/1026 1027/1027/1027
f 1030/1030/1030 1028/1028/1028 1029/1029/1029
f 1009/1009/1009 1030/1030/1030 1031/1031/1031
f 1034/1034/1034 1033/1033/1033 1032/1032/1032
f 1036/1036/1036 1013/1013/1013 1035/1035/1035
f 1038/1038/1038 1036/1036/1036 1037/1037/1037
f 1003/1003/1003 1038/1038/1038 1039/1039/1039
f 1041/1041/1041 1004/1004/1004 1040/1040/1040
f 1043/1043/1043 1016/1016/1016 1042/1042/1042
f 1020/1020/1020 997/997/997 998/998/998
f 1036/1036/1036 1012/1012/1012 1013/1013/1013
f 1036/1036/1036 1034/1034/1034 1012/1012/1012
f 1036/1036/1036 1033/1033/1033 1034/1034/1034
f 1038/1038/1038 1033/1033/1033 1036/1036/1036
f 1038/1038/1038 1044/1044/1044 1033/1033/1033
f 1003/1003/1003 1044/1044/1044 1038/1038/1038
f 1004/1004/1004 1044/1044/1044 1003/1003/1003
f 1041/1041/1041 1044/1044/1044 1004/1004/1004
f 1015/1015/1015 1044/1044/1044 1041/1041/1041
f 1016/1016/1016 1044/1044/1044 1015/1015/1015
f 1043/1043/1043 1044/1044/1044 1016/1016/1016
f 1045/1045/1045 1044/1044/1044 1043/1043/1043
f 995/995/995 1044/1044/1044 1045/1045/1045
f 995/995/995 1046/1046/1046 1044/1044/1044
f 1007/1007/1007 1022/1022/1022 1006/1006/1006
f 1024/1024/1024 1022/1022/1022 1007/1007/1007
f 1026/1026/1026 1022/1022/1022 1024/1024/1024
f 1026/1026/1026 1020/1020/1020 1022/1022/1022
f 1028/1028/1028 1020/1020/1020 1026/1026/1026
f 1030/1030/1030 1020/1020/1020 1028/1028/1028
f 1009/1009/1009 1020/1020/1020 1030/1030/1030
f 1010/1010/1010 1020/1020/1020 1009/1009/1009
f 1000/1000/1000 1020/1020/1020 1010/1010/1010
f 1001/1001/1001 1020/1020/1020 1000/1000/1000
f 1047/1047/1047 1020/1020/1020 1001/1001/1001
f 1046/1046/1046 1020/1020/1020 1047/1047/1047
f 997/997/997 994/994/994 1018/1018/1018
f 1020/1020/1020 994/994/994 997/997/997
f 1020/1020/1020 995/995/995 994/994/994
f 1046/1046/1046 995/995/995 1020/1020/1020
f 1050/1050/1050 1049/1049/1049 1048/1048/1048
f 1051/1051/1051 1049/1049/1049 1050/1050/1050
f 1052/1052/1052 1049/1049/1049 1051/1051/1051
f 1053/1053/1053 1049/1049/1049 1052/1052/1052
f 1054/1054/1054 1049/1049/1049 1053/1053/1053
f 1055/1055/1055 1049/1049/1049 1054/1054/1054
f 1056/1056/1056 1049/1049/1049 1055/1055/1055
f 1057/1057/1057 1049/1049/1049 1056/1056/1056
f 1060/1060/1060 1059/1059/1059 1058/1058/1058
f 1061/1061/1061 1049/1049/1049 1057/1057/1057
f 1061/1061/1061 1062/1062/1062 1049/1049/1049
f 1063/1063/1063 1062/1062/1062 1061/1061/1061
f 1064/1064/1064 1062/1062/1062 1063/1063/1063
f 1065/1065/1065 1062/1062/1062 1064/1064/1064
f 1066/1066/1066 1062/1062/1062 1065/1065/1065
f 1067/1067/1067 1062/1062/1062 1066/1066/1066
f 1062/1062/1062 1059/1059/1059 1060/1060/1060
f 1068/1068/1068 1062/1062/1062 1067/1067/1067
f 1069/1069/1069 1062/1062/1062 1068/1068/1068
f 1069/1069/1069 1059/1059/1059 1062/1062/1062
f 1069/1069/1069 1070/1070/1070 1059/1059/1059
f 1069/1069/1069 1071/1071/1071 1070/1070/1070
f 1072/1072/1072 1071/1071/1071 1069/1069/1069
f 1072/1072/1072 1073/1073/1073 1071/1071/1071
f 1074/1074/1074 1073/1073/1073 1072/1072/1072
f 1075/1075/1075 1073/1073/1073 1074/1074/1074
f 1076/1076/1076 1073/1073/1073 1075/1075/1075
f 1077/1077/1077 1073/1073/1073 1076/1076/1076
f 1078/1078/1078 1073/1073/1073 1077/1077/1077
f 1079/1079/1079 1073/1073/1073 1078/1078/1078
f 1080/1080/1080 1073/1073/1073 1079/1079/1079
f 1083/1083/1083 1082/1082/1082 1081/1081/1081
f 1086/1086/1086 1085/1085/1085 1084/1084/1084
f 1089/1089/1089 1088/1088/1088 1087/1087/1087
f 1085/1085/1085 1091/1091/1091 1090/1090/1090
f 1086/1086/1086 1091/1091/1091 1085/1085/1085
f 1086/1086/1086 1092/1092/1092 1091/1091/1091
f 1086/1086/1086 1093/1093/1093 1092/1092/1092
f 1094/1094/1094 1093/1093/1093 1086/1086/1086
f 1097/1097/1097 1096/1096/1096 1095/1095/1095
f 1100/1100/1100 1099/1099/1099 1098/1098/1098
f 1103/1103/1103 1102/1102/1102 1101/1101/1101
f 1106/1106/1106 1105/1105/1105 1104/1104/1104
f 1109/1109/1109 1108/1108/1108 1107/1107/1107
f 1112/1112/1112 1111/1111/1111 1110/1110/1110
f 1102/1102/1102 1114/1114/1114 1113/1113/1113
f 1116/1116/1116 1100/1100/1100 1115/1115/1115
f 1116/1116/1116 1099/1099/1099 1100/1100/1100
f 1116/1116/1116 1117/1117/1117 1099/1099/1099
f 1116/1116/1116 1118/1118/1118 1117/1117/1117
f 1116/1116/1116 1119/1119/1119 1118/1118/1118
f 1116/1116/1116 1120/1120/1120 1119/1119/1119
f 1116/1116/1116 1121/1121/1121 1120/1120/1120
f 1116/1116/1116 1122/1122/1122 1121/1121/1121
f 1116/1116/1116 1097/1097/1097 1122/1122/1122
f 1116/1116/1116 1096/1096/1096 1097/1097/1097
f 1116/1116/1116 1123/1123/1123 1096/1096/1096
f 1116/1116/1116 1124/1124/1124 1123/1123/1123
f 1073/1073/1073 1124/1124/1124 1116/1116/1116
f 1080/1080/1080 1124/1124/1124 1073/1073/1073
f 1080/1080/1080 1125/1125/1125 1124/1124/1124
f 1126/1126/1126 1125/1125/1125 1080/1080/1080
f 1127/1127/1127 1125/1125/1125 1126/1126/1126
f 1130/1130/1130 1129/1129/1129 1128/1128/1128
f 1133/1133/1133 1132/1132/1132 1131/1131/1131
f 1136/1136/1136 1135/1135/1135 1134/1134/1134
f 1138/1138/1138 1112/1112/1112 1137/1137/1137
f 1141/1141/1141 1140/1140/1140 1139/1139/1139
f 1144/1144/1144 1143/1143/1143 1142/1142/1142
f 1146/1146/1146 1089/1089/1089 1145/1145/1145
f 1149/1149/1149 1148/1148/1148 1147/1147/1147
f 1151/1151/1151 1150/1150/1150 1129/1129/1129
f 1152/1152/1152 1150/1150/1150 1151/1151/1151
f 1152/1152/1152 1153/1153/1153 1150/1150/1150
f 1148/1148/1148 1153/1153/1153 1152/1152/1152
f 1148/1148/1148 1154/1154/1154 1153/1153/1153
f 1149/1149/1149 1154/1154/1154 1148/1148/1148
f 1149/1149/1149 1155/1155/1155 1154/1154/1154
f 1149/1149/1149 1156/1156/1156 1155/1155/1155
f 1149/1149/1149 1157/1157/1157 1156/1156/1156
f 1149/1149/1149 1158/1158/1158 1157/1157/1157
f 1149/1149/1149 1159/1159/1159 1158/1158/1158
f 1149/1149/1149 1160/1160/1160 1159/1159/1159
f 1161/1161/1161 1160/1160/1160 1149/1149/1149
f 1163/1163/1163 1130/1130/1130 1162/1162/1162
f 1165/1165/1165 1163/1163/1163 1164/1164/1164
f 1132/1132/1132 1167/1167/1167 1166/1166/1166
f 1169/1169/1169 1133/1133/1133 1168/1168/1168
f 1108/1108/1108 1094/1094/1094 1170/1170/1170
f 1135/1135/1135 1109/1109/1109 1171/1171/1171
f 1173/1173/1173 1138/1138/1138 1172/1172/1172
f 1175/1175/1175 1141/1141/1141 1174/1174/1174
f 1177/1177/1177 1175/1175/1175 1176/1176/1176
f 1179/1179/1179 1177/1177/1177 1178/1178/1178
f 1181/1181/1181 1144/1144/1144 1180/1180/1180
f 1183/1183/1183 1181/1181/1181 1182/1182/1182
f 1185/1185/1185 1183/1183/1183 1184/1184/1184
f 1186/1186/1186 1125/1125/1125 1127/1127/1127
f 1094/1094/1094 1169/1169/1169 1093/1093/1093
f 1103/1103/1103 1114/1114/1114 1102/1102/1102
f 1105/1105/1105 1082/1082/1082 1083/1083/1083
f 1105/1105/1105 1187/1187/1187 1082/1082/1082
f 1106/1106/1106 1187/1187/1187 1105/1105/1105
f 1106/1106/1106 1188/1188/1188 1187/1187/1187
f 1161/1161/1161 1188/1188/1188 1106/1106/1106
f 1161/1161/1161 1149/1149/1149 1188/1188/1188
f 1189/1189/1189 1163/1163/1163 1165/1165/1165
f 1146/1146/1146 1088/1088/1088 1089/1089/1089
f 1146/1146/1146 1185/1185/1185 1088/1088/1088
f 1146/1146/1146 1183/1183/1183 1185/1185/1185
f 1190/1190/1190 1183/1183/1183 1146/1146/1146
f 1190/1190/1190 1181/1181/1181 1183/1183/1183
f 1190/1190/1190 1144/1144/1144 1181/1181/1181
f 1190/1190/1190 1143/1143/1143 1144/1144/1144
f 1190/1190/1190 1191/1191/1191 1143/1143/1143
f 1192/1192/1192 1191/1191/1191 1190/1190/1190
f 1125/1125/1125 1191/1191/1191 1192/1192/1192
f 1186/1186/1186 1191/1191/1191 1125/1125/1125
f 1193/1193/1193 1191/1191/1191 1186/1186/1186
f 1194/1194/1194 1191/1191/1191 1193/1193/1193
f 1195/1195/1195 1191/1191/1191 1194/1194/1194
f 1138/1138/1138 1111/1111/1111 1112/1112/1112
f 1175/1175/1175 1140/1140/1140 1141/1141/1141
f 1169/1169/1169 1132/1132/1132 1133/1133/1133
f 1094/1094/1094 1132/1132/1132 1169/1169/1169
f 1109/1109/1109 1094/1094/1094 1108/1108/1108
f 1136/1136/1136 1109/1109/1109 1135/1135/1135
f 1136/1136/1136 1094/1094/1094 1109/1109/1109
f 1111/1111/1111 1094/1094/1094 1136/1136/1136
f 1138/1138/1138 1094/1094/1094 1111/1111/1111
f 1173/1173/1173 1094/1094/1094 1138/1138/1138
f 1114/1114/1114 1177/1177/1177 1179/1179/1179
f 1103/1103/1103 1177/1177/1177 1114/1114/1114
f 1191/1191/1191 1177/1177/1177 1103/1103/1103
f 1191/1191/1191 1175/1175/1175 1177/1177/1177
f 1191/1191/1191 1140/1140/1140 1175/1175/1175
f 1195/1195/1195 1140/1140/1140 1191/1191/1191
f 1195/1195/1195 1196/1196/1196 1140/1140/1140
f 1197/1197/1197 1196/1196/1196 1195/1195/1195
f 1151/1151/1151 1196/1196/1196 1197/1197/1197
f 1151/1151/1151 1173/1173/1173 1196/1196/1196
f 1151/1151/1151 1094/1094/1094 1173/1173/1173
f 1151/1151/1151 1132/1132/1132 1094/1094/1094
f 1151/1151/1151 1167/1167/1167 1132/1132/1132
f 1151/1151/1151 1189/1189/1189 1167/1167/1167
f 1151/1151/1151 1163/1163/1163 1189/1189/1189
f 1151/1151/1151 1130/1130/1130 1163/1163/1163
f 1151/1151/1151 1129/1129/1129 1130/1130/1130
g cPK_20_002720_00_PIGEOTex_SR_L_SB_1
f 1198/1198/1198 364/364/364 362/362/362
f 1199/1199/1199 364/364/364 1198/1198/1198
f 1200/1200/1200 364/364/364 1199/1199/1199
f 1201/1201/1201 364/364/364 1200/1200/1200
f 1202/1202/1202 364/364/364 1201/1201/1201
f 359/359/359 1203/1203/1203 358/358/358
f 1204/1204/1204 364/364/364 1202/1202/1202
f 1205/1205/1205 364/364/364 1204/1204/1204
f 1206/1206/1206 364/364/364 1205/1205/1205
f 359/359/359 1207/1207/1207 1203/1203/1203
f 359/359/359 1208/1208/1208 1207/1207/1207
f 359/359/359 1209/1209/1209 1208/1208/1208
f 1212/1212/1212 1211/1211/1211 1210/1210/1210
f 359/359/359 1213/1213/1213 1209/1209/1209
f 364/364/364 1213/1213/1213 359/359/359
f 1206/1206/1206 1213/1213/1213 364/364/364
f 1206/1206/1206 1214/1214/1214 1213/1213/1213
f 1206/1206/1206 1215/1215/1215 1214/1214/1214
f 1206/1206/1206 1216/1216/1216 1215/1215/1215
f 1206/1206/1206 1217/1217/1217 1216/1216/1216
f 1206/1206/1206 1218/1218/1218 1217/1217/1217
f 1206/1206/1206 1219/1219/1219 1218/1218/1218
f 1206/1206/1206 1220/1220/1220 1219/1219/1219
f 1206/1206/1206 1221/1221/1221 1220/1220/1220
f 1206/1206/1206 1222/1222/1222 1221/1221/1221
f 1206/1206/1206 1223/1223/1223 1222/1222/1222
f 1206/1206/1206 1224/1224/1224 1223/1223/1223
f 1206/1206/1206 1212/1212/1212 1224/1224/1224
f 1225/1225/1225 1212/1212/1212 1206/1206/1206
f 1212/1212/1212 1226/1226/1226 1211/1211/1211
f 1229/1229/1229 1228/1228/1228 1227/1227/1227
f 1232/1232/1232 1231/1231/1231 1230/1230/1230
f 1234/1234/1234 1225/1225/1225 1233/1233/1233
f 1236/1236/1236 1234/1234/1234 1235/1235/1235
f 1228/1228/1228 1238/1238/1238 1237/1237/1237
f 1240/1240/1240 1229/1229/1229 1239/1239/1239
f 1242/1242/1242 1232/1232/1232 1241/1241/1241
f 1244/1244/1244 1242/1242/1242 1243/1243/1243
f 1226/1226/1226 1244/1244/1244 1245/1245/1245
f 1212/1212/1212 1244/1244/1244 1226/1226/1226
f 1229/1229/1229 1238/1238/1238 1228/1228/1228
f 1236/1236/1236 1225/1225/1225 1234/1234/1234
f 1231/1231/1231 1229/1229/1229 1240/1240/1240
f 1242/1242/1242 1231/1231/1231 1232/1232/1232
f 1231/1231/1231 1238/1238/1238 1229/1229/1229
f 1242/1242/1242 1238/1238/1238 1231/1231/1231
f 1244/1244/1244 1238/1238/1238 1242/1242/1242
f 1246/1246/1246 1225/1225/1225 1236/1236/1236
f 1212/1212/1212 1238/1238/1238 1244/1244/1244
f 1225/1225/1225 1238/1238/1238 1212/1212/1212
f 1246/1246/1246 1238/1238/1238 1225/1225/1225
f 1247/1247/1247 946/946/946 947/947/947
f 1248/1248/1248 946/946/946 1247/1247/1247
f 1249/1249/1249 946/946/946 1248/1248/1248
f 1250/1250/1250 946/946/946 1249/1249/1249
f 1251/1251/1251 946/946/946 1250/1250/1250
f 1252/1252/1252 946/946/946 1251/1251/1251
f 1253/1253/1253 946/946/946 1252/1252/1252
f 1254/1254/1254 946/946/946 1253/1253/1253
f 1255/1255/1255 946/946/946 1254/1254/1254
f 1255/1255/1255 1256/1256/1256 946/946/946
f 1257/1257/1257 1256/1256/1256 1255/1255/1255
f 1258/1258/1258 1256/1256/1256 1257/1257/1257
f 1259/1259/1259 1256/1256/1256 1258/1258/1258
f 1260/1260/1260 1256/1256/1256 1259/1259/1259
f 1260/1260/1260 1261/1261/1261 1256/1256/1256
f 1262/1262/1262 1261/1261/1261 1260/1260/1260
f 1263/1263/1263 1261/1261/1261 1262/1262/1262
f 1264/1264/1264 1261/1261/1261 1263/1263/1263
f 1265/1265/1265 1261/1261/1261 1264/1264/1264
f 1266/1266/1266 1261/1261/1261 1265/1265/1265
f 1267/1267/1267 943/943/943 944/944/944
f 1268/1268/1268 943/943/943 1267/1267/1267
f 1268/1268/1268 1269/1269/1269 943/943/943
f 1272/1272/1272 1271/1271/1271 1270/1270/1270
f 1272/1272/1272 1273/1273/1273 1271/1271/1271
f 1272/1272/1272 1274/1274/1274 1273/1273/1273
f 1275/1275/1275 1274/1274/1274 1272/1272/1272
f 1276/1276/1276 1274/1274/1274 1275/1275/1275
f 1276/1276/1276 1277/1277/1277 1274/1274/1274
f 1276/1276/1276 1278/1278/1278 1277/1277/1277
f 1279/1279/1279 1278/1278/1278 1276/1276/1276
f 1279/1279/1279 1280/1280/1280 1278/1278/1278
f 1281/1281/1281 1280/1280/1280 1279/1279/1279
f 1281/1281/1281 1282/1282/1282 1280/1280/1280
f 1281/1281/1281 1283/1283/1283 1282/1282/1282
f 1281/1281/1281 1284/1284/1284 1283/1283/1283
f 1281/1281/1281 1285/1285/1285 1284/1284/1284
f 1281/1281/1281 1286/1286/1286 1285/1285/1285
f 1287/1287/1287 1286/1286/1286 1281/1281/1281
f 1287/1287/1287 1288/1288/1288 1286/1286/1286
f 1287/1287/1287 1289/1289/1289 1288/1288/1288
f 1287/1287/1287 1290/1290/1290 1289/1289/1289
f 1287/1287/1287 1291/1291/1291 1290/1290/1290
f 1287/1287/1287 1292/1292/1292 1291/1291/1291
f 1287/1287/1287 1293/1293/1293 1292/1292/1292
f 1287/1287/1287 1294/1294/1294 1293/1293/1293
f 1287/1287/1287 1295/1295/1295 1294/1294/1294
f 1296/1296/1296 1295/1295/1295 1287/1287/1287
f 1296/1296/1296 1297/1297/1297 1295/1295/1295
f 1298/1298/1298 1297/1297/1297 1296/1296/1296
f 1269/1269/1269 1297/1297/1297 1298/1298/1298
f 1301/1301/1301 1300/1300/1300 1299/1299/1299
f 1304/1304/1304 1303/1303/1303 1302/1302/1302
f 1305/1305/1305 1303/1303/1303 1304/1304/1304
f 1306/1306/1306 1303/1303/1303 1305/1305/1305
f 1307/1307/1307 1303/1303/1303 1306/1306/1306
f 1308/1308/1308 1303/1303/1303 1307/1307/1307
f 1308/1308/1308 1309/1309/1309 1303/1303/1303
f 1308/1308/1308 1310/1310/1310 1309/1309/1309
f 1311/1311/1311 1310/1310/1310 1308/1308/1308
f 1311/1311/1311 1312/1312/1312 1310/1310/1310
f 1311/1311/1311 1313/1313/1313 1312/1312/1312
f 1314/1314/1314 1313/1313/1313 1311/1311/1311
f 1314/1314/1314 1315/1315/1315 1313/1313/1313
f 1316/1316/1316 1315/1315/1315 1314/1314/1314
f 1316/1316/1316 1317/1317/1317 1315/1315/1315
f 1316/1316/1316 1318/1318/1318 1317/1317/1317
f 1316/1316/1316 1301/1301/1301 1318/1318/1318
f 1316/1316/1316 1300/1300/1300 1301/1301/1301
f 1316/1316/1316 1319/1319/1319 1300/1300/1300
f 1316/1316/1316 1320/1320/1320 1319/1319/1319
f 1316/1316/1316 1321/1321/1321 1320/1320/1320
f 1316/1316/1316 1322/1322/1322 1321/1321/1321
f 1316/1316/1316 1323/1323/1323 1322/1322/1322
f 1316/1316/1316 1324/1324/1324 1323/1323/1323
f 1316/1316/1316 1325/1325/1325 1324/1324/1324
f 1316/1316/1316 1326/1326/1326 1325/1325/1325
f 1316/1316/1316 1327/1327/1327 1326/1326/1326
f 1316/1316/1316 1328/1328/1328 1327/1327/1327
f 1331/1331/1331 1330/1330/1330 1329/1329/1329
f 1333/1333/1333 1331/1331/1331 1332/1332/1332
f 1333/1333/1333 1330/1330/1330 1331/1331/1331
f 1333/1333/1333 1334/1334/1334 1330/1330/1330
f 1335/1335/1335 1334/1334/1334 1333/1333/1333
f 1335/1335/1335 1336/1336/1336 1334/1334/1334
f 1337/1337/1337 1336/1336/1336 1335/1335/1335
f 1337/1337/1337 1338/1338/1338 1336/1336/1336
f 1337/1337/1337 1339/1339/1339 1338/1338/1338
f 1337/1337/1337 1340/1340/1340 1339/1339/1339
f 1337/1337/1337 1341/1341/1341 1340/1340/1340
f 1337/1337/1337 1342/1342/1342 1341/1341/1341
f 1337/1337/1337 1343/1343/1343 1342/1342/1342
f 1297/1297/1297 1343/1343/1343 1337/1337/1337
f 1297/1297/1297 1344/1344/1344 1343/1343/1343
f 1297/1297/1297 1345/1345/1345 1344/1344/1344
f 1297/1297/1297 1346/1346/1346 1345/1345/1345
f 1297/1297/1297 1347/1347/1347 1346/1346/1346
f 1297/1297/1297 1348/1348/1348 1347/1347/1347
f 1297/1297/1297 1349/1349/1349 1348/1348/1348
f 1297/1297/1297 1350/1350/1350 1349/1349/1349
f 1297/1297/1297 1351/1351/1351 1350/1350/1350
f 1297/1297/1297 1352/1352/1352 1351/1351/1351
f 1297/1297/1297 1353/1353/1353 1352/1352/1352
f 1297/1297/1297 1354/1354/1354 1353/1353/1353
f 1297/1297/1297 1355/1355/1355 1354/1354/1354
f 1269/1269/1269 1355/1355/1355 1297/1297/1297
f 1269/1269/1269 1356/1356/1356 1355/1355/1355
f 1269/1269/1269 1316/1316/1316 1356/1356/1356
f 1269/1269/1269 1328/1328/1328 1316/1316/1316
f 1269/1269/1269 1357/1357/1357 1328/1328/1328
f 1268/1268/1268 1357/1357/1357 1269/1269/1269
f 1268/1268/1268 1358/1358/1358 1357/1357/1357
f 1268/1268/1268 1359/1359/1359 1358/1358/1358
f 1360/1360/1360 1359/1359/1359 1268/1268/1268
f 1360/1360/1360 1361/1361/1361 1359/1359/1359
f 1362/1362/1362 1361/1361/1361 1360/1360/1360
f 1362/1362/1362 1363/1363/1363 1361/1361/1361
f 1364/1364/1364 1363/1363/1363 1362/1362/1362
f 1365/1365/1365 1363/1363/1363 1364/1364/1364
f 1366/1366/1366 1363/1363/1363 1365/1365/1365
f 1367/1367/1367 1363/1363/1363 1366/1366/1366
f 1368/1368/1368 1363/1363/1363 1367/1367/1367
f 1369/1369/1369 1363/1363/1363 1368/1368/1368
f 1370/1370/1370 1363/1363/1363 1369/1369/1369
f 1371/1371/1371 1363/1363/1363 1370/1370/1370
f 1372/1372/1372 1363/1363/1363 1371/1371/1371
f 1373/1373/1373 1363/1363/1363 1372/1372/1372
f 1374/1374/1374 1363/1363/1363 1373/1373/1373
f 1374/1374/1374 1375/1375/1375 1363/1363/1363
f 1376/1376/1376 1375/1375/1375 1374/1374/1374
f 1377/1377/1377 1375/1375/1375 1376/1376/1376
f 1378/1378/1378 1375/1375/1375 1377/1377/1377
f 1379/1379/1379 1375/1375/1375 1378/1378/1378
f 1380/1380/1380 1375/1375/1375 1379/1379/1379
f 1381/1381/1381 1375/1375/1375 1380/1380/1380
f 1381/1381/1381 1382/1382/1382 1375/1375/1375
f 1381/1381/1381 1383/1383/1383 1382/1382/1382
f 1381/1381/1381 1384/1384/1384 1383/1383/1383
f 1385/1385/1385 1384/1384/1384 1381/1381/1381
f 1386/1386/1386 1384/1384/1384 1385/1385/1385
f 1058/1058/1058 1387/1387/1387 1060/1060/1060
f 1388/1388/1388 1387/1387/1387 1058/1058/1058
f 1389/1389/1389 1387/1387/1387 1388/1388/1388
f 1390/1390/1390 1387/1387/1387 1389/1389/1389
f 1391/1391/1391 1387/1387/1387 1390/1390/1390
f 1392/1392/1392 1387/1387/1387 1391/1391/1391
f 1393/1393/1393 1387/1387/1387 1392/1392/1392
f 1394/1394/1394 1387/1387/1387 1393/1393/1393
f 1395/1395/1395 1387/1387/1387 1394/1394/1394
f 1396/1396/1396 1387/1387/1387 1395/1395/1395
f 1396/1396/1396 1397/1397/1397 1387/1387/1387
f 1398/1398/1398 1397/1397/1397 1396/1396/1396
f 1399/1399/1399 1397/1397/1397 1398/1398/1398
f 1049/1049/1049 1400/1400/1400 1048/1048/1048
f 1403/1403/1403 1402/1402/1402 1401/1401/1401
f 1406/1406/1406 1405/1405/1405 1404/1404/1404
f 1408/1408/1408 1406/1406/1406 1407/1407/1407
f 1408/1408/1408 1405/1405/1405 1406/1406/1406
f 1409/1409/1409 1405/1405/1405 1408/1408/1408
f 1409/1409/1409 1410/1410/1410 1405/1405/1405
f 1409/1409/1409 1411/1411/1411 1410/1410/1410
f 1409/1409/1409 1412/1412/1412 1411/1411/1411
f 1409/1409/1409 1403/1403/1403 1412/1412/1412
f 1409/1409/1409 1402/1402/1402 1403/1403/1403
f 1409/1409/1409 1049/1049/1049 1402/1402/1402
f 1413/1413/1413 1049/1049/1049 1409/1409/1409
f 1413/1413/1413 1400/1400/1400 1049/1049/1049
f 1414/1414/1414 1400/1400/1400 1413/1413/1413
f 1415/1415/1415 1400/1400/1400 1414/1414/1414
f 1415/1415/1415 1416/1416/1416 1400/1400/1400
f 1419/1419/1419 1418/1418/1418 1417/1417/1417
f 1421/1421/1421 1419/1419/1419 1420/1420/1420
f 1423/1423/1423 1415/1415/1415 1422/1422/1422
f 1426/1426/1426 1425/1425/1425 1424/1424/1424
f 1428/1428/1428 1423/1423/1423 1427/1427/1427
f 1431/1431/1431 1430/1430/1430 1429/1429/1429
f 1416/1416/1416 1433/1433/1433 1432/1432/1432
f 1435/1435/1435 1428/1428/1428 1434/1434/1434
f 1437/1437/1437 1435/1435/1435 1436/1436/1436
f 1440/1440/1440 1439/1439/1439 1438/1438/1438
f 1442/1442/1442 1426/1426/1426 1441/1441/1441
f 1444/1444/1444 1442/1442/1442 1443/1443/1443
f 1447/1447/1447 1446/1446/1446 1445/1445/1445
f 1450/1450/1450 1449/1449/1449 1448/1448/1448
f 1452/1452/1452 1450/1450/1450 1451/1451/1451
f 1454/1454/1454 1452/1452/1452 1453/1453/1453
f 1456/1456/1456 1454/1454/1454 1455/1455/1455
f 1458/1458/1458 1456/1456/1456 1457/1457/1457
f 1460/1460/1460 1458/1458/1458 1459/1459/1459
f 1462/1462/1462 1460/1460/1460 1461/1461/1461
f 1464/1464/1464 1462/1462/1462 1463/1463/1463
f 1466/1466/1466 1431/1431/1431 1465/1465/1465
f 1468/1468/1468 1466/1466/1466 1467/1467/1467
f 1433/1433/1433 1470/1470/1470 1469/1469/1469
f 1421/1421/1421 1418/1418/1418 1419/1419/1419
f 1471/1471/1471 1418/1418/1418 1421/1421/1421
f 1471/1471/1471 1437/1437/1437 1418/1418/1418
f 1471/1471/1471 1435/1435/1435 1437/1437/1437
f 1471/1471/1471 1428/1428/1428 1435/1435/1435
f 1471/1471/1471 1423/1423/1423 1428/1428/1428
f 1471/1471/1471 1415/1415/1415 1423/1423/1423
f 1472/1472/1472 1415/1415/1415 1471/1471/1471
f 1472/1472/1472 1416/1416/1416 1415/1415/1415
f 1439/1439/1439 1416/1416/1416 1472/1472/1472
f 1440/1440/1440 1416/1416/1416 1439/1439/1439
f 1425/1425/1425 1416/1416/1416 1440/1440/1440
f 1426/1426/1426 1416/1416/1416 1425/1425/1425
f 1442/1442/1442 1416/1416/1416 1426/1426/1426
f 1454/1454/1454 1450/1450/1450 1452/1452/1452
f 1446/1446/1446 1442/1442/1442 1444/1444/1444
f 1446/1446/1446 1416/1416/1416 1442/1442/1442
f 1447/1447/1447 1416/1416/1416 1446/1446/1446
f 1447/1447/1447 1433/1433/1433 1416/1416/1416
f 1449/1449/1449 1433/1433/1433 1447/1447/1447
f 1450/1450/1450 1433/1433/1433 1449/1449/1449
f 1450/1450/1450 1470/1470/1470 1433/1433/1433
f 1454/1454/1454 1470/1470/1470 1450/1450/1450
f 1456/1456/1456 1470/1470/1470 1454/1454/1454
f 1458/1458/1458 1470/1470/1470 1456/1456/1456
f 1458/1458/1458 1468/1468/1468 1470/1470/1470
f 1460/1460/1460 1468/1468/1468 1458/1458/1458
f 1460/1460/1460 1466/1466/1466 1468/1468/1468
f 1460/1460/1460 1431/1431/1431 1466/1466/1466
f 1462/1462/1462 1431/1431/1431 1460/1460/1460
f 1431/1431/1431 1464/1464/1464 1430/1430/1430
f 1464/1464/1464 1431/1431/1431 1462/1462/1462
