g cPK_10_001950_00_PUKURINex_RR_L_SB
v 0.22954753 0.2833781 -0.013823737
v 0.22559372 0.27518806 -0.01410269
v 0.2627444 0.26614442 -0.015142202
v 0.24863373 0.2405815 -0.016557936
v 0.22149861 0.26728043 -0.014568056
v 0.21669768 0.2582431 -0.015012926
v 0.13112597 0.25923166 -0.018867372
v 0.13910423 0.2671393 -0.018648064
v 0.11974037 0.30115244 -0.019857567
v 0.15976186 0.33022997 -0.019558324
v 0.17115827 0.29100332 -0.017903307
v 0.16261522 0.2858492 -0.018084483
v 0.1540016 0.2797067 -0.018280419
v 0.14658818 0.27370533 -0.018466087
v 0.052520793 0.22243391 -0.018509157
v 0.091940984 0.21143298 -0.01738448
v 0.07624895 0.26448578 -0.019340744
v 0.096035965 0.2176461 -0.0177975
v 0.107120775 0.23211978 -0.019051362
v 0.11227488 0.23819177 -0.018967925
v 0.05392119 0.20030887 -0.018087966
v 0.07919913 0.14966813 -0.015513598
v 0.088763766 0.20034824 -0.016341334
v 0.08961102 0.19519417 -0.016434465
v 0.09137615 0.1903931 -0.018568393
v 0.094129674 0.18502723 -0.016066147
v 0.097589284 0.17980261 -0.015926173
v 0.10097827 0.17606057 -0.015879262
v 0.103191614 0.17418252 -0.015858237
v 0.12941714 0.1439261 -0.01566321
v 0.10592049 0.172954 -0.015850788
v 0.10916831 0.172954 -0.013976604
v 0.114392936 0.1736601 -0.014014333
v 0.12328899 0.17606057 -0.01432775
v 0.24189897 0.31540224 -0.013333685
v 0.26772115 0.3424643 -0.013304064
v 0.24148838 0.31799594 -0.014284777
v 0.23794936 0.31945655 -0.014986145
v 0.24020866 0.3191741 -0.015378396
v 0.24662085 0.35697743 -0.0143478615
v 0.20673767 0.3516979 -0.01700257
v 0.2350546 0.31931537 -0.014671156
v 0.23173623 0.31853876 -0.014862195
v 0.22481711 0.31634995 -0.015296129
v 0.21302629 0.31190196 -0.015920486
v 0.20116484 0.30646554 -0.016479041
v 0.18958582 0.30088776 -0.01714667
v 0.18090159 0.296581 -0.017666109
v 0.12371264 0.251324 -0.018891124
v 0.11834675 0.24518152 -0.018937118
v 0.089540385 0.20769094 -0.016955871
v 0.08869325 0.20430198 -0.016627064
v 0.18293516 0.16646194 -0.016309759
v 0.1603559 0.19293486 -0.016675098
v 0.15209533 0.18806317 -0.016524747
v 0.14214015 0.18305033 -0.01639053
v 0.13317351 0.17923777 -0.016281582
v 0.19869371 0.23007236 -0.016011989
v 0.19135094 0.22103508 -0.016369866
v 0.22472851 0.20362762 -0.016855504
v 0.18429057 0.21291566 -0.016608614
v 0.17645358 0.20500803 -0.016769007
v 0.16826352 0.1983007 -0.01671942
v 0.20582464 0.24038045 -0.015598806
v 0.21140233 0.24892354 -0.015278051
v 0.2732132 0.29604742 -0.013253986
v 0.23724325 0.30159384 -0.013303046
v 0.23385428 0.2929096 -0.013867821
v 0.23985563 0.3085836 -0.01288709
v 0.27545786 0.3174362 -0.01196428
v 0.24162073 0.31359646 -0.012961064
v 0.05292652 0.086568795 -0.0064633447
v 0.019922335 0.046560418 -0.0064633386
v 0.07091122 0.060173508 -0.007308179
v 0.06705273 0.053272612 -0.0077634337
v 0.06460393 0.046816915 -0.008121027
v 0.024549657 0.005601955 -0.006463335
v 0.063342534 0.01995532 -0.007036835
v 0.06281558 -0.027428312 -0.0064633326
v 0.07335993 0.007489125 -0.007108754
v 0.06853672 0.011125111 -0.0068744468
v 0.06556862 0.015057817 -0.0069463
v 0.08757635 -0.034283273 -0.0064633326
v 0.16696464 -0.0063288882 -0.006463337
v 0.13792638 0.022268824 -0.0069962624
v 0.12343102 -0.031079981 -0.0064633326
v 0.12982175 0.015057817 -0.006950933
v 0.121072724 0.008156922 -0.0072985264
v 0.11506231 0.003704711 -0.007476285
v 0.11098111 0.0014786102 -0.007594316
v 0.07966722 0.0045952173 -0.007637221
v 0.086716615 0.0025175242 -0.008048917
v 0.106306314 0.0005882201 -0.007786572
v 0.100963615 0.0006624145 -0.007984866
v 0.09361752 0.0012560077 -0.008061831
v 0.19992124 0.03804811 -0.006463337
v 0.14424166 0.02863763 -0.0068207122
v 0.1510454 0.03635471 -0.007177715
v 0.15590565 0.04246151 -0.0071796514
v 0.16101539 0.050310977 -0.006776692
v 0.16494714 0.05745725 -0.0066388934
v 0.17602517 0.089502625 -0.006868254
v 0.17457445 0.08284833 -0.0066744196
v 0.2122405 0.072949044 -0.006463325
v 0.16885586 0.06599446 -0.0065918947
v 0.17184003 0.07397541 -0.006383341
v 0.17324252 0.07771663 -0.006496054
v 0.21702306 0.11202045 -0.006463328
v 0.17688304 0.09564942 -0.0073123607
v 0.17718734 0.101232246 -0.007486814
v 0.17724733 0.10732263 -0.007720803
v 0.12473347 0.14907925 -0.006463345
v 0.09034832 0.11856747 -0.0064633447
v 0.14240488 0.11627133 -0.007547532
v 0.1358554 0.11040924 -0.007466799
v 0.12852877 0.10372233 -0.0074661644
v 0.12344611 0.099601194 -0.0076099443
v 0.114033714 0.09314185 -0.007335304
v 0.17060815 0.123056136 -0.008434623
v 0.16896382 0.16755603 -0.00646334
v 0.16760297 0.12446604 -0.008426799
v 0.16440552 0.12519914 -0.008415842
v 0.16025929 0.12508634 -0.0083644865
v 0.15691176 0.12463514 -0.008180846
v 0.15237823 0.12311254 -0.007912792
v 0.14774254 0.12020414 -0.007776327
v 0.07558601 0.065293625 -0.0070336387
v 0.102819085 0.0853261 -0.007616553
v 0.08012504 0.10943214 -0.0064633465
v 0.09110314 0.0772542 -0.0074846805
v 0.08255447 0.071229815 -0.007430187
v 0.062229425 0.026040018 -0.00742732
v 0.062006813 0.032198813 -0.00784959
v 0.06267472 0.039470818 -0.008182787
v 0.19878201 0.16096203 -0.0064633326
v 0.2134261 0.13671438 -0.006463328
v 0.17313541 0.12102604 -0.008337657
v 0.17484747 0.11871394 -0.008283197
v 0.17596929 0.11600713 -0.0081712175
v 0.17710929 0.111946836 -0.007954408
v -0.21992056 -0.07699459 -0.010129369
v -0.17957689 -0.04012464 -0.007959781
v -0.2522734 0.0026817059 -0.011364243
v -0.1921976 -0.020658715 -0.008361131
v -0.19301045 -0.018840471 -0.00839594
v -0.20032619 -0.0024762752 -0.008535142
v -0.20674348 0.01763135 -0.008796235
v 0.0429966 -0.11061835 -0.011065251
v 0.10174674 -0.11969655 -0.0117263915
v 0.04891989 -0.105592564 -0.01136627
v 0.05340727 -0.09948977 -0.011795287
v 0.057894565 -0.06718106 -0.012675041
v 0.058792055 -0.07543771 -0.013421187
v 0.11800766 -0.07630336 -0.013559775
v 0.058433067 -0.08351491 -0.013022286
v 0.056638062 -0.09213059 -0.012316502
v -0.10535629 0.282022 -0.018340444
v -0.07518831 0.24459083 -0.01652638
v -0.08568088 0.29338858 -0.018565329
v -0.0625675 0.25186393 -0.016683403
v -0.036816824 0.30430165 -0.019177644
v 0.08154438 0.22802697 -0.021326428
v 0.06569895 0.28645244 -0.023607587
v 0.06855988 0.23881523 -0.02196887
v 0.052730467 0.24801348 -0.022481132
v 0.09422877 0.26417097 -0.022440393
v 0.16464664 0.049153313 -0.016058015
v 0.17168263 0.11064036 -0.0171508
v 0.12931058 0.068969995 -0.015246885
v 0.13061865 0.088246495 -0.015835011
v 0.13031766 0.11150885 -0.016695779
v 0.1309852 0.102255404 -0.016176054
v 0.12205129 0.15865894 -0.01844786
v 0.14937769 0.20637782 -0.019667313
v 0.116201855 0.17449252 -0.018934265
v 0.11134203 0.18597932 -0.01895007
v 0.12410835 0.23823467 -0.020323751
v 0.103213504 0.20095304 -0.019562434
v 0.09276458 0.21656847 -0.020010643
v -0.1506708 0.24384403 -0.01835379
v -0.109414 0.21635456 -0.015931346
v -0.09786275 0.22705017 -0.016323958
v -0.086739466 0.23646219 -0.016440494
v -0.16050835 -0.060237117 -0.007745394
v -0.16241519 -0.05822587 -0.0077967807
v -0.15945803 -0.11702038 -0.01027757
v 0.16074221 0.17852813 -0.019413125
v 0.12631586 0.14319709 -0.018388217
v 0.12824371 0.12793131 -0.017731488
v -0.14791797 0.15346475 -0.014482287
v -0.19931787 0.19081655 -0.015793141
v -0.15647446 0.15089789 -0.013671097
v -0.1661004 0.14640573 -0.012920426
v -0.24213736 0.13104796 -0.013632454
v -0.1776516 0.13891888 -0.012176864
v -0.18706377 0.12993455 -0.0115916375
v -0.19519232 0.118169546 -0.010971303
v -0.2013957 0.10469311 -0.010505609
v -0.25731707 0.0658262 -0.012347529
v -0.20631562 0.09121674 -0.010155025
v -0.20909654 0.07945161 -0.009810315
v -0.21102174 0.06298041 -0.009461849
v -0.20952432 0.03196343 -0.009057141
v -0.21144955 0.0484345 -0.009249394
v -0.09956342 -0.12583882 -0.011078836
v -0.13679466 -0.0756338 -0.0076085837
v -0.121179104 -0.08376249 -0.007622865
v -0.10641926 -0.089538015 -0.0075789415
v -0.10789525 -0.08896046 -0.0075840503
v -0.09208726 -0.093602404 -0.0076198983
v 0.0037189473 -0.092912786 -0.011826056
v -0.0018168623 -0.09467197 -0.012373713
v -0.0031360693 -0.152983 -0.011002878
v -0.047960848 -0.13343641 -0.01228398
v -0.012726246 -0.097024895 -0.012366152
v -0.02299404 -0.098522305 -0.012046426
v -0.024149159 -0.098607875 -0.011995978
v -0.034545217 -0.099377945 -0.011378991
v -0.06064231 -0.098950185 -0.009229864
v -0.04716594 -0.09959187 -0.010350351
v -0.07604393 -0.097024895 -0.0081483675
v 0.0061745793 -0.096771576 -0.012497203
v 0.010384246 -0.1012151 -0.012784088
v 0.060459256 -0.14940302 -0.010861034
v 0.03797081 -0.11259283 -0.01101594
v 0.033771377 -0.112674795 -0.011135295
v 0.02850923 -0.112090185 -0.011341884
v 0.015295527 -0.10565873 -0.012220777
v 0.02418259 -0.11068691 -0.011574738
v 0.019856045 -0.10858202 -0.011858957
v 0.062356453 -0.06408263 -0.012526254
v 0.06920165 -0.059162714 -0.012744731
v 0.07904158 -0.051247973 -0.0128500825
v 0.08738409 -0.04247769 -0.012858766
v 0.14957011 -0.024858348 -0.0145018995
v 0.0950848 -0.033065524 -0.012750533
v 0.102143936 -0.023225702 -0.012581271
v 0.10920297 -0.01017709 -0.012925379
v 0.12676822 0.050178558 -0.0143807335
v 0.12460458 0.036669414 -0.01396615
v 0.12034267 0.020650677 -0.013510294
v 0.11433679 0.0026575676 -0.0131832305
v -0.01379581 0.263629 -0.018096535
v 0.011960645 0.30284834 -0.02010659
v 0.0039587407 0.26298723 -0.01907686
v 0.019146487 0.26042026 -0.02039436
v -0.046951935 0.25806722 -0.016986001
v -0.031764258 0.26148984 -0.017457929
v 0.036045413 0.2555004 -0.021865824
v -0.14171454 0.16522989 -0.014670511
v -0.13486944 0.1778506 -0.014908828
v -0.12759642 0.1906853 -0.015078557
v -0.11903997 0.2035199 -0.0154904155
v -0.13783315 0.4538693 -0.02861154
v -0.13620476 0.48599783 -0.024361135
v -0.13932154 0.45218816 -0.028608143
v -0.051774412 0.26823768 -0.027704312
v -0.035217866 0.23072994 -0.0277331
v -0.010456417 0.26403865 -0.02832335
v -0.010891984 0.2563548 -0.028359247
v -0.009762642 0.25001553 -0.028403709
v -0.008029056 0.24367523 -0.028433476
v 0.015912997 0.31070688 -0.028193146
v 0.056482483 0.3468246 -0.027914507
v -0.0020663266 0.34199837 -0.027867723
v 0.083551705 0.21762548 -0.028351352
v 0.13538407 0.231408 -0.027726678
v 0.08763122 0.22300838 -0.028340891
v 0.090675116 0.22855723 -0.028329406
v 0.093344264 0.23477213 -0.028305268
v 0.09522619 0.24076103 -0.028285136
v 0.11051263 0.18566746 -0.027641697
v -0.020381276 0.3214433 -0.027848369
v 0.012112721 0.30720398 -0.02820518
v 0.009302826 0.303362 -0.028230745
v 0.0059000687 0.18737887 -0.02941843
v -0.005438761 0.23703216 -0.028453762
v -0.0013798177 0.2300754 -0.028475378
v 0.002810719 0.22481166 -0.028485993
v 0.007290774 0.2198135 -0.028470559
v 0.0113467 0.21629205 -0.028454123
v 0.015749762 0.21238653 -0.028405968
v 0.029107103 0.20542835 -0.02835066
v 0.022268603 0.20839082 -0.02834398
v 0.061529476 0.1741162 -0.029364586
v 0.07786514 0.21286412 -0.028375784
v 0.0728585 0.20947413 -0.02838938
v 0.067205094 0.20604315 -0.028386353
v 0.06155319 0.2037069 -0.02838783
v 0.04288461 0.20211199 -0.028401105
v 0.04911014 0.2019492 -0.028407333
v 0.1299877 0.27880406 -0.02786083
v 0.099712126 0.3224953 -0.027927293
v 0.093296215 0.26957557 -0.028388038
v 0.09007006 0.27669448 -0.028398467
v 0.08643036 0.2834744 -0.028387202
v 0.08203188 0.29025424 -0.028358687
v 0.077379785 0.2953392 -0.028333632
v 0.072184674 0.30042407 -0.028295739
v 0.09625428 0.24787994 -0.028318703
v 0.09627928 0.25578982 -0.0283492
v 0.09541344 0.26279566 -0.028367734
v 0.019797502 0.31319284 -0.028188659
v 0.025006939 0.31477484 -0.028196175
v 0.031217853 0.3154528 -0.02820895
v 0.036977723 0.3154528 -0.028217489
v 0.042963594 0.31477484 -0.0282233
v 0.049062416 0.31330582 -0.028226843
v 0.066635616 0.30460504 -0.02825408
v 0.061378866 0.307995 -0.028219933
v 0.05471272 0.31138486 -0.028224558
v -0.03655855 0.29653284 -0.02778996
v -0.008948267 0.26912358 -0.028312251
v 0.01233355 0.28155342 -0.02871948
v 0.010426662 0.28505635 -0.028607652
v 0.006542332 0.28053644 -0.028601015
v 0.0025063995 0.27929342 -0.028512347
v -0.0019738737 0.27692044 -0.028415069
v -0.0058113327 0.27364358 -0.028334498
v 0.0080302665 0.2896892 -0.028462604
v 0.0071312636 0.2938702 -0.02836342
v -0.02739706 0.3135694 -0.027827365
v 0.007690482 0.29906806 -0.028278632
v 0.03382888 0.20346819 -0.028364817
v 0.05664566 0.20228021 -0.028385192
v -0.18490396 0.17599922 -0.028388718
v -0.21488903 0.20699523 -0.024060357
v -0.18758728 0.17340246 -0.028022666
v -0.189578 0.16985364 -0.027743638
v -0.23080985 0.18035333 -0.024039123
v -0.12510556 0.0725312 -0.023192525
v -0.14123096 0.03919707 -0.022973303
v -0.10001053 0.04721547 -0.02619271
v -0.11404774 0.07461419 -0.02503719
v -0.083427 0.058913685 -0.026928296
v -0.1076607 0.07713108 -0.025329579
v -0.056673467 0.111081995 -0.028960396
v -0.088379 0.11306802 -0.027257834
v -0.057627153 0.0962052 -0.028829804
v -0.090228826 0.10085932 -0.027022561
v -0.1108977 0.1446655 -0.025886685
v -0.10787352 0.14440656 -0.02553136
v -0.09307574 0.1708416 -0.02509099
v -0.10407539 0.14336447 -0.025341848
v -0.07568354 0.16053177 -0.026477251
v -0.09791245 0.14007719 -0.025483185
v -0.0932363 0.136207 -0.026098534
v -0.17720042 0.17868245 -0.028836315
v -0.175676 0.21495686 -0.026314035
v -0.18100886 0.17781685 -0.028709307
v -0.1869206 0.14474152 -0.026765157
v -0.18874033 0.15029353 -0.026877034
v -0.23102584 0.14323057 -0.023630364
v -0.19070326 0.16621828 -0.027510613
v -0.19102626 0.16028664 -0.027200652
v -0.19011189 0.15558402 -0.026979385
v -0.13290897 0.20053516 -0.025765259
v -0.15131986 0.17141162 -0.028550932
v -0.10707398 0.17913954 -0.025140513
v -0.14327002 0.16717044 -0.028162146
v -0.1353068 0.16232318 -0.027709592
v -0.12820908 0.15773569 -0.027248377
v -0.17269947 0.17868245 -0.028894503
v -0.16690008 0.1775572 -0.02885815
v -0.15876377 0.1747009 -0.028686374
v -0.12284255 0.15401368 -0.026985366
v -0.11565828 0.14830096 -0.02622426
v -0.08965997 0.13016431 -0.026861867
v -0.054986864 0.13739096 -0.028449029
v -0.0875636 0.120298676 -0.027265612
v -0.06822368 0.06963825 -0.028020123
v -0.093681805 0.09074705 -0.026921047
v -0.100957595 0.0813747 -0.025698988
v -0.13492964 0.071937494 -0.022395575
v -0.15737866 0.043109402 -0.02027427
v -0.14713837 0.07280073 -0.020600062
v -0.18107544 0.04885078 -0.018819083
v -0.16201909 0.077907726 -0.018991774
v -0.15648039 0.07459875 -0.019285522
v -0.19342916 0.07885289 -0.018353185
v -0.16389859 0.08137544 -0.019053971
v -0.1649477 0.085017316 -0.019260703
v -0.16566895 0.09355687 -0.020146405
v -0.21155226 0.10621394 -0.023376947
v -0.16588597 0.08985722 -0.019693801
v -0.1684929 0.10378992 -0.023053605
v -0.17417519 0.11384832 -0.024492934
v -0.17874722 0.123318784 -0.025380278
v -0.18482141 0.13827573 -0.026513115
v -0.18207818 0.13063397 -0.026081368
v 0.21786347 0.30785394 -0.018373493
v 0.19515283 0.294638 -0.01945785
v 0.16982077 0.27762464 -0.020457081
v 0.1460037 0.25881347 -0.021122811
v 0.124445796 0.2380173 -0.02135753
v 0.10168349 0.20792504 -0.019963121
v 0.23265083 0.3053479 -0.015736727
v 0.23771484 0.31189603 -0.014699901
v 0.23015116 0.30799845 -0.015910575
v 0.2226113 0.3031617 -0.016178682
v 0.20163341 0.28820047 -0.01725071
v 0.2287658 0.2975496 -0.015865905
v 0.21459813 0.27454737 -0.016631603
v 0.17631541 0.27143267 -0.018303819
v 0.19715916 0.24949904 -0.01761147
v 0.15164547 0.25208977 -0.01902615
v 0.1757664 0.22314465 -0.018527621
v 0.12999971 0.23068874 -0.019229965
v 0.15285055 0.20226923 -0.018637208
v 0.10748563 0.19929704 -0.017011533
v 0.118837215 0.18285356 -0.016311469
v 0.23131004 0.2952296 -0.016109513
v 0.21804836 0.27091393 -0.017041663
v 0.2014919 0.24493973 -0.018145056
v 0.18002848 0.21803014 -0.01911974
v 0.15660322 0.19760205 -0.019180572
v 0.121063106 0.17945707 -0.016645975
v 0.22118695 0.3045694 -0.016877709
v 0.19968922 0.29013172 -0.01763192
v 0.17436701 0.27329025 -0.01867711
v 0.14995293 0.25410688 -0.019395277
v 0.12833354 0.23288731 -0.019585166
v 0.16166995 0.12160428 -0.0105266785
v 0.15422843 0.11591681 -0.010381753
v 0.14319935 0.104942955 -0.010354057
v 0.13052203 0.09428253 -0.010573852
v 0.09403078 0.06113559 -0.011503026
v 0.11204274 0.078072585 -0.010993159
v 0.07148241 0.03162178 -0.011803172
v 0.07775036 0.044338305 -0.012091263
v 0.16793863 0.1176508 -0.010641724
v 0.16254157 0.110511675 -0.01077498
v 0.15380506 0.097259074 -0.011025933
v 0.14359929 0.084577076 -0.011652844
v 0.12769353 0.06574691 -0.012460229
v 0.10971695 0.047491416 -0.013064492
v 0.093743205 0.030981619 -0.013843528
v 0.08315569 0.021219058 -0.012692821
v 0.17200212 0.11511239 -0.010405028
v 0.16975193 0.10590841 -0.010301459
v 0.16382907 0.09020009 -0.010237849
v 0.16930301 0.10402077 -0.010265961
v 0.15551116 0.07571161 -0.01073131
v 0.1411457 0.054654885 -0.011596493
v 0.12442764 0.034335207 -0.011672251
v 0.107919626 0.019141953 -0.012156707
v 0.094351515 0.011241826 -0.011907964
v 0.002426281 0.13039646 -0.021589998
v 0.021533988 0.12677632 -0.01997578
v 0.0071862824 0.14019631 -0.021757215
v 0.02587508 0.1481025 -0.020224232
v 0.015866136 0.14985621 -0.021174923
v 0.072985254 0.14817624 -0.019010067
v 0.07155078 0.14009951 -0.018322317
v 0.08138516 0.13837638 -0.01890012
v 0.051425595 0.15853606 -0.019464979
v 0.03938573 0.1590961 -0.019530216
v 0.048831563 0.1440802 -0.019159976
v 0.02748594 0.15601608 -0.02041834
v 0.06332538 0.15503615 -0.019024555
v 0.061152976 0.08155524 -0.017239887
v 0.060105473 0.0756573 -0.017442578
v 0.068365365 0.07985726 -0.017728169
v 0.03602583 0.07271734 -0.018286586
v 0.04834568 0.07243727 -0.017430369
v 0.03856596 0.08687278 -0.018366387
v 0.024126036 0.07719727 -0.01856607
v 0.014561692 0.092523985 -0.0195756
v 0.013066183 0.085177094 -0.019555805
v 0.0059262877 0.09455699 -0.02030894
v 0.067633346 0.11804258 -0.018274566
v 0.08740503 0.114296734 -0.019111646
v 0.08640272 0.106665686 -0.01914145
v 0.08410429 0.099041395 -0.019237703
v 0.08012517 0.09119709 -0.01886352
v 0.075085275 0.08545717 -0.018219465
v 0.04493104 0.12234365 -0.01885779
v 0.0013062754 0.10575684 -0.021197915
v 4.6280493E-05 0.11779665 -0.021694113
v 0.0865651 0.12689656 -0.019265918
v 0.036376473 0.11547132 -0.022729188
v 0.032023262 0.11531683 -0.02314478
v 0.026375165 0.10953801 -0.0247539
v 0.016922306 0.111111574 -0.024081316
v 0.020115986 0.11265584 -0.023965608
v 0.02765267 0.11479413 -0.023507826
v 0.02389936 0.11388325 -0.023773579
v 0.06303795 0.10343498 -0.020924773
v 0.056282174 0.111614265 -0.02096801
v 0.045673158 0.10632558 -0.025273426
v 0.051616322 0.113309816 -0.02126818
v 0.046613865 0.11444372 -0.021697238
v 0.06079159 0.10948677 -0.020784063
v 0.07025953 0.10223285 -0.020806419
v 0.06776865 0.10499468 -0.020747904
v 0.06426481 0.10752614 -0.020724917
v 0.04138976 0.11522134 -0.022214767
v 0.071591675 0.07949167 -0.020641731
v 0.07527455 0.08503502 -0.020752406
v 0.068186164 0.09367774 -0.022366606
v 0.07483999 0.09273388 -0.020829182
v 0.043131143 0.08438844 -0.025739077
v 0.044595312 0.09702395 -0.026606986
v 0.011226631 0.089877926 -0.024146609
v 0.019438768 0.10059228 -0.02643246
v 0.0074603013 0.1022914 -0.02396561
v 0.0061585414 0.096217416 -0.023777504
v 0.0066001415 0.09067397 -0.023529097
v 0.06681287 0.07519078 -0.020533009
v 0.059644617 0.07146325 -0.0204248
v 0.051042866 0.06945623 -0.020467166
v 0.04138976 0.06936061 -0.020857012
v 0.030876389 0.0707943 -0.021507004
v 0.013577195 0.0800651 -0.022888076
v 0.00832056 0.086086385 -0.02328222
v 0.07245183 0.09906901 -0.020858755
v 0.010901014 0.10671508 -0.024107663
v 0.013517491 0.10901542 -0.024125164
v 0.021605494 0.074521735 -0.022243965
v 0.034015797 -0.078522764 -0.0131247165
v 0.0015557203 0.25900355 -0.02124144
v -0.14973707 0.14960591 -0.01618934
v -0.09597586 0.21300486 -0.0191064
v -0.07905268 0.23450314 -0.018899595
v -0.038363714 0.25551638 -0.019545622
v -0.17677708 0.12795234 -0.014131446
v -0.19418079 0.08980527 -0.012713182
v -0.20043941 0.046964183 -0.011612189
v -0.20033813 0.015736366 -0.010849902
v -0.1124975 0.18698171 -0.018856253
v 0.056519743 0.24244295 -0.024571745
v 0.03845944 0.24788451 -0.024549467
v 0.06302116 0.22540294 -0.025526771
v 0.04278179 0.2314144 -0.025802607
v 0.07316228 0.19570974 -0.02679489
v 0.047158647 0.20233706 -0.027982865
v 0.07639318 0.17003979 -0.027599653
v 0.048088636 0.1770951 -0.029597038
v 0.07940983 0.139531 -0.027077539
v 0.049043264 0.14735802 -0.029524598
v 0.04210035 0.087621614 -0.027753994
v 0.042060237 0.08578297 -0.02772792
v 0.04507218 0.08740934 -0.027736342
v 0.074529916 0.07952611 -0.02571163
v 0.047760885 0.08762153 -0.027700907
v 0.050830442 0.08834862 -0.027629463
v 0.05387296 0.08985765 -0.027526854
v 0.05663241 0.09176807 -0.027391762
v 0.05949256 0.093818955 -0.02718143
v 0.062028475 0.09665337 -0.027080238
v 0.08012008 0.113749646 -0.026185442
v 0.073152244 0.11537969 -0.02670517
v 0.07115167 0.11081814 -0.026767844
v 0.06899094 0.10657678 -0.0268257
v 0.06675009 0.10273546 -0.026826067
v 0.06450941 0.09969434 -0.026912112
v 0.036784172 0.048647776 -0.027068276
v 0.07014068 0.043918375 -0.025895495
v 0.029552622 0.01471768 -0.025732705
v 0.061344605 0.010273433 -0.023240216
v 0.046780027 -0.02879794 -0.020832144
v 0.01707819 -0.026176129 -0.022308592
v 0.020007564 0.25344408 -0.023150815
v 0.01945997 0.23834144 -0.024693815
v -0.0038618564 0.24526851 -0.022619568
v 0.017353186 0.2099332 -0.02750091
v -0.012452371 0.21752928 -0.025715409
v 0.014077879 0.1855727 -0.028810158
v -0.01993297 0.19405027 -0.027341664
v 0.011760009 0.15650307 -0.029079381
v -0.026541367 0.1663616 -0.028832851
v 0.0038471625 0.093011394 -0.027908627
v 0.009345666 0.12717974 -0.029012425
v -0.037550908 0.100212395 -0.028242743
v -0.032205407 0.13353044 -0.028276285
v -0.044407833 0.06357991 -0.026871478
v -0.0016096656 0.055396874 -0.027228279
v -0.050134417 0.026220113 -0.024524627
v -0.008714403 0.020292796 -0.02543217
v -0.021594375 -0.021463584 -0.020662602
v -0.061530568 -0.015447105 -0.019700367
v 0.08326047 0.21939142 -0.023352327
v 0.09916596 0.18908243 -0.022809474
v 0.10469773 0.16298454 -0.023337832
v 0.10846549 0.13278261 -0.023912767
v 0.10799133 0.10722965 -0.022787562
v 0.10699953 0.073269285 -0.02133334
v 0.10166254 0.03959852 -0.02033267
v 0.09176504 0.0058291787 -0.018444343
v 0.07436323 -0.03013933 -0.017393373
v 0.049824055 -0.06484183 -0.015262323
v -0.04488916 -0.06282442 -0.014284995
v -0.077736534 -0.058243837 -0.0125439335
v -0.021112803 0.2503924 -0.02114588
v -0.03678454 0.22373068 -0.023766007
v -0.061116695 0.229932 -0.020869603
v -0.04787578 0.20101538 -0.02461215
v -0.07581858 0.20798042 -0.021492362
v -0.058194257 0.17366214 -0.025820509
v -0.0898492 0.18142642 -0.02227864
v -0.06726768 0.14082943 -0.02656118
v -0.10233005 0.14812844 -0.023162102
v -0.0768657 0.107992545 -0.026806835
v -0.11294633 0.11576692 -0.023142142
v -0.12446467 0.0780611 -0.021932041
v -0.08502724 0.070372574 -0.025617102
v -0.13407153 0.03731752 -0.019928904
v -0.093410805 0.03152617 -0.02350052
v -0.10112619 -0.008674761 -0.019014893
v -0.13740869 -0.00037876386 -0.01708292
v -0.10807326 -0.052265942 -0.012015067
v -0.14078473 -0.044303052 -0.011378735
v -0.12968281 0.15133028 -0.018941373
v -0.17597854 0.08626183 -0.014183528
v -0.15537299 0.08313579 -0.01698948
v -0.16134703 0.124978974 -0.015569284
v -0.1422246 0.12129416 -0.018436186
v -0.18461967 0.04442356 -0.012865098
v -0.16507624 0.042484604 -0.015351481
v -0.177242 0.08286888 -0.014054452
v -0.1853923 0.011217518 -0.0116774505
v -0.16704784 0.005818356 -0.013604395
v 0.04834388 0.12826276 -0.02855978
v 0.05386568 0.12762259 -0.028192345
v 0.060427923 0.12706244 -0.027718246
v 0.06610986 0.1267423 -0.027300417
v 0.07115167 0.12642214 -0.026934788
v 0.077233665 0.1262623 -0.026577353
v 0.07519295 0.120821 -0.026653374
v -0.18101512 -0.028219555 -0.010262649
v -0.16435118 -0.035368297 -0.01078724
v 0.023553256 -0.06708248 -0.016996386
v -0.009710207 -0.06577658 -0.01620481
v 0.016787907 0.1255921 -0.02911186
v 0.015868029 0.13068648 -0.029239465
v 0.038588434 0.08842438 -0.027755743
v 0.035379943 0.09005179 -0.027758142
v 0.03272437 0.09229151 -0.02777259
v 0.029770812 0.09537023 -0.027811382
v 0.027152782 0.098766446 -0.02787644
v 0.024817823 0.102516614 -0.027986273
v 0.022756835 0.10658598 -0.028198307
v 0.01806141 0.12056833 -0.028957639
v 0.019219061 0.11651138 -0.028783996
v 0.02091716 0.11164742 -0.028515069
v 0.015451792 0.13655138 -0.029266892
v 0.020093968 0.13518606 -0.029397134
v 0.025135955 0.13354453 -0.029476142
v 0.03065787 0.13210408 -0.029407004
v 0.036099777 0.13066356 -0.029227316
v 0.042181768 0.12930305 -0.028928919
v -0.0031934322 0.26466042 -0.028541163
v 0.030060247 0.30992198 -0.028284175
v 0.07483827 0.29261336 -0.02839191
v 0.061499543 0.3002116 -0.028318947
v 0.072469786 0.2338084 -0.028933858
v 0.051180612 0.24081962 -0.029298743
v 0.06191326 0.21677187 -0.028813604
v 0.043135334 0.2221397 -0.029034186
v 0.058011282 0.26223692 -0.029128036
v 0.07911513 0.25469857 -0.02882725
v 0.079598315 0.27446947 -0.02863749
v 0.061087634 0.2814585 -0.02873003
v 0.019323854 0.2829595 -0.028817236
v 0.017681368 0.2762348 -0.028927399
v 0.037800644 0.21057932 -0.028645763
v 0.051152166 0.20630074 -0.028560568
v 0.005705667 0.22372937 -0.02853704
v 0.045343377 0.3067657 -0.028331725
v 0.03518613 0.2700871 -0.029145354
v 0.041168954 0.28722903 -0.028781919
v 0.027627379 0.24993213 -0.029295295
v 0.02242293 0.229556 -0.029003948
v 0.021035837 0.21687399 -0.02861522
v 0.009363074 0.25790355 -0.028995043
v 0.004982104 0.23710696 -0.02880085
v 0.021665303 0.29535577 -0.02854532
v -0.17636609 0.14716826 -0.029631138
v -0.16444342 0.096605346 -0.022062534
v -0.15270446 0.07994174 -0.021117259
v -0.12857914 0.075989544 -0.023681996
v -0.1576147 0.11503531 -0.02798901
v -0.16742772 0.13054715 -0.02898005
v -0.15740792 0.16261105 -0.03136632
v -0.1270701 0.13909215 -0.029764652
v -0.14278379 0.15191317 -0.030736819
v -0.11246621 0.12571047 -0.02900076
v -0.09713897 0.13029784 -0.026563544
v -0.101147585 0.11294905 -0.028051678
v -0.16535755 0.15317434 -0.031807687
v -0.1523266 0.13795775 -0.030920127
v -0.13924372 0.12305178 -0.029930947
v -0.12616085 0.10814581 -0.028244002
v -0.11358924 0.094616644 -0.026375553
v -0.093793176 0.10438378 -0.027432961
v -0.10655514 0.08615243 -0.025685837
v -0.1458553 0.09794566 -0.025662715
v -0.13509552 0.08383261 -0.023847034
v -0.13226072 0.45120618 -0.028602332
v -0.11091709 0.47845253 -0.024323177
v -0.13499862 0.4528671 -0.028607696
v -0.13697217 0.41928324 -0.029894566
v -0.14453463 0.41642386 -0.028522467
v -0.13865395 0.39835525 -0.02984568
v -0.14487682 0.40735412 -0.028500825
v -0.14478528 0.39664397 -0.02847572
v -0.1322949 0.43191072 -0.02855937
v -0.13554394 0.4440572 -0.029945064
v -0.13677251 0.3690656 -0.02937504
v -0.14345871 0.36683646 -0.027973289
v -0.13309632 0.33903527 -0.028111434
v -0.14272638 0.3562179 -0.027596688
v -0.14168029 0.34650117 -0.027171558
v -0.1403987 0.33670652 -0.026674509
v -0.12817918 0.31663224 -0.0267703
v -0.13884254 0.32709488 -0.026129657
v -0.13643453 0.3149261 -0.02537617
v -0.14400789 0.37672266 -0.028234094
v -0.14469375 0.38721547 -0.028409993
v -0.106222525 0.25852925 -0.023377081
v -0.11529153 0.27592757 -0.024143023
v -0.11357702 0.2570512 -0.021909393
v -0.11783665 0.26504982 -0.022244828
v -0.12232202 0.27420363 -0.02270898
v -0.10944923 0.25007078 -0.02166694
v -0.09374614 0.2388054 -0.022823863
v -0.10518861 0.24346058 -0.02147552
v -0.10061997 0.2369659 -0.02131859
v -0.08317299 0.22683607 -0.022591105
v -0.08821685 0.22718385 -0.021184992
v -0.092336014 0.22819076 -0.021164563
v -0.095906116 0.23203547 -0.021228587
v -0.1300266 0.43226108 -0.028560108
v -0.122956716 0.42489964 -0.028533584
v -0.119250156 0.42686963 -0.0299056
v -0.10251961 0.40844065 -0.0298544
v -0.10887774 0.40644652 -0.02848472
v -0.08746942 0.3855029 -0.02945717
v -0.093614064 0.38320115 -0.028078312
v -0.07173932 0.3586022 -0.028215194
v -0.07909253 0.3562207 -0.026864512
v -0.06091204 0.33456334 -0.026675666
v -0.0686759 0.33261588 -0.025372136
v -0.050652005 0.29184774 -0.024081154
v -0.057226956 0.29005432 -0.022793053
v -0.050388988 0.2697501 -0.023363845
v -0.057390105 0.26834306 -0.02210035
v -0.054569628 0.24928938 -0.022984482
v -0.060605068 0.24767423 -0.021670328
v -0.06432509 0.23130313 -0.021359108
v -0.059656646 0.23423243 -0.021973707
v -0.13408385 0.44443607 -0.029945303
v -0.13293545 0.40006658 -0.028477896
v -0.13340169 0.42162988 -0.028529018
v -0.13052261 0.37129474 -0.028017258
v -0.12579392 0.34136403 -0.026762499
v -0.120530605 0.31840834 -0.02538985
v -0.10754857 0.27780098 -0.022825735
v -0.09886803 0.2600073 -0.022094281
v -0.0868723 0.24064489 -0.021566002
v -0.070732854 0.22874005 -0.021316983
v -0.07723207 0.22700082 -0.021265505
v -0.12802829 0.4475495 -0.028591454
v -0.11169722 0.43013427 -0.02854303
v -0.11874568 0.43773198 -0.028563721
v -0.09537465 0.41043487 -0.028485304
v -0.10364174 0.42033964 -0.028513897
v -0.0888955 0.40016243 -0.02838471
v -0.08056543 0.38780466 -0.028066868
v -0.06427151 0.3609837 -0.02677464
v -0.072876155 0.3759961 -0.02758183
v -0.05293233 0.33739683 -0.025237178
v -0.056856822 0.34587985 -0.025818586
v -0.04249681 0.29364115 -0.022562785
v -0.04240529 0.2866842 -0.022295034
v -0.042771503 0.2796357 -0.022074195
v -0.04338786 0.27115712 -0.021855187
v -0.048534192 0.2509045 -0.021536551
v -0.04466946 0.26392555 -0.02171651
v -0.05636123 0.23743622 -0.021408765
v -0.053614985 0.24073164 -0.021432718
v -0.051491417 0.24377318 -0.021455055
v -0.050208747 0.24664597 -0.021487217
v -0.04597528 0.31762442 -0.023885977
v -0.05471185 0.3151684 -0.025354749
v -0.044053 0.308562 -0.023313588
v -0.043137606 0.30078122 -0.022894932
v -0.06171307 0.3130364 -0.024023827
v -0.115295194 0.2985029 -0.02405369
v -0.12313608 0.29654106 -0.025422527
v -0.13133892 0.2945803 -0.02402366
v -0.12644129 0.28335756 -0.023259442
v -0.049179178 0.32778522 -0.02457457
v -0.1335893 0.30418912 -0.024668362
v -0.14052565 0.45059752 -0.028604848
v -0.14197767 0.44774175 -0.028598458
v -0.14426006 0.42649323 -0.028547013
v -0.14352773 0.43610474 -0.02857033
v -0.14280151 0.44325644 -0.028587705
v -0.16736393 0.4810701 -0.024265356
v -0.18018311 0.38531038 -0.024228977
v -0.13918431 0.23495832 -0.021747014
v -0.15306966 0.26039833 -0.022163255
v -0.1004146 0.1952674 -0.02407467
v -0.12679443 0.21225826 -0.022748096
v -0.07071441 0.19684914 -0.02547124
v -0.02159928 0.24150196 -0.025468355
v -0.041361682 0.21017046 -0.025499284
v -0.18442033 0.42571598 -0.02422378
v -0.17821531 0.46508977 -0.024254672
v -0.08408238 0.4522558 -0.024286462
v -0.04963018 0.41461587 -0.024108388
v -0.024374237 0.37388226 -0.023445537
v -0.01268815 0.3311935 -0.022641776
v -0.17471473 0.32682142 -0.023520878
v -0.16409859 0.29424325 -0.022874039
v -0.1355672 0.30358857 -0.024644103
v -0.01043697 0.30583817 -0.02220079
v -0.012344826 0.2677637 -0.02175306
vt 0.095825195 0.87939453
vt 0.1003418 0.8696289
vt 0.05795288 0.859375
vt 0.074035645 0.8305664
vt 0.10498047 0.86083984
vt 0.11047363 0.85058594
vt 0.20812988 0.8515625
vt 0.19897461 0.86083984
vt 0.22106934 0.89941406
vt 0.17541504 0.9326172
vt 0.16247559 0.8876953
vt 0.17211914 0.88183594
vt 0.18200684 0.875
vt 0.19042969 0.86816406
vt 0.29785156 0.8095703
vt 0.2529297 0.796875
vt 0.27075195 0.8574219
vt 0.24816895 0.8041992
vt 0.23547363 0.8208008
vt 0.22961426 0.8276367
vt 0.29614258 0.7841797
vt 0.26733398 0.7265625
vt 0.25634766 0.7841797
vt 0.25561523 0.7783203
vt 0.25341797 0.7729492
vt 0.25 0.76660156
vt 0.24621582 0.7607422
vt 0.24255371 0.75683594
vt 0.23999023 0.75439453
vt 0.21008301 0.72021484
vt 0.23693848 0.7529297
vt 0.2331543 0.7529297
vt 0.22729492 0.75390625
vt 0.21704102 0.75683594
vt 0.08178711 0.91552734
vt 0.05227661 0.94677734
vt 0.08227539 0.91845703
vt 0.08630371 0.92041016
vt 0.083740234 0.9199219
vt 0.07635498 0.9628906
vt 0.12182617 0.95703125
vt 0.089538574 0.9199219
vt 0.093322754 0.9194336
vt 0.10119629 0.9169922
vt 0.11468506 0.9116211
vt 0.12817383 0.90527344
vt 0.14135742 0.8989258
vt 0.15124512 0.89404297
vt 0.21655273 0.84277344
vt 0.22265625 0.8354492
vt 0.25561523 0.79296875
vt 0.2565918 0.7890625
vt 0.14892578 0.74560547
vt 0.17468262 0.7758789
vt 0.1842041 0.7705078
vt 0.19555664 0.76464844
vt 0.20568848 0.7602539
vt 0.13098145 0.8183594
vt 0.1394043 0.80810547
vt 0.10131836 0.78808594
vt 0.14746094 0.7988281
vt 0.15637207 0.7895508
vt 0.16577148 0.78222656
vt 0.12286377 0.8300781
vt 0.11651611 0.83984375
vt 0.04598999 0.8935547
vt 0.08703613 0.89990234
vt 0.09088135 0.8901367
vt 0.08404541 0.90771484
vt 0.043426514 0.91796875
vt 0.08203125 0.9135742
vt 0.2364502 0.5493164
vt 0.27392578 0.50390625
vt 0.21606445 0.51904297
vt 0.22045898 0.51123047
vt 0.2232666 0.50390625
vt 0.2685547 0.4572754
vt 0.22473145 0.4736328
vt 0.22521973 0.41967773
vt 0.21325684 0.45922852
vt 0.21875 0.4633789
vt 0.22216797 0.46801758
vt 0.19702148 0.41186523
vt 0.10687256 0.44360352
vt 0.13977051 0.47607422
vt 0.15637207 0.41552734
vt 0.14892578 0.46777344
vt 0.15893555 0.45996094
vt 0.16577148 0.45483398
vt 0.17041016 0.45239258
vt 0.20593262 0.4560547
vt 0.19799805 0.45361328
vt 0.17565918 0.45141602
vt 0.1817627 0.45141602
vt 0.19006348 0.45214844
vt 0.06939697 0.49414062
vt 0.13256836 0.48339844
vt 0.12487793 0.4921875
vt 0.11932373 0.49902344
vt 0.113464355 0.5078125
vt 0.108947754 0.5161133
vt 0.09613037 0.5527344
vt 0.097839355 0.5449219
vt 0.055236816 0.5336914
vt 0.10449219 0.5258789
vt 0.10101318 0.53466797
vt 0.09942627 0.5390625
vt 0.049713135 0.578125
vt 0.09515381 0.5595703
vt 0.0947876 0.56591797
vt 0.09466553 0.5727539
vt 0.15478516 0.6201172
vt 0.19384766 0.5854492
vt 0.13452148 0.5830078
vt 0.14208984 0.5761719
vt 0.15039062 0.56884766
vt 0.15612793 0.56396484
vt 0.16687012 0.5566406
vt 0.10235596 0.5908203
vt 0.10443115 0.6411133
vt 0.105895996 0.59228516
vt 0.109558105 0.59277344
vt 0.11425781 0.59277344
vt 0.11804199 0.59228516
vt 0.123168945 0.5908203
vt 0.12841797 0.58740234
vt 0.21081543 0.52490234
vt 0.1796875 0.54785156
vt 0.2055664 0.5751953
vt 0.19299316 0.5385742
vt 0.20275879 0.5317383
vt 0.22595215 0.48046875
vt 0.22619629 0.48754883
vt 0.22546387 0.49560547
vt 0.07055664 0.63378906
vt 0.05380249 0.60595703
vt 0.099365234 0.5883789
vt 0.097351074 0.5854492
vt 0.096069336 0.58251953
vt 0.0947876 0.578125
vt 0.8261719 0.119628906
vt 0.77978516 0.16186523
vt 0.86328125 0.2109375
vt 0.7944336 0.1842041
vt 0.79541016 0.1862793
vt 0.80371094 0.20495605
vt 0.81103516 0.22802734
vt 0.52490234 0.08111572
vt 0.45751953 0.070739746
vt 0.5180664 0.08685303
vt 0.5131836 0.09387207
vt 0.5078125 0.13085938
vt 0.50683594 0.12145996
vt 0.43896484 0.12042236
vt 0.5073242 0.11218262
vt 0.50927734 0.10229492
vt 0.6948242 0.5307617
vt 0.66015625 0.4880371
vt 0.6723633 0.5439453
vt 0.6459961 0.4963379
vt 0.61621094 0.55615234
vt 0.4807129 0.46899414
vt 0.49902344 0.53564453
vt 0.49560547 0.4814453
vt 0.5136719 0.49194336
vt 0.4663086 0.5102539
vt 0.3857422 0.26416016
vt 0.37768555 0.33447266
vt 0.4260254 0.28686523
vt 0.42456055 0.3088379
vt 0.42504883 0.33544922
vt 0.42407227 0.32495117
vt 0.43432617 0.38964844
vt 0.40307617 0.4440918
vt 0.4411621 0.40771484
vt 0.44677734 0.42089844
vt 0.4321289 0.4807129
vt 0.4560547 0.43798828
vt 0.46801758 0.45581055
vt 0.74658203 0.48706055
vt 0.69921875 0.4555664
vt 0.68603516 0.46777344
vt 0.67333984 0.47851562
vt 0.7578125 0.13879395
vt 0.7602539 0.14111328
vt 0.75683594 0.073791504
vt 0.39013672 0.41235352
vt 0.4296875 0.37182617
vt 0.4272461 0.35424805
vt 0.74365234 0.38354492
vt 0.8022461 0.42626953
vt 0.75341797 0.38061523
vt 0.76416016 0.37548828
vt 0.8515625 0.35791016
vt 0.77783203 0.36694336
vt 0.7885742 0.35668945
vt 0.79785156 0.34326172
vt 0.8046875 0.32763672
vt 0.86865234 0.28320312
vt 0.8105469 0.31225586
vt 0.81347656 0.29882812
vt 0.81591797 0.2800293
vt 0.81396484 0.24450684
vt 0.81640625 0.26342773
vt 0.6879883 0.0637207
vt 0.73095703 0.12121582
vt 0.7128906 0.11187744
vt 0.6958008 0.105285645
vt 0.6977539 0.10595703
vt 0.6796875 0.10064697
vt 0.5698242 0.101379395
vt 0.5761719 0.09942627
vt 0.5776367 0.03262329
vt 0.62890625 0.055023193
vt 0.5888672 0.09667969
vt 0.60058594 0.0949707
vt 0.6020508 0.09490967
vt 0.61376953 0.09399414
vt 0.6435547 0.09448242
vt 0.6279297 0.09375
vt 0.6611328 0.09667969
vt 0.56689453 0.09698486
vt 0.5620117 0.091918945
vt 0.5048828 0.036712646
vt 0.5307617 0.07885742
vt 0.53564453 0.07873535
vt 0.5415039 0.07940674
vt 0.5566406 0.08679199
vt 0.5463867 0.08099365
vt 0.55126953 0.08343506
vt 0.5029297 0.13452148
vt 0.49487305 0.14013672
vt 0.48364258 0.14916992
vt 0.4741211 0.15917969
vt 0.40283203 0.17932129
vt 0.46533203 0.17004395
vt 0.4572754 0.18127441
vt 0.44921875 0.19616699
vt 0.42895508 0.26538086
vt 0.43139648 0.24987793
vt 0.4362793 0.23156738
vt 0.44311523 0.2109375
vt 0.58984375 0.5097656
vt 0.5605469 0.5546875
vt 0.5698242 0.50878906
vt 0.5522461 0.5058594
vt 0.6279297 0.50341797
vt 0.61035156 0.5073242
vt 0.53271484 0.5004883
vt 0.7363281 0.39697266
vt 0.7285156 0.4116211
vt 0.72021484 0.42626953
vt 0.7104492 0.44091797
vt 0.63427734 0.90234375
vt 0.6323242 0.9394531
vt 0.6357422 0.9003906
vt 0.90283203 0.6513672
vt 0.8833008 0.60791016
vt 0.85498047 0.6464844
vt 0.85546875 0.6376953
vt 0.8540039 0.6303711
vt 0.8520508 0.6230469
vt 0.82421875 0.7006836
vt 0.77734375 0.7421875
vt 0.84521484 0.7368164
vt 0.74609375 0.59277344
vt 0.68603516 0.6088867
vt 0.74121094 0.5991211
vt 0.73779297 0.60546875
vt 0.7348633 0.61279297
vt 0.7324219 0.6196289
vt 0.71484375 0.55566406
vt 0.86621094 0.7128906
vt 0.8286133 0.69628906
vt 0.83203125 0.69189453
vt 0.83496094 0.55810547
vt 0.8491211 0.6152344
vt 0.8442383 0.6074219
vt 0.83935547 0.6010742
vt 0.83447266 0.5957031
vt 0.82958984 0.5913086
vt 0.82470703 0.58691406
vt 0.80908203 0.5786133
vt 0.81689453 0.58203125
vt 0.7729492 0.54296875
vt 0.7529297 0.58740234
vt 0.75878906 0.5834961
vt 0.7651367 0.57958984
vt 0.7714844 0.57666016
vt 0.79345703 0.5751953
vt 0.7861328 0.5751953
vt 0.6923828 0.6635742
vt 0.72753906 0.7138672
vt 0.7348633 0.65283203
vt 0.73876953 0.6611328
vt 0.7426758 0.6689453
vt 0.7480469 0.6767578
vt 0.75341797 0.6826172
vt 0.75927734 0.68847656
vt 0.7314453 0.6279297
vt 0.7314453 0.63720703
vt 0.7324219 0.64501953
vt 0.8198242 0.7036133
vt 0.81396484 0.7050781
vt 0.8066406 0.7060547
vt 0.7998047 0.7060547
vt 0.79296875 0.7050781
vt 0.7861328 0.7036133
vt 0.765625 0.6933594
vt 0.77197266 0.6972656
vt 0.7792969 0.7011719
vt 0.8852539 0.68408203
vt 0.85302734 0.65234375
vt 0.8286133 0.6669922
vt 0.8305664 0.67089844
vt 0.83496094 0.66552734
vt 0.83984375 0.6640625
vt 0.84521484 0.6616211
vt 0.8496094 0.65771484
vt 0.8334961 0.67626953
vt 0.83447266 0.68115234
vt 0.8745117 0.7036133
vt 0.8339844 0.6870117
vt 0.80371094 0.57666016
vt 0.77734375 0.5751953
vt 0.40576172 0.67333984
vt 0.44067383 0.70947266
vt 0.4086914 0.67041016
vt 0.4111328 0.6660156
vt 0.45922852 0.67871094
vt 0.33666992 0.55371094
vt 0.35546875 0.5151367
vt 0.3076172 0.52441406
vt 0.3239746 0.55615234
vt 0.28857422 0.53808594
vt 0.31640625 0.55908203
vt 0.25732422 0.5986328
vt 0.29418945 0.60058594
vt 0.25854492 0.5810547
vt 0.29638672 0.5864258
vt 0.32055664 0.6376953
vt 0.31713867 0.63720703
vt 0.2998047 0.66796875
vt 0.3125 0.63623047
vt 0.27954102 0.6557617
vt 0.30541992 0.6323242
vt 0.2998047 0.6279297
vt 0.39697266 0.67626953
vt 0.3955078 0.71875
vt 0.4013672 0.67529297
vt 0.40820312 0.6376953
vt 0.41015625 0.64404297
vt 0.45947266 0.6357422
vt 0.41235352 0.66259766
vt 0.4128418 0.6557617
vt 0.41186523 0.6503906
vt 0.34570312 0.70214844
vt 0.36791992 0.66796875
vt 0.3161621 0.6777344
vt 0.35839844 0.6635742
vt 0.3491211 0.6582031
vt 0.34106445 0.65283203
vt 0.3918457 0.67626953
vt 0.3852539 0.67529297
vt 0.3762207 0.671875
vt 0.3347168 0.6484375
vt 0.32641602 0.64160156
vt 0.2956543 0.62060547
vt 0.2553711 0.62890625
vt 0.2932129 0.609375
vt 0.27075195 0.55029297
vt 0.30029297 0.57470703
vt 0.3088379 0.56396484
vt 0.34814453 0.55322266
vt 0.37426758 0.51953125
vt 0.3623047 0.5541992
vt 0.40161133 0.5263672
vt 0.37963867 0.5600586
vt 0.37329102 0.55615234
vt 0.41601562 0.56103516
vt 0.38183594 0.5644531
vt 0.38305664 0.5683594
vt 0.38378906 0.5786133
vt 0.43701172 0.5932617
vt 0.3840332 0.57421875
vt 0.38720703 0.59033203
vt 0.3935547 0.6020508
vt 0.39892578 0.61328125
vt 0.40576172 0.6303711
vt 0.40283203 0.62158203
vt 0.109375 0.9067383
vt 0.13513184 0.89208984
vt 0.1640625 0.8725586
vt 0.19116211 0.8510742
vt 0.21569824 0.8276367
vt 0.24169922 0.79296875
vt 0.092285156 0.9042969
vt 0.08648682 0.9116211
vt 0.095214844 0.90722656
vt 0.1038208 0.90185547
vt 0.12768555 0.8847656
vt 0.09674072 0.8955078
vt 0.112854004 0.8691406
vt 0.15661621 0.86572266
vt 0.1328125 0.84033203
vt 0.18469238 0.8432617
vt 0.15710449 0.8105469
vt 0.20935059 0.81884766
vt 0.18334961 0.7866211
vt 0.23498535 0.7832031
vt 0.22216797 0.76464844
vt 0.093811035 0.8925781
vt 0.10900879 0.8647461
vt 0.12780762 0.8354492
vt 0.15234375 0.8046875
vt 0.17895508 0.78125
vt 0.21960449 0.7607422
vt 0.10559082 0.9033203
vt 0.13000488 0.88671875
vt 0.15881348 0.8676758
vt 0.18664551 0.8457031
vt 0.21130371 0.82177734
vt 0.11260986 0.5888672
vt 0.12109375 0.58251953
vt 0.13366699 0.5703125
vt 0.14807129 0.55810547
vt 0.18969727 0.5205078
vt 0.16918945 0.5395508
vt 0.2154541 0.4868164
vt 0.20825195 0.50146484
vt 0.10534668 0.58447266
vt 0.111572266 0.5761719
vt 0.121520996 0.56152344
vt 0.13317871 0.546875
vt 0.15136719 0.5253906
vt 0.171875 0.5048828
vt 0.19006348 0.48608398
vt 0.20214844 0.47485352
vt 0.10064697 0.58154297
vt 0.103271484 0.57128906
vt 0.11010742 0.55322266
vt 0.103759766 0.56884766
vt 0.119628906 0.5371094
vt 0.13598633 0.5131836
vt 0.1550293 0.4897461
vt 0.17382812 0.4724121
vt 0.18933105 0.46362305
vt 0.296875 0.18334961
vt 0.27490234 0.17919922
vt 0.2915039 0.19458008
vt 0.27001953 0.20349121
vt 0.28149414 0.2055664
vt 0.21618652 0.20349121
vt 0.21765137 0.19433594
vt 0.20666504 0.19238281
vt 0.24072266 0.21533203
vt 0.25463867 0.21594238
vt 0.24365234 0.19885254
vt 0.26831055 0.21252441
vt 0.22717285 0.21130371
vt 0.22924805 0.1274414
vt 0.23046875 0.12072754
vt 0.2211914 0.12548828
vt 0.25830078 0.117492676
vt 0.24401855 0.117126465
vt 0.2553711 0.13354492
vt 0.27197266 0.12261963
vt 0.28320312 0.14013672
vt 0.2849121 0.13183594
vt 0.2932129 0.14245605
vt 0.2220459 0.16906738
vt 0.1998291 0.16491699
vt 0.20092773 0.15625
vt 0.20349121 0.14746094
vt 0.20800781 0.1385498
vt 0.21362305 0.13195801
vt 0.24804688 0.17407227
vt 0.29833984 0.15527344
vt 0.2998047 0.16906738
vt 0.20080566 0.17932129
vt 0.24108887 0.3486328
vt 0.24572754 0.3486328
vt 0.25170898 0.34277344
vt 0.26171875 0.34423828
vt 0.25805664 0.34570312
vt 0.25024414 0.3479004
vt 0.2541504 0.34692383
vt 0.2133789 0.33642578
vt 0.22045898 0.3449707
vt 0.23144531 0.3395996
vt 0.2253418 0.3466797
vt 0.23046875 0.3479004
vt 0.21569824 0.3425293
vt 0.20581055 0.33520508
vt 0.2084961 0.33789062
vt 0.2121582 0.34057617
vt 0.23583984 0.34838867
vt 0.20410156 0.31176758
vt 0.20056152 0.3173828
vt 0.20788574 0.32641602
vt 0.2010498 0.3251953
vt 0.23388672 0.31713867
vt 0.23242188 0.33007812
vt 0.2680664 0.3227539
vt 0.2590332 0.3334961
vt 0.27172852 0.33520508
vt 0.27319336 0.32910156
vt 0.27294922 0.32348633
vt 0.20910645 0.30737305
vt 0.21655273 0.30371094
vt 0.22558594 0.3017578
vt 0.23571777 0.3017578
vt 0.24694824 0.30322266
vt 0.26538086 0.31274414
vt 0.2709961 0.3190918
vt 0.20349121 0.3317871
vt 0.2680664 0.3395996
vt 0.26513672 0.34204102
vt 0.25683594 0.3071289
vt 0.53515625 0.11791992
vt 0.5722656 0.50439453
vt 0.74560547 0.3791504
vt 0.68408203 0.45166016
vt 0.6645508 0.47631836
vt 0.61816406 0.5004883
vt 0.7763672 0.3544922
vt 0.7963867 0.31079102
vt 0.80371094 0.26171875
vt 0.80371094 0.22583008
vt 0.703125 0.42211914
vt 0.50927734 0.4855957
vt 0.53027344 0.49169922
vt 0.5019531 0.46606445
vt 0.5253906 0.4729004
vt 0.49047852 0.43188477
vt 0.52001953 0.43945312
vt 0.4868164 0.4025879
vt 0.51904297 0.41064453
vt 0.48339844 0.36767578
vt 0.5180664 0.37646484
vt 0.5263672 0.3083496
vt 0.5263672 0.30639648
vt 0.5229492 0.30810547
vt 0.48901367 0.29907227
vt 0.51953125 0.3083496
vt 0.5161133 0.30932617
vt 0.5126953 0.31103516
vt 0.5097656 0.31323242
vt 0.50634766 0.3154297
vt 0.50341797 0.31860352
vt 0.48266602 0.33813477
vt 0.49047852 0.3400879
vt 0.49291992 0.3347168
vt 0.49536133 0.33007812
vt 0.49780273 0.3256836
vt 0.5004883 0.32226562
vt 0.53222656 0.26391602
vt 0.49389648 0.25830078
vt 0.54052734 0.22509766
vt 0.50390625 0.21972656
vt 0.5205078 0.17504883
vt 0.5546875 0.17822266
vt 0.55126953 0.49804688
vt 0.5517578 0.4807129
vt 0.5786133 0.48876953
vt 0.5541992 0.4482422
vt 0.5883789 0.4567871
vt 0.55810547 0.42016602
vt 0.59716797 0.42993164
vt 0.56103516 0.3869629
vt 0.6044922 0.39819336
vt 0.5698242 0.31469727
vt 0.56347656 0.35351562
vt 0.6171875 0.3227539
vt 0.61083984 0.36083984
vt 0.625 0.28100586
vt 0.5761719 0.27172852
vt 0.63134766 0.23840332
vt 0.5839844 0.23156738
vt 0.5986328 0.18371582
vt 0.64453125 0.19067383
vt 0.47875977 0.45898438
vt 0.46069336 0.4243164
vt 0.4543457 0.39453125
vt 0.44995117 0.35986328
vt 0.45043945 0.3305664
vt 0.45166016 0.29174805
vt 0.45776367 0.25317383
vt 0.46899414 0.21459961
vt 0.48901367 0.17333984
vt 0.51708984 0.13354492
vt 0.6254883 0.13586426
vt 0.66308594 0.14111328
vt 0.59814453 0.4946289
vt 0.61621094 0.4638672
vt 0.64404297 0.4711914
vt 0.62890625 0.43798828
vt 0.6611328 0.44604492
vt 0.640625 0.40673828
vt 0.6767578 0.41577148
vt 0.6508789 0.36914062
vt 0.69091797 0.37768555
vt 0.6621094 0.3317871
vt 0.703125 0.3408203
vt 0.7163086 0.29760742
vt 0.6713867 0.28881836
vt 0.72753906 0.25097656
vt 0.68115234 0.24438477
vt 0.6899414 0.19836426
vt 0.7314453 0.20776367
vt 0.6977539 0.14794922
vt 0.73535156 0.15710449
vt 0.72265625 0.38134766
vt 0.7758789 0.30664062
vt 0.7519531 0.30322266
vt 0.75878906 0.35107422
vt 0.7368164 0.34692383
vt 0.78564453 0.25878906
vt 0.7631836 0.2565918
vt 0.77685547 0.30273438
vt 0.7866211 0.22070312
vt 0.7651367 0.21459961
vt 0.51904297 0.35473633
vt 0.5126953 0.3540039
vt 0.5048828 0.35327148
vt 0.49853516 0.35302734
vt 0.49267578 0.35253906
vt 0.48583984 0.35253906
vt 0.48828125 0.3461914
vt 0.78125 0.17553711
vt 0.76220703 0.1673584
vt 0.5473633 0.13110352
vt 0.5854492 0.13256836
vt 0.5551758 0.3515625
vt 0.55615234 0.35742188
vt 0.53027344 0.30932617
vt 0.5336914 0.3112793
vt 0.5371094 0.3137207
vt 0.54003906 0.31713867
vt 0.54345703 0.32104492
vt 0.54589844 0.3251953
vt 0.54833984 0.33007812
vt 0.55371094 0.34594727
vt 0.5522461 0.3413086
vt 0.55029297 0.33569336
vt 0.5566406 0.3642578
vt 0.55126953 0.36254883
vt 0.54541016 0.36083984
vt 0.5390625 0.35913086
vt 0.5332031 0.35742188
vt 0.5258789 0.35595703
vt 0.8461914 0.64746094
vt 0.80810547 0.69970703
vt 0.75634766 0.6796875
vt 0.7714844 0.68847656
vt 0.75878906 0.6118164
vt 0.7836914 0.6201172
vt 0.7709961 0.5917969
vt 0.79296875 0.59814453
vt 0.7758789 0.64453125
vt 0.75146484 0.6357422
vt 0.7504883 0.6586914
vt 0.77197266 0.6669922
vt 0.8203125 0.66845703
vt 0.8222656 0.66064453
vt 0.7988281 0.58496094
vt 0.7836914 0.5800781
vt 0.8359375 0.60009766
vt 0.79052734 0.6958008
vt 0.8022461 0.6538086
vt 0.7949219 0.67333984
vt 0.8105469 0.6303711
vt 0.81689453 0.6069336
vt 0.8183594 0.59228516
vt 0.83203125 0.63964844
vt 0.83691406 0.61572266
vt 0.8178711 0.6826172
vt 0.3959961 0.640625
vt 0.38232422 0.58203125
vt 0.36889648 0.5625
vt 0.3408203 0.55810547
vt 0.37451172 0.6035156
vt 0.38598633 0.62158203
vt 0.37451172 0.6582031
vt 0.3395996 0.63134766
vt 0.35766602 0.6459961
vt 0.32250977 0.61572266
vt 0.30444336 0.62060547
vt 0.30908203 0.60058594
vt 0.38378906 0.6479492
vt 0.36889648 0.6303711
vt 0.35351562 0.61279297
vt 0.33813477 0.59521484
vt 0.32348633 0.57958984
vt 0.3005371 0.5908203
vt 0.3154297 0.5698242
vt 0.36083984 0.5834961
vt 0.34838867 0.56689453
vt 0.6279297 0.89941406
vt 0.60302734 0.93066406
vt 0.6308594 0.9013672
vt 0.6333008 0.8623047
vt 0.64208984 0.8588867
vt 0.6352539 0.8378906
vt 0.6425781 0.8486328
vt 0.64208984 0.8359375
vt 0.6279297 0.8769531
vt 0.63134766 0.8911133
vt 0.6328125 0.8041992
vt 0.640625 0.8017578
vt 0.62890625 0.76953125
vt 0.63964844 0.7895508
vt 0.6386719 0.7783203
vt 0.63720703 0.76660156
vt 0.6230469 0.74365234
vt 0.6352539 0.7558594
vt 0.6328125 0.7416992
vt 0.64160156 0.8129883
vt 0.64208984 0.8251953
vt 0.59765625 0.67626953
vt 0.60791016 0.69628906
vt 0.60595703 0.6748047
vt 0.61083984 0.68359375
vt 0.61621094 0.69433594
vt 0.6015625 0.6665039
vt 0.5830078 0.6533203
vt 0.5966797 0.6586914
vt 0.5913086 0.6513672
vt 0.5708008 0.63964844
vt 0.57666016 0.6401367
vt 0.58154297 0.6411133
vt 0.5859375 0.6455078
vt 0.625 0.8774414
vt 0.6171875 0.86865234
vt 0.61279297 0.87109375
vt 0.5932617 0.8496094
vt 0.60058594 0.84765625
vt 0.5756836 0.8232422
vt 0.5830078 0.8208008
vt 0.5576172 0.7919922
vt 0.56640625 0.7895508
vt 0.54541016 0.76416016
vt 0.5541992 0.76220703
vt 0.5332031 0.71484375
vt 0.5410156 0.7128906
vt 0.5332031 0.6894531
vt 0.5410156 0.6875
vt 0.53759766 0.66552734
vt 0.5449219 0.6635742
vt 0.5493164 0.64501953
vt 0.5439453 0.6479492
vt 0.6298828 0.89160156
vt 0.62841797 0.84033203
vt 0.62890625 0.8652344
vt 0.62597656 0.8066406
vt 0.6201172 0.77197266
vt 0.6142578 0.74560547
vt 0.5991211 0.69873047
vt 0.58935547 0.67822266
vt 0.5751953 0.6557617
vt 0.5566406 0.64160156
vt 0.56396484 0.63964844
vt 0.6230469 0.89501953
vt 0.6040039 0.875
vt 0.6123047 0.88378906
vt 0.58496094 0.8520508
vt 0.59472656 0.86376953
vt 0.5776367 0.84033203
vt 0.5678711 0.8256836
vt 0.5493164 0.7949219
vt 0.55908203 0.8120117
vt 0.5361328 0.7675781
vt 0.54052734 0.77734375
vt 0.5239258 0.7167969
vt 0.5239258 0.7089844
vt 0.52441406 0.7006836
vt 0.52490234 0.69091797
vt 0.5307617 0.66748047
vt 0.5263672 0.6826172
vt 0.54003906 0.65185547
vt 0.5366211 0.6557617
vt 0.5341797 0.6591797
vt 0.53271484 0.66259766
vt 0.52783203 0.7446289
vt 0.53808594 0.7416992
vt 0.5258789 0.734375
vt 0.52441406 0.72509766
vt 0.54589844 0.7392578
vt 0.60791016 0.72265625
vt 0.6171875 0.72021484
vt 0.62646484 0.71777344
vt 0.62109375 0.7050781
vt 0.5317383 0.75634766
vt 0.62939453 0.7290039
vt 0.63720703 0.8984375
vt 0.63916016 0.89501953
vt 0.64160156 0.87060547
vt 0.640625 0.88183594
vt 0.6401367 0.8901367
vt 0.66845703 0.93359375
vt 0.68310547 0.8227539
vt 0.6357422 0.6489258
vt 0.6513672 0.67871094
vt 0.5908203 0.6035156
vt 0.62109375 0.6230469
vt 0.5566406 0.60546875
vt 0.49975586 0.6567383
vt 0.52246094 0.62060547
vt 0.6879883 0.8696289
vt 0.68115234 0.91503906
vt 0.57177734 0.9003906
vt 0.53222656 0.8569336
vt 0.5029297 0.8095703
vt 0.48950195 0.7602539
vt 0.6767578 0.7553711
vt 0.6645508 0.71777344
vt 0.63183594 0.7285156
vt 0.48706055 0.73095703
vt 0.48901367 0.6870117
vn -0 0 -1
vn -0 0 -1
vn -0 0 -1
vn -0 0 -1
vn -0 0 -1
vn -0 0 -1
vn -0 0 -1
vn -0 0 -1
vn -0 0 -1
vn -0 0 -1
vn -0 0 -1
vn -0 0 -1
vn -0 0 -1
vn -0 0 -1
vn -0 0 -1
vn -0 0 -1
vn -0 0 -1
vn -0 0 -1
vn -0 0 -1
vn -0 0 -1
vn -0 0 -1
vn -0 0 -1
vn -0 0 -1
vn -0 0 -1
vn -0 0 -1
vn -0 0 -1
vn -0 0 -1
vn -0 0 -1
vn -0 0 -1
vn -0 0 -1
vn -0 0 -1
vn -0 0 -1
vn -0 0 -1
vn -0 0 -1
vn -0 0 -1
vn -0 0 -1
vn -0 0 -1
vn -0 0 -1
vn -0 0 -1
vn -0 0 -1
vn -0 0 -1
vn -0 0 -1
vn -0 0 -1
vn -0 0 -1
vn -0 0 -1
vn -0 0 -1
vn -0 0 -1
vn -0 0 -1
vn -0 0 -1
vn -0 0 -1
vn -0 0 -1
vn -0 0 -1
vn -0 0 -1
vn -0 0 -1
vn -0 0 -1
vn -0 0 -1
vn -0 0 -1
vn -0 0 -1
vn -0 0 -1
vn -0 0 -1
vn -0 0 -1
vn -0 0 -1
vn -0 0 -1
vn -0 0 -1
vn -0 0 -1
vn -0 0 -1
vn -0 0 -1
vn -0 0 -1
vn -0 0 -1
vn -0 0 -1
vn -0 0 -1
vn -0 0 -1
vn -0 0 -1
vn -0 0 -1
vn -0 0 -1
vn -0 0 -1
vn -0 0 -1
vn -0 0 -1
vn -0 0 -1
vn -0 0 -1
vn -0 0 -1
vn -0 0 -1
vn -0 0 -1
vn -0 0 -1
vn -0 0 -1
vn -0 0 -1
vn -0 0 -1
vn -0 0 -1
vn -0 0 -1
vn -0 0 -1
vn -0 0 -1
vn -0 0 -1
vn -0 0 -1
vn -0 0 -1
vn -0 0 -1
vn -0 0 -1
vn -0 0 -1
vn -0 0 -1
vn -0 0 -1
vn -0 0 -1
vn -0 0 -1
vn -0 0 -1
vn -0 0 -1
vn -0 0 -1
vn -0 0 -1
vn -0 0 -1
vn -0 0 -1
vn -0 0 -1
vn -0 0 -1
vn -0 0 -1
vn -0 0 -1
vn -0 0 -1
vn -0 0 -1
vn -0 0 -1
vn -0 0 -1
vn -0 0 -1
vn -0 0 -1
vn -0 0 -1
vn -0 0 -1
vn -0 0 -1
vn -0 0 -1
vn -0 0 -1
vn -0 0 -1
vn -0 0 -1
vn -0 0 -1
vn -0 0 -1
vn -0 0 -1
vn -0 0 -1
vn -0 0 -1
vn -0 0 -1
vn -0 0 -1
vn -0 0 -1
vn -0 0 -1
vn -0 0 -1
vn -0 0 -1
vn -0 0 -1
vn -0 0 -1
vn -0 0 -1
vn -0 0 -1
vn -0 0 -1
vn -0 0 -1
vn -0 0 -1
vn -0 0 -1
vn -0 0 -1
vn -0 0 -1
vn -0 0 -1
vn -0 0 -1
vn -0 0 -1
vn -0 0 -1
vn -0 0 -1
vn -0 0 -1
vn -0 0 -1
vn -0 0 -1
vn -0 0 -1
vn -0 0 -1
vn -0 0 -1
vn -0 0 -1
vn -0 0 -1
vn -0 0 -1
vn -0 0 -1
vn -0 0 -1
vn -0 0 -1
vn -0 0 -1
vn -0 0 -1
vn -0 0 -1
vn -0 0 -1
vn -0 0 -1
vn -0 0 -1
vn -0 0 -1
vn -0 0 -1
vn -0 0 -1
vn -0 0 -1
vn -0 0 -1
vn -0 0 -1
vn -0 0 -1
vn -0 0 -1
vn -0 0 -1
vn -0 0 -1
vn -0 0 -1
vn -0 0 -1
vn -0 0 -1
vn -0 0 -1
vn -0 0 -1
vn -0 0 -1
vn -0 0 -1
vn -0 0 -1
vn -0 0 -1
vn -0 0 -1
vn -0 0 -1
vn -0 0 -1
vn -0 0 -1
vn -0 0 -1
vn -0 0 -1
vn -0 0 -1
vn -0 0 -1
vn -0 0 -1
vn -0 0 -1
vn -0 0 -1
vn -0 0 -1
vn -0 0 -1
vn -0 0 -1
vn -0 0 -1
vn -0 0 -1
vn -0 0 -1
vn -0 0 -1
vn -0 0 -1
vn -0 0 -1
vn -0 0 -1
vn -0 0 -1
vn -0 0 -1
vn -0 0 -1
vn -0 0 -1
vn -0 0 -1
vn -0 0 -1
vn -0 0 -1
vn -0 0 -1
vn -0 0 -1
vn -0 0 -1
vn -0 0 -1
vn -0 0 -1
vn -0 0 -1
vn -0 0 -1
vn -0 0 -1
vn -0 0 -1
vn -0 0 -1
vn -0 0 -1
vn -0 0 -1
vn -0 0 -1
vn -0 0 -1
vn -0 0 -1
vn -0 0 -1
vn -0 0 -1
vn -0 0 -1
vn -0 0 -1
vn -0 0 -1
vn -0 0 -1
vn -0 0 -1
vn -0 0 -1
vn -0 0 -1
vn -0 0 -1
vn -0 0 -1
vn -0 0 -1
vn -0 0 -1
vn -0 0 -1
vn -0 0 -1
vn -0 0 -1
vn -0 0 -1
vn -0 0 -1
vn -0 0 -1
vn -0 0 -1
vn -0 0 -1
vn -0 0 -1
vn -0 0 -1
vn -0 0 -1
vn -0 0 -1
vn -0 0 -1
vn -0 0 -1
vn -0 0 -1
vn -0 0 -1
vn -0 0 -1
vn -0 0 -1
vn -0 0 -1
vn -0 0 -1
vn -0 0 -1
vn -0 0 -1
vn -0 0 -1
vn -0 0 -1
vn -0 0 -1
vn -0 0 -1
vn -0 0 -1
vn -0 0 -1
vn -0 0 -1
vn -0 0 -1
vn -0 0 -1
vn -0 0 -1
vn -0 0 -1
vn -0 0 -1
vn -0 0 -1
vn -0 0 -1
vn -0 0 -1
vn -0 0 -1
vn -0 0 -1
vn -0 0 -1
vn -0 0 -1
vn -0 0 -1
vn -0 0 -1
vn -0 0 -1
vn -0 0 -1
vn -0 0 -1
vn -0 0 -1
vn -0 0 -1
vn -0 0 -1
vn -0 0 -1
vn -0 0 -1
vn -0 0 -1
vn -0 0 -1
vn -0 0 -1
vn -0 0 -1
vn -0 0 -1
vn -0 0 -1
vn -0 0 -1
vn -0 0 -1
vn -0 0 -1
vn -0 0 -1
vn -0 0 -1
vn -0 0 -1
vn -0 0 -1
vn -0 0 -1
vn -0 0 -1
vn -0 0 -1
vn -0 0 -1
vn -0 0 -1
vn -0 0 -1
vn -0 0 -1
vn -0 0 -1
vn -0 0 -1
vn -0 0 -1
vn -0 0 -1
vn -0 0 -1
vn -0 0 -1
vn -0 0 -1
vn -0 0 -1
vn -0 0 -1
vn -0 0 -1
vn -0 0 -1
vn -0 0 -1
vn -0 0 -1
vn -0 0 -1
vn -0 0 -1
vn -0 0 -1
vn -0 0 -1
vn -0 0 -1
vn -0 0 -1
vn -0 0 -1
vn -0 0 -1
vn -0 0 -1
vn -0 0 -1
vn -0 0 -1
vn -0 0 -1
vn -0 0 -1
vn -0 0 -1
vn -0 0 -1
vn -0 0 -1
vn -0 0 -1
vn -0 0 -1
vn -0 0 -1
vn -0 0 -1
vn -0 0 -1
vn -0 0 -1
vn -0 0 -1
vn -0 0 -1
vn -0 0 -1
vn -0 0 -1
vn -0 0 -1
vn -0 0 -1
vn -0 0 -1
vn -0 0 -1
vn -0 0 -1
vn -0 0 -1
vn -0 0 -1
vn -0 0 -1
vn -0 0 -1
vn -0 0 -1
vn -0 0 -1
vn -0 0 -1
vn -0 0 -1
vn -0 0 -1
vn -0 0 -1
vn -0 0 -1
vn -0 0 -1
vn -0 0 -1
vn -0 0 -1
vn -0 0 -1
vn -0 0 -1
vn -0 0 -1
vn -0 0 -1
vn -0 0 -1
vn -0 0 -1
vn -0 0 -1
vn -0 0 -1
vn -0 0 -1
vn -0 0 -1
vn -0 0 -1
vn -0 0 -1
vn -0 0 -1
vn -0 0 -1
vn -0 0 -1
vn -0 0 -1
vn -0 0 -1
vn -0 0 -1
vn -0 0 -1
vn -0 0 -1
vn -0 0 -1
vn -0 0 -1
vn -0 0 -1
vn -0 0 -1
vn -0 0 -1
vn -0 0 -1
vn -0 0 -1
vn -0 0 -1
vn -0 0 -1
vn -0 0 -1
vn -0 0 -1
vn -0 0 -1
vn -0 0 -1
vn -0 0 -1
vn -0 0 -1
vn -0 0 -1
vn -0 0 -1
vn -0 0 -1
vn -0 0 -1
vn -0 0 -1
vn -0 0 -1
vn -0 0 -1
vn -0 0 -1
vn -0 0 -1
vn -0 0 -1
vn -0 0 -1
vn -0 0 -1
vn -0 0 -1
vn -0 0 -1
vn -0 0 -1
vn -0 0 -1
vn -0 0 -1
vn -0 0 -1
vn -0 0 -1
vn -0 0 -1
vn -0 0 -1
vn -0 0 -1
vn -0 0 -1
vn -0 0 -1
vn -0 0 -1
vn -0 0 -1
vn -0 0 -1
vn -0 0 -1
vn -0 0 -1
vn -0 0 -1
vn -0 0 -1
vn -0 0 -1
vn -0 0 -1
vn -0 0 -1
vn -0 0 -1
vn -0 0 -1
vn -0 0 -1
vn -0 0 -1
vn -0 0 -1
vn -0 0 -1
vn -0 0 -1
vn -0 0 -1
vn -0 0 -1
vn -0 0 -1
vn -0 0 -1
vn -0 0 -1
vn -0 0 -1
vn -0 0 -1
vn -0 0 -1
vn -0 0 -1
vn -0 0 -1
vn -0 0 -1
vn -0 0 -1
vn -0 0 -1
vn -0 0 -1
vn -0 0 -1
vn -0 0 -1
vn -0 0 -1
vn -0 0 -1
vn -0 0 -1
vn -0 0 -1
vn -0 0 -1
vn -0 0 -1
vn -0 0 -1
vn -0 0 -1
vn -0 0 -1
vn -0 0 -1
vn -0 0 -1
vn -0 0 -1
vn -0 0 -1
vn -0 0 -1
vn -0 0 -1
vn -0 0 -1
vn -0 0 -1
vn -0 0 -1
vn -0 0 -1
vn -0 0 -1
vn -0 0 -1
vn -0 0 -1
vn -0 0 -1
vn -0 0 -1
vn -0 0 -1
vn -0 0 -1
vn -0 0 -1
vn -0 0 -1
vn -0 0 -1
vn -0 0 -1
vn -0 0 -1
vn -0 0 -1
vn -0 0 -1
vn -0 0 -1
vn -0 0 -1
vn -0 0 -1
vn -0 0 -1
vn -0 0 -1
vn -0 0 -1
vn -0 0 -1
vn -0 0 -1
vn -0 0 -1
vn -0 0 -1
vn -0 0 -1
vn -0 0 -1
vn -0 0 -1
vn -0 0 -1
vn -0 0 -1
vn -0 0 -1
vn -0 0 -1
vn -0 0 -1
vn -0 0 -1
vn -0 0 -1
vn -0 0 -1
vn -0 0 -1
vn -0 0 -1
vn -0 0 -1
vn -0 0 -1
vn -0 0 -1
vn -0 0 -1
vn -0 0 -1
vn -0 0 -1
vn -0 0 -1
vn -0 0 -1
vn -0 0 -1
vn -0 0 -1
vn -0 0 -1
vn -0 0 -1
vn -0 0 -1
vn -0 0 -1
vn -0 0 -1
vn -0 0 -1
vn -0 0 -1
vn -0 0 -1
vn -0 0 -1
vn -0 0 -1
vn -0 0 -1
vn -0 0 -1
vn -0 0 -1
vn -0 0 -1
vn -0 0 -1
vn -0 0 -1
vn -0 0 -1
vn -0 0 -1
vn -0 0 -1
vn -0 0 -1
vn -0 0 -1
vn -0 0 -1
vn -0 0 -1
vn -0 0 -1
vn -0 0 -1
vn -0 0 -1
vn -0 0 -1
vn -0 0 -1
vn -0 0 -1
vn -0 0 -1
vn -0 0 -1
vn -0 0 -1
vn -0 0 -1
vn -0 0 -1
vn -0 0 -1
vn -0 0 -1
vn -0 0 -1
vn -0 0 -1
vn -0 0 -1
vn -0 0 -1
vn -0 0 -1
vn -0 0 -1
vn -0 0 -1
vn -0 0 -1
vn -0 0 -1
vn -0 0 -1
vn -0 0 -1
vn -0 0 -1
vn -0 0 -1
vn -0 0 -1
vn -0 0 -1
vn -0 0 -1
vn -0 0 -1
vn -0 0 -1
vn -0 0 -1
vn -0 0 -1
vn -0 0 -1
vn -0 0 -1
vn -0 0 -1
vn -0 0 -1
vn -0 0 -1
vn -0 0 -1
vn -0 0 -1
vn -0 0 -1
vn -0 0 -1
vn -0 0 -1
vn -0 0 -1
vn -0 0 -1
vn -0 0 -1
vn -0 0 -1
vn -0 0 -1
vn -0 0 -1
vn -0 0 -1
vn -0 0 -1
vn -0 0 -1
vn -0 0 -1
vn -0 0 -1
vn -0 0 -1
vn -0 0 -1
vn -0 0 -1
vn -0 0 -1
vn -0 0 -1
vn -0 0 -1
vn -0 0 -1
vn -0 0 -1
vn -0 0 -1
vn -0 0 -1
vn -0 0 -1
vn -0 0 -1
vn -0 0 -1
vn -0 0 -1
vn -0 0 -1
vn -0 0 -1
vn -0 0 -1
vn -0 0 -1
vn -0 0 -1
vn -0 0 -1
vn -0 0 -1
vn -0 0 -1
vn -0 0 -1
vn -0 0 -1
vn -0 0 -1
vn -0 0 -1
vn -0 0 -1
vn -0 0 -1
vn -0 0 -1
vn -0 0 -1
vn -0 0 -1
vn -0 0 -1
vn -0 0 -1
vn -0 0 -1
vn -0 0 -1
vn -0 0 -1
vn -0 0 -1
vn -0 0 -1
vn -0 0 -1
vn -0 0 -1
vn -0 0 -1
vn -0 0 -1
vn -0 0 -1
vn -0 0 -1
vn -0 0 -1
vn -0 0 -1
vn -0 0 -1
vn -0 0 -1
vn -0 0 -1
vn -0 0 -1
vn -0 0 -1
vn -0 0 -1
vn -0 0 -1
vn -0 0 -1
vn -0 0 -1
vn -0 0 -1
vn -0 0 -1
vn -0 0 -1
vn -0 0 -1
vn -0 0 -1
vn -0 0 -1
vn -0 0 -1
vn -0 0 -1
vn -0 0 -1
vn -0 0 -1
vn -0 0 -1
vn -0 0 -1
vn -0 0 -1
vn -0 0 -1
vn -0 0 -1
vn -0 0 -1
vn -0 0 -1
vn -0 0 -1
vn -0 0 -1
vn -0 0 -1
vn -0 0 -1
vn -0 0 -1
vn -0 0 -1
vn -0 0 -1
vn -0 0 -1
vn -0 0 -1
vn -0 0 -1
vn -0 0 -1
vn -0 0 -1
vn -0 0 -1
vn -0 0 -1
vn -0 0 -1
vn -0 0 -1
vn -0 0 -1
vn -0 0 -1
vn -0 0 -1
vn -0 0 -1
vn -0 0 -1
vn -0 0 -1
vn -0 0 -1
vn -0 0 -1
vn -0 0 -1
vn -0 0 -1
vn -0 0 -1
vn -0 0 -1
vn -0 0 -1
vn -0 0 -1
vn -0 0 -1
vn -0 0 -1
vn -0 0 -1
vn -0 0 -1
vn -0 0 -1
vn -0 0 -1
vn -0 0 -1
vn -0 0 -1
vn -0 0 -1
vn -0 0 -1
vn -0 0 -1
vn -0 0 -1
vn -0 0 -1
vn -0 0 -1
vn -0 0 -1
vn -0 0 -1
vn -0 0 -1
vn -0 0 -1
vn -0 0 -1
vn -0 0 -1
vn -0 0 -1
vn -0 0 -1
vn -0 0 -1
vn -0 0 -1
vn -0 0 -1
vn -0 0 -1
vn -0 0 -1
vn -0 0 -1
vn -0 0 -1
vn -0 0 -1
vn -0 0 -1
vn -0 0 -1
vn -0 0 -1
vn -0 0 -1
vn -0 0 -1
vn -0 0 -1
vn -0 0 -1
vn -0 0 -1
vn -0 0 -1
vn -0 0 -1
vn -0 0 -1
vn -0 0 -1
vn -0 0 -1
vn -0 0 -1
vn -0 0 -1
vn -0 0 -1
vn -0 0 -1
vn -0 0 -1
vn -0 0 -1
vn -0 0 -1
vn -0 0 -1
vn -0 0 -1
vn -0 0 -1
vn -0 0 -1
vn -0 0 -1
vn -0 0 -1
vn -0 0 -1
vn -0 0 -1
vn -0 0 -1
vn -0 0 -1
vn -0 0 -1
vn -0 0 -1
vn -0 0 -1
vn -0 0 -1
vn -0 0 -1
vn -0 0 -1
vn -0 0 -1
vn -0 0 -1
vn -0 0 -1
vn -0 0 -1
vn -0 0 -1
vn -0 0 -1
vn -0 0 -1
vn -0 0 -1
vn -0 0 -1
vn -0 0 -1
vn -0 0 -1
vn -0 0 -1
vn -0 0 -1
vn -0 0 -1
vn -0 0 -1
vn -0 0 -1
vn -0 0 -1
vn -0 0 -1
vn -0 0 -1
vn -0 0 -1
vn -0 0 -1
vn -0 0 -1
vn -0 0 -1
vn -0 0 -1
vn -0 0 -1
vn -0 0 -1
vn -0 0 -1
vn -0 0 -1
vn -0 0 -1
vn -0 0 -1
vn -0 0 -1
vn -0 0 -1
vn -0 0 -1
vn -0 0 -1
vn -0 0 -1
vn -0 0 -1
vn -0 0 -1
vn -0 0 -1
vn -0 0 -1
vn -0 0 -1
vn -0 0 -1
vn -0 0 -1
vn -0 0 -1
vn -0 0 -1
g cPK_10_001950_00_PUKURINex_RR_L_SB_0
f 3/3/3 2/2/2 1/1/1
f 4/4/4 2/2/2 3/3/3
f 4/4/4 5/5/5 2/2/2
f 6/6/6 5/5/5 4/4/4
f 9/9/9 8/8/8 7/7/7
f 11/11/11 9/9/9 10/10/10
f 12/12/12 9/9/9 11/11/11
f 13/13/13 9/9/9 12/12/12
f 14/14/14 9/9/9 13/13/13
f 14/14/14 8/8/8 9/9/9
f 17/17/17 16/16/16 15/15/15
f 17/17/17 18/18/18 16/16/16
f 17/17/17 19/19/19 18/18/18
f 20/20/20 19/19/19 17/17/17
f 23/23/23 22/22/22 21/21/21
f 24/24/24 22/22/22 23/23/23
f 25/25/25 22/22/22 24/24/24
f 26/26/26 22/22/22 25/25/25
f 27/27/27 22/22/22 26/26/26
f 28/28/28 22/22/22 27/27/27
f 28/28/28 29/29/29 22/22/22
f 29/29/29 30/30/30 22/22/22
f 31/31/31 30/30/30 29/29/29
f 32/32/32 30/30/30 31/31/31
f 33/33/33 30/30/30 32/32/32
f 33/33/33 34/34/34 30/30/30
f 37/37/37 36/36/36 35/35/35
f 40/40/40 39/39/39 38/38/38
f 39/39/39 36/36/36 37/37/37
f 36/36/36 39/39/39 40/40/40
f 38/38/38 41/41/41 40/40/40
f 42/42/42 41/41/41 38/38/38
f 43/43/43 41/41/41 42/42/42
f 44/44/44 41/41/41 43/43/43
f 41/41/41 44/44/44 45/45/45
f 45/45/45 10/10/10 41/41/41
f 46/46/46 10/10/10 45/45/45
f 47/47/47 10/10/10 46/46/46
f 48/48/48 10/10/10 47/47/47
f 10/10/10 48/48/48 11/11/11
f 7/7/7 17/17/17 9/9/9
f 49/49/49 17/17/17 7/7/7
f 50/50/50 17/17/17 49/49/49
f 17/17/17 50/50/50 20/20/20
f 16/16/16 21/21/21 15/15/15
f 51/51/51 21/21/21 16/16/16
f 52/52/52 21/21/21 51/51/51
f 52/52/52 23/23/23 21/21/21
f 30/30/30 54/54/54 53/53/53
f 30/30/30 55/55/55 54/54/54
f 30/30/30 56/56/56 55/55/55
f 30/30/30 57/57/57 56/56/56
f 34/34/34 57/57/57 30/30/30
f 60/60/60 59/59/59 58/58/58
f 53/53/53 59/59/59 60/60/60
f 53/53/53 61/61/61 59/59/59
f 53/53/53 62/62/62 61/61/61
f 53/53/53 63/63/63 62/62/62
f 54/54/54 63/63/63 53/53/53
f 58/58/58 4/4/4 60/60/60
f 64/64/64 4/4/4 58/58/58
f 65/65/65 4/4/4 64/64/64
f 65/65/65 6/6/6 4/4/4
f 3/3/3 67/67/67 66/66/66
f 3/3/3 68/68/68 67/67/67
f 1/1/1 68/68/68 3/3/3
f 69/69/69 66/66/66 67/67/67
f 66/66/66 35/35/35 70/70/70
f 66/66/66 71/71/71 35/35/35
f 69/69/69 71/71/71 66/66/66
f 70/70/70 35/35/35 36/36/36
f 74/74/74 73/73/73 72/72/72
f 75/75/75 73/73/73 74/74/74
f 75/75/75 76/76/76 73/73/73
f 73/73/73 78/78/78 77/77/77
f 77/77/77 80/80/80 79/79/79
f 77/77/77 81/81/81 80/80/80
f 77/77/77 82/82/82 81/81/81
f 78/78/78 82/82/82 77/77/77
f 79/79/79 80/80/80 83/83/83
f 86/86/86 85/85/85 84/84/84
f 86/86/86 87/87/87 85/85/85
f 86/86/86 88/88/88 87/87/87
f 86/86/86 89/89/89 88/88/88
f 90/90/90 89/89/89 86/86/86
f 91/91/91 83/83/83 80/80/80
f 92/92/92 83/83/83 91/91/91
f 83/83/83 90/90/90 86/86/86
f 83/83/83 93/93/93 90/90/90
f 83/83/83 94/94/94 93/93/93
f 83/83/83 95/95/95 94/94/94
f 95/95/95 83/83/83 92/92/92
f 85/85/85 96/96/96 84/84/84
f 97/97/97 96/96/96 85/85/85
f 98/98/98 96/96/96 97/97/97
f 99/99/99 96/96/96 98/98/98
f 100/100/100 96/96/96 99/99/99
f 101/101/101 96/96/96 100/100/100
f 104/104/104 103/103/103 102/102/102
f 101/101/101 104/104/104 96/96/96
f 105/105/105 104/104/104 101/101/101
f 106/106/106 104/104/104 105/105/105
f 107/107/107 104/104/104 106/106/106
f 103/103/103 104/104/104 107/107/107
f 102/102/102 108/108/108 104/104/104
f 109/109/109 108/108/108 102/102/102
f 110/110/110 108/108/108 109/109/109
f 110/110/110 111/111/111 108/108/108
f 114/114/114 113/113/113 112/112/112
f 115/115/115 113/113/113 114/114/114
f 116/116/116 113/113/113 115/115/115
f 117/117/117 113/113/113 116/116/116
f 118/118/118 113/113/113 117/117/117
f 121/121/121 120/120/120 119/119/119
f 121/121/121 112/112/112 120/120/120
f 122/122/122 112/112/112 121/121/121
f 123/123/123 112/112/112 122/122/122
f 124/124/124 112/112/112 123/123/123
f 125/125/125 112/112/112 124/124/124
f 126/126/126 112/112/112 125/125/125
f 114/114/114 112/112/112 126/126/126
f 72/72/72 127/127/127 74/74/74
f 128/128/128 113/113/113 118/118/118
f 128/128/128 129/129/129 113/113/113
f 130/130/130 129/129/129 128/128/128
f 130/130/130 72/72/72 129/129/129
f 131/131/131 72/72/72 130/130/130
f 131/131/131 127/127/127 72/72/72
f 73/73/73 132/132/132 78/78/78
f 73/73/73 133/133/133 132/132/132
f 134/134/134 73/73/73 76/76/76
f 134/134/134 133/133/133 73/73/73
f 119/119/119 120/120/120 135/135/135
f 136/136/136 119/119/119 135/135/135
f 136/136/136 137/137/137 119/119/119
f 136/136/136 138/138/138 137/137/137
f 108/108/108 138/138/138 136/136/136
f 108/108/108 139/139/139 138/138/138
f 108/108/108 140/140/140 139/139/139
f 111/111/111 140/140/140 108/108/108
f 143/143/143 142/142/142 141/141/141
f 143/143/143 144/144/144 142/142/142
f 143/143/143 145/145/145 144/144/144
f 146/146/146 145/145/145 143/143/143
f 147/147/147 146/146/146 143/143/143
f 150/150/150 149/149/149 148/148/148
f 151/151/151 149/149/149 150/150/150
f 154/154/154 153/153/153 152/152/152
f 149/149/149 153/153/153 154/154/154
f 149/149/149 155/155/155 153/153/153
f 149/149/149 156/156/156 155/155/155
f 156/156/156 149/149/149 151/151/151
f 159/159/159 158/158/158 157/157/157
f 159/159/159 160/160/160 158/158/158
f 159/159/159 161/161/161 160/160/160
f 164/164/164 163/163/163 162/162/162
f 165/165/165 163/163/163 164/164/164
f 166/166/166 162/162/162 163/163/163
f 169/169/169 168/168/168 167/167/167
f 170/170/170 168/168/168 169/169/169
f 168/168/168 172/172/172 171/171/171
f 175/175/175 174/174/174 173/173/173
f 176/176/176 174/174/174 175/175/175
f 176/176/176 177/177/177 174/174/174
f 178/178/178 177/177/177 176/176/176
f 177/177/177 178/178/178 179/179/179
f 157/157/157 181/181/181 180/180/180
f 157/157/157 182/182/182 181/181/181
f 157/157/157 183/183/183 182/182/182
f 158/158/158 183/183/183 157/157/157
f 141/141/141 185/185/185 184/184/184
f 185/185/185 141/141/141 142/142/142
f 184/184/184 186/186/186 141/141/141
f 168/168/168 173/173/173 187/187/187
f 168/168/168 188/188/188 173/173/173
f 168/168/168 189/189/189 188/188/188
f 171/171/171 189/189/189 168/168/168
f 187/187/187 173/173/173 174/174/174
f 192/192/192 191/191/191 190/190/190
f 193/193/193 191/191/191 192/192/192
f 193/193/193 194/194/194 191/191/191
f 195/195/195 194/194/194 193/193/193
f 196/196/196 194/194/194 195/195/195
f 197/197/197 194/194/194 196/196/196
f 198/198/198 194/194/194 197/197/197
f 198/198/198 199/199/199 194/194/194
f 200/200/200 199/199/199 198/198/198
f 201/201/201 199/199/199 200/200/200
f 202/202/202 199/199/199 201/201/201
f 199/199/199 147/147/147 143/143/143
f 199/199/199 203/203/203 147/147/147
f 199/199/199 204/204/204 203/203/203
f 202/202/202 204/204/204 199/199/199
f 206/206/206 205/205/205 186/186/186
f 207/207/207 205/205/205 206/206/206
f 207/207/207 208/208/208 205/205/205
f 209/209/209 208/208/208 207/207/207
f 205/205/205 208/208/208 210/210/210
f 213/213/213 212/212/212 211/211/211
f 214/214/214 212/212/212 213/213/213
f 214/214/214 215/215/215 212/212/212
f 214/214/214 216/216/216 215/215/215
f 214/214/214 217/217/217 216/216/216
f 218/218/218 217/217/217 214/214/214
f 220/220/220 214/214/214 219/219/219
f 220/220/220 218/218/218 214/214/214
f 205/205/205 219/219/219 214/214/214
f 205/205/205 221/221/221 219/219/219
f 210/210/210 221/221/221 205/205/205
f 222/222/222 213/213/213 211/211/211
f 223/223/223 213/213/213 222/222/222
f 213/213/213 225/225/225 224/224/224
f 213/213/213 226/226/226 225/225/225
f 213/213/213 227/227/227 226/226/226
f 228/228/228 213/213/213 223/223/223
f 213/213/213 229/229/229 227/227/227
f 230/230/230 213/213/213 228/228/228
f 230/230/230 229/229/229 213/213/213
f 148/148/148 224/224/224 225/225/225
f 224/224/224 148/148/148 149/149/149
f 231/231/231 154/154/154 152/152/152
f 232/232/232 154/154/154 231/231/231
f 233/233/233 154/154/154 232/232/232
f 234/234/234 154/154/154 233/233/233
f 234/234/234 235/235/235 154/154/154
f 236/236/236 235/235/235 234/234/234
f 237/237/237 235/235/235 236/236/236
f 238/238/238 235/235/235 237/237/237
f 235/235/235 239/239/239 167/167/167
f 235/235/235 240/240/240 239/239/239
f 235/235/235 241/241/241 240/240/240
f 235/235/235 242/242/242 241/241/241
f 238/238/238 242/242/242 235/235/235
f 239/239/239 169/169/169 167/167/167
f 177/177/177 162/162/162 166/166/166
f 177/177/177 179/179/179 162/162/162
f 244/244/244 243/243/243 161/161/161
f 244/244/244 245/245/245 243/243/243
f 246/246/246 245/245/245 244/244/244
f 161/161/161 247/247/247 160/160/160
f 161/161/161 248/248/248 247/247/247
f 243/243/243 248/248/248 161/161/161
f 163/163/163 246/246/246 244/244/244
f 163/163/163 249/249/249 246/246/246
f 165/165/165 249/249/249 163/163/163
f 191/191/191 250/250/250 190/190/190
f 180/180/180 250/250/250 191/191/191
f 180/180/180 251/251/251 250/250/250
f 180/180/180 252/252/252 251/251/251
f 180/180/180 253/253/253 252/252/252
f 181/181/181 253/253/253 180/180/180
f 184/184/184 206/206/206 186/186/186
f 168/168/168 170/170/170 172/172/172
f 256/256/256 255/255/255 254/254/254
f 259/259/259 258/258/258 257/257/257
f 260/260/260 258/258/258 259/259/259
f 261/261/261 258/258/258 260/260/260
f 262/262/262 258/258/258 261/261/261
f 265/265/265 264/264/264 263/263/263
f 268/268/268 267/267/267 266/266/266
f 269/269/269 267/267/267 268/268/268
f 270/270/270 267/267/267 269/269/269
f 271/271/271 267/267/267 270/270/270
f 267/267/267 272/272/272 266/266/266
f 263/263/263 273/273/273 265/265/265
f 274/274/274 273/273/273 263/263/263
f 273/273/273 274/274/274 275/275/275
f 262/262/262 276/276/276 258/258/258
f 277/277/277 276/276/276 262/262/262
f 278/278/278 276/276/276 277/277/277
f 279/279/279 276/276/276 278/278/278
f 280/280/280 276/276/276 279/279/279
f 281/281/281 276/276/276 280/280/280
f 282/282/282 276/276/276 281/281/281
f 276/276/276 284/284/284 283/283/283
f 282/282/282 284/284/284 276/276/276
f 285/285/285 266/266/266 272/272/272
f 285/285/285 286/286/286 266/266/266
f 285/285/285 287/287/287 286/286/286
f 285/285/285 288/288/288 287/287/287
f 285/285/285 289/289/289 288/288/288
f 291/291/291 285/285/285 290/290/290
f 294/294/294 293/293/293 292/292/292
f 295/295/295 293/293/293 294/294/294
f 296/296/296 293/293/293 295/295/295
f 297/297/297 293/293/293 296/296/296
f 298/298/298 293/293/293 297/297/297
f 299/299/299 293/293/293 298/298/298
f 271/271/271 292/292/292 267/267/267
f 300/300/300 292/292/292 271/271/271
f 301/301/301 292/292/292 300/300/300
f 302/302/302 292/292/292 301/301/301
f 294/294/294 292/292/292 302/302/302
f 264/264/264 303/303/303 263/263/263
f 264/264/264 304/304/304 303/303/303
f 264/264/264 305/305/305 304/304/304
f 264/264/264 306/306/306 305/305/305
f 264/264/264 307/307/307 306/306/306
f 308/308/308 307/307/307 264/264/264
f 299/299/299 264/264/264 293/293/293
f 309/309/309 264/264/264 299/299/299
f 310/310/310 264/264/264 309/309/309
f 311/311/311 264/264/264 310/310/310
f 308/308/308 264/264/264 311/311/311
f 312/312/312 259/259/259 257/257/257
f 312/312/312 313/313/313 259/259/259
f 316/316/316 315/315/315 314/314/314
f 316/316/316 312/312/312 315/315/315
f 317/317/317 312/312/312 316/316/316
f 318/318/318 312/312/312 317/317/317
f 319/319/319 312/312/312 318/318/318
f 319/319/319 313/313/313 312/312/312
f 312/312/312 320/320/320 315/315/315
f 312/312/312 321/321/321 320/320/320
f 322/322/322 321/321/321 312/312/312
f 322/322/322 323/323/323 321/321/321
f 273/273/273 323/323/323 322/322/322
f 275/275/275 323/323/323 273/273/273
f 276/276/276 283/283/283 324/324/324
f 325/325/325 289/289/289 285/285/285
f 285/285/285 276/276/276 324/324/324
f 291/291/291 325/325/325 285/285/285
f 285/285/285 324/324/324 290/290/290
f 328/328/328 327/327/327 326/326/326
f 330/330/330 328/328/328 329/329/329
f 327/327/327 328/328/328 330/330/330
f 333/333/333 332/332/332 331/331/331
f 334/334/334 333/333/333 331/331/331
f 333/333/333 336/336/336 335/335/335
f 336/336/336 333/333/333 334/334/334
f 339/339/339 338/338/338 337/337/337
f 339/339/339 340/340/340 338/338/338
f 343/343/343 342/342/342 341/341/341
f 343/343/343 344/344/344 342/342/342
f 345/345/345 344/344/344 343/343/343
f 345/345/345 346/346/346 344/344/344
f 345/345/345 347/347/347 346/346/346
f 350/350/350 349/349/349 348/348/348
f 327/327/327 350/350/350 326/326/326
f 349/349/349 350/350/350 327/327/327
f 353/353/353 352/352/352 351/351/351
f 329/329/329 353/353/353 330/330/330
f 354/354/354 353/353/353 329/329/329
f 355/355/355 353/353/353 354/354/354
f 356/356/356 353/353/353 355/355/355
f 356/356/356 352/352/352 353/353/353
f 359/359/359 358/358/358 357/357/357
f 359/359/359 360/360/360 358/358/358
f 359/359/359 361/361/361 360/360/360
f 362/362/362 361/361/361 359/359/359
f 357/357/357 348/348/348 349/349/349
f 357/357/357 363/363/363 348/348/348
f 357/357/357 364/364/364 363/363/363
f 357/357/357 365/365/365 364/364/364
f 358/358/358 365/365/365 357/357/357
f 359/359/359 366/366/366 362/362/362
f 341/341/341 359/359/359 343/343/343
f 367/367/367 359/359/359 341/341/341
f 366/366/366 359/359/359 367/367/367
f 345/345/345 368/368/368 347/347/347
f 345/345/345 369/369/369 368/368/368
f 337/337/337 368/368/368 369/369/369
f 337/337/337 370/370/370 368/368/368
f 338/338/338 370/370/370 337/337/337
f 372/372/372 339/339/339 371/371/371
f 372/372/372 340/340/340 339/339/339
f 373/373/373 335/335/335 336/336/336
f 373/373/373 371/371/371 335/335/335
f 372/372/372 371/371/371 373/373/373
f 332/332/332 374/374/374 331/331/331
f 376/376/376 332/332/332 375/375/375
f 374/374/374 332/332/332 376/376/376
f 378/378/378 375/375/375 377/377/377
f 379/379/379 375/375/375 378/378/378
f 376/376/376 375/375/375 379/379/379
f 380/380/380 378/378/378 377/377/377
f 380/380/380 381/381/381 378/378/378
f 382/382/382 381/381/381 380/380/380
f 385/385/385 384/384/384 383/383/383
f 382/382/382 384/384/384 385/385/385
f 382/382/382 380/380/380 384/384/384
f 386/386/386 383/383/383 384/384/384
f 384/384/384 387/387/387 386/386/386
f 387/387/387 384/384/384 388/388/388
f 351/351/351 384/384/384 353/353/353
f 389/389/389 384/384/384 351/351/351
f 390/390/390 384/384/384 389/389/389
f 390/390/390 388/388/388 384/384/384
g cPK_10_001950_00_PUKURINex_RR_L_SB_1
f 391/391/391 39/39/39 37/37/37
f 391/391/391 38/38/38 39/39/39
f 391/391/391 42/42/42 38/38/38
f 391/391/391 43/43/43 42/42/42
f 391/391/391 44/44/44 43/43/43
f 45/45/45 44/44/44 391/391/391
f 392/392/392 45/45/45 391/391/391
f 392/392/392 46/46/46 45/45/45
f 47/47/47 46/46/46 392/392/392
f 11/11/11 393/393/393 12/12/12
f 11/11/11 392/392/392 393/393/393
f 48/48/48 392/392/392 11/11/11
f 392/392/392 48/48/48 47/47/47
f 394/394/394 12/12/12 393/393/393
f 394/394/394 13/13/13 12/12/12
f 394/394/394 14/14/14 13/13/13
f 8/8/8 14/14/14 394/394/394
f 394/394/394 7/7/7 8/8/8
f 395/395/395 7/7/7 394/394/394
f 395/395/395 49/49/49 7/7/7
f 50/50/50 49/49/49 395/395/395
f 396/396/396 18/18/18 19/19/19
f 395/395/395 20/20/20 50/50/50
f 396/396/396 16/16/16 18/18/18
f 25/25/25 16/16/16 396/396/396
f 25/25/25 51/51/51 16/16/16
f 24/24/24 51/51/51 25/25/25
f 23/23/23 51/51/51 24/24/24
f 52/52/52 51/51/51 23/23/23
f 399/399/399 398/398/398 397/397/397
f 399/399/399 37/37/37 398/398/398
f 402/402/402 401/401/401 400/400/400
f 402/402/402 403/403/403 401/401/401
f 403/403/403 404/404/404 401/401/401
f 403/403/403 405/405/405 404/404/404
f 405/405/405 406/406/406 404/404/404
f 405/405/405 407/407/407 406/406/406
f 407/407/407 408/408/408 406/406/406
f 407/407/407 409/409/409 408/408/408
f 409/409/409 410/410/410 408/408/408
f 409/409/409 411/411/411 410/410/410
f 411/411/411 27/27/27 410/410/410
f 411/411/411 28/28/28 27/27/27
f 412/412/412 402/402/402 397/397/397
f 413/413/413 2/2/2 5/5/5
f 68/68/68 413/413/413 412/412/412
f 1/1/1 413/413/413 68/68/68
f 1/1/1 2/2/2 413/413/413
f 414/414/414 65/65/65 64/64/64
f 413/413/413 65/65/65 414/414/414
f 413/413/413 6/6/6 65/65/65
f 5/5/5 6/6/6 413/413/413
f 415/415/415 59/59/59 61/61/61
f 414/414/414 59/59/59 415/415/415
f 414/414/414 58/58/58 59/59/59
f 64/64/64 58/58/58 414/414/414
f 415/415/415 54/54/54 416/416/416
f 415/415/415 63/63/63 54/54/54
f 415/415/415 62/62/62 63/63/63
f 61/61/61 62/62/62 415/415/415
f 417/417/417 409/409/409 416/416/416
f 417/417/417 411/411/411 409/409/409
f 411/411/411 29/29/29 28/28/28
f 411/411/411 417/417/417 29/29/29
f 415/415/415 409/409/409 407/407/407
f 415/415/415 416/416/416 409/409/409
f 414/414/414 407/407/407 405/405/405
f 414/414/414 415/415/415 407/407/407
f 413/413/413 405/405/405 403/403/403
f 413/413/413 414/414/414 405/405/405
f 412/412/412 403/403/403 402/402/402
f 412/412/412 413/413/413 403/403/403
f 55/55/55 416/416/416 54/54/54
f 55/55/55 417/417/417 416/416/416
f 56/56/56 417/417/417 55/55/55
f 57/57/57 417/417/417 56/56/56
f 34/34/34 417/417/417 57/57/57
f 33/33/33 417/417/417 34/34/34
f 417/417/417 31/31/31 29/29/29
f 417/417/417 32/32/32 31/31/31
f 33/33/33 32/32/32 417/417/417
f 35/35/35 412/412/412 37/37/37
f 71/71/71 412/412/412 35/35/35
f 69/69/69 412/412/412 71/71/71
f 67/67/67 412/412/412 69/69/69
f 67/67/67 68/68/68 412/412/412
f 399/399/399 391/391/391 37/37/37
f 399/399/399 418/418/418 391/391/391
f 391/391/391 419/419/419 392/392/392
f 391/391/391 418/418/418 419/419/419
f 392/392/392 420/420/420 393/393/393
f 392/392/392 419/419/419 420/420/420
f 393/393/393 421/421/421 394/394/394
f 393/393/393 420/420/420 421/421/421
f 421/421/421 395/395/395 394/394/394
f 421/421/421 422/422/422 395/395/395
f 422/422/422 396/396/396 395/395/395
f 422/422/422 410/410/410 396/396/396
f 410/410/410 25/25/25 396/396/396
f 26/26/26 410/410/410 27/27/27
f 25/25/25 410/410/410 26/26/26
f 397/397/397 400/400/400 399/399/399
f 397/397/397 402/402/402 400/400/400
f 412/412/412 398/398/398 37/37/37
f 412/412/412 397/397/397 398/398/398
f 399/399/399 400/400/400 418/418/418
f 418/418/418 401/401/401 419/419/419
f 418/418/418 400/400/400 401/401/401
f 419/419/419 404/404/404 420/420/420
f 419/419/419 401/401/401 404/404/404
f 420/420/420 406/406/406 421/421/421
f 420/420/420 404/404/404 406/406/406
f 406/406/406 422/422/422 421/421/421
f 406/406/406 408/408/408 422/422/422
f 422/422/422 408/408/408 410/410/410
f 19/19/19 20/20/20 395/395/395
f 396/396/396 19/19/19 395/395/395
f 123/123/123 423/423/423 124/124/124
f 423/423/423 122/122/122 121/121/121
f 123/123/123 122/122/122 423/423/423
f 125/125/125 424/424/424 126/126/126
f 125/125/125 423/423/423 424/424/424
f 423/423/423 125/125/125 124/124/124
f 425/425/425 126/126/126 424/424/424
f 425/425/425 114/114/114 126/126/126
f 115/115/115 114/114/114 425/425/425
f 426/426/426 115/115/115 425/425/425
f 426/426/426 116/116/116 115/115/115
f 117/117/117 116/116/116 426/426/426
f 130/130/130 427/427/427 131/131/131
f 130/130/130 428/428/428 427/427/427
f 428/428/428 130/130/130 128/128/128
f 128/128/128 426/426/426 428/428/428
f 118/118/118 426/426/426 128/128/128
f 426/426/426 118/118/118 117/117/117
f 78/78/78 429/429/429 82/82/82
f 132/132/132 429/429/429 78/78/78
f 133/133/133 429/429/429 132/132/132
f 429/429/429 133/133/133 134/134/134
f 430/430/430 131/131/131 427/427/427
f 430/430/430 127/127/127 131/131/131
f 430/430/430 74/74/74 127/127/127
f 75/75/75 74/74/74 430/430/430
f 430/430/430 76/76/76 75/75/75
f 429/429/429 76/76/76 430/430/430
f 134/134/134 76/76/76 429/429/429
f 431/431/431 121/121/121 119/119/119
f 431/431/431 423/423/423 121/121/121
f 423/423/423 432/432/432 424/424/424
f 423/423/423 431/431/431 432/432/432
f 424/424/424 433/433/433 425/425/425
f 424/424/424 432/432/432 433/433/433
f 425/425/425 434/434/434 426/426/426
f 425/425/425 433/433/433 434/434/434
f 426/426/426 435/435/435 428/428/428
f 426/426/426 434/434/434 435/435/435
f 428/428/428 436/436/436 427/427/427
f 428/428/428 435/435/435 436/436/436
f 427/427/427 437/437/437 430/430/430
f 427/427/427 436/436/436 437/437/437
f 437/437/437 429/429/429 430/430/430
f 437/437/437 438/438/438 429/429/429
f 438/438/438 82/82/82 429/429/429
f 438/438/438 81/81/81 82/82/82
f 439/439/439 139/139/139 140/140/140
f 138/138/138 439/439/439 137/137/137
f 139/139/139 439/439/439 138/138/138
f 439/439/439 110/110/110 440/440/440
f 439/439/439 111/111/111 110/110/110
f 140/140/140 111/111/111 439/439/439
f 442/442/442 103/103/103 441/441/441
f 442/442/442 102/102/102 103/103/103
f 442/442/442 109/109/109 102/102/102
f 442/442/442 110/110/110 109/109/109
f 440/440/440 110/110/110 442/442/442
f 443/443/443 106/106/106 105/105/105
f 441/441/441 106/106/106 443/443/443
f 441/441/441 107/107/107 106/106/106
f 103/103/103 107/107/107 441/441/441
f 444/444/444 100/100/100 99/99/99
f 443/443/443 100/100/100 444/444/444
f 443/443/443 101/101/101 100/100/100
f 105/105/105 101/101/101 443/443/443
f 99/99/99 445/445/445 444/444/444
f 98/98/98 445/445/445 99/99/99
f 97/97/97 445/445/445 98/98/98
f 97/97/97 85/85/85 445/445/445
f 85/85/85 446/446/446 445/445/445
f 87/87/87 446/446/446 85/85/85
f 87/87/87 88/88/88 446/446/446
f 446/446/446 93/93/93 447/447/447
f 89/89/89 446/446/446 88/88/88
f 446/446/446 90/90/90 93/93/93
f 89/89/89 90/90/90 446/446/446
f 447/447/447 92/92/92 91/91/91
f 94/94/94 447/447/447 93/93/93
f 95/95/95 447/447/447 94/94/94
f 95/95/95 92/92/92 447/447/447
f 431/431/431 137/137/137 439/439/439
f 431/431/431 119/119/119 137/137/137
f 439/439/439 432/432/432 431/431/431
f 439/439/439 440/440/440 432/432/432
f 433/433/433 442/442/442 441/441/441
f 440/440/440 433/433/433 432/432/432
f 440/440/440 442/442/442 433/433/433
f 441/441/441 434/434/434 433/433/433
f 441/441/441 443/443/443 434/434/434
f 443/443/443 435/435/435 434/434/434
f 443/443/443 444/444/444 435/435/435
f 435/435/435 445/445/445 436/436/436
f 435/435/435 444/444/444 445/445/445
f 436/436/436 446/446/446 437/437/437
f 436/436/436 445/445/445 446/446/446
f 437/437/437 447/447/447 438/438/438
f 437/437/437 446/446/446 447/447/447
f 438/438/438 80/80/80 81/81/81
f 91/91/91 438/438/438 447/447/447
f 91/91/91 80/80/80 438/438/438
f 450/450/450 449/449/449 448/448/448
f 449/449/449 452/452/452 451/451/451
f 450/450/450 452/452/452 449/449/449
f 455/455/455 454/454/454 453/453/453
f 458/458/458 457/457/457 456/456/456
f 459/459/459 458/458/458 451/451/451
f 459/459/459 457/457/457 458/458/458
f 460/460/460 458/458/458 456/456/456
f 458/458/458 453/453/453 454/454/454
f 460/460/460 453/453/453 458/458/458
f 459/459/459 451/451/451 452/452/452
f 463/463/463 462/462/462 461/461/461
f 466/466/466 465/465/465 464/464/464
f 462/462/462 466/466/466 461/461/461
f 466/466/466 462/462/462 465/465/465
f 467/467/467 466/466/466 464/464/464
f 466/466/466 469/469/469 468/468/468
f 469/469/469 466/466/466 467/467/467
f 468/468/468 469/469/469 470/470/470
f 472/472/472 461/461/461 471/471/471
f 473/473/473 461/461/461 472/472/472
f 474/474/474 461/461/461 473/473/473
f 475/475/475 461/461/461 474/474/474
f 476/476/476 461/461/461 475/475/475
f 463/463/463 461/461/461 476/476/476
f 466/466/466 471/471/471 461/461/461
f 466/466/466 477/477/477 471/471/471
f 477/477/477 468/468/468 449/449/449
f 477/477/477 466/466/466 468/468/468
f 470/470/470 449/449/449 468/468/468
f 478/478/478 449/449/449 470/470/470
f 479/479/479 449/449/449 478/478/478
f 448/448/448 449/449/449 479/479/479
f 471/471/471 480/480/480 472/472/472
f 455/455/455 471/471/471 454/454/454
f 455/455/455 480/480/480 471/471/471
f 477/477/477 454/454/454 471/471/471
f 477/477/477 458/458/458 454/454/454
f 451/451/451 477/477/477 449/449/449
f 451/451/451 458/458/458 477/477/477
f 483/483/483 482/482/482 481/481/481
f 485/485/485 483/483/483 484/484/484
f 483/483/483 486/486/486 482/482/482
f 487/487/487 483/483/483 485/485/485
f 487/487/487 486/486/486 483/483/483
f 490/490/490 489/489/489 488/488/488
f 490/490/490 491/491/491 489/489/489
f 492/492/492 491/491/491 490/490/490
f 493/493/493 488/488/488 489/489/489
f 488/488/488 495/495/495 494/494/494
f 496/496/496 488/488/488 493/493/493
f 495/495/495 488/488/488 496/496/496
f 481/481/481 490/490/490 483/483/483
f 497/497/497 490/490/490 481/481/481
f 490/490/490 497/497/497 492/492/492
f 500/500/500 499/499/499 498/498/498
f 500/500/500 501/501/501 499/499/499
f 502/502/502 500/500/500 498/498/498
f 502/502/502 503/503/503 500/500/500
f 505/505/505 502/502/502 504/504/504
f 505/505/505 503/503/503 502/502/502
f 504/504/504 506/506/506 505/505/505
f 504/504/504 507/507/507 506/506/506
f 508/508/508 507/507/507 504/504/504
f 509/509/509 502/502/502 498/498/498
f 510/510/510 502/502/502 509/509/509
f 511/511/511 502/502/502 510/510/510
f 511/511/511 512/512/512 502/502/502
f 513/513/513 502/502/502 512/512/512
f 502/502/502 514/514/514 504/504/504
f 515/515/515 504/504/504 514/514/514
f 504/504/504 515/515/515 508/508/508
f 494/494/494 500/500/500 488/488/488
f 516/516/516 500/500/500 494/494/494
f 501/501/501 500/500/500 516/516/516
f 503/503/503 488/488/488 500/500/500
f 503/503/503 490/490/490 488/488/488
f 483/483/483 503/503/503 505/505/505
f 483/483/483 490/490/490 503/503/503
f 505/505/505 484/484/484 483/483/483
f 517/517/517 505/505/505 506/506/506
f 505/505/505 518/518/518 484/484/484
f 517/517/517 518/518/518 505/505/505
f 502/502/502 513/513/513 519/519/519
f 502/502/502 519/519/519 514/514/514
f 225/225/225 150/150/150 148/148/148
f 226/226/226 150/150/150 225/225/225
f 227/227/227 150/150/150 226/226/226
f 227/227/227 151/151/151 150/150/150
f 229/229/229 151/151/151 227/227/227
f 230/230/230 151/151/151 229/229/229
f 230/230/230 156/156/156 151/151/151
f 228/228/228 156/156/156 230/230/230
f 228/228/228 155/155/155 156/156/156
f 223/223/223 155/155/155 228/228/228
f 223/223/223 153/153/153 155/155/155
f 222/222/222 153/153/153 223/223/223
f 211/211/211 153/153/153 222/222/222
f 520/520/520 153/153/153 211/211/211
f 520/520/520 152/152/152 153/153/153
f 521/521/521 243/243/243 245/245/245
f 522/522/522 192/192/192 190/190/190
f 182/182/182 523/523/523 181/181/181
f 182/182/182 524/524/524 523/523/523
f 182/182/182 183/183/183 524/524/524
f 524/524/524 158/158/158 160/160/160
f 524/524/524 183/183/183 158/158/158
f 525/525/525 247/247/247 248/248/248
f 527/527/527 196/196/196 526/526/526
f 527/527/527 197/197/197 196/196/196
f 527/527/527 198/198/198 197/197/197
f 200/200/200 198/198/198 527/527/527
f 528/528/528 200/200/200 527/527/527
f 528/528/528 201/201/201 200/200/200
f 528/528/528 202/202/202 201/201/201
f 204/204/204 202/202/202 528/528/528
f 528/528/528 203/203/203 204/204/204
f 529/529/529 203/203/203 528/528/528
f 203/203/203 529/529/529 147/147/147
f 253/253/253 530/530/530 252/252/252
f 253/253/253 523/523/523 530/530/530
f 253/253/253 181/181/181 523/523/523
f 532/532/532 165/165/165 531/531/531
f 532/532/532 249/249/249 165/165/165
f 534/534/534 531/531/531 533/533/533
f 534/534/534 532/532/532 531/531/531
f 536/536/536 533/533/533 535/535/535
f 536/536/536 534/534/534 533/533/533
f 538/538/538 535/535/535 537/537/537
f 538/538/538 536/536/536 535/535/535
f 540/540/540 537/537/537 539/539/539
f 540/540/540 538/538/538 537/537/537
f 543/543/543 542/542/542 541/541/541
f 543/543/543 544/544/544 542/542/542
f 545/545/545 544/544/544 543/543/543
f 546/546/546 544/544/544 545/545/545
f 547/547/547 544/544/544 546/546/546
f 548/548/548 544/544/544 547/547/547
f 549/549/549 544/544/544 548/548/548
f 550/550/550 544/544/544 549/549/549
f 544/544/544 552/552/552 551/551/551
f 544/544/544 553/553/553 552/552/552
f 544/544/544 554/554/554 553/553/553
f 544/544/544 555/555/555 554/554/554
f 544/544/544 556/556/556 555/555/555
f 550/550/550 556/556/556 544/544/544
f 544/544/544 557/557/557 542/542/542
f 544/544/544 558/558/558 557/557/557
f 557/557/557 560/560/560 559/559/559
f 557/557/557 558/558/558 560/560/560
f 561/561/561 559/559/559 560/560/560
f 561/561/561 562/562/562 559/559/559
f 521/521/521 246/246/246 563/563/563
f 521/521/521 245/245/245 246/246/246
f 565/565/565 563/563/563 564/564/564
f 565/565/565 521/521/521 563/563/563
f 567/567/567 564/564/564 566/566/566
f 567/567/567 565/565/565 564/564/564
f 569/569/569 566/566/566 568/568/568
f 569/569/569 567/567/567 566/566/566
f 571/571/571 568/568/568 570/570/570
f 571/571/571 569/569/569 568/568/568
f 574/574/574 573/573/573 572/572/572
f 574/574/574 575/575/575 573/573/573
f 572/572/572 576/576/576 574/574/574
f 572/572/572 577/577/577 576/576/576
f 576/576/576 579/579/579 578/578/578
f 576/576/576 577/577/577 579/579/579
f 580/580/580 578/578/578 579/579/579
f 580/580/580 581/581/581 578/578/578
f 582/582/582 162/162/162 179/179/179
f 582/582/582 164/164/164 162/162/162
f 583/583/583 178/178/178 176/176/176
f 582/582/582 178/178/178 583/583/583
f 582/582/582 179/179/179 178/178/178
f 584/584/584 175/175/175 173/173/173
f 583/583/583 175/175/175 584/584/584
f 176/176/176 175/175/175 583/583/583
f 585/585/585 188/188/188 189/189/189
f 584/584/584 188/188/188 585/585/585
f 188/188/188 584/584/584 173/173/173
f 172/172/172 587/587/587 586/586/586
f 170/170/170 587/587/587 172/172/172
f 169/169/169 587/587/587 170/170/170
f 169/169/169 588/588/588 587/587/587
f 239/239/239 588/588/588 169/169/169
f 239/239/239 240/240/240 588/588/588
f 588/588/588 242/242/242 589/589/589
f 588/588/588 241/241/241 242/242/242
f 240/240/240 241/241/241 588/588/588
f 589/589/589 236/236/236 590/590/590
f 589/589/589 237/237/237 236/236/236
f 589/589/589 238/238/238 237/237/237
f 242/242/242 238/238/238 589/589/589
f 591/591/591 152/152/152 520/520/520
f 221/221/221 593/593/593 592/592/592
f 221/221/221 210/210/210 593/593/593
f 594/594/594 248/248/248 243/243/243
f 594/594/594 525/525/525 248/248/248
f 595/595/595 525/525/525 594/594/594
f 595/595/595 596/596/596 525/525/525
f 597/597/597 596/596/596 595/595/595
f 597/597/597 598/598/598 596/596/596
f 599/599/599 598/598/598 597/597/597
f 599/599/599 600/600/600 598/598/598
f 601/601/601 600/600/600 599/599/599
f 601/601/601 602/602/602 600/600/600
f 603/603/603 602/602/602 601/601/601
f 603/603/603 604/604/604 602/602/602
f 604/604/604 606/606/606 605/605/605
f 604/604/604 603/603/603 606/606/606
f 605/605/605 608/608/608 607/607/607
f 605/605/605 606/606/606 608/608/608
f 609/609/609 607/607/607 608/608/608
f 609/609/609 610/610/610 607/607/607
f 207/207/207 611/611/611 209/209/209
f 611/611/611 206/206/206 612/612/612
f 611/611/611 207/207/207 206/206/206
f 250/250/250 613/613/613 190/190/190
f 250/250/250 530/530/530 613/613/613
f 251/251/251 530/530/530 250/250/250
f 251/251/251 252/252/252 530/530/530
f 616/616/616 615/615/615 614/614/614
f 616/616/616 617/617/617 615/615/615
f 620/620/620 619/619/619 618/618/618
f 619/619/619 614/614/614 615/615/615
f 614/614/614 619/619/619 620/620/620
f 619/619/619 621/621/621 618/618/618
f 619/619/619 622/622/622 621/621/621
f 526/526/526 195/195/195 193/193/193
f 526/526/526 196/196/196 195/195/195
f 575/575/575 570/570/570 573/573/573
f 575/575/575 571/571/571 570/570/570
f 539/539/539 623/623/623 540/540/540
f 539/539/539 624/624/624 623/623/623
f 539/539/539 625/625/625 624/624/624
f 539/539/539 626/626/626 625/625/625
f 539/539/539 627/627/627 626/626/626
f 539/539/539 628/628/628 627/627/627
f 551/551/551 628/628/628 539/539/539
f 551/551/551 629/629/629 628/628/628
f 586/586/586 171/171/171 172/172/172
f 189/189/189 586/586/586 585/585/585
f 171/171/171 586/586/586 189/189/189
f 522/522/522 617/617/617 616/616/616
f 617/617/617 190/190/190 613/613/613
f 190/190/190 617/617/617 522/522/522
f 631/631/631 142/142/142 630/630/630
f 631/631/631 185/185/185 142/142/142
f 630/630/630 142/142/142 144/144/144
f 234/234/234 590/590/590 236/236/236
f 590/590/590 152/152/152 591/591/591
f 590/590/590 231/231/231 152/152/152
f 590/590/590 232/232/232 231/231/231
f 590/590/590 233/233/233 232/232/232
f 234/234/234 233/233/233 590/590/590
f 632/632/632 562/562/562 561/561/561
f 632/632/632 633/633/633 562/562/562
f 592/592/592 581/581/581 580/580/580
f 592/592/592 593/593/593 581/581/581
f 609/609/609 612/612/612 610/610/610
f 609/609/609 611/611/611 612/612/612
f 622/622/622 630/630/630 621/621/621
f 622/622/622 631/631/631 630/630/630
f 529/529/529 146/146/146 147/147/147
f 529/529/529 145/145/145 146/146/146
f 563/563/563 249/249/249 532/532/532
f 563/563/563 246/246/246 249/249/249
f 564/564/564 532/532/532 534/534/534
f 564/564/564 563/563/563 532/532/532
f 566/566/566 534/534/534 536/536/536
f 566/566/566 564/564/564 534/534/534
f 568/568/568 536/536/536 538/538/538
f 568/568/568 566/566/566 536/536/536
f 540/540/540 570/570/570 538/538/538
f 538/538/538 570/570/570 568/568/568
f 573/573/573 635/635/635 634/634/634
f 570/570/570 540/540/540 623/623/623
f 572/572/572 541/541/541 542/542/542
f 572/572/572 636/636/636 541/541/541
f 572/572/572 637/637/637 636/636/636
f 572/572/572 638/638/638 637/637/637
f 572/572/572 639/639/639 638/638/638
f 572/572/572 640/640/640 639/639/639
f 572/572/572 641/641/641 640/640/640
f 572/572/572 642/642/642 641/641/641
f 634/634/634 572/572/572 573/573/573
f 643/643/643 572/572/572 634/634/634
f 644/644/644 572/572/572 643/643/643
f 645/645/645 572/572/572 644/644/644
f 642/642/642 572/572/572 645/645/645
f 542/542/542 577/577/577 572/572/572
f 542/542/542 557/557/557 577/577/577
f 577/577/577 559/559/559 579/579/579
f 577/577/577 557/557/557 559/559/559
f 579/579/579 562/562/562 580/580/580
f 579/579/579 559/559/559 562/562/562
f 580/580/580 633/633/633 592/592/592
f 580/580/580 562/562/562 633/633/633
f 220/220/220 592/592/592 633/633/633
f 592/592/592 219/219/219 221/221/221
f 592/592/592 220/220/220 219/219/219
f 164/164/164 531/531/531 165/165/165
f 533/533/533 164/164/164 582/582/582
f 533/533/533 531/531/531 164/164/164
f 535/535/535 582/582/582 583/583/583
f 535/535/535 533/533/533 582/582/582
f 537/537/537 583/583/583 584/584/584
f 537/537/537 535/535/535 583/583/583
f 539/539/539 584/584/584 585/585/585
f 539/539/539 537/537/537 584/584/584
f 585/585/585 551/551/551 539/539/539
f 585/585/585 586/586/586 551/551/551
f 586/586/586 544/544/544 551/551/551
f 586/586/586 587/587/587 544/544/544
f 587/587/587 558/558/558 544/544/544
f 587/587/587 588/588/588 558/558/558
f 558/558/558 589/589/589 560/560/560
f 558/558/558 588/588/588 589/589/589
f 560/560/560 590/590/590 561/561/561
f 560/560/560 589/589/589 590/590/590
f 561/561/561 591/591/591 632/632/632
f 561/561/561 590/590/590 591/591/591
f 632/632/632 216/216/216 217/217/217
f 632/632/632 215/215/215 216/216/216
f 632/632/632 212/212/212 215/215/215
f 632/632/632 211/211/211 212/212/212
f 632/632/632 520/520/520 211/211/211
f 591/591/591 520/520/520 632/632/632
f 565/565/565 243/243/243 521/521/521
f 565/565/565 594/594/594 243/243/243
f 567/567/567 594/594/594 565/565/565
f 567/567/567 595/595/595 594/594/594
f 569/569/569 595/595/595 567/567/567
f 569/569/569 597/597/597 595/595/595
f 571/571/571 597/597/597 569/569/569
f 571/571/571 599/599/599 597/597/597
f 575/575/575 599/599/599 571/571/571
f 575/575/575 601/601/601 599/599/599
f 574/574/574 601/601/601 575/575/575
f 574/574/574 603/603/603 601/601/601
f 603/603/603 576/576/576 606/606/606
f 603/603/603 574/574/574 576/576/576
f 606/606/606 578/578/578 608/608/608
f 606/606/606 576/576/576 578/578/578
f 608/608/608 581/581/581 609/609/609
f 608/608/608 578/578/578 581/581/581
f 609/609/609 593/593/593 611/611/611
f 609/609/609 581/581/581 593/593/593
f 210/210/210 611/611/611 593/593/593
f 611/611/611 208/208/208 209/209/209
f 210/210/210 208/208/208 611/611/611
f 160/160/160 596/596/596 524/524/524
f 596/596/596 247/247/247 525/525/525
f 160/160/160 247/247/247 596/596/596
f 598/598/598 524/524/524 596/596/596
f 598/598/598 523/523/523 524/524/524
f 600/600/600 523/523/523 598/598/598
f 600/600/600 530/530/530 523/523/523
f 602/602/602 530/530/530 600/600/600
f 602/602/602 613/613/613 530/530/530
f 613/613/613 604/604/604 617/617/617
f 613/613/613 602/602/602 604/604/604
f 617/617/617 605/605/605 615/615/615
f 617/617/617 604/604/604 605/605/605
f 615/615/615 607/607/607 619/619/619
f 615/615/615 605/605/605 607/607/607
f 607/607/607 622/622/622 619/619/619
f 607/607/607 610/610/610 622/622/622
f 610/610/610 631/631/631 622/622/622
f 610/610/610 612/612/612 631/631/631
f 184/184/184 612/612/612 206/206/206
f 612/612/612 185/185/185 631/631/631
f 612/612/612 184/184/184 185/185/185
f 193/193/193 616/616/616 526/526/526
f 616/616/616 192/192/192 522/522/522
f 616/616/616 193/193/193 192/192/192
f 526/526/526 614/614/614 527/527/527
f 526/526/526 616/616/616 614/614/614
f 620/620/620 527/527/527 614/614/614
f 620/620/620 528/528/528 527/527/527
f 620/620/620 618/618/618 528/528/528
f 618/618/618 529/529/529 528/528/528
f 618/618/618 621/621/621 529/529/529
f 144/144/144 621/621/621 630/630/630
f 145/145/145 621/621/621 144/144/144
f 529/529/529 621/621/621 145/145/145
f 217/217/217 633/633/633 632/632/632
f 633/633/633 218/218/218 220/220/220
f 217/217/217 218/218/218 633/633/633
f 646/646/646 573/573/573 570/570/570
f 647/647/647 646/646/646 570/570/570
f 648/648/648 647/647/647 570/570/570
f 649/649/649 648/648/648 570/570/570
f 650/650/650 649/649/649 570/570/570
f 650/650/650 570/570/570 651/651/651
f 570/570/570 623/623/623 651/651/651
f 646/646/646 635/635/635 573/573/573
f 551/551/551 552/552/552 629/629/629
f 261/261/261 652/652/652 262/262/262
f 260/260/260 652/652/652 261/261/261
f 259/259/259 652/652/652 260/260/260
f 259/259/259 313/313/313 652/652/652
f 303/303/303 653/653/653 263/263/263
f 304/304/304 653/653/653 303/303/303
f 653/653/653 305/305/305 306/306/306
f 305/305/305 653/653/653 304/304/304
f 655/655/655 299/299/299 654/654/654
f 655/655/655 309/309/309 299/299/299
f 309/309/309 655/655/655 310/310/310
f 658/658/658 657/657/657 656/656/656
f 658/658/658 659/659/659 657/657/657
f 661/661/661 657/657/657 660/660/660
f 661/661/661 656/656/656 657/657/657
f 652/652/652 317/317/317 316/316/316
f 652/652/652 318/318/318 317/317/317
f 652/652/652 319/319/319 318/318/318
f 313/313/313 319/319/319 652/652/652
f 660/660/660 662/662/662 661/661/661
f 660/660/660 663/663/663 662/662/662
f 665/665/665 314/314/314 664/664/664
f 665/665/665 316/316/316 314/314/314
f 666/666/666 290/290/290 324/324/324
f 666/666/666 667/667/667 290/290/290
f 668/668/668 280/280/280 279/279/279
f 668/668/668 281/281/281 280/280/280
f 654/654/654 297/297/297 296/296/296
f 298/298/298 654/654/654 299/299/299
f 297/297/297 654/654/654 298/298/298
f 661/661/661 301/301/301 300/300/300
f 294/294/294 661/661/661 662/662/662
f 302/302/302 661/661/661 294/294/294
f 302/302/302 301/301/301 661/661/661
f 300/300/300 656/656/656 661/661/661
f 271/271/271 656/656/656 300/300/300
f 270/270/270 656/656/656 271/271/271
f 270/270/270 269/269/269 656/656/656
f 268/268/268 656/656/656 269/269/269
f 268/268/268 658/658/658 656/656/656
f 266/266/266 658/658/658 268/268/268
f 286/286/286 658/658/658 266/266/266
f 667/667/667 291/291/291 290/290/290
f 325/325/325 667/667/667 289/289/289
f 325/325/325 291/291/291 667/667/667
f 669/669/669 310/310/310 655/655/655
f 669/669/669 311/311/311 310/310/310
f 311/311/311 669/669/669 308/308/308
f 670/670/670 663/663/663 660/660/660
f 670/670/670 671/671/671 663/663/663
f 660/660/660 672/672/672 670/670/670
f 660/660/660 657/657/657 672/672/672
f 657/657/657 673/673/673 672/672/672
f 657/657/657 659/659/659 673/673/673
f 666/666/666 284/284/284 674/674/674
f 666/666/666 283/283/283 284/284/284
f 324/324/324 283/283/283 666/666/666
f 306/306/306 669/669/669 653/653/653
f 307/307/307 669/669/669 306/306/306
f 308/308/308 669/669/669 307/307/307
f 665/665/665 664/664/664 671/671/671
f 670/670/670 675/675/675 665/665/665
f 670/670/670 672/672/672 675/675/675
f 672/672/672 676/676/676 675/675/675
f 672/672/672 673/673/673 676/676/676
f 674/674/674 281/281/281 668/668/668
f 674/674/674 282/282/282 281/281/281
f 284/284/284 282/282/282 674/674/674
f 664/664/664 321/321/321 323/323/323
f 664/664/664 320/320/320 321/321/321
f 664/664/664 315/315/315 320/320/320
f 314/314/314 315/315/315 664/664/664
f 664/664/664 677/677/677 671/671/671
f 287/287/287 658/658/658 286/286/286
f 658/658/658 289/289/289 667/667/667
f 658/658/658 288/288/288 289/289/289
f 287/287/287 288/288/288 658/658/658
f 667/667/667 659/659/659 658/658/658
f 667/667/667 666/666/666 659/659/659
f 659/659/659 674/674/674 673/673/673
f 659/659/659 666/666/666 674/674/674
f 673/673/673 668/668/668 676/676/676
f 673/673/673 674/674/674 668/668/668
f 279/279/279 676/676/676 668/668/668
f 278/278/278 676/676/676 279/279/279
f 676/676/676 277/277/277 262/262/262
f 278/278/278 277/277/277 676/676/676
f 296/296/296 662/662/662 654/654/654
f 662/662/662 295/295/295 294/294/294
f 295/295/295 662/662/662 296/296/296
f 654/654/654 663/663/663 655/655/655
f 654/654/654 662/662/662 663/663/663
f 655/655/655 671/671/671 669/669/669
f 655/655/655 663/663/663 671/671/671
f 671/671/671 653/653/653 669/669/669
f 671/671/671 677/677/677 653/653/653
f 677/677/677 263/263/263 653/653/653
f 677/677/677 274/274/274 263/263/263
f 677/677/677 275/275/275 274/274/274
f 323/323/323 275/275/275 677/677/677
f 316/316/316 675/675/675 652/652/652
f 316/316/316 665/665/665 675/675/675
f 675/675/675 262/262/262 652/652/652
f 675/675/675 676/676/676 262/262/262
f 670/670/670 665/665/665 671/671/671
f 664/664/664 323/323/323 677/677/677
f 356/356/356 678/678/678 352/352/352
f 678/678/678 329/329/329 328/328/328
f 678/678/678 354/354/354 329/329/329
f 678/678/678 355/355/355 354/354/354
f 355/355/355 678/678/678 356/356/356
f 383/383/383 386/386/386 679/679/679
f 680/680/680 383/383/383 679/679/679
f 680/680/680 385/385/385 383/383/383
f 680/680/680 382/382/382 385/385/385
f 680/680/680 381/381/381 382/382/382
f 381/381/381 680/680/680 378/378/378
f 681/681/681 374/374/374 376/376/376
f 681/681/681 331/331/331 374/374/374
f 387/387/387 683/683/683 682/682/682
f 388/388/388 683/683/683 387/387/387
f 390/390/390 683/683/683 388/388/388
f 348/348/348 684/684/684 350/350/350
f 363/363/363 684/684/684 348/348/348
f 364/364/364 684/684/684 363/363/363
f 365/365/365 684/684/684 364/364/364
f 686/686/686 362/362/362 685/685/685
f 686/686/686 361/361/361 362/362/362
f 360/360/360 361/361/361 686/686/686
f 688/688/688 687/687/687 341/341/341
f 688/688/688 689/689/689 687/687/687
f 350/350/350 690/690/690 326/326/326
f 350/350/350 684/684/684 690/690/690
f 685/685/685 691/691/691 686/686/686
f 685/685/685 692/692/692 691/691/691
f 689/689/689 693/693/693 687/687/687
f 689/689/689 694/694/694 693/693/693
f 372/372/372 695/695/695 340/340/340
f 372/372/372 696/696/696 695/695/695
f 373/373/373 696/696/696 372/372/372
f 326/326/326 678/678/678 328/328/328
f 326/326/326 690/690/690 678/678/678
f 691/691/691 682/682/682 683/683/683
f 691/691/691 692/692/692 682/682/682
f 693/693/693 698/698/698 697/697/697
f 693/693/693 694/694/694 698/698/698
f 336/336/336 696/696/696 373/373/373
f 336/336/336 681/681/681 696/696/696
f 334/334/334 681/681/681 336/336/336
f 681/681/681 334/334/334 331/331/331
f 697/697/697 680/680/680 679/679/679
f 697/697/697 698/698/698 680/680/680
f 342/342/342 688/688/688 341/341/341
f 342/342/342 344/344/344 688/688/688
f 688/688/688 347/347/347 368/368/368
f 346/346/346 688/688/688 344/344/344
f 346/346/346 347/347/347 688/688/688
f 688/688/688 368/368/368 370/370/370
f 338/338/338 695/695/695 370/370/370
f 338/338/338 340/340/340 695/695/695
f 358/358/358 684/684/684 365/365/365
f 358/358/358 686/686/686 684/684/684
f 360/360/360 686/686/686 358/358/358
f 686/686/686 690/690/690 684/684/684
f 686/686/686 691/691/691 690/690/690
f 690/690/690 683/683/683 678/678/678
f 690/690/690 691/691/691 683/683/683
f 678/678/678 351/351/351 352/352/352
f 390/390/390 678/678/678 683/683/683
f 389/389/389 678/678/678 390/390/390
f 389/389/389 351/351/351 678/678/678
f 366/366/366 685/685/685 362/362/362
f 685/685/685 341/341/341 687/687/687
f 685/685/685 367/367/367 341/341/341
f 366/366/366 367/367/367 685/685/685
f 687/687/687 692/692/692 685/685/685
f 687/687/687 693/693/693 692/692/692
f 692/692/692 697/697/697 682/682/682
f 692/692/692 693/693/693 697/697/697
f 679/679/679 682/682/682 697/697/697
f 386/386/386 682/682/682 679/679/679
f 682/682/682 386/386/386 387/387/387
f 370/370/370 689/689/689 688/688/688
f 370/370/370 695/695/695 689/689/689
f 695/695/695 694/694/694 689/689/689
f 695/695/695 696/696/696 694/694/694
f 694/694/694 681/681/681 698/698/698
f 694/694/694 696/696/696 681/681/681
f 698/698/698 376/376/376 680/680/680
f 698/698/698 681/681/681 376/376/376
f 680/680/680 379/379/379 378/378/378
f 680/680/680 376/376/376 379/379/379
g cPK_10_001950_00_PUKURINex_RR_L_SB_2
f 701/701/701 700/700/700 699/699/699
f 704/704/704 703/703/703 702/702/702
f 704/704/704 705/705/705 703/703/703
f 706/706/706 705/705/705 704/704/704
f 708/708/708 707/707/707 702/702/702
f 711/711/711 710/710/710 709/709/709
f 711/711/711 712/712/712 710/710/710
f 711/711/711 713/713/713 712/712/712
f 714/714/714 713/713/713 711/711/711
f 715/715/715 714/714/714 711/711/711
f 715/715/715 716/716/716 714/714/714
f 717/717/717 716/716/716 715/715/715
f 718/718/718 709/709/709 710/710/710
f 718/718/718 704/704/704 709/709/709
f 719/719/719 704/704/704 718/718/718
f 719/719/719 706/706/706 704/704/704
f 722/722/722 721/721/721 720/720/720
f 723/723/723 721/721/721 722/722/722
f 723/723/723 724/724/724 721/721/721
f 720/720/720 725/725/725 722/722/722
f 726/726/726 725/725/725 720/720/720
f 726/726/726 727/727/727 725/725/725
f 728/728/728 727/727/727 726/726/726
f 730/730/730 726/726/726 729/729/729
f 731/731/731 726/726/726 730/730/730
f 732/732/732 726/726/726 731/731/731
f 728/728/728 726/726/726 732/732/732
f 735/735/735 734/734/734 733/733/733
f 737/737/737 735/735/735 736/736/736
f 737/737/737 734/734/734 735/735/735
f 739/739/739 736/736/736 738/738/738
f 739/739/739 737/737/737 736/736/736
f 741/741/741 738/738/738 740/740/740
f 741/741/741 739/739/739 738/738/738
f 743/743/743 740/740/740 742/742/742
f 743/743/743 741/741/741 740/740/740
f 746/746/746 745/745/745 744/744/744
f 746/746/746 747/747/747 745/745/745
f 748/748/748 747/747/747 746/746/746
f 748/748/748 749/749/749 747/747/747
f 749/749/749 751/751/751 750/750/750
f 749/749/749 748/748/748 751/751/751
f 752/752/752 708/708/708 254/254/254
f 753/753/753 734/734/734 737/737/737
f 753/753/753 754/754/754 734/734/734
f 755/755/755 737/737/737 739/739/739
f 755/755/755 753/753/753 737/737/737
f 756/756/756 739/739/739 741/741/741
f 756/756/756 755/755/755 739/739/739
f 757/757/757 741/741/741 743/743/743
f 757/757/757 756/756/756 741/741/741
f 747/747/747 758/758/758 745/745/745
f 747/747/747 759/759/759 758/758/758
f 749/749/749 759/759/759 747/747/747
f 749/749/749 760/760/760 759/759/759
f 750/750/750 760/760/760 749/749/749
f 761/761/761 760/760/760 750/750/750
f 760/760/760 761/761/761 762/762/762
f 707/707/707 754/754/754 702/702/702
f 753/753/753 702/702/702 754/754/754
f 753/753/753 704/704/704 702/702/702
f 755/755/755 704/704/704 753/753/753
f 755/755/755 709/709/709 704/704/704
f 756/756/756 709/709/709 755/755/755
f 756/756/756 711/711/711 709/709/709
f 711/711/711 757/757/757 715/715/715
f 711/711/711 756/756/756 757/757/757
f 720/720/720 758/758/758 759/759/759
f 720/720/720 721/721/721 758/758/758
f 726/726/726 759/759/759 760/760/760
f 726/726/726 720/720/720 759/759/759
f 760/760/760 729/729/729 726/726/726
f 760/760/760 762/762/762 729/729/729
f 701/701/701 752/752/752 254/254/254
f 699/699/699 752/752/752 701/701/701
f 763/763/763 752/752/752 699/699/699
f 735/735/735 765/765/765 764/764/764
f 752/752/752 765/765/765 735/735/735
f 763/763/763 765/765/765 752/752/752
f 736/736/736 767/767/767 766/766/766
f 735/735/735 767/767/767 736/736/736
f 764/764/764 767/767/767 735/735/735
f 766/766/766 738/738/738 736/736/736
f 768/768/768 738/738/738 766/766/766
f 738/738/738 768/768/768 769/769/769
f 740/740/740 771/771/771 770/770/770
f 738/738/738 771/771/771 740/740/740
f 769/769/769 771/771/771 738/738/738
f 742/742/742 773/773/773 772/772/772
f 740/740/740 773/773/773 742/742/742
f 770/770/770 773/773/773 740/740/740
f 775/775/775 744/744/744 774/774/774
f 775/775/775 746/746/746 744/744/744
f 776/776/776 746/746/746 775/775/775
f 746/746/746 776/776/776 777/777/777
f 746/746/746 778/778/778 748/748/748
f 746/746/746 779/779/779 778/778/778
f 777/777/777 779/779/779 746/746/746
f 748/748/748 780/780/780 751/751/751
f 748/748/748 781/781/781 780/780/780
f 748/748/748 782/782/782 781/781/781
f 783/783/783 748/748/748 778/778/778
f 783/783/783 782/782/782 748/748/748
f 733/733/733 754/754/754 707/707/707
f 733/733/733 734/734/734 754/754/754
f 786/786/786 785/785/785 784/784/784
f 786/786/786 744/744/744 785/785/785
f 787/787/787 744/744/744 786/786/786
f 744/744/744 787/787/787 774/774/774
f 744/744/744 788/788/788 785/785/785
f 744/744/744 745/745/745 788/788/788
f 788/788/788 758/758/758 789/789/789
f 788/788/788 745/745/745 758/758/758
f 789/789/789 721/721/721 790/790/790
f 789/789/789 758/758/758 721/721/721
f 790/790/790 792/792/792 791/791/791
f 721/721/721 792/792/792 790/790/790
f 724/724/724 792/792/792 721/721/721
f 785/785/785 793/793/793 784/784/784
f 742/742/742 793/793/793 785/785/785
f 772/772/772 793/793/793 742/742/742
f 742/742/742 788/788/788 743/743/743
f 742/742/742 785/785/785 788/788/788
f 743/743/743 789/789/789 757/757/757
f 743/743/743 788/788/788 789/789/789
f 757/757/757 790/790/790 715/715/715
f 757/757/757 789/789/789 790/790/790
f 715/715/715 794/794/794 717/717/717
f 790/790/790 794/794/794 715/715/715
f 790/790/790 791/791/791 794/794/794
f 735/735/735 733/733/733 752/752/752
f 708/708/708 256/256/256 254/254/254
f 708/708/708 795/795/795 256/256/256
f 708/708/708 796/796/796 795/795/795
f 797/797/797 702/702/702 703/703/703
f 797/797/797 708/708/708 702/702/702
f 798/798/798 708/708/708 797/797/797
f 799/799/799 708/708/708 798/798/798
f 799/799/799 796/796/796 708/708/708
f 752/752/752 707/707/707 708/708/708
f 752/752/752 733/733/733 707/707/707
g cPK_10_001950_00_PUKURINex_RR_L_SB_3
f 254/254/254 255/255/255 701/701/701
f 800/800/800 256/256/256 795/795/795
f 800/800/800 255/255/255 256/256/256
f 705/705/705 801/801/801 703/703/703
f 706/706/706 801/801/801 705/705/705
f 801/801/801 719/719/719 718/718/718
f 706/706/706 719/719/719 801/801/801
f 802/802/802 722/722/722 725/725/725
f 803/803/803 722/722/722 802/802/802
f 803/803/803 723/723/723 722/722/722
f 724/724/724 723/723/723 803/803/803
f 805/805/805 730/730/730 804/804/804
f 730/730/730 806/806/806 804/804/804
f 729/729/729 806/806/806 730/730/730
f 762/762/762 806/806/806 729/729/729
f 806/806/806 762/762/762 761/761/761
f 807/807/807 783/783/783 778/778/778
f 807/807/807 782/782/782 783/783/783
f 807/807/807 808/808/808 782/782/782
f 703/703/703 809/809/809 797/797/797
f 703/703/703 801/801/801 809/809/809
f 796/796/796 809/809/809 810/810/810
f 799/799/799 809/809/809 796/796/796
f 798/798/798 809/809/809 799/799/799
f 809/809/809 798/798/798 797/797/797
f 700/700/700 701/701/701 255/255/255
f 810/810/810 795/795/795 796/796/796
f 810/810/810 800/800/800 795/795/795
f 811/811/811 699/699/699 700/700/700
f 811/811/811 763/763/763 699/699/699
f 811/811/811 765/765/765 763/763/763
f 764/764/764 765/765/765 811/811/811
f 768/768/768 811/811/811 812/812/812
f 766/766/766 811/811/811 768/768/768
f 767/767/767 811/811/811 766/766/766
f 811/811/811 767/767/767 764/764/764
f 812/812/812 769/769/769 768/768/768
f 770/770/770 812/812/812 813/813/813
f 771/771/771 812/812/812 770/770/770
f 771/771/771 769/769/769 812/812/812
f 793/793/793 813/813/813 814/814/814
f 772/772/772 813/813/813 793/793/793
f 773/773/773 813/813/813 772/772/772
f 813/813/813 773/773/773 770/770/770
f 718/718/718 815/815/815 801/801/801
f 710/710/710 815/815/815 718/718/718
f 712/712/712 815/815/815 710/710/710
f 713/713/713 815/815/815 712/712/712
f 815/815/815 713/713/713 714/714/714
f 716/716/716 815/815/815 714/714/714
f 716/716/716 816/816/816 815/815/815
f 717/717/717 816/816/816 716/716/716
f 817/817/817 717/717/717 794/794/794
f 816/816/816 717/717/717 817/817/817
f 816/816/816 724/724/724 803/803/803
f 816/816/816 792/792/792 724/724/724
f 816/816/816 791/791/791 792/792/792
f 814/814/814 784/784/784 793/793/793
f 818/818/818 784/784/784 814/814/814
f 818/818/818 786/786/786 784/784/784
f 787/787/787 786/786/786 818/818/818
f 819/819/819 787/787/787 818/818/818
f 819/819/819 774/774/774 787/787/787
f 819/819/819 775/775/775 774/774/774
f 819/819/819 776/776/776 775/775/775
f 777/777/777 776/776/776 819/819/819
f 807/807/807 777/777/777 819/819/819
f 807/807/807 779/779/779 777/777/777
f 778/778/778 779/779/779 807/807/807
f 761/761/761 808/808/808 806/806/806
f 750/750/750 808/808/808 761/761/761
f 750/750/750 751/751/751 808/808/808
f 808/808/808 781/781/781 782/782/782
f 808/808/808 780/780/780 781/781/781
f 751/751/751 780/780/780 808/808/808
f 805/805/805 731/731/731 730/730/730
f 805/805/805 732/732/732 731/731/731
f 805/805/805 728/728/728 732/732/732
f 802/802/802 728/728/728 805/805/805
f 802/802/802 727/727/727 728/728/728
f 725/725/725 727/727/727 802/802/802
f 791/791/791 817/817/817 794/794/794
f 817/817/817 791/791/791 816/816/816
