g cPK_20_000040_00_FUSHIGIBANAex_SR_L_SB
v -0.04776956 0.19554384 -0.041515984
v 0.2290407 0.11961837 -0.041515984
v -0.033548947 0.20278835 -0.041515984
v -0.017718326 0.20895965 -0.041515984
v -0.0043025455 0.21271606 -0.041515984
v 0.007869857 0.21428104 -0.041515984
v 0.014479532 0.21513088 -0.041515984
v 0.03970119 0.2167408 -0.041515984
v 0.067874216 0.2167408 -0.041515984
v -0.24402992 0.08414836 -0.03742605
v -0.22055142 0.086575106 -0.039116185
v -0.24142113 0.09491963 -0.03847952
v -0.26681975 0.102974236 -0.038123783
v -0.26389673 0.10314616 -0.038123783
v -0.26527235 0.11776143 -0.038123783
v -0.26240388 0.083388425 -0.03721443
v -0.25111344 0.089683495 -0.038230788
v -0.2669891 0.09717453 -0.038123783
v -0.19227733 0.0923134 -0.04039684
v -0.1775018 0.098007075 -0.040964674
v -0.19327365 0.09572961 -0.040376555
v -0.21783932 0.09291689 -0.039271
v -0.19784711 0.085226946 -0.039429396
v -0.19626956 0.091601744 -0.040215913
v -0.21444622 0.08536922 -0.03867868
v -0.26785153 0.100051105 -0.038123783
v -0.26062977 0.12016868 -0.038123783
v -0.19526896 0.09601429 -0.04029164
v -0.21578395 0.087189086 -0.039318983
v -0.21610942 0.09341758 -0.039348416
v -0.26011398 0.12257592 -0.038123783
v -0.25547144 0.12876591 -0.038162194
v -0.25111344 0.13308713 -0.03824562
v -0.24585144 0.13462082 -0.038343318
v -0.23949738 0.141194 -0.03859696
v -0.21158169 0.14952002 -0.039719824
v -0.19456464 0.15631233 -0.040532492
v -0.1756514 0.098861136 -0.041017704
v -0.17380092 0.10156568 -0.04105587
v -0.16330431 0.16577537 -0.041451793
v -0.16639912 0.103416085 -0.04125186
v -0.16330431 0.10398544 -0.041320287
v -0.1615595 0.10455481 -0.041353814
v -0.1541578 0.11480343 -0.041451793
v -0.14135869 0.11725862 -0.041515984
v -0.1367844 0.1407594 -0.041515984
v -0.13014229 0.17488356 -0.041515984
v -0.1508026 0.16898061 -0.041515984
v -0.12645252 0.14531265 -0.041515984
v -0.1076039 0.18078649 -0.041515984
v -0.0083270315 -0.13148943 -0.04058788
v -0.0047139605 -0.13341641 -0.04058788
v -0.010013195 -0.12739448 -0.04058788
v -0.00953145 -0.12522659 -0.04058788
v 0.0034385181 -0.13378946 -0.04058788
v 0.2325778 -0.2179647 -0.04058793
v 0.23308909 -0.20313744 -0.040587917
v 0.22256128 -0.21212903 -0.04058793
v 0.09345666 -0.2007515 -0.040587913
v 0.09521302 -0.21847597 -0.04058793
v 0.130132 -0.21327066 -0.04058793
v 0.11278333 -0.22709027 -0.04058793
v 0.14632194 -0.22945976 -0.040587936
v 0.16191503 -0.22250962 -0.040587965
v 0.17784737 -0.19657086 -0.040587973
v 0.17801845 -0.2146914 -0.04058798
v 0.15794629 -0.23122568 -0.040587954
v 0.19921277 -0.22667022 -0.040587958
v 0.07919284 -0.127638 -0.04058788
v 0.056184985 -0.13547766 -0.04058788
v 0.069307946 -0.1322396 -0.04058788
v 0.09691728 -0.22392967 -0.04058793
v 0.11378961 -0.24148381 -0.04058793
v 0.111233234 -0.24080208 -0.04058793
v 0.107824735 -0.23892732 -0.04058793
v 0.101689294 -0.23313275 -0.04058793
v 0.20394595 -0.24369931 -0.040587943
v 0.20871794 -0.24455142 -0.040587936
v 0.21502368 -0.24455142 -0.040587932
v 0.22218168 -0.24233592 -0.040587932
v 0.23342995 -0.22290714 -0.04058793
v 0.2324074 -0.23040591 -0.04058793
v 0.23053272 -0.2355188 -0.04058793
v 0.22831707 -0.23892732 -0.04058793
v -0.060917016 0.18910426 -0.041515984
v -0.07138132 0.18856762 -0.041515984
v -0.11268266 0.14648035 -0.041515984
v -0.10871377 0.1464151 -0.041515958
v -0.08721194 0.18588449 -0.041515984
v -0.11831794 0.14646056 -0.041515984
v -0.18513499 0.0524978 -0.03993925
v -0.18719938 0.043842915 -0.04000594
v -0.1830904 0.060663994 -0.039910156
v 0.010417518 -0.13359006 -0.04058788
v 0.025372356 -0.13578342 -0.04058788
v 0.04072615 -0.1365811 -0.04058788
v 0.08481687 -0.12218428 -0.04058788
v 0.08788463 -0.1158784 -0.04058788
v 0.09793982 -0.11400374 -0.04058788
v 0.26463112 0.14783667 -0.041515984
v 0.26463112 0.1598859 -0.041515984
v 0.25935137 0.14935978 -0.041515984
v 0.26120117 0.17084758 -0.041515984
v 0.25109777 0.18322797 -0.041515984
v 0.2567898 0.16828607 -0.041515984
v 0.23259822 0.19503911 -0.041515984
v 0.2288634 0.1979587 -0.041515984
v 0.23202907 0.19390069 -0.041515984
v 0.23046365 0.19261998 -0.041515984
v 0.24369788 0.11990293 -0.041515984
v 0.24625938 0.12445661 -0.041515984
v 0.23743653 0.12004521 -0.041515984
v 0.2418479 0.13228333 -0.041515984
v 0.26463112 0.14518699 -0.041515984
v 0.26463112 0.13561569 -0.041515984
v 0.25807053 0.12644884 -0.041515984
v 0.255936 0.12630656 -0.041515984
v 0.24739783 0.12929493 -0.041515984
v 0.26248202 0.16577537 -0.041515984
v 0.22430201 0.20144677 -0.041515984
v 0.24682859 0.1883509 -0.041515984
v 0.19854377 0.2068131 -0.041515984
v 0.2167892 0.20332502 -0.041515984
v 0.17904407 0.21137448 -0.041515984
v 0.1515886 0.21593583 -0.041515984
v 0.12448882 0.21996057 -0.041515984
v 0.09345695 0.21888731 -0.041515984
v 0.113219574 0.2202289 -0.041515984
v 0.24455173 0.18920474 -0.041515984
v 0.15534498 0.21539922 -0.041515984
v 0.26845866 0.14096378 -0.041515984
v 0.26831636 0.1475098 -0.041515984
v 0.26831636 0.14978664 -0.041515984
v 0.26675108 0.14722522 -0.041515984
v 0.050163846 0.044559818 -0.04058788
v 0.1580267 -0.021083798 -0.04058788
v 0.17179094 0.054629035 -0.04058788
v 0.18053927 0.035013568 -0.04058788
v 0.18694492 0.019587351 -0.04058788
v 0.19268645 0.0068859844 -0.04058788
v 0.19982937 -0.007344031 -0.04058788
v 0.17767628 -0.17845035 -0.040587943
v 0.23206654 -0.18728767 -0.0405879
v 0.22916918 -0.17263089 -0.04058788
v 0.17750521 -0.1603298 -0.04058793
v 0.22524944 -0.15967837 -0.04058788
v 0.22388597 -0.15615623 -0.04058788
v 0.22262381 -0.15242188 -0.040587876
v 0.2207518 -0.13758554 -0.04058787
v 0.17482683 -0.13760889 -0.040587902
v 0.17214845 -0.11488797 -0.040587883
v 0.22128904 -0.12062853 -0.04058788
v 0.22118287 -0.10905111 -0.04058788
v 0.16947006 -0.09216705 -0.04058788
v 0.22041121 -0.08814499 -0.04058788
v 0.21863046 -0.06783818 -0.04058788
v 0.1656556 -0.06847262 -0.04058788
v 0.21690874 -0.05363644 -0.04058788
v 0.16184114 -0.0447782 -0.04058788
v 0.212902 -0.037681963 -0.04058788
v 0.20674677 -0.02168985 -0.04058788
v 0.09354394 -0.09588203 -0.04058788
v 0.08890667 -0.07898391 -0.04058788
v 0.094314925 -0.045090675 -0.04058788
v -0.14338136 0.08346717 -0.04058788
v 0.092345275 -0.0030177163 -0.04058788
v -0.010908584 0.07628676 -0.04058788
v -0.025670176 -0.1254674 -0.04058788
v -0.045422178 -0.124744855 -0.04058788
v -0.06816492 -0.1206392 -0.04058788
v -0.073120885 0.090080805 -0.04151593
v -0.08846234 -0.11447747 -0.04058788
v -0.10839726 -0.10360384 -0.04058788
v -0.12579493 -0.090989485 -0.04058788
v -0.1402931 -0.07678224 -0.04058788
v -0.1553335 -0.059610583 -0.04058788
v -0.1633046 -0.046482142 -0.04058788
v -0.1669934 -0.040406667 -0.04058788
v -0.17264257 -0.028637579 -0.04058788
v -0.1785271 -0.014043922 -0.04058788
v -0.1816935 -0.005402382 -0.04058788
v -0.18364285 -8.2300605E-05 -0.04058788
v -0.18600403 0.010352371 -0.040525123
v -0.18759649 0.017639788 -0.04042571
v -0.18854927 0.027247582 -0.04025872
v -0.1883905 0.035584945 -0.04011562
v -0.18077698 0.06778238 -0.03993071
v -0.17775157 0.0744558 -0.040002592
v -0.17285769 0.08299784 -0.040149853
v -0.16920927 0.08789529 -0.041188966
v -0.16502728 0.09287817 -0.04130325
v -0.15817581 0.1005304 -0.04142594
v -0.15132448 0.10782681 -0.041489523
v -0.1434052 0.11530103 -0.041515984
v 0.19866268 -0.2438697 -0.040587943
v 0.11600526 -0.24421059 -0.04058793
v 0.12265195 -0.24778953 -0.04058793
v 0.13202544 -0.24983476 -0.04058793
v 0.13884257 -0.2500052 -0.040587932
v 0.14429627 -0.24847136 -0.040587932
v 0.14838648 -0.24744867 -0.040587936
v 0.15452191 -0.24727826 -0.040587943
v 0.15963475 -0.24830091 -0.040587943
v 0.16355453 -0.2496643 -0.040587947
v 0.17088298 -0.25051644 -0.040587947
v 0.1790438 -0.25017557 -0.040587958
v 0.18809621 -0.24813052 -0.040587954
v 0.1938908 -0.2469374 -0.040587947
v 0.19610631 -0.24557403 -0.040587943
v 0.09964409 -0.12474064 -0.04058788
v 0.0998146 -0.1404201 -0.04058788
v 0.09947366 -0.15422477 -0.04058788
v 0.09657644 -0.17978889 -0.04058788
v 0.095042616 -0.19154842 -0.0405879
v 0.09862154 -0.16768847 -0.04058788
v 0.22094618 -0.1448993 -0.04058788
v 0.057192832 0.24674611 -0.050142378
v 0.052957285 0.2619386 -0.050227802
v 0.0038026602 0.24627541 -0.050423253
v 0.048039787 0.27693477 -0.050308537
v 0.040726777 0.2922516 -0.050308187
v 0.035161864 0.30314043 -0.050307926
v 0.031707935 0.30721164 -0.05030777
v 0.025873551 0.30989465 -0.050307523
v 0.014225933 0.31286818 -0.050307047
v 0.0032043927 0.3141383 -0.050306607
v -0.04636653 0.24583314 -0.049801674
v -0.006292964 0.31405458 -0.05030623
v -0.017886346 0.31087607 -0.05030578
v -0.026745608 0.30772167 -0.050305437
v -0.03320019 0.3032213 -0.0503052
v -0.037873644 0.2905333 -0.050305065
v -0.04185445 0.27682585 -0.050238695
v -0.04480096 0.26210222 -0.050026685
v -0.04775949 0.2487456 -0.04982611
v -0.04766309 0.23780869 -0.049728747
v -0.047799822 0.22675072 -0.049622785
v 0.06143113 0.23125072 -0.050130058
v -0.037410136 0.16151157 -0.046654087
v 0.004546652 0.16188143 -0.047029838
v -0.03960747 0.16823007 -0.04707063
v 0.06138869 0.16238257 -0.04750726
v 0.063770376 0.16974334 -0.047932506
v 0.06595744 0.18309578 -0.04867853
v 0.066502295 0.19882381 -0.049479175
v -0.04183692 0.17859517 -0.047706228
v -0.048336975 0.21600254 -0.049439706
v -0.046765942 0.20506226 -0.049119424
v -0.04463358 0.2021319 -0.049010202
v 0.06465482 0.21453057 -0.049972508
v -0.043479666 0.19171448 -0.048478734
v -0.034374427 0.15888794 -0.04649229
v 0.05867058 0.15398227 -0.0470058
v -0.031289257 0.1517512 -0.046071727
v 0.053103562 0.14170955 -0.046281558
v 0.0470461 0.1355444 -0.045939293
v 0.03617918 0.13020985 -0.045633744
v 0.023547007 0.12704265 -0.04540503
v 0.011768582 0.12606566 -0.04525411
v 0.004851407 0.12731431 -0.04522903
v 0.0004866997 0.12796481 -0.045196604
v -0.028210005 0.14528595 -0.04571467
v -0.0044450285 0.12870489 -0.045162793
v -0.011511369 0.13032167 -0.045120243
v -0.024684867 0.13904862 -0.045394707
v -0.016786806 0.1319542 -0.04509635
v -0.021402447 0.13493584 -0.04519571
v -0.13227676 0.13951263 -0.0482403
v -0.12985562 0.13888608 -0.0482403
v -0.13345075 0.1416703 -0.0482403
v -0.13287283 0.14425589 -0.0482403
v -0.13064782 0.14580756 -0.0482403
v -0.113231026 0.13771434 -0.0482403
v -0.12431126 0.15009406 -0.0482403
v -0.11653309 0.1552537 -0.0482403
v -0.09579297 0.13651438 -0.0482403
v -0.11246558 0.15785699 -0.0482403
v -0.106152415 0.16189747 -0.0482403
v -0.09848081 0.16711496 -0.0482403
v -0.081798695 0.13511643 -0.0482403
v -0.09163191 0.17208956 -0.0482403
v -0.08622117 0.17315102 -0.0482403
v -0.08180689 0.1736499 -0.0482403
v -0.07548385 0.17283414 -0.0482403
v -0.06772988 0.13352221 -0.0482403
v -0.06705003 0.17183697 -0.0482403
v -0.062154144 0.17122993 -0.0482403
v -0.054195818 0.13225383 -0.0482403
v -0.059158355 0.17085843 -0.0482403
v -0.052070606 0.17017923 -0.0482403
v -0.044072382 0.16914283 -0.0482403
v -0.04228632 0.13129936 -0.0482403
v -0.037003428 0.16792129 -0.0482403
v -0.029566145 0.1663614 -0.0482403
v -0.040029682 0.13062419 -0.0482403
v -0.0277724 0.13030909 -0.0482403
v -0.02429766 0.16487646 -0.0482403
v -0.021691417 0.1633207 -0.0482403
v -0.017090438 0.16137032 -0.0482403
v -0.019116055 0.12946704 -0.0482403
v -0.013323195 0.16042584 -0.0482403
v -0.0042968267 0.15772533 -0.0482403
v -0.009607181 0.1281612 -0.0482403
v 0.0033255236 0.15523621 -0.0482403
v -0.0004273804 0.1267582 -0.0482403
v 0.012768715 0.15203275 -0.0482403
v 0.008564851 0.12531923 -0.0482403
v 0.021027874 0.14823054 -0.0482403
v 0.017002998 0.12376728 -0.0482403
v 0.027215993 0.14544536 -0.0482403
v 0.020237403 0.12311262 -0.0482403
v 0.02303445 0.123938695 -0.0482403
v 0.026353164 0.12572396 -0.0482403
v 0.033207044 0.14225923 -0.0482403
v 0.037941337 0.13917388 -0.0482403
v 0.031399187 0.12408384 -0.0482403
v 0.04233915 0.1354699 -0.0482403
v 0.03802324 0.12255211 -0.0482403
v 0.04562299 0.1318618 -0.0482403
v 0.04214933 0.120998085 -0.0482403
v 0.047629915 0.12878847 -0.0482403
v 0.048098836 0.12508091 -0.0482403
v 0.0444733 0.1207006 -0.0482403
v 0.046688896 0.12198117 -0.0482403
v -0.22137864 -0.12344694 -0.0513385
v -0.21991873 -0.120539896 -0.0513385
v -0.2251174 -0.12213303 -0.0513385
v -0.22093712 -0.11079999 -0.0513385
v -0.22896793 -0.11724474 -0.0513385
v -0.23690484 -0.10759138 -0.0513385
v -0.24197002 -0.09820775 -0.0513385
v 0.020614699 0.16462986 -0.0513385
v 0.015536829 0.16486084 -0.0513385
v 0.023569858 0.1616022 -0.0513385
v 0.024658231 0.1559156 -0.0513385
v 0.009480336 0.16324079 -0.0513385
v 0.028056601 0.14289051 -0.0513385
v -0.022946673 0.14916961 -0.0513385
v 0.030140236 0.12618391 -0.0513385
v 0.03126211 0.10697677 -0.0513385
v -0.037136424 0.13915999 -0.0513385
v 0.031632774 0.09099657 -0.0513385
v -0.052149873 0.12795305 -0.0513385
v -0.060332146 0.12137234 -0.0513385
v 0.0330537 0.08714065 -0.0513385
v -0.06531849 0.11835197 -0.0513385
v -0.2940354 0.07292463 -0.0513385
v -0.29533526 0.0708095 -0.0513385
v -0.28171426 0.08149432 -0.0513385
v -0.29471666 0.0662963 -0.0513385
v -0.29080975 0.05961972 -0.0513385
v -0.2853128 0.05168087 -0.0513385
v -0.26897156 0.08594908 -0.0513385
v -0.27558973 0.038752604 -0.0513385
v -0.2547841 0.08997198 -0.0513385
v -0.26728755 0.028389722 -0.0513385
v -0.24010873 0.09365233 -0.0513385
v -0.22537732 0.09554525 -0.0513385
v -0.26148266 0.019880733 -0.0513385
v -0.20881383 0.09630644 -0.0513385
v -0.25927657 0.016354976 -0.0513385
v -0.19399649 0.09521638 -0.0513385
v -0.18000215 0.093984924 -0.0513385
v -0.2477309 -0.097076185 -0.0513385
v -0.2551192 -0.093490645 -0.0513385
v -0.27661547 -0.066014156 -0.0513385
v -0.27523717 -0.071935 -0.0513385
v -0.26785335 -0.08140098 -0.0513385
v -0.26222107 -0.08762987 -0.0513385
v 0.07609884 -0.0710382 -0.0513385
v 0.079471864 -0.06436533 -0.0513385
v 0.09722688 0.018417513 -0.0513385
v 0.09096547 -0.039109748 -0.0513385
v 0.0950639 -0.024679748 -0.0513385
v 0.08566715 -0.048903488 -0.0513385
v 0.098139524 -0.010801791 -0.0513385
v 0.09890937 0.006124364 -0.0513385
v -0.07768282 0.11676832 -0.0513385
v -0.082325146 0.116836764 -0.0513385
v -0.071524784 0.11648577 -0.0513385
v -0.08797686 0.11692002 -0.0513385
v -0.096840784 0.11664005 -0.0513385
v -0.10805527 0.11568957 -0.0513385
v -0.11642627 0.11447119 -0.0513385
v -0.12051059 0.11367165 -0.0513385
v -0.12514369 0.112764955 -0.0513385
v -0.27124107 -0.0776544 -0.0513385
v -0.26078162 0.011319242 -0.0513385
v 0.026686583 0.08200497 -0.0513385
v -0.10960837 -0.02831393 -0.0513385
v -0.09825407 -0.07553261 -0.0513385
v -0.14353634 -0.089252755 -0.0513385
v -0.15309939 -0.042003088 -0.0513385
v 0.08422627 -0.05240767 -0.0513385
v -0.2135187 -0.08849223 -0.0513385
v -0.12719674 -0.15499638 -0.0513385
v -0.14353634 -0.089252755 -0.0513385
v -0.1400349 -0.154689 -0.0513385
v -0.15195881 -0.1538714 -0.0513385
v -0.16357948 -0.1519675 -0.0513385
v -0.17452942 -0.1484846 -0.0513385
v -0.18350373 -0.1442381 -0.0513385
v -0.1925811 -0.13864514 -0.0513385
v -0.20083363 -0.13177346 -0.0513385
v -0.20846198 -0.124374345 -0.0513385
v -0.21536808 -0.117190376 -0.0513385
v -0.052057456 -0.05237172 -0.0513385
v 0.04863976 -0.006948559 -0.0513385
v 0.089782 0.04016233 -0.0513385
v 0.082215354 0.049286347 -0.0513385
v 0.06793474 0.06106035 -0.0513385
v 0.037406724 0.08397017 -0.0513385
v 0.05339854 0.07269637 -0.0513385
v 0.04863976 -0.006948559 -0.0513385
v 0.09534375 0.028635178 -0.0513385
v -0.01663536 -0.114496045 -0.0513385
v -0.052057456 -0.05237172 -0.0513385
v -0.021189574 -0.11666743 -0.0513385
v -0.0779385 -0.14698507 -0.0513385
v -0.06460159 -0.1427487 -0.0513385
v -0.09825407 -0.07553261 -0.0513385
v -0.051547956 -0.13684598 -0.0513385
v -0.03956778 -0.1306089 -0.0513385
v -0.029369203 -0.1238439 -0.0513385
v -0.08968683 -0.14974491 -0.0513385
v -0.101329125 -0.1521387 -0.0513385
v -0.11430766 -0.15374944 -0.0513385
v -0.2135187 -0.08849223 -0.0513385
v -0.26305518 0.0037122164 -0.0513385
v -0.26778278 -0.016713506 -0.0513385
v -0.27121496 -0.032804444 -0.0513385
v -0.27322486 -0.04479544 -0.0513385
v -0.27521598 -0.057382155 -0.0513385
v 0.027480373 0.08300034 -0.0513385
v -0.13374323 0.11082413 -0.0513385
v -0.16825394 0.09972057 -0.0513385
v -0.15647952 0.10426464 -0.0513385
v -0.14481485 0.10785164 -0.0513385
v -0.01277892 -0.11203661 -0.0513385
v -0.009600515 -0.11150525 -0.0513385
v 0.0031116118 -0.11142597 -0.0513385
v 0.017928883 -0.10980534 -0.0513385
v 0.031449553 -0.10611788 -0.0513385
v 0.04487066 -0.10093086 -0.0513385
v 0.056155294 -0.094748646 -0.0513385
v 0.06555132 -0.08595758 -0.0513385
v 0.073155984 -0.07603694 -0.0513385
v 0.20763238 -0.24549 -0.042288523
v 0.2142766 -0.24739961 -0.042288523
v 0.20605643 -0.24195783 -0.042288523
v 0.21231447 -0.22427681 -0.042288523
v 0.23728502 -0.24741097 -0.042288523
v 0.21525359 -0.21995266 -0.042288523
v 0.24198763 -0.24053168 -0.042288523
v 0.24139217 -0.23601632 -0.042288523
v 0.23942058 -0.23052116 -0.042288523
v 0.23548475 -0.22443977 -0.042288523
v 0.23174663 -0.21933989 -0.042288523
v 0.21897924 -0.21641293 -0.042288523
v 0.22820719 -0.21581061 -0.042288523
v 0.22525959 -0.21424396 -0.042288523
v 0.22251025 -0.21405156 -0.042288523
v 0.2414029 -0.243709 -0.042288523
v 0.2355728 -0.24836543 -0.042288523
v 0.23305658 -0.24856372 -0.042288523
v 0.22692199 -0.24904704 -0.042288523
v 0.22034211 -0.24824487 -0.042288523
v 0.20996408 -0.2284036 -0.042288523
v 0.22019498 -0.24822691 -0.042288523
v 0.2076143 -0.23292318 -0.042288523
v 0.20624577 -0.23704867 -0.042288523
v 0.12817292 -0.21725619 -0.043053333
v 0.12385922 -0.21960087 -0.043053333
v 0.13213183 -0.21832974 -0.043053333
v 0.1362737 -0.22156166 -0.043053333
v 0.11972872 -0.22428365 -0.043053333
v 0.13951816 -0.2262338 -0.043053333
v 0.11667851 -0.2296844 -0.043053333
v 0.14330906 -0.23558207 -0.043053333
v 0.11399152 -0.23742305 -0.043053333
v 0.11364212 -0.24461864 -0.043053333
v 0.11580967 -0.25091136 -0.043053333
v 0.14511542 -0.24079604 -0.043053333
v 0.118153565 -0.25468546 -0.043053333
v 0.12283378 -0.25701708 -0.043053333
v 0.12823062 -0.25736907 -0.043053333
v 0.133805 -0.25610194 -0.043053333
v 0.14063476 -0.2521348 -0.043053333
v 0.14332923 -0.24961257 -0.043053333
v 0.1454775 -0.24241439 -0.043053333
v 0.14548217 -0.24565223 -0.043053333
v 0.17435078 -0.21887217 -0.044477563
v 0.16941282 -0.22191513 -0.044477563
v 0.17440955 -0.25975946 -0.044477563
v 0.16450961 -0.22736895 -0.044477563
v 0.16139352 -0.23362374 -0.044477563
v 0.1589981 -0.24434209 -0.044477563
v 0.16988276 -0.2573897 -0.044477563
v 0.16393457 -0.25205168 -0.044477563
v 0.15961567 -0.23916231 -0.044477563
v 0.1599855 -0.24800149 -0.044477563
v 0.17961591 -0.2181418 -0.044477563
v 0.1836754 -0.2192229 -0.044477563
v 0.18795434 -0.22160812 -0.044477563
v 0.1925269 -0.22674643 -0.044477563
v 0.19528842 -0.2321774 -0.044477563
v 0.19681916 -0.23840712 -0.044477563
v 0.19682823 -0.24471152 -0.044477563
v 0.19553193 -0.2503656 -0.044477563
v 0.17860082 -0.2609415 -0.044477563
v 0.1839474 -0.26093382 -0.044477563
v 0.19322072 -0.25565884 -0.044477563
v 0.18929158 -0.25934204 -0.044477563
v 0.07134292 0.16345914 -0.04915908
v 0.06677705 0.16182986 -0.049226064
v 0.06557636 0.1471858 -0.051540602
v 0.056876995 0.15826438 -0.049376592
v 0.04401015 0.0863257 -0.060447168
v 0.040891763 0.08878121 -0.059916366
v 0.033527203 0.094530515 -0.05867083
v 0.031021005 0.097330414 -0.05811069
v 0.029896338 0.10063537 -0.057528347
v 0.029201278 0.10422739 -0.056918073
v 0.030851716 0.11135298 -0.05583769
v 0.033861414 0.12169746 -0.054295626
v 0.03696871 0.13200878 -0.052763123
v 0.039752413 0.14048152 -0.051513772
v 0.042808317 0.1475626 -0.050501
v 0.04604726 0.151767 -0.049960893
v 0.04781426 0.15321927 -0.049802195
v 0.05052064 0.15544377 -0.0495591
v 0.1658339 0.17495656 -0.0513632
v 0.150884 0.17434911 -0.050818708
v 0.14627914 0.11977275 -0.059439074
v 0.13591747 0.17349929 -0.05031265
v 0.12245714 0.17245002 -0.049903583
v 0.0493537 0.08211796 -0.061356753
v 0.051841047 0.08019049 -0.0617751
v 0.10970181 0.17128204 -0.04954399
v 0.057526357 0.086053714 -0.061072137
v 0.097641245 0.16964108 -0.04929069
v 0.12419584 0.05745345 -0.06855919
v 0.085673235 0.1676441 -0.04909889
v 0.076413445 0.16526839 -0.049084704
v 0.120759 0.05439889 -0.068905
v 0.11950928 0.05395737 -0.06892262
v 0.07200386 0.071068235 -0.064115785
v 0.07710195 0.068795286 -0.064702205
v 0.09513853 0.06169426 -0.0666249
v 0.099943876 0.0595208 -0.067182645
v 0.093847826 0.06483908 -0.06606128
v 0.057812285 0.083466776 -0.061502416
v 0.058668107 0.079711825 -0.062145926
v 0.09338223 0.068461515 -0.065455966
v 0.09645531 0.07867618 -0.063937604
v 0.106486775 0.05762306 -0.06777053
v 0.093002394 0.08158112 -0.0633198
v 0.09831107 0.08638147 -0.06277238
v 0.08809429 0.07729431 -0.06380147
v 0.11374699 0.055589925 -0.068411134
v 0.09875961 0.0857961 -0.06288624
v 0.08295151 0.07265405 -0.06433016
v 0.06057003 0.07798318 -0.062506996
v 0.12883252 0.062373787 -0.06796349
v 0.13384841 0.06727355 -0.067387424
v 0.13898258 0.07343223 -0.06661301
v 0.21674266 0.16940735 -0.054448217
v 0.21094187 0.17172162 -0.05382493
v 0.21186046 0.16604209 -0.054782104
v 0.24590002 0.14574681 -0.059524603
v 0.24347349 0.14647256 -0.059303027
v 0.22698191 0.09235966 -0.06733755
v 0.23835497 0.14805925 -0.058826637
v 0.2027921 0.024095649 -0.07732766
v 0.19649708 0.025641073 -0.07680735
v 0.19433846 0.02973023 -0.07605383
v 0.19372562 0.03231999 -0.07560905
v 0.1922038 0.039440516 -0.07439311
v 0.1898843 0.049863216 -0.07260933
v 0.18806987 0.05708308 -0.07136476
v 0.24974541 0.15659854 -0.05793651
v 0.24342822 0.16011441 -0.057096876
v 0.24802616 0.15174673 -0.058646556
v 0.24560855 0.15076454 -0.058701325
v 0.24007364 0.16171063 -0.056694753
v 0.23101714 0.16478692 -0.05580839
v 0.1787483 0.17468463 -0.051962283
v 0.2051466 0.17369017 -0.053257745
v 0.18869601 0.17490616 -0.052354105
v 0.22490363 0.16640685 -0.055283844
v 0.14182918 0.05092249 -0.070372455
v 0.16661744 0.034491453 -0.07409291
v 0.17468743 0.031966764 -0.07484774
v 0.1765671 0.032952104 -0.074769326
v 0.19995315 0.17442562 -0.05291566
v 0.14295553 0.043611467 -0.071602166
v 0.14445685 0.04136945 -0.07202896
v 0.20008099 0.10149739 -0.06470473
v 0.17318007 0.110635065 -0.06207191
v 0.1396553 0.06638364 -0.06778082
v 0.14096136 0.05803734 -0.06918554
v 0.1839491 0.048848134 -0.07251821
v 0.1796812 0.03958048 -0.07383219
v 0.15949422 0.036911037 -0.07339575
v 0.15125825 0.03927564 -0.07265964
v 0.28543076 0.12241026 -0.064994566
v 0.2806619 0.12759893 -0.06395121
v 0.2791726 0.1205706 -0.0650228
v 0.31284592 0.09700227 -0.07027843
v 0.30988312 0.10251498 -0.06926034
v 0.30899155 0.09661295 -0.07017564
v 0.2045431 0.023665756 -0.07747239
v 0.21259414 0.022013549 -0.07808544
v 0.31712443 0.09158572 -0.071337536
v 0.31554756 0.09212125 -0.07118323
v 0.30768466 0.06494657 -0.07523603
v 0.2654409 0.013805616 -0.08168336
v 0.2667354 0.033501454 -0.0785566
v 0.23996766 0.015962956 -0.08023977
v 0.2343767 0.03041981 -0.07766353
v 0.2190156 0.020698354 -0.07857399
v 0.2509699 0.14423025 -0.059987593
v 0.22328511 0.019789455 -0.07890437
v 0.22619723 0.030167047 -0.077352755
v 0.22973588 0.042929966 -0.07544267
v 0.30722997 0.09607895 -0.0701862
v 0.25746614 0.14263174 -0.06052512
v 0.26356506 0.14094059 -0.061060548
v 0.2688355 0.13716762 -0.061896738
v 0.27529427 0.13279279 -0.06288125
v 0.28846124 0.010697822 -0.08317508
v 0.27785918 0.011211219 -0.08263637
v 0.25388286 0.08322198 -0.069970384
v 0.28078374 0.07408425 -0.07260322
v 0.2834617 0.11911366 -0.065442584
v 0.29049423 0.11692317 -0.066098824
v 0.2965406 0.115166955 -0.0666425
v 0.30107373 0.11186198 -0.06737137
v 0.3056329 0.10795974 -0.068197876
v 0.32949883 0.071387865 -0.07513299
v 0.32409567 0.08114973 -0.07332343
v 0.3256646 0.07226566 -0.07482634
v 0.33803573 0.019401912 -0.08389974
v 0.3379283 0.040937573 -0.080415435
v 0.31998333 0.028513959 -0.08165141
v 0.32642573 0.009083746 -0.08506784
v 0.31644517 0.008216744 -0.08477889
v 0.3323161 0.04589926 -0.07937247
v 0.2993654 0.0097610755 -0.08379516
v 0.2998031 0.017062593 -0.08263422
v 0.31899238 0.09095114 -0.071520366
v 0.32023463 0.088406116 -0.071984984
v 0.32496163 0.071088925 -0.074986264
v 0.30488253 0.008951355 -0.08416317
v 0.33054173 0.06707036 -0.075875424
v 0.3328247 0.04691224 -0.079230666
v 0.33268377 0.0646443 -0.0763595
v 0.33432496 0.059594143 -0.07724604
v 0.33582553 0.055387653 -0.07799023
v 0.3391684 0.04601727 -0.07964797
v 0.33826247 0.045361623 -0.079714976
v 0.25009248 0.15258616 -0.058599748
v 0.2535691 0.15459798 -0.058424123
v -0.12761001 0.06372861 -0.06361608
v -0.124933004 0.06604319 -0.06338043
v -0.13061975 0.06670685 -0.063694015
v -0.060816992 0.11708838 -0.057878174
v -0.06492477 0.1220538 -0.057813883
v -0.063527815 0.11443066 -0.058126934
v -0.067349516 0.11167892 -0.05844551
v -0.0025372615 0.14543708 -0.053459287
v -0.0030275513 0.14662701 -0.053450357
v -0.0035864022 0.14430173 -0.053559005
v -0.009190015 0.15014668 -0.05370729
v -0.0064059035 0.14150195 -0.05381888
v -0.08889108 0.09816509 -0.060176797
v -0.091459475 0.10307592 -0.060172737
v -0.08990685 0.0967782 -0.060282625
v -0.092433415 0.09465643 -0.060503013
v -0.10832135 0.08062854 -0.06191097
v -0.11562451 0.08928146 -0.061995503
v -0.10873387 0.079427384 -0.061974537
v -0.11269211 0.07670176 -0.062300485
v -0.116901696 0.07285329 -0.06267778
v -0.23537043 0.084974915 -0.063468724
v -0.2333632 0.083513536 -0.06350759
v -0.23512657 0.090131305 -0.06246982
v -0.22984222 0.083601125 -0.06312608
v -0.06903758 0.12648124 -0.05750776
v -0.071278304 0.10896428 -0.05876934
v -0.008072507 0.13944136 -0.053985585
v -0.013358294 0.13713802 -0.054377723
v -0.015887942 0.15385216 -0.053990413
v -0.019251568 0.13498561 -0.054801513
v -0.021799436 0.15740459 -0.054231193
v -0.022740293 0.13337795 -0.055063147
v -0.024277998 0.13361196 -0.055148054
v -0.028814165 0.13488722 -0.05537963
v -0.03301914 0.13609965 -0.055593323
v -0.028179511 0.16063984 -0.05445506
v -0.034921497 0.13664812 -0.05568999
v -0.031350296 0.16240068 -0.05443144
v -0.035563465 0.16374384 -0.054292616
v -0.041168794 0.16557036 -0.053902
v -0.045666523 0.16713226 -0.053419705
v -0.23583 0.098564535 -0.061018955
v -0.23353039 0.100495756 -0.06028948
v -0.033526108 0.13268456 -0.05573401
v -0.035013556 0.13062178 -0.05589002
v -0.17860006 0.07489058 -0.064474635
v -0.2118711 0.13719536 -0.05375089
v -0.21351905 0.12826827 -0.05413807
v -0.21474038 0.13011186 -0.054152
v -0.21530378 0.13260044 -0.05410556
v -0.21017587 0.06749092 -0.06505647
v -0.20823579 0.06583452 -0.065238036
v -0.21027935 0.07036571 -0.06464839
v -0.12077446 0.06977943 -0.06300983
v -0.09647437 0.09144092 -0.060849734
v -0.050287236 0.12104964 -0.05711725
v -0.046040427 0.12329393 -0.056789484
v -0.055499364 0.122799635 -0.057351142
v -0.22915395 0.08052331 -0.06366046
v -0.22846568 0.07744541 -0.064174
v -0.22829203 0.08208008 -0.06328698
v -0.22367167 0.074252024 -0.064426355
v -0.1572475 0.055883367 -0.06537552
v -0.15603553 0.057071686 -0.06527968
v -0.15914278 0.055826403 -0.065434694
v -0.080958195 0.103987984 -0.059511926
v -0.07674823 0.106125034 -0.059189834
v -0.08238715 0.10436427 -0.059585698
v -0.17974278 0.058912225 -0.06559216
v -0.17732765 0.057492472 -0.06566897
v -0.18028891 0.060442895 -0.06548622
v -0.21971834 0.07178732 -0.06465703
v -0.21580438 0.07206602 -0.064482205
v -0.10772312 0.08452107 -0.061749388
v -0.10642201 0.08463805 -0.061667383
v -0.102856874 0.087010704 -0.061376452
v -0.1994107 0.14520656 -0.052743178
v -0.20503318 0.14344665 -0.05313803
v -0.20876431 0.1417942 -0.053415686
v -0.19593684 0.061749138 -0.06549747
v -0.19161025 0.06277743 -0.06537792
v -0.20141318 0.063465275 -0.06541026
v -0.19160448 0.14800817 -0.052183427
v -0.18973999 0.15016912 -0.052001584
v -0.17719366 0.15606295 -0.051266294
v -0.22900717 0.11715933 -0.05689713
v -0.23282969 0.11269981 -0.058172997
v -0.20984678 0.07480138 -0.06389313
v -0.23424295 0.10794952 -0.059146892
v -0.23518358 0.10222807 -0.06026855
v -0.03628698 0.12848473 -0.056035545
v -0.038017157 0.12728596 -0.056178253
v -0.2195407 0.12566423 -0.054768123
v -0.22465758 0.12220013 -0.055679776
v -0.060981642 0.17217667 -0.0513475
v -0.057041775 0.17101054 -0.051886823
v -0.0516283 0.16914251 -0.052652556
v -0.0486072 0.16812381 -0.053056605
v -0.074672714 0.17551659 -0.04994319
v -0.078912735 0.17683737 -0.049730774
v -0.07007199 0.1740704 -0.05032534
v -0.09537708 0.17709906 -0.050274182
v -0.103979826 0.17629784 -0.050629135
v -0.08855542 0.17771062 -0.0498839
v -0.14232187 0.16808774 -0.050899513
v -0.09565078 0.1105897 -0.06017534
v -0.13266091 0.1710323 -0.050954647
v -0.12287965 0.17357881 -0.050956585
v -0.11328005 0.17508203 -0.050860383
v -0.1622284 0.16125818 -0.050898653
v -0.21612354 0.127142 -0.05436582
v -0.21227133 0.073459566 -0.064170524
v -0.18829724 0.06506168 -0.06518146
v -0.18675403 0.06680531 -0.06504546
v -0.18327974 0.070730895 -0.06475514
v -0.18119954 0.07389518 -0.06451472
v -0.1794771 0.07021838 -0.064802974
v -0.17995965 0.06426209 -0.06521202
v -0.16354303 0.056147527 -0.06553037
v -0.1698599 0.05700006 -0.065602124
v -0.15380101 0.06201737 -0.06497563
v -0.1516425 0.06739171 -0.064619124
v -0.1496773 0.07207315 -0.064282574
v -0.14824827 0.076493986 -0.06398157
v -0.13483301 0.06991324 -0.06378805
v -0.1409477 0.07525509 -0.06378885
v -0.100440025 0.08861914 -0.06117923
v -0.14659113 0.07962859 -0.06372311
v -0.08748379 0.106973864 -0.059807908
v -0.04143393 0.1257132 -0.05643445
v -0.0811152 0.17717077 -0.049692232
v -0.061927933 0.124672174 -0.05748747
v 0.23808251 0.19437198 -0.06542876
v 0.2414068 0.19433075 -0.06540453
v 0.235556 0.1955886 -0.065430574
v 0.24406627 0.19548374 -0.06536891
v 0.038601656 0.33563384 -0.062255133
v 0.03394397 0.33656362 -0.06227551
v 0.039172076 0.33343062 -0.062246002
v 0.03194776 0.33471096 -0.062297173
v 0.030521883 0.33246526 -0.062321592
v 0.02567402 0.34037408 -0.062235564
v 0.02025583 0.34037408 -0.062235564
v 0.029191151 0.3325629 -0.062320538
v 0.013411768 0.3312935 -0.062334348
v -0.22085169 0.20063256 -0.0637214
v -0.21612132 0.19890596 -0.06380937
v -0.2223275 0.2071452 -0.063637495
v -0.21169005 0.2005564 -0.06385997
v -0.22143836 0.21115427 -0.06360459
v -0.20607822 0.20500027 -0.06389948
v -0.19992906 0.21336782 -0.0639075
v -0.22349195 0.21690957 -0.063495435
v -0.22346596 0.22423339 -0.06338914
v -0.22134547 0.23494656 -0.06325061
v -0.18912716 0.22375663 -0.06387709
v -0.21563303 0.24901319 -0.06308884
v -0.2107741 0.25722 -0.062987946
v -0.17496313 0.23395348 -0.06376793
v -0.20909238 0.26063284 -0.06294044
v -0.20441 0.26663354 -0.06287319
v -0.19342427 0.27564597 -0.06281176
v -0.15945289 0.24368279 -0.06367207
v -0.18358815 0.28299257 -0.06273982
v -0.16384749 0.28670833 -0.062855296
v -0.16704133 0.29256192 -0.062747695
v -0.17853265 0.2865455 -0.06275033
v 0.24606083 0.19821404 -0.0653157
v 0.24659275 0.20196651 -0.06523175
v 0.24606083 0.20448864 -0.06516054
v 0.22521077 0.2028058 -0.06540468
v -0.13762474 0.30942285 -0.06258373
v -0.13375925 0.30755225 -0.06260285
v -0.13853426 0.31293014 -0.06254792
v -0.13580571 0.31831223 -0.06249547
v -0.12966648 0.3077872 -0.062601104
v -0.123747386 0.31031588 -0.0625861
v -0.1298938 0.32349297 -0.062464684
v -0.11924825 0.31309232 -0.062578864
v -0.11774074 0.32974577 -0.062484514
v -0.11558117 0.3129606 -0.062604085
v -0.11041119 0.31388134 -0.06263336
v 0.0068529136 0.34017882 -0.06223768
v 0.0039061208 0.34037408 -0.062235564
v 0.011433352 0.33397368 -0.06230519
v 0.0031931796 0.33983704 -0.062241405
v 0.0029682515 0.33900967 -0.0622504
v -0.21284747 0.16627641 -0.06572015
v -0.2092499 0.16201244 -0.065766536
v -0.21229409 0.17481221 -0.06563211
v -0.20509887 0.16059116 -0.065781996
v -0.20122449 0.16087537 -0.0657789
v -0.20814295 0.18625002 -0.06554801
v 0.21171732 0.28544974 -0.06379246
v 0.21353836 0.2869216 -0.06377567
v 0.20936413 0.28528842 -0.063783236
v 0.029008094 0.11520424 -0.06632093
v 0.03684083 0.11456394 -0.0663014
v 0.021755619 0.12097155 -0.066321455
v 0.21445017 0.28912023 -0.06374126
v 0.21388018 0.2915597 -0.06369364
v 0.21232711 0.294063 -0.06363772
v 0.20726633 0.29872236 -0.06351723
v -0.13727629 0.13334654 -0.06607838
v -0.13154581 0.13351975 -0.06607649
v -0.1843434 0.21765056 -0.065285236
v -0.116545275 0.13007702 -0.06612587
v -0.11250015 0.13095762 -0.06612524
v 0.160137 0.15522455 -0.066765115
v 0.16571786 0.1567524 -0.06683975
v 0.15623043 0.15638863 -0.066714585
v 0.1694384 0.16078715 -0.06689202
v 0.17148474 0.16424957 -0.06692108
v -0.12564676 0.13248612 -0.066090815
v -0.121095955 0.13006644 -0.06611964
v 0.042352676 0.11693529 -0.06626809
v 0.047284372 0.12199825 -0.066211335
v 0.014037226 0.13260137 -0.066310294
v 0.24694721 0.24933513 -0.06418601
v 0.24675222 0.2522682 -0.06415236
v 0.20067123 0.22093701 -0.06528782
v 0.24898632 0.20755978 -0.06500322
v 0.2522243 0.2141439 -0.06470199
v 0.2537609 0.22422552 -0.06442045
v 0.2516435 0.23731355 -0.064282894
v 0.24908033 0.24590443 -0.06421142
v 0.21218877 0.21320894 -0.065353274
v -0.12954754 0.25680628 -0.06405468
v -0.065265 0.19760989 -0.06563475
v -0.11487956 0.2642826 -0.063729964
v -0.10574668 0.26885706 -0.063556194
v -0.15925747 0.23853569 -0.06481691
v -0.07392698 0.18538076 -0.0658809
v -0.1439387 0.2482908 -0.064455636
v -0.17216696 0.2284853 -0.06502024
v -0.083847545 0.17037639 -0.06607867
v -0.19292235 0.2080292 -0.065416
v -0.20150124 0.1973661 -0.06548988
v -0.17019011 0.14044036 -0.06600121
v -0.19865818 0.15723479 -0.06581851
v -0.19154118 0.1509122 -0.065887295
v -0.1815388 0.14537992 -0.065947466
v -0.15925784 0.13698223 -0.066038825
v -0.10811799 0.13497497 -0.06610272
v -0.1013762 0.14341892 -0.06609105
v -0.049141254 0.21765454 -0.06511346
v -0.032688607 0.23656301 -0.06448922
v -0.017878247 0.25377032 -0.06388327
v -0.0149196135 0.23297973 -0.06460658
v 0.071809426 0.2688919 -0.06333237
v -0.0072443048 0.19738933 -0.06550352
v -0.0037317525 0.18300043 -0.06578412
v -0.010971013 0.21262215 -0.065186135
v 0.05308644 0.12079046 -0.06621497
v 0.06382009 0.12079046 -0.06621497
v 0.07921485 0.12344563 -0.066186085
v 0.09673478 0.1284362 -0.066172324
v 0.10135223 0.12975143 -0.0661845
v 0.120141044 0.13586617 -0.066291094
v 0.17168921 0.16948095 -0.06693118
v 0.16806512 0.17850415 -0.066901684
v -0.010971013 0.21262215 -0.065186135
v 0.104699254 0.24795787 -0.064661786
v 0.08734721 0.25968832 -0.063887656
v 0.243503 0.259039 -0.064075105
v 0.23476739 0.26723406 -0.06401201
v 0.2232701 0.2759157 -0.06392733
v 0.215721 0.28090712 -0.063933484
v 0.18235843 0.23120017 -0.06507147
v -0.035712432 0.28577575 -0.06321355
v -0.040258374 0.308671 -0.06280174
v -0.07395637 0.30995306 -0.06282587
v -0.08279253 0.31010887 -0.06281655
v -0.090284005 0.30986685 -0.06278243
v -0.09827653 0.30947632 -0.06276735
v -0.10560395 0.3089243 -0.06276249
v -0.12431703 0.30737093 -0.062834874
v -0.15077652 0.29977688 -0.062752835
v -0.15906845 0.2960907 -0.062754415
v 0.043420576 0.3352494 -0.062017795
v 0.04997937 0.33816916 -0.06180496
v 0.21281858 0.28233168 -0.06387752
v 0.20849888 0.28440437 -0.06379482
v 0.011403905 0.13882346 -0.066297196
v 0.16175483 0.18937126 -0.06680211
v 0.004165515 0.15579945 -0.06618615
v 0.14176527 0.21496968 -0.066098705
v 0.15041642 0.204301 -0.06645994
v 0.14767316 0.1484965 -0.06658559
v 0.13781369 0.14293642 -0.06646192
v 0.12274971 0.23293662 -0.06538943
v -0.0037317525 0.18300043 -0.06578412
v -0.09160059 0.15757333 -0.06611923
v -0.1281749 0.13560222 -0.06605684
v -0.14823171 0.13455842 -0.06606519
v 0.04816479 0.31747586 -0.062368363
v -0.0026538519 0.31844437 -0.06252866
v -0.11522492 0.26619703 -0.06355368
v -0.1317123 0.2597849 -0.0635766
v -0.14521109 0.2525857 -0.06359166
v -0.17981063 0.28587502 -0.062748276
v -0.03982001 0.35038093 -0.062213637
v -0.057035234 0.3479785 -0.062316604
v -0.041535735 0.31919053 -0.06263875
v -0.06912254 0.34575608 -0.06240463
v -0.073930375 0.3445454 -0.062444534
v -0.08216875 0.31273934 -0.06280621
v -0.08474297 0.34179735 -0.06251793
v -0.08969394 0.31496036 -0.06276768
v -0.09914494 0.33729646 -0.06254923
v -0.097551145 0.3164465 -0.0627108
v -0.103565805 0.31689605 -0.062664546
v -0.10607133 0.3154876 -0.062655844
v 0.04635493 0.30495042 -0.06251492
v -0.004456943 0.30715972 -0.06270733
v -0.008609743 0.28550297 -0.06310615
v 0.03382313 0.28526792 -0.06305508
v 0.04304416 0.29975054 -0.06265763
v -0.025561301 0.350099 -0.062164795
v -0.013869378 0.34790656 -0.06216207
v -0.0035082803 0.34359622 -0.062200513
v 0.00086427823 0.3396906 -0.062242996
v 0.0024802377 0.3393 -0.062247247
v 0.10047251 0.32475135 -0.06222948
v 0.070413336 0.34333548 -0.061618906
v 0.05967432 0.34127545 -0.061641313
v 0.07568545 0.30385044 -0.062532626
v 0.119668745 0.3072687 -0.06260468
v 0.13408245 0.3198953 -0.06256148
v 0.055457424 0.3018772 -0.06254836
v 0.1082551 0.2849153 -0.06298348
v 0.08969889 0.26588634 -0.06351449
v 0.09636193 0.26418164 -0.0636307
v 0.1453952 0.3305446 -0.06223416
v 0.1297659 0.3355957 -0.06197181
v 0.08494819 0.34364858 -0.061615497
v 0.11269019 0.3402281 -0.06175611
v 0.09669297 0.34258187 -0.06164669
v 0.1627843 0.24079946 -0.064867675
v 0.10718902 0.2613886 -0.06383631
v 0.1230078 0.25640225 -0.064143
v 0.14128429 0.25033104 -0.0644938
v 0.1636686 0.29902673 -0.0635502
v 0.14747994 0.30321833 -0.06333171
v 0.15350698 0.3144518 -0.0628952
v 0.16860633 0.31023642 -0.063082896
v 0.15921694 0.32518154 -0.06250658
v 0.17236823 0.318922 -0.06279049
v 0.20039229 0.30345634 -0.06338668
v 0.19122611 0.30876386 -0.0632028
v 0.18126301 0.31403565 -0.062990755
v 0.32666057 -0.1615768 -0.040587805
v 0.32722974 -0.156027 -0.040587805
v 0.32367215 -0.16385363 -0.040587805
v 0.31854916 -0.16470747 -0.040587805
v 0.3255221 -0.15076171 -0.040587805
v 0.31413782 -0.16513436 -0.040587805
v 0.30944178 -0.1645652 -0.040587805
v 0.23803155 -0.17007454 -0.0405878
v 0.2433147 -0.17109708 -0.0405878
v 0.2347933 -0.16700678 -0.040587805
v 0.28396955 -0.17096882 -0.040587805
v 0.2880964 -0.16883428 -0.040587805
v 0.2765697 -0.17068426 -0.040587805
v 0.24859801 -0.17007454 -0.040587805
v 0.25285873 -0.16768847 -0.040587805
v 0.2337708 -0.163087 -0.04058781
v 0.2760005 0.054155182 -0.04058788
v 0.2707353 0.06468563 -0.04058788
v 0.25508213 0.0891654 -0.041515984
v 0.24697082 0.09941124 -0.041515984
v 0.32495293 -0.08046388 -0.040587824
v 0.32651827 -0.085017525 -0.04058782
v 0.32794127 -0.092986554 -0.04058781
v 0.32737204 -0.10138241 -0.04058781
v 0.32936433 -0.10963601 -0.04058781
v 0.33078727 -0.12073568 -0.040587805
v 0.33050272 -0.13140853 -0.040587805
v 0.32836816 -0.14094283 -0.040587798
v 0.22141953 -0.14493355 -0.040587857
v 0.2974884 -0.1644229 -0.040587805
v 0.30318043 -0.16328447 -0.040587805
v 0.2230339 -0.15235 -0.04058784
v 0.29265 -0.16627286 -0.040587805
v 0.26874307 -0.16726899 -0.040587805
v 0.26463085 -0.16658321 -0.040587805
v 0.26103923 -0.1659842 -0.040587805
v 0.25439256 -0.16564338 -0.040587805
v 0.22490859 -0.15661076 -0.040587828
v 0.2281466 -0.16001923 -0.04058782
v 0.3270875 -0.06964877 -0.040587835
v 0.32737204 -0.058691483 -0.04058784
v 0.32722974 -0.046880253 -0.040587842
v 0.32651827 -0.031369198 -0.040587846
v 0.3235298 -0.016711986 -0.040587857
v 0.31983 -0.0054023876 -0.040587857
v 0.31428012 0.009329598 -0.04058787
v 0.30716497 0.021994552 -0.04058788
v 0.2983422 0.034090366 -0.04058788
v 0.2900886 0.043624673 -0.04058788
v 0.28240418 0.049886 -0.04058788
v -0.2943939 -0.13793723 -0.036548078
v -0.2983813 -0.1371296 -0.036548078
v -0.29411313 -0.13973755 -0.036548078
v -0.2961755 -0.14787267 -0.036548078
v -0.30305028 -0.13985215 -0.036548078
v -0.30453983 -0.1416854 -0.036548078
v -0.30591473 -0.14386235 -0.036548078
v -0.30660227 -0.14615402 -0.036548078
v -0.30591473 -0.14856018 -0.036548078
v -0.304769 -0.15050803 -0.036548078
v -0.30167535 -0.15176837 -0.036548078
v -0.2970922 -0.15085176 -0.036548078
v -0.29869625 -0.15188298 -0.036548078
v -0.29404125 -0.14544934 -0.037881877
v -0.2947462 -0.14530656 -0.037881877
v -0.29234922 -0.15680991 -0.037881877
v -0.29968232 -0.14672683 -0.037881877
v -0.30518216 -0.15131007 -0.037881877
v -0.3095362 -0.15589319 -0.037881877
v -0.2921201 -0.16368459 -0.037881877
v -0.29269302 -0.16597626 -0.037881877
v -0.29360965 -0.16700739 -0.037881877
v -0.29578662 -0.16735119 -0.037881877
v -0.30506757 -0.16712199 -0.037881877
v -0.31091115 -0.15795563 -0.037881877
v -0.30861956 -0.16643457 -0.037881877
v -0.31159854 -0.1599035 -0.037881877
v -0.31033823 -0.16528873 -0.037881877
v -0.31136942 -0.1637992 -0.037881877
v -0.31182775 -0.16162223 -0.037881877
v -0.27125904 -0.17574334 -0.039137434
v -0.27082726 -0.17372824 -0.039137434
v -0.27356204 -0.17718276 -0.039137434
v -0.27183482 -0.1696981 -0.039137434
v -0.27759227 -0.1779024 -0.039137434
v -0.28795564 -0.17775846 -0.039137434
v -0.27327415 -0.16466032 -0.039137434
v -0.2754332 -0.15991035 -0.039137434
v -0.27773625 -0.15731953 -0.039137434
v -0.28147855 -0.15674381 -0.039137434
v -0.28493297 -0.15875894 -0.039137434
v -0.2883875 -0.16307697 -0.039137434
v -0.29169798 -0.16897836 -0.039137434
v -0.29313737 -0.17329648 -0.039137434
v -0.2927055 -0.17516765 -0.039137434
v -0.2908344 -0.17689484 -0.039137434
v -0.19267683 -0.15751037 -0.03737818
v -0.28437337 -0.12296408 -0.03737818
v -0.19427 -0.16181196 -0.03737818
v -0.1979343 -0.16563557 -0.03737818
v -0.20398839 -0.1694592 -0.03737818
v -0.21322878 -0.17232683 -0.03737818
v -0.1925175 -0.15320876 -0.03737818
v -0.19363268 -0.14811067 -0.03737818
v -0.23856011 -0.04431559 -0.03737818
v -0.24604802 -0.04670544 -0.03737818
v -0.2344179 -0.044952877 -0.03737818
v -0.2509445 -0.049944155 -0.03737818
v -0.26439628 -0.05873213 -0.03737818
v -0.19602242 -0.11616766 -0.03737818
v -0.2740404 -0.07095458 -0.03737818
v -0.2809291 -0.08266531 -0.03737818
v -0.197297 -0.12102679 -0.03737818
v -0.28437337 -0.094376035 -0.03737818
v -0.2857511 -0.107120074 -0.03737818
v -0.19809358 -0.12628429 -0.03737818
v -0.27203724 -0.17663182 -0.03737818
v -0.26277635 -0.17727591 -0.03737818
v -0.28637916 -0.12716924 -0.03737818
v -0.22374366 -0.17471658 -0.03737818
v -0.23685339 -0.17621072 -0.03737818
v -0.2509445 -0.17728315 -0.03737818
v -0.19411068 -0.11138805 -0.03737818
v -0.1925175 -0.10660857 -0.03737818
v -0.19188024 -0.102784954 -0.03737818
v -0.19203953 -0.09338527 -0.03737818
v -0.19347338 -0.08589734 -0.03737818
v -0.19650042 -0.0788874 -0.03737818
v -0.19984606 -0.07203676 -0.03737818
v -0.20382898 -0.0661421 -0.03737818
v -0.2084492 -0.061043914 -0.03737818
v -0.21088949 -0.05873213 -0.03737818
v -0.21450327 -0.05530854 -0.03737818
v -0.22103532 -0.050847646 -0.03737818
v -0.22772656 -0.047502022 -0.03737818
v -0.2849355 -0.17134699 -0.037378144
v -0.29303792 -0.13360175 -0.03737818
v -0.29101887 -0.16805162 -0.03737818
v -0.27767727 -0.17491357 -0.03737818
v -0.19523649 -0.14279298 -0.03737818
v -0.19665973 -0.13807371 -0.03737818
v -0.19809358 -0.13170104 -0.03737818
v -0.2990226 -0.151044 -0.03737818
v -0.29692054 -0.13765168 -0.037378144
v -0.29887483 -0.14408149 -0.037378144
v -0.2988222 -0.15907629 -0.03737818
v -0.29558238 -0.16625093 -0.03737818
vt 0.4650879 0.6347656
vt 0.14160156 0.54589844
vt 0.44848633 0.6430664
vt 0.42993164 0.6503906
vt 0.41430664 0.65478516
vt 0.39990234 0.6567383
vt 0.39233398 0.65771484
vt 0.36279297 0.65966797
vt 0.32983398 0.65966797
vt 0.69140625 0.5048828
vt 0.66503906 0.5073242
vt 0.68847656 0.51708984
vt 0.7182617 0.52685547
vt 0.71484375 0.52685547
vt 0.7163086 0.5439453
vt 0.7128906 0.50390625
vt 0.7001953 0.51123047
vt 0.71875 0.52001953
vt 0.6323242 0.51416016
vt 0.6166992 0.5209961
vt 0.63378906 0.5180664
vt 0.6616211 0.51464844
vt 0.63916016 0.50683594
vt 0.63720703 0.5131836
vt 0.6582031 0.5073242
vt 0.71972656 0.5234375
vt 0.7109375 0.546875
vt 0.63623047 0.5185547
vt 0.65966797 0.5083008
vt 0.65966797 0.515625
vt 0.7104492 0.5493164
vt 0.7050781 0.5566406
vt 0.7001953 0.5620117
vt 0.69384766 0.56347656
vt 0.68652344 0.57128906
vt 0.65478516 0.5810547
vt 0.6352539 0.5888672
vt 0.6142578 0.52197266
vt 0.6123047 0.52490234
vt 0.60009766 0.60009766
vt 0.6035156 0.52734375
vt 0.60009766 0.52783203
vt 0.59814453 0.5283203
vt 0.58935547 0.54052734
vt 0.57421875 0.54345703
vt 0.56884766 0.5708008
vt 0.56103516 0.61083984
vt 0.5854492 0.6035156
vt 0.5571289 0.5761719
vt 0.53515625 0.6176758
vt 0.4189453 0.25268555
vt 0.41479492 0.25048828
vt 0.42089844 0.25756836
vt 0.42041016 0.26000977
vt 0.40527344 0.25
vt 0.13745117 0.15161133
vt 0.13684082 0.16894531
vt 0.14916992 0.15844727
vt 0.30004883 0.17175293
vt 0.29785156 0.15100098
vt 0.25708008 0.15710449
vt 0.27734375 0.14099121
vt 0.23828125 0.1381836
vt 0.2199707 0.1463623
vt 0.20141602 0.17663574
vt 0.20117188 0.15551758
vt 0.22460938 0.1361084
vt 0.1763916 0.14147949
vt 0.3166504 0.25708008
vt 0.34350586 0.24804688
vt 0.328125 0.25170898
vt 0.29589844 0.14465332
vt 0.27612305 0.12414551
vt 0.27929688 0.124938965
vt 0.28320312 0.12719727
vt 0.2902832 0.13391113
vt 0.17089844 0.12158203
vt 0.1652832 0.12060547
vt 0.15795898 0.12060547
vt 0.1496582 0.123168945
vt 0.13647461 0.14587402
vt 0.13769531 0.13708496
vt 0.13989258 0.13110352
vt 0.14245605 0.12719727
vt 0.48046875 0.6274414
vt 0.49267578 0.62646484
vt 0.5410156 0.5776367
vt 0.5361328 0.57714844
vt 0.51123047 0.62353516
vt 0.5473633 0.5776367
vt 0.6254883 0.4675293
vt 0.6279297 0.45751953
vt 0.6230469 0.47729492
vt 0.39697266 0.25024414
vt 0.37963867 0.24768066
vt 0.36157227 0.2467041
vt 0.3100586 0.26367188
vt 0.30639648 0.2709961
vt 0.29467773 0.27319336
vt 0.099975586 0.57910156
vt 0.099975586 0.5932617
vt 0.10614014 0.5810547
vt 0.104003906 0.60595703
vt 0.11578369 0.62060547
vt 0.109191895 0.60302734
vt 0.13745117 0.63427734
vt 0.1418457 0.6376953
vt 0.13806152 0.6328125
vt 0.13989258 0.63134766
vt 0.12445068 0.5463867
vt 0.12145996 0.5517578
vt 0.13171387 0.5463867
vt 0.12658691 0.56103516
vt 0.099975586 0.5761719
vt 0.099975586 0.5649414
vt 0.107666016 0.5541992
vt 0.11016846 0.55371094
vt 0.12011719 0.5576172
vt 0.10253906 0.60009766
vt 0.14709473 0.64160156
vt 0.120788574 0.62646484
vt 0.1772461 0.6479492
vt 0.15588379 0.64404297
vt 0.19995117 0.6533203
vt 0.23205566 0.6586914
vt 0.26367188 0.66308594
vt 0.30004883 0.6621094
vt 0.27685547 0.6635742
vt 0.12347412 0.6274414
vt 0.22766113 0.6582031
vt 0.09552002 0.5708008
vt 0.095703125 0.5786133
vt 0.095703125 0.58154297
vt 0.09753418 0.578125
vt 0.35058594 0.4584961
vt 0.22460938 0.3815918
vt 0.2084961 0.47021484
vt 0.19824219 0.44726562
vt 0.1907959 0.42919922
vt 0.18408203 0.41430664
vt 0.17565918 0.39770508
vt 0.20153809 0.1977539
vt 0.13806152 0.1875
vt 0.14147949 0.20458984
vt 0.20178223 0.21899414
vt 0.1459961 0.21972656
vt 0.14758301 0.22387695
vt 0.14904785 0.22827148
vt 0.15124512 0.24560547
vt 0.20495605 0.2454834
vt 0.20800781 0.27197266
vt 0.15063477 0.26538086
vt 0.15075684 0.2788086
vt 0.21118164 0.29858398
vt 0.15161133 0.30322266
vt 0.15368652 0.32714844
vt 0.21569824 0.32641602
vt 0.15576172 0.34375
vt 0.22009277 0.3540039
vt 0.16040039 0.3623047
vt 0.16760254 0.38085938
vt 0.2998047 0.29418945
vt 0.30541992 0.31396484
vt 0.29907227 0.35351562
vt 0.57666016 0.50390625
vt 0.30126953 0.40283203
vt 0.421875 0.49536133
vt 0.43920898 0.25976562
vt 0.4621582 0.26049805
vt 0.48876953 0.26538086
vt 0.4946289 0.51171875
vt 0.5126953 0.27246094
vt 0.53564453 0.28515625
vt 0.55615234 0.30004883
vt 0.5732422 0.3166504
vt 0.5908203 0.33666992
vt 0.60009766 0.35205078
vt 0.6044922 0.35913086
vt 0.61083984 0.37280273
vt 0.6176758 0.38989258
vt 0.62158203 0.39990234
vt 0.62353516 0.40625
vt 0.62646484 0.41845703
vt 0.62841797 0.42700195
vt 0.62939453 0.43823242
vt 0.62939453 0.44799805
vt 0.62060547 0.4855957
vt 0.6166992 0.4934082
vt 0.6113281 0.50341797
vt 0.6069336 0.50878906
vt 0.6020508 0.51464844
vt 0.5942383 0.5239258
vt 0.5859375 0.53222656
vt 0.57666016 0.5410156
vt 0.17712402 0.121398926
vt 0.27368164 0.12097168
vt 0.26586914 0.11682129
vt 0.2548828 0.11437988
vt 0.24694824 0.11419678
vt 0.24060059 0.11602783
vt 0.23583984 0.1171875
vt 0.2286377 0.117370605
vt 0.22265625 0.11621094
vt 0.21813965 0.11462402
vt 0.20959473 0.113586426
vt 0.19995117 0.11401367
vt 0.18945312 0.11639404
vt 0.18261719 0.11779785
vt 0.18005371 0.119384766
vt 0.2927246 0.26049805
vt 0.29248047 0.2421875
vt 0.29296875 0.22607422
vt 0.29638672 0.19628906
vt 0.2980957 0.18249512
vt 0.2939453 0.21032715
vt 0.15100098 0.23706055
vt 0.9633789 0.099975586
vt 0.9584961 0.081970215
vt 0.89990234 0.099975586
vt 0.9526367 0.06414795
vt 0.94433594 0.045898438
vt 0.9379883 0.032958984
vt 0.93359375 0.02809143
vt 0.9267578 0.024856567
vt 0.91308594 0.021209717
vt 0.89990234 0.019592285
vt 0.84033203 0.099975586
vt 0.8886719 0.019592285
vt 0.875 0.023239136
vt 0.8642578 0.026870728
vt 0.8569336 0.03213501
vt 0.8510742 0.04711914
vt 0.8461914 0.06335449
vt 0.84277344 0.08074951
vt 0.8388672 0.09655762
vt 0.8388672 0.10949707
vt 0.8388672 0.12261963
vt 0.9682617 0.1184082
vt 0.85009766 0.19995117
vt 0.89990234 0.19995117
vt 0.84765625 0.1920166
vt 0.96728516 0.19995117
vt 0.97021484 0.19128418
vt 0.97314453 0.17553711
vt 0.9736328 0.15686035
vt 0.84521484 0.1796875
vt 0.8378906 0.13537598
vt 0.83984375 0.14831543
vt 0.84228516 0.15185547
vt 0.9716797 0.13830566
vt 0.8432617 0.16418457
vt 0.8540039 0.203125
vt 0.9638672 0.20996094
vt 0.8574219 0.21166992
vt 0.95751953 0.22436523
vt 0.9501953 0.23168945
vt 0.9370117 0.23791504
vt 0.9223633 0.24145508
vt 0.9082031 0.24255371
vt 0.89990234 0.2409668
vt 0.89501953 0.2401123
vt 0.86083984 0.21936035
vt 0.88916016 0.23925781
vt 0.8808594 0.23718262
vt 0.8652344 0.22680664
vt 0.8745117 0.23522949
vt 0.8691406 0.23168945
vt 0.04473877 0.1303711
vt 0.04763794 0.12976074
vt 0.042297363 0.12878418
vt 0.04144287 0.12585449
vt 0.042877197 0.122924805
vt 0.06567383 0.12145996
vt 0.047058105 0.114868164
vt 0.052246094 0.105041504
vt 0.08459473 0.112854004
vt 0.055023193 0.099975586
vt 0.059326172 0.092163086
vt 0.06439209 0.08239746
vt 0.099975586 0.10632324
vt 0.068725586 0.07330322
vt 0.07373047 0.0690918
vt 0.078063965 0.06604004
vt 0.08514404 0.06335449
vt 0.115600586 0.099975586
vt 0.09454346 0.059570312
vt 0.099975586 0.057434082
vt 0.13049316 0.09362793
vt 0.10333252 0.056121826
vt 0.11114502 0.05279541
vt 0.12005615 0.049316406
vt 0.14343262 0.08782959
vt 0.12817383 0.04660034
vt 0.13684082 0.04397583
vt 0.14624023 0.08728027
vt 0.15917969 0.08062744
vt 0.14318848 0.042541504
vt 0.14672852 0.04269409
vt 0.15270996 0.042114258
vt 0.16870117 0.07659912
vt 0.15722656 0.04095459
vt 0.16809082 0.038635254
vt 0.17944336 0.0725708
vt 0.17749023 0.03692627
vt 0.18981934 0.06878662
vt 0.18920898 0.03488159
vt 0.19995117 0.06518555
vt 0.19995117 0.034179688
vt 0.2097168 0.062042236
vt 0.20800781 0.033569336
vt 0.21350098 0.06088257
vt 0.21594238 0.058410645
vt 0.21838379 0.054656982
vt 0.21606445 0.033477783
vt 0.22277832 0.0340271
vt 0.22460938 0.053527832
vt 0.22949219 0.03540039
vt 0.2322998 0.051361084
vt 0.23498535 0.03729248
vt 0.23754883 0.050628662
vt 0.2388916 0.039367676
vt 0.24145508 0.04296875
vt 0.2401123 0.049621582
vt 0.24169922 0.047027588
vt 0.7314453 0.56591797
vt 0.73339844 0.56884766
vt 0.7348633 0.5629883
vt 0.7441406 0.5732422
vt 0.7416992 0.56152344
vt 0.75634766 0.55859375
vt 0.7685547 0.55859375
vt 0.89160156 0.97314453
vt 0.89453125 0.9682617
vt 0.88720703 0.9746094
vt 0.8803711 0.97265625
vt 0.8964844 0.9609375
vt 0.8652344 0.96875
vt 0.89990234 0.9199219
vt 0.84716797 0.96191406
vt 0.82666016 0.95214844
vt 0.89746094 0.89990234
vt 0.8105469 0.94384766
vt 0.89453125 0.87841797
vt 0.8925781 0.86621094
vt 0.80566406 0.9433594
vt 0.89208984 0.859375
vt 0.97216797 0.60009766
vt 0.9707031 0.59765625
vt 0.9741211 0.6171875
vt 0.9658203 0.5957031
vt 0.95703125 0.5961914
vt 0.9458008 0.59716797
vt 0.9716797 0.6328125
vt 0.9272461 0.60009766
vt 0.96777344 0.64941406
vt 0.9121094 0.60253906
vt 0.9633789 0.6665039
vt 0.95751953 0.6826172
vt 0.89990234 0.6040039
vt 0.94921875 0.7001953
vt 0.89501953 0.6044922
vt 0.9399414 0.71435547
vt 0.93066406 0.72802734
vt 0.7729492 0.55371094
vt 0.7807617 0.54785156
vt 0.8208008 0.5410156
vt 0.81396484 0.5390625
vt 0.7998047 0.5415039
vt 0.79052734 0.5439453
vt 0.6201172 0.89990234
vt 0.625 0.90722656
vt 0.7001953 0.9707031
vt 0.64453125 0.9326172
vt 0.65722656 0.9448242
vt 0.6376953 0.921875
vt 0.6694336 0.9555664
vt 0.68652344 0.9658203
vt 0.89746094 0.8457031
vt 0.89990234 0.8413086
vt 0.8935547 0.8520508
vt 0.9033203 0.8354492
vt 0.90771484 0.8261719
vt 0.91308594 0.81396484
vt 0.9165039 0.8046875
vt 0.91796875 0.7998047
vt 0.9194336 0.7949219
vt 0.80566406 0.54003906
vt 0.890625 0.60009766
vt 0.80371094 0.93408203
vt 0.76660156 0.73339844
vt 0.71240234 0.71875
vt 0.7236328 0.6645508
vt 0.77685547 0.68115234
vt 0.6347656 0.91845703
vt 0.7626953 0.5932617
vt 0.64697266 0.64501953
vt 0.7236328 0.6645508
vt 0.65478516 0.63183594
vt 0.6621094 0.6201172
vt 0.67041016 0.609375
vt 0.6801758 0.60009766
vt 0.6894531 0.5932617
vt 0.7001953 0.58691406
vt 0.7114258 0.58251953
vt 0.72314453 0.5786133
vt 0.734375 0.5756836
vt 0.70996094 0.7792969
vt 0.7006836 0.90722656
vt 0.7265625 0.97509766
vt 0.7397461 0.97265625
vt 0.7597656 0.96435547
vt 0.7998047 0.9458008
vt 0.77978516 0.9560547
vt 0.7006836 0.90722656
vt 0.7114258 0.9746094
vt 0.6269531 0.78125
vt 0.70996094 0.7792969
vt 0.6274414 0.7753906
vt 0.6279297 0.7001953
vt 0.625 0.7163086
vt 0.71240234 0.71875
vt 0.62353516 0.73291016
vt 0.62353516 0.74853516
vt 0.6245117 0.7626953
vt 0.63183594 0.68652344
vt 0.6357422 0.67285156
vt 0.6411133 0.6586914
vt 0.7626953 0.5932617
vt 0.88427734 0.5932617
vt 0.86621094 0.57714844
vt 0.8515625 0.5649414
vt 0.84033203 0.55615234
vt 0.8286133 0.5473633
vt 0.8046875 0.9350586
vt 0.9223633 0.78466797
vt 0.9301758 0.74316406
vt 0.92822266 0.7578125
vt 0.92529297 0.77197266
vt 0.6274414 0.7866211
vt 0.62597656 0.79003906
vt 0.6191406 0.80322266
vt 0.61279297 0.81933594
vt 0.6088867 0.83496094
vt 0.6069336 0.8515625
vt 0.6069336 0.8666992
vt 0.61083984 0.8808594
vt 0.6166992 0.89404297
vt 0.040008545 0.6381836
vt 0.03781128 0.6459961
vt 0.0440979 0.63623047
vt 0.06439209 0.6435547
vt 0.037750244 0.6723633
vt 0.06939697 0.64697266
vt 0.045654297 0.6777344
vt 0.050872803 0.6772461
vt 0.05718994 0.6748047
vt 0.064208984 0.67041016
vt 0.07006836 0.6660156
vt 0.07348633 0.6513672
vt 0.074157715 0.6621094
vt 0.075927734 0.6586914
vt 0.076171875 0.65527344
vt 0.042022705 0.6772461
vt 0.03665161 0.67041016
vt 0.03643799 0.66748047
vt 0.035888672 0.66064453
vt 0.036834717 0.65283203
vt 0.059661865 0.6411133
vt 0.036834717 0.65283203
vt 0.054473877 0.6381836
vt 0.049743652 0.63671875
vt 0.072631836 0.546875
vt 0.06994629 0.5419922
vt 0.07141113 0.55126953
vt 0.06768799 0.55615234
vt 0.064575195 0.5371094
vt 0.062286377 0.5600586
vt 0.05834961 0.5336914
vt 0.051513672 0.5644531
vt 0.049468994 0.53027344
vt 0.041168213 0.53027344
vt 0.033935547 0.53271484
vt 0.045532227 0.56640625
vt 0.029586792 0.53515625
vt 0.026885986 0.54052734
vt 0.026473999 0.546875
vt 0.027923584 0.55322266
vt 0.032470703 0.56103516
vt 0.035369873 0.5644531
vt 0.043670654 0.56689453
vt 0.03994751 0.56689453
vt 0.07067871 0.60009766
vt 0.06719971 0.5942383
vt 0.023651123 0.60009766
vt 0.060943604 0.5888672
vt 0.053741455 0.58496094
vt 0.041412354 0.58251953
vt 0.026382446 0.59472656
vt 0.03253174 0.5878906
vt 0.04736328 0.5830078
vt 0.037200928 0.5834961
vt 0.0715332 0.60595703
vt 0.0703125 0.61083984
vt 0.06750488 0.61572266
vt 0.06161499 0.62109375
vt 0.055358887 0.62402344
vt 0.048187256 0.62597656
vt 0.040924072 0.62597656
vt 0.034423828 0.6245117
vt 0.022277832 0.60498047
vt 0.022277832 0.61083984
vt 0.028335571 0.62158203
vt 0.024108887 0.6171875
vt 0.39990234 0.07965088
vt 0.3955078 0.08319092
vt 0.39990234 0.099975586
vt 0.38598633 0.09094238
vt 0.39990234 0.17614746
vt 0.3955078 0.17456055
vt 0.3852539 0.17102051
vt 0.38134766 0.16882324
vt 0.3786621 0.16552734
vt 0.37670898 0.16174316
vt 0.37573242 0.15319824
vt 0.375 0.14050293
vt 0.37426758 0.12780762
vt 0.37402344 0.11730957
vt 0.37475586 0.10821533
vt 0.37670898 0.10229492
vt 0.3779297 0.099975586
vt 0.38012695 0.09649658
vt 0.5 0.030944824
vt 0.48364258 0.03729248
vt 0.5 0.099975586
vt 0.4675293 0.043914795
vt 0.453125 0.050201416
vt 0.4074707 0.17883301
vt 0.4111328 0.18005371
vt 0.43945312 0.05633545
vt 0.41503906 0.17138672
vt 0.4267578 0.06274414
vt 0.5 0.17797852
vt 0.41430664 0.06951904
vt 0.40478516 0.075683594
vt 0.49731445 0.18273926
vt 0.49609375 0.18371582
vt 0.43701172 0.18261719
vt 0.44335938 0.18322754
vt 0.4663086 0.18432617
vt 0.4724121 0.18481445
vt 0.46362305 0.18127441
vt 0.4165039 0.17407227
vt 0.41870117 0.17797852
vt 0.46166992 0.17736816
vt 0.4609375 0.16479492
vt 0.48046875 0.18457031
vt 0.4560547 0.1628418
vt 0.45996094 0.15551758
vt 0.45239258 0.16955566
vt 0.4892578 0.18408203
vt 0.46069336 0.15600586
vt 0.44848633 0.17663574
vt 0.42163086 0.17919922
vt 0.50341797 0.17077637
vt 0.50683594 0.16333008
vt 0.5102539 0.15454102
vt 0.55859375 0.017822266
vt 0.55126953 0.017440796
vt 0.5541992 0.0234375
vt 0.60009766 0.033203125
vt 0.59716797 0.033294678
vt 0.60009766 0.099975586
vt 0.5908203 0.033477783
vt 0.60009766 0.1854248
vt 0.59228516 0.18603516
vt 0.5883789 0.18237305
vt 0.58691406 0.1796875
vt 0.58251953 0.17224121
vt 0.5756836 0.16149902
vt 0.5708008 0.1541748
vt 0.60009766 0.019607544
vt 0.5917969 0.018081665
vt 0.60009766 0.025680542
vt 0.59765625 0.027694702
vt 0.58740234 0.017578125
vt 0.5761719 0.017578125
vt 0.51416016 0.026351929
vt 0.5439453 0.017440796
vt 0.5253906 0.022323608
vt 0.56884766 0.018081665
vt 0.52197266 0.17858887
vt 0.55615234 0.1875
vt 0.56591797 0.18725586
vt 0.5673828 0.1854248
vt 0.53808594 0.018600464
vt 0.5263672 0.1862793
vt 0.5288086 0.18823242
vt 0.56689453 0.099975586
vt 0.5332031 0.099975586
vt 0.5136719 0.16210938
vt 0.5185547 0.17102051
vt 0.56933594 0.16491699
vt 0.5683594 0.17687988
vt 0.546875 0.1875
vt 0.5371094 0.18798828
vt 0.65283203 0.04425049
vt 0.6455078 0.040283203
vt 0.6464844 0.048675537
vt 0.6933594 0.06222534
vt 0.6875 0.05722046
vt 0.68896484 0.06414795
vt 0.6020508 0.18518066
vt 0.6118164 0.18408203
vt 0.7001953 0.06665039
vt 0.6982422 0.06665039
vt 0.7001953 0.099975586
vt 0.67333984 0.1730957
vt 0.6669922 0.15063477
vt 0.64453125 0.18041992
vt 0.6323242 0.16638184
vt 0.6191406 0.18310547
vt 0.6064453 0.032958984
vt 0.6245117 0.18249512
vt 0.62353516 0.1697998
vt 0.6225586 0.1541748
vt 0.6875 0.06542969
vt 0.61376953 0.032287598
vt 0.62158203 0.03186035
vt 0.62890625 0.034088135
vt 0.6376953 0.036499023
vt 0.7001953 0.16784668
vt 0.6879883 0.17138672
vt 0.6333008 0.099975586
vt 0.6665039 0.099975586
vt 0.65185547 0.048675537
vt 0.66064453 0.048461914
vt 0.66796875 0.04812622
vt 0.6743164 0.050109863
vt 0.68066406 0.052734375
vt 0.7216797 0.08453369
vt 0.71191406 0.075683594
vt 0.7167969 0.08502197
vt 0.75146484 0.1394043
vt 0.7426758 0.115356445
vt 0.72802734 0.13598633
vt 0.7426758 0.15527344
vt 0.7319336 0.16003418
vt 0.7348633 0.11193848
vt 0.71240234 0.16479492
vt 0.70996094 0.15649414
vt 0.70214844 0.06665039
vt 0.70458984 0.06903076
vt 0.7167969 0.08660889
vt 0.71875 0.16357422
vt 0.7246094 0.08892822
vt 0.7348633 0.1105957
vt 0.72753906 0.09088135
vt 0.7314453 0.09588623
vt 0.7348633 0.099975586
vt 0.7421875 0.109191895
vt 0.7416992 0.11029053
vt 0.6020508 0.023971558
vt 0.60498047 0.020401001
vt 0.73828125 0.20336914
vt 0.734375 0.20446777
vt 0.7402344 0.20812988
vt 0.63964844 0.22558594
vt 0.6411133 0.23303223
vt 0.64404297 0.22424316
vt 0.64941406 0.2232666
vt 0.5625 0.22558594
vt 0.5625 0.22717285
vt 0.5644531 0.22497559
vt 0.5673828 0.23400879
vt 0.56884766 0.22338867
vt 0.6791992 0.2199707
vt 0.6796875 0.2265625
vt 0.68115234 0.21911621
vt 0.6850586 0.21813965
vt 0.7089844 0.21142578
vt 0.71240234 0.22436523
vt 0.7104492 0.21032715
vt 0.7158203 0.20947266
vt 0.72216797 0.20751953
vt 0.84228516 0.28173828
vt 0.8408203 0.27905273
vt 0.83935547 0.28710938
vt 0.83740234 0.27734375
vt 0.6435547 0.23986816
vt 0.65478516 0.22241211
vt 0.57177734 0.2220459
vt 0.5786133 0.22241211
vt 0.5722656 0.24145508
vt 0.5859375 0.22314453
vt 0.57714844 0.24829102
vt 0.59033203 0.2232666
vt 0.5917969 0.22424316
vt 0.5961914 0.22802734
vt 0.60009766 0.23144531
vt 0.58203125 0.25512695
vt 0.6015625 0.23303223
vt 0.58447266 0.25854492
vt 0.5883789 0.26220703
vt 0.5932617 0.26708984
vt 0.59716797 0.2709961
vt 0.8359375 0.29638672
vt 0.83251953 0.29736328
vt 0.60253906 0.22802734
vt 0.60498047 0.22668457
vt 0.7871094 0.24169922
vt 0.79003906 0.3251953
vt 0.796875 0.31640625
vt 0.796875 0.3190918
vt 0.7963867 0.32202148
vt 0.82470703 0.25024414
vt 0.8232422 0.24731445
vt 0.8232422 0.25317383
vt 0.72802734 0.20629883
vt 0.69091797 0.21679688
vt 0.62646484 0.22436523
vt 0.62060547 0.22460938
vt 0.6308594 0.22888184
vt 0.8378906 0.27368164
vt 0.8388672 0.27026367
vt 0.8364258 0.27490234
vt 0.8354492 0.2644043
vt 0.77441406 0.21044922
vt 0.77246094 0.21105957
vt 0.7763672 0.21130371
vt 0.66796875 0.2220459
vt 0.6621094 0.22216797
vt 0.6689453 0.2232666
vt 0.7963867 0.22521973
vt 0.7949219 0.22253418
vt 0.7963867 0.22717285
vt 0.83251953 0.25952148
vt 0.828125 0.2578125
vt 0.70654297 0.21520996
vt 0.7050781 0.21472168
vt 0.7001953 0.21533203
vt 0.7729492 0.32714844
vt 0.77978516 0.328125
vt 0.78466797 0.32836914
vt 0.8125 0.23669434
vt 0.8071289 0.23547363
vt 0.8173828 0.24133301
vt 0.7631836 0.32617188
vt 0.7597656 0.32739258
vt 0.74365234 0.32714844
vt 0.81884766 0.31274414
vt 0.8251953 0.30981445
vt 0.8203125 0.2578125
vt 0.82910156 0.30566406
vt 0.8334961 0.30004883
vt 0.6074219 0.22509766
vt 0.6098633 0.22460938
vt 0.8041992 0.31689453
vt 0.81152344 0.31567383
vt 0.6113281 0.2841797
vt 0.6074219 0.28100586
vt 0.60253906 0.27612305
vt 0.60009766 0.27368164
vt 0.62402344 0.29492188
vt 0.6279297 0.29858398
vt 0.6196289 0.29101562
vt 0.64501953 0.30737305
vt 0.65478516 0.31079102
vt 0.6376953 0.30444336
vt 0.7001953 0.32202148
vt 0.6801758 0.23669434
vt 0.6879883 0.32006836
vt 0.67626953 0.3178711
vt 0.66552734 0.31445312
vt 0.7246094 0.32495117
vt 0.7998047 0.3166504
vt 0.82373047 0.25756836
vt 0.8027344 0.23620605
vt 0.7998047 0.23730469
vt 0.7944336 0.23962402
vt 0.79052734 0.24194336
vt 0.79052734 0.23718262
vt 0.7939453 0.2310791
vt 0.7807617 0.21398926
vt 0.7871094 0.21813965
vt 0.76708984 0.21508789
vt 0.76220703 0.21972656
vt 0.7578125 0.22375488
vt 0.75390625 0.22766113
vt 0.74316406 0.21374512
vt 0.74658203 0.22253418
vt 0.69677734 0.21582031
vt 0.7504883 0.23010254
vt 0.67333984 0.2286377
vt 0.6142578 0.22473145
vt 0.6298828 0.30004883
vt 0.63671875 0.23425293
vt 0.035095215 0.7988281
vt 0.031341553 0.7988281
vt 0.038146973 0.7998047
vt 0.02822876 0.80029297
vt 0.2680664 0.9614258
vt 0.27368164 0.96240234
vt 0.26757812 0.9584961
vt 0.2758789 0.95996094
vt 0.2775879 0.95751953
vt 0.28320312 0.9663086
vt 0.28955078 0.9663086
vt 0.27929688 0.95751953
vt 0.29760742 0.9560547
vt 0.5722656 0.80615234
vt 0.56689453 0.80371094
vt 0.57421875 0.8125
vt 0.56152344 0.80566406
vt 0.5732422 0.81689453
vt 0.5546875 0.8105469
vt 0.54589844 0.82128906
vt 0.5756836 0.82373047
vt 0.5756836 0.83203125
vt 0.5732422 0.8442383
vt 0.5336914 0.83203125
vt 0.56640625 0.86035156
vt 0.5605469 0.8696289
vt 0.51708984 0.8432617
vt 0.55859375 0.87353516
vt 0.55322266 0.8803711
vt 0.54052734 0.89160156
vt 0.5 0.8540039
vt 0.5288086 0.89990234
vt 0.5053711 0.9038086
vt 0.50927734 0.91064453
vt 0.5229492 0.9038086
vt 0.025894165 0.80322266
vt 0.025238037 0.8076172
vt 0.025863647 0.8105469
vt 0.05029297 0.8076172
vt 0.47436523 0.93115234
vt 0.4699707 0.9291992
vt 0.47558594 0.9350586
vt 0.4724121 0.94140625
vt 0.4650879 0.9291992
vt 0.45825195 0.9321289
vt 0.46533203 0.9472656
vt 0.45288086 0.9350586
vt 0.45117188 0.95410156
vt 0.44873047 0.9350586
vt 0.44262695 0.93603516
vt 0.30541992 0.9663086
vt 0.3088379 0.9663086
vt 0.30004883 0.95947266
vt 0.3095703 0.9658203
vt 0.30981445 0.96484375
vt 0.5629883 0.76464844
vt 0.55859375 0.7597656
vt 0.5620117 0.77441406
vt 0.55371094 0.7583008
vt 0.5493164 0.75878906
vt 0.5571289 0.78759766
vt 0.06604004 0.9042969
vt 0.06384277 0.90527344
vt 0.06854248 0.9038086
vt 0.27929688 0.70654297
vt 0.27026367 0.7055664
vt 0.2878418 0.7128906
vt 0.06304932 0.9082031
vt 0.06323242 0.91064453
vt 0.064941406 0.9135742
vt 0.07043457 0.9194336
vt 0.4741211 0.7270508
vt 0.4675293 0.72753906
vt 0.5292969 0.8232422
vt 0.44995117 0.7236328
vt 0.4453125 0.7246094
vt 0.12573242 0.7524414
vt 0.11920166 0.75390625
vt 0.13024902 0.75341797
vt 0.11480713 0.7583008
vt 0.11242676 0.76220703
vt 0.46069336 0.7260742
vt 0.45532227 0.7236328
vt 0.26367188 0.7084961
vt 0.25805664 0.71435547
vt 0.296875 0.7260742
vt 0.02507019 0.8623047
vt 0.025344849 0.86572266
vt 0.07910156 0.828125
vt 0.022445679 0.81396484
vt 0.018661499 0.8222656
vt 0.01689148 0.8339844
vt 0.019439697 0.8486328
vt 0.022506714 0.8588867
vt 0.06555176 0.8198242
vt 0.4650879 0.8696289
vt 0.38989258 0.7998047
vt 0.44799805 0.87841797
vt 0.43725586 0.88427734
vt 0.5 0.84765625
vt 0.39990234 0.78564453
vt 0.4819336 0.8588867
vt 0.5151367 0.8359375
vt 0.4116211 0.7685547
vt 0.5395508 0.8120117
vt 0.5493164 0.7998047
vt 0.5126953 0.73535156
vt 0.5463867 0.75439453
vt 0.53759766 0.7470703
vt 0.5258789 0.74072266
vt 0.5 0.7314453
vt 0.44018555 0.7290039
vt 0.4321289 0.73828125
vt 0.3708496 0.8232422
vt 0.3515625 0.8457031
vt 0.33422852 0.86621094
vt 0.33081055 0.8417969
vt 0.2290039 0.88427734
vt 0.32177734 0.7998047
vt 0.31762695 0.7832031
vt 0.32617188 0.8178711
vt 0.2512207 0.7128906
vt 0.23852539 0.7128906
vt 0.22058105 0.7158203
vt 0.20007324 0.7216797
vt 0.19458008 0.72314453
vt 0.17260742 0.72998047
vt 0.11224365 0.7680664
vt 0.11657715 0.7783203
vt 0.32617188 0.8178711
vt 0.19067383 0.8588867
vt 0.2109375 0.8730469
vt 0.029190063 0.87353516
vt 0.039398193 0.8828125
vt 0.052703857 0.8925781
vt 0.061401367 0.8984375
vt 0.10003662 0.83935547
vt 0.3552246 0.9033203
vt 0.3605957 0.9296875
vt 0.39990234 0.93115234
vt 0.4104004 0.9316406
vt 0.41918945 0.93115234
vt 0.4284668 0.93115234
vt 0.43701172 0.9301758
vt 0.45898438 0.9267578
vt 0.49023438 0.91845703
vt 0.5 0.9145508
vt 0.26245117 0.9614258
vt 0.2548828 0.96484375
vt 0.064697266 0.89990234
vt 0.06958008 0.90234375
vt 0.30004883 0.73291016
vt 0.12414551 0.79003906
vt 0.30859375 0.7519531
vt 0.14770508 0.81933594
vt 0.13769531 0.8071289
vt 0.14025879 0.7446289
vt 0.15185547 0.73828125
vt 0.16955566 0.8408203
vt 0.31762695 0.7832031
vt 0.4206543 0.75439453
vt 0.46362305 0.7294922
vt 0.48706055 0.7285156
vt 0.25683594 0.9404297
vt 0.31640625 0.94140625
vt 0.4482422 0.88134766
vt 0.4658203 0.87402344
vt 0.48339844 0.8642578
vt 0.52441406 0.9033203
vt 0.36010742 0.97802734
vt 0.38012695 0.97509766
vt 0.36206055 0.94189453
vt 0.3942871 0.97216797
vt 0.39990234 0.9707031
vt 0.40966797 0.9345703
vt 0.41259766 0.96777344
vt 0.41845703 0.9370117
vt 0.42944336 0.96240234
vt 0.42749023 0.93896484
vt 0.4345703 0.9394531
vt 0.4375 0.9379883
vt 0.2590332 0.92626953
vt 0.31860352 0.92822266
vt 0.32348633 0.9033203
vt 0.27368164 0.9033203
vt 0.26293945 0.92041016
vt 0.34326172 0.97753906
vt 0.32958984 0.97509766
vt 0.31762695 0.97021484
vt 0.3125 0.9658203
vt 0.31054688 0.96533203
vt 0.19543457 0.94921875
vt 0.23083496 0.9711914
vt 0.2434082 0.96875
vt 0.2244873 0.92529297
vt 0.17150879 0.92871094
vt 0.15576172 0.94384766
vt 0.24829102 0.92285156
vt 0.18725586 0.90283203
vt 0.20788574 0.8808594
vt 0.19995117 0.87890625
vt 0.14245605 0.95654297
vt 0.16101074 0.96240234
vt 0.21374512 0.9711914
vt 0.18115234 0.96728516
vt 0.19995117 0.97021484
vt 0.12243652 0.8510742
vt 0.18713379 0.8754883
vt 0.16845703 0.8701172
vt 0.1459961 0.86083984
vt 0.120666504 0.9199219
vt 0.13989258 0.9243164
vt 0.1328125 0.9379883
vt 0.1149292 0.93310547
vt 0.12609863 0.9506836
vt 0.11053467 0.9433594
vt 0.078125 0.92529297
vt 0.08850098 0.9316406
vt 0.10003662 0.9379883
vt 0.027526855 0.2175293
vt 0.026855469 0.22399902
vt 0.031021118 0.21484375
vt 0.036987305 0.21386719
vt 0.02885437 0.23010254
vt 0.042144775 0.2133789
vt 0.04763794 0.21398926
vt 0.13110352 0.2076416
vt 0.12487793 0.2064209
vt 0.1348877 0.21118164
vt 0.07739258 0.20654297
vt 0.0725708 0.20910645
vt 0.08605957 0.20690918
vt 0.11871338 0.2076416
vt 0.11376953 0.21032715
vt 0.1361084 0.21582031
vt 0.08673096 0.46948242
vt 0.09289551 0.4819336
vt 0.11114502 0.5102539
vt 0.12060547 0.52246094
vt 0.029525757 0.31225586
vt 0.027694702 0.30688477
vt 0.026031494 0.29760742
vt 0.026687622 0.2878418
vt 0.024368286 0.2783203
vt 0.022705078 0.26513672
vt 0.023040771 0.25268555
vt 0.025527954 0.24157715
vt 0.1505127 0.23693848
vt 0.06161499 0.2142334
vt 0.05496216 0.21557617
vt 0.14855957 0.22827148
vt 0.06726074 0.21203613
vt 0.095214844 0.21081543
vt 0.099975586 0.21166992
vt 0.10418701 0.21240234
vt 0.11193848 0.21276855
vt 0.1463623 0.22338867
vt 0.14257812 0.21936035
vt 0.027023315 0.32495117
vt 0.026687622 0.33764648
vt 0.026855469 0.3515625
vt 0.027694702 0.3696289
vt 0.031188965 0.38671875
vt 0.035491943 0.39990234
vt 0.041992188 0.41723633
vt 0.05029297 0.4321289
vt 0.06060791 0.44604492
vt 0.070251465 0.4572754
vt 0.07922363 0.4645996
vt 0.96875 0.33129883
vt 0.9736328 0.3322754
vt 0.9682617 0.32885742
vt 0.9707031 0.31835938
vt 0.97998047 0.32861328
vt 0.9814453 0.32641602
vt 0.98339844 0.32348633
vt 0.984375 0.32055664
vt 0.98339844 0.3173828
vt 0.9819336 0.3149414
vt 0.97802734 0.31323242
vt 0.97216797 0.31445312
vt 0.9741211 0.31298828
vt 0.92041016 0.3215332
vt 0.9213867 0.3215332
vt 0.91796875 0.30664062
vt 0.9277344 0.31982422
vt 0.9345703 0.31396484
vt 0.9404297 0.30786133
vt 0.91796875 0.29785156
vt 0.91845703 0.29467773
vt 0.9199219 0.29345703
vt 0.9223633 0.29296875
vt 0.9345703 0.2932129
vt 0.9423828 0.30517578
vt 0.9394531 0.29418945
vt 0.9433594 0.30273438
vt 0.94140625 0.2956543
vt 0.9428711 0.29760742
vt 0.9433594 0.3005371
vt 0.8647461 0.28320312
vt 0.8642578 0.28588867
vt 0.8676758 0.28149414
vt 0.8652344 0.29101562
vt 0.8730469 0.28051758
vt 0.88623047 0.28051758
vt 0.8671875 0.29760742
vt 0.8701172 0.30371094
vt 0.8730469 0.3071289
vt 0.8779297 0.30786133
vt 0.8823242 0.30541992
vt 0.88671875 0.2998047
vt 0.8911133 0.2919922
vt 0.8930664 0.28637695
vt 0.8925781 0.28393555
vt 0.8901367 0.28173828
vt 0.8305664 0.38256836
vt 0.9399414 0.42358398
vt 0.83251953 0.3774414
vt 0.83691406 0.37280273
vt 0.8442383 0.36816406
vt 0.85498047 0.36450195
vt 0.8305664 0.3876953
vt 0.83203125 0.3935547
vt 0.8852539 0.51708984
vt 0.89404297 0.51416016
vt 0.8803711 0.51660156
vt 0.89990234 0.5102539
vt 0.9160156 0.5
vt 0.83447266 0.43164062
vt 0.9272461 0.48535156
vt 0.9355469 0.47143555
vt 0.8359375 0.42578125
vt 0.9399414 0.45751953
vt 0.94140625 0.4423828
vt 0.83691406 0.41967773
vt 0.9248047 0.35839844
vt 0.9140625 0.35766602
vt 0.94189453 0.41845703
vt 0.8676758 0.36157227
vt 0.8833008 0.35913086
vt 0.89990234 0.35766602
vt 0.83251953 0.43725586
vt 0.8305664 0.44311523
vt 0.82958984 0.44750977
vt 0.8300781 0.45874023
vt 0.83154297 0.46777344
vt 0.8354492 0.47607422
vt 0.83935547 0.48413086
vt 0.84375 0.49121094
vt 0.8496094 0.49731445
vt 0.85253906 0.5
vt 0.8564453 0.50390625
vt 0.8642578 0.50927734
vt 0.8725586 0.5131836
vt 0.94140625 0.3642578
vt 0.9511719 0.4104004
vt 0.9472656 0.36816406
vt 0.9321289 0.36010742
vt 0.8334961 0.39990234
vt 0.8354492 0.40551758
vt 0.83691406 0.41308594
vt 0.9589844 0.38867188
vt 0.9560547 0.40527344
vt 0.9580078 0.3972168
vt 0.9584961 0.3791504
vt 0.9536133 0.3701172
vn -0 0 -1
vn -0 0 -1
vn -0 0 -1
vn -0 0 -1
vn -0 0 -1
vn -0 0 -1
vn -0 0 -1
vn -0 0 -1
vn -0 0 -1
vn -0.064575195 -0.08166504 -0.9946289
vn -0.045013428 -0.03366089 -0.99853516
vn -0.034973145 -0.012031555 -0.9995117
vn -0 0 -1
vn -0.01259613 0.0013828278 -1
vn -0 0 -1
vn -0.044708252 -0.080566406 -0.99560547
vn -0.026275635 -0.030944824 -0.99902344
vn -0.022537231 -0.033966064 -0.99902344
vn -0.039215088 -0.005508423 -0.99902344
vn -0.038269043 -0.0030822754 -0.99902344
vn -0.039916992 -0.0035266876 -0.99902344
vn -0.037475586 -0.002784729 -0.9995117
vn -0.046905518 -0.11090088 -0.9926758
vn -0.07104492 -0.042938232 -0.99658203
vn 0.027267456 -0.20837402 -0.97753906
vn -1.3113022E-06 0 -1
vn -0.012954712 0.0025672913 -1
vn -0.046691895 -0.0036945343 -0.99902344
vn -0.007019043 -0.09375 -0.99560547
vn -0.045837402 -0.0034236908 -0.99902344
vn -0.013473511 0.0037555695 -1
vn -0.017547607 0.0020885468 -1
vn -0.01940918 0.0011987686 -1
vn -0.03289795 -0.0011100769 -0.9995117
vn -0.039642334 -0.0033817291 -0.99902344
vn -0.043945312 -0.0034751892 -0.99902344
vn -0.035369873 -0.001964569 -0.9995117
vn -0.026138306 0.000341177 -0.9995117
vn -0.02748108 -0.00094127655 -0.9995117
vn -0.022079468 -0.0012331009 -0.9995117
vn -0.025009155 -0.001964569 -0.9995117
vn -0.02079773 -0.002128601 -1
vn -0.013717651 -0.001991272 -1
vn -0.0077934265 -0.0013980865 -1
vn -0.00016772747 -0.0012073517 -1
vn -0.0010700226 8.559227E-05 -1
vn -0 0 -1
vn -0.0019760132 -0.0009813309 -1
vn -0 0 -1
vn -0 0 -1
vn -1.6093254E-06 0 -1
vn -0 0 -1
vn 2.1457672E-06 0 -1
vn -0 0 -1
vn -0 0 -1
vn -0 0 -1
vn -0 0 -1
vn -0 0 -1
vn -0 0 -1
vn -0 0 -1
vn -0 0 -1
vn -0 0 -1
vn -0 0 -1
vn -0 0 -1
vn -0 1.1324883E-06 -1
vn -0 0 -1
vn -1.3709068E-06 0 -1
vn 1.013279E-06 0 -1
vn -0 0 -1
vn -0 0 -1
vn -0 0 -1
vn -0 0 -1
vn -0 0 -1
vn -0 0 -1
vn -0 0 -1
vn -0 0 -1
vn -0 0 -1
vn -0 0 -1
vn -0 0 -1
vn -0 0 -1
vn -0 0 -1
vn 2.1457672E-06 0 -1
vn -0 0 -1
vn -0 0 -1
vn -0 0 -1
vn 1.3709068E-06 -1.5497208E-06 -1
vn -0 0 -1
vn -0 0 -1
vn -0 0 -1
vn -0 0 -1
vn -0.32885742 0.08569336 -0.9404297
vn -0.027404785 0.015625 -0.9995117
vn -0.023117065 0.010551453 -0.9995117
vn -0 0 -1
vn -0 0 -1
vn -0 0 -1
vn -0 0 -1
vn -0 0 -1
vn -0 0 -1
vn -0 0 -1
vn -0 0 -1
vn -0 0 -1
vn -0 0 -1
vn -0 0 -1
vn -0 0 -1
vn 3.1590462E-06 0 -1
vn -1.0728836E-06 0 -1
vn -1.66893E-06 0 -1
vn -0 0 -1
vn -0 0 -1
vn -0 0 -1
vn -0 0 -1
vn -0 0 -1
vn -0 0 -1
vn -0 0 -1
vn -0 0 -1
vn -0 0 -1
vn -0 0 -1
vn -0 0 -1
vn -0 0 -1
vn -0 0 -1
vn -0 0 -1
vn -0 0 -1
vn -0 0 -1
vn -0 0 -1
vn -0 0 -1
vn -0 0 -1
vn -0 0 -1
vn -0 0 -1
vn -0 0 -1
vn -0 0 -1
vn -0 0 -1
vn -0 0 -1
vn -0 0 -1
vn -0 0 -1
vn -0 0 -1
vn -1.347065E-05 -0.008239746 -1
vn -0 0 -1
vn -0 0 -1
vn -0 0 -1
vn -0 0 -1
vn -0 1.2516975E-06 -1
vn 1.013279E-06 1.3709068E-06 -1
vn 1.0728836E-06 1.013279E-06 -1
vn -0 0 -1
vn -0 0 -1
vn -0 0 -1
vn -0 0 -1
vn -0 0 -1
vn -0 0 -1
vn -0 0 -1
vn -0 0 -1
vn -0 0 -1
vn -0 0 -1
vn -0 0 -1
vn -0 0 -1
vn -0 0 -1
vn -0 0 -1
vn -0 0 -1
vn -0 0 -1
vn -0 0 -1
vn -0 0 -1
vn -0 0 -1
vn -0 0 -1
vn -0.012138367 -0.0061569214 -1
vn -0 0 -1
vn 0.0054473877 -0.015151978 -1
vn -0 0 -1
vn -0 0 -1
vn 0.0030097961 -0.002456665 -1
vn 0.0032138824 0.0015354156 -1
vn -0.0017490387 -0.0044059753 -1
vn -0.0026187897 -0.0043144226 -1
vn -0.0033473969 -0.0041503906 -1
vn -0.0066871643 -0.0021514893 -1
vn -0 0 -1
vn -1.0728836E-06 0 -1
vn -1.013279E-06 0 -1
vn -0 0 -1
vn -0 0 -1
vn -0 0 -1
vn -0.0027122498 0.0013074875 -1
vn -0.010192871 0.0050811768 -1
vn -0.020019531 0.010986328 -0.9995117
vn -0.026351929 0.015319824 -0.9995117
vn -0.029281616 0.017669678 -0.9995117
vn -0.018310547 0.0017633438 -1
vn -0.015701294 -0.0050811768 -1
vn -0.014083862 -0.047729492 -0.99853516
vn -0.0017156601 -0.14428711 -0.9897461
vn 0.017852783 -0.03491211 -0.99902344
vn 0.0206604 -0.031158447 -0.9995117
vn -0.0044937134 -0.029571533 -0.9995117
vn -0.0008058548 -0.0022468567 -1
vn -0 0 -1
vn -0 0 -1
vn -0 0 -1
vn -0 0 -1
vn -0 0 -1
vn -0 0 -1
vn -1.9073486E-06 0 -1
vn -1.5497208E-06 0 -1
vn -0 0 -1
vn -0 0 -1
vn -0 0 -1
vn -0 0 -1
vn -0 0 -1
vn 1.6093254E-06 0 -1
vn -0 0 -1
vn -0 0 -1
vn -0 0 -1
vn -0 0 -1
vn -0 0 -1
vn -0 1.66893E-06 -1
vn -0 0 -1
vn -0 0 -1
vn -3.9875507E-05 3.7550926E-06 -1
vn -3.9935112E-05 3.695488E-06 -1
vn -3.9875507E-05 3.7550926E-06 -1
vn -3.9815903E-05 3.7550926E-06 -1
vn -4.005432E-05 3.8146973E-06 -1
vn -4.029274E-05 3.8146973E-06 -1
vn -3.9875507E-05 3.9339066E-06 -1
vn -3.9935112E-05 3.874302E-06 -1
vn -3.9756298E-05 3.8146973E-06 -1
vn -3.9696693E-05 3.7550926E-06 -1
vn -3.9756298E-05 3.695488E-06 -1
vn -3.9756298E-05 3.695488E-06 -1
vn -3.9815903E-05 3.874302E-06 -1
vn -4.0233135E-05 3.695488E-06 -1
vn -3.8802624E-05 3.6358833E-06 -1
vn -3.9875507E-05 3.516674E-06 -1
vn -4.476309E-05 4.4703484E-06 -1
vn -3.6239624E-05 3.7550926E-06 -1
vn -4.3809414E-05 4.1127205E-06 -1
vn -3.9756298E-05 3.6358833E-06 -1
vn -3.9815903E-05 3.695488E-06 -1
vn -3.9935112E-05 3.695488E-06 -1
vn -3.9875507E-05 3.0398369E-06 -1
vn -3.9935112E-05 3.7550926E-06 -1
vn -3.9696693E-05 3.7550926E-06 -1
vn -3.9935112E-05 3.874302E-06 -1
vn -3.9815903E-05 3.516674E-06 -1
vn -3.9994717E-05 3.8146973E-06 -1
vn -3.9875507E-05 3.7550926E-06 -1
vn -3.9696693E-05 3.7550926E-06 -1
vn -3.9875507E-05 3.9339066E-06 -1
vn -3.951788E-05 3.3974648E-06 -1
vn -3.9935112E-05 3.695488E-06 -1
vn -3.9875507E-05 3.7550926E-06 -1
vn -3.9696693E-05 3.993511E-06 -1
vn -3.9756298E-05 3.695488E-06 -1
vn -3.9815903E-05 3.8146973E-06 -1
vn -3.9935112E-05 3.7550926E-06 -1
vn -3.9994717E-05 3.6358833E-06 -1
vn -3.9994717E-05 3.2186508E-06 -1
vn -3.963709E-05 3.8146973E-06 -1
vn -4.005432E-05 3.7550926E-06 -1
vn -3.9875507E-05 3.5762787E-06 -1
vn -3.9756298E-05 3.695488E-06 -1
vn -4.0769577E-05 1.2516975E-06 -1
vn -3.9756298E-05 4.23193E-06 -1
vn -3.7550926E-05 6.854534E-06 -1
vn -3.9875507E-05 4.4703484E-06 -1
vn -4.0590763E-05 2.4437904E-06 -1
vn -4.2378902E-05 3.33786E-06 -1
vn -3.6478043E-05 4.5895576E-06 -1
vn 1.013279E-06 0 -1
vn -0 0 -1
vn -0 0 -1
vn -0 0 -1
vn -0 0 -1
vn -0 0 -1
vn -0 0 -1
vn -0 0 -1
vn -0 0 -1
vn -0 0 -1
vn -0 0 -1
vn -0 0 -1
vn -0 0 -1
vn -0 0 -1
vn -0 0 -1
vn -0 0 -1
vn -0 0 -1
vn -0 0 -1
vn -0 0 -1
vn -0 0 -1
vn -0 0 -1
vn -0 0 -1
vn -0 0 -1
vn -0 0 -1
vn -0 0 -1
vn -0 0 -1
vn -0 0 -1
vn -0 0 -1
vn -0 0 -1
vn -0 0 -1
vn -0 0 -1
vn -0 0 -1
vn -0 0 -1
vn -0 0 -1
vn -0 0 -1
vn -0 0 -1
vn -0 0 -1
vn -0 0 -1
vn -0 0 -1
vn -0 0 -1
vn -0 0 -1
vn -0 0 -1
vn -0 0 -1
vn -0 0 -1
vn -0 0 -1
vn -0 0 -1
vn -0 0 -1
vn -0 0 -1
vn -0 0 -1
vn -0 0 -1
vn -0 0 -1
vn -0 0 -1
vn -0 0 -1
vn -0 0 -1
vn -0 0 -1
vn -1.6093254E-06 0 -1
vn 1.847744E-06 0 -1
vn -0.018798828 -0.12719727 -0.9916992
vn -0.018417358 -0.12841797 -0.9916992
vn -0.049102783 -0.117126465 -0.9916992
vn -0.049682617 -0.05831909 -0.9970703
vn -0.07714844 -0.105285645 -0.99121094
vn -0.06774902 -0.052001953 -0.99658203
vn -0.093566895 0.02670288 -0.9951172
vn 0.008399963 -0.023803711 -0.9995117
vn 0.01020813 -0.025497437 -0.9995117
vn 0.0060310364 -0.029632568 -0.9995117
vn 0.00095176697 -0.045043945 -0.99902344
vn 0.014801025 -0.03338623 -0.9995117
vn 0.012702942 -0.0513916 -0.99853516
vn 0.02432251 -0.04473877 -0.99853516
vn 0.008354187 -0.06829834 -0.9975586
vn 0.013420105 -0.072265625 -0.9970703
vn 0.03225708 -0.04675293 -0.99853516
vn 0.01940918 -0.07678223 -0.9970703
vn 0.035003662 -0.045532227 -0.99853516
vn 0.034179688 -0.050720215 -0.9980469
vn 0.038970947 -0.04537964 -0.9980469
vn 0.027069092 -0.0748291 -0.9970703
vn -1.2516975E-06 0 -1
vn -0 0 -1
vn -0 0 -1
vn -0 0 -1
vn -0 0 -1
vn -0 0 -1
vn -0 0 -1
vn -0 0 -1
vn -0 0 -1
vn -0 0 -1
vn -0 0 -1
vn -0 0 -1
vn -0 0 -1
vn -0 0 -1
vn -0 0 -1
vn -0 0 -1
vn -0.050231934 0.059448242 -0.9970703
vn -0.1060791 0.07598877 -0.99121094
vn -0.10522461 0.078308105 -0.99121094
vn -0.09887695 0.0413208 -0.9941406
vn -0.119384766 0.015777588 -0.9926758
vn -0.122680664 0.049804688 -0.99121094
vn -0.109191895 0.07067871 -0.9916992
vn 0.14587402 -0.03265381 -0.98876953
vn 0.12286377 -0.027282715 -0.9921875
vn 0.09832764 -0.0045051575 -0.9951172
vn 2.0861626E-06 0 -1
vn 0.009780884 -0.0037651062 -1
vn 0.014549255 -0.005680084 -1
vn 0.026428223 -0.005859375 -0.9995117
vn 0.028198242 -0.0082092285 -0.9995117
vn -1.4901161E-06 0 -1
vn 0.0005955696 0.0692749 -0.9975586
vn 0.061309814 0.05215454 -0.99658203
vn -0 0 -1
vn -0.0044898987 0.069885254 -0.9975586
vn -0 0 -1
vn -0.009361267 0.07006836 -0.9975586
vn -0.013648987 0.00019860268 -1
vn -0.014533997 0.06970215 -0.9975586
vn -0.32666016 -0.25952148 -0.9086914
vn -0.06359863 0.060546875 -0.99609375
vn 0.09753418 0.033691406 -0.9946289
vn 0.03933716 0.053009033 -0.9980469
vn 0.034179688 0.05291748 -0.9980469
vn -0.02357483 0.026229858 -0.9995117
vn -0.044708252 0.056640625 -0.9975586
vn 0.07336426 -0.016693115 -0.9970703
vn -0.04611206 -0.09265137 -0.9946289
vn 0.036712646 -0.12817383 -0.99121094
vn -0.005180359 -0.12939453 -0.9916992
vn 0.010612488 -0.13208008 -0.99121094
vn -0.037841797 -0.1373291 -0.9897461
vn -0.11651611 -0.20654297 -0.9716797
vn 0.016281128 -0.10583496 -0.9941406
vn 0.066345215 -0.07373047 -0.9951172
vn 0.0826416 -0.06506348 -0.9946289
vn 0.09289551 -0.060455322 -0.99365234
vn 0.07232666 -0.06549072 -0.9951172
vn 0.032318115 -0.06964111 -0.9970703
vn 0.054016113 0.07513428 -0.99560547
vn 0.1730957 -0.00012481213 -0.9848633
vn 0.05065918 -0.00077056885 -0.99853516
vn 0.06298828 -0.008155823 -0.9980469
vn 0.08679199 -0.016616821 -0.99609375
vn 0.09075928 -0.023849487 -0.99560547
vn 0.10803223 -0.02027893 -0.9941406
vn 0.06964111 0.033813477 -0.9970703
vn 0.050323486 0.019714355 -0.99853516
vn 0.13024902 -0.080200195 -0.98828125
vn 0.16577148 -0.05557251 -0.984375
vn 0.11682129 -0.08721924 -0.9892578
vn 0.037902832 -0.1282959 -0.99121094
vn 0.082214355 -0.10961914 -0.99072266
vn 0.068603516 -0.11517334 -0.99121094
vn 0.08721924 -0.103881836 -0.99072266
vn 0.06347656 -0.103027344 -0.9926758
vn 0.089416504 -0.09680176 -0.99121094
vn 0.031173706 -0.13415527 -0.9902344
vn 0.035980225 -0.13647461 -0.9897461
vn 0.05709839 -0.12097168 -0.99121094
vn -0.060699463 0.054718018 -0.99658203
vn -0.11816406 0.034729004 -0.9921875
vn -0.11340332 0.0385437 -0.9926758
vn -0.09295654 0.05456543 -0.9941406
vn -0.090148926 0.05706787 -0.9941406
vn -0.093933105 0.050811768 -0.9941406
vn 0.04296875 -0.01763916 -0.99902344
vn -0.017166138 0.06933594 -0.9975586
vn -0.02861023 0.06536865 -0.9975586
vn -0.023406982 0.06756592 -0.9975586
vn -0.019744873 0.06878662 -0.9975586
vn 0.19128418 -0.03881836 -0.98095703
vn 0.13781738 -0.024978638 -0.9902344
vn 0.14294434 -0.0413208 -0.98876953
vn 0.11450195 -0.020431519 -0.99316406
vn 0.113586426 -0.019760132 -0.99316406
vn 0.11804199 -0.022109985 -0.9926758
vn 0.123413086 -0.024246216 -0.9921875
vn 0.14587402 -0.032440186 -0.98876953
vn 0.14916992 -0.033477783 -0.98828125
vn -0 0 -1
vn -0 0 -1
vn -0 0 -1
vn -0 0 -1
vn -0 0 -1
vn -0 0 -1
vn -0 0 -1
vn -0 0 -1
vn -0 0 -1
vn -0 0 -1
vn -0 0 -1
vn -0 0 -1
vn -0 0 -1
vn -0 0 -1
vn -0 0 -1
vn -0 0 -1
vn -1.0728836E-06 0 -1
vn -0 0 -1
vn -0 0 -1
vn -0 0 -1
vn -0 0 -1
vn -0 0 -1
vn -0 0 -1
vn -0 0 -1
vn -0 0 -1
vn -0 0 -1
vn -0 0 -1
vn -0 0 -1
vn -0 0 -1
vn -0 0 -1
vn -0 0 -1
vn -0 0 -1
vn -0 0 -1
vn -0 0 -1
vn -0 0 -1
vn -0 0 -1
vn -0 0 -1
vn -0 0 -1
vn -0 0 -1
vn -0 0 -1
vn -0 0 -1
vn -2.8014183E-06 0 -1
vn -0 0 -1
vn -0 0 -1
vn -0 0 -1
vn -0 0 -1
vn -0 0 -1
vn -0 0 -1
vn -0 0 -1
vn 1.5497208E-06 0 -1
vn -2.1457672E-06 0 -1
vn -0 0 -1
vn -0 0 -1
vn -0 0 -1
vn -0 0 -1
vn -0 0 -1
vn -0 0 -1
vn -0 0 -1
vn -0 0 -1
vn -0 0 -1
vn -0 0 -1
vn -0 0 -1
vn -0 0 -1
vn -0 0 -1
vn -0 0 -1
vn -0 0 -1
vn -0.042388916 0.15942383 -0.9863281
vn -0.042388916 0.15942383 -0.9863281
vn -0.042388916 0.15942383 -0.9863281
vn -0.042388916 0.15942383 -0.9863281
vn -0.042388916 0.15942383 -0.9863281
vn -0.042388916 0.15942383 -0.9863281
vn -0.042388916 0.15942383 -0.9863281
vn -0.042388916 0.15942383 -0.9863281
vn -0.042388916 0.15942383 -0.9863281
vn -0.042388916 0.15942383 -0.9863281
vn -0.042388916 0.15942383 -0.9863281
vn -0.042388916 0.15942383 -0.9863281
vn -0.042388916 0.15942383 -0.9863281
vn -0.042388916 0.15942383 -0.9863281
vn -0.042388916 0.15942383 -0.9863281
vn -0.042388916 0.15942383 -0.9863281
vn -0.042388916 0.15942383 -0.9863281
vn -0.042388916 0.15942383 -0.9863281
vn -0.042388916 0.15942383 -0.9863281
vn -0.042388916 0.15942383 -0.9863281
vn -0.042388916 0.15942383 -0.9863281
vn -0.042388916 0.15942383 -0.9863281
vn -0.042388916 0.15942383 -0.9863281
vn -0.042388916 0.15942383 -0.9863281
vn -0.042388916 0.15942383 -0.9863281
vn -0.042388916 0.15942383 -0.9863281
vn -0.042388916 0.15942383 -0.9863281
vn -0.042388916 0.15942383 -0.9863281
vn -0.042388916 0.15942383 -0.9863281
vn -0.042388916 0.15942383 -0.9863281
vn -0.042388916 0.15942383 -0.9863281
vn -0.042388916 0.15942383 -0.9863281
vn -0.042388916 0.15942383 -0.9863281
vn -0.042388916 0.15942383 -0.9863281
vn -0.042388916 0.15942383 -0.9863281
vn -0.042388916 0.15942383 -0.9863281
vn -0.042388916 0.15942383 -0.9863281
vn -0.042388916 0.15942383 -0.9863281
vn -0.042419434 0.15942383 -0.9863281
vn -0.042388916 0.15942383 -0.9863281
vn -0.042419434 0.15942383 -0.9863281
vn -0.042388916 0.15942383 -0.9863281
vn -0.042388916 0.15942383 -0.9863281
vn -0.042510986 0.15930176 -0.9863281
vn -0.042388916 0.15942383 -0.9863281
vn -0.042388916 0.15942383 -0.9863281
vn -0.042388916 0.15942383 -0.9863281
vn -0.042388916 0.15942383 -0.9863281
vn -0.042388916 0.15942383 -0.9863281
vn -0.042388916 0.15942383 -0.9863281
vn -0.042388916 0.15942383 -0.9863281
vn -0.042388916 0.15942383 -0.9863281
vn -0.042388916 0.15942383 -0.9863281
vn -0.042388916 0.15942383 -0.9863281
vn -0.042388916 0.15942383 -0.9863281
vn -0.042388916 0.15942383 -0.9863281
vn -0.042388916 0.15942383 -0.9863281
vn -0.042388916 0.15942383 -0.9863281
vn -0.042388916 0.15942383 -0.9863281
vn -0.042388916 0.15942383 -0.9863281
vn -0.042388916 0.15942383 -0.9863281
vn -0.042388916 0.15942383 -0.9863281
vn -0.042388916 0.15942383 -0.9863281
vn -0.042388916 0.15942383 -0.9863281
vn -0.042388916 0.15942383 -0.9863281
vn -0.042388916 0.15942383 -0.9863281
vn -0.042388916 0.15942383 -0.9863281
vn -0.042388916 0.15942383 -0.9863281
vn -0.042388916 0.15942383 -0.9863281
vn -0.042388916 0.15942383 -0.9863281
vn -0.042388916 0.15942383 -0.9863281
vn -0.042388916 0.15942383 -0.9863281
vn -0.042388916 0.15942383 -0.9863281
vn -0.042388916 0.15942383 -0.9863281
vn -0.042388916 0.15930176 -0.9863281
vn -0.042388916 0.15942383 -0.9863281
vn -0.042388916 0.15942383 -0.9863281
vn -0.042388916 0.15942383 -0.9863281
vn -0.042388916 0.15942383 -0.9863281
vn -0.042388916 0.15942383 -0.9863281
vn -0.042388916 0.15942383 -0.9863281
vn -0.042388916 0.15942383 -0.9863281
vn -0.042388916 0.15942383 -0.9863281
vn -0.042388916 0.15942383 -0.9863281
vn -0.042388916 0.15942383 -0.9863281
vn -0.042388916 0.15942383 -0.9863281
vn -0.042388916 0.15942383 -0.9863281
vn -0.042388916 0.15942383 -0.9863281
vn -0.042388916 0.15942383 -0.9863281
vn -0.042388916 0.15942383 -0.9863281
vn -0.042388916 0.15930176 -0.9863281
vn -0.042388916 0.15942383 -0.9863281
vn -0.042388916 0.15942383 -0.9863281
vn -0.042388916 0.15942383 -0.9863281
vn -0.042388916 0.15942383 -0.9863281
vn -0.042388916 0.15942383 -0.9863281
vn -0.042388916 0.15942383 -0.9863281
vn -0.042388916 0.15942383 -0.9863281
vn -0.042388916 0.15942383 -0.9863281
vn -0.042388916 0.15942383 -0.9863281
vn -0.042388916 0.15942383 -0.9863281
vn -0.042388916 0.15942383 -0.9863281
vn -0.042388916 0.15942383 -0.9863281
vn -0.042388916 0.15942383 -0.9863281
vn -0.042388916 0.15942383 -0.9863281
vn -0.042388916 0.15942383 -0.9863281
vn -0.042388916 0.15942383 -0.9863281
vn -0.042388916 0.15942383 -0.9863281
vn -0.042388916 0.15942383 -0.9863281
vn -0.042388916 0.15942383 -0.9863281
vn -0.042388916 0.15942383 -0.9863281
vn -0.042388916 0.15942383 -0.9863281
vn -0.042388916 0.15942383 -0.9863281
vn -0.042388916 0.15942383 -0.9863281
vn -0.042388916 0.15942383 -0.9863281
vn -0.042388916 0.15942383 -0.9863281
vn -0.042388916 0.15942383 -0.9863281
vn -0.042388916 0.15942383 -0.9863281
vn -0.042388916 0.15942383 -0.9863281
vn -0.042388916 0.15942383 -0.9863281
vn -0.042388916 0.15942383 -0.9863281
vn -0.042388916 0.15942383 -0.9863281
vn -0.042388916 0.15942383 -0.9863281
vn -0.042388916 0.15942383 -0.9863281
vn -0.042388916 0.15942383 -0.9863281
vn -0.042388916 0.15942383 -0.9863281
vn -0.042388916 0.15942383 -0.9863281
vn -0.042388916 0.15942383 -0.9863281
vn -0.042388916 0.15942383 -0.9863281
vn -0.042388916 0.15942383 -0.9863281
vn -0.042388916 0.15942383 -0.9863281
vn -0.042388916 0.15942383 -0.9863281
vn -0.042388916 0.15942383 -0.9863281
vn -0.042388916 0.15942383 -0.9863281
vn -0.042388916 0.15942383 -0.9863281
vn -0.042388916 0.15942383 -0.9863281
vn -0.042388916 0.15942383 -0.9863281
vn -0.042388916 0.15942383 -0.9863281
vn -0.042388916 0.15942383 -0.9863281
vn -0.042388916 0.15942383 -0.9863281
vn -0.042388916 0.15942383 -0.9863281
vn -0.042388916 0.15942383 -0.9863281
vn -0.042419434 0.15942383 -0.9863281
vn -0.042388916 0.15942383 -0.9863281
vn -0.042388916 0.15930176 -0.9863281
vn -0.042388916 0.15942383 -0.9863281
vn -0.042419434 0.15942383 -0.9863281
vn -0.042388916 0.15942383 -0.9863281
vn -0.042388916 0.15942383 -0.9863281
vn -0.042388916 0.15942383 -0.9863281
vn 0.05999756 0.032196045 -0.9975586
vn 0.05999756 0.032196045 -0.9975586
vn 0.05999756 0.032196045 -0.9975586
vn 0.05999756 0.032196045 -0.9975586
vn 0.05999756 0.032196045 -0.9975586
vn 0.05999756 0.032196045 -0.9975586
vn 0.05999756 0.032196045 -0.9975586
vn 0.05996704 0.032196045 -0.9975586
vn 0.05999756 0.032196045 -0.9975586
vn 0.05999756 0.032196045 -0.9975586
vn 0.05999756 0.032196045 -0.9975586
vn 0.05999756 0.032196045 -0.9975586
vn 0.05999756 0.032196045 -0.9975586
vn 0.05999756 0.032196045 -0.9975586
vn 0.05999756 0.032196045 -0.9975586
vn 0.05999756 0.032196045 -0.9975586
vn 0.05999756 0.032196045 -0.9975586
vn 0.05999756 0.032196045 -0.9975586
vn 0.05999756 0.032196045 -0.9975586
vn 0.05999756 0.032196045 -0.9975586
vn 0.05999756 0.032196045 -0.9975586
vn 0.05996704 0.032196045 -0.9975586
vn 0.05999756 0.032196045 -0.9975586
vn 0.05999756 0.032196045 -0.9975586
vn 0.05999756 0.032196045 -0.9975586
vn 0.05999756 0.032196045 -0.9975586
vn 0.05999756 0.032196045 -0.9975586
vn 0.05999756 0.032196045 -0.9975586
vn 0.05999756 0.032196045 -0.9975586
vn 0.05999756 0.032196045 -0.9975586
vn 0.05999756 0.032196045 -0.9975586
vn 0.05999756 0.032196045 -0.9975586
vn 0.05999756 0.032196045 -0.9975586
vn 0.05999756 0.032196045 -0.9975586
vn 0.05999756 0.032196045 -0.9975586
vn 0.05999756 0.032196045 -0.9975586
vn 0.05999756 0.032196045 -0.9975586
vn 0.05999756 0.032196045 -0.9975586
vn 0.05999756 0.032196045 -0.9975586
vn 0.05999756 0.032196045 -0.9975586
vn 0.05999756 0.032196045 -0.9975586
vn 0.05999756 0.032196045 -0.9975586
vn 0.05996704 0.032196045 -0.9975586
vn 0.05999756 0.032196045 -0.9975586
vn 0.05999756 0.032196045 -0.9975586
vn 0.05996704 0.032196045 -0.9975586
vn 0.05999756 0.032196045 -0.9975586
vn 0.05999756 0.032196045 -0.9975586
vn 0.05999756 0.032196045 -0.9975586
vn 0.05999756 0.032196045 -0.9975586
vn 0.05999756 0.032196045 -0.9975586
vn 0.05996704 0.032196045 -0.9975586
vn 0.05999756 0.032196045 -0.9975586
vn 0.05999756 0.032196045 -0.9975586
vn 0.05999756 0.032196045 -0.9975586
vn 0.05999756 0.032196045 -0.9975586
vn 0.05999756 0.032196045 -0.9975586
vn 0.05999756 0.032196045 -0.9975586
vn 0.05999756 0.032196045 -0.9975586
vn 0.05999756 0.032196045 -0.9975586
vn 0.05999756 0.032196045 -0.9975586
vn 0.05999756 0.032196045 -0.9975586
vn 0.05999756 0.032196045 -0.9975586
vn 0.05999756 0.032196045 -0.9975586
vn 0.05999756 0.032196045 -0.9975586
vn 0.05999756 0.032196045 -0.9975586
vn 0.05999756 0.032196045 -0.9975586
vn 0.05999756 0.032196045 -0.9975586
vn 0.05999756 0.032196045 -0.9975586
vn 0.05996704 0.032196045 -0.9975586
vn 0.05999756 0.032196045 -0.9975586
vn 0.05999756 0.032196045 -0.9975586
vn 0.05999756 0.032196045 -0.9975586
vn 0.05999756 0.032196045 -0.9975586
vn 0.05999756 0.032196045 -0.9975586
vn 0.05999756 0.032196045 -0.9975586
vn 0.05999756 0.032196045 -0.9975586
vn 0.05999756 0.032196045 -0.9975586
vn 0.05999756 0.032196045 -0.9975586
vn 0.05999756 0.032196045 -0.9975586
vn 0.05999756 0.032196045 -0.9975586
vn 0.05999756 0.032196045 -0.9975586
vn 0.05999756 0.032196045 -0.9975586
vn 0.05999756 0.032196045 -0.9975586
vn 0.05999756 0.032196045 -0.9975586
vn 0.05999756 0.032196045 -0.9975586
vn 0.05999756 0.032196045 -0.9975586
vn 0.05999756 0.032196045 -0.9975586
vn 0.05999756 0.032196045 -0.9975586
vn 0.05999756 0.032196045 -0.9975586
vn 0.05999756 0.032196045 -0.9975586
vn 0.05999756 0.032196045 -0.9975586
vn 0.05999756 0.032196045 -0.9975586
vn 0.05999756 0.032196045 -0.9975586
vn 0.05999756 0.032196045 -0.9975586
vn 0.05999756 0.032196045 -0.9975586
vn 0.05999756 0.032196045 -0.9975586
vn 0.05999756 0.032196045 -0.9975586
vn 0.05999756 0.032196045 -0.9975586
vn 0.059906006 0.032348633 -0.9975586
vn 0.05999756 0.032196045 -0.9975586
vn 0.05999756 0.032196045 -0.9975586
vn 0.060028076 0.031982422 -0.9975586
vn 0.05999756 0.032196045 -0.9975586
vn 0.05999756 0.032196045 -0.9975586
vn 0.05999756 0.032196045 -0.9975586
vn 0.05999756 0.032196045 -0.9975586
vn 0.05999756 0.032196045 -0.9975586
vn 0.05999756 0.032196045 -0.9975586
vn 0.05999756 0.032196045 -0.9975586
vn 0.05999756 0.032196045 -0.9975586
vn -0.14331055 0.7104492 -0.68896484
vn 0.05999756 0.032165527 -0.9975586
vn 0.05996704 0.032196045 -0.9975586
vn 0.05999756 0.032196045 -0.9975586
vn 0.05999756 0.032196045 -0.9975586
vn 0.05999756 0.032196045 -0.9975586
vn 0.05996704 0.032196045 -0.9975586
vn 0.05999756 0.032196045 -0.9975586
vn 0.05999756 0.032196045 -0.9975586
vn 0.05999756 0.032196045 -0.9975586
vn 0.060150146 0.032196045 -0.9975586
vn 0.05999756 0.032196045 -0.9975586
vn 0.059936523 0.032196045 -0.9975586
vn 0.05999756 0.032196045 -0.9975586
vn 0.05996704 0.032196045 -0.9975586
vn 0.05999756 0.032196045 -0.9975586
vn 0.05996704 0.032196045 -0.9975586
vn 0.05999756 0.032196045 -0.9975586
vn 0.05999756 0.032196045 -0.9975586
vn 0.05999756 0.032196045 -0.9975586
vn 0.05999756 0.032196045 -0.9975586
vn 0.05999756 0.032196045 -0.9975586
vn 0.0074691772 0.014022827 -1
vn 0.0074157715 0.0137786865 -1
vn 0.011054993 0.01701355 -1
vn 0.0074157715 0.014045715 -1
vn 0.003742218 -0.0031738281 -1
vn 0.0073013306 0.0027675629 -1
vn 0.0082473755 0.012023926 -1
vn 0.007980347 0.0050735474 -1
vn 0.009208679 -0.006450653 -1
vn -0 0.010879517 -1
vn -0 0.010879517 -1
vn -3.629923E-05 0.01285553 -1
vn 8.034706E-05 0.014328003 -1
vn -0.014427185 0.011413574 -1
vn -0.01525116 0.0107040405 -1
vn -0.014915466 0.011375427 -1
vn -0.015510559 0.010810852 -1
vn -0.015464783 0.012565613 -1
vn -0.015357971 0.011489868 -1
vn -0.01423645 0.016311646 -1
vn -0.015571594 0.014160156 -1
vn -0.015220642 0.0154953 -1
vn -0.014152527 0.01687622 -1
vn -0.010063171 0.020446777 -0.9995117
vn -0.012954712 0.018188477 -0.9995117
vn -0.010101318 0.020065308 -0.9995117
vn -0.007511139 0.020507812 -1
vn -0.009803772 0.018814087 -1
vn -0.010444641 0.018203735 -1
vn -0.008659363 0.01876831 -1
vn -0.0066833496 0.019699097 -1
vn -0.008049011 0.018051147 -1
vn -0.00541687 0.019638062 -1
vn -0.0072784424 0.014411926 -1
vn -0.007850647 0.016845703 -1
vn 0.0058670044 0.020263672 -1
vn 0.0029792786 0.026016235 -0.9995117
vn 0.009262085 0.03125 -0.9995117
vn 0.018417358 0.019058228 -0.9995117
vn -6.7949295E-06 0.01020813 -1
vn -0.00017881393 0.00995636 -1
vn -0.0003130436 0.009933472 -1
vn -0.0015859604 0.008743286 -1
vn -0.0010690689 0.009414673 -1
vn -0.0023593903 0.008308411 -1
vn -0.0036888123 0.0069770813 -1
vn -0.004814148 0.0065841675 -1
vn -0.005996704 0.0067710876 -1
vn -0.006729126 0.0062561035 -1
vn -0.007106781 0.006095886 -1
vn -0 0.010879517 -1
vn -0 0.010879517 -1
vn 0.0015363693 0.0129470825 -1
vn -0 0.010879517 -1
vn 0.0012874603 0.013038635 -1
vn -0.000620842 0.010353088 -1
vn -0.00020301342 0.0104522705 -1
vn -0.0025463104 0.008522034 -1
vn -1.6987324E-05 0.010528564 -1
vn -0.0034656525 0.008308411 -1
vn -0.00415802 0.007965088 -1
vn 0.00248909 0.010269165 -1
vn 0.0021743774 0.011039734 -1
vn 0.0027675629 0.0113220215 -1
vn 0.0027713776 0.003396988 -1
vn 0.0039978027 0.0063476562 -1
vn 0.004131317 0.0039978027 -1
vn 0.0013666153 0.011138916 -1
vn 0.0017938614 0.011329651 -1
vn 0.0020065308 0.011299133 -1
vn 0.012580872 0.014541626 -1
vn -5.3167343E-05 0.009376526 -1
vn 2.7477741E-05 0.009422302 -1
vn 0.000600338 0.015571594 -1
vn -0.00157547 0.008377075 -1
vn -0.00198555 0.008041382 -1
vn 0.0013370514 0.006298065 -1
vn 0.0013341904 0.0063819885 -1
vn 0.00248909 0.0036506653 -1
vn 0.0014162064 0.006137848 -1
vn 0.0020961761 0.004798889 -1
vn -0.0020961761 0.008010864 -1
vn -0.0014629364 0.008468628 -1
vn 0.0020999908 0.009162903 -1
vn 0.0023155212 0.00013160706 -1
vn 0.0041999817 0.0038337708 -1
vn 0.019546509 0.016189575 -0.9995117
vn 0.01789856 0.018478394 -0.9995117
vn 0.01651001 0.02130127 -0.9995117
vn 0.009674072 0.04107666 -0.99902344
vn 0.01524353 0.027755737 -0.9995117
vn 0.022964478 0.016448975 -0.9995117
vn 0.021743774 0.015350342 -0.9995117
vn 0.019897461 0.016342163 -0.9995117
vn 0.018814087 0.0181427 -0.9995117
vn 0.00687027 0.031982422 -0.9995117
vn -0.0023880005 0.025848389 -0.9995117
vn 0.0047836304 0.032104492 -0.9995117
vn -0.0013008118 0.030563354 -0.9995117
vn 0.0022640228 0.022247314 -0.9995117
vn -0.002084732 0.019424438 -1
vn 0.0066833496 0.030090332 -0.9995117
vn 0.0015468597 0.020568848 -1
vn -0.0030536652 0.012466431 -1
vn 0.0012102127 0.009063721 -1
vn 0.00083589554 0.008972168 -1
vn -0.00023496151 0.009048462 -1
vn -0.0026779175 0.0079956055 -1
vn -0.0016269684 0.0082092285 -1
vn -0.001159668 0.008354187 -1
vn -0.00041651726 0.009208679 -1
vn -0.003900528 0.006290436 -1
vn -0.0062294006 0.0038909912 -1
vn -0.0005955696 0.02973938 -0.9995117
vn 0.0017127991 0.03274536 -0.9995117
vn 0.0010967255 0.028335571 -0.9995117
vn -0.0009217262 0.03503418 -0.9995117
vn 0.00040960312 0.032104492 -0.9995117
vn 0.9067383 0.2142334 0.3635254
vn -0.0011310577 0.01739502 -1
vn -0.0017585754 0.026870728 -0.9995117
vn -0 0.0030097961 -1
vn 0.0004491806 0.00919342 -1
vn -0 0.010879517 -1
vn -0 0.010879517 -1
vn 1.847744E-06 0.010879517 -1
vn 0.0023593903 0.0042266846 -1
vn 0.0032463074 0.0033779144 -1
vn 0.0027484894 0.0035114288 -1
vn -0.0017585754 0.026870728 -0.9995117
vn -0.004386902 0.035369873 -0.9995117
vn -0.0042495728 0.039489746 -0.99902344
vn 0.015235901 0.021743774 -0.9995117
vn 0.013656616 0.023284912 -0.9995117
vn 0.016098022 0.021728516 -0.9995117
vn 0.016403198 0.021194458 -0.9995117
vn 0.014328003 0.023788452 -0.9995117
vn -0.0004544258 0.020065308 -1
vn -0.0009531975 0.016799927 -1
vn 0.00121212 0.003660202 -1
vn -0.0012321472 0.005558014 -1
vn -0.0049057007 0.017562866 -1
vn -0.002286911 0.009788513 -1
vn -0.00034809113 0.004760742 -1
vn 0.0046157837 -0.007843018 -1
vn -0.0074539185 0.015296936 -1
vn -0.006210327 0.013916016 -1
vn -0.3449707 0.7319336 0.58740234
vn 0.016052246 0.025878906 -0.9995117
vn 0.0047340393 0.028961182 -0.9995117
vn 0.012756348 0.01927185 -0.9995117
vn 0.0022411346 0.00642395 -1
vn 0.0016231537 0.006214142 -1
vn 0.00070667267 0.011741638 -1
vn -0.0017404556 0.01727295 -1
vn -0.0006828308 0.012283325 -1
vn 0.0024547577 0.003917694 -1
vn 0.0024051666 0.004638672 -1
vn -0.0021018982 0.023406982 -0.9995117
vn -0.0011310577 0.01739502 -1
vn -0.006095886 0.004470825 -1
vn -0.0016918182 0.0082473755 -1
vn -0.00023007393 0.009284973 -1
vn 0.003768921 0.020462036 -1
vn 0.0028686523 0.012748718 -1
vn -0.0063972473 0.02041626 -1
vn -0.007545471 0.0184021 -1
vn -0.007774353 0.018035889 -1
vn -0.011627197 0.013244629 -1
vn 0.0041122437 0.013404846 -1
vn 0.003419876 0.012451172 -1
vn 0.0024776459 0.013755798 -1
vn 0.005302429 0.011047363 -1
vn 0.0044517517 0.010673523 -1
vn 0.0006251335 0.010520935 -1
vn 0.0018520355 0.009925842 -1
vn -0.0025863647 0.009117126 -1
vn -0.0036697388 0.00831604 -1
vn -0.006225586 0.0072135925 -1
vn -0.0071792603 0.0060920715 -1
vn -0.0072021484 0.006122589 -1
vn 0.003074646 0.014228821 -1
vn 0.003168106 0.017501831 -1
vn 0.002357483 0.021530151 -1
vn 0.0030975342 0.023101807 -0.9995117
vn 0.0046577454 0.024475098 -0.9995117
vn 0.0035190582 0.014038086 -1
vn 0.0025234222 0.013404846 -1
vn 0.0017795563 0.0131073 -1
vn 0.0017280579 0.013160706 -1
vn 0.0007529259 0.013290405 -1
vn 0.0013990402 0.028900146 -0.9995117
vn -0.00019311905 0.029052734 -0.9995117
vn -0.0012388229 0.03112793 -0.9995117
vn 0.0014867783 0.014968872 -1
vn -0.0049819946 0.022033691 -0.9995117
vn 0.0008587837 0.02394104 -0.9995117
vn 0.0041275024 0.02319336 -0.9995117
vn -0.0040359497 0.025787354 -0.9995117
vn 0.00056934357 0.036254883 -0.9995117
vn 0.00045371056 0.036499023 -0.9995117
vn 0.005252838 0.027130127 -0.9995117
vn 0.0051498413 0.027389526 -0.9995117
vn 6.8962574E-05 0.028396606 -0.9995117
vn 0.004146576 0.028930664 -0.9995117
vn 0.0022296906 0.02986145 -0.9995117
vn 0.0101623535 0.027740479 -0.9995117
vn 0.0035514832 0.036346436 -0.9995117
vn -2.8431416E-05 0.023956299 -0.9995117
vn 0.00907135 0.021224976 -0.9995117
vn 0.011726379 0.01991272 -0.9995117
vn -5.3942204E-05 0.024002075 -0.9995117
vn 0.008895874 0.031707764 -0.9995117
vn 0.012580872 0.031051636 -0.9995117
vn 0.008010864 0.029190063 -0.9995117
vn 0.00969696 0.026046753 -0.9995117
vn 0.0078086853 0.01612854 -1
vn 0.009010315 0.021469116 -0.9995117
vn 0.009246826 0.024856567 -0.9995117
vn -0 0 -1
vn -0 0 -1
vn -0 0 -1
vn -0 0 -1
vn -0 0 -1
vn -0 0 -1
vn -0 0 -1
vn -0 -1.1920929E-06 -1
vn -0 -1.1324883E-06 -1
vn -0 0 -1
vn -0 0 -1
vn -0 0 -1
vn -0 0 -1
vn -0 0 -1
vn -0 0 -1
vn -0 -3.5762787E-06 -1
vn 0.0012741089 -0.001288414 -1
vn -0.000100553036 -0.018432617 -1
vn -0.0024337769 -0.034362793 -0.9995117
vn -0 0 -1
vn -0 0 -1
vn -0 0 -1
vn -0 0 -1
vn -0 0 -1
vn -0 0 -1
vn -0 0 -1
vn -0 0 -1
vn -0 0 -1
vn -0 -1.9073486E-06 -1
vn -0 0 -1
vn 1.013279E-06 0 -1
vn -0 -2.1457672E-06 -1
vn -0 0 -1
vn -0 0 -1
vn -0 0 -1
vn -0 -1.5497208E-06 -1
vn -0 -2.5629997E-06 -1
vn -0 -2.8014183E-06 -1
vn -0 -2.7418137E-06 -1
vn -0 0 -1
vn -0 0 -1
vn -0 0 -1
vn -0 0 -1
vn -0 0 -1
vn -0 0 -1
vn -0 0 -1
vn -0 0 -1
vn -0 0 -1
vn -0 0 -1
vn -0 0 -1
vn -1.3113022E-06 0 -1
vn -0 0 -1
vn -0 0 -1
vn -0 0 -1
vn -0 0 -1
vn -0 0 -1
vn -0 0 -1
vn -0 0 -1
vn -0 0 -1
vn -0 0 -1
vn -0 0 -1
vn -1.3113022E-06 0 -1
vn 1.4305115E-06 0 -1
vn -6.914139E-06 0 -1
vn -0 0 -1
vn -0 0 -1
vn -0 0 -1
vn -0 0 -1
vn -0 0 -1
vn -0 0 -1
vn -0 0 -1
vn -0 0 -1
vn 1.2516975E-06 0 -1
vn -0 0 -1
vn -0 0 -1
vn -0 0 -1
vn 2.4437904E-06 0 -1
vn -0 0 -1
vn -0 0 -1
vn -0 0 -1
vn -0 0 -1
vn 2.4437904E-06 0 -1
vn -0 0 -1
vn -0 0 -1
vn -0 0 -1
vn -0 0 -1
vn -0 0 -1
vn -0 0 -1
vn -0 0 -1
vn -0 0 -1
vn -0 0 -1
vn -0 0 -1
vn -0 0 -1
vn 1.0728836E-06 0 -1
vn -1.1324883E-06 0 -1
vn -0 0 -1
vn -0 0 -1
vn -0 0 -1
vn -0 0 -1
vn -0 0 -1
vn -0 0 -1
vn -0 0 -1
vn -0 0 -1
vn -0 0 -1
vn -0 0 -1
vn -0 0 -1
vn -0 0 -1
vn -0 0 -1
vn -0 0 -1
vn -0 0 -1
vn -0 0 -1
vn -0 0 -1
vn -0 0 -1
vn -0 0 -1
vn -0 0 -1
vn -0 0 -1
vn -0 0 -1
vn -0 0 -1
vn -0 0 -1
vn -0 0 -1
vn -0 0 -1
vn -0 0 -1
vn -0 0 -1
vn -0 0 -1
vn -0 0 -1
vn -0 0 -1
vn -0 0 -1
vn -0 0 -1
vn -0 0 -1
vn -0 0 -1
vn -0 0 -1
vn -0 0 -1
vn -0 0 -1
vn -0 0 -1
vn -0 0 -1
vn -2.861023E-06 -1.7285347E-06 -1
vn -0 0 -1
vn 4.827976E-06 0 -1
vn -1.1920929E-06 0 -1
vn -0 0 -1
vn -0 0 -1
vn -0 0 -1
vn -3.3974648E-06 1.013279E-06 -1
vn -3.516674E-06 1.013279E-06 -1
vn -3.516674E-06 1.013279E-06 -1
vn -0 0 -1
vn -0 0 -1
g cPK_20_000040_00_FUSHIGIBANAex_SR_L_SB_0
f 3/3/3 2/2/2 1/1/1
f 4/4/4 2/2/2 3/3/3
f 5/5/5 2/2/2 4/4/4
f 6/6/6 2/2/2 5/5/5
f 7/7/7 2/2/2 6/6/6
f 8/8/8 2/2/2 7/7/7
f 2/2/2 8/8/8 9/9/9
f 12/12/12 11/11/11 10/10/10
f 15/15/15 14/14/14 13/13/13
f 18/18/18 17/17/17 16/16/16
f 21/21/21 20/20/20 19/19/19
f 12/12/12 22/22/22 11/11/11
f 25/25/25 24/24/24 23/23/23
f 14/14/14 18/18/18 26/26/26
f 14/14/14 17/17/17 18/18/18
f 14/14/14 12/12/12 17/17/17
f 27/27/27 14/14/14 15/15/15
f 27/27/27 12/12/12 14/14/14
f 25/25/25 28/28/28 24/24/24
f 29/29/29 28/28/28 25/25/25
f 30/30/30 28/28/28 29/29/29
f 31/31/31 12/12/12 27/27/27
f 32/32/32 12/12/12 31/31/31
f 33/33/33 12/12/12 32/32/32
f 34/34/34 12/12/12 33/33/33
f 34/34/34 22/22/22 12/12/12
f 35/35/35 22/22/22 34/34/34
f 36/36/36 22/22/22 35/35/35
f 36/36/36 30/30/30 22/22/22
f 36/36/36 28/28/28 30/30/30
f 37/37/37 28/28/28 36/36/36
f 37/37/37 21/21/21 28/28/28
f 37/37/37 20/20/20 21/21/21
f 37/37/37 38/38/38 20/20/20
f 37/37/37 39/39/39 38/38/38
f 40/40/40 39/39/39 37/37/37
f 40/40/40 41/41/41 39/39/39
f 40/40/40 42/42/42 41/41/41
f 40/40/40 43/43/43 42/42/42
f 40/40/40 44/44/44 43/43/43
f 46/46/46 45/45/45 40/40/40
f 45/45/45 44/44/44 40/40/40
f 46/46/46 48/48/48 47/47/47
f 48/48/48 46/46/46 40/40/40
f 49/49/49 46/46/46 47/47/47
f 50/50/50 49/49/49 47/47/47
f 53/53/53 52/52/52 51/51/51
f 54/54/54 52/52/52 53/53/53
f 54/54/54 55/55/55 52/52/52
f 58/58/58 57/57/57 56/56/56
f 61/61/61 60/60/60 59/59/59
f 61/61/61 62/62/62 60/60/60
f 64/64/64 63/63/63 61/61/61
f 66/66/66 64/64/64 65/65/65
f 63/63/63 64/64/64 67/67/67
f 58/58/58 68/68/68 65/65/65
f 65/65/65 64/64/64 61/61/61
f 71/71/71 70/70/70 69/69/69
f 73/73/73 72/72/72 60/60/60
f 74/74/74 72/72/72 73/73/73
f 75/75/75 72/72/72 74/74/74
f 75/75/75 76/76/76 72/72/72
f 56/56/56 78/78/78 77/77/77
f 56/56/56 79/79/79 78/78/78
f 56/56/56 80/80/80 79/79/79
f 81/81/81 80/80/80 56/56/56
f 82/82/82 80/80/80 81/81/81
f 83/83/83 80/80/80 82/82/82
f 83/83/83 84/84/84 80/80/80
f 87/87/87 86/86/86 85/85/85
f 88/88/88 87/87/87 85/85/85
f 87/87/87 90/90/90 89/89/89
f 86/86/86 87/87/87 89/89/89
f 49/49/49 50/50/50 89/89/89
f 90/90/90 49/49/49 89/89/89
f 93/93/93 92/92/92 91/91/91
f 95/95/95 94/94/94 69/69/69
f 96/96/96 95/95/95 69/69/69
f 54/54/54 94/94/94 55/55/55
f 97/97/97 69/69/69 94/94/94
f 69/69/69 70/70/70 96/96/96
f 97/97/97 94/94/94 98/98/98
f 2/2/2 85/85/85 1/1/1
f 2/2/2 45/45/45 88/88/88
f 54/54/54 98/98/98 94/94/94
f 98/98/98 54/54/54 99/99/99
f 102/102/102 101/101/101 100/100/100
f 105/105/105 104/104/104 103/103/103
f 108/108/108 107/107/107 106/106/106
f 109/109/109 107/107/107 108/108/108
f 112/112/112 111/111/111 110/110/110
f 112/112/112 113/113/113 111/111/111
f 2/2/2 113/113/113 112/112/112
f 115/115/115 102/102/102 114/114/114
f 116/116/116 102/102/102 115/115/115
f 117/117/117 102/102/102 116/116/116
f 118/118/118 102/102/102 117/117/117
f 113/113/113 102/102/102 118/118/118
f 102/102/102 119/119/119 101/101/101
f 102/102/102 105/105/105 119/119/119
f 113/113/113 105/105/105 102/102/102
f 109/109/109 120/120/120 107/107/107
f 113/113/113 121/121/121 104/104/104
f 123/123/123 2/2/2 122/122/122
f 120/120/120 2/2/2 123/123/123
f 2/2/2 120/120/120 109/109/109
f 2/2/2 124/124/124 122/122/122
f 2/2/2 126/126/126 125/125/125
f 127/127/127 2/2/2 9/9/9
f 2/2/2 127/127/127 128/128/128
f 113/113/113 104/104/104 105/105/105
f 129/129/129 121/121/121 113/113/113
f 113/113/113 109/109/109 129/129/129
f 2/2/2 109/109/109 113/113/113
f 130/130/130 124/124/124 2/2/2
f 2/2/2 125/125/125 130/130/130
f 126/126/126 2/2/2 128/128/128
f 114/114/114 131/131/131 115/115/115
f 134/134/134 133/133/133 132/132/132
f 101/101/101 134/134/134 100/100/100
f 101/101/101 133/133/133 134/134/134
f 137/137/137 136/136/136 135/135/135
f 138/138/138 136/136/136 137/137/137
f 139/139/139 136/136/136 138/138/138
f 140/140/140 136/136/136 139/139/139
f 141/141/141 136/136/136 140/140/140
f 65/65/65 57/57/57 58/58/58
f 66/66/66 65/65/65 68/68/68
f 57/57/57 65/65/65 142/142/142
f 57/57/57 142/142/142 143/143/143
f 143/143/143 142/142/142 144/144/144
f 142/142/142 145/145/145 144/144/144
f 145/145/145 146/146/146 144/144/144
f 146/146/146 145/145/145 147/147/147
f 147/147/147 145/145/145 148/148/148
f 145/145/145 150/150/150 149/149/149
f 149/149/149 150/150/150 151/151/151
f 149/149/149 151/151/151 152/152/152
f 152/152/152 151/151/151 153/153/153
f 151/151/151 154/154/154 153/153/153
f 154/154/154 155/155/155 153/153/153
f 154/154/154 156/156/156 155/155/155
f 159/159/159 158/158/158 157/157/157
f 158/158/158 156/156/156 157/157/157
f 157/157/157 156/156/156 154/154/154
f 158/158/158 159/159/159 160/160/160
f 159/159/159 136/136/136 160/160/160
f 136/136/136 161/161/161 160/160/160
f 161/161/161 136/136/136 141/141/141
f 54/54/54 162/162/162 99/99/99
f 54/54/54 163/163/163 162/162/162
f 54/54/54 164/164/164 163/163/163
f 165/165/165 92/92/92 93/93/93
f 166/166/166 54/54/54 135/135/135
f 164/164/164 54/54/54 166/166/166
f 54/54/54 167/167/167 135/135/135
f 168/168/168 167/167/167 54/54/54
f 169/169/169 167/167/167 168/168/168
f 170/170/170 167/167/167 169/169/169
f 170/170/170 171/171/171 167/167/167
f 172/172/172 171/171/171 170/170/170
f 173/173/173 171/171/171 172/172/172
f 174/174/174 171/171/171 173/173/173
f 175/175/175 171/171/171 174/174/174
f 175/175/175 165/165/165 171/171/171
f 176/176/176 165/165/165 175/175/175
f 177/177/177 165/165/165 176/176/176
f 178/178/178 165/165/165 177/177/177
f 179/179/179 165/165/165 178/178/178
f 180/180/180 165/165/165 179/179/179
f 181/181/181 165/165/165 180/180/180
f 182/182/182 165/165/165 181/181/181
f 183/183/183 165/165/165 182/182/182
f 184/184/184 165/165/165 183/183/183
f 185/185/185 165/165/165 184/184/184
f 186/186/186 165/165/165 185/185/185
f 186/186/186 92/92/92 165/165/165
f 187/187/187 165/165/165 93/93/93
f 188/188/188 165/165/165 187/187/187
f 189/189/189 165/165/165 188/188/188
f 190/190/190 165/165/165 189/189/189
f 191/191/191 165/165/165 190/190/190
f 192/192/192 165/165/165 191/191/191
f 193/193/193 165/165/165 192/192/192
f 193/193/193 171/171/171 165/165/165
f 194/194/194 171/171/171 193/193/193
f 45/45/45 171/171/171 194/194/194
f 137/137/137 171/171/171 45/45/45
f 137/137/137 167/167/167 171/171/171
f 135/135/135 167/167/167 137/137/137
f 2/2/2 88/88/88 85/85/85
f 88/88/88 45/45/45 87/87/87
f 87/87/87 45/45/45 90/90/90
f 90/90/90 45/45/45 49/49/49
f 49/49/49 45/45/45 46/46/46
f 62/62/62 73/73/73 60/60/60
f 77/77/77 58/58/58 56/56/56
f 77/77/77 68/68/68 58/58/58
f 195/195/195 68/68/68 77/77/77
f 61/61/61 63/63/63 62/62/62
f 62/62/62 63/63/63 73/73/73
f 63/63/63 196/196/196 73/73/73
f 63/63/63 197/197/197 196/196/196
f 63/63/63 198/198/198 197/197/197
f 63/63/63 199/199/199 198/198/198
f 63/63/63 200/200/200 199/199/199
f 63/63/63 201/201/201 200/200/200
f 67/67/67 201/201/201 63/63/63
f 67/67/67 202/202/202 201/201/201
f 67/67/67 203/203/203 202/202/202
f 67/67/67 204/204/204 203/203/203
f 67/67/67 205/205/205 204/204/204
f 67/67/67 206/206/206 205/205/205
f 206/206/206 64/64/64 66/66/66
f 206/206/206 67/67/67 64/64/64
f 206/206/206 68/68/68 207/207/207
f 206/206/206 66/66/66 68/68/68
f 68/68/68 208/208/208 207/207/207
f 68/68/68 209/209/209 208/208/208
f 68/68/68 195/195/195 209/209/209
f 135/135/135 136/136/136 166/166/166
f 136/136/136 164/164/164 166/166/166
f 163/163/163 164/164/164 157/157/157
f 164/164/164 159/159/159 157/157/157
f 159/159/159 164/164/164 136/136/136
f 157/157/157 154/154/154 163/163/163
f 154/154/154 162/162/162 163/163/163
f 154/154/154 99/99/99 162/162/162
f 99/99/99 150/150/150 145/145/145
f 99/99/99 151/151/151 150/150/150
f 151/151/151 99/99/99 154/154/154
f 145/145/145 210/210/210 99/99/99
f 145/145/145 211/211/211 210/210/210
f 145/145/145 212/212/212 211/211/211
f 213/213/213 145/145/145 142/142/142
f 65/65/65 59/59/59 142/142/142
f 61/61/61 59/59/59 65/65/65
f 59/59/59 214/214/214 142/142/142
f 214/214/214 213/213/213 142/142/142
f 215/215/215 145/145/145 213/213/213
f 215/215/215 212/212/212 145/145/145
f 216/216/216 145/145/145 149/149/149
f 148/148/148 145/145/145 216/216/216
f 219/219/219 218/218/218 217/217/217
f 219/219/219 220/220/220 218/218/218
f 219/219/219 221/221/221 220/220/220
f 219/219/219 222/222/222 221/221/221
f 219/219/219 223/223/223 222/222/222
f 219/219/219 224/224/224 223/223/223
f 219/219/219 225/225/225 224/224/224
f 219/219/219 226/226/226 225/225/225
f 227/227/227 226/226/226 219/219/219
f 227/227/227 228/228/228 226/226/226
f 227/227/227 229/229/229 228/228/228
f 227/227/227 230/230/230 229/229/229
f 227/227/227 231/231/231 230/230/230
f 227/227/227 232/232/232 231/231/231
f 227/227/227 233/233/233 232/232/232
f 227/227/227 234/234/234 233/233/233
f 227/227/227 235/235/235 234/234/234
f 219/219/219 236/236/236 227/227/227
f 219/219/219 237/237/237 236/236/236
f 238/238/238 219/219/219 217/217/217
f 241/241/241 240/240/240 239/239/239
f 240/240/240 243/243/243 242/242/242
f 240/240/240 244/244/244 243/243/243
f 240/240/240 245/245/245 244/244/244
f 246/246/246 240/240/240 241/241/241
f 219/219/219 247/247/247 237/237/237
f 219/219/219 248/248/248 247/247/247
f 219/219/219 249/249/249 248/248/248
f 240/240/240 250/250/250 245/245/245
f 250/250/250 219/219/219 238/238/238
f 240/240/240 219/219/219 250/250/250
f 251/251/251 240/240/240 246/246/246
f 240/240/240 249/249/249 219/219/219
f 251/251/251 249/249/249 240/240/240
f 240/240/240 252/252/252 239/239/239
f 253/253/253 240/240/240 242/242/242
f 240/240/240 254/254/254 252/252/252
f 255/255/255 240/240/240 253/253/253
f 256/256/256 240/240/240 255/255/255
f 257/257/257 240/240/240 256/256/256
f 258/258/258 240/240/240 257/257/257
f 259/259/259 240/240/240 258/258/258
f 260/260/260 240/240/240 259/259/259
f 260/260/260 254/254/254 240/240/240
f 261/261/261 254/254/254 260/260/260
f 261/261/261 262/262/262 254/254/254
f 263/263/263 262/262/262 261/261/261
f 264/264/264 262/262/262 263/263/263
f 264/264/264 265/265/265 262/262/262
f 266/266/266 265/265/265 264/264/264
f 266/266/266 267/267/267 265/265/265
f 270/270/270 269/269/269 268/268/268
f 271/271/271 269/269/269 270/270/270
f 272/272/272 269/269/269 271/271/271
f 272/272/272 273/273/273 269/269/269
f 274/274/274 273/273/273 272/272/272
f 275/275/275 273/273/273 274/274/274
f 275/275/275 276/276/276 273/273/273
f 277/277/277 276/276/276 275/275/275
f 278/278/278 276/276/276 277/277/277
f 279/279/279 276/276/276 278/278/278
f 279/279/279 280/280/280 276/276/276
f 281/281/281 280/280/280 279/279/279
f 282/282/282 280/280/280 281/281/281
f 283/283/283 280/280/280 282/282/282
f 284/284/284 280/280/280 283/283/283
f 284/284/284 285/285/285 280/280/280
f 286/286/286 285/285/285 284/284/284
f 287/287/287 285/285/285 286/286/286
f 287/287/287 288/288/288 285/285/285
f 289/289/289 288/288/288 287/287/287
f 290/290/290 288/288/288 289/289/289
f 291/291/291 288/288/288 290/290/290
f 291/291/291 292/292/292 288/288/288
f 293/293/293 292/292/292 291/291/291
f 294/294/294 292/292/292 293/293/293
f 294/294/294 295/295/295 292/292/292
f 294/294/294 296/296/296 295/295/295
f 297/297/297 296/296/296 294/294/294
f 298/298/298 296/296/296 297/297/297
f 299/299/299 296/296/296 298/298/298
f 299/299/299 300/300/300 296/296/296
f 301/301/301 300/300/300 299/299/299
f 302/302/302 300/300/300 301/301/301
f 302/302/302 303/303/303 300/300/300
f 304/304/304 303/303/303 302/302/302
f 304/304/304 305/305/305 303/303/303
f 306/306/306 305/305/305 304/304/304
f 306/306/306 307/307/307 305/305/305
f 308/308/308 307/307/307 306/306/306
f 308/308/308 309/309/309 307/307/307
f 310/310/310 309/309/309 308/308/308
f 310/310/310 311/311/311 309/309/309
f 310/310/310 312/312/312 311/311/311
f 310/310/310 313/313/313 312/312/312
f 314/314/314 313/313/313 310/310/310
f 315/315/315 313/313/313 314/314/314
f 315/315/315 316/316/316 313/313/313
f 317/317/317 316/316/316 315/315/315
f 317/317/317 318/318/318 316/316/316
f 319/319/319 318/318/318 317/317/317
f 319/319/319 320/320/320 318/318/318
f 321/321/321 320/320/320 319/319/319
f 322/322/322 320/320/320 321/321/321
f 322/322/322 323/323/323 320/320/320
f 322/322/322 324/324/324 323/323/323
f 327/327/327 326/326/326 325/325/325
f 327/327/327 328/328/328 326/326/326
f 329/329/329 328/328/328 327/327/327
f 330/330/330 328/328/328 329/329/329
f 331/331/331 328/328/328 330/330/330
f 334/334/334 333/333/333 332/332/332
f 335/335/335 333/333/333 334/334/334
f 335/335/335 336/336/336 333/333/333
f 337/337/337 336/336/336 335/335/335
f 337/337/337 338/338/338 336/336/336
f 339/339/339 338/338/338 337/337/337
f 340/340/340 338/338/338 339/339/339
f 340/340/340 341/341/341 338/338/338
f 342/342/342 341/341/341 340/340/340
f 342/342/342 343/343/343 341/341/341
f 342/342/342 344/344/344 343/343/343
f 345/345/345 344/344/344 342/342/342
f 345/345/345 346/346/346 344/344/344
f 349/349/349 348/348/348 347/347/347
f 350/350/350 348/348/348 349/349/349
f 349/349/349 351/351/351 350/350/350
f 349/349/349 352/352/352 351/351/351
f 353/353/353 352/352/352 349/349/349
f 353/353/353 354/354/354 352/352/352
f 355/355/355 354/354/354 353/353/353
f 355/355/355 356/356/356 354/354/354
f 357/357/357 356/356/356 355/355/355
f 358/358/358 356/356/356 357/357/357
f 358/358/358 359/359/359 356/356/356
f 360/360/360 359/359/359 358/358/358
f 360/360/360 361/361/361 359/359/359
f 362/362/362 361/361/361 360/360/360
f 363/363/363 361/361/361 362/362/362
f 365/365/365 331/331/331 364/364/364
f 367/367/367 366/366/366 331/331/331
f 331/331/331 369/369/369 368/368/368
f 372/372/372 371/371/371 370/370/370
f 375/375/375 374/374/374 373/373/373
f 374/374/374 377/377/377 376/376/376
f 380/380/380 379/379/379 378/378/378
f 379/379/379 382/382/382 381/381/381
f 382/382/382 384/384/384 383/383/383
f 384/384/384 386/386/386 385/385/385
f 331/331/331 387/387/387 367/367/367
f 345/345/345 380/380/380 346/346/346
f 363/363/363 388/388/388 361/361/361
f 391/391/391 390/390/390 389/389/389
f 393/393/393 391/391/391 392/392/392
f 390/390/390 391/391/391 393/393/393
f 331/331/331 365/365/365 369/369/369
f 331/331/331 368/368/368 387/387/387
f 394/394/394 371/371/371 372/372/372
f 372/372/372 375/375/375 394/394/394
f 377/377/377 375/375/375 372/372/372
f 377/377/377 374/374/374 375/375/375
f 395/395/395 331/331/331 366/366/366
f 395/395/395 328/328/328 331/331/331
f 398/398/398 397/397/397 396/396/396
f 399/399/399 397/397/397 398/398/398
f 399/399/399 395/395/395 397/397/397
f 400/400/400 395/395/395 399/399/399
f 401/401/401 395/395/395 400/400/400
f 402/402/402 395/395/395 401/401/401
f 403/403/403 395/395/395 402/402/402
f 404/404/404 395/395/395 403/403/403
f 405/405/405 395/395/395 404/404/404
f 406/406/406 395/395/395 405/405/405
f 406/406/406 328/328/328 395/395/395
f 389/389/389 407/407/407 391/391/391
f 389/389/389 408/408/408 407/407/407
f 408/408/408 410/410/410 409/409/409
f 408/408/408 411/411/411 410/410/410
f 412/412/412 389/389/389 345/345/345
f 412/412/412 408/408/408 389/389/389
f 413/413/413 408/408/408 412/412/412
f 408/408/408 413/413/413 411/411/411
f 415/415/415 414/414/414 409/409/409
f 418/418/418 417/417/417 416/416/416
f 421/421/421 420/420/420 419/419/419
f 417/417/417 420/420/420 421/421/421
f 417/417/417 422/422/422 420/420/420
f 417/417/417 423/423/423 422/422/422
f 417/417/417 424/424/424 423/423/423
f 418/418/418 424/424/424 417/417/417
f 425/425/425 421/421/421 419/419/419
f 425/425/425 397/397/397 421/421/421
f 426/426/426 397/397/397 425/425/425
f 427/427/427 397/397/397 426/426/426
f 397/397/397 427/427/427 396/396/396
f 428/428/428 393/393/393 392/392/392
f 428/428/428 388/388/388 393/393/393
f 428/428/428 429/429/429 388/388/388
f 428/428/428 430/430/430 429/429/429
f 428/428/428 431/431/431 430/430/430
f 428/428/428 432/432/432 431/431/431
f 428/428/428 433/433/433 432/432/432
f 366/366/366 433/433/433 428/428/428
f 393/393/393 388/388/388 363/363/363
f 434/434/434 380/380/380 345/345/345
f 389/389/389 380/380/380 434/434/434
f 390/390/390 380/380/380 389/389/389
f 390/390/390 379/379/379 380/380/380
f 390/390/390 382/382/382 379/379/379
f 390/390/390 384/384/384 382/382/382
f 390/390/390 386/386/386 384/384/384
f 363/363/363 390/390/390 393/393/393
f 390/390/390 435/435/435 386/386/386
f 436/436/436 390/390/390 363/363/363
f 437/437/437 390/390/390 436/436/436
f 390/390/390 438/438/438 435/435/435
f 437/437/437 438/438/438 390/390/390
f 389/389/389 434/434/434 345/345/345
f 416/416/416 417/417/417 439/439/439
f 440/440/440 439/439/439 414/414/414
f 440/440/440 414/414/414 415/415/415
f 415/415/415 372/372/372 440/440/440
f 440/440/440 372/372/372 441/441/441
f 442/442/442 441/441/441 372/372/372
f 442/442/442 372/372/372 443/443/443
f 444/444/444 443/443/443 372/372/372
f 444/444/444 372/372/372 445/445/445
f 446/446/446 445/445/445 372/372/372
f 446/446/446 372/372/372 447/447/447
f 370/370/370 447/447/447 372/372/372
f 439/439/439 417/417/417 414/414/414
f 450/450/450 449/449/449 448/448/448
f 453/453/453 452/452/452 451/451/451
f 453/453/453 455/455/455 454/454/454
f 453/453/453 456/456/456 455/455/455
f 453/453/453 457/457/457 456/456/456
f 453/453/453 458/458/458 457/457/457
f 459/459/459 458/458/458 453/453/453
f 459/459/459 460/460/460 458/458/458
f 459/459/459 461/461/461 460/460/460
f 459/459/459 462/462/462 461/461/461
f 453/453/453 454/454/454 463/463/463
f 453/453/453 463/463/463 452/452/452
f 464/464/464 451/451/451 452/452/452
f 451/451/451 464/464/464 465/465/465
f 451/451/451 465/465/465 466/466/466
f 451/451/451 466/466/466 467/467/467
f 467/467/467 469/469/469 468/468/468
f 451/451/451 467/467/467 468/468/468
f 468/468/468 469/469/469 449/449/449
f 468/468/468 449/449/449 470/470/470
f 470/470/470 449/449/449 471/471/471
f 471/471/471 449/449/449 450/450/450
f 474/474/474 473/473/473 472/472/472
f 475/475/475 473/473/473 474/474/474
f 475/475/475 476/476/476 473/473/473
f 477/477/477 476/476/476 475/475/475
f 477/477/477 478/478/478 476/476/476
f 479/479/479 478/478/478 477/477/477
f 479/479/479 480/480/480 478/478/478
f 479/479/479 481/481/481 480/480/480
f 479/479/479 482/482/482 481/481/481
f 483/483/483 482/482/482 479/479/479
f 483/483/483 484/484/484 482/482/482
f 483/483/483 485/485/485 484/484/484
f 483/483/483 486/486/486 485/485/485
f 483/483/483 487/487/487 486/486/486
f 483/483/483 488/488/488 487/487/487
f 483/483/483 489/489/489 488/488/488
f 490/490/490 489/489/489 483/483/483
f 491/491/491 489/489/489 490/490/490
f 494/494/494 493/493/493 492/492/492
f 494/494/494 495/495/495 493/493/493
f 494/494/494 496/496/496 495/495/495
f 494/494/494 498/498/498 497/497/497
f 498/498/498 499/499/499 497/497/497
f 496/496/496 494/494/494 500/500/500
f 500/500/500 494/494/494 497/497/497
f 501/501/501 497/497/497 499/499/499
f 502/502/502 494/494/494 492/492/492
f 503/503/503 494/494/494 502/502/502
f 504/504/504 494/494/494 503/503/503
f 505/505/505 494/494/494 504/504/504
f 506/506/506 494/494/494 505/505/505
f 507/507/507 494/494/494 506/506/506
f 508/508/508 494/494/494 507/507/507
f 509/509/509 494/494/494 508/508/508
f 509/509/509 510/510/510 494/494/494
f 509/509/509 511/511/511 510/510/510
f 512/512/512 511/511/511 509/509/509
f 512/512/512 513/513/513 511/511/511
f 516/516/516 515/515/515 514/514/514
f 516/516/516 517/517/517 515/515/515
f 519/519/519 516/516/516 518/518/518
f 520/520/520 516/516/516 519/519/519
f 521/521/521 516/516/516 520/520/520
f 522/522/522 516/516/516 521/521/521
f 523/523/523 516/516/516 522/522/522
f 524/524/524 516/516/516 523/523/523
f 525/525/525 516/516/516 524/524/524
f 526/526/526 516/516/516 525/525/525
f 527/527/527 516/516/516 526/526/526
f 528/528/528 516/516/516 527/527/527
f 529/529/529 516/516/516 528/528/528
f 530/530/530 516/516/516 529/529/529
f 531/531/531 516/516/516 530/530/530
f 531/531/531 517/517/517 516/516/516
f 534/534/534 533/533/533 532/532/532
f 534/534/534 535/535/535 533/533/533
f 534/534/534 536/536/536 535/535/535
f 516/516/516 538/538/538 537/537/537
f 534/534/534 539/539/539 536/536/536
f 516/516/516 537/537/537 518/518/518
f 540/540/540 538/538/538 516/516/516
f 534/534/534 541/541/541 539/539/539
f 542/542/542 541/541/541 534/534/534
f 542/542/542 543/543/543 541/541/541
f 542/542/542 544/544/544 543/543/543
f 542/542/542 514/514/514 544/544/544
f 542/542/542 516/516/516 514/514/514
f 545/545/545 516/516/516 542/542/542
f 546/546/546 516/516/516 545/545/545
f 516/516/516 548/548/548 547/547/547
f 551/551/551 550/550/550 549/549/549
f 516/516/516 553/553/553 552/552/552
f 555/555/555 551/551/551 554/554/554
f 555/555/555 550/550/550 551/551/551
f 555/555/555 556/556/556 550/550/550
f 516/516/516 552/552/552 540/540/540
f 559/559/559 558/558/558 557/557/557
f 555/555/555 560/560/560 556/556/556
f 561/561/561 560/560/560 555/555/555
f 561/561/561 546/546/546 560/560/560
f 561/561/561 516/516/516 546/546/546
f 558/558/558 516/516/516 561/561/561
f 559/559/559 516/516/516 558/558/558
f 562/562/562 516/516/516 559/559/559
f 516/516/516 562/562/562 548/548/548
f 563/563/563 553/553/553 516/516/516
f 547/547/547 563/563/563 516/516/516
f 534/534/534 564/564/564 542/542/542
f 534/534/534 565/565/565 564/564/564
f 534/534/534 566/566/566 565/565/565
f 569/569/569 568/568/568 567/567/567
f 572/572/572 571/571/571 570/570/570
f 572/572/572 573/573/573 571/571/571
f 575/575/575 572/572/572 574/574/574
f 576/576/576 572/572/572 575/575/575
f 577/577/577 572/572/572 576/576/576
f 578/578/578 572/572/572 577/577/577
f 579/579/579 572/572/572 578/578/578
f 580/580/580 572/572/572 579/579/579
f 583/583/583 582/582/582 581/581/581
f 584/584/584 582/582/582 583/583/583
f 573/573/573 582/582/582 584/584/584
f 573/573/573 585/585/585 582/582/582
f 573/573/573 586/586/586 585/585/585
f 587/587/587 534/534/534 532/532/532
f 569/569/569 588/588/588 568/568/568
f 589/589/589 534/534/534 587/587/587
f 573/573/573 590/590/590 586/586/586
f 593/593/593 592/592/592 591/591/591
f 594/594/594 593/593/593 591/591/591
f 569/569/569 595/595/595 588/588/588
f 591/591/591 597/597/597 596/596/596
f 572/572/572 590/590/590 573/573/573
f 590/590/590 572/572/572 569/569/569
f 569/569/569 572/572/572 595/595/595
f 595/595/595 572/572/572 589/589/589
f 598/598/598 589/589/589 572/572/572
f 599/599/599 589/589/589 598/598/598
f 589/589/589 599/599/599 534/534/534
f 599/599/599 580/580/580 534/534/534
f 598/598/598 580/580/580 599/599/599
f 572/572/572 580/580/580 598/598/598
f 580/580/580 566/566/566 534/534/534
f 580/580/580 600/600/600 566/566/566
f 580/580/580 601/601/601 600/600/600
f 602/602/602 601/601/601 580/580/580
f 602/602/602 591/591/591 601/601/601
f 603/603/603 591/591/591 602/602/602
f 603/603/603 594/594/594 591/591/591
f 604/604/604 591/591/591 592/592/592
f 605/605/605 591/591/591 604/604/604
f 597/597/597 591/591/591 605/605/605
f 608/608/608 607/607/607 606/606/606
f 611/611/611 610/610/610 609/609/609
f 572/572/572 612/612/612 574/574/574
f 572/572/572 613/613/613 612/612/612
f 616/616/616 615/615/615 614/614/614
f 619/619/619 618/618/618 617/617/617
f 620/620/620 618/618/618 619/619/619
f 572/572/572 621/621/621 613/613/613
f 622/622/622 572/572/572 570/570/570
f 572/572/572 623/623/623 621/621/621
f 624/624/624 623/623/623 572/572/572
f 572/572/572 625/625/625 624/624/624
f 616/616/616 626/626/626 615/615/615
f 627/627/627 572/572/572 622/622/622
f 628/628/628 572/572/572 627/627/627
f 629/629/629 572/572/572 628/628/628
f 630/630/630 572/572/572 629/629/629
f 607/607/607 572/572/572 630/630/630
f 608/608/608 572/572/572 607/607/607
f 625/625/625 618/618/618 620/620/620
f 632/632/632 616/616/616 631/631/631
f 618/618/618 616/616/616 632/632/632
f 572/572/572 618/618/618 625/625/625
f 633/633/633 618/618/618 572/572/572
f 634/634/634 618/618/618 633/633/633
f 634/634/634 616/616/616 618/618/618
f 634/634/634 608/608/608 616/616/616
f 608/608/608 633/633/633 572/572/572
f 633/633/633 608/608/608 634/634/634
f 608/608/608 626/626/626 616/616/616
f 635/635/635 626/626/626 608/608/608
f 636/636/636 626/626/626 635/635/635
f 637/637/637 626/626/626 636/636/636
f 638/638/638 626/626/626 637/637/637
f 639/639/639 626/626/626 638/638/638
f 639/639/639 611/611/611 626/626/626
f 639/639/639 610/610/610 611/611/611
f 642/642/642 641/641/641 640/640/640
f 645/645/645 644/644/644 643/643/643
f 647/647/647 645/645/645 646/646/646
f 645/645/645 648/648/648 644/644/644
f 631/631/631 650/650/650 649/649/649
f 616/616/616 650/650/650 631/631/631
f 651/651/651 616/616/616 614/614/614
f 652/652/652 616/616/616 651/651/651
f 641/641/641 616/616/616 652/652/652
f 642/642/642 616/616/616 641/641/641
f 653/653/653 616/616/616 642/642/642
f 654/654/654 645/645/645 647/647/647
f 650/650/650 645/645/645 654/654/654
f 616/616/616 645/645/645 650/650/650
f 616/616/616 648/648/648 645/645/645
f 653/653/653 648/648/648 616/616/616
f 655/655/655 648/648/648 653/653/653
f 655/655/655 656/656/656 648/648/648
f 657/657/657 656/656/656 655/655/655
f 658/658/658 656/656/656 657/657/657
f 659/659/659 656/656/656 658/658/658
f 661/661/661 659/659/659 660/660/660
f 661/661/661 656/656/656 659/659/659
f 581/581/581 662/662/662 583/583/583
f 663/663/663 662/662/662 581/581/581
f 666/666/666 665/665/665 664/664/664
f 669/669/669 668/668/668 667/667/667
f 670/670/670 668/668/668 669/669/669
f 673/673/673 672/672/672 671/671/671
f 673/673/673 674/674/674 672/672/672
f 675/675/675 674/674/674 673/673/673
f 678/678/678 677/677/677 676/676/676
f 679/679/679 677/677/677 678/678/678
f 682/682/682 681/681/681 680/680/680
f 683/683/683 681/681/681 682/682/682
f 684/684/684 681/681/681 683/683/683
f 687/687/687 686/686/686 685/685/685
f 687/687/687 688/688/688 686/686/686
f 670/670/670 689/689/689 668/668/668
f 690/690/690 689/689/689 670/670/670
f 691/691/691 674/674/674 675/675/675
f 692/692/692 674/674/674 691/691/691
f 692/692/692 693/693/693 674/674/674
f 694/694/694 693/693/693 692/692/692
f 694/694/694 695/695/695 693/693/693
f 696/696/696 695/695/695 694/694/694
f 697/697/697 695/695/695 696/696/696
f 698/698/698 695/695/695 697/697/697
f 699/699/699 695/695/695 698/698/698
f 699/699/699 700/700/700 695/695/695
f 701/701/701 700/700/700 699/699/699
f 701/701/701 702/702/702 700/700/700
f 701/701/701 703/703/703 702/702/702
f 701/701/701 704/704/704 703/703/703
f 701/701/701 705/705/705 704/704/704
f 707/707/707 687/687/687 706/706/706
f 709/709/709 701/701/701 708/708/708
f 712/712/712 711/711/711 710/710/710
f 713/713/713 711/711/711 712/712/712
f 713/713/713 714/714/714 711/711/711
f 717/717/717 716/716/716 715/715/715
f 666/666/666 718/718/718 665/665/665
f 719/719/719 677/677/677 679/679/679
f 722/722/722 721/721/721 720/720/720
f 725/725/725 724/724/724 723/723/723
f 725/725/725 726/726/726 724/724/724
f 729/729/729 728/728/728 727/727/727
f 732/732/732 731/731/731 730/730/730
f 735/735/735 734/734/734 733/733/733
f 726/726/726 737/737/737 736/736/736
f 681/681/681 739/739/739 738/738/738
f 681/681/681 740/740/740 739/739/739
f 710/710/710 742/742/742 741/741/741
f 710/710/710 743/743/743 742/742/742
f 710/710/710 711/711/711 743/743/743
f 746/746/746 745/745/745 744/744/744
f 748/748/748 681/681/681 747/747/747
f 749/749/749 681/681/681 748/748/748
f 752/752/752 751/751/751 750/750/750
f 752/752/752 753/753/753 751/751/751
f 707/707/707 753/753/753 752/752/752
f 707/707/707 754/754/754 753/753/753
f 756/756/756 709/709/709 755/755/755
f 752/752/752 757/757/757 712/712/712
f 752/752/752 758/758/758 757/757/757
f 752/752/752 750/750/750 758/758/758
f 760/760/760 701/701/701 759/759/759
f 761/761/761 701/701/701 760/760/760
f 701/701/701 761/761/761 762/762/762
f 765/765/765 764/764/764 763/763/763
f 768/768/768 767/767/767 766/766/766
f 771/771/771 770/770/770 769/769/769
f 772/772/772 770/770/770 771/771/771
f 773/773/773 770/770/770 772/772/772
f 770/770/770 773/773/773 767/767/767
f 774/774/774 681/681/681 749/749/749
f 681/681/681 774/774/774 769/769/769
f 712/712/712 757/757/757 775/775/775
f 737/737/737 752/752/752 776/776/776
f 745/745/745 778/778/778 777/777/777
f 778/778/778 780/780/780 779/779/779
f 710/710/710 782/782/782 781/781/781
f 784/784/784 729/729/729 783/783/783
f 728/728/728 786/786/786 785/785/785
f 786/786/786 788/788/788 787/787/787
f 790/790/790 666/666/666 789/789/789
f 740/740/740 719/719/719 791/791/791
f 790/790/790 718/718/718 666/666/666
f 731/731/731 689/689/689 690/690/690
f 719/719/719 770/770/770 677/677/677
f 701/701/701 762/762/762 705/705/705
f 782/782/782 734/734/734 735/735/735
f 782/782/782 784/784/784 734/734/734
f 710/710/710 784/784/784 782/782/782
f 710/710/710 729/729/729 784/784/784
f 710/710/710 728/728/728 729/729/729
f 710/710/710 786/786/786 728/728/728
f 710/710/710 788/788/788 786/786/786
f 710/710/710 792/792/792 788/788/788
f 707/707/707 688/688/688 687/687/687
f 717/717/717 746/746/746 716/716/716
f 752/752/752 746/746/746 717/717/717
f 718/718/718 681/681/681 684/684/684
f 790/790/790 681/681/681 718/718/718
f 792/792/792 681/681/681 790/790/790
f 681/681/681 719/719/719 740/740/740
f 681/681/681 770/770/770 719/719/719
f 793/793/793 731/731/731 732/732/732
f 793/793/793 689/689/689 731/731/731
f 770/770/770 689/689/689 793/793/793
f 725/725/725 737/737/737 726/726/726
f 725/725/725 752/752/752 737/737/737
f 746/746/746 778/778/778 745/745/745
f 752/752/752 778/778/778 746/746/746
f 752/752/752 780/780/780 778/778/778
f 756/756/756 701/701/701 709/709/709
f 722/722/722 794/794/794 721/721/721
f 795/795/795 764/764/764 765/765/765
f 689/689/689 795/795/795 765/765/765
f 768/768/768 689/689/689 767/767/767
f 689/689/689 768/768/768 795/795/795
f 756/756/756 759/759/759 701/701/701
f 794/794/794 759/759/759 756/756/756
f 722/722/722 759/759/759 794/794/794
f 796/796/796 759/759/759 722/722/722
f 689/689/689 759/759/759 796/796/796
f 689/689/689 765/765/765 759/759/759
f 770/770/770 767/767/767 689/689/689
f 681/681/681 769/769/769 770/770/770
f 792/792/792 747/747/747 681/681/681
f 710/710/710 747/747/747 792/792/792
f 710/710/710 741/741/741 747/747/747
f 780/780/780 712/712/712 710/710/710
f 752/752/752 712/712/712 780/780/780
f 707/707/707 725/725/725 688/688/688
f 752/752/752 725/725/725 707/707/707
f 799/799/799 798/798/798 797/797/797
f 800/800/800 798/798/798 799/799/799
f 803/803/803 802/802/802 801/801/801
f 803/803/803 804/804/804 802/802/802
f 803/803/803 805/805/805 804/804/804
f 808/808/808 807/807/807 806/806/806
f 808/808/808 809/809/809 807/807/807
f 812/812/812 811/811/811 810/810/810
f 812/812/812 813/813/813 811/811/811
f 814/814/814 813/813/813 812/812/812
f 814/814/814 815/815/815 813/813/813
f 814/814/814 816/816/816 815/815/815
f 817/817/817 816/816/816 814/814/814
f 818/818/818 816/816/816 817/817/817
f 819/819/819 816/816/816 818/818/818
f 819/819/819 820/820/820 816/816/816
f 821/821/821 820/820/820 819/819/819
f 822/822/822 820/820/820 821/821/821
f 822/822/822 823/823/823 820/820/820
f 824/824/824 823/823/823 822/822/822
f 825/825/825 823/823/823 824/824/824
f 826/826/826 823/823/823 825/825/825
f 826/826/826 827/827/827 823/823/823
f 828/828/828 827/827/827 826/826/826
f 831/831/831 830/830/830 829/829/829
f 799/799/799 832/832/832 800/800/800
f 799/799/799 833/833/833 832/832/832
f 799/799/799 834/834/834 833/833/833
f 835/835/835 834/834/834 799/799/799
f 838/838/838 837/837/837 836/836/836
f 839/839/839 837/837/837 838/838/838
f 839/839/839 840/840/840 837/837/837
f 839/839/839 841/841/841 840/840/840
f 842/842/842 841/841/841 839/839/839
f 842/842/842 843/843/843 841/841/841
f 844/844/844 843/843/843 842/842/842
f 844/844/844 845/845/845 843/843/843
f 844/844/844 846/846/846 845/845/845
f 849/849/849 848/848/848 847/847/847
f 849/849/849 850/850/850 848/848/848
f 851/851/851 850/850/850 849/849/849
f 854/854/854 853/853/853 852/852/852
f 854/854/854 855/855/855 853/853/853
f 854/854/854 856/856/856 855/855/855
f 857/857/857 856/856/856 854/854/854
f 860/860/860 859/859/859 858/858/858
f 863/863/863 862/862/862 861/861/861
f 859/859/859 865/865/865 864/864/864
f 860/860/860 865/865/865 859/859/859
f 860/860/860 866/866/866 865/865/865
f 860/860/860 867/867/867 866/866/866
f 870/870/870 869/869/869 868/868/868
f 870/870/870 872/872/872 871/871/871
f 875/875/875 874/874/874 873/873/873
f 875/875/875 877/877/877 876/876/876
f 870/870/870 879/879/879 878/878/878
f 862/862/862 881/881/881 880/880/880
f 863/863/863 881/881/881 862/862/862
f 882/882/882 881/881/881 863/863/863
f 885/885/885 884/884/884 883/883/883
f 835/835/835 886/886/886 834/834/834
f 835/835/835 888/888/888 887/887/887
f 891/891/891 890/890/890 889/889/889
f 894/894/894 893/893/893 892/892/892
f 893/893/893 894/894/894 895/895/895
f 898/898/898 897/897/897 896/896/896
f 897/897/897 898/898/898 892/892/892
f 870/870/870 899/899/899 896/896/896
f 900/900/900 870/870/870 896/896/896
f 902/902/902 901/901/901 870/870/870
f 903/903/903 902/902/902 870/870/870
f 902/902/902 904/904/904 856/856/856
f 902/902/902 906/906/906 905/905/905
f 870/870/870 907/907/907 903/903/903
f 870/870/870 909/909/909 908/908/908
f 895/895/895 911/911/911 910/910/910
f 914/914/914 913/913/913 912/912/912
f 917/917/917 916/916/916 915/915/915
f 881/881/881 919/919/919 918/918/918
f 919/919/919 921/921/921 920/920/920
f 921/921/921 923/923/923 922/922/922
f 875/875/875 925/925/925 924/924/924
f 928/928/928 927/927/927 926/926/926
f 885/885/885 930/930/930 929/929/929
f 933/933/933 932/932/932 931/931/931
f 829/829/829 935/935/935 934/934/934
f 829/829/829 936/936/936 935/935/935
f 829/829/829 937/937/937 936/936/936
f 829/829/829 938/938/938 937/937/937
f 829/829/829 939/939/939 938/938/938
f 829/829/829 940/940/940 939/939/939
f 829/829/829 941/941/941 940/940/940
f 829/829/829 942/942/942 941/941/941
f 829/829/829 943/943/943 942/942/942
f 829/829/829 830/830/830 943/943/943
f 945/945/945 803/803/803 944/944/944
f 887/887/887 886/886/886 835/835/835
f 889/889/889 888/888/888 835/835/835
f 891/891/891 889/889/889 835/835/835
f 883/883/883 890/890/890 891/891/891
f 885/885/885 883/883/883 891/891/891
f 929/929/929 884/884/884 885/885/885
f 931/931/931 930/930/930 885/885/885
f 933/933/933 931/931/931 885/885/885
f 946/946/946 932/932/932 933/933/933
f 933/933/933 947/947/947 946/946/946
f 947/947/947 867/867/867 860/860/860
f 948/948/948 881/881/881 882/882/882
f 902/902/902 856/856/856 857/857/857
f 875/875/875 876/876/876 874/874/874
f 924/924/924 877/877/877 875/875/875
f 949/949/949 925/925/925 875/875/875
f 875/875/875 948/948/948 949/949/949
f 951/951/951 948/948/948 950/950/950
f 952/952/952 948/948/948 951/951/951
f 949/949/949 948/948/948 952/952/952
f 875/875/875 953/953/953 948/948/948
f 948/948/948 954/954/954 923/923/923
f 954/954/954 948/948/948 953/953/953
f 927/927/927 955/955/955 926/926/926
f 956/956/956 951/951/951 950/950/950
f 955/955/955 951/951/951 926/926/926
f 923/923/923 921/921/921 919/919/919
f 923/923/923 919/919/919 881/881/881
f 923/923/923 881/881/881 948/948/948
f 956/956/956 926/926/926 951/951/951
f 914/914/914 928/928/928 926/926/926
f 913/913/913 914/914/914 926/926/926
f 895/895/895 912/912/912 911/911/911
f 893/893/893 895/895/895 910/910/910
f 897/897/897 892/892/892 893/893/893
f 900/900/900 896/896/896 897/897/897
f 957/957/957 870/870/870 900/900/900
f 870/870/870 957/957/957 909/909/909
f 870/870/870 908/908/908 872/872/872
f 870/870/870 871/871/871 879/879/879
f 958/958/958 870/870/870 878/878/878
f 870/870/870 958/958/958 869/869/869
f 959/959/959 870/870/870 868/868/868
f 870/870/870 959/959/959 907/907/907
f 902/902/902 903/903/903 906/906/906
f 904/904/904 902/902/902 905/905/905
f 961/961/961 803/803/803 960/960/960
f 961/961/961 805/805/805 803/803/803
f 961/961/961 808/808/808 805/805/805
f 961/961/961 809/809/809 808/808/808
f 849/849/849 961/961/961 851/851/851
f 849/849/849 809/809/809 961/961/961
f 895/895/895 934/934/934 912/912/912
f 895/895/895 829/829/829 934/934/934
f 962/962/962 829/829/829 895/895/895
f 963/963/963 829/829/829 962/962/962
f 964/964/964 829/829/829 963/963/963
f 828/828/828 964/964/964 827/827/827
f 965/965/965 964/964/964 828/828/828
f 831/831/831 964/964/964 965/965/965
f 831/831/831 829/829/829 964/964/964
f 968/968/968 967/967/967 966/966/966
f 936/936/936 968/968/968 935/935/935
f 936/936/936 967/967/967 968/968/968
f 936/936/936 969/969/969 967/967/967
f 936/936/936 970/970/970 969/969/969
f 971/971/971 970/970/970 936/936/936
f 971/971/971 972/972/972 970/970/970
f 973/973/973 972/972/972 971/971/971
f 973/973/973 974/974/974 972/972/972
f 975/975/975 974/974/974 973/973/973
f 975/975/975 844/844/844 974/974/974
f 976/976/976 844/844/844 975/975/975
f 977/977/977 844/844/844 976/976/976
f 846/846/846 844/844/844 977/977/977
f 978/978/978 961/961/961 960/960/960
f 978/978/978 979/979/979 961/961/961
f 979/979/979 981/981/981 980/980/980
f 982/982/982 979/979/979 978/978/978
f 979/979/979 982/982/982 981/981/981
f 981/981/981 912/912/912 980/980/980
f 981/981/981 914/914/914 912/912/912
f 934/934/934 980/980/980 912/912/912
f 979/979/979 934/934/934 935/935/935
f 979/979/979 980/980/980 934/934/934
f 979/979/979 968/968/968 961/961/961
f 979/979/979 935/935/935 968/968/968
f 966/966/966 961/961/961 968/968/968
f 983/983/983 961/961/961 966/966/966
f 984/984/984 961/961/961 983/983/983
f 985/985/985 961/961/961 984/984/984
f 986/986/986 961/961/961 985/985/985
f 961/961/961 987/987/987 851/851/851
f 986/986/986 987/987/987 961/961/961
f 851/851/851 987/987/987 850/850/850
f 960/960/960 989/989/989 988/988/988
f 960/960/960 990/990/990 989/989/989
f 960/960/960 945/945/945 990/990/990
f 803/803/803 945/945/945 960/960/960
f 988/988/988 991/991/991 978/978/978
f 988/988/988 992/992/992 991/991/991
f 988/988/988 993/993/993 992/992/992
f 978/978/978 960/960/960 988/988/988
f 982/982/982 978/978/978 994/994/994
f 994/994/994 978/978/978 991/991/991
f 995/995/995 914/914/914 981/981/981
f 995/995/995 996/996/996 914/914/914
f 997/997/997 996/996/996 995/995/995
f 988/988/988 999/999/999 998/998/998
f 1000/1000/1000 988/988/988 989/989/989
f 988/988/988 1001/1001/1001 999/999/999
f 1002/1002/1002 988/988/988 1000/1000/1000
f 1002/1002/1002 1001/1001/1001 988/988/988
f 1003/1003/1003 947/947/947 933/933/933
f 995/995/995 1005/1005/1005 1004/1004/1004
f 1006/1006/1006 947/947/947 1003/1003/1003
f 947/947/947 1006/1006/1006 1007/1007/1007
f 1006/1006/1006 1005/1005/1005 1008/1008/1008
f 1007/1007/1007 1006/1006/1006 1008/1008/1008
f 995/995/995 992/992/992 1008/1008/1008
f 1005/1005/1005 995/995/995 1008/1008/1008
f 995/995/995 1004/1004/1004 997/997/997
f 1008/1008/1008 993/993/993 1009/1009/1009
f 1008/1008/1008 992/992/992 993/993/993
f 1007/1007/1007 1009/1009/1009 1010/1010/1010
f 1007/1007/1007 1008/1008/1008 1009/1009/1009
f 1007/1007/1007 867/867/867 947/947/947
f 867/867/867 1007/1007/1007 1010/1010/1010
f 991/991/991 995/995/995 994/994/994
f 991/991/991 992/992/992 995/995/995
f 994/994/994 995/995/995 981/981/981
f 982/982/982 994/994/994 981/981/981
f 988/988/988 998/998/998 993/993/993
f 1011/1011/1011 993/993/993 998/998/998
f 1011/1011/1011 1009/1009/1009 993/993/993
f 1012/1012/1012 1009/1009/1009 1011/1011/1011
f 1012/1012/1012 1010/1010/1010 1009/1009/1009
f 1010/1010/1010 1013/1013/1013 867/867/867
f 1010/1010/1010 1014/1014/1014 1013/1013/1013
f 1010/1010/1010 1015/1015/1015 1014/1014/1014
f 1010/1010/1010 1012/1012/1012 1015/1015/1015
g cPK_20_000040_00_FUSHIGIBANAex_SR_L_SB_1
f 1018/1018/1018 1017/1017/1017 1016/1016/1016
f 1019/1019/1019 1017/1017/1017 1018/1018/1018
f 1019/1019/1019 1020/1020/1020 1017/1017/1017
f 1021/1021/1021 1020/1020/1020 1019/1019/1019
f 1022/1022/1022 1020/1020/1020 1021/1021/1021
f 1025/1025/1025 1024/1024/1024 1023/1023/1023
f 1028/1028/1028 1027/1027/1027 1026/1026/1026
f 1031/1031/1031 1030/1030/1030 1029/1029/1029
f 45/45/45 1033/1033/1033 1032/1032/1032
f 1034/1034/1034 1033/1033/1033 45/45/45
f 45/45/45 1035/1035/1035 1034/1034/1034
f 2/2/2 1035/1035/1035 45/45/45
f 1036/1036/1036 153/153/153 155/155/155
f 1037/1037/1037 153/153/153 1036/1036/1036
f 1038/1038/1038 153/153/153 1037/1037/1037
f 1039/1039/1039 153/153/153 1038/1038/1038
f 1039/1039/1039 152/152/152 153/153/153
f 1040/1040/1040 152/152/152 1039/1039/1039
f 1041/1041/1041 152/152/152 1040/1040/1040
f 1042/1042/1042 152/152/152 1041/1041/1041
f 1043/1043/1043 152/152/152 1042/1042/1042
f 1043/1043/1043 149/149/149 152/152/152
f 1020/1020/1020 149/149/149 1043/1043/1043
f 1020/1020/1020 1044/1044/1044 149/149/149
f 1046/1046/1046 1045/1045/1045 1020/1020/1020
f 1020/1020/1020 1047/1047/1047 1044/1044/1044
f 1048/1048/1048 1020/1020/1020 1045/1045/1045
f 1049/1049/1049 1020/1020/1020 1048/1048/1048
f 1050/1050/1050 1020/1020/1020 1049/1049/1049
f 1051/1051/1051 1020/1020/1020 1050/1050/1050
f 1051/1051/1051 1047/1047/1047 1020/1020/1020
f 1047/1047/1047 1051/1051/1051 1052/1052/1052
f 1022/1022/1022 1046/1046/1046 1020/1020/1020
f 1047/1047/1047 1052/1052/1052 1053/1053/1053
f 1053/1053/1053 1052/1052/1052 1054/1054/1054
f 1031/1031/1031 1054/1054/1054 1052/1052/1052
f 1031/1031/1031 1024/1024/1024 1025/1025/1025
f 1031/1031/1031 1029/1029/1029 1024/1024/1024
f 1052/1052/1052 1030/1030/1030 1031/1031/1031
f 1049/1049/1049 1027/1027/1027 1028/1028/1028
f 1049/1049/1049 1048/1048/1048 1027/1027/1027
f 137/137/137 45/45/45 1032/1032/1032
f 1032/1032/1032 138/138/138 137/137/137
f 1032/1032/1032 139/139/139 138/138/138
f 1032/1032/1032 140/140/140 139/139/139
f 156/156/156 1036/1036/1036 155/155/155
f 1032/1032/1032 141/141/141 140/140/140
f 156/156/156 1055/1055/1055 1036/1036/1036
f 156/156/156 1056/1056/1056 1055/1055/1055
f 158/158/158 1056/1056/1056 156/156/156
f 158/158/158 1057/1057/1057 1056/1056/1056
f 158/158/158 1058/1058/1058 1057/1057/1057
f 158/158/158 1059/1059/1059 1058/1058/1058
f 160/160/160 1059/1059/1059 158/158/158
f 160/160/160 1060/1060/1060 1059/1059/1059
f 160/160/160 1061/1061/1061 1060/1060/1060
f 160/160/160 1062/1062/1062 1061/1061/1061
f 161/161/161 1062/1062/1062 160/160/160
f 161/161/161 1063/1063/1063 1062/1062/1062
f 161/161/161 1064/1064/1064 1063/1063/1063
f 161/161/161 1065/1065/1065 1064/1064/1064
f 141/141/141 1065/1065/1065 161/161/161
f 1032/1032/1032 1065/1065/1065 141/141/141
f 1068/1068/1068 1067/1067/1067 1066/1066/1066
f 1069/1069/1069 1067/1067/1067 1068/1068/1068
f 1069/1069/1069 1070/1070/1070 1067/1067/1067
f 1069/1069/1069 1071/1071/1071 1070/1070/1070
f 1069/1069/1069 1072/1072/1072 1071/1071/1071
f 1069/1069/1069 1073/1073/1073 1072/1072/1072
f 1069/1069/1069 1074/1074/1074 1073/1073/1073
f 1069/1069/1069 1075/1075/1075 1074/1074/1074
f 1069/1069/1069 1076/1076/1076 1075/1075/1075
f 1077/1077/1077 1076/1076/1076 1069/1069/1069
f 1078/1078/1078 1076/1076/1076 1077/1077/1077
f 1081/1081/1081 1080/1080/1080 1079/1079/1079
f 1081/1081/1081 1082/1082/1082 1080/1080/1080
f 1081/1081/1081 1083/1083/1083 1082/1082/1082
f 1081/1081/1081 1084/1084/1084 1083/1083/1083
f 1085/1085/1085 1084/1084/1084 1081/1081/1081
f 1086/1086/1086 1084/1084/1084 1085/1085/1085
f 1087/1087/1087 1084/1084/1084 1086/1086/1086
f 1088/1088/1088 1084/1084/1084 1087/1087/1087
f 1089/1089/1089 1084/1084/1084 1088/1088/1088
f 1089/1089/1089 1090/1090/1090 1084/1084/1084
f 1091/1091/1091 1090/1090/1090 1089/1089/1089
f 1091/1091/1091 1092/1092/1092 1090/1090/1090
f 1093/1093/1093 1092/1092/1092 1091/1091/1091
f 1094/1094/1094 1092/1092/1092 1093/1093/1093
f 1095/1095/1095 1092/1092/1092 1094/1094/1094
f 1098/1098/1098 1097/1097/1097 1096/1096/1096
f 1098/1098/1098 1099/1099/1099 1097/1097/1097
f 1100/1100/1100 1099/1099/1099 1098/1098/1098
f 1101/1101/1101 1099/1099/1099 1100/1100/1100
f 1101/1101/1101 1102/1102/1102 1099/1099/1099
f 1101/1101/1101 1103/1103/1103 1102/1102/1102
f 1101/1101/1101 1104/1104/1104 1103/1103/1103
f 1101/1101/1101 1105/1105/1105 1104/1104/1104
f 1101/1101/1101 1106/1106/1106 1105/1105/1105
f 1101/1101/1101 1107/1107/1107 1106/1106/1106
f 1101/1101/1101 1108/1108/1108 1107/1107/1107
f 1101/1101/1101 1109/1109/1109 1108/1108/1108
f 1101/1101/1101 1110/1110/1110 1109/1109/1109
f 1111/1111/1111 1110/1110/1110 1101/1101/1101
f 1114/1114/1114 1113/1113/1113 1112/1112/1112
f 1113/1113/1113 1114/1114/1114 1115/1115/1115
f 1116/1116/1116 1113/1113/1113 1115/1115/1115
f 1113/1113/1113 1116/1116/1116 1117/1117/1117
f 1113/1113/1113 1118/1118/1118 1112/1112/1112
f 1113/1113/1113 1119/1119/1119 1118/1118/1118
f 1122/1122/1122 1121/1121/1121 1120/1120/1120
f 1125/1125/1125 1124/1124/1124 1123/1123/1123
f 1128/1128/1128 1127/1127/1127 1126/1126/1126
f 1131/1131/1131 1130/1130/1130 1129/1129/1129
f 1134/1134/1134 1133/1133/1133 1132/1132/1132
f 1136/1136/1136 1113/1113/1113 1135/1135/1135
f 1113/1113/1113 1136/1136/1136 1137/1137/1137
f 1125/1125/1125 1139/1139/1139 1138/1138/1138
f 1123/1123/1123 1140/1140/1140 1139/1139/1139
f 1123/1123/1123 1142/1142/1142 1141/1141/1141
f 1123/1123/1123 1144/1144/1144 1143/1143/1143
f 1123/1123/1123 1146/1146/1146 1145/1145/1145
f 1123/1123/1123 1148/1148/1148 1147/1147/1147
f 1121/1121/1121 1150/1150/1150 1149/1149/1149
f 1153/1153/1153 1152/1152/1152 1151/1151/1151
f 1134/1134/1134 1154/1154/1154 1152/1152/1152
f 1134/1134/1134 1132/1132/1132 1154/1154/1154
f 1137/1137/1137 1133/1133/1133 1134/1134/1134
f 1113/1113/1113 1137/1137/1137 1134/1134/1134
f 1113/1113/1113 1117/1117/1117 1135/1135/1135
f 1113/1113/1113 1155/1155/1155 1119/1119/1119
f 1113/1113/1113 1156/1156/1156 1155/1155/1155
f 1113/1113/1113 1157/1157/1157 1156/1156/1156
f 1113/1113/1113 1131/1131/1131 1157/1157/1157
f 1131/1131/1131 1113/1113/1113 1130/1130/1130
f 1129/1129/1129 1128/1128/1128 1131/1131/1131
f 1128/1128/1128 1129/1129/1129 1127/1127/1127
f 1126/1126/1126 1125/1125/1125 1128/1128/1128
f 1125/1125/1125 1126/1126/1126 1124/1124/1124
f 1123/1123/1123 1139/1139/1139 1125/1125/1125
f 1141/1141/1141 1140/1140/1140 1123/1123/1123
f 1143/1143/1143 1142/1142/1142 1123/1123/1123
f 1145/1145/1145 1144/1144/1144 1123/1123/1123
f 1147/1147/1147 1146/1146/1146 1123/1123/1123
f 1149/1149/1149 1148/1148/1148 1123/1123/1123
f 1121/1121/1121 1149/1149/1149 1123/1123/1123
f 1122/1122/1122 1150/1150/1150 1121/1121/1121
f 1152/1152/1152 1153/1153/1153 1158/1158/1158
f 1158/1158/1158 1159/1159/1159 1152/1152/1152
f 1158/1158/1158 1160/1160/1160 1159/1159/1159
f 1158/1158/1158 1153/1153/1153 1161/1161/1161
f 1161/1161/1161 1153/1153/1153 1162/1162/1162
f 1154/1154/1154 1151/1151/1151 1152/1152/1152
