g cPK_20_002590_00_PTERAex_SR_L_SB
v -0.08233985 -0.07412704 -0.044224598
v -0.086139716 -0.077479295 -0.044224598
v -0.082638316 -0.07982142 -0.044224598
v -0.09300985 -0.08511907 -0.044224598
v -0.08286216 -0.08952143 -0.044224598
v -0.101068236 -0.09601291 -0.044224598
v -0.082638316 -0.09459523 -0.044224598
v -0.08181756 -0.1005644 -0.044224598
v -0.10845517 -0.1072798 -0.044224598
v -0.080623716 -0.105936766 -0.044224598
v -0.07920604 -0.11004057 -0.044224598
v -0.11735038 -0.12205362 -0.044224598
v -0.07741519 -0.11481588 -0.044224598
v -0.07532599 -0.11974057 -0.044224598
v -0.073609844 -0.12436666 -0.044224598
v -0.072490625 -0.12764971 -0.044224598
v -0.072042935 -0.1296644 -0.044224598
v -0.07286369 -0.13145515 -0.044224598
v -0.07492376 -0.1325563 -0.044224598
v -0.07846277 -0.13330133 -0.044224598
v -0.08299517 -0.134481 -0.044224598
v -0.087217115 -0.13603324 -0.044224598
v -0.09038356 -0.13802002 -0.044224598
v -0.09193569 -0.13944805 -0.044224598
v -0.12369271 -0.1341413 -0.044224598
v -0.09280499 -0.14131066 -0.044224598
v -0.09317745 -0.14559467 -0.044224598
v -0.1275658 -0.14234899 -0.044224598
v -0.09336373 -0.15422484 -0.044224598
v -0.13032539 -0.14898972 -0.044224598
v -0.09305327 -0.15813641 -0.044224598
v -0.13374974 -0.16212197 -0.044224598
v -0.13270514 -0.16301733 -0.044224598
v -0.13404821 -0.16040583 -0.044224598
v -0.13128735 -0.16320176 -0.044224598
v -0.129422 -0.16249506 -0.044224598
v -0.13382435 -0.15854047 -0.044224598
v -0.12673587 -0.16077892 -0.044224598
v -0.13257197 -0.15480964 -0.044224598
v -0.122035146 -0.15734665 -0.044224598
v -0.11693056 -0.1533892 -0.044224598
v -0.11649221 -0.1606226 -0.044224598
v -0.11572503 -0.1695 -0.044224598
v -0.092308246 -0.16403477 -0.044224598
v -0.09112858 -0.16925007 -0.044224598
v -0.11408104 -0.17892535 -0.044224598
v -0.08926598 -0.17471379 -0.044224598
v -0.110464334 -0.19295384 -0.044224598
v -0.08690664 -0.1799291 -0.044224598
v -0.08386438 -0.1853928 -0.044224598
v -0.105642 -0.20555754 -0.044224598
v -0.08076002 -0.1901115 -0.044224598
v -0.0986278 -0.21816126 -0.044224598
v -0.07573087 -0.19625811 -0.044224598
v -0.071012184 -0.20085262 -0.044224598
v -0.08832566 -0.23208013 -0.044224598
v -0.06536231 -0.20581965 -0.044224598
v -0.079119414 -0.2415055 -0.044224598
v -0.061016183 -0.20898612 -0.044224598
v -0.05493155 -0.21295968 -0.044224598
v -0.07035164 -0.24819092 -0.044224598
v -0.04803982 -0.21643662 -0.044224598
v -0.062351044 -0.25378036 -0.044224598
v -0.03785754 -0.22047226 -0.044224598
v -0.052268114 -0.25882182 -0.044224598
v -0.039554786 -0.26386338 -0.044224598
v -0.02953775 -0.22270744 -0.044224598
v -0.0280471 -0.26660332 -0.044224598
v -0.02233564 -0.2239492 -0.044224598
v -0.016648918 -0.268576 -0.044224598
v -0.014077956 -0.2246943 -0.044224598
v -0.0032780075 -0.26978153 -0.044224598
v -0.007434562 -0.2246943 -0.044224598
v 0.00020217896 -0.22407341 -0.044224598
v 0.009325607 -0.26934317 -0.044224598
v 0.007776866 -0.22301786 -0.044224598
v 0.025326893 -0.2671512 -0.044224598
v 0.014668602 -0.2209069 -0.044224598
v 0.03979371 -0.26386338 -0.044224598
v 0.02056696 -0.21854758 -0.044224598
v 0.054370146 -0.25860268 -0.044224598
v 0.028203705 -0.21457405 -0.044224598
v 0.06522025 -0.25279403 -0.044224598
v 0.034350336 -0.21041417 -0.044224598
v 0.07508406 -0.24643734 -0.044224598
v 0.03968986 -0.20581965 -0.044224598
v 0.0860438 -0.23624478 -0.044224598
v 0.0466437 -0.19880375 -0.044224598
v 0.0933868 -0.22780585 -0.044224598
v 0.051362373 -0.19191198 -0.044224598
v 0.097880326 -0.22188757 -0.044224598
v 0.103688955 -0.21268134 -0.044224598
v 0.056143027 -0.18321973 -0.044224598
v 0.109607235 -0.20106404 -0.044224598
v 0.05887493 -0.17564508 -0.044224598
v 0.114867926 -0.1873644 -0.044224598
v 0.06104799 -0.16838089 -0.044224598
v 0.11892297 -0.17158233 -0.044224598
v 0.061793018 -0.16148913 -0.044224598
v 0.121662974 -0.15667705 -0.044224598
v 0.061730918 -0.14963044 -0.044224598
v 0.1235261 -0.13782634 -0.044224598
v 0.06166884 -0.13802002 -0.044224598
v 0.12374532 -0.11787959 -0.044224598
v 0.060861733 -0.13199757 -0.044224598
v 0.05930949 -0.12405036 -0.044224598
v 0.123421706 -0.10201039 -0.044224598
v 0.05688816 -0.11510974 -0.044224598
v 0.053597517 -0.10579657 -0.044224598
v 0.12322507 -0.0927703 -0.044224598
v 0.121750616 -0.07684588 -0.044224598
v 0.050368972 -0.09803561 -0.044224598
v 0.1211487 -0.07053085 -0.044224598
v 0.045464013 -0.08890883 -0.044224598
v 0.119969 -0.061404046 -0.044224598
v 0.11903771 -0.055319417 -0.044224598
v 0.042545944 -0.08468677 -0.044224598
v 0.11810642 -0.051283754 -0.044224598
v 0.11692675 -0.048179395 -0.044224598
v 0.1154987 -0.04513702 -0.044224598
v 0.11363611 -0.042529415 -0.044224598
v 0.11146305 -0.040418442 -0.044224598
v 0.10885543 -0.03836947 -0.044224598
v 0.10630982 -0.03706571 -0.044224598
v 0.103391625 -0.03594814 -0.044224598
v 0.10041147 -0.035203006 -0.044224598
v 0.0973692 -0.034830555 -0.044224598
v 0.09476149 -0.035140917 -0.044224598
v 0.09010499 -0.035886046 -0.044224598
v 0.08464119 -0.037748635 -0.044224598
v 0.078991316 -0.039859604 -0.044224598
v 0.07091992 -0.044392 -0.044224598
v 0.06421445 -0.0490486 -0.044224598
v 0.05831609 -0.05382928 -0.044224598
v 0.050058503 -0.06171441 -0.044224598
v 0.0456503 -0.066805646 -0.044224598
v 0.041987102 -0.07183469 -0.044224598
v 0.040434964 -0.07462869 -0.044224598
v 0.040372882 -0.08214125 -0.044224598
v 0.039627753 -0.076987915 -0.044224598
v 0.039441466 -0.078974806 -0.044224598
v 0.03968986 -0.0808374 -0.044224598
v 0.05214713 -0.06444413 -0.041338164
v 0.050218165 -0.06420301 -0.041338164
v 0.05400005 -0.065437086 -0.041338164
v 0.055679765 -0.06686491 -0.041338164
v 0.056939628 -0.068796694 -0.041338164
v 0.047927536 -0.064263284 -0.041338164
v 0.04593829 -0.06486605 -0.041338164
v 0.043460976 -0.06607505 -0.041338164
v 0.05803151 -0.071148336 -0.041338164
v 0.058759432 -0.07396152 -0.041338164
v 0.058291007 -0.07684572 -0.041338164
v 0.0574114 -0.08151443 -0.041338164
v 0.04083846 -0.06659948 -0.041338164
v 0.05578747 -0.091054596 -0.041338164
v 0.054295063 -0.10127139 -0.041338164
v 0.05219626 -0.11162348 -0.041338164
v 0.04929207 -0.12197568 -0.041338164
v 0.045627292 -0.13335446 -0.041338164
v 0.038426753 -0.15286267 -0.041338164
v 0.029512018 -0.18598966 -0.041338164
v 0.030324867 -0.1836796 -0.041338164
v 0.028100362 -0.18804306 -0.041338164
v 0.02621809 -0.18962578 -0.041338164
v 0.024293087 -0.19052413 -0.041338164
v 0.022196978 -0.19095193 -0.041338164
v 0.020528648 -0.19078077 -0.041338164
v 0.018175863 -0.1900536 -0.041338164
v 0.016208034 -0.18894136 -0.041338164
v 0.014283033 -0.18714464 -0.041338164
v 0.012743096 -0.1842785 -0.041338164
v 0.011973073 -0.18094186 -0.041338164
v 0.03118034 -0.18008626 -0.041338164
v 0.011502455 -0.17786187 -0.041338164
v 0.03408931 -0.16759513 -0.041338164
v 0.01081799 -0.17563736 -0.041338164
v 0.009919685 -0.17384066 -0.041338164
v 0.007738015 -0.17529514 -0.041338164
v 0.0058557405 -0.17610788 -0.041338164
v 0.0036313366 -0.17649294 -0.041338164
v 0.001663509 -0.176279 -0.041338164
v -0.0005608894 -0.17529514 -0.041338164
v -0.002186487 -0.1737551 -0.041338164
v -0.0032131858 -0.17200123 -0.041338164
v -0.0039832057 -0.16952014 -0.041338164
v -0.0042826044 -0.166654 -0.041338164
v -0.0041970485 -0.16259006 -0.041338164
v -0.0039832057 -0.15963836 -0.041338164
v -0.0035981424 -0.158355 -0.041338164
v -0.0032131858 -0.15608776 -0.041338164
v -0.0031703517 -0.15176725 -0.041338164
v -0.004881511 -0.15240888 -0.041338164
v -0.007362584 -0.15360668 -0.041338164
v -0.009758203 -0.15433387 -0.041338164
v -0.013180415 -0.15506119 -0.041338164
v -0.017073244 -0.15506119 -0.041338164
v -0.02135103 -0.15454784 -0.041338164
v -0.026441673 -0.15317892 -0.041338164
v -0.030206105 -0.1516817 -0.041338164
v -0.03469774 -0.14911497 -0.041338164
v -0.03794894 -0.14680499 -0.041338164
v -0.040857803 -0.1435538 -0.041338164
v -0.043552823 -0.13966107 -0.041338164
v -0.045730945 -0.13527025 -0.041338164
v -0.047643833 -0.12910663 -0.041338164
v -0.04877739 -0.121313564 -0.041338164
v -0.048635628 -0.11337884 -0.041338164
v -0.047998063 -0.10679014 -0.041338164
v -0.046722855 -0.095383994 -0.041338164
v -0.044459913 -0.082688205 -0.041338164
v -0.04261482 -0.07258195 -0.041338164
v -0.03921811 -0.059833825 -0.041338164
v -0.0369117 -0.051908173 -0.041338164
v -0.033808526 -0.04347932 -0.041338164
v 0.041479565 -0.06339424 -0.041338164
v 0.04130469 -0.061004795 -0.041338164
v 0.04083846 -0.058149185 -0.041338164
v 0.040022578 -0.05430274 -0.041338164
v 0.038612492 -0.04943409 -0.041338164
v 0.03658417 -0.044803437 -0.041338164
v 0.034136426 -0.03967497 -0.041338164
v 0.03068684 -0.03416992 -0.041338164
v -0.03208923 -0.038908493 -0.041338164
v -0.029489268 -0.0337086 -0.041338164
v 0.027751446 -0.030060316 -0.041338164
v 0.024145061 -0.026076486 -0.041338164
v 0.019616134 -0.021589547 -0.041338164
v -0.027057076 -0.029179662 -0.041338164
v -0.024457132 -0.025112052 -0.041338164
v -0.021731393 -0.022050772 -0.041338164
v 0.015422652 -0.018234743 -0.041338164
v 0.010264735 -0.015089673 -0.041338164
v -0.019299213 -0.019534722 -0.041338164
v -0.017076587 -0.017647643 -0.041338164
v 0.00632291 -0.013370364 -0.041338164
v 0.002968083 -0.0125736 -0.041338164
v -0.014392847 -0.01563478 -0.041338164
v -0.0011415146 -0.011944506 -0.041338164
v -0.01196056 -0.014209022 -0.041338164
v -0.009486491 -0.013202593 -0.041338164
v -0.006551094 -0.012405829 -0.041338164
v -0.0035736964 -0.011944506 -0.041338164
v -0.10799469 -0.025804669 -0.037261378
v -0.10820407 -0.021581912 -0.037261378
v -0.111135595 -0.024164481 -0.037261378
v -0.115358345 -0.022768456 -0.037261378
v -0.10823897 -0.01872018 -0.037261378
v -0.32184264 0.035266943 -0.037261378
v -0.32264814 0.033965852 -0.037261378
v -0.31704125 0.037621256 -0.037261378
v -0.008030497 -0.027453681 -0.037261378
v -0.0053741345 -0.025621777 -0.037261378
v -0.010915837 -0.027911738 -0.037261378
v -0.3030437 -0.34771734 -0.037261378
v -0.30241114 -0.34548852 -0.037261378
v -0.30403757 -0.34895214 -0.037261378
v -0.30819392 -0.35045812 -0.037261378
v -0.3068387 -0.35036772 -0.037261378
v -0.30954933 -0.34997618 -0.037261378
v -0.36063418 0.0018353813 -0.037261378
v -0.3597935 0.00061794353 -0.037261378
v -0.36112702 0.0038934895 -0.037261378
v -0.28984633 0.046440046 -0.037261378
v -0.29238477 0.046131115 -0.037261378
v -0.28616938 0.045730438 -0.037261378
v -0.28307292 0.044762805 -0.037261378
v -0.28010556 0.042827543 -0.037261378
v -0.22009008 0.098244354 -0.037261378
v -0.22069323 0.095982514 -0.037261378
v -0.21888702 0.10017561 -0.037261378
v -0.21642669 0.103047505 -0.037261378
v -0.21292606 0.10540837 -0.037261378
v -0.02505741 0.06636954 -0.037261378
v -0.02723006 0.067999154 -0.037261378
v -0.023590775 0.064414166 -0.037261378
v -0.0017549656 -0.021136587 -0.037261378
v -0.00066858757 -0.017877558 -0.037261378
v -0.00338448 -0.023580909 -0.037261378
v -0.30530253 -0.34985578 -0.037261378
v -0.3389594 -0.039791882 -0.037261378
v -0.33683038 -0.039544333 -0.037261378
v -0.3412864 -0.039395817 -0.037261378
v -0.34321734 -0.038455077 -0.037261378
v -0.34504935 -0.03677168 -0.037261378
v -0.3530207 -0.023898557 -0.037261378
v -0.35242656 -0.0261762 -0.037261378
v -0.3530207 -0.022363776 -0.037261378
v -0.3526741 -0.020284215 -0.037261378
v -0.35188198 -0.018650386 -0.037261378
v -0.34828243 -0.0067510502 -0.037261378
v -0.34639415 -0.0059672347 -0.037261378
v -0.3500005 -0.0068665105 -0.037261378
v -0.3515354 -0.0064704493 -0.037261378
v -0.35309204 -0.0055753826 -0.037261378
v -0.3613009 0.0056037786 -0.037261378
v -0.36077908 0.007893843 -0.037261378
v -0.35904655 0.010887766 -0.037261378
v -0.36002544 0.0094881505 -0.037261378
v -0.35703298 0.012529594 -0.037261378
v -0.24152951 0.06650214 -0.037261378
v -0.2481739 0.056116242 -0.037261378
v -0.23565929 0.07546883 -0.037261378
v -0.22824073 0.085661165 -0.037261378
v -0.22359072 0.090673275 -0.037261378
v -0.20816365 0.10728073 -0.037261378
v -0.20079608 0.10874613 -0.037261378
v -0.18874751 0.109845124 -0.037261378
v -0.17625128 0.109723106 -0.037261378
v -0.15709174 0.108130634 -0.037261378
v -0.14340822 0.106333815 -0.037261378
v -0.13007025 0.10412238 -0.037261378
v -0.11472807 0.10059774 -0.037261378
v -0.100077026 0.09638216 -0.037261378
v -0.07982825 0.08988597 -0.037261378
v -0.05999399 0.08249133 -0.037261378
v -0.045688514 0.076686166 -0.037261378
v -0.034345753 0.07163844 -0.037261378
v -0.030484576 0.06970616 -0.037261378
v -0.022124246 0.061915547 -0.037261378
v -0.020657608 0.059308242 -0.037261378
v -0.015551693 0.049802627 -0.037261378
v -0.009794052 0.03758112 -0.037261378
v -0.006643607 0.028509954 -0.037261378
v -0.0032215968 0.017809378 -0.037261378
v -0.0009945565 0.007108693 -0.037261378
v 0.00030910075 -0.0017450948 -0.037261378
v 0.0007436462 -0.0072855675 -0.037261378
v 0.00030910075 -0.013695034 -0.037261378
v -0.013755399 -0.02768276 -0.037261378
v -0.016778164 -0.026904076 -0.037261378
v -0.019297201 -0.0257591 -0.037261378
v -0.021999339 -0.02411039 -0.037261378
v -0.025571704 -0.021774558 -0.037261378
v -0.029373048 -0.018843442 -0.037261378
v -0.30248353 -0.33708316 -0.037261378
v -0.30351353 -0.3291785 -0.037261378
v -0.30212602 -0.34074718 -0.037261378
v -0.3020498 -0.34386206 -0.037261378
v -0.3106335 -0.34901246 -0.037261378
v -0.31168768 -0.34783784 -0.037261378
v -0.31289253 -0.34563908 -0.037261378
v -0.31363302 -0.34304687 -0.037261378
v -0.31785935 -0.3262007 -0.037261378
v -0.31549478 -0.33534893 -0.037261378
v -0.31919163 -0.31994456 -0.037261378
v -0.3208475 -0.3090893 -0.037261378
v -0.3232277 -0.2928999 -0.037261378
v -0.3250703 -0.27407154 -0.037261378
v -0.32620224 -0.25792122 -0.037261378
v -0.32704517 -0.24210201 -0.037261378
v -0.32751665 -0.22854649 -0.037261378
v -0.32751665 -0.21493189 -0.037261378
v -0.3267505 -0.19972603 -0.037261378
v -0.32515433 -0.18235128 -0.037261378
v -0.32207495 -0.16000794 -0.037261378
v -0.31806096 -0.13580121 -0.037261378
v -0.31455547 -0.11785131 -0.037261378
v -0.31133443 -0.103216164 -0.037261378
v -0.30790317 -0.08963137 -0.037261378
v -0.30377176 -0.07471625 -0.037261378
v -0.30006042 -0.06288209 -0.037261378
v -0.29622367 -0.05134217 -0.037261378
v -0.2901146 -0.033540677 -0.037261378
v -0.28973562 -0.0049662506 -0.037261378
v -0.2821443 -0.004658452 -0.037261378
v -0.3008148 -0.0043506525 -0.037261378
v -0.30219972 -0.0062998706 -0.037261378
v -0.30445662 -0.009120964 -0.037261378
v -0.31040654 -0.015737649 -0.037261378
v -0.31906354 -0.024548944 -0.037261378
v -0.32588825 -0.031572983 -0.037261378
v -0.3298987 -0.035632856 -0.037261378
v -0.3325724 -0.037662853 -0.037261378
v -0.33460233 -0.038851142 -0.037261378
v -0.34722784 -0.034345638 -0.037261378
v -0.3497035 -0.030780753 -0.037261378
v -0.3515354 -0.027958533 -0.037261378
v -0.34886178 -0.014837961 -0.037261378
v -0.34435615 -0.009342134 -0.037261378
v -0.3547207 -0.0045129177 -0.037261378
v -0.35677883 -0.0028895636 -0.037261378
v -0.35268342 0.015445008 -0.037261378
v -0.3419696 0.021891935 -0.037261378
v -0.3076786 0.04141408 -0.037261378
v -0.30187407 0.04340763 -0.037261378
v -0.29782847 0.044756137 -0.037261378
v -0.29501414 0.045635603 -0.037261378
v -0.10771554 -0.015439704 -0.037261378
v -0.12118651 -0.021267856 -0.037261378
v -0.10691283 -0.012473284 -0.037261378
v -0.32286093 0.03311595 -0.037261378
v -0.3045453 -0.31965718 -0.037261378
v -0.3053786 -0.3063259 -0.037261378
v -0.3051286 -0.29707727 -0.037261378
v -0.30487868 -0.29241127 -0.037261378
v -0.3009626 -0.27758017 -0.037261378
v -0.2893961 -0.2380369 -0.037261378
v -0.27896053 -0.20587502 -0.037261378
v -0.2672684 -0.1757228 -0.037261378
v -0.25223154 -0.14131981 -0.037261378
v -0.24514715 -0.12680188 -0.037261378
v -0.23956327 -0.116227545 -0.037261378
v -0.23331635 -0.10558342 -0.037261378
v -0.22567354 -0.0931594 -0.037261378
v -0.21632066 -0.07972343 -0.037261378
v -0.20982948 -0.07127782 -0.037261378
v -0.28599852 -0.02193456 -0.037261378
v -0.2045249 -0.06510082 -0.037261378
v -0.28289455 -0.0127576785 -0.037261378
v -0.19691698 -0.056969356 -0.037261378
v -0.28199047 -0.009377341 -0.037261378
v -0.19073986 -0.050792247 -0.037261378
v -0.28178528 -0.006864052 -0.037261378
v -0.18355069 -0.044440668 -0.037261378
v -0.17548902 -0.038019296 -0.037261378
v -0.17151062 -0.035122674 -0.037261378
v -0.03322017 -0.016324505 -0.037261378
v -0.039174147 -0.012752135 -0.037261378
v -0.04540288 -0.009500294 -0.037261378
v -0.051677383 -0.0065691844 -0.037261378
v -0.05827252 -0.0040502436 -0.037261378
v -0.06619583 -0.0013938803 -0.037261378
v -0.07306571 0.0004381275 -0.037261378
v -0.07970662 0.0013083576 -0.037261378
v -0.08414922 0.001628881 -0.037261378
v -0.08927874 0.0010792781 -0.037261378
v -0.09408764 -1.9823947E-05 -0.037261378
v -0.09715617 -0.0013022289 -0.037261378
v -0.0995492 -0.0028063296 -0.037261378
v -0.10199207 -0.004760674 -0.037261378
v -0.10398131 -0.0071337693 -0.037261378
v -0.10555182 -0.009576756 -0.037261378
v -0.2208228 0.093196936 -0.037261378
v -0.13032992 -0.020534944 -0.037261378
v -0.13696077 -0.020953793 -0.037261378
v -0.14310299 -0.021930864 -0.037261378
v -0.14823303 -0.023326887 -0.037261378
v -0.15332825 -0.02528124 -0.037261378
v -0.15957516 -0.028107971 -0.037261378
v -0.16564758 -0.031528126 -0.037261378
v -0.25649545 0.0434726 -0.037261378
v -0.2604305 0.03850544 -0.037261378
v -0.2642365 0.034634925 -0.037261378
v -0.26649433 0.03540909 -0.037261378
v -0.27165496 0.03786039 -0.037261378
v -0.27623507 0.040376242 -0.037261378
v -0.35837314 -0.0010343584 -0.037261378
v -0.34232616 -0.0060248123 -0.037261378
v -0.34461284 -0.005717937 -0.037261378
v 0.17112537 -0.07470339 -0.051560234
v 0.16544797 -0.07459419 -0.051560234
v 0.17418249 -0.07579522 -0.051560234
v 0.17663905 -0.07770594 -0.051560234
v 0.17827676 -0.07961657 -0.051560234
v 0.1807334 -0.083055824 -0.051560234
v 0.18280785 -0.08644047 -0.051560234
v 0.18564658 -0.09239086 -0.051560234
v 0.18832152 -0.09741324 -0.051560234
v 0.19028677 -0.10096158 -0.051560234
v 0.24449383 -0.19610532 -0.051560234
v 0.24510777 -0.19416104 -0.051560234
v 0.2431635 -0.19784497 -0.051560234
v 0.24536362 -0.19175622 -0.051560234
v 0.24162851 -0.19912419 -0.051560234
v 0.24515902 -0.18863502 -0.051560234
v 0.23958185 -0.20040332 -0.051560234
v 0.23712583 -0.20111959 -0.051560234
v 0.23513035 -0.20101726 -0.051560234
v 0.23159997 -0.20009632 -0.051560234
v 0.24400413 -0.18448555 -0.051560234
v 0.2287925 -0.19874804 -0.051560234
v 0.24269393 -0.181756 -0.051560234
v 0.22551112 -0.19698796 -0.051560234
v 0.24061953 -0.17853515 -0.051560234
v 0.21924655 -0.19254312 -0.051560234
v 0.23805368 -0.1750413 -0.051560234
v 0.23488744 -0.17121994 -0.051560234
v 0.21474206 -0.18908271 -0.051560234
v 0.22931924 -0.16264924 -0.051560234
v 0.21166943 -0.18717352 -0.051560234
v 0.22435145 -0.1541876 -0.051560234
v 0.21747296 -0.14212312 -0.051560234
v 0.21228686 -0.13306098 -0.051560234
v 0.20939353 -0.1281478 -0.051560234
v 0.2063365 -0.12328922 -0.051560234
v 0.20333393 -0.11859446 -0.051560234
v 0.20005849 -0.11422719 -0.051560234
v 0.19694684 -0.11029662 -0.051560234
v 0.1936714 -0.106147766 -0.051560234
v 0.21149044 -0.19027594 -0.051560234
v 0.2157559 -0.21006615 -0.051560234
v 0.21594444 -0.20705028 -0.051560234
v 0.21500194 -0.21207674 -0.051560234
v 0.2155675 -0.20353167 -0.051560234
v 0.21394686 -0.213954 -0.051560234
v 0.21205659 -0.21565135 -0.051560234
v 0.20962608 -0.21677016 -0.051560234
v 0.20756891 -0.21707939 -0.051560234
v 0.20539398 -0.21694484 -0.051560234
v 0.20333786 -0.21634577 -0.051560234
v 0.20113893 -0.21549709 -0.051560234
v 0.19911622 -0.21427679 -0.051560234
v 0.21456218 -0.1995732 -0.051560234
v 0.19707587 -0.21277454 -0.051560234
v 0.19443019 -0.21012886 -0.051560234
v 0.21229592 -0.19308008 -0.051560234
v 0.19169489 -0.20672093 -0.051560234
v 0.18887493 -0.2021488 -0.051560234
v 0.18350454 -0.19262725 -0.051560234
v 0.17863373 -0.18256107 -0.051560234
v 0.17357749 -0.17124243 -0.051560234
v 0.16763982 -0.15658389 -0.051560234
v 0.1624444 -0.14229636 -0.051560234
v 0.16044974 -0.14104392 -0.051560234
v 0.15738817 -0.14025529 -0.051560234
v 0.15330599 -0.13928118 -0.051560234
v 0.14203379 -0.13942036 -0.051560234
v 0.13781245 -0.1397451 -0.051560234
v 0.13280249 -0.13951313 -0.051560234
v 0.12890592 -0.13891007 -0.051560234
v 0.124870256 -0.13761124 -0.051560234
v 0.122096494 -0.13658983 -0.051560234
v 0.11956861 -0.1347028 -0.051560234
v 0.11700513 -0.13249536 -0.051560234
v 0.11486894 -0.12986065 -0.051560234
v 0.11262584 -0.12565945 -0.051560234
v 0.110738836 -0.12209898 -0.051560234
v 0.10895868 -0.11896589 -0.051560234
v 0.10628833 -0.115085 -0.051560234
v 0.10336882 -0.111061774 -0.051560234
v 0.09781461 -0.10308651 -0.051560234
v 0.09393382 -0.09749668 -0.051560234
v 0.16490208 -0.0685347 -0.051560234
v 0.091227874 -0.09286811 -0.051560234
v 0.08948331 -0.089307755 -0.051560234
v 0.08734701 -0.08425191 -0.051560234
v 0.16408315 -0.059527166 -0.051560234
v 0.1607531 -0.045388166 -0.051560234
v 0.0854956 -0.080477975 -0.051560234
v 0.15633126 -0.033159778 -0.051560234
v 0.15261911 -0.02535337 -0.051560234
v 0.14792435 -0.017383054 -0.051560234
v 0.14426668 -0.011869364 -0.051560234
v 0.14060913 -0.007065393 -0.051560234
v 0.13624187 -0.0022614207 -0.051560234
v 0.13127409 0.0023787424 -0.051560234
v 0.12679762 0.006145609 -0.051560234
v 0.12243034 0.009857764 -0.051560234
v 0.116534546 0.015043825 -0.051560234
v 0.10960157 0.021158025 -0.051560234
v 0.10446998 0.026617104 -0.051560234
v 0.08261169 -0.08200896 -0.051560234
v 0.078624085 -0.083717905 -0.051560234
v 0.074672066 -0.08521329 -0.051560234
v 0.06886855 -0.086993456 -0.051560234
v 0.10119454 0.030438462 -0.051560234
v 0.063456774 -0.08831077 -0.051560234
v 0.05665638 -0.08955694 -0.051560234
v 0.050817322 -0.09016218 -0.051560234
v 0.04626001 -0.09058943 -0.051560234
v 0.04116866 -0.090304635 -0.051560234
v 0.035507597 -0.08987736 -0.051560234
v 0.029597357 -0.088987336 -0.051560234
v 0.023331046 -0.08742074 -0.051560234
v 0.01888055 -0.08596097 -0.051560234
v 0.013219595 -0.08364668 -0.051560234
v 0.0074872845 -0.080940746 -0.051560234
v 0.0015282028 -0.07716343 -0.051560234
v -0.005020629 -0.07207843 -0.051560234
v -0.011214805 -0.06584664 -0.051560234
v -0.017149372 -0.057409532 -0.051560234
v -0.022154402 -0.04761398 -0.051560234
v -0.025657898 -0.037389323 -0.051560234
v -0.028732484 -0.025877723 -0.051560234
v 0.098574184 0.033877715 -0.051560234
v -0.030233908 -0.017440632 -0.051560234
v -0.031163469 -0.008717489 -0.051560234
v -0.031449523 0.003509152 -0.051560234
v 0.09617228 0.037644483 -0.051560234
v 0.09071317 0.04588769 -0.051560234
v -0.031377986 0.010158689 -0.051560234
v 0.083507165 0.055495627 -0.051560234
v 0.07797122 0.062293064 -0.051560234
v -0.03166401 0.012875693 -0.051560234
v 0.07121044 0.07000834 -0.051560234
v 0.06683578 0.07446243 -0.051560234
v -0.032593466 0.015521282 -0.051560234
v 0.06111982 0.08035987 -0.051560234
v 0.053500798 0.08767198 -0.051560234
v -0.033508252 0.017287405 -0.051560234
v 0.049921457 0.0906378 -0.051560234
v 0.046393216 0.09345016 -0.051560234
v -0.03550499 0.019919448 -0.051560234
v -0.041177534 0.027951865 -0.051560234
v 0.044501275 0.095751196 -0.051560234
v -0.045307215 0.034214355 -0.051560234
v -0.04943606 0.041646864 -0.051560234
v -0.053743996 0.051414825 -0.051560234
v -0.05589796 0.05757622 -0.051560234
v -0.05725048 0.062284943 -0.051560234
v -0.05825124 0.06752039 -0.051560234
v -0.05864994 0.072581425 -0.051560234
v -0.058405783 0.07816421 -0.051560234
v -0.057827312 0.081504665 -0.051560234
v 0.043785404 0.097438596 -0.051560234
v -0.0575009 0.08662956 -0.051560234
v 0.043785404 0.10081351 -0.051560234
v 0.04439895 0.10372807 -0.051560234
v 0.04537058 0.10567124 -0.051560234
v 0.04797839 0.11068233 -0.051560234
v 0.050586194 0.11610251 -0.051560234
v 0.052887257 0.12121593 -0.051560234
v 0.05416556 0.12484648 -0.051560234
v 0.05462576 0.12811907 -0.051560234
v 0.054370087 0.13113599 -0.051560234
v 0.053705353 0.13512442 -0.051560234
v 0.052580487 0.13814133 -0.051560234
v 0.050688423 0.1409537 -0.051560234
v 0.0487965 0.14269231 -0.051560234
v 0.046093423 0.14441584 -0.051560234
v -0.10156417 0.10412703 -0.051560234
v -0.09779935 0.10307759 -0.051560234
v -0.1038571 0.10571938 -0.051560234
v -0.105959035 0.10782131 -0.051560234
v -0.107169285 0.10960468 -0.051560234
v -0.10796132 0.11183079 -0.051560234
v -0.10880529 0.114664316 -0.051560234
v -0.10904645 0.11791974 -0.051560234
v -0.10897912 0.12260959 -0.051560234
v -0.107661426 0.1268423 -0.051560234
v -0.08486884 0.098967835 -0.051560234
v -0.10606424 0.13191353 -0.051560234
v -0.10402768 0.13710465 -0.051560234
v -0.10023425 0.1443322 -0.051560234
v -0.096799284 0.14930634 -0.051560234
v -0.06721888 0.09143864 -0.051560234
v -0.09287673 0.15429865 -0.051560234
v -0.08783343 0.1588835 -0.051560234
v -0.08258639 0.16204183 -0.051560234
v -0.079529874 0.1633154 -0.051560234
v -0.07667716 0.16418144 -0.051560234
v -0.073671535 0.16494554 -0.051560234
v -0.07056409 0.16514938 -0.051560234
v -0.06801693 0.16494554 -0.051560234
v -0.06531706 0.16433425 -0.051560234
v -0.060732223 0.16295886 -0.051560234
v -0.05436453 0.16071734 -0.051560234
v -0.046162765 0.15735517 -0.051560234
v -0.03342726 0.15103838 -0.051560234
v -0.022067158 0.14431404 -0.051560234
v -0.01187873 0.13814996 -0.051560234
v -0.0027091063 0.13244446 -0.051560234
v 0.0044736597 0.1285219 -0.051560234
v 0.0073773856 0.12719741 -0.051560234
v 0.009618888 0.12699369 -0.051560234
v 0.012522615 0.1270956 -0.051560234
v 0.037025757 0.14594416 -0.051560234
v 0.034580514 0.1447216 -0.051560234
v 0.039725743 0.14640263 -0.051560234
v 0.042069074 0.14614789 -0.051560234
v 0.043902926 0.1454857 -0.051560234
v 0.032084357 0.14283673 -0.051560234
v 0.029842941 0.14095186 -0.051560234
v 0.023577055 0.13473688 -0.051560234
v 0.01675081 0.12903136 -0.051560234
v 0.014101818 0.12755406 -0.051560234
v -0.17184506 0.182128 -0.054444063
v -0.17281854 0.18261482 -0.054444063
v -0.17141914 0.18060689 -0.054444063
v -0.1798082 0.18205526 -0.054444063
v -0.040372644 0.18015628 -0.054444063
v -0.040799923 0.18210277 -0.054444063
v -0.040942263 0.17692831 -0.054444063
v -0.042936124 0.18661259 -0.054444063
v -0.044661485 0.18815057 -0.054444063
v -0.041559402 0.18409653 -0.054444063
v -0.2039789 0.1781454 -0.054444063
v -0.20770665 0.17714524 -0.054444063
v -0.19377969 0.18043065 -0.054444063
v -0.14555906 0.1854747 -0.054444063
v -0.16040571 0.18261482 -0.054444063
v -0.13247685 0.18766516 -0.054444063
v -0.123289004 0.18900374 -0.054444063
v -0.106895745 0.19133034 -0.054444063
v -0.099148035 0.19215676 -0.054444063
v -0.08753463 0.19316767 -0.054444063
v -0.07690251 0.19371901 -0.054444063
v -0.065404065 0.19364022 -0.054444063
v -0.057180535 0.19257723 -0.054444063
v -0.0523389 0.19167806 -0.054444063
v -0.049155004 0.19069512 -0.054444063
v -0.046736445 0.18939547 -0.054444063
v -0.042841192 0.16871564 -0.054444063
v -0.04174936 0.17389004 -0.054444063
v -0.044360276 0.16349362 -0.054444063
v -0.046211686 0.1579394 -0.054444063
v -0.04858528 0.15096106 -0.054444063
v -0.051860847 0.1422736 -0.054444063
v -0.055468716 0.13372864 -0.054444063
v -0.060168516 0.1223829 -0.054444063
v -0.06491573 0.11203396 -0.054444063
v -0.069330595 0.10258708 -0.054444063
v -0.07441005 0.09219068 -0.054444063
v -0.08105619 0.078471236 -0.054444063
v -0.08860766 0.064350404 -0.054444063
v -0.095842496 0.051853854 -0.054444063
v -0.100506306 0.043901592 -0.054444063
v -0.10457212 0.037204962 -0.054444063
v -0.10857812 0.031165898 -0.054444063
v -0.11234508 0.025724843 -0.054444063
v -0.11479648 0.022675533 -0.054444063
v -0.11705657 0.019888602 -0.054444063
v -0.120490484 0.016957277 -0.054444063
v -0.12321254 0.015240249 -0.054444063
v -0.12744217 0.013774536 -0.054444063
v -0.13372375 0.012476375 -0.054444063
v -0.14025658 0.011931936 -0.054444063
v -0.14792016 0.01176441 -0.054444063
v -0.1512703 0.012183203 -0.054444063
v -0.15386675 0.01314641 -0.054444063
v -0.15650503 0.014319 -0.054444063
v -0.1588501 0.015826594 -0.054444063
v -0.16102777 0.017669143 -0.054444063
v -0.16257724 0.019511743 -0.054444063
v -0.1637917 0.021438155 -0.054444063
v -0.16462919 0.022945749 -0.054444063
v -0.16534118 0.025542095 -0.054444063
v -0.16580178 0.028766645 -0.054444063
v -0.16575992 0.03161428 -0.054444063
v -0.16527241 0.035400864 -0.054444063
v -0.16180636 0.047284283 -0.054444063
v -0.15666936 0.06077683 -0.054444063
v -0.14887084 0.07971599 -0.054444063
v -0.15163252 0.099562965 -0.054444063
v -0.14532135 0.10078217 -0.054444063
v -0.1583739 0.098487176 -0.054444063
v -0.16554561 0.098200314 -0.054444063
v -0.17164156 0.098128565 -0.054444063
v -0.17655931 0.09917008 -0.054444063
v -0.18116154 0.10096413 -0.054444063
v -0.18935187 0.1049423 -0.054444063
v -0.19668424 0.109466456 -0.054444063
v -0.20401657 0.112742655 -0.054444063
v -0.19972639 0.11110461 -0.054444063
v -0.21002288 0.115160786 -0.054444063
v -0.2153271 0.117578864 -0.054444063
v -0.22070928 0.12155706 -0.054444063
v -0.22577953 0.12576923 -0.054444063
v -0.22897768 0.1295914 -0.054444063
v -0.23139583 0.13372558 -0.054444063
v -0.23287785 0.13739179 -0.054444063
v -0.2335799 0.14058992 -0.054444063
v -0.23363261 0.14467782 -0.054444063
v -0.23273242 0.1485187 -0.054444063
v -0.23117197 0.15331979 -0.054444063
v -0.22871144 0.1590811 -0.054444063
v -0.22613083 0.16346215 -0.054444063
v -0.22283013 0.16754308 -0.054444063
v -0.2195293 0.17072377 -0.054444063
v -0.21550845 0.17348443 -0.054444063
v -0.21142745 0.17564496 -0.054444063
v -0.1396557 0.10178609 -0.054444063
v -0.18525057 0.18140538 -0.054444063
v 0.10925209 0.11537603 -0.057319153
v 0.111441456 0.11779195 -0.05775403
v 0.03602494 0.21460488 -0.0614915
v 0.11337926 0.119679414 -0.058125474
v 0.032959573 0.20746768 -0.060584422
v 0.0063685696 0.09561891 -0.05285527
v 0.008286274 0.09543786 -0.05285527
v 0.009374152 0.107043825 -0.05293121
v 0.010756436 0.09576542 -0.05285527
v 0.013243312 0.09785372 -0.05285527
v 0.02971126 0.19923244 -0.05957628
v 0.026051193 0.18834363 -0.058333017
v 0.092709444 0.03573925 -0.05285527
v 0.09281911 0.039653342 -0.05285527
v 0.087725624 0.037625782 -0.05285527
v 0.023489121 0.18079475 -0.057532765
v 0.021155776 0.1718275 -0.05666705
v 0.018776774 0.16249423 -0.055828642
v 0.016489217 0.15210871 -0.054992713
v 0.10713809 0.11260774 -0.056873817
v 0.01493364 0.14204343 -0.05429731
v 0.10494868 0.10961296 -0.05643157
v 0.012829128 0.12543575 -0.053429205
v 0.102784395 0.106014244 -0.055966772
v 0.10122409 0.10286844 -0.05561315
v 0.09961349 0.09942076 -0.055264045
v 0.0983048 0.09597298 -0.054965492
v 0.09709689 0.09255036 -0.05469805
v 0.015140097 0.0976197 -0.05285527
v 0.01617319 0.09554603 -0.05285527
v 0.017340718 0.09360974 -0.05285527
v 0.018459223 0.09197014 -0.05285527
v 0.019924043 0.09027841 -0.05285527
v 0.02169811 0.088561796 -0.05285527
v 0.024097327 0.08661396 -0.05285527
v 0.026828742 0.08497782 -0.05285527
v 0.030899374 0.08302023 -0.05285527
v 0.035025615 0.081457615 -0.05285527
v 0.095763095 0.08779409 -0.05438469
v 0.09473131 0.08336477 -0.054127127
v 0.0938001 0.07865879 -0.053888347
v 0.09254301 0.047382664 -0.052945673
v 0.079992555 0.042867374 -0.05285527
v 0.092567 0.061520703 -0.053238817
v 0.073974185 0.047091175 -0.05285527
v 0.06908364 0.050819088 -0.05285527
v 0.09279351 0.070001595 -0.053516816
v 0.06266912 0.055834807 -0.05285527
v 0.054653432 0.06258137 -0.05285527
v 0.0932465 0.074103676 -0.05368045
v 0.048727583 0.06791517 -0.05285527
v 0.044059336 0.07283603 -0.05285527
v 0.04094124 0.07710943 -0.05285527
v 0.03946208 0.0797289 -0.05285527
v -0.16379479 0.031083906 -0.05910777
v -0.16436657 0.029041866 -0.05910777
v -0.16269214 0.028633503 -0.05910777
v -0.16542839 0.023691913 -0.05910777
v -0.16122195 0.02622403 -0.05910777
v -0.19588743 0.116039984 -0.05910777
v -0.1947671 0.11924084 -0.05910777
v -0.20160608 0.11778747 -0.05910777
v -0.15913914 0.024059443 -0.05910777
v -0.16571423 0.020996502 -0.05910777
v -0.16551004 0.018301094 -0.05910777
v -0.15738304 0.023038445 -0.05910777
v -0.1649792 0.0152789755 -0.05910777
v -0.16408072 0.013155334 -0.05910777
v -0.16277379 0.01180768 -0.05910777
v -0.15558611 0.022385094 -0.05910777
v -0.16073184 0.010337393 -0.05910777
v -0.15321745 0.0056000957 -0.05910777
v -0.15178801 0.022466792 -0.05910777
v -0.14762242 0.023691913 -0.05910777
v -0.14500867 0.0007402085 -0.05910777
v -0.1427217 0.026101386 -0.05910777
v -0.13876028 -0.0026494903 -0.05910777
v -0.13728999 0.029368615 -0.05910777
v -0.13414536 -0.004650661 -0.05910777
v -0.1290405 -0.0063659027 -0.05910777
v -0.13243021 0.033044208 -0.05910777
v -0.12336379 -0.007713601 -0.05910777
v -0.1182997 -0.008571248 -0.05910777
v -0.12785617 0.03680133 -0.05910777
v -0.112961784 -0.008971569 -0.05910777
v -0.108125284 -0.008535837 -0.05910777
v -0.10416006 -0.007925872 -0.05910777
v -0.10176362 -0.007141477 -0.05910777
v -0.098495685 -0.0047014197 -0.05910777
v -0.09439985 -0.0016077906 -0.05910777
v -0.088691756 0.0032288164 -0.05910777
v -0.11972914 0.04460169 -0.05910777
v -0.08246091 0.009023997 -0.05910777
v -0.07670931 0.01494991 -0.05910777
v -0.114664964 0.050850194 -0.05910777
v -0.07453068 0.017825698 -0.05910777
v -0.07331055 0.019699292 -0.05910777
v -0.07222124 0.021921564 -0.05910777
v -0.071001224 0.027150288 -0.05910777
v -0.069519766 0.0346884 -0.05910777
v -0.06808192 0.045102257 -0.05910777
v -0.108825006 0.060896672 -0.05910777
v -0.06638253 0.06200841 -0.05910777
v -0.10327084 0.07269926 -0.05910777
v -0.064901076 0.07765103 -0.05910777
v -0.09886011 0.08266403 -0.05910777
v -0.09387773 0.096141085 -0.05910777
v -0.06394248 0.08531986 -0.05910777
v -0.06298389 0.090853654 -0.05910777
v -0.09150909 0.10222613 -0.05910777
v -0.061676648 0.095167264 -0.05910777
v -0.08865032 0.10920966 -0.05910777
v -0.059192985 0.10026532 -0.05910777
v -0.08497473 0.117091656 -0.05910777
v -0.055837937 0.10614761 -0.05910777
v -0.0807683 0.12517783 -0.05910777
v -0.050783515 0.11355499 -0.05910777
v -0.07447909 0.13538778 -0.05910777
v -0.04642625 0.11943729 -0.05910777
v -0.06908821 0.14355561 -0.05910777
v -0.044073306 0.121572435 -0.05910777
v -0.06467762 0.14976315 -0.05910777
v -0.042068895 0.12296676 -0.05910777
v -0.03718879 0.12802121 -0.05910777
v -0.06132871 0.1536429 -0.05910777
v -0.032613605 0.13220416 -0.05910777
v -0.05944338 0.15704417 -0.05910777
v -0.030347884 0.13425207 -0.05910777
v -0.027864218 0.13699712 -0.05910777
v -0.026164824 0.1394373 -0.05910777
v -0.024378339 0.14240019 -0.05910777
v -0.023074506 0.14518282 -0.05910777
v -0.022035664 0.14926903 -0.05910777
v -0.021481609 0.15293957 -0.05910777
v -0.022589697 0.16318949 -0.05910777
v -0.024220943 0.17471075 -0.05910777
v -0.025356436 0.17907111 -0.05910777
v -0.026946256 0.18329519 -0.05910777
v -0.02821798 0.1860658 -0.05910777
v -0.029625976 0.18806438 -0.05910777
v -0.032714564 0.19092584 -0.05910777
v -0.03712035 0.19514988 -0.05910777
v -0.04261629 0.1996919 -0.05910777
v -0.046976607 0.20264423 -0.05910777
v -0.051200695 0.2057329 -0.05910777
v -0.063574865 0.15661745 -0.05910777
v -0.06885388 0.15601055 -0.05910777
v -0.056469437 0.2097299 -0.05910777
v -0.07713604 0.15525036 -0.05910777
v -0.05896757 0.21172833 -0.05910777
v -0.08473804 0.15513031 -0.05910777
v -0.09282022 0.15573053 -0.05910777
v -0.060511924 0.2138177 -0.05910777
v -0.103223026 0.15693088 -0.05910777
v -0.06164741 0.21549831 -0.05910777
v -0.11494608 0.15845118 -0.05910777
v -0.19376686 0.12204166 -0.05910777
v -0.1321506 0.16049169 -0.05910777
v -0.05991329 0.2856706 -0.05910777
v -0.061002243 0.28554904 -0.05910777
v -0.059138354 0.28500208 -0.05910777
v -0.058996607 0.2837319 -0.05910777
v -0.062388677 0.28502464 -0.05910777
v -0.059498012 0.28099704 -0.05910777
v -0.064421736 0.28362608 -0.05910777
v -0.06881233 0.23753165 -0.05910777
v -0.09694611 0.25570711 -0.05910777
v -0.10678388 0.24683931 -0.05910777
v -0.18243806 0.21649447 -0.05910777
v -0.18423933 0.21344607 -0.05910777
v -0.17994393 0.21808784 -0.05910777
v -0.22615178 0.21155515 -0.05910777
v -0.22919862 0.2085084 -0.05910777
v -0.22275917 0.21289186 -0.05910777
v -0.06178365 0.23094118 -0.05910777
v -0.062737525 0.23298524 -0.05910777
v -0.23871806 0.19439854 -0.05910777
v -0.2390238 0.18797891 -0.05910777
v -0.23751555 0.19796799 -0.05910777
v -0.14211684 0.24046543 -0.05910777
v -0.15008412 0.23208252 -0.05910777
v -0.13844508 0.24247454 -0.05910777
v -0.2337892 0.1368065 -0.05910777
v -0.232252 0.13418446 -0.05910777
v -0.2345125 0.13988075 -0.05910777
v -0.23650165 0.16311808 -0.05910777
v -0.23618522 0.15226798 -0.05910777
v -0.23678198 0.17371307 -0.05910777
v -0.2382086 0.17789099 -0.05910777
v -0.23851429 0.18043847 -0.05910777
v -0.23315123 0.20373224 -0.05910777
v -0.21617757 0.21344607 -0.05910777
v -0.21001165 0.21330757 -0.05910777
v -0.20633975 0.21254544 -0.05910777
v -0.20190577 0.2104671 -0.05910777
v -0.19567063 0.20755732 -0.05910777
v -0.19123662 0.20527104 -0.05910777
v -0.18673345 0.2071416 -0.05910777
v -0.18749547 0.20333119 -0.05910777
v -0.18597133 0.21005133 -0.05910777
v -0.16227742 0.2242539 -0.05910777
v -0.17329305 0.22023562 -0.05910777
v -0.15514162 0.2266094 -0.05910777
v -0.13013142 0.24413729 -0.05910777
v -0.11731453 0.24580002 -0.05910777
v -0.066961624 0.2366188 -0.05910777
v -0.06523567 0.23561957 -0.05910777
v -0.06378222 0.23434773 -0.05910777
v -0.209347 0.12040658 -0.05910777
v -0.21900852 0.124247946 -0.05910777
v -0.22370763 0.12663457 -0.05910777
v -0.22732429 0.12925674 -0.05910777
v -0.23003677 0.13165276 -0.05910777
v -0.23532628 0.143407 -0.05910777
v -0.14127305 0.161332 -0.05910777
v -0.14823483 0.16141193 -0.05910777
v -0.15175581 0.16121195 -0.05910777
v -0.15695713 0.1598116 -0.05910777
v -0.16423905 0.15717083 -0.05910777
v -0.16944048 0.15469025 -0.05910777
v -0.17524195 0.15112929 -0.05910777
v -0.17888294 0.14844853 -0.05910777
v -0.1815637 0.1458479 -0.05910777
v -0.19236656 0.12548247 -0.05910777
v -0.19064602 0.12964363 -0.05910777
v -0.18864553 0.13408482 -0.05910777
v -0.18408431 0.14236699 -0.05910777
v -0.18648498 0.13844597 -0.05910777
v -0.16585457 0.05624592 -0.05535346
v -0.16652271 0.04911094 -0.05535346
v -0.16291945 0.053286906 -0.05535346
v -0.16103436 0.050852954 -0.05535346
v -0.15172182 0.027209064 -0.05535346
v -0.15206608 0.028516099 -0.05535346
v -0.15960377 0.022154462 -0.05535346
v -0.15424053 0.03254544 -0.05535346
v -0.16089565 0.022954876 -0.05535346
v -0.16221775 0.024336562 -0.05535346
v -0.1634206 0.0267278 -0.05535346
v -0.16559212 0.035556953 -0.05535346
v -0.15440886 0.033611596 -0.05535346
v -0.15805152 0.046486102 -0.05535346
v -0.15365133 0.034986272 -0.05535346
v -0.15342687 0.036725707 -0.05535346
v -0.15363696 0.03815799 -0.05535346
v -0.15442435 0.039613612 -0.05535346
v -0.16699995 0.0422385 -0.05535346
v -0.15599929 0.04302599 -0.05535346
v -0.16762038 0.04717804 -0.05535346
v -0.16728629 0.048681427 -0.05535346
v -0.15744053 0.021171309 -0.05535346
v -0.15604255 0.021217013 -0.05535346
v -0.1517254 0.02464871 -0.05535346
v -0.15451182 0.021743087 -0.05535346
v -0.15294342 0.022696491 -0.05535346
v -0.15204541 0.023591897 -0.05535346
v -0.15854958 0.021609776 -0.05535346
v -0.15164469 0.025790533 -0.05535346
v -0.064256646 0.14480019 -0.05553181
v -0.06489061 0.14547153 -0.05553181
v -0.065412715 0.14371863 -0.05553181
v -0.06731472 0.14618006 -0.05553181
v -0.06874904 0.14365536 -0.05553181
v -0.07048477 0.14606823 -0.05553181
v -0.08294234 0.10412955 -0.05553181
v -0.08352405 0.10490519 -0.05553181
v -0.08357252 0.10340252 -0.05553181
v -0.08619007 0.10296623 -0.05553181
v -0.085075155 0.10558378 -0.05553181
v -0.073953174 0.14554611 -0.05553181
v -0.06966053 0.14155135 -0.05553181
v -0.07213276 0.13486193 -0.05553181
v -0.08212065 0.14461371 -0.05553181
v -0.07586522 0.12477942 -0.05553181
v -0.08737908 0.14405434 -0.05553181
v -0.09427851 0.14259984 -0.05553181
v -0.08017934 0.11455152 -0.05553181
v -0.101513684 0.14084703 -0.05553181
v -0.10848774 0.13875856 -0.05553181
v -0.08245758 0.109655656 -0.05553181
v -0.11419375 0.13663273 -0.05553181
v -0.08362093 0.10718345 -0.05553181
v -0.11904196 0.1346188 -0.05553181
v -0.09016496 0.10262692 -0.05553181
v -0.09418819 0.10175444 -0.05553181
v -0.09830853 0.100203216 -0.05553181
v -0.10175015 0.09874902 -0.05553181
v -0.12318169 0.13260499 -0.05553181
v -0.105385624 0.09695551 -0.05553181
v -0.1278434 0.12973325 -0.05553181
v -0.1084395 0.094677225 -0.05553181
v -0.13243061 0.1270108 -0.05553181
v -0.13683133 0.123430565 -0.05553181
v -0.14067271 0.119850256 -0.05553181
v -0.1456029 0.114593245 -0.05553181
v -0.14995663 0.10726881 -0.05553181
v -0.10931199 0.08953907 -0.05553181
v -0.15338841 0.101019874 -0.05553181
v -0.11023303 0.083382905 -0.05553181
v -0.15584697 0.095283195 -0.05553181
v -0.15789574 0.08980266 -0.05553181
v -0.111057065 0.076548114 -0.05553181
v -0.15932994 0.08529517 -0.05553181
v -0.11251127 0.07034352 -0.05553181
v -0.16076414 0.0813513 -0.05553181
v -0.11411091 0.0645751 -0.05553181
v -0.16189098 0.075973056 -0.05553181
v -0.11585601 0.060260992 -0.05553181
v -0.16245443 0.07167059 -0.05553181
v -0.117697954 0.056479968 -0.05553181
v -0.12026709 0.052650627 -0.05553181
v -0.16291535 0.06685584 -0.05553181
v -0.1226908 0.049887627 -0.05553181
v -0.16284536 0.061119135 -0.05553181
v -0.12550221 0.047124606 -0.05553181
v -0.1292347 0.04421621 -0.05553181
v -0.16214703 0.056816604 -0.05553181
v -0.13335495 0.041840963 -0.05553181
v -0.16127631 0.05323121 -0.05553181
v -0.13723283 0.040386718 -0.05553181
v -0.14101376 0.039659653 -0.05553181
v -0.14440693 0.039465766 -0.05553181
v -0.16040558 0.05005553 -0.05553181
v -0.14770322 0.03985354 -0.05553181
v -0.15143569 0.04087145 -0.05553181
v -0.15482877 0.042713545 -0.05553181
v -0.1573836 0.044831093 -0.05553181
v -0.15929471 0.047241285 -0.05553181
v -0.121038094 0.08592565 -0.05783376
v -0.112435125 0.07072263 -0.05783376
v -0.110182546 0.08274048 -0.05783376
v -0.11505786 0.09496121 -0.05783376
v -0.10745237 0.08313053 -0.05783376
v -0.10579475 0.09304361 -0.05783376
v -0.10426716 0.111342125 -0.05783376
v -0.098449364 0.10211159 -0.05783376
v -0.09558918 0.10952201 -0.05783376
v -0.1273047 0.07521153 -0.05783376
v -0.12441044 0.067794904 -0.05783376
v -0.11509273 0.07051819 -0.05783376
v -0.109987535 0.10305418 -0.05783376
v -0.10387715 0.09372608 -0.05783376
v -0.10043192 0.10155908 -0.05783376
v -0.09857931 0.118460074 -0.05783376
v -0.09822183 0.11735491 -0.05783376
v -0.080443315 0.114689805 -0.05783376
v -0.093964055 0.11124462 -0.05783376
v -0.081171006 0.11231015 -0.05783376
v -0.08272078 0.10853437 -0.05783376
v -0.11491907 0.047193557 -0.05783376
v -0.11244787 0.049559176 -0.05783376
v -0.10901028 0.0555891 -0.05783376
v -0.10655886 0.060492005 -0.05783376
v -0.10216317 0.06818441 -0.05783376
v -0.093964055 0.10968447 -0.05783376
v -0.08429865 0.10453322 -0.05783376
v -0.08672196 0.10008117 -0.05783376
v -0.09838735 0.0745525 -0.05783376
v -0.09489342 0.08066698 -0.05783376
v -0.090948485 0.08807769 -0.05783376
v -0.089088894 0.09162798 -0.05783376
v -0.08779271 0.09526284 -0.05783376
v 0.18029577 0.10198765 -0.062516235
v 0.18034607 0.10593875 -0.06297651
v 0.17564009 0.10895864 -0.06274389
v 0.18077397 0.10968846 -0.06348575
v 0.11675159 0.12269932 -0.05877108
v 0.11992246 0.12503973 -0.05934555
v 0.12344567 0.12722921 -0.05995628
v 0.18157926 0.11426874 -0.06416221
v 0.17289697 0.112179935 -0.062797196
v 0.040737286 0.2242583 -0.06276019
v 0.12689348 0.128714 -0.060474128
v 0.04599869 0.23340857 -0.06400232
v 0.05144303 0.24082033 -0.0650719
v 0.12958626 0.12974583 -0.060869664
v 0.05565218 0.24594441 -0.06583003
v 0.060456038 0.25015354 -0.0665546
v 0.06388742 0.25385943 -0.067112
v 0.06887426 0.2571535 -0.06777383
v 0.07322815 0.25943682 -0.06831522
v 0.08323725 0.26241732 -0.069455795
v 0.097783856 0.26490843 -0.07106335
v 0.1156224 0.2667323 -0.072954215
v 0.13451874 0.13067691 -0.061475832
v 0.13430607 0.2675331 -0.07472312
v 0.16055219 0.2671771 -0.07677078
v 0.14003015 0.13075243 -0.06196847
v 0.1722073 0.26562017 -0.077464856
v 0.14473614 0.12999752 -0.06223172
v 0.14916542 0.12901601 -0.062447537
v 0.18831088 0.2639743 -0.07814204
v 0.20098911 0.26183903 -0.07842763
v 0.1538211 0.12710343 -0.062581606
v 0.21033092 0.25997058 -0.07849144
v 0.15774702 0.12514043 -0.06273649
v 0.21749306 0.25796875 -0.07849144
v 0.22474407 0.25472137 -0.07849144
v 0.23248446 0.24982798 -0.07849144
v 0.24173728 0.24226561 -0.07849144
v 0.24983585 0.23433779 -0.07849144
v 0.1614716 0.12280003 -0.06283224
v 0.25912264 0.22585984 -0.07849144
v 0.1643657 0.120434426 -0.06284102
v 0.27104577 0.21510497 -0.07849144
v 0.16836707 0.11693634 -0.06284448
v 0.18283755 0.11899992 -0.06492584
v 0.18391967 0.122321844 -0.06549171
v 0.18565618 0.12642394 -0.06624361
v 0.34780878 0.07590782 -0.078412764
v 0.34839892 0.07653078 -0.078412764
v 0.34685788 0.075842224 -0.078388624
v 0.3460382 0.07626849 -0.07837414
v 0.34875962 0.07774391 -0.07841588
v 0.3447923 0.07721933 -0.078349344
v 0.34948096 0.0787604 -0.07842763
v 0.34275937 0.07889152 -0.07830602
v 0.35780928 0.074104406 -0.07849144
v 0.35846505 0.07469458 -0.07849144
v 0.35695675 0.07403887 -0.07849144
v 0.31640157 0.16471629 -0.07849144
v 0.31415477 0.1678019 -0.07849144
v 0.31658134 0.16390745 -0.07849144
v 0.35895687 0.075842224 -0.07849144
v 0.35902247 0.07921946 -0.07849144
v 0.35567802 0.074366674 -0.07849144
v 0.35462877 0.074956976 -0.0784777
v 0.35338292 0.07587498 -0.07846957
v 0.3509565 0.077907905 -0.078444466
v 0.3583807 0.0842498 -0.07849144
v 0.3560954 0.09152984 -0.07849144
v 0.33623454 0.084957436 -0.07818579
v 0.35253048 0.10135595 -0.07849144
v 0.3259389 0.09472839 -0.07797506
v 0.34989423 0.10776689 -0.07849144
v 0.34797695 0.112649955 -0.07849144
v 0.31936336 0.10047775 -0.07782316
v 0.3445018 0.11969004 -0.07849144
v 0.34225506 0.1243334 -0.07849144
v 0.3135248 0.105309546 -0.07768374
v 0.34030777 0.1282579 -0.07849144
v 0.3086929 0.10918514 -0.07755127
v 0.33851033 0.13143341 -0.07849144
v 0.33623347 0.13514815 -0.07849144
v 0.30330738 0.11321174 -0.0774011
v 0.3328782 0.14054048 -0.07849144
v 0.32937318 0.14599282 -0.07849144
v 0.2970662 0.117741644 -0.077229865
v 0.3244902 0.15270333 -0.07849144
v 0.29238528 0.12093773 -0.0770897
v 0.32074544 0.15794592 -0.07849144
v 0.2835017 0.12687692 -0.07683231
v 0.3164615 0.16297878 -0.07849144
v 0.2764804 0.1315578 -0.0766527
v 0.26764718 0.13649032 -0.076298915
v 0.3103202 0.17289476 -0.07849144
v 0.30109328 0.18409888 -0.07849144
v 0.25753036 0.1411964 -0.07579253
v 0.29075786 0.1957524 -0.07849144
v 0.24741356 0.14512229 -0.075239494
v 0.28162077 0.2052789 -0.07849144
v 0.2396122 0.1473621 -0.074748926
v 0.2349313 0.1483184 -0.074393466
v 0.23065303 0.14902298 -0.07404616
v 0.2233297 0.1498032 -0.07340774
v 0.21837199 0.14972769 -0.07289764
v 0.21233213 0.1486707 -0.07216839
v 0.18812247 0.13077761 -0.06711935
v 0.20742472 0.14711039 -0.07145982
v 0.19073968 0.13472871 -0.06795091
v 0.20332275 0.14509709 -0.07075974
v 0.19320597 0.1372453 -0.06858223
v 0.19952266 0.1429328 -0.070054494
v 0.19642727 0.14051692 -0.06938621
v 0.209967 0.25543264 -0.07954238
v 0.2114679 0.25511095 -0.07954238
v 0.21225408 0.25657615 -0.07954238
v 0.20271233 0.23177484 -0.07954238
v 0.2029794 0.23131187 -0.07954238
v 0.20610736 0.23223937 -0.07954238
v 0.20402594 0.23091726 -0.07954238
v 0.20711339 0.22933185 -0.07954238
v 0.21282585 0.25407454 -0.07954238
v 0.21474655 0.25771046 -0.07954238
v 0.22007418 0.25673658 -0.07954238
v 0.21074314 0.22741263 -0.07954238
v 0.22414143 0.2554762 -0.07954238
v 0.2085375 0.2528595 -0.07954238
v 0.20707233 0.25164452 -0.07954238
v 0.2101814 0.25314543 -0.07954238
v 0.4603859 -0.18290484 -0.08473451
v 0.46045128 -0.1792479 -0.08473451
v 0.45953703 -0.18486391 -0.08473451
v 0.45621186 -0.18759982 -0.08473451
v 0.45810285 -0.18645637 -0.08473451
v 0.45392498 -0.18790762 -0.08473451
v 0.45194602 -0.18755579 -0.08473451
v 0.45045087 -0.18672024 -0.08473451
v 0.44860378 -0.18531303 -0.08473451
v 0.4470646 -0.18311411 -0.08473451
v 0.20210485 0.23781434 -0.07954238
v 0.20281959 0.23620617 -0.07954238
v 0.2018547 0.2402802 -0.07954238
v 0.22998469 0.2526692 -0.07954238
v 0.23519774 0.2492894 -0.07954238
v 0.24029617 0.24516475 -0.07955446
v 0.24413438 0.24144109 -0.07958205
v 0.27294937 0.22322404 -0.08011194
v 0.26464292 0.22700496 -0.07991641
v 0.27821967 0.22064619 -0.08025789
v 0.2844639 0.2175527 -0.08044956
v 0.292083 0.21314172 -0.08071818
v 0.30130607 0.20815782 -0.08106821
v 0.30938345 0.20323122 -0.08140683
v 0.3151693 0.19950756 -0.08166235
v 0.32381958 0.19343524 -0.08206289
v 0.3328136 0.18598795 -0.082504444
v 0.34215117 0.17716585 -0.08297405
v 0.35475418 0.1633599 -0.083595835
v 0.36518034 0.15052782 -0.084057175
v 0.37323508 0.13913694 -0.084361725
v 0.3784297 0.13123599 -0.08451233
v 0.38366792 0.12268024 -0.08462875
v 0.39012837 0.11045771 -0.084718786
v 0.39484274 0.0998067 -0.08473451
v 0.40011126 0.082029454 -0.08473451
v 0.40324578 0.06909947 -0.08473451
v 0.40722927 0.049704473 -0.08473451
v 0.4108862 0.032595053 -0.08473451
v 0.41402087 0.016269324 -0.08473451
v 0.41891852 -0.010504899 -0.08473451
v 0.4242733 -0.040870808 -0.08473451
v 0.43498302 -0.086125754 -0.08473451
v 0.43015066 -0.06980001 -0.08473451
v 0.43896657 -0.10023119 -0.08473451
v 0.44517037 -0.12125879 -0.08473451
v 0.45059043 -0.14117625 -0.08473451
v 0.45483515 -0.1556082 -0.08473451
v 0.45783916 -0.16644846 -0.08473451
v 0.4597982 -0.17408894 -0.08473451
v 0.44033614 -0.17093252 -0.08473451
v 0.4313874 -0.15270768 -0.08473451
v 0.4251615 -0.13853641 -0.08473451
v 0.42058292 -0.12784949 -0.08473451
v 0.4090549 -0.101112105 -0.08473451
v 0.4157811 -0.116641395 -0.08473451
v 0.40359116 -0.08701455 -0.08473451
v 0.39812732 -0.073959865 -0.08473451
v 0.3913289 -0.05673426 -0.08473451
v 0.38607353 -0.044305135 -0.08473451
v 0.38073483 -0.03079157 -0.08473451
v 0.2863844 0.15089525 -0.08186981
v 0.29280946 0.14225894 -0.08227784
v 0.2801679 0.15957333 -0.08147334
v 0.20378447 0.23477666 -0.07954238
v 0.20510678 0.23345445 -0.07954238
v 0.20210485 0.2429962 -0.07954238
v 0.20267661 0.24514042 -0.07954238
v 0.20360576 0.24739178 -0.07954238
v 0.20492809 0.24942873 -0.07954238
v 0.42734262 -0.05798023 -0.08473451
v 0.37568817 -0.018904647 -0.08473451
v 0.36696985 0.0016208545 -0.08473451
v 0.36061433 0.016536271 -0.08473451
v 0.35360375 0.032191493 -0.08473451
v 0.3482158 0.043837737 -0.08473451
v 0.3435012 0.053976085 -0.08473451
v 0.33849466 0.06457331 -0.08467864
v 0.3338635 0.07400238 -0.08456867
v 0.32814762 0.084724806 -0.08437126
v 0.3234332 0.09344467 -0.08415898
v 0.31830138 0.1023314 -0.08389468
v 0.3137537 0.11013328 -0.08362999
v 0.30924776 0.11730943 -0.08335724
v 0.30403253 0.12540342 -0.08302496
v 0.29877564 0.13333054 -0.082679465
v 0.27403483 0.16725013 -0.08112069
v 0.2647309 0.17834811 -0.08064086
v 0.25526008 0.189154 -0.08023105
v 0.24733296 0.19783206 -0.07995782
v 0.23761189 0.20755322 -0.079720125
v 0.25794044 0.23044215 -0.07978383
v 0.25221175 0.23410843 -0.07968719
v 0.2299351 0.21456237 -0.07960491
v 0.24757157 0.23806126 -0.07962048
v 0.22484508 0.2183591 -0.07956313
v 0.2177106 0.223157 -0.07954238
v 0.21157506 0.25346708 -0.07954238
v 0.23887682 0.22994815 -0.084723964
v 0.23904912 0.23259008 -0.08473748
v 0.23788194 0.23066454 -0.084723964
v 0.23688689 0.23122168 -0.084723964
v 0.20283909 0.24485612 -0.084723964
v 0.2039185 0.24485612 -0.084723964
v 0.2013896 0.24645977 -0.084723964
v 0.23950282 0.23461108 -0.08479093
v 0.1313651 0.26576862 -0.08591199
v 0.13142204 0.2629743 -0.08562821
v 0.13210638 0.2678786 -0.08611287
v 0.24923651 0.23890047 -0.085397094
v 0.25039133 0.24030279 -0.08557856
v 0.24713309 0.23786938 -0.08519784
v 0.24552448 0.2374569 -0.0850896
v 0.24342103 0.23778681 -0.08502074
v 0.18006973 0.2967663 -0.08924777
v 0.18077086 0.29404414 -0.08875734
v 0.18006973 0.30109698 -0.09001019
v 0.18419419 0.31120187 -0.09162691
v 0.18258567 0.30872715 -0.09125652
v 0.18600899 0.3128103 -0.091862395
v 0.20840466 0.31437752 -0.092546165
v 0.20560001 0.3152025 -0.092546165
v 0.21063177 0.3130165 -0.09247972
v 0.2560006 0.25638807 -0.08788779
v 0.25567064 0.25873893 -0.088195056
v 0.25571185 0.25391337 -0.08751884
v 0.25373212 0.24549949 -0.08632022
v 0.25484577 0.25007766 -0.08693806
v 0.2520411 0.24248874 -0.08588675
v 0.23111618 0.22915219 -0.084723964
v 0.23334487 0.22943072 -0.084723964
v 0.22860885 0.22970939 -0.084723964
v 0.14341013 0.24821773 -0.084723964
v 0.14612405 0.24831024 -0.084723964
v 0.14134386 0.24889623 -0.084723964
v 0.13498382 0.25371954 -0.08488077
v 0.13586603 0.2525001 -0.08481941
v 0.13410233 0.25504768 -0.08496251
v 0.13301875 0.25704363 -0.08510629
v 0.13210638 0.25938165 -0.08529852
v 0.13324691 0.2698175 -0.086301975
v 0.13541396 0.27221265 -0.0865513
v 0.13820827 0.2747788 -0.08687685
v 0.14493732 0.27871367 -0.08756809
v 0.1532632 0.28264853 -0.08780085
v 0.1609618 0.28532872 -0.08782297
v 0.1686604 0.28738174 -0.08783216
v 0.17499045 0.2888644 -0.087894626
v 0.18147202 0.2920644 -0.08840275
v 0.1820082 0.29086837 -0.08819133
v 0.18089464 0.30427265 -0.0905457
v 0.18155454 0.3063762 -0.09088826
v 0.18794738 0.31404766 -0.09204529
v 0.19000967 0.3147901 -0.09216767
v 0.19293803 0.31532627 -0.09228651
v 0.1962788 0.31577992 -0.09239698
v 0.19961958 0.31598613 -0.09248974
v 0.20296033 0.31590363 -0.092546165
v 0.21298282 0.31144926 -0.09239698
v 0.21541615 0.3096345 -0.09230253
v 0.21859193 0.30658242 -0.09212241
v 0.22362375 0.30064318 -0.09170264
v 0.23970912 0.28233084 -0.09122702
v 0.2371519 0.28435174 -0.0911008
v 0.24321483 0.2793199 -0.09085385
v 0.24577196 0.27672157 -0.090499215
v 0.24841157 0.27342194 -0.09005343
v 0.25092754 0.26995748 -0.08960808
v 0.25319603 0.26608047 -0.08912554
v 0.25455707 0.26294592 -0.08873858
v 0.23529506 0.2301472 -0.084723964
v 0.22458926 0.23114207 -0.084723964
v 0.21893783 0.2336494 -0.084723964
v 0.21463959 0.23615669 -0.084723964
v 0.21125673 0.23846503 -0.084723964
v 0.20811263 0.24113154 -0.084723964
v 0.20596348 0.24343984 -0.084723964
v 0.20018685 0.24871118 -0.084723964
v 0.19901495 0.25130174 -0.084723964
v 0.16105065 0.252597 -0.084723964
v 0.16539912 0.25416985 -0.084723964
v 0.15719561 0.25133258 -0.084723964
v 0.15389581 0.25019145 -0.084723964
v 0.15127438 0.24935877 -0.084723964
v 0.14837542 0.24864946 -0.084723964
v 0.14001773 0.24954386 -0.084723964
v 0.13833097 0.2504503 -0.08473748
v 0.13695572 0.25141028 -0.0847713
v 0.24197753 0.23799315 -0.084981315
v 0.23315123 0.28769252 -0.09098401
v 0.24069886 0.23642579 -0.08488078
v 0.20488898 0.24427567 -0.084723964
v 0.19824393 0.25284377 -0.084723964
v 0.23146024 0.28954858 -0.09101227
v 0.22849062 0.2937142 -0.09122159
v 0.19682528 0.25358397 -0.084723964
v 0.1931553 0.25521845 -0.084723964
v 0.18951613 0.25635955 -0.084723964
v 0.16937755 0.2554035 -0.084723964
v 0.17363344 0.25663713 -0.084723964
v 0.17721091 0.25743893 -0.084723964
v 0.18223786 0.25765482 -0.084723964
v 0.17938146 0.28971985 -0.088013396
v 0.18612373 0.2569764 -0.084723964
vt 0.42236328 0.2475586
vt 0.42626953 0.24389648
vt 0.42260742 0.24145508
vt 0.43408203 0.23547363
vt 0.42285156 0.23071289
vt 0.4428711 0.22351074
vt 0.42260742 0.22509766
vt 0.42163086 0.21850586
vt 0.45117188 0.21105957
vt 0.42041016 0.21252441
vt 0.41870117 0.20800781
vt 0.4609375 0.19470215
vt 0.41674805 0.20263672
vt 0.41455078 0.19726562
vt 0.41259766 0.19213867
vt 0.41137695 0.18847656
vt 0.41088867 0.1862793
vt 0.4116211 0.1842041
vt 0.4140625 0.1829834
vt 0.41796875 0.18225098
vt 0.42285156 0.1809082
vt 0.42749023 0.17919922
vt 0.43115234 0.17700195
vt 0.43286133 0.17541504
vt 0.46801758 0.18127441
vt 0.4338379 0.17333984
vt 0.43432617 0.1685791
vt 0.47216797 0.17211914
vt 0.43432617 0.15905762
vt 0.4753418 0.16479492
vt 0.43408203 0.15466309
vt 0.47875977 0.1505127
vt 0.4777832 0.14941406
vt 0.4794922 0.15209961
vt 0.47631836 0.14916992
vt 0.47436523 0.14990234
vt 0.47924805 0.15429688
vt 0.47143555 0.15185547
vt 0.4777832 0.1583252
vt 0.46606445 0.15563965
vt 0.46044922 0.15991211
vt 0.45996094 0.15197754
vt 0.45922852 0.14208984
vt 0.4333496 0.14819336
vt 0.43188477 0.14233398
vt 0.4572754 0.13171387
vt 0.42993164 0.13635254
vt 0.45336914 0.1161499
vt 0.4272461 0.13061523
vt 0.42382812 0.12451172
vt 0.44799805 0.10217285
vt 0.42041016 0.119262695
vt 0.44018555 0.088256836
vt 0.41479492 0.11248779
vt 0.40966797 0.107421875
vt 0.42871094 0.07281494
vt 0.4033203 0.10192871
vt 0.41870117 0.062408447
vt 0.39868164 0.09838867
vt 0.3918457 0.09399414
vt 0.40893555 0.054992676
vt 0.38427734 0.090148926
vt 0.40014648 0.048797607
vt 0.37304688 0.08569336
vt 0.38891602 0.04321289
vt 0.37475586 0.03765869
vt 0.36376953 0.08319092
vt 0.36206055 0.034606934
vt 0.3557129 0.081848145
vt 0.34936523 0.032440186
vt 0.3466797 0.08099365
vt 0.3347168 0.031097412
vt 0.33935547 0.08099365
vt 0.33081055 0.08166504
vt 0.32080078 0.031585693
vt 0.32250977 0.08288574
vt 0.30297852 0.033996582
vt 0.31469727 0.08520508
vt 0.28686523 0.03765869
vt 0.3083496 0.08782959
vt 0.27075195 0.04345703
vt 0.2998047 0.09222412
vt 0.25878906 0.04989624
vt 0.29296875 0.09680176
vt 0.2479248 0.0569458
vt 0.28710938 0.10192871
vt 0.23571777 0.068237305
vt 0.27929688 0.109680176
vt 0.22766113 0.07757568
vt 0.27416992 0.11730957
vt 0.22265625 0.084106445
vt 0.21618652 0.09429932
vt 0.26879883 0.12695312
vt 0.2097168 0.107177734
vt 0.26586914 0.1352539
vt 0.20385742 0.12231445
vt 0.26342773 0.14331055
vt 0.19934082 0.13977051
vt 0.2626953 0.15100098
vt 0.19628906 0.15637207
vt 0.2626953 0.1640625
vt 0.19421387 0.1772461
vt 0.2626953 0.17700195
vt 0.19396973 0.19921875
vt 0.26367188 0.18359375
vt 0.26538086 0.19238281
vt 0.19433594 0.21679688
vt 0.2680664 0.20239258
vt 0.27172852 0.21264648
vt 0.19458008 0.22705078
vt 0.19628906 0.24475098
vt 0.27514648 0.2211914
vt 0.19689941 0.25170898
vt 0.28076172 0.23132324
vt 0.19824219 0.26171875
vt 0.19921875 0.2685547
vt 0.28393555 0.23608398
vt 0.20031738 0.27294922
vt 0.20153809 0.2763672
vt 0.203125 0.27978516
vt 0.2052002 0.28271484
vt 0.2076416 0.28515625
vt 0.21044922 0.28735352
vt 0.2133789 0.28881836
vt 0.21655273 0.29003906
vt 0.21984863 0.29077148
vt 0.2232666 0.29125977
vt 0.22619629 0.29101562
vt 0.23132324 0.29003906
vt 0.23730469 0.28808594
vt 0.24353027 0.28564453
vt 0.2524414 0.28051758
vt 0.26000977 0.27539062
vt 0.26635742 0.27026367
vt 0.27563477 0.2614746
vt 0.28051758 0.25585938
vt 0.28442383 0.25024414
vt 0.2861328 0.24719238
vt 0.28637695 0.2388916
vt 0.28710938 0.24450684
vt 0.28710938 0.24230957
vt 0.28686523 0.24035645
vt 0.53271484 0.18054199
vt 0.53466797 0.18103027
vt 0.5307617 0.17956543
vt 0.5288086 0.17797852
vt 0.52734375 0.17602539
vt 0.5371094 0.1809082
vt 0.5395508 0.18029785
vt 0.5419922 0.17895508
vt 0.5263672 0.17346191
vt 0.5253906 0.17041016
vt 0.5258789 0.16723633
vt 0.52685547 0.16223145
vt 0.5449219 0.1784668
vt 0.5288086 0.15185547
vt 0.53027344 0.14074707
vt 0.53271484 0.12939453
vt 0.53564453 0.1182251
vt 0.5395508 0.10583496
vt 0.5473633 0.08459473
vt 0.5576172 0.04864502
vt 0.55615234 0.05105591
vt 0.55908203 0.04647827
vt 0.56103516 0.044708252
vt 0.5629883 0.043701172
vt 0.5654297 0.04321289
vt 0.56689453 0.043426514
vt 0.5698242 0.044158936
vt 0.57177734 0.04537964
vt 0.57373047 0.047332764
vt 0.5756836 0.050445557
vt 0.5761719 0.05404663
vt 0.55566406 0.054992676
vt 0.57666016 0.057403564
vt 0.5522461 0.06854248
vt 0.5776367 0.059814453
vt 0.5786133 0.061767578
vt 0.5810547 0.060180664
vt 0.5830078 0.059326172
vt 0.5854492 0.058898926
vt 0.58740234 0.059143066
vt 0.58984375 0.060180664
vt 0.5917969 0.06185913
vt 0.59277344 0.06378174
vt 0.59375 0.066467285
vt 0.5942383 0.06958008
vt 0.59375 0.07397461
vt 0.59375 0.07714844
vt 0.5932617 0.07867432
vt 0.59277344 0.08111572
vt 0.59277344 0.085754395
vt 0.59472656 0.08508301
vt 0.59716797 0.08380127
vt 0.60009766 0.08300781
vt 0.6035156 0.082214355
vt 0.60791016 0.082214355
vt 0.61279297 0.08276367
vt 0.61816406 0.084228516
vt 0.6220703 0.085876465
vt 0.6269531 0.08868408
vt 0.6308594 0.09118652
vt 0.63378906 0.09472656
vt 0.63671875 0.09893799
vt 0.63916016 0.103759766
vt 0.6411133 0.1104126
vt 0.6425781 0.118896484
vt 0.64208984 0.12756348
vt 0.64160156 0.13476562
vt 0.6401367 0.14709473
vt 0.6376953 0.16088867
vt 0.6357422 0.171875
vt 0.63183594 0.18579102
vt 0.62939453 0.19445801
vt 0.62597656 0.20361328
vt 0.5444336 0.18188477
vt 0.5444336 0.18457031
vt 0.5449219 0.18762207
vt 0.54589844 0.19177246
vt 0.5473633 0.19714355
vt 0.5498047 0.20214844
vt 0.5522461 0.20776367
vt 0.55615234 0.21374512
vt 0.6245117 0.2084961
vt 0.62158203 0.2142334
vt 0.55908203 0.21813965
vt 0.5629883 0.22253418
vt 0.5678711 0.22741699
vt 0.61865234 0.21911621
vt 0.61572266 0.22351074
vt 0.61279297 0.22692871
vt 0.5727539 0.2310791
vt 0.578125 0.23449707
vt 0.61035156 0.22961426
vt 0.60791016 0.23168945
vt 0.58251953 0.23632812
vt 0.5859375 0.23718262
vt 0.60498047 0.23388672
vt 0.5908203 0.23791504
vt 0.60253906 0.23535156
vt 0.5996094 0.2364502
vt 0.5966797 0.23730469
vt 0.5932617 0.23779297
vt 0.5449219 0.39282227
vt 0.5449219 0.3972168
vt 0.54833984 0.3942871
vt 0.5527344 0.39575195
vt 0.5449219 0.40039062
vt 0.78125 0.4597168
vt 0.78222656 0.45874023
vt 0.7763672 0.46264648
vt 0.43408203 0.39111328
vt 0.43115234 0.39282227
vt 0.43725586 0.39038086
vt 0.7607422 0.036193848
vt 0.7597656 0.038513184
vt 0.76171875 0.03479004
vt 0.76660156 0.033203125
vt 0.7651367 0.033172607
vt 0.7680664 0.033569336
vt 0.82421875 0.4230957
vt 0.82373047 0.42163086
vt 0.82470703 0.42529297
vt 0.74609375 0.47216797
vt 0.74902344 0.47216797
vt 0.7421875 0.47143555
vt 0.73876953 0.47021484
vt 0.73535156 0.46850586
vt 0.66845703 0.52978516
vt 0.6694336 0.52734375
vt 0.66748047 0.5317383
vt 0.6645508 0.53466797
vt 0.6611328 0.53759766
vt 0.453125 0.49438477
vt 0.45532227 0.49609375
vt 0.45117188 0.49243164
vt 0.4272461 0.39770508
vt 0.42578125 0.40112305
vt 0.42895508 0.39501953
vt 0.7631836 0.033843994
vt 0.80029297 0.37719727
vt 0.79833984 0.37719727
vt 0.8027344 0.37768555
vt 0.8051758 0.3786621
vt 0.8071289 0.3803711
vt 0.81591797 0.39453125
vt 0.8154297 0.39208984
vt 0.81591797 0.39624023
vt 0.8154297 0.3984375
vt 0.8149414 0.40039062
vt 0.81103516 0.41381836
vt 0.80859375 0.41430664
vt 0.8125 0.41357422
vt 0.8144531 0.4140625
vt 0.81591797 0.41479492
vt 0.8251953 0.4272461
vt 0.82470703 0.4296875
vt 0.8227539 0.43286133
vt 0.82373047 0.43164062
vt 0.8203125 0.43481445
vt 0.6923828 0.4946289
vt 0.69970703 0.4831543
vt 0.68603516 0.50439453
vt 0.6777344 0.515625
vt 0.67285156 0.5214844
vt 0.6557617 0.5395508
vt 0.64746094 0.5415039
vt 0.63427734 0.54248047
vt 0.6201172 0.54248047
vt 0.5991211 0.54052734
vt 0.5839844 0.5385742
vt 0.56933594 0.5361328
vt 0.5522461 0.53222656
vt 0.5361328 0.52734375
vt 0.5136719 0.5205078
vt 0.49169922 0.51220703
vt 0.47583008 0.5058594
vt 0.46313477 0.5004883
vt 0.45898438 0.49829102
vt 0.44970703 0.48950195
vt 0.44799805 0.4868164
vt 0.44262695 0.47607422
vt 0.43603516 0.46264648
vt 0.4326172 0.45263672
vt 0.42871094 0.44067383
vt 0.42651367 0.42895508
vt 0.4248047 0.41918945
vt 0.42456055 0.41308594
vt 0.4248047 0.40600586
vt 0.4404297 0.390625
vt 0.44384766 0.39135742
vt 0.4465332 0.39257812
vt 0.4494629 0.3942871
vt 0.45336914 0.39697266
vt 0.45776367 0.40014648
vt 0.7602539 0.047851562
vt 0.76123047 0.05657959
vt 0.7597656 0.043762207
vt 0.7597656 0.040374756
vt 0.76904297 0.03466797
vt 0.77001953 0.03591919
vt 0.7714844 0.03842163
vt 0.77246094 0.041229248
vt 0.77685547 0.05987549
vt 0.77441406 0.049743652
vt 0.7783203 0.06677246
vt 0.78027344 0.07879639
vt 0.7832031 0.09674072
vt 0.78466797 0.117614746
vt 0.7861328 0.13549805
vt 0.7871094 0.1529541
vt 0.78759766 0.16796875
vt 0.78759766 0.18310547
vt 0.7871094 0.19995117
vt 0.78466797 0.21911621
vt 0.7817383 0.24389648
vt 0.77734375 0.27075195
vt 0.7734375 0.29052734
vt 0.76953125 0.30664062
vt 0.7661133 0.32177734
vt 0.76123047 0.3383789
vt 0.7573242 0.35131836
vt 0.7529297 0.3642578
vt 0.74658203 0.38378906
vt 0.74609375 0.41577148
vt 0.7373047 0.41577148
vt 0.7583008 0.41625977
vt 0.7597656 0.4140625
vt 0.76220703 0.41088867
vt 0.76904297 0.4038086
vt 0.7783203 0.39379883
vt 0.7861328 0.38623047
vt 0.79052734 0.3815918
vt 0.79345703 0.37939453
vt 0.79589844 0.37817383
vt 0.8095703 0.38305664
vt 0.8120117 0.3869629
vt 0.8144531 0.39013672
vt 0.81152344 0.40454102
vt 0.8066406 0.41064453
vt 0.8178711 0.41601562
vt 0.8198242 0.41796875
vt 0.8154297 0.43798828
vt 0.80371094 0.4453125
vt 0.765625 0.46679688
vt 0.75927734 0.46899414
vt 0.7548828 0.47045898
vt 0.7519531 0.4716797
vt 0.5444336 0.40405273
vt 0.5595703 0.39746094
vt 0.54345703 0.40722656
vt 0.78271484 0.45776367
vt 0.76220703 0.06713867
vt 0.7631836 0.081848145
vt 0.7631836 0.09210205
vt 0.7626953 0.09729004
vt 0.7583008 0.113708496
vt 0.74560547 0.1574707
vt 0.7338867 0.19311523
vt 0.7211914 0.22644043
vt 0.70458984 0.26464844
vt 0.69677734 0.28076172
vt 0.6904297 0.29223633
vt 0.68359375 0.30419922
vt 0.6748047 0.3178711
vt 0.6645508 0.33276367
vt 0.65771484 0.34204102
vt 0.7416992 0.39672852
vt 0.6513672 0.34887695
vt 0.73828125 0.40698242
vt 0.6430664 0.35791016
vt 0.7373047 0.41064453
vt 0.63623047 0.3647461
vt 0.7373047 0.41333008
vt 0.62841797 0.37182617
vt 0.6196289 0.37890625
vt 0.6152344 0.38208008
vt 0.46191406 0.40307617
vt 0.46850586 0.40698242
vt 0.4753418 0.41064453
vt 0.48242188 0.41381836
vt 0.4897461 0.4165039
vt 0.49853516 0.4194336
vt 0.5058594 0.42163086
vt 0.5131836 0.42260742
vt 0.5185547 0.42285156
vt 0.5239258 0.42211914
vt 0.5292969 0.42114258
vt 0.53271484 0.41967773
vt 0.53515625 0.41796875
vt 0.53808594 0.41577148
vt 0.54003906 0.41308594
vt 0.5419922 0.4104004
vt 0.6694336 0.52441406
vt 0.56933594 0.39819336
vt 0.57666016 0.39794922
vt 0.5834961 0.39672852
vt 0.58935547 0.39526367
vt 0.59472656 0.3930664
vt 0.6020508 0.38989258
vt 0.60839844 0.38623047
vt 0.7089844 0.46923828
vt 0.7133789 0.46362305
vt 0.71777344 0.45947266
vt 0.72021484 0.46020508
vt 0.7260742 0.46289062
vt 0.73095703 0.4658203
vt 0.82177734 0.41992188
vt 0.8041992 0.41430664
vt 0.8066406 0.41479492
vt 0.17919922 0.42578125
vt 0.1854248 0.42626953
vt 0.17590332 0.4248047
vt 0.1730957 0.42285156
vt 0.17126465 0.4206543
vt 0.1685791 0.41674805
vt 0.16625977 0.41308594
vt 0.16308594 0.40649414
vt 0.16015625 0.4008789
vt 0.15795898 0.39697266
vt 0.09814453 0.29174805
vt 0.09741211 0.2939453
vt 0.09942627 0.28979492
vt 0.0970459 0.29663086
vt 0.101135254 0.28833008
vt 0.097229004 0.30004883
vt 0.103393555 0.28686523
vt 0.1060791 0.2861328
vt 0.1083374 0.28637695
vt 0.11218262 0.28735352
vt 0.09851074 0.30444336
vt 0.11529541 0.28881836
vt 0.09991455 0.3076172
vt 0.11895752 0.29077148
vt 0.10223389 0.31103516
vt 0.12585449 0.2956543
vt 0.10510254 0.3149414
vt 0.10858154 0.31933594
vt 0.13085938 0.29956055
vt 0.114746094 0.32885742
vt 0.13427734 0.30151367
vt 0.12023926 0.33813477
vt 0.12780762 0.3515625
vt 0.13354492 0.36157227
vt 0.13684082 0.36694336
vt 0.14013672 0.37231445
vt 0.14355469 0.3774414
vt 0.14709473 0.38232422
vt 0.15063477 0.38671875
vt 0.1541748 0.39135742
vt 0.13452148 0.2980957
vt 0.13000488 0.2763672
vt 0.12976074 0.27954102
vt 0.13061523 0.27392578
vt 0.13000488 0.28344727
vt 0.13183594 0.27197266
vt 0.13391113 0.27001953
vt 0.13659668 0.26879883
vt 0.13879395 0.2685547
vt 0.14123535 0.2685547
vt 0.14355469 0.2692871
vt 0.14587402 0.27026367
vt 0.14819336 0.27148438
vt 0.13110352 0.2878418
vt 0.15039062 0.27319336
vt 0.15332031 0.27612305
vt 0.13354492 0.29492188
vt 0.15637207 0.2800293
vt 0.1595459 0.2849121
vt 0.16540527 0.2956543
vt 0.17089844 0.30664062
vt 0.1763916 0.31933594
vt 0.1829834 0.33544922
vt 0.1887207 0.35131836
vt 0.19104004 0.3527832
vt 0.19433594 0.35351562
vt 0.19885254 0.35473633
vt 0.21130371 0.3544922
vt 0.21606445 0.3540039
vt 0.22155762 0.35424805
vt 0.22595215 0.35498047
vt 0.23034668 0.3564453
vt 0.23339844 0.35766602
vt 0.23620605 0.35961914
vt 0.23913574 0.36206055
vt 0.24145508 0.36499023
vt 0.24389648 0.3696289
vt 0.24597168 0.37353516
vt 0.24804688 0.37719727
vt 0.25097656 0.38134766
vt 0.2541504 0.38598633
vt 0.2602539 0.3947754
vt 0.26464844 0.4008789
vt 0.18603516 0.43286133
vt 0.26757812 0.40600586
vt 0.26953125 0.4099121
vt 0.27197266 0.41552734
vt 0.18701172 0.4428711
vt 0.19067383 0.4584961
vt 0.27392578 0.41967773
vt 0.19555664 0.47216797
vt 0.19970703 0.4807129
vt 0.20483398 0.48950195
vt 0.2088623 0.49560547
vt 0.2130127 0.50097656
vt 0.21777344 0.50634766
vt 0.2232666 0.51123047
vt 0.22827148 0.515625
vt 0.23303223 0.51953125
vt 0.23962402 0.5253906
vt 0.24731445 0.53222656
vt 0.2529297 0.53808594
vt 0.2770996 0.41796875
vt 0.28149414 0.41601562
vt 0.28588867 0.41455078
vt 0.29248047 0.41259766
vt 0.2565918 0.54248047
vt 0.29833984 0.4111328
vt 0.3059082 0.40966797
vt 0.31225586 0.40893555
vt 0.3173828 0.40844727
vt 0.32299805 0.40893555
vt 0.3293457 0.40942383
vt 0.3359375 0.4104004
vt 0.34277344 0.41210938
vt 0.34765625 0.41357422
vt 0.3540039 0.41625977
vt 0.36035156 0.41918945
vt 0.36694336 0.42333984
vt 0.37426758 0.42895508
vt 0.38110352 0.43603516
vt 0.3876953 0.4453125
vt 0.3930664 0.4560547
vt 0.39697266 0.4675293
vt 0.40039062 0.4802246
vt 0.25952148 0.5463867
vt 0.4020996 0.48950195
vt 0.40307617 0.49926758
vt 0.40356445 0.5126953
vt 0.26220703 0.55029297
vt 0.26831055 0.5595703
vt 0.4033203 0.52001953
vt 0.27612305 0.5703125
vt 0.28222656 0.5776367
vt 0.4038086 0.5229492
vt 0.28979492 0.5864258
vt 0.29467773 0.5913086
vt 0.40478516 0.5258789
vt 0.3010254 0.59765625
vt 0.30932617 0.60595703
vt 0.40576172 0.52783203
vt 0.31347656 0.609375
vt 0.3173828 0.6123047
vt 0.40795898 0.5307617
vt 0.41430664 0.5395508
vt 0.31933594 0.6147461
vt 0.41870117 0.546875
vt 0.42333984 0.5551758
vt 0.42822266 0.56591797
vt 0.43041992 0.5727539
vt 0.4321289 0.5776367
vt 0.43310547 0.5834961
vt 0.43359375 0.58935547
vt 0.4333496 0.59521484
vt 0.4326172 0.5991211
vt 0.32006836 0.6166992
vt 0.43237305 0.60498047
vt 0.32006836 0.62060547
vt 0.31958008 0.62353516
vt 0.31835938 0.62597656
vt 0.3154297 0.63134766
vt 0.31274414 0.63720703
vt 0.3100586 0.6430664
vt 0.30859375 0.64697266
vt 0.30810547 0.6508789
vt 0.3083496 0.6538086
vt 0.30908203 0.6582031
vt 0.31054688 0.6616211
vt 0.3125 0.66503906
vt 0.31469727 0.6669922
vt 0.31762695 0.6689453
vt 0.48095703 0.6245117
vt 0.47680664 0.6230469
vt 0.48364258 0.62597656
vt 0.48583984 0.62841797
vt 0.4873047 0.6303711
vt 0.4880371 0.6328125
vt 0.48901367 0.6357422
vt 0.4892578 0.63916016
vt 0.4892578 0.64453125
vt 0.48779297 0.64941406
vt 0.46264648 0.61816406
vt 0.48608398 0.65478516
vt 0.48388672 0.66064453
vt 0.47973633 0.66845703
vt 0.47583008 0.6743164
vt 0.44311523 0.6098633
vt 0.47143555 0.6796875
vt 0.4658203 0.6845703
vt 0.46020508 0.68847656
vt 0.4567871 0.6894531
vt 0.45361328 0.6904297
vt 0.4501953 0.69140625
vt 0.44677734 0.69189453
vt 0.44384766 0.69140625
vt 0.44091797 0.69091797
vt 0.43579102 0.6894531
vt 0.42871094 0.6870117
vt 0.41967773 0.68310547
vt 0.40576172 0.67626953
vt 0.3930664 0.66845703
vt 0.38183594 0.6616211
vt 0.37158203 0.65527344
vt 0.36376953 0.6513672
vt 0.3605957 0.64990234
vt 0.35791016 0.64941406
vt 0.35473633 0.64941406
vt 0.32763672 0.6699219
vt 0.33032227 0.6689453
vt 0.32470703 0.67089844
vt 0.32202148 0.67041016
vt 0.32006836 0.6699219
vt 0.3330078 0.6669922
vt 0.33544922 0.66503906
vt 0.3425293 0.6582031
vt 0.35009766 0.65185547
vt 0.35302734 0.64990234
vt 0.90966797 0.96484375
vt 0.91064453 0.96533203
vt 0.9091797 0.9633789
vt 0.91845703 0.96484375
vt 0.76416016 0.9628906
vt 0.76464844 0.96484375
vt 0.76464844 0.95947266
vt 0.76708984 0.96972656
vt 0.76904297 0.9716797
vt 0.7651367 0.96728516
vt 0.9453125 0.9604492
vt 0.94921875 0.95947266
vt 0.93408203 0.9628906
vt 0.8803711 0.96875
vt 0.89697266 0.96533203
vt 0.86621094 0.9711914
vt 0.85595703 0.97265625
vt 0.8378906 0.97509766
vt 0.82910156 0.9760742
vt 0.81640625 0.9770508
vt 0.8046875 0.97753906
vt 0.7919922 0.97753906
vt 0.78271484 0.9765625
vt 0.77734375 0.97558594
vt 0.7739258 0.9741211
vt 0.7709961 0.97265625
vt 0.76708984 0.9501953
vt 0.765625 0.9560547
vt 0.7685547 0.94433594
vt 0.7705078 0.9379883
vt 0.7729492 0.93066406
vt 0.77685547 0.92089844
vt 0.7807617 0.9111328
vt 0.7861328 0.8989258
vt 0.7910156 0.88720703
vt 0.7963867 0.8769531
vt 0.8017578 0.8652344
vt 0.80908203 0.85009766
vt 0.8173828 0.83447266
vt 0.8256836 0.8208008
vt 0.8305664 0.8120117
vt 0.8354492 0.8046875
vt 0.83935547 0.79785156
vt 0.84375 0.7919922
vt 0.8466797 0.7885742
vt 0.8491211 0.78564453
vt 0.85302734 0.78222656
vt 0.85595703 0.78027344
vt 0.86035156 0.7788086
vt 0.8676758 0.77734375
vt 0.8745117 0.7763672
vt 0.8833008 0.7763672
vt 0.88671875 0.77685547
vt 0.88964844 0.77783203
vt 0.8925781 0.7792969
vt 0.89501953 0.7807617
vt 0.89746094 0.78271484
vt 0.89941406 0.78515625
vt 0.9008789 0.7871094
vt 0.9013672 0.7885742
vt 0.90234375 0.7915039
vt 0.90283203 0.7949219
vt 0.90283203 0.79833984
vt 0.90185547 0.8022461
vt 0.8984375 0.8154297
vt 0.8925781 0.8305664
vt 0.88427734 0.8515625
vt 0.88720703 0.87353516
vt 0.8803711 0.875
vt 0.89453125 0.8725586
vt 0.90283203 0.8720703
vt 0.9091797 0.8720703
vt 0.9145508 0.87353516
vt 0.9199219 0.875
vt 0.92871094 0.8798828
vt 0.9370117 0.88427734
vt 0.9453125 0.8881836
vt 0.9404297 0.88623047
vt 0.95166016 0.890625
vt 0.95751953 0.89404297
vt 0.9638672 0.8979492
vt 0.9692383 0.90283203
vt 0.97265625 0.9067383
vt 0.97558594 0.9116211
vt 0.9770508 0.91552734
vt 0.97753906 0.9189453
vt 0.97802734 0.92333984
vt 0.9770508 0.9277344
vt 0.97509766 0.93310547
vt 0.97216797 0.9394531
vt 0.96972656 0.94433594
vt 0.9658203 0.94873047
vt 0.96240234 0.95214844
vt 0.9580078 0.9550781
vt 0.9536133 0.9580078
vt 0.87402344 0.87597656
vt 0.9243164 0.96435547
vt 0.39892578 0.81640625
vt 0.39648438 0.81933594
vt 0.4814453 0.92822266
vt 0.3942871 0.82128906
vt 0.48510742 0.92041016
vt 0.51220703 0.7939453
vt 0.5107422 0.7939453
vt 0.51123047 0.8071289
vt 0.50927734 0.7944336
vt 0.5073242 0.796875
vt 0.48876953 0.9111328
vt 0.49267578 0.8984375
vt 0.4177246 0.7270508
vt 0.4177246 0.73095703
vt 0.42333984 0.7290039
vt 0.49560547 0.8901367
vt 0.49829102 0.8798828
vt 0.50097656 0.8696289
vt 0.50341797 0.85791016
vt 0.4013672 0.81347656
vt 0.5053711 0.8466797
vt 0.4038086 0.8100586
vt 0.5078125 0.8276367
vt 0.40625 0.80566406
vt 0.40795898 0.8022461
vt 0.4099121 0.79833984
vt 0.41137695 0.7944336
vt 0.41259766 0.79052734
vt 0.5048828 0.7963867
vt 0.50390625 0.7939453
vt 0.5024414 0.7919922
vt 0.50146484 0.79003906
vt 0.49975586 0.78808594
vt 0.4975586 0.7861328
vt 0.49487305 0.7841797
vt 0.49194336 0.78222656
vt 0.4873047 0.77978516
vt 0.48266602 0.7783203
vt 0.41430664 0.78515625
vt 0.4152832 0.78027344
vt 0.4165039 0.77490234
vt 0.41796875 0.7397461
vt 0.43188477 0.7348633
vt 0.4177246 0.7558594
vt 0.4387207 0.7392578
vt 0.44433594 0.74365234
vt 0.41748047 0.7651367
vt 0.45141602 0.7495117
vt 0.46044922 0.75683594
vt 0.4169922 0.77001953
vt 0.46728516 0.7626953
vt 0.4724121 0.7685547
vt 0.47607422 0.7734375
vt 0.4777832 0.7763672
vt 0.70166016 0.6298828
vt 0.70214844 0.6279297
vt 0.7006836 0.6274414
vt 0.7036133 0.6220703
vt 0.69873047 0.6245117
vt 0.7373047 0.7246094
vt 0.73583984 0.72753906
vt 0.74365234 0.7260742
vt 0.69677734 0.6220703
vt 0.7036133 0.61865234
vt 0.7036133 0.61572266
vt 0.6948242 0.62109375
vt 0.703125 0.61279297
vt 0.70214844 0.61035156
vt 0.7006836 0.6088867
vt 0.6928711 0.62060547
vt 0.6982422 0.6069336
vt 0.6899414 0.6020508
vt 0.68847656 0.62060547
vt 0.68359375 0.6220703
vt 0.68115234 0.5966797
vt 0.67822266 0.6245117
vt 0.6738281 0.59277344
vt 0.6723633 0.6279297
vt 0.6689453 0.59033203
vt 0.66308594 0.5883789
vt 0.6669922 0.6323242
vt 0.6567383 0.58691406
vt 0.6513672 0.5859375
vt 0.6621094 0.63623047
vt 0.6455078 0.5859375
vt 0.6401367 0.5859375
vt 0.6357422 0.58691406
vt 0.6328125 0.5878906
vt 0.62939453 0.59033203
vt 0.625 0.59375
vt 0.61865234 0.5991211
vt 0.65283203 0.64501953
vt 0.6118164 0.60546875
vt 0.60546875 0.6123047
vt 0.64746094 0.65185547
vt 0.60302734 0.6152344
vt 0.6015625 0.6176758
vt 0.60009766 0.6201172
vt 0.5991211 0.6254883
vt 0.59716797 0.63427734
vt 0.5957031 0.6455078
vt 0.640625 0.66308594
vt 0.59375 0.6645508
vt 0.6347656 0.67626953
vt 0.59228516 0.6816406
vt 0.6298828 0.6870117
vt 0.6245117 0.70214844
vt 0.5913086 0.6899414
vt 0.58984375 0.69628906
vt 0.62158203 0.7089844
vt 0.5888672 0.7011719
vt 0.61865234 0.7167969
vt 0.5859375 0.70654297
vt 0.6142578 0.72509766
vt 0.58203125 0.7133789
vt 0.6098633 0.734375
vt 0.57666016 0.7211914
vt 0.60302734 0.74560547
vt 0.57177734 0.72802734
vt 0.5966797 0.75439453
vt 0.56933594 0.73046875
vt 0.5917969 0.76171875
vt 0.56689453 0.7319336
vt 0.56152344 0.7373047
vt 0.5883789 0.765625
vt 0.5566406 0.7421875
vt 0.5859375 0.76953125
vt 0.55371094 0.7441406
vt 0.55126953 0.7475586
vt 0.5493164 0.75
vt 0.5473633 0.75341797
vt 0.54589844 0.75634766
vt 0.5449219 0.7607422
vt 0.5439453 0.7651367
vt 0.54541016 0.7763672
vt 0.5473633 0.7890625
vt 0.54833984 0.7939453
vt 0.55029297 0.7988281
vt 0.5517578 0.8017578
vt 0.55322266 0.80371094
vt 0.5566406 0.8071289
vt 0.56152344 0.81152344
vt 0.5673828 0.81689453
vt 0.5722656 0.8198242
vt 0.57714844 0.82373047
vt 0.5908203 0.76904297
vt 0.5966797 0.7685547
vt 0.5830078 0.828125
vt 0.60595703 0.7675781
vt 0.5854492 0.8300781
vt 0.6142578 0.7675781
vt 0.6230469 0.7680664
vt 0.58740234 0.83251953
vt 0.6347656 0.76953125
vt 0.5883789 0.83447266
vt 0.64746094 0.7709961
vt 0.7348633 0.73095703
vt 0.6665039 0.7734375
vt 0.58691406 0.9116211
vt 0.5878906 0.9116211
vt 0.5859375 0.9111328
vt 0.5859375 0.90966797
vt 0.58935547 0.9111328
vt 0.5864258 0.9067383
vt 0.5917969 0.90966797
vt 0.5966797 0.8588867
vt 0.6274414 0.87890625
vt 0.6386719 0.8691406
vt 0.72216797 0.83496094
vt 0.7241211 0.83203125
vt 0.71972656 0.83740234
vt 0.7705078 0.82958984
vt 0.7739258 0.82666016
vt 0.76708984 0.83154297
vt 0.58935547 0.8515625
vt 0.58984375 0.8535156
vt 0.7841797 0.81103516
vt 0.78515625 0.80371094
vt 0.7832031 0.8149414
vt 0.6772461 0.8618164
vt 0.68652344 0.85253906
vt 0.6738281 0.8642578
vt 0.7788086 0.7470703
vt 0.77734375 0.7441406
vt 0.78027344 0.7504883
vt 0.78222656 0.7763672
vt 0.7817383 0.76416016
vt 0.78271484 0.78808594
vt 0.7836914 0.79248047
vt 0.7841797 0.79541016
vt 0.7783203 0.82128906
vt 0.7597656 0.83203125
vt 0.7529297 0.83203125
vt 0.74902344 0.8305664
vt 0.7441406 0.8286133
vt 0.7373047 0.8256836
vt 0.7319336 0.8227539
vt 0.7270508 0.8251953
vt 0.72802734 0.8208008
vt 0.7260742 0.828125
vt 0.7001953 0.84375
vt 0.71240234 0.83935547
vt 0.6923828 0.8466797
vt 0.6645508 0.86572266
vt 0.6503906 0.8676758
vt 0.59472656 0.8574219
vt 0.59277344 0.8564453
vt 0.5908203 0.85498047
vt 0.7519531 0.7290039
vt 0.7626953 0.73339844
vt 0.7680664 0.7363281
vt 0.77197266 0.73876953
vt 0.77490234 0.7416992
vt 0.7807617 0.75439453
vt 0.6767578 0.77441406
vt 0.6845703 0.77441406
vt 0.68847656 0.77441406
vt 0.69433594 0.77246094
vt 0.70214844 0.76953125
vt 0.7080078 0.76708984
vt 0.71435547 0.7631836
vt 0.7182617 0.7602539
vt 0.7211914 0.7573242
vt 0.73339844 0.7348633
vt 0.7314453 0.7392578
vt 0.7294922 0.7441406
vt 0.7241211 0.75341797
vt 0.7270508 0.74902344
vt 0.91845703 0.5932617
vt 0.9194336 0.5854492
vt 0.91552734 0.59033203
vt 0.91308594 0.58740234
vt 0.90283203 0.56152344
vt 0.9033203 0.5629883
vt 0.9116211 0.55566406
vt 0.9057617 0.5673828
vt 0.91308594 0.5566406
vt 0.9145508 0.55810547
vt 0.9160156 0.56103516
vt 0.91845703 0.5708008
vt 0.9057617 0.5683594
vt 0.91015625 0.58251953
vt 0.90527344 0.5698242
vt 0.90478516 0.57177734
vt 0.90527344 0.57373047
vt 0.9057617 0.5751953
vt 0.9199219 0.578125
vt 0.90771484 0.57910156
vt 0.92041016 0.5834961
vt 0.9199219 0.58496094
vt 0.9091797 0.5546875
vt 0.90771484 0.5546875
vt 0.90283203 0.55859375
vt 0.90625 0.55566406
vt 0.9042969 0.5566406
vt 0.9033203 0.5576172
vt 0.91064453 0.5551758
vt 0.90283203 0.5600586
vt 0.8305664 0.27514648
vt 0.8310547 0.27563477
vt 0.83154297 0.27392578
vt 0.8334961 0.2763672
vt 0.83496094 0.27368164
vt 0.83691406 0.2763672
vt 0.8510742 0.22998047
vt 0.8515625 0.23071289
vt 0.8515625 0.22937012
vt 0.8544922 0.22875977
vt 0.8535156 0.23156738
vt 0.8408203 0.2758789
vt 0.8364258 0.27148438
vt 0.8388672 0.26391602
vt 0.85009766 0.27490234
vt 0.8432617 0.2529297
vt 0.85595703 0.27416992
vt 0.86328125 0.27246094
vt 0.84765625 0.24157715
vt 0.87158203 0.2705078
vt 0.87939453 0.26831055
vt 0.85058594 0.23608398
vt 0.8857422 0.26586914
vt 0.8515625 0.23339844
vt 0.8911133 0.26367188
vt 0.8588867 0.22827148
vt 0.86328125 0.22729492
vt 0.8676758 0.22558594
vt 0.87158203 0.22399902
vt 0.8955078 0.2614746
vt 0.87597656 0.2220459
vt 0.9003906 0.25830078
vt 0.87890625 0.21948242
vt 0.9057617 0.2553711
vt 0.91064453 0.2512207
vt 0.91503906 0.24731445
vt 0.92041016 0.24157715
vt 0.92529297 0.23339844
vt 0.8798828 0.21386719
vt 0.92871094 0.2265625
vt 0.88134766 0.20703125
vt 0.9316406 0.22021484
vt 0.93408203 0.21411133
vt 0.88183594 0.19946289
vt 0.9355469 0.20910645
vt 0.88378906 0.19262695
vt 0.9370117 0.20471191
vt 0.8852539 0.18615723
vt 0.93847656 0.19885254
vt 0.88720703 0.18139648
vt 0.93896484 0.1940918
vt 0.88916016 0.1772461
vt 0.89208984 0.17297363
vt 0.9394531 0.1887207
vt 0.89501953 0.16992188
vt 0.9394531 0.18237305
vt 0.8979492 0.16687012
vt 0.90234375 0.16369629
vt 0.93847656 0.1776123
vt 0.9067383 0.16101074
vt 0.9375 0.17358398
vt 0.9111328 0.15942383
vt 0.91503906 0.15856934
vt 0.9189453 0.15844727
vt 0.93652344 0.17004395
vt 0.9223633 0.15881348
vt 0.9267578 0.16003418
vt 0.9301758 0.16210938
vt 0.93310547 0.16442871
vt 0.9350586 0.16711426
vt 0.80615234 0.55810547
vt 0.796875 0.5415039
vt 0.7944336 0.5546875
vt 0.7993164 0.5678711
vt 0.7910156 0.5551758
vt 0.7895508 0.56591797
vt 0.78759766 0.5864258
vt 0.78125 0.5761719
vt 0.7783203 0.5839844
vt 0.8129883 0.54589844
vt 0.8100586 0.53808594
vt 0.7998047 0.5410156
vt 0.7939453 0.57714844
vt 0.7871094 0.56689453
vt 0.7836914 0.5751953
vt 0.78125 0.59375
vt 0.7807617 0.59277344
vt 0.76123047 0.58984375
vt 0.7763672 0.5859375
vt 0.76220703 0.58740234
vt 0.7636719 0.5830078
vt 0.7993164 0.515625
vt 0.796875 0.5180664
vt 0.79296875 0.52441406
vt 0.79003906 0.52978516
vt 0.78515625 0.5385742
vt 0.7763672 0.58447266
vt 0.765625 0.5786133
vt 0.7680664 0.57373047
vt 0.78125 0.54541016
vt 0.77734375 0.5522461
vt 0.7729492 0.5605469
vt 0.7709961 0.5644531
vt 0.76953125 0.5683594
vt 0.31884766 0.8017578
vt 0.31884766 0.80566406
vt 0.32421875 0.80908203
vt 0.31835938 0.8100586
vt 0.390625 0.82470703
vt 0.3869629 0.82714844
vt 0.38305664 0.82958984
vt 0.3173828 0.8149414
vt 0.32714844 0.8129883
vt 0.47631836 0.93896484
vt 0.3791504 0.83154297
vt 0.47021484 0.94921875
vt 0.46411133 0.9580078
vt 0.37597656 0.83251953
vt 0.45947266 0.9633789
vt 0.45410156 0.9682617
vt 0.4501953 0.97265625
vt 0.44458008 0.9760742
vt 0.43969727 0.9790039
vt 0.42822266 0.9819336
vt 0.41186523 0.9848633
vt 0.3918457 0.9868164
vt 0.37060547 0.8334961
vt 0.3708496 0.98779297
vt 0.34106445 0.9873047
vt 0.3642578 0.8334961
vt 0.328125 0.98583984
vt 0.35888672 0.8330078
vt 0.3540039 0.83154297
vt 0.30981445 0.9838867
vt 0.2956543 0.9814453
vt 0.34887695 0.82958984
vt 0.28515625 0.9794922
vt 0.34423828 0.8276367
vt 0.2770996 0.9770508
vt 0.26879883 0.9736328
vt 0.26000977 0.96777344
vt 0.24963379 0.95947266
vt 0.24047852 0.9506836
vt 0.3400879 0.82470703
vt 0.23010254 0.94091797
vt 0.33691406 0.8222656
vt 0.21655273 0.92871094
vt 0.3322754 0.8183594
vt 0.3161621 0.8203125
vt 0.3149414 0.82421875
vt 0.31298828 0.82910156
vt 0.13012695 0.77197266
vt 0.1295166 0.77246094
vt 0.13110352 0.77197266
vt 0.13195801 0.77246094
vt 0.12902832 0.7739258
vt 0.13342285 0.7734375
vt 0.12817383 0.77490234
vt 0.13574219 0.7753906
vt 0.118896484 0.77001953
vt 0.1182251 0.7705078
vt 0.11968994 0.77001953
vt 0.16564941 0.8720703
vt 0.16796875 0.8754883
vt 0.1652832 0.87109375
vt 0.11773682 0.77197266
vt 0.11743164 0.7753906
vt 0.121154785 0.77001953
vt 0.12237549 0.7709961
vt 0.1237793 0.77197266
vt 0.12646484 0.7739258
vt 0.11816406 0.78125
vt 0.12072754 0.7895508
vt 0.1430664 0.78222656
vt 0.12475586 0.80078125
vt 0.15466309 0.79296875
vt 0.12768555 0.8076172
vt 0.12988281 0.81347656
vt 0.16210938 0.7998047
vt 0.13378906 0.82128906
vt 0.13635254 0.82666016
vt 0.16870117 0.8051758
vt 0.1385498 0.8310547
vt 0.17419434 0.8095703
vt 0.140625 0.83447266
vt 0.14318848 0.8388672
vt 0.18029785 0.81396484
vt 0.14697266 0.84472656
vt 0.1508789 0.8510742
vt 0.18725586 0.81884766
vt 0.15637207 0.85839844
vt 0.19250488 0.8227539
vt 0.16064453 0.8642578
vt 0.20251465 0.82958984
vt 0.16540527 0.8701172
vt 0.21044922 0.83447266
vt 0.22045898 0.84033203
vt 0.17236328 0.88134766
vt 0.18273926 0.89404297
vt 0.23181152 0.8457031
vt 0.19433594 0.90722656
vt 0.24328613 0.85009766
vt 0.20471191 0.91796875
vt 0.25195312 0.85253906
vt 0.25732422 0.8535156
vt 0.26220703 0.8544922
vt 0.2705078 0.85498047
vt 0.2758789 0.85498047
vt 0.28271484 0.8540039
vt 0.3100586 0.8339844
vt 0.28833008 0.8520508
vt 0.3071289 0.8383789
vt 0.29296875 0.85009766
vt 0.30444336 0.8413086
vt 0.29711914 0.84765625
vt 0.30078125 0.84472656
vt 0.2980957 0.7832031
vt 0.29663086 0.78271484
vt 0.29589844 0.7841797
vt 0.30615234 0.75683594
vt 0.30615234 0.75634766
vt 0.30273438 0.7573242
vt 0.30493164 0.7558594
vt 0.30151367 0.75439453
vt 0.29516602 0.7817383
vt 0.2932129 0.78564453
vt 0.28735352 0.78466797
vt 0.29760742 0.7519531
vt 0.28271484 0.7832031
vt 0.2998047 0.78027344
vt 0.30151367 0.7788086
vt 0.29833984 0.7807617
vt 0.021499634 0.29785156
vt 0.021118164 0.30200195
vt 0.022140503 0.2956543
vt 0.025909424 0.29296875
vt 0.023742676 0.2939453
vt 0.028335571 0.29248047
vt 0.030441284 0.29296875
vt 0.032165527 0.29370117
vt 0.034057617 0.29541016
vt 0.03591919 0.29760742
vt 0.30688477 0.7636719
vt 0.30639648 0.76171875
vt 0.30737305 0.76660156
vt 0.2763672 0.77978516
vt 0.2705078 0.7763672
vt 0.26489258 0.7714844
vt 0.2607422 0.7675781
vt 0.22875977 0.7475586
vt 0.23791504 0.75146484
vt 0.22290039 0.7446289
vt 0.21606445 0.74121094
vt 0.20751953 0.7363281
vt 0.1973877 0.73046875
vt 0.18835449 0.72558594
vt 0.18200684 0.7211914
vt 0.17236328 0.71435547
vt 0.16259766 0.7060547
vt 0.15209961 0.69628906
vt 0.13842773 0.68115234
vt 0.12658691 0.6669922
vt 0.11779785 0.6542969
vt 0.11193848 0.6455078
vt 0.10632324 0.63623047
vt 0.09899902 0.6225586
vt 0.094177246 0.61083984
vt 0.08795166 0.5913086
vt 0.08465576 0.57666016
vt 0.08001709 0.5551758
vt 0.07611084 0.5366211
vt 0.072509766 0.5185547
vt 0.06713867 0.48876953
vt 0.061187744 0.45507812
vt 0.04937744 0.4050293
vt 0.054656982 0.4230957
vt 0.044891357 0.3894043
vt 0.03817749 0.3659668
vt 0.032043457 0.34399414
vt 0.027404785 0.328125
vt 0.024017334 0.3161621
vt 0.022094727 0.3076172
vt 0.043151855 0.3112793
vt 0.05328369 0.33129883
vt 0.060150146 0.34692383
vt 0.06524658 0.35888672
vt 0.077819824 0.38842773
vt 0.07055664 0.3713379
vt 0.08404541 0.40405273
vt 0.090026855 0.41845703
vt 0.09765625 0.4375
vt 0.10333252 0.45141602
vt 0.109375 0.4663086
vt 0.21374512 0.66748047
vt 0.20678711 0.65771484
vt 0.22070312 0.6772461
vt 0.30517578 0.7602539
vt 0.30395508 0.75878906
vt 0.3071289 0.76953125
vt 0.30639648 0.77197266
vt 0.30541992 0.77441406
vt 0.30395508 0.7763672
vt 0.057769775 0.4362793
vt 0.1149292 0.4794922
vt 0.12463379 0.5019531
vt 0.1315918 0.5185547
vt 0.1394043 0.5361328
vt 0.14538574 0.5488281
vt 0.15063477 0.5600586
vt 0.15612793 0.57177734
vt 0.16125488 0.58251953
vt 0.16760254 0.5942383
vt 0.17285156 0.6040039
vt 0.1784668 0.61376953
vt 0.18347168 0.6220703
vt 0.18847656 0.6303711
vt 0.19433594 0.63916016
vt 0.20007324 0.6479492
vt 0.22753906 0.6855469
vt 0.23779297 0.6977539
vt 0.24829102 0.70996094
vt 0.25708008 0.7192383
vt 0.26782227 0.72998047
vt 0.24536133 0.7553711
vt 0.25170898 0.7597656
vt 0.2763672 0.73779297
vt 0.25683594 0.76416016
vt 0.28198242 0.7421875
vt 0.28979492 0.7475586
vt 0.29663086 0.7807617
vt 0.040222168 0.88378906
vt 0.039794922 0.88671875
vt 0.040985107 0.88427734
vt 0.042175293 0.8852539
vt 0.08050537 0.9008789
vt 0.07946777 0.9003906
vt 0.08227539 0.90234375
vt 0.039276123 0.8886719
vt 0.16101074 0.9238281
vt 0.16125488 0.92089844
vt 0.16027832 0.92626953
vt 0.028411865 0.89404297
vt 0.026947021 0.8955078
vt 0.030654907 0.8925781
vt 0.032440186 0.89208984
vt 0.03475952 0.8925781
vt 0.10601807 0.9589844
vt 0.10534668 0.9560547
vt 0.10632324 0.9638672
vt 0.101501465 0.97509766
vt 0.10345459 0.97265625
vt 0.099609375 0.9770508
vt 0.07446289 0.9785156
vt 0.07745361 0.97998047
vt 0.07183838 0.97753906
vt 0.020812988 0.9135742
vt 0.020980835 0.9160156
vt 0.020965576 0.91064453
vt 0.023468018 0.9013672
vt 0.021881104 0.90625
vt 0.025115967 0.8979492
vt 0.048675537 0.8828125
vt 0.046173096 0.8828125
vt 0.051513672 0.8833008
vt 0.14770508 0.9042969
vt 0.14465332 0.9042969
vt 0.15002441 0.90478516
vt 0.15722656 0.91064453
vt 0.15625 0.9091797
vt 0.15820312 0.9121094
vt 0.15930176 0.9140625
vt 0.16040039 0.9169922
vt 0.15905762 0.92871094
vt 0.15673828 0.93115234
vt 0.15344238 0.93408203
vt 0.1459961 0.93847656
vt 0.13647461 0.9428711
vt 0.12792969 0.94628906
vt 0.11920166 0.9482422
vt 0.11206055 0.9501953
vt 0.10473633 0.9536133
vt 0.10418701 0.95214844
vt 0.10534668 0.96728516
vt 0.10467529 0.96972656
vt 0.097351074 0.9785156
vt 0.09509277 0.9794922
vt 0.091796875 0.97998047
vt 0.088012695 0.98046875
vt 0.084228516 0.98046875
vt 0.08050537 0.98046875
vt 0.06921387 0.97558594
vt 0.06640625 0.9736328
vt 0.06298828 0.96972656
vt 0.057159424 0.9633789
vt 0.039001465 0.9428711
vt 0.0418396 0.9448242
vt 0.03503418 0.9394531
vt 0.03225708 0.93652344
vt 0.029159546 0.9326172
vt 0.026443481 0.92871094
vt 0.023757935 0.9243164
vt 0.022415161 0.92089844
vt 0.044036865 0.88378906
vt 0.056030273 0.8852539
vt 0.062438965 0.8876953
vt 0.06719971 0.890625
vt 0.07110596 0.8930664
vt 0.074523926 0.8964844
vt 0.07702637 0.8989258
vt 0.08355713 0.90478516
vt 0.0848999 0.90771484
vt 0.12780762 0.9091797
vt 0.122924805 0.9111328
vt 0.13220215 0.90771484
vt 0.13586426 0.90625
vt 0.13879395 0.90527344
vt 0.14208984 0.90478516
vt 0.15161133 0.9057617
vt 0.15344238 0.9067383
vt 0.15490723 0.90771484
vt 0.03640747 0.8925781
vt 0.04638672 0.94873047
vt 0.037872314 0.8911133
vt 0.078308105 0.89990234
vt 0.08581543 0.90966797
vt 0.048309326 0.9506836
vt 0.05166626 0.9555664
vt 0.08746338 0.91015625
vt 0.091552734 0.9121094
vt 0.09564209 0.9135742
vt 0.1184082 0.9121094
vt 0.113586426 0.9135742
vt 0.109558105 0.9145508
vt 0.103881836 0.91503906
vt 0.1071167 0.9511719
vt 0.099487305 0.9140625
vn -0 0 -1
vn -0 0 -1
vn -0 0 -1
vn -0 0 -1
vn -0 0 -1
vn -0 0 -1
vn -0 0 -1
vn -0 0 -1
vn -0 0 -1
vn -0 0 -1
vn -0 0 -1
vn -0 0 -1
vn -0 0 -1
vn -0 0 -1
vn -0 0 -1
vn -0 0 -1
vn -0 0 -1
vn -0 0 -1
vn -0 0 -1
vn -0 0 -1
vn -0 0 -1
vn -0 0 -1
vn -0 0 -1
vn -0 0 -1
vn -0 0 -1
vn -0 0 -1
vn -0 0 -1
vn -0 0 -1
vn -0 0 -1
vn -0 0 -1
vn -0 0 -1
vn -0 0 -1
vn -0 0 -1
vn -0 0 -1
vn -0 0 -1
vn -0 0 -1
vn -0 0 -1
vn -0 0 -1
vn -0 0 -1
vn -0 0 -1
vn -0 0 -1
vn -0 0 -1
vn -0 0 -1
vn -0 0 -1
vn -0 0 -1
vn -0 0 -1
vn -0 0 -1
vn -0 0 -1
vn -0 0 -1
vn -0 0 -1
vn -0 0 -1
vn -0 0 -1
vn -0 0 -1
vn -0 0 -1
vn -0 0 -1
vn -0 0 -1
vn -0 0 -1
vn -0 0 -1
vn -0 0 -1
vn -0 0 -1
vn -0 0 -1
vn -0 0 -1
vn -0 0 -1
vn -0 0 -1
vn -0 0 -1
vn -0 0 -1
vn -0 0 -1
vn -0 0 -1
vn -0 0 -1
vn -0 0 -1
vn -0 0 -1
vn -0 0 -1
vn -0 0 -1
vn -0 0 -1
vn -0 0 -1
vn -0 0 -1
vn -0 0 -1
vn -0 0 -1
vn -0 0 -1
vn -0 0 -1
vn -0 0 -1
vn -0 0 -1
vn -0 0 -1
vn -0 0 -1
vn -0 0 -1
vn -0 0 -1
vn -0 0 -1
vn -0 0 -1
vn -0 0 -1
vn -0 0 -1
vn -0 0 -1
vn -0 0 -1
vn -0 0 -1
vn -0 0 -1
vn -0 0 -1
vn -0 0 -1
vn -0 0 -1
vn -0 0 -1
vn -0 0 -1
vn -0 0 -1
vn -0 0 -1
vn -0 0 -1
vn -0 0 -1
vn -0 0 -1
vn -0 0 -1
vn -0 0 -1
vn -0 0 -1
vn -0 0 -1
vn -0 0 -1
vn -0 0 -1
vn -0 0 -1
vn -0 0 -1
vn -0 0 -1
vn -0 0 -1
vn -0 0 -1
vn -0 0 -1
vn -0 0 -1
vn -0 0 -1
vn -0 0 -1
vn -0 0 -1
vn -0 0 -1
vn -0 0 -1
vn -0 0 -1
vn -0 0 -1
vn -0 0 -1
vn -0 0 -1
vn -0 0 -1
vn -0 0 -1
vn -0 0 -1
vn -0 0 -1
vn -0 0 -1
vn -0 0 -1
vn -0 0 -1
vn -0 0 -1
vn -0 0 -1
vn -0 0 -1
vn -0 0 -1
vn -0 0 -1
vn -0 0 -1
vn -0 0 -1
vn -0 0 -1
vn -0 0 -1
vn -0 0 -1
vn -0 0 -1
vn -0 0 -1
vn -0 0 -1
vn -0 0 -1
vn -0 0 -1
vn -0 0 -1
vn -0 0 -1
vn -0 0 -1
vn -0 0 -1
vn -0 0 -1
vn -0 0 -1
vn -0 0 -1
vn -0 0 -1
vn -0 0 -1
vn -0 0 -1
vn -0 0 -1
vn -0 0 -1
vn -0 0 -1
vn -0 0 -1
vn -0 0 -1
vn -0 0 -1
vn -0 0 -1
vn -0 0 -1
vn -0 0 -1
vn -0 0 -1
vn -0 0 -1
vn -0 0 -1
vn -0 0 -1
vn -0 0 -1
vn -0 0 -1
vn -0 0 -1
vn -0 0 -1
vn -0 0 -1
vn -0 0 -1
vn -0 0 -1
vn -0 0 -1
vn -0 0 -1
vn -0 0 -1
vn -0 0 -1
vn -0 0 -1
vn -0 0 -1
vn -0 0 -1
vn -0 0 -1
vn -0 0 -1
vn -0 0 -1
vn -0 0 -1
vn -0 0 -1
vn -0 0 -1
vn -0 0 -1
vn -0 0 -1
vn -0 0 -1
vn -0 0 -1
vn -0 0 -1
vn -0 0 -1
vn -0 0 -1
vn -0 0 -1
vn -0 0 -1
vn -0 0 -1
vn -0 0 -1
vn -0 0 -1
vn -0 0 -1
vn -0 0 -1
vn -0 0 -1
vn -0 0 -1
vn -0 0 -1
vn -0 0 -1
vn -0 0 -1
vn -0 0 -1
vn -0 0 -1
vn -0 0 -1
vn -0 0 -1
vn -0 0 -1
vn -0 0 -1
vn -0 0 -1
vn -0 0 -1
vn -0 0 -1
vn -0 0 -1
vn -0 0 -1
vn -0 0 -1
vn -0 0 -1
vn -0 0 -1
vn -0 0 -1
vn -0 0 -1
vn -0 0 -1
vn -0 0 -1
vn -0 0 -1
vn -0 0 -1
vn -0 0 -1
vn -0 0 -1
vn -0 0 -1
vn -0 0 -1
vn -0 0 -1
vn -0 0 -1
vn -0 0 -1
vn -0 0 -1
vn -0 0 -1
vn -0 0 -1
vn -0 0 -1
vn -0 0 -1
vn -0 0 -1
vn -0 0 -1
vn -0 0 -1
vn -0 0 -1
vn -0 0 -1
vn -0 0 -1
vn -0 0 -1
vn -0 0 -1
vn -0 0 -1
vn -0 0 -1
vn -0 0 -1
vn -0 0 -1
vn -0 0 -1
vn -0 0 -1
vn -0 0 -1
vn -0 0 -1
vn -0 0 -1
vn -0 0 -1
vn -0 0 -1
vn -0 0 -1
vn -0 0 -1
vn -0 0 -1
vn -0 0 -1
vn -0 0 -1
vn -0 0 -1
vn -0 0 -1
vn -0 0 -1
vn -0 0 -1
vn -0 0 -1
vn -0 0 -1
vn -0 0 -1
vn -0 0 -1
vn -0 0 -1
vn -0 0 -1
vn -0 0 -1
vn -0 0 -1
vn -0 0 -1
vn -0 0 -1
vn -0 0 -1
vn -0 0 -1
vn -0 0 -1
vn -0 0 -1
vn -0 0 -1
vn -0 0 -1
vn -0 0 -1
vn -0 0 -1
vn -0 0 -1
vn -0 0 -1
vn -0 0 -1
vn -0 0 -1
vn -0 0 -1
vn -0 0 -1
vn -0 0 -1
vn -0 0 -1
vn -0 0 -1
vn -0 0 -1
vn -0 0 -1
vn -0 0 -1
vn -0 0 -1
vn -0 0 -1
vn -0 0 -1
vn -0 0 -1
vn -0 0 -1
vn -0 0 -1
vn -0 0 -1
vn -0 0 -1
vn -0 0 -1
vn -0 0 -1
vn -0 0 -1
vn -0 0 -1
vn -0 0 -1
vn -0 0 -1
vn -0 0 -1
vn -0 0 -1
vn -0 0 -1
vn -0 0 -1
vn -0 0 -1
vn -0 0 -1
vn -0 0 -1
vn -0 0 -1
vn -0 0 -1
vn -0 0 -1
vn -0 0 -1
vn -0 0 -1
vn -0 0 -1
vn -0 0 -1
vn -0 0 -1
vn -0 0 -1
vn -0 0 -1
vn -0 0 -1
vn -0 0 -1
vn -0 0 -1
vn -0 0 -1
vn -0 0 -1
vn -0 0 -1
vn -0 0 -1
vn -0 0 -1
vn -0 0 -1
vn -0 0 -1
vn -0 0 -1
vn -0 0 -1
vn -0 0 -1
vn -0 0 -1
vn -0 0 -1
vn -0 0 -1
vn -0 0 -1
vn -0 0 -1
vn -0 0 -1
vn -0 0 -1
vn -0 0 -1
vn -0 0 -1
vn -0 0 -1
vn -0 0 -1
vn -0 0 -1
vn -0 0 -1
vn -0 0 -1
vn -0 0 -1
vn -0 0 -1
vn -0 0 -1
vn -0 0 -1
vn -0 0 -1
vn -0 0 -1
vn -0 0 -1
vn -0 0 -1
vn -0 0 -1
vn -0 0 -1
vn -0 0 -1
vn -0 0 -1
vn -0 0 -1
vn -0 0 -1
vn -0 0 -1
vn -0 0 -1
vn -0 0 -1
vn -0 0 -1
vn -0 0 -1
vn -0 0 -1
vn -0 0 -1
vn -0 0 -1
vn -0 0 -1
vn -0 0 -1
vn -0 0 -1
vn -0 0 -1
vn -0 0 -1
vn -0 0 -1
vn -0 0 -1
vn -0 0 -1
vn -0 0 -1
vn -0 0 -1
vn -0 0 -1
vn -0 0 -1
vn -0 0 -1
vn -0 0 -1
vn -0 0 -1
vn -0 0 -1
vn -0 0 -1
vn -0 0 -1
vn -0 0 -1
vn -0 0 -1
vn -0 0 -1
vn -0 0 -1
vn -0 0 -1
vn -0 0 -1
vn -0 0 -1
vn -0 0 -1
vn -0 0 -1
vn -0 0 -1
vn -0 0 -1
vn -0 0 -1
vn -0 0 -1
vn -0 0 -1
vn -0 0 -1
vn -0 0 -1
vn -0 0 -1
vn -0 0 -1
vn -0 0 -1
vn -0 0 -1
vn -0 0 -1
vn -0 0 -1
vn -0 0 -1
vn -0 0 -1
vn -0 0 -1
vn -0 0 -1
vn -0 0 -1
vn -0 0 -1
vn -0 0 -1
vn -0 0 -1
vn -0 0 -1
vn -0 0 -1
vn -0 0 -1
vn -0 0 -1
vn -0 0 -1
vn -0 0 -1
vn -0 0 -1
vn -0 0 -1
vn -0 0 -1
vn -0 0 -1
vn -0 0 -1
vn -0 0 -1
vn -0 0 -1
vn -0 0 -1
vn -0 0 -1
vn -0 0 -1
vn -0 0 -1
vn -0 0 -1
vn -0 0 -1
vn -0 0 -1
vn -0 0 -1
vn -0 0 -1
vn -0 0 -1
vn -0 0 -1
vn -0 0 -1
vn -0 0 -1
vn -0 0 -1
vn -0 0 -1
vn -0 0 -1
vn -0 0 -1
vn -0 0 -1
vn -0 0 -1
vn -0 0 -1
vn -0 0 -1
vn -0 0 -1
vn -0 0 -1
vn -0 0 -1
vn -0 0 -1
vn -0 0 -1
vn -0 0 -1
vn -0 0 -1
vn -0 0 -1
vn -0 0 -1
vn -0 0 -1
vn -0 0 -1
vn -0 0 -1
vn -0 0 -1
vn -0 0 -1
vn -0 0 -1
vn -0 0 -1
vn -0 0 -1
vn -0 0 -1
vn -0 0 -1
vn -0 0 -1
vn -0 0 -1
vn -0 0 -1
vn -0 0 -1
vn -0 0 -1
vn -0 0 -1
vn -0 0 -1
vn -0 0 -1
vn -0 0 -1
vn -0 0 -1
vn -0 0 -1
vn -0 0 -1
vn -0 0 -1
vn -0 0 -1
vn -0 0 -1
vn -0 0 -1
vn -0 0 -1
vn -0 0 -1
vn -0 0 -1
vn -0 0 -1
vn -0 0 -1
vn -0 0 -1
vn -0 0 -1
vn -0 0 -1
vn -0 0 -1
vn -0 0 -1
vn -0 0 -1
vn -0 0 -1
vn -0 0 -1
vn -0 0 -1
vn -0 0 -1
vn -0 0 -1
vn -0 0 -1
vn -0 0 -1
vn -0 0 -1
vn -0 0 -1
vn -0 0 -1
vn -0 0 -1
vn -0 0 -1
vn -0 0 -1
vn -0 0 -1
vn -0 0 -1
vn -0 0 -1
vn -0 0 -1
vn -0 0 -1
vn -0 0 -1
vn -0 0 -1
vn -0 0 -1
vn -0 0 -1
vn -0 0 -1
vn -0 0 -1
vn -0 0 -1
vn -0 0 -1
vn -0 0 -1
vn -0 0 -1
vn -0 0 -1
vn -0 0 -1
vn -0 0 -1
vn -0 0 -1
vn -0 0 -1
vn -0 0 -1
vn -0 0 -1
vn -0 0 -1
vn -0 0 -1
vn -0 0 -1
vn -0 0 -1
vn -0 0 -1
vn -0 0 -1
vn -0 0 -1
vn -0 0 -1
vn -0 0 -1
vn -0 0 -1
vn -0 0 -1
vn -0 0 -1
vn -0 0 -1
vn -0 0 -1
vn -0 0 -1
vn -0 0 -1
vn -0 0 -1
vn -0 0 -1
vn -0 0 -1
vn -0 0 -1
vn -0 0 -1
vn -0 0 -1
vn -0 0 -1
vn -0 0 -1
vn -0 0 -1
vn -0 0 -1
vn -0 0 -1
vn -0 0 -1
vn -0 0 -1
vn -0 0 -1
vn -0 0 -1
vn -0 0 -1
vn -0 0 -1
vn -0 0 -1
vn -0 0 -1
vn -0 0 -1
vn -0 0 -1
vn -0 0 -1
vn -0 0 -1
vn -0 0 -1
vn -0 0 -1
vn -0 0 -1
vn -0 0 -1
vn -0 0 -1
vn -0 0 -1
vn -0 0 -1
vn -0 0 -1
vn -0 0 -1
vn -0 0 -1
vn -0 0 -1
vn -0 0 -1
vn -0 0 -1
vn -0 0 -1
vn -0 0 -1
vn -0 0 -1
vn -0 0 -1
vn -0 0 -1
vn -0 0 -1
vn -0 0 -1
vn -0 0 -1
vn -0 0 -1
vn -0 0 -1
vn -0 0 -1
vn -0 0 -1
vn -0 0 -1
vn -0 0 -1
vn -0 0 -1
vn -0 0 -1
vn -0 0 -1
vn -0 0 -1
vn -0 0 -1
vn -0 0 -1
vn -0 0 -1
vn -0 0 -1
vn -0 0 -1
vn -0 0 -1
vn -0 0 -1
vn -0 0 -1
vn -0 0 -1
vn -0 0 -1
vn -0 0 -1
vn -0 0 -1
vn -0 0 -1
vn -0 0 -1
vn -0 0 -1
vn -0 0 -1
vn -0 0 -1
vn -0 0 -1
vn -0 0 -1
vn -0 0 -1
vn -0 0 -1
vn -0 0 -1
vn -0 0 -1
vn -0 0 -1
vn -0 0 -1
vn -0 0 -1
vn -0 0 -1
vn -0 0 -1
vn -0 0 -1
vn -0 0 -1
vn -0 0 -1
vn -0 0 -1
vn -0 0 -1
vn -0 0 -1
vn -0 0 -1
vn -0 0 -1
vn -0 0 -1
vn -0 0 -1
vn -0 0 -1
vn -0 0 -1
vn -0 0 -1
vn -0 0 -1
vn -0 0 -1
vn -0 0 -1
vn -0 0 -1
vn -0 0 -1
vn -0 0 -1
vn -0 0 -1
vn -0 0 -1
vn -0 0 -1
vn -0 0 -1
vn -0 0 -1
vn -0 0 -1
vn -0 0 -1
vn -0 0 -1
vn -0 0 -1
vn -0 0 -1
vn -0 0 -1
vn -0 0 -1
vn -0 0 -1
vn -0 0 -1
vn -0 0 -1
vn -0 0 -1
vn -0 0 -1
vn -0 0 -1
vn -0 0 -1
vn -0 0 -1
vn -0 0 -1
vn -0 0 -1
vn -0 0 -1
vn -0 0 -1
vn -0 0 -1
vn -0 0 -1
vn -0 0 -1
vn -0 0 -1
vn -0 0 -1
vn -0 0 -1
vn -0 0 -1
vn -0 0 -1
vn -0 0 -1
vn -0 0 -1
vn -0 0 -1
vn -0 0 -1
vn -0 0 -1
vn -0 0 -1
vn -0 0 -1
vn -0 0 -1
vn -0 0 -1
vn -0 0 -1
vn -0 0 -1
vn -0 0 -1
vn -0 0 -1
vn -0 0 -1
vn -0 0 -1
vn -0 0 -1
vn -0 0 -1
vn -0 0 -1
vn -0 0 -1
vn -0 0 -1
vn -0 0 -1
vn -0 0 -1
vn -0 0 -1
vn -0 0 -1
vn -0 0 -1
vn -0 0 -1
vn -0 0 -1
vn -0 0 -1
vn -0 0 -1
vn -0 0 -1
vn -0 0 -1
vn -0 0 -1
vn -0 0 -1
vn -0 0 -1
vn -0 0 -1
vn -0 0 -1
vn -0 0 -1
vn -0 0 -1
vn -0 0 -1
vn -0 0 -1
vn -0 0 -1
vn -0 0 -1
vn -0 0 -1
vn -0 0 -1
vn -0 0 -1
vn -0 0 -1
vn -0 0 -1
vn -0 0 -1
vn -0 0 -1
vn -0 0 -1
vn -0 0 -1
vn -0 0 -1
vn -0 0 -1
vn -0 0 -1
vn -0 0 -1
vn -0 0 -1
vn -0 0 -1
vn -0 0 -1
vn -0 0 -1
vn -0 0 -1
vn -0 0 -1
vn -0 0 -1
vn -0 0 -1
vn -0 0 -1
vn -0 0 -1
vn -0 0 -1
vn -0 0 -1
vn -0 0 -1
vn -0 0 -1
vn -0 0 -1
vn -0 0 -1
vn -0 0 -1
vn -0 0 -1
vn -0 0 -1
vn -0 0 -1
vn -0 0 -1
vn -0 0 -1
vn -0 0 -1
vn -0 0 -1
vn -0 0 -1
vn -0 0 -1
vn -0 0 -1
vn -0 0 -1
vn -0 0 -1
vn -0 0 -1
vn -0 0 -1
vn -0 0 -1
vn -0 0 -1
vn -0 0 -1
vn -0 0 -1
vn -0 0 -1
vn -0 0 -1
vn -0 0 -1
vn -0 0 -1
vn -0 0 -1
vn -0 0 -1
vn -0 0 -1
vn -0 0 -1
vn -0 0 -1
vn -0 0 -1
vn -0 0 -1
vn -0 0 -1
vn -0 0 -1
vn -0 0 -1
vn -0 0 -1
vn -0 0 -1
vn -0 0 -1
vn -0 0 -1
vn -0 0 -1
vn -0 0 -1
vn -0 0 -1
vn -0 0 -1
vn -0 0 -1
vn -0 0 -1
vn -0 0 -1
vn -0 0 -1
vn -0 0 -1
vn -0 0 -1
vn -0 0 -1
vn -0 0 -1
vn -0 0 -1
vn -0 0 -1
vn -0 0 -1
vn -0 0 -1
vn -0 0 -1
vn -0 0 -1
vn -0 0 -1
vn -0 0 -1
vn -0 0 -1
vn -0 0 -1
vn -0 0 -1
vn -0 0 -1
vn -0 0 -1
vn -0 0 -1
vn -0 0 -1
vn -0 0 -1
vn -0 0 -1
vn -0 0 -1
vn -0 0 -1
vn -0 0 -1
vn -0 0 -1
vn -0 0 -1
vn -0 0 -1
vn -0 0 -1
vn -0 0 -1
vn -0 0 -1
vn -0 0 -1
vn -0 0 -1
vn -0 0 -1
vn -0 0 -1
vn -0 0 -1
vn -0 0 -1
vn -0 0 -1
vn -0 0 -1
vn -0 0 -1
vn -0 0 -1
vn -0 0 -1
vn -0 0 -1
vn -0 0 -1
vn -0 0 -1
vn -0 0 -1
vn -0 0 -1
vn -0 0 -1
vn -0 0 -1
vn -0 0 -1
vn -0 0 -1
vn -0 0 -1
vn -0 0 -1
vn -0 0 -1
vn -0 0 -1
vn -0 0 -1
vn -0 0 -1
vn -0 0 -1
vn -0 0 -1
vn -0 0 -1
vn -0 0 -1
vn -0 0 -1
vn -0 0 -1
vn -0 0 -1
vn -0 0 -1
vn -0 0 -1
vn -0 0 -1
vn -0 0 -1
vn -0 0 -1
vn -0 0 -1
vn -0 0 -1
vn -0 0 -1
vn -0 0 -1
vn -0 0 -1
vn -0 0 -1
vn -0 0 -1
vn -0 0 -1
vn -0 0 -1
vn -0 0 -1
vn -0 0 -1
vn -0 0 -1
vn -0 0 -1
vn -0 0 -1
vn -0 0 -1
vn -0 0 -1
vn -0 0 -1
vn -0 0 -1
vn -0 0 -1
vn -0 0 -1
vn -0 0 -1
vn -0 0 -1
vn -0 0 -1
vn -0 0 -1
vn -0 0 -1
vn -0 0 -1
vn -0 0 -1
vn -0 0 -1
vn -0 0 -1
vn -0 0 -1
vn -0 0 -1
vn -0 0 -1
vn -0 0 -1
vn -0 0 -1
vn -0 0 -1
vn -0 0 -1
vn -0 0 -1
vn -0 0 -1
vn -0 0 -1
vn -0 0 -1
vn -0 0 -1
vn -0 0 -1
vn -0 0 -1
vn -0 0 -1
vn -0 0 -1
vn -0 0 -1
vn -0 0 -1
vn -0 0 -1
vn -0 0 -1
vn -0 0 -1
vn -0 0 -1
vn -0 0 -1
vn -0 0 -1
vn -0 0 -1
vn -0 0 -1
vn -0 0 -1
vn -0 0 -1
vn -0 0 -1
vn -0 0 -1
vn -0 0 -1
vn -0 0 -1
vn -0 0 -1
vn -0 0 -1
vn -0 0 -1
vn -0 0 -1
vn -0 0 -1
vn -0 0 -1
vn -0 0 -1
vn -0 0 -1
vn -0 0 -1
vn -0 0 -1
vn -0 0 -1
vn -0 0 -1
vn -0 0 -1
vn -0 0 -1
vn -0 0 -1
vn -0 0 -1
vn -0 0 -1
vn -0 0 -1
vn -0 0 -1
vn -0 0 -1
vn -0 0 -1
vn -0 0 -1
vn -0 0 -1
vn -0 0 -1
vn -0 0 -1
vn -0 0 -1
vn -0 0 -1
vn -0 0 -1
vn -0 0 -1
vn -0 0 -1
vn -0 0 -1
vn -0 0 -1
vn -0 0 -1
vn -0 0 -1
vn -0 0 -1
vn -0 0 -1
vn -0 0 -1
vn -0 0 -1
vn -0 0 -1
vn -0 0 -1
vn -0 0 -1
vn -0 0 -1
vn -0 0 -1
vn -0 0 -1
vn -0 0 -1
vn -0 0 -1
vn -0 0 -1
vn -0 0 -1
vn -0 0 -1
vn -0 0 -1
vn -0 0 -1
vn -0 0 -1
vn -0 0 -1
vn -0 0 -1
vn -0 0 -1
vn -0 0 -1
vn -0 0 -1
vn -0 0 -1
vn -0 0 -1
vn -0 0 -1
vn -0 0 -1
vn -0 0 -1
vn -0 0 -1
vn -0 0 -1
vn -0 0 -1
vn -0 0 -1
vn -0 0 -1
vn -0 0 -1
vn -0 0 -1
vn -0 0 -1
vn -0 0 -1
vn -0 0 -1
vn -0 0 -1
vn -0 0 -1
vn -0 0 -1
vn -0 0 -1
vn -0 0 -1
vn -0 0 -1
vn -0 0 -1
vn -0 0 -1
vn -0 0 -1
vn -0 0 -1
vn -0 0 -1
vn -0 0 -1
vn -0 0 -1
vn -0 0 -1
vn -0 0 -1
vn -0 0 -1
vn -0 0 -1
vn -0 0 -1
vn -0 0 -1
vn -0 0 -1
vn -0 0 -1
vn -0 0 -1
vn -0 0 -1
vn -0 0 -1
vn -0 0 -1
vn -0 0 -1
vn -0 0 -1
vn -0 0 -1
vn -0 0 -1
vn -0 0 -1
vn -0 0 -1
vn -0 0 -1
vn -0 0 -1
vn -0 0 -1
vn -0 0 -1
vn -0 0 -1
vn -0 0 -1
vn -0 0 -1
vn -0 0 -1
vn -0 0 -1
vn -0 0 -1
vn -0 0 -1
vn -0 0 -1
vn -0 0 -1
vn -0 0 -1
vn -0 0 -1
vn -0 0 -1
vn -0 0 -1
vn -0 0 -1
vn -0 0 -1
vn -0 0 -1
vn -0 0 -1
vn -0 0 -1
vn -0 0 -1
vn -0 0 -1
vn -0 0 -1
vn -0 0 -1
vn -0 0 -1
vn -0 0 -1
vn -0 0 -1
vn -0 0 -1
vn -0 0 -1
vn -0 0 -1
vn -0 0 -1
vn -0 0 -1
vn -0 0 -1
vn -0 0 -1
vn -0 0 -1
vn -0 0 -1
vn -0 0 -1
vn -0 0 -1
vn -0 0 -1
vn -0 0 -1
vn -0 0 -1
vn -0 0 -1
vn -0 0 -1
vn -0 0 -1
vn -0 0 -1
vn -0 0 -1
vn -0 0 -1
vn -0 0 -1
vn -0 0 -1
vn -0 0 -1
vn -0 0 -1
vn -0 0 -1
vn -0 0 -1
vn -0 0 -1
vn -0 0 -1
vn -0 0 -1
vn -0 0 -1
vn -0 0 -1
vn -0 0 -1
vn -0 0 -1
vn -0 0 -1
vn -0 0 -1
vn -0 0 -1
vn -0 0 -1
vn -0 0 -1
vn -0 0 -1
vn -0 0 -1
vn -0 0 -1
vn -0 0 -1
vn -0 0 -1
vn -0 0 -1
vn -0 0 -1
vn -0 0 -1
vn -0 0 -1
vn -0 0 -1
vn -0 0 -1
vn -0 0 -1
vn -0 0 -1
vn -0 0 -1
vn -0 0 -1
vn -0 0 -1
vn -0 0 -1
vn -0 0 -1
vn -0 0 -1
vn -0 0 -1
vn -0 0 -1
vn -0 0 -1
vn -0 0 -1
vn -0 0 -1
vn -0 0 -1
vn -0 0 -1
vn -0 0 -1
vn -0 0 -1
vn -0 0 -1
vn -0 0 -1
vn -0 0 -1
vn -0 0 -1
vn -0 0 -1
vn -0 0 -1
vn -0 0 -1
vn -0 0 -1
vn -0 0 -1
vn -0 0 -1
vn -0 0 -1
vn -0 0 -1
vn -0 0 -1
vn -0 0 -1
vn -0 0 -1
vn -0 0 -1
vn -0 0 -1
vn -0 0 -1
vn -0 0 -1
vn -0 0 -1
vn -0 0 -1
vn -0 0 -1
vn -0 0 -1
vn -0 0 -1
vn -0 0 -1
vn -0 0 -1
vn -0 0 -1
vn -0 0 -1
vn -0 0 -1
vn -0 0 -1
vn -0 0 -1
vn -0 0 -1
vn -0 0 -1
vn -0 0 -1
vn -0 0 -1
vn -0 0 -1
vn -0 0 -1
vn -0 0 -1
vn -0 0 -1
vn -0 0 -1
vn -0 0 -1
vn -0 0 -1
vn -0 0 -1
vn -0 0 -1
vn -0 0 -1
vn -0 0 -1
vn -0 0 -1
vn -0 0 -1
vn -0 0 -1
vn -0 0 -1
vn -0 0 -1
vn -0 0 -1
vn -0 0 -1
vn -0 0 -1
vn -0 0 -1
vn -0 0 -1
vn -0 0 -1
vn -0 0 -1
vn -0 0 -1
vn -0 0 -1
vn -0 0 -1
vn -0 0 -1
vn -0 0 -1
vn -0 0 -1
vn -0 0 -1
vn -0 0 -1
vn -0 0 -1
vn -0 0 -1
vn -0 0 -1
vn -0 0 -1
vn -0 0 -1
vn -0 0 -1
vn -0 0 -1
vn -0 0 -1
vn -0 0 -1
vn -0 0 -1
vn -0 0 -1
vn -0 0 -1
vn -0 0 -1
vn -0 0 -1
vn -0 0 -1
vn -0 0 -1
vn -0 0 -1
vn -0 0 -1
vn -0 0 -1
vn -0 0 -1
vn -0 0 -1
vn -0 0 -1
vn -0 0 -1
vn -0 0 -1
vn -0 0 -1
vn -0 0 -1
vn -0 0 -1
vn -0 0 -1
vn -0 0 -1
vn -0 0 -1
vn -0 0 -1
vn -0 0 -1
vn -0 0 -1
vn -0 0 -1
vn -0 0 -1
vn -0 0 -1
vn -0 0 -1
vn -0 0 -1
vn -0 0 -1
vn -0 0 -1
vn -0 0 -1
vn -0 0 -1
vn -0 0 -1
vn -0 0 -1
vn -0 0 -1
vn -0 0 -1
vn -0 0 -1
vn -0 0 -1
vn -0 0 -1
vn -0 0 -1
vn -0 0 -1
vn -0 0 -1
vn -0 0 -1
vn -0 0 -1
vn -0 0 -1
vn -0 0 -1
vn -0 0 -1
vn -0 0 -1
vn -0 0 -1
vn -0 0 -1
vn -0 0 -1
vn -0 0 -1
vn -0 0 -1
vn -0 0 -1
vn -0 0 -1
vn -0 0 -1
vn -0 0 -1
vn -0 0 -1
vn -0 0 -1
vn -0 0 -1
vn -0 0 -1
vn -0 0 -1
vn -0 0 -1
vn -0 0 -1
vn -0 0 -1
vn -0 0 -1
vn -0 0 -1
vn -0 0 -1
vn -0 0 -1
vn -0 0 -1
vn -0 0 -1
vn -0 0 -1
vn -0 0 -1
vn -0 0 -1
vn -0 0 -1
vn -0 0 -1
vn -0 0 -1
vn -0 0 -1
vn -0 0 -1
vn -0 0 -1
vn -0 0 -1
vn -0 0 -1
vn -0 0 -1
vn -0 0 -1
vn -0 0 -1
vn -0 0 -1
vn -0 0 -1
vn -0 0 -1
vn -0 0 -1
vn -0 0 -1
vn -0 0 -1
vn -0 0 -1
vn -0 0 -1
vn -0 0 -1
vn -0 0 -1
vn -0 0 -1
vn -0 0 -1
vn -0 0 -1
vn -0 0 -1
vn -0 0 -1
vn -0 0 -1
vn -0 0 -1
vn -0 0 -1
vn -0 0 -1
vn -0 0 -1
vn -0 0 -1
vn -0 0 -1
vn -0 0 -1
vn -0 0 -1
vn -0 0 -1
vn -0 0 -1
vn -0 0 -1
vn -0 0 -1
vn -0 0 -1
vn -0 0 -1
vn -0 0 -1
vn -0 0 -1
vn -0 0 -1
vn -0 0 -1
vn -0 0 -1
vn -0 0 -1
vn -0 0 -1
vn -0 0 -1
vn -0 0 -1
vn -0 0 -1
vn -0 0 -1
vn -0 0 -1
vn -0 0 -1
vn -0 0 -1
vn -0 0 -1
vn -0 0 -1
vn -0 0 -1
vn -0 0 -1
vn -0 0 -1
vn -0 0 -1
vn -0 0 -1
vn -0 0 -1
vn -0 0 -1
vn -0 0 -1
vn -0 0 -1
vn -0 0 -1
vn -0 0 -1
vn -0 0 -1
vn -0 0 -1
vn -0 0 -1
vn -0 0 -1
vn -0 0 -1
vn -0 0 -1
vn -0 0 -1
vn -0 0 -1
vn -0 0 -1
vn -0 0 -1
vn -0 0 -1
vn -0 0 -1
vn -0 0 -1
vn -0 0 -1
vn -0 0 -1
vn -0 0 -1
vn -0 0 -1
vn -0 0 -1
vn -0 0 -1
vn -0 0 -1
vn -0 0 -1
vn -0 0 -1
vn -0 0 -1
vn -0 0 -1
vn -0 0 -1
vn -0 0 -1
vn -0 0 -1
vn -0 0 -1
vn -0 0 -1
vn -0 0 -1
vn -0 0 -1
vn -0 0 -1
vn -0 0 -1
vn -0 0 -1
vn -0 0 -1
vn -0 0 -1
vn -0 0 -1
vn -0 0 -1
vn -0 0 -1
vn -0 0 -1
vn -0 0 -1
vn -0 0 -1
vn -0 0 -1
vn -0 0 -1
vn -0 0 -1
vn -0 0 -1
vn -0 0 -1
vn -0 0 -1
vn -0 0 -1
vn -0 0 -1
vn -0 0 -1
vn -0 0 -1
vn -0 0 -1
vn -0 0 -1
vn -0 0 -1
vn -0 0 -1
vn -0 0 -1
vn -0 0 -1
vn -0 0 -1
vn -0 0 -1
vn -0 0 -1
vn -0 0 -1
vn -0 0 -1
vn -0 0 -1
vn -0 0 -1
vn -0 0 -1
vn -0 0 -1
vn -0 0 -1
vn -0 0 -1
vn -0 0 -1
vn -0 0 -1
vn -0 0 -1
vn -0 0 -1
vn -0 0 -1
vn -0 0 -1
vn -0 0 -1
vn -0 0 -1
vn -0 0 -1
vn -0 0 -1
vn -0 0 -1
vn -0 0 -1
vn -0 0 -1
vn -0 0 -1
vn -0 0 -1
vn -0 0 -1
vn -0 0 -1
vn -0 0 -1
vn -0 0 -1
vn -0 0 -1
vn -0 0 -1
vn -0 0 -1
vn -0 0 -1
vn -0 0 -1
vn -0 0 -1
vn -0 0 -1
vn -0 0 -1
vn -0 0 -1
vn -0 0 -1
vn -0 0 -1
vn -0 0 -1
vn -0 0 -1
vn -0 0 -1
vn -0 0 -1
vn -0 0 -1
vn -0 0 -1
g cPK_20_002590_00_PTERAex_SR_L_SB_0
f 3/3/3 2/2/2 1/1/1
f 3/3/3 4/4/4 2/2/2
f 5/5/5 4/4/4 3/3/3
f 5/5/5 6/6/6 4/4/4
f 7/7/7 6/6/6 5/5/5
f 8/8/8 6/6/6 7/7/7
f 8/8/8 9/9/9 6/6/6
f 10/10/10 9/9/9 8/8/8
f 11/11/11 9/9/9 10/10/10
f 11/11/11 12/12/12 9/9/9
f 13/13/13 12/12/12 11/11/11
f 14/14/14 12/12/12 13/13/13
f 15/15/15 12/12/12 14/14/14
f 16/16/16 12/12/12 15/15/15
f 17/17/17 12/12/12 16/16/16
f 18/18/18 12/12/12 17/17/17
f 19/19/19 12/12/12 18/18/18
f 20/20/20 12/12/12 19/19/19
f 21/21/21 12/12/12 20/20/20
f 22/22/22 12/12/12 21/21/21
f 23/23/23 12/12/12 22/22/22
f 24/24/24 12/12/12 23/23/23
f 24/24/24 25/25/25 12/12/12
f 26/26/26 25/25/25 24/24/24
f 27/27/27 25/25/25 26/26/26
f 27/27/27 28/28/28 25/25/25
f 29/29/29 28/28/28 27/27/27
f 29/29/29 30/30/30 28/28/28
f 31/31/31 30/30/30 29/29/29
f 34/34/34 33/33/33 32/32/32
f 34/34/34 35/35/35 33/33/33
f 34/34/34 36/36/36 35/35/35
f 37/37/37 36/36/36 34/34/34
f 37/37/37 38/38/38 36/36/36
f 39/39/39 38/38/38 37/37/37
f 39/39/39 40/40/40 38/38/38
f 30/30/30 40/40/40 39/39/39
f 30/30/30 41/41/41 40/40/40
f 31/31/31 41/41/41 30/30/30
f 31/31/31 42/42/42 41/41/41
f 31/31/31 43/43/43 42/42/42
f 44/44/44 43/43/43 31/31/31
f 45/45/45 43/43/43 44/44/44
f 45/45/45 46/46/46 43/43/43
f 47/47/47 46/46/46 45/45/45
f 47/47/47 48/48/48 46/46/46
f 49/49/49 48/48/48 47/47/47
f 50/50/50 48/48/48 49/49/49
f 50/50/50 51/51/51 48/48/48
f 52/52/52 51/51/51 50/50/50
f 52/52/52 53/53/53 51/51/51
f 54/54/54 53/53/53 52/52/52
f 55/55/55 53/53/53 54/54/54
f 55/55/55 56/56/56 53/53/53
f 57/57/57 56/56/56 55/55/55
f 57/57/57 58/58/58 56/56/56
f 59/59/59 58/58/58 57/57/57
f 60/60/60 58/58/58 59/59/59
f 60/60/60 61/61/61 58/58/58
f 62/62/62 61/61/61 60/60/60
f 62/62/62 63/63/63 61/61/61
f 64/64/64 63/63/63 62/62/62
f 64/64/64 65/65/65 63/63/63
f 64/64/64 66/66/66 65/65/65
f 67/67/67 66/66/66 64/64/64
f 67/67/67 68/68/68 66/66/66
f 69/69/69 68/68/68 67/67/67
f 69/69/69 70/70/70 68/68/68
f 71/71/71 70/70/70 69/69/69
f 71/71/71 72/72/72 70/70/70
f 73/73/73 72/72/72 71/71/71
f 74/74/74 72/72/72 73/73/73
f 74/74/74 75/75/75 72/72/72
f 76/76/76 75/75/75 74/74/74
f 76/76/76 77/77/77 75/75/75
f 78/78/78 77/77/77 76/76/76
f 78/78/78 79/79/79 77/77/77
f 80/80/80 79/79/79 78/78/78
f 80/80/80 81/81/81 79/79/79
f 82/82/82 81/81/81 80/80/80
f 82/82/82 83/83/83 81/81/81
f 84/84/84 83/83/83 82/82/82
f 84/84/84 85/85/85 83/83/83
f 86/86/86 85/85/85 84/84/84
f 86/86/86 87/87/87 85/85/85
f 88/88/88 87/87/87 86/86/86
f 88/88/88 89/89/89 87/87/87
f 90/90/90 89/89/89 88/88/88
f 90/90/90 91/91/91 89/89/89
f 90/90/90 92/92/92 91/91/91
f 93/93/93 92/92/92 90/90/90
f 93/93/93 94/94/94 92/92/92
f 95/95/95 94/94/94 93/93/93
f 95/95/95 96/96/96 94/94/94
f 97/97/97 96/96/96 95/95/95
f 97/97/97 98/98/98 96/96/96
f 99/99/99 98/98/98 97/97/97
f 99/99/99 100/100/100 98/98/98
f 101/101/101 100/100/100 99/99/99
f 101/101/101 102/102/102 100/100/100
f 103/103/103 102/102/102 101/101/101
f 103/103/103 104/104/104 102/102/102
f 105/105/105 104/104/104 103/103/103
f 106/106/106 104/104/104 105/105/105
f 106/106/106 107/107/107 104/104/104
f 108/108/108 107/107/107 106/106/106
f 109/109/109 107/107/107 108/108/108
f 109/109/109 110/110/110 107/107/107
f 109/109/109 111/111/111 110/110/110
f 112/112/112 111/111/111 109/109/109
f 112/112/112 113/113/113 111/111/111
f 114/114/114 113/113/113 112/112/112
f 114/114/114 115/115/115 113/113/113
f 114/114/114 116/116/116 115/115/115
f 117/117/117 116/116/116 114/114/114
f 117/117/117 118/118/118 116/116/116
f 117/117/117 119/119/119 118/118/118
f 117/117/117 120/120/120 119/119/119
f 117/117/117 121/121/121 120/120/120
f 117/117/117 122/122/122 121/121/121
f 117/117/117 123/123/123 122/122/122
f 117/117/117 124/124/124 123/123/123
f 117/117/117 125/125/125 124/124/124
f 117/117/117 126/126/126 125/125/125
f 117/117/117 127/127/127 126/126/126
f 117/117/117 128/128/128 127/127/127
f 117/117/117 129/129/129 128/128/128
f 117/117/117 130/130/130 129/129/129
f 117/117/117 131/131/131 130/130/130
f 117/117/117 132/132/132 131/131/131
f 117/117/117 133/133/133 132/132/132
f 117/117/117 134/134/134 133/133/133
f 117/117/117 135/135/135 134/134/134
f 117/117/117 136/136/136 135/135/135
f 117/117/117 137/137/137 136/136/136
f 117/117/117 138/138/138 137/137/137
f 139/139/139 138/138/138 117/117/117
f 139/139/139 140/140/140 138/138/138
f 139/139/139 141/141/141 140/140/140
f 142/142/142 141/141/141 139/139/139
f 145/145/145 144/144/144 143/143/143
f 146/146/146 144/144/144 145/145/145
f 147/147/147 144/144/144 146/146/146
f 147/147/147 148/148/148 144/144/144
f 147/147/147 149/149/149 148/148/148
f 147/147/147 150/150/150 149/149/149
f 151/151/151 150/150/150 147/147/147
f 152/152/152 150/150/150 151/151/151
f 153/153/153 150/150/150 152/152/152
f 154/154/154 150/150/150 153/153/153
f 154/154/154 155/155/155 150/150/150
f 156/156/156 155/155/155 154/154/154
f 157/157/157 155/155/155 156/156/156
f 158/158/158 155/155/155 157/157/157
f 159/159/159 155/155/155 158/158/158
f 160/160/160 155/155/155 159/159/159
f 161/161/161 155/155/155 160/160/160
f 164/164/164 163/163/163 162/162/162
f 165/165/165 163/163/163 164/164/164
f 166/166/166 163/163/163 165/165/165
f 167/167/167 163/163/163 166/166/166
f 168/168/168 163/163/163 167/167/167
f 169/169/169 163/163/163 168/168/168
f 170/170/170 163/163/163 169/169/169
f 171/171/171 163/163/163 170/170/170
f 172/172/172 163/163/163 171/171/171
f 173/173/173 163/163/163 172/172/172
f 173/173/173 174/174/174 163/163/163
f 175/175/175 174/174/174 173/173/173
f 175/175/175 176/176/176 174/174/174
f 177/177/177 176/176/176 175/175/175
f 178/178/178 176/176/176 177/177/177
f 178/178/178 161/161/161 176/176/176
f 178/178/178 155/155/155 161/161/161
f 179/179/179 155/155/155 178/178/178
f 180/180/180 155/155/155 179/179/179
f 181/181/181 155/155/155 180/180/180
f 182/182/182 155/155/155 181/181/181
f 183/183/183 155/155/155 182/182/182
f 184/184/184 155/155/155 183/183/183
f 185/185/185 155/155/155 184/184/184
f 186/186/186 155/155/155 185/185/185
f 187/187/187 155/155/155 186/186/186
f 188/188/188 155/155/155 187/187/187
f 189/189/189 155/155/155 188/188/188
f 190/190/190 155/155/155 189/189/189
f 191/191/191 155/155/155 190/190/190
f 192/192/192 155/155/155 191/191/191
f 193/193/193 155/155/155 192/192/192
f 194/194/194 155/155/155 193/193/193
f 195/195/195 155/155/155 194/194/194
f 196/196/196 155/155/155 195/195/195
f 197/197/197 155/155/155 196/196/196
f 198/198/198 155/155/155 197/197/197
f 199/199/199 155/155/155 198/198/198
f 200/200/200 155/155/155 199/199/199
f 201/201/201 155/155/155 200/200/200
f 202/202/202 155/155/155 201/201/201
f 203/203/203 155/155/155 202/202/202
f 204/204/204 155/155/155 203/203/203
f 205/205/205 155/155/155 204/204/204
f 206/206/206 155/155/155 205/205/205
f 207/207/207 155/155/155 206/206/206
f 208/208/208 155/155/155 207/207/207
f 209/209/209 155/155/155 208/208/208
f 210/210/210 155/155/155 209/209/209
f 211/211/211 155/155/155 210/210/210
f 212/212/212 155/155/155 211/211/211
f 213/213/213 155/155/155 212/212/212
f 214/214/214 155/155/155 213/213/213
f 215/215/215 155/155/155 214/214/214
f 215/215/215 216/216/216 155/155/155
f 215/215/215 217/217/217 216/216/216
f 215/215/215 218/218/218 217/217/217
f 215/215/215 219/219/219 218/218/218
f 215/215/215 220/220/220 219/219/219
f 215/215/215 221/221/221 220/220/220
f 215/215/215 222/222/222 221/221/221
f 215/215/215 223/223/223 222/222/222
f 224/224/224 223/223/223 215/215/215
f 225/225/225 223/223/223 224/224/224
f 225/225/225 226/226/226 223/223/223
f 225/225/225 227/227/227 226/226/226
f 225/225/225 228/228/228 227/227/227
f 229/229/229 228/228/228 225/225/225
f 230/230/230 228/228/228 229/229/229
f 231/231/231 228/228/228 230/230/230
f 231/231/231 232/232/232 228/228/228
f 231/231/231 233/233/233 232/232/232
f 234/234/234 233/233/233 231/231/231
f 235/235/235 233/233/233 234/234/234
f 235/235/235 236/236/236 233/233/233
f 235/235/235 237/237/237 236/236/236
f 238/238/238 237/237/237 235/235/235
f 238/238/238 239/239/239 237/237/237
f 240/240/240 239/239/239 238/238/238
f 241/241/241 239/239/239 240/240/240
f 242/242/242 239/239/239 241/241/241
f 243/243/243 239/239/239 242/242/242
f 246/246/246 245/245/245 244/244/244
f 247/247/247 245/245/245 246/246/246
f 247/247/247 248/248/248 245/245/245
f 251/251/251 250/250/250 249/249/249
f 254/254/254 253/253/253 252/252/252
f 257/257/257 256/256/256 255/255/255
f 260/260/260 259/259/259 258/258/258
f 263/263/263 262/262/262 261/261/261
f 266/266/266 265/265/265 264/264/264
f 268/268/268 266/266/266 267/267/267
f 271/271/271 270/270/270 269/269/269
f 273/273/273 271/271/271 272/272/272
f 276/276/276 275/275/275 274/274/274
f 279/279/279 278/278/278 277/277/277
f 259/259/259 257/257/257 280/280/280
f 283/283/283 282/282/282 281/281/281
f 285/285/285 283/283/283 284/284/284
f 288/288/288 287/287/287 286/286/286
f 290/290/290 288/288/288 289/289/289
f 293/293/293 292/292/292 291/291/291
f 295/295/295 293/293/293 294/294/294
f 297/297/297 263/263/263 296/296/296
f 300/300/300 299/299/299 298/298/298
f 303/303/303 302/302/302 301/301/301
f 305/305/305 303/303/303 304/304/304
f 307/307/307 273/273/273 306/306/306
f 309/309/309 307/307/307 308/308/308
f 311/311/311 309/309/309 310/310/310
f 313/313/313 311/311/311 312/312/312
f 315/315/315 313/313/313 314/314/314
f 317/317/317 315/315/315 316/316/316
f 319/319/319 317/317/317 318/318/318
f 321/321/321 276/276/276 320/320/320
f 323/323/323 321/321/321 322/322/322
f 325/325/325 323/323/323 324/324/324
f 327/327/327 325/325/325 326/326/326
f 329/329/329 327/327/327 328/328/328
f 331/331/331 254/254/254 330/330/330
f 333/333/333 331/331/331 332/332/332
f 335/335/335 333/333/333 334/334/334
f 338/338/338 337/337/337 336/336/336
f 256/256/256 338/338/338 339/339/339
f 341/341/341 260/260/260 340/340/340
f 343/343/343 341/341/341 342/342/342
f 346/346/346 345/345/345 344/344/344
f 348/348/348 346/346/346 347/347/347
f 350/350/350 348/348/348 349/349/349
f 352/352/352 350/350/350 351/351/351
f 354/354/354 352/352/352 353/353/353
f 356/356/356 354/354/354 355/355/355
f 358/358/358 356/356/356 357/357/357
f 360/360/360 358/358/358 359/359/359
f 362/362/362 360/360/360 361/361/361
f 364/364/364 362/362/362 363/363/363
f 367/367/367 366/366/366 365/365/365
f 369/369/369 367/367/367 368/368/368
f 371/371/371 369/369/369 370/370/370
f 373/373/373 371/371/371 372/372/372
f 375/375/375 373/373/373 374/374/374
f 377/377/377 285/285/285 376/376/376
f 287/287/287 377/377/377 378/378/378
f 380/380/380 290/290/290 379/379/379
f 382/382/382 295/295/295 381/381/381
f 384/384/384 300/300/300 383/383/383
f 386/386/386 251/251/251 385/385/385
f 388/388/388 386/386/386 387/387/387
f 247/247/247 389/389/389 248/248/248
f 390/390/390 389/389/389 247/247/247
f 390/390/390 391/391/391 389/389/389
f 251/251/251 392/392/392 250/250/250
f 259/259/259 256/256/256 257/257/257
f 260/260/260 256/256/256 259/259/259
f 341/341/341 256/256/256 260/260/260
f 343/343/343 256/256/256 341/341/341
f 343/343/343 338/338/338 256/256/256
f 345/345/345 338/338/338 343/343/343
f 345/345/345 337/337/337 338/338/338
f 346/346/346 337/337/337 345/345/345
f 346/346/346 393/393/393 337/337/337
f 346/346/346 394/394/394 393/393/393
f 348/348/348 394/394/394 346/346/346
f 348/348/348 395/395/395 394/394/394
f 348/348/348 396/396/396 395/395/395
f 350/350/350 396/396/396 348/348/348
f 350/350/350 397/397/397 396/396/396
f 350/350/350 398/398/398 397/397/397
f 352/352/352 398/398/398 350/350/350
f 352/352/352 399/399/399 398/398/398
f 354/354/354 399/399/399 352/352/352
f 356/356/356 399/399/399 354/354/354
f 356/356/356 400/400/400 399/399/399
f 358/358/358 400/400/400 356/356/356
f 358/358/358 401/401/401 400/400/400
f 358/358/358 402/402/402 401/401/401
f 360/360/360 402/402/402 358/358/358
f 360/360/360 403/403/403 402/402/402
f 362/362/362 403/403/403 360/360/360
f 362/362/362 404/404/404 403/403/403
f 362/362/362 405/405/405 404/404/404
f 364/364/364 405/405/405 362/362/362
f 364/364/364 406/406/406 405/405/405
f 364/364/364 407/407/407 406/406/406
f 408/408/408 407/407/407 364/364/364
f 408/408/408 409/409/409 407/407/407
f 410/410/410 409/409/409 408/408/408
f 410/410/410 411/411/411 409/409/409
f 412/412/412 411/411/411 410/410/410
f 412/412/412 413/413/413 411/411/411
f 414/414/414 413/413/413 412/412/412
f 414/414/414 415/415/415 413/413/413
f 414/414/414 416/416/416 415/415/415
f 366/366/366 416/416/416 414/414/414
f 366/366/366 417/417/417 416/416/416
f 295/295/295 292/292/292 293/293/293
f 285/285/285 282/282/282 283/283/283
f 331/331/331 253/253/253 254/254/254
f 273/273/273 270/270/270 271/271/271
f 290/290/290 287/287/287 288/288/288
f 297/297/297 262/262/262 263/263/263
f 268/268/268 265/265/265 266/266/266
f 276/276/276 319/319/319 275/275/275
f 253/253/253 278/278/278 279/279/279
f 331/331/331 278/278/278 253/253/253
f 333/333/333 278/278/278 331/331/331
f 333/333/333 329/329/329 278/278/278
f 333/333/333 327/327/327 329/329/329
f 335/335/335 327/327/327 333/333/333
f 335/335/335 325/325/325 327/327/327
f 418/418/418 325/325/325 335/335/335
f 419/419/419 325/325/325 418/418/418
f 419/419/419 323/323/323 325/325/325
f 420/420/420 323/323/323 419/419/419
f 421/421/421 323/323/323 420/420/420
f 421/421/421 321/321/321 323/323/323
f 422/422/422 321/321/321 421/421/421
f 423/423/423 321/321/321 422/422/422
f 424/424/424 321/321/321 423/423/423
f 424/424/424 276/276/276 321/321/321
f 424/424/424 319/319/319 276/276/276
f 424/424/424 317/317/317 319/319/319
f 424/424/424 315/315/315 317/317/317
f 425/425/425 315/315/315 424/424/424
f 426/426/426 315/315/315 425/425/425
f 427/427/427 315/315/315 426/426/426
f 427/427/427 313/313/313 315/315/315
f 428/428/428 313/313/313 427/427/427
f 429/429/429 313/313/313 428/428/428
f 429/429/429 311/311/311 313/313/313
f 430/430/430 311/311/311 429/429/429
f 431/431/431 311/311/311 430/430/430
f 431/431/431 309/309/309 311/311/311
f 432/432/432 309/309/309 431/431/431
f 433/433/433 309/309/309 432/432/432
f 433/433/433 307/307/307 309/309/309
f 433/433/433 273/273/273 307/307/307
f 433/433/433 270/270/270 273/273/273
f 433/433/433 434/434/434 270/270/270
f 433/433/433 305/305/305 434/434/434
f 433/433/433 303/303/303 305/305/305
f 433/433/433 302/302/302 303/303/303
f 391/391/391 302/302/302 433/433/433
f 390/390/390 302/302/302 391/391/391
f 435/435/435 302/302/302 390/390/390
f 436/436/436 302/302/302 435/435/435
f 437/437/437 302/302/302 436/436/436
f 438/438/438 302/302/302 437/437/437
f 439/439/439 302/302/302 438/438/438
f 440/440/440 302/302/302 439/439/439
f 441/441/441 302/302/302 440/440/440
f 441/441/441 442/442/442 302/302/302
f 417/417/417 442/442/442 441/441/441
f 366/366/366 442/442/442 417/417/417
f 366/366/366 443/443/443 442/442/442
f 366/366/366 444/444/444 443/443/443
f 366/366/366 445/445/445 444/444/444
f 366/366/366 446/446/446 445/445/445
f 367/367/367 446/446/446 366/366/366
f 367/367/367 447/447/447 446/446/446
f 367/367/367 268/268/268 447/447/447
f 367/367/367 265/265/265 268/268/268
f 367/367/367 388/388/388 265/265/265
f 367/367/367 386/386/386 388/388/388
f 367/367/367 251/251/251 386/386/386
f 367/367/367 392/392/392 251/251/251
f 367/367/367 384/384/384 392/392/392
f 369/369/369 384/384/384 367/367/367
f 371/371/371 384/384/384 369/369/369
f 371/371/371 300/300/300 384/384/384
f 371/371/371 299/299/299 300/300/300
f 282/282/282 373/373/373 375/375/375
f 287/287/287 285/285/285 377/377/377
f 448/448/448 295/295/295 382/382/382
f 285/285/285 373/373/373 282/282/282
f 287/287/287 373/373/373 285/285/285
f 290/290/290 373/373/373 287/287/287
f 380/380/380 373/373/373 290/290/290
f 380/380/380 371/371/371 373/373/373
f 449/449/449 371/371/371 380/380/380
f 449/449/449 299/299/299 371/371/371
f 450/450/450 299/299/299 449/449/449
f 292/292/292 299/299/299 450/450/450
f 295/295/295 299/299/299 292/292/292
f 448/448/448 299/299/299 295/295/295
f 262/262/262 299/299/299 448/448/448
f 297/297/297 299/299/299 262/262/262
f 453/453/453 452/452/452 451/451/451
f 454/454/454 452/452/452 453/453/453
f 455/455/455 452/452/452 454/454/454
f 456/456/456 452/452/452 455/455/455
f 457/457/457 452/452/452 456/456/456
f 458/458/458 452/452/452 457/457/457
f 459/459/459 452/452/452 458/458/458
f 460/460/460 452/452/452 459/459/459
f 463/463/463 462/462/462 461/461/461
f 463/463/463 464/464/464 462/462/462
f 465/465/465 464/464/464 463/463/463
f 465/465/465 466/466/466 464/464/464
f 467/467/467 466/466/466 465/465/465
f 468/468/468 466/466/466 467/467/467
f 469/469/469 466/466/466 468/468/468
f 470/470/470 466/466/466 469/469/469
f 470/470/470 471/471/471 466/466/466
f 472/472/472 471/471/471 470/470/470
f 472/472/472 473/473/473 471/471/471
f 474/474/474 473/473/473 472/472/472
f 474/474/474 475/475/475 473/473/473
f 476/476/476 475/475/475 474/474/474
f 476/476/476 477/477/477 475/475/475
f 476/476/476 478/478/478 477/477/477
f 479/479/479 478/478/478 476/476/476
f 479/479/479 480/480/480 478/478/478
f 481/481/481 480/480/480 479/479/479
f 481/481/481 482/482/482 480/480/480
f 481/481/481 483/483/483 482/482/482
f 481/481/481 484/484/484 483/483/483
f 481/481/481 485/485/485 484/484/484
f 481/481/481 486/486/486 485/485/485
f 481/481/481 487/487/487 486/486/486
f 481/481/481 488/488/488 487/487/487
f 481/481/481 489/489/489 488/488/488
f 481/481/481 490/490/490 489/489/489
f 481/481/481 460/460/460 490/490/490
f 481/481/481 452/452/452 460/460/460
f 491/491/491 452/452/452 481/481/481
f 494/494/494 493/493/493 492/492/492
f 494/494/494 495/495/495 493/493/493
f 496/496/496 495/495/495 494/494/494
f 497/497/497 495/495/495 496/496/496
f 498/498/498 495/495/495 497/497/497
f 499/499/499 495/495/495 498/498/498
f 500/500/500 495/495/495 499/499/499
f 501/501/501 495/495/495 500/500/500
f 502/502/502 495/495/495 501/501/501
f 503/503/503 495/495/495 502/502/502
f 503/503/503 504/504/504 495/495/495
f 505/505/505 504/504/504 503/503/503
f 506/506/506 504/504/504 505/505/505
f 506/506/506 507/507/507 504/504/504
f 508/508/508 507/507/507 506/506/506
f 509/509/509 507/507/507 508/508/508
f 509/509/509 491/491/491 507/507/507
f 510/510/510 491/491/491 509/509/509
f 510/510/510 452/452/452 491/491/491
f 511/511/511 452/452/452 510/510/510
f 512/512/512 452/452/452 511/511/511
f 513/513/513 452/452/452 512/512/512
f 514/514/514 452/452/452 513/513/513
f 515/515/515 452/452/452 514/514/514
f 516/516/516 452/452/452 515/515/515
f 517/517/517 452/452/452 516/516/516
f 518/518/518 452/452/452 517/517/517
f 519/519/519 452/452/452 518/518/518
f 520/520/520 452/452/452 519/519/519
f 521/521/521 452/452/452 520/520/520
f 522/522/522 452/452/452 521/521/521
f 523/523/523 452/452/452 522/522/522
f 524/524/524 452/452/452 523/523/523
f 525/525/525 452/452/452 524/524/524
f 526/526/526 452/452/452 525/525/525
f 527/527/527 452/452/452 526/526/526
f 528/528/528 452/452/452 527/527/527
f 529/529/529 452/452/452 528/528/528
f 530/530/530 452/452/452 529/529/529
f 531/531/531 452/452/452 530/530/530
f 532/532/532 452/452/452 531/531/531
f 533/533/533 452/452/452 532/532/532
f 533/533/533 534/534/534 452/452/452
f 535/535/535 534/534/534 533/533/533
f 536/536/536 534/534/534 535/535/535
f 537/537/537 534/534/534 536/536/536
f 537/537/537 538/538/538 534/534/534
f 537/537/537 539/539/539 538/538/538
f 540/540/540 539/539/539 537/537/537
f 540/540/540 541/541/541 539/539/539
f 540/540/540 542/542/542 541/541/541
f 540/540/540 543/543/543 542/542/542
f 540/540/540 544/544/544 543/543/543
f 540/540/540 545/545/545 544/544/544
f 540/540/540 546/546/546 545/545/545
f 540/540/540 547/547/547 546/546/546
f 540/540/540 548/548/548 547/547/547
f 540/540/540 549/549/549 548/548/548
f 540/540/540 550/550/550 549/549/549
f 540/540/540 551/551/551 550/550/550
f 540/540/540 552/552/552 551/551/551
f 553/553/553 552/552/552 540/540/540
f 554/554/554 552/552/552 553/553/553
f 555/555/555 552/552/552 554/554/554
f 556/556/556 552/552/552 555/555/555
f 556/556/556 557/557/557 552/552/552
f 558/558/558 557/557/557 556/556/556
f 559/559/559 557/557/557 558/558/558
f 560/560/560 557/557/557 559/559/559
f 561/561/561 557/557/557 560/560/560
f 562/562/562 557/557/557 561/561/561
f 563/563/563 557/557/557 562/562/562
f 564/564/564 557/557/557 563/563/563
f 565/565/565 557/557/557 564/564/564
f 566/566/566 557/557/557 565/565/565
f 567/567/567 557/557/557 566/566/566
f 568/568/568 557/557/557 567/567/567
f 569/569/569 557/557/557 568/568/568
f 570/570/570 557/557/557 569/569/569
f 571/571/571 557/557/557 570/570/570
f 572/572/572 557/557/557 571/571/571
f 573/573/573 557/557/557 572/572/572
f 574/574/574 557/557/557 573/573/573
f 575/575/575 557/557/557 574/574/574
f 575/575/575 576/576/576 557/557/557
f 577/577/577 576/576/576 575/575/575
f 578/578/578 576/576/576 577/577/577
f 579/579/579 576/576/576 578/578/578
f 579/579/579 580/580/580 576/576/576
f 579/579/579 581/581/581 580/580/580
f 582/582/582 581/581/581 579/579/579
f 582/582/582 583/583/583 581/581/581
f 582/582/582 584/584/584 583/583/583
f 585/585/585 584/584/584 582/582/582
f 585/585/585 586/586/586 584/584/584
f 585/585/585 587/587/587 586/586/586
f 588/588/588 587/587/587 585/585/585
f 588/588/588 589/589/589 587/587/587
f 588/588/588 590/590/590 589/589/589
f 591/591/591 590/590/590 588/588/588
f 591/591/591 592/592/592 590/590/590
f 591/591/591 593/593/593 592/592/592
f 594/594/594 593/593/593 591/591/591
f 595/595/595 593/593/593 594/594/594
f 595/595/595 596/596/596 593/593/593
f 597/597/597 596/596/596 595/595/595
f 598/598/598 596/596/596 597/597/597
f 599/599/599 596/596/596 598/598/598
f 600/600/600 596/596/596 599/599/599
f 601/601/601 596/596/596 600/600/600
f 602/602/602 596/596/596 601/601/601
f 603/603/603 596/596/596 602/602/602
f 604/604/604 596/596/596 603/603/603
f 605/605/605 596/596/596 604/604/604
f 605/605/605 606/606/606 596/596/596
f 607/607/607 606/606/606 605/605/605
f 607/607/607 608/608/608 606/606/606
f 607/607/607 609/609/609 608/608/608
f 607/607/607 610/610/610 609/609/609
f 607/607/607 611/611/611 610/610/610
f 607/607/607 612/612/612 611/611/611
f 607/607/607 613/613/613 612/612/612
f 607/607/607 614/614/614 613/613/613
f 607/607/607 615/615/615 614/614/614
f 607/607/607 616/616/616 615/615/615
f 607/607/607 617/617/617 616/616/616
f 607/607/607 618/618/618 617/617/617
f 607/607/607 619/619/619 618/618/618
f 607/607/607 620/620/620 619/619/619
f 607/607/607 621/621/621 620/620/620
f 624/624/624 623/623/623 622/622/622
f 625/625/625 623/623/623 624/624/624
f 626/626/626 623/623/623 625/625/625
f 627/627/627 623/623/623 626/626/626
f 628/628/628 623/623/623 627/627/627
f 629/629/629 623/623/623 628/628/628
f 630/630/630 623/623/623 629/629/629
f 631/631/631 623/623/623 630/630/630
f 631/631/631 632/632/632 623/623/623
f 633/633/633 632/632/632 631/631/631
f 634/634/634 632/632/632 633/633/633
f 635/635/635 632/632/632 634/634/634
f 636/636/636 632/632/632 635/635/635
f 636/636/636 637/637/637 632/632/632
f 638/638/638 637/637/637 636/636/636
f 639/639/639 637/637/637 638/638/638
f 640/640/640 637/637/637 639/639/639
f 641/641/641 637/637/637 640/640/640
f 642/642/642 637/637/637 641/641/641
f 643/643/643 637/637/637 642/642/642
f 644/644/644 637/637/637 643/643/643
f 645/645/645 637/637/637 644/644/644
f 646/646/646 637/637/637 645/645/645
f 647/647/647 637/637/637 646/646/646
f 648/648/648 637/637/637 647/647/647
f 649/649/649 637/637/637 648/648/648
f 650/650/650 637/637/637 649/649/649
f 650/650/650 607/607/607 637/637/637
f 651/651/651 607/607/607 650/650/650
f 652/652/652 607/607/607 651/651/651
f 653/653/653 607/607/607 652/652/652
f 654/654/654 607/607/607 653/653/653
f 655/655/655 607/607/607 654/654/654
f 656/656/656 607/607/607 655/655/655
f 657/657/657 607/607/607 656/656/656
f 660/660/660 659/659/659 658/658/658
f 661/661/661 659/659/659 660/660/660
f 662/662/662 659/659/659 661/661/661
f 662/662/662 663/663/663 659/659/659
f 621/621/621 663/663/663 662/662/662
f 621/621/621 664/664/664 663/663/663
f 621/621/621 665/665/665 664/664/664
f 621/621/621 666/666/666 665/665/665
f 607/607/607 666/666/666 621/621/621
f 607/607/607 667/667/667 666/666/666
f 657/657/657 667/667/667 607/607/607
f 670/670/670 669/669/669 668/668/668
f 670/670/670 671/671/671 669/669/669
f 674/674/674 673/673/673 672/672/672
f 677/677/677 676/676/676 675/675/675
f 680/680/680 679/679/679 678/678/678
f 683/683/683 682/682/682 681/681/681
f 685/685/685 683/683/683 684/684/684
f 687/687/687 685/685/685 686/686/686
f 689/689/689 687/687/687 688/688/688
f 691/691/691 689/689/689 690/690/690
f 693/693/693 691/691/691 692/692/692
f 696/696/696 695/695/695 694/694/694
f 698/698/698 696/696/696 697/697/697
f 700/700/700 698/698/698 699/699/699
f 702/702/702 700/700/700 701/701/701
f 704/704/704 702/702/702 703/703/703
f 706/706/706 704/704/704 705/705/705
f 708/708/708 706/706/706 707/707/707
f 710/710/710 708/708/708 709/709/709
f 712/712/712 710/710/710 711/711/711
f 714/714/714 712/712/712 713/713/713
f 716/716/716 714/714/714 715/715/715
f 718/718/718 716/716/716 717/717/717
f 720/720/720 718/718/718 719/719/719
f 722/722/722 720/720/720 721/721/721
f 724/724/724 722/722/722 723/723/723
f 726/726/726 724/724/724 725/725/725
f 728/728/728 726/726/726 727/727/727
f 730/730/730 728/728/728 729/729/729
f 732/732/732 730/730/730 731/731/731
f 734/734/734 732/732/732 733/733/733
f 737/737/737 736/736/736 735/735/735
f 739/739/739 737/737/737 738/738/738
f 741/741/741 739/739/739 740/740/740
f 743/743/743 741/741/741 742/742/742
f 746/746/746 745/745/745 744/744/744
f 748/748/748 746/746/746 747/747/747
f 750/750/750 748/748/748 749/749/749
f 752/752/752 750/750/750 751/751/751
f 754/754/754 752/752/752 753/753/753
f 756/756/756 754/754/754 755/755/755
f 758/758/758 756/756/756 757/757/757
f 760/760/760 758/758/758 759/759/759
f 762/762/762 760/760/760 761/761/761
f 677/677/677 693/693/693 676/676/676
f 677/677/677 691/691/691 693/693/693
f 673/673/673 691/691/691 677/677/677
f 674/674/674 691/691/691 673/673/673
f 695/695/695 691/691/691 674/674/674
f 695/695/695 689/689/689 691/691/691
f 696/696/696 689/689/689 695/695/695
f 696/696/696 687/687/687 689/689/689
f 698/698/698 687/687/687 696/696/696
f 700/700/700 687/687/687 698/698/698
f 700/700/700 685/685/685 687/687/687
f 702/702/702 685/685/685 700/700/700
f 702/702/702 683/683/683 685/685/685
f 704/704/704 683/683/683 702/702/702
f 704/704/704 682/682/682 683/683/683
f 706/706/706 682/682/682 704/704/704
f 706/706/706 670/670/670 682/682/682
f 708/708/708 670/670/670 706/706/706
f 710/710/710 670/670/670 708/708/708
f 716/716/716 712/712/712 714/714/714
f 718/718/718 712/712/712 716/716/716
f 718/718/718 710/710/710 712/712/712
f 720/720/720 710/710/710 718/718/718
f 722/722/722 710/710/710 720/720/720
f 724/724/724 710/710/710 722/722/722
f 726/726/726 710/710/710 724/724/724
f 728/728/728 710/710/710 726/726/726
f 730/730/730 710/710/710 728/728/728
f 732/732/732 710/710/710 730/730/730
f 734/734/734 710/710/710 732/732/732
f 763/763/763 710/710/710 734/734/734
f 763/763/763 670/670/670 710/710/710
f 736/736/736 670/670/670 763/763/763
f 737/737/737 670/670/670 736/736/736
f 739/739/739 670/670/670 737/737/737
f 741/741/741 670/670/670 739/739/739
f 743/743/743 670/670/670 741/741/741
f 743/743/743 671/671/671 670/670/670
f 743/743/743 764/764/764 671/671/671
f 745/745/745 764/764/764 743/743/743
f 745/745/745 680/680/680 764/764/764
f 745/745/745 679/679/679 680/680/680
f 746/746/746 679/679/679 745/745/745
f 748/748/748 679/679/679 746/746/746
f 748/748/748 762/762/762 679/679/679
f 748/748/748 760/760/760 762/762/762
f 748/748/748 758/758/758 760/760/760
f 748/748/748 756/756/756 758/758/758
f 750/750/750 756/756/756 748/748/748
f 754/754/754 750/750/750 752/752/752
f 754/754/754 756/756/756 750/750/750
f 767/767/767 766/766/766 765/765/765
f 767/767/767 768/768/768 766/766/766
f 765/765/765 769/769/769 767/767/767
f 772/772/772 771/771/771 770/770/770
f 772/772/772 773/773/773 771/771/771
f 772/772/772 774/774/774 773/773/773
f 765/765/765 775/775/775 769/769/769
f 765/765/765 776/776/776 775/775/775
f 779/779/779 778/778/778 777/777/777
f 765/765/765 780/780/780 776/776/776
f 765/765/765 781/781/781 780/780/780
f 765/765/765 782/782/782 781/781/781
f 765/765/765 783/783/783 782/782/782
f 784/784/784 783/783/783 765/765/765
f 784/784/784 785/785/785 783/783/783
f 786/786/786 785/785/785 784/784/784
f 786/786/786 787/787/787 785/785/785
f 788/788/788 787/787/787 786/786/786
f 789/789/789 787/787/787 788/788/788
f 789/789/789 772/772/772 787/787/787
f 790/790/790 772/772/772 789/789/789
f 790/790/790 774/774/774 772/772/772
f 791/791/791 774/774/774 790/790/790
f 792/792/792 774/774/774 791/791/791
f 792/792/792 793/793/793 774/774/774
f 792/792/792 794/794/794 793/793/793
f 792/792/792 795/795/795 794/794/794
f 792/792/792 796/796/796 795/795/795
f 792/792/792 797/797/797 796/796/796
f 792/792/792 798/798/798 797/797/797
f 792/792/792 799/799/799 798/798/798
f 792/792/792 800/800/800 799/799/799
f 792/792/792 801/801/801 800/800/800
f 792/792/792 802/802/802 801/801/801
f 803/803/803 802/802/802 792/792/792
f 804/804/804 802/802/802 803/803/803
f 805/805/805 802/802/802 804/804/804
f 779/779/779 806/806/806 778/778/778
f 807/807/807 806/806/806 779/779/779
f 807/807/807 808/808/808 806/806/806
f 809/809/809 808/808/808 807/807/807
f 810/810/810 808/808/808 809/809/809
f 810/810/810 811/811/811 808/808/808
f 812/812/812 811/811/811 810/810/810
f 813/813/813 811/811/811 812/812/812
f 813/813/813 814/814/814 811/811/811
f 813/813/813 805/805/805 814/814/814
f 815/815/815 805/805/805 813/813/813
f 816/816/816 805/805/805 815/815/815
f 817/817/817 805/805/805 816/816/816
f 818/818/818 805/805/805 817/817/817
f 818/818/818 802/802/802 805/805/805
f 821/821/821 820/820/820 819/819/819
f 821/821/821 822/822/822 820/820/820
f 823/823/823 822/822/822 821/821/821
f 826/826/826 825/825/825 824/824/824
f 827/827/827 822/822/822 823/823/823
f 827/827/827 828/828/828 822/822/822
f 827/827/827 829/829/829 828/828/828
f 830/830/830 829/829/829 827/827/827
f 830/830/830 831/831/831 829/829/829
f 830/830/830 832/832/832 831/831/831
f 830/830/830 833/833/833 832/832/832
f 834/834/834 833/833/833 830/830/830
f 834/834/834 835/835/835 833/833/833
f 834/834/834 836/836/836 835/835/835
f 837/837/837 836/836/836 834/834/834
f 838/838/838 836/836/836 837/837/837
f 838/838/838 839/839/839 836/836/836
f 840/840/840 839/839/839 838/838/838
f 840/840/840 841/841/841 839/839/839
f 842/842/842 841/841/841 840/840/840
f 842/842/842 843/843/843 841/841/841
f 842/842/842 844/844/844 843/843/843
f 845/845/845 844/844/844 842/842/842
f 845/845/845 846/846/846 844/844/844
f 845/845/845 847/847/847 846/846/846
f 848/848/848 847/847/847 845/845/845
f 848/848/848 849/849/849 847/847/847
f 848/848/848 850/850/850 849/849/849
f 848/848/848 851/851/851 850/850/850
f 848/848/848 852/852/852 851/851/851
f 848/848/848 853/853/853 852/852/852
f 848/848/848 854/854/854 853/853/853
f 848/848/848 855/855/855 854/854/854
f 856/856/856 855/855/855 848/848/848
f 856/856/856 857/857/857 855/855/855
f 856/856/856 858/858/858 857/857/857
f 859/859/859 858/858/858 856/856/856
f 859/859/859 860/860/860 858/858/858
f 859/859/859 861/861/861 860/860/860
f 859/859/859 862/862/862 861/861/861
f 859/859/859 863/863/863 862/862/862
f 859/859/859 864/864/864 863/863/863
f 859/859/859 865/865/865 864/864/864
f 866/866/866 865/865/865 859/859/859
f 866/866/866 867/867/867 865/865/865
f 868/868/868 867/867/867 866/866/866
f 868/868/868 869/869/869 867/867/867
f 870/870/870 869/869/869 868/868/868
f 871/871/871 869/869/869 870/870/870
f 871/871/871 872/872/872 869/869/869
f 871/871/871 873/873/873 872/872/872
f 874/874/874 873/873/873 871/871/871
f 874/874/874 875/875/875 873/873/873
f 876/876/876 875/875/875 874/874/874
f 876/876/876 877/877/877 875/875/875
f 878/878/878 877/877/877 876/876/876
f 878/878/878 879/879/879 877/877/877
f 880/880/880 879/879/879 878/878/878
f 880/880/880 881/881/881 879/879/879
f 882/882/882 881/881/881 880/880/880
f 882/882/882 883/883/883 881/881/881
f 884/884/884 883/883/883 882/882/882
f 884/884/884 885/885/885 883/883/883
f 886/886/886 885/885/885 884/884/884
f 886/886/886 887/887/887 885/885/885
f 886/886/886 888/888/888 887/887/887
f 889/889/889 888/888/888 886/886/886
f 889/889/889 890/890/890 888/888/888
f 891/891/891 890/890/890 889/889/889
f 891/891/891 892/892/892 890/890/890
f 891/891/891 893/893/893 892/892/892
f 891/891/891 894/894/894 893/893/893
f 891/891/891 895/895/895 894/894/894
f 891/891/891 896/896/896 895/895/895
f 891/891/891 897/897/897 896/896/896
f 891/891/891 898/898/898 897/897/897
f 891/891/891 899/899/899 898/898/898
f 891/891/891 900/900/900 899/899/899
f 891/891/891 901/901/901 900/900/900
f 891/891/891 902/902/902 901/901/901
f 891/891/891 903/903/903 902/902/902
f 891/891/891 904/904/904 903/903/903
f 891/891/891 905/905/905 904/904/904
f 891/891/891 906/906/906 905/905/905
f 891/891/891 907/907/907 906/906/906
f 891/891/891 908/908/908 907/907/907
f 891/891/891 909/909/909 908/908/908
f 910/910/910 909/909/909 891/891/891
f 911/911/911 909/909/909 910/910/910
f 911/911/911 912/912/912 909/909/909
f 913/913/913 912/912/912 911/911/911
f 913/913/913 914/914/914 912/912/912
f 915/915/915 914/914/914 913/913/913
f 916/916/916 914/914/914 915/915/915
f 916/916/916 917/917/917 914/914/914
f 918/918/918 917/917/917 916/916/916
f 918/918/918 919/919/919 917/917/917
f 920/920/920 919/919/919 918/918/918
f 826/826/826 921/921/921 825/825/825
f 922/922/922 919/919/919 920/920/920
f 925/925/925 924/924/924 923/923/923
f 926/926/926 924/924/924 925/925/925
f 926/926/926 927/927/927 924/924/924
f 928/928/928 927/927/927 926/926/926
f 928/928/928 929/929/929 927/927/927
f 930/930/930 929/929/929 928/928/928
f 930/930/930 931/931/931 929/929/929
f 930/930/930 932/932/932 931/931/931
f 935/935/935 934/934/934 933/933/933
f 938/938/938 937/937/937 936/936/936
f 919/919/919 940/940/940 939/939/939
f 943/943/943 942/942/942 941/941/941
f 946/946/946 945/945/945 944/944/944
f 949/949/949 948/948/948 947/947/947
f 952/952/952 951/951/951 950/950/950
f 954/954/954 952/952/952 953/953/953
f 937/937/937 943/943/943 955/955/955
f 957/957/957 938/938/938 956/956/956
f 959/959/959 957/957/957 958/958/958
f 961/961/961 959/959/959 960/960/960
f 964/964/964 963/963/963 962/962/962
f 967/967/967 966/966/966 965/965/965
f 969/969/969 946/946/946 968/968/968
f 971/971/971 930/930/930 970/970/970
f 940/940/940 971/971/971 972/972/972
f 974/974/974 826/826/826 973/973/973
f 976/976/976 974/974/974 975/975/975
f 948/948/948 976/976/976 977/977/977
f 951/951/951 949/949/949 978/978/978
f 922/922/922 940/940/940 919/919/919
f 922/922/922 971/971/971 940/940/940
f 922/922/922 930/930/930 971/971/971
f 922/922/922 932/932/932 930/930/930
f 922/922/922 969/969/969 932/932/932
f 922/922/922 946/946/946 969/969/969
f 922/922/922 945/945/945 946/946/946
f 922/922/922 967/967/967 945/945/945
f 979/979/979 967/967/967 922/922/922
f 980/980/980 967/967/967 979/979/979
f 980/980/980 966/966/966 967/967/967
f 981/981/981 966/966/966 980/980/980
f 982/982/982 966/966/966 981/981/981
f 982/982/982 935/935/935 966/966/966
f 982/982/982 934/934/934 935/935/935
f 982/982/982 964/964/964 934/934/934
f 982/982/982 963/963/963 964/964/964
f 983/983/983 963/963/963 982/982/982
f 984/984/984 963/963/963 983/983/983
f 985/985/985 963/963/963 984/984/984
f 986/986/986 963/963/963 985/985/985
f 986/986/986 961/961/961 963/963/963
f 987/987/987 961/961/961 986/986/986
f 987/987/987 959/959/959 961/961/961
f 974/974/974 921/921/921 826/826/826
f 974/974/974 988/988/988 921/921/921
f 974/974/974 989/989/989 988/988/988
f 974/974/974 990/990/990 989/989/989
f 937/937/937 942/942/942 943/943/943
f 957/957/957 937/937/937 938/938/938
f 949/949/949 976/976/976 948/948/948
f 942/942/942 952/952/952 954/954/954
f 952/952/952 949/949/949 951/951/951
f 987/987/987 957/957/957 959/959/959
f 987/987/987 937/937/937 957/957/957
f 987/987/987 942/942/942 937/937/937
f 987/987/987 952/952/952 942/942/942
f 987/987/987 949/949/949 952/952/952
f 991/991/991 949/949/949 987/987/987
f 992/992/992 949/949/949 991/991/991
f 992/992/992 976/976/976 949/949/949
f 992/992/992 974/974/974 976/976/976
f 990/990/990 974/974/974 992/992/992
f 995/995/995 994/994/994 993/993/993
f 996/996/996 994/994/994 995/995/995
f 999/999/999 998/998/998 997/997/997
f 999/999/999 1000/1000/1000 998/998/998
f 1001/1001/1001 1000/1000/1000 999/999/999
f 1002/1002/1002 1000/1000/1000 1001/1001/1001
f 1003/1003/1003 1000/1000/1000 1002/1002/1002
f 1004/1004/1004 1000/1000/1000 1003/1003/1003
f 1004/1004/1004 1005/1005/1005 1000/1000/1000
f 1006/1006/1006 994/994/994 996/996/996
f 1004/1004/1004 1007/1007/1007 1005/1005/1005
f 1004/1004/1004 1008/1008/1008 1007/1007/1007
f 1004/1004/1004 1009/1009/1009 1008/1008/1008
f 1004/1004/1004 1010/1010/1010 1009/1009/1009
f 1011/1011/1011 1010/1010/1010 1004/1004/1004
f 1011/1011/1011 1012/1012/1012 1010/1010/1010
f 1011/1011/1011 1006/1006/1006 1012/1012/1012
f 1013/1013/1013 1006/1006/1006 1011/1011/1011
f 1014/1014/1014 1006/1006/1006 1013/1013/1013
f 994/994/994 1006/1006/1006 1014/1014/1014
f 1017/1017/1017 1016/1016/1016 1015/1015/1015
f 1017/1017/1017 1018/1018/1018 1016/1016/1016
f 1017/1017/1017 1019/1019/1019 1018/1018/1018
f 1019/1019/1019 1017/1017/1017 1020/1020/1020
f 997/997/997 1021/1021/1021 999/999/999
f 1022/1022/1022 1021/1021/1021 997/997/997
f 1022/1022/1022 1015/1015/1015 1021/1021/1021
f 1015/1015/1015 1022/1022/1022 1017/1017/1017
f 1025/1025/1025 1024/1024/1024 1023/1023/1023
f 1025/1025/1025 1026/1026/1026 1024/1024/1024
f 1027/1027/1027 1026/1026/1026 1025/1025/1025
f 1027/1027/1027 1028/1028/1028 1026/1026/1026
f 1031/1031/1031 1030/1030/1030 1029/1029/1029
f 1032/1032/1032 1030/1030/1030 1031/1031/1031
f 1032/1032/1032 1033/1033/1033 1030/1030/1030
f 1027/1027/1027 1034/1034/1034 1028/1028/1028
f 1035/1035/1035 1034/1034/1034 1027/1027/1027
f 1036/1036/1036 1034/1034/1034 1035/1035/1035
f 1036/1036/1036 1037/1037/1037 1034/1034/1034
f 1038/1038/1038 1037/1037/1037 1036/1036/1036
f 1038/1038/1038 1039/1039/1039 1037/1037/1037
f 1038/1038/1038 1040/1040/1040 1039/1039/1039
f 1041/1041/1041 1040/1040/1040 1038/1038/1038
f 1041/1041/1041 1042/1042/1042 1040/1040/1040
f 1041/1041/1041 1043/1043/1043 1042/1042/1042
f 1044/1044/1044 1043/1043/1043 1041/1041/1041
f 1044/1044/1044 1045/1045/1045 1043/1043/1043
f 1046/1046/1046 1045/1045/1045 1044/1044/1044
f 1033/1033/1033 1045/1045/1045 1046/1046/1046
f 1033/1033/1033 1047/1047/1047 1045/1045/1045
f 1032/1032/1032 1047/1047/1047 1033/1033/1033
f 1048/1048/1048 1047/1047/1047 1032/1032/1032
f 1049/1049/1049 1047/1047/1047 1048/1048/1048
f 1050/1050/1050 1047/1047/1047 1049/1049/1049
f 1051/1051/1051 1047/1047/1047 1050/1050/1050
f 1051/1051/1051 1052/1052/1052 1047/1047/1047
f 1053/1053/1053 1052/1052/1052 1051/1051/1051
f 1053/1053/1053 1054/1054/1054 1052/1052/1052
f 1055/1055/1055 1054/1054/1054 1053/1053/1053
f 1055/1055/1055 1056/1056/1056 1054/1054/1054
f 1055/1055/1055 1057/1057/1057 1056/1056/1056
f 1055/1055/1055 1058/1058/1058 1057/1057/1057
f 1055/1055/1055 1059/1059/1059 1058/1058/1058
f 1055/1055/1055 1060/1060/1060 1059/1059/1059
f 1061/1061/1061 1060/1060/1060 1055/1055/1055
f 1061/1061/1061 1062/1062/1062 1060/1060/1060
f 1063/1063/1063 1062/1062/1062 1061/1061/1061
f 1063/1063/1063 1064/1064/1064 1062/1062/1062
f 1063/1063/1063 1065/1065/1065 1064/1064/1064
f 1066/1066/1066 1065/1065/1065 1063/1063/1063
f 1066/1066/1066 1067/1067/1067 1065/1065/1065
f 1068/1068/1068 1067/1067/1067 1066/1066/1066
f 1068/1068/1068 1069/1069/1069 1067/1067/1067
f 1070/1070/1070 1069/1069/1069 1068/1068/1068
f 1070/1070/1070 1071/1071/1071 1069/1069/1069
f 1072/1072/1072 1071/1071/1071 1070/1070/1070
f 1072/1072/1072 1073/1073/1073 1071/1071/1071
f 1074/1074/1074 1073/1073/1073 1072/1072/1072
f 1075/1075/1075 1073/1073/1073 1074/1074/1074
f 1075/1075/1075 1076/1076/1076 1073/1073/1073
f 1077/1077/1077 1076/1076/1076 1075/1075/1075
f 1077/1077/1077 1078/1078/1078 1076/1076/1076
f 1079/1079/1079 1078/1078/1078 1077/1077/1077
f 1080/1080/1080 1078/1078/1078 1079/1079/1079
f 1080/1080/1080 1081/1081/1081 1078/1078/1078
f 1082/1082/1082 1081/1081/1081 1080/1080/1080
f 1082/1082/1082 1083/1083/1083 1081/1081/1081
f 1084/1084/1084 1083/1083/1083 1082/1082/1082
f 1085/1085/1085 1083/1083/1083 1084/1084/1084
f 1086/1086/1086 1083/1083/1083 1085/1085/1085
f 1086/1086/1086 1087/1087/1087 1083/1083/1083
f 1088/1088/1088 1087/1087/1087 1086/1086/1086
f 1089/1089/1089 1087/1087/1087 1088/1088/1088
f 1090/1090/1090 1087/1087/1087 1089/1089/1089
f 1091/1091/1091 1087/1087/1087 1090/1090/1090
f 1092/1092/1092 1087/1087/1087 1091/1091/1091
f 1095/1095/1095 1094/1094/1094 1093/1093/1093
f 1098/1098/1098 1097/1097/1097 1096/1096/1096
f 1101/1101/1101 1100/1100/1100 1099/1099/1099
f 1104/1104/1104 1103/1103/1103 1102/1102/1102
f 1107/1107/1107 1106/1106/1106 1105/1105/1105
f 1110/1110/1110 1109/1109/1109 1108/1108/1108
f 1110/1110/1110 1111/1111/1111 1109/1109/1109
f 1112/1112/1112 1111/1111/1111 1110/1110/1110
f 1113/1113/1113 1111/1111/1111 1112/1112/1112
f 1103/1103/1103 1115/1115/1115 1114/1114/1114
f 1103/1103/1103 1116/1116/1116 1115/1115/1115
f 1104/1104/1104 1116/1116/1116 1103/1103/1103
f 1104/1104/1104 1117/1117/1117 1116/1116/1116
f 1094/1094/1094 1117/1117/1117 1104/1104/1104
f 1094/1094/1094 1118/1118/1118 1117/1117/1117
f 1113/1113/1113 1119/1119/1119 1111/1111/1111
f 1120/1120/1120 1119/1119/1119 1113/1113/1113
f 1121/1121/1121 1119/1119/1119 1120/1120/1120
f 1095/1095/1095 1118/1118/1118 1094/1094/1094
f 1095/1095/1095 1122/1122/1122 1118/1118/1118
f 1097/1097/1097 1122/1122/1122 1095/1095/1095
f 1097/1097/1097 1123/1123/1123 1122/1122/1122
f 1098/1098/1098 1123/1123/1123 1097/1097/1097
f 1098/1098/1098 1124/1124/1124 1123/1123/1123
f 1106/1106/1106 1124/1124/1124 1098/1098/1098
f 1107/1107/1107 1124/1124/1124 1106/1106/1106
f 1107/1107/1107 1125/1125/1125 1124/1124/1124
f 1100/1100/1100 1125/1125/1125 1107/1107/1107
f 1100/1100/1100 1126/1126/1126 1125/1125/1125
f 1100/1100/1100 1121/1121/1121 1126/1126/1126
f 1119/1119/1119 1100/1100/1100 1101/1101/1101
f 1100/1100/1100 1119/1119/1119 1121/1121/1121
g cPK_20_002590_00_PTERAex_SR_L_SB_1
f 1129/1129/1129 1128/1128/1128 1127/1127/1127
f 1129/1129/1129 1130/1130/1130 1128/1128/1128
f 767/767/767 1131/1131/1131 768/768/768
f 767/767/767 1132/1132/1132 1131/1131/1131
f 767/767/767 1133/1133/1133 1132/1132/1132
f 1129/1129/1129 1134/1134/1134 1130/1130/1130
f 1135/1135/1135 1134/1134/1134 1129/1129/1129
f 1136/1136/1136 1133/1133/1133 767/767/767
f 1136/1136/1136 1137/1137/1137 1133/1133/1133
f 1138/1138/1138 1137/1137/1137 1136/1136/1136
f 1139/1139/1139 1137/1137/1137 1138/1138/1138
f 1139/1139/1139 1140/1140/1140 1137/1137/1137
f 1141/1141/1141 1140/1140/1140 1139/1139/1139
f 1142/1142/1142 1140/1140/1140 1141/1141/1141
f 1143/1143/1143 1140/1140/1140 1142/1142/1142
f 1144/1144/1144 1140/1140/1140 1143/1143/1143
f 1145/1145/1145 1140/1140/1140 1144/1144/1144
f 1146/1146/1146 1140/1140/1140 1145/1145/1145
f 1147/1147/1147 1140/1140/1140 1146/1146/1146
f 1148/1148/1148 1140/1140/1140 1147/1147/1147
f 1148/1148/1148 1149/1149/1149 1140/1140/1140
f 1150/1150/1150 1149/1149/1149 1148/1148/1148
f 1151/1151/1151 1149/1149/1149 1150/1150/1150
f 1151/1151/1151 1152/1152/1152 1149/1149/1149
f 1153/1153/1153 1152/1152/1152 1151/1151/1151
f 1153/1153/1153 1154/1154/1154 1152/1152/1152
f 1153/1153/1153 1155/1155/1155 1154/1154/1154
f 1156/1156/1156 1155/1155/1155 1153/1153/1153
f 1157/1157/1157 1155/1155/1155 1156/1156/1156
f 1157/1157/1157 1158/1158/1158 1155/1155/1155
f 1159/1159/1159 1158/1158/1158 1157/1157/1157
f 1159/1159/1159 1160/1160/1160 1158/1158/1158
f 1161/1161/1161 1160/1160/1160 1159/1159/1159
f 1162/1162/1162 1160/1160/1160 1161/1161/1161
f 1163/1163/1163 1160/1160/1160 1162/1162/1162
f 1164/1164/1164 1160/1160/1160 1163/1163/1163
f 1165/1165/1165 1160/1160/1160 1164/1164/1164
f 1165/1165/1165 1166/1166/1166 1160/1160/1160
f 1167/1167/1167 1166/1166/1166 1165/1165/1165
f 1167/1167/1167 1168/1168/1168 1166/1166/1166
f 1169/1169/1169 1168/1168/1168 1167/1167/1167
f 1169/1169/1169 1170/1170/1170 1168/1168/1168
f 1135/1135/1135 1171/1171/1171 1134/1134/1134
f 1170/1170/1170 1171/1171/1171 1135/1135/1135
f 1170/1170/1170 1172/1172/1172 1171/1171/1171
f 1170/1170/1170 1173/1173/1173 1172/1172/1172
f 1176/1176/1176 1175/1175/1175 1174/1174/1174
f 1177/1177/1177 1175/1175/1175 1176/1176/1176
f 1177/1177/1177 1178/1178/1178 1175/1175/1175
f 1179/1179/1179 1178/1178/1178 1177/1177/1177
f 1179/1179/1179 1180/1180/1180 1178/1178/1178
f 1181/1181/1181 1180/1180/1180 1179/1179/1179
f 1184/1184/1184 1183/1183/1183 1182/1182/1182
f 1187/1187/1187 1186/1186/1186 1185/1185/1185
f 1183/1183/1183 1189/1189/1189 1188/1188/1188
f 1184/1184/1184 1189/1189/1189 1183/1183/1183
f 1190/1190/1190 1189/1189/1189 1184/1184/1184
f 1191/1191/1191 1189/1189/1189 1190/1190/1190
f 1192/1192/1192 1189/1189/1189 1191/1191/1191
f 1193/1193/1193 1189/1189/1189 1192/1192/1192
f 1193/1193/1193 1194/1194/1194 1189/1189/1189
f 1180/1180/1180 1194/1194/1194 1193/1193/1193
f 1180/1180/1180 1195/1195/1195 1194/1194/1194
f 1181/1181/1181 1195/1195/1195 1180/1180/1180
f 1196/1196/1196 1195/1195/1195 1181/1181/1181
f 1196/1196/1196 1197/1197/1197 1195/1195/1195
f 1198/1198/1198 1197/1197/1197 1196/1196/1196
f 1198/1198/1198 1199/1199/1199 1197/1197/1197
f 1198/1198/1198 1200/1200/1200 1199/1199/1199
f 1201/1201/1201 1200/1200/1200 1198/1198/1198
f 1201/1201/1201 1202/1202/1202 1200/1200/1200
f 1201/1201/1201 1203/1203/1203 1202/1202/1202
f 1204/1204/1204 1203/1203/1203 1201/1201/1201
f 1204/1204/1204 1205/1205/1205 1203/1203/1203
f 1206/1206/1206 1205/1205/1205 1204/1204/1204
f 1206/1206/1206 1207/1207/1207 1205/1205/1205
f 1206/1206/1206 1208/1208/1208 1207/1207/1207
f 1209/1209/1209 1208/1208/1208 1206/1206/1206
f 1209/1209/1209 1210/1210/1210 1208/1208/1208
f 1209/1209/1209 1211/1211/1211 1210/1210/1210
f 1212/1212/1212 1211/1211/1211 1209/1209/1209
f 1212/1212/1212 1213/1213/1213 1211/1211/1211
f 1214/1214/1214 1213/1213/1213 1212/1212/1212
f 1214/1214/1214 1215/1215/1215 1213/1213/1213
f 1216/1216/1216 1215/1215/1215 1214/1214/1214
f 1216/1216/1216 1217/1217/1217 1215/1215/1215
f 1218/1218/1218 1217/1217/1217 1216/1216/1216
f 1219/1219/1219 1217/1217/1217 1218/1218/1218
f 1219/1219/1219 1187/1187/1187 1217/1217/1217
f 1219/1219/1219 1186/1186/1186 1187/1187/1187
f 1219/1219/1219 1220/1220/1220 1186/1186/1186
f 1219/1219/1219 1221/1221/1221 1220/1220/1220
f 1222/1222/1222 1221/1221/1221 1219/1219/1219
f 1222/1222/1222 1223/1223/1223 1221/1221/1221
f 1224/1224/1224 1223/1223/1223 1222/1222/1222
f 1224/1224/1224 1225/1225/1225 1223/1223/1223
f 1224/1224/1224 1169/1169/1169 1225/1225/1225
f 1226/1226/1226 1169/1169/1169 1224/1224/1224
f 1227/1227/1227 1169/1169/1169 1226/1226/1226
f 1228/1228/1228 1169/1169/1169 1227/1227/1227
f 1229/1229/1229 1169/1169/1169 1228/1228/1228
f 1230/1230/1230 1169/1169/1169 1229/1229/1229
f 1231/1231/1231 1169/1169/1169 1230/1230/1230
f 1170/1170/1170 1232/1232/1232 1173/1173/1173
f 1233/1233/1233 1169/1169/1169 1231/1231/1231
f 1170/1170/1170 1234/1234/1234 1232/1232/1232
f 1235/1235/1235 1169/1169/1169 1233/1233/1233
f 1170/1170/1170 1236/1236/1236 1234/1234/1234
f 1237/1237/1237 1169/1169/1169 1235/1235/1235
f 1170/1170/1170 1238/1238/1238 1236/1236/1236
f 1169/1169/1169 1238/1238/1238 1170/1170/1170
f 1237/1237/1237 1238/1238/1238 1169/1169/1169
f 1241/1241/1241 1240/1240/1240 1239/1239/1239
f 1244/1244/1244 1243/1243/1243 1242/1242/1242
f 1244/1244/1244 1245/1245/1245 1243/1243/1243
f 1244/1244/1244 1246/1246/1246 1245/1245/1245
f 1241/1241/1241 1247/1247/1247 1240/1240/1240
f 1248/1248/1248 1247/1247/1247 1241/1241/1241
f 1249/1249/1249 1247/1247/1247 1248/1248/1248
f 1244/1244/1244 1250/1250/1250 1246/1246/1246
f 1251/1251/1251 1247/1247/1247 1249/1249/1249
f 1254/1254/1254 1253/1253/1253 1252/1252/1252
f 1257/1257/1257 1256/1256/1256 1255/1255/1255
f 1260/1260/1260 1259/1259/1259 1258/1258/1258
f 1262/1262/1262 1260/1260/1260 1261/1261/1261
f 1264/1264/1264 1262/1262/1262 1263/1263/1263
f 1267/1267/1267 1266/1266/1266 1265/1265/1265
f 1269/1269/1269 1251/1251/1251 1268/1268/1268
f 1271/1271/1271 1269/1269/1269 1270/1270/1270
f 1274/1274/1274 1273/1273/1273 1272/1272/1272
f 1276/1276/1276 1274/1274/1274 1275/1275/1275
f 1278/1278/1278 1276/1276/1276 1277/1277/1277
f 1280/1280/1280 1278/1278/1278 1279/1279/1279
f 1282/1282/1282 1280/1280/1280 1281/1281/1281
f 1284/1284/1284 1282/1282/1282 1283/1283/1283
f 1286/1286/1286 1284/1284/1284 1285/1285/1285
f 1288/1288/1288 1286/1286/1286 1287/1287/1287
f 1290/1290/1290 1288/1288/1288 1289/1289/1289
f 1292/1292/1292 1290/1290/1290 1291/1291/1291
f 1294/1294/1294 1292/1292/1292 1293/1293/1293
f 1296/1296/1296 1294/1294/1294 1295/1295/1295
f 1299/1299/1299 1298/1298/1298 1297/1297/1297
f 1301/1301/1301 1299/1299/1299 1300/1300/1300
f 1303/1303/1303 1301/1301/1301 1302/1302/1302
f 1256/1256/1256 1303/1303/1303 1304/1304/1304
f 1306/1306/1306 1264/1264/1264 1305/1305/1305
f 1308/1308/1308 1306/1306/1306 1307/1307/1307
f 1311/1311/1311 1310/1310/1310 1309/1309/1309
f 1313/1313/1313 1311/1311/1311 1312/1312/1312
f 1315/1315/1315 1313/1313/1313 1314/1314/1314
f 1318/1318/1318 1317/1317/1317 1316/1316/1316
f 1266/1266/1266 1320/1320/1320 1319/1319/1319
f 1322/1322/1322 1267/1267/1267 1321/1321/1321
f 1324/1324/1324 1322/1322/1322 1323/1323/1323
f 1269/1269/1269 1247/1247/1247 1251/1251/1251
f 1262/1262/1262 1259/1259/1259 1260/1260/1260
f 1264/1264/1264 1259/1259/1259 1262/1262/1262
f 1264/1264/1264 1257/1257/1257 1259/1259/1259
f 1264/1264/1264 1256/1256/1256 1257/1257/1257
f 1264/1264/1264 1303/1303/1303 1256/1256/1256
f 1306/1306/1306 1303/1303/1303 1264/1264/1264
f 1306/1306/1306 1301/1301/1301 1303/1303/1303
f 1308/1308/1308 1301/1301/1301 1306/1306/1306
f 1308/1308/1308 1299/1299/1299 1301/1301/1301
f 1310/1310/1310 1299/1299/1299 1308/1308/1308
f 1311/1311/1311 1299/1299/1299 1310/1310/1310
f 1311/1311/1311 1298/1298/1298 1299/1299/1299
f 1313/1313/1313 1298/1298/1298 1311/1311/1311
f 1313/1313/1313 1325/1325/1325 1298/1298/1298
f 1313/1313/1313 1296/1296/1296 1325/1325/1325
f 1315/1315/1315 1296/1296/1296 1313/1313/1313
f 1315/1315/1315 1294/1294/1294 1296/1296/1296
f 1326/1326/1326 1294/1294/1294 1315/1315/1315
f 1327/1327/1327 1294/1294/1294 1326/1326/1326
f 1327/1327/1327 1292/1292/1292 1294/1294/1294
f 1328/1328/1328 1292/1292/1292 1327/1327/1327
f 1329/1329/1329 1292/1292/1292 1328/1328/1328
f 1329/1329/1329 1290/1290/1290 1292/1292/1292
f 1330/1330/1330 1290/1290/1290 1329/1329/1329
f 1331/1331/1331 1290/1290/1290 1330/1330/1330
f 1332/1332/1332 1290/1290/1290 1331/1331/1331
f 1332/1332/1332 1288/1288/1288 1290/1290/1290
f 1333/1333/1333 1288/1288/1288 1332/1332/1332
f 1334/1334/1334 1288/1288/1288 1333/1333/1333
f 1334/1334/1334 1286/1286/1286 1288/1288/1288
f 1335/1335/1335 1286/1286/1286 1334/1334/1334
f 1336/1336/1336 1286/1286/1286 1335/1335/1335
f 1336/1336/1336 1284/1284/1284 1286/1286/1286
f 1337/1337/1337 1284/1284/1284 1336/1336/1336
f 1338/1338/1338 1284/1284/1284 1337/1337/1337
f 1338/1338/1338 1282/1282/1282 1284/1284/1284
f 1339/1339/1339 1282/1282/1282 1338/1338/1338
f 1340/1340/1340 1282/1282/1282 1339/1339/1339
f 1317/1317/1317 1282/1282/1282 1340/1340/1340
f 1317/1317/1317 1280/1280/1280 1282/1282/1282
f 1318/1318/1318 1280/1280/1280 1317/1317/1317
f 1318/1318/1318 1278/1278/1278 1280/1280/1280
f 1341/1341/1341 1278/1278/1278 1318/1318/1318
f 1341/1341/1341 1276/1276/1276 1278/1278/1278
f 1342/1342/1342 1276/1276/1276 1341/1341/1341
f 1342/1342/1342 1274/1274/1274 1276/1276/1276
f 1343/1343/1343 1274/1274/1274 1342/1342/1342
f 1343/1343/1343 1273/1273/1273 1274/1274/1274
f 1344/1344/1344 1273/1273/1273 1343/1343/1343
f 1345/1345/1345 1273/1273/1273 1344/1344/1344
f 1345/1345/1345 1346/1346/1346 1273/1273/1273
f 1345/1345/1345 1347/1347/1347 1346/1346/1346
f 1348/1348/1348 1347/1347/1347 1345/1345/1345
f 1348/1348/1348 1349/1349/1349 1347/1347/1347
f 1350/1350/1350 1349/1349/1349 1348/1348/1348
f 1350/1350/1350 1271/1271/1271 1349/1349/1349
f 1350/1350/1350 1269/1269/1269 1271/1271/1271
f 1351/1351/1351 1269/1269/1269 1350/1350/1350
f 1351/1351/1351 1247/1247/1247 1269/1269/1269
f 1250/1250/1250 1247/1247/1247 1351/1351/1351
f 1244/1244/1244 1247/1247/1247 1250/1250/1250
f 1244/1244/1244 1352/1352/1352 1247/1247/1247
f 1320/1320/1320 1352/1352/1352 1244/1244/1244
f 1266/1266/1266 1352/1352/1352 1320/1320/1320
f 1267/1267/1267 1352/1352/1352 1266/1266/1266
f 1322/1322/1322 1352/1352/1352 1267/1267/1267
f 1324/1324/1324 1352/1352/1352 1322/1322/1322
f 1324/1324/1324 1254/1254/1254 1352/1352/1352
f 1253/1253/1253 1254/1254/1254 1324/1324/1324
f 1355/1355/1355 1354/1354/1354 1353/1353/1353
f 1356/1356/1356 1354/1354/1354 1355/1355/1355
f 1359/1359/1359 1358/1358/1358 1357/1357/1357
f 1356/1356/1356 1360/1360/1360 1354/1354/1354
f 1363/1363/1363 1362/1362/1362 1361/1361/1361
f 1366/1366/1366 1365/1365/1365 1364/1364/1364
f 1368/1368/1368 1366/1366/1366 1367/1367/1367
f 1371/1371/1371 1370/1370/1370 1369/1369/1369
f 1374/1374/1374 1373/1373/1373 1372/1372/1372
f 1377/1377/1377 1376/1376/1376 1375/1375/1375
f 1380/1380/1380 1379/1379/1379 1378/1378/1378
f 1383/1383/1383 1382/1382/1382 1381/1381/1381
f 1386/1386/1386 1385/1385/1385 1384/1384/1384
f 1389/1389/1389 1388/1388/1388 1387/1387/1387
f 1392/1392/1392 1391/1391/1391 1390/1390/1390
f 1394/1394/1394 1392/1392/1392 1393/1393/1393
f 1396/1396/1396 1363/1363/1363 1395/1395/1395
f 1398/1398/1398 1396/1396/1396 1397/1397/1397
f 1400/1400/1400 1398/1398/1398 1399/1399/1399
f 1402/1402/1402 1400/1400/1400 1401/1401/1401
f 1370/1370/1370 1404/1404/1404 1403/1403/1403
f 1406/1406/1406 1371/1371/1371 1405/1405/1405
f 1408/1408/1408 1374/1374/1374 1407/1407/1407
f 1410/1410/1410 1408/1408/1408 1409/1409/1409
f 1412/1412/1412 1410/1410/1410 1411/1411/1411
f 1414/1414/1414 1377/1377/1377 1413/1413/1413
f 1416/1416/1416 1414/1414/1414 1415/1415/1415
f 1419/1419/1419 1418/1418/1418 1417/1417/1417
f 1421/1421/1421 1419/1419/1419 1420/1420/1420
f 1423/1423/1423 1421/1421/1421 1422/1422/1422
f 1379/1379/1379 1423/1423/1423 1424/1424/1424
f 1385/1385/1385 1356/1356/1356 1425/1425/1425
f 1427/1427/1427 1386/1386/1386 1426/1426/1426
f 1429/1429/1429 1427/1427/1427 1428/1428/1428
f 1431/1431/1431 1429/1429/1429 1430/1430/1430
f 1433/1433/1433 1359/1359/1359 1432/1432/1432
f 1436/1436/1436 1435/1435/1435 1434/1434/1434
f 1438/1438/1438 1436/1436/1436 1437/1437/1437
f 1388/1388/1388 1438/1438/1438 1439/1439/1439
f 1441/1441/1441 1389/1389/1389 1440/1440/1440
f 1391/1391/1391 1441/1441/1441 1442/1442/1442
f 1368/1368/1368 1365/1365/1365 1366/1366/1366
f 1368/1368/1368 1383/1383/1383 1365/1365/1365
f 1368/1368/1368 1382/1382/1382 1383/1383/1383
f 1443/1443/1443 1382/1382/1382 1368/1368/1368
f 1443/1443/1443 1380/1380/1380 1382/1382/1382
f 1443/1443/1443 1379/1379/1379 1380/1380/1380
f 1443/1443/1443 1423/1423/1423 1379/1379/1379
f 1443/1443/1443 1421/1421/1421 1423/1423/1423
f 1443/1443/1443 1419/1419/1419 1421/1421/1421
f 1443/1443/1443 1418/1418/1418 1419/1419/1419
f 1443/1443/1443 1444/1444/1444 1418/1418/1418
f 1445/1445/1445 1444/1444/1444 1443/1443/1443
f 1360/1360/1360 1444/1444/1444 1445/1445/1445
f 1356/1356/1356 1444/1444/1444 1360/1360/1360
f 1385/1385/1385 1444/1444/1444 1356/1356/1356
f 1386/1386/1386 1444/1444/1444 1385/1385/1385
f 1427/1427/1427 1444/1444/1444 1386/1386/1386
f 1429/1429/1429 1444/1444/1444 1427/1427/1427
f 1431/1431/1431 1444/1444/1444 1429/1429/1429
f 1446/1446/1446 1444/1444/1444 1431/1431/1431
f 1358/1358/1358 1444/1444/1444 1446/1446/1446
f 1359/1359/1359 1444/1444/1444 1358/1358/1358
f 1433/1433/1433 1444/1444/1444 1359/1359/1359
f 1447/1447/1447 1444/1444/1444 1433/1433/1433
f 1447/1447/1447 1448/1448/1448 1444/1444/1444
f 1447/1447/1447 1449/1449/1449 1448/1448/1448
f 1450/1450/1450 1449/1449/1449 1447/1447/1447
f 1451/1451/1451 1449/1449/1449 1450/1450/1450
f 1451/1451/1451 1416/1416/1416 1449/1449/1449
f 1451/1451/1451 1414/1414/1414 1416/1416/1416
f 1452/1452/1452 1414/1414/1414 1451/1451/1451
f 1452/1452/1452 1377/1377/1377 1414/1414/1414
f 1452/1452/1452 1376/1376/1376 1377/1377/1377
f 1452/1452/1452 1412/1412/1412 1376/1376/1376
f 1452/1452/1452 1410/1410/1410 1412/1412/1412
f 1452/1452/1452 1408/1408/1408 1410/1410/1410
f 1452/1452/1452 1374/1374/1374 1408/1408/1408
f 1452/1452/1452 1373/1373/1373 1374/1374/1374
f 1452/1452/1452 1406/1406/1406 1373/1373/1373
f 1452/1452/1452 1371/1371/1371 1406/1406/1406
f 1396/1396/1396 1362/1362/1362 1363/1363/1363
f 1396/1396/1396 1394/1394/1394 1362/1362/1362
f 1396/1396/1396 1392/1392/1392 1394/1394/1394
f 1398/1398/1398 1392/1392/1392 1396/1396/1396
f 1398/1398/1398 1391/1391/1391 1392/1392/1392
f 1398/1398/1398 1441/1441/1441 1391/1391/1391
f 1398/1398/1398 1389/1389/1389 1441/1441/1441
f 1398/1398/1398 1388/1388/1388 1389/1389/1389
f 1398/1398/1398 1438/1438/1438 1388/1388/1388
f 1398/1398/1398 1436/1436/1436 1438/1438/1438
f 1400/1400/1400 1436/1436/1436 1398/1398/1398
f 1400/1400/1400 1435/1435/1435 1436/1436/1436
f 1400/1400/1400 1453/1453/1453 1435/1435/1435
f 1402/1402/1402 1453/1453/1453 1400/1400/1400
f 1402/1402/1402 1454/1454/1454 1453/1453/1453
f 1402/1402/1402 1455/1455/1455 1454/1454/1454
f 1402/1402/1402 1456/1456/1456 1455/1455/1455
f 1457/1457/1457 1456/1456/1456 1402/1402/1402
f 1457/1457/1457 1458/1458/1458 1456/1456/1456
f 1404/1404/1404 1458/1458/1458 1457/1457/1457
f 1371/1371/1371 1404/1404/1404 1370/1370/1370
f 1452/1452/1452 1404/1404/1404 1371/1371/1371
f 1452/1452/1452 1458/1458/1458 1404/1404/1404
