g cPK_20_001530_00_GARAGARAex_SR_L_SB
v 0.12234727 -0.15683906 -0.06490155
v 0.122405104 -0.15040495 -0.06458115
v -0.10778971 -0.09594057 -0.058263507
v 0.12242182 -0.14328824 -0.064226076
v 0.1215961 -0.1301232 -0.06355577
v 0.048086226 -0.25639758 -0.06871208
v 0.053278025 -0.25890517 -0.06891845
v 0.12995957 -0.16436522 -0.06539634
v 0.13614683 -0.1712374 -0.06583616
v 0.14245668 -0.17867695 -0.06630629
v 0.057962764 -0.26242328 -0.06916734
v 0.14926009 -0.18761565 -0.06685897
v 0.15573882 -0.19699031 -0.06742836
v 0.061874356 -0.26667488 -0.069440745
v 0.066362835 -0.27250358 -0.06980196
v 0.11419501 -0.34305623 -0.07414527
v 0.12071409 -0.34761882 -0.074482195
v 0.17795847 -0.32002193 -0.074011475
v 0.12729947 -0.35154495 -0.074788205
v 0.17827156 -0.3242033 -0.074229114
v 0.18025075 -0.3296581 -0.07453753
v 0.182662 -0.33480757 -0.07483694
v 0.1749042 -0.23422363 -0.069597706
v 0.078966565 -0.29207608 -0.07099595
v 0.17827497 -0.24382873 -0.070139155
v 0.08426293 -0.29882315 -0.0714235
v 0.18121608 -0.25418326 -0.070711985
v 0.18285854 -0.26319203 -0.071196005
v 0.08901785 -0.30439684 -0.07178287
v 0.18365565 -0.2718262 -0.0716478
v 0.092934586 -0.30901036 -0.07207998
v 0.095594056 -0.31290022 -0.07231992
v 0.18385158 -0.27871087 -0.072001144
v 0.18379918 -0.2851605 -0.07232853
v 0.18332462 -0.2919564 -0.072666965
v 0.18211699 -0.29948387 -0.07303121
v 0.09738357 -0.3178439 -0.0725987
v 0.099057965 -0.32328838 -0.072900735
v 0.18053636 -0.30707845 -0.07339302
v 0.17915748 -0.31318235 -0.07368215
v 0.101933 -0.32885587 -0.073228516
v 0.10549495 -0.333892 -0.07354077
v 0.10922289 -0.33830902 -0.07382451
v 0.16148709 -0.20645423 -0.06799077
v 0.16654961 -0.2157804 -0.06853556
v 0.07060425 -0.27923235 -0.07021009
v 0.17115262 -0.22533245 -0.06908649
v 0.07488283 -0.28595445 -0.07061979
v 0.13503471 -0.3551747 -0.07509828
v 0.18507919 -0.34039873 -0.07515862
v 0.14248842 -0.3581036 -0.075368546
v 0.15015021 -0.36111155 -0.07564609
v 0.15672581 -0.36351973 -0.07587555
v 0.18684888 -0.34571347 -0.07545584
v 0.18763427 -0.3506796 -0.07571983
v 0.18774787 -0.35457185 -0.075918816
v 0.16259956 -0.36529583 -0.076061666
v 0.16786872 -0.36665276 -0.07621673
v 0.17416751 -0.3665128 -0.07631397
v 0.17744343 -0.36563975 -0.07632473
v 0.18085684 -0.36395833 -0.07629058
v 0.18646336 -0.3589739 -0.07612231
v 0.18375766 -0.3619944 -0.07623457
v -0.10988424 -0.105990194 -0.05873257
v -0.11268919 -0.123753004 -0.059575696
v -0.111629345 -0.11563047 -0.059186663
v -0.113178805 -0.13156062 -0.059957888
v -0.113158226 -0.14012359 -0.060385793
v -0.112299085 -0.1489722 -0.060841065
v -0.11040541 -0.15837552 -0.06134019
v -0.10791486 -0.16821277 -0.061870344
v -0.104539804 -0.17847349 -0.06243546
v -0.10106764 -0.1864228 -0.06288664
v -0.09677589 -0.19475752 -0.06336992
v -0.091562785 -0.20281878 -0.0638539
v -0.08569413 -0.21047454 -0.06432794
v -0.078957595 -0.21852307 -0.0648351
v -0.071843825 -0.2256703 -0.06530317
v -0.06585783 -0.23081973 -0.06565389
v -0.06010158 -0.23492976 -0.06594905
v -0.052472927 -0.23929317 -0.06628618
v -0.04556558 -0.24263148 -0.066560864
v -0.0375236 -0.24578536 -0.06684405
v -0.028459355 -0.24848154 -0.067120366
v -0.018533744 -0.25105658 -0.067404054
v -0.00813594 -0.25297293 -0.067662306
v 0.0005920382 -0.25409338 -0.067854635
v 0.009331477 -0.25445357 -0.06800925
v 0.018523376 -0.25394937 -0.068127744
v 0.028115964 -0.2536958 -0.068265036
v 0.03704977 -0.2540372 -0.06842172
v 0.042553544 -0.25493708 -0.06855268
v 0.120462075 -0.11800839 -0.06293311
v -0.09805941 -0.061739396 -0.05671222
v 0.1190623 -0.10490415 -0.06225692
v 0.1173682 -0.0908028 -0.061526295
v -0.103447154 -0.079827406 -0.0575259
v 0.11561767 -0.078042366 -0.060861778
v -0.0846371 -0.021189427 -0.055841427
v 0.11369947 -0.065632515 -0.06021213
v -0.093265675 -0.04668882 -0.05620719
v -0.08894472 -0.033769563 -0.055946738
v -0.078115486 -0.0028486233 -0.055935003
v 0.11139541 -0.053760696 -0.059600033
v -0.08140437 -0.011781765 -0.055857867
v 0.11956737 -0.029707864 -0.058704007
v -0.07414925 0.008939033 -0.055767596
v 0.11725149 -0.033143666 -0.0587685
v 0.11437967 -0.036203407 -0.0588215
v 0.11235621 -0.038155153 -0.05889938
v 0.11047249 -0.0399631 -0.058972996
v 0.1094949 -0.041695762 -0.05904422
v 0.12506402 -0.011991574 -0.058403254
v -0.06615615 0.029657347 -0.056019265
v 0.12476392 -0.016563008 -0.058478784
v 0.12374258 -0.020854712 -0.058550783
v 0.12198508 -0.025406599 -0.058629315
v -0.07016266 0.019799521 -0.055922773
v 0.12419637 -0.007237722 -0.058325674
v -0.0543269 0.054464556 -0.0560999
v 0.122393444 -0.0013027916 -0.058259405
v 0.11986685 0.004686 -0.05822141
v 0.11799156 0.007914781 -0.058219243
v 0.11647546 0.010045867 -0.058217734
v -0.06258368 0.037736613 -0.056113858
v -0.05874886 0.046273645 -0.056166273
v 0.112138666 0.015888624 -0.058242597
v -0.04365386 0.07200323 -0.055869874
v 0.10783613 0.02097619 -0.058284696
v 0.101819895 0.027062178 -0.058356613
v 0.0966709 0.032205656 -0.058410186
v -0.04915705 0.06328733 -0.056034684
v 0.09228119 0.035674825 -0.058456656
v -0.038731482 0.079914644 -0.05565384
v 0.088898115 0.038324133 -0.058482677
v 0.086885884 0.041362897 -0.058470137
v 0.08472309 0.045113683 -0.058440026
v -0.03362627 0.087983154 -0.055411674
v 0.08204401 0.049498584 -0.058386978
v 0.077743046 0.055399846 -0.058280267
v 0.07251699 0.062272485 -0.05808844
v -0.028046375 0.095971435 -0.055154856
v 0.066491716 0.07106602 -0.05772872
v 0.06309405 0.07780212 -0.057407558
v -0.02152471 0.105128646 -0.054822892
v 0.059685577 0.085505955 -0.05702656
v 0.057973653 0.09068096 -0.0567665
v -0.010237771 0.11960113 -0.05427717
v 0.054968614 0.10145163 -0.056202646
v -0.015721204 0.11261308 -0.054540396
v 0.05114631 0.11568373 -0.05543224
v -0.0036265135 0.12804407 -0.053958923
v 0.052198984 0.11296246 -0.05558458
v -0.006203273 0.12454126 -0.05409356
v 0.049395587 0.11813915 -0.055282276
v 0.008155259 0.13276675 -0.053907264
v 0.046489965 0.12028873 -0.055129524
v 0.043384425 0.12238186 -0.05497646
v -0.000867092 0.13052662 -0.053878088
v 0.0019672385 0.13191636 -0.053853
v 0.0053229653 0.13266681 -0.053867985
v 0.012347662 0.13268164 -0.053977042
v 0.016934842 0.13196075 -0.05408473
v 0.021874368 0.13097428 -0.0542112
v 0.027954644 0.12930825 -0.05438943
v 0.0332019 0.1274988 -0.0545618
v 0.038666986 0.12505534 -0.054769237
v 0.054457914 0.24335437 -0.058013983
v -0.033059638 0.24593277 -0.058013983
v 0.05393448 0.23975502 -0.058013983
v 0.053011697 0.23621097 -0.058013983
v 0.051660206 0.23361078 -0.058013983
v -0.03178957 0.24225906 -0.058013983
v -0.029688288 0.23796427 -0.058013983
v 0.055054665 0.24812792 -0.058013983
v -0.03195552 0.2600406 -0.058013983
v 0.05525417 0.25292405 -0.058013983
v -0.03283605 0.25610432 -0.058013983
v -0.03343883 0.25252125 -0.058013983
v -0.03350466 0.24919784 -0.058013983
v -0.025482154 0.27273497 -0.058013983
v 0.054704953 0.26295847 -0.058013983
v -0.028853506 0.2668752 -0.058013983
v 0.053592212 0.2720749 -0.058013983
v -0.015434384 0.28444028 -0.058013983
v 0.052012254 0.279762 -0.058013983
v -0.01977305 0.2794998 -0.058013983
v 0.04771891 0.29539487 -0.058013983
v -0.0036596085 0.29742718 -0.058013983
v -0.009099579 0.2911659 -0.058013983
v 0.04511733 0.30581197 -0.058013983
v 0.0023039612 0.30520472 -0.058013983
v 0.042806823 0.31407934 -0.058013983
v 0.007339353 0.31224856 -0.058013983
v 0.040577263 0.32216987 -0.058013983
v 0.012866424 0.31991738 -0.058013983
v 0.038403638 0.32728237 -0.058013983
v 0.01732798 0.32608375 -0.058013983
v 0.03560319 0.33105287 -0.058013983
v 0.022223001 0.3311733 -0.058013983
v 0.032364156 0.3330858 -0.058013983
v 0.02575027 0.33319962 -0.058013983
v 0.028847149 0.33394524 -0.058013983
v -0.02700984 0.23400977 -0.058013983
v 0.04427373 0.22667149 -0.058013983
v 0.0498383 0.23123777 -0.058013983
v 0.0473402 0.22891425 -0.058013983
v -0.023369951 0.23012581 -0.058013983
v 0.036999553 0.22324573 -0.058013983
v -0.01963572 0.22687268 -0.058013983
v 0.040765103 0.22485304 -0.058013983
v -0.014136433 0.22355878 -0.058013983
v 0.026463753 0.21970809 -0.058013983
v -0.008442861 0.22131996 -0.058013983
v 0.031239808 0.22096531 -0.058013983
v 0.011327876 0.21842802 -0.058013983
v 0.0037146625 0.21868233 -0.058013983
v -0.0018017708 0.21954487 -0.058013983
v 0.018319815 0.21866429 -0.058013983
v -0.13060322 -0.10057199 -0.05042137
v -0.12823835 -0.101077616 -0.05042137
v -0.13277958 -0.099430025 -0.05042137
v -0.13460182 -0.09748029 -0.05042137
v -0.12487345 -0.100244574 -0.05042137
v -0.13535045 -0.09492464 -0.05042137
v -0.12246467 -0.098646775 -0.05042137
v -0.11975377 -0.09601127 -0.05042137
v -0.13559482 -0.08819641 -0.05042137
v -0.1354631 -0.08894781 -0.05042137
v -0.11721454 -0.09438087 -0.05042137
v -0.11505797 -0.0924539 -0.05042137
v -0.14526841 -0.017494533 -0.05042137
v -0.15360714 -0.026339104 -0.05042137
v -0.10528084 -0.054045618 -0.05042137
v -0.15982805 -0.03368547 -0.05042137
v -0.17608756 -0.060293186 -0.05042137
v -0.17391089 -0.055422235 -0.05042137
v -0.105108954 -0.058715653 -0.05042137
v -0.16829543 -0.044968244 -0.05042137
v -0.105071366 -0.06439129 -0.05042137
v -0.1058048 -0.07018363 -0.05042137
v -0.107003175 -0.075372234 -0.05042137
v -0.10850405 -0.07991792 -0.05042137
v -0.11044178 -0.085140996 -0.05042137
v -0.11250676 -0.08914771 -0.05042137
v 0.0052106483 0.054880794 -0.05042137
v 0.0030149217 0.058695298 -0.05042137
v 0.006597578 0.04940304 -0.05042137
v -0.17128849 -0.05018605 -0.05042137
v -0.16445675 -0.039568387 -0.05042137
v -0.12932597 -0.0014385841 -0.05042137
v -0.13745897 -0.009791562 -0.05042137
v -0.10026181 -0.04993443 -0.05042137
v -0.11325045 0.014059802 -0.05042137
v -0.121132374 0.0063724346 -0.05042137
v -0.08289046 -0.036616884 -0.05042137
v -0.064396694 -0.0251123 -0.05042137
v -0.105501436 0.021146469 -0.05042137
v -0.09772355 0.028104955 -0.05042137
v -0.075634316 0.04792375 -0.05042137
v -0.083073065 0.04143819 -0.05042137
v -0.045144062 -0.012426994 -0.05042137
v -0.090548195 0.034620192 -0.05042137
v -0.06365728 0.058443766 -0.05042137
v -0.0695103 0.053254586 -0.05042137
v -0.02784518 0.00071975583 -0.05042137
v -0.020331554 0.006801116 -0.05042137
v -0.058185555 0.06294193 -0.05042137
v -0.053181767 0.06652653 -0.05042137
v -0.042556867 0.072308816 -0.05042137
v -0.04774759 0.0698262 -0.05042137
v -0.008386178 0.017013578 -0.05042137
v -0.037739236 0.07355094 -0.05042137
v -0.032723557 0.074350856 -0.05042137
v -0.0011859519 0.024343723 -0.05042137
v -0.026812902 0.07422994 -0.05042137
v -0.02000486 0.073238544 -0.05042137
v 0.006595839 0.040700715 -0.05042137
v -0.014145672 0.07130312 -0.05042137
v -0.008347128 0.06872078 -0.05042137
v -0.0038652886 0.066031605 -0.05042137
v 0.0001320792 0.06216056 -0.05042137
v 0.006660003 0.04525948 -0.05042137
v 0.0038029775 0.0321968 -0.05042137
v 0.005575054 0.036718022 -0.05042137
v 0.0017130228 0.028478283 -0.05042137
v -0.0039597224 0.021228038 -0.05042137
v -0.013921793 0.012165821 -0.05042137
v -0.036070347 -0.005638501 -0.05042137
v -0.054477286 -0.019029323 -0.05042137
v -0.13666771 -0.0882118 -0.05042137
v -0.13871977 -0.08978881 -0.05042137
v -0.14294557 -0.09156924 -0.05042137
v -0.14746204 -0.09299915 -0.05042137
v -0.15172079 -0.09382063 -0.05042137
v -0.17758001 -0.06548071 -0.05042137
v -0.15497743 -0.09412166 -0.05042137
v -0.15839982 -0.09415316 -0.05042137
v -0.16261898 -0.09303534 -0.05042137
v -0.16703258 -0.09130464 -0.05042137
v -0.17044762 -0.08898089 -0.05042137
v -0.17323972 -0.08619254 -0.05042137
v -0.1789081 -0.074421026 -0.05042137
v -0.17618445 -0.08241506 -0.05042137
v -0.17808346 -0.07792057 -0.05042137
v -0.07389593 -0.030626575 -0.05042137
v -0.09219886 -0.043589722 -0.05042137
v -0.17858559 -0.07089243 -0.05042137
v -0.027012307 -0.15513276 -0.05352469
v -0.027899856 -0.15156458 -0.05352469
v -0.10474396 -0.12063413 -0.05352469
v -0.028661225 -0.14872284 -0.05352469
v -0.030581445 -0.14442167 -0.05352469
v -0.033321757 -0.13966732 -0.05352469
v -0.13524573 -0.1532416 -0.05352469
v -0.03565795 -0.18293159 -0.05352469
v -0.13009529 -0.14889346 -0.05352469
v -0.12535329 -0.14511956 -0.05352469
v -0.120712414 -0.14147533 -0.05352469
v -0.11602991 -0.13800873 -0.05352469
v -0.11142671 -0.13466956 -0.05352469
v -0.11005058 -0.13331908 -0.05352469
v -0.109208465 -0.13167273 -0.05352469
v -0.033064988 -0.1776378 -0.05352469
v -0.029639317 -0.17075573 -0.05352469
v -0.027869869 -0.16571176 -0.05352469
v -0.027031286 -0.16217218 -0.05352469
v -0.15153621 -0.17086226 -0.05352469
v -0.04084113 -0.20730697 -0.05352469
v -0.14797984 -0.1663915 -0.05352469
v -0.1438589 -0.16174231 -0.05352469
v -0.13936892 -0.15724932 -0.05352469
v -0.040049832 -0.20034447 -0.05352469
v -0.0390565 -0.19410191 -0.05352469
v -0.037493788 -0.18788765 -0.05352469
v -0.1669048 -0.19970304 -0.05352469
v -0.046784308 -0.22847913 -0.05352469
v -0.16439247 -0.1930136 -0.05352469
v -0.16159378 -0.18652391 -0.05352469
v -0.15936677 -0.18238184 -0.05352469
v -0.15688084 -0.17831309 -0.05352469
v -0.15446094 -0.17466997 -0.05352469
v -0.045061328 -0.22492495 -0.05352469
v -0.04337677 -0.22039361 -0.05352469
v -0.042423274 -0.21720381 -0.05352469
v -0.04164536 -0.21283174 -0.05352469
v -0.16887777 -0.20750661 -0.05352469
v -0.066271655 -0.24060392 -0.05352469
v -0.169662 -0.21163712 -0.05352469
v -0.17062275 -0.21989217 -0.05352469
v -0.04947 -0.23174556 -0.05352469
v -0.05185632 -0.23366714 -0.05352469
v -0.055156082 -0.23536888 -0.05352469
v -0.05866803 -0.23689854 -0.05352469
v -0.17057787 -0.22623217 -0.05352469
v -0.08455207 -0.25063258 -0.05352469
v -0.16963363 -0.23612432 -0.05352469
v -0.0762831 -0.24597111 -0.05352469
v -0.16888131 -0.24277787 -0.05352469
v -0.09574969 -0.25681376 -0.05352469
v -0.16850917 -0.24708371 -0.05352469
v -0.16879955 -0.25131795 -0.05352469
v -0.10070562 -0.26588967 -0.05352469
v -0.09660292 -0.25995615 -0.05352469
v -0.09858511 -0.26331198 -0.05352469
v -0.108520865 -0.12841207 -0.05352469
v -0.10695495 -0.12475143 -0.05352469
v -0.036609687 -0.13513207 -0.05352469
v -0.09523848 -0.11035507 -0.05352469
v -0.04072333 -0.13023154 -0.05352469
v -0.045036525 -0.12507443 -0.05352469
v -0.050278276 -0.11992097 -0.05352469
v -0.10220647 -0.11707642 -0.05352469
v -0.09933047 -0.11386235 -0.05352469
v -0.056188572 -0.115019634 -0.05352469
v -0.083882995 -0.105306126 -0.05352469
v -0.06124554 -0.11140647 -0.05352469
v -0.08966451 -0.10704162 -0.05352469
v -0.06685843 -0.10811565 -0.05352469
v -0.07675612 -0.105335616 -0.05352469
v -0.07240127 -0.10615375 -0.05352469
v -0.1765131 -0.2633099 -0.05352469
v -0.108608626 -0.27309906 -0.05352469
v -0.1730641 -0.25817034 -0.05352469
v -0.104875185 -0.27008995 -0.05352469
v -0.18091808 -0.27283582 -0.05352469
v -0.12315645 -0.27989733 -0.05352469
v -0.17956772 -0.26929626 -0.05352469
v -0.11625357 -0.27731824 -0.05352469
v -0.18097268 -0.27639335 -0.05352469
v -0.13959919 -0.2840761 -0.05352469
v -0.18018876 -0.2797335 -0.05352469
v -0.13195744 -0.28239438 -0.05352469
v -0.17834882 -0.28244397 -0.05352469
v -0.15586403 -0.28701267 -0.05352469
v -0.1490749 -0.28580716 -0.05352469
v -0.15935583 -0.28761566 -0.05352469
v -0.16674168 -0.28749332 -0.05352469
v -0.17073952 -0.28670904 -0.05352469
v -0.17487727 -0.2850727 -0.05352469
v 0.20467375 -0.16824353 -0.045084856
v 0.20749982 -0.18951462 -0.044791654
v 0.20755625 -0.16988876 -0.04494685
v 0.20997004 -0.18719618 -0.04470334
v 0.07895064 -0.21323471 -0.050166007
v 0.099938504 -0.10373952 -0.050136935
v 0.09500935 -0.0992919 -0.050386053
v 0.17657933 -0.13708253 -0.046551358
v 0.18246496 -0.20328219 -0.045764826
v 0.17920648 -0.13975434 -0.046416156
v 0.18166363 -0.14308293 -0.046283055
v 0.18321829 -0.14773384 -0.046178397
v 0.18463588 -0.15311566 -0.046073794
v 0.1853215 -0.15722056 -0.046011146
v 0.16192403 -0.14381503 -0.0471317
v 0.15841949 -0.1482008 -0.047248177
v 0.16858041 -0.20884626 -0.046321187
v 0.15903032 -0.21200113 -0.04670928
v 0.17055963 -0.1362617 -0.046818536
v 0.16756573 -0.137553 -0.046937764
v 0.1764853 -0.20580648 -0.04600341
v 0.18624192 -0.16180722 -0.04593446
v 0.18916169 -0.20002042 -0.045501124
v 0.19239445 -0.16420375 -0.045648865
v 0.19586541 -0.19668256 -0.04523774
v 0.2005934 -0.19432072 -0.045052033
v 0.20418142 -0.1919365 -0.04491585
v 0.2001644 -0.16665749 -0.04529279
v 0.21014586 -0.17225854 -0.04481571
v 0.21178102 -0.1853148 -0.044640064
v 0.21202765 -0.17431162 -0.04471776
v 0.21262625 -0.1836443 -0.044616893
v 0.21263185 -0.1757268 -0.044680234
v 0.21347575 -0.18116155 -0.04460005
v 0.21348743 -0.1782827 -0.04462267
v 0.14126359 -0.21532445 -0.0474517
v 0.1481702 -0.2144765 -0.047159526
v 0.14547513 -0.14013012 -0.047873363
v 0.13766964 -0.13401107 -0.048260417
v 0.12706776 -0.21533345 -0.048066165
v 0.15703885 -0.1484762 -0.04730573
v 0.12678966 -0.12569845 -0.048798177
v 0.11209209 -0.21529904 -0.04871473
v 0.1172115 -0.11777108 -0.049276486
v 0.09796853 -0.21448743 -0.04933266
v 0.1076737 -0.109839395 -0.049753085
v 0.034694877 -0.08377137 -0.053121716
v 0.01644791 -0.20068014 -0.052972585
v 0.038232334 -0.08199821 -0.052982826
v 0.020360043 -0.2041829 -0.052775104
v 0.06330977 -0.078716375 -0.051923584
v 0.048448946 -0.21104522 -0.051504012
v 0.07146815 -0.08074546 -0.05155412
v 0.062837794 -0.21188097 -0.05087441
v 0.031399343 -0.20955014 -0.0522541
v 0.038966518 -0.21073945 -0.051916957
v 0.051033635 -0.07857108 -0.052456178
v 0.057061113 -0.078472614 -0.052196037
v 0.025199993 -0.20752954 -0.0525387
v 0.044597674 -0.07982951 -0.0527247
v 0.076370046 -0.08305521 -0.05132335
v 0.08198041 -0.086984254 -0.051048942
v 0.08831804 -0.09318902 -0.050724734
v 0.17368057 -0.1361678 -0.046684187
v 0.16469257 -0.14015554 -0.047041245
v 0.022415822 -0.09299932 -0.05357915
v 0.020953625 -0.09520715 -0.05362473
v 0.020908484 -0.104497455 -0.053552058
v 0.02007345 -0.1019032 -0.05360905
v 0.020052304 -0.09752665 -0.053645104
v 0.025568077 -0.089613535 -0.053469896
v 0.023535317 -0.09147983 -0.05354291
v 0.022708202 -0.10735219 -0.05345122
v 0.024346106 -0.1101593 -0.05335777
v 0.028030146 -0.08786874 -0.053377327
v 0.013051617 -0.19703107 -0.053148914
v 0.03156164 -0.08550873 -0.053243417
v 0.010636164 -0.19290172 -0.05328665
v 0.02432563 -0.112416625 -0.053340524
v 0.012608066 -0.1346447 -0.053669225
v 0.009591822 -0.14142361 -0.053745348
v 0.006719114 -0.1829062 -0.053536516
v 0.007505664 -0.1494778 -0.05377097
v 0.0054250746 -0.17753635 -0.053635653
v 0.0051288414 -0.17270882 -0.05368727
v 0.004849648 -0.16888006 -0.0537301
v 0.0051255175 -0.16231155 -0.05377092
v 0.005689225 -0.15583003 -0.053798568
v 0.017184215 -0.12555206 -0.053544164
v 0.008885288 -0.18960135 -0.05338896
v 0.023251358 -0.11578138 -0.053359985
v 0.02181218 -0.118393615 -0.05340131
v 0.17205162 0.17062251 -0.061984506
v 0.17902286 0.1816339 -0.06140364
v 0.13183679 0.25419155 -0.06166954
v 0.13571946 0.2541917 -0.06149886
v 0.14087193 0.25492463 -0.06125411
v 0.18544748 0.19153817 -0.06087439
v 0.14669104 0.2558429 -0.06097543
v 0.19161132 0.20071137 -0.060374826
v 0.15708767 0.2579641 -0.060465552
v 0.19862106 0.21053492 -0.059821874
v 0.17189518 0.26167935 -0.059722062
v 0.20562024 0.21959639 -0.05928838
v 0.18614459 0.26532236 -0.0590049
v 0.21244171 0.22895236 -0.05875535
v 0.2013866 0.26893565 -0.058244843
v 0.21898814 0.23800038 -0.058242094
v 0.22461937 0.24617283 -0.057790883
v 0.21295162 0.27158394 -0.057670474
v 0.22877531 0.25303778 -0.05743711
v 0.22697346 0.24956837 -0.057602774
v 0.21666358 0.2721259 -0.057493802
v 0.22966214 0.25553685 -0.057335842
v 0.23051606 0.2583262 -0.057228792
v 0.22035769 0.27208447 -0.057332445
v 0.23054568 0.26435897 -0.05707714
v 0.22449274 0.27121982 -0.057172228
v 0.22632818 0.2703541 -0.057113122
v 0.22932151 0.26729912 -0.05705768
v 0.12662676 0.25607798 -0.06185155
v 0.065186754 0.28736582 -0.06377255
v 0.1626753 0.13543105 -0.063273706
v 0.0743637 0.2851061 -0.063425474
v 0.08401274 0.28203973 -0.06307774
v 0.093470156 0.27831167 -0.06275492
v 0.1005975 0.27486503 -0.06252752
v 0.10721196 0.27097097 -0.06233381
v 0.11366629 0.26663372 -0.062158186
v 0.12086332 0.2610735 -0.061980397
v 0.16318269 0.14195684 -0.06308877
v 0.1641748 0.14895748 -0.06287069
v 0.16499598 0.15365596 -0.06271749
v 0.16620201 0.15847886 -0.06254428
v 0.16863088 0.16385396 -0.062303554
v 0.017589306 0.2899371 -0.065800734
v 0.16441126 0.0777813 -0.064634144
v 0.027643967 0.2904466 -0.065346055
v 0.036815684 0.29045805 -0.064942606
v 0.04679154 0.2899855 -0.06451587
v 0.056171216 0.28884453 -0.064132
v 0.16868392 0.084740095 -0.0642729
v 0.17099991 0.08971734 -0.06404705
v 0.17151351 0.09295142 -0.06394388
v 0.1714489 0.096656755 -0.063854374
v 0.17047648 0.10046091 -0.06380232
v 0.1678469 0.10779657 -0.06373508
v 0.1661063 0.11238363 -0.06369728
v 0.16444029 0.11891296 -0.06360779
v 0.16346405 0.12494931 -0.06350026
v 0.16282499 0.13032787 -0.06339431
v -0.030370211 0.2784035 -0.068196364
v 0.11661768 0.06139789 -0.06714334
v -0.024193186 0.28129122 -0.06785287
v -0.01681308 0.2839894 -0.067461215
v -0.009371472 0.28595373 -0.06708514
v -0.001329796 0.287621 -0.0666901
v 0.007554669 0.28891978 -0.066267185
v 0.15985683 0.07085498 -0.065006964
v 0.15496126 0.06500383 -0.06536799
v 0.15098017 0.060331393 -0.065659426
v 0.1478921 0.05885868 -0.06583188
v 0.14448011 0.05889509 -0.065980956
v 0.13826756 0.059690546 -0.06623422
v 0.13253035 0.060376525 -0.06646931
v 0.12673543 0.060876604 -0.06671158
v 0.12207661 0.061325308 -0.06690519
v -0.03639604 0.27491814 -0.068548106
v 0.06897937 0.032277204 -0.06996316
v -0.042037185 0.2711682 -0.068889536
v -0.04738707 0.26730546 -0.06922097
v -0.053274047 0.26261717 -0.06959658
v -0.058350798 0.25834957 -0.069926105
v -0.062763505 0.2541679 -0.07022429
v -0.066831194 0.2499866 -0.07050731
v 0.11172497 0.0612853 -0.06736123
v 0.074934945 0.038067818 -0.06955705
v 0.10665496 0.06020608 -0.06761099
v 0.080052964 0.04307609 -0.06920726
v 0.10274079 0.058997463 -0.067813165
v 0.08492825 0.0472116 -0.068889886
v 0.09094302 0.052264642 -0.06849956
v 0.09868673 0.057447433 -0.06803
v 0.09475045 0.054978665 -0.06826456
v -0.06985908 0.2463584 -0.07073083
v 0.020641213 0.024858668 -0.07227287
v -0.07342494 0.24165356 -0.07100483
v -0.0770205 0.23622851 -0.071298085
v -0.080158 0.23032501 -0.07158312
v -0.08356363 0.22317098 -0.07191113
v -0.086946145 0.21508072 -0.072261445
v -0.089670256 0.20632064 -0.07259949
v 0.06402612 0.027708009 -0.07029476
v 0.05945278 0.023627091 -0.07059751
v 0.05434076 0.020082377 -0.07091056
v 0.04950527 0.017649885 -0.07118373
v 0.046341117 0.016707418 -0.071346305
v 0.043171316 0.016443778 -0.07149222
v 0.039024796 0.01672874 -0.07166739
v 0.0336684 0.018377205 -0.07186176
v 0.028325392 0.020645572 -0.072040096
v -0.09165923 0.19820125 -0.072891824
v -0.026779372 0.04106076 -0.073963985
v -0.09355115 0.18961947 -0.0731949
v -0.09503814 0.18214813 -0.07345211
v -0.09651869 0.17752051 -0.07363631
v -0.09848354 0.17260504 -0.07384928
v -0.10068659 0.16816318 -0.074060686
v -0.1033928 0.1638433 -0.07429134
v -0.10899359 0.15632473 -0.07473236
v 0.012949163 0.029006723 -0.07250762
v 0.005318224 0.032976963 -0.072744116
v -0.0038122952 0.03703113 -0.07304443
v -0.010567383 0.0392272 -0.07328674
v -0.018366126 0.04074025 -0.07359549
v -0.114742994 0.14990297 -0.075151905
v -0.0646261 0.036101814 -0.075780146
v -0.12072835 0.14327966 -0.07558706
v -0.12712876 0.13664038 -0.07604099
v -0.03624777 0.040653136 -0.074397795
v -0.04517518 0.039684724 -0.074821256
v -0.054649364 0.03808236 -0.07528484
v -0.134775 0.12925728 -0.0765692
v -0.09365763 0.029230356 -0.07724778
v -0.14128593 0.12293165 -0.07701987
v -0.14700691 0.11723602 -0.07741928
v -0.074561164 0.03396411 -0.07627734
v -0.08587591 0.031272363 -0.07684968
v -0.15272598 0.11132033 -0.07782412
v -0.118550695 0.02560353 -0.07844831
v -0.15841733 0.104808405 -0.07824286
v -0.16359475 0.09881015 -0.07862548
v -0.10011407 0.027439404 -0.07758027
v -0.106592014 0.026020288 -0.07790442
v -0.112229444 0.025246004 -0.07817503
v -0.16767588 0.09259758 -0.07896497
v -0.13759124 0.031564903 -0.07915143
v -0.1701725 0.08817611 -0.079188466
v -0.17263381 0.0821512 -0.079451405
v -0.12606798 0.027152492 -0.078745656
v -0.13180856 0.028854895 -0.078959934
v -0.17347385 0.07869446 -0.07957703
v -0.15652072 0.04612529 -0.079639375
v -0.17344935 0.07622113 -0.07963949
v -0.17332049 0.07172935 -0.079749145
v -0.14409606 0.03561411 -0.07934239
v -0.15122257 0.041149687 -0.079524755
v -0.1617824 0.05154383 -0.079741575
v -0.17258053 0.069375016 -0.07977721
v -0.16584513 0.056934357 -0.079791166
v -0.17102917 0.06536474 -0.07980894
v -0.16911589 0.061476517 -0.07982172
v -0.13492851 0.06678959 -0.07508008
v -0.13744384 0.06085503 -0.07534069
v -0.13118967 0.032209564 -0.07576654
v -0.13516545 0.0356411 -0.07585992
v -0.0005409905 0.20790425 -0.06555833
v 0.011015481 0.028790472 -0.06951421
v 0.0035096952 0.20821159 -0.06537261
v 0.010633195 0.20758402 -0.06507512
v -0.04594509 0.14745526 -0.06906706
v -0.04918567 0.14412509 -0.069296055
v -0.041236974 0.026190668 -0.07189502
v -0.053005815 0.14031354 -0.06956319
v -0.05657897 0.13647841 -0.06981989
v -0.050383788 0.026180837 -0.072304346
v -0.10142106 0.10369122 -0.07265229
v -0.097658776 0.021885348 -0.074523054
v -0.09244748 0.021924263 -0.074289374
v -0.12406086 0.08223899 -0.074205846
v -0.12823597 0.07707863 -0.07452251
v -0.12128373 0.026431803 -0.07546604
v -0.12668103 0.02890992 -0.07564615
v -0.07995208 0.022451451 -0.07371816
v -0.070845425 0.02401815 -0.07327258
v -0.084842406 0.11294444 -0.07167782
v -0.07685771 0.11403046 -0.07129378
v -0.0803619 0.11398833 -0.07145133
v -0.09081354 0.110523514 -0.072005704
v -0.087101765 0.021875527 -0.074051775
v -0.13159367 0.07196355 -0.074801244
v -0.11283492 0.09370258 -0.07341475
v -0.119301796 0.087183096 -0.0738684
v -0.10612488 0.024524784 -0.07483631
v -0.110535614 0.02452827 -0.07503311
v -0.09633885 0.10749886 -0.07232896
v -0.10727388 0.09856794 -0.073043264
v -0.10213693 0.022970483 -0.074696384
v -0.0339713 0.15890585 -0.06824899
v -0.03658518 0.15538716 -0.068451576
v -0.017136563 0.027944544 -0.07077482
v -0.03923781 0.15312608 -0.0686247
v -0.030072674 0.027094698 -0.07137327
v 0.042097986 0.032815836 -0.068047576
v 0.05767277 0.036604956 -0.06726851
v 0.04771641 0.20372716 -0.063541144
v 0.027706577 0.030395035 -0.068740524
v 0.032514453 0.20582585 -0.06415709
v 0.01839903 0.20693575 -0.06474991
v 0.08229499 0.045077518 -0.06597503
v 0.090889625 0.049659632 -0.06548303
v 0.08152916 0.19619253 -0.062242597
v 0.098471396 0.054778904 -0.06502218
v 0.095417924 0.19224368 -0.061730493
v 0.11297722 0.0665035 -0.06409233
v 0.11922785 0.07348497 -0.063643575
v 0.10726178 0.18803672 -0.061314713
v 0.12528694 0.08133385 -0.06318163
v 0.11848419 0.1832707 -0.060940184
v 0.1325851 0.09176674 -0.06260081
v 0.13800156 0.100848794 -0.06213637
v 0.12859808 0.17782927 -0.060631216
v 0.13543876 0.17330217 -0.06044334
v 0.14777116 0.11890762 -0.061256856
v 0.15141095 0.12815545 -0.060866386
v 0.14591669 0.1645824 -0.060200065
v 0.15272053 0.13527147 -0.060631473
v 0.1541107 0.1435819 -0.06036326
v 0.14968531 0.16055274 -0.060134836
v 0.1542536 0.15075956 -0.06017809
v 0.1533364 0.1544338 -0.060126837
v 0.15189269 0.1575625 -0.060112324
v 0.06460117 0.20020759 -0.06288665
v 0.071349494 0.040784914 -0.06656315
v -0.0072139674 0.20517245 -0.06591974
v -0.009638256 0.20295015 -0.06608169
v -0.0020606231 0.028838873 -0.0700878
v -0.01215245 0.19962011 -0.0662752
v -0.014980795 0.19578266 -0.066495165
v -0.018687367 0.18918876 -0.06682243
v -0.022803675 0.1811538 -0.067203626
v -0.027960101 0.17069785 -0.06769087
v -0.03127657 0.16410299 -0.06800101
v -0.062693514 0.12760775 -0.07031762
v -0.0660498 0.12220085 -0.07060438
v -0.061012726 0.025371501 -0.072799616
v -0.06762528 0.11919957 -0.07075068
v -0.069370456 0.11704011 -0.0708833
v -0.07138323 0.11592372 -0.071001396
v -0.07387131 0.11467927 -0.07114399
v -0.04238285 0.15013365 -0.0688401
v -0.115632735 0.024626493 -0.075258136
v 0.10579534 0.060370516 -0.064560875
v 0.14326338 0.11004124 -0.061675977
v 0.14086856 0.16902266 -0.060311314
v -0.13916242 0.055666447 -0.075546324
v -0.13999085 0.05183208 -0.07567815
v -0.13779582 0.039483186 -0.07588332
v -0.1401275 0.047730327 -0.07578522
v -0.13936014 0.04344692 -0.07585607
v -0.0044576344 0.20690751 -0.06575534
v -0.05928091 0.1324244 -0.07004324
v -0.2773414 0.033963524 -0.080952585
v -0.27992952 0.031497255 -0.081050634
v -0.2970096 -0.029571027 -0.08142107
v -0.2823822 0.028789708 -0.08114141
v -0.2849468 0.024642669 -0.081229135
v -0.29582444 0.0055799047 -0.081592165
v -0.29791835 0.0017940408 -0.081661165
v -0.29930755 -0.0018749528 -0.0817005
v -0.30101272 -0.01132849 -0.08172134
v -0.30092424 -0.015968824 -0.08169182
v -0.30016384 -0.02018491 -0.08162742
v -0.29912978 -0.02416814 -0.08155295
v -0.30090097 -0.008221586 -0.08173368
v -0.29345533 0.008994198 -0.08150919
v -0.29091465 0.011525906 -0.081413865
v -0.2881721 0.014208026 -0.08131063
v -0.19840203 -0.051026434 -0.07694652
v -0.18272099 0.019628955 -0.07674594
v -0.20410922 -0.051280852 -0.07719658
v -0.1882884 0.022252372 -0.07700408
v -0.13071232 -0.059470266 -0.07393912
v -0.12032793 0.0031513476 -0.07391373
v -0.15133275 -0.05641977 -0.074858226
v -0.13889602 0.0075162477 -0.07475689
v -0.04340827 -0.074013025 -0.07004034
v -0.033747748 -0.01629482 -0.06997879
v -0.067036234 -0.06983059 -0.071090646
v -0.056372475 -0.011376609 -0.07100531
v -0.08905568 -0.06615081 -0.072073095
v -0.07941624 -0.006402444 -0.07205228
v -0.11091788 -0.062703036 -0.07305279
v -0.09950407 -0.0018493583 -0.07296579
v 0.0017106421 -0.082364134 -0.06803247
v 0.011352978 -0.025443632 -0.06796456
v -0.020178813 -0.0782585 -0.06900692
v -0.00994848 -0.021259747 -0.06891399
v 0.04178863 -0.09053174 -0.06624433
v 0.049838796 -0.03248028 -0.06625241
v 0.022266623 -0.086520344 -0.06711554
v 0.032481328 -0.029354876 -0.06702431
v 0.12015345 -0.10810032 -0.06273811
v 0.12536652 -0.044861943 -0.06290113
v 0.10642578 -0.104873516 -0.06335324
v 0.103110544 -0.041449614 -0.06388721
v 0.09176351 -0.10144289 -0.06401014
v -0.22568634 0.04487326 -0.07877733
v -0.2300512 0.046085045 -0.07897381
v -0.2483838 -0.059847303 -0.07907932
v -0.25578055 -0.05990022 -0.07940221
v -0.19217442 -0.051218983 -0.076669954
v -0.1709929 0.015940616 -0.07621335
v -0.18511479 -0.05208108 -0.07635373
v -0.25814316 0.044162508 -0.08017996
v -0.26270747 0.0425574 -0.08036835
v -0.28405914 -0.047030658 -0.08073019
v -0.2874216 -0.043551285 -0.080902115
v 0.07554833 -0.09787826 -0.06473521
v 0.08481335 -0.038574822 -0.064698316
v 0.059463155 -0.09418752 -0.06545542
v 0.06774039 -0.035704713 -0.06545631
v -0.24095277 0.047046628 -0.07945203
v -0.24666916 0.04685533 -0.07969856
v -0.26730412 -0.057763916 -0.0799207
v -0.2730755 -0.055440124 -0.08018964
v -0.19908023 0.028810902 -0.077520125
v -0.20513903 0.033178374 -0.07781247
v -0.21617413 -0.053082902 -0.07771524
v -0.22398387 -0.054960307 -0.07804511
v -0.21560895 0.039961886 -0.07831032
v -0.22059505 0.04273572 -0.078543656
v -0.23322272 -0.05728485 -0.078433946
v -0.24202238 -0.058936555 -0.07880762
v -0.2356091 0.04688043 -0.07921945
v -0.26245362 -0.059048243 -0.07969975
v -0.2526594 0.045793552 -0.079951875
v -0.27719232 -0.052928418 -0.08038772
v -0.2804812 -0.050342914 -0.080550075
v -0.28999877 -0.040372618 -0.08103747
v -0.26730487 0.040636163 -0.080556266
v -0.29275322 -0.03668303 -0.08118422
v -0.27073127 0.038586885 -0.08069293
v -0.2741078 0.036401436 -0.08082655
v -0.29498532 -0.033368416 -0.08130541
v -0.21075562 0.036888152 -0.07808038
v -0.16934298 -0.05402376 -0.075657085
v -0.15657818 0.01199278 -0.07555967
v -0.21019867 -0.052122373 -0.077459
v -0.19278742 0.024967628 -0.07721958
v 0.12975751 -0.110507034 -0.06230685
v 0.1373735 -0.046495598 -0.062370427
v 0.14529566 -0.11488042 -0.061606165
v 0.14940979 -0.0477727 -0.061840642
v 0.14077173 -0.1134614 -0.061811067
v 0.13589616 -0.11215603 -0.062030513
v -0.2866784 0.020948803 -0.08128342
v -0.2875583 0.01771882 -0.08130355
v 0.11416924 0.011633397 -0.058885723
v 0.11019526 0.014322138 -0.058861595
v 0.107353546 0.015697312 -0.058927257
v 0.091566496 0.019712068 -0.059841007
v 0.10233541 0.017713094 -0.059105694
v 0.09942549 0.018494703 -0.059267826
v 0.095240496 0.019261694 -0.059555072
v 0.096229605 -0.061020542 -0.071617834
v 0.009036256 -0.032455206 -0.075696625
v 0.090936646 -0.0673157 -0.07308139
v 0.00806783 -0.039654043 -0.07688018
v 0.085139826 -0.07254072 -0.07443144
v 0.007994878 -0.04690851 -0.077985846
v 0.07882452 -0.077359594 -0.075769976
v 0.008619933 -0.05390061 -0.07898449
v 0.07096108 -0.08152782 -0.07715919
v 0.010347385 -0.05954912 -0.0796734
v 0.0634813 -0.083125666 -0.07812216
v 0.013659644 -0.0649045 -0.080165155
v 0.05372424 -0.082956545 -0.07903706
v 0.019966923 -0.070353046 -0.08038232
v 0.044139933 -0.08132248 -0.07971346
v 0.026898611 -0.07480635 -0.08038857
v 0.105074815 -0.052861013 -0.069529526
v 0.016657252 -0.011550713 -0.0717962
v 0.10083461 -0.057101965 -0.070580505
v 0.013359017 -0.018857885 -0.07322073
v 0.10814655 -0.048458766 -0.06856675
v 0.021210026 -0.005065179 -0.07037517
v 0.11278341 -0.0446666 -0.067545496
v 0.027981205 0.0014477966 -0.068736136
v 0.1238811 -0.029988205 -0.06425283
v 0.043249544 0.010624886 -0.065874584
v 0.12083478 -0.035862494 -0.06543609
v 0.03628422 0.0072119953 -0.06706285
v 0.055111002 0.015041949 -0.064062305
v 0.12542859 -0.023450876 -0.063113645
v 0.06495159 0.01757443 -0.062730215
v 0.060248654 0.016489722 -0.06334782
v 0.12616912 -0.01764357 -0.062162794
v 0.12623969 -0.012758136 -0.061416127
v 0.074444436 0.01931193 -0.061552048
v 0.124150924 -0.0035931598 -0.060229506
v 0.08226392 0.02002499 -0.06069032
v 0.12235365 0.00061013637 -0.059766192
v 0.12060406 0.00394287 -0.059430122
v 0.04990632 0.0133016575 -0.06482755
v 0.11709171 -0.040431928 -0.0664889
v 0.075075135 -0.079890326 -0.076514654
v 0.069716714 0.018597795 -0.062115915
v 0.12531523 -0.007721686 -0.060742505
v 0.08692687 0.02004354 -0.060238034
v 0.117678665 0.0082129 -0.05906545
v 0.010973542 -0.025633717 -0.07447683
v 0.03558716 -0.07877641 -0.08015229
v 0.17164999 -0.13036191 -0.060368117
v 0.17919149 -0.041525453 -0.060587656
v 0.16611864 -0.12653334 -0.060631525
v 0.17234363 -0.043663304 -0.06087145
v 0.16099887 -0.12328666 -0.06087351
v 0.16352941 -0.04669716 -0.061234992
v 0.15499352 -0.11969669 -0.061156005
v 0.15759382 -0.0477076 -0.061486162
v 0.20292822 -0.04363188 -0.059545405
v 0.18977934 -0.14150706 -0.0595134
v 0.2082694 -0.046929877 -0.059293505
v 0.21313106 -0.05022201 -0.059062432
v 0.20509939 -0.14490144 -0.0588282
v 0.19896017 -0.1440783 -0.059099477
v 0.19441368 -0.14296575 -0.05930347
v 0.1502227 -0.11703739 -0.061379243
v 0.18480113 -0.13914847 -0.059743788
v 0.18055002 -0.13640128 -0.059945025
v 0.17685503 -0.13406575 -0.060119625
v 0.19712435 -0.041574355 -0.05980974
v 0.19245563 -0.040701266 -0.060017556
v 0.1880083 -0.040501148 -0.060211636
v 0.18384765 -0.040528376 -0.060391884
v 0.22553205 -0.063360654 -0.058443855
v 0.22009854 -0.14286935 -0.058190294
v 0.22894073 -0.06870671 -0.058263153
v 0.22996521 -0.07165602 -0.058200587
v 0.23082076 -0.07479086 -0.0581442
v 0.2249515 -0.1407152 -0.05799311
v 0.22987829 -0.13788585 -0.057796877
v 0.23380332 -0.13470446 -0.057646252
v 0.23310776 -0.076790296 -0.05803273
v 0.23691069 -0.08043801 -0.05784538
v 0.21688266 -0.05348273 -0.058879692
v 0.22173296 -0.058432456 -0.05863892
v 0.21034709 -0.14497243 -0.058600206
v 0.21493621 -0.14419189 -0.058406014
v 0.23760024 -0.1306746 -0.0575064
v 0.24083582 -0.12688866 -0.05738939
v 0.24359718 -0.122787714 -0.057294875
v 0.2404398 -0.08390976 -0.05767099
v 0.24427624 -0.088438734 -0.057476766
v 0.24594732 -0.118723564 -0.057217974
v 0.24727264 -0.1150739 -0.057182964
v 0.24840589 -0.110730074 -0.057160545
v 0.24888511 -0.10711968 -0.057161976
v 0.24901286 -0.10429998 -0.057173785
v 0.24916296 -0.102145486 -0.05718053
v 0.24894276 -0.0993437 -0.057207316
v 0.24658528 -0.09210423 -0.05735409
v 0.24788351 -0.09515318 -0.05727903
vt 0.23327637 0.64990234
vt 0.2331543 0.65722656
vt 0.49438477 0.7192383
vt 0.2331543 0.66552734
vt 0.23413086 0.6801758
vt 0.3173828 0.5366211
vt 0.31152344 0.5341797
vt 0.22460938 0.64160156
vt 0.2175293 0.63378906
vt 0.21044922 0.625
vt 0.30615234 0.52978516
vt 0.20263672 0.6147461
vt 0.1953125 0.6044922
vt 0.3017578 0.5253906
vt 0.29663086 0.5185547
vt 0.24230957 0.43676758
vt 0.23486328 0.43139648
vt 0.16992188 0.46240234
vt 0.22741699 0.4267578
vt 0.16955566 0.45776367
vt 0.1673584 0.45141602
vt 0.16467285 0.4453125
vt 0.17358398 0.5620117
vt 0.28222656 0.4958496
vt 0.16967773 0.55078125
vt 0.2763672 0.4880371
vt 0.16638184 0.5385742
vt 0.16442871 0.5283203
vt 0.2709961 0.4814453
vt 0.16357422 0.5180664
vt 0.26635742 0.47607422
vt 0.26342773 0.4716797
vt 0.16333008 0.5102539
vt 0.16333008 0.5029297
vt 0.16394043 0.49487305
vt 0.1652832 0.48632812
vt 0.2614746 0.46606445
vt 0.25952148 0.4597168
vt 0.16711426 0.47753906
vt 0.1685791 0.47045898
vt 0.25610352 0.45336914
vt 0.25219727 0.44750977
vt 0.2479248 0.4423828
vt 0.1887207 0.59375
vt 0.1829834 0.5830078
vt 0.29174805 0.5107422
vt 0.17773438 0.5722656
vt 0.28686523 0.5029297
vt 0.21862793 0.42260742
vt 0.16186523 0.43896484
vt 0.21020508 0.4189453
vt 0.20141602 0.41552734
vt 0.19396973 0.41259766
vt 0.15991211 0.43286133
vt 0.15893555 0.42700195
vt 0.15881348 0.42260742
vt 0.18737793 0.4104004
vt 0.18139648 0.4086914
vt 0.17419434 0.4086914
vt 0.17053223 0.40966797
vt 0.16662598 0.4116211
vt 0.16027832 0.41748047
vt 0.16333008 0.4140625
vt 0.49682617 0.70751953
vt 0.5 0.6875
vt 0.4987793 0.69677734
vt 0.5004883 0.67871094
vt 0.5004883 0.6689453
vt 0.49951172 0.6586914
vt 0.49731445 0.6479492
vt 0.49438477 0.63671875
vt 0.49047852 0.6254883
vt 0.48657227 0.61621094
vt 0.48168945 0.6069336
vt 0.47583008 0.59765625
vt 0.46923828 0.5888672
vt 0.46142578 0.57958984
vt 0.45336914 0.57177734
vt 0.4465332 0.56591797
vt 0.44018555 0.56103516
vt 0.43139648 0.55615234
vt 0.42358398 0.5522461
vt 0.41455078 0.5488281
vt 0.40429688 0.54589844
vt 0.39282227 0.54296875
vt 0.38110352 0.54052734
vt 0.3713379 0.5395508
vt 0.36132812 0.5390625
vt 0.35083008 0.5395508
vt 0.3400879 0.54003906
vt 0.32983398 0.5395508
vt 0.32373047 0.5385742
vt 0.23535156 0.69384766
vt 0.48364258 0.7578125
vt 0.23706055 0.7089844
vt 0.2388916 0.72509766
vt 0.48950195 0.7373047
vt 0.2409668 0.7392578
vt 0.46899414 0.80371094
vt 0.24316406 0.75341797
vt 0.47827148 0.77490234
vt 0.4736328 0.7895508
vt 0.46166992 0.82470703
vt 0.24572754 0.76708984
vt 0.46533203 0.8144531
vt 0.2364502 0.7944336
vt 0.4572754 0.8378906
vt 0.23913574 0.79052734
vt 0.24243164 0.7871094
vt 0.2446289 0.78466797
vt 0.24682617 0.78271484
vt 0.2479248 0.7807617
vt 0.23022461 0.8144531
vt 0.4482422 0.8613281
vt 0.23059082 0.80908203
vt 0.23181152 0.8041992
vt 0.23376465 0.7993164
vt 0.45263672 0.85058594
vt 0.23132324 0.8198242
vt 0.4345703 0.88964844
vt 0.23327637 0.82666016
vt 0.23620605 0.8334961
vt 0.23828125 0.83691406
vt 0.23999023 0.83935547
vt 0.4440918 0.87060547
vt 0.43969727 0.8803711
vt 0.24499512 0.8461914
vt 0.42236328 0.90966797
vt 0.24987793 0.8515625
vt 0.2565918 0.8588867
vt 0.26245117 0.8647461
vt 0.42871094 0.89990234
vt 0.26757812 0.86865234
vt 0.4165039 0.91845703
vt 0.27124023 0.87158203
vt 0.27368164 0.875
vt 0.27612305 0.87939453
vt 0.41064453 0.9277344
vt 0.27905273 0.88427734
vt 0.28393555 0.890625
vt 0.28979492 0.8984375
vt 0.40429688 0.9370117
vt 0.29663086 0.9086914
vt 0.3005371 0.9160156
vt 0.39672852 0.9472656
vt 0.30444336 0.9248047
vt 0.30639648 0.93066406
vt 0.38378906 0.9638672
vt 0.30981445 0.9428711
vt 0.39013672 0.9555664
vt 0.31420898 0.95947266
vt 0.37646484 0.97314453
vt 0.31298828 0.9560547
vt 0.3791504 0.9692383
vt 0.3161621 0.96191406
vt 0.3630371 0.9785156
vt 0.31958008 0.96435547
vt 0.32299805 0.9667969
vt 0.37329102 0.9760742
vt 0.3701172 0.97753906
vt 0.36621094 0.9785156
vt 0.3581543 0.9785156
vt 0.35302734 0.97753906
vt 0.3474121 0.9765625
vt 0.34057617 0.9746094
vt 0.33447266 0.97265625
vt 0.32836914 0.96972656
vt 0.0413208 0.87060547
vt 0.14050293 0.8730469
vt 0.041931152 0.86621094
vt 0.04296875 0.8623047
vt 0.04449463 0.859375
vt 0.13903809 0.8691406
vt 0.13659668 0.8642578
vt 0.040649414 0.87597656
vt 0.13928223 0.88916016
vt 0.04043579 0.88134766
vt 0.14025879 0.8847656
vt 0.14086914 0.8808594
vt 0.14099121 0.8769531
vt 0.13195801 0.9038086
vt 0.04107666 0.8925781
vt 0.13574219 0.89697266
vt 0.0423584 0.90283203
vt 0.12054443 0.9169922
vt 0.044158936 0.9116211
vt 0.12548828 0.9111328
vt 0.049041748 0.9291992
vt 0.10723877 0.9316406
vt 0.11340332 0.9243164
vt 0.052001953 0.94140625
vt 0.10046387 0.9404297
vt 0.054626465 0.9506836
vt 0.0947876 0.9482422
vt 0.057159424 0.95947266
vt 0.08856201 0.95703125
vt 0.059631348 0.96533203
vt 0.083496094 0.96435547
vt 0.062805176 0.96972656
vt 0.077941895 0.96972656
vt 0.066467285 0.97216797
vt 0.07397461 0.97216797
vt 0.07043457 0.97314453
vt 0.13354492 0.8598633
vt 0.052856445 0.8515625
vt 0.046539307 0.8569336
vt 0.04937744 0.8540039
vt 0.1295166 0.85546875
vt 0.06109619 0.84765625
vt 0.12524414 0.8515625
vt 0.05682373 0.8496094
vt 0.119018555 0.84814453
vt 0.07299805 0.84375
vt 0.11254883 0.84521484
vt 0.06762695 0.84521484
vt 0.090148926 0.84228516
vt 0.09875488 0.84228516
vt 0.105041504 0.8432617
vt 0.082214355 0.84228516
vt 0.9091797 0.33203125
vt 0.9067383 0.33154297
vt 0.9116211 0.33325195
vt 0.9135742 0.33569336
vt 0.90283203 0.33251953
vt 0.9145508 0.3383789
vt 0.89990234 0.33422852
vt 0.89697266 0.3371582
vt 0.91503906 0.3461914
vt 0.91503906 0.34521484
vt 0.89404297 0.33911133
vt 0.89160156 0.3413086
vt 0.9272461 0.42626953
vt 0.93652344 0.41625977
vt 0.8808594 0.38476562
vt 0.9433594 0.40795898
vt 0.9614258 0.37768555
vt 0.9589844 0.38330078
vt 0.8808594 0.37939453
vt 0.9526367 0.39526367
vt 0.8803711 0.37304688
vt 0.88134766 0.36645508
vt 0.8823242 0.3605957
vt 0.88427734 0.35546875
vt 0.88623047 0.34960938
vt 0.8886719 0.3449707
vt 0.7548828 0.5083008
vt 0.7573242 0.5126953
vt 0.75341797 0.5019531
vt 0.9560547 0.38916016
vt 0.94873047 0.4013672
vt 0.9091797 0.44458008
vt 0.91845703 0.4350586
vt 0.875 0.3894043
vt 0.8911133 0.46191406
vt 0.89990234 0.45336914
vt 0.85546875 0.40454102
vt 0.83447266 0.41748047
vt 0.8823242 0.4699707
vt 0.8730469 0.47802734
vt 0.84814453 0.5004883
vt 0.8564453 0.49291992
vt 0.8125 0.43188477
vt 0.8652344 0.48535156
vt 0.8339844 0.51220703
vt 0.8408203 0.50634766
vt 0.79248047 0.44677734
vt 0.7841797 0.45361328
vt 0.8276367 0.5175781
vt 0.82177734 0.5214844
vt 0.8095703 0.52783203
vt 0.81591797 0.5253906
vt 0.7705078 0.46533203
vt 0.8041992 0.5292969
vt 0.79833984 0.53027344
vt 0.76220703 0.4736328
vt 0.7915039 0.53027344
vt 0.7836914 0.5288086
vt 0.75341797 0.4921875
vt 0.77685547 0.52685547
vt 0.7705078 0.5239258
vt 0.7651367 0.5209961
vt 0.7607422 0.51660156
vt 0.75341797 0.49731445
vt 0.75683594 0.48242188
vt 0.7548828 0.48754883
vt 0.75927734 0.47827148
vt 0.765625 0.4699707
vt 0.77685547 0.4597168
vt 0.8022461 0.43969727
vt 0.8232422 0.4243164
vt 0.9160156 0.3461914
vt 0.91845703 0.34423828
vt 0.92333984 0.34228516
vt 0.92822266 0.34057617
vt 0.93310547 0.33984375
vt 0.9628906 0.37182617
vt 0.9370117 0.33935547
vt 0.94091797 0.33935547
vt 0.9458008 0.34057617
vt 0.9506836 0.3425293
vt 0.95458984 0.34521484
vt 0.95751953 0.34838867
vt 0.96435547 0.3618164
vt 0.9609375 0.3527832
vt 0.9633789 0.35791016
vt 0.84521484 0.41137695
vt 0.86621094 0.39672852
vt 0.9638672 0.36572266
vt 0.7915039 0.6879883
vt 0.79248047 0.69189453
vt 0.8798828 0.7270508
vt 0.79345703 0.6953125
vt 0.79541016 0.7001953
vt 0.7988281 0.7055664
vt 0.9145508 0.6899414
vt 0.80126953 0.65625
vt 0.9086914 0.6953125
vt 0.9033203 0.69921875
vt 0.8979492 0.7036133
vt 0.8925781 0.70751953
vt 0.88720703 0.7114258
vt 0.8857422 0.7128906
vt 0.8847656 0.71484375
vt 0.79833984 0.66259766
vt 0.7944336 0.67041016
vt 0.79248047 0.67578125
vt 0.7915039 0.6801758
vt 0.93310547 0.6699219
vt 0.8071289 0.62890625
vt 0.92871094 0.67529297
vt 0.9243164 0.68066406
vt 0.9189453 0.6855469
vt 0.80615234 0.63671875
vt 0.8051758 0.6435547
vt 0.80371094 0.6508789
vt 0.9501953 0.63720703
vt 0.81396484 0.6044922
vt 0.9472656 0.64501953
vt 0.94433594 0.65234375
vt 0.94189453 0.65722656
vt 0.93896484 0.6616211
vt 0.93603516 0.6660156
vt 0.8120117 0.6088867
vt 0.8100586 0.61376953
vt 0.80908203 0.6176758
vt 0.80810547 0.6225586
vt 0.9526367 0.62841797
vt 0.8359375 0.5908203
vt 0.9536133 0.62402344
vt 0.95458984 0.6147461
vt 0.81689453 0.6010742
vt 0.8198242 0.5986328
vt 0.82373047 0.5966797
vt 0.8276367 0.59521484
vt 0.95458984 0.6074219
vt 0.8569336 0.57958984
vt 0.9536133 0.5961914
vt 0.84765625 0.58496094
vt 0.9526367 0.5883789
vt 0.8696289 0.5727539
vt 0.95214844 0.5834961
vt 0.9526367 0.57910156
vt 0.875 0.5625
vt 0.87060547 0.56884766
vt 0.8730469 0.5654297
vt 0.88427734 0.7182617
vt 0.8823242 0.72265625
vt 0.8022461 0.7104492
vt 0.8691406 0.73876953
vt 0.8071289 0.7163086
vt 0.8120117 0.72216797
vt 0.8178711 0.72802734
vt 0.8769531 0.73095703
vt 0.87353516 0.7348633
vt 0.82470703 0.73339844
vt 0.85595703 0.7446289
vt 0.8305664 0.73779297
vt 0.86279297 0.7426758
vt 0.83691406 0.74121094
vt 0.84814453 0.7446289
vt 0.8432617 0.74365234
vt 0.9614258 0.5654297
vt 0.88427734 0.5541992
vt 0.95751953 0.57128906
vt 0.8798828 0.5576172
vt 0.9663086 0.5546875
vt 0.9008789 0.5463867
vt 0.96484375 0.55859375
vt 0.8930664 0.5493164
vt 0.9663086 0.55029297
vt 0.9194336 0.5415039
vt 0.96533203 0.5463867
vt 0.91064453 0.54345703
vt 0.9633789 0.54345703
vt 0.9379883 0.5385742
vt 0.9301758 0.5395508
vt 0.94189453 0.53759766
vt 0.9501953 0.53759766
vt 0.95458984 0.5385742
vt 0.95947266 0.54052734
vt 0.71777344 0.8544922
vt 0.71484375 0.8305664
vt 0.71435547 0.85253906
vt 0.71191406 0.8330078
vt 0.8598633 0.80371094
vt 0.8364258 0.9277344
vt 0.8417969 0.9326172
vt 0.7495117 0.88964844
vt 0.74316406 0.8149414
vt 0.74658203 0.88671875
vt 0.74365234 0.8828125
vt 0.7421875 0.8779297
vt 0.7402344 0.87158203
vt 0.7397461 0.8671875
vt 0.7661133 0.8823242
vt 0.77001953 0.8774414
vt 0.75878906 0.80859375
vt 0.76953125 0.8051758
vt 0.75634766 0.890625
vt 0.7597656 0.88916016
vt 0.7495117 0.8120117
vt 0.73876953 0.8618164
vt 0.73535156 0.81884766
vt 0.7319336 0.859375
vt 0.72802734 0.8222656
vt 0.72265625 0.8251953
vt 0.7182617 0.8276367
vt 0.72314453 0.8564453
vt 0.7114258 0.85009766
vt 0.70996094 0.8354492
vt 0.70947266 0.84765625
vt 0.7089844 0.83691406
vt 0.7089844 0.8461914
vt 0.7080078 0.83984375
vt 0.7080078 0.8432617
vt 0.7895508 0.80126953
vt 0.7817383 0.8022461
vt 0.78466797 0.88623047
vt 0.79345703 0.8935547
vt 0.80566406 0.80126953
vt 0.7714844 0.8769531
vt 0.80566406 0.90283203
vt 0.8227539 0.80126953
vt 0.81689453 0.9116211
vt 0.8383789 0.8022461
vt 0.8276367 0.92089844
vt 0.91015625 0.9501953
vt 0.93066406 0.8178711
vt 0.90625 0.95214844
vt 0.92626953 0.81396484
vt 0.8774414 0.9560547
vt 0.89453125 0.80615234
vt 0.86865234 0.9536133
vt 0.87841797 0.8051758
vt 0.9140625 0.80810547
vt 0.90527344 0.8066406
vt 0.89160156 0.9560547
vt 0.8847656 0.9560547
vt 0.92089844 0.8105469
vt 0.8989258 0.95458984
vt 0.86279297 0.9511719
vt 0.8564453 0.94677734
vt 0.8496094 0.9394531
vt 0.7529297 0.890625
vt 0.7631836 0.88623047
vt 0.9238281 0.9399414
vt 0.92578125 0.9375
vt 0.92578125 0.9267578
vt 0.9267578 0.9296875
vt 0.9267578 0.9345703
vt 0.92041016 0.94384766
vt 0.92285156 0.94140625
vt 0.9238281 0.92333984
vt 0.921875 0.92041016
vt 0.91748047 0.9458008
vt 0.9345703 0.8222656
vt 0.9135742 0.9482422
vt 0.9375 0.82666016
vt 0.921875 0.91796875
vt 0.9350586 0.8925781
vt 0.93847656 0.8852539
vt 0.94189453 0.8383789
vt 0.94091797 0.87597656
vt 0.9433594 0.8442383
vt 0.9433594 0.8496094
vt 0.94384766 0.8540039
vt 0.9433594 0.8613281
vt 0.9428711 0.86865234
vt 0.9296875 0.90283203
vt 0.9394531 0.8305664
vt 0.92285156 0.9140625
vt 0.9248047 0.9111328
vt 0.57958984 0.19384766
vt 0.57177734 0.20629883
vt 0.6254883 0.28881836
vt 0.62109375 0.28881836
vt 0.6152344 0.28955078
vt 0.5644531 0.2175293
vt 0.60839844 0.29077148
vt 0.5571289 0.22802734
vt 0.5966797 0.29296875
vt 0.5493164 0.23913574
vt 0.57958984 0.29736328
vt 0.5415039 0.24951172
vt 0.56347656 0.30151367
vt 0.5336914 0.26000977
vt 0.5463867 0.30541992
vt 0.5263672 0.27026367
vt 0.52001953 0.27978516
vt 0.5332031 0.30859375
vt 0.5151367 0.28735352
vt 0.51708984 0.28344727
vt 0.5288086 0.30908203
vt 0.51416016 0.2902832
vt 0.5131836 0.29345703
vt 0.52490234 0.30908203
vt 0.5131836 0.30029297
vt 0.52001953 0.30810547
vt 0.5180664 0.3071289
vt 0.51464844 0.30371094
vt 0.63134766 0.29101562
vt 0.7011719 0.32641602
vt 0.59033203 0.1538086
vt 0.6904297 0.3239746
vt 0.6796875 0.3203125
vt 0.6689453 0.3161621
vt 0.66064453 0.31225586
vt 0.6533203 0.30786133
vt 0.6459961 0.30297852
vt 0.6376953 0.29663086
vt 0.58984375 0.16125488
vt 0.5883789 0.16918945
vt 0.58740234 0.17456055
vt 0.5864258 0.18005371
vt 0.5834961 0.18615723
vt 0.7548828 0.3293457
vt 0.5883789 0.08831787
vt 0.74365234 0.33007812
vt 0.73339844 0.33007812
vt 0.72216797 0.3293457
vt 0.7114258 0.328125
vt 0.5834961 0.096191406
vt 0.5805664 0.101867676
vt 0.5800781 0.105529785
vt 0.5800781 0.10974121
vt 0.58154297 0.11407471
vt 0.58447266 0.12243652
vt 0.5864258 0.12768555
vt 0.5883789 0.13500977
vt 0.58935547 0.14196777
vt 0.58984375 0.14807129
vt 0.8095703 0.31640625
vt 0.6425781 0.06970215
vt 0.8027344 0.31958008
vt 0.7944336 0.3227539
vt 0.78564453 0.32495117
vt 0.77685547 0.32666016
vt 0.76660156 0.328125
vt 0.5932617 0.080444336
vt 0.5991211 0.073791504
vt 0.6035156 0.068481445
vt 0.6069336 0.066833496
vt 0.61083984 0.066833496
vt 0.61816406 0.06774902
vt 0.6245117 0.06854248
vt 0.6308594 0.0690918
vt 0.63623047 0.06964111
vt 0.81640625 0.31225586
vt 0.69677734 0.036590576
vt 0.8227539 0.30810547
vt 0.82910156 0.30371094
vt 0.8354492 0.29833984
vt 0.8413086 0.29345703
vt 0.8461914 0.28881836
vt 0.8510742 0.28393555
vt 0.6479492 0.06958008
vt 0.6899414 0.043182373
vt 0.6538086 0.068359375
vt 0.68408203 0.04888916
vt 0.6582031 0.06695557
vt 0.67871094 0.053588867
vt 0.671875 0.059326172
vt 0.66308594 0.06518555
vt 0.66748047 0.062408447
vt 0.8544922 0.27978516
vt 0.75146484 0.028167725
vt 0.85839844 0.27441406
vt 0.86279297 0.26831055
vt 0.86621094 0.26171875
vt 0.8701172 0.25341797
vt 0.87402344 0.24438477
vt 0.8769531 0.234375
vt 0.70214844 0.031402588
vt 0.70751953 0.026779175
vt 0.7133789 0.022750854
vt 0.71875 0.019973755
vt 0.72265625 0.01890564
vt 0.7260742 0.018615723
vt 0.73095703 0.018936157
vt 0.7368164 0.020812988
vt 0.7426758 0.023391724
vt 0.87939453 0.22509766
vt 0.80566406 0.046569824
vt 0.88183594 0.2154541
vt 0.8833008 0.20690918
vt 0.8852539 0.20166016
vt 0.8876953 0.19604492
vt 0.8901367 0.19104004
vt 0.8935547 0.18615723
vt 0.89990234 0.1776123
vt 0.7602539 0.03289795
vt 0.76904297 0.037384033
vt 0.7792969 0.041992188
vt 0.7871094 0.04449463
vt 0.79589844 0.04623413
vt 0.9067383 0.17028809
vt 0.8496094 0.04095459
vt 0.9135742 0.16271973
vt 0.92089844 0.15515137
vt 0.81689453 0.04611206
vt 0.82714844 0.045013428
vt 0.8378906 0.04321289
vt 0.9301758 0.14685059
vt 0.8833008 0.03314209
vt 0.9375 0.13964844
vt 0.94433594 0.13317871
vt 0.86083984 0.038513184
vt 0.87402344 0.035461426
vt 0.9506836 0.12646484
vt 0.9116211 0.029022217
vt 0.95751953 0.119018555
vt 0.9633789 0.11218262
vt 0.890625 0.031097412
vt 0.8979492 0.02949524
vt 0.9042969 0.02861023
vt 0.9682617 0.105163574
vt 0.93359375 0.03579712
vt 0.9711914 0.100097656
vt 0.9741211 0.09326172
vt 0.92041016 0.030776978
vt 0.9272461 0.032714844
vt 0.97509766 0.08935547
vt 0.9555664 0.052337646
vt 0.97509766 0.08654785
vt 0.97509766 0.0814209
vt 0.94140625 0.040405273
vt 0.94970703 0.046691895
vt 0.96191406 0.058502197
vt 0.9741211 0.07873535
vt 0.9667969 0.06463623
vt 0.97265625 0.07421875
vt 0.97021484 0.06976318
vt 0.47216797 0.0904541
vt 0.47509766 0.0836792
vt 0.46777344 0.05114746
vt 0.4724121 0.055023193
vt 0.31689453 0.25073242
vt 0.30371094 0.04724121
vt 0.31225586 0.2512207
vt 0.30419922 0.25048828
vt 0.36865234 0.1821289
vt 0.3725586 0.17834473
vt 0.36376953 0.044281006
vt 0.37695312 0.1739502
vt 0.38110352 0.16967773
vt 0.37426758 0.044281006
vt 0.43310547 0.13232422
vt 0.42895508 0.039398193
vt 0.42285156 0.03945923
vt 0.45947266 0.10797119
vt 0.46435547 0.10211182
vt 0.4560547 0.044555664
vt 0.46240234 0.0473938
vt 0.40844727 0.040039062
vt 0.39794922 0.0418396
vt 0.4140625 0.14282227
vt 0.40478516 0.14416504
vt 0.4086914 0.14404297
vt 0.42089844 0.14013672
vt 0.41674805 0.039398193
vt 0.46826172 0.09631348
vt 0.4465332 0.121032715
vt 0.45410156 0.113586426
vt 0.4387207 0.042388916
vt 0.44384766 0.042419434
vt 0.4272461 0.13671875
vt 0.4399414 0.12658691
vt 0.43408203 0.040649414
vt 0.35498047 0.19506836
vt 0.35791016 0.19116211
vt 0.3359375 0.046295166
vt 0.36083984 0.18859863
vt 0.35083008 0.045318604
vt 0.2685547 0.051818848
vt 0.25073242 0.056121826
vt 0.26220703 0.24609375
vt 0.2849121 0.049072266
vt 0.27929688 0.24841309
vt 0.29541016 0.24963379
vt 0.22277832 0.06573486
vt 0.2130127 0.07098389
vt 0.22375488 0.23742676
vt 0.20446777 0.07678223
vt 0.20788574 0.23303223
vt 0.18798828 0.09008789
vt 0.1809082 0.09802246
vt 0.19445801 0.22827148
vt 0.1739502 0.106933594
vt 0.1817627 0.22277832
vt 0.16564941 0.11883545
vt 0.1595459 0.12915039
vt 0.17016602 0.21655273
vt 0.16247559 0.21142578
vt 0.1484375 0.1496582
vt 0.14428711 0.16015625
vt 0.1505127 0.20153809
vt 0.14282227 0.16821289
vt 0.14123535 0.17773438
vt 0.14624023 0.19702148
vt 0.14111328 0.18579102
vt 0.14208984 0.19006348
vt 0.14379883 0.19360352
vt 0.24291992 0.24206543
vt 0.23522949 0.06088257
vt 0.3244629 0.24768066
vt 0.32739258 0.24511719
vt 0.31860352 0.047302246
vt 0.33007812 0.24133301
vt 0.33325195 0.23706055
vt 0.33764648 0.22949219
vt 0.34228516 0.22033691
vt 0.34814453 0.2084961
vt 0.35180664 0.2010498
vt 0.3881836 0.1595459
vt 0.39208984 0.15344238
vt 0.3864746 0.04336548
vt 0.39404297 0.15002441
vt 0.3959961 0.14758301
vt 0.3984375 0.14624023
vt 0.4013672 0.14489746
vt 0.36450195 0.18518066
vt 0.44970703 0.042510986
vt 0.19616699 0.08312988
vt 0.15356445 0.13952637
vt 0.15625 0.20654297
vt 0.47705078 0.077819824
vt 0.47802734 0.07342529
vt 0.4753418 0.059387207
vt 0.47802734 0.06878662
vt 0.47729492 0.06390381
vt 0.3215332 0.24963379
vt 0.38427734 0.16503906
vt 0.6381836 0.44970703
vt 0.6411133 0.44702148
vt 0.66064453 0.37768555
vt 0.64404297 0.44384766
vt 0.64697266 0.43920898
vt 0.65966797 0.41748047
vt 0.6621094 0.41333008
vt 0.6635742 0.40893555
vt 0.66552734 0.39819336
vt 0.66552734 0.3930664
vt 0.6645508 0.3881836
vt 0.66308594 0.38378906
vt 0.66552734 0.40185547
vt 0.6567383 0.42138672
vt 0.6538086 0.4243164
vt 0.6508789 0.4272461
vt 0.546875 0.35327148
vt 0.53027344 0.43359375
vt 0.55371094 0.35302734
vt 0.5366211 0.43652344
vt 0.46948242 0.34350586
vt 0.45874023 0.41479492
vt 0.49316406 0.34716797
vt 0.4802246 0.41967773
vt 0.3696289 0.32714844
vt 0.35864258 0.39257812
vt 0.39648438 0.3317871
vt 0.38476562 0.39819336
vt 0.42163086 0.3359375
vt 0.41137695 0.4038086
vt 0.44677734 0.33984375
vt 0.4345703 0.4091797
vt 0.31835938 0.31762695
vt 0.30737305 0.38232422
vt 0.34326172 0.32226562
vt 0.33154297 0.3869629
vt 0.27294922 0.3083496
vt 0.26367188 0.37426758
vt 0.29492188 0.31274414
vt 0.28344727 0.3779297
vt 0.18383789 0.28833008
vt 0.17785645 0.36010742
vt 0.19934082 0.2919922
vt 0.203125 0.36401367
vt 0.21606445 0.29589844
vt 0.57958984 0.4621582
vt 0.58447266 0.46362305
vt 0.6040039 0.34326172
vt 0.61279297 0.34301758
vt 0.5395508 0.35302734
vt 0.51708984 0.42919922
vt 0.5317383 0.35205078
vt 0.61621094 0.46142578
vt 0.62158203 0.45947266
vt 0.6455078 0.35766602
vt 0.64941406 0.36157227
vt 0.23449707 0.30004883
vt 0.22399902 0.36743164
vt 0.25268555 0.30419922
vt 0.24328613 0.37060547
vt 0.5966797 0.4645996
vt 0.60302734 0.46435547
vt 0.62597656 0.34545898
vt 0.6328125 0.34814453
vt 0.5493164 0.44384766
vt 0.55615234 0.4489746
vt 0.5673828 0.35083008
vt 0.5761719 0.3486328
vt 0.5678711 0.45654297
vt 0.57373047 0.4597168
vt 0.58691406 0.3461914
vt 0.59716797 0.34423828
vt 0.5908203 0.46435547
vt 0.62060547 0.34399414
vt 0.6098633 0.46313477
vt 0.63720703 0.35107422
vt 0.6411133 0.3540039
vt 0.65234375 0.36523438
vt 0.6269531 0.4572754
vt 0.6557617 0.36938477
vt 0.6308594 0.45507812
vt 0.63427734 0.45263672
vt 0.6582031 0.37329102
vt 0.5625 0.453125
vt 0.5136719 0.34985352
vt 0.5004883 0.4248047
vt 0.5605469 0.35205078
vt 0.5419922 0.43945312
vt 0.17285156 0.28564453
vt 0.16418457 0.35839844
vt 0.15515137 0.28051758
vt 0.1505127 0.3569336
vt 0.16040039 0.28222656
vt 0.16589355 0.2836914
vt 0.6489258 0.4350586
vt 0.64990234 0.43139648
vt 0.057861328 0.76708984
vt 0.062408447 0.77001953
vt 0.06555176 0.77197266
vt 0.083496094 0.7763672
vt 0.07141113 0.7734375
vt 0.074645996 0.77441406
vt 0.0793457 0.7753906
vt 0.078186035 0.6845703
vt 0.1772461 0.71728516
vt 0.084228516 0.6772461
vt 0.17834473 0.7089844
vt 0.09082031 0.6713867
vt 0.1784668 0.7006836
vt 0.097961426 0.6660156
vt 0.17773438 0.6928711
vt 0.106933594 0.6611328
vt 0.17578125 0.68603516
vt 0.11541748 0.65966797
vt 0.17199707 0.6801758
vt 0.12646484 0.65966797
vt 0.16491699 0.6738281
vt 0.13745117 0.6616211
vt 0.15698242 0.6689453
vt 0.06817627 0.69384766
vt 0.1685791 0.74072266
vt 0.07299805 0.68896484
vt 0.17236328 0.7324219
vt 0.06463623 0.69873047
vt 0.16345215 0.7480469
vt 0.059387207 0.703125
vt 0.15576172 0.7553711
vt 0.046783447 0.71972656
vt 0.13842773 0.7661133
vt 0.050231934 0.7133789
vt 0.1463623 0.76220703
vt 0.124938965 0.7709961
vt 0.045013428 0.7270508
vt 0.113708496 0.7739258
vt 0.11907959 0.77246094
vt 0.044189453 0.7338867
vt 0.0440979 0.7392578
vt 0.10296631 0.7758789
vt 0.04647827 0.75
vt 0.094055176 0.77685547
vt 0.04849243 0.75439453
vt 0.05050659 0.7583008
vt 0.13085938 0.76904297
vt 0.054504395 0.7080078
vt 0.10223389 0.66308594
vt 0.1083374 0.77490234
vt 0.045166016 0.7451172
vt 0.08874512 0.7763672
vt 0.053894043 0.7631836
vt 0.17504883 0.7246094
vt 0.14709473 0.6645508
vt 0.12524414 0.26293945
vt 0.11669922 0.36401367
vt 0.1315918 0.26733398
vt 0.12445068 0.36157227
vt 0.1373291 0.2709961
vt 0.13452148 0.3581543
vt 0.14416504 0.27514648
vt 0.14123535 0.3569336
vt 0.08972168 0.36157227
vt 0.10467529 0.25048828
vt 0.0836792 0.35791016
vt 0.078125 0.3540039
vt 0.08728027 0.24658203
vt 0.09423828 0.24743652
vt 0.09942627 0.2487793
vt 0.1496582 0.27807617
vt 0.11029053 0.25317383
vt 0.11517334 0.25610352
vt 0.11932373 0.25878906
vt 0.09631348 0.36401367
vt 0.101623535 0.36499023
vt 0.10668945 0.36523438
vt 0.11138916 0.36523438
vt 0.06402588 0.33911133
vt 0.07019043 0.2487793
vt 0.060150146 0.3330078
vt 0.05899048 0.32983398
vt 0.058013916 0.32617188
vt 0.064697266 0.2512207
vt 0.05908203 0.25439453
vt 0.054626465 0.25805664
vt 0.055419922 0.3239746
vt 0.051116943 0.31982422
vt 0.07385254 0.3503418
vt 0.068359375 0.34472656
vt 0.08129883 0.24645996
vt 0.076049805 0.24731445
vt 0.050323486 0.2626953
vt 0.04663086 0.26708984
vt 0.043518066 0.27172852
vt 0.047088623 0.31591797
vt 0.04272461 0.31079102
vt 0.04083252 0.2763672
vt 0.03933716 0.28051758
vt 0.03805542 0.2854004
vt 0.037506104 0.28955078
vt 0.037353516 0.2927246
vt 0.03717041 0.29516602
vt 0.03744507 0.29833984
vt 0.040100098 0.30639648
vt 0.038635254 0.30297852
vn -0.015609741 0.049865723 -0.99853516
vn -0.015609741 0.049865723 -0.99853516
vn -0.015609741 0.049865723 -0.99853516
vn -0.015609741 0.049865723 -0.99853516
vn -0.015602112 0.049865723 -0.99853516
vn -0.015609741 0.049865723 -0.99853516
vn -0.015609741 0.049865723 -0.99853516
vn -0.015609741 0.049865723 -0.99853516
vn -0.015609741 0.049865723 -0.99853516
vn -0.015609741 0.049865723 -0.99853516
vn -0.015609741 0.049865723 -0.99853516
vn -0.015609741 0.049865723 -0.99853516
vn -0.015609741 0.049865723 -0.99853516
vn -0.015609741 0.049865723 -0.99853516
vn -0.015609741 0.049865723 -0.99853516
vn -0.015609741 0.049865723 -0.99853516
vn -0.015609741 0.049865723 -0.99853516
vn -0.015609741 0.049865723 -0.99853516
vn -0.015609741 0.049865723 -0.99853516
vn -0.015609741 0.049865723 -0.99853516
vn -0.015609741 0.049865723 -0.99853516
vn -0.015609741 0.049865723 -0.99853516
vn -0.015609741 0.049865723 -0.99853516
vn -0.015609741 0.049865723 -0.99853516
vn -0.015609741 0.049865723 -0.99853516
vn -0.015609741 0.049865723 -0.99853516
vn -0.015609741 0.049865723 -0.99853516
vn -0.015609741 0.049865723 -0.99853516
vn -0.015609741 0.049865723 -0.99853516
vn -0.015609741 0.049865723 -0.99853516
vn -0.015609741 0.049865723 -0.99853516
vn -0.015609741 0.049865723 -0.99853516
vn -0.015609741 0.049865723 -0.99853516
vn -0.015609741 0.049865723 -0.99853516
vn -0.015609741 0.049865723 -0.99853516
vn -0.015609741 0.049865723 -0.99853516
vn -0.015609741 0.049865723 -0.99853516
vn -0.015609741 0.049865723 -0.99853516
vn -0.015609741 0.049865723 -0.99853516
vn -0.015609741 0.049865723 -0.99853516
vn -0.015609741 0.049865723 -0.99853516
vn -0.015609741 0.049865723 -0.99853516
vn -0.015609741 0.049865723 -0.99853516
vn -0.015609741 0.049865723 -0.99853516
vn -0.015609741 0.049865723 -0.99853516
vn -0.015609741 0.049865723 -0.99853516
vn -0.015609741 0.049865723 -0.99853516
vn -0.015609741 0.049865723 -0.99853516
vn -0.015609741 0.049865723 -0.99853516
vn -0.015609741 0.049865723 -0.99853516
vn -0.015609741 0.049865723 -0.99853516
vn -0.015609741 0.049865723 -0.99853516
vn -0.015609741 0.049865723 -0.99853516
vn -0.015609741 0.049865723 -0.99853516
vn -0.015609741 0.049865723 -0.99853516
vn -0.015609741 0.049865723 -0.99853516
vn -0.015609741 0.049865723 -0.99853516
vn -0.015609741 0.049865723 -0.99853516
vn -0.015602112 0.049865723 -0.99853516
vn -0.015609741 0.049865723 -0.99853516
vn -0.015625 0.049865723 -0.99853516
vn -0.015617371 0.049865723 -0.99853516
vn -0.015602112 0.049865723 -0.99853516
vn -0.015609741 0.049865723 -0.99853516
vn -0.015609741 0.049865723 -0.99853516
vn -0.015609741 0.049865723 -0.99853516
vn -0.015609741 0.049865723 -0.99853516
vn -0.015609741 0.049865723 -0.99853516
vn -0.015609741 0.049865723 -0.99853516
vn -0.015609741 0.049865723 -0.99853516
vn -0.015609741 0.049865723 -0.99853516
vn -0.015609741 0.049865723 -0.99853516
vn -0.015609741 0.049865723 -0.99853516
vn -0.015609741 0.049865723 -0.99853516
vn -0.015609741 0.049865723 -0.99853516
vn -0.015609741 0.049865723 -0.99853516
vn -0.015609741 0.049865723 -0.99853516
vn -0.015609741 0.049865723 -0.99853516
vn -0.015609741 0.049865723 -0.99853516
vn -0.015609741 0.049865723 -0.99853516
vn -0.015609741 0.049865723 -0.99853516
vn -0.015609741 0.049865723 -0.99853516
vn -0.015609741 0.049865723 -0.99853516
vn -0.015609741 0.049865723 -0.99853516
vn -0.015609741 0.049865723 -0.99853516
vn -0.015609741 0.049865723 -0.99853516
vn -0.015609741 0.049865723 -0.99853516
vn -0.015609741 0.049865723 -0.99853516
vn -0.015609741 0.049865723 -0.99853516
vn -0.015609741 0.049865723 -0.99853516
vn -0.015609741 0.049865723 -0.99853516
vn -0.015609741 0.049865723 -0.99853516
vn -0.015571594 0.049865723 -0.99853516
vn -0.01625061 0.045196533 -0.99902344
vn -0.015571594 0.049865723 -0.99853516
vn -0.014312744 0.048614502 -0.99853516
vn -0.015655518 0.0496521 -0.99853516
vn -0.010643005 0.050567627 -0.99853516
vn -0.021469116 0.013015747 -0.9995117
vn -0.009353638 0.04928589 -0.99853516
vn -0.018188477 0.033477783 -0.9995117
vn -0.021057129 0.021438599 -0.9995117
vn -0.01689148 0.01084137 -1
vn -0.00630188 0.048339844 -0.99902344
vn -0.021530151 0.0025501251 -1
vn -0.009056091 0.020446777 -0.9995117
vn -0.01449585 0.0064811707 -1
vn -0.0099487305 0.025848389 -0.9995117
vn -0.008728027 0.0309906 -0.9995117
vn -0.0052490234 0.045562744 -0.99902344
vn -0.0052948 0.04537964 -0.99902344
vn -0.007183075 0.044006348 -0.99902344
vn -0.008483887 0.015037537 -1
vn -0.0146484375 -0.0039978027 -1
vn -0.008491516 0.017959595 -1
vn -0.008094788 0.01953125 -1
vn -0.007724762 0.020874023 -0.9995117
vn -0.016174316 -0.0061073303 -1
vn -0.008071899 0.012626648 -1
vn -0.008560181 0.012519836 -1
vn -0.010177612 0.0063438416 -1
vn -0.01235199 -0.0008034706 -1
vn -0.014533997 -0.008514404 -1
vn -0.015220642 -0.008308411 -1
vn -0.013015747 -0.0032958984 -1
vn -0.0104522705 0.0052757263 -1
vn -0.023239136 -0.022476196 -0.9995117
vn -0.007106781 0.02558899 -0.9995117
vn -0.026641846 -0.032104492 -0.99902344
vn -0.02961731 -0.040924072 -0.99853516
vn -0.029022217 -0.037506104 -0.99902344
vn -0.007701874 0.016952515 -1
vn -0.044677734 -0.06964111 -0.99658203
vn -0.009712219 0.034332275 -0.9995117
vn -0.03857422 -0.050933838 -0.9980469
vn -0.025650024 -0.00819397 -0.9995117
vn -0.028213501 -0.0074882507 -0.9995117
vn -0.01209259 0.03842163 -0.99902344
vn -0.026824951 -0.0035800934 -0.9995117
vn -0.025360107 0.0029182434 -0.9995117
vn -0.024887085 0.012626648 -0.9995117
vn -0.014152527 0.043304443 -0.99902344
vn -0.01940918 0.03012085 -0.9995117
vn -0.017745972 0.039520264 -0.99902344
vn -0.014953613 0.047576904 -0.99853516
vn -0.016906738 0.04296875 -0.99902344
vn -0.016983032 0.045898438 -0.99902344
vn -0.015335083 0.049468994 -0.99853516
vn -0.016021729 0.04840088 -0.99853516
vn -0.015136719 0.04949951 -0.99853516
vn -0.015609741 0.049865723 -0.99853516
vn -0.015609741 0.049865723 -0.99853516
vn -0.015609741 0.049865723 -0.99853516
vn -0.015609741 0.049865723 -0.99853516
vn -0.015609741 0.049865723 -0.99853516
vn -0.015602112 0.049865723 -0.99853516
vn -0.015609741 0.049865723 -0.99853516
vn -0.015609741 0.049865723 -0.99853516
vn -0.015609741 0.049865723 -0.99853516
vn -0.015609741 0.049865723 -0.99853516
vn -0.015609741 0.049865723 -0.99853516
vn -0.015609741 0.049865723 -0.99853516
vn -0.015609741 0.049865723 -0.99853516
vn -0.015609741 0.049865723 -0.99853516
vn -0.015609741 0.049865723 -0.99853516
vn -0.015617371 0.049865723 -0.99853516
vn -0.015617371 0.049835205 -0.99853516
vn -0 0 -1
vn -0 0 -1
vn -0 0 -1
vn -0 0 -1
vn -0 0 -1
vn -0 0 -1
vn -0 0 -1
vn -0 0 -1
vn -0 0 -1
vn -0 0 -1
vn -0 0 -1
vn -0 0 -1
vn -0 0 -1
vn -0 0 -1
vn -0 0 -1
vn -0 0 -1
vn -0 0 -1
vn -0 0 -1
vn -0 0 -1
vn -0 0 -1
vn -0 0 -1
vn -0 0 -1
vn -0 0 -1
vn -0 0 -1
vn -0 0 -1
vn -0 0 -1
vn -0 0 -1
vn -0 0 -1
vn -0 0 -1
vn -0 0 -1
vn -0 0 -1
vn -0 0 -1
vn -0 0 -1
vn -0 0 -1
vn -0 0 -1
vn -0 0 -1
vn -0 0 -1
vn -0 0 -1
vn -0 0 -1
vn -0 0 -1
vn -0 0 -1
vn -0 0 -1
vn -0 0 -1
vn -0 0 -1
vn -0 0 -1
vn -0 0 -1
vn -0 0 -1
vn -0 0 -1
vn -0 0 -1
vn -0 0 -1
vn -0 0 -1
vn -0 0 -1
vn 2.9206276E-06 0 -1
vn -0 0 -1
vn -0 0 -1
vn -0 0 -1
vn -0 0 -1
vn -0 0 -1
vn -0 0 -1
vn -0 0 -1
vn -0 0 -1
vn -0 0 -1
vn -0 0 -1
vn -0 0 -1
vn -0 0 -1
vn -0 0 -1
vn -0 0 -1
vn -0 0 -1
vn -0 0 -1
vn -0 0 -1
vn -0 0 -1
vn -0 0 -1
vn 1.0728836E-06 0 -1
vn -0 0 -1
vn -0 0 -1
vn -0 0 -1
vn -0 0 -1
vn -0 0 -1
vn -0 0 -1
vn -2.503395E-06 0 -1
vn -0 0 -1
vn -0 0 -1
vn -0 0 -1
vn -0 0 -1
vn -0 0 -1
vn -0 0 -1
vn -0 0 -1
vn -0 0 -1
vn -0 0 -1
vn -0 0 -1
vn -0 0 -1
vn -0 0 -1
vn -0 0 -1
vn -0 0 -1
vn -0 0 -1
vn -0 0 -1
vn -0 0 -1
vn -0 0 -1
vn -0 0 -1
vn -0 0 -1
vn -0 0 -1
vn -0 0 -1
vn -0 0 -1
vn -0 0 -1
vn -0 0 -1
vn -0 0 -1
vn 1.1920929E-06 0 -1
vn -0 0 -1
vn -0 0 -1
vn -0 0 -1
vn -0 0 -1
vn -0 0 -1
vn -0 0 -1
vn -0 0 -1
vn -0 0 -1
vn -0 0 -1
vn -0 0 -1
vn -0 0 -1
vn -0 0 -1
vn -0 0 -1
vn -0 0 -1
vn -0 0 -1
vn -0 0 -1
vn -1.6093254E-06 0 -1
vn -0 0 -1
vn -0 0 -1
vn 1.0728836E-06 0 -1
vn -0 0 -1
vn -1.2516975E-06 0 -1
vn 2.0861626E-06 0 -1
vn -0 0 -1
vn -0 0 -1
vn -0 0 -1
vn -0 0 -1
vn -0 0 -1
vn -0 0 -1
vn -0 0 -1
vn -0 0 -1
vn -0 0 -1
vn -0 0 -1
vn -0 0 -1
vn -0 0 -1
vn -0 0 -1
vn -0 0 -1
vn -0 0 -1
vn -0 0 -1
vn -0 0 -1
vn -0 0 -1
vn -0 0 -1
vn -0 0 -1
vn -0 0 -1
vn -0 0 -1
vn -0 0 -1
vn -0 0 -1
vn -0 0 -1
vn -0 0 -1
vn -0 0 -1
vn -0 0 -1
vn -0 0 -1
vn -0 0 -1
vn -0 0 -1
vn -0 0 -1
vn -0 0 -1
vn -0 0 -1
vn -0 0 -1
vn -0 0 -1
vn -0 0 -1
vn -0 0 -1
vn -0 0 -1
vn -0 0 -1
vn -0 0 -1
vn -0 0 -1
vn -0 0 -1
vn -0 0 -1
vn -0 0 -1
vn -0 0 -1
vn -0 0 -1
vn -0 0 -1
vn -0 0 -1
vn -0 0 -1
vn -0 0 -1
vn -0 0 -1
vn -0 0 -1
vn -0 0 -1
vn -0 0 -1
vn -0 0 -1
vn -0 0 -1
vn -0 0 -1
vn -0 0 -1
vn -0 0 -1
vn -0 0 -1
vn -0 0 -1
vn -0 0 -1
vn -0 0 -1
vn -0 0 -1
vn -0 0 -1
vn -0 0 -1
vn -0 0 -1
vn -0 0 -1
vn -0 0 -1
vn -0 0 -1
vn -0 0 -1
vn -0 0 -1
vn -0 0 -1
vn -0 0 -1
vn -0 0 -1
vn -0 0 -1
vn -0 0 -1
vn -0 0 -1
vn -0 0 -1
vn -0 0 -1
vn -0 0 -1
vn -0 0 -1
vn -4.6491623E-06 0 -1
vn -0 0 -1
vn -0 0 -1
vn -0 0 -1
vn -0 0 -1
vn -0 0 -1
vn -0 0 -1
vn -0 0 -1
vn -0 0 -1
vn -0 0 -1
vn -0 0 -1
vn -0 0 -1
vn -0 0 -1
vn -0 0 -1
vn -0 0 -1
vn -0 0 -1
vn -1.013279E-06 0 -1
vn -0 0 -1
vn -3.2186508E-06 0 -1
vn 3.5762787E-06 0 -1
vn 0.04324341 -0.008026123 -0.99902344
vn 0.04324341 -0.008026123 -0.99902344
vn 0.04324341 -0.008026123 -0.99902344
vn 0.04324341 -0.008026123 -0.99902344
vn 0.04324341 -0.008026123 -0.99902344
vn 0.04324341 -0.008026123 -0.99902344
vn 0.04324341 -0.008026123 -0.99902344
vn 0.04324341 -0.008026123 -0.99902344
vn 0.04324341 -0.008026123 -0.99902344
vn 0.04324341 -0.008026123 -0.99902344
vn 0.04324341 -0.008026123 -0.99902344
vn 0.04324341 -0.008026123 -0.99902344
vn 0.04324341 -0.008026123 -0.99902344
vn 0.04324341 -0.008026123 -0.99902344
vn 0.04324341 -0.008026123 -0.99902344
vn 0.04324341 -0.008026123 -0.99902344
vn 0.04324341 -0.008026123 -0.99902344
vn 0.04324341 -0.008026123 -0.99902344
vn 0.04324341 -0.008026123 -0.99902344
vn 0.04324341 -0.008026123 -0.99902344
vn 0.04324341 -0.008026123 -0.99902344
vn 0.04324341 -0.008026123 -0.99902344
vn 0.04324341 -0.008026123 -0.99902344
vn 0.04324341 -0.008026123 -0.99902344
vn 0.04324341 -0.008026123 -0.99902344
vn 0.04324341 -0.008026123 -0.99902344
vn 0.04324341 -0.008026123 -0.99902344
vn 0.04324341 -0.008026123 -0.99902344
vn 0.04324341 -0.008026123 -0.99902344
vn 0.04324341 -0.008026123 -0.99902344
vn 0.04324341 -0.008026123 -0.99902344
vn 0.04324341 -0.008026123 -0.99902344
vn 0.043273926 -0.008018494 -0.99902344
vn 0.04324341 -0.008026123 -0.99902344
vn 0.04324341 -0.008026123 -0.99902344
vn 0.04324341 -0.008026123 -0.99902344
vn 0.04324341 -0.008026123 -0.99902344
vn 0.04324341 -0.008026123 -0.99902344
vn 0.04324341 -0.008026123 -0.99902344
vn 0.04324341 -0.008026123 -0.99902344
vn 0.04324341 -0.008026123 -0.99902344
vn 0.04324341 -0.008026123 -0.99902344
vn 0.04324341 -0.008026123 -0.99902344
vn 0.04324341 -0.008026123 -0.99902344
vn 0.04324341 -0.008026123 -0.99902344
vn 0.04324341 -0.008026123 -0.99902344
vn 0.04324341 -0.008026123 -0.99902344
vn 0.04324341 -0.008026123 -0.99902344
vn 0.04324341 -0.008026123 -0.99902344
vn 0.04324341 -0.008026123 -0.99902344
vn 0.04324341 -0.008026123 -0.99902344
vn 0.04324341 -0.008026123 -0.99902344
vn 0.04324341 -0.008026123 -0.99902344
vn 0.04324341 -0.008026123 -0.99902344
vn 0.04324341 -0.008026123 -0.99902344
vn 0.04324341 -0.008026123 -0.99902344
vn 0.04324341 -0.008026123 -0.99902344
vn 0.04324341 -0.008026123 -0.99902344
vn 0.04324341 -0.008026123 -0.99902344
vn 0.04324341 -0.008026123 -0.99902344
vn 0.04324341 -0.008026123 -0.99902344
vn 0.04324341 -0.008026123 -0.99902344
vn 0.04324341 -0.008026123 -0.99902344
vn 0.04324341 -0.008026123 -0.99902344
vn 0.04324341 -0.008026123 -0.99902344
vn 0.04324341 -0.008026123 -0.99902344
vn 0.04324341 -0.008026123 -0.99902344
vn 0.04324341 -0.008026123 -0.99902344
vn 0.043273926 -0.008026123 -0.99902344
vn 0.04321289 -0.008018494 -0.99902344
vn 0.04324341 -0.008026123 -0.99902344
vn 0.04324341 -0.008026123 -0.99902344
vn 0.04324341 -0.008026123 -0.99902344
vn 0.04324341 -0.008026123 -0.99902344
vn 0.04324341 -0.008026123 -0.99902344
vn 0.04324341 -0.008026123 -0.99902344
vn 0.043273926 -0.008026123 -0.99902344
vn 0.04324341 -0.008026123 -0.99902344
vn 0.04324341 -0.008026123 -0.99902344
vn 0.04324341 -0.008026123 -0.99902344
vn 0.04324341 -0.008026123 -0.99902344
vn 0.04324341 -0.008026123 -0.99902344
vn 0.04324341 -0.008026123 -0.99902344
vn 0.04324341 -0.008026123 -0.99902344
vn 0.043273926 -0.008026123 -0.99902344
vn 0.04324341 -0.008026123 -0.99902344
vn 0.04324341 -0.008026123 -0.99902344
vn 0.04321289 -0.008018494 -0.99902344
vn 0.04324341 -0.008026123 -0.99902344
vn 0.04324341 -0.008026123 -0.99902344
vn 0.04321289 -0.008018494 -0.99902344
vn 0.04324341 -0.008026123 -0.99902344
vn -0 0 -1
vn -0 0 -1
vn -0 0 -1
vn -0 0 -1
vn -0 0 -1
vn -0 0 -1
vn -0 0 -1
vn -0 0 -1
vn -0 0 -1
vn -0 0 -1
vn -0 0 -1
vn -0 0 -1
vn -0 0 -1
vn -0 0 -1
vn -0 0 -1
vn -0 0 -1
vn -0 0 -1
vn -0 0 -1
vn -0 0 -1
vn -0 0 -1
vn -0 0 -1
vn -0 0 -1
vn -0 0 -1
vn -0 0 -1
vn -0 0 -1
vn -0 0 -1
vn -0 0 -1
vn 3.695488E-06 0 -1
vn -0 0 -1
vn -0 0 -1
vn -0 0 -1
vn -0 0 -1
vn -0 0 -1
vn -0 0 -1
vn -0 0 -1
vn -0 0 -1
vn -0 0 -1
vn -0 0 -1
vn -0 0 -1
vn -0 0 -1
vn -0 0 -1
vn -0 0 -1
vn -0 0 -1
vn -0 0 -1
vn -0 0 -1
vn -0 0 -1
vn -0 0 -1
vn -0 0 -1
vn -0 0 -1
vn -0 0 -1
vn -0 0 -1
vn -0 0 -1
vn -0 0 -1
vn -1.1324883E-06 0 -1
vn 2.9206276E-06 0 -1
vn -0 0 -1
vn -0 0 -1
vn -0 0 -1
vn -0 0 -1
vn -0 0 -1
vn -0 0 -1
vn -0 0 -1
vn -0 0 -1
vn -0 0 -1
vn -0 0 -1
vn -0 0 -1
vn -0 0 -1
vn -0 0 -1
vn -0 0 -1
vn -0 0 -1
vn -0 0 -1
vn -0 0 -1
vn -0 0 -1
vn -0 0 -1
vn -0 0 -1
vn -0 0 -1
vn -0 0 -1
vn -0 0 -1
vn -0 0 -1
vn -0 0 -1
vn -0 0 -1
vn -0 0 -1
vn -0 0 -1
vn -0 0 -1
vn -0 0 -1
vn -0 0 -1
vn -0 0 -1
vn -0 0 -1
vn -0 0 -1
vn -0 0 -1
vn -0 0 -1
vn -0 0 -1
vn -0 0 -1
vn -0 0 -1
vn -0 0 -1
vn -0 0 -1
vn -0 0 -1
vn -0 0 -1
vn -0 0 -1
vn -0 0 -1
vn -0 0 -1
vn -0 0 -1
vn -0 0 -1
vn -0 0 -1
vn -0 0 -1
vn -0 0 -1
vn -0 0 -1
vn -0 0 -1
vn -0 0 -1
vn -0 0 -1
vn -0 0 -1
vn -0 0 -1
vn -0 0 -1
vn -0 0 -1
vn -0 0 -1
vn -0 0 -1
vn -0 0 -1
vn -0 0 -1
vn -0 0 -1
vn -0 0 -1
vn -0 0 -1
vn -0 0 -1
vn -0 0 -1
vn -0 0 -1
vn -0 0 -1
vn -0 0 -1
vn -0 0 -1
vn -0 0 -1
vn -0 0 -1
vn -0 0 -1
vn -0 0 -1
vn -0 0 -1
vn -0 0 -1
vn -0 0 -1
vn -0 0 -1
vn -0 0 -1
vn -0 0 -1
vn -0 0 -1
vn -0 0 -1
vn -0 0 -1
vn -0 0 -1
vn -0 0 -1
vn -0 0 -1
vn -0 0 -1
vn -0 0 -1
vn -0 0 -1
vn -0 0 -1
vn -0 0 -1
vn -0 0 -1
vn -0 0 -1
vn -0 0 -1
vn -0 0 -1
vn -0 0 -1
vn -0 0 -1
vn -0 0 -1
vn -0 0 -1
vn -0 0 -1
vn -0 0 -1
vn -0 0 -1
vn -0 0 -1
vn -0 0 -1
vn -0 0 -1
vn -0 0 -1
vn -0 0 -1
vn -0 0 -1
vn -0 0 -1
vn -0 0 -1
vn -0 0 -1
vn -0 0 -1
vn -0 0 -1
vn -0 0 -1
vn -0 0 -1
vn -0 0 -1
vn -0 0 -1
vn -0 0 -1
vn -0 0 -1
vn -0 0 -1
vn -0 0 -1
vn -0 0 -1
vn -0 0 -1
vn -0 0 -1
vn -0 0 -1
vn -0 0 -1
vn -0 0 -1
vn -0 0 -1
vn -0 0 -1
vn -0 0 -1
vn -0 0 -1
vn -0 0 -1
vn -0 0 -1
vn -0 0 -1
vn -0 0 -1
vn -0 0 -1
vn -0 0 -1
vn -0 0 -1
vn -0 0 -1
vn -0 0 -1
vn -0 0 -1
vn -0 0 -1
vn -0 0 -1
vn -0 0 -1
vn -0 0 -1
vn -0 0 -1
vn -0 0 -1
vn -0 0 -1
vn -0 0 -1
vn -0 0 -1
vn -0 0 -1
vn -0 0 -1
vn -0 0 -1
vn -0 0 -1
vn -0 0 -1
vn -0 0 -1
vn -0 0 -1
vn -0 0 -1
vn -0 0 -1
vn -0 0 -1
vn -0 0 -1
vn -0 0 -1
vn -0 0 -1
vn -0 0 -1
vn -0 0 -1
vn -0 0 -1
vn -0 0 -1
vn -0 0 -1
vn -0 0 -1
vn -0 0 -1
vn -0 0 -1
vn -0 0 -1
vn -0 0 -1
vn -0 0 -1
vn -0 0 -1
vn -0 0 -1
vn -0 0 -1
vn -0 0 -1
vn -0 0 -1
vn -0 0 -1
vn -0 0 -1
vn -0 0 -1
vn -0 0 -1
vn -0 0 -1
vn -0 0 -1
vn -0 0 -1
vn -0 0 -1
vn -0 0 -1
vn -0 0 -1
vn -0 0 -1
vn -0 0 -1
vn -0 0 -1
vn -0 0 -1
vn -0 0 -1
vn -0 0 -1
vn -0 0 -1
vn -0 0 -1
vn -1.7285347E-06 0 -1
vn -0 0 -1
vn 2.4437904E-06 0 -1
vn -5.00679E-06 0 -1
vn -0 0 -1
vn -0 0 -1
vn -0 0 -1
vn 1.2516975E-06 0 -1
vn -0 0 -1
vn -0 0 -1
vn -0 0 -1
vn -0 0 -1
vn -0 0 -1
vn -1.3113022E-06 0 -1
vn 1.9669533E-06 0 -1
vn -1.3709068E-06 0 -1
vn 1.5497208E-06 0 -1
vn 6.556511E-06 0 -1
vn -0 0 -1
vn -0 0 -1
vn -0 0 -1
vn -0 0 -1
vn -0 0 -1
vn -0 0 -1
vn -0 0 -1
vn -0 0 -1
vn -0 0 -1
vn -0 0 -1
vn -0 0 -1
vn -0 0 -1
vn -0 0 -1
vn -0 0 -1
vn -0 0 -1
vn -0 0 -1
vn -0 0 -1
vn -0 0 -1
vn -0 0 -1
vn -0 0 -1
vn -0 0 -1
vn -0 0 -1
vn -0 0 -1
vn -0 0 -1
vn -0 0 -1
vn -0 0 -1
vn -0 0 -1
vn -0 0 -1
vn -0 0 -1
vn -0 0 -1
vn -0 0 -1
vn -0 0 -1
vn -0 0 -1
vn -0 0 -1
vn -0 0 -1
vn -0 0 -1
vn -0 0 -1
vn -0 0 -1
vn -0 0 -1
vn -0 0 -1
vn -0 0 -1
vn -0 0 -1
vn -0 0 -1
vn -0 0 -1
vn -0 0 -1
vn -0 0 -1
vn -0 0 -1
vn -0 0 -1
vn -0 0 -1
vn -0 0 -1
vn -0 0 -1
vn -0 0 -1
vn -0 0 -1
vn -0 0 -1
vn -0 0 -1
vn -0 0 -1
vn -0 0 -1
vn -0 0 -1
vn -0 0 -1
vn -0 0 -1
vn -0 0 -1
vn -0 0 -1
vn -0 0 -1
vn -0 0 -1
vn -0 0 -1
vn -0 0 -1
vn -0 0 -1
vn -0 0 -1
vn -0 0 -1
vn -0 0 -1
vn -0 0 -1
vn -0 0 -1
vn -0 0 -1
vn -0 0 -1
vn -0 0 -1
vn -0 0 -1
vn -0 0 -1
vn -0 0 -1
vn -0 0 -1
vn -0 0 -1
vn -0 0 -1
vn -0 0 -1
vn 1.7881393E-06 0 -1
vn -0 0 -1
vn -0 0 -1
vn 0.09484863 0.14904785 -0.984375
vn -0 0 -1
vn -0 0 -1
vn 0.09484863 0.14904785 -0.984375
vn -0 0 -1
vn 0.09484863 0.14904785 -0.984375
vn -0 0 -1
vn -0 0 -1
vn -0 0 -1
vn -0 0 -1
vn -0 0 -1
vn -0 0 -1
vn -0 0 -1
vn -0 0 -1
vn -0 0 -1
vn -0 0 -1
vn -0 0 -1
vn -0 0 -1
vn -0 0 -1
vn -0 0 -1
vn -0 0 -1
vn -0 0 -1
vn -0 0 -1
vn -0 0 -1
vn -0 0 -1
vn -0 0 -1
vn -0 0 -1
vn -0 0 -1
vn -0 0 -1
vn -0 0 -1
vn -0 0 -1
vn -0 0 -1
vn -0 0 -1
vn -0 0 -1
vn -0 0 -1
vn -0 0 -1
vn -0 0 -1
vn 0.09484863 0.14904785 -0.984375
vn -0 0 -1
vn -0 0 -1
vn -0 0 -1
vn -0 0 -1
vn -0 0 -1
vn 0.09484863 0.14904785 -0.984375
vn -0 0 -1
vn 0.09484863 0.14904785 -0.984375
vn -0 0 -1
vn -0 0 -1
vn 0.09484863 0.14904785 -0.984375
vn 0.09484863 0.14904785 -0.984375
vn 0.09484863 0.14904785 -0.984375
vn 0.09484863 0.14904785 -0.984375
vn -0 0 -1
vn -0 0 -1
vn -0 0 -1
vn -0 0 -1
vn -0 0 -1
vn -0 0 -1
vn -0 0 -1
vn -0 0 -1
vn -0 0 -1
vn -0 0 -1
vn -0 0 -1
vn -0 0 -1
vn -0 0 -1
vn -0 0 -1
vn -0 0 -1
vn -0 0 -1
vn -0 0 -1
vn -0 0 -1
vn -0 0 -1
vn -0 0 -1
vn -0 0 -1
vn -0 0 -1
vn -0 0 -1
vn -0 0 -1
vn -0 0 -1
vn -0 0 -1
vn -0 0 -1
vn -0 0 -1
vn 1.0728836E-06 0 -1
vn -0 0 -1
vn -0 0 -1
vn -0 0 -1
vn -0 0 -1
vn -0 0 -1
vn -0 0 -1
vn -0 0 -1
vn -0 0 -1
vn -0 0 -1
vn -0 0 -1
vn -0 0 -1
vn -0 0 -1
vn -0 0 -1
vn -0 0 -1
vn -0 0 -1
vn -0 0 -1
vn -0 0 -1
vn -0 0 -1
vn 1.0728836E-06 0 -1
vn 1.1324883E-06 0 -1
vn -0 0 -1
vn -0 0 -1
vn -0 0 -1
vn 4.23193E-06 0 -1
g cPK_20_001530_00_GARAGARAex_SR_L_SB_0
f 3/3/3 2/2/2 1/1/1
f 3/3/3 4/4/4 2/2/2
f 5/5/5 4/4/4 3/3/3
f 1/1/1 7/7/7 6/6/6
f 8/8/8 7/7/7 1/1/1
f 9/9/9 7/7/7 8/8/8
f 10/10/10 7/7/7 9/9/9
f 10/10/10 11/11/11 7/7/7
f 12/12/12 11/11/11 10/10/10
f 13/13/13 11/11/11 12/12/12
f 13/13/13 14/14/14 11/11/11
f 15/15/15 14/14/14 13/13/13
f 18/18/18 17/17/17 16/16/16
f 18/18/18 19/19/19 17/17/17
f 20/20/20 19/19/19 18/18/18
f 21/21/21 19/19/19 20/20/20
f 22/22/22 19/19/19 21/21/21
f 25/25/25 24/24/24 23/23/23
f 25/25/25 26/26/26 24/24/24
f 27/27/27 26/26/26 25/25/25
f 28/28/28 26/26/26 27/27/27
f 28/28/28 29/29/29 26/26/26
f 30/30/30 29/29/29 28/28/28
f 30/30/30 31/31/31 29/29/29
f 32/32/32 31/31/31 30/30/30
f 33/33/33 32/32/32 30/30/30
f 34/34/34 32/32/32 33/33/33
f 35/35/35 32/32/32 34/34/34
f 36/36/36 32/32/32 35/35/35
f 36/36/36 37/37/37 32/32/32
f 38/38/38 37/37/37 36/36/36
f 39/39/39 38/38/38 36/36/36
f 40/40/40 38/38/38 39/39/39
f 40/40/40 41/41/41 38/38/38
f 18/18/18 41/41/41 40/40/40
f 18/18/18 42/42/42 41/41/41
f 18/18/18 43/43/43 42/42/42
f 16/16/16 43/43/43 18/18/18
f 44/44/44 15/15/15 13/13/13
f 45/45/45 15/15/15 44/44/44
f 45/45/45 46/46/46 15/15/15
f 47/47/47 46/46/46 45/45/45
f 23/23/23 46/46/46 47/47/47
f 23/23/23 48/48/48 46/46/46
f 24/24/24 48/48/48 23/23/23
f 22/22/22 49/49/49 19/19/19
f 22/22/22 50/50/50 49/49/49
f 50/50/50 51/51/51 49/49/49
f 50/50/50 52/52/52 51/51/51
f 50/50/50 53/53/53 52/52/52
f 54/54/54 53/53/53 50/50/50
f 55/55/55 53/53/53 54/54/54
f 56/56/56 53/53/53 55/55/55
f 56/56/56 57/57/57 53/53/53
f 56/56/56 58/58/58 57/57/57
f 56/56/56 59/59/59 58/58/58
f 56/56/56 60/60/60 59/59/59
f 56/56/56 61/61/61 60/60/60
f 62/62/62 61/61/61 56/56/56
f 63/63/63 61/61/61 62/62/62
f 1/1/1 64/64/64 3/3/3
f 66/66/66 1/1/1 65/65/65
f 66/66/66 64/64/64 1/1/1
f 1/1/1 67/67/67 65/65/65
f 1/1/1 68/68/68 67/67/67
f 1/1/1 69/69/69 68/68/68
f 1/1/1 70/70/70 69/69/69
f 1/1/1 71/71/71 70/70/70
f 72/72/72 71/71/71 1/1/1
f 1/1/1 73/73/73 72/72/72
f 1/1/1 74/74/74 73/73/73
f 1/1/1 75/75/75 74/74/74
f 1/1/1 76/76/76 75/75/75
f 1/1/1 77/77/77 76/76/76
f 78/78/78 77/77/77 1/1/1
f 1/1/1 79/79/79 78/78/78
f 1/1/1 80/80/80 79/79/79
f 1/1/1 81/81/81 80/80/80
f 1/1/1 82/82/82 81/81/81
f 1/1/1 83/83/83 82/82/82
f 84/84/84 83/83/83 1/1/1
f 1/1/1 85/85/85 84/84/84
f 1/1/1 86/86/86 85/85/85
f 1/1/1 87/87/87 86/86/86
f 1/1/1 88/88/88 87/87/87
f 89/89/89 88/88/88 1/1/1
f 1/1/1 90/90/90 89/89/89
f 1/1/1 91/91/91 90/90/90
f 1/1/1 92/92/92 91/91/91
f 6/6/6 92/92/92 1/1/1
f 94/94/94 93/93/93 5/5/5
f 94/94/94 95/95/95 93/93/93
f 96/96/96 95/95/95 94/94/94
f 97/97/97 5/5/5 3/3/3
f 5/5/5 97/97/97 94/94/94
f 99/99/99 98/98/98 96/96/96
f 100/100/100 98/98/98 99/99/99
f 101/101/101 96/96/96 94/94/94
f 102/102/102 96/96/96 101/101/101
f 96/96/96 102/102/102 99/99/99
f 104/104/104 100/100/100 103/103/103
f 105/105/105 100/100/100 99/99/99
f 100/100/100 105/105/105 103/103/103
f 108/108/108 107/107/107 106/106/106
f 109/109/109 107/107/107 108/108/108
f 110/110/110 107/107/107 109/109/109
f 111/111/111 107/107/107 110/110/110
f 111/111/111 112/112/112 107/107/107
f 112/112/112 103/103/103 107/107/107
f 112/112/112 104/104/104 103/103/103
f 115/115/115 114/114/114 113/113/113
f 116/116/116 114/114/114 115/115/115
f 117/117/117 114/114/114 116/116/116
f 117/117/117 106/106/106 114/114/114
f 118/118/118 106/106/106 107/107/107
f 106/106/106 118/118/118 114/114/114
f 120/120/120 119/119/119 113/113/113
f 120/120/120 121/121/121 119/119/119
f 120/120/120 122/122/122 121/121/121
f 123/123/123 122/122/122 120/120/120
f 124/124/124 123/123/123 120/120/120
f 125/125/125 113/113/113 114/114/114
f 126/126/126 113/113/113 125/125/125
f 113/113/113 126/126/126 120/120/120
f 128/128/128 127/127/127 124/124/124
f 128/128/128 129/129/129 127/127/127
f 128/128/128 130/130/130 129/129/129
f 131/131/131 130/130/130 128/128/128
f 132/132/132 124/124/124 120/120/120
f 124/124/124 132/132/132 128/128/128
f 134/134/134 133/133/133 131/131/131
f 134/134/134 135/135/135 133/133/133
f 136/136/136 135/135/135 134/134/134
f 131/131/131 128/128/128 134/134/134
f 138/138/138 137/137/137 136/136/136
f 138/138/138 139/139/139 137/137/137
f 140/140/140 139/139/139 138/138/138
f 136/136/136 134/134/134 138/138/138
f 142/142/142 141/141/141 140/140/140
f 143/143/143 141/141/141 142/142/142
f 140/140/140 138/138/138 142/142/142
f 145/145/145 144/144/144 143/143/143
f 146/146/146 144/144/144 145/145/145
f 143/143/143 142/142/142 145/145/145
f 148/148/148 147/147/147 146/146/146
f 149/149/149 147/147/147 148/148/148
f 150/150/150 146/146/146 145/145/145
f 146/146/146 150/150/150 148/148/148
f 153/153/153 152/152/152 151/151/151
f 153/153/153 149/149/149 152/152/152
f 154/154/154 149/149/149 148/148/148
f 149/149/149 154/154/154 152/152/152
f 156/156/156 155/155/155 151/151/151
f 156/156/156 157/157/157 155/155/155
f 158/158/158 157/157/157 156/156/156
f 159/159/159 151/151/151 152/152/152
f 160/160/160 151/151/151 159/159/159
f 161/161/161 151/151/151 160/160/160
f 151/151/151 161/161/161 156/156/156
f 162/162/162 158/158/158 156/156/156
f 163/163/163 158/158/158 162/162/162
f 164/164/164 158/158/158 163/163/163
f 165/165/165 158/158/158 164/164/164
f 166/166/166 158/158/158 165/165/165
f 166/166/166 167/167/167 158/158/158
f 170/170/170 169/169/169 168/168/168
f 171/171/171 169/169/169 170/170/170
f 171/171/171 172/172/172 169/169/169
f 172/172/172 173/173/173 169/169/169
f 174/174/174 173/173/173 172/172/172
f 176/176/176 175/175/175 168/168/168
f 177/177/177 175/175/175 176/176/176
f 168/168/168 178/178/178 176/176/176
f 168/168/168 179/179/179 178/178/178
f 168/168/168 180/180/180 179/179/179
f 169/169/169 180/180/180 168/168/168
f 182/182/182 177/177/177 181/181/181
f 183/183/183 177/177/177 176/176/176
f 177/177/177 183/183/183 181/181/181
f 185/185/185 184/184/184 182/182/182
f 186/186/186 184/184/184 185/185/185
f 187/187/187 182/182/182 181/181/181
f 182/182/182 187/187/187 185/185/185
f 186/186/186 189/189/189 188/188/188
f 190/190/190 186/186/186 185/185/185
f 186/186/186 190/190/190 189/189/189
f 192/192/192 191/191/191 188/188/188
f 189/189/189 192/192/192 188/188/188
f 194/194/194 193/193/193 191/191/191
f 192/192/192 194/194/194 191/191/191
f 196/196/196 195/195/195 193/193/193
f 194/194/194 196/196/196 193/193/193
f 198/198/198 197/197/197 195/195/195
f 196/196/196 198/198/198 195/195/195
f 200/200/200 199/199/199 197/197/197
f 198/198/198 200/200/200 197/197/197
f 202/202/202 201/201/201 199/199/199
f 200/200/200 202/202/202 199/199/199
f 202/202/202 203/203/203 201/201/201
f 205/205/205 204/204/204 174/174/174
f 206/206/206 174/174/174 172/172/172
f 207/207/207 174/174/174 206/206/206
f 207/207/207 205/205/205 174/174/174
f 209/209/209 208/208/208 204/204/204
f 210/210/210 208/208/208 209/209/209
f 211/211/211 204/204/204 205/205/205
f 211/211/211 209/209/209 204/204/204
f 213/213/213 212/212/212 210/210/210
f 214/214/214 212/212/212 213/213/213
f 215/215/215 210/210/210 209/209/209
f 215/215/215 213/213/213 210/210/210
f 217/217/217 214/214/214 216/216/216
f 217/217/217 218/218/218 214/214/214
f 219/219/219 214/214/214 213/213/213
f 219/219/219 216/216/216 214/214/214
f 222/222/222 221/221/221 220/220/220
f 223/223/223 221/221/221 222/222/222
f 223/223/223 224/224/224 221/221/221
f 225/225/225 224/224/224 223/223/223
f 225/225/225 226/226/226 224/224/224
f 225/225/225 227/227/227 226/226/226
f 227/227/227 229/229/229 228/228/228
f 229/229/229 227/227/227 225/225/225
f 228/228/228 230/230/230 227/227/227
f 228/228/228 231/231/231 230/230/230
f 234/234/234 233/233/233 232/232/232
f 234/234/234 235/235/235 233/233/233
f 237/237/237 228/228/228 236/236/236
f 234/234/234 238/238/238 235/235/235
f 238/238/238 228/228/228 239/239/239
f 240/240/240 228/228/228 238/238/238
f 241/241/241 228/228/228 240/240/240
f 242/242/242 228/228/228 241/241/241
f 243/243/243 228/228/228 242/242/242
f 244/244/244 228/228/228 243/243/243
f 245/245/245 228/228/228 244/244/244
f 245/245/245 231/231/231 228/228/228
f 248/248/248 247/247/247 246/246/246
f 228/228/228 249/249/249 239/239/239
f 249/249/249 228/228/228 237/237/237
f 250/250/250 238/238/238 239/239/239
f 235/235/235 238/238/238 250/250/250
f 253/253/253 252/252/252 251/251/251
f 252/252/252 253/253/253 232/232/232
f 256/256/256 255/255/255 254/254/254
f 255/255/255 256/256/256 251/251/251
f 258/258/258 257/257/257 254/254/254
f 259/259/259 257/257/257 258/258/258
f 262/262/262 261/261/261 260/260/260
f 261/261/261 262/262/262 263/263/263
f 266/266/266 265/265/265 264/264/264
f 265/265/265 266/266/266 260/260/260
f 268/268/268 267/267/267 264/264/264
f 269/269/269 267/267/267 268/268/268
f 267/267/267 271/271/271 270/270/270
f 271/271/271 267/267/267 269/269/269
f 273/273/273 272/272/272 270/270/270
f 274/274/274 272/272/272 273/273/273
f 276/276/276 275/275/275 274/274/274
f 277/277/277 275/275/275 276/276/276
f 279/279/279 278/278/278 277/277/277
f 280/280/280 278/278/278 279/279/279
f 281/281/281 248/248/248 280/280/280
f 282/282/282 248/248/248 281/281/281
f 280/280/280 283/283/283 278/278/278
f 283/283/283 280/280/280 248/248/248
f 277/277/277 285/285/285 284/284/284
f 285/285/285 277/277/277 278/278/278
f 277/277/277 286/286/286 275/275/275
f 286/286/286 277/277/277 284/284/284
f 274/274/274 287/287/287 272/272/272
f 287/287/287 274/274/274 275/275/275
f 270/270/270 288/288/288 267/267/267
f 288/288/288 270/270/270 272/272/272
f 260/260/260 289/289/289 262/262/262
f 289/289/289 260/260/260 266/266/266
f 290/290/290 263/263/263 262/262/262
f 257/257/257 263/263/263 290/290/290
f 291/291/291 236/236/236 228/228/228
f 292/292/292 236/236/236 291/291/291
f 293/293/293 236/236/236 292/292/292
f 294/294/294 236/236/236 293/293/293
f 295/295/295 236/236/236 294/294/294
f 297/297/297 296/296/296 295/295/295
f 298/298/298 296/296/296 297/297/297
f 299/299/299 296/296/296 298/298/298
f 300/300/300 296/296/296 299/299/299
f 301/301/301 296/296/296 300/300/300
f 302/302/302 296/296/296 301/301/301
f 304/304/304 303/303/303 302/302/302
f 304/304/304 305/305/305 303/303/303
f 248/248/248 282/282/282 247/247/247
f 266/266/266 264/264/264 267/267/267
f 257/257/257 259/259/259 263/263/263
f 306/306/306 254/254/254 257/257/257
f 256/256/256 254/254/254 306/306/306
f 307/307/307 251/251/251 256/256/256
f 253/253/253 251/251/251 307/307/307
f 234/234/234 232/232/232 253/253/253
f 295/295/295 296/296/296 236/236/236
f 302/302/302 308/308/308 296/296/296
f 303/303/303 308/308/308 302/302/302
f 311/311/311 310/310/310 309/309/309
f 311/311/311 312/312/312 310/310/310
f 311/311/311 313/313/313 312/312/312
f 314/314/314 313/313/313 311/311/311
f 317/317/317 316/316/316 315/315/315
f 318/318/318 316/316/316 317/317/317
f 319/319/319 316/316/316 318/318/318
f 320/320/320 316/316/316 319/319/319
f 321/321/321 316/316/316 320/320/320
f 322/322/322 316/316/316 321/321/321
f 322/322/322 323/323/323 316/316/316
f 323/323/323 324/324/324 316/316/316
f 323/323/323 325/325/325 324/324/324
f 323/323/323 326/326/326 325/325/325
f 323/323/323 327/327/327 326/326/326
f 309/309/309 327/327/327 323/323/323
f 330/330/330 329/329/329 328/328/328
f 331/331/331 329/329/329 330/330/330
f 332/332/332 329/329/329 331/331/331
f 332/332/332 315/315/315 329/329/329
f 315/315/315 333/333/333 329/329/329
f 315/315/315 334/334/334 333/333/333
f 315/315/315 335/335/335 334/334/334
f 316/316/316 335/335/335 315/315/315
f 338/338/338 337/337/337 336/336/336
f 339/339/339 337/337/337 338/338/338
f 340/340/340 337/337/337 339/339/339
f 341/341/341 337/337/337 340/340/340
f 342/342/342 337/337/337 341/341/341
f 328/328/328 337/337/337 342/342/342
f 328/328/328 343/343/343 337/337/337
f 328/328/328 344/344/344 343/343/343
f 328/328/328 345/345/345 344/344/344
f 328/328/328 346/346/346 345/345/345
f 329/329/329 346/346/346 328/328/328
f 348/348/348 347/347/347 336/336/336
f 348/348/348 349/349/349 347/347/347
f 350/350/350 349/349/349 348/348/348
f 351/351/351 336/336/336 337/337/337
f 352/352/352 336/336/336 351/351/351
f 353/353/353 336/336/336 352/352/352
f 354/354/354 336/336/336 353/353/353
f 354/354/354 348/348/348 336/336/336
f 356/356/356 355/355/355 350/350/350
f 357/357/357 355/355/355 356/356/356
f 358/358/358 350/350/350 348/348/348
f 358/358/358 356/356/356 350/350/350
f 360/360/360 359/359/359 357/357/357
f 361/361/361 359/359/359 360/360/360
f 356/356/356 360/360/360 357/357/357
f 363/363/363 362/362/362 361/361/361
f 364/364/364 361/361/361 360/360/360
f 365/365/365 361/361/361 364/364/364
f 365/365/365 363/363/363 361/361/361
f 366/366/366 309/309/309 323/323/323
f 367/367/367 309/309/309 366/366/366
f 367/367/367 311/311/311 309/309/309
f 369/369/369 368/368/368 314/314/314
f 369/369/369 370/370/370 368/368/368
f 369/369/369 371/371/371 370/370/370
f 372/372/372 371/371/371 369/369/369
f 373/373/373 314/314/314 311/311/311
f 374/374/374 314/314/314 373/373/373
f 374/374/374 369/369/369 314/314/314
f 376/376/376 375/375/375 372/372/372
f 377/377/377 375/375/375 376/376/376
f 378/378/378 372/372/372 369/369/369
f 378/378/378 376/376/376 372/372/372
f 376/376/376 379/379/379 377/377/377
f 380/380/380 379/379/379 376/376/376
f 381/381/381 379/379/379 380/380/380
f 384/384/384 383/383/383 382/382/382
f 383/383/383 384/384/384 362/362/362
f 385/385/385 362/362/362 363/363/363
f 385/385/385 383/383/383 362/362/362
f 388/388/388 387/387/387 386/386/386
f 387/387/387 388/388/388 382/382/382
f 389/389/389 382/382/382 383/383/383
f 389/389/389 387/387/387 382/382/382
f 391/391/391 390/390/390 386/386/386
f 392/392/392 390/390/390 391/391/391
f 393/393/393 386/386/386 387/387/387
f 393/393/393 391/391/391 386/386/386
f 395/395/395 394/394/394 392/392/392
f 396/396/396 392/392/392 391/391/391
f 396/396/396 395/395/395 392/392/392
f 398/398/398 394/394/394 397/397/397
f 399/399/399 394/394/394 398/398/398
f 399/399/399 400/400/400 394/394/394
f 395/395/395 397/397/397 394/394/394
f 403/403/403 402/402/402 401/401/401
f 403/403/403 404/404/404 402/402/402
f 407/407/407 406/406/406 405/405/405
f 410/410/410 409/409/409 408/408/408
f 411/411/411 409/409/409 410/410/410
f 412/412/412 409/409/409 411/411/411
f 413/413/413 409/409/409 412/412/412
f 414/414/414 409/409/409 413/413/413
f 417/417/417 416/416/416 415/415/415
f 417/417/417 418/418/418 416/416/416
f 421/421/421 420/420/420 419/419/419
f 421/421/421 417/417/417 420/420/420
f 424/424/424 423/423/423 422/422/422
f 424/424/424 425/425/425 423/423/423
f 428/428/428 427/427/427 426/426/426
f 401/401/401 427/427/427 428/428/428
f 401/401/401 402/402/402 427/427/427
f 429/429/429 404/404/404 403/403/403
f 429/429/429 430/430/430 404/404/404
f 431/431/431 430/430/430 429/429/429
f 431/431/431 432/432/432 430/430/430
f 433/433/433 432/432/432 431/431/431
f 433/433/433 434/434/434 432/432/432
f 435/435/435 434/434/434 433/433/433
f 438/438/438 437/437/437 436/436/436
f 438/438/438 440/440/440 439/439/439
f 438/438/438 436/436/436 440/440/440
f 441/441/441 437/437/437 438/438/438
f 441/441/441 418/418/418 437/437/437
f 439/439/439 443/443/443 442/442/442
f 439/439/439 440/440/440 443/443/443
f 442/442/442 445/445/445 444/444/444
f 442/442/442 443/443/443 445/445/445
f 406/406/406 446/446/446 405/405/405
f 449/449/449 448/448/448 447/447/447
f 449/449/449 450/450/450 448/448/448
f 453/453/453 452/452/452 451/451/451
f 453/453/453 454/454/454 452/452/452
f 457/457/457 456/456/456 455/455/455
f 457/457/457 458/458/458 456/456/456
f 449/449/449 459/459/459 450/450/450
f 449/449/449 460/460/460 459/459/459
f 453/453/453 461/461/461 454/454/454
f 461/461/461 462/462/462 454/454/454
f 444/444/444 405/405/405 446/446/446
f 444/444/444 445/445/445 405/405/405
f 462/462/462 463/463/463 454/454/454
f 407/407/407 454/454/454 463/463/463
f 407/407/407 405/405/405 454/454/454
f 428/428/428 425/425/425 424/424/424
f 428/428/428 426/426/426 425/425/425
f 460/460/460 455/455/455 459/459/459
f 460/460/460 457/457/457 455/455/455
f 458/458/458 452/452/452 456/456/456
f 458/458/458 451/451/451 452/452/452
f 441/441/441 416/416/416 418/418/418
f 409/409/409 464/464/464 408/408/408
f 409/409/409 421/421/421 464/464/464
f 421/421/421 419/419/419 464/464/464
f 417/417/417 465/465/465 420/420/420
f 415/415/415 465/465/465 417/417/417
f 422/422/422 409/409/409 414/414/414
f 422/422/422 423/423/423 409/409/409
f 468/468/468 467/467/467 466/466/466
f 469/469/469 467/467/467 468/468/468
f 470/470/470 467/467/467 469/469/469
f 473/473/473 472/472/472 471/471/471
f 468/468/468 472/472/472 473/473/473
f 466/466/466 472/472/472 468/468/468
f 473/473/473 475/475/475 474/474/474
f 473/473/473 471/471/471 475/475/475
f 478/478/478 477/477/477 476/476/476
f 479/479/479 477/477/477 478/478/478
f 474/474/474 477/477/477 479/479/479
f 474/474/474 475/475/475 477/477/477
f 447/447/447 476/476/476 477/477/477
f 447/447/447 448/448/448 476/476/476
f 482/482/482 481/481/481 480/480/480
f 482/482/482 483/483/483 481/481/481
f 484/484/484 483/483/483 482/482/482
f 485/485/485 483/483/483 484/484/484
f 486/486/486 483/483/483 485/485/485
f 487/487/487 483/483/483 486/486/486
f 488/488/488 483/483/483 487/487/487
f 490/490/490 480/480/480 489/489/489
f 490/490/490 482/482/482 480/480/480
f 478/478/478 491/491/491 479/479/479
f 478/478/478 492/492/492 491/491/491
f 478/478/478 489/489/489 492/492/492
f 490/490/490 489/489/489 478/478/478
f 495/495/495 494/494/494 493/493/493
f 496/496/496 494/494/494 495/495/495
f 497/497/497 494/494/494 496/496/496
f 497/497/497 498/498/498 494/494/494
f 499/499/499 498/498/498 497/497/497
f 499/499/499 500/500/500 498/498/498
f 501/501/501 500/500/500 499/499/499
f 501/501/501 502/502/502 500/500/500
f 503/503/503 502/502/502 501/501/501
f 503/503/503 504/504/504 502/502/502
f 505/505/505 504/504/504 503/503/503
f 506/506/506 504/504/504 505/505/505
f 507/507/507 506/506/506 505/505/505
f 507/507/507 508/508/508 506/506/506
f 507/507/507 509/509/509 508/508/508
f 510/510/510 509/509/509 507/507/507
f 512/512/512 510/510/510 511/511/511
f 512/512/512 509/509/509 510/510/510
f 513/513/513 511/511/511 510/510/510
f 513/513/513 514/514/514 511/511/511
f 513/513/513 515/515/515 514/514/514
f 516/516/516 515/515/515 513/513/513
f 516/516/516 517/517/517 515/515/515
f 518/518/518 517/517/517 516/516/516
f 519/519/519 517/517/517 518/518/518
f 520/520/520 517/517/517 519/519/519
f 521/521/521 495/495/495 493/493/493
f 524/524/524 523/523/523 522/522/522
f 525/525/525 523/523/523 524/524/524
f 526/526/526 523/523/523 525/525/525
f 527/527/527 523/523/523 526/526/526
f 528/528/528 523/523/523 527/527/527
f 529/529/529 523/523/523 528/528/528
f 530/530/530 523/523/523 529/529/529
f 530/530/530 521/521/521 523/523/523
f 521/521/521 531/531/531 523/523/523
f 521/521/521 532/532/532 531/531/531
f 521/521/521 533/533/533 532/532/532
f 521/521/521 534/534/534 533/533/533
f 521/521/521 535/535/535 534/534/534
f 493/493/493 535/535/535 521/521/521
f 538/538/538 537/537/537 536/536/536
f 539/539/539 537/537/537 538/538/538
f 540/540/540 537/537/537 539/539/539
f 541/541/541 537/537/537 540/540/540
f 541/541/541 522/522/522 537/537/537
f 522/522/522 542/542/542 537/537/537
f 522/522/522 543/543/543 542/542/542
f 522/522/522 544/544/544 543/543/543
f 522/522/522 545/545/545 544/544/544
f 522/522/522 546/546/546 545/545/545
f 522/522/522 547/547/547 546/546/546
f 522/522/522 548/548/548 547/547/547
f 522/522/522 549/549/549 548/548/548
f 522/522/522 550/550/550 549/549/549
f 522/522/522 551/551/551 550/550/550
f 523/523/523 551/551/551 522/522/522
f 554/554/554 553/553/553 552/552/552
f 555/555/555 553/553/553 554/554/554
f 556/556/556 553/553/553 555/555/555
f 557/557/557 553/553/553 556/556/556
f 558/558/558 553/553/553 557/557/557
f 558/558/558 536/536/536 553/553/553
f 559/559/559 536/536/536 537/537/537
f 560/560/560 536/536/536 559/559/559
f 561/561/561 536/536/536 560/560/560
f 562/562/562 536/536/536 561/561/561
f 563/563/563 536/536/536 562/562/562
f 564/564/564 536/536/536 563/563/563
f 565/565/565 536/536/536 564/564/564
f 566/566/566 536/536/536 565/565/565
f 567/567/567 536/536/536 566/566/566
f 536/536/536 567/567/567 553/553/553
f 569/569/569 568/568/568 552/552/552
f 569/569/569 570/570/570 568/568/568
f 569/569/569 571/571/571 570/570/570
f 569/569/569 572/572/572 571/571/571
f 569/569/569 573/573/573 572/572/572
f 569/569/569 574/574/574 573/573/573
f 575/575/575 574/574/574 569/569/569
f 576/576/576 552/552/552 553/553/553
f 552/552/552 577/577/577 569/569/569
f 578/578/578 552/552/552 576/576/576
f 552/552/552 579/579/579 577/577/577
f 580/580/580 552/552/552 578/578/578
f 552/552/552 581/581/581 579/579/579
f 552/552/552 582/582/582 581/581/581
f 583/583/583 552/552/552 580/580/580
f 552/552/552 584/584/584 582/582/582
f 583/583/583 584/584/584 552/552/552
f 586/586/586 585/585/585 575/575/575
f 586/586/586 587/587/587 585/585/585
f 586/586/586 588/588/588 587/587/587
f 586/586/586 589/589/589 588/588/588
f 586/586/586 590/590/590 589/589/589
f 586/586/586 591/591/591 590/590/590
f 592/592/592 591/591/591 586/586/586
f 593/593/593 575/575/575 569/569/569
f 594/594/594 575/575/575 593/593/593
f 595/595/595 575/575/575 594/594/594
f 596/596/596 575/575/575 595/595/595
f 597/597/597 575/575/575 596/596/596
f 598/598/598 575/575/575 597/597/597
f 599/599/599 575/575/575 598/598/598
f 600/600/600 575/575/575 599/599/599
f 601/601/601 575/575/575 600/600/600
f 586/586/586 575/575/575 601/601/601
f 603/603/603 602/602/602 592/592/592
f 603/603/603 604/604/604 602/602/602
f 603/603/603 605/605/605 604/604/604
f 603/603/603 606/606/606 605/605/605
f 603/603/603 607/607/607 606/606/606
f 603/603/603 608/608/608 607/607/607
f 603/603/603 609/609/609 608/608/608
f 610/610/610 609/609/609 603/603/603
f 611/611/611 592/592/592 586/586/586
f 612/612/612 592/592/592 611/611/611
f 613/613/613 592/592/592 612/612/612
f 614/614/614 592/592/592 613/613/613
f 615/615/615 592/592/592 614/614/614
f 615/615/615 603/603/603 592/592/592
f 617/617/617 616/616/616 610/610/610
f 617/617/617 618/618/618 616/616/616
f 619/619/619 618/618/618 617/617/617
f 620/620/620 610/610/610 603/603/603
f 621/621/621 610/610/610 620/620/620
f 622/622/622 610/610/610 621/621/621
f 622/622/622 617/617/617 610/610/610
f 624/624/624 623/623/623 619/619/619
f 624/624/624 625/625/625 623/623/623
f 626/626/626 625/625/625 624/624/624
f 627/627/627 619/619/619 617/617/617
f 628/628/628 619/619/619 627/627/627
f 628/628/628 624/624/624 619/619/619
f 630/630/630 629/629/629 626/626/626
f 630/630/630 631/631/631 629/629/629
f 632/632/632 631/631/631 630/630/630
f 633/633/633 626/626/626 624/624/624
f 634/634/634 626/626/626 633/633/633
f 635/635/635 626/626/626 634/634/634
f 635/635/635 630/630/630 626/626/626
f 637/637/637 636/636/636 632/632/632
f 637/637/637 638/638/638 636/636/636
f 639/639/639 638/638/638 637/637/637
f 640/640/640 632/632/632 630/630/630
f 641/641/641 632/632/632 640/640/640
f 641/641/641 637/637/637 632/632/632
f 643/643/643 642/642/642 639/639/639
f 643/643/643 644/644/644 642/642/642
f 645/645/645 644/644/644 643/643/643
f 646/646/646 639/639/639 637/637/637
f 647/647/647 639/639/639 646/646/646
f 647/647/647 643/643/643 639/639/639
f 648/648/648 645/645/645 643/643/643
f 648/648/648 649/649/649 645/645/645
f 650/650/650 649/649/649 648/648/648
f 650/650/650 651/651/651 649/649/649
f 652/652/652 651/651/651 650/650/650
f 655/655/655 654/654/654 653/653/653
f 655/655/655 656/656/656 654/654/654
f 659/659/659 658/658/658 657/657/657
f 659/659/659 660/660/660 658/658/658
f 663/663/663 662/662/662 661/661/661
f 663/663/663 664/664/664 662/662/662
f 663/663/663 665/665/665 664/664/664
f 665/665/665 663/663/663 666/666/666
f 669/669/669 668/668/668 667/667/667
f 672/672/672 671/671/671 670/670/670
f 672/672/672 673/673/673 671/671/671
f 676/676/676 675/675/675 674/674/674
f 675/675/675 678/678/678 677/677/677
f 676/676/676 678/678/678 675/675/675
f 674/674/674 679/679/679 676/676/676
f 674/674/674 680/680/680 679/679/679
f 673/673/673 681/681/681 671/671/671
f 673/673/673 655/655/655 681/681/681
f 684/684/684 683/683/683 682/682/682
f 684/684/684 685/685/685 683/683/683
f 669/669/669 667/667/667 686/686/686
f 688/688/688 682/682/682 687/687/687
f 688/688/688 684/684/684 682/682/682
f 691/691/691 690/690/690 689/689/689
f 691/691/691 692/692/692 690/690/690
f 692/692/692 691/691/691 693/693/693
f 696/696/696 695/695/695 694/694/694
f 699/699/699 698/698/698 697/697/697
f 702/702/702 701/701/701 700/700/700
f 702/702/702 703/703/703 701/701/701
f 704/704/704 703/703/703 702/702/702
f 707/707/707 706/706/706 705/705/705
f 707/707/707 708/708/708 706/706/706
f 709/709/709 708/708/708 707/707/707
f 712/712/712 711/711/711 710/710/710
f 712/712/712 713/713/713 711/711/711
f 716/716/716 715/715/715 714/714/714
f 716/716/716 717/717/717 715/715/715
f 716/716/716 718/718/718 717/717/717
f 719/719/719 718/718/718 716/716/716
f 719/719/719 720/720/720 718/718/718
f 719/719/719 721/721/721 720/720/720
f 722/722/722 721/721/721 719/719/719
f 702/702/702 724/724/724 723/723/723
f 702/702/702 700/700/700 724/724/724
f 698/698/698 694/694/694 697/697/697
f 698/698/698 696/696/696 694/694/694
f 723/723/723 695/695/695 696/696/696
f 723/723/723 724/724/724 695/695/695
f 727/727/727 726/726/726 725/725/725
f 727/727/727 728/728/728 726/726/726
f 727/727/727 729/729/729 728/728/728
f 727/727/727 730/730/730 729/729/729
f 730/730/730 727/727/727 691/691/691
f 691/691/691 732/732/732 731/731/731
f 691/691/691 733/733/733 732/732/732
f 689/689/689 733/733/733 691/691/691
f 736/736/736 735/735/735 734/734/734
f 736/736/736 737/737/737 735/735/735
f 738/738/738 737/737/737 736/736/736
f 736/736/736 739/739/739 738/738/738
f 736/736/736 740/740/740 739/739/739
f 675/675/675 740/740/740 736/736/736
f 693/693/693 741/741/741 692/692/692
f 693/693/693 661/661/661 741/741/741
f 663/663/663 661/661/661 693/693/693
f 685/685/685 670/670/670 683/683/683
f 685/685/685 742/742/742 670/670/670
f 660/660/660 697/697/697 658/658/658
f 660/660/660 699/699/699 697/697/697
f 704/704/704 743/743/743 703/703/703
f 704/704/704 705/705/705 743/743/743
f 707/707/707 705/705/705 704/704/704
f 709/709/709 710/710/710 708/708/708
f 709/709/709 712/712/712 710/710/710
f 713/713/713 744/744/744 711/711/711
f 713/713/713 745/745/745 744/744/744
f 745/745/745 714/714/714 744/744/744
f 745/745/745 716/716/716 714/714/714
f 680/680/680 686/686/686 679/679/679
f 680/680/680 669/669/669 686/686/686
f 668/668/668 687/687/687 667/667/667
f 668/668/668 688/688/688 687/687/687
f 742/742/742 672/672/672 670/670/670
f 748/748/748 747/747/747 746/746/746
f 748/748/748 749/749/749 747/747/747
f 750/750/750 749/749/749 748/748/748
f 656/656/656 746/746/746 654/654/654
f 656/656/656 748/748/748 746/746/746
f 655/655/655 653/653/653 681/681/681
f 675/675/675 677/677/677 740/740/740
f 731/731/731 730/730/730 691/691/691
f 658/658/658 751/751/751 657/657/657
f 658/658/658 725/725/725 751/751/751
f 725/725/725 658/658/658 727/727/727
f 666/666/666 752/752/752 665/665/665
f 666/666/666 734/734/734 752/752/752
f 736/736/736 734/734/734 666/666/666
f 755/755/755 754/754/754 753/753/753
f 755/755/755 756/756/756 754/754/754
f 755/755/755 757/757/757 756/756/756
f 755/755/755 759/759/759 758/758/758
f 759/759/759 755/755/755 760/760/760
f 755/755/755 762/762/762 761/761/761
f 755/755/755 763/763/763 762/762/762
f 763/763/763 755/755/755 764/764/764
f 765/765/765 755/755/755 761/761/761
f 760/760/760 755/755/755 765/765/765
f 766/766/766 755/755/755 758/758/758
f 767/767/767 755/755/755 766/766/766
f 755/755/755 767/767/767 768/768/768
f 771/771/771 770/770/770 769/769/769
f 771/771/771 772/772/772 770/770/770
f 775/775/775 774/774/774 773/773/773
f 775/775/775 776/776/776 774/774/774
f 779/779/779 778/778/778 777/777/777
f 779/779/779 780/780/780 778/778/778
f 783/783/783 782/782/782 781/781/781
f 783/783/783 784/784/784 782/782/782
f 787/787/787 786/786/786 785/785/785
f 787/787/787 788/788/788 786/786/786
f 791/791/791 790/790/790 789/789/789
f 791/791/791 792/792/792 790/790/790
f 795/795/795 794/794/794 793/793/793
f 795/795/795 796/796/796 794/794/794
f 797/797/797 796/796/796 795/795/795
f 800/800/800 799/799/799 798/798/798
f 800/800/800 801/801/801 799/799/799
f 770/770/770 802/802/802 769/769/769
f 803/803/803 802/802/802 770/770/770
f 804/804/804 802/802/802 803/803/803
f 807/807/807 806/806/806 805/805/805
f 807/807/807 808/808/808 806/806/806
f 811/811/811 810/810/810 809/809/809
f 811/811/811 812/812/812 810/810/810
f 815/815/815 814/814/814 813/813/813
f 815/815/815 816/816/816 814/814/814
f 819/819/819 818/818/818 817/817/817
f 819/819/819 820/820/820 818/818/818
f 823/823/823 822/822/822 821/821/821
f 823/823/823 824/824/824 822/822/822
f 826/826/826 813/813/813 825/825/825
f 826/826/826 815/815/815 813/813/813
f 801/801/801 825/825/825 799/799/799
f 801/801/801 826/826/826 825/825/825
f 828/828/828 805/805/805 827/827/827
f 829/829/829 805/805/805 828/828/828
f 807/807/807 805/805/805 829/829/829
f 816/816/816 827/827/827 814/814/814
f 816/816/816 828/828/828 827/827/827
f 832/832/832 831/831/831 830/830/830
f 832/832/832 833/833/833 831/831/831
f 835/835/835 753/753/753 834/834/834
f 835/835/835 755/755/755 753/753/753
f 835/835/835 833/833/833 832/832/832
f 835/835/835 834/834/834 833/833/833
f 808/808/808 831/831/831 806/806/806
f 808/808/808 830/830/830 831/831/831
f 823/823/823 821/821/821 836/836/836
f 820/820/820 836/836/836 818/818/818
f 820/820/820 823/823/823 836/836/836
f 824/824/824 798/798/798 822/822/822
f 824/824/824 800/800/800 798/798/798
f 804/804/804 838/838/838 837/837/837
f 804/804/804 803/803/803 838/838/838
f 837/837/837 776/776/776 775/775/775
f 837/837/837 838/838/838 776/776/776
f 819/819/819 840/840/840 839/839/839
f 819/819/819 817/817/817 840/840/840
f 771/771/771 840/840/840 772/772/772
f 771/771/771 839/839/839 840/840/840
f 773/773/773 784/784/784 783/783/783
f 773/773/773 774/774/774 784/784/784
f 781/781/781 780/780/780 779/779/779
f 781/781/781 782/782/782 780/780/780
f 777/777/777 788/788/788 787/787/787
f 777/777/777 778/778/778 788/788/788
f 785/785/785 792/792/792 791/791/791
f 785/785/785 786/786/786 792/792/792
f 789/789/789 812/812/812 811/811/811
f 789/789/789 790/790/790 812/812/812
f 809/809/809 796/796/796 797/797/797
f 809/809/809 810/810/810 796/796/796
f 793/793/793 842/842/842 841/841/841
f 793/793/793 794/794/794 842/842/842
f 845/845/845 844/844/844 843/843/843
f 846/846/846 844/844/844 845/845/845
f 846/846/846 842/842/842 844/844/844
f 841/841/841 842/842/842 846/846/846
f 755/755/755 847/847/847 757/757/757
f 768/768/768 847/847/847 755/755/755
f 848/848/848 847/847/847 768/768/768
f 851/851/851 850/850/850 849/849/849
f 852/852/852 851/851/851 849/849/849
f 853/853/853 851/851/851 852/852/852
f 852/852/852 854/854/854 853/853/853
f 852/852/852 855/855/855 854/854/854
f 858/858/858 857/857/857 856/856/856
f 858/858/858 859/859/859 857/857/857
f 862/862/862 861/861/861 860/860/860
f 862/862/862 863/863/863 861/861/861
f 866/866/866 865/865/865 864/864/864
f 866/866/866 867/867/867 865/865/865
f 870/870/870 869/869/869 868/868/868
f 870/870/870 871/871/871 869/869/869
f 874/874/874 873/873/873 872/872/872
f 874/874/874 875/875/875 873/873/873
f 872/872/872 877/877/877 876/876/876
f 872/872/872 873/873/873 877/877/877
f 876/876/876 879/879/879 878/878/878
f 876/876/876 877/877/877 879/879/879
f 882/882/882 881/881/881 880/880/880
f 882/882/882 883/883/883 881/881/881
f 886/886/886 885/885/885 884/884/884
f 887/887/887 886/886/886 884/884/884
f 886/886/886 888/888/888 885/885/885
f 888/888/888 886/886/886 889/889/889
f 892/892/892 891/891/891 890/890/890
f 894/894/894 893/893/893 891/891/891
f 892/892/892 894/894/894 891/891/891
f 880/880/880 884/884/884 885/885/885
f 881/881/881 895/895/895 884/884/884
f 880/880/880 881/881/881 884/884/884
f 878/878/878 883/883/883 896/896/896
f 878/878/878 879/879/879 883/883/883
f 882/882/882 896/896/896 883/883/883
f 860/860/860 859/859/859 858/858/858
f 860/860/860 861/861/861 859/859/859
f 897/897/897 863/863/863 862/862/862
f 864/864/864 863/863/863 897/897/897
f 864/864/864 865/865/865 863/863/863
f 868/868/868 867/867/867 866/866/866
f 868/868/868 869/869/869 867/867/867
f 890/890/890 889/889/889 886/886/886
f 898/898/898 890/890/890 886/886/886
f 891/891/891 899/899/899 889/889/889
f 890/890/890 891/891/891 889/889/889
f 852/852/852 894/894/894 892/892/892
f 900/900/900 852/852/852 892/892/892
f 849/849/849 901/901/901 894/894/894
f 852/852/852 849/849/849 894/894/894
f 856/856/856 902/902/902 874/874/874
f 856/856/856 857/857/857 902/902/902
f 874/874/874 902/902/902 875/875/875
f 870/870/870 903/903/903 871/871/871
g cPK_20_001530_00_GARAGARAex_SR_L_SB_1
f 906/906/906 905/905/905 904/904/904
f 906/906/906 907/907/907 905/905/905
f 908/908/908 907/907/907 906/906/906
f 908/908/908 909/909/909 907/907/907
f 910/910/910 909/909/909 908/908/908
f 911/911/911 909/909/909 910/910/910
f 914/914/914 913/913/913 912/912/912
f 915/915/915 913/913/913 914/914/914
f 917/917/917 915/915/915 916/916/916
f 918/918/918 915/915/915 917/917/917
f 918/918/918 913/913/913 915/915/915
f 919/919/919 911/911/911 910/910/910
f 843/843/843 911/911/911 919/919/919
f 843/843/843 844/844/844 911/911/911
f 920/920/920 912/912/912 913/913/913
f 921/921/921 912/912/912 920/920/920
f 922/922/922 912/912/912 921/921/921
f 904/904/904 912/912/912 922/922/922
f 904/904/904 923/923/923 912/912/912
f 904/904/904 924/924/924 923/923/923
f 904/904/904 925/925/925 924/924/924
f 904/904/904 926/926/926 925/925/925
f 905/905/905 926/926/926 904/904/904
f 929/929/929 928/928/928 927/927/927
f 930/930/930 928/928/928 929/929/929
f 931/931/931 928/928/928 930/930/930
f 931/931/931 932/932/932 928/928/928
f 931/931/931 933/933/933 932/932/932
f 931/931/931 934/934/934 933/933/933
f 935/935/935 934/934/934 931/931/931
f 934/934/934 935/935/935 936/936/936
f 937/937/937 916/916/916 915/915/915
f 938/938/938 916/916/916 937/937/937
f 927/927/927 916/916/916 938/938/938
f 927/927/927 939/939/939 916/916/916
f 927/927/927 940/940/940 939/939/939
f 928/928/928 940/940/940 927/927/927
f 936/936/936 941/941/941 934/934/934
f 936/936/936 942/942/942 941/941/941
f 936/936/936 943/943/943 942/942/942
f 944/944/944 943/943/943 936/936/936
f 943/943/943 944/944/944 945/945/945
f 945/945/945 946/946/946 943/943/943
f 945/945/945 947/947/947 946/946/946
f 945/945/945 948/948/948 947/947/947
f 945/945/945 949/949/949 948/948/948
f 945/945/945 950/950/950 949/949/949
f 945/945/945 951/951/951 950/950/950
f 945/945/945 952/952/952 951/951/951
f 953/953/953 952/952/952 945/945/945
f 953/953/953 954/954/954 952/952/952
