g cPK_10_001230_00_GANGARex_RR_L_SB
v -0.084565625 -0.0058044926 -0.008184434
v -0.09074804 0.05215581 -0.008184434
v -0.111865185 0.0004707819 -0.008184434
v -0.13476163 0.0079013035 -0.008184434
v -0.14629583 0.050020557 -0.008184434
v -0.09161062 0.06024298 -0.008184434
v -0.11450704 0.139103 -0.008184434
v -0.15577452 0.08303016 -0.008184434
v -0.16575803 0.11392319 -0.008184434
v -0.17262885 0.139103 -0.008184434
v -0.15673743 0.18369341 -0.008184434
v -0.16286628 0.17924926 -0.008184434
v -0.12908176 0.1875278 -0.008184434
v -0.21823096 0.139103 -0.008184499
v -0.18936078 0.12452914 -0.008184458
v -0.20433156 0.112860456 -0.008184489
v -0.24770139 0.11406535 -0.008184499
v -0.2207624 0.09960192 -0.008184499
v -0.23515366 0.0866619 -0.008184499
v -0.29239485 0.07609433 -0.008184499
v -0.24770139 0.075763196 -0.008184499
v -0.2642146 0.060958605 -0.008184499
v -0.29343557 0.052155804 -0.008184499
v -0.2817535 0.046509292 -0.008184499
v -0.29591727 -0.0049238177 -0.008184499
v -0.16075419 -0.006685073 -0.008184434
v -0.11947083 -0.014215007 -0.008184434
v -0.15290369 0.016671533 -0.008184434
v -0.27050278 0.009859163 -0.008184499
v -0.26319602 0.039819658 -0.008184499
v -0.16130745 0.019576022 -0.008184434
v -0.17080018 0.020607833 -0.008184434
v -0.24770139 -0.024871452 -0.008184499
v -0.2436223 0.013217767 -0.008184499
v -0.24020791 -0.0028597787 -0.008184499
v -0.23758863 -0.0029573552 -0.008184499
v -0.23073037 0.0035719343 -0.008184499
v -0.22227617 0.012139775 -0.008184504
v -0.21771501 0.016049365 -0.008184504
v -0.21282807 0.016308809 -0.0081845
v -0.2015827 0.017281497 -0.008184484
v -0.18397635 0.018329868 -0.008184456
v -0.09939145 -0.015159977 -0.008184434
v 0.19873081 0.38679385 -0.018452821
v 0.16758163 0.38095728 -0.018452821
v 0.21513887 0.3571669 -0.018452821
v 0.19092141 0.36409563 -0.018452821
v 0.19156139 0.3620344 -0.018452821
v 0.18788612 0.36361298 -0.018452821
v 0.19173317 0.3556793 -0.018452821
v 0.1898688 0.3341501 -0.018452821
v 0.20540078 0.28122556 -0.018452821
v 0.1883632 0.31439522 -0.018452821
v 0.18442248 0.28416505 -0.018452821
v 0.18025933 0.25619462 -0.018452825
v 0.19924413 0.22621034 -0.018452806
v 0.17553052 0.23431252 -0.018452821
v 0.1701614 0.2152354 -0.018452829
v 0.19059157 0.17411886 -0.018452827
v 0.16416928 0.19741313 -0.018452829
v 0.16008939 0.18796523 -0.018452829
v 0.15751277 0.18324117 -0.01845283
v 0.15663911 0.15476945 -0.018452838
v 0.1538624 0.18044977 -0.01845283
v 0.14827947 0.18002029 -0.018452838
v 0.13128145 0.16603136 -0.018452864
v 0.14441435 0.18087924 -0.018452857
v 0.13926092 0.18410014 -0.018452864
v 0.116430275 0.17652075 -0.018452864
v 0.13389288 0.18817988 -0.018452864
v 0.12659214 0.19526584 -0.018452864
v 0.095953904 0.19647181 -0.018452864
v 0.12108188 0.2003722 -0.018452864
v 0.11552358 0.20895223 -0.018452864
v 0.07698692 0.24726985 -0.018452838
v 0.109248 0.21892886 -0.018452859
v 0.10442054 0.22987106 -0.018452844
v 0.10023671 0.24226134 -0.01845283
v 0.09693132 0.25619462 -0.01845282
v 0.071789585 0.26405963 -0.018452821
v 0.096238226 0.27077952 -0.018452821
v 0.09620654 0.28128427 -0.018452821
v 0.067900404 0.28246605 -0.018452821
v 0.09502714 0.28545412 -0.018452821
v 0.06938562 0.2958886 -0.018452821
v 0.08631198 0.31451127 -0.018452821
v 0.09717288 0.2916714 -0.018452821
v 0.10590213 0.29855368 -0.018452816
v 0.10683673 0.3335069 -0.018452821
v 0.12179214 0.31008616 -0.018452818
v 0.14899608 0.3311488 -0.018452821
v 0.16097024 0.3413237 -0.018452821
v 0.17016138 0.34884012 -0.018452821
v 0.1849203 0.3606472 -0.018452821
v -0.27278885 0.31936166 -0.021688936
v -0.27187583 0.30367672 -0.021688936
v -0.26420602 0.30575588 -0.021688936
v 0.021747574 0.35476124 -0.021373617
v 0.01950684 0.37001526 -0.02118065
v 0.010724902 0.348424 -0.021624137
v -0.0031265297 0.36232612 -0.02168263
v 0.08825808 0.33531043 -0.021945352
v 0.09171807 0.3464795 -0.022550203
v 0.07815285 0.36019036 -0.02170709
v 0.10252067 0.31406316 -0.021582557
v 0.10881261 0.3220651 -0.020781618
v 0.0977904 0.32936707 -0.021953683
v 0.050739825 0.3782197 -0.021807449
v 0.021849327 0.37255296 -0.021136701
v 0.046212547 0.3603943 -0.02196857
v -0.10547189 0.26917437 -0.020718176
v -0.102763236 0.27285892 -0.020575805
v -0.11249719 0.27315673 -0.02108048
v -0.26057822 0.33040166 -0.02168894
v -0.2612127 0.3377387 -0.02168894
v -0.27187583 0.32922122 -0.021688936
v 0.012125774 0.38805506 -0.020259878
v -0.0040276744 0.3771999 -0.020733424
v -0.27686307 0.3022133 -0.021688936
v -0.13205591 0.28352454 -0.020416921
v -0.098483436 0.28186408 -0.020538706
v -0.2620009 0.34349662 -0.02168894
v -0.26187575 0.3516652 -0.021688936
v -0.2789578 0.32837096 -0.021688936
v 0.11240017 0.30917856 -0.02012423
v 0.11808039 0.34880993 -0.02128817
v 0.14454505 0.31027266 -0.01958837
v 0.115213715 0.300644 -0.019994555
v 0.118923165 0.2888703 -0.019785365
v 0.13035978 0.27920988 -0.019452818
v 0.16656177 0.27796245 -0.01926333
v -0.0891869 0.27363864 -0.022805648
v -0.09628933 0.29387605 -0.020060983
v -0.09649005 0.27894592 -0.022129385
v -0.11206359 0.3097168 -0.01868719
v -0.14276089 0.28963694 -0.020412473
v -0.1354644 0.320376 -0.019293569
v -0.23964679 0.33516708 -0.021001494
v -0.21040724 0.35525224 -0.019931322
v -0.25228402 0.3466068 -0.021378135
v -0.1580792 0.33011362 -0.019655209
v -0.15687157 0.29705063 -0.020385738
v -0.18152942 0.34112296 -0.019652508
v -0.17564535 0.30687225 -0.020247359
v -0.19498803 0.31565258 -0.020390153
v -0.20282833 0.31884202 -0.020368135
v -0.21404627 0.3228767 -0.0205224
v -0.22286426 0.3262909 -0.020634085
v -0.23196398 0.3286229 -0.020764863
v -0.258705 0.3518899 -0.021688936
v -0.26262137 0.3826957 -0.022698952
v -0.2609807 0.3528647 -0.021688936
v -0.2939405 0.36146608 -0.022583677
v -0.29871187 0.3265868 -0.022583677
v -0.2785373 0.30131674 -0.021688936
v -0.27268207 0.2959738 -0.021688936
v -0.27716792 0.29889366 -0.021688936
v -0.29887015 0.28928918 -0.02214716
v -0.288983 0.28045723 -0.021874337
v -0.26915458 0.2938617 -0.021688936
v -0.26368916 0.29119053 -0.021688936
v -0.25654683 0.2878988 -0.021606172
v -0.25133947 0.28510988 -0.021452399
v -0.24909294 0.2819357 -0.02132245
v -0.27678776 0.2640501 -0.021108294
v -0.2415586 0.27024916 -0.020610858
v -0.23259966 0.2573675 -0.020232825
v -0.2476484 0.23220913 -0.020002099
v -0.2215133 0.24491452 -0.01960036
v -0.20660542 0.22752193 -0.019600367
v -0.22359717 0.2050734 -0.017470587
v -0.19573052 0.21672069 -0.019111976
v -0.18635556 0.2080477 -0.018462356
v -0.17721133 0.20032504 -0.01755005
v 0.1041181 0.37114102 -0.022679968
v 0.070648015 0.37857234 -0.02170709
v 0.085401915 0.39976582 -0.022483861
v 0.058482956 0.40655884 -0.022249578
v 0.06413842 0.3947458 -0.02170709
v 0.067368895 0.4194636 -0.022344215
v 0.056591507 0.42586428 -0.022329522
v 0.048412323 0.4259839 -0.02207843
v 0.042774037 0.41880327 -0.022025941
v 0.054308306 0.3947458 -0.02202495
v 0.033279464 0.39639792 -0.021291722
v 0.01931165 0.3752857 -0.021347186
v 0.018921277 0.37333372 -0.021277767
v -0.20201266 0.18073456 -0.014312885
v -0.3002455 0.30535734 -0.022304503
v 0.0079904 0.31564566 -0.02556388
v 0.0023339475 0.3353319 -0.021930626
v -0.0130319195 0.3299708 -0.022911014
v -0.03692571 0.32186607 -0.024377855
v -0.021416796 0.3069705 -0.025222396
v -0.006713198 0.31130764 -0.025587028
v -0.06968893 0.31033644 -0.024720732
v -0.05099066 0.2948055 -0.025646184
v -0.036203723 0.29989526 -0.025826916
v -0.08532716 0.30148503 -0.022114463
v -0.07786841 0.27023306 -0.02425254
v 0.02451606 0.31851998 -0.024102086
v 0.02038953 0.3175689 -0.024411429
v 0.024242653 0.33535022 -0.021709949
v 0.033196148 0.360962 -0.02144397
v 0.044292647 0.34964645 -0.021907108
v -0.06716963 0.28185314 -0.024862558
v -0.009180208 0.34891754 -0.022552533
v -0.008329492 0.34598777 -0.022697197
v -0.23170912 0.014634478 -0.00818452
v -0.20883833 0.03538211 -0.008184507
v -0.223785 0.030723242 -0.008184524
v -0.2532774 0.025872046 -0.008184532
v -0.2429204 0.06641248 -0.008184538
v -0.2310061 0.04534563 -0.008184536
v -0.21741727 0.055333354 -0.00818452
v -0.2293349 0.07744685 -0.0081845345
v -0.26436624 0.052753504 -0.008184525
v -0.25624543 0.05594328 -0.0081845345
v -0.20700155 0.09295808 -0.008184489
v -0.19717468 0.065973654 -0.0081844665
v -0.17483024 0.07484176 -0.008184434
v -0.18555756 0.104508616 -0.008184434
v -0.18970759 0.040662136 -0.008184467
v -0.1659667 0.046477046 -0.008184434
v 0.18218811 0.34093127 -0.018452844
v 0.14995138 0.21443985 -0.018452866
v 0.13499607 0.23279698 -0.018452873
v 0.17966889 0.2907876 -0.018452853
v 0.112158075 0.26120207 -0.018452872
v 0.15239856 0.32778528 -0.01845285
v 0.1693627 0.30806145 -0.01845287
v 0.1520187 0.26929146 -0.018452873
v 0.16404635 0.250743 -0.01845285
v 0.13285142 0.2947305 -0.018452872
v -0.25604546 0.34416905 -0.02282744
v -0.25333127 0.3457752 -0.022182485
v -0.1482888 0.17808034 -0.013847071
v -0.13128127 0.16486602 -0.021953203
v -0.14389132 0.18726635 -0.02232619
v -0.09649005 0.27894592 -0.022129385
v -0.08949789 0.25919193 -0.021889925
v -0.089214616 0.20768261 -0.025220811
v -0.08255028 0.22828566 -0.025248965
v -0.11126697 0.24617715 -0.024989098
v -0.11028864 0.26454893 -0.02365931
v -0.15696935 0.18425258 -0.014933514
v 0.07797005 0.33576918 -0.023532594
v 0.093386315 0.32056555 -0.022652423
v -0.00040100282 0.34718424 -0.02156111
v 0.006720905 0.34825903 -0.022425255
v -0.099548414 0.19068739 -0.024672236
v -0.12378948 0.21371226 -0.02534487
v -0.27099785 0.32409146 -0.023000669
v -0.27144435 0.32769218 -0.022591293
v -0.19617894 0.30118307 -0.024388706
v -0.21961696 0.31790647 -0.023565302
v -0.22832493 0.30002 -0.02495462
v -0.2720059 0.32068965 -0.022482242
v -0.22269396 0.26208696 -0.02296183
v -0.2601862 0.34334576 -0.022151655
v -0.26382867 0.29259017 -0.02280538
v -0.26371285 0.2970509 -0.023226416
v -0.27128783 0.29939955 -0.022683026
v -0.25331864 0.2886269 -0.022718368
v -0.24425872 0.28571087 -0.023094293
v -0.27114552 0.3024499 -0.022085471
v -0.2606028 0.3005319 -0.023646003
v -0.257498 0.30166504 -0.02389084
v -0.26357457 0.30994943 -0.023417143
v -0.24048463 0.33335552 -0.022813749
v -0.23120926 0.3254695 -0.023377586
v -0.2475035 0.33057606 -0.023925519
v -0.23837188 0.3152934 -0.024616338
v -0.2574339 0.32824585 -0.022632541
v -0.25076514 0.30606988 -0.024362221
v -0.26070943 0.32792673 -0.022792624
v -0.2603836 0.3163393 -0.023832286
v -0.25653788 0.29405025 -0.023573538
v -0.26388782 0.30164 -0.02303516
v -0.25640813 0.28990087 -0.022796398
v -0.1949593 0.3119776 -0.022144852
v -0.08409619 0.2504654 -0.024207057
v -0.11991056 0.17356972 -0.023547951
v -0.15657425 0.29188254 -0.022568533
v -0.20608239 0.28051084 -0.025135502
v -0.1738724 0.25381407 -0.02538994
v -0.19487217 0.23146918 -0.022686126
v -0.14419936 0.23018014 -0.025559535
v -0.1605341 0.27843544 -0.024743022
v -0.16673207 0.20631628 -0.02215097
v -0.13062261 0.2765752 -0.023245456
v -0.13209113 0.25957087 -0.024832398
v -0.16755633 0.19228882 -0.016347952
v 0.04833376 0.30688244 -0.02412357
v 0.026320225 0.35771257 -0.021904387
v 0.0155249415 0.3356824 -0.022990117
v 0.04819006 0.31221634 -0.023413934
v 0.039982047 0.3192732 -0.022990314
v 0.031238014 0.36047357 -0.022097712
v 0.08267471 0.31917486 -0.02358956
v 0.06582468 0.3351959 -0.022903858
v 0.07337108 0.32084167 -0.022900356
v 0.060886737 0.3333663 -0.022450546
v 0.056590654 0.33188224 -0.023075104
v 0.06857958 0.3181632 -0.023376817
v 0.047485422 0.32491136 -0.02280029
v 0.041347872 0.34845027 -0.022599908
v 0.035001647 0.34432277 -0.022336964
v 0.056943 0.30942532 -0.023744704
v 0.08877208 0.29745415 -0.023981294
v 0.054175105 0.34040612 -0.022395918
v 0.061255693 0.3947458 -0.022557275
v 0.07073211 0.36035895 -0.023083994
v 0.054196756 0.36046493 -0.02274235
v 0.065572225 0.37842038 -0.022896765
v 0.054204434 0.37843215 -0.02247138
v 0.09564373 0.3318534 -0.022692805
v 0.1111228 0.29441822 -0.021828834
v 0.10577524 0.29822162 -0.022202156
v 0.10685052 0.29203612 -0.022801502
v 0.10988285 0.3106112 -0.0211943
v 0.099250995 0.29801872 -0.02324447
v 0.11069939 0.29948542 -0.02163876
v 0.09992134 0.31593153 -0.022805098
v 0.14382058 0.23529637 -0.0125141535
v 0.13307111 0.2171917 -0.0125141535
v 0.15780441 0.21002738 -0.0125141535
v 0.12791722 0.17153361 -0.0125141535
v 0.14716567 0.17850281 -0.0125141535
v 0.14855717 0.18902811 -0.0125141535
v 0.15129308 0.19961843 -0.0125141535
v 0.15439092 0.20525742 -0.0125141535
v 0.16810928 0.097987235 -0.0125141535
v 0.1624311 0.12103581 -0.0125141535
v 0.14478678 0.10224992 -0.0125141535
v 0.15967418 0.12240411 -0.0125141535
v 0.15646522 0.1247497 -0.0125141535
v 0.12898582 0.13368294 -0.0125141535
v 0.15404816 0.12904991 -0.0125141535
v 0.15005498 0.14389049 -0.0125141535
v 0.12775256 0.14753637 -0.0125141535
v 0.20099162 0.116054 -0.0125141535
v 0.16611455 0.122599564 -0.0125141535
v 0.17312174 0.12705295 -0.0125141535
v 0.18117283 0.1321573 -0.0125141535
v 0.19068374 0.13936141 -0.0125141535
v 0.14730705 0.1582074 -0.0125141535
v 0.22671235 0.13754281 -0.0125141535
v 0.19964382 0.14630722 -0.0125141535
v 0.21341951 0.159083 -0.0125141535
v 0.24169849 0.1518481 -0.0125141535
v 0.22358337 0.16988507 -0.0125141535
v 0.27409467 0.20380974 -0.0125141535
v 0.23687363 0.18723205 -0.0125141535
v 0.26955888 0.19032808 -0.0125141535
v 0.23103182 0.17898831 -0.0125141535
v 0.24746712 0.15989642 -0.0125141535
v 0.26074538 0.1781874 -0.0125141535
v 0.2440757 0.19720346 -0.0125141535
v 0.24903856 0.20528169 -0.0125141535
v 0.25175923 0.21095021 -0.0125141535
v 0.27937502 0.21950434 -0.0125141535
v 0.2762003 0.23529637 -0.0125141535
v 0.2530323 0.21544595 -0.0125141535
v 0.23183778 0.25936538 -0.0125141535
v 0.2337503 0.21437076 -0.0125141535
v 0.24662526 0.2513424 -0.0125141535
v 0.25179327 0.21642326 -0.0125141535
v 0.2614128 0.24331938 -0.0125141535
v 0.25023112 0.21698752 -0.0125141535
v 0.2478816 0.2162278 -0.0125141535
v 0.24395894 0.21564145 -0.0125141535
v 0.23805849 0.2146641 -0.0125141535
v 0.16153537 0.21445175 -0.0125141535
v 0.1544666 0.24316648 -0.0125141535
v 0.16541399 0.21650557 -0.0125141535
v 0.17472117 0.25122875 -0.0125141535
v 0.1790948 0.22000597 -0.0125141535
v 0.18917587 0.2216258 -0.0125141535
v 0.19159445 0.22709246 -0.0125141535
v 0.19537607 0.23529637 -0.0125141535
v 0.19649391 0.2624512 -0.0125141535
v 0.19897017 0.2400497 -0.0125141535
v 0.22005646 0.26039398 -0.0125141535
v 0.20311713 0.23529637 -0.0125141535
v 0.20827518 0.26142257 -0.0125141535
v 0.219793 0.23053443 -0.0125141535
v 0.22444676 0.23316653 -0.0125141535
v 0.23345764 0.2185056 -0.0125141535
v 0.2326542 0.22300275 -0.0125141535
v 0.23150614 0.22875224 -0.0125141535
v 0.22961393 0.23336895 -0.0125141535
v 0.2279394 0.23529637 -0.0125141535
v 0.20851576 0.2295221 -0.0125141535
v 0.2140106 0.22769986 -0.0125141535
v 0.21072967 0.22688995 -0.0125141535
v 0.13892174 0.26996285 -0.019274084
v 0.14611386 0.2610583 -0.019026848
v 0.1763964 0.2620588 -0.019167444
v 0.15296352 0.25112638 -0.01907496
v 0.15878569 0.24085188 -0.019122517
v 0.163238 0.23091996 -0.01907371
v 0.20194934 0.21536191 -0.019447995
v 0.16749172 0.21899875 -0.018933399
v 0.17072363 0.20777026 -0.018819239
v 0.17259313 0.1965533 -0.018771062
v 0.17352788 0.18502484 -0.018780386
v 0.19944613 0.13879143 -0.018769024
v 0.17422356 0.16742055 -0.018701186
v 0.17367278 0.1523089 -0.01859252
v 0.17301737 0.14264984 -0.018455228
v 0.17083775 0.13112526 -0.018416366
v 0.1667018 0.11442882 -0.01842456
v 0.16940601 0.04325169 -0.017566966
v 0.15922819 0.09230776 -0.018388027
v 0.15244818 0.07945844 -0.018225564
v 0.14508991 0.06713732 -0.017946731
v 0.137107 0.055422783 -0.017690375
v 0.12933747 0.04583018 -0.017580582
v 0.11704103 0.03146975 -0.017255293
v 0.10655186 0.020083716 -0.017089423
v 0.092061125 -0.03377418 -0.016158244
v 0.09196441 0.0068748607 -0.016589168
v 0.080628 -0.0019653165 -0.016158244
v 0.07094277 -0.008478682 -0.016158244
v 0.05903575 -0.015153356 -0.016158244
v 0.041482322 -0.023215419 -0.016158244
v 0.025167434 -0.028065866 -0.016158244
v 0.0013890305 -0.06320673 -0.016158244
v 0.011798358 -0.030647833 -0.016158244
v -0.0015707206 -0.03236929 -0.016158244
v -0.01449417 -0.033162575 -0.016158244
v -0.19203857 0.16857898 -0.012301282
v -0.1518428 0.17161855 -0.0124599775
v -0.1555146 0.16160469 -0.011383442
v -0.1595201 0.14858666 -0.0101839015
v -0.19019614 0.15468273 -0.011058791
v -0.16185662 0.13656996 -0.00933688
v -0.16265343 0.13112526 -0.009333025
v -0.1931658 0.14032617 -0.010183899
v -0.1638595 0.122884326 -0.009078396
v -0.19475807 0.12560861 -0.009173725
v -0.1638595 0.10953251 -0.008549496
v -0.16375975 0.09480017 -0.008225366
v -0.19673644 0.095908806 -0.0073059476
v -0.16210325 0.07947733 -0.007930944
v -0.16003262 0.064982705 -0.007930944
v -0.19558461 0.06638931 -0.0077537955
v -0.15671912 0.050866038 -0.008669164
v -0.19085453 0.043484304 -0.008409592
v -0.15338264 0.0415241 -0.008925694
v -0.14670372 0.030308357 -0.0101839015
v -0.18139468 0.018351553 -0.010512344
v -0.16982934 -0.0063197934 -0.012370446
v -0.13985114 0.021347245 -0.010294459
v -0.12672965 0.0076609063 -0.0122055365
v -0.13068981 -0.031893615 -0.016158244
v -0.11404099 -0.0010591558 -0.013214855
v -0.10343784 -0.00699372 -0.013700716
v -0.096128784 -0.011500352 -0.014387855
v -0.08757846 -0.015563776 -0.014902122
v -0.0755463 -0.021298395 -0.016158244
v -0.079099245 -0.05501882 -0.016158244
v -0.06337439 -0.02559047 -0.016158244
v -0.051027633 -0.02906382 -0.016158244
v -0.027863244 -0.03256029 -0.016158244
v -0.13401835 0.45450813 -0.018551659
v -0.13129273 0.4532697 -0.018857002
v -0.115082756 0.46117154 -0.018806444
v -0.11890651 0.44201356 -0.018495811
v -0.06380489 0.4127772 -0.018818716
v -0.10312753 0.42819157 -0.018741712
v -0.095591724 0.42107055 -0.018855765
v -0.07526522 0.40311328 -0.01900829
v -0.052238107 0.38346982 -0.019798232
v -0.03979883 0.3911069 -0.019894166
v 0.0009997551 0.33469316 -0.023893064
v 0.03254774 0.32069927 -0.02347235
v 0.0011394474 0.35223827 -0.023409178
v -0.029773304 0.36359712 -0.021405434
v -0.019693961 0.37193045 -0.021521332
v -0.10643549 0.32544905 -0.019570047
v -0.11968418 0.3200167 -0.019954652
v -0.099205755 0.29138926 -0.022123864
v -0.15101542 0.45019555 -0.016543921
v -0.13949892 0.47030568 -0.018204914
v -0.13492692 0.45203134 -0.018672228
v -0.1456133 0.42280236 -0.017562931
v -0.13228345 0.43787327 -0.018116426
v -0.12787278 0.41708374 -0.01741103
v -0.13291739 0.37338647 -0.01817825
v -0.11868862 0.37773606 -0.01774136
v -0.12711804 0.34921312 -0.018809615
v -0.11348964 0.35353133 -0.018183643
v 0.02385767 0.31709597 -0.024396075
v -0.016142048 0.35141248 -0.022457806
v -0.10899361 0.27831507 -0.02068031
v -0.099205755 0.29138926 -0.022123864
v -0.09777279 0.28172356 -0.022311427
v -0.093353346 0.27510962 -0.02280899
v -0.09777279 0.28172356 -0.022311427
v -0.08744835 0.2715336 -0.023256496
v -0.03728085 -0.018141592 -0.023090057
v -0.05575588 -0.01730688 -0.025159359
v -0.068406984 -0.030158712 -0.025865966
v -0.0549505 -0.031000597 -0.024134753
v -0.06705205 -0.015776226 -0.026362449
v -0.06583893 0.108929634 -0.027102172
v -0.06743405 0.13954441 -0.02601381
v -0.07904602 0.121402875 -0.030239636
v -0.090352505 0.13357908 -0.03261547
v -0.07605653 -0.013903811 -0.027997512
v -0.08506101 -0.012094167 -0.028781224
v -0.11309202 -0.0045841797 -0.031686377
v -0.10393341 -0.027936071 -0.03133541
v -0.15312056 -0.020362597 -0.03308731
v -0.13730071 0.0030606247 -0.033086758
v -0.15312056 0.008333947 -0.033541333
v -0.16596873 0.012616724 -0.033505447
v -0.18380673 0.020668918 -0.033627596
v -0.101658896 0.14575522 -0.034280982
v -0.06304492 0.12727652 -0.023739701
v -0.062695555 0.115826145 -0.025435453
v -0.24496531 0.12474082 -0.034572195
v -0.26685417 0.13694137 -0.034626063
v -0.24749322 0.106737435 -0.03449694
v -0.20737822 0.1699726 -0.03592759
v -0.19399987 0.17506918 -0.03632122
v -0.20404553 0.19394153 -0.03572872
v -0.21884544 0.1616908 -0.035480756
v -0.23401587 0.18096535 -0.03529489
v -0.22903852 0.1521347 -0.035025895
v -0.23918903 0.13811922 -0.034764256
v -0.27122763 0.104145505 -0.034557063
v -0.24669175 0.086999565 -0.034394827
v -0.26556835 0.063093916 -0.03412227
v -0.24088493 0.06537991 -0.034305025
v -0.23357074 0.05281314 -0.03417138
v -0.22225766 0.040266696 -0.033998806
v -0.23360184 0.022477906 -0.03335383
v -0.20918754 0.03163566 -0.034034844
v -0.19769919 0.00088944146 -0.033225436
v -0.11456307 0.18343394 -0.03491499
v -0.114704825 0.15619197 -0.036049563
v -0.12601133 0.1648892 -0.03677317
v -0.13818744 0.17184709 -0.03705532
v -0.1316161 0.19046481 -0.035895206
v -0.15312056 0.17634337 -0.03716997
v -0.16469459 0.18016581 -0.03710414
v -0.16591953 0.20019458 -0.036639642
v -0.1793472 0.1795287 -0.03667871
v -0.0443076 0.10059557 -0.02389835
v -0.054464947 0.11360266 -0.024079723
v -0.058953192 0.10324704 -0.027723765
v -0.020964524 0.079764195 -0.024344346
v -0.033774387 0.09003859 -0.024304802
v -0.032632533 0.08397756 -0.02665366
v 0.0038365186 0.06661824 -0.02448943
v -0.007695142 0.07198702 -0.024117785
v -0.012543328 0.07065243 -0.02449591
v 0.01901645 0.060639795 -0.024441497
v 0.013411392 0.058962047 -0.024714185
v 0.03582115 0.055909496 -0.024441417
v 0.05288263 0.053850006 -0.024192356
v 0.05007183 0.046084974 -0.024150623
v 0.062449183 0.052992273 -0.024266468
v -0.04384002 0.09149585 -0.026420576
v 0.0620502 0.03964856 -0.022776505
v -0.016107947 -0.026703358 -0.020307185
v -0.01689466 -0.018715963 -0.021108953
v 0.0032983304 -0.022704847 -0.019877253
v 0.0027082947 -0.01627417 -0.020294677
v 0.022359986 -0.01610977 -0.020308064
v 0.01901645 -0.011244163 -0.020517549
v 0.042838376 -0.0029718298 -0.020797467
v 0.035569627 -0.0020983112 -0.020803588
v 0.051950645 0.0058607426 -0.020538362
v 0.04888405 0.010960341 -0.02130858
v 0.060088594 0.018812029 -0.021692371
v 0.05546024 0.020668942 -0.021768449
v 0.06512172 0.037988324 -0.022502622
v 0.06684653 0.053668745 -0.02332024
v 0.2120459 0.22508593 -0.014235211
v 0.199187 0.23412707 -0.013868651
v 0.20184462 0.22240892 -0.016760737
v 0.21813202 0.20763998 -0.016124824
v 0.21695028 0.22206584 -0.016041828
v 0.24766016 0.20609462 -0.014146057
v 0.23651326 0.2040395 -0.0156629
v 0.2422802 0.1987666 -0.01487616
v 0.18717489 0.14602405 -0.013759735
v 0.17732562 0.16776459 -0.01787806
v 0.16717859 0.13601229 -0.016232863
v 0.16952401 0.187604 -0.017860485
v 0.16313474 0.2102509 -0.0125141535
v 0.22558205 0.17861068 -0.015462339
v 0.20094207 0.17982279 -0.016397545
v 0.20993368 0.16448979 -0.014802039
v 0.19413865 0.19750854 -0.017043171
v 0.22720294 0.2325549 -0.013366574
v 0.20005392 0.2241013 -0.014802039
v 0.23056768 0.22265418 -0.0134520745
v 0.24915688 0.2140368 -0.013420683
v 0.2436343 0.20980988 -0.014485249
v 0.2245777 0.21633898 -0.014802039
v 0.22364926 0.22851287 -0.014734439
v 0.19969381 0.22830537 -0.014418388
v 0.1846789 0.21746235 -0.01578921
v 0.2350471 0.18943088 -0.015134192
v 0.22703138 0.19824283 -0.016401667
v -0.14983092 0.15501425 -0.015410274
v 0.12697884 0.2430573 -0.02264055
v 0.09355011 0.2524787 -0.024525153
v 0.0901774 0.19210982 -0.025663203
v 0.124547854 0.18437098 -0.024196837
v -0.053924467 0.22168075 -0.025837058
v -0.049359675 0.26488528 -0.02567677
v 0.072920084 0.07559099 -0.024943857
v 0.05629291 0.07826352 -0.025227655
v 0.0432267 0.054069053 -0.022685042
v -0.04648101 0.13111952 -0.024289452
v -0.05903812 0.14276507 -0.023980485
v -0.06410374 0.1297546 -0.023527397
v 0.15490825 0.23520958 -0.020736797
v -0.06374807 0.19311266 -0.025234083
v 0.08027225 0.13882457 -0.026244104
v 0.1176539 0.13419737 -0.02493132
v 0.16162278 0.17558888 -0.021023465
v 0.053872246 -0.012099534 -0.019783815
v 0.004346588 -0.02631484 -0.019022333
v -0.020717714 0.07951062 -0.024177177
v -0.0318507 0.059521582 -0.02221927
v 0.00029669236 0.06817417 -0.024063347
v 0.09121325 0.026318744 -0.021325579
v 0.111817196 0.05326873 -0.022135844
v 0.0807908 0.052744925 -0.022968395
v 0.04117956 -0.004547003 -0.019503048
v 0.03201406 -0.0068081426 -0.019382989
v 0.026564753 -0.017933464 -0.019319829
v 0.012196459 -0.0076495684 -0.019335123
v -0.0044485526 -0.005887406 -0.019350868
v -0.013117762 -0.01972802 -0.019129727
v 0.0053240843 -0.020254826 -0.019149281
v -0.024219913 -0.0017177558 -0.019464752
v -0.042733207 0.004150129 -0.019985018
v -0.052800145 -0.009450221 -0.01956019
v -0.036354396 -0.016120633 -0.019145437
v -0.07687973 0.02237772 -0.020585354
v -0.06800008 0.0033900521 -0.01999565
v -0.060025852 0.011912922 -0.02004883
v -0.078456685 0.07949363 -0.022338841
v -0.036787577 0.092575595 -0.024075603
v 0.047398236 0.0024678332 -0.019786125
v 0.03676295 0.082080774 -0.025377734
v 0.014602493 0.09032684 -0.025349056
v 0.018014906 0.06060035 -0.024022212
v -0.0075115296 0.10193365 -0.0249841
v -0.024938567 0.11381352 -0.024866449
v -0.05316645 0.112479605 -0.023898348
v 0.06336006 0.051724102 -0.022685021
v 0.10393691 0.077257276 -0.024233485
v 0.09278844 0.07539533 -0.024508867
v 0.09547964 0.055307955 -0.021437997
v 0.11729636 0.068700485 -0.021607785
v 0.13009162 0.08837481 -0.023242975
v 0.12171697 0.08336722 -0.023539454
v 0.13928908 0.09376716 -0.022823114
v 0.12791203 0.077504374 -0.022388149
v -0.0129206255 0.21342102 -0.026442528
v 0.040028226 0.20311613 -0.026455468
v 0.044326052 0.26181734 -0.02521948
v -0.0080613615 0.2656131 -0.02596618
v 0.030576294 0.15319909 -0.02675747
v -0.02357954 0.17460018 -0.026066735
v 0.119814515 0.28628775 -0.02148725
v 0.15684007 0.13091692 -0.02154506
v 0.13458428 0.09859094 -0.023105893
v 0.1508206 0.10332538 -0.021552531
v 0.106477395 0.09391851 -0.024913827
v 0.0692246 0.09794214 -0.025810106
v 0.019400617 0.10938104 -0.026100129
v -0.035518523 0.14825718 -0.025367996
v -0.08148465 0.16800533 -0.024442887
v -0.15053988 0.0935933 -0.014541447
v -0.14713451 0.051882636 -0.013315747
v -0.10505086 0.0086331805 -0.018109303
v -0.08819365 -0.0096255485 -0.0176038
v -0.041347492 -0.020858102 -0.01889538
v -0.060645062 -0.012644834 -0.019303154
v -0.01558312 -0.025282517 -0.018788585
v 0.026873762 -0.023496022 -0.01918952
v -0.15296064 0.12671262 -0.014769201
v -0.11820536 0.14720495 -0.022856496
v -0.11664261 0.11623813 -0.022183806
v -0.11438777 0.076579146 -0.021479493
v -0.12477356 0.031417012 -0.017946426
v -0.1105754 0.040740985 -0.02050672
v -0.08296574 0.13784866 -0.023616401
v -0.08293257 0.092404746 -0.022519669
v -0.087432966 0.052096225 -0.02156593
v -0.08278512 0.01885502 -0.020653604
v -0.07515605 -0.0012129785 -0.0198227
v -0.067073055 0.14821438 -0.024148177
v -0.07301433 0.10115297 -0.022832477
v -0.08097965 0.055021264 -0.021612575
v 0.0525237 -0.007117151 -0.01977691
v 0.13747986 0.08241343 -0.022211123
v 0.094868325 0.024857488 -0.021301394
v 0.11654259 0.051461127 -0.022143183
v 0.07168395 0.008166084 -0.020437
v 0.07467319 0.0042585093 -0.020459441
v 0.13275865 0.07537761 -0.022278463
v 0.04768328 -0.0025208977 -0.019531434
v 0.12942638 0.26922888 -0.021247452
v 0.058014352 0.02292527 -0.0217241
v 0.0095340265 0.0434633 -0.022868073
v -0.11537559 0.3817992 -0.021711633
v -0.13287076 0.4529024 -0.01867055
v -0.077264115 0.40194526 -0.02077279
v -0.12358295 0.4204518 -0.019775897
v -0.11333889 0.42550308 -0.021143857
v -0.10550844 0.38798168 -0.024063075
v -0.05851497 0.38197413 -0.022548214
v -0.09037485 0.39602825 -0.023333272
v -0.09329186 0.36617565 -0.02574568
v -0.07482073 0.3755628 -0.024567144
v -0.10731601 0.35782298 -0.02188749
v -0.037382726 0.35944256 -0.024022881
v -0.015083979 0.33491057 -0.025427429
v -0.056088652 0.3503914 -0.026041264
v -0.07837042 0.34027004 -0.027077451
v -0.062443204 0.3096537 -0.026987253
v -0.03798732 0.32405204 -0.02637888
v -0.098609924 0.32985666 -0.022402411
v -0.08561723 0.2979582 -0.023024203
v -0.099205755 0.29138926 -0.022123864
v 0.006584735 0.31143853 -0.026199786
v -0.022175385 0.3045432 -0.025395468
v -0.007795325 0.30848274 -0.02576229
v -0.036636945 0.29885182 -0.025882754
v -0.07845631 0.26872972 -0.024212597
v -0.08744835 0.2715336 -0.023256496
v -0.12460376 0.44133478 -0.019564122
v 0.018711034 0.31276095 -0.025625084
v -0.06671023 0.27983215 -0.024940586
v -0.051098507 0.29179046 -0.025643988
v -0.23361862 0.072329745 -0.039106935
v -0.15292662 0.16927426 -0.03844593
v -0.23219302 0.13163695 -0.0391075
v -0.22144873 0.1476835 -0.03906107
v -0.18429103 0.17241065 -0.039028686
v -0.1532226 0.14530256 -0.03957918
v -0.23932123 0.10882645 -0.039141178
v -0.19259137 0.092261724 -0.040571004
v -0.20852713 0.16015004 -0.038996108
v -0.12099194 0.15188125 -0.037733585
v -0.101317935 0.13505855 -0.03632022
v -0.08421003 0.116239846 -0.03358784
v -0.15749843 0.118778825 -0.040435016
v -0.09731959 0.08970418 -0.03711136
v -0.0996028 0.11222198 -0.036893424
v -0.10928307 0.0435326 -0.038078427
v -0.17630734 0.024142643 -0.039004177
v -0.13581873 0.011881943 -0.0383763
v -0.053329475 0.09331071 -0.029210364
v -0.026880264 0.028422816 -0.0284481
v -0.08278443 -0.004085357 -0.03410995
v -0.018915026 -0.0083623575 -0.02637375
v 0.014445274 0.0010470431 -0.0239257
v 0.044954274 0.026138544 -0.023943212
v -0.03914846 0.06833025 -0.028651565
v -0.21280412 0.047523342 -0.039407212
vt 0.019897461 0.7651367
vt 0.009506226 0.83154297
vt 0.048339844 0.78027344
vt 0.07159424 0.79541016
vt 0.07183838 0.8457031
vt 0.008056641 0.8408203
vt 0.010017395 0.9350586
vt 0.0725708 0.8852539
vt 0.07446289 0.9223633
vt 0.07458496 0.9526367
vt 0.043670654 0.9970703
vt 0.05178833 0.9941406
vt 0.011795044 0.99316406
vt 0.12524414 0.9658203
vt 0.09753418 0.94140625
vt 0.117614746 0.9326172
vt 0.16540527 0.94677734
vt 0.13977051 0.92285156
vt 0.15966797 0.91259766
vt 0.22644043 0.91796875
vt 0.17687988 0.9042969
vt 0.19958496 0.8930664
vt 0.23461914 0.89160156
vt 0.22338867 0.88183594
vt 0.25439453 0.82910156
vt 0.10479736 0.7871094
vt 0.061187744 0.7661133
vt 0.08911133 0.8105469
vt 0.22180176 0.8378906
vt 0.20471191 0.8691406
vt 0.097595215 0.81640625
vt 0.10784912 0.8203125
vt 0.20678711 0.79296875
vt 0.19091797 0.8334961
vt 0.19189453 0.8149414
vt 0.18896484 0.81396484
vt 0.17944336 0.81933594
vt 0.16748047 0.8261719
vt 0.16125488 0.82910156
vt 0.15576172 0.828125
vt 0.1430664 0.8256836
vt 0.123168945 0.82177734
vt 0.039154053 0.75927734
vt 0.17956543 0.6015625
vt 0.16748047 0.6357422
vt 0.21838379 0.6020508
vt 0.19763184 0.6220703
vt 0.20007324 0.6225586
vt 0.19641113 0.6254883
vt 0.20654297 0.62597656
vt 0.22692871 0.640625
vt 0.28881836 0.65527344
vt 0.24584961 0.6533203
vt 0.27368164 0.6748047
vt 0.2993164 0.6948242
vt 0.3400879 0.6933594
vt 0.31835938 0.71240234
vt 0.33422852 0.7285156
vt 0.3869629 0.7319336
vt 0.3486328 0.7446289
vt 0.3557129 0.75439453
vt 0.35888672 0.7597656
vt 0.3869629 0.77685547
vt 0.35961914 0.7651367
vt 0.35668945 0.7705078
vt 0.36083984 0.79589844
vt 0.35375977 0.7739258
vt 0.3474121 0.77734375
vt 0.34204102 0.8046875
vt 0.34033203 0.78027344
vt 0.32910156 0.7836914
vt 0.31030273 0.81347656
vt 0.32080078 0.7861328
vt 0.30908203 0.7866211
vt 0.24865723 0.80322266
vt 0.29541016 0.7871094
vt 0.28173828 0.78564453
vt 0.26708984 0.78271484
vt 0.2512207 0.7783203
vt 0.22888184 0.7988281
vt 0.23632812 0.7705078
vt 0.22583008 0.76464844
vt 0.20825195 0.7919922
vt 0.22094727 0.7631836
vt 0.19580078 0.78271484
vt 0.18688965 0.7553711
vt 0.21594238 0.7573242
vt 0.21411133 0.7446289
vt 0.17980957 0.7236328
vt 0.21179199 0.72216797
vt 0.2064209 0.68310547
vt 0.203125 0.66503906
vt 0.20092773 0.65185547
vt 0.19763184 0.6303711
vt 0.73095703 0.5908203
vt 0.72998047 0.5732422
vt 0.7211914 0.5751953
vt 0.3930664 0.63183594
vt 0.3955078 0.6489258
vt 0.40551758 0.6245117
vt 0.42138672 0.6401367
vt 0.3166504 0.609375
vt 0.3125 0.6225586
vt 0.328125 0.6376953
vt 0.30029297 0.58496094
vt 0.29296875 0.59375
vt 0.30566406 0.60253906
vt 0.35961914 0.6586914
vt 0.39282227 0.65185547
vt 0.3647461 0.6381836
vt 0.5390625 0.5332031
vt 0.53564453 0.53759766
vt 0.546875 0.53808594
vt 0.7167969 0.6035156
vt 0.71777344 0.6123047
vt 0.72998047 0.60253906
vt 0.40405273 0.6694336
vt 0.42260742 0.65722656
vt 0.73583984 0.57128906
vt 0.56933594 0.5498047
vt 0.5307617 0.54785156
vt 0.71875 0.61865234
vt 0.7182617 0.6279297
vt 0.73828125 0.6015625
vt 0.2890625 0.57910156
vt 0.2824707 0.6245117
vt 0.25219727 0.5800781
vt 0.28588867 0.56933594
vt 0.28149414 0.55566406
vt 0.2685547 0.5444336
vt 0.22692871 0.54296875
vt 0.5205078 0.5366211
vt 0.5283203 0.56152344
vt 0.5288086 0.54296875
vt 0.5463867 0.57958984
vt 0.58154297 0.5566406
vt 0.5732422 0.5917969
vt 0.6928711 0.6088867
vt 0.6591797 0.63183594
vt 0.70751953 0.6220703
vt 0.5991211 0.60302734
vt 0.59765625 0.5649414
vt 0.62597656 0.61572266
vt 0.6191406 0.57666016
vt 0.64160156 0.5864258
vt 0.6503906 0.59033203
vt 0.6635742 0.59472656
vt 0.67333984 0.5986328
vt 0.68408203 0.6015625
vt 0.71484375 0.62841797
vt 0.71972656 0.6640625
vt 0.71728516 0.62939453
vt 0.7553711 0.63964844
vt 0.7607422 0.5996094
vt 0.73779297 0.5703125
vt 0.73095703 0.56396484
vt 0.73583984 0.5673828
vt 0.76123047 0.5566406
vt 0.7495117 0.5463867
vt 0.7270508 0.56152344
vt 0.7207031 0.55859375
vt 0.71240234 0.5546875
vt 0.70654297 0.5517578
vt 0.7036133 0.54785156
vt 0.73535156 0.52734375
vt 0.6948242 0.53466797
vt 0.6845703 0.51953125
vt 0.70214844 0.49072266
vt 0.671875 0.5053711
vt 0.65478516 0.48535156
vt 0.6738281 0.45922852
vt 0.64208984 0.4729004
vt 0.63134766 0.46289062
vt 0.62109375 0.45385742
vt 0.29833984 0.6508789
vt 0.33691406 0.6591797
vt 0.31982422 0.68359375
vt 0.35083008 0.69140625
vt 0.34423828 0.6777344
vt 0.34057617 0.7060547
vt 0.35302734 0.7133789
vt 0.3623047 0.7133789
vt 0.36889648 0.7050781
vt 0.35546875 0.6777344
vt 0.37963867 0.6791992
vt 0.39575195 0.65527344
vt 0.39624023 0.65283203
vt 0.6489258 0.43115234
vt 0.7626953 0.5751953
vt 0.4086914 0.5834961
vt 0.4152832 0.609375
vt 0.43286133 0.6035156
vt 0.46044922 0.5942383
vt 0.44262695 0.57470703
vt 0.4255371 0.57910156
vt 0.49804688 0.5810547
vt 0.4765625 0.5600586
vt 0.45947266 0.5673828
vt 0.5161133 0.5708008
vt 0.5073242 0.53222656
vt 0.38964844 0.59033203
vt 0.39453125 0.58496094
vt 0.39013672 0.609375
vt 0.3798828 0.6386719
vt 0.36694336 0.62597656
vt 0.4951172 0.5463867
vt 0.4284668 0.625
vt 0.42749023 0.62158203
vt 0.1772461 0.83154297
vt 0.14562988 0.84814453
vt 0.16369629 0.84716797
vt 0.19787598 0.85058594
vt 0.1743164 0.8925781
vt 0.1673584 0.86572266
vt 0.14929199 0.8725586
vt 0.15588379 0.9008789
vt 0.20214844 0.88378906
vt 0.19226074 0.8847656
vt 0.12646484 0.9111328
vt 0.12365723 0.87841797
vt 0.096191406 0.88183594
vt 0.099243164 0.91796875
vt 0.12286377 0.84814453
vt 0.0947876 0.84765625
vt 0.21582031 0.64404297
vt 0.32348633 0.74902344
vt 0.29638672 0.75341797
vt 0.2644043 0.67578125
vt 0.25512695 0.7602539
vt 0.21179199 0.6816406
vt 0.24121094 0.67578125
vt 0.2697754 0.7158203
vt 0.29541016 0.71435547
vt 0.23352051 0.72021484
vt 0.71191406 0.6196289
vt 0.7089844 0.62158203
vt 0.58740234 0.42797852
vt 0.56884766 0.41381836
vt 0.5830078 0.43945312
vt 0.5288086 0.54296875
vt 0.5205078 0.52197266
vt 0.5205078 0.4633789
vt 0.5126953 0.48706055
vt 0.54589844 0.5073242
vt 0.5444336 0.5283203
vt 0.59765625 0.43530273
vt 0.32836914 0.61035156
vt 0.31054688 0.59277344
vt 0.41845703 0.6230469
vt 0.41015625 0.6245117
vt 0.53222656 0.44360352
vt 0.5600586 0.47021484
vt 0.7290039 0.5966797
vt 0.7294922 0.60058594
vt 0.6435547 0.5708008
vt 0.67041016 0.58984375
vt 0.68066406 0.56933594
vt 0.73046875 0.59277344
vt 0.6738281 0.5253906
vt 0.7167969 0.61865234
vt 0.7207031 0.5605469
vt 0.7207031 0.56591797
vt 0.7294922 0.5683594
vt 0.7089844 0.55615234
vt 0.69873047 0.5527344
vt 0.7290039 0.57177734
vt 0.71728516 0.5698242
vt 0.7138672 0.57128906
vt 0.7207031 0.5805664
vt 0.69433594 0.6074219
vt 0.68359375 0.59814453
vt 0.70214844 0.6044922
vt 0.69189453 0.58691406
vt 0.7133789 0.6015625
vt 0.7060547 0.5761719
vt 0.71728516 0.6010742
vt 0.71728516 0.5878906
vt 0.7128906 0.5625
vt 0.7211914 0.5708008
vt 0.71240234 0.5576172
vt 0.64160156 0.58251953
vt 0.51464844 0.51220703
vt 0.55566406 0.42382812
vt 0.59765625 0.5595703
vt 0.65478516 0.546875
vt 0.6176758 0.51660156
vt 0.64160156 0.49023438
vt 0.5839844 0.4892578
vt 0.60253906 0.5444336
vt 0.609375 0.46142578
vt 0.5678711 0.5419922
vt 0.5698242 0.5229492
vt 0.6098633 0.44458008
vt 0.3623047 0.57714844
vt 0.3876953 0.6352539
vt 0.40014648 0.6098633
vt 0.36254883 0.5830078
vt 0.3720703 0.5913086
vt 0.38208008 0.6381836
vt 0.32299805 0.5913086
vt 0.34228516 0.609375
vt 0.33374023 0.59277344
vt 0.3479004 0.6074219
vt 0.3527832 0.60546875
vt 0.33911133 0.58984375
vt 0.36328125 0.59765625
vt 0.37036133 0.6245117
vt 0.37768555 0.6196289
vt 0.35253906 0.5800781
vt 0.31591797 0.56640625
vt 0.3557129 0.6152344
vt 0.34765625 0.6777344
vt 0.33666992 0.6381836
vt 0.3557129 0.6386719
vt 0.3425293 0.6591797
vt 0.3557129 0.6591797
vt 0.30810547 0.60546875
vt 0.2902832 0.5625
vt 0.29638672 0.56689453
vt 0.29516602 0.5600586
vt 0.29174805 0.5810547
vt 0.30395508 0.56689453
vt 0.29077148 0.5683594
vt 0.30322266 0.58740234
vt 0.014549255 0.7319336
vt 0.03137207 0.74902344
vt 0.046661377 0.72314453
vt 0.08026123 0.7675781
vt 0.07836914 0.74365234
vt 0.06719971 0.7392578
vt 0.056243896 0.73339844
vt 0.050933838 0.7285156
vt 0.1730957 0.7446289
vt 0.14611816 0.7441406
vt 0.16149902 0.76904297
vt 0.14379883 0.7470703
vt 0.14025879 0.75
vt 0.12231445 0.77685547
vt 0.13476562 0.75097656
vt 0.11730957 0.75097656
vt 0.10675049 0.77441406
vt 0.1628418 0.703125
vt 0.14562988 0.7397461
vt 0.14257812 0.73046875
vt 0.1394043 0.72021484
vt 0.13427734 0.70751953
vt 0.10070801 0.7495117
vt 0.14672852 0.6689453
vt 0.12927246 0.6958008
vt 0.119140625 0.6772461
vt 0.13537598 0.6484375
vt 0.11022949 0.66308594
vt 0.087646484 0.59765625
vt 0.0949707 0.6435547
vt 0.10119629 0.6064453
vt 0.10235596 0.65234375
vt 0.12817383 0.63964844
vt 0.11193848 0.6196289
vt 0.08605957 0.6328125
vt 0.07861328 0.625
vt 0.07318115 0.6201172
vt 0.07196045 0.58740234
vt 0.053619385 0.5859375
vt 0.068603516 0.6176758
vt 0.013946533 0.62841797
vt 0.06414795 0.63916016
vt 0.027175903 0.6142578
vt 0.06713867 0.61865234
vt 0.040405273 0.60009766
vt 0.06604004 0.6201172
vt 0.066223145 0.6230469
vt 0.06573486 0.6274414
vt 0.06506348 0.63427734
vt 0.04284668 0.7182617
vt 0.008995056 0.71777344
vt 0.041748047 0.7133789
vt 0.0060653687 0.6933594
vt 0.041931152 0.6972656
vt 0.043060303 0.6855469
vt 0.037719727 0.6816406
vt 0.029769897 0.67529297
vt 7.408857E-05 0.6665039
vt 0.025558472 0.6699219
vt 0.00932312 0.6411133
vt 0.032043457 0.6665039
vt 0.0046958923 0.6538086
vt 0.04220581 0.64990234
vt 0.040649414 0.64404297
vt 0.05947876 0.6381836
vt 0.05429077 0.6376953
vt 0.047607422 0.63720703
vt 0.04196167 0.6381836
vt 0.03930664 0.63964844
vt 0.039978027 0.6621094
vt 0.04360962 0.6567383
vt 0.043548584 0.66064453
vt 0.25854492 0.5336914
vt 0.25048828 0.5234375
vt 0.21569824 0.52490234
vt 0.24255371 0.51220703
vt 0.23583984 0.5004883
vt 0.23083496 0.4892578
vt 0.18640137 0.47143555
vt 0.22595215 0.4753418
vt 0.22229004 0.46264648
vt 0.22009277 0.44970703
vt 0.21899414 0.43652344
vt 0.18933105 0.38354492
vt 0.21826172 0.41625977
vt 0.21887207 0.39892578
vt 0.21960449 0.38793945
vt 0.22216797 0.37475586
vt 0.22680664 0.35546875
vt 0.22387695 0.27392578
vt 0.23547363 0.33032227
vt 0.24316406 0.3154297
vt 0.25170898 0.30126953
vt 0.2607422 0.2878418
vt 0.2697754 0.27685547
vt 0.28393555 0.26049805
vt 0.29589844 0.24743652
vt 0.3125 0.18579102
vt 0.3125 0.2322998
vt 0.3256836 0.22216797
vt 0.33666992 0.21472168
vt 0.3503418 0.20703125
vt 0.37036133 0.19787598
vt 0.38916016 0.19226074
vt 0.41625977 0.15209961
vt 0.40429688 0.18933105
vt 0.41967773 0.18737793
vt 0.4345703 0.18652344
vt 0.63720703 0.4169922
vt 0.5913086 0.42041016
vt 0.59521484 0.40893555
vt 0.60009766 0.39404297
vt 0.6352539 0.4008789
vt 0.60253906 0.38012695
vt 0.6035156 0.37402344
vt 0.6381836 0.38452148
vt 0.60498047 0.36450195
vt 0.6401367 0.36767578
vt 0.6044922 0.34936523
vt 0.6044922 0.33251953
vt 0.64208984 0.33374023
vt 0.60253906 0.3149414
vt 0.60009766 0.29858398
vt 0.640625 0.30004883
vt 0.5966797 0.2824707
vt 0.6352539 0.27392578
vt 0.59277344 0.27172852
vt 0.5854492 0.2590332
vt 0.625 0.24536133
vt 0.6118164 0.21716309
vt 0.5776367 0.2487793
vt 0.5625 0.2331543
vt 0.5673828 0.18798828
vt 0.54833984 0.2232666
vt 0.5361328 0.21643066
vt 0.52783203 0.21130371
vt 0.5180664 0.20666504
vt 0.50439453 0.20007324
vt 0.5083008 0.16149902
vt 0.49047852 0.19519043
vt 0.47631836 0.19116211
vt 0.44970703 0.18713379
vt 0.85595703 0.9448242
vt 0.85302734 0.94384766
vt 0.83447266 0.9526367
vt 0.8388672 0.93066406
vt 0.7753906 0.89697266
vt 0.8203125 0.9145508
vt 0.8120117 0.9067383
vt 0.7885742 0.8857422
vt 0.76220703 0.86376953
vt 0.7475586 0.8725586
vt 0.7006836 0.80810547
vt 0.6640625 0.7919922
vt 0.7006836 0.828125
vt 0.7363281 0.8408203
vt 0.7246094 0.85058594
vt 0.82421875 0.796875
vt 0.83984375 0.79052734
vt 0.81640625 0.7578125
vt 0.8754883 0.9394531
vt 0.8623047 0.9628906
vt 0.8569336 0.9423828
vt 0.8691406 0.9082031
vt 0.8540039 0.92578125
vt 0.8486328 0.90185547
vt 0.8544922 0.8515625
vt 0.8383789 0.8564453
vt 0.84814453 0.82373047
vt 0.83251953 0.8286133
vt 0.6743164 0.7895508
vt 0.72021484 0.82714844
vt 0.82714844 0.7426758
vt 0.81640625 0.7578125
vt 0.8144531 0.7470703
vt 0.80908203 0.7397461
vt 0.8144531 0.7470703
vt 0.8027344 0.73583984
vt 0.3137207 0.83935547
vt 0.3330078 0.82958984
vt 0.33862305 0.8100586
vt 0.32470703 0.8173828
vt 0.34521484 0.82470703
vt 0.41577148 0.9501953
vt 0.43432617 0.98046875
vt 0.43603516 0.9555664
vt 0.45458984 0.9609375
vt 0.35546875 0.82128906
vt 0.36547852 0.8178711
vt 0.39819336 0.80908203
vt 0.37548828 0.7910156
vt 0.42944336 0.7705078
vt 0.4267578 0.8022461
vt 0.44580078 0.7988281
vt 0.46142578 0.79541016
vt 0.48388672 0.79345703
vt 0.4729004 0.9667969
vt 0.42285156 0.9707031
vt 0.4165039 0.9589844
vt 0.60546875 0.86328125
vt 0.6347656 0.86279297
vt 0.59765625 0.84375
vt 0.59375 0.93066406
vt 0.5830078 0.9433594
vt 0.6040039 0.95654297
vt 0.60058594 0.91552734
vt 0.6269531 0.92626953
vt 0.60546875 0.89990234
vt 0.6074219 0.8798828
vt 0.6201172 0.82714844
vt 0.5854492 0.82421875
vt 0.5908203 0.7890625
vt 0.5673828 0.80566406
vt 0.5527344 0.7973633
vt 0.5341797 0.7910156
vt 0.53515625 0.76660156
vt 0.5161133 0.7895508
vt 0.48657227 0.765625
vt 0.5073242 0.9975586
vt 0.4921875 0.96972656
vt 0.50878906 0.97216797
vt 0.52490234 0.97216797
vt 0.5288086 0.9946289
vt 0.54248047 0.9682617
vt 0.5566406 0.96533203
vt 0.56933594 0.9848633
vt 0.5708008 0.9560547
vt 0.38916016 0.95458984
vt 0.40673828 0.96191406
vt 0.40551758 0.94873047
vt 0.3540039 0.9472656
vt 0.37280273 0.9501953
vt 0.36816406 0.9448242
vt 0.32128906 0.9482422
vt 0.33618164 0.9472656
vt 0.3400879 0.9428711
vt 0.30273438 0.9511719
vt 0.30737305 0.94628906
vt 0.28320312 0.9560547
vt 0.26513672 0.9638672
vt 0.26342773 0.95410156
vt 0.2541504 0.9692383
vt 0.38378906 0.9458008
vt 0.24572754 0.9550781
vt 0.2849121 0.8408203
vt 0.29296875 0.8510742
vt 0.27001953 0.8544922
vt 0.27490234 0.8647461
vt 0.25219727 0.8745117
vt 0.2607422 0.87841797
vt 0.23913574 0.8959961
vt 0.24914551 0.8964844
vt 0.23608398 0.9121094
vt 0.24267578 0.9169922
vt 0.23486328 0.93115234
vt 0.24145508 0.93115234
vt 0.24121094 0.9555664
vt 0.24926758 0.97265625
vt 0.045928955 0.65966797
vt 0.032196045 0.6713867
vt 0.04598999 0.671875
vt 0.0670166 0.6582031
vt 0.050750732 0.65527344
vt 0.07727051 0.62646484
vt 0.07635498 0.63916016
vt 0.083740234 0.63427734
vt 0.12585449 0.70947266
vt 0.09899902 0.7138672
vt 0.13098145 0.734375
vt 0.0748291 0.7167969
vt 0.04800415 0.71728516
vt 0.101135254 0.6582031
vt 0.09265137 0.6845703
vt 0.11212158 0.6791992
vt 0.07110596 0.6870117
vt 0.042175293 0.6411133
vt 0.043548584 0.67333984
vt 0.05404663 0.6401367
vt 0.06903076 0.6220703
vt 0.07208252 0.62939453
vt 0.05923462 0.6484375
vt 0.04559326 0.6459961
vt 0.038757324 0.6723633
vt 0.04638672 0.69189453
vt 0.091918945 0.64501953
vt 0.079956055 0.6508789
vt 0.58935547 0.40185547
vt 0.27197266 0.50341797
vt 0.31030273 0.51464844
vt 0.31420898 0.4453125
vt 0.2746582 0.4362793
vt 0.47998047 0.4794922
vt 0.47460938 0.5292969
vt 0.33398438 0.3112793
vt 0.35327148 0.31445312
vt 0.36816406 0.2866211
vt 0.47143555 0.37524414
vt 0.48583984 0.38842773
vt 0.49145508 0.37353516
vt 0.24023438 0.49438477
vt 0.49121094 0.4465332
vt 0.32543945 0.38427734
vt 0.28271484 0.3786621
vt 0.23242188 0.4260254
vt 0.35620117 0.21057129
vt 0.4128418 0.19433594
vt 0.4416504 0.31591797
vt 0.45458984 0.2927246
vt 0.41748047 0.30273438
vt 0.31323242 0.25463867
vt 0.28955078 0.28564453
vt 0.3251953 0.2849121
vt 0.37060547 0.21923828
vt 0.38110352 0.2166748
vt 0.38745117 0.20385742
vt 0.4038086 0.21569824
vt 0.4230957 0.21765137
vt 0.43286133 0.20178223
vt 0.41186523 0.20117188
vt 0.44555664 0.22241211
vt 0.46679688 0.22924805
vt 0.47851562 0.21362305
vt 0.45947266 0.20593262
vt 0.5058594 0.25
vt 0.4958496 0.22827148
vt 0.4868164 0.23815918
vt 0.5078125 0.31567383
vt 0.46020508 0.33081055
vt 0.3623047 0.22729492
vt 0.37573242 0.31884766
vt 0.40112305 0.32836914
vt 0.3972168 0.29418945
vt 0.42651367 0.34155273
vt 0.4465332 0.3552246
vt 0.4790039 0.35375977
vt 0.34204102 0.28393555
vt 0.29833984 0.31323242
vt 0.3112793 0.31103516
vt 0.3083496 0.2878418
vt 0.28320312 0.30322266
vt 0.2685547 0.32592773
vt 0.27807617 0.3203125
vt 0.2578125 0.33203125
vt 0.2709961 0.31347656
vt 0.43286133 0.4699707
vt 0.37182617 0.45825195
vt 0.36694336 0.5253906
vt 0.4272461 0.52978516
vt 0.3828125 0.4008789
vt 0.44506836 0.42529297
vt 0.28027344 0.55322266
vt 0.23791504 0.37475586
vt 0.26342773 0.33764648
vt 0.24475098 0.34301758
vt 0.29541016 0.33251953
vt 0.3383789 0.3371582
vt 0.3955078 0.3503418
vt 0.45874023 0.39501953
vt 0.51171875 0.41748047
vt 0.58984375 0.33154297
vt 0.5859375 0.2836914
vt 0.53808594 0.234375
vt 0.51904297 0.2133789
vt 0.46533203 0.20056152
vt 0.48754883 0.20996094
vt 0.43579102 0.19543457
vt 0.38720703 0.19750977
vt 0.59277344 0.36938477
vt 0.55371094 0.3935547
vt 0.5517578 0.35791016
vt 0.5493164 0.31225586
vt 0.56103516 0.26049805
vt 0.5449219 0.27124023
vt 0.5131836 0.3828125
vt 0.5131836 0.3305664
vt 0.5180664 0.2841797
vt 0.5126953 0.24609375
vt 0.50390625 0.22302246
vt 0.4951172 0.3947754
vt 0.5019531 0.34057617
vt 0.5107422 0.28759766
vt 0.35766602 0.2163086
vt 0.26000977 0.3190918
vt 0.30908203 0.2529297
vt 0.2841797 0.28344727
vt 0.33569336 0.23376465
vt 0.3322754 0.22937012
vt 0.26538086 0.31103516
vt 0.36328125 0.22155762
vt 0.2692871 0.5332031
vt 0.34936523 0.25073242
vt 0.40698242 0.27441406
vt 0.83496094 0.8618164
vt 0.8544922 0.9433594
vt 0.7910156 0.8852539
vt 0.8442383 0.90625
vt 0.83251953 0.9121094
vt 0.82373047 0.8696289
vt 0.76953125 0.8623047
vt 0.80615234 0.87890625
vt 0.8095703 0.84472656
vt 0.78808594 0.85546875
vt 0.8256836 0.83447266
vt 0.7451172 0.83691406
vt 0.7192383 0.80859375
vt 0.76660156 0.82666016
vt 0.79248047 0.8154297
vt 0.7739258 0.77978516
vt 0.74560547 0.7963867
vt 0.8154297 0.8022461
vt 0.80078125 0.765625
vt 0.81640625 0.7578125
vt 0.69433594 0.7817383
vt 0.72753906 0.77441406
vt 0.7109375 0.7783203
vt 0.7441406 0.7680664
vt 0.79248047 0.7324219
vt 0.8027344 0.73583984
vt 0.84521484 0.9301758
vt 0.6801758 0.7841797
vt 0.7788086 0.7470703
vt 0.7607422 0.75927734
vt 0.56396484 0.81689453
vt 0.53808594 0.9609375
vt 0.5966797 0.8774414
vt 0.59521484 0.89990234
vt 0.57177734 0.94628906
vt 0.52441406 0.93652344
vt 0.5908203 0.85058594
vt 0.5336914 0.86035156
vt 0.58935547 0.9199219
vt 0.4958496 0.96191406
vt 0.46606445 0.95654297
vt 0.43823242 0.9472656
vt 0.5131836 0.90771484
vt 0.4362793 0.91308594
vt 0.45141602 0.9345703
vt 0.42163086 0.859375
vt 0.47827148 0.80126953
vt 0.43041992 0.8120117
vt 0.3942871 0.94189453
vt 0.33081055 0.89208984
vt 0.3684082 0.82666016
vt 0.30273438 0.859375
vt 0.27490234 0.8886719
vt 0.25805664 0.9316406
vt 0.36572266 0.92529297
vt 0.5288086 0.80371094
vn -0 0 -1
vn -0 0 -1
vn -0 0 -1
vn -0 0 -1
vn -0 0 -1
vn -0 0 -1
vn -0 0 -1
vn -0 0 -1
vn -0 0 -1
vn -0 0 -1
vn -0 0 -1
vn -0 0 -1
vn -0 0 -1
vn -0 0 -1
vn -0 0 -1
vn -0 0 -1
vn -0 0 -1
vn -0 0 -1
vn -0 0 -1
vn -0 0 -1
vn -0 0 -1
vn -0 0 -1
vn -0 0 -1
vn -0 0 -1
vn -0 0 -1
vn -0 0 -1
vn -0 0 -1
vn -0 0 -1
vn -0 0 -1
vn -0 0 -1
vn -0 0 -1
vn -0 0 -1
vn -0 0 -1
vn -0 0 -1
vn -0 0 -1
vn -0 0 -1
vn -0 0 -1
vn -0 0 -1
vn -0 0 -1
vn -0 0 -1
vn -0 0 -1
vn -0 0 -1
vn -0 0 -1
vn -0 0 -1
vn -0 0 -1
vn -0 0 -1
vn -0 0 -1
vn -0 0 -1
vn -0 0 -1
vn -0 0 -1
vn -0 0 -1
vn -0 0 -1
vn -0 0 -1
vn -0 0 -1
vn -0 0 -1
vn -0 0 -1
vn -0 0 -1
vn -0 0 -1
vn -0 0 -1
vn -0 0 -1
vn -0 0 -1
vn -0 0 -1
vn -0 0 -1
vn -0 0 -1
vn -0 0 -1
vn -0 0 -1
vn -0 0 -1
vn -0 0 -1
vn -0 0 -1
vn -0 0 -1
vn -0 0 -1
vn -0 0 -1
vn -0 0 -1
vn -0 0 -1
vn -0 0 -1
vn -0 0 -1
vn -0 0 -1
vn -0 0 -1
vn -0 0 -1
vn -0 0 -1
vn -0 0 -1
vn -0 0 -1
vn -0 0 -1
vn -0 0 -1
vn -0 0 -1
vn -0 0 -1
vn -0 0 -1
vn -0 0 -1
vn -0 0 -1
vn -0 0 -1
vn -0 0 -1
vn -0 0 -1
vn -0 0 -1
vn -0 0 -1
vn -0 0 -1
vn -0 0 -1
vn -0 0 -1
vn -0 0 -1
vn -0 0 -1
vn -0 0 -1
vn -0 0 -1
vn -0 0 -1
vn -0 0 -1
vn -0 0 -1
vn -0 0 -1
vn -0 0 -1
vn -0 0 -1
vn -0 0 -1
vn -0 0 -1
vn -0 0 -1
vn -0 0 -1
vn -0 0 -1
vn -0 0 -1
vn -0 0 -1
vn -0 0 -1
vn -0 0 -1
vn -0 0 -1
vn -0 0 -1
vn -0 0 -1
vn -0 0 -1
vn -0 0 -1
vn -0 0 -1
vn -0 0 -1
vn -0 0 -1
vn -0 0 -1
vn -0 0 -1
vn -0 0 -1
vn -0 0 -1
vn -0 0 -1
vn -0 0 -1
vn -0 0 -1
vn -0 0 -1
vn -0 0 -1
vn -0.036468506 0.13757324 -0.9897461
vn -0 0 -1
vn -0 0 -1
vn -0 0 -1
vn -0 0 -1
vn -0 0 -1
vn -0 0 -1
vn -0 0 -1
vn -0 0 -1
vn -0 0 -1
vn -0 0 -1
vn -0 0 -1
vn -0 0 -1
vn -0 0 -1
vn -0 0 -1
vn -0 0 -1
vn -0 0 -1
vn -0 0 -1
vn -0 0 -1
vn -0 0 -1
vn -0 0 -1
vn -0 0 -1
vn -0 0 -1
vn -0 0 -1
vn -0 0 -1
vn -0 0 -1
vn -0 0 -1
vn -0 0 -1
vn -0 0 -1
vn -0 0 -1
vn -0 0 -1
vn -0 0 -1
vn -0 0 -1
vn -0 0 -1
vn -0 0 -1
vn -0 0 -1
vn -0 0 -1
vn -0 0 -1
vn -0 0 -1
vn -0 0 -1
vn -0 0 -1
vn -0 0 -1
vn -0 0 -1
vn -0 0 -1
vn -0 0 -1
vn -0 0 -1
vn -0 0 -1
vn -0 0 -1
vn -0 0 -1
vn -0 0 -1
vn -0 0 -1
vn -0 0 -1
vn -0 0 -1
vn -0 0 -1
vn -0 0 -1
vn -0 0 -1
vn -0 0 -1
vn -0 0 -1
vn -0 0 -1
vn -0 0 -1
vn -0 0 -1
vn 0.0069274902 0.03677368 -0.9995117
vn -0 0 -1
vn -0 0 -1
vn -0.002325058 0.024993896 -0.9995117
vn -0 0 -1
vn -0 0 -1
vn -0 0 -1
vn 0.009460449 0.085510254 -0.99609375
vn -0 0 -1
vn -0 0 -1
vn -0 0 -1
vn -0.06549072 -0.00932312 -0.9980469
vn -0 0 -1
vn -0 0 -1
vn -0 0 -1
vn -0 0 -1
vn -0 0 -1
vn -0 0 -1
vn -0 0 -1
vn -0 0 -1
vn -0 0 -1
vn -0 0 -1
vn -0 0 -1
vn -0 0 -1
vn -0 0 -1
vn -0 0 -1
vn -0 0 -1
vn -0 0 -1
vn -0 0 -1
vn -0 0 -1
vn -0 0 -1
vn -0 0 -1
vn -0 0 -1
vn -0 0 -1
vn -0 0 -1
vn -0 0 -1
vn -0 0 -1
vn -0 0 -1
vn -0 0 -1
vn -0 0 -1
vn -0 0 -1
vn -0 0 -1
vn -0 0 -1
vn -0 0 -1
vn -0 0 -1
vn -0.21032715 -0.021499634 -0.97753906
vn -0 0 -1
vn -0 0 -1
vn -0 0 -1
vn -0 0 -1
vn -0 0 -1
vn -0 0 -1
vn -0 0 -1
vn -0 0 -1
vn -0 0 -1
vn -0 0 -1
vn -0 0 -1
vn -0 0 -1
vn -0 0 -1
vn -0 0 -1
vn -0 0 -1
vn -0 0 -1
vn -0 0 -1
vn -0 0 -1
vn -0 0 -1
vn -0 0 -1
vn -0 0 -1
vn -0 0 -1
vn -0 0 -1
vn -0 0 -1
vn -0 0 -1
vn -0 0 -1
vn -0 0 -1
vn -0 0 -1
vn -0 0 -1
vn -0 0 -1
vn -0 0 -1
vn -0 0 -1
vn -0 0 -1
vn -0 0 -1
vn -0 0 -1
vn -0 0 -1
vn -0 0 -1
vn -0 0 -1
vn -0 0 -1
vn -0 0 -1
vn -0 0 -1
vn -0 0 -1
vn -0 0 -1
vn -0 0 -1
vn -0 0 -1
vn -0 0 -1
vn -0 0 -1
vn -0 0 -1
vn -0 0 -1
vn -0 0 -1
vn -0 0 -1
vn -0 0 -1
vn -0 0 -1
vn -0 0 -1
vn -0 0 -1
vn -0 0 -1
vn -0 0 -1
vn -0 0 -1
vn -0 0 -1
vn -0 0 -1
vn -0 0 -1
vn -0 0 -1
vn -0 0 -1
vn -0 0 -1
vn -0 0 -1
vn -0 0 -1
vn -0 0 -1
vn -0 0 -1
vn -0 0 -1
vn -0 0 -1
vn -0 0 -1
vn -0 0 -1
vn -0 0 -1
vn -0 0 -1
vn -0 0 -1
vn -0 0 -1
vn -0 0 -1
vn -0 0 -1
vn -0 0 -1
vn -0 0 -1
vn -0 0 -1
vn -0 0 -1
vn -0 0 -1
vn -0 0 -1
vn -0 0 -1
vn -0 0 -1
vn -0 0 -1
vn -0 0 -1
vn -0 0 -1
vn -0 0 -1
vn -0 0 -1
vn -0 0 -1
vn -0 0 -1
vn -0 0 -1
vn -0 0 -1
vn -0 0 -1
vn -0 0 -1
vn -0 0 -1
vn -0 0 -1
vn -0 0 -1
vn -0 0 -1
vn -0 0 -1
vn -0 0 -1
vn -0 0 -1
vn -0 0 -1
vn -0 0 -1
vn -0 0 -1
vn -0 0 -1
vn -0 0 -1
vn -0 0 -1
vn -0 0 -1
vn -0 0 -1
vn -0 0 -1
vn -0 0 -1
vn -0 0 -1
vn -0 0 -1
vn -0 0 -1
vn -0 0 -1
vn -0 0 -1
vn -0 0 -1
vn -0 0 -1
vn -0 0 -1
vn -0 0 -1
vn -0 0 -1
vn -0 0 -1
vn -0 0 -1
vn -0 0 -1
vn -0 0 -1
vn -0 0 -1
vn -0 0 -1
vn -0 0 -1
vn -0 0 -1
vn -0 0 -1
vn -0 0 -1
vn -0 0 -1
vn -0 0 -1
vn -0 0 -1
vn -0 0 -1
vn -0 0 -1
vn -0 0 -1
vn -0 0 -1
vn -0 0 -1
vn -0 0 -1
vn -0 0 -1
vn -0 0 -1
vn -0 0 -1
vn -0 0 -1
vn -0 0 -1
vn -0 0 -1
vn -0 0 -1
vn -0 0 -1
vn -0 0 -1
vn -0 0 -1
vn -0 0 -1
vn -0 0 -1
vn -0 0 -1
vn -0 0 -1
vn -0 0 -1
vn -0 0 -1
vn -0 0 -1
vn -0 0 -1
vn -0 0 -1
vn -0 0 -1
vn -0 0 -1
vn -0 0 -1
vn -0 0 -1
vn -0 0 -1
vn -0 0 -1
vn -0 0 -1
vn -0 0 -1
vn -0 0 -1
vn -0 0 -1
vn -0 0 -1
vn -0 0 -1
vn -0 0 -1
vn -0 0 -1
vn -0 0 -1
vn -0 0 -1
vn -0 0 -1
vn -0 0 -1
vn -0 0 -1
vn -0 0 -1
vn -0 0 -1
vn -0 0 -1
vn -0 0 -1
vn -0 0 -1
vn -0 0 -1
vn -0 0 -1
vn -0 0 -1
vn -0 0 -1
vn -0 0 -1
vn -0 0 -1
vn -0 0 -1
vn -0 0 -1
vn -0 0 -1
vn -0 0 -1
vn -0 0 -1
vn -0 0 -1
vn -0 0 -1
vn -0 0 -1
vn -0 0 -1
vn -0 0 -1
vn -0 0 -1
vn -0 0 -1
vn -0 0 -1
vn -0 0 -1
vn -0 0 -1
vn -0 0 -1
vn -0 0 -1
vn -0 0 -1
vn -0 0 -1
vn -0 0 -1
vn -0 0 -1
vn -0 0 -1
vn -0 0 -1
vn -0 0 -1
vn -0 0 -1
vn -0 0 -1
vn -0 0 -1
vn -0 0 -1
vn -0 0 -1
vn -0 0 -1
vn -0 0 -1
vn -0 0 -1
vn -0 0 -1
vn -0 0 -1
vn -0 0 -1
vn -0 0 -1
vn -0 0 -1
vn -0 0 -1
vn -0 0 -1
vn -0 0 -1
vn -0 0 -1
vn -0 0 -1
vn -0 0 -1
vn -0 0 -1
vn -0 0 -1
vn 0.026641846 0.06945801 -0.9970703
vn -0.032409668 0.006778717 -0.9995117
vn -0 0 -1
vn -0 0 -1
vn -0 0 -1
vn -0 0 -1
vn -0.04055786 0.023880005 -0.99902344
vn -0 0 -1
vn -0 0 -1
vn -0 0 -1
vn -0 0 -1
vn -0 0 -1
vn -0 0 -1
vn -0 0 -1
vn -0 0 -1
vn -0 0 -1
vn -0 0 -1
vn -0 0 -1
vn -0 0 -1
vn -0.1282959 -0.013420105 -0.9916992
vn -0.077697754 0.014022827 -0.9970703
vn -0 0 -1
vn -0.065979004 0.01828003 -0.9975586
vn -0 0 -1
vn -0 0 -1
vn -0 0 -1
vn -0 0 -1
vn -0 0 -1
vn -0 0 -1
vn -0 0 -1
vn -0 0 -1
vn -0 0 -1
vn -0 0 -1
vn -0 0 -1
vn -0 0 -1
vn -0 0 -1
vn -0 0 -1
vn -0 0 -1
vn -0 0 -1
vn -0 0 -1
vn -0 0 -1
vn -0 0 -1
vn -0 0 -1
vn -0 0 -1
vn -0 0 -1
vn -0 0 -1
vn -0 0 -1
vn -0 0 -1
vn -0 0 -1
vn -0 0 -1
vn -0 0 -1
vn -0 0 -1
vn -0 0 -1
vn -0 0 -1
vn -0 0 -1
vn -0 0 -1
vn -0 0 -1
vn -0 0 -1
vn -0 0 -1
vn -0 0 -1
vn -0 0 -1
vn -0 0 -1
vn -0 0 -1
vn -0 0 -1
vn -0 0 -1
vn -0 0 -1
vn -0 0 -1
vn -0 0 -1
vn -0 0 -1
vn -0 0 -1
vn -0 0 -1
vn -0 0 -1
vn -0 0 -1
vn -0 0 -1
vn -0 0 -1
vn -0 0 -1
vn -0 0 -1
vn -0 0 -1
vn -0 0 -1
vn -0 0 -1
vn -0 0 -1
vn -0 0 -1
vn -0 0 -1
vn -0 0 -1
vn -0 0 -1
vn -0 0 -1
vn -0 0 -1
vn -0 0 -1
vn -0 0 -1
vn -0 0 -1
vn -0 0 -1
vn -0 0 -1
vn -0 0 -1
vn -0 0 -1
vn -0 0 -1
vn -0 0 -1
vn -0 0 -1
vn -0 0 -1
vn -0 0 -1
vn -0 0 -1
vn -0 0 -1
vn -0 0 -1
vn -0 0 -1
vn -0 0 -1
vn -0 0 -1
vn -0 0 -1
vn -0 0 -1
vn -0 0 -1
vn -0 0 -1
vn -0 0 -1
vn -0 0 -1
vn -0 0 -1
vn -0 0 -1
vn -0 0 -1
vn -0 0 -1
vn -0 0 -1
vn -0 0 -1
vn -0 0 -1
vn -0 0 -1
vn -0 0 -1
vn -0 0 -1
vn -0 0 -1
vn -0 0 -1
vn -0 0 -1
vn -0 0 -1
vn -0 0 -1
vn -0 0 -1
vn -0 0 -1
vn -0 0 -1
vn -0 0 -1
vn -0 0 -1
vn -0 0 -1
vn -0 0 -1
vn -0 0 -1
vn -0 0 -1
vn -0 0 -1
vn -0 0 -1
vn -0 0 -1
vn -0 0 -1
vn -0 0 -1
vn -0 0 -1
vn -0 0 -1
vn -0 0 -1
vn -0 0 -1
vn -0 0 -1
vn -0 0 -1
vn -0 0 -1
vn -0 0 -1
vn -0 0 -1
vn -0 0 -1
vn -0 0 -1
vn -0 0 -1
vn -0 0 -1
vn -0 0 -1
vn -0 0 -1
vn -0 0 -1
vn -0 0 -1
vn -0 0 -1
vn -0 0 -1
vn -0 0 -1
vn -0 0 -1
vn -0 0 -1
vn -0 0 -1
vn -0 0 -1
vn -0 0 -1
vn -0 0 -1
vn -0 0 -1
vn -0 0 -1
vn -0 0 -1
vn -0 0 -1
vn -0 0 -1
vn -0 0 -1
vn -0 0 -1
vn -0 0 -1
vn -0 0 -1
vn -0 0 -1
vn -0 0 -1
vn -0 0 -1
vn -0 0 -1
vn -0 0 -1
vn -0 0 -1
vn -0 0 -1
vn -0 0 -1
vn -0 0 -1
vn -0 0 -1
vn -0 0 -1
vn -0 0 -1
vn -0 0 -1
vn -0 0 -1
vn -0 0 -1
vn -0 0 -1
vn -0 0 -1
vn -0 0 -1
vn -0 0 -1
vn -0 0 -1
vn -0 0 -1
vn -0 0 -1
vn -0 0 -1
vn -0 0 -1
vn -0 0 -1
vn -0 0 -1
vn -0 0 -1
vn -0 0 -1
vn -0 0 -1
vn -0 0 -1
vn -0 0 -1
vn -0 0 -1
vn -0 0 -1
vn -0 0 -1
vn -0 0 -1
vn -0 0 -1
vn -0 0 -1
vn -0 0 -1
vn -0 0 -1
vn -0 0 -1
vn -0 0 -1
vn -0 0 -1
vn -0 0 -1
vn -0 0 -1
vn -0 0 -1
vn -0 0 -1
vn -0 0 -1
vn -0 0 -1
vn -0 0 -1
vn -0 0 -1
vn -0 0 -1
vn -0 0 -1
vn -0 0 -1
vn -0 0 -1
vn -0 0 -1
vn -0 0 -1
vn -0 0 -1
vn -0 0 -1
vn -0 0 -1
vn -0 0 -1
vn -0 0 -1
vn -0 0 -1
vn -0 0 -1
vn -0 0 -1
vn -0 0 -1
vn -0 0 -1
vn -0 0 -1
vn -0 0 -1
vn -0 0 -1
vn -0 0 -1
vn -0 0 -1
vn -0 0 -1
vn -0 0 -1
vn -0 0 -1
vn -0 0 -1
vn -0 0 -1
vn -0 0 -1
vn -0 0 -1
vn -0 0 -1
vn -0 0 -1
vn -0 0 -1
vn -0 0 -1
vn -0 0 -1
vn -0.13891602 0.0013160706 -0.9902344
vn -0 0 -1
vn -0 0 -1
vn 0.026290894 -0.024917603 -0.9995117
vn 0.045288086 -0.05316162 -0.9975586
vn -0 0 -1
vn -0 0 -1
vn -0 0 -1
vn -0.013221741 0.03024292 -0.9995117
vn 0.009025574 -0.098083496 -0.9951172
vn -0 0 -1
vn -0 0 -1
vn -0 0 -1
vn -0 0 -1
vn -0 0 -1
vn -0 0 -1
vn -0 0 -1
vn -0 0 -1
vn -0 0 -1
vn -0 0 -1
vn -0 0 -1
vn -0 0 -1
vn -0 0 -1
vn -0 0 -1
vn -0 0 -1
vn -0 0 -1
vn -0 0 -1
vn -0 0 -1
vn -0 0 -1
vn -0 0 -1
vn -0 0 -1
vn -0 0 -1
vn -0 0 -1
vn -0 0 -1
vn -0 0 -1
vn -0 0 -1
vn -0 0 -1
g cPK_10_001230_00_GANGARex_RR_L_SB_0
f 3/3/3 2/2/2 1/1/1
f 4/4/4 2/2/2 3/3/3
f 5/5/5 2/2/2 4/4/4
f 5/5/5 6/6/6 2/2/2
f 5/5/5 7/7/7 6/6/6
f 8/8/8 7/7/7 5/5/5
f 9/9/9 7/7/7 8/8/8
f 11/11/11 7/7/7 10/10/10
f 12/12/12 11/11/11 10/10/10
f 13/13/13 7/7/7 11/11/11
f 12/12/12 10/10/10 14/14/14
f 15/15/15 14/14/14 10/10/10
f 16/16/16 14/14/14 15/15/15
f 16/16/16 17/17/17 14/14/14
f 18/18/18 17/17/17 16/16/16
f 19/19/19 17/17/17 18/18/18
f 17/17/17 21/21/21 20/20/20
f 19/19/19 21/21/21 17/17/17
f 22/22/22 20/20/20 21/21/21
f 20/20/20 24/24/24 23/23/23
f 20/20/20 22/22/22 24/24/24
f 24/24/24 25/25/25 23/23/23
f 27/27/27 26/26/26 3/3/3
f 26/26/26 4/4/4 3/3/3
f 4/4/4 26/26/26 28/28/28
f 24/24/24 29/29/29 25/25/25
f 30/30/30 29/29/29 24/24/24
f 26/26/26 32/32/32 31/31/31
f 29/29/29 33/33/33 25/25/25
f 29/29/29 34/34/34 33/33/33
f 34/34/34 35/35/35 33/33/33
f 36/36/36 33/33/33 35/35/35
f 36/36/36 26/26/26 33/33/33
f 37/37/37 26/26/26 36/36/36
f 38/38/38 26/26/26 37/37/37
f 39/39/39 26/26/26 38/38/38
f 40/40/40 26/26/26 39/39/39
f 41/41/41 26/26/26 40/40/40
f 42/42/42 26/26/26 41/41/41
f 32/32/32 26/26/26 42/42/42
f 26/26/26 31/31/31 28/28/28
f 27/27/27 1/1/1 43/43/43
f 1/1/1 27/27/27 3/3/3
f 9/9/9 10/10/10 7/7/7
f 46/46/46 45/45/45 44/44/44
f 46/46/46 47/47/47 45/45/45
f 46/46/46 48/48/48 47/47/47
f 49/49/49 45/45/45 47/47/47
f 46/46/46 50/50/50 48/48/48
f 46/46/46 51/51/51 50/50/50
f 52/52/52 51/51/51 46/46/46
f 52/52/52 53/53/53 51/51/51
f 52/52/52 54/54/54 53/53/53
f 56/56/56 55/55/55 54/54/54
f 52/52/52 56/56/56 54/54/54
f 56/56/56 57/57/57 55/55/55
f 56/56/56 58/58/58 57/57/57
f 59/59/59 58/58/58 56/56/56
f 59/59/59 60/60/60 58/58/58
f 59/59/59 61/61/61 60/60/60
f 59/59/59 62/62/62 61/61/61
f 63/63/63 62/62/62 59/59/59
f 63/63/63 64/64/64 62/62/62
f 66/66/66 65/65/65 63/63/63
f 66/66/66 67/67/67 65/65/65
f 66/66/66 68/68/68 67/67/67
f 69/69/69 68/68/68 66/66/66
f 69/69/69 70/70/70 68/68/68
f 69/69/69 71/71/71 70/70/70
f 72/72/72 71/71/71 69/69/69
f 72/72/72 73/73/73 71/71/71
f 72/72/72 74/74/74 73/73/73
f 75/75/75 74/74/74 72/72/72
f 75/75/75 76/76/76 74/74/74
f 75/75/75 77/77/77 76/76/76
f 75/75/75 78/78/78 77/77/77
f 80/80/80 79/79/79 78/78/78
f 75/75/75 80/80/80 78/78/78
f 80/80/80 81/81/81 79/79/79
f 83/83/83 82/82/82 81/81/81
f 80/80/80 83/83/83 81/81/81
f 83/83/83 84/84/84 82/82/82
f 85/85/85 84/84/84 83/83/83
f 86/86/86 84/84/84 85/85/85
f 86/86/86 87/87/87 84/84/84
f 86/86/86 88/88/88 87/87/87
f 89/89/89 88/88/88 86/86/86
f 89/89/89 90/90/90 88/88/88
f 89/89/89 91/91/91 90/90/90
f 45/45/45 91/91/91 89/89/89
f 45/45/45 92/92/92 91/91/91
f 45/45/45 93/93/93 92/92/92
f 94/94/94 45/45/45 49/49/49
f 94/94/94 93/93/93 45/45/45
f 97/97/97 96/96/96 95/95/95
f 100/100/100 99/99/99 98/98/98
f 100/100/100 101/101/101 99/99/99
f 104/104/104 103/103/103 102/102/102
f 107/107/107 106/106/106 105/105/105
f 110/110/110 109/109/109 108/108/108
f 113/113/113 112/112/112 111/111/111
f 116/116/116 115/115/115 114/114/114
f 118/118/118 117/117/117 99/99/99
f 101/101/101 118/118/118 99/99/99
f 96/96/96 119/119/119 95/95/95
f 120/120/120 112/112/112 113/113/113
f 120/120/120 121/121/121 112/112/112
f 116/116/116 123/123/123 122/122/122
f 124/124/124 123/123/123 116/116/116
f 106/106/106 126/126/126 125/125/125
f 126/126/126 127/127/127 125/125/125
f 127/127/127 128/128/128 125/125/125
f 127/127/127 129/129/129 128/128/128
f 127/127/127 130/130/130 129/129/129
f 131/131/131 130/130/130 127/127/127
f 134/134/134 133/133/133 132/132/132
f 120/120/120 133/133/133 121/121/121
f 120/120/120 135/135/135 133/133/133
f 136/136/136 135/135/135 120/120/120
f 136/136/136 137/137/137 135/135/135
f 140/140/140 139/139/139 138/138/138
f 136/136/136 142/142/142 141/141/141
f 137/137/137 136/136/136 141/141/141
f 142/142/142 144/144/144 143/143/143
f 141/141/141 142/142/142 143/143/143
f 145/145/145 143/143/143 144/144/144
f 146/146/146 143/143/143 145/145/145
f 146/146/146 147/147/147 139/139/139
f 143/143/143 146/146/146 139/139/139
f 148/148/148 139/139/139 147/147/147
f 148/148/148 149/149/149 139/139/139
f 149/149/149 138/138/138 139/139/139
f 140/140/140 150/150/150 139/139/139
f 151/151/151 139/139/139 150/150/150
f 152/152/152 151/151/151 150/150/150
f 151/151/151 152/152/152 153/153/153
f 153/153/153 152/152/152 123/123/123
f 153/153/153 123/123/123 124/124/124
f 154/154/154 153/153/153 124/124/124
f 154/154/154 124/124/124 95/95/95
f 154/154/154 95/95/95 119/119/119
f 154/154/154 119/119/119 155/155/155
f 158/158/158 157/157/157 156/156/156
f 159/159/159 158/158/158 156/156/156
f 159/159/159 156/156/156 160/160/160
f 159/159/159 160/160/160 161/161/161
f 159/159/159 161/161/161 162/162/162
f 159/159/159 162/162/162 163/163/163
f 159/159/159 163/163/163 164/164/164
f 165/165/165 159/159/159 164/164/164
f 165/165/165 164/164/164 166/166/166
f 167/167/167 165/165/165 166/166/166
f 168/168/168 165/165/165 167/167/167
f 168/168/168 167/167/167 169/169/169
f 168/168/168 169/169/169 170/170/170
f 171/171/171 168/168/168 170/170/170
f 171/171/171 170/170/170 172/172/172
f 171/171/171 172/172/172 173/173/173
f 171/171/171 173/173/173 174/174/174
f 175/175/175 126/126/126 106/106/106
f 103/103/103 175/175/175 106/106/106
f 175/175/175 103/103/103 104/104/104
f 175/175/175 104/104/104 176/176/176
f 177/177/177 175/175/175 176/176/176
f 177/177/177 179/179/179 178/178/178
f 178/178/178 180/180/180 177/177/177
f 178/178/178 181/181/181 180/180/180
f 181/181/181 178/178/178 182/182/182
f 182/182/182 178/178/178 183/183/183
f 178/178/178 184/184/184 183/183/183
f 183/183/183 184/184/184 185/185/185
f 185/185/185 184/184/184 108/108/108
f 185/185/185 108/108/108 109/109/109
f 117/117/117 185/185/185 109/109/109
f 109/109/109 186/186/186 117/117/117
f 117/117/117 186/186/186 187/187/187
f 117/117/117 187/187/187 99/99/99
f 171/171/171 174/174/174 188/188/188
f 154/154/154 155/155/155 189/189/189
f 189/189/189 155/155/155 157/157/157
f 189/189/189 157/157/157 158/158/158
f 116/116/116 122/122/122 115/115/115
f 192/192/192 191/191/191 190/190/190
f 195/195/195 194/194/194 193/193/193
f 198/198/198 197/197/197 196/196/196
f 196/196/196 200/200/200 199/199/199
f 200/200/200 132/132/132 133/133/133
f 199/199/199 200/200/200 133/133/133
f 202/202/202 191/191/191 201/201/201
f 100/100/100 98/98/98 203/203/203
f 205/205/205 204/204/204 109/109/109
f 110/110/110 205/205/205 109/109/109
f 177/177/177 176/176/176 179/179/179
f 107/107/107 103/103/103 106/106/106
f 196/196/196 197/197/197 206/206/206
f 101/101/101 207/207/207 118/118/118
f 207/207/207 101/101/101 208/208/208
f 196/196/196 206/206/206 200/200/200
f 202/202/202 190/190/190 191/191/191
f 195/195/195 192/192/192 190/190/190
f 195/195/195 193/193/193 192/192/192
f 193/193/193 194/194/194 198/198/198
f 193/193/193 198/198/198 196/196/196
f 134/134/134 121/121/121 133/133/133
g cPK_10_001230_00_GANGARex_RR_L_SB_1
f 209/209/209 39/39/39 38/38/38
f 210/210/210 41/41/41 40/40/40
f 40/40/40 211/211/211 210/210/210
f 40/40/40 39/39/39 211/211/211
f 212/212/212 29/29/29 30/30/30
f 215/215/215 214/214/214 213/213/213
f 216/216/216 215/215/215 213/213/213
f 218/218/218 30/30/30 217/217/217
f 211/211/211 39/39/39 209/209/209
f 213/213/213 30/30/30 218/218/218
f 213/213/213 21/21/21 19/19/19
f 216/216/216 213/213/213 19/19/19
f 212/212/212 34/34/34 29/29/29
f 210/210/210 211/211/211 214/214/214
f 215/215/215 210/210/210 214/214/214
f 16/16/16 219/219/219 18/18/18
f 222/222/222 221/221/221 220/220/220
f 219/219/219 222/222/222 220/220/220
f 221/221/221 224/224/224 223/223/223
f 220/220/220 221/221/221 223/223/223
f 224/224/224 31/31/31 32/32/32
f 10/10/10 9/9/9 222/222/222
f 15/15/15 10/10/10 222/222/222
f 9/9/9 8/8/8 221/221/221
f 222/222/222 9/9/9 221/221/221
f 8/8/8 5/5/5 224/224/224
f 221/221/221 8/8/8 224/224/224
f 5/5/5 4/4/4 28/28/28
f 216/216/216 19/19/19 18/18/18
f 219/219/219 216/216/216 18/18/18
f 219/219/219 220/220/220 215/215/215
f 216/216/216 219/219/219 215/215/215
f 220/220/220 223/223/223 210/210/210
f 215/215/215 220/220/220 210/210/210
f 223/223/223 42/42/42 41/41/41
f 210/210/210 223/223/223 41/41/41
f 217/217/217 24/24/24 22/22/22
f 30/30/30 24/24/24 217/217/217
f 213/213/213 214/214/214 212/212/212
f 212/212/212 214/214/214 211/211/211
f 213/213/213 212/212/212 30/30/30
f 212/212/212 211/211/211 34/34/34
f 209/209/209 36/36/36 35/35/35
f 211/211/211 209/209/209 34/34/34
f 209/209/209 38/38/38 37/37/37
f 209/209/209 37/37/37 36/36/36
f 209/209/209 35/35/35 34/34/34
f 223/223/223 224/224/224 32/32/32
f 223/223/223 32/32/32 42/42/42
f 5/5/5 28/28/28 31/31/31
f 224/224/224 5/5/5 31/31/31
f 16/16/16 15/15/15 222/222/222
f 16/16/16 222/222/222 219/219/219
f 218/218/218 22/22/22 21/21/21
f 213/213/213 218/218/218 21/21/21
f 218/218/218 217/217/217 22/22/22
f 225/225/225 93/93/93 94/94/94
f 225/225/225 47/47/47 48/48/48
f 226/226/226 68/68/68 70/70/70
f 227/227/227 73/73/73 74/74/74
f 64/64/64 63/63/63 65/65/65
f 228/228/228 53/53/53 54/54/54
f 226/226/226 60/60/60 61/61/61
f 229/229/229 78/78/78 79/79/79
f 230/230/230 91/91/91 92/92/92
f 228/228/228 54/54/54 55/55/55
f 233/233/233 232/232/232 231/231/231
f 231/231/231 234/234/234 230/230/230
f 230/230/230 90/90/90 91/91/91
f 228/228/228 231/231/231 225/225/225
f 230/230/230 92/92/92 93/93/93
f 225/225/225 230/230/230 93/93/93
f 229/229/229 82/82/82 84/84/84
f 234/234/234 232/232/232 227/227/227
f 229/229/229 234/234/234 227/227/227
f 226/226/226 227/227/227 232/232/232
f 233/233/233 226/226/226 232/232/232
f 233/233/233 57/57/57 58/58/58
f 229/229/229 81/81/81 82/82/82
f 234/234/234 88/88/88 90/90/90
f 234/234/234 229/229/229 88/88/88
f 229/229/229 87/87/87 88/88/88
f 229/229/229 79/79/79 81/81/81
f 229/229/229 77/77/77 78/78/78
f 227/227/227 76/76/76 77/77/77
f 229/229/229 227/227/227 77/77/77
f 227/227/227 74/74/74 76/76/76
f 71/71/71 73/73/73 227/227/227
f 70/70/70 71/71/71 227/227/227
f 226/226/226 70/70/70 227/227/227
f 226/226/226 64/64/64 65/65/65
f 226/226/226 65/65/65 67/67/67
f 226/226/226 67/67/67 68/68/68
f 226/226/226 62/62/62 64/64/64
f 226/226/226 61/61/61 62/62/62
f 226/226/226 233/233/233 58/58/58
f 226/226/226 58/58/58 60/60/60
f 55/55/55 57/57/57 233/233/233
f 228/228/228 55/55/55 233/233/233
f 50/50/50 225/225/225 48/48/48
f 50/50/50 51/51/51 225/225/225
f 225/225/225 94/94/94 49/49/49
f 225/225/225 49/49/49 47/47/47
f 229/229/229 84/84/84 87/87/87
f 225/225/225 231/231/231 230/230/230
f 53/53/53 228/228/228 225/225/225
f 228/228/228 233/233/233 231/231/231
f 231/231/231 232/232/232 234/234/234
f 230/230/230 234/234/234 90/90/90
f 51/51/51 53/53/53 225/225/225
f 235/235/235 152/152/152 150/150/150
f 236/236/236 235/235/235 150/150/150
f 239/239/239 238/238/238 237/237/237
f 112/112/112 121/121/121 240/240/240
f 241/241/241 111/111/111 112/112/112
f 244/244/244 243/243/243 242/242/242
f 245/245/245 113/113/113 111/111/111
f 246/246/246 239/239/239 237/237/237
f 248/248/248 247/247/247 102/102/102
f 250/250/250 249/249/249 101/101/101
f 252/252/252 242/242/242 251/251/251
f 254/254/254 253/253/253 124/124/124
f 257/257/257 256/256/256 255/255/255
f 258/258/258 95/95/95 124/124/124
f 259/259/259 167/167/167 166/166/166
f 260/260/260 122/122/122 123/123/123
f 263/263/263 262/262/262 261/261/261
f 156/156/156 263/263/263 261/261/261
f 265/265/265 163/163/163 264/264/264
f 266/266/266 119/119/119 96/96/96
f 268/268/268 267/267/267 97/97/97
f 269/269/269 268/268/268 97/97/97
f 260/260/260 123/123/123 152/152/152
f 235/235/235 260/260/260 152/152/152
f 140/140/140 236/236/236 150/150/150
f 149/149/149 271/271/271 270/270/270
f 138/138/138 149/149/149 270/270/270
f 271/271/271 273/273/273 272/272/272
f 270/270/270 271/271/271 272/272/272
f 273/273/273 275/275/275 274/274/274
f 272/272/272 273/273/273 274/274/274
f 274/274/274 277/277/277 276/276/276
f 138/138/138 270/270/270 236/236/236
f 140/140/140 138/138/138 236/236/236
f 270/270/270 272/272/272 235/235/235
f 236/236/236 270/270/270 235/235/235
f 272/272/272 274/274/274 260/260/260
f 235/235/235 272/272/272 260/260/260
f 274/274/274 114/114/114 115/115/115
f 271/271/271 149/149/149 148/148/148
f 273/273/273 271/271/271 256/256/256
f 257/257/257 265/265/265 275/275/275
f 268/268/268 269/269/269 277/277/277
f 275/275/275 268/268/268 277/277/277
f 253/253/253 258/258/258 124/124/124
f 277/277/277 253/253/253 254/254/254
f 276/276/276 277/277/277 254/254/254
f 277/277/277 269/269/269 258/258/258
f 253/253/253 277/277/277 258/258/258
f 269/269/269 97/97/97 95/95/95
f 258/258/258 269/269/269 95/95/95
f 275/275/275 265/265/265 268/268/268
f 265/265/265 278/278/278 267/267/267
f 268/268/268 265/265/265 267/267/267
f 263/263/263 155/155/155 119/119/119
f 266/266/266 263/263/263 119/119/119
f 263/263/263 157/157/157 155/155/155
f 265/265/265 264/264/264 278/278/278
f 266/266/266 96/96/96 97/97/97
f 279/279/279 266/266/266 97/97/97
f 279/279/279 262/262/262 263/263/263
f 266/266/266 279/279/279 263/263/263
f 267/267/267 279/279/279 97/97/97
f 267/267/267 278/278/278 262/262/262
f 279/279/279 267/267/267 262/262/262
f 278/278/278 264/264/264 280/280/280
f 264/264/264 163/163/163 162/162/162
f 280/280/280 264/264/264 162/162/162
f 161/161/161 160/160/160 261/261/261
f 160/160/160 156/156/156 261/261/261
f 263/263/263 156/156/156 157/157/157
f 280/280/280 162/162/162 161/161/161
f 261/261/261 280/280/280 161/161/161
f 278/278/278 280/280/280 261/261/261
f 262/262/262 278/278/278 261/261/261
f 274/274/274 275/275/275 277/277/277
f 254/254/254 124/124/124 116/116/116
f 254/254/254 116/116/116 114/114/114
f 276/276/276 254/254/254 114/114/114
f 274/274/274 276/276/276 114/114/114
f 273/273/273 257/257/257 275/275/275
f 281/281/281 148/148/148 147/147/147
f 244/244/244 245/245/245 282/282/282
f 259/259/259 265/265/265 257/257/257
f 252/252/252 283/283/283 239/239/239
f 284/284/284 145/145/145 144/144/144
f 255/255/255 286/286/286 285/285/285
f 287/287/287 259/259/259 285/285/285
f 287/287/287 170/170/170 169/169/169
f 284/284/284 142/142/142 136/136/136
f 289/289/289 288/288/288 286/286/286
f 290/290/290 287/287/287 286/286/286
f 290/290/290 174/174/174 173/173/173
f 120/120/120 113/113/113 245/245/245
f 291/291/291 120/120/120 245/245/245
f 292/292/292 252/252/252 288/288/288
f 290/290/290 288/288/288 239/239/239
f 239/239/239 246/246/246 293/293/293
f 111/111/111 241/241/241 282/282/282
f 245/245/245 111/111/111 282/282/282
f 252/252/252 244/244/244 242/242/242
f 292/292/292 291/291/291 245/245/245
f 289/289/289 284/284/284 291/291/291
f 284/284/284 281/281/281 145/145/145
f 284/284/284 144/144/144 142/142/142
f 291/291/291 284/284/284 136/136/136
f 291/291/291 136/136/136 120/120/120
f 265/265/265 164/164/164 163/163/163
f 265/265/265 166/166/166 164/164/164
f 265/265/265 259/259/259 166/166/166
f 250/250/250 101/101/101 100/100/100
f 294/294/294 202/202/202 201/201/201
f 295/295/295 98/98/98 99/99/99
f 250/250/250 100/100/100 203/203/203
f 296/296/296 250/250/250 203/203/203
f 249/249/249 250/250/250 191/191/191
f 201/201/201 298/298/298 297/297/297
f 296/296/296 201/201/201 191/191/191
f 299/299/299 186/186/186 109/109/109
f 301/301/301 247/247/247 300/300/300
f 302/302/302 301/301/301 300/300/300
f 304/304/304 303/303/303 302/302/302
f 305/305/305 304/304/304 302/302/302
f 297/297/297 298/298/298 306/306/306
f 299/299/299 204/204/204 205/205/205
f 307/307/307 299/299/299 205/205/205
f 203/203/203 98/98/98 295/295/295
f 308/308/308 203/203/203 295/295/295
f 295/295/295 99/99/99 299/299/299
f 295/295/295 299/299/299 307/307/307
f 308/308/308 295/295/295 307/307/307
f 306/306/306 304/304/304 305/305/305
f 309/309/309 306/306/306 305/305/305
f 305/305/305 302/302/302 310/310/310
f 309/309/309 305/305/305 310/310/310
f 201/201/201 296/296/296 203/203/203
f 298/298/298 201/201/201 203/203/203
f 203/203/203 308/308/308 306/306/306
f 298/298/298 203/203/203 306/306/306
f 308/308/308 307/307/307 304/304/304
f 306/306/306 308/308/308 304/304/304
f 307/307/307 205/205/205 311/311/311
f 304/304/304 307/307/307 311/311/311
f 184/184/184 178/178/178 312/312/312
f 312/312/312 178/178/178 179/179/179
f 297/297/297 306/306/306 309/309/309
f 313/313/313 104/104/104 102/102/102
f 247/247/247 313/313/313 102/102/102
f 205/205/205 110/110/110 314/314/314
f 311/311/311 205/205/205 314/314/314
f 315/315/315 176/176/176 104/104/104
f 313/313/313 315/315/315 104/104/104
f 110/110/110 108/108/108 316/316/316
f 314/314/314 110/110/110 316/316/316
f 312/312/312 179/179/179 176/176/176
f 315/315/315 312/312/312 176/176/176
f 316/316/316 108/108/108 184/184/184
f 316/316/316 184/184/184 312/312/312
f 314/314/314 316/316/316 315/315/315
f 301/301/301 314/314/314 247/247/247
f 304/304/304 311/311/311 303/303/303
f 317/317/317 102/102/102 103/103/103
f 320/320/320 319/319/319 318/318/318
f 321/321/321 105/105/105 106/106/106
f 321/321/321 106/106/106 125/125/125
f 320/320/320 318/318/318 129/129/129
f 320/320/320 310/310/310 322/322/322
f 321/321/321 125/125/125 128/128/128
f 323/323/323 321/321/321 128/128/128
f 323/323/323 319/319/319 105/105/105
f 321/321/321 323/323/323 105/105/105
f 323/323/323 128/128/128 129/129/129
f 318/318/318 323/323/323 129/129/129
f 323/323/323 318/318/318 319/319/319
f 317/317/317 103/103/103 107/107/107
f 319/319/319 324/324/324 105/105/105
f 317/317/317 107/107/107 105/105/105
f 324/324/324 317/317/317 105/105/105
f 248/248/248 102/102/102 317/317/317
f 320/320/320 322/322/322 319/319/319
f 322/322/322 248/248/248 319/319/319
f 248/248/248 322/322/322 300/300/300
f 302/302/302 300/300/300 310/310/310
f 302/302/302 303/303/303 301/301/301
f 303/303/303 311/311/311 314/314/314
f 301/301/301 303/303/303 314/314/314
f 255/255/255 281/281/281 284/284/284
f 281/281/281 146/146/146 145/145/145
f 281/281/281 147/147/147 146/146/146
f 281/281/281 256/256/256 148/148/148
f 274/274/274 115/115/115 122/122/122
f 260/260/260 274/274/274 122/122/122
f 287/287/287 172/172/172 170/170/170
f 290/290/290 173/173/173 172/172/172
f 287/287/287 290/290/290 172/172/172
f 259/259/259 287/287/287 169/169/169
f 259/259/259 169/169/169 167/167/167
f 290/290/290 293/293/293 174/174/174
f 290/290/290 239/239/239 293/293/293
f 273/273/273 256/256/256 257/257/257
f 271/271/271 148/148/148 256/256/256
f 250/250/250 296/296/296 191/191/191
f 248/248/248 300/300/300 247/247/247
f 322/322/322 310/310/310 300/300/300
f 201/201/201 297/297/297 294/294/294
f 294/294/294 309/309/309 310/310/310
f 249/249/249 191/191/191 208/208/208
f 249/249/249 208/208/208 101/101/101
f 252/252/252 251/251/251 283/283/283
f 239/239/239 283/283/283 238/238/238
f 288/288/288 252/252/252 239/239/239
f 290/290/290 286/286/286 288/288/288
f 287/287/287 285/285/285 286/286/286
f 259/259/259 257/257/257 285/285/285
f 255/255/255 289/289/289 286/286/286
f 289/289/289 292/292/292 288/288/288
f 292/292/292 244/244/244 252/252/252
f 281/281/281 255/255/255 256/256/256
f 257/257/257 255/255/255 285/285/285
f 255/255/255 284/284/284 289/289/289
f 289/289/289 291/291/291 292/292/292
f 292/292/292 245/245/245 244/244/244
f 244/244/244 282/282/282 243/243/243
f 187/187/187 186/186/186 299/299/299
f 99/99/99 187/187/187 299/299/299
f 299/299/299 109/109/109 204/204/204
f 314/314/314 313/313/313 247/247/247
f 314/314/314 315/315/315 313/313/313
f 316/316/316 312/312/312 315/315/315
f 248/248/248 324/324/324 319/319/319
f 248/248/248 317/317/317 324/324/324
f 200/200/200 241/241/241 132/132/132
f 294/294/294 190/190/190 202/202/202
f 241/241/241 240/240/240 132/132/132
f 112/112/112 240/240/240 241/241/241
g cPK_10_001230_00_GANGARex_RR_L_SB_2
f 327/327/327 326/326/326 325/325/325
f 326/326/326 329/329/329 328/328/328
f 326/326/326 330/330/330 329/329/329
f 326/326/326 331/331/331 330/330/330
f 332/332/332 326/326/326 327/327/327
f 331/331/331 326/326/326 332/332/332
f 335/335/335 334/334/334 333/333/333
f 334/334/334 335/335/335 336/336/336
f 336/336/336 335/335/335 337/337/337
f 335/335/335 338/338/338 337/337/337
f 338/338/338 339/339/339 337/337/337
f 338/338/338 341/341/341 340/340/340
f 339/339/339 338/338/338 340/340/340
f 333/333/333 334/334/334 342/342/342
f 343/343/343 342/342/342 334/334/334
f 344/344/344 342/342/342 343/343/343
f 345/345/345 342/342/342 344/344/344
f 346/346/346 342/342/342 345/345/345
f 328/328/328 347/347/347 340/340/340
f 341/341/341 328/328/328 340/340/340
f 342/342/342 346/346/346 348/348/348
f 349/349/349 348/348/348 346/346/346
f 350/350/350 348/348/348 349/349/349
f 348/348/348 350/350/350 351/351/351
f 352/352/352 351/351/351 350/350/350
f 355/355/355 354/354/354 353/353/353
f 358/358/358 357/357/357 356/356/356
f 354/354/354 358/358/358 356/356/356
f 352/352/352 356/356/356 357/357/357
f 351/351/351 352/352/352 357/357/357
f 359/359/359 353/353/353 354/354/354
f 360/360/360 353/353/353 359/359/359
f 361/361/361 353/353/353 360/360/360
f 361/361/361 363/363/363 362/362/362
f 353/353/353 361/361/361 362/362/362
f 364/364/364 363/363/363 361/361/361
f 367/367/367 366/366/366 365/365/365
f 367/367/367 369/369/369 368/368/368
f 364/364/364 369/369/369 363/363/363
f 369/369/369 364/364/364 368/368/368
f 368/368/368 370/370/370 367/367/367
f 370/370/370 371/371/371 367/367/367
f 371/371/371 372/372/372 367/367/367
f 372/372/372 373/373/373 367/367/367
f 347/347/347 328/328/328 329/329/329
f 325/325/325 374/374/374 327/327/327
f 375/375/375 374/374/374 325/325/325
f 375/375/375 376/376/376 374/374/374
f 377/377/377 376/376/376 375/375/375
f 377/377/377 378/378/378 376/376/376
f 377/377/377 379/379/379 378/378/378
f 379/379/379 377/377/377 380/380/380
f 380/380/380 377/377/377 381/381/381
f 377/377/377 382/382/382 381/381/381
f 382/382/382 383/383/383 381/381/381
f 385/385/385 383/383/383 384/384/384
f 383/383/383 386/386/386 384/384/384
f 386/386/386 383/383/383 382/382/382
f 387/387/387 385/385/385 384/384/384
f 388/388/388 384/384/384 365/365/365
f 373/373/373 366/366/366 367/367/367
f 389/389/389 365/365/365 366/366/366
f 390/390/390 365/365/365 389/389/389
f 391/391/391 365/365/365 390/390/390
f 392/392/392 365/365/365 391/391/391
f 393/393/393 365/365/365 392/392/392
f 393/393/393 388/388/388 365/365/365
f 388/388/388 387/387/387 384/384/384
f 387/387/387 394/394/394 385/385/385
f 395/395/395 394/394/394 387/387/387
f 396/396/396 394/394/394 395/395/395
f 358/358/358 354/354/354 355/355/355
f 131/131/131 397/397/397 130/130/130
f 131/131/131 398/398/398 397/397/397
f 399/399/399 398/398/398 131/131/131
f 399/399/399 400/400/400 398/398/398
f 399/399/399 401/401/401 400/400/400
f 401/401/401 399/399/399 402/402/402
f 399/399/399 403/403/403 402/402/402
f 403/403/403 404/404/404 402/402/402
f 403/403/403 405/405/405 404/404/404
f 403/403/403 406/406/406 405/405/405
f 406/406/406 403/403/403 407/407/407
f 403/403/403 408/408/408 407/407/407
f 407/407/407 408/408/408 409/409/409
f 409/409/409 408/408/408 410/410/410
f 410/410/410 408/408/408 411/411/411
f 411/411/411 408/408/408 412/412/412
f 412/412/412 408/408/408 413/413/413
f 413/413/413 408/408/408 414/414/414
f 414/414/414 415/415/415 413/413/413
f 414/414/414 416/416/416 415/415/415
f 414/414/414 417/417/417 416/416/416
f 414/414/414 418/418/418 417/417/417
f 414/414/414 419/419/419 418/418/418
f 419/419/419 414/414/414 420/420/420
f 420/420/420 414/414/414 421/421/421
f 414/414/414 422/422/422 421/421/421
f 422/422/422 423/423/423 421/421/421
f 422/422/422 424/424/424 423/423/423
f 422/422/422 425/425/425 424/424/424
f 422/422/422 426/426/426 425/425/425
f 422/422/422 427/427/427 426/426/426
f 427/427/427 422/422/422 428/428/428
f 422/422/422 429/429/429 428/428/428
f 429/429/429 430/430/430 428/428/428
f 429/429/429 431/431/431 430/430/430
f 429/429/429 432/432/432 431/431/431
f 188/188/188 174/174/174 293/293/293
f 188/188/188 293/293/293 246/246/246
f 433/433/433 188/188/188 246/246/246
f 237/237/237 433/433/433 246/246/246
f 434/434/434 433/433/433 237/237/237
f 433/433/433 434/434/434 435/435/435
f 433/433/433 435/435/435 436/436/436
f 437/437/437 433/433/433 436/436/436
f 437/437/437 436/436/436 438/438/438
f 437/437/437 438/438/438 439/439/439
f 440/440/440 437/437/437 439/439/439
f 440/440/440 439/439/439 441/441/441
f 442/442/442 440/440/440 441/441/441
f 442/442/442 441/441/441 443/443/443
f 442/442/442 443/443/443 444/444/444
f 442/442/442 444/444/444 445/445/445
f 445/445/445 444/444/444 446/446/446
f 445/445/445 446/446/446 447/447/447
f 448/448/448 445/445/445 447/447/447
f 448/448/448 447/447/447 449/449/449
f 450/450/450 448/448/448 449/449/449
f 450/450/450 449/449/449 451/451/451
f 450/450/450 451/451/451 452/452/452
f 453/453/453 450/450/450 452/452/452
f 454/454/454 453/453/453 452/452/452
f 455/455/455 454/454/454 452/452/452
f 455/455/455 456/456/456 454/454/454
f 454/454/454 456/456/456 457/457/457
f 457/457/457 456/456/456 458/458/458
f 457/457/457 458/458/458 459/459/459
f 457/457/457 459/459/459 460/460/460
f 457/457/457 460/460/460 461/461/461
f 457/457/457 461/461/461 462/462/462
f 457/457/457 462/462/462 463/463/463
f 463/463/463 462/462/462 464/464/464
f 463/463/463 464/464/464 465/465/465
f 463/463/463 465/465/465 466/466/466
f 429/429/429 463/463/463 466/466/466
f 429/429/429 466/466/466 432/432/432
f 469/469/469 468/468/468 467/467/467
f 469/469/469 470/470/470 468/468/468
f 471/471/471 470/470/470 469/469/469
f 471/471/471 472/472/472 470/470/470
f 471/471/471 473/473/473 472/472/472
f 471/471/471 474/474/474 473/473/473
f 471/471/471 475/475/475 474/474/474
f 475/475/475 471/471/471 476/476/476
f 479/479/479 478/478/478 477/477/477
f 481/481/481 480/480/480 476/476/476
f 484/484/484 483/483/483 482/482/482
f 469/469/469 467/467/467 485/485/485
f 486/486/486 469/469/469 485/485/485
f 467/467/467 487/487/487 485/485/485
f 485/485/485 487/487/487 488/488/488
f 489/489/489 488/488/488 487/487/487
f 490/490/490 488/488/488 489/489/489
f 491/491/491 488/488/488 490/490/490
f 492/492/492 491/491/491 490/490/490
f 493/493/493 491/491/491 492/492/492
f 494/494/494 493/493/493 492/492/492
f 494/494/494 482/482/482 483/483/483
f 493/493/493 494/494/494 483/483/483
f 478/478/478 495/495/495 477/477/477
f 480/480/480 481/481/481 479/479/479
f 496/496/496 479/479/479 477/477/477
f 496/496/496 480/480/480 479/479/479
f 475/475/475 476/476/476 480/480/480
f 484/484/484 497/497/497 483/483/483
f 500/500/500 499/499/499 498/498/498
f 484/484/484 501/501/501 497/497/497
f 500/500/500 498/498/498 502/502/502
f 505/505/505 504/504/504 503/503/503
f 506/506/506 505/505/505 503/503/503
f 507/507/507 504/504/504 505/505/505
f 510/510/510 509/509/509 508/508/508
f 511/511/511 509/509/509 510/510/510
f 505/505/505 512/512/512 507/507/507
f 512/512/512 505/505/505 513/513/513
f 505/505/505 515/515/515 514/514/514
f 513/513/513 505/505/505 514/514/514
f 515/515/515 516/516/516 514/514/514
f 516/516/516 517/517/517 514/514/514
f 516/516/516 518/518/518 517/517/517
f 516/516/516 519/519/519 518/518/518
f 519/519/519 516/516/516 520/520/520
f 511/511/511 521/521/521 509/509/509
f 522/522/522 508/508/508 509/509/509
f 523/523/523 508/508/508 522/522/522
f 526/526/526 525/525/525 524/524/524
f 529/529/529 528/528/528 527/527/527
f 529/529/529 527/527/527 530/530/530
f 529/529/529 530/530/530 531/531/531
f 531/531/531 530/530/530 532/532/532
f 525/525/525 531/531/531 532/532/532
f 533/533/533 525/525/525 532/532/532
f 525/525/525 533/533/533 524/524/524
f 526/526/526 535/535/535 534/534/534
f 525/525/525 526/526/526 534/534/534
f 534/534/534 535/535/535 536/536/536
f 536/536/536 535/535/535 537/537/537
f 536/536/536 537/537/537 538/538/538
f 536/536/536 538/538/538 539/539/539
f 536/536/536 539/539/539 540/540/540
f 540/540/540 539/539/539 541/541/541
f 540/540/540 541/541/541 520/520/520
f 542/542/542 540/540/540 520/520/520
f 516/516/516 542/542/542 520/520/520
f 543/543/543 509/509/509 521/521/521
f 544/544/544 543/543/543 521/521/521
f 543/543/543 544/544/544 545/545/545
f 543/543/543 545/545/545 546/546/546
f 547/547/547 543/543/543 546/546/546
f 547/547/547 546/546/546 548/548/548
f 547/547/547 548/548/548 549/549/549
f 550/550/550 547/547/547 549/549/549
f 550/550/550 549/549/549 551/551/551
f 550/550/550 551/551/551 528/528/528
f 550/550/550 528/528/528 529/529/529
f 554/554/554 553/553/553 552/552/552
f 554/554/554 508/508/508 523/523/523
f 522/522/522 553/553/553 523/523/523
f 557/557/557 556/556/556 555/555/555
f 560/560/560 559/559/559 558/558/558
f 563/563/563 562/562/562 561/561/561
f 566/566/566 565/565/565 564/564/564
f 567/567/567 554/554/554 556/556/556
f 567/567/567 556/556/556 557/557/557
f 566/566/566 568/568/568 565/565/565
f 553/553/553 554/554/554 523/523/523
f 569/569/569 506/506/506 503/503/503
f 571/571/571 569/569/569 570/570/570
f 572/572/572 571/571/571 570/570/570
f 573/573/573 571/571/571 572/572/572
f 574/574/574 573/573/573 572/572/572
f 575/575/575 573/573/573 574/574/574
f 576/576/576 575/575/575 574/574/574
f 577/577/577 575/575/575 576/576/576
f 578/578/578 577/577/577 576/576/576
f 579/579/579 577/577/577 578/578/578
f 580/580/580 579/579/579 578/578/578
f 581/581/581 579/579/579 580/580/580
f 568/568/568 581/581/581 580/580/580
f 582/582/582 581/581/581 568/568/568
f 566/566/566 582/582/582 568/568/568
f 570/570/570 569/569/569 503/503/503
f 554/554/554 552/552/552 556/556/556
f 555/555/555 559/559/559 560/560/560
f 557/557/557 555/555/555 560/560/560
f 562/562/562 558/558/558 561/561/561
f 562/562/562 560/560/560 558/558/558
f 565/565/565 563/563/563 564/564/564
f 563/563/563 565/565/565 562/562/562
g cPK_10_001230_00_GANGARex_RR_L_SB_3
f 396/396/396 395/395/395 387/387/387
f 583/583/583 396/396/396 387/387/387
f 584/584/584 381/381/381 383/383/383
f 584/584/584 383/383/383 385/385/385
f 587/587/587 586/586/586 585/585/585
f 590/590/590 589/589/589 588/588/588
f 591/591/591 346/346/346 345/345/345
f 593/593/593 347/347/347 592/592/592
f 592/592/592 347/347/347 329/329/329
f 594/594/594 592/592/592 329/329/329
f 595/595/595 330/330/330 331/331/331
f 598/598/598 597/597/597 596/596/596
f 597/597/597 592/592/592 594/594/594
f 599/599/599 597/597/597 594/594/594
f 595/595/595 376/376/376 378/378/378
f 600/600/600 393/393/393 392/392/392
f 585/585/585 601/601/601 396/396/396
f 583/583/583 585/585/585 396/396/396
f 602/602/602 391/391/391 390/390/390
f 589/589/589 586/586/586 366/366/366
f 600/600/600 388/388/388 393/393/393
f 583/583/583 587/587/587 585/585/585
f 603/603/603 371/371/371 370/370/370
f 603/603/603 368/368/368 364/364/364
f 589/589/589 604/604/604 588/588/588
f 589/589/589 366/366/366 373/373/373
f 604/604/604 589/589/589 373/373/373
f 604/604/604 603/603/603 361/361/361
f 588/588/588 604/604/604 361/361/361
f 604/604/604 373/373/373 372/372/372
f 602/602/602 389/389/389 366/366/366
f 605/605/605 602/602/602 366/366/366
f 605/605/605 587/587/587 606/606/606
f 602/602/602 605/605/605 606/606/606
f 587/587/587 583/583/583 387/387/387
f 606/606/606 587/587/587 387/387/387
f 602/602/602 600/600/600 391/391/391
f 606/606/606 387/387/387 388/388/388
f 600/600/600 606/606/606 388/388/388
f 607/607/607 584/584/584 385/385/385
f 394/394/394 607/607/607 385/385/385
f 607/607/607 380/380/380 381/381/381
f 584/584/584 607/607/607 381/381/381
f 396/396/396 601/601/601 607/607/607
f 394/394/394 396/396/396 607/607/607
f 601/601/601 379/379/379 380/380/380
f 607/607/607 601/601/601 380/380/380
f 608/608/608 379/379/379 601/601/601
f 596/596/596 610/610/610 609/609/609
f 610/610/610 597/597/597 599/599/599
f 586/586/586 610/610/610 599/599/599
f 585/585/585 608/608/608 601/601/601
f 610/610/610 589/589/589 590/590/590
f 597/597/597 610/610/610 596/596/596
f 592/592/592 597/597/597 598/598/598
f 591/591/591 349/349/349 346/346/346
f 591/591/591 350/350/350 349/349/349
f 591/591/591 345/345/345 344/344/344
f 593/593/593 591/591/591 344/344/344
f 593/593/593 344/344/344 343/343/343
f 593/593/593 339/339/339 340/340/340
f 593/593/593 343/343/343 334/334/334
f 593/593/593 334/334/334 336/336/336
f 339/339/339 593/593/593 336/336/336
f 339/339/339 336/336/336 337/337/337
f 593/593/593 340/340/340 347/347/347
f 329/329/329 330/330/330 595/595/595
f 594/594/594 329/329/329 595/595/595
f 594/594/594 595/595/595 608/608/608
f 599/599/599 594/594/594 608/608/608
f 599/599/599 608/608/608 585/585/585
f 586/586/586 599/599/599 585/585/585
f 608/608/608 378/378/378 379/379/379
f 608/608/608 595/595/595 378/378/378
f 595/595/595 374/374/374 376/376/376
f 595/595/595 327/327/327 374/374/374
f 595/595/595 332/332/332 327/327/327
f 595/595/595 331/331/331 332/332/332
f 591/591/591 592/592/592 598/598/598
f 603/603/603 364/364/364 361/361/361
f 603/603/603 370/370/370 368/368/368
f 603/603/603 372/372/372 371/371/371
f 603/603/603 604/604/604 372/372/372
f 600/600/600 392/392/392 391/391/391
f 588/588/588 361/361/361 360/360/360
f 588/588/588 360/360/360 359/359/359
f 590/590/590 588/588/588 359/359/359
f 590/590/590 359/359/359 354/354/354
f 609/609/609 590/590/590 354/354/354
f 609/609/609 354/354/354 356/356/356
f 596/596/596 609/609/609 356/356/356
f 596/596/596 356/356/356 352/352/352
f 596/596/596 352/352/352 350/350/350
f 598/598/598 596/596/596 350/350/350
f 591/591/591 598/598/598 350/350/350
f 602/602/602 606/606/606 600/600/600
f 602/602/602 390/390/390 389/389/389
f 591/591/591 593/593/593 592/592/592
f 586/586/586 605/605/605 366/366/366
f 589/589/589 610/610/610 586/586/586
f 609/609/609 610/610/610 590/590/590
f 587/587/587 605/605/605 586/586/586
f 611/611/611 435/435/435 434/434/434
f 614/614/614 613/613/613 612/612/612
f 615/615/615 614/614/614 612/612/612
f 617/617/617 616/616/616 282/282/282
f 620/620/620 619/619/619 618/618/618
f 623/623/623 622/622/622 621/621/621
f 624/624/624 397/397/397 398/398/398
f 624/624/624 402/402/402 404/404/404
f 625/625/625 242/242/242 243/243/243
f 616/616/616 625/625/625 243/243/243
f 626/626/626 614/614/614 615/615/615
f 627/627/627 626/626/626 615/615/615
f 628/628/628 409/409/409 410/410/410
f 629/629/629 426/426/426 427/427/427
f 630/630/630 432/432/432 466/466/466
f 438/438/438 436/436/436 611/611/611
f 633/633/633 632/632/632 631/631/631
f 636/636/636 635/635/635 634/634/634
f 639/639/639 638/638/638 637/637/637
f 642/642/642 641/641/641 640/640/640
f 643/643/643 642/642/642 640/640/640
f 646/646/646 645/645/645 644/644/644
f 647/647/647 646/646/646 644/644/644
f 650/650/650 649/649/649 648/648/648
f 632/632/632 651/651/651 631/631/631
f 631/631/631 651/651/651 652/652/652
f 653/653/653 637/637/637 638/638/638
f 641/641/641 638/638/638 640/640/640
f 641/641/641 644/644/644 645/645/645
f 650/650/650 641/641/641 645/645/645
f 633/633/633 655/655/655 654/654/654
f 654/654/654 620/620/620 656/656/656
f 654/654/654 619/619/619 620/620/620
f 633/633/633 654/654/654 656/656/656
f 633/633/633 657/657/657 655/655/655
f 633/633/633 631/631/631 657/657/657
f 631/631/631 652/652/652 657/657/657
f 652/652/652 658/658/658 657/657/657
f 659/659/659 621/621/621 658/658/658
f 652/652/652 659/659/659 658/658/658
f 659/659/659 623/623/623 621/621/621
f 618/618/618 636/636/636 660/660/660
f 620/620/620 618/618/618 660/660/660
f 662/662/662 661/661/661 636/636/636
f 618/618/618 662/662/662 636/636/636
f 661/661/661 664/664/664 663/663/663
f 664/664/664 666/666/666 665/665/665
f 661/661/661 666/666/666 664/664/664
f 661/661/661 663/663/663 636/636/636
f 664/664/664 665/665/665 667/667/667
f 668/668/668 664/664/664 667/667/667
f 671/671/671 670/670/670 669/669/669
f 672/672/672 671/671/671 669/669/669
f 669/669/669 670/670/670 673/673/673
f 674/674/674 669/669/669 673/673/673
f 613/613/613 614/614/614 670/670/670
f 671/671/671 613/613/613 670/670/670
f 670/670/670 614/614/614 626/626/626
f 673/673/673 670/670/670 626/626/626
f 675/675/675 129/129/129 130/130/130
f 615/615/615 612/612/612 624/624/624
f 628/628/628 615/615/615 624/624/624
f 615/615/615 628/628/628 676/676/676
f 627/627/627 615/615/615 676/676/676
f 613/613/613 310/310/310 320/320/320
f 190/190/190 294/294/294 671/671/671
f 194/194/194 195/195/195 672/672/672
f 206/206/206 197/197/197 617/617/617
f 678/678/678 677/677/677 676/676/676
f 627/627/627 676/676/676 677/677/677
f 679/679/679 627/627/627 677/677/677
f 679/679/679 680/680/680 626/626/626
f 627/627/627 679/679/679 626/626/626
f 673/673/673 626/626/626 680/680/680
f 681/681/681 673/673/673 680/680/680
f 674/674/674 673/673/673 681/681/681
f 682/682/682 674/674/674 681/681/681
f 665/665/665 666/666/666 677/677/677
f 661/661/661 679/679/679 677/677/677
f 679/679/679 618/618/618 680/680/680
f 681/681/681 680/680/680 654/654/654
f 682/682/682 681/681/681 658/658/658
f 683/683/683 251/251/251 242/242/242
f 625/625/625 683/683/683 242/242/242
f 197/197/197 198/198/198 617/617/617
f 672/672/672 669/669/669 616/616/616
f 617/617/617 672/672/672 616/616/616
f 669/669/669 674/674/674 625/625/625
f 616/616/616 669/669/669 625/625/625
f 674/674/674 682/682/682 625/625/625
f 682/682/682 621/621/621 622/622/622
f 684/684/684 447/447/447 446/446/446
f 310/310/310 613/613/613 671/671/671
f 294/294/294 310/310/310 671/671/671
f 685/685/685 452/452/452 451/451/451
f 685/685/685 455/455/455 452/452/452
f 686/686/686 458/458/458 456/456/456
f 687/687/687 460/460/460 459/459/459
f 687/687/687 462/462/462 461/461/461
f 688/688/688 464/464/464 462/462/462
f 689/689/689 688/688/688 462/462/462
f 690/690/690 465/465/465 464/464/464
f 688/688/688 690/690/690 464/464/464
f 691/691/691 430/430/430 431/431/431
f 692/692/692 438/438/438 611/611/611
f 693/693/693 692/692/692 238/238/238
f 692/692/692 694/694/694 684/684/684
f 684/684/684 695/695/695 685/685/685
f 685/685/685 697/697/697 696/696/696
f 683/683/683 693/693/693 251/251/251
f 683/683/683 698/698/698 694/694/694
f 693/693/693 683/683/683 694/694/694
f 698/698/698 699/699/699 695/695/695
f 694/694/694 698/698/698 695/695/695
f 699/699/699 700/700/700 697/697/697
f 695/695/695 699/699/699 697/697/697
f 697/697/697 700/700/700 701/701/701
f 686/686/686 701/701/701 702/702/702
f 702/702/702 689/689/689 462/462/462
f 687/687/687 702/702/702 462/462/462
f 703/703/703 622/622/622 623/623/623
f 623/623/623 704/704/704 703/703/703
f 704/704/704 699/699/699 703/703/703
f 699/699/699 704/704/704 651/651/651
f 705/705/705 648/648/648 701/701/701
f 700/700/700 705/705/705 701/701/701
f 648/648/648 649/649/649 702/702/702
f 701/701/701 648/648/648 702/702/702
f 649/649/649 646/646/646 689/689/689
f 702/702/702 649/649/649 689/689/689
f 646/646/646 647/647/647 688/688/688
f 689/689/689 646/646/646 688/688/688
f 647/647/647 642/642/642 690/690/690
f 688/688/688 647/647/647 690/690/690
f 642/642/642 643/643/643 630/630/630
f 690/690/690 642/642/642 630/630/630
f 643/643/643 639/639/639 691/691/691
f 630/630/630 643/643/643 691/691/691
f 691/691/691 639/639/639 706/706/706
f 629/629/629 691/691/691 706/706/706
f 668/668/668 667/667/667 678/678/678
f 707/707/707 668/668/668 678/678/678
f 707/707/707 415/415/415 416/416/416
f 708/708/708 634/634/634 635/635/635
f 709/709/709 708/708/708 635/635/635
f 709/709/709 419/419/419 420/420/420
f 711/711/711 710/710/710 634/634/634
f 708/708/708 711/711/711 634/634/634
f 708/708/708 421/421/421 423/423/423
f 629/629/629 706/706/706 710/710/710
f 711/711/711 629/629/629 710/710/710
f 711/711/711 424/424/424 425/425/425
f 678/678/678 413/413/413 415/415/415
f 707/707/707 678/678/678 415/415/415
f 712/712/712 417/417/417 418/418/418
f 709/709/709 635/635/635 668/668/668
f 712/712/712 709/709/709 668/668/668
f 707/707/707 712/712/712 668/668/668
f 707/707/707 416/416/416 417/417/417
f 712/712/712 707/707/707 417/417/417
f 709/709/709 712/712/712 418/418/418
f 709/709/709 418/418/418 419/419/419
f 708/708/708 709/709/709 420/420/420
f 708/708/708 420/420/420 421/421/421
f 691/691/691 428/428/428 430/430/430
f 691/691/691 427/427/427 428/428/428
f 691/691/691 629/629/629 427/427/427
f 629/629/629 425/425/425 426/426/426
f 629/629/629 711/711/711 425/425/425
f 711/711/711 423/423/423 424/424/424
f 711/711/711 708/708/708 423/423/423
f 690/690/690 630/630/630 466/466/466
f 690/690/690 466/466/466 465/465/465
f 630/630/630 691/691/691 431/431/431
f 630/630/630 431/431/431 432/432/432
f 687/687/687 461/461/461 460/460/460
f 686/686/686 459/459/459 458/458/458
f 686/686/686 687/687/687 459/459/459
f 645/645/645 646/646/646 649/649/649
f 650/650/650 645/645/645 649/649/649
f 644/644/644 641/641/641 642/642/642
f 647/647/647 644/644/644 642/642/642
f 640/640/640 638/638/638 639/639/639
f 643/643/643 640/640/640 639/639/639
f 653/653/653 713/713/713 637/637/637
f 706/706/706 639/639/639 637/637/637
f 683/683/683 703/703/703 698/698/698
f 698/698/698 703/703/703 699/699/699
f 693/693/693 283/283/283 251/251/251
f 617/617/617 282/282/282 241/241/241
f 616/616/616 243/243/243 282/282/282
f 692/692/692 444/444/444 443/443/443
f 692/692/692 441/441/441 439/439/439
f 692/692/692 443/443/443 441/441/441
f 692/692/692 439/439/439 438/438/438
f 684/684/684 446/446/446 444/444/444
f 692/692/692 684/684/684 444/444/444
f 684/684/684 449/449/449 447/447/447
f 294/294/294 297/297/297 309/309/309
f 675/675/675 320/320/320 129/129/129
f 612/612/612 613/613/613 320/320/320
f 624/624/624 400/400/400 401/401/401
f 624/624/624 401/401/401 402/402/402
f 624/624/624 398/398/398 400/400/400
f 624/624/624 130/130/130 397/397/397
f 624/624/624 612/612/612 714/714/714
f 624/624/624 404/404/404 405/405/405
f 624/624/624 405/405/405 406/406/406
f 628/628/628 624/624/624 406/406/406
f 628/628/628 406/406/406 407/407/407
f 628/628/628 407/407/407 409/409/409
f 628/628/628 410/410/410 411/411/411
f 676/676/676 628/628/628 411/411/411
f 676/676/676 411/411/411 412/412/412
f 436/436/436 435/435/435 611/611/611
f 676/676/676 412/412/412 413/413/413
f 678/678/678 676/676/676 413/413/413
f 237/237/237 238/238/238 611/611/611
f 692/692/692 611/611/611 238/238/238
f 696/696/696 697/697/697 686/686/686
f 664/664/664 668/668/668 635/635/635
f 659/659/659 704/704/704 623/623/623
f 652/652/652 704/704/704 659/659/659
f 704/704/704 652/652/652 651/651/651
f 660/660/660 636/636/636 715/715/715
f 715/715/715 634/634/634 710/710/710
f 713/713/713 653/653/653 710/710/710
f 713/713/713 710/710/710 706/706/706
f 713/713/713 706/706/706 637/637/637
f 663/663/663 664/664/664 635/635/635
f 663/663/663 635/635/635 636/636/636
f 685/685/685 451/451/451 449/449/449
f 684/684/684 685/685/685 449/449/449
f 686/686/686 702/702/702 687/687/687
f 680/680/680 619/619/619 654/654/654
f 681/681/681 655/655/655 657/657/657
f 681/681/681 654/654/654 655/655/655
f 681/681/681 657/657/657 658/658/658
f 682/682/682 658/658/658 621/621/621
f 682/682/682 622/622/622 703/703/703
f 625/625/625 682/682/682 703/703/703
f 625/625/625 703/703/703 683/683/683
f 679/679/679 662/662/662 618/618/618
f 618/618/618 619/619/619 680/680/680
f 661/661/661 677/677/677 666/666/666
f 661/661/661 662/662/662 679/679/679
f 678/678/678 667/667/667 677/677/677
f 667/667/667 665/665/665 677/677/677
f 714/714/714 612/612/612 675/675/675
f 675/675/675 612/612/612 320/320/320
f 714/714/714 675/675/675 130/130/130
f 624/624/624 714/714/714 130/130/130
f 686/686/686 456/456/456 455/455/455
f 685/685/685 695/695/695 697/697/697
f 684/684/684 694/694/694 695/695/695
f 692/692/692 693/693/693 694/694/694
f 696/696/696 686/686/686 455/455/455
f 685/685/685 696/696/696 455/455/455
f 693/693/693 238/238/238 283/283/283
f 651/651/651 705/705/705 700/700/700
f 699/699/699 651/651/651 700/700/700
f 705/705/705 651/651/651 632/632/632
f 650/650/650 632/632/632 716/716/716
f 716/716/716 656/656/656 620/620/620
f 716/716/716 638/638/638 641/641/641
f 716/716/716 620/620/620 715/715/715
f 620/620/620 660/660/660 715/715/715
f 650/650/650 716/716/716 641/641/641
f 650/650/650 648/648/648 632/632/632
f 633/633/633 656/656/656 716/716/716
f 633/633/633 716/716/716 632/632/632
f 648/648/648 705/705/705 632/632/632
f 715/715/715 710/710/710 653/653/653
f 636/636/636 634/634/634 715/715/715
f 638/638/638 715/715/715 653/653/653
f 716/716/716 715/715/715 638/638/638
f 697/697/697 701/701/701 686/686/686
f 237/237/237 611/611/611 434/434/434
f 200/200/200 617/617/617 241/241/241
f 200/200/200 206/206/206 617/617/617
f 195/195/195 190/190/190 671/671/671
f 195/195/195 671/671/671 672/672/672
f 198/198/198 194/194/194 672/672/672
f 198/198/198 672/672/672 617/617/617
f 717/717/717 492/492/492 490/490/490
f 718/718/718 467/467/467 468/468/468
f 719/719/719 473/473/473 474/474/474
f 467/467/467 718/718/718 487/487/487
f 720/720/720 490/490/490 489/489/489
f 721/721/721 472/472/472 473/473/473
f 721/721/721 722/722/722 720/720/720
f 720/720/720 717/717/717 490/490/490
f 719/719/719 474/474/474 475/475/475
f 724/724/724 719/719/719 723/723/723
f 726/726/726 725/725/725 722/722/722
f 722/722/722 727/727/727 717/717/717
f 727/727/727 494/494/494 492/492/492
f 717/717/717 727/727/727 492/492/492
f 728/728/728 480/480/480 496/496/496
f 730/730/730 728/728/728 729/729/729
f 733/733/733 732/732/732 731/731/731
f 731/731/731 735/735/735 734/734/734
f 735/735/735 736/736/736 482/482/482
f 734/734/734 735/735/735 482/482/482
f 729/729/729 477/477/477 737/737/737
f 739/739/739 738/738/738 733/733/733
f 733/733/733 740/740/740 732/732/732
f 732/732/732 741/741/741 735/735/735
f 735/735/735 741/741/741 742/742/742
f 723/723/723 475/475/475 480/480/480
f 726/726/726 723/723/723 728/728/728
f 730/730/730 731/731/731 725/725/725
f 725/725/725 734/734/734 727/727/727
f 734/734/734 482/482/482 494/494/494
f 727/727/727 734/734/734 494/494/494
f 743/743/743 470/470/470 472/472/472
f 743/743/743 720/720/720 489/489/489
f 744/744/744 477/477/477 495/495/495
f 729/729/729 728/728/728 477/477/477
f 728/728/728 723/723/723 480/480/480
f 723/723/723 719/719/719 475/475/475
f 733/733/733 730/730/730 729/729/729
f 730/730/730 726/726/726 728/728/728
f 726/726/726 724/724/724 723/723/723
f 724/724/724 721/721/721 719/719/719
f 721/721/721 743/743/743 472/472/472
f 724/724/724 726/726/726 722/722/722
f 726/726/726 730/730/730 725/725/725
f 730/730/730 733/733/733 731/731/731
f 731/731/731 732/732/732 735/735/735
f 732/732/732 745/745/745 741/741/741
f 725/725/725 731/731/731 734/734/734
f 722/722/722 725/725/725 727/727/727
f 720/720/720 722/722/722 717/717/717
f 743/743/743 721/721/721 720/720/720
f 721/721/721 724/724/724 722/722/722
f 718/718/718 468/468/468 470/470/470
f 743/743/743 718/718/718 470/470/470
f 743/743/743 489/489/489 487/487/487
f 718/718/718 743/743/743 487/487/487
f 728/728/728 496/496/496 477/477/477
f 721/721/721 473/473/473 719/719/719
f 732/732/732 746/746/746 745/745/745
f 744/744/744 737/737/737 477/477/477
f 739/739/739 729/729/729 737/737/737
f 739/739/739 733/733/733 729/729/729
f 733/733/733 738/738/738 740/740/740
f 740/740/740 746/746/746 732/732/732
f 735/735/735 742/742/742 736/736/736
f 535/535/535 747/747/747 537/537/537
f 748/748/748 549/549/549 548/548/548
f 749/749/749 533/533/533 532/532/532
f 750/750/750 749/749/749 532/532/532
f 752/752/752 751/751/751 748/748/748
f 754/754/754 753/753/753 749/749/749
f 747/747/747 753/753/753 754/754/754
f 755/755/755 530/530/530 527/527/527
f 748/748/748 548/548/548 546/546/546
f 751/751/751 528/528/528 551/551/551
f 751/751/751 551/551/551 549/549/549
f 748/748/748 751/751/751 549/549/549
f 748/748/748 546/546/546 545/545/545
f 756/756/756 748/748/748 545/545/545
f 756/756/756 545/545/545 544/544/544
f 756/756/756 544/544/544 521/521/521
f 757/757/757 756/756/756 521/521/521
f 757/757/757 521/521/521 511/511/511
f 757/757/757 511/511/511 510/510/510
f 758/758/758 757/757/757 510/510/510
f 758/758/758 510/510/510 508/508/508
f 554/554/554 758/758/758 508/508/508
f 755/755/755 759/759/759 750/750/750
f 752/752/752 748/748/748 756/756/756
f 761/761/761 760/760/760 759/759/759
f 762/762/762 754/754/754 759/759/759
f 764/764/764 763/763/763 762/762/762
f 764/764/764 518/518/518 519/519/519
f 763/763/763 764/764/764 519/519/519
f 749/749/749 524/524/524 533/533/533
f 753/753/753 526/526/526 524/524/524
f 749/749/749 753/753/753 524/524/524
f 749/749/749 750/750/750 759/759/759
f 750/750/750 532/532/532 530/530/530
f 755/755/755 750/750/750 530/530/530
f 755/755/755 527/527/527 528/528/528
f 751/751/751 755/755/755 528/528/528
f 755/755/755 751/751/751 752/752/752
f 752/752/752 756/756/756 757/757/757
f 761/761/761 757/757/757 758/758/758
f 761/761/761 554/554/554 765/765/765
f 766/766/766 762/762/762 760/760/760
f 768/768/768 767/767/767 766/766/766
f 767/767/767 513/513/513 514/514/514
f 769/769/769 574/574/574 572/572/572
f 768/768/768 570/570/570 503/503/503
f 769/769/769 572/572/572 570/570/570
f 768/768/768 769/769/769 570/570/570
f 769/769/769 576/576/576 574/574/574
f 770/770/770 578/578/578 576/576/576
f 769/769/769 770/770/770 576/576/576
f 770/770/770 580/580/580 578/578/578
f 769/769/769 768/768/768 766/766/766
f 562/562/562 771/771/771 560/560/560
f 763/763/763 520/520/520 541/541/541
f 772/772/772 763/763/763 541/541/541
f 763/763/763 519/519/519 520/520/520
f 772/772/772 541/541/541 539/539/539
f 772/772/772 539/539/539 538/538/538
f 747/747/747 772/772/772 538/538/538
f 747/747/747 538/538/538 537/537/537
f 535/535/535 753/753/753 747/747/747
f 535/535/535 526/526/526 753/753/753
f 761/761/761 765/765/765 760/760/760
f 767/767/767 762/762/762 766/766/766
f 767/767/767 764/764/764 762/762/762
f 768/768/768 503/503/503 504/504/504
f 764/764/764 767/767/767 514/514/514
f 764/764/764 514/514/514 517/517/517
f 768/768/768 504/504/504 507/507/507
f 767/767/767 768/768/768 507/507/507
f 767/767/767 507/507/507 512/512/512
f 767/767/767 512/512/512 513/513/513
f 770/770/770 766/766/766 562/562/562
f 766/766/766 760/760/760 771/771/771
f 762/762/762 759/759/759 760/760/760
f 763/763/763 772/772/772 754/754/754
f 763/763/763 754/754/754 762/762/762
f 772/772/772 747/747/747 754/754/754
f 754/754/754 749/749/749 759/759/759
f 755/755/755 752/752/752 759/759/759
f 752/752/752 761/761/761 759/759/759
f 765/765/765 771/771/771 760/760/760
f 562/562/562 766/766/766 771/771/771
f 761/761/761 752/752/752 757/757/757
f 764/764/764 517/517/517 518/518/518
f 770/770/770 568/568/568 580/580/580
f 770/770/770 565/565/565 568/568/568
f 761/761/761 758/758/758 554/554/554
f 770/770/770 769/769/769 766/766/766
f 565/565/565 770/770/770 562/562/562
f 557/557/557 560/560/560 771/771/771
f 567/567/567 557/557/557 771/771/771
f 765/765/765 567/567/567 771/771/771
f 567/567/567 765/765/765 554/554/554
