g cPK_20_002320_00_GYARADOSex_SR_L
v -0.12747714 -0.3945725 -0.043479476
v -0.1267461 -0.3847462 -0.043944687
v -0.13491176 -0.392577 -0.04317867
v -0.17947178 -0.4249262 -0.04043681
v -0.18039003 -0.4188511 -0.040554054
v -0.18419813 -0.42518184 -0.040324148
v -0.16903685 -0.4209964 -0.040814478
v -0.16849156 -0.41633397 -0.04095068
v -0.19462839 -0.43509492 -0.03997568
v -0.19428241 -0.43206787 -0.040023893
v -0.20881143 -0.43265373 -0.039858308
v -0.11390313 -0.386288 -0.044590227
v -0.11333858 -0.38049066 -0.044885814
v -0.12526098 -0.384921 -0.044014912
v -0.19405143 -0.42435408 -0.040167972
v -0.13510847 -0.4008328 -0.04284062
v -0.13497518 -0.3989556 -0.042918157
v -0.13770428 -0.4010007 -0.042705316
v -0.16853254 -0.4068298 -0.04124175
v -0.113085285 -0.37722203 -0.045056034
v -0.13598152 -0.39257443 -0.043125812
v -0.14518061 -0.3998585 -0.042396672
v -0.22526748 -0.007893893 -0.044112805
v -0.22247343 -0.016646663 -0.04369716
v -0.22350483 -0.0005594317 -0.04459614
v -0.23428881 -0.047869027 -0.041876446
v -0.23527728 -0.049543716 -0.04178678
v -0.23256133 -0.046729323 -0.041968122
v -0.13947378 -0.40963194 -0.04232269
v -0.13942143 -0.40803787 -0.042380244
v -0.14019041 -0.41097698 -0.04224628
v -0.20934272 -0.45288846 -0.039719988
v -0.2075938 -0.45116583 -0.039735954
v -0.21188729 -0.45368648 -0.039719965
v -0.30506298 -0.19950631 -0.039826468
v -0.30351347 -0.19943734 -0.03983247
v -0.3065836 -0.19879209 -0.03981978
v -0.30948034 -0.15602353 -0.03981146
v -0.31002504 -0.15813601 -0.03981062
v -0.30819806 -0.15455203 -0.03981677
v -0.22277677 0.0011700968 -0.044728745
v -0.22149253 0.0024261994 -0.04483461
v -0.17656596 -0.010785768 -0.045869526
v -0.1778256 -0.009879931 -0.045838993
v -0.17582479 -0.011986906 -0.04584989
v -0.14071979 -0.40489513 -0.04241972
v -0.14197843 -0.403989 -0.04239187
v -0.13977994 -0.40634868 -0.042414956
v -0.14134972 -0.4118693 -0.04216368
v -0.14316192 -0.41242296 -0.04206103
v -0.14497735 -0.4124391 -0.0419773
v -0.1509197 -0.41118404 -0.041753467
v -0.1455034 -0.4018107 -0.042308573
v -0.14589286 -0.40077305 -0.042329878
v -0.15360025 -0.41219068 -0.0416114
v -0.15658936 -0.41230115 -0.041488018
v -0.16115712 -0.41076133 -0.04136352
v -0.16657028 -0.40782142 -0.04127149
v -0.14579974 -0.40016943 -0.04235695
v -0.20641957 -0.44887248 -0.039747685
v -0.20621823 -0.44583425 -0.039762534
v -0.21376161 -0.45361844 -0.039719988
v -0.21664332 -0.4527657 -0.039719965
v -0.20663078 -0.4435675 -0.03977499
v -0.21924512 -0.451193 -0.039719988
v -0.20787683 -0.4410359 -0.039795708
v -0.2214061 -0.4490872 -0.039719988
v -0.20931914 -0.43879113 -0.0398067
v -0.22364926 -0.44597623 -0.039719988
v -0.21026273 -0.4366694 -0.03981617
v -0.22570498 -0.4425148 -0.039719988
v -0.23265605 -0.42660853 -0.039719988
v -0.20987962 -0.43431202 -0.039834905
v -0.24031988 -0.40605646 -0.039719988
v -0.24599314 -0.38505885 -0.03972368
v -0.24923877 -0.37009877 -0.039732505
v -0.250943 -0.354628 -0.039752137
v -0.2523422 -0.3402523 -0.03977836
v -0.2537008 -0.3180228 -0.03983225
v -0.25416875 -0.30569214 -0.03986736
v -0.25433934 -0.30377156 -0.039872307
v -0.3234571 -0.13497533 -0.03976075
v -0.30298737 -0.1500323 -0.03983686
v -0.32419047 -0.13384347 -0.03975828
v -0.23646353 -0.059351593 -0.041395437
v -0.2355905 -0.061418395 -0.041349594
v -0.23680995 -0.056890246 -0.04147189
v -0.21980372 0.003053175 -0.044918593
v -0.21765712 0.0030929109 -0.0449834
v -0.21532273 0.0027862887 -0.04503144
v -0.2165892 0.021188198 -0.04615774
v -0.21686506 0.019107638 -0.046014495
v -0.21566544 0.023315495 -0.04632092
v -0.21315058 0.026255298 -0.046570323
v -0.21445666 0.025058364 -0.046468344
v -0.21108826 0.02729087 -0.04670643
v -0.2069143 0.028150735 -0.046882294
v -0.20893896 0.027828762 -0.046802476
v -0.20501612 0.027796132 -0.046906706
v -0.20342426 0.02696669 -0.04691172
v -0.20195429 0.02557948 -0.046869945
v -0.20106177 0.024022086 -0.046800356
v -0.19175462 -0.013442938 -0.045015503
v -0.18650419 -0.009101341 -0.04547387
v -0.18781455 -0.010005141 -0.045358688
v -0.18496442 -0.008619176 -0.04556977
v 0.007880728 -0.323658 -0.05199781
v 0.011896342 -0.31737944 -0.05218972
v 0.002964855 -0.32786816 -0.051767107
v -0.13256173 -0.3120967 -0.045111682
v -0.12940419 -0.31578365 -0.045292675
v -0.1341487 -0.30882165 -0.045037016
v -0.21284185 -0.18237293 -0.042776607
v -0.21162383 -0.18385766 -0.042837657
v -0.21425234 -0.17877343 -0.042593896
v -0.22497606 -0.20337538 -0.041961223
v -0.22278483 -0.19926606 -0.042083185
v -0.22716413 -0.20570739 -0.041841082
v -0.0965444 -0.36492223 -0.04658724
v -0.10636776 -0.35742828 -0.046322685
v -0.09517678 -0.36681673 -0.046572503
v -0.09379729 -0.37057546 -0.046476435
v -0.09437326 -0.36856258 -0.046534922
v -0.09377577 -0.37252328 -0.04639268
v -0.09443617 -0.37442747 -0.04627422
v -0.09579643 -0.376245 -0.046119206
v -0.097302794 -0.3773655 -0.045982935
v -0.099297605 -0.37813756 -0.0458322
v -0.101467825 -0.3785148 -0.04568587
v -0.10374464 -0.37824345 -0.045560014
v -0.30831826 -0.19679035 -0.03981371
v -0.30957386 -0.1942719 -0.039810598
v -0.29338667 -0.19698004 -0.039883483
v -0.31064227 -0.1908553 -0.03980671
v -0.31063402 -0.18888758 -0.039807163
v -0.30991924 -0.18686597 -0.039811175
v -0.30875048 -0.18492481 -0.039815962
v -0.30185995 -0.17591302 -0.039848264
v -0.3000896 -0.17360877 -0.039856404
v -0.3070813 -0.16948408 -0.03982393
v -0.3084137 -0.16804388 -0.039818056
v -0.3093569 -0.16650216 -0.03981455
v -0.30986896 -0.1645694 -0.039812233
v -0.32503673 -0.13041042 -0.039755285
v -0.32476583 -0.13224259 -0.039756995
v -0.32482475 -0.12884152 -0.039755285
v -0.31639048 -0.11982238 -0.039771892
v -0.31798336 -0.12053744 -0.03976837
v -0.31475613 -0.119542114 -0.039776277
v -0.25658813 -0.10736612 -0.040096086
v -0.26040635 -0.11054336 -0.04005083
v -0.25402385 -0.105629824 -0.040142573
v -0.25122282 -0.10413853 -0.04019734
v -0.24866991 -0.10315291 -0.04024547
v -0.24443614 -0.09998024 -0.04035328
v -0.24569881 -0.10232659 -0.040310156
v -0.24206237 -0.09692303 -0.04042995
v -0.2396247 -0.09435145 -0.040520754
v -0.2363741 -0.09159058 -0.040639736
v -0.23252757 -0.089003004 -0.040793575
v -0.22863065 -0.08705689 -0.04093795
v -0.23458862 -0.06316137 -0.041320577
v -0.23249896 -0.06571329 -0.041296694
v -0.23638523 -0.05340005 -0.0416073
v -0.23041041 -0.045972243 -0.042057987
v -0.2279812 -0.045492526 -0.042147677
v -0.22515653 -0.045558106 -0.042231034
v -0.22056852 -0.045927588 -0.042372983
v -0.18910062 -0.011355358 -0.045240697
v -0.18986192 -0.01240159 -0.045152795
v -0.18312275 -0.008551841 -0.045657195
v -0.18110348 -0.0088516325 -0.045740437
v -0.17947663 -0.009304454 -0.045805376
v -0.17522565 -0.013711321 -0.045799397
v -0.1747819 -0.015585235 -0.045734715
v -0.17440054 -0.022171618 -0.045459777
v -0.1741024 -0.031186623 -0.045100484
v -0.17215824 -0.082843296 -0.04381365
v -0.1762638 -0.08210602 -0.043564998
v -0.16685964 -0.08420803 -0.04414114
v -0.16106386 -0.08640778 -0.044506084
v -0.15592143 -0.08904842 -0.044837005
v -0.14974146 -0.09267785 -0.045249548
v -0.14363185 -0.09710803 -0.045671966
v -0.13858406 -0.101687185 -0.046030235
v -0.13430072 -0.10627808 -0.046341345
v -0.13107868 -0.11061259 -0.046593767
v -0.12871106 -0.11424499 -0.046766035
v -0.12650537 -0.11812144 -0.04694301
v -0.12509845 -0.12100694 -0.04706078
v -0.12406071 -0.12359635 -0.04715235
v -0.12379147 -0.12555659 -0.04718544
v -0.12159421 -0.1261034 -0.04734993
v -0.11810739 -0.1276726 -0.04761564
v -0.11349242 -0.13093385 -0.04797581
v -0.10814756 -0.13564616 -0.048400592
v -0.1018278 -0.14246671 -0.048914995
v -0.096768655 -0.14898454 -0.049338963
v -0.09369509 -0.15372902 -0.049607024
v -0.09079723 -0.15898189 -0.049871925
v -0.08527873 -0.1643701 -0.05030501
v -0.088685475 -0.16341475 -0.050074976
v -0.0817441 -0.16615754 -0.050551098
v -0.07826169 -0.16851547 -0.050798595
v -0.07450989 -0.17141466 -0.051055115
v -0.07053876 -0.17514136 -0.0513169
v -0.0670922 -0.17967215 -0.051539578
v -0.063900076 -0.17925143 -0.051684108
v -0.056503184 -0.17981096 -0.052013308
v -0.0495766 -0.18128267 -0.05229826
v -0.04261072 -0.1837344 -0.052557766
v -0.034986846 -0.18801713 -0.05281017
v -0.025523344 -0.19552198 -0.05306985
v -0.017991519 -0.20233002 -0.05305585
v -0.010677224 -0.2101463 -0.05303657
v -0.0047278935 -0.21732627 -0.053049404
v -0.0002732331 -0.22360833 -0.053073414
v 0.005380655 -0.23287502 -0.053061094
v 0.010486397 -0.24342857 -0.052942105
v 0.014430421 -0.25411987 -0.05280272
v 0.016758507 -0.26198423 -0.052704763
v 0.01871853 -0.27139598 -0.052595895
v 0.019496316 -0.28100765 -0.052506085
v 0.019567972 -0.28714442 -0.052455902
v 0.019194687 -0.29373473 -0.052416593
v 0.017196124 -0.30350438 -0.05235205
v 0.014597801 -0.31167978 -0.052302927
v -0.0048364573 -0.33246046 -0.051381886
v -0.014682636 -0.33694154 -0.0508483
v -0.02644356 -0.34083766 -0.050228566
v -0.037320126 -0.34372374 -0.04971866
v -0.04619208 -0.34530023 -0.049350575
v -0.054136503 -0.3457807 -0.04906576
v -0.0629399 -0.3451832 -0.048801735
v -0.07283949 -0.34365806 -0.048493963
v -0.08275896 -0.3412072 -0.048042133
v -0.09388235 -0.33793604 -0.047453426
v -0.10197105 -0.33495036 -0.046989564
v -0.11061706 -0.3307151 -0.04646133
v -0.116959766 -0.3265056 -0.046060722
v -0.12349471 -0.3214993 -0.045674074
v -0.1375042 -0.30735162 -0.04482356
v -0.14158905 -0.30454555 -0.04456376
v -0.14666234 -0.30070442 -0.044255506
v -0.15614095 -0.29265732 -0.043730702
v -0.16441153 -0.2832778 -0.043367863
v -0.17308806 -0.27223998 -0.043105308
v -0.17817357 -0.2633829 -0.043083604
v -0.18200873 -0.25353813 -0.043209437
v -0.18399325 -0.24408428 -0.043483015
v -0.1840519 -0.24087651 -0.043618657
v -0.18635125 -0.23869805 -0.04359978
v -0.19047438 -0.23317936 -0.04350699
v -0.19558363 -0.22554944 -0.043381605
v -0.20253597 -0.21343844 -0.043325454
v -0.206567 -0.20473397 -0.043044295
v -0.20952041 -0.19538584 -0.042878628
v -0.21009067 -0.191774 -0.042862456
v -0.21006222 -0.18813345 -0.042891808
v -0.21782647 -0.18180554 -0.042491905
v -0.21726024 -0.17846261 -0.0424365
v -0.21910925 -0.1889128 -0.042344015
v -0.22102459 -0.19487642 -0.042196266
v -0.22362714 -0.21536286 -0.042067952
v -0.22602563 -0.20881557 -0.041907232
v -0.2214574 -0.22293375 -0.042060338
v -0.22040458 -0.22909811 -0.041937817
v -0.22038816 -0.23484886 -0.04179875
v -0.22100165 -0.23980112 -0.041665573
v -0.22201295 -0.24429269 -0.041536886
v -0.2209734 -0.24894269 -0.041515175
v -0.22289185 -0.24653094 -0.04146762
v -0.21836734 -0.25365475 -0.04157676
v -0.21617778 -0.26026428 -0.04146164
v -0.21506827 -0.26595888 -0.041313622
v -0.21456301 -0.27066255 -0.041193016
v -0.21445201 -0.27608734 -0.04105539
v -0.21546371 -0.28277773 -0.04087312
v -0.21634495 -0.286145 -0.04078084
v -0.18229097 -0.30745512 -0.042030796
v -0.20541036 -0.29362303 -0.041070357
v -0.13727391 -0.33654103 -0.04452317
v -0.11940836 -0.3484658 -0.0456048
v -0.113747895 -0.35231313 -0.04591391
v -0.25702387 -0.30199552 -0.039867487
v -0.2605472 -0.2990194 -0.03986037
v -0.264182 -0.29476297 -0.039856426
v -0.26911747 -0.28782693 -0.039853785
v -0.27291292 -0.28042886 -0.039855417
v -0.2763532 -0.27060091 -0.03986251
v -0.27775124 -0.26634026 -0.039865334
v -0.27817538 -0.26309106 -0.039870255
v -0.28151903 -0.25908962 -0.039863326
v -0.2855076 -0.2531972 -0.03985405
v -0.28966686 -0.24495654 -0.03984804
v -0.2929246 -0.23615976 -0.03984617
v -0.29490194 -0.22574525 -0.039850507
v -0.29499906 -0.21580641 -0.039860453
v -0.2938585 -0.20810214 -0.0398731
v -0.2929831 -0.20461607 -0.03988033
v -0.3101262 -0.16081752 -0.03981062
v -0.3064851 -0.1536566 -0.039823398
v -0.3047758 -0.15289328 -0.039830487
v -0.323692 -0.12648888 -0.03975649
v -0.32165933 -0.12384327 -0.0397599
v -0.31956208 -0.1216983 -0.03976445
v -0.3125066 -0.11992555 -0.039783593
v -0.28531584 -0.12756592 -0.039908987
v -0.2791891 -0.13043146 -0.039948296
v -0.27650812 -0.13241407 -0.039967474
v -0.27488357 -0.12824456 -0.03997217
v -0.2726281 -0.124258354 -0.039980594
v -0.26921988 -0.11949172 -0.03999433
v -0.2651178 -0.114911675 -0.04001282
v -0.22099833 -0.022753699 -0.043417446
v -0.22004898 -0.027467905 -0.043210123
v -0.21939209 -0.033841677 -0.0429277
v -0.21957593 -0.038814303 -0.042698234
v -0.10852771 -0.37697983 -0.045333635
v -0.11153325 -0.3769325 -0.045159865
v -0.29189596 -0.2016299 -0.0398888
v -0.291902 -0.20000942 -0.039889567
v -0.29246658 -0.1982709 -0.03988764
v -0.21638575 -0.1771562 -0.042444877
v -0.30324924 -0.1522765 -0.03983686
v -0.30137393 -0.15151839 -0.039845224
v -0.21499102 -0.17742042 -0.042519603
v -0.22401853 -0.08528662 -0.04112434
v -0.23079179 -0.06799152 -0.041285805
v -0.22950749 -0.07027267 -0.04126234
v -0.22837773 -0.07264656 -0.041237067
v -0.19064473 -0.012923883 -0.045091305
v -0.06283331 -0.31669363 -0.052184816
v -0.053815812 -0.32302576 -0.05253532
v -0.06847247 -0.3118516 -0.051969077
v -0.07298558 -0.30715647 -0.051749665
v -0.077827685 -0.30077276 -0.051445153
v -0.083016165 -0.2938254 -0.051109076
v -0.045915738 -0.32743478 -0.05294487
v -0.08760714 -0.28646252 -0.050789353
v -0.0375134 -0.33098626 -0.053516883
v -0.030843472 -0.3328919 -0.054039396
v -0.02304757 -0.3347182 -0.054705795
v -0.016290965 -0.33549783 -0.05529815
v -0.005376622 -0.33549783 -0.056224227
v 0.0025059574 -0.33455214 -0.056824636
v 0.010735057 -0.3327403 -0.05735706
v 0.01991701 -0.32970855 -0.057791024
v 0.029358739 -0.32552907 -0.05802378
v 0.03810765 -0.319604 -0.058172256
v 0.04980158 -0.30993718 -0.05862334
v 0.058730878 -0.30101502 -0.058824748
v -0.09264006 -0.2765877 -0.050471503
v -0.0964338 -0.26733667 -0.050295312
v -0.0993362 -0.25753084 -0.050251175
v 0.06678667 -0.29174653 -0.058618158
v -0.10146668 -0.24756932 -0.050379403
v -0.10197768 -0.23977335 -0.050597794
v -0.101631105 -0.23267029 -0.050840944
v -0.100842856 -0.22470108 -0.051110476
v -0.09876388 -0.21482621 -0.051445514
v -0.09669372 -0.20815626 -0.05167914
v -0.09305553 -0.19854125 -0.052024372
v -0.089339614 -0.19057205 -0.052379347
v -0.086047955 -0.18484625 -0.052717667
v -0.08032212 -0.17618403 -0.053375375
v 0.0740845 -0.28143856 -0.058202684
v 0.08018888 -0.2705241 -0.057731654
v -0.07451846 -0.1679637 -0.05412962
v 0.084693156 -0.26116893 -0.05741634
v -0.07106235 -0.16378835 -0.054550637
v -0.0674243 -0.16013269 -0.054942854
v -0.06428833 -0.15779391 -0.055218708
v -0.060303718 -0.15546386 -0.055511553
v -0.05475992 -0.15356688 -0.055812944
v -0.047215044 -0.15191238 -0.05614077
v -0.039332468 -0.15079501 -0.05641569
v -0.026165921 -0.15076871 -0.056683887
v -0.018110035 -0.15104611 -0.05677131
v -0.011007066 -0.15182571 -0.05678388
v -0.004519142 -0.15269195 -0.056763615
v 0.0031123057 -0.15416445 -0.056747403
v 0.01266702 -0.15649454 -0.056755442
v 0.022351144 -0.15944846 -0.056799043
v 0.033525378 -0.16351973 -0.05691411
v 0.05058117 -0.17073558 -0.057229936
v 0.08908441 -0.24904184 -0.057222094
v 0.060378164 -0.17563802 -0.057454355
v 0.091702424 -0.23994656 -0.057281423
v 0.06913581 -0.18033312 -0.057680298
v 0.075467974 -0.18491529 -0.057856448
v 0.09439265 -0.22747298 -0.05766046
v 0.08109843 -0.18952379 -0.058017295
v 0.085740946 -0.19375949 -0.05814298
v 0.09532609 -0.22019675 -0.057985105
v 0.09037572 -0.19938122 -0.058247726
v 0.09331208 -0.20439653 -0.05828501
v 0.09479337 -0.20936029 -0.058246978
v 0.095477596 -0.2145663 -0.058151018
v -0.054845553 -0.07894657 -0.06369417
v -0.05696081 -0.08375778 -0.06357942
v -0.05204291 -0.076090515 -0.06373965
v -0.047231685 -0.07274582 -0.06377236
v -0.059028614 -0.09063094 -0.063405216
v -0.037872873 -0.068601094 -0.06378604
v -0.062347095 -0.10427523 -0.063063964
v -0.02808443 -0.06534219 -0.06378373
v -0.0160505 -0.06264633 -0.06376558
v -0.06364355 -0.11048651 -0.0629135
v -0.06482157 -0.117982976 -0.062732175
v 0.00010148175 -0.060406663 -0.063742
v -0.06592892 -0.12879926 -0.06247436
v -0.066038094 -0.14325674 -0.06213159
v -0.065178744 -0.15122414 -0.061938375
v 0.012559223 -0.05928244 -0.06373965
v -0.063857496 -0.15960726 -0.061739117
v -0.061295122 -0.1694955 -0.06150019
v 0.02364215 -0.05867519 -0.06375059
v -0.058347534 -0.17771427 -0.061300285
v -0.055072885 -0.18484755 -0.061124902
v -0.050526112 -0.19242428 -0.06093167
v -0.046071462 -0.19775365 -0.06078133
v -0.040800232 -0.20269771 -0.060630757
v -0.035214018 -0.20695367 -0.060493346
v -0.02660394 -0.21214862 -0.060315907
v -0.019785704 -0.2158546 -0.060197927
v -0.01388448 -0.21869195 -0.060111698
v -0.005846242 -0.22242811 -0.060015738
v 0.035068817 -0.05849704 -0.06377236
v 0.0009599488 -0.2252934 -0.059954256
v 0.008536699 -0.22761102 -0.059907045
v 0.016434414 -0.22960757 -0.059873063
v 0.022662789 -0.23059486 -0.059873063
v 0.030303672 -0.23122488 -0.059873063
v 0.049932126 -0.058826674 -0.06380623
v 0.0396509 -0.23163454 -0.059887346
v 0.052273262 -0.23081024 -0.059951615
v 0.061783224 -0.22877859 -0.06003466
v 0.07113548 -0.22554424 -0.060147133
v 0.08080462 -0.22114258 -0.060297787
v 0.08961453 -0.21493709 -0.060473967
v 0.0969947 -0.20781878 -0.060659584
v 0.10249873 -0.2001097 -0.060837727
v 0.107385255 -0.18983994 -0.061054993
v 0.11039573 -0.17908685 -0.061268147
v 0.11233892 -0.16857551 -0.061482485
v 0.11326176 -0.15782236 -0.061704565
v 0.11326176 -0.14441131 -0.061991412
v 0.112372436 -0.13281244 -0.06224999
v 0.11008698 -0.11957923 -0.062550455
v 0.106287554 -0.10465109 -0.06290416
v 0.10165401 -0.09052521 -0.063254975
v 0.059640467 -0.059407778 -0.06383393
v 0.06651364 -0.060226172 -0.06385096
v 0.097821325 -0.080749 -0.06350563
v 0.07261364 -0.06123233 -0.0638667
v 0.078627646 -0.06277873 -0.0638667
v 0.08387988 -0.06470783 -0.06385562
v 0.08814688 -0.067164846 -0.063821845
v 0.091771215 -0.07020776 -0.06376558
v 0.09446726 -0.07346194 -0.06369417
v -0.07409898 0.03917062 -0.06642879
v -0.07668726 0.031792615 -0.06632539
v -0.07180935 0.041735128 -0.066450894
v -0.063752584 0.047719624 -0.06648496
v -0.078444 0.0244147 -0.06621831
v -0.057469364 0.05168953 -0.066501245
v -0.07943346 0.016919596 -0.06610573
v -0.049740065 0.055073835 -0.066501245
v -0.079796664 0.00064127817 -0.06585889
v -0.041941237 0.05715804 -0.06648496
v -0.03336835 0.058587134 -0.06645871
v -0.01889933 0.058639742 -0.06638648
v -0.07798001 -0.013997532 -0.0656337
v -0.0057830024 0.057597633 -0.06632097
v -0.07584163 -0.026937468 -0.065448724
v 0.0078018056 0.05559484 -0.06625711
v -0.07169559 -0.04469844 -0.06521455
v 0.020683914 0.05336974 -0.06621175
v 0.03323276 0.04946115 -0.06613245
v -0.066006534 -0.060239356 -0.06502082
v -0.05873362 -0.07290707 -0.06486111
v -0.053240754 -0.07813921 -0.06477728
v -0.043527633 -0.085077085 -0.06465646
v -0.032427005 -0.09118243 -0.0645485
v -0.02110006 -0.0959515 -0.064466156
v -0.010086964 -0.09936916 -0.06441031
v 0.042031366 0.04605783 -0.06607682
v 0.0025400536 -0.10214438 -0.06437347
v 0.013085708 -0.10325446 -0.06436402
v 0.050631285 0.042768024 -0.06603453
v 0.05837465 0.03855708 -0.06598171
v 0.06457237 0.033915192 -0.065922566
v 0.07001665 0.027781988 -0.06583902
v 0.07342 0.022407375 -0.065763496
v 0.07663501 0.015402034 -0.0656636
v 0.079731226 0.006554416 -0.06554028
v 0.083091825 -0.0044586617 -0.06539804
v 0.08530451 -0.01239486 -0.065304466
v 0.025851488 -0.10332095 -0.06436402
v 0.037401624 -0.10217768 -0.06437347
v 0.087539 -0.017784948 -0.06525298
v 0.05082788 -0.099541225 -0.0644175
v 0.091313936 -0.026335848 -0.06518363
v 0.06234483 -0.096349776 -0.064479314
v 0.09453923 -0.035183568 -0.0651182
v 0.07358422 -0.09204825 -0.064564005
v 0.09694144 -0.044229787 -0.065055065
v 0.09806127 -0.049426477 -0.06502082
v 0.09868569 -0.056485932 -0.06497326
v 0.08357488 -0.08701968 -0.06466152
v 0.0985157 -0.062678546 -0.06492867
v 0.09751722 -0.068564855 -0.06488215
v 0.095508054 -0.074392766 -0.06483003
v 0.09262743 -0.07952682 -0.06477728
v 0.08929722 -0.082856946 -0.06473011
v -0.18357024 0.15421294 -0.072065495
v -0.18229027 0.16842657 -0.072313525
v -0.18387227 0.15692954 -0.07212344
v -0.18309182 0.16726428 -0.072307885
v -0.18352774 0.16546403 -0.07227676
v -0.1292515 0.2169954 -0.072521314
v -0.116413295 0.22485113 -0.072555535
v -0.12791681 0.21937673 -0.072561584
v -0.12613155 0.22178197 -0.07259725
v -0.12290632 0.22453563 -0.07262458
v -0.11806525 0.2253853 -0.07258793
v -0.12020897 0.22550087 -0.07261595
v -0.114353135 0.0645247 -0.06912937
v -0.12621737 0.07539057 -0.0695018
v -0.1158334 0.06455074 -0.069157384
v -0.11722379 0.06499182 -0.06918919
v -0.118762076 0.06582929 -0.0692291
v -0.1261425 0.07374 -0.06947757
v -0.12535964 0.07212259 -0.06944008
v -0.18098025 0.14953963 -0.071923144
v -0.18018697 0.16969095 -0.07229914
v -0.18229443 0.15081577 -0.07197467
v -0.18306664 0.15237275 -0.07202018
v -0.1812947 0.16933315 -0.072313525
v -0.1787942 0.16991872 -0.07227676
v -0.17549978 0.1699712 -0.072214484
v -0.14505462 0.17017369 -0.07166164
v -0.17958443 0.14865118 -0.07187719
v -0.14460234 0.13288797 -0.07085865
v -0.13821745 0.17073548 -0.07155814
v -0.1377712 0.12943986 -0.07065838
v -0.13299516 0.17154585 -0.07149085
v -0.12819837 0.17278501 -0.07144327
v -0.13187632 0.12618144 -0.070482545
v -0.11497816 0.22392128 -0.072515875
v -0.11292664 0.22113442 -0.07242263
v -0.10567399 0.2119263 -0.07210616
v -0.12985612 0.21520995 -0.07248619
v -0.12970124 0.21304409 -0.07243189
v -0.12266665 0.18915752 -0.07175334
v -0.09895854 0.20518208 -0.07185682
v -0.12067347 0.18344568 -0.0715855
v -0.09243245 0.19987133 -0.07164731
v -0.11937324 0.1802766 -0.07148959
v -0.11826157 0.1786546 -0.07143407
v -0.086237915 0.19605605 -0.07148959
v -0.12739593 0.12325933 -0.07034193
v -0.12225216 0.119061254 -0.07016623
v -0.11302211 0.0649046 -0.06910953
v -0.11112181 0.066090375 -0.06908997
v -0.10539017 0.07254661 -0.0690759
v -0.1261863 0.07695047 -0.069523044
v -0.124989726 0.08487 -0.06961613
v -0.10016736 0.07757766 -0.06906169
v -0.12338262 0.09660461 -0.06977471
v -0.09373127 0.08241133 -0.06903516
v -0.086200394 0.086440906 -0.06899135
v -0.07858997 0.19218177 -0.07130479
v -0.06717065 0.18742554 -0.071077
v -0.027829776 0.17298888 -0.07046175
v -0.032371424 -0.0015249779 -0.06764365
v -0.030465364 -0.001244687 -0.06763504
v -0.035772063 -0.00067631033 -0.06766243
v -0.019546244 0.17417401 -0.070482545
v -0.008926797 0.17399515 -0.07046175
v 0.0022486611 0.17270757 -0.07043479
v 0.012424458 0.1704069 -0.07039062
v 0.025397757 0.16655938 -0.07031705
v 0.037694156 0.16162723 -0.07023899
v 0.04823865 0.15616357 -0.07016623
v 0.05836729 0.1493901 -0.070069395
v 0.06703774 0.14149791 -0.06995823
v 0.07363943 0.13273136 -0.069824114
v 0.07968341 0.121709935 -0.06965204
v 0.08346908 0.1106594 -0.06947757
v 0.086242065 0.09653419 -0.069240935
v 0.08674989 0.086875044 -0.0690759
v 0.08613693 0.08216066 -0.06899135
v 0.08356666 0.07233306 -0.06880687
v 0.078048415 0.047393348 -0.06841681
v 0.07883556 0.053691246 -0.06849673
v 0.07683388 0.04091404 -0.06833632
v 0.07513642 0.034984868 -0.0682614
v 0.07079298 0.025166595 -0.068132296
v 0.06716737 0.01972699 -0.06805461
v 0.06109648 0.012918989 -0.06795098
v 0.05510921 0.007488332 -0.06786769
v 0.048620477 0.00315274 -0.06779458
v 0.040843446 -0.00072055496 -0.067724116
v 0.03337751 -0.0035404281 -0.06767105
v 0.024073325 -0.0060819755 -0.06762283
v 0.016776329 -0.007316106 -0.06759807
v 0.0038108 -0.007959104 -0.06758104
v -0.008107922 -0.0071969028 -0.06758104
v -0.016560283 -0.006188014 -0.06758104
v -0.023637258 -0.004261147 -0.06760626
v -0.043703567 0.0024913421 -0.067717835
v -0.05070268 0.0065000914 -0.06778172
v -0.057593405 0.011729428 -0.06786146
v -0.06443431 0.018289056 -0.06796122
v -0.07162132 0.026658593 -0.068093315
v -0.07704885 0.035075914 -0.06822403
v -0.080631785 0.043299817 -0.068344705
v -0.08342393 0.052809324 -0.06848215
v -0.08516704 0.062109023 -0.06861827
v -0.086025536 0.072773464 -0.068775944
v -0.086223505 0.07940971 -0.0688785
v 0.081445366 0.06492176 -0.06867314
v 0.079630494 0.05797685 -0.06855866
v -0.1593688 0.21792786 -0.07904537
v -0.1611286 0.21435367 -0.07904537
v -0.15683807 0.21965222 -0.07904537
v -0.15551357 0.19464326 -0.07904537
v -0.15085992 0.19021472 -0.07904537
v -0.15856741 0.19967955 -0.07904537
v -0.1615815 0.21052997 -0.07904537
v -0.16077252 0.20538805 -0.07904537
v -0.0064688954 0.30156872 -0.07904537
v -0.011340158 0.30115306 -0.07904537
v -0.0029440166 0.3009362 -0.07904537
v 0.08608999 0.27530858 -0.07904537
v 0.08010905 0.27756783 -0.07904537
v 0.10541576 0.26728383 -0.07904537
v 0.117886685 0.26021454 -0.07904537
v 0.12504868 0.2551846 -0.07904537
v 0.13238011 0.24930696 -0.07904537
v 0.13872014 0.24272569 -0.07904537
v 0.14590627 0.2339121 -0.07904537
v 0.15102893 0.22635701 -0.07904537
v 0.15517317 0.21841419 -0.07904537
v 0.1587475 0.2091447 -0.07904537
v 0.16141382 0.19915217 -0.07904537
v 0.16294234 0.1910054 -0.07904537
v 0.16375832 0.18241243 -0.07904537
v 0.16365592 0.17202365 -0.07904537
v 0.16260187 0.16246872 -0.07904537
v 0.15926208 0.14838777 -0.07904537
v 0.15552448 0.13674873 -0.07904537
v 0.1512333 0.12633653 -0.07904537
v 0.14616637 0.11719916 -0.07904537
v 0.13918276 0.108339146 -0.07904537
v 0.1340245 0.103335574 -0.07904537
v 0.12887649 0.09914308 -0.07904537
v 0.12368234 0.09615113 -0.07904537
v 0.11803689 0.09351203 -0.07904537
v 0.11014004 0.09055037 -0.07904537
v 0.09470334 0.08514474 -0.07904537
v 0.08054666 0.07073794 -0.07904537
v 0.08747848 0.07825144 -0.07904537
v 0.07415272 0.06497116 -0.07904537
v 0.06811558 0.060911037 -0.07904537
v 0.061507523 0.057895064 -0.07904537
v 0.055272568 0.056455024 -0.07904537
v 0.047921915 0.055530794 -0.07904537
v 0.04106171 0.05535097 -0.07904537
v 0.03442218 0.056039404 -0.07904537
v 0.027246773 0.05728255 -0.07904537
v 0.020598462 0.058916595 -0.07904537
v 0.012707502 0.061679263 -0.07904537
v 0.0045363535 0.06507674 -0.07904537
v -0.005126615 0.069311336 -0.07904537
v -0.015140434 0.074913196 -0.07904537
v -0.02479466 0.08140114 -0.07904537
v -0.03625382 0.089594185 -0.07904537
v -0.04698537 0.0990835 -0.07904537
v -0.056336153 0.109060906 -0.07904537
v -0.061942883 0.11627708 -0.07904537
v -0.06603196 0.12315184 -0.07904537
v -0.06860769 0.12872757 -0.07904537
v -0.07151976 0.13565116 -0.07904537
v -0.12005865 0.17180765 -0.07904537
v -0.09737538 0.16216688 -0.07904537
v -0.1294391 0.1763313 -0.07904537
v -0.13794705 0.18116854 -0.07904537
v -0.14548689 0.18611993 -0.07904537
v -0.15226892 0.22105984 -0.07904537
v -0.14385302 0.2235416 -0.07904537
v -0.07751152 0.26190048 -0.07904537
v -0.081960954 0.2569059 -0.07904537
v -0.07258845 0.267359 -0.07904537
v -0.06713925 0.27327222 -0.07904537
v -0.061812937 0.27844658 -0.07904537
v -0.055457123 0.28327325 -0.07904537
v -0.04863377 0.28746542 -0.07904537
v -0.042743985 0.29072008 -0.07904537
v -0.03592949 0.2937242 -0.07904537
v -0.029271662 0.2963134 -0.07904537
v -0.023237834 0.2983496 -0.07904537
v -0.017072814 0.29999092 -0.07904537
v -0.13394064 0.2265208 -0.07904537
v -0.123292446 0.23015888 -0.07904537
v -0.11426872 0.23439173 -0.07904537
v -0.1055012 0.2390486 -0.07904537
v -0.09718742 0.24385123 -0.07904537
v -0.0906851 0.15910329 -0.07904537
v -0.0909096 0.24826458 -0.07904537
v -0.084290266 0.1552307 -0.07904537
v -0.086519666 0.2520489 -0.07904537
v -0.07981762 0.15163788 -0.07904537
v -0.07718446 0.14765617 -0.07904537
v -0.074307546 0.14174078 -0.07904537
v 0.010778225 0.10885712 -0.08636684
v 0.012936534 0.10969185 -0.08636684
v -0.009256519 0.19086312 -0.08636684
v -0.12186201 0.07709115 -0.08636684
v -0.12157627 0.074207544 -0.08636684
v -0.0978326 0.05544275 -0.08636684
v -0.12014719 0.07179491 -0.08636684
v -0.116128996 0.06809805 -0.08636684
v -0.1128343 0.06491243 -0.08636684
v -0.10764363 0.059634384 -0.08636684
v -0.10528095 0.057284515 -0.08636684
v -0.102641836 0.055833187 -0.08636684
v -0.1000396 0.055156887 -0.08636684
v -0.1663677 0.15183929 -0.08636684
v -0.16743462 0.15013255 -0.08636684
v -0.15880047 0.12364 -0.08636684
v -0.16819374 0.14782019 -0.08636684
v -0.16853571 0.14396822 -0.08636684
v -0.16792691 0.13946658 -0.08636684
v -0.16579583 0.13217528 -0.08636684
v -0.16119401 0.12459923 -0.08636684
v -0.16264121 0.1256538 -0.08636684
v -0.1637452 0.12691616 -0.08636684
v -0.16480847 0.22941725 -0.08636684
v -0.17158344 0.25374022 -0.08636684
v -0.1676381 0.23166485 -0.08636684
v -0.17467062 0.25358543 -0.08636684
v -0.17319344 0.25395793 -0.08636684
v -0.16921005 0.23348394 -0.08636684
v -0.17039794 0.2367314 -0.08636684
v -0.17235903 0.23788042 -0.08636684
v -0.17636088 0.25248715 -0.08636684
v -0.17738865 0.2512883 -0.08636684
v -0.17859851 0.24930547 -0.08636684
v -0.17502123 0.2395246 -0.08636684
v -0.1792464 0.24631377 -0.08636684
v -0.17739125 0.24152295 -0.08636684
v -0.17897376 0.24405538 -0.08636684
v -0.025738677 0.2005763 -0.08636684
v -0.0046029664 0.11665455 -0.08636684
v -0.020575762 0.19835544 -0.08636684
v -0.0029221275 0.1141601 -0.08636684
v -0.012508881 0.19364972 -0.08636684
v 0.008163467 0.10863729 -0.08636684
v 0.015398507 0.112894416 -0.08636684
v 0.015801264 0.11493977 -0.08636684
v -0.005150787 0.18346775 -0.08636684
v 0.015451081 0.117574096 -0.08636684
v -0.15781762 0.22437277 -0.08636684
v -0.15139556 0.21928172 -0.08636684
v -0.14655225 0.21466199 -0.08636684
v -0.14284089 0.20979527 -0.08636684
v -0.13945673 0.20475808 -0.08636684
v -0.13690498 0.20039022 -0.08636684
v -0.13485804 0.19589263 -0.08636684
v -0.1332932 0.19047242 -0.08636684
v -0.1328838 0.18498363 -0.08636684
v -0.038930405 0.09284328 -0.08636684
v -0.13328181 0.17908053 -0.08636684
v -0.1347726 0.17499766 -0.08636684
v -0.07498812 0.06955786 -0.08636684
v -0.1366863 0.1715644 -0.08636684
v -0.13847713 0.16905317 -0.08636684
v -0.14107354 0.1661431 -0.08636684
v -0.09543552 0.056518096 -0.08636684
v -0.15665689 0.123392716 -0.08636684
v -0.14594185 0.122908615 -0.08636684
v -0.16516046 0.15288053 -0.08636684
v -0.15800057 0.15593134 -0.08636684
v -0.15057142 0.15979633 -0.08636684
v -0.14205842 0.122481786 -0.08636684
v -0.14609258 0.16250366 -0.08636684
v -0.13795085 0.12183773 -0.08636684
v -0.13402413 0.12107642 -0.08636684
v -0.12116255 0.08007457 -0.08636684
v -0.11961704 0.08324664 -0.08636684
v -0.11808924 0.08631348 -0.08636684
v -0.12956771 0.1197809 -0.08636684
v -0.11633676 0.09092752 -0.08636684
v -0.12527253 0.1172838 -0.08636684
v -0.11537468 0.09521885 -0.08636684
v -0.121000305 0.11379526 -0.08636684
v -0.11494024 0.099606715 -0.08636684
v -0.11779261 0.10946651 -0.08636684
v -0.11573508 0.10431615 -0.08636684
v -0.016251123 0.19605717 -0.08636684
v -0.00029005224 0.111948445 -0.08636684
v 0.0027714565 0.11017493 -0.08636684
v 0.005701115 0.1090727 -0.08636684
v -0.006896247 0.1873423 -0.08636684
v 0.014469652 0.11111506 -0.08636684
v -0.11360624 -0.08694796 -0.09011885
v -0.11389407 -0.08493692 -0.09011885
v -0.12046804 -0.08199675 -0.09011885
v -0.11520185 -0.083254784 -0.09011885
v -0.11884641 -0.08174823 -0.09011885
v -0.11713757 -0.0820723 -0.09011885
v -0.13854937 -0.12997204 -0.09011885
v -0.1210409 -0.12458166 -0.09011885
v -0.13959348 -0.12599246 -0.09011885
v -0.12161733 -0.122023486 -0.09011885
v -0.140263 -0.12137637 -0.09011885
v -0.12230454 -0.11846781 -0.09011885
v -0.14018404 -0.11503901 -0.09011885
v -0.12206345 -0.11388614 -0.09011885
v -0.13908553 -0.10989846 -0.09011885
v -0.13734184 -0.104670785 -0.09011885
v -0.120306306 -0.108119786 -0.09011885
v -0.13476573 -0.09952436 -0.09011885
v -0.1177351 -0.10098868 -0.09011885
v -0.13174164 -0.09437349 -0.09011885
v -0.12818365 -0.089426465 -0.09011885
v -0.11508975 -0.09344854 -0.09011885
v -0.12391166 -0.08439126 -0.09011885
v -0.11389402 -0.0890071 -0.09011885
v -0.12190237 -0.08273019 -0.09011885
v -0.116162956 -0.12912707 -0.09011885
v -0.11775835 -0.12826346 -0.09011885
v -0.12810966 -0.14267936 -0.09011885
v -0.1369558 -0.13365965 -0.09011885
v -0.13403149 -0.13779527 -0.09011885
v -0.11962473 -0.12671049 -0.09011885
v -0.13082604 -0.1405162 -0.09011885
v 0.029784454 0.07430159 -0.09011885
v 0.03038983 0.077294245 -0.09011885
v 0.025772009 0.09648209 -0.09011885
v 0.030776387 0.081565194 -0.09011885
v 0.030585496 0.08698565 -0.09011885
v 0.029229853 0.09101476 -0.09011885
v 0.027709812 0.09437459 -0.09011885
v -0.12412172 -0.14512932 -0.09011885
v -0.12021124 -0.14690374 -0.09011885
v 0.021863788 0.09837147 -0.09011885
v 0.019526688 0.09811552 -0.09011885
v 0.025681673 0.06687663 -0.09011885
v 0.017383372 0.0966693 -0.09011885
v 0.015456644 0.094104074 -0.09011885
v 0.023590812 0.06640117 -0.09011885
v 0.02106064 0.06679982 -0.09011885
v 0.018267034 0.06946254 -0.09011885
v 0.010899362 0.07054857 -0.09011885
v 0.012511315 0.09315675 -0.09011885
v 0.0098315505 0.09314394 -0.09011885
v -0.003812027 0.07146795 -0.09011885
v 0.00044437926 0.0932219 -0.09011885
v -0.0064114975 0.09304874 -0.09011885
v -0.013215395 0.0716454 -0.09011885
v -0.014778134 0.092484616 -0.09011885
v -0.021083998 0.07155912 -0.09011885
v -0.022330258 0.09175608 -0.09011885
v -0.02949593 0.09075825 -0.09011885
v -0.02762563 0.07075351 -0.09011885
v -0.036557656 0.089342885 -0.09011885
v -0.035982694 0.06913263 -0.09011885
v -0.044836875 0.08674636 -0.09011885
v -0.04372753 0.06645643 -0.09011885
v -0.051629037 0.08434406 -0.09011885
v -0.05748086 0.081121586 -0.09011885
v -0.051930398 0.06224359 -0.09011885
v -0.06243627 0.077946834 -0.09011885
v -0.06761441 0.07381604 -0.09011885
v -0.05789823 0.057779897 -0.09011885
v -0.0729289 0.06882947 -0.09011885
v -0.06260118 0.052971244 -0.09011885
v -0.08060807 0.060094476 -0.09011885
v -0.06742866 0.046772435 -0.09011885
v -0.08707144 0.051893856 -0.09011885
v -0.07144251 0.040745568 -0.09011885
v -0.09146787 0.04468813 -0.09011885
v -0.07553803 0.032866687 -0.09011885
v -0.09558658 0.036251664 -0.09011885
v -0.07894525 0.025163708 -0.09011885
v -0.10031928 0.025222465 -0.09011885
v -0.08403831 0.011607372 -0.09011885
v -0.10395179 0.014192248 -0.09011885
v -0.08726113 0.00015739733 -0.09011885
v -0.10689101 0.0025194995 -0.09011885
v -0.0902427 -0.013263235 -0.09011885
v -0.10961485 -0.010668073 -0.09011885
v -0.091994464 -0.024530819 -0.09011885
v -0.11150526 -0.02237995 -0.09011885
v -0.11304747 -0.03896056 -0.09011885
v -0.093385234 -0.038048297 -0.09011885
v -0.09378681 -0.048781257 -0.09011885
v -0.11313831 -0.052450497 -0.09011885
v -0.09348663 -0.060038116 -0.09011885
v -0.11315783 -0.06580718 -0.09011885
v -0.092926435 -0.06894758 -0.09011885
v -0.111873545 -0.079318546 -0.09011885
v -0.09207021 -0.077559516 -0.09011885
v -0.110048525 -0.0922921 -0.09011885
v -0.09123788 -0.086022764 -0.09011885
v -0.08978655 -0.10008144 -0.09011885
v -0.108648 -0.10439064 -0.09011885
v -0.08935445 -0.11068296 -0.09011885
v -0.108673215 -0.11408945 -0.09011885
v -0.08986253 -0.116805725 -0.09011885
v -0.091453776 -0.12543203 -0.09011885
v -0.10950484 -0.121287085 -0.09011885
v -0.093804695 -0.13322014 -0.09011885
v -0.111121945 -0.12602995 -0.09011885
v -0.09744158 -0.13905044 -0.09011885
v -0.11279344 -0.12812558 -0.09011885
v -0.10168197 -0.1433037 -0.09011885
v -0.105844416 -0.14595065 -0.09011885
v -0.11448785 -0.12917973 -0.09011885
v -0.11021278 -0.1476187 -0.09011885
v -0.11489617 -0.14823884 -0.09011885
v 0.027520312 0.068202436 -0.09011885
v 0.028832767 0.07072649 -0.09011885
v 0.023772076 0.09778374 -0.09011885
v -0.04058005 0.11408752 -0.092214055
v -0.038062923 0.11375632 -0.092214055
v -0.041904803 0.11494861 -0.092214055
v -0.048651617 0.33251902 -0.092214055
v -0.04876597 0.33063206 -0.092214055
v -0.047622357 0.33429155 -0.092214055
v -0.04561422 0.11832682 -0.092214055
v -0.043693323 0.11647208 -0.092214055
v -0.04634293 0.11998286 -0.092214055
v -0.06610308 0.20340891 -0.092214055
v -0.06473786 0.2024988 -0.092214055
v -0.06718389 0.20500171 -0.092214055
v -0.075545974 0.2292346 -0.092214055
v -0.074635826 0.22798315 -0.092214055
v -0.076001056 0.23105489 -0.092214055
v -0.04819416 0.327144 -0.092214055
v -0.0470559 0.32576448 -0.092214055
v -0.048651617 0.32880223 -0.092214055
v -0.04693889 0.14714114 -0.092214055
v -0.04753503 0.14402787 -0.092214055
v -0.046022817 0.14891343 -0.092214055
v -0.043292373 0.15130258 -0.092214055
v -0.04477137 0.15022177 -0.092214055
v -0.041642725 0.15181454 -0.092214055
v -0.06801854 0.25786075 -0.092214055
v -0.06988942 0.25689068 -0.092214055
v -0.065890245 0.2583426 -0.092214055
v -0.04156122 0.3390376 -0.092214055
v -0.042933602 0.33835134 -0.092214055
v -0.03990298 0.3393806 -0.092214055
v -0.036145374 0.33870897 -0.092214055
v -0.038016066 0.33926627 -0.092214055
v 0.04403309 0.2845904 -0.092214055
v 0.16375083 0.28882587 -0.092214055
v 0.16219549 0.2895039 -0.092214055
v 0.16562526 0.287789 -0.092214055
v 0.16801803 0.28611404 -0.092214055
v 0.17108892 0.28388068 -0.092214055
v 0.1733621 0.28204617 -0.092214055
v 0.17579477 0.27973306 -0.092214055
v 0.1784668 0.27686164 -0.092214055
v 0.181418 0.2736314 -0.092214055
v 0.1845686 0.27000228 -0.092214055
v 0.18747982 0.26609394 -0.092214055
v 0.19027154 0.26218563 -0.092214055
v 0.19382091 0.25624344 -0.092214055
v 0.19908516 0.24663213 -0.092214055
v 0.19737028 0.24962316 -0.092214055
v 0.20056072 0.24356131 -0.092214055
v 0.1883139 0.0617651 -0.092214055
v 0.19267593 0.063784584 -0.092214055
v 0.18503368 0.06024648 -0.092214055
v 0.158842 -0.057588544 -0.092214055
v 0.16090034 -0.043997295 -0.092214055
v 0.15697101 -0.06716373 -0.092214055
v 0.15523623 -0.074555926 -0.092214055
v 0.1538211 -0.07891368 -0.092214055
v 0.15142326 -0.08408835 -0.092214055
v 0.1482702 -0.0891479 -0.092214055
v 0.14445722 -0.09369416 -0.092214055
v 0.14049755 -0.096847236 -0.092214055
v 0.1369046 -0.09912043 -0.092214055
v 0.13287152 -0.10102691 -0.092214055
v 0.12979187 -0.10212678 -0.092214055
v 0.1251723 -0.10293337 -0.092214055
v 0.120112754 -0.103080094 -0.092214055
v 0.1140266 -0.10278668 -0.092214055
v 0.10838044 -0.10212678 -0.092214055
v 0.09686814 -0.10014701 -0.092214055
v 0.06306445 -0.09391415 -0.092214055
v 0.051992137 -0.09120108 -0.092214055
v 0.046199284 -0.08907461 -0.092214055
v 0.040846433 -0.086214826 -0.092214055
v 0.036740165 -0.083501756 -0.092214055
v 0.033587094 -0.08049537 -0.092214055
v 0.03138731 -0.077782296 -0.092214055
v 0.029187432 -0.07404262 -0.092214055
v 0.027280955 -0.069862954 -0.092214055
v 0.025521172 -0.06465681 -0.092214055
v 0.024488179 -0.0606814 -0.092214055
v 0.023642166 -0.056711234 -0.092214055
v 0.022861151 -0.051634766 -0.092214055
v 0.022405507 -0.047469337 -0.092214055
v 0.021124179 0.014875489 -0.092214055
v 0.02097309 0.028013024 -0.092214055
v -0.046872836 0.121705055 -0.092214055
v -0.047071546 0.12481834 -0.092214055
v -0.047667507 0.13422437 -0.092214055
v -0.058139272 0.19919948 -0.092214055
v -0.05381607 0.19732228 -0.092214055
v -0.060528424 0.2002803 -0.092214055
v -0.0628038 0.20141795 -0.092214055
v -0.067980275 0.2067651 -0.092214055
v -0.06860599 0.20869915 -0.092214055
v -0.069004185 0.21029201 -0.092214055
v -0.06911795 0.21285181 -0.092214055
v -0.06906107 0.21541159 -0.092214055
v -0.06843534 0.21899533 -0.092214055
v -0.07133653 0.22525261 -0.092214055
v -0.06701323 0.22246526 -0.092214055
v -0.07355502 0.22684543 -0.092214055
v -0.0761717 0.23281832 -0.092214055
v -0.07594417 0.23634513 -0.092214055
v -0.07498678 0.24428003 -0.092214055
v -0.07425491 0.24850617 -0.092214055
v -0.07328483 0.25217864 -0.092214055
v -0.07210686 0.25439605 -0.092214055
v -0.070928805 0.25598976 -0.092214055
v -0.062332775 0.25888985 -0.092214055
v -0.05574832 0.25898778 -0.092214055
v -0.046192903 0.33566394 -0.092214055
v -0.044363063 0.33732218 -0.092214055
v 0.046274386 0.2867249 -0.092214055
v 0.05038333 0.2898733 -0.092214055
v 0.058227737 0.294676 -0.092214055
v 0.065789066 0.2984549 -0.092214055
v 0.073971145 0.30154353 -0.092214055
v 0.08155718 0.30338588 -0.092214055
v 0.08963093 0.30495724 -0.092214055
v 0.0964584 0.3058784 -0.092214055
v 0.10628134 0.30609933 -0.092214055
v 0.113535725 0.30598938 -0.092214055
v 0.12079 0.305275 -0.092214055
v 0.13029762 0.30368122 -0.092214055
v 0.016552517 0.2645931 -0.092214055
v -0.036068063 0.1522696 -0.092214055
v -0.028274817 0.153066 -0.092214055
v -0.030853024 0.11253245 -0.092214055
v -0.021790002 0.1538055 -0.092214055
v -0.02683485 0.11128234 -0.092214055
v -0.018035544 0.1544881 -0.092214055
v -0.023263259 0.10922867 -0.092214055
v -0.013484794 0.15539823 -0.092214055
v -0.01844145 0.10574633 -0.092214055
v -0.010356155 0.15653594 -0.092214055
v -0.009780235 0.0977101 -0.092214055
v -0.007853244 0.15790126 -0.092214055
v -0.006544906 0.15898207 -0.092214055
v -0.0050477707 0.09270981 -0.092214055
v -0.0019225695 0.088602394 -0.092214055
v 0.0011133 0.084048495 -0.092214055
v -0.0059760637 0.1602904 -0.092214055
v -0.047137126 0.25890654 -0.092214055
v -0.01699826 0.25874403 -0.092214055
v -0.011474179 0.25898778 -0.092214055
v -0.046591666 0.19413677 -0.092214055
v -0.03851409 0.18969968 -0.092214055
v -0.028104162 0.18372683 -0.092214055
v -0.0053001284 0.2594752 -0.092214055
v -0.01928709 0.17752644 -0.092214055
v 0.00071137556 0.26044998 -0.092214055
v 0.0063979044 0.26166856 -0.092214055
v -0.013712332 0.17274807 -0.092214055
v 0.012165747 0.2632121 -0.092214055
v -0.010811228 0.17007451 -0.092214055
v -0.008251439 0.16734406 -0.092214055
v -0.0064311363 0.16489801 -0.092214055
v -0.005805409 0.1632484 -0.092214055
v 0.16755378 -0.0031262941 -0.092214055
v 0.1723864 0.02264907 -0.092214055
v 0.020773994 0.033589106 -0.092214055
v 0.1749709 0.034556236 -0.092214055
v 0.020375712 0.038169533 -0.092214055
v 0.019775176 0.04234939 -0.092214055
v 0.17737083 0.045078985 -0.092214055
v 0.018882308 0.045831732 -0.092214055
v 0.1806601 0.056966275 -0.092214055
v 0.017810853 0.04895695 -0.092214055
v 0.016203584 0.0531537 -0.092214055
v 0.01289981 0.06047554 -0.092214055
v 0.007899423 0.07110129 -0.092214055
v 0.004595648 0.077798076 -0.092214055
v 0.1823002 0.0586671 -0.092214055
v 0.19104724 0.23651564 -0.092214055
v 0.20194581 0.24066138 -0.092214055
v 0.18647055 0.2397917 -0.092214055
v 0.19410007 0.24284394 -0.092214055
v 0.19513248 0.2449842 -0.092214055
v 0.19569533 0.25261423 -0.092214055
v 0.18929239 0.11969908 -0.092214055
v 0.18945704 0.1211367 -0.092214055
v 0.18946856 0.1234687 -0.092214055
v -0.0057485253 0.16165562 -0.092214055
v 0.18994291 0.12537777 -0.092214055
v 1.2350734E-05 0.46203613 -0.07904537
v 0.02044983 0.47088853 -0.07904537
v -0.000391337 0.46469814 -0.07904537
v 0.00016454754 0.4672907 -0.07904537
v 0.0021298293 0.46991244 -0.07904537
v 0.0048123877 0.4720552 -0.07904537
v 0.008042268 0.4738607 -0.07904537
v 0.011865503 0.47532463 -0.07904537
v 0.019169856 0.47295165 -0.07904537
v 0.017281367 0.4747161 -0.07904537
v 0.01510667 0.475545 -0.07904537
v 0.021328796 0.46868926 -0.07904537
v 0.04221573 0.41463014 -0.07904537
v 0.0110483635 0.40400258 -0.07904537
v 0.048758145 0.39896974 -0.07904537
v 0.014766877 0.38442296 -0.07904537
v 0.05364724 0.3880672 -0.07904537
v 0.016881267 0.36900622 -0.07904537
v 0.057653707 0.37986487 -0.07904537
v 0.017232208 0.3608229 -0.07904537
v 0.062203612 0.37224516 -0.07904537
v 0.017050538 0.35197368 -0.07904537
v 0.067013666 0.36630645 -0.07904537
v 0.016642196 0.3487477 -0.07904539
v 0.01578621 0.34662676 -0.07904537
v 0.09119626 0.38693288 -0.07904537
v 0.088547766 0.3869228 -0.07904537
v 0.0939129 0.38511553 -0.07904537
v -0.034066703 0.3728918 -0.07904537
v -0.033699866 0.37014169 -0.07904537
v -0.030965313 0.38187116 -0.07904537
v -0.029336784 0.38475448 -0.07904537
v -0.026910597 0.3862762 -0.07904537
v -0.024497507 0.386667 -0.07904537
v -0.02218283 0.3858542 -0.07904537
v -0.032866016 0.36722463 -0.07904537
v -0.031219184 0.36395225 -0.07904537
v -0.029892892 0.36144555 -0.07904537
v -0.022546692 0.34762844 -0.07904537
v -0.015731718 0.33451474 -0.07904537
v -0.0117414165 0.326067 -0.07904537
v -0.008030874 0.31690583 -0.07904537
v 0.10121615 0.3771547 -0.07904537
v 0.09939577 0.3796533 -0.07904537
v 0.10192829 0.37453124 -0.07904537
v 0.0856215 0.38609675 -0.07904537
v 0.083239816 0.3843928 -0.07904537
v 0.09675027 0.38253492 -0.07904537
v 0.101629116 0.37202165 -0.07904537
v 0.09018575 0.33228192 -0.07904537
v 0.087183796 0.31742093 -0.07904537
v 0.32639846 0.17612518 -0.08337096
v 0.32895443 0.16667575 -0.08337096
v 0.32815406 0.17537816 -0.08337096
v 0.3297781 0.17370819 -0.08337096
v 0.33072412 0.17191894 -0.08337096
v 0.3300853 0.16783097 -0.08337096
v 0.3308667 0.1697952 -0.08337096
v 0.2625017 0.0282085 -0.08337096
v 0.24338691 0.014413568 -0.08337096
v 0.26126227 0.026302857 -0.08337096
v 0.25906476 0.02420871 -0.08337096
v 0.24538064 0.014738663 -0.08337096
v 0.24873988 0.016399717 -0.08337096
v 0.26316383 0.031537276 -0.08337096
v 0.24007285 0.01567353 -0.08337096
v 0.26306817 0.029817093 -0.08337096
v 0.24197121 0.014733431 -0.08337096
v 0.30278668 0.07009114 -0.08337096
v 0.3049643 0.07297939 -0.08337096
v 0.30651936 0.088785514 -0.08337096
v 0.30639562 0.076296344 -0.08337096
v 0.3072106 0.08651274 -0.08337096
v 0.30735937 0.083989926 -0.08337096
v 0.29683015 0.06556006 -0.08337096
v 0.29917094 0.06645148 -0.08337096
v 0.30405748 0.09168505 -0.08337096
v 0.3009102 0.06806075 -0.08337096
v 0.30541548 0.090286314 -0.08337096
v 0.21128574 0.15135631 -0.08337096
v 0.20766221 0.14987622 -0.08337096
v 0.19620024 0.13916856 -0.08337096
v 0.19775854 0.14198531 -0.08337096
v 0.19997264 0.14461882 -0.08337096
v 0.20263357 0.1469129 -0.08337096
v 0.20501316 0.14852493 -0.08337096
v 0.3272018 0.16522849 -0.08337096
v 0.32429767 0.17639956 -0.08337096
v 0.3229901 0.16147783 -0.08337096
v 0.32381392 0.16338833 -0.08337096
v 0.318312 0.17557894 -0.08337096
v 0.3223141 0.17627572 -0.08337096
v 0.26515737 0.16436909 -0.08337096
v 0.32218996 0.16054259 -0.08337096
v 0.3188344 0.15839078 -0.08337096
v 0.31156752 0.15362756 -0.08337096
v 0.30430743 0.14779156 -0.08337096
v 0.29900098 0.14260928 -0.08337096
v 0.29571724 0.13892621 -0.08337096
v 0.29266116 0.1349933 -0.08337096
v 0.29516676 0.06554806 -0.08337096
v 0.2910546 0.06617209 -0.08337096
v 0.23807417 0.017360264 -0.08337096
v 0.20507772 0.052259624 -0.08337096
v 0.26305947 0.03319451 -0.08337096
v 0.26182178 0.04434188 -0.08337096
v 0.26202294 0.048219685 -0.08337096
v 0.26311105 0.052310433 -0.08337096
v 0.30212376 0.09352255 -0.08337096
v 0.28372023 0.06689988 -0.08337096
v 0.29839012 0.0970213 -0.08337096
v 0.29050848 0.13092731 -0.08337096
v 0.293782 0.101771906 -0.08337096
v 0.2808828 0.06697369 -0.08337096
v 0.26416677 0.05521963 -0.08337096
v 0.16687159 0.08814599 -0.08337096
v 0.17598352 0.07648756 -0.08337096
v 0.16825847 0.090962276 -0.08337096
v 0.17841429 0.07699248 -0.08337096
v 0.18291669 0.07976233 -0.08337096
v 0.1720901 0.09757756 -0.08337096
v 0.23365907 0.1577904 -0.08337096
v 0.288579 0.12361393 -0.08337096
v 0.27677944 0.06669665 -0.08337096
v 0.18562539 0.119772434 -0.08337096
v 0.28786132 0.11649972 -0.08337096
v 0.26582825 0.05860107 -0.08337096
v 0.29109505 0.10594698 -0.08337096
v 0.1911373 0.06910097 -0.08337096
v 0.26867446 0.062055953 -0.08337096
v 0.21533354 0.15263987 -0.08337096
v 0.19447623 0.13610645 -0.08337096
v 0.19172214 0.13051699 -0.08337096
v 0.289005 0.110179596 -0.08337096
v 0.27183542 0.06483968 -0.08337096
v 0.27438167 0.06601183 -0.08337096
v 0.16572559 0.0851038 -0.08337096
v 0.1735671 0.07613555 -0.08337096
v 0.1712485 0.07633056 -0.08337096
v 0.16533618 0.08294799 -0.08337096
v 0.16815779 0.07717752 -0.08337096
v 0.16645795 0.078724355 -0.08337096
v 0.16548397 0.08065522 -0.08337096
v 0.16315646 0.06081481 -0.088857405
v 0.16196676 0.058550667 -0.088857405
v 0.16508512 0.06205784 -0.088857405
v 0.16731566 0.062255986 -0.088857405
v 0.16953771 0.061615467 -0.088857405
v 0.1614785 0.0558401 -0.088857405
v 0.17232053 0.060825724 -0.088857405
v 0.16128473 0.042669512 -0.088857405
v 0.17701896 0.059300613 -0.088857405
v 0.16226098 0.04067228 -0.088857405
v 0.16399267 0.03936808 -0.088857405
v 0.16844575 0.038075846 -0.088857405
v 0.17499542 0.036187366 -0.088857405
v 0.18198308 0.057627793 -0.088857405
v 0.18699728 0.055849504 -0.088857405
v 0.18387567 0.03314599 -0.088857405
v 0.19298224 0.053462893 -0.088857405
v 0.19471915 0.028861953 -0.088857405
v 0.19872315 0.051171996 -0.088857405
v 0.20584412 0.047901332 -0.088857405
v 0.20575419 0.023649434 -0.088857405
v 0.2127304 0.044354703 -0.088857405
v 0.2187872 0.040893964 -0.088857405
v 0.21492489 0.018072093 -0.088857405
v 0.22544503 0.036174275 -0.088857405
v 0.22999147 0.032323945 -0.088857405
v 0.22112422 0.012834737 -0.088857405
v 0.23453787 0.02787872 -0.088857405
v 0.23956822 0.021889387 -0.088857405
v 0.22556368 0.0075966837 -0.088857405
v 0.24403293 0.015874282 -0.088857405
v 0.22923224 0.0017102212 -0.088857405
v 0.24660388 0.011158282 -0.088857405
v 0.24965559 0.0027254492 -0.088857405
v 0.23149791 -0.0035777837 -0.088857405
v 0.25199687 -0.004785109 -0.088857405
v 0.2327245 -0.0075437515 -0.088857405
v 0.2337464 -0.012280884 -0.088857405
v 0.253296 -0.0114714 -0.088857405
v 0.234426 -0.024401028 -0.088857405
v 0.2542467 -0.018331874 -0.088857405
v 0.2545904 -0.027420858 -0.088857405
v 0.2339911 -0.034778662 -0.088857405
v 0.2543014 -0.03563004 -0.088857405
v 0.25352535 -0.043859188 -0.088857405
v 0.23269701 -0.0451562 -0.088857405
v 0.25240725 -0.05047641 -0.088857405
v 0.23022042 -0.056872834 -0.088857405
v 0.2508968 -0.057637718 -0.088857405
v 0.24655686 -0.075453416 -0.088857405
v 0.22667699 -0.07154594 -0.088857405
v 0.24185188 -0.09204648 -0.088857405
v 0.2220825 -0.0878091 -0.088857405
v 0.23678385 -0.10820537 -0.088857405
v 0.21782362 -0.10158769 -0.088857405
v 0.2135156 -0.115140334 -0.088857405
v 0.23377736 -0.117418386 -0.088857405
v 0.23150538 -0.12455519 -0.088857405
v 0.20991798 -0.12643425 -0.088857405
v 0.2292238 -0.131692 -0.088857405
v 0.22732714 -0.13843952 -0.088857405
v 0.20719016 -0.1362775 -0.088857405
v 0.2250608 -0.14674422 -0.088857405
v 0.20524251 -0.144713 -0.088857405
v 0.22384055 -0.15128587 -0.088857405
v 0.20372994 -0.15296893 -0.088857405
v 0.2231235 -0.15517865 -0.088857405
v 0.22270899 -0.15879974 -0.088857405
v 0.20318082 -0.15907116 -0.088857405
v 0.22251622 -0.16378848 -0.088857405
v 0.20335491 -0.16589135 -0.088857405
v 0.22264528 -0.16698276 -0.088857405
v 0.20447908 -0.17279781 -0.088857405
v 0.22307192 -0.16982165 -0.088857405
v 0.20617382 -0.17912611 -0.088857405
v 0.223579 -0.17177711 -0.088857405
v 0.20895922 -0.18459684 -0.088857405
v 0.22444737 -0.17403774 -0.088857405
v 0.21173774 -0.18854532 -0.088857405
v 0.21510175 -0.19132178 -0.088857405
v 0.22576664 -0.17502005 -0.088857405
v 0.21840976 -0.19321021 -0.088857405
v 0.22192101 -0.19432302 -0.088857405
v 0.22527921 -0.19484551 -0.088857405
v 0.22820006 -0.19457054 -0.088857405
v 0.23247552 -0.1935939 -0.088857405
v 0.22745652 -0.17478444 -0.088857405
v 0.23525827 -0.19236754 -0.088857405
v 0.23830727 -0.19071653 -0.088857405
v 0.22913502 -0.17385559 -0.088857405
v 0.24208394 -0.1879748 -0.088857405
v 0.24598943 -0.18384908 -0.088857405
v 0.23110223 -0.17162016 -0.088857405
v 0.249372 -0.1792937 -0.088857405
v 0.23303013 -0.16899419 -0.088857405
v 0.25190583 -0.17398371 -0.088857405
v 0.23479545 -0.16600798 -0.088857405
v 0.2533936 -0.1695541 -0.088857405
v 0.23595925 -0.16313174 -0.088857405
v 0.2542316 -0.16609979 -0.088857405
v 0.2543612 -0.16175348 -0.088857405
v 0.2362577 -0.16095798 -0.088857405
v 0.25414214 -0.15653032 -0.088857405
v 0.23635183 -0.15691806 -0.088857405
v 0.25349793 -0.15258837 -0.088857405
v 0.23618673 -0.152979 -0.088857405
v 0.25238293 -0.14833567 -0.088857405
v 0.23578222 -0.14914104 -0.088857405
v 0.25120553 -0.14432803 -0.088857405
v 0.23507528 -0.14560607 -0.088857405
v 0.24960832 -0.13973485 -0.088857405
v 0.23439763 -0.14237408 -0.088857405
v 0.24792008 -0.13619715 -0.088857405
v 0.23363236 -0.13905667 -0.088857405
v 0.24599962 -0.1328864 -0.088857405
v 0.23269582 -0.13529241 -0.088857405
v 0.24411996 -0.13002077 -0.088857405
v 0.23244174 -0.1324989 -0.088857405
v 0.2425462 -0.12784329 -0.088857405
v 0.23286958 -0.12994708 -0.088857405
v 0.24088585 -0.1266755 -0.088857405
v 0.23901808 -0.12624423 -0.088857405
v 0.23707564 -0.12620778 -0.088857405
v 0.2337321 -0.12800556 -0.088857405
v 0.23506223 -0.12678197 -0.088857405
v 0.1612768 0.41391364 -0.092214055
v 0.16021623 0.41553932 -0.092214055
v 0.15906066 0.41655236 -0.092214055
v 0.15727101 0.41777167 -0.092214055
v 0.15545514 0.41838318 -0.092214055
v 0.15368955 0.41866276 -0.09221401
v 0.1510286 0.418576 -0.092214055
v 0.149445 0.41792583 -0.092214055
v 0.14775297 0.41677028 -0.092214055
v 0.14663862 0.4155322 -0.092214055
v 0.14601533 0.4144748 -0.092214055
v 0.2850539 0.26777783 -0.092214055
v 0.2824444 0.26783463 -0.092214055
v 0.2866991 0.26709712 -0.092214055
v 0.28828752 0.26550865 -0.092214055
v 0.28936538 0.2638635 -0.092214055
v 0.27926752 0.2673808 -0.092214055
v 0.2903864 0.2617078 -0.092214055
v 0.29078355 0.25989243 -0.092214055
v 0.29089707 0.25785026 -0.092214055
v 0.29061338 0.25592145 -0.092214055
v 0.28976244 0.25450328 -0.092214055
v 0.28811738 0.25314176 -0.092214055
v 0.21825741 0.20505817 -0.092214055
v 0.2765003 0.26663622 -0.092214055
v 0.25327256 0.18710534 -0.092214055
v 0.25166097 0.18884586 -0.092214055
v 0.2540461 0.18517135 -0.092214055
v 0.25475526 0.18291509 -0.092214055
v 0.25436842 0.17028007 -0.092214055
v 0.26107278 0.14597692 -0.092214055
v 0.2617174 0.1490712 -0.092214055
v 0.26004133 0.14410746 -0.092214055
v 0.2574628 0.14075531 -0.092214055
v 0.25868765 0.142238 -0.092214055
v 0.25559327 0.13965943 -0.092214055
v 0.22136264 0.099755816 -0.092214055
v 0.22007327 0.10098063 -0.092214055
v 0.22252296 0.09743511 -0.092214055
v 0.21278882 0.07190722 -0.092214055
v 0.21427158 0.07326088 -0.092214055
v 0.21066152 0.07094017 -0.092214055
v 0.242038 0.19430026 -0.092214055
v 0.23858319 0.19510877 -0.092214055
v 0.24566579 0.1929072 -0.092214055
v 0.24830881 0.1915534 -0.092214055
v 0.24998489 0.19052194 -0.092214055
v 0.25623798 0.16924863 -0.092214055
v 0.25810742 0.16815273 -0.092214055
v 0.25926775 0.16725023 -0.092214055
v 0.2603637 0.16589646 -0.092214055
v 0.2612661 0.16402699 -0.092214055
v 0.26184633 0.16157734 -0.092214055
v 0.26197526 0.15822518 -0.092214055
v 0.26203972 0.15164982 -0.092214055
v 0.2539817 0.13907921 -0.092214055
v 0.25153205 0.13875689 -0.092214055
v 0.21839729 0.102269985 -0.092214055
v 0.21626997 0.10330144 -0.092214055
v 0.22316769 0.09504998 -0.092214055
v 0.22329651 0.09234244 -0.092214055
v 0.22265188 0.08911921 -0.092214055
v 0.22123365 0.085509166 -0.092214055
v 0.21859066 0.079642914 -0.092214055
v 0.21743028 0.077128835 -0.092214055
v 0.2160765 0.07519485 -0.092214055
v 0.19892892 0.06668548 -0.092214055
v 0.20363486 0.06887736 -0.092214055
v 0.23490787 0.19650538 -0.092214055
v 0.23086499 0.19826958 -0.092214055
v 0.24901786 0.13843459 -0.092214055
v 0.2439252 0.13772546 -0.092214055
v 0.23554479 0.13592051 -0.092214055
v 0.22916284 0.13443778 -0.092214055
v 0.22226515 0.13231046 -0.092214055
v 0.22652815 0.20032774 -0.092214055
v 0.22255881 0.20238598 -0.092214055
v 0.21678565 0.13037647 -0.092214055
v 0.21220867 0.12870039 -0.092214055
v 0.2104036 0.1278624 -0.092214055
v 0.20885651 0.12599294 -0.092214055
v 0.20679367 0.12225395 -0.092214055
v 0.21336906 0.105235316 -0.092214055
v 0.2077606 0.070166595 -0.092214055
v 0.2104036 0.10755604 -0.092214055
v 0.20763166 0.11045694 -0.092214055
v 0.20595558 0.1129066 -0.092214055
v 0.20492421 0.114905 -0.092214055
v 0.20460181 0.116516665 -0.092214055
v 0.20479529 0.1180638 -0.092214055
vt 0.6196289 0.25390625
vt 0.6152344 0.26464844
vt 0.6274414 0.2590332
vt 0.68847656 0.23937988
vt 0.6875 0.24645996
vt 0.69384766 0.24084473
vt 0.67578125 0.23999023
vt 0.67333984 0.24499512
vt 0.7089844 0.23376465
vt 0.70751953 0.23693848
vt 0.7241211 0.24169922
vt 0.6015625 0.25830078
vt 0.5986328 0.2644043
vt 0.61376953 0.26391602
vt 0.70458984 0.2454834
vt 0.6303711 0.24987793
vt 0.6298828 0.25195312
vt 0.6333008 0.25073242
vt 0.6699219 0.25561523
vt 0.59716797 0.2680664
vt 0.62841797 0.25927734
vt 0.6411133 0.25463867
vt 0.5859375 0.7192383
vt 0.5859375 0.7084961
vt 0.58154297 0.7265625
vt 0.61083984 0.67822266
vt 0.6123047 0.6767578
vt 0.60839844 0.67871094
vt 0.6386719 0.24169922
vt 0.6376953 0.2434082
vt 0.63964844 0.24047852
vt 0.7319336 0.21936035
vt 0.7294922 0.22070312
vt 0.73535156 0.21948242
vt 0.7451172 0.53564453
vt 0.74316406 0.53515625
vt 0.74658203 0.5371094
vt 0.7338867 0.5859375
vt 0.73535156 0.5834961
vt 0.7319336 0.58691406
vt 0.5800781 0.7285156
vt 0.578125 0.7294922
vt 0.5332031 0.6982422
vt 0.5341797 0.69970703
vt 0.53271484 0.69628906
vt 0.6381836 0.24743652
vt 0.63916016 0.24890137
vt 0.6376953 0.2454834
vt 0.64160156 0.23986816
vt 0.6435547 0.23999023
vt 0.6455078 0.24060059
vt 0.65185547 0.24414062
vt 0.6425781 0.25268555
vt 0.6425781 0.25390625
vt 0.65527344 0.24401855
vt 0.6586914 0.24499512
vt 0.66308594 0.24841309
vt 0.66796875 0.2536621
vt 0.64208984 0.25463867
vt 0.72753906 0.22277832
vt 0.7260742 0.22607422
vt 0.7373047 0.22021484
vt 0.7402344 0.22216797
vt 0.72558594 0.22875977
vt 0.7421875 0.22485352
vt 0.7260742 0.23205566
vt 0.7441406 0.22802734
vt 0.7270508 0.23498535
vt 0.74560547 0.2322998
vt 0.7270508 0.2376709
vt 0.74658203 0.23693848
vt 0.7480469 0.25708008
vt 0.72558594 0.24023438
vt 0.74902344 0.28271484
vt 0.7475586 0.30810547
vt 0.74609375 0.32592773
vt 0.7421875 0.34375
vt 0.73828125 0.36010742
vt 0.7314453 0.38549805
vt 0.72753906 0.39916992
vt 0.7270508 0.4013672
vt 0.7416992 0.6142578
vt 0.7246094 0.58984375
vt 0.7421875 0.61572266
vt 0.6171875 0.6660156
vt 0.6171875 0.6635742
vt 0.6166992 0.6689453
vt 0.5761719 0.7294922
vt 0.57373047 0.7285156
vt 0.57128906 0.72753906
vt 0.56591797 0.7480469
vt 0.56689453 0.74609375
vt 0.56396484 0.7504883
vt 0.5600586 0.7524414
vt 0.5620117 0.7519531
vt 0.5576172 0.7529297
vt 0.5522461 0.7524414
vt 0.5546875 0.7529297
vt 0.55029297 0.75146484
vt 0.5488281 0.75
vt 0.54785156 0.7475586
vt 0.5473633 0.74560547
vt 0.55078125 0.7006836
vt 0.54345703 0.7036133
vt 0.54541016 0.703125
vt 0.5415039 0.7036133
vt 0.44335938 0.28295898
vt 0.43652344 0.28833008
vt 0.45043945 0.2800293
vt 0.59521484 0.3474121
vt 0.59277344 0.34228516
vt 0.5957031 0.3515625
vt 0.63623047 0.5209961
vt 0.6357422 0.51904297
vt 0.63671875 0.5253906
vt 0.65771484 0.5019531
vt 0.6538086 0.5058594
vt 0.6611328 0.5004883
vt 0.57470703 0.27563477
vt 0.58251953 0.28759766
vt 0.57373047 0.27294922
vt 0.57373047 0.26831055
vt 0.5732422 0.27075195
vt 0.57421875 0.26611328
vt 0.5756836 0.26416016
vt 0.5776367 0.2626953
vt 0.5800781 0.2619629
vt 0.58251953 0.2619629
vt 0.58496094 0.26220703
vt 0.58740234 0.26342773
vt 0.7475586 0.54003906
vt 0.7480469 0.54345703
vt 0.7314453 0.5341797
vt 0.7480469 0.5473633
vt 0.7475586 0.5498047
vt 0.74560547 0.5517578
vt 0.74365234 0.55322266
vt 0.73291016 0.56103516
vt 0.72998047 0.5629883
vt 0.7363281 0.5698242
vt 0.7373047 0.57177734
vt 0.73779297 0.57421875
vt 0.73779297 0.5761719
vt 0.7416992 0.6201172
vt 0.7421875 0.6176758
vt 0.74121094 0.62158203
vt 0.7285156 0.62841797
vt 0.73046875 0.62841797
vt 0.7265625 0.6279297
vt 0.65722656 0.6201172
vt 0.66259766 0.61816406
vt 0.6538086 0.62109375
vt 0.6503906 0.6220703
vt 0.64697266 0.6220703
vt 0.6411133 0.62402344
vt 0.6435547 0.6220703
vt 0.63720703 0.62646484
vt 0.63378906 0.62841797
vt 0.62939453 0.6303711
vt 0.62402344 0.63183594
vt 0.6191406 0.6323242
vt 0.6166992 0.6611328
vt 0.6152344 0.65771484
vt 0.6152344 0.67285156
vt 0.60595703 0.67871094
vt 0.60302734 0.67822266
vt 0.5996094 0.6772461
vt 0.59472656 0.67529297
vt 0.5473633 0.70214844
vt 0.54833984 0.7011719
vt 0.5395508 0.703125
vt 0.53759766 0.70166016
vt 0.53564453 0.7006836
vt 0.53271484 0.69433594
vt 0.53271484 0.69189453
vt 0.53466797 0.6845703
vt 0.53759766 0.6743164
vt 0.5546875 0.6166992
vt 0.55908203 0.61865234
vt 0.5493164 0.61279297
vt 0.54345703 0.60839844
vt 0.5390625 0.6035156
vt 0.5332031 0.59716797
vt 0.5283203 0.59033203
vt 0.52441406 0.5830078
vt 0.5214844 0.57666016
vt 0.51904297 0.5703125
vt 0.5180664 0.5654297
vt 0.51708984 0.5605469
vt 0.51660156 0.5566406
vt 0.5161133 0.55371094
vt 0.51660156 0.55126953
vt 0.51464844 0.5498047
vt 0.51123047 0.546875
vt 0.5073242 0.5415039
vt 0.5029297 0.5341797
vt 0.49853516 0.52441406
vt 0.49536133 0.5151367
vt 0.49365234 0.50878906
vt 0.49243164 0.5019531
vt 0.48828125 0.49414062
vt 0.49169922 0.4963379
vt 0.48486328 0.49072266
vt 0.4819336 0.4868164
vt 0.47875977 0.48217773
vt 0.47583008 0.4765625
vt 0.4736328 0.47045898
vt 0.4699707 0.46972656
vt 0.46191406 0.4663086
vt 0.45483398 0.4621582
vt 0.44799805 0.4567871
vt 0.4411621 0.44921875
vt 0.4333496 0.4375
vt 0.42749023 0.4272461
vt 0.42211914 0.41577148
vt 0.4182129 0.40551758
vt 0.41552734 0.39697266
vt 0.4128418 0.38452148
vt 0.41088867 0.37109375
vt 0.41064453 0.35766602
vt 0.41088867 0.34814453
vt 0.41210938 0.33691406
vt 0.41479492 0.32592773
vt 0.4169922 0.3190918
vt 0.41992188 0.31201172
vt 0.4255371 0.30200195
vt 0.43139648 0.29370117
vt 0.46069336 0.27783203
vt 0.47338867 0.27661133
vt 0.48779297 0.27661133
vt 0.50097656 0.27734375
vt 0.51123047 0.2788086
vt 0.5205078 0.28125
vt 0.52978516 0.28515625
vt 0.54052734 0.29052734
vt 0.55029297 0.296875
vt 0.56152344 0.30444336
vt 0.56933594 0.31079102
vt 0.5776367 0.31860352
vt 0.5830078 0.3256836
vt 0.5883789 0.33374023
vt 0.5986328 0.3544922
vt 0.6020508 0.35913086
vt 0.6064453 0.36523438
vt 0.6142578 0.37768555
vt 0.6196289 0.39111328
vt 0.6254883 0.40649414
vt 0.6279297 0.4182129
vt 0.62841797 0.43066406
vt 0.6269531 0.44189453
vt 0.62597656 0.4453125
vt 0.6279297 0.44873047
vt 0.6303711 0.45629883
vt 0.6333008 0.46679688
vt 0.63623047 0.48266602
vt 0.6376953 0.49389648
vt 0.6376953 0.5053711
vt 0.63671875 0.50927734
vt 0.6352539 0.5136719
vt 0.64160156 0.5234375
vt 0.6401367 0.52685547
vt 0.6459961 0.5161133
vt 0.64990234 0.5102539
vt 0.66064453 0.48828125
vt 0.66064453 0.4963379
vt 0.6611328 0.4790039
vt 0.6621094 0.47192383
vt 0.6640625 0.46557617
vt 0.6665039 0.46020508
vt 0.6694336 0.4555664
vt 0.6699219 0.44995117
vt 0.6713867 0.45336914
vt 0.6689453 0.44384766
vt 0.6689453 0.43579102
vt 0.6694336 0.42895508
vt 0.67089844 0.42358398
vt 0.67285156 0.41748047
vt 0.67626953 0.4104004
vt 0.67871094 0.40698242
vt 0.6484375 0.3708496
vt 0.6689453 0.3947754
vt 0.609375 0.32202148
vt 0.59375 0.3022461
vt 0.5888672 0.29589844
vt 0.7294922 0.40429688
vt 0.7324219 0.40893555
vt 0.7348633 0.41503906
vt 0.73779297 0.42456055
vt 0.7392578 0.43408203
vt 0.7392578 0.44628906
vt 0.7392578 0.45166016
vt 0.73876953 0.45532227
vt 0.74072266 0.4609375
vt 0.74316406 0.46899414
vt 0.7446289 0.47973633
vt 0.7451172 0.49072266
vt 0.74365234 0.5029297
vt 0.7397461 0.51416016
vt 0.73583984 0.52197266
vt 0.73339844 0.5258789
vt 0.7363281 0.5805664
vt 0.72998047 0.58740234
vt 0.72753906 0.58740234
vt 0.73876953 0.62353516
vt 0.73583984 0.62597656
vt 0.7324219 0.6274414
vt 0.7241211 0.6269531
vt 0.69677734 0.60839844
vt 0.69091797 0.60302734
vt 0.68896484 0.5996094
vt 0.6855469 0.6040039
vt 0.6816406 0.6074219
vt 0.67578125 0.6113281
vt 0.6694336 0.6152344
vt 0.58691406 0.7011719
vt 0.58740234 0.6953125
vt 0.5888672 0.6879883
vt 0.5913086 0.6826172
vt 0.59228516 0.26660156
vt 0.5957031 0.26782227
vt 0.7314453 0.5288086
vt 0.73046875 0.53027344
vt 0.73046875 0.53271484
vt 0.6386719 0.52783203
vt 0.72558594 0.58740234
vt 0.72314453 0.5878906
vt 0.63720703 0.52734375
vt 0.61328125 0.6328125
vt 0.6142578 0.6542969
vt 0.61376953 0.6513672
vt 0.61328125 0.6484375
vt 0.5493164 0.7006836
vt 0.9370117 0.03564453
vt 0.92626953 0.028121948
vt 0.9433594 0.041412354
vt 0.94873047 0.047027588
vt 0.95458984 0.054626465
vt 0.9609375 0.06286621
vt 0.9165039 0.022872925
vt 0.9663086 0.07165527
vt 0.9067383 0.01864624
vt 0.8989258 0.01637268
vt 0.88964844 0.014198303
vt 0.88134766 0.013267517
vt 0.86865234 0.013267517
vt 0.8588867 0.0143966675
vt 0.8491211 0.016555786
vt 0.8383789 0.02015686
vt 0.82714844 0.025146484
vt 0.81689453 0.032196045
vt 0.8027344 0.043701172
vt 0.7919922 0.05432129
vt 0.97216797 0.08343506
vt 0.9770508 0.09442139
vt 0.98046875 0.1060791
vt 0.78271484 0.06536865
vt 0.98291016 0.11798096
vt 0.98339844 0.12719727
vt 0.98291016 0.13574219
vt 0.9819336 0.1451416
vt 0.9794922 0.15698242
vt 0.9770508 0.16491699
vt 0.97265625 0.1763916
vt 0.9682617 0.18579102
vt 0.96435547 0.19262695
vt 0.95751953 0.20300293
vt 0.7739258 0.07763672
vt 0.76660156 0.09063721
vt 0.9506836 0.21276855
vt 0.76123047 0.101745605
vt 0.94677734 0.21765137
vt 0.9423828 0.2220459
vt 0.93847656 0.22485352
vt 0.93408203 0.22766113
vt 0.9272461 0.2298584
vt 0.91845703 0.23181152
vt 0.9086914 0.2331543
vt 0.8930664 0.2331543
vt 0.88378906 0.23291016
vt 0.875 0.2319336
vt 0.8676758 0.23095703
vt 0.85839844 0.22912598
vt 0.84716797 0.22644043
vt 0.8354492 0.22290039
vt 0.8222656 0.21801758
vt 0.8017578 0.20947266
vt 0.7558594 0.11621094
vt 0.79003906 0.20361328
vt 0.7529297 0.1270752
vt 0.77978516 0.19799805
vt 0.77197266 0.19250488
vt 0.7495117 0.1418457
vt 0.765625 0.18701172
vt 0.7597656 0.18200684
vt 0.74853516 0.1505127
vt 0.75439453 0.17529297
vt 0.75097656 0.16931152
vt 0.74902344 0.16345215
vt 0.74853516 0.15722656
vt 0.9692383 0.43530273
vt 0.97216797 0.4296875
vt 0.9663086 0.4387207
vt 0.9604492 0.44262695
vt 0.9741211 0.42163086
vt 0.94970703 0.44750977
vt 0.97802734 0.40576172
vt 0.9379883 0.45141602
vt 0.9243164 0.4543457
vt 0.97998047 0.3984375
vt 0.98095703 0.38964844
vt 0.90527344 0.45703125
vt 0.9824219 0.37719727
vt 0.9824219 0.36010742
vt 0.9814453 0.35083008
vt 0.890625 0.4584961
vt 0.97998047 0.34106445
vt 0.9770508 0.32958984
vt 0.8774414 0.45898438
vt 0.9736328 0.31982422
vt 0.96972656 0.31152344
vt 0.96435547 0.30273438
vt 0.9589844 0.29638672
vt 0.953125 0.29077148
vt 0.94628906 0.28564453
vt 0.93652344 0.27954102
vt 0.92822266 0.27539062
vt 0.9213867 0.27197266
vt 0.9121094 0.26757812
vt 0.8642578 0.45922852
vt 0.9042969 0.26416016
vt 0.8955078 0.2614746
vt 0.88623047 0.25927734
vt 0.87890625 0.25805664
vt 0.8701172 0.25732422
vt 0.84716797 0.45898438
vt 0.8588867 0.25683594
vt 0.8442383 0.2578125
vt 0.8330078 0.2602539
vt 0.8222656 0.26391602
vt 0.81103516 0.26904297
vt 0.80029297 0.2763672
vt 0.7919922 0.28466797
vt 0.78564453 0.29370117
vt 0.77978516 0.30566406
vt 0.7763672 0.31835938
vt 0.7739258 0.3305664
vt 0.7729492 0.34326172
vt 0.7729492 0.35888672
vt 0.7739258 0.37231445
vt 0.7763672 0.38793945
vt 0.78125 0.40527344
vt 0.7866211 0.421875
vt 0.8354492 0.45825195
vt 0.8276367 0.4572754
vt 0.7910156 0.4333496
vt 0.8203125 0.4560547
vt 0.81347656 0.4543457
vt 0.8071289 0.45214844
vt 0.8022461 0.44921875
vt 0.79785156 0.44555664
vt 0.7949219 0.44189453
vt 0.9765625 0.6533203
vt 0.97998047 0.64501953
vt 0.9741211 0.6567383
vt 0.96484375 0.6635742
vt 0.9819336 0.63623047
vt 0.95751953 0.66796875
vt 0.98291016 0.6274414
vt 0.9482422 0.6723633
vt 0.98339844 0.60839844
vt 0.93896484 0.6748047
vt 0.9291992 0.67626953
vt 0.9121094 0.67626953
vt 0.9814453 0.5913086
vt 0.89697266 0.67529297
vt 0.9790039 0.5761719
vt 0.8808594 0.67285156
vt 0.9741211 0.55566406
vt 0.86572266 0.6699219
vt 0.8510742 0.66552734
vt 0.96728516 0.5371094
vt 0.9589844 0.52246094
vt 0.95214844 0.5161133
vt 0.94091797 0.5083008
vt 0.92822266 0.50097656
vt 0.9145508 0.49560547
vt 0.90185547 0.49145508
vt 0.8408203 0.6616211
vt 0.88720703 0.48828125
vt 0.875 0.48706055
vt 0.8310547 0.65771484
vt 0.82177734 0.65283203
vt 0.8144531 0.64746094
vt 0.80810547 0.6401367
vt 0.8041992 0.63378906
vt 0.80029297 0.62597656
vt 0.796875 0.6152344
vt 0.79296875 0.60253906
vt 0.79052734 0.5932617
vt 0.8598633 0.4868164
vt 0.8461914 0.48828125
vt 0.78759766 0.58691406
vt 0.8305664 0.49121094
vt 0.7832031 0.57714844
vt 0.8173828 0.4951172
vt 0.77978516 0.56640625
vt 0.8041992 0.5
vt 0.77685547 0.55615234
vt 0.7753906 0.5498047
vt 0.77490234 0.5415039
vt 0.79248047 0.5058594
vt 0.77490234 0.53466797
vt 0.7758789 0.52734375
vt 0.7783203 0.5205078
vt 0.7817383 0.51464844
vt 0.78564453 0.5107422
vt 0.32910156 0.12634277
vt 0.3239746 0.11029053
vt 0.32763672 0.12347412
vt 0.32373047 0.11193848
vt 0.32421875 0.11401367
vt 0.3605957 0.033569336
vt 0.37109375 0.019256592
vt 0.36083984 0.030349731
vt 0.36206055 0.02708435
vt 0.36450195 0.022750854
vt 0.36889648 0.019439697
vt 0.36669922 0.02041626
vt 0.44458008 0.19372559
vt 0.4267578 0.18713379
vt 0.4428711 0.19433594
vt 0.4411621 0.19445801
vt 0.43920898 0.1940918
vt 0.42749023 0.18896484
vt 0.42919922 0.19030762
vt 0.33374023 0.1303711
vt 0.3256836 0.10797119
vt 0.3317871 0.1295166
vt 0.33032227 0.12817383
vt 0.32470703 0.10888672
vt 0.32714844 0.1071167
vt 0.33081055 0.10559082
vt 0.36401367 0.091796875
vt 0.33569336 0.1307373
vt 0.38110352 0.13244629
vt 0.3713379 0.0881958
vt 0.39013672 0.13317871
vt 0.37646484 0.08496094
vt 0.38134766 0.08148193
vt 0.39794922 0.13415527
vt 0.37304688 0.019638062
vt 0.37646484 0.021774292
vt 0.38842773 0.028640747
vt 0.3605957 0.03579712
vt 0.3618164 0.038085938
vt 0.38012695 0.06109619
vt 0.39892578 0.03302002
vt 0.38476562 0.066467285
vt 0.40844727 0.035949707
vt 0.3876953 0.06933594
vt 0.38964844 0.070617676
vt 0.41674805 0.037353516
vt 0.40405273 0.13537598
vt 0.4116211 0.13757324
vt 0.44580078 0.19274902
vt 0.44726562 0.19067383
vt 0.4506836 0.18103027
vt 0.4260254 0.1854248
vt 0.42382812 0.17626953
vt 0.4543457 0.17321777
vt 0.42041016 0.16271973
vt 0.45922852 0.16503906
vt 0.46557617 0.15734863
vt 0.42700195 0.038208008
vt 0.4416504 0.038330078
vt 0.4909668 0.03665161
vt 0.56347656 0.22961426
vt 0.5654297 0.22851562
vt 0.5595703 0.23022461
vt 0.49951172 0.031677246
vt 0.51123047 0.027145386
vt 0.5239258 0.023590088
vt 0.5361328 0.021591187
vt 0.5522461 0.02003479
vt 0.5678711 0.019973755
vt 0.58154297 0.021255493
vt 0.5957031 0.024169922
vt 0.6088867 0.028961182
vt 0.6201172 0.035614014
vt 0.63134766 0.04498291
vt 0.640625 0.055419922
vt 0.64990234 0.06964111
vt 0.65478516 0.079956055
vt 0.65625 0.08538818
vt 0.65771484 0.09729004
vt 0.66259766 0.1270752
vt 0.66064453 0.11981201
vt 0.6640625 0.13464355
vt 0.66503906 0.14196777
vt 0.6645508 0.15454102
vt 0.66308594 0.16210938
vt 0.65966797 0.17236328
vt 0.65527344 0.1809082
vt 0.6503906 0.18859863
vt 0.6435547 0.19628906
vt 0.63623047 0.20263672
vt 0.6274414 0.20959473
vt 0.6201172 0.21411133
vt 0.60595703 0.22058105
vt 0.59277344 0.22509766
vt 0.5830078 0.2277832
vt 0.57421875 0.22875977
vt 0.5493164 0.23034668
vt 0.54003906 0.2290039
vt 0.53027344 0.22631836
vt 0.51953125 0.22216797
vt 0.5083008 0.2163086
vt 0.49853516 0.20947266
vt 0.4909668 0.20202637
vt 0.48364258 0.1928711
vt 0.47753906 0.18347168
vt 0.47192383 0.17224121
vt 0.46875 0.16503906
vt 0.6586914 0.10638428
vt 0.65966797 0.114746094
vt 0.375 0.28149414
vt 0.37841797 0.27807617
vt 0.37158203 0.28271484
vt 0.37939453 0.2536621
vt 0.37573242 0.24694824
vt 0.38085938 0.26049805
vt 0.3803711 0.27392578
vt 0.38134766 0.26782227
vt 0.17077637 0.3203125
vt 0.17651367 0.3215332
vt 0.16699219 0.31835938
vt 0.07537842 0.25634766
vt 0.08135986 0.26123047
vt 0.056396484 0.24023438
vt 0.04486084 0.22766113
vt 0.03857422 0.21923828
vt 0.032409668 0.20996094
vt 0.027633667 0.20007324
vt 0.022705078 0.1875
vt 0.01966858 0.17700195
vt 0.01789856 0.1665039
vt 0.017242432 0.15466309
vt 0.01789856 0.14233398
vt 0.01914978 0.13244629
vt 0.021392822 0.12243652
vt 0.02532959 0.11065674
vt 0.030029297 0.10021973
vt 0.039001465 0.08544922
vt 0.04751587 0.0736084
vt 0.05621338 0.06335449
vt 0.06530762 0.054870605
vt 0.076538086 0.0473938
vt 0.084228516 0.04360962
vt 0.09161377 0.040740967
vt 0.09857178 0.039245605
vt 0.10595703 0.038330078
vt 0.11602783 0.037872314
vt 0.13549805 0.03741455
vt 0.15686035 0.026260376
vt 0.14624023 0.03225708
vt 0.16625977 0.022064209
vt 0.17468262 0.019683838
vt 0.18322754 0.018692017
vt 0.1907959 0.019348145
vt 0.19958496 0.020996094
vt 0.20739746 0.02331543
vt 0.21472168 0.026535034
vt 0.22241211 0.030593872
vt 0.22924805 0.03488159
vt 0.23730469 0.040924072
vt 0.24523926 0.047790527
vt 0.25463867 0.056152344
vt 0.26391602 0.06616211
vt 0.27246094 0.0770874
vt 0.2824707 0.09063721
vt 0.29125977 0.10534668
vt 0.2980957 0.12011719
vt 0.30200195 0.1303711
vt 0.30395508 0.13964844
vt 0.30493164 0.14697266
vt 0.30566406 0.15588379
vt 0.3474121 0.21472168
vt 0.3251953 0.19543457
vt 0.3564453 0.22338867
vt 0.3642578 0.2319336
vt 0.37109375 0.24035645
vt 0.3659668 0.2824707
vt 0.35546875 0.28222656
vt 0.26611328 0.30126953
vt 0.27294922 0.29736328
vt 0.25854492 0.30566406
vt 0.25 0.31054688
vt 0.24206543 0.31445312
vt 0.2331543 0.31762695
vt 0.22387695 0.31982422
vt 0.21594238 0.32128906
vt 0.20715332 0.32226562
vt 0.1986084 0.3227539
vt 0.19104004 0.3227539
vt 0.18347168 0.32250977
vt 0.34301758 0.28198242
vt 0.32958984 0.28222656
vt 0.3178711 0.2836914
vt 0.30615234 0.28564453
vt 0.29492188 0.28808594
vt 0.31884766 0.1895752
vt 0.2861328 0.29077148
vt 0.31298828 0.18273926
vt 0.27978516 0.29345703
vt 0.30908203 0.17712402
vt 0.3076172 0.17163086
vt 0.30664062 0.16381836
vt 0.59814453 0.77783203
vt 0.5966797 0.78027344
vt 0.671875 0.8442383
vt 0.7055664 0.6591797
vt 0.7036133 0.6567383
vt 0.66796875 0.6542969
vt 0.7006836 0.65527344
vt 0.69433594 0.6542969
vt 0.68896484 0.6533203
vt 0.6801758 0.65185547
vt 0.6767578 0.6508789
vt 0.67285156 0.6513672
vt 0.6699219 0.65234375
vt 0.79833984 0.70214844
vt 0.79833984 0.69970703
vt 0.77246094 0.6796875
vt 0.79785156 0.6972656
vt 0.79541016 0.6928711
vt 0.7919922 0.68896484
vt 0.78515625 0.68359375
vt 0.7753906 0.6791992
vt 0.77734375 0.6791992
vt 0.7792969 0.6796875
vt 0.8486328 0.7783203
vt 0.87109375 0.7973633
vt 0.85253906 0.7788086
vt 0.87402344 0.79541016
vt 0.8730469 0.796875
vt 0.85546875 0.7792969
vt 0.8588867 0.7817383
vt 0.8613281 0.7817383
vt 0.875 0.79345703
vt 0.875 0.7915039
vt 0.875 0.7885742
vt 0.8652344 0.7817383
vt 0.87353516 0.78515625
vt 0.86865234 0.7817383
vt 0.8720703 0.7832031
vt 0.69433594 0.84277344
vt 0.61816406 0.7753906
vt 0.6879883 0.84375
vt 0.6147461 0.7739258
vt 0.6767578 0.84472656
vt 0.60058594 0.7758789
vt 0.5961914 0.78515625
vt 0.59716797 0.7871094
vt 0.66308594 0.83984375
vt 0.5996094 0.7895508
vt 0.8383789 0.7783203
vt 0.8286133 0.77734375
vt 0.8208008 0.7763672
vt 0.81396484 0.7739258
vt 0.8076172 0.7714844
vt 0.8022461 0.76904297
vt 0.7973633 0.765625
vt 0.7919922 0.76171875
vt 0.78808594 0.75634766
vt 0.6357422 0.7294922
vt 0.78466797 0.7504883
vt 0.7832031 0.74560547
vt 0.65527344 0.68310547
vt 0.78271484 0.74121094
vt 0.78271484 0.7373047
vt 0.7836914 0.73291016
vt 0.6665039 0.6567383
vt 0.77001953 0.68115234
vt 0.75927734 0.6875
vt 0.79785156 0.70410156
vt 0.79296875 0.71191406
vt 0.7885742 0.72021484
vt 0.7553711 0.6899414
vt 0.7861328 0.7260742
vt 0.75097656 0.69189453
vt 0.74658203 0.69384766
vt 0.70703125 0.66259766
vt 0.70751953 0.6665039
vt 0.7080078 0.67041016
vt 0.7416992 0.6953125
vt 0.70947266 0.67626953
vt 0.73583984 0.6958008
vt 0.7114258 0.68115234
vt 0.7294922 0.6953125
vt 0.7138672 0.6855469
vt 0.72314453 0.6933594
vt 0.71777344 0.6894531
vt 0.6821289 0.84472656
vt 0.61083984 0.7734375
vt 0.6069336 0.7739258
vt 0.60302734 0.77490234
vt 0.66748047 0.84228516
vt 0.5961914 0.78271484
vt 0.55371094 0.8911133
vt 0.5522461 0.8930664
vt 0.5546875 0.9008789
vt 0.5517578 0.8955078
vt 0.55322266 0.89990234
vt 0.5522461 0.8979492
vt 0.61083984 0.8803711
vt 0.59277344 0.8691406
vt 0.60839844 0.88427734
vt 0.5913086 0.87158203
vt 0.60498047 0.8886719
vt 0.5883789 0.875
vt 0.5991211 0.8935547
vt 0.58447266 0.8779297
vt 0.59375 0.8964844
vt 0.5878906 0.8989258
vt 0.5776367 0.8808594
vt 0.5810547 0.9003906
vt 0.56933594 0.88427734
vt 0.57421875 0.90185547
vt 0.5673828 0.90234375
vt 0.56103516 0.8876953
vt 0.5595703 0.90234375
vt 0.55615234 0.8901367
vt 0.5566406 0.90185547
vt 0.5932617 0.8613281
vt 0.59375 0.86328125
vt 0.6142578 0.8613281
vt 0.61328125 0.87646484
vt 0.6147461 0.87060547
vt 0.59375 0.86621094
vt 0.6147461 0.86572266
vt 0.30151367 0.88720703
vt 0.29858398 0.88916016
vt 0.2849121 0.90771484
vt 0.2944336 0.89208984
vt 0.28979492 0.8959961
vt 0.28735352 0.9003906
vt 0.2854004 0.9042969
vt 0.61328125 0.85595703
vt 0.6123047 0.8510742
vt 0.28637695 0.91259766
vt 0.28833008 0.9145508
vt 0.3112793 0.8852539
vt 0.29125977 0.91552734
vt 0.29492188 0.91503906
vt 0.31323242 0.88671875
vt 0.3149414 0.88916016
vt 0.31469727 0.8935547
vt 0.31933594 0.9008789
vt 0.2980957 0.9169922
vt 0.30004883 0.9194336
vt 0.32983398 0.91503906
vt 0.3071289 0.9277344
vt 0.31274414 0.93359375
vt 0.33666992 0.92333984
vt 0.31958008 0.9404297
vt 0.34277344 0.9301758
vt 0.32592773 0.94677734
vt 0.3322754 0.95214844
vt 0.3486328 0.9355469
vt 0.3388672 0.95751953
vt 0.3564453 0.94140625
vt 0.34765625 0.9628906
vt 0.3647461 0.94628906
vt 0.35473633 0.9667969
vt 0.36206055 0.96972656
vt 0.37475586 0.9501953
vt 0.36865234 0.9716797
vt 0.37646484 0.97314453
vt 0.38305664 0.95214844
vt 0.38476562 0.9741211
vt 0.39111328 0.9526367
vt 0.3984375 0.9741211
vt 0.40014648 0.95214844
vt 0.41064453 0.9736328
vt 0.4086914 0.9511719
vt 0.42041016 0.97216797
vt 0.41870117 0.94873047
vt 0.4309082 0.9692383
vt 0.42822266 0.94628906
vt 0.44433594 0.96484375
vt 0.4440918 0.9404297
vt 0.45703125 0.95996094
vt 0.45654297 0.9345703
vt 0.46948242 0.9536133
vt 0.47070312 0.9267578
vt 0.48339844 0.9458008
vt 0.48217773 0.9199219
vt 0.4951172 0.93847656
vt 0.5107422 0.9272461
vt 0.4951172 0.91064453
vt 0.5048828 0.90283203
vt 0.5229492 0.9169922
vt 0.51464844 0.89404297
vt 0.53466797 0.9067383
vt 0.52197266 0.88671875
vt 0.54589844 0.8955078
vt 0.5292969 0.87939453
vt 0.55615234 0.88378906
vt 0.5361328 0.8720703
vt 0.5473633 0.8598633
vt 0.5654297 0.87353516
vt 0.5566406 0.8515625
vt 0.57421875 0.86621094
vt 0.5620117 0.84716797
vt 0.57128906 0.84228516
vt 0.5810547 0.8613281
vt 0.57958984 0.8383789
vt 0.5864258 0.859375
vt 0.5878906 0.83691406
vt 0.58984375 0.8588867
vt 0.59472656 0.83740234
vt 0.60009766 0.83935547
vt 0.5917969 0.8598633
vt 0.60498047 0.8417969
vt 0.609375 0.8457031
vt 0.3088379 0.8847656
vt 0.30541992 0.8852539
vt 0.2854004 0.91064453
vt 0.4645996 0.61376953
vt 0.46142578 0.61328125
vt 0.46606445 0.6147461
vt 0.4741211 0.87402344
vt 0.4741211 0.87158203
vt 0.4729004 0.87597656
vt 0.47045898 0.61865234
vt 0.46826172 0.6166992
vt 0.47143555 0.62060547
vt 0.49487305 0.72021484
vt 0.49316406 0.7192383
vt 0.49609375 0.72216797
vt 0.50634766 0.75097656
vt 0.5048828 0.7495117
vt 0.50683594 0.7529297
vt 0.4736328 0.8671875
vt 0.47216797 0.86572266
vt 0.4741211 0.8696289
vt 0.47216797 0.6533203
vt 0.47265625 0.64941406
vt 0.47094727 0.65527344
vt 0.46777344 0.6582031
vt 0.46948242 0.6567383
vt 0.4658203 0.6586914
vt 0.4970703 0.78515625
vt 0.49926758 0.7836914
vt 0.4946289 0.78564453
vt 0.46557617 0.88134766
vt 0.46728516 0.8808594
vt 0.46362305 0.88183594
vt 0.45922852 0.88134766
vt 0.46142578 0.88183594
vt 0.36376953 0.81689453
vt 0.2211914 0.82177734
vt 0.22302246 0.8227539
vt 0.21899414 0.8208008
vt 0.21606445 0.8183594
vt 0.21252441 0.81591797
vt 0.2097168 0.81396484
vt 0.20690918 0.81103516
vt 0.20373535 0.8076172
vt 0.20019531 0.80371094
vt 0.19641113 0.7993164
vt 0.19299316 0.7949219
vt 0.1895752 0.79003906
vt 0.1854248 0.7832031
vt 0.17907715 0.7714844
vt 0.18115234 0.77490234
vt 0.17736816 0.7680664
vt 0.19189453 0.55126953
vt 0.18676758 0.55371094
vt 0.19580078 0.5498047
vt 0.22705078 0.40942383
vt 0.22460938 0.4255371
vt 0.22924805 0.39794922
vt 0.23132324 0.38916016
vt 0.23303223 0.3840332
vt 0.23583984 0.37768555
vt 0.23962402 0.37182617
vt 0.24414062 0.36645508
vt 0.24890137 0.36254883
vt 0.25317383 0.35986328
vt 0.25805664 0.35766602
vt 0.26171875 0.35620117
vt 0.26708984 0.35546875
vt 0.27319336 0.3552246
vt 0.28051758 0.35546875
vt 0.28710938 0.35620117
vt 0.30078125 0.35864258
vt 0.34106445 0.36621094
vt 0.35424805 0.36938477
vt 0.36108398 0.37182617
vt 0.36743164 0.37524414
vt 0.37231445 0.37841797
vt 0.3762207 0.38208008
vt 0.37890625 0.3852539
vt 0.38134766 0.38964844
vt 0.38378906 0.3947754
vt 0.3857422 0.4008789
vt 0.3869629 0.40576172
vt 0.38793945 0.4104004
vt 0.38891602 0.4165039
vt 0.3894043 0.42138672
vt 0.39111328 0.49560547
vt 0.39111328 0.51123047
vt 0.47192383 0.6230469
vt 0.47216797 0.62646484
vt 0.4729004 0.6376953
vt 0.48535156 0.71484375
vt 0.4802246 0.7128906
vt 0.48828125 0.7163086
vt 0.4909668 0.71777344
vt 0.4970703 0.7241211
vt 0.49780273 0.7265625
vt 0.49829102 0.7285156
vt 0.49853516 0.7314453
vt 0.49829102 0.734375
vt 0.4975586 0.73876953
vt 0.50097656 0.74609375
vt 0.4958496 0.7426758
vt 0.50390625 0.7480469
vt 0.50683594 0.7548828
vt 0.50634766 0.75927734
vt 0.5053711 0.7685547
vt 0.50439453 0.7739258
vt 0.50341797 0.7783203
vt 0.5019531 0.7807617
vt 0.5004883 0.78271484
vt 0.49047852 0.7861328
vt 0.48242188 0.7861328
vt 0.4711914 0.8774414
vt 0.46899414 0.87939453
vt 0.36108398 0.81933594
vt 0.35620117 0.8232422
vt 0.34692383 0.8286133
vt 0.33789062 0.8334961
vt 0.328125 0.83691406
vt 0.3190918 0.83935547
vt 0.3095703 0.8408203
vt 0.30126953 0.84228516
vt 0.28955078 0.84228516
vt 0.28100586 0.84228516
vt 0.27246094 0.8413086
vt 0.26098633 0.83935547
vt 0.39648438 0.79296875
vt 0.45922852 0.6591797
vt 0.44995117 0.66015625
vt 0.45288086 0.6118164
vt 0.44213867 0.6611328
vt 0.44799805 0.61035156
vt 0.43774414 0.6616211
vt 0.44384766 0.60791016
vt 0.4321289 0.66308594
vt 0.43823242 0.6040039
vt 0.4284668 0.6640625
vt 0.42773438 0.5942383
vt 0.4255371 0.6660156
vt 0.42407227 0.6669922
vt 0.42211914 0.5883789
vt 0.41845703 0.5834961
vt 0.41479492 0.578125
vt 0.42333984 0.6689453
vt 0.47216797 0.7861328
vt 0.43652344 0.7861328
vt 0.42993164 0.7861328
vt 0.4716797 0.7089844
vt 0.46191406 0.7036133
vt 0.44970703 0.69677734
vt 0.42236328 0.7866211
vt 0.43920898 0.6894531
vt 0.4152832 0.78808594
vt 0.40844727 0.7895508
vt 0.43237305 0.68359375
vt 0.40161133 0.7915039
vt 0.42895508 0.6801758
vt 0.4260254 0.6772461
vt 0.42382812 0.6743164
vt 0.4230957 0.6723633
vt 0.2166748 0.4741211
vt 0.2109375 0.5048828
vt 0.39135742 0.5180664
vt 0.20788574 0.51904297
vt 0.3918457 0.5234375
vt 0.39257812 0.5283203
vt 0.20495605 0.5317383
vt 0.39379883 0.53271484
vt 0.2010498 0.54589844
vt 0.39501953 0.5361328
vt 0.39697266 0.5410156
vt 0.4008789 0.5498047
vt 0.40673828 0.5625
vt 0.41064453 0.5703125
vt 0.19909668 0.54785156
vt 0.1887207 0.75927734
vt 0.17578125 0.76464844
vt 0.1940918 0.7631836
vt 0.1850586 0.76708984
vt 0.18383789 0.76953125
vt 0.18322754 0.7788086
vt 0.1907959 0.62060547
vt 0.19055176 0.6220703
vt 0.19055176 0.625
vt 0.4230957 0.67041016
vt 0.19006348 0.6269531
vt 0.10443115 0.5
vt 0.07800293 0.5024414
vt 0.10394287 0.50341797
vt 0.10235596 0.5058594
vt 0.099121094 0.5083008
vt 0.09527588 0.5097656
vt 0.09094238 0.5102539
vt 0.086120605 0.5107422
vt 0.07867432 0.5053711
vt 0.080200195 0.5083008
vt 0.082336426 0.5097656
vt 0.077819824 0.49975586
vt 0.07397461 0.43066406
vt 0.113220215 0.43017578
vt 0.072265625 0.41064453
vt 0.11621094 0.40649414
vt 0.070739746 0.39648438
vt 0.119506836 0.3881836
vt 0.06921387 0.38549805
vt 0.12213135 0.37890625
vt 0.066833496 0.37524414
vt 0.12561035 0.36889648
vt 0.06359863 0.36669922
vt 0.12719727 0.36523438
vt 0.12902832 0.36328125
vt 0.028549194 0.38134766
vt 0.031555176 0.38232422
vt 0.026123047 0.37817383
vt 0.17590332 0.41137695
vt 0.17651367 0.40820312
vt 0.16906738 0.42041016
vt 0.1661377 0.4230957
vt 0.1628418 0.42407227
vt 0.15991211 0.42358398
vt 0.15759277 0.42163086
vt 0.17663574 0.40454102
vt 0.17590332 0.40014648
vt 0.17541504 0.39697266
vt 0.17211914 0.37841797
vt 0.16918945 0.36108398
vt 0.16772461 0.35009766
vt 0.16699219 0.3383789
vt 0.020767212 0.36645508
vt 0.021911621 0.36987305
vt 0.0209198 0.36328125
vt 0.035186768 0.38232422
vt 0.038513184 0.38134766
vt 0.023864746 0.37426758
vt 0.02218628 0.3605957
vt 0.049804688 0.31958008
vt 0.058654785 0.30395508
vt 0.76416016 0.90966797
vt 0.76953125 0.8989258
vt 0.7631836 0.90722656
vt 0.7631836 0.90478516
vt 0.7636719 0.90234375
vt 0.7675781 0.89941406
vt 0.7651367 0.9003906
vt 0.93896484 0.8300781
vt 0.9667969 0.8334961
vt 0.94189453 0.82958984
vt 0.9453125 0.82958984
vt 0.96484375 0.83203125
vt 0.9604492 0.8310547
vt 0.93603516 0.83251953
vt 0.96875 0.83740234
vt 0.9370117 0.8310547
vt 0.96777344 0.83496094
vt 0.8701172 0.83496094
vt 0.86572266 0.8359375
vt 0.8515625 0.8486328
vt 0.8618164 0.83740234
vt 0.85302734 0.8457031
vt 0.85498047 0.84375
vt 0.87890625 0.8359375
vt 0.87597656 0.83447266
vt 0.8515625 0.85302734
vt 0.8730469 0.83447266
vt 0.8515625 0.85058594
vt 0.8857422 0.97998047
vt 0.8901367 0.9814453
vt 0.9086914 0.9814453
vt 0.90478516 0.9824219
vt 0.9008789 0.98291016
vt 0.89697266 0.98291016
vt 0.8935547 0.9824219
vt 0.77246094 0.89941406
vt 0.7661133 0.9116211
vt 0.7788086 0.89941406
vt 0.77685547 0.9003906
vt 0.77197266 0.91552734
vt 0.7675781 0.91308594
vt 0.8276367 0.9482422
vt 0.78027344 0.8989258
vt 0.78515625 0.89990234
vt 0.79541016 0.9013672
vt 0.8066406 0.90234375
vt 0.8154297 0.90185547
vt 0.82128906 0.9013672
vt 0.82714844 0.9003906
vt 0.8803711 0.83691406
vt 0.8833008 0.8408203
vt 0.9692383 0.84033203
vt 0.97021484 0.89746094
vt 0.9345703 0.83447266
vt 0.9267578 0.84521484
vt 0.92333984 0.84814453
vt 0.9194336 0.8510742
vt 0.8515625 0.85595703
vt 0.88916016 0.84765625
vt 0.8520508 0.8623047
vt 0.83203125 0.8984375
vt 0.85253906 0.8701172
vt 0.89160156 0.8496094
vt 0.9160156 0.85253906
vt 0.97509766 0.95996094
vt 0.9765625 0.9423828
vt 0.9716797 0.9609375
vt 0.9741211 0.9404297
vt 0.96777344 0.9394531
vt 0.9633789 0.9638672
vt 0.86083984 0.96777344
vt 0.83984375 0.8935547
vt 0.8955078 0.85302734
vt 0.93359375 0.97265625
vt 0.8461914 0.8876953
vt 0.9116211 0.8544922
vt 0.8515625 0.87597656
vt 0.9692383 0.92333984
vt 0.90625 0.85498047
vt 0.8808594 0.97753906
vt 0.91259766 0.97998047
vt 0.9194336 0.9770508
vt 0.85009766 0.88134766
vt 0.9013672 0.85498047
vt 0.8984375 0.8540039
vt 0.9790039 0.9580078
vt 0.9790039 0.94384766
vt 0.98095703 0.9458008
vt 0.98095703 0.95654297
vt 0.98291016 0.94921875
vt 0.98339844 0.95166016
vt 0.9824219 0.95410156
vt 0.12536621 0.8925781
vt 0.12670898 0.8901367
vt 0.12310791 0.89404297
vt 0.1204834 0.89453125
vt 0.11791992 0.8935547
vt 0.12731934 0.88671875
vt 0.11462402 0.8925781
vt 0.12756348 0.87158203
vt 0.10913086 0.8911133
vt 0.12646484 0.8691406
vt 0.12438965 0.8676758
vt 0.11920166 0.86621094
vt 0.11151123 0.86376953
vt 0.10333252 0.88916016
vt 0.097473145 0.88671875
vt 0.101135254 0.86035156
vt 0.09051514 0.88427734
vt 0.08843994 0.85546875
vt 0.08380127 0.88134766
vt 0.07543945 0.8774414
vt 0.07556152 0.8491211
vt 0.06738281 0.87353516
vt 0.060302734 0.8696289
vt 0.064819336 0.84277344
vt 0.052520752 0.86376953
vt 0.047210693 0.859375
vt 0.05758667 0.8364258
vt 0.041900635 0.8540039
vt 0.036010742 0.84716797
vt 0.05239868 0.8305664
vt 0.030792236 0.84033203
vt 0.048095703 0.82373047
vt 0.027786255 0.83447266
vt 0.024215698 0.82470703
vt 0.045440674 0.8173828
vt 0.021484375 0.81591797
vt 0.044006348 0.8129883
vt 0.042816162 0.8071289
vt 0.019958496 0.80810547
vt 0.042022705 0.79296875
vt 0.018844604 0.80029297
vt 0.018447876 0.7895508
vt 0.042541504 0.7807617
vt 0.01878357 0.77978516
vt 0.019683838 0.7705078
vt 0.044036865 0.76904297
vt 0.020996094 0.7626953
vt 0.046936035 0.7548828
vt 0.022766113 0.75439453
vt 0.027832031 0.73339844
vt 0.051086426 0.73779297
vt 0.033325195 0.7138672
vt 0.05645752 0.71875
vt 0.039276123 0.6953125
vt 0.061431885 0.7026367
vt 0.066467285 0.6870117
vt 0.042785645 0.68408203
vt 0.045440674 0.67578125
vt 0.07067871 0.6738281
vt 0.048095703 0.66748047
vt 0.050323486 0.65966797
vt 0.07385254 0.6621094
vt 0.052978516 0.64990234
vt 0.076171875 0.65234375
vt 0.05441284 0.64453125
vt 0.077941895 0.6425781
vt 0.055236816 0.6401367
vt 0.055725098 0.6357422
vt 0.078552246 0.6357422
vt 0.05593872 0.6298828
vt 0.07836914 0.6274414
vt 0.055786133 0.62646484
vt 0.07702637 0.6196289
vt 0.05529785 0.6230469
vt 0.07507324 0.6123047
vt 0.054718018 0.62060547
vt 0.071777344 0.60595703
vt 0.05368042 0.61816406
vt 0.06854248 0.6010742
vt 0.06463623 0.59765625
vt 0.05215454 0.6171875
vt 0.060760498 0.5957031
vt 0.056640625 0.5942383
vt 0.052734375 0.59375
vt 0.049316406 0.5942383
vt 0.044311523 0.59521484
vt 0.0501709 0.6171875
vt 0.041046143 0.5966797
vt 0.037475586 0.5986328
vt 0.048217773 0.61816406
vt 0.033081055 0.6015625
vt 0.028503418 0.6064453
vt 0.045898438 0.62109375
vt 0.024551392 0.6118164
vt 0.043670654 0.62402344
vt 0.021575928 0.61816406
vt 0.04159546 0.6274414
vt 0.019836426 0.62353516
vt 0.040222168 0.6308594
vt 0.018859863 0.6274414
vt 0.018707275 0.6323242
vt 0.039886475 0.6333008
vt 0.018966675 0.6386719
vt 0.039764404 0.6381836
vt 0.019714355 0.6430664
vt 0.039978027 0.6425781
vt 0.021026611 0.6479492
vt 0.04043579 0.64697266
vt 0.022399902 0.65283203
vt 0.041259766 0.6513672
vt 0.024276733 0.6582031
vt 0.042053223 0.65527344
vt 0.026245117 0.6621094
vt 0.042938232 0.6591797
vt 0.02848816 0.6660156
vt 0.044036865 0.6635742
vt 0.030685425 0.6694336
vt 0.04434204 0.6665039
vt 0.03253174 0.671875
vt 0.04385376 0.6694336
vt 0.034484863 0.67333984
vt 0.03665161 0.6738281
vt 0.038909912 0.6738281
vt 0.04284668 0.671875
vt 0.041290283 0.67333984
vt 0.2241211 0.9707031
vt 0.22546387 0.97265625
vt 0.22680664 0.9736328
vt 0.22888184 0.97509766
vt 0.2310791 0.9760742
vt 0.2331543 0.9765625
vt 0.23632812 0.9760742
vt 0.23828125 0.97558594
vt 0.24023438 0.9741211
vt 0.24157715 0.97265625
vt 0.24230957 0.9711914
vt 0.07678223 0.796875
vt 0.07989502 0.796875
vt 0.0748291 0.79589844
vt 0.07293701 0.7939453
vt 0.07165527 0.7919922
vt 0.0836792 0.7963867
vt 0.07043457 0.7895508
vt 0.06994629 0.7871094
vt 0.06982422 0.78515625
vt 0.070129395 0.78271484
vt 0.07116699 0.7807617
vt 0.07312012 0.7792969
vt 0.15625 0.72216797
vt 0.0869751 0.79541016
vt 0.11462402 0.7006836
vt 0.11651611 0.7026367
vt 0.113708496 0.6982422
vt 0.112854004 0.6958008
vt 0.11328125 0.68066406
vt 0.10534668 0.65185547
vt 0.10455322 0.65527344
vt 0.10656738 0.64941406
vt 0.10961914 0.6455078
vt 0.1081543 0.64746094
vt 0.11187744 0.64404297
vt 0.15258789 0.5966797
vt 0.1541748 0.59814453
vt 0.15124512 0.59375
vt 0.1628418 0.56347656
vt 0.16101074 0.5649414
vt 0.16540527 0.5625
vt 0.12805176 0.70947266
vt 0.13208008 0.7104492
vt 0.12365723 0.70751953
vt 0.12054443 0.7060547
vt 0.11853027 0.70458984
vt 0.111083984 0.6791992
vt 0.10888672 0.67822266
vt 0.10748291 0.6772461
vt 0.10620117 0.67529297
vt 0.10510254 0.67333984
vt 0.10443115 0.67041016
vt 0.10424805 0.6665039
vt 0.10418701 0.6586914
vt 0.11376953 0.6435547
vt 0.11669922 0.6430664
vt 0.15612793 0.5996094
vt 0.1586914 0.6010742
vt 0.1505127 0.5913086
vt 0.15026855 0.5878906
vt 0.15112305 0.5839844
vt 0.15270996 0.57958984
vt 0.15588379 0.5727539
vt 0.15734863 0.5698242
vt 0.15893555 0.5673828
vt 0.17932129 0.5571289
vt 0.17370605 0.5600586
vt 0.13647461 0.71191406
vt 0.14123535 0.7138672
vt 0.11968994 0.6425781
vt 0.12573242 0.64208984
vt 0.13574219 0.63964844
vt 0.14331055 0.6381836
vt 0.15148926 0.6352539
vt 0.14648438 0.7163086
vt 0.15112305 0.71875
vt 0.15808105 0.6333008
vt 0.16345215 0.63134766
vt 0.16564941 0.6303711
vt 0.16748047 0.6279297
vt 0.16992188 0.62353516
vt 0.16210938 0.60302734
vt 0.16882324 0.56152344
vt 0.16564941 0.60595703
vt 0.16894531 0.609375
vt 0.17089844 0.6123047
vt 0.17211914 0.6147461
vt 0.17260742 0.6166992
vt 0.17236328 0.61865234
vn -0 0 -1
vn -0 0 -1
vn -0 0 -1
vn -0 0 -1
vn -0 0 -1
vn -0 0 -1
vn -0 0 -1
vn -0 0 -1
vn -0 0 -1
vn -0 0 -1
vn -0 0 -1
vn -0 0 -1
vn -0 0 -1
vn -0 0 -1
vn -0 0 -1
vn -0 0 -1
vn -0 0 -1
vn -0 0 -1
vn -0 0 -1
vn -0 0 -1
vn -0 0 -1
vn -0 0 -1
vn -0 0 -1
vn -0 0 -1
vn -0 0 -1
vn -0 0 -1
vn -0 0 -1
vn -0 0 -1
vn -0 0 -1
vn -0 0 -1
vn -0 0 -1
vn -0 0 -1
vn -0 0 -1
vn -0 0 -1
vn -0 0 -1
vn -0 0 -1
vn -0 0 -1
vn -0 0 -1
vn -0 0 -1
vn -0 0 -1
vn -0 0 -1
vn -0 0 -1
vn -0 0 -1
vn -0 0 -1
vn -0 0 -1
vn -0 0 -1
vn -0 0 -1
vn -0 0 -1
vn -0 0 -1
vn -0 0 -1
vn -0 0 -1
vn -0 0 -1
vn -0 0 -1
vn -0 0 -1
vn -0 0 -1
vn -0 0 -1
vn -0 0 -1
vn -0 0 -1
vn -0 0 -1
vn -0 0 -1
vn -0 0 -1
vn -0 0 -1
vn -0 0 -1
vn -0 0 -1
vn -0 0 -1
vn -0 0 -1
vn -0 0 -1
vn -0 0 -1
vn -0 0 -1
vn -0 0 -1
vn -0 0 -1
vn -0 0 -1
vn -0 0 -1
vn -0 0 -1
vn -0 0 -1
vn -0 0 -1
vn -0 0 -1
vn -0 0 -1
vn -0 0 -1
vn -0 0 -1
vn -0 0 -1
vn -0 0 -1
vn -0 0 -1
vn -0 0 -1
vn -0 0 -1
vn -0 0 -1
vn -0 0 -1
vn -0 0 -1
vn -0 0 -1
vn -0 0 -1
vn -0 0 -1
vn -0 0 -1
vn -0 0 -1
vn -0 0 -1
vn -0 0 -1
vn -0 0 -1
vn -0 0 -1
vn -0 0 -1
vn -0 0 -1
vn -0 0 -1
vn -0 0 -1
vn -0 0 -1
vn -0 0 -1
vn -0 0 -1
vn -0 0 -1
vn -0 0 -1
vn -0 0 -1
vn -0 0 -1
vn -0 0 -1
vn -0 0 -1
vn -0 0 -1
vn -0 0 -1
vn -0 0 -1
vn -0 0 -1
vn -0 0 -1
vn -0 0 -1
vn -0 0 -1
vn -0 0 -1
vn -0 0 -1
vn -0 0 -1
vn -0 0 -1
vn -0 0 -1
vn -0 0 -1
vn -0 0 -1
vn -0 0 -1
vn -0 0 -1
vn -0 0 -1
vn -0 0 -1
vn -0 0 -1
vn -0 0 -1
vn -0 0 -1
vn -0 0 -1
vn -0 0 -1
vn -0 0 -1
vn -0 0 -1
vn -0 0 -1
vn -0 0 -1
vn -0 0 -1
vn -0 0 -1
vn -0 0 -1
vn -0 0 -1
vn -0 0 -1
vn -0 0 -1
vn -0 0 -1
vn -0 0 -1
vn -0 0 -1
vn -0 0 -1
vn -0 0 -1
vn -0 0 -1
vn -0 0 -1
vn -0 0 -1
vn -0 0 -1
vn -0 0 -1
vn -0 0 -1
vn -0 0 -1
vn -0 0 -1
vn -0 0 -1
vn -0 0 -1
vn -0 0 -1
vn -0 0 -1
vn -0 0 -1
vn -0 0 -1
vn -0 0 -1
vn -0 0 -1
vn -0 0 -1
vn -0 0 -1
vn -0 0 -1
vn -0 0 -1
vn -0 0 -1
vn -0 0 -1
vn -0 0 -1
vn -0 0 -1
vn -0 0 -1
vn -0 0 -1
vn -0 0 -1
vn -0 0 -1
vn -0 0 -1
vn -0 0 -1
vn -0 0 -1
vn -0 0 -1
vn -0 0 -1
vn -0 0 -1
vn -0 0 -1
vn -0 0 -1
vn -0 0 -1
vn -0 0 -1
vn -0 0 -1
vn -0 0 -1
vn -0 0 -1
vn -0 0 -1
vn -0 0 -1
vn -0 0 -1
vn -0 0 -1
vn -0 0 -1
vn -0 0 -1
vn -0 0 -1
vn -0 0 -1
vn -0 0 -1
vn -0 0 -1
vn -0 0 -1
vn -0 0 -1
vn -0 0 -1
vn -0 0 -1
vn -0 0 -1
vn -0 0 -1
vn -0 0 -1
vn -0 0 -1
vn -0 0 -1
vn -0 0 -1
vn -0 0 -1
vn -0 0 -1
vn -0 0 -1
vn -0 0 -1
vn -0 0 -1
vn -0 0 -1
vn -0 0 -1
vn -0 0 -1
vn -0 0 -1
vn -0 0 -1
vn -0 0 -1
vn -0 0 -1
vn -0 0 -1
vn -0 0 -1
vn -0 0 -1
vn -0 0 -1
vn -0 0 -1
vn -0 0 -1
vn -0 0 -1
vn -0 0 -1
vn -0 0 -1
vn -0 0 -1
vn -0 0 -1
vn -0 0 -1
vn -0 0 -1
vn -0 0 -1
vn -0 0 -1
vn -0 0 -1
vn -0 0 -1
vn -0 0 -1
vn -0 0 -1
vn -0 0 -1
vn -0 0 -1
vn -0 0 -1
vn -0 0 -1
vn -0 0 -1
vn -0 0 -1
vn -0 0 -1
vn -0 0 -1
vn -0 0 -1
vn -0 0 -1
vn -0 0 -1
vn -0 0 -1
vn -0 0 -1
vn -0 0 -1
vn -0 0 -1
vn -0 0 -1
vn -0 0 -1
vn -0 0 -1
vn -0 0 -1
vn -0 0 -1
vn -0 0 -1
vn -0 0 -1
vn -0 0 -1
vn -0 0 -1
vn -0 0 -1
vn -0 0 -1
vn -0 0 -1
vn -0 0 -1
vn -0 0 -1
vn -0 0 -1
vn -0 0 -1
vn -0 0 -1
vn -0 0 -1
vn -0 0 -1
vn -0 0 -1
vn -0 0 -1
vn -0 0 -1
vn -0 0 -1
vn -0 0 -1
vn -0 0 -1
vn -0 0 -1
vn -0 0 -1
vn -0 0 -1
vn -0 0 -1
vn -0 0 -1
vn -0 0 -1
vn -0 0 -1
vn -0 0 -1
vn -0 0 -1
vn -0 0 -1
vn -0 0 -1
vn -0 0 -1
vn -0 0 -1
vn -0 0 -1
vn -0 0 -1
vn -0 0 -1
vn -0 0 -1
vn -0 0 -1
vn -0 0 -1
vn -0 0 -1
vn -0 0 -1
vn -0 0 -1
vn -0 0 -1
vn -0 0 -1
vn -0 0 -1
vn -0 0 -1
vn -0 0 -1
vn -0 0 -1
vn -0 0 -1
vn -0 0 -1
vn -0 0 -1
vn -0 0 -1
vn -0 0 -1
vn -0 0 -1
vn -0 0 -1
vn -0 0 -1
vn -0 0 -1
vn -0 0 -1
vn -0 0 -1
vn -0 0 -1
vn -0 0 -1
vn -0 0 -1
vn -0 0 -1
vn -0 0 -1
vn -0 0 -1
vn -0 0 -1
vn -0 0 -1
vn -0 0 -1
vn -0 0 -1
vn -0 0 -1
vn -0 0 -1
vn -0 0 -1
vn -0 0 -1
vn -0 0 -1
vn -0 0 -1
vn -0 0 -1
vn -0 0 -1
vn -0 0 -1
vn -0 0 -1
vn -0 0 -1
vn -0 0 -1
vn -0 0 -1
vn -0 0 -1
vn -0 0 -1
vn -0 0 -1
vn -0 0 -1
vn -0 0 -1
vn -0 0 -1
vn -0 0 -1
vn -0 0 -1
vn -0 0 -1
vn -0 0 -1
vn -0 0 -1
vn -0 0 -1
vn -0 0 -1
vn -0 0 -1
vn -0 0 -1
vn -0 0 -1
vn -0 0 -1
vn -0 0 -1
vn -0 0 -1
vn -0 0 -1
vn -0 0 -1
vn -0 0 -1
vn -0 0 -1
vn -0 0 -1
vn -0 0 -1
vn -0 0 -1
vn -0 0 -1
vn -0 0 -1
vn -0 0 -1
vn -0 0 -1
vn -0 0 -1
vn -0 0 -1
vn -0 0 -1
vn -0 0 -1
vn -0 0 -1
vn -0 0 -1
vn -0 0 -1
vn -0 0 -1
vn -0 0 -1
vn -0 0 -1
vn -0 0 -1
vn -0 0 -1
vn -0 0 -1
vn -0 0 -1
vn -0 0 -1
vn -0 0 -1
vn -0 0 -1
vn -0 0 -1
vn -0 0 -1
vn -0 0 -1
vn -0 0 -1
vn -0 0 -1
vn -0 0 -1
vn -0 0 -1
vn -0 0 -1
vn -0 0 -1
vn -0 0 -1
vn -0 0 -1
vn -0 0 -1
vn -0 0 -1
vn -0 0 -1
vn -0 0 -1
vn -0 0 -1
vn -0 0 -1
vn -0 0 -1
vn -0 0 -1
vn -0 0 -1
vn -0 0 -1
vn -0 0 -1
vn -0 0 -1
vn -0 0 -1
vn -0 0 -1
vn -0 0 -1
vn -0 0 -1
vn -0 0 -1
vn -0 0 -1
vn -0 0 -1
vn -0 0 -1
vn -0 0 -1
vn -0 0 -1
vn -0 0 -1
vn -0 0 -1
vn -0 0 -1
vn -0 0 -1
vn -0 0 -1
vn -0 0 -1
vn -0 0 -1
vn -0 0 -1
vn -0 0 -1
vn -0 0 -1
vn -0 0 -1
vn -0 0 -1
vn -0 0 -1
vn -0 0 -1
vn -0 0 -1
vn -0 0 -1
vn -0 0 -1
vn -0 0 -1
vn -0 0 -1
vn -0 0 -1
vn -0 0 -1
vn -0 0 -1
vn -0 0 -1
vn -0 0 -1
vn -0 0 -1
vn -0 0 -1
vn -0 0 -1
vn -0 0 -1
vn -0 0 -1
vn -0 0 -1
vn -0 0 -1
vn -0 0 -1
vn -0 0 -1
vn -0 0 -1
vn -0 0 -1
vn -0 0 -1
vn -0 0 -1
vn -0 0 -1
vn -0 0 -1
vn -0 0 -1
vn -0 0 -1
vn -0 0 -1
vn -0 0 -1
vn -0 0 -1
vn -0 0 -1
vn -0 0 -1
vn -0 0 -1
vn -0 0 -1
vn -0 0 -1
vn -0 0 -1
vn -0 0 -1
vn -0 0 -1
vn -0 0 -1
vn -0 0 -1
vn -0 0 -1
vn -0 0 -1
vn -0 0 -1
vn -0 0 -1
vn -0 0 -1
vn -0 0 -1
vn -0 0 -1
vn -0 0 -1
vn -0 0 -1
vn -0 0 -1
vn -0 0 -1
vn -0 0 -1
vn -0 0 -1
vn -0 0 -1
vn -0 0 -1
vn -0 0 -1
vn -0 0 -1
vn -0 0 -1
vn -0 0 -1
vn -0 0 -1
vn -0 0 -1
vn -0 0 -1
vn -0 0 -1
vn -0 0 -1
vn -0 0 -1
vn -0 0 -1
vn -0 0 -1
vn -0 0 -1
vn -0 0 -1
vn -0 0 -1
vn -0 0 -1
vn -0 0 -1
vn -0 0 -1
vn -0 0 -1
vn -0 0 -1
vn -0 0 -1
vn -0 0 -1
vn -0 0 -1
vn -0 0 -1
vn -0 0 -1
vn -0 0 -1
vn -0 0 -1
vn -0 0 -1
vn -0 0 -1
vn -0 0 -1
vn -0 0 -1
vn -0 0 -1
vn -0 0 -1
vn -0 0 -1
vn -0 0 -1
vn -0 0 -1
vn -0 0 -1
vn -0 0 -1
vn -0 0 -1
vn -0 0 -1
vn -0 0 -1
vn -0 0 -1
vn -0 0 -1
vn -0 0 -1
vn -0 0 -1
vn -0 0 -1
vn -0 0 -1
vn -0 0 -1
vn -0 0 -1
vn -0 0 -1
vn -0 0 -1
vn -0 0 -1
vn -0 0 -1
vn -0 0 -1
vn -0 0 -1
vn -0 0 -1
vn -0 0 -1
vn -0 0 -1
vn -0 0 -1
vn -0 0 -1
vn -0 0 -1
vn -0 0 -1
vn -0 0 -1
vn -0 0 -1
vn -0 0 -1
vn -0 0 -1
vn -0 0 -1
vn -0 0 -1
vn -0 0 -1
vn -0 0 -1
vn -0 0 -1
vn -0 0 -1
vn -0 0 -1
vn -0 0 -1
vn -0 0 -1
vn -0 0 -1
vn -0 0 -1
vn -0 0 -1
vn -0 0 -1
vn -0 0 -1
vn -0 0 -1
vn -0 0 -1
vn -0 0 -1
vn -0 0 -1
vn -0 0 -1
vn -0 0 -1
vn -0 0 -1
vn -0 0 -1
vn -0 0 -1
vn -0 0 -1
vn -0 0 -1
vn -0 0 -1
vn -0 0 -1
vn -0 0 -1
vn -0 0 -1
vn -0 0 -1
vn -0 0 -1
vn -0 0 -1
vn -0 0 -1
vn -0 0 -1
vn -0 0 -1
vn -0 0 -1
vn -0 0 -1
vn -0 0 -1
vn -0 0 -1
vn -0 0 -1
vn -0 0 -1
vn -0 0 -1
vn -0 0 -1
vn -0 0 -1
vn -0 0 -1
vn -0 0 -1
vn -0 0 -1
vn -0 0 -1
vn -0 0 -1
vn -0 0 -1
vn -0 0 -1
vn -0 0 -1
vn -0 0 -1
vn -0 0 -1
vn -0 0 -1
vn -0 0 -1
vn -0 0 -1
vn -0 0 -1
vn -0 0 -1
vn -0 0 -1
vn -0 0 -1
vn -0 0 -1
vn -0 0 -1
vn -0 0 -1
vn -0 0 -1
vn -0 0 -1
vn -0 0 -1
vn -0 0 -1
vn -0 0 -1
vn -0 0 -1
vn -0 0 -1
vn -0 0 -1
vn -0 0 -1
vn -0 0 -1
vn -0 0 -1
vn -0 0 -1
vn -0 0 -1
vn -0 0 -1
vn -0 0 -1
vn -0 0 -1
vn -0 0 -1
vn -0 0 -1
vn -0 0 -1
vn -0 0 -1
vn -0 0 -1
vn -0 0 -1
vn -0 0 -1
vn -0 0 -1
vn -0 0 -1
vn -0 0 -1
vn -0 0 -1
vn -0 0 -1
vn -0 0 -1
vn -0 0 -1
vn -0 0 -1
vn -0 0 -1
vn -0 0 -1
vn -0 0 -1
vn -0 0 -1
vn -0 0 -1
vn -0 0 -1
vn -0 0 -1
vn -0 0 -1
vn -0 0 -1
vn -0 0 -1
vn -0 0 -1
vn -0 0 -1
vn -0 0 -1
vn -0 0 -1
vn -0 0 -1
vn -0 0 -1
vn -0 0 -1
vn -0 0 -1
vn -0 0 -1
vn -0 0 -1
vn -0 0 -1
vn -0 0 -1
vn -0 0 -1
vn -0 0 -1
vn -0 0 -1
vn -0 0 -1
vn -0 0 -1
vn -0 0 -1
vn -0 0 -1
vn -0 0 -1
vn -0 0 -1
vn -0 0 -1
vn -0 0 -1
vn -0 0 -1
vn -0 0 -1
vn -0 0 -1
vn -0 0 -1
vn -0 0 -1
vn -0 0 -1
vn -0 0 -1
vn -0 0 -1
vn -0 0 -1
vn -0 0 -1
vn -0 0 -1
vn -0 0 -1
vn -0 0 -1
vn -0 0 -1
vn -0 0 -1
vn -0 0 -1
vn -0 0 -1
vn -0 0 -1
vn -0 0 -1
vn -0 0 -1
vn -0 0 -1
vn -0 0 -1
vn -0 0 -1
vn -0 0 -1
vn -0 0 -1
vn -0 0 -1
vn -0 0 -1
vn -0 0 -1
vn -0 0 -1
vn -0 0 -1
vn -0 0 -1
vn -0 0 -1
vn -0 0 -1
vn -0 0 -1
vn -0 0 -1
vn -0 0 -1
vn -0 0 -1
vn -0 0 -1
vn -0 0 -1
vn -0 0 -1
vn -0 0 -1
vn -0 0 -1
vn -0 0 -1
vn -0 0 -1
vn -0 0 -1
vn -0 0 -1
vn -0 0 -1
vn -0 0 -1
vn -0 0 -1
vn -0 0 -1
vn -0 0 -1
vn -0 0 -1
vn -0 0 -1
vn -0 0 -1
vn -0 0 -1
vn -0 0 -1
vn -0 0 -1
vn -0 0 -1
vn -0 0 -1
vn -0 0 -1
vn -0 0 -1
vn -0 0 -1
vn -0 0 -1
vn -0 0 -1
vn -0 0 -1
vn -0 0 -1
vn -0 0 -1
vn -0 0 -1
vn -0 0 -1
vn -0 0 -1
vn -0 0 -1
vn -0 0 -1
vn -0 0 -1
vn -0 0 -1
vn -0 0 -1
vn -0 0 -1
vn -0 0 -1
vn -0 0 -1
vn -0 0 -1
vn -0 0 -1
vn -0 0 -1
vn -0 0 -1
vn -0 0 -1
vn -0 0 -1
vn -0 0 -1
vn -0 0 -1
vn -0 0 -1
vn -0 0 -1
vn -0 0 -1
vn -0 0 -1
vn -0 0 -1
vn -0 0 -1
vn -0 0 -1
vn -0 0 -1
vn -0 0 -1
vn -0 0 -1
vn -0 0 -1
vn -0 0 -1
vn -0 0 -1
vn -0 0 -1
vn -0 0 -1
vn -0 0 -1
vn -0 0 -1
vn -0 0 -1
vn -0 0 -1
vn -0 0 -1
vn -0 0 -1
vn -0 0 -1
vn -0 0 -1
vn -0 0 -1
vn -0 0 -1
vn -0 0 -1
vn -0 0 -1
vn -0 0 -1
vn -0 0 -1
vn -0 0 -1
vn -0 0 -1
vn -0 0 -1
vn -0 0 -1
vn -0 0 -1
vn -0 0 -1
vn -0 0 -1
vn -0 0 -1
vn -0 0 -1
vn -0 0 -1
vn -0 0 -1
vn -0 0 -1
vn -0 0 -1
vn -0 0 -1
vn -0 0 -1
vn -0 0 -1
vn -0 0 -1
vn -0 0 -1
vn -0 0 -1
vn -0 0 -1
vn -0 0 -1
vn -0 0 -1
vn -0 0 -1
vn -0 0 -1
vn -0 0 -1
vn -0 0 -1
vn -0 0 -1
vn -0 0 -1
vn -0 0 -1
vn -0 0 -1
vn -0 0 -1
vn -0 0 -1
vn -0 0 -1
vn -0 0 -1
vn -0 0 -1
vn -0 0 -1
vn -0 0 -1
vn -0 0 -1
vn -0 0 -1
vn -0 0 -1
vn -0 0 -1
vn -0 0 -1
vn -0 0 -1
vn -0 0 -1
vn -0 0 -1
vn -0 0 -1
vn -0 0 -1
vn -0 0 -1
vn -0 0 -1
vn -0 0 -1
vn -0 0 -1
vn -0 0 -1
vn -0 0 -1
vn -0 0 -1
vn -0 0 -1
vn -0 0 -1
vn -0 0 -1
vn -0 0 -1
vn -0 0 -1
vn -0 0 -1
vn -0 0 -1
vn -0 0 -1
vn -0 0 -1
vn -0 0 -1
vn -0 0 -1
vn -0 0 -1
vn -0 0 -1
vn -0 0 -1
vn -0 0 -1
vn -0 0 -1
vn -0 0 -1
vn -0 0 -1
vn -0 0 -1
vn -0 0 -1
vn -0 0 -1
vn -0 0 -1
vn -0 0 -1
vn -0 0 -1
vn -0 0 -1
vn -0 0 -1
vn -0 0 -1
vn -0 0 -1
vn -0 0 -1
vn -0 0 -1
vn -0 0 -1
vn -0 0 -1
vn -0 0 -1
vn -0 0 -1
vn -0 0 -1
vn -0 0 -1
vn -0 0 -1
vn -0 0 -1
vn -0 0 -1
vn -0 0 -1
vn -0 0 -1
vn -0 0 -1
vn -0 0 -1
vn -0 0 -1
vn -0 0 -1
vn -0 0 -1
vn -0 0 -1
vn -0 0 -1
vn -0 0 -1
vn -0 0 -1
vn -0 0 -1
vn -0 0 -1
vn -0 0 -1
vn -0 0 -1
vn -0 0 -1
vn -0 0 -1
vn -0 0 -1
vn -0 0 -1
vn -0 0 -1
vn -0 0 -1
vn -0 0 -1
vn -0 0 -1
vn -0 0 -1
vn -0 0 -1
vn -0 0 -1
vn -0 0 -1
vn -0 0 -1
vn -0 0 -1
vn -0 0 -1
vn -0 0 -1
vn -0 0 -1
vn -0 0 -1
vn -0 0 -1
vn -0 0 -1
vn -0 0 -1
vn -0 0 -1
vn -0 0 -1
vn -0 0 -1
vn -0 0 -1
vn -0 0 -1
vn -0 0 -1
vn -0 0 -1
vn -0 0 -1
vn -0 0 -1
vn -0 0 -1
vn -0 0 -1
vn -0 0 -1
vn -0 0 -1
vn -0 0 -1
vn -0 0 -1
vn -0 0 -1
vn -0 0 -1
vn -0 0 -1
vn -0 0 -1
vn -0 0 -1
vn -0 0 -1
vn -0 0 -1
vn -0 0 -1
vn -0 0 -1
vn -0 0 -1
vn -0 0 -1
vn -0 0 -1
vn -0 0 -1
vn -0 0 -1
vn -0 0 -1
vn -0 0 -1
vn -0 0 -1
vn -0 0 -1
vn -0 0 -1
vn -0 0 -1
vn -0 0 -1
vn -0 0 -1
vn -0 0 -1
vn -0 0 -1
vn -0 0 -1
vn -0 0 -1
vn -0 0 -1
vn -0 0 -1
vn -0 0 -1
vn -0 0 -1
vn -0 0 -1
vn -0 0 -1
vn -0 0 -1
vn -0 0 -1
vn -0 0 -1
vn -0 0 -1
vn -0 0 -1
vn -0 0 -1
vn -0 0 -1
vn -0 0 -1
vn -0 0 -1
vn -0 0 -1
vn -0 0 -1
vn -0 0 -1
vn -0 0 -1
vn -0 0 -1
vn -0 0 -1
vn -0 0 -1
vn -0 0 -1
vn -0 0 -1
vn -0 0 -1
vn -0 0 -1
vn -0 0 -1
vn -0 0 -1
vn -0 0 -1
vn -0 0 -1
vn -0 0 -1
vn -0 0 -1
vn -0 0 -1
vn -0 0 -1
vn -0 0 -1
vn -0 0 -1
vn -0 0 -1
vn -0 0 -1
vn -0 0 -1
vn -0 0 -1
vn -0 0 -1
vn -0 0 -1
vn -0 0 -1
vn -0 0 -1
vn -0 0 -1
vn -0 0 -1
vn -0 0 -1
vn -0 0 -1
vn -0 0 -1
vn -0 0 -1
vn -0 0 -1
vn -0 0 -1
vn -0 0 -1
vn -0 0 -1
vn -0 0 -1
vn -0 0 -1
vn -0 0 -1
vn -0 0 -1
vn -0 0 -1
vn -0 0 -1
vn -0 0 -1
vn -0 0 -1
vn -0 0 -1
vn -0 0 -1
vn -0 0 -1
vn -0 0 -1
vn -0 0 -1
vn -0 0 -1
vn -0 0 -1
vn -0 0 -1
vn -0 0 -1
vn -0 0 -1
vn -0 0 -1
vn -0 0 -1
vn -0 0 -1
vn -0 0 -1
vn -0 0 -1
vn -0 0 -1
vn -0 0 -1
vn -0 0 -1
vn -0 0 -1
vn -0 0 -1
vn -0 0 -1
vn -0 0 -1
vn -0 0 -1
vn -0 0 -1
vn -0 0 -1
vn -0 0 -1
vn -0 0 -1
vn -0 0 -1
vn -0 0 -1
vn -0 0 -1
vn -0 0 -1
vn -0 0 -1
vn -0 0 -1
vn -0 0 -1
vn -0 0 -1
vn -0 0 -1
vn -0 0 -1
vn -0 0 -1
vn -0 0 -1
vn -0 0 -1
vn -0 0 -1
vn -0 0 -1
vn -0 0 -1
vn -0 0 -1
vn -0 0 -1
vn -0 0 -1
vn -0 0 -1
vn -0 0 -1
vn -0 0 -1
vn -0 0 -1
vn -0 0 -1
vn -0 0 -1
vn -0 0 -1
vn -0 0 -1
vn -0 0 -1
vn -0 0 -1
vn -0 0 -1
vn -0 0 -1
vn -0 0 -1
vn -0 0 -1
vn -0 0 -1
vn -0 0 -1
vn -0 0 -1
vn -0 0 -1
vn -0 0 -1
vn -0 0 -1
vn -0 0 -1
vn -0 0 -1
vn -0 0 -1
vn -0 0 -1
vn -0 0 -1
vn -0 0 -1
vn -0 0 -1
vn -0 0 -1
vn -0 0 -1
vn -0 0 -1
vn -0 0 -1
vn -0 0 -1
vn -0 0 -1
vn -0 0 -1
vn -0 0 -1
vn -0 0 -1
vn -0 0 -1
vn -0 0 -1
vn -0 0 -1
vn -0 0 -1
vn -0 0 -1
vn -0 0 -1
vn -0 0 -1
vn -0 0 -1
vn -0 0 -1
vn -0 0 -1
vn -0 0 -1
vn -0 0 -1
vn -0 0 -1
vn -0 0 -1
vn -0 0 -1
vn -0 0 -1
vn -0 0 -1
vn -0 0 -1
vn -0 0 -1
vn -0 0 -1
vn -0 0 -1
vn -0 0 -1
vn -0 0 -1
vn -0 0 -1
vn -0 0 -1
vn -0 0 -1
vn -0 0 -1
vn -0 0 -1
vn -0 0 -1
vn -0 0 -1
vn -0 0 -1
vn -0 0 -1
vn -0 0 -1
vn -0 0 -1
vn -0 0 -1
vn -0 0 -1
vn -0 0 -1
vn -0 0 -1
vn -0 0 -1
vn -0 0 -1
vn -0 0 -1
vn -0 0 -1
vn -0 0 -1
vn -0 0 -1
vn -0 0 -1
vn -0 0 -1
vn -0 0 -1
vn -0 0 -1
vn -0 0 -1
vn -0 0 -1
vn -0 0 -1
vn -0 0 -1
vn -0 0 -1
vn -0 0 -1
vn -0 0 -1
vn -0 0 -1
vn -0 0 -1
vn -0 0 -1
vn -0 0 -1
vn -0 0 -1
vn -0 0 -1
vn -0 0 -1
vn -0 0 -1
vn -0 0 -1
vn -0 0 -1
vn -0 0 -1
vn -0 0 -1
vn -0 0 -1
vn -0 0 -1
vn -0 0 -1
vn -0 0 -1
vn -0 0 -1
vn -0 0 -1
vn -0 0 -1
vn -0 0 -1
vn -0 0 -1
vn -0 0 -1
vn -0 0 -1
vn -0 0 -1
vn -0 0 -1
vn -0 0 -1
vn -0 0 -1
vn -0 0 -1
vn -0 0 -1
vn -0 0 -1
vn -0 0 -1
vn -0 0 -1
vn -0 0 -1
vn -0 0 -1
vn -0 0 -1
vn -0 0 -1
vn -0 0 -1
vn -0 0 -1
vn -0 0 -1
vn -0 0 -1
vn -0 0 -1
vn -0 0 -1
vn -0 0 -1
vn -0 0 -1
vn -0 0 -1
vn -0 0 -1
vn -0 0 -1
vn -0 0 -1
vn -0 0 -1
vn -0 0 -1
vn -0 0 -1
vn -0 0 -1
vn -0 0 -1
vn -0 0 -1
vn -0 0 -1
vn -0 0 -1
vn -0 0 -1
vn -0 0 -1
vn -0 0 -1
vn -0 0 -1
vn -0 0 -1
vn -0 0 -1
vn -0 0 -1
vn -0 0 -1
vn -0 0 -1
vn -0 0 -1
vn -0 0 -1
vn -0 0 -1
vn -0 0 -1
vn -0 0 -1
vn -0 0 -1
vn -0 0 -1
vn -0 0 -1
vn -0 0 -1
vn -0 0 -1
vn -0 0 -1
vn -0 0 -1
vn -0 0 -1
vn -0 0 -1
vn -0 0 -1
vn -0 0 -1
vn -0 0 -1
vn -0 0 -1
vn -0 0 -1
vn -0 0 -1
vn -0 0 -1
vn -0 0 -1
vn -0 0 -1
vn -0 0 -1
vn -0 0 -1
vn -0 0 -1
vn -0 0 -1
vn -0 0 -1
vn -0 0 -1
vn -0 0 -1
vn -0 0 -1
vn -0 0 -1
vn -0 0 -1
vn -0 0 -1
vn -0 0 -1
vn -0 0 -1
vn -0 0 -1
vn -0 0 -1
vn -0 0 -1
vn -0 0 -1
vn -0 0 -1
vn -0 0 -1
vn -0 0 -1
vn -0 0 -1
vn -0 0 -1
vn -0 0 -1
vn -0 0 -1
vn -0 0 -1
vn -0 0 -1
vn -0 0 -1
vn -0 0 -1
vn -0 0 -1
vn -0 0 -1
vn -0 0 -1
vn -0 0 -1
vn -0 0 -1
vn -0 0 -1
vn -0 0 -1
vn -0 0 -1
vn -0 0 -1
vn -0 0 -1
vn -0 0 -1
vn -0 0 -1
vn -0 0 -1
vn -0 0 -1
vn -0 0 -1
vn -0 0 -1
vn -0 0 -1
vn -0 0 -1
vn -0 0 -1
vn -0 0 -1
vn -0 0 -1
vn -0 0 -1
vn -0 0 -1
vn -0 0 -1
vn -0 0 -1
vn -0 0 -1
vn -0 0 -1
vn -0 0 -1
vn -0 0 -1
vn -0 0 -1
vn -0 0 -1
vn -0 0 -1
vn -0 0 -1
vn -0 0 -1
vn -0 0 -1
vn -0 0 -1
vn -0 0 -1
vn -0 0 -1
vn -0 0 -1
vn -0 0 -1
vn -0 0 -1
vn -0 0 -1
vn -0 0 -1
vn -0 0 -1
vn -0 0 -1
vn -0 0 -1
vn -0 0 -1
vn -0 0 -1
vn -0 0 -1
vn -0 0 -1
vn -0 0 -1
vn -0 0 -1
vn -0 0 -1
vn -0 0 -1
vn -0 0 -1
vn -0 0 -1
vn -0 0 -1
vn -0 0 -1
vn -0 0 -1
vn -0 0 -1
vn -0 0 -1
vn -0 0 -1
vn -0 0 -1
vn -0 0 -1
vn -0 0 -1
vn -0 0 -1
vn -0 0 -1
vn -0 0 -1
vn -0 0 -1
vn -0 0 -1
vn -0 0 -1
vn -0 0 -1
vn -0 0 -1
vn -0 0 -1
vn -0 0 -1
vn -0 0 -1
vn -0 0 -1
vn -0 0 -1
vn -0 0 -1
vn -0 0 -1
vn -0 0 -1
vn -0 0 -1
vn -0 0 -1
vn -0 0 -1
vn -0 0 -1
vn -0 0 -1
vn -0 0 -1
vn -0 0 -1
vn -0 0 -1
vn -0 0 -1
vn -0 0 -1
vn -0 0 -1
vn -0 0 -1
vn -0 0 -1
vn -0 0 -1
vn -0 0 -1
vn -0 0 -1
vn -0 0 -1
vn -0 0 -1
vn -0 0 -1
vn -0 0 -1
vn -0 0 -1
vn -0 0 -1
vn -0 0 -1
vn -0 0 -1
vn -0 0 -1
vn -0 0 -1
vn -0 0 -1
vn -0 0 -1
vn -0 0 -1
vn -0 0 -1
vn -0 0 -1
vn -0 0 -1
vn -0 0 -1
vn -0 0 -1
vn -0 0 -1
vn -0 0 -1
vn -0 0 -1
vn -0 0 -1
vn -0 0 -1
vn -0 0 -1
vn -0 0 -1
vn -0 0 -1
vn -0 0 -1
vn -0 0 -1
vn -0 0 -1
vn -0 0 -1
vn -0 0 -1
vn -0 0 -1
vn -0 0 -1
vn -0 0 -1
vn -0 0 -1
vn -0 0 -1
vn -0 0 -1
vn -0 0 -1
vn -0 0 -1
vn -0 0 -1
vn -0 0 -1
vn -0 0 -1
vn -0 0 -1
vn -0 0 -1
vn -0 0 -1
vn -0 0 -1
vn -0 0 -1
vn -0 0 -1
vn -0 0 -1
vn -0 0 -1
vn -0 0 -1
vn -0 0 -1
vn -0 0 -1
vn -0 0 -1
vn -0 0 -1
vn -0 0 -1
vn -0 0 -1
vn -0 0 -1
vn -0 0 -1
vn -0 0 -1
vn -0 0 -1
vn -0 0 -1
vn -0 0 -1
vn -0 0 -1
vn -0 0 -1
vn -0 0 -1
vn -0 0 -1
vn -0 0 -1
vn -0 0 -1
vn -0 0 -1
vn -0 0 -1
vn -0 0 -1
vn -0 0 -1
vn -0 0 -1
vn -0 0 -1
vn -0 0 -1
vn -0 0 -1
vn -0 0 -1
vn -0 0 -1
vn -0 0 -1
vn -0 0 -1
vn -0 0 -1
vn -0 0 -1
vn -0 0 -1
vn -0 0 -1
vn -0 0 -1
vn -0 0 -1
vn -0 0 -1
g cPK_20_002320_00_GYARADOSex_SR_L_0
f 3/3/3 2/2/2 1/1/1
f 6/6/6 5/5/5 4/4/4
f 5/5/5 8/8/8 7/7/7
f 11/11/11 10/10/10 9/9/9
f 14/14/14 13/13/13 12/12/12
f 11/11/11 15/15/15 10/10/10
f 18/18/18 17/17/17 16/16/16
f 5/5/5 19/19/19 8/8/8
f 14/14/14 20/20/20 13/13/13
f 18/18/18 21/21/21 17/17/17
f 22/22/22 21/21/21 18/18/18
f 15/15/15 5/5/5 6/6/6
f 21/21/21 2/2/2 3/3/3
f 2/2/2 20/20/20 14/14/14
f 25/25/25 24/24/24 23/23/23
f 28/28/28 27/27/27 26/26/26
f 31/31/31 30/30/30 29/29/29
f 34/34/34 33/33/33 32/32/32
f 37/37/37 36/36/36 35/35/35
f 40/40/40 39/39/39 38/38/38
f 42/42/42 25/25/25 41/41/41
f 45/45/45 44/44/44 43/43/43
f 48/48/48 47/47/47 46/46/46
f 50/50/50 31/31/31 49/49/49
f 50/50/50 30/30/30 31/31/31
f 50/50/50 48/48/48 30/30/30
f 50/50/50 47/47/47 48/48/48
f 51/51/51 47/47/47 50/50/50
f 52/52/52 47/47/47 51/51/51
f 52/52/52 53/53/53 47/47/47
f 52/52/52 54/54/54 53/53/53
f 55/55/55 54/54/54 52/52/52
f 56/56/56 54/54/54 55/55/55
f 57/57/57 54/54/54 56/56/56
f 58/58/58 54/54/54 57/57/57
f 58/58/58 59/59/59 54/54/54
f 19/19/19 59/59/59 58/58/58
f 15/15/15 19/19/19 5/5/5
f 33/33/33 61/61/61 60/60/60
f 34/34/34 61/61/61 33/33/33
f 62/62/62 61/61/61 34/34/34
f 63/63/63 61/61/61 62/62/62
f 63/63/63 64/64/64 61/61/61
f 65/65/65 64/64/64 63/63/63
f 65/65/65 66/66/66 64/64/64
f 67/67/67 66/66/66 65/65/65
f 67/67/67 68/68/68 66/66/66
f 69/69/69 68/68/68 67/67/67
f 69/69/69 70/70/70 68/68/68
f 71/71/71 70/70/70 69/69/69
f 72/72/72 70/70/70 71/71/71
f 72/72/72 73/73/73 70/70/70
f 72/72/72 11/11/11 73/73/73
f 74/74/74 11/11/11 72/72/72
f 74/74/74 15/15/15 11/11/11
f 74/74/74 19/19/19 15/15/15
f 75/75/75 19/19/19 74/74/74
f 76/76/76 19/19/19 75/75/75
f 77/77/77 19/19/19 76/76/76
f 78/78/78 19/19/19 77/77/77
f 78/78/78 59/59/59 19/19/19
f 78/78/78 22/22/22 59/59/59
f 78/78/78 21/21/21 22/22/22
f 78/78/78 2/2/2 21/21/21
f 79/79/79 2/2/2 78/78/78
f 80/80/80 2/2/2 79/79/79
f 80/80/80 20/20/20 2/2/2
f 81/81/81 20/20/20 80/80/80
f 84/84/84 83/83/83 82/82/82
f 87/87/87 86/86/86 85/85/85
f 89/89/89 42/42/42 88/88/88
f 89/89/89 25/25/25 42/42/42
f 89/89/89 24/24/24 25/25/25
f 90/90/90 24/24/24 89/89/89
f 93/93/93 92/92/92 91/91/91
f 96/96/96 95/95/95 94/94/94
f 99/99/99 98/98/98 97/97/97
f 101/101/101 99/99/99 100/100/100
f 103/103/103 101/101/101 102/102/102
f 106/106/106 105/105/105 104/104/104
f 109/109/109 108/108/108 107/107/107
f 112/112/112 111/111/111 110/110/110
f 115/115/115 114/114/114 113/113/113
f 118/118/118 117/117/117 116/116/116
f 121/121/121 120/120/120 119/119/119
f 124/124/124 123/123/123 122/122/122
f 126/126/126 124/124/124 125/125/125
f 128/128/128 126/126/126 127/127/127
f 130/130/130 128/128/128 129/129/129
f 132/132/132 37/37/37 131/131/131
f 132/132/132 36/36/36 37/37/37
f 132/132/132 133/133/133 36/36/36
f 134/134/134 133/133/133 132/132/132
f 135/135/135 133/133/133 134/134/134
f 136/136/136 133/133/133 135/135/135
f 137/137/137 133/133/133 136/136/136
f 138/138/138 133/133/133 137/137/137
f 139/139/139 133/133/133 138/138/138
f 141/141/141 139/139/139 140/140/140
f 143/143/143 141/141/141 142/142/142
f 146/146/146 145/145/145 144/144/144
f 149/149/149 148/148/148 147/147/147
f 152/152/152 151/151/151 150/150/150
f 154/154/154 152/152/152 153/153/153
f 157/157/157 156/156/156 155/155/155
f 159/159/159 157/157/157 158/158/158
f 161/161/161 159/159/159 160/160/160
f 86/86/86 163/163/163 162/162/162
f 27/27/27 87/87/87 164/164/164
f 166/166/166 28/28/28 165/165/165
f 168/168/168 166/166/166 167/167/167
f 105/105/105 170/170/170 169/169/169
f 172/172/172 106/106/106 171/171/171
f 44/44/44 172/172/172 173/173/173
f 175/175/175 45/45/45 174/174/174
f 177/177/177 175/175/175 176/176/176
f 180/180/180 179/179/179 178/178/178
f 182/182/182 180/180/180 181/181/181
f 184/184/184 182/182/182 183/183/183
f 186/186/186 184/184/184 185/185/185
f 188/188/188 186/186/186 187/187/187
f 190/190/190 188/188/188 189/189/189
f 192/192/192 190/190/190 191/191/191
f 194/194/194 192/192/192 193/193/193
f 196/196/196 194/194/194 195/195/195
f 198/198/198 196/196/196 197/197/197
f 200/200/200 198/198/198 199/199/199
f 203/203/203 202/202/202 201/201/201
f 205/205/205 203/203/203 204/204/204
f 207/207/207 205/205/205 206/206/206
f 209/209/209 207/207/207 208/208/208
f 211/211/211 209/209/209 210/210/210
f 213/213/213 211/211/211 212/212/212
f 215/215/215 213/213/213 214/214/214
f 217/217/217 215/215/215 216/216/216
f 219/219/219 217/217/217 218/218/218
f 221/221/221 219/219/219 220/220/220
f 223/223/223 221/221/221 222/222/222
f 225/225/225 223/223/223 224/224/224
f 227/227/227 225/225/225 226/226/226
f 229/229/229 109/109/109 228/228/228
f 231/231/231 229/229/229 230/230/230
f 233/233/233 231/231/231 232/232/232
f 235/235/235 233/233/233 234/234/234
f 237/237/237 235/235/235 236/236/236
f 239/239/239 237/237/237 238/238/238
f 241/241/241 239/239/239 240/240/240
f 243/243/243 112/112/112 242/242/242
f 245/245/245 243/243/243 244/244/244
f 247/247/247 245/245/245 246/246/246
f 249/249/249 247/247/247 248/248/248
f 251/251/251 249/249/249 250/250/250
f 253/253/253 251/251/251 252/252/252
f 255/255/255 253/253/253 254/254/254
f 257/257/257 255/255/255 256/256/256
f 259/259/259 257/257/257 258/258/258
f 262/262/262 261/261/261 260/260/260
f 117/117/117 262/262/262 263/263/263
f 266/266/266 265/265/265 264/264/264
f 268/268/268 266/266/266 267/267/267
f 270/270/270 268/268/268 269/269/269
f 273/273/273 272/272/272 271/271/271
f 275/275/275 273/273/273 274/274/274
f 277/277/277 275/275/275 276/276/276
f 279/279/279 277/277/277 278/278/278
f 282/282/282 281/281/281 280/280/280
f 284/284/284 282/282/282 283/283/283
f 286/286/286 81/81/81 285/285/285
f 288/288/288 286/286/286 287/287/287
f 290/290/290 288/288/288 289/289/289
f 292/292/292 290/290/290 291/291/291
f 294/294/294 292/292/292 293/293/293
f 296/296/296 294/294/294 295/295/295
f 298/298/298 296/296/296 297/297/297
f 300/300/300 298/298/298 299/299/299
f 39/39/39 143/143/143 301/301/301
f 303/303/303 40/40/40 302/302/302
f 305/305/305 146/146/146 304/304/304
f 148/148/148 305/305/305 306/306/306
f 308/308/308 149/149/149 307/307/307
f 310/310/310 308/308/308 309/309/309
f 312/312/312 310/310/310 311/311/311
f 314/314/314 312/312/312 313/313/313
f 103/103/103 99/99/99 101/101/101
f 103/103/103 98/98/98 99/99/99
f 103/103/103 96/96/96 98/98/98
f 103/103/103 95/95/95 96/96/96
f 103/103/103 93/93/93 95/95/95
f 103/103/103 92/92/92 93/93/93
f 103/103/103 90/90/90 92/92/92
f 103/103/103 24/24/24 90/90/90
f 103/103/103 315/315/315 24/24/24
f 103/103/103 316/316/316 315/315/315
f 103/103/103 317/317/317 316/316/316
f 103/103/103 318/318/318 317/317/317
f 103/103/103 168/168/168 318/318/318
f 126/126/126 123/123/123 124/124/124
f 128/128/128 123/123/123 126/126/126
f 130/130/130 123/123/123 128/128/128
f 130/130/130 121/121/121 123/123/123
f 130/130/130 120/120/120 121/121/121
f 319/319/319 120/120/120 130/130/130
f 320/320/320 120/120/120 319/319/319
f 320/320/320 284/284/284 120/120/120
f 20/20/20 284/284/284 320/320/320
f 81/81/81 284/284/284 20/20/20
f 81/81/81 282/282/282 284/284/284
f 81/81/81 281/281/281 282/282/282
f 81/81/81 279/279/279 281/281/281
f 286/286/286 279/279/279 81/81/81
f 288/288/288 279/279/279 286/286/286
f 288/288/288 277/277/277 279/279/279
f 288/288/288 275/275/275 277/277/277
f 290/290/290 275/275/275 288/288/288
f 290/290/290 273/273/273 275/275/275
f 290/290/290 272/272/272 273/273/273
f 292/292/292 272/272/272 290/290/290
f 294/294/294 272/272/272 292/292/292
f 296/296/296 272/272/272 294/294/294
f 296/296/296 270/270/270 272/272/272
f 296/296/296 268/268/268 270/270/270
f 296/296/296 266/266/266 268/268/268
f 296/296/296 265/265/265 266/266/266
f 298/298/298 265/265/265 296/296/296
f 300/300/300 265/265/265 298/298/298
f 300/300/300 118/118/118 265/265/265
f 321/321/321 118/118/118 300/300/300
f 322/322/322 118/118/118 321/321/321
f 323/323/323 118/118/118 322/322/322
f 323/323/323 117/117/117 118/118/118
f 323/323/323 262/262/262 117/117/117
f 323/323/323 261/261/261 262/262/262
f 133/133/133 261/261/261 323/323/323
f 139/139/139 261/261/261 133/133/133
f 139/139/139 324/324/324 261/261/261
f 303/303/303 39/39/39 40/40/40
f 303/303/303 143/143/143 39/39/39
f 303/303/303 141/141/141 143/143/143
f 303/303/303 139/139/139 141/141/141
f 325/325/325 139/139/139 303/303/303
f 325/325/325 324/324/324 139/139/139
f 326/326/326 324/324/324 325/325/325
f 145/145/145 83/83/83 84/84/84
f 146/146/146 83/83/83 145/145/145
f 305/305/305 83/83/83 146/146/146
f 148/148/148 83/83/83 305/305/305
f 149/149/149 83/83/83 148/148/148
f 308/308/308 83/83/83 149/149/149
f 308/308/308 326/326/326 83/83/83
f 308/308/308 324/324/324 326/326/326
f 310/310/310 324/324/324 308/308/308
f 312/312/312 324/324/324 310/310/310
f 314/314/314 324/324/324 312/312/312
f 151/151/151 324/324/324 314/314/314
f 152/152/152 324/324/324 151/151/151
f 154/154/154 324/324/324 152/152/152
f 156/156/156 324/324/324 154/154/154
f 156/156/156 327/327/327 324/324/324
f 157/157/157 327/327/327 156/156/156
f 159/159/159 327/327/327 157/157/157
f 161/161/161 327/327/327 159/159/159
f 328/328/328 327/327/327 161/161/161
f 28/28/28 87/87/87 27/27/27
f 166/166/166 87/87/87 28/28/28
f 168/168/168 87/87/87 166/166/166
f 168/168/168 86/86/86 87/87/87
f 168/168/168 163/163/163 86/86/86
f 168/168/168 329/329/329 163/163/163
f 168/168/168 330/330/330 329/329/329
f 168/168/168 331/331/331 330/330/330
f 172/172/172 105/105/105 106/106/106
f 172/172/172 170/170/170 105/105/105
f 44/44/44 170/170/170 172/172/172
f 45/45/45 170/170/170 44/44/44
f 175/175/175 170/170/170 45/45/45
f 177/177/177 170/170/170 175/175/175
f 177/177/177 332/332/332 170/170/170
f 177/177/177 103/103/103 332/332/332
f 177/177/177 168/168/168 103/103/103
f 179/179/179 168/168/168 177/177/177
f 179/179/179 331/331/331 168/168/168
f 179/179/179 328/328/328 331/331/331
f 179/179/179 327/327/327 328/328/328
f 180/180/180 327/327/327 179/179/179
f 182/182/182 327/327/327 180/180/180
f 184/184/184 327/327/327 182/182/182
f 186/186/186 327/327/327 184/184/184
f 188/188/188 327/327/327 186/186/186
f 190/190/190 327/327/327 188/188/188
f 192/192/192 327/327/327 190/190/190
f 192/192/192 115/115/115 327/327/327
f 192/192/192 114/114/114 115/115/115
f 192/192/192 259/259/259 114/114/114
f 192/192/192 257/257/257 259/259/259
f 192/192/192 255/255/255 257/257/257
f 192/192/192 253/253/253 255/255/255
f 194/194/194 253/253/253 192/192/192
f 196/196/196 253/253/253 194/194/194
f 198/198/198 253/253/253 196/196/196
f 200/200/200 253/253/253 198/198/198
f 202/202/202 253/253/253 200/200/200
f 202/202/202 251/251/251 253/253/253
f 203/203/203 251/251/251 202/202/202
f 205/205/205 251/251/251 203/203/203
f 207/207/207 251/251/251 205/205/205
f 207/207/207 249/249/249 251/251/251
f 207/207/207 247/247/247 249/249/249
f 207/207/207 245/245/245 247/247/247
f 207/207/207 243/243/243 245/245/245
f 207/207/207 112/112/112 243/243/243
f 209/209/209 112/112/112 207/207/207
f 211/211/211 112/112/112 209/209/209
f 213/213/213 112/112/112 211/211/211
f 215/215/215 112/112/112 213/213/213
f 217/217/217 112/112/112 215/215/215
f 219/219/219 112/112/112 217/217/217
f 219/219/219 111/111/111 112/112/112
f 219/219/219 241/241/241 111/111/111
f 219/219/219 239/239/239 241/241/241
f 219/219/219 237/237/237 239/239/239
f 219/219/219 235/235/235 237/237/237
f 219/219/219 233/233/233 235/235/235
f 221/221/221 233/233/233 219/219/219
f 221/221/221 231/231/231 233/233/233
f 221/221/221 229/229/229 231/231/231
f 223/223/223 229/229/229 221/221/221
f 225/225/225 229/229/229 223/223/223
f 227/227/227 229/229/229 225/225/225
f 108/108/108 229/229/229 227/227/227
f 109/109/109 229/229/229 108/108/108
f 335/335/335 334/334/334 333/333/333
f 336/336/336 334/334/334 335/335/335
f 337/337/337 334/334/334 336/336/336
f 338/338/338 334/334/334 337/337/337
f 338/338/338 339/339/339 334/334/334
f 340/340/340 339/339/339 338/338/338
f 340/340/340 341/341/341 339/339/339
f 340/340/340 342/342/342 341/341/341
f 340/340/340 343/343/343 342/342/342
f 340/340/340 344/344/344 343/343/343
f 340/340/340 345/345/345 344/344/344
f 340/340/340 346/346/346 345/345/345
f 340/340/340 347/347/347 346/346/346
f 340/340/340 348/348/348 347/347/347
f 340/340/340 349/349/349 348/348/348
f 340/340/340 350/350/350 349/349/349
f 340/340/340 351/351/351 350/350/350
f 340/340/340 352/352/352 351/351/351
f 353/353/353 352/352/352 340/340/340
f 354/354/354 352/352/352 353/353/353
f 355/355/355 352/352/352 354/354/354
f 355/355/355 356/356/356 352/352/352
f 357/357/357 356/356/356 355/355/355
f 358/358/358 356/356/356 357/357/357
f 359/359/359 356/356/356 358/358/358
f 360/360/360 356/356/356 359/359/359
f 361/361/361 356/356/356 360/360/360
f 362/362/362 356/356/356 361/361/361
f 363/363/363 356/356/356 362/362/362
f 364/364/364 356/356/356 363/363/363
f 365/365/365 356/356/356 364/364/364
f 366/366/366 356/356/356 365/365/365
f 366/366/366 367/367/367 356/356/356
f 366/366/366 368/368/368 367/367/367
f 369/369/369 368/368/368 366/366/366
f 369/369/369 370/370/370 368/368/368
f 371/371/371 370/370/370 369/369/369
f 372/372/372 370/370/370 371/371/371
f 373/373/373 370/370/370 372/372/372
f 374/374/374 370/370/370 373/373/373
f 375/375/375 370/370/370 374/374/374
f 376/376/376 370/370/370 375/375/375
f 377/377/377 370/370/370 376/376/376
f 378/378/378 370/370/370 377/377/377
f 379/379/379 370/370/370 378/378/378
f 380/380/380 370/370/370 379/379/379
f 381/381/381 370/370/370 380/380/380
f 382/382/382 370/370/370 381/381/381
f 383/383/383 370/370/370 382/382/382
f 384/384/384 370/370/370 383/383/383
f 385/385/385 370/370/370 384/384/384
f 386/386/386 370/370/370 385/385/385
f 386/386/386 387/387/387 370/370/370
f 388/388/388 387/387/387 386/386/386
f 388/388/388 389/389/389 387/387/387
f 390/390/390 389/389/389 388/388/388
f 391/391/391 389/389/389 390/390/390
f 391/391/391 392/392/392 389/389/389
f 393/393/393 392/392/392 391/391/391
f 394/394/394 392/392/392 393/393/393
f 394/394/394 395/395/395 392/392/392
f 396/396/396 395/395/395 394/394/394
f 397/397/397 395/395/395 396/396/396
f 398/398/398 395/395/395 397/397/397
f 399/399/399 395/395/395 398/398/398
f 402/402/402 401/401/401 400/400/400
f 403/403/403 401/401/401 402/402/402
f 403/403/403 404/404/404 401/401/401
f 405/405/405 404/404/404 403/403/403
f 405/405/405 406/406/406 404/404/404
f 407/407/407 406/406/406 405/405/405
f 408/408/408 406/406/406 407/407/407
f 408/408/408 409/409/409 406/406/406
f 408/408/408 410/410/410 409/409/409
f 411/411/411 410/410/410 408/408/408
f 411/411/411 412/412/412 410/410/410
f 411/411/411 413/413/413 412/412/412
f 411/411/411 414/414/414 413/413/413
f 415/415/415 414/414/414 411/411/411
f 415/415/415 416/416/416 414/414/414
f 415/415/415 417/417/417 416/416/416
f 418/418/418 417/417/417 415/415/415
f 418/418/418 419/419/419 417/417/417
f 418/418/418 420/420/420 419/419/419
f 418/418/418 421/421/421 420/420/420
f 418/418/418 422/422/422 421/421/421
f 418/418/418 423/423/423 422/422/422
f 418/418/418 424/424/424 423/423/423
f 418/418/418 425/425/425 424/424/424
f 418/418/418 426/426/426 425/425/425
f 418/418/418 427/427/427 426/426/426
f 418/418/418 428/428/428 427/427/427
f 429/429/429 428/428/428 418/418/418
f 429/429/429 430/430/430 428/428/428
f 429/429/429 431/431/431 430/430/430
f 429/429/429 432/432/432 431/431/431
f 429/429/429 433/433/433 432/432/432
f 429/429/429 434/434/434 433/433/433
f 435/435/435 434/434/434 429/429/429
f 435/435/435 436/436/436 434/434/434
f 435/435/435 437/437/437 436/436/436
f 435/435/435 438/438/438 437/437/437
f 435/435/435 439/439/439 438/438/438
f 435/435/435 440/440/440 439/439/439
f 435/435/435 441/441/441 440/440/440
f 435/435/435 442/442/442 441/441/441
f 435/435/435 443/443/443 442/442/442
f 435/435/435 444/444/444 443/443/443
f 435/435/435 445/445/445 444/444/444
f 435/435/435 446/446/446 445/445/445
f 435/435/435 447/447/447 446/446/446
f 435/435/435 448/448/448 447/447/447
f 435/435/435 449/449/449 448/448/448
f 435/435/435 450/450/450 449/449/449
f 435/435/435 451/451/451 450/450/450
f 435/435/435 452/452/452 451/451/451
f 453/453/453 452/452/452 435/435/435
f 454/454/454 452/452/452 453/453/453
f 454/454/454 455/455/455 452/452/452
f 456/456/456 455/455/455 454/454/454
f 457/457/457 455/455/455 456/456/456
f 458/458/458 455/455/455 457/457/457
f 459/459/459 455/455/455 458/458/458
f 460/460/460 455/455/455 459/459/459
f 461/461/461 455/455/455 460/460/460
f 464/464/464 463/463/463 462/462/462
f 465/465/465 463/463/463 464/464/464
f 465/465/465 466/466/466 463/463/463
f 467/467/467 466/466/466 465/465/465
f 467/467/467 468/468/468 466/466/466
f 469/469/469 468/468/468 467/467/467
f 469/469/469 470/470/470 468/468/468
f 471/471/471 470/470/470 469/469/469
f 472/472/472 470/470/470 471/471/471
f 473/473/473 470/470/470 472/472/472
f 473/473/473 474/474/474 470/470/470
f 475/475/475 474/474/474 473/473/473
f 475/475/475 476/476/476 474/474/474
f 477/477/477 476/476/476 475/475/475
f 477/477/477 478/478/478 476/476/476
f 479/479/479 478/478/478 477/477/477
f 480/480/480 478/478/478 479/479/479
f 480/480/480 481/481/481 478/478/478
f 480/480/480 482/482/482 481/481/481
f 480/480/480 483/483/483 482/482/482
f 480/480/480 484/484/484 483/483/483
f 480/480/480 485/485/485 484/484/484
f 480/480/480 486/486/486 485/485/485
f 480/480/480 487/487/487 486/486/486
f 488/488/488 487/487/487 480/480/480
f 488/488/488 489/489/489 487/487/487
f 488/488/488 490/490/490 489/489/489
f 491/491/491 490/490/490 488/488/488
f 492/492/492 490/490/490 491/491/491
f 493/493/493 490/490/490 492/492/492
f 494/494/494 490/490/490 493/493/493
f 495/495/495 490/490/490 494/494/494
f 496/496/496 490/490/490 495/495/495
f 497/497/497 490/490/490 496/496/496
f 498/498/498 490/490/490 497/497/497
f 499/499/499 490/490/490 498/498/498
f 499/499/499 500/500/500 490/490/490
f 499/499/499 501/501/501 500/500/500
f 502/502/502 501/501/501 499/499/499
f 502/502/502 503/503/503 501/501/501
f 504/504/504 503/503/503 502/502/502
f 504/504/504 505/505/505 503/503/503
f 506/506/506 505/505/505 504/504/504
f 506/506/506 507/507/507 505/505/505
f 508/508/508 507/507/507 506/506/506
f 509/509/509 507/507/507 508/508/508
f 510/510/510 507/507/507 509/509/509
f 510/510/510 511/511/511 507/507/507
f 512/512/512 511/511/511 510/510/510
f 513/513/513 511/511/511 512/512/512
f 514/514/514 511/511/511 513/513/513
f 516/516/516 514/514/514 515/515/515
f 516/516/516 511/511/511 514/514/514
f 519/519/519 518/518/518 517/517/517
f 519/519/519 520/520/520 518/518/518
f 521/521/521 520/520/520 519/519/519
f 524/524/524 523/523/523 522/522/522
f 525/525/525 523/523/523 524/524/524
f 526/526/526 523/523/523 525/525/525
f 526/526/526 527/527/527 523/523/523
f 527/527/527 526/526/526 528/528/528
f 531/531/531 530/530/530 529/529/529
f 532/532/532 530/530/530 531/531/531
f 533/533/533 530/530/530 532/532/532
f 533/533/533 534/534/534 530/530/530
f 535/535/535 534/534/534 533/533/533
f 538/538/538 537/537/537 536/536/536
f 539/539/539 537/537/537 538/538/538
f 517/517/517 537/537/537 539/539/539
f 517/517/517 540/540/540 537/537/537
f 518/518/518 540/540/540 517/517/517
f 541/541/541 536/536/536 537/537/537
f 542/542/542 536/536/536 541/541/541
f 543/543/543 536/536/536 542/542/542
f 543/543/543 544/544/544 536/536/536
f 543/543/543 545/545/545 544/544/544
f 546/546/546 545/545/545 543/543/543
f 546/546/546 547/547/547 545/545/545
f 548/548/548 547/547/547 546/546/546
f 549/549/549 547/547/547 548/548/548
f 549/549/549 550/550/550 547/547/547
f 551/551/551 522/522/522 523/523/523
f 552/552/552 522/522/522 551/551/551
f 553/553/553 522/522/522 552/552/552
f 553/553/553 554/554/554 522/522/522
f 553/553/553 555/555/555 554/554/554
f 553/553/553 556/556/556 555/555/555
f 557/557/557 556/556/556 553/553/553
f 557/557/557 558/558/558 556/556/556
f 559/559/559 558/558/558 557/557/557
f 559/559/559 560/560/560 558/558/558
f 559/559/559 561/561/561 560/560/560
f 562/562/562 561/561/561 559/559/559
f 549/549/549 563/563/563 550/550/550
f 561/561/561 563/563/563 549/549/549
f 561/561/561 564/564/564 563/563/563
f 530/530/530 565/565/565 529/529/529
f 530/530/530 566/566/566 565/565/565
f 530/530/530 567/567/567 566/566/566
f 568/568/568 567/567/567 530/530/530
f 569/569/569 567/567/567 568/568/568
f 569/569/569 570/570/570 567/567/567
f 571/571/571 570/570/570 569/569/569
f 571/571/571 572/572/572 570/570/570
f 564/564/564 572/572/572 571/571/571
f 564/564/564 573/573/573 572/572/572
f 562/562/562 564/564/564 561/561/561
f 574/574/574 564/564/564 562/562/562
f 575/575/575 564/564/564 574/574/574
f 575/575/575 573/573/573 564/564/564
f 576/576/576 573/573/573 575/575/575
f 579/579/579 578/578/578 577/577/577
f 581/581/581 576/576/576 580/580/580
f 583/583/583 581/581/581 582/582/582
f 585/585/585 583/583/583 584/584/584
f 587/587/587 585/585/585 586/586/586
f 589/589/589 587/587/587 588/588/588
f 591/591/591 589/589/589 590/590/590
f 593/593/593 591/591/591 592/592/592
f 595/595/595 593/593/593 594/594/594
f 598/598/598 597/597/597 596/596/596
f 600/600/600 598/598/598 599/599/599
f 602/602/602 600/600/600 601/601/601
f 604/604/604 602/602/602 603/603/603
f 606/606/606 604/604/604 605/605/605
f 608/608/608 606/606/606 607/607/607
f 610/610/610 608/608/608 609/609/609
f 612/612/612 610/610/610 611/611/611
f 614/614/614 579/579/579 613/613/613
f 616/616/616 614/614/614 615/615/615
f 618/618/618 616/616/616 617/617/617
f 620/620/620 618/618/618 619/619/619
f 622/622/622 620/620/620 621/621/621
f 573/573/573 622/622/622 623/623/623
f 581/581/581 573/573/573 576/576/576
f 583/583/583 573/573/573 581/581/581
f 585/585/585 573/573/573 583/583/583
f 587/587/587 573/573/573 585/585/585
f 589/589/589 573/573/573 587/587/587
f 591/591/591 573/573/573 589/589/589
f 593/593/593 573/573/573 591/591/591
f 595/595/595 573/573/573 593/593/593
f 624/624/624 573/573/573 595/595/595
f 625/625/625 573/573/573 624/624/624
f 625/625/625 622/622/622 573/573/573
f 625/625/625 620/620/620 622/622/622
f 625/625/625 618/618/618 620/620/620
f 625/625/625 616/616/616 618/618/618
f 625/625/625 614/614/614 616/616/616
f 625/625/625 579/579/579 614/614/614
f 625/625/625 578/578/578 579/579/579
f 597/597/597 578/578/578 625/625/625
f 597/597/597 612/612/612 578/578/578
f 597/597/597 610/610/610 612/612/612
f 597/597/597 608/608/608 610/610/610
f 597/597/597 606/606/606 608/608/608
f 597/597/597 604/604/604 606/606/606
f 598/598/598 604/604/604 597/597/597
f 598/598/598 602/602/602 604/604/604
f 600/600/600 602/602/602 598/598/598
f 628/628/628 627/627/627 626/626/626
f 631/631/631 630/630/630 629/629/629
f 627/627/627 633/633/633 632/632/632
f 636/636/636 635/635/635 634/634/634
f 639/639/639 638/638/638 637/637/637
f 641/641/641 639/639/639 640/640/640
f 643/643/643 641/641/641 642/642/642
f 645/645/645 643/643/643 644/644/644
f 647/647/647 645/645/645 646/646/646
f 649/649/649 647/647/647 648/648/648
f 651/651/651 649/649/649 650/650/650
f 653/653/653 651/651/651 652/652/652
f 655/655/655 653/653/653 654/654/654
f 657/657/657 655/655/655 656/656/656
f 659/659/659 657/657/657 658/658/658
f 661/661/661 659/659/659 660/660/660
f 663/663/663 661/661/661 662/662/662
f 666/666/666 665/665/665 664/664/664
f 668/668/668 666/666/666 667/667/667
f 670/670/670 668/668/668 669/669/669
f 672/672/672 670/670/670 671/671/671
f 674/674/674 672/672/672 673/673/673
f 676/676/676 674/674/674 675/675/675
f 678/678/678 676/676/676 677/677/677
f 680/680/680 678/678/678 679/679/679
f 682/682/682 680/680/680 681/681/681
f 684/684/684 682/682/682 683/683/683
f 686/686/686 684/684/684 685/685/685
f 689/689/689 688/688/688 687/687/687
f 691/691/691 689/689/689 690/690/690
f 693/693/693 628/628/628 692/692/692
f 696/696/696 695/695/695 694/694/694
f 698/698/698 696/696/696 697/697/697
f 700/700/700 698/698/698 699/699/699
f 702/702/702 700/700/700 701/701/701
f 704/704/704 702/702/702 703/703/703
f 635/635/635 704/704/704 705/705/705
f 628/628/628 633/633/633 627/627/627
f 693/693/693 633/633/633 628/628/628
f 693/693/693 631/631/631 633/633/633
f 693/693/693 630/630/630 631/631/631
f 693/693/693 691/691/691 630/630/630
f 706/706/706 691/691/691 693/693/693
f 706/706/706 689/689/689 691/691/691
f 707/707/707 689/689/689 706/706/706
f 707/707/707 688/688/688 689/689/689
f 708/708/708 688/688/688 707/707/707
f 709/709/709 688/688/688 708/708/708
f 710/710/710 688/688/688 709/709/709
f 710/710/710 711/711/711 688/688/688
f 712/712/712 711/711/711 710/710/710
f 712/712/712 713/713/713 711/711/711
f 714/714/714 713/713/713 712/712/712
f 714/714/714 715/715/715 713/713/713
f 695/695/695 715/715/715 714/714/714
f 659/659/659 655/655/655 657/657/657
f 668/668/668 665/665/665 666/666/666
f 636/636/636 704/704/704 635/635/635
f 641/641/641 638/638/638 639/639/639
f 645/645/645 641/641/641 643/643/643
f 649/649/649 645/645/645 647/647/647
f 653/653/653 649/649/649 651/651/651
f 663/663/663 659/659/659 661/661/661
f 672/672/672 668/668/668 670/670/670
f 676/676/676 672/672/672 674/674/674
f 680/680/680 676/676/676 678/678/678
f 684/684/684 680/680/680 682/682/682
f 698/698/698 695/695/695 696/696/696
f 698/698/698 715/715/715 695/695/695
f 700/700/700 715/715/715 698/698/698
f 702/702/702 715/715/715 700/700/700
f 704/704/704 715/715/715 702/702/702
f 636/636/636 715/715/715 704/704/704
f 638/638/638 715/715/715 636/636/636
f 638/638/638 716/716/716 715/715/715
f 638/638/638 717/717/717 716/716/716
f 638/638/638 686/686/686 717/717/717
f 638/638/638 684/684/684 686/686/686
f 638/638/638 680/680/680 684/684/684
f 638/638/638 676/676/676 680/680/680
f 641/641/641 676/676/676 638/638/638
f 645/645/645 676/676/676 641/641/641
f 649/649/649 676/676/676 645/645/645
f 653/653/653 676/676/676 649/649/649
f 655/655/655 676/676/676 653/653/653
f 659/659/659 676/676/676 655/655/655
f 663/663/663 676/676/676 659/659/659
f 665/665/665 676/676/676 663/663/663
f 665/665/665 672/672/672 676/676/676
f 668/668/668 672/672/672 665/665/665
f 720/720/720 719/719/719 718/718/718
f 723/723/723 722/722/722 721/721/721
f 723/723/723 724/724/724 722/722/722
f 723/723/723 725/725/725 724/724/724
f 723/723/723 726/726/726 725/725/725
f 723/723/723 727/727/727 726/726/726
f 723/723/723 728/728/728 727/727/727
f 723/723/723 729/729/729 728/728/728
f 730/730/730 729/729/729 723/723/723
f 733/733/733 732/732/732 731/731/731
f 733/733/733 734/734/734 732/732/732
f 733/733/733 735/735/735 734/734/734
f 733/733/733 736/736/736 735/735/735
f 733/733/733 737/737/737 736/736/736
f 738/738/738 737/737/737 733/733/733
f 739/739/739 737/737/737 738/738/738
f 740/740/740 737/737/737 739/739/739
f 743/743/743 742/742/742 741/741/741
f 745/745/745 743/743/743 744/744/744
f 745/745/745 742/742/742 743/743/743
f 746/746/746 744/744/744 743/743/743
f 747/747/747 744/744/744 746/746/746
f 748/748/748 744/744/744 747/747/747
f 748/748/748 749/749/749 744/744/744
f 748/748/748 750/750/750 749/749/749
f 751/751/751 750/750/750 748/748/748
f 752/752/752 751/751/751 748/748/748
f 752/752/752 753/753/753 751/751/751
f 754/754/754 753/753/753 752/752/752
f 753/753/753 754/754/754 755/755/755
f 758/758/758 757/757/757 756/756/756
f 758/758/758 759/759/759 757/757/757
f 720/720/720 761/761/761 760/760/760
f 720/720/720 718/718/718 761/761/761
f 764/764/764 763/763/763 762/762/762
f 765/765/765 763/763/763 764/764/764
f 756/756/756 741/741/741 742/742/742
f 756/756/756 766/766/766 741/741/741
f 756/756/756 767/767/767 766/766/766
f 756/756/756 768/768/768 767/767/767
f 756/756/756 769/769/769 768/768/768
f 756/756/756 770/770/770 769/769/769
f 756/756/756 771/771/771 770/770/770
f 756/756/756 772/772/772 771/771/771
f 756/756/756 773/773/773 772/772/772
f 756/756/756 774/774/774 773/773/773
f 757/757/757 774/774/774 756/756/756
f 775/775/775 774/774/774 757/757/757
f 775/775/775 776/776/776 774/774/774
f 775/775/775 777/777/777 776/776/776
f 778/778/778 777/777/777 775/775/775
f 778/778/778 779/779/779 777/777/777
f 778/778/778 780/780/780 779/779/779
f 778/778/778 781/781/781 780/780/780
f 782/782/782 781/781/781 778/778/778
f 731/731/731 783/783/783 733/733/733
f 731/731/731 784/784/784 783/783/783
f 785/785/785 784/784/784 731/731/731
f 786/786/786 784/784/784 785/785/785
f 787/787/787 784/784/784 786/786/786
f 787/787/787 788/788/788 784/784/784
f 789/789/789 788/788/788 787/787/787
f 789/789/789 790/790/790 788/788/788
f 721/721/721 782/782/782 723/723/723
f 789/789/789 791/791/791 790/790/790
f 781/781/781 791/791/791 789/789/789
f 792/792/792 782/782/782 721/721/721
f 793/793/793 782/782/782 792/792/792
f 794/794/794 782/782/782 793/793/793
f 781/781/781 795/795/795 791/791/791
f 796/796/796 782/782/782 794/794/794
f 781/781/781 797/797/797 795/795/795
f 798/798/798 782/782/782 796/796/796
f 781/781/781 799/799/799 797/797/797
f 800/800/800 782/782/782 798/798/798
f 781/781/781 801/801/801 799/799/799
f 782/782/782 801/801/801 781/781/781
f 782/782/782 802/802/802 801/801/801
f 800/800/800 802/802/802 782/782/782
f 803/803/803 759/759/759 758/758/758
f 803/803/803 804/804/804 759/759/759
f 760/760/760 805/805/805 803/803/803
f 760/760/760 806/806/806 805/805/805
f 803/803/803 805/805/805 804/804/804
f 807/807/807 719/719/719 720/720/720
f 807/807/807 808/808/808 719/719/719
f 764/764/764 808/808/808 807/807/807
f 764/764/764 762/762/762 808/808/808
f 760/760/760 761/761/761 806/806/806
f 811/811/811 810/810/810 809/809/809
f 811/811/811 812/812/812 810/810/810
f 813/813/813 812/812/812 811/811/811
f 814/814/814 812/812/812 813/813/813
f 817/817/817 816/816/816 815/815/815
f 817/817/817 818/818/818 816/816/816
f 819/819/819 818/818/818 817/817/817
f 819/819/819 820/820/820 818/818/818
f 821/821/821 820/820/820 819/819/819
f 821/821/821 822/822/822 820/820/820
f 823/823/823 822/822/822 821/821/821
f 824/824/824 822/822/822 823/823/823
f 824/824/824 825/825/825 822/822/822
f 826/826/826 825/825/825 824/824/824
f 826/826/826 827/827/827 825/825/825
f 828/828/828 827/827/827 826/826/826
f 829/829/829 827/827/827 828/828/828
f 829/829/829 830/830/830 827/827/827
f 831/831/831 830/830/830 829/829/829
f 831/831/831 832/832/832 830/830/830
f 833/833/833 832/832/832 831/831/831
f 833/833/833 809/809/809 832/832/832
f 811/811/811 809/809/809 833/833/833
f 836/836/836 835/835/835 834/834/834
f 816/816/816 837/837/837 815/815/815
f 816/816/816 838/838/838 837/837/837
f 839/839/839 838/838/838 816/816/816
f 839/839/839 840/840/840 838/838/838
f 840/840/840 835/835/835 836/836/836
f 839/839/839 835/835/835 840/840/840
f 843/843/843 842/842/842 841/841/841
f 843/843/843 844/844/844 842/842/842
f 843/843/843 845/845/845 844/844/844
f 843/843/843 846/846/846 845/845/845
f 847/847/847 846/846/846 843/843/843
f 834/834/834 848/848/848 836/836/836
f 834/834/834 849/849/849 848/848/848
f 852/852/852 851/851/851 850/850/850
f 852/852/852 853/853/853 851/851/851
f 852/852/852 854/854/854 853/853/853
f 855/855/855 854/854/854 852/852/852
f 856/856/856 854/854/854 855/855/855
f 857/857/857 854/854/854 856/856/856
f 858/858/858 854/854/854 857/857/857
f 858/858/858 859/859/859 854/854/854
f 858/858/858 860/860/860 859/859/859
f 861/861/861 860/860/860 858/858/858
f 861/861/861 862/862/862 860/860/860
f 861/861/861 863/863/863 862/862/862
f 864/864/864 863/863/863 861/861/861
f 864/864/864 865/865/865 863/863/863
f 866/866/866 865/865/865 864/864/864
f 866/866/866 867/867/867 865/865/865
f 866/866/866 868/868/868 867/867/867
f 869/869/869 868/868/868 866/866/866
f 869/869/869 870/870/870 868/868/868
f 871/871/871 870/870/870 869/869/869
f 871/871/871 872/872/872 870/870/870
f 873/873/873 872/872/872 871/871/871
f 873/873/873 874/874/874 872/872/872
f 873/873/873 875/875/875 874/874/874
f 876/876/876 875/875/875 873/873/873
f 876/876/876 877/877/877 875/875/875
f 876/876/876 878/878/878 877/877/877
f 879/879/879 878/878/878 876/876/876
f 879/879/879 880/880/880 878/878/878
f 881/881/881 880/880/880 879/879/879
f 881/881/881 882/882/882 880/880/880
f 883/883/883 882/882/882 881/881/881
f 883/883/883 884/884/884 882/882/882
f 885/885/885 884/884/884 883/883/883
f 885/885/885 886/886/886 884/884/884
f 887/887/887 886/886/886 885/885/885
f 887/887/887 888/888/888 886/886/886
f 889/889/889 888/888/888 887/887/887
f 889/889/889 890/890/890 888/888/888
f 891/891/891 890/890/890 889/889/889
f 891/891/891 892/892/892 890/890/890
f 893/893/893 892/892/892 891/891/891
f 893/893/893 894/894/894 892/892/892
f 895/895/895 894/894/894 893/893/893
f 895/895/895 896/896/896 894/894/894
f 897/897/897 896/896/896 895/895/895
f 897/897/897 898/898/898 896/896/896
f 897/897/897 899/899/899 898/898/898
f 900/900/900 899/899/899 897/897/897
f 901/901/901 899/899/899 900/900/900
f 901/901/901 902/902/902 899/899/899
f 903/903/903 902/902/902 901/901/901
f 903/903/903 904/904/904 902/902/902
f 905/905/905 904/904/904 903/903/903
f 905/905/905 906/906/906 904/904/904
f 907/907/907 906/906/906 905/905/905
f 907/907/907 908/908/908 906/906/906
f 909/909/909 908/908/908 907/907/907
f 910/910/910 908/908/908 909/909/909
f 910/910/910 911/911/911 908/908/908
f 912/912/912 911/911/911 910/910/910
f 912/912/912 913/913/913 911/911/911
f 914/914/914 913/913/913 912/912/912
f 915/915/915 913/913/913 914/914/914
f 915/915/915 916/916/916 913/913/913
f 917/917/917 916/916/916 915/915/915
f 917/917/917 918/918/918 916/916/916
f 919/919/919 918/918/918 917/917/917
f 919/919/919 920/920/920 918/918/918
f 921/921/921 920/920/920 919/919/919
f 922/922/922 920/920/920 921/921/921
f 922/922/922 923/923/923 920/920/920
f 924/924/924 923/923/923 922/922/922
f 925/925/925 923/923/923 924/924/924
f 834/834/834 925/925/925 849/849/849
f 834/834/834 923/923/923 925/925/925
f 850/850/850 926/926/926 852/852/852
f 850/850/850 927/927/927 926/926/926
f 850/850/850 841/841/841 927/927/927
f 928/928/928 841/841/841 850/850/850
f 843/843/843 841/841/841 928/928/928
f 931/931/931 930/930/930 929/929/929
f 934/934/934 933/933/933 932/932/932
f 937/937/937 936/936/936 935/935/935
f 940/940/940 939/939/939 938/938/938
f 943/943/943 942/942/942 941/941/941
f 946/946/946 945/945/945 944/944/944
f 949/949/949 948/948/948 947/947/947
f 952/952/952 951/951/951 950/950/950
f 955/955/955 954/954/954 953/953/953
f 958/958/958 957/957/957 956/956/956
f 961/961/961 960/960/960 959/959/959
f 964/964/964 963/963/963 962/962/962
f 966/966/966 964/964/964 965/965/965
f 968/968/968 966/966/966 967/967/967
f 970/970/970 968/968/968 969/969/969
f 972/972/972 970/970/970 971/971/971
f 974/974/974 972/972/972 973/973/973
f 977/977/977 976/976/976 975/975/975
f 980/980/980 979/979/979 978/978/978
f 983/983/983 982/982/982 981/981/981
f 985/985/985 983/983/983 984/984/984
f 987/987/987 985/985/985 986/986/986
f 989/989/989 987/987/987 988/988/988
f 991/991/991 989/989/989 990/990/990
f 993/993/993 991/991/991 992/992/992
f 995/995/995 993/993/993 994/994/994
f 997/997/997 995/995/995 996/996/996
f 999/999/999 997/997/997 998/998/998
f 1001/1001/1001 999/999/999 1000/1000/1000
f 1003/1003/1003 1001/1001/1001 1002/1002/1002
f 1005/1005/1005 1003/1003/1003 1004/1004/1004
f 1007/1007/1007 1005/1005/1005 1006/1006/1006
f 1009/1009/1009 1007/1007/1007 1008/1008/1008
f 1011/1011/1011 1009/1009/1009 1010/1010/1010
f 1013/1013/1013 1011/1011/1011 1012/1012/1012
f 1015/1015/1015 937/937/937 1014/1014/1014
f 948/948/948 1015/1015/1015 1016/1016/1016
f 1019/1019/1019 1018/1018/1018 1017/1017/1017
f 939/939/939 1019/1019/1019 1020/1020/1020
f 1022/1022/1022 940/940/940 1021/1021/1021
f 1024/1024/1024 1022/1022/1022 1023/1023/1023
f 1026/1026/1026 1024/1024/1024 1025/1025/1025
f 1029/1029/1029 1028/1028/1028 1027/1027/1027
f 1031/1031/1031 943/943/943 1030/1030/1030
f 1033/1033/1033 1031/1031/1031 1032/1032/1032
f 1035/1035/1035 1033/1033/1033 1034/1034/1034
f 954/954/954 1035/1035/1035 1036/1036/1036
f 1038/1038/1038 955/955/955 1037/1037/1037
f 1040/1040/1040 934/934/934 1039/1039/1039
f 1042/1042/1042 961/961/961 1041/1041/1041
f 1044/1044/1044 1042/1042/1042 1043/1043/1043
f 1046/1046/1046 1044/1044/1044 1045/1045/1045
f 1048/1048/1048 1046/1046/1046 1047/1047/1047
f 1050/1050/1050 1048/1048/1048 1049/1049/1049
f 1052/1052/1052 1050/1050/1050 1051/1051/1051
f 1040/1040/1040 933/933/933 934/934/934
f 1040/1040/1040 946/946/946 933/933/933
f 1040/1040/1040 945/945/945 946/946/946
f 1040/1040/1040 1053/1053/1053 945/945/945
f 957/957/957 1053/1053/1053 1040/1040/1040
f 958/958/958 1053/1053/1053 957/957/957
f 960/960/960 1053/1053/1053 958/958/958
f 961/961/961 1053/1053/1053 960/960/960
f 1015/1015/1015 936/936/936 937/937/937
f 951/951/951 948/948/948 949/949/949
f 952/952/952 948/948/948 951/951/951
f 1054/1054/1054 948/948/948 952/952/952
f 1054/1054/1054 1015/1015/1015 948/948/948
f 1055/1055/1055 1015/1015/1015 1054/1054/1054
f 1055/1055/1055 936/936/936 1015/1015/1015
f 1055/1055/1055 931/931/931 936/936/936
f 1055/1055/1055 930/930/930 931/931/931
f 1055/1055/1055 1056/1056/1056 930/930/930
f 1057/1057/1057 1056/1056/1056 1055/1055/1055
f 1057/1057/1057 1058/1058/1058 1056/1056/1056
f 1059/1059/1059 1058/1058/1058 1057/1057/1057
f 1059/1059/1059 1060/1060/1060 1058/1058/1058
f 1061/1061/1061 1060/1060/1060 1059/1059/1059
f 1061/1061/1061 1062/1062/1062 1060/1060/1060
f 1063/1063/1063 1062/1062/1062 1061/1061/1061
f 1063/1063/1063 1064/1064/1064 1062/1062/1062
f 1065/1065/1065 1064/1064/1064 1063/1063/1063
f 1066/1066/1066 1064/1064/1064 1065/1065/1065
f 1066/1066/1066 1067/1067/1067 1064/1064/1064
f 1066/1066/1066 1068/1068/1068 1067/1067/1067
f 1066/1066/1066 1069/1069/1069 1068/1068/1068
f 1070/1070/1070 1069/1069/1069 1066/1066/1066
f 955/955/955 1035/1035/1035 954/954/954
f 955/955/955 1033/1033/1033 1035/1035/1035
f 1038/1038/1038 1033/1033/1033 955/955/955
f 1038/1038/1038 1031/1031/1031 1033/1033/1033
f 1071/1071/1071 1031/1031/1031 1038/1038/1038
f 1071/1071/1071 943/943/943 1031/1031/1031
f 1071/1071/1071 942/942/942 943/943/943
f 1071/1071/1071 1029/1029/1029 942/942/942
f 1071/1071/1071 1028/1028/1028 1029/1029/1029
f 1072/1072/1072 1028/1028/1028 1071/1071/1071
f 1073/1073/1073 1028/1028/1028 1072/1072/1072
f 1073/1073/1073 1026/1026/1026 1028/1028/1028
f 1073/1073/1073 1024/1024/1024 1026/1026/1026
f 1073/1073/1073 1022/1022/1022 1024/1024/1024
f 1073/1073/1073 940/940/940 1022/1022/1022
f 1073/1073/1073 939/939/939 940/940/940
f 1073/1073/1073 1019/1019/1019 939/939/939
f 1073/1073/1073 1018/1018/1018 1019/1019/1019
f 1073/1073/1073 1074/1074/1074 1018/1018/1018
f 1073/1073/1073 1075/1075/1075 1074/1074/1074
f 1073/1073/1073 1076/1076/1076 1075/1075/1075
f 1077/1077/1077 1076/1076/1076 1073/1073/1073
f 1077/1077/1077 1078/1078/1078 1076/1076/1076
f 1079/1079/1079 1078/1078/1078 1077/1077/1077
f 1080/1080/1080 1078/1078/1078 1079/1079/1079
f 1080/1080/1080 1081/1081/1081 1078/1078/1078
f 1082/1082/1082 1081/1081/1081 1080/1080/1080
f 1082/1082/1082 1083/1083/1083 1081/1081/1081
f 1053/1053/1053 1083/1083/1083 1082/1082/1082
f 1053/1053/1053 1084/1084/1084 1083/1083/1083
f 1053/1053/1053 1085/1085/1085 1084/1084/1084
f 961/961/961 1085/1085/1085 1053/1053/1053
f 961/961/961 1086/1086/1086 1085/1085/1085
f 989/989/989 985/985/985 987/987/987
f 993/993/993 989/989/989 991/991/991
f 993/993/993 985/985/985 989/989/989
f 995/995/995 985/985/985 993/993/993
f 995/995/995 983/983/983 985/985/985
f 997/997/997 983/983/983 995/995/995
f 997/997/997 982/982/982 983/983/983
f 999/999/999 982/982/982 997/997/997
f 999/999/999 1087/1087/1087 982/982/982
f 1001/1001/1001 1087/1087/1087 999/999/999
f 1003/1003/1003 1087/1087/1087 1001/1001/1001
f 1005/1005/1005 1087/1087/1087 1003/1003/1003
f 1007/1007/1007 1087/1087/1087 1005/1005/1005
f 1009/1009/1009 1087/1087/1087 1007/1007/1007
f 1011/1011/1011 1087/1087/1087 1009/1009/1009
f 1013/1013/1013 1087/1087/1087 1011/1011/1011
f 1013/1013/1013 1088/1088/1088 1087/1087/1087
f 1089/1089/1089 1088/1088/1088 1013/1013/1013
f 1089/1089/1089 1090/1090/1090 1088/1088/1088
f 1091/1091/1091 1090/1090/1090 1089/1089/1089
f 1092/1092/1092 1090/1090/1090 1091/1091/1091
f 1092/1092/1092 1093/1093/1093 1090/1090/1090
f 1094/1094/1094 1093/1093/1093 1092/1092/1092
f 1094/1094/1094 1095/1095/1095 1093/1093/1093
f 1096/1096/1096 1095/1095/1095 1094/1094/1094
f 1097/1097/1097 1095/1095/1095 1096/1096/1096
f 1098/1098/1098 1095/1095/1095 1097/1097/1097
f 1099/1099/1099 1095/1095/1095 1098/1098/1098
f 1100/1100/1100 1095/1095/1095 1099/1099/1099
f 1069/1069/1069 1095/1095/1095 1100/1100/1100
f 1070/1070/1070 1095/1095/1095 1069/1069/1069
f 1070/1070/1070 1101/1101/1101 1095/1095/1095
f 1104/1104/1104 1103/1103/1103 1102/1102/1102
f 1105/1105/1105 1103/1103/1103 1104/1104/1104
f 1106/1106/1106 977/977/977 1103/1103/1103
f 1105/1105/1105 1106/1106/1106 1103/1103/1103
f 1106/1106/1106 976/976/976 977/977/977
f 961/961/961 1107/1107/1107 976/976/976
f 961/961/961 974/974/974 1107/1107/1107
f 961/961/961 972/972/972 974/974/974
f 961/961/961 970/970/970 972/972/972
f 961/961/961 968/968/968 970/970/970
f 961/961/961 966/966/966 968/968/968
f 961/961/961 964/964/964 966/966/966
f 961/961/961 963/963/963 964/964/964
f 961/961/961 1052/1052/1052 963/963/963
f 961/961/961 1050/1050/1050 1052/1052/1052
f 961/961/961 1048/1048/1048 1050/1050/1050
f 961/961/961 1046/1046/1046 1048/1048/1048
f 1042/1042/1042 1046/1046/1046 961/961/961
f 1044/1044/1044 1046/1046/1046 1042/1042/1042
f 1070/1070/1070 1108/1108/1108 1101/1101/1101
f 1108/1108/1108 1070/1070/1070 1109/1109/1109
f 1110/1110/1110 1109/1109/1109 1070/1070/1070
f 1111/1111/1111 1110/1110/1110 1070/1070/1070
f 1110/1110/1110 1111/1111/1111 1112/1112/1112
f 1112/1112/1112 1111/1111/1111 1102/1102/1102
f 1104/1104/1104 1102/1102/1102 1111/1111/1111
f 1086/1086/1086 1104/1104/1104 1111/1111/1111
f 961/961/961 1105/1105/1105 1104/1104/1104
f 1105/1105/1105 961/961/961 1106/1106/1106
f 1106/1106/1106 961/961/961 976/976/976
f 961/961/961 1104/1104/1104 1086/1086/1086
g cPK_20_002320_00_GYARADOSex_SR_L_1
f 1115/1115/1115 1114/1114/1114 1113/1113/1113
f 1116/1116/1116 1114/1114/1114 1115/1115/1115
f 1117/1117/1117 1114/1114/1114 1116/1116/1116
f 1118/1118/1118 1114/1114/1114 1117/1117/1117
f 1119/1119/1119 1114/1114/1114 1118/1118/1118
f 1120/1120/1120 1114/1114/1114 1119/1119/1119
f 1120/1120/1120 1121/1121/1121 1114/1114/1114
f 1120/1120/1120 1122/1122/1122 1121/1121/1121
f 1122/1122/1122 1120/1120/1120 1123/1123/1123
f 1124/1124/1124 1113/1113/1113 1114/1114/1114
f 1125/1125/1125 1113/1113/1113 1124/1124/1124
f 1125/1125/1125 1126/1126/1126 1113/1113/1113
f 1127/1127/1127 1126/1126/1126 1125/1125/1125
f 1127/1127/1127 1128/1128/1128 1126/1126/1126
f 1129/1129/1129 1128/1128/1128 1127/1127/1127
f 1129/1129/1129 1130/1130/1130 1128/1128/1128
f 1131/1131/1131 1130/1130/1130 1129/1129/1129
f 1131/1131/1131 1132/1132/1132 1130/1130/1130
f 1133/1133/1133 1132/1132/1132 1131/1131/1131
f 1133/1133/1133 1134/1134/1134 1132/1132/1132
f 1135/1135/1135 1134/1134/1134 1133/1133/1133
f 1135/1135/1135 1136/1136/1136 1134/1134/1134
f 1135/1135/1135 1137/1137/1137 1136/1136/1136
f 1140/1140/1140 1139/1139/1139 1138/1138/1138
f 1143/1143/1143 1142/1142/1142 1141/1141/1141
f 1145/1145/1145 1143/1143/1143 1144/1144/1144
f 1147/1147/1147 1145/1145/1145 1146/1146/1146
f 1147/1147/1147 1143/1143/1143 1145/1145/1145
f 1137/1137/1137 1143/1143/1143 1147/1147/1147
f 1137/1137/1137 1142/1142/1142 1143/1143/1143
f 1137/1137/1137 1148/1148/1148 1142/1142/1142
f 1137/1137/1137 1149/1149/1149 1148/1148/1148
f 1137/1137/1137 1150/1150/1150 1149/1149/1149
f 1137/1137/1137 1151/1151/1151 1150/1150/1150
f 1137/1137/1137 1152/1152/1152 1151/1151/1151
f 1137/1137/1137 1153/1153/1153 1152/1152/1152
f 1137/1137/1137 1154/1154/1154 1153/1153/1153
f 1137/1137/1137 636/636/636 1154/1154/1154
f 1135/1135/1135 636/636/636 1137/1137/1137
f 1157/1157/1157 1156/1156/1156 1155/1155/1155
f 1139/1139/1139 1159/1159/1159 1158/1158/1158
f 1156/1156/1156 1140/1140/1140 1160/1160/1160
f 1162/1162/1162 1157/1157/1157 1161/1161/1161
f 1140/1140/1140 1159/1159/1159 1139/1139/1139
f 1156/1156/1156 1159/1159/1159 1140/1140/1140
f 1156/1156/1156 1135/1135/1135 1159/1159/1159
f 1157/1157/1157 1135/1135/1135 1156/1156/1156
f 1162/1162/1162 1135/1135/1135 1157/1157/1157
f 1162/1162/1162 636/636/636 1135/1135/1135
f 1163/1163/1163 636/636/636 1162/1162/1162
f 638/638/638 636/636/636 1163/1163/1163
f 1166/1166/1166 1165/1165/1165 1164/1164/1164
f 1167/1167/1167 1165/1165/1165 1166/1166/1166
f 1168/1168/1168 1165/1165/1165 1167/1167/1167
f 1168/1168/1168 1169/1169/1169 1165/1165/1165
f 1170/1170/1170 1169/1169/1169 1168/1168/1168
f 1173/1173/1173 1172/1172/1172 1171/1171/1171
f 1174/1174/1174 1172/1172/1172 1173/1173/1173
f 1174/1174/1174 1175/1175/1175 1172/1172/1172
f 1176/1176/1176 1175/1175/1175 1174/1174/1174
f 1179/1179/1179 1178/1178/1178 1177/1177/1177
f 1171/1171/1171 1178/1178/1178 1179/1179/1179
f 1171/1171/1171 1180/1180/1180 1178/1178/1178
f 1172/1172/1172 1180/1180/1180 1171/1171/1171
f 1183/1183/1183 1182/1182/1182 1181/1181/1181
f 1183/1183/1183 1184/1184/1184 1182/1182/1182
f 1185/1185/1185 1184/1184/1184 1183/1183/1183
f 1186/1186/1186 1184/1184/1184 1185/1185/1185
f 1189/1189/1189 1188/1188/1188 1187/1187/1187
f 1189/1189/1189 1190/1190/1190 1188/1188/1188
f 1189/1189/1189 1181/1181/1181 1190/1190/1190
f 1191/1191/1191 1181/1181/1181 1189/1189/1189
f 1183/1183/1183 1181/1181/1181 1191/1191/1191
f 1194/1194/1194 1193/1193/1193 1192/1192/1192
f 1195/1195/1195 1193/1193/1193 1194/1194/1194
f 1196/1196/1196 1193/1193/1193 1195/1195/1195
f 1197/1197/1197 1193/1193/1193 1196/1196/1196
f 1198/1198/1198 1193/1193/1193 1197/1197/1197
f 1200/1200/1200 1165/1165/1165 1199/1199/1199
f 1200/1200/1200 1164/1164/1164 1165/1165/1165
f 1203/1203/1203 1202/1202/1202 1201/1201/1201
f 1204/1204/1204 1202/1202/1202 1203/1203/1203
f 1204/1204/1204 1199/1199/1199 1202/1202/1202
f 1200/1200/1200 1199/1199/1199 1204/1204/1204
f 1201/1201/1201 1205/1205/1205 1203/1203/1203
f 1206/1206/1206 1205/1205/1205 1201/1201/1201
f 1207/1207/1207 1205/1205/1205 1206/1206/1206
f 1208/1208/1208 1205/1205/1205 1207/1207/1207
f 1209/1209/1209 1205/1205/1205 1208/1208/1208
f 1210/1210/1210 1205/1205/1205 1209/1209/1209
f 1211/1211/1211 1205/1205/1205 1210/1210/1210
f 1212/1212/1212 1205/1205/1205 1211/1211/1211
f 1213/1213/1213 1189/1189/1189 1187/1187/1187
f 1214/1214/1214 1189/1189/1189 1213/1213/1213
f 1215/1215/1215 1177/1177/1177 1178/1178/1178
f 1216/1216/1216 1177/1177/1177 1215/1215/1215
f 1216/1216/1216 1217/1217/1217 1177/1177/1177
f 1216/1216/1216 1218/1218/1218 1217/1217/1217
f 1216/1216/1216 1219/1219/1219 1218/1218/1218
f 1216/1216/1216 1220/1220/1220 1219/1219/1219
f 1214/1214/1214 1221/1221/1221 1189/1189/1189
f 1222/1222/1222 1221/1221/1221 1214/1214/1214
f 1222/1222/1222 1223/1223/1223 1221/1221/1221
f 1224/1224/1224 1205/1205/1205 1212/1212/1212
f 1222/1222/1222 1225/1225/1225 1223/1223/1223
f 1226/1226/1226 1225/1225/1225 1222/1222/1222
f 1216/1216/1216 1227/1227/1227 1220/1220/1220
f 1230/1230/1230 1229/1229/1229 1228/1228/1228
f 1230/1230/1230 1231/1231/1231 1229/1229/1229
f 1230/1230/1230 1232/1232/1232 1231/1231/1231
f 1233/1233/1233 1232/1232/1232 1230/1230/1230
f 1224/1224/1224 1234/1234/1234 1205/1205/1205
f 1235/1235/1235 1234/1234/1234 1224/1224/1224
f 1236/1236/1236 1225/1225/1225 1226/1226/1226
f 1237/1237/1237 1232/1232/1232 1233/1233/1233
f 1238/1238/1238 1234/1234/1234 1235/1235/1235
f 1216/1216/1216 1239/1239/1239 1227/1227/1227
f 1236/1236/1236 1240/1240/1240 1225/1225/1225
f 1241/1241/1241 1239/1239/1239 1216/1216/1216
f 1241/1241/1241 1242/1242/1242 1239/1239/1239
f 1238/1238/1238 1243/1243/1243 1234/1234/1234
f 1238/1238/1238 1244/1244/1244 1243/1243/1243
f 1238/1238/1238 1245/1245/1245 1244/1244/1244
f 1246/1246/1246 1245/1245/1245 1238/1238/1238
f 1246/1246/1246 1237/1237/1237 1245/1245/1245
f 1246/1246/1246 1232/1232/1232 1237/1237/1237
f 1246/1246/1246 1241/1241/1241 1232/1232/1232
f 1240/1240/1240 1241/1241/1241 1246/1246/1246
f 1240/1240/1240 1242/1242/1242 1241/1241/1241
f 1240/1240/1240 1247/1247/1247 1242/1242/1242
f 1240/1240/1240 1248/1248/1248 1247/1247/1247
f 1236/1236/1236 1248/1248/1248 1240/1240/1240
f 1244/1244/1244 1192/1192/1192 1243/1243/1243
f 1244/1244/1244 1194/1194/1194 1192/1192/1192
f 1229/1229/1229 1249/1249/1249 1228/1228/1228
f 1250/1250/1250 1249/1249/1249 1229/1229/1229
f 1251/1251/1251 1249/1249/1249 1250/1250/1250
f 1252/1252/1252 1249/1249/1249 1251/1251/1251
f 1253/1253/1253 1252/1252/1252 1251/1251/1251
f 1254/1254/1254 1252/1252/1252 1253/1253/1253
f 1255/1255/1255 1252/1252/1252 1254/1254/1254
f 1258/1258/1258 1257/1257/1257 1256/1256/1256
f 1259/1259/1259 1257/1257/1257 1258/1258/1258
f 1260/1260/1260 1257/1257/1257 1259/1259/1259
f 1260/1260/1260 1261/1261/1261 1257/1257/1257
f 1262/1262/1262 1261/1261/1261 1260/1260/1260
f 1262/1262/1262 1263/1263/1263 1261/1261/1261
f 1264/1264/1264 1263/1263/1263 1262/1262/1262
f 1264/1264/1264 1265/1265/1265 1263/1263/1263
f 1264/1264/1264 1266/1266/1266 1265/1265/1265
f 1264/1264/1264 1267/1267/1267 1266/1266/1266
f 1264/1264/1264 1268/1268/1268 1267/1267/1267
f 1269/1269/1269 1268/1268/1268 1264/1264/1264
f 1270/1270/1270 1268/1268/1268 1269/1269/1269
f 1270/1270/1270 1271/1271/1271 1268/1268/1268
f 1272/1272/1272 1271/1271/1271 1270/1270/1270
f 1272/1272/1272 1273/1273/1273 1271/1271/1271
f 1274/1274/1274 1273/1273/1273 1272/1272/1272
f 1275/1275/1275 1273/1273/1273 1274/1274/1274
f 1275/1275/1275 1276/1276/1276 1273/1273/1273
f 1277/1277/1277 1276/1276/1276 1275/1275/1275
f 1278/1278/1278 1276/1276/1276 1277/1277/1277
f 1278/1278/1278 1279/1279/1279 1276/1276/1276
f 1280/1280/1280 1279/1279/1279 1278/1278/1278
f 1281/1281/1281 1279/1279/1279 1280/1280/1280
f 1281/1281/1281 1282/1282/1282 1279/1279/1279
f 1283/1283/1283 1282/1282/1282 1281/1281/1281
f 1284/1284/1284 1282/1282/1282 1283/1283/1283
f 1284/1284/1284 1285/1285/1285 1282/1282/1282
f 1286/1286/1286 1285/1285/1285 1284/1284/1284
f 1286/1286/1286 1287/1287/1287 1285/1285/1285
f 1288/1288/1288 1287/1287/1287 1286/1286/1286
f 1289/1289/1289 1287/1287/1287 1288/1288/1288
f 1289/1289/1289 1290/1290/1290 1287/1287/1287
f 1291/1291/1291 1290/1290/1290 1289/1289/1289
f 1291/1291/1291 1292/1292/1292 1290/1290/1290
f 1291/1291/1291 1293/1293/1293 1292/1292/1292
f 1294/1294/1294 1293/1293/1293 1291/1291/1291
f 1294/1294/1294 1295/1295/1295 1293/1293/1293
f 1296/1296/1296 1295/1295/1295 1294/1294/1294
f 1297/1297/1297 1295/1295/1295 1296/1296/1296
f 1297/1297/1297 1298/1298/1298 1295/1295/1295
f 1299/1299/1299 1298/1298/1298 1297/1297/1297
f 1300/1300/1300 1298/1298/1298 1299/1299/1299
f 1300/1300/1300 1301/1301/1301 1298/1298/1298
f 1302/1302/1302 1301/1301/1301 1300/1300/1300
f 1302/1302/1302 1303/1303/1303 1301/1301/1301
f 1304/1304/1304 1303/1303/1303 1302/1302/1302
f 1305/1305/1305 1303/1303/1303 1304/1304/1304
f 1305/1305/1305 1306/1306/1306 1303/1303/1303
f 1307/1307/1307 1306/1306/1306 1305/1305/1305
f 1307/1307/1307 1308/1308/1308 1306/1306/1306
f 1309/1309/1309 1308/1308/1308 1307/1307/1307
f 1309/1309/1309 1310/1310/1310 1308/1308/1308
f 1309/1309/1309 1311/1311/1311 1310/1310/1310
f 1312/1312/1312 1311/1311/1311 1309/1309/1309
f 1313/1313/1313 1311/1311/1311 1312/1312/1312
f 1313/1313/1313 1314/1314/1314 1311/1311/1311
f 1315/1315/1315 1314/1314/1314 1313/1313/1313
f 1316/1316/1316 1314/1314/1314 1315/1315/1315
f 1316/1316/1316 1317/1317/1317 1314/1314/1314
f 1318/1318/1318 1317/1317/1317 1316/1316/1316
f 1318/1318/1318 1319/1319/1319 1317/1317/1317
f 1320/1320/1320 1319/1319/1319 1318/1318/1318
f 1320/1320/1320 1321/1321/1321 1319/1319/1319
f 1322/1322/1322 1321/1321/1321 1320/1320/1320
f 1323/1323/1323 1321/1321/1321 1322/1322/1322
f 1323/1323/1323 1324/1324/1324 1321/1321/1321
f 1325/1325/1325 1324/1324/1324 1323/1323/1323
f 1325/1325/1325 1326/1326/1326 1324/1324/1324
f 1327/1327/1327 1326/1326/1326 1325/1325/1325
f 1327/1327/1327 1328/1328/1328 1326/1326/1326
f 1329/1329/1329 1328/1328/1328 1327/1327/1327
f 1329/1329/1329 1330/1330/1330 1328/1328/1328
f 1331/1331/1331 1330/1330/1330 1329/1329/1329
f 1331/1331/1331 1332/1332/1332 1330/1330/1330
f 1333/1333/1333 1332/1332/1332 1331/1331/1331
f 1333/1333/1333 1334/1334/1334 1332/1332/1332
f 1333/1333/1333 1335/1335/1335 1334/1334/1334
f 1336/1336/1336 1335/1335/1335 1333/1333/1333
f 1336/1336/1336 1337/1337/1337 1335/1335/1335
f 1336/1336/1336 1338/1338/1338 1337/1337/1337
f 1336/1336/1336 1339/1339/1339 1338/1338/1338
f 1336/1336/1336 1340/1340/1340 1339/1339/1339
f 1336/1336/1336 1341/1341/1341 1340/1340/1340
f 1342/1342/1342 1341/1341/1341 1336/1336/1336
f 1342/1342/1342 1343/1343/1343 1341/1341/1341
f 1342/1342/1342 1344/1344/1344 1343/1343/1343
f 1345/1345/1345 1344/1344/1344 1342/1342/1342
f 1345/1345/1345 1346/1346/1346 1344/1344/1344
f 1345/1345/1345 1347/1347/1347 1346/1346/1346
f 1348/1348/1348 1347/1347/1347 1345/1345/1345
f 1348/1348/1348 1349/1349/1349 1347/1347/1347
f 1350/1350/1350 1349/1349/1349 1348/1348/1348
f 1350/1350/1350 1351/1351/1351 1349/1349/1349
f 1352/1352/1352 1351/1351/1351 1350/1350/1350
f 1352/1352/1352 1353/1353/1353 1351/1351/1351
f 1354/1354/1354 1353/1353/1353 1352/1352/1352
f 1354/1354/1354 1355/1355/1355 1353/1353/1353
f 1354/1354/1354 1356/1356/1356 1355/1355/1355
f 1357/1357/1357 1356/1356/1356 1354/1354/1354
f 1357/1357/1357 1358/1358/1358 1356/1356/1356
f 1359/1359/1359 1358/1358/1358 1357/1357/1357
f 1359/1359/1359 1360/1360/1360 1358/1358/1358
f 1361/1361/1361 1360/1360/1360 1359/1359/1359
f 1361/1361/1361 1362/1362/1362 1360/1360/1360
f 1363/1363/1363 1362/1362/1362 1361/1361/1361
f 1363/1363/1363 1364/1364/1364 1362/1362/1362
f 1365/1365/1365 1364/1364/1364 1363/1363/1363
f 1365/1365/1365 1366/1366/1366 1364/1364/1364
f 1367/1367/1367 1366/1366/1366 1365/1365/1365
f 1367/1367/1367 1368/1368/1368 1366/1366/1366
f 1369/1369/1369 1368/1368/1368 1367/1367/1367
f 1369/1369/1369 1370/1370/1370 1368/1368/1368
f 1371/1371/1371 1370/1370/1370 1369/1369/1369
f 1371/1371/1371 1372/1372/1372 1370/1370/1370
f 1373/1373/1373 1372/1372/1372 1371/1371/1371
f 1373/1373/1373 1374/1374/1374 1372/1372/1372
f 1375/1375/1375 1374/1374/1374 1373/1373/1373
f 1375/1375/1375 1376/1376/1376 1374/1374/1374
f 1375/1375/1375 1377/1377/1377 1376/1376/1376
f 1375/1375/1375 1378/1378/1378 1377/1377/1377
f 1379/1379/1379 1378/1378/1378 1375/1375/1375
f 1380/1380/1380 1378/1378/1378 1379/1379/1379
f 963/963/963 1382/1382/1382 1381/1381/1381
f 963/963/963 1383/1383/1383 1382/1382/1382
f 963/963/963 1384/1384/1384 1383/1383/1383
f 963/963/963 1385/1385/1385 1384/1384/1384
f 963/963/963 1386/1386/1386 1385/1385/1385
f 963/963/963 1387/1387/1387 1386/1386/1386
f 963/963/963 1388/1388/1388 1387/1387/1387
f 963/963/963 1389/1389/1389 1388/1388/1388
f 963/963/963 1390/1390/1390 1389/1389/1389
f 963/963/963 1391/1391/1391 1390/1390/1390
f 963/963/963 1052/1052/1052 1391/1391/1391
f 1394/1394/1394 1393/1393/1393 1392/1392/1392
f 1395/1395/1395 1393/1393/1393 1394/1394/1394
f 1396/1396/1396 1393/1393/1393 1395/1395/1395
f 1396/1396/1396 1397/1397/1397 1393/1393/1393
f 1398/1398/1398 1397/1397/1397 1396/1396/1396
f 1399/1399/1399 1397/1397/1397 1398/1398/1398
f 1400/1400/1400 1397/1397/1397 1399/1399/1399
f 1401/1401/1401 1397/1397/1397 1400/1400/1400
f 1402/1402/1402 1397/1397/1397 1401/1401/1401
f 1403/1403/1403 1397/1397/1397 1402/1402/1402
f 1404/1404/1404 1397/1397/1397 1403/1403/1403
f 1404/1404/1404 1405/1405/1405 1397/1397/1397
f 1404/1404/1404 1103/1103/1103 1405/1405/1405
f 1408/1408/1408 1407/1407/1407 1406/1406/1406
f 1410/1410/1410 1408/1408/1408 1409/1409/1409
f 1413/1413/1413 1412/1412/1412 1411/1411/1411
f 1416/1416/1416 1415/1415/1415 1414/1414/1414
f 1419/1419/1419 1418/1418/1418 1417/1417/1417
f 1422/1422/1422 1421/1421/1421 1420/1420/1420
f 1425/1425/1425 1424/1424/1424 1423/1423/1423
f 1427/1427/1427 1425/1425/1425 1426/1426/1426
f 1429/1429/1429 1410/1410/1410 1428/1428/1428
f 1431/1431/1431 1429/1429/1429 1430/1430/1430
f 1433/1433/1433 1431/1431/1431 1432/1432/1432
f 1435/1435/1435 1433/1433/1433 1434/1434/1434
f 1437/1437/1437 1416/1416/1416 1436/1436/1436
f 1418/1418/1418 1439/1439/1439 1438/1438/1438
f 1441/1441/1441 1419/1419/1419 1440/1440/1440
f 1443/1443/1443 1441/1441/1441 1442/1442/1442
f 1445/1445/1445 1443/1443/1443 1444/1444/1444
f 1421/1421/1421 1445/1445/1445 1446/1446/1446
f 979/979/979 1448/1448/1448 1447/1447/1447
f 1410/1410/1410 1407/1407/1407 1408/1408/1408
f 1410/1410/1410 1427/1427/1427 1407/1407/1407
f 1410/1410/1410 1425/1425/1425 1427/1427/1427
f 1410/1410/1410 1424/1424/1424 1425/1425/1425
f 1410/1410/1410 1449/1449/1449 1424/1424/1424
f 1410/1410/1410 1450/1450/1450 1449/1449/1449
f 1433/1433/1433 1429/1429/1429 1431/1431/1431
f 1433/1433/1433 1410/1410/1410 1429/1429/1429
f 1435/1435/1435 1410/1410/1410 1433/1433/1433
f 1412/1412/1412 1410/1410/1410 1435/1435/1435
f 1413/1413/1413 1410/1410/1410 1412/1412/1412
f 1415/1415/1415 1410/1410/1410 1413/1413/1413
f 1416/1416/1416 1410/1410/1410 1415/1415/1415
f 1437/1437/1437 1410/1410/1410 1416/1416/1416
f 1451/1451/1451 1410/1410/1410 1437/1437/1437
f 1452/1452/1452 1410/1410/1410 1451/1451/1451
f 1453/1453/1453 1410/1410/1410 1452/1452/1452
f 1453/1453/1453 1450/1450/1450 1410/1410/1410
f 1454/1454/1454 1450/1450/1450 1453/1453/1453
f 1455/1455/1455 1450/1450/1450 1454/1454/1454
f 1455/1455/1455 1456/1456/1456 1450/1450/1450
f 1455/1455/1455 1457/1457/1457 1456/1456/1456
f 1458/1458/1458 1457/1457/1457 1455/1455/1455
f 1459/1459/1459 1457/1457/1457 1458/1458/1458
f 1459/1459/1459 1404/1404/1404 1457/1457/1457
f 1460/1460/1460 1404/1404/1404 1459/1459/1459
f 1461/1461/1461 1404/1404/1404 1460/1460/1460
f 1461/1461/1461 1103/1103/1103 1404/1404/1404
f 1462/1462/1462 1103/1103/1103 1461/1461/1461
f 1441/1441/1441 1418/1418/1418 1419/1419/1419
f 1441/1441/1441 1439/1439/1439 1418/1418/1418
f 1443/1443/1443 1439/1439/1439 1441/1441/1441
f 1443/1443/1443 1463/1463/1463 1439/1439/1439
f 1445/1445/1445 1463/1463/1463 1443/1443/1443
f 1421/1421/1421 1463/1463/1463 1445/1445/1445
f 1422/1422/1422 1463/1463/1463 1421/1421/1421
f 1464/1464/1464 1463/1463/1463 1422/1422/1422
f 1448/1448/1448 1463/1463/1463 1464/1464/1464
f 1448/1448/1448 1465/1465/1465 1463/1463/1463
f 1448/1448/1448 1466/1466/1466 1465/1465/1465
f 979/979/979 1466/1466/1466 1448/1448/1448
f 979/979/979 1467/1467/1467 1466/1466/1466
f 980/980/980 1467/1467/1467 979/979/979
f 980/980/980 1468/1468/1468 1467/1467/1467
f 1101/1101/1101 1468/1468/1468 980/980/980
f 1101/1101/1101 1469/1469/1469 1468/1468/1468
f 1108/1108/1108 1469/1469/1469 1101/1101/1101
f 1109/1109/1109 1470/1470/1470 1469/1469/1469
f 1108/1108/1108 1109/1109/1109 1469/1469/1469
f 1110/1110/1110 1470/1470/1470 1109/1109/1109
f 1112/1112/1112 1462/1462/1462 1470/1470/1470
f 1110/1110/1110 1112/1112/1112 1470/1470/1470
f 1102/1102/1102 1103/1103/1103 1462/1462/1462
f 1112/1112/1112 1102/1102/1102 1462/1462/1462
