g cPK_20_000560_00_KAMEXex_SR_L_SB
v 0.027030608 0.11675018 -0.038838908
v -0.0026949488 0.06516062 -0.038838908
v 0.041840054 0.09708943 -0.038838908
v -0.023998931 0.02818705 -0.038838908
v -0.009355263 0.02375534 -0.038838908
v -0.009355263 0.05360154 -0.038838908
v 0.057159998 0.07462015 -0.038838908
v 0.0025146732 0.0205039 -0.038838908
v 0.01182974 0.022670219 -0.038838908
v 0.06324303 0.06516062 -0.038838908
v 0.02937699 0.025703078 -0.038838908
v 0.046707317 0.030902257 -0.038838908
v 0.06490436 0.035884686 -0.038838908
v 0.067720614 0.058197763 -0.038838908
v 0.07226988 0.040000707 -0.038838908
v 0.07400287 0.043033578 -0.038838908
v 0.0737862 0.046932854 -0.038838908
v -0.029642722 0.02988019 -0.038838908
v 0.008143827 0.13832659 -0.038838908
v -0.0387716 0.032618836 -0.038838908
v -0.05625245 0.039266508 -0.038838908
v -0.0030139068 0.149608 -0.038838908
v -0.101801135 0.06782666 -0.038838908
v -0.099831425 0.06516062 -0.038838908
v -0.10106243 0.07078128 -0.038838908
v -0.022905989 0.1688417 -0.038838908
v -0.025445402 0.16851246 -0.038838908
v -0.020225445 0.16696058 -0.038838908
v -0.03278148 0.16531466 -0.038838908
v -0.035226848 0.16418603 -0.038838908
v -0.030524194 0.16536176 -0.038838908
v -0.09710758 0.06312468 -0.038838908
v -0.09219888 0.059455693 -0.038838908
v -0.08284301 0.053792883 -0.038838908
v -0.07200985 0.04788379 -0.038838908
v -0.009355263 0.1560035 -0.038838908
v -0.016087184 0.16263425 -0.038838908
v -0.006290873 0.15291294 -0.038838908
v -0.040227853 0.15953164 -0.038838908
v -0.0455021 0.15291294 -0.038838908
v -0.05794167 0.1374299 -0.038838908
v -0.09269131 0.0853075 -0.038838908
v -0.048516046 0.1491308 -0.038838908
v -0.09710758 0.07764408 -0.038838908
v -0.09710758 0.08841901 -0.038838908
v -0.06775764 0.1445023 -0.038838908
v -0.1035246 0.09294006 -0.038838908
v -0.11608124 0.1027885 -0.038838908
v -0.11805083 0.10697398 -0.038838908
v -0.07932229 0.15291294 -0.038838908
v -0.12937646 0.12593214 -0.038838908
v -0.081345364 0.15438424 -0.038838908
v -0.0850763 0.1548094 -0.038838908
v -0.09710758 0.15698062 -0.038838908
v -0.10635493 0.15958618 -0.038838908
v -0.110919856 0.15291294 -0.038838908
v -0.19516084 0.16175748 -0.038838908
v -0.19038406 0.15828335 -0.038838908
v -0.19516084 0.16544862 -0.038838908
v -0.19255535 0.17239685 -0.038838908
v -0.10374941 0.17087683 -0.038838908
v -0.10896057 0.17413388 -0.038838908
v -0.102880955 0.16740286 -0.038838908
v -0.1623744 0.21213154 -0.038838908
v -0.16932248 0.20583475 -0.038838908
v -0.15933448 0.21213154 -0.038838908
v -0.14044437 0.19823526 -0.038838908
v -0.18191595 0.18976714 -0.038838908
v -0.13996348 0.12051548 -0.038838908
v -0.13676284 0.12026936 -0.038838908
v -0.16867104 0.14221576 -0.038838908
v -0.13405454 0.12150039 -0.038838908
v -0.18485992 0.1849608 -0.038838908
v -0.1831267 0.15291294 -0.038838908
v -0.18485992 0.15419555 -0.038838908
v 0.23606406 0.17286429 -0.04360987
v 0.23568943 0.17438841 -0.04360987
v 0.09416858 0.06626135 -0.04360987
v 0.23678921 0.16588071 -0.04360987
v 0.10340234 0.19375107 -0.04360987
v 0.09151679 0.18528588 -0.04360987
v 0.17421544 0.20099233 -0.04360987
v 0.20004621 0.010361333 -0.04360987
v 0.20252395 0.013987317 -0.04360987
v 0.19781035 0.009394339 -0.04360987
v 0.053312577 0.15622586 -0.04360987
v 0.05181467 0.15349454 -0.04360987
v 0.08343562 0.07338344 -0.04360987
v 0.085224584 0.071337625 -0.04360987
v 0.08220223 0.07585035 -0.04360987
v 0.19140439 0.009575734 -0.04360987
v 0.19472821 0.009152621 -0.04360987
v 0.18578425 0.012415969 -0.04360987
v 0.23159198 0.08306153 -0.04360987
v 0.2337071 0.094725005 -0.04360987
v 0.23065074 0.079296604 -0.04360987
v 0.23533876 0.10862448 -0.04360987
v 0.23660795 0.120348416 -0.04360987
v 0.23739357 0.13467085 -0.04360987
v 0.23733309 0.15225671 -0.04360987
v 0.22714086 0.17951767 -0.04360987
v 0.21224175 0.1873335 -0.04360987
v 0.079392575 0.08030457 -0.04360987
v 0.182688 0.1985688 -0.04360987
v 0.17609331 0.2005229 -0.04360987
v 0.19685428 0.19392818 -0.04360987
v 0.07860525 0.17596556 -0.04360987
v 0.070717566 0.17022322 -0.04360987
v 0.06475275 0.16588071 -0.04360987
v 0.05646813 0.15915947 -0.04360987
v 0.051761568 0.15040955 -0.04360987
v 0.05253866 0.14613591 -0.04360987
v 0.06077525 0.120493606 -0.04360987
v 0.06473808 0.11163545 -0.04360987
v 0.058211055 0.12849714 -0.04360987
v 0.06940033 0.100679256 -0.04360987
v 0.070717566 0.097824216 -0.04360987
v 0.07459581 0.08941855 -0.04360987
v 0.089092314 0.06904127 -0.04360987
v 0.09936581 0.06311889 -0.04360987
v 0.10552987 0.059432417 -0.04360987
v 0.112540126 0.054960508 -0.04360987
v 0.123176135 0.049219407 -0.04360987
v 0.13242231 0.043720033 -0.04360987
v 0.14052038 0.039187644 -0.04360987
v 0.16952793 0.021662155 -0.04360987
v 0.17835097 0.016102424 -0.04360987
v 0.15955648 0.028068086 -0.04360987
v 0.20735858 0.021783067 -0.04360987
v 0.21152842 0.029397562 -0.04360987
v 0.21732996 0.040698387 -0.04360987
v 0.22180188 0.05175764 -0.04360987
v 0.22591133 0.06275626 -0.04360987
v 0.22905393 0.07290895 -0.04360987
v 0.1573017 0.029415501 -0.04360987
v 0.14964563 0.03399043 -0.04360987
v 0.08002838 0.079296604 -0.04360987
v 0.05510285 0.13789931 -0.04360987
v 0.17413943 0.20101133 -0.04360987
v 0.1732297 0.2008916 -0.04360987
v 0.095451325 0.31777844 -0.04360987
v 0.095451325 0.311864 -0.04360987
v 0.09748749 0.32010546 -0.04360987
v 0.10223853 0.32175374 -0.04360987
v 0.110525765 0.32364306 -0.04360987
v 0.09729356 0.28316396 -0.04360987
v 0.12771791 0.3259184 -0.04360987
v 0.14693281 0.32806745 -0.04360987
v 0.098699525 0.2576251 -0.04360987
v 0.1573017 0.32796055 -0.04360987
v 0.15919481 0.32794103 -0.04360987
v 0.16336648 0.3264241 -0.04360987
v 0.16614757 0.32465428 -0.04360987
v 0.16804376 0.3207355 -0.04360987
v 0.16900383 0.30074066 -0.04360987
v 0.17131832 0.2524648 -0.04360987
v 0.099155486 0.2524648 -0.04360987
v 0.10032413 0.23924112 -0.04360987
v 0.17159353 0.24672583 -0.04360987
v 0.17109379 0.24287085 -0.04360987
v 0.1689311 0.24059431 -0.04360987
v 0.16619934 0.23865941 -0.04360987
v 0.16062203 0.23706582 -0.04360987
v 0.101179175 0.23624836 -0.04360987
v 0.10365893 0.23462372 -0.04360987
v 0.10699369 0.23359755 -0.04360987
v 0.11007191 0.23334108 -0.04360987
v 0.1121241 0.23317002 -0.04360987
v 0.11287912 0.23314786 -0.04360987
v 0.10263275 0.20606425 -0.04360987
v 0.10331692 0.20905705 -0.04360987
v 0.10725013 0.21854825 -0.04360987
v 0.17371166 0.20963435 -0.04360987
v 0.17302881 0.21327679 -0.04360987
v 0.16984163 0.21874033 -0.04360987
v -0.07582152 0.09349264 -0.05126926
v -0.1529307 0.06275385 -0.05126926
v -0.075332366 0.08193021 -0.05126926
v -0.07929746 0.069316246 -0.05126926
v -0.08186583 0.06299375 -0.05126926
v -0.08543047 0.056260508 -0.05126926
v -0.090579346 0.04873521 -0.05126926
v -0.09632244 0.04130902 -0.05126926
v -0.10166933 0.035070863 -0.05126926
v -0.10830339 0.029030904 -0.05126926
v -0.15815544 0.008346982 -0.05126926
v -0.15523756 0.00853443 -0.05126926
v -0.14911671 0.04114085 -0.05126926
v -0.14682108 0.009722598 -0.05126926
v -0.11394735 0.024179045 -0.05126926
v -0.12058156 0.019624284 -0.05126926
v -0.15324998 0.06272574 -0.05126926
v -0.12731461 0.015465519 -0.05126926
v -0.13355279 0.01289118 -0.05126926
v -0.13903579 0.011197798 -0.05126926
v -0.14028588 0.010811775 -0.05126926
v -0.07891892 0.10003147 -0.05126926
v -0.08408119 0.105193675 -0.05126926
v -0.09165249 0.108979404 -0.05126926
v -0.102321185 0.11276515 -0.05126926
v -0.114366606 0.11276515 -0.05126926
v -0.12675601 0.1117327 -0.05126926
v -0.13903579 0.108979404 -0.05126926
v -0.14843759 0.106226265 -0.05126926
v -0.15841797 0.10175232 -0.05126926
v -0.17103092 0.09635115 -0.05126926
v -0.15483777 0.071017504 -0.05126926
v -0.16874251 0.09762241 -0.05126926
v -0.22551075 0.090051085 -0.05126926
v -0.2233804 0.08775603 -0.05126926
v -0.21176147 0.09314847 -0.05126926
v -0.2135301 0.07790586 -0.05126926
v -0.21077715 0.057668317 -0.05126926
v -0.17183988 0.09590169 -0.05126926
v -0.18044372 0.09624587 -0.05126926
v -0.18973571 0.09590169 -0.05126926
v -0.20074867 0.09521336 -0.05126926
v -0.23884042 0.020137515 -0.05126926
v -0.23355997 0.017247802 -0.05126926
v -0.2155001 0.034564365 -0.05126926
v -0.22920322 0.015366549 -0.05126926
v -0.22551075 0.014079349 -0.05126926
v -0.2198956 0.0126929805 -0.05126926
v -0.2132614 0.010910734 -0.05126926
v -0.16603035 0.007841168 -0.05126926
v -0.17395177 0.0075441524 -0.05126926
v -0.18256626 0.007742139 -0.05126926
v -0.19009142 0.007940174 -0.05126926
v -0.19751778 0.008336266 -0.05126926
v -0.20524116 0.009524541 -0.05126926
v -0.27615514 0.069316246 -0.05126926
v -0.27549654 0.07226842 -0.05126926
v -0.2739602 0.07589004 -0.05126926
v -0.27209437 0.07940199 -0.05126926
v -0.26923475 0.08351224 -0.05126926
v -0.26441672 0.088330366 -0.05126926
v -0.25822207 0.09211596 -0.05126926
v -0.25133893 0.09383681 -0.05126926
v -0.24514432 0.09452502 -0.05126926
v -0.23654048 0.09383681 -0.05126926
v -0.23034568 0.092804305 -0.05126926
v -0.2765941 0.06557366 -0.05126926
v -0.2767039 0.06052525 -0.05126926
v -0.27582586 0.05569614 -0.05126926
v -0.24114512 0.020576533 -0.05126926
v -0.24564481 0.021783663 -0.05126926
v -0.27472845 0.05053806 -0.05126926
v -0.2728627 0.04581883 -0.05126926
v -0.25135174 0.023649527 -0.05126926
v -0.270997 0.04142881 -0.05126926
v -0.26748496 0.03627057 -0.05126926
v -0.26463148 0.032868393 -0.05126926
v -0.26090002 0.029246626 -0.05126926
v -0.2564003 0.02562493 -0.05126926
v -0.25347817 0.08448924 -0.058773424
v -0.2537685 0.08057025 -0.058773424
v -0.24346343 0.07360347 -0.058773424
v -0.25347817 0.07534515 -0.058773424
v -0.23272279 0.05923416 -0.058773424
v -0.23536697 0.06277169 -0.058773424
v -0.23620617 0.058218237 -0.058773424
v -0.25289765 0.07026518 -0.058773424
v -0.2521719 0.067507386 -0.058773424
v -0.2508656 0.06402399 -0.058773424
v -0.2503383 0.06277169 -0.058773424
v -0.24970447 0.061266184 -0.058773424
v -0.24709192 0.059089076 -0.058773424
v -0.2438988 0.05778281 -0.058773424
v -0.24041525 0.05778281 -0.058773424
v -0.22981985 0.061266184 -0.058773424
v -0.2523172 0.0857955 -0.058773424
v -0.24970447 0.08637602 -0.058773424
v -0.24476972 0.08608584 -0.058773424
v -0.24041525 0.08477942 -0.058773424
v -0.23620617 0.08318295 -0.058773424
v -0.23228729 0.080134846 -0.058773424
v -0.2290941 0.07636112 -0.058773424
v -0.22735241 0.07244229 -0.058773424
v -0.2272073 0.06779771 -0.058773424
v -0.22735241 0.06663653 -0.058773424
v -0.22793292 0.064459406 -0.058773424
v -0.22893023 0.06277169 -0.058773424
v -0.25767887 0.078066744 -0.058773424
v -0.27037284 0.09075066 -0.058773424
v -0.2587058 0.07692573 -0.058773424
v -0.2615538 0.07474226 -0.058773424
v -0.26487657 0.072748534 -0.058773424
v -0.26641807 0.07247487 -0.058773424
v -0.26990142 0.07218455 -0.058773424
v -0.27193344 0.07407148 -0.058773424
v -0.274206 0.07748348 -0.058773424
v -0.27804607 0.08426746 -0.058773424
v -0.28201404 0.09194753 -0.058773424
v -0.28558955 0.10457199 -0.058773424
v -0.28598213 0.104235485 -0.058773424
v -0.28585416 0.1020595 -0.058773424
v -0.28495803 0.09885948 -0.058773424
v -0.28508613 0.10500359 -0.058773424
v -0.28303814 0.10525953 -0.058773424
v -0.27778998 0.104235485 -0.058773424
v -0.27177396 0.102443576 -0.058773424
v -0.265118 0.09937154 -0.058773424
v -0.25614244 0.07977393 -0.058773424
v -0.25386402 0.08338138 -0.058773424
v -0.25961405 0.095531486 -0.058773424
v -0.25474998 0.091307536 -0.058773424
v -0.25300953 0.08575483 -0.058773424
v -0.25348425 0.089932054 -0.058773424
v -0.2528196 0.088128254 -0.058773424
v -0.29581544 0.04849365 -0.058773424
v -0.29363826 0.046461623 -0.058773424
v -0.28899363 0.04863874 -0.058773424
v -0.28957418 0.043994166 -0.058773424
v -0.257933 0.053863984 -0.058773424
v -0.2675123 0.051106196 -0.058773424
v -0.2580781 0.04965482 -0.058773424
v -0.25938436 0.04559077 -0.058773424
v -0.26112604 0.042397566 -0.058773424
v -0.26402897 0.04036553 -0.058773424
v -0.26852846 0.039930105 -0.058773424
v -0.27926895 0.049219403 -0.058773424
v -0.2740439 0.039639916 -0.058773424
v -0.27955925 0.040800955 -0.058773424
v -0.28521997 0.042397566 -0.058773424
v -0.2946542 0.05067078 -0.058773424
v -0.29000962 0.05400908 -0.058773424
v -0.2849296 0.057492476 -0.058773424
v -0.27535018 0.06277169 -0.058773424
v -0.2709959 0.06562059 -0.058773424
v -0.25822315 0.05923416 -0.058773424
v -0.25923926 0.06277169 -0.058773424
v -0.2678027 0.06692688 -0.058773424
v -0.2646095 0.067507386 -0.058773424
v -0.2601101 0.064894825 -0.058773424
v -0.2617068 0.066781774 -0.058773424
v 0.28038415 -0.1827274 -0.051682033
v 0.2757667 -0.1791362 -0.051682033
v 0.2814101 -0.18965347 -0.051682033
v 0.2698667 -0.17964922 -0.051682033
v 0.2783319 -0.19914477 -0.051682033
v 0.25909287 -0.18247096 -0.051682033
v 0.2729449 -0.20863609 -0.051682033
v 0.26576242 -0.2176142 -0.051682033
v 0.2496016 -0.18298398 -0.051682033
v 0.2575537 -0.22521798 -0.051682033
v 0.24211851 -0.182984 -0.051682033
v 0.24883209 -0.2314664 -0.051682033
v 0.23613618 -0.18250704 -0.051682033
v 0.24211851 -0.23523255 -0.051682033
v 0.2282739 -0.18103282 -0.051682033
v 0.23831463 -0.23736635 -0.051682033
v 0.22604918 -0.24239336 -0.051682033
v 0.21232803 -0.24582362 -0.051682033
v 0.21918309 -0.17808448 -0.051682033
v 0.19704783 -0.24800657 -0.051682033
v 0.21058357 -0.17439894 -0.051682033
v 0.18145572 -0.24894205 -0.051682033
v 0.19608743 -0.16629092 -0.051682033
v 0.16648722 -0.24831839 -0.051682033
v 0.181837 -0.15842868 -0.051682033
v 0.15859292 -0.24746025 -0.051682033
v 0.15214252 -0.24675909 -0.051682033
v 0.14005606 -0.24388538 -0.051682033
v 0.16930649 -0.1513034 -0.051682033
v 0.12768635 -0.24044931 -0.051682033
v 0.11669103 -0.2367842 -0.051682033
v 0.10661203 -0.2333482 -0.051682033
v 0.10225975 -0.23082839 -0.051682033
v 0.098951004 -0.22521798 -0.051682033
v 0.09699115 -0.22189479 -0.051682033
v 0.09305527 -0.21321161 -0.051682033
v 0.09121684 -0.20565362 -0.051682033
v 0.09060406 -0.19727866 -0.051682033
v 0.09182962 -0.18808667 -0.051682033
v 0.09530222 -0.17889455 -0.051682033
v 0.099796176 -0.16949819 -0.051682033
v 0.106332734 -0.15928482 -0.051682033
v 0.110826574 -0.15315685 -0.051682033
v 0.116546154 -0.14784586 -0.051682033
v 0.123491146 -0.14396471 -0.051682033
v 0.1310491 -0.14169236 -0.051682033
v 0.13921987 -0.13926655 -0.051682033
v 0.16537532 -0.14712657 -0.051682033
v 0.16230217 -0.14437328 -0.051682033
v 0.15859292 -0.14169236 -0.051682033
v 0.1543356 -0.1396751 -0.051682033
v 0.15025027 -0.13865373 -0.051682033
v 0.14350946 -0.13844952 -0.051682033
v -0.05949646 -0.24551804 -0.04824055
v -0.047845095 -0.2768972 -0.04824055
v -0.05287642 -0.24591528 -0.04824055
v -0.039768633 -0.27093908 -0.04824055
v -0.044579726 -0.24747129 -0.04824055
v -0.035132118 -0.2667571 -0.04824055
v -0.035132118 -0.25015208 -0.04824055
v -0.0330162 -0.2648487 -0.04824055
v -0.03050048 -0.2612738 -0.04824055
v -0.031692177 -0.25187322 -0.04824055
v -0.028779272 -0.25756654 -0.04824055
v -0.029044187 -0.25452122 -0.04824055
v -0.064924955 -0.24631238 -0.04824055
v -0.055127274 -0.28166363 -0.04824055
v -0.070220985 -0.24747129 -0.04824055
v -0.07286902 -0.2498873 -0.04824055
v -0.0739282 -0.2524029 -0.04824055
v -0.0739282 -0.25637493 -0.04824055
v -0.07326628 -0.26074412 -0.04824055
v -0.07220698 -0.26498103 -0.04824055
v -0.069559 -0.27332225 -0.04824055
v -0.06558694 -0.2800748 -0.04824055
v -0.063071355 -0.28232563 -0.04824055
v -0.05949646 -0.28312007 -0.04824055
v -0.20101011 -0.3185325 -0.04824055
v -0.19509594 -0.31819618 -0.04824055
v -0.20256722 -0.2846886 -0.04824055
v -0.19124702 -0.31729063 -0.04824055
v -0.19509594 -0.2828774 -0.04824055
v -0.1892094 -0.31638503 -0.04824055
v -0.1876245 -0.31366816 -0.04824055
v -0.18603978 -0.3098193 -0.04824055
v -0.18536063 -0.3048385 -0.04824055
v -0.18513417 -0.298952 -0.04824055
v -0.18558691 -0.29238626 -0.04824055
v -0.18739824 -0.28695258 -0.04824055
v -0.19237904 -0.28197178 -0.04824055
v -0.18966226 -0.28333023 -0.04824055
v -0.22179106 -0.29272664 -0.04824055
v -0.23029724 -0.2972298 -0.04824055
v -0.22079043 -0.31957918 -0.04824055
v -0.23296581 -0.32007954 -0.04824055
v -0.23763576 -0.30223334 -0.04824055
v -0.24330656 -0.30773732 -0.04824055
v -0.24364018 -0.32057995 -0.04824055
v -0.2478098 -0.31324136 -0.04824055
v -0.24947777 -0.31674394 -0.04824055
v -0.24947777 -0.31891206 -0.04824055
v -0.2478098 -0.3202463 -0.04824055
v -0.21061881 -0.2876318 -0.04824055
v -0.21061881 -0.31907883 -0.04824055
v -0.07409652 -0.22525766 -0.053151812
v -0.0755778 -0.22812317 -0.053151812
v -0.07195167 -0.22837126 -0.053151812
v -0.15043353 -0.2517996 -0.053151812
v -0.13500547 -0.3182005 -0.053151812
v -0.13039313 -0.3192031 -0.053151812
v -0.12477823 -0.32060698 -0.053151812
v -0.118060306 -0.3219104 -0.053151812
v -0.11304694 -0.3227126 -0.053151812
v -0.107131295 -0.3231136 -0.053151812
v -0.10131573 -0.32321388 -0.053151812
v -0.0961019 -0.32281289 -0.053151812
v -0.09209123 -0.3219104 -0.053151812
v -0.08898293 -0.32050672 -0.053151812
v -0.08417019 -0.31749874 -0.053151812
v -0.08005927 -0.31439045 -0.053151812
v -0.07589005 -0.3102634 -0.053151812
v -0.073086396 -0.30731657 -0.053151812
v -0.06955621 -0.30331868 -0.053151812
v -0.065388106 -0.2988952 -0.053151812
v -0.061942976 -0.2951098 -0.053151812
v -0.05922087 -0.29191986 -0.053151812
v -0.05645628 -0.28864494 -0.053151812
v -0.0544147 -0.28600797 -0.053151812
v -0.052500773 -0.28354105 -0.053151812
v -0.050841983 -0.28115913 -0.053151812
v -0.049906325 -0.27894756 -0.053151812
v -0.049055606 -0.2760553 -0.053151812
v -0.048928007 -0.27231258 -0.053151812
v -0.049307097 -0.26705658 -0.053151812
v -0.04986968 -0.26396248 -0.053151812
v -0.050479043 -0.26114964 -0.053151812
v -0.051322885 -0.25861812 -0.053151812
v -0.052119877 -0.25627667 -0.053151812
v -0.0525887 -0.2553834 -0.053151812
v -0.053062435 -0.25445637 -0.053151812
v -0.05382352 -0.25334927 -0.053151812
v -0.054930586 -0.25182715 -0.053151812
v -0.056245327 -0.25030488 -0.053151812
v -0.05859769 -0.24732964 -0.053151812
v -0.061365392 -0.24373172 -0.053151812
v -0.06530935 -0.23805809 -0.053151812
v -0.06807688 -0.23418334 -0.053151812
v -0.13851479 -0.31689712 -0.053151812
v -0.20589367 -0.26934138 -0.053151812
v -0.20569356 -0.27147615 -0.053151812
v -0.20418945 -0.27709118 -0.053151812
v -0.20168285 -0.28431043 -0.053151812
v -0.19887532 -0.2918304 -0.053151812
v -0.19596773 -0.29824746 -0.053151812
v -0.14312698 -0.31870186 -0.053151812
v -0.14814036 -0.3196043 -0.053151812
v -0.15235154 -0.32000533 -0.053151812
v -0.1576658 -0.32040647 -0.053151812
v -0.19295971 -0.3036618 -0.053151812
v -0.16182113 -0.32070726 -0.053151812
v -0.18955056 -0.3092768 -0.053151812
v -0.1670909 -0.32100797 -0.053151812
v -0.18724443 -0.3128864 -0.053151812
v -0.17280596 -0.32130876 -0.053151812
v -0.18403588 -0.31669658 -0.053151812
v -0.18152931 -0.31890237 -0.053151812
v -0.17581399 -0.32120848 -0.053151812
v -0.1789223 -0.32050672 -0.053151812
v -0.08591764 -0.17710145 -0.053151812
v -0.16224252 -0.20097509 -0.053151812
v -0.08419841 -0.18568037 -0.053151812
v -0.08350652 -0.19197668 -0.053151812
v -0.08316066 -0.1974429 -0.053151812
v -0.082607135 -0.2014559 -0.053151812
v -0.07589005 -0.22179814 -0.053151812
v -0.07769444 -0.21778512 -0.053151812
v -0.079493426 -0.21287243 -0.053151812
v -0.081638426 -0.20657611 -0.053151812
v -0.20599432 -0.26826763 -0.053151812
v -0.23537257 -0.22384942 -0.053151812
v -0.23226433 -0.23287344 -0.053151812
v -0.22915609 -0.24099508 -0.053151812
v -0.22634855 -0.24650972 -0.053151812
v -0.22313999 -0.25202435 -0.053151812
v -0.22003166 -0.25627667 -0.053151812
v -0.21862793 -0.25844154 -0.053151812
v -0.21602099 -0.26124892 -0.053151812
v -0.213414 -0.26385593 -0.053151812
v -0.21060665 -0.26606175 -0.053151812
v -0.20809989 -0.26746547 -0.053151812
v -0.171311 -0.16194487 -0.053151812
v -0.10030734 -0.13602422 -0.053151812
v -0.18383537 -0.10804119 -0.053151812
v -0.107382394 -0.121499 -0.053151812
v -0.17581399 -0.10202531 -0.053151812
v -0.11420883 -0.108158626 -0.053151812
v -0.16869505 -0.0956081 -0.053151812
v -0.16182113 -0.090293996 -0.053151812
v -0.11756604 -0.10166812 -0.053151812
v -0.12159462 -0.09398385 -0.053151812
v -0.15335429 -0.084414415 -0.053151812
v -0.123832844 -0.09017911 -0.053151812
v -0.14924328 -0.08127006 -0.053151812
v -0.12641566 -0.08610498 -0.053151812
v -0.14443056 -0.079565465 -0.053151812
v -0.12761924 -0.084414415 -0.053151812
v -0.12861605 -0.083315216 -0.053151812
v -0.1300924 -0.08217234 -0.053151812
v -0.14011912 -0.07856279 -0.053151812
v -0.1313958 -0.08116981 -0.053151812
v -0.13320062 -0.07996649 -0.053151812
v -0.13470457 -0.07926471 -0.053151812
v -0.1362087 -0.078663066 -0.053151812
v -0.13781287 -0.07836229 -0.053151812
v -0.19025241 -0.11385671 -0.053151812
v -0.240085 -0.18705155 -0.053151812
v -0.23928289 -0.17953144 -0.053151812
v -0.23838046 -0.17441797 -0.053151812
v -0.23737784 -0.17034553 -0.053151812
v -0.23597407 -0.16469198 -0.053151812
v -0.23326698 -0.15697151 -0.053151812
v -0.19626848 -0.11826842 -0.053151812
v -0.23126161 -0.151557 -0.053151812
v -0.22905563 -0.14724554 -0.053151812
v -0.22584715 -0.14263333 -0.053151812
v -0.22183643 -0.13782048 -0.053151812
v -0.21963058 -0.13521361 -0.053151812
v -0.21712394 -0.133108 -0.053151812
v -0.21471755 -0.13150369 -0.053151812
v -0.21241133 -0.13030048 -0.053151812
v -0.20809989 -0.12859589 -0.053151812
v -0.20639542 -0.12709196 -0.053151812
v -0.19947703 -0.12027376 -0.053151812
v -0.20168285 -0.122178845 -0.053151812
v -0.20398895 -0.12408395 -0.053151812
v -0.08754248 -0.17034553 -0.053151812
v -0.08805629 -0.16820917 -0.053151812
v -0.09008228 -0.16190581 -0.053151812
v -0.09390936 -0.1529011 -0.053151812
v -0.0967233 -0.14468437 -0.053151812
v -0.240085 -0.19617586 -0.053151812
v -0.23908241 -0.20409687 -0.053151812
v -0.23767869 -0.2138228 -0.053151812
v -0.2197129 -0.33103105 -0.058063067
v -0.21083987 -0.33026007 -0.058063067
v -0.2197129 -0.30815932 -0.058063067
v -0.19876146 -0.32888958 -0.058063067
v -0.214095 -0.30370492 -0.058063067
v -0.20758474 -0.29882213 -0.058063067
v -0.1847986 -0.32700497 -0.058063067
v -0.20004642 -0.29428205 -0.058063067
v -0.19319345 -0.29025593 -0.058063067
v -0.16818003 -0.32469207 -0.058063067
v -0.18565518 -0.28605846 -0.058063067
v -0.17974445 -0.28348863 -0.058063067
v -0.17580406 -0.28331718 -0.058063067
v -0.17212059 -0.2840882 -0.058063067
v -0.16646689 -0.28597274 -0.058063067
v -0.16115578 -0.28837135 -0.058063067
v -0.1574723 -0.32340717 -0.058063067
v -0.15541635 -0.29128382 -0.058063067
v -0.15027665 -0.29462466 -0.058063067
v -0.14488004 -0.29839385 -0.058063067
v -0.15079068 -0.32255054 -0.058063067
v -0.14093946 -0.30147758 -0.058063067
v -0.13888367 -0.30396184 -0.058063067
v -0.1506193 -0.32477772 -0.058063067
v -0.14967708 -0.3269193 -0.058063067
v -0.14779252 -0.32854685 -0.058063067
v -0.14530821 -0.32991743 -0.058063067
v -0.14290975 -0.33111677 -0.058063067
v -0.13905491 -0.3316308 -0.058063067
v -0.13554284 -0.3316308 -0.058063067
v -0.13373123 -0.33145943 -0.058063067
v -0.12946078 -0.3308598 -0.058063067
v -0.123550095 -0.32983187 -0.058063067
v -0.13657077 -0.30173466 -0.058063067
v -0.13373123 -0.29977283 -0.058063067
v -0.117639445 -0.32846123 -0.058063067
v -0.13185923 -0.29847953 -0.058063067
v -0.12946078 -0.29736575 -0.058063067
v -0.12646258 -0.2959952 -0.058063067
v -0.10975849 -0.32657665 -0.058063067
v -0.1222651 -0.29471037 -0.058063067
v -0.11832471 -0.29445326 -0.058063067
v -0.11498388 -0.29445326 -0.058063067
v -0.111043386 -0.29479587 -0.058063067
v -0.10127782 -0.32357845 -0.058063067
v -0.10838779 -0.29548132 -0.058063067
v -0.10530408 -0.29685187 -0.058063067
v -0.10230589 -0.29847953 -0.058063067
v -0.09896507 -0.30087796 -0.058063067
v -0.09596689 -0.30370492 -0.058063067
v -0.093396895 -0.30696002 -0.058063067
v -0.09596689 -0.32152262 -0.058063067
v -0.09142675 -0.30987254 -0.058063067
v -0.09331134 -0.319895 -0.058063067
v -0.09142675 -0.31775343 -0.058063067
v -0.09048441 -0.3126993 -0.058063067
v -0.090398856 -0.3150122 -0.058063067
v -0.22514553 -0.31321335 -0.058063067
v -0.22900024 -0.31775343 -0.058063067
v -0.22163327 -0.33120245 -0.058063067
v -0.23097053 -0.32117996 -0.058063067
v -0.22446023 -0.33128813 -0.058063067
v -0.22762966 -0.33094546 -0.058063067
v -0.23234105 -0.32512036 -0.058063067
v -0.23062785 -0.3305172 -0.058063067
v -0.2319128 -0.3294036 -0.058063067
v -0.23259814 -0.3276047 -0.058063067
v -0.1247824 -0.19696811 -0.06266659
v -0.12181085 -0.20049632 -0.06266659
v -0.12181085 -0.19696811 -0.06266659
v 0.2177126 -0.041916456 -0.06266659
v -0.0030831536 -0.05219459 -0.06266659
v 0.21646428 -0.054619174 -0.06266659
v 0.035306174 -0.26666746 -0.06266659
v 0.21448019 -0.06850796 -0.06266659
v 0.21096985 -0.084380835 -0.06266659
v 0.20654373 -0.09979593 -0.06266659
v 0.20272814 -0.1116997 -0.06266659
v 0.20089655 -0.117042474 -0.06266659
v 0.1984546 -0.123300016 -0.06266659
v 0.19494425 -0.13138916 -0.06266659
v 0.19128126 -0.13886778 -0.06266659
v 0.18746562 -0.14649898 -0.06266659
v 0.04335423 -0.26562363 -0.06266659
v 0.048725996 -0.26509953 -0.06266659
v 0.05563416 -0.2638266 -0.06266659
v 0.059677582 -0.26292804 -0.06266659
v 0.061998874 -0.26247877 -0.06266659
v 0.18670247 -0.14970408 -0.06266659
v 0.18441314 -0.15764056 -0.06266659
v 0.1802923 -0.16923994 -0.06266659
v 0.17372946 -0.18434976 -0.06266659
v 0.16677932 -0.19696811 -0.06266659
v 0.16477714 -0.20045595 -0.06266659
v 0.16048685 -0.20610474 -0.06266659
v 0.15569617 -0.21218267 -0.06266659
v 0.15069078 -0.2189041 -0.06266659
v 0.14368343 -0.22655506 -0.06266659
v 0.13846357 -0.23156033 -0.06266659
v 0.13399439 -0.23544319 -0.06266659
v 0.12938364 -0.23884368 -0.06266659
v 0.12382954 -0.24337764 -0.06266659
v 0.116135776 -0.24855128 -0.06266659
v 0.10834835 -0.25319377 -0.06266659
v 0.098988585 -0.25693783 -0.06266659
v 0.09112641 -0.25940868 -0.06266659
v 0.06484427 -0.26285312 -0.06266659
v 0.07023551 -0.26262847 -0.06266659
v 0.07674988 -0.26202944 -0.06266659
v 0.084162824 -0.26098123 -0.06266659
v 0.17346917 0.1137192 -0.06266659
v 0.17003891 0.11866864 -0.06266659
v -0.018148955 0.08901527 -0.06266659
v 0.16403446 0.12667452 -0.06266659
v 0.15591078 0.1365642 -0.06266659
v 0.1493176 0.1441055 -0.06266659
v 0.14072306 0.15281153 -0.06266659
v 0.13399439 0.15905152 -0.06266659
v 0.12388696 0.16905898 -0.06266659
v 0.122897424 0.16615802 -0.06266659
v 0.1278899 0.16564474 -0.06266659
v -0.02585168 0.11858628 -0.06266659
v 0.17828023 0.10677741 -0.06266659
v 0.18569759 0.09429752 -0.06266659
v 0.1911134 0.08405466 -0.06266659
v 0.19570495 0.07392947 -0.06266659
v 0.20206271 0.058837105 -0.06266659
v 0.20359313 0.053443726 -0.06266659
v 0.20865586 0.037902713 -0.06266659
v 0.21364473 0.015711335 -0.06266659
v 0.21590476 0.0043363846 -0.06266659
v 0.21688394 -0.0062099095 -0.06266659
v 0.21763729 -0.016605534 -0.06266659
v 0.21801393 -0.026431287 -0.06266659
v 0.21793857 -0.031822246 -0.06266659
v 0.038529463 0.2666609 -0.06266659
v 0.037616946 0.26814488 -0.06266659
v -0.0056372974 0.3013526 -0.06266659
v 0.037564367 0.26982707 -0.06266659
v 0.037616946 0.27313918 -0.06266659
v 0.038095444 0.28494984 -0.06266659
v 0.038255326 0.2967748 -0.06266659
v 0.038335193 0.30812037 -0.06266659
v -0.0052952217 0.30330727 -0.06266659
v -0.0037586817 0.30399612 -0.06266659
v -0.0010566716 0.30532062 -0.06266659
v 0.0013805819 0.30669823 -0.06266659
v 0.0034999258 0.30844665 -0.06266659
v 0.0072616832 0.31083077 -0.06266659
v 0.010599509 0.3127382 -0.06266659
v 0.014982047 0.3146423 -0.06266659
v 0.017016534 0.3155316 -0.06266659
v 0.019226974 0.31646088 -0.06266659
v 0.021562899 0.31739032 -0.06266659
v 0.02710861 0.31879118 -0.06266659
v 0.038574856 0.3146423 -0.06266659
v 0.03090462 0.3196258 -0.06266659
v 0.03346139 0.32010525 -0.06266659
v 0.038654804 0.31658968 -0.06266659
v 0.03513919 0.32010525 -0.06266659
v 0.038095444 0.3182676 -0.06266659
v 0.036976866 0.31954592 -0.06266659
v 0.09831964 0.21221058 -0.06266659
v -0.048373606 0.15599161 -0.06266659
v -0.09958929 0.13748966 -0.06266659
v -0.09614942 0.13768195 -0.06266659
v -0.09652459 0.14152215 -0.06266659
v -0.06837622 0.19846097 -0.06266659
v -0.11007388 0.16958849 -0.06266659
v -0.10926726 0.16442679 -0.06266659
v -0.107976854 0.15958782 -0.06266659
v -0.10587996 0.15394233 -0.06266659
v -0.10346048 0.14910336 -0.06266659
v -0.09991186 0.14458683 -0.06266659
v -0.069689706 0.12920557 -0.06266659
v -0.12813942 0.08587342 -0.06266659
v -0.12733291 0.09087385 -0.06266659
v -0.12523602 0.097325824 -0.06266659
v -0.120558344 0.1070038 -0.06266659
v -0.11491286 0.116681896 -0.06266659
v -0.109105945 0.12442426 -0.06266659
v -0.10281527 0.13313457 -0.06266659
v -0.10024317 0.13660686 -0.06266659
v 0.10304793 0.2056744 -0.06266659
v 0.10917019 0.19496053 -0.06266659
v 0.11399724 0.1864836 -0.06266659
v 0.11847114 0.17730035 -0.06266659
v 0.121414594 0.17117819 -0.06266659
v 0.09504207 0.21674137 -0.06266659
v 0.08797788 0.2251005 -0.06266659
v 0.08362173 0.22937389 -0.06266659
v 0.07785283 0.23345967 -0.06266659
v 0.07373209 0.2353435 -0.06266659
v 0.069258206 0.23616765 -0.06266659
v 0.065726094 0.23628531 -0.06266659
v 0.059610933 0.23359469 -0.06266659
v 0.06278277 0.23616765 -0.06266659
v 0.06078124 0.23581436 -0.06266659
v -0.11422914 0.24163719 -0.06266659
v -0.098490745 0.27374756 -0.06266659
v -0.11702808 0.24674831 -0.06266659
v -0.12181085 0.2546582 -0.06266659
v -0.12798025 0.26220307 -0.06266659
v -0.098932706 0.27610776 -0.06266659
v -0.1002548 0.2767216 -0.06266659
v -0.101624064 0.27747723 -0.06266659
v -0.10412671 0.2785159 -0.06266659
v -0.10672366 0.2796019 -0.06266659
v -0.10946236 0.28049907 -0.06266659
v -0.112248205 0.28144345 -0.06266659
v -0.11503408 0.2821989 -0.06266659
v -0.118292205 0.28290722 -0.06266659
v -0.13333468 0.26853096 -0.06266659
v -0.12181085 0.28342664 -0.06266659
v -0.12466657 0.28370985 -0.06266659
v -0.12787749 0.28370985 -0.06266659
v -0.13661282 0.27374688 -0.06266659
v -0.1304745 0.28356835 -0.06266659
v -0.13259922 0.28333214 -0.06266659
v -0.1348658 0.28267118 -0.06266659
v -0.13807656 0.27629662 -0.06266659
v -0.13642395 0.2817268 -0.06266659
v -0.13835996 0.27837422 -0.06266659
v -0.1378877 0.28016853 -0.06266659
v -0.079669155 0.24112327 -0.06266659
v 0.034515448 0.26496404 -0.06266659
v -0.064611755 0.28504047 -0.06266659
v -0.0070436494 0.30304238 -0.06266659
v -0.06474166 0.2855582 -0.06266659
v -0.062569305 0.28677687 -0.06266659
v -0.05880754 0.28905508 -0.06266659
v -0.055310685 0.2911743 -0.06266659
v -0.052025855 0.29308173 -0.06266659
v -0.04863487 0.295042 -0.06266659
v -0.045720823 0.2967375 -0.06266659
v -0.0427539 0.29837987 -0.06266659
v -0.039733846 0.30007544 -0.06266659
v -0.03654241 0.3016649 -0.06266659
v -0.033428952 0.30304238 -0.06266659
v -0.031415634 0.30394313 -0.06266659
v -0.028925372 0.30500284 -0.06266659
v -0.026541261 0.30579755 -0.06266659
v -0.023627212 0.3059564 -0.06266659
v -0.021136964 0.30579755 -0.06266659
v -0.018117035 0.30547962 -0.06266659
v -0.015202984 0.30500284 -0.06266659
v -0.011600107 0.30410212 -0.06266659
v -0.008792075 0.30336028 -0.06266659
v -0.11088263 0.22394489 -0.06266659
v -0.110821776 0.22937389 -0.06266659
v -0.1108218 0.23190191 -0.06266659
v -0.06601315 0.2851343 -0.06266659
v -0.06786759 0.28524032 -0.06266659
v -0.071258426 0.28529334 -0.06266659
v -0.07475528 0.28524032 -0.06266659
v -0.07851704 0.2851343 -0.06266659
v -0.081802 0.28497538 -0.06266659
v -0.08429212 0.2843926 -0.06266659
v -0.08630546 0.28354487 -0.06266659
v -0.08879557 0.28222024 -0.06266659
v -0.09203875 0.28002685 -0.06266659
v -0.09444688 0.27827987 -0.06266659
v -0.09595784 0.27719384 -0.06266659
v -0.09761048 0.27629662 -0.06266659
v -0.11167367 0.23603943 -0.06266659
v -0.07715956 0.21602784 -0.06266659
v -0.015675519 0.21728265 -0.06266659
v 0.039942216 0.26465937 -0.06266659
v 0.05584662 0.23861383 -0.06266659
v 0.04288568 0.26065645 -0.06266659
v 0.045946676 0.25641784 -0.06266659
v 0.048191868 0.25346956 -0.06266659
v 0.048725996 0.2527682 -0.06266659
v 0.051127005 0.2497071 -0.06266659
v 0.053952664 0.24593954 -0.06266659
v 0.057013806 0.24158327 -0.06266659
v -0.11007388 0.17297581 -0.06266659
v -0.11094346 0.21851592 -0.06266659
v -0.11152556 0.175234 -0.06266659
v -0.112647116 0.17762761 -0.06266659
v -0.11374241 0.18054819 -0.06266659
v -0.11471591 0.18395554 -0.06266659
v -0.11556774 0.18943162 -0.06266659
v -0.11581115 0.19600295 -0.06266659
v -0.11495934 0.20184414 -0.06266659
v -0.113377295 0.20853727 -0.06266659
v -0.111916974 0.21474336 -0.06266659
v -0.1366884 0.07409858 -0.06266659
v -0.1333874 0.0741584 -0.06266659
v -0.13233332 0.08006665 -0.06266659
v -0.16992585 -0.059961177 -0.06266659
v -0.17072289 -0.057038784 -0.06266659
v -0.17056158 -0.052038528 -0.06266659
v -0.16991638 -0.04026354 -0.06266659
v -0.16846465 -0.026431287 -0.06266659
v -0.16669026 -0.0139716 -0.06266659
v -0.16394816 0.0028036872 -0.06266659
v -0.15975438 0.020546759 -0.06266659
v -0.15604448 0.033289544 -0.06266659
v -0.15281849 0.04296751 -0.06266659
v -0.1495925 0.05151651 -0.06266659
v -0.1457213 0.058837105 -0.06266659
v -0.14362429 0.06296877 -0.06266659
v -0.14039831 0.06861425 -0.06266659
v -0.16975507 -0.060587395 -0.06266659
v 0.021598285 -0.26762944 -0.06266659
v 0.008611909 -0.26738894 -0.06266659
v -0.004615066 -0.26618657 -0.06266659
v -0.021208724 -0.26257914 -0.06266659
v -0.03654241 -0.25825033 -0.06266659
v -0.04621964 -0.25584546 -0.06266659
v -0.058244187 -0.25175717 -0.06266659
v -0.07243301 -0.24502347 -0.06266659
v -0.085178934 -0.23732789 -0.06266659
v -0.09744393 -0.22818922 -0.06266659
v -0.10754438 -0.22001258 -0.06266659
v -0.11643876 -0.20948182 -0.06266659
v -0.1705124 -0.06266269 -0.06266659
v -0.1708556 -0.06540861 -0.06266659
v -0.1706268 -0.07147247 -0.06266659
v -0.13024665 -0.19077812 -0.06266659
v -0.11993959 -0.20393877 -0.06266659
v -0.16858403 -0.088806264 -0.06266659
v -0.16545442 -0.10471491 -0.06266659
v -0.16388965 -0.1116997 -0.06266659
v -0.15919529 -0.12922987 -0.06266659
v -0.15293616 -0.14696412 -0.06266659
v -0.14511223 -0.16339435 -0.06266659
v -0.13728829 -0.1785207 -0.06266659
v 0.25415128 0.063996024 -0.08486475
v 0.21859372 0.05913454 -0.08085877
v 0.2532773 0.06347356 -0.08476628
v 0.24952011 0.060971644 -0.084342994
v 0.24167465 0.05507803 -0.08345912
v 0.23416054 0.05001841 -0.08261255
v 0.22736478 0.046182033 -0.081846945
v 0.15068172 0.09851305 -0.07320771
v 0.13726582 0.05062402 -0.07169626
v 0.18385361 0.07539482 -0.0769449
v 0.13942818 0.04992765 -0.07193988
v 0.14480637 0.046620265 -0.07254579
v 0.15187751 0.042911973 -0.073342435
v 0.15984501 0.039805047 -0.07424005
v 0.16994229 0.036995683 -0.075377636
v 0.18134575 0.034756552 -0.07666236
v 0.18598217 0.034784023 -0.077184714
v 0.19117571 0.03483962 -0.07776983
v 0.1995186 0.03628526 -0.078709744
v 0.20802712 0.0385092 -0.079668336
v 0.214823 0.040455215 -0.080433965
v 0.22119294 0.04312402 -0.081151605
v 0.11865594 0.12083264 -0.06959964
v 0.10000215 0.069839194 -0.06749808
v 0.1087587 0.06410446 -0.0684846
v 0.11682031 0.059348788 -0.06939284
v 0.12529904 0.05529238 -0.07034806
v 0.13195868 0.05233301 -0.07109835
v 0.092635475 0.07641325 -0.066668145
v 0.08705445 0.08169781 -0.06603936
v 0.085543446 0.083771415 -0.06586913
v 0.072831705 0.15276866 -0.064437024
v 0.07025825 0.14633076 -0.06414709
v 0.068141885 0.13701291 -0.06390866
v 0.068141885 0.1290261 -0.06390866
v 0.06920006 0.11811074 -0.06402787
v 0.080300555 0.09096594 -0.06527846
v 0.07190937 0.108266495 -0.0643331
v 0.07600264 0.09879239 -0.064794265
v 0.21481097 0.14960179 -0.08043261
v 0.16446394 0.10059841 -0.07476043
v 0.15914665 0.12872891 -0.07416139
v 0.16327189 0.14345409 -0.07462614
v 0.1673695 0.15522486 -0.07508778
v 0.17011473 0.16173677 -0.07539707
v 0.17529587 0.16822946 -0.075980775
v 0.18045709 0.17469512 -0.07656225
v 0.13726582 0.171706 -0.07169626
v 0.14736837 0.16822946 -0.072834425
v 0.1587415 0.16213147 -0.074115746
v 0.12170376 0.17494445 -0.06994301
v 0.10866471 0.17610303 -0.06847402
v 0.09524112 0.17372794 -0.0669617
v 0.085947864 0.16971986 -0.065914705
v 0.0843322 0.16822946 -0.06573267
v 0.07385186 0.15532075 -0.06455195
v 0.07886735 0.16318828 -0.065117
v 0.18600576 0.17931159 -0.07718736
v 0.19405958 0.18443048 -0.07809472
v 0.20310257 0.18798517 -0.07911352
v 0.2606255 0.06786593 -0.08559414
v 0.26620585 0.07198047 -0.08622283
v 0.26985234 0.07581685 -0.086633645
v 0.27311203 0.07982003 -0.0870009
v 0.27567935 0.083771415 -0.08729013
v 0.2818279 0.09394521 -0.08798283
v 0.2846656 0.103226304 -0.088302545
v 0.28750333 0.11536306 -0.088622235
v 0.28868574 0.12512009 -0.08875545
v 0.28679404 0.13844685 -0.08854232
v 0.28324667 0.1498697 -0.08814267
v 0.2782806 0.16057865 -0.087583184
v 0.27164194 0.16822946 -0.086835265
v 0.26383987 0.17557985 -0.085956275
v 0.2552577 0.18127216 -0.08498939
v 0.24667554 0.1857866 -0.08402252
v 0.23602454 0.18883838 -0.08282256
v 0.2241557 0.1909712 -0.081485406
v 0.22119294 0.19089168 -0.081151605
v 0.21355854 0.19068685 -0.08029151
v 0.25804266 0.15428667 -0.08961292
v 0.2509584 0.15428667 -0.088814795
v 0.26199064 0.15282296 -0.09005769
v 0.24613045 0.15282296 -0.088270865
v 0.26448712 0.13832645 -0.09033896
v 0.2393345 0.14995655 -0.08750522
v 0.2446611 0.11077104 -0.088105336
v 0.23915076 0.11428299 -0.08748453
v 0.23437515 0.119643286 -0.08694651
v 0.23125267 0.12814586 -0.08659472
v 0.23492615 0.14607511 -0.08700859
v 0.23198746 0.14126936 -0.08667751
v 0.23070168 0.13479996 -0.086532645
v 0.26552063 0.15151419 -0.090455405
v 0.27063704 0.14781755 -0.09103183
v 0.2739169 0.14385702 -0.09140133
v 0.24990885 0.10887148 -0.088696554
v 0.25607476 0.10847547 -0.089391224
v 0.2626345 0.11071978 -0.09013023
v 0.26880038 0.11454842 -0.0908249
v 0.2727361 0.119697236 -0.0912683
v 0.2750976 0.12471404 -0.091534354
v 0.27693424 0.13157903 -0.091741264
v 0.27627832 0.13870823 -0.09166737
v 0.23000677 0.21497433 -0.0863383
v 0.22682321 0.1659336 -0.08597963
v 0.23759814 0.2122635 -0.08719355
v 0.24249604 0.20708838 -0.08774536
v 0.24690388 0.20117386 -0.08824195
v 0.25033242 0.19156283 -0.08862821
v 0.23759814 0.16716573 -0.08719355
v 0.25057712 0.18071973 -0.08865577
v 0.24665904 0.17209445 -0.08821436
v 0.22510898 0.21349566 -0.0857865
v 0.21947661 0.20955272 -0.08515195
v 0.21720374 0.20711294 -0.08489587
v 0.21213003 0.20166676 -0.08432426
v 0.2074772 0.19279508 -0.08380008
v 0.21720374 0.16667283 -0.08489587
v 0.20502833 0.18441623 -0.08352418
v 0.21066073 0.1706158 -0.08415874
v 0.20600787 0.17653023 -0.08363455
v 0.19505017 0.14176658 -0.08237606
v 0.19896398 0.1471638 -0.08281701
v 0.14386718 0.16995819 -0.07660971
v 0.20169125 0.154298 -0.08312427
v 0.20217037 0.15838447 -0.083178245
v 0.20073287 0.16336767 -0.08301629
v 0.19769779 0.16786861 -0.08267435
v 0.19338505 0.17188723 -0.08218848
v 0.18795398 0.17526294 -0.0815766
v 0.18204388 0.17735255 -0.08091076
v 0.17565449 0.17847775 -0.08019092
v 0.16862616 0.17896001 -0.0793991
v 0.1612783 0.17896001 -0.078571275
v 0.1534513 0.1778348 -0.077689484
v 0.14786045 0.17606656 -0.077059604
v 0.14402683 0.17333384 -0.07662771
v 0.14498527 0.1646537 -0.07673569
v 0.14754115 0.15950976 -0.077023625
v 0.15120211 0.154298 -0.07743608
v 0.15409023 0.15018654 -0.077761464
v 0.15936145 0.1434353 -0.07835531
v 0.16463275 0.13780911 -0.07894919
v 0.18983173 0.13739035 -0.08178816
v 0.18142422 0.13374346 -0.080840945
v 0.17549475 0.13298665 -0.08017292
v 0.16974418 0.13362974 -0.07952505
v 0.17013721 -0.33349383 -0.07222877
v 0.18121532 -0.3331911 -0.07222877
v 0.16200867 -0.19104432 -0.07222877
v 0.10428987 -0.05676141 -0.07222877
v 0.10420617 -0.05858014 -0.07222877
v 0.10686045 -0.056761432 -0.07222877
v 0.14755806 -0.123608015 -0.07222877
v 0.112884305 -0.05676946 -0.07222877
v 0.11846178 -0.057051033 -0.07222877
v 0.123532034 -0.057445377 -0.07222877
v 0.1283208 -0.05812145 -0.07222877
v 0.13529171 -0.058984783 -0.07222877
v 0.14201121 -0.060681302 -0.07222877
v 0.14866969 -0.06267886 -0.07222877
v 0.15441237 -0.06467626 -0.07222877
v 0.16115393 -0.06700663 -0.07222877
v 0.16706319 -0.069586806 -0.07222877
v 0.17288928 -0.072666205 -0.07222877
v 0.17746685 -0.075496055 -0.07222877
v 0.18104565 -0.078159384 -0.07222877
v 0.18355806 -0.0802793 -0.07222877
v 0.18509282 -0.0818142 -0.07222877
v 0.18632072 -0.08334896 -0.07222877
v 0.18745226 -0.084681444 -0.07222877
v 0.18818885 -0.08587423 -0.07222877
v 0.18853976 -0.086593345 -0.07222877
v 0.18882033 -0.0872423 -0.07222877
v 0.18878517 -0.087803476 -0.07222877
v 0.18875019 -0.088347286 -0.07222877
v 0.18943416 -0.0889786 -0.07222877
v 0.18781357 -0.33300957 -0.07222877
v 0.19053917 -0.09001345 -0.07222877
v 0.19154449 -0.090974025 -0.07222877
v 0.19342981 -0.09283512 -0.07222877
v 0.19154449 -0.33288842 -0.07222877
v 0.19519886 -0.33276737 -0.07222877
v 0.19931537 -0.33252534 -0.07222877
v 0.20300797 -0.3322831 -0.07222877
v 0.20615585 -0.33191997 -0.07222877
v 0.20894042 -0.3316172 -0.07222877
v 0.21196726 -0.33107242 -0.07222877
v 0.21517554 -0.33034596 -0.07222877
v 0.21862607 -0.32961953 -0.07222877
v 0.22153175 -0.32895365 -0.07222877
v 0.22480074 -0.3279246 -0.07222877
v 0.22740376 -0.326835 -0.07222877
v 0.23036996 -0.32544264 -0.07222877
v 0.23291242 -0.3241714 -0.07222877
v 0.2348496 -0.32302126 -0.07222877
v 0.23666568 -0.32156834 -0.07222877
v 0.23854227 -0.31993392 -0.07222877
v 0.23987404 -0.3181783 -0.07222877
v 0.24126644 -0.3162412 -0.07222877
v 0.24253766 -0.31381974 -0.07222877
v 0.24356666 -0.31121674 -0.07222877
v 0.24417205 -0.3077057 -0.07222877
v 0.2447774 -0.30443677 -0.07222877
v 0.2445354 -0.30001768 -0.07222877
v 0.24441428 -0.29602242 -0.07222877
v 0.24483795 -0.29263237 -0.07222877
v 0.24508019 -0.28869754 -0.07222877
v 0.24520123 -0.28615505 -0.07222877
v 0.24520123 -0.28318882 -0.07222877
v 0.24501963 -0.2779827 -0.07222877
v 0.24489851 -0.27252474 -0.07222877
v 0.2447774 -0.26841828 -0.07222877
v 0.24437232 -0.2600687 -0.07222877
v 0.24397193 -0.2545974 -0.07222877
v 0.24337135 -0.24905948 -0.07222877
v 0.24263747 -0.2433213 -0.07222877
v 0.24177015 -0.23678239 -0.07222877
v 0.24070254 -0.22984314 -0.07222877
v 0.23956823 -0.22290395 -0.07222877
v 0.23803358 -0.21569796 -0.07222877
v 0.23659055 -0.20889218 -0.07222877
v 0.23482545 -0.20072892 -0.07222877
v 0.23276642 -0.19256565 -0.07222877
v 0.23146835 -0.18784069 -0.07222877
v 0.22895546 -0.17998004 -0.07222877
v 0.22652364 -0.17187409 -0.07222877
v 0.22425392 -0.16465972 -0.07222877
v 0.2241729 -0.16206585 -0.07222877
v 0.22409193 -0.15841809 -0.07222877
v 0.22401075 -0.1543651 -0.07222877
v 0.22344337 -0.15039316 -0.07222877
v 0.22271375 -0.14642118 -0.07222877
v 0.22176014 -0.1430286 -0.07222877
v 0.22036369 -0.13657865 -0.07222877
v 0.21850193 -0.13006221 -0.07222877
v 0.2158422 -0.12347914 -0.07222877
v 0.21318237 -0.11809311 -0.07222877
v 0.20992413 -0.112108625 -0.07222877
v 0.20613396 -0.10678909 -0.07222877
v 0.20315276 -0.10315668 -0.07222877
v 0.20072888 -0.1004883 -0.07222877
v 0.19825049 -0.09768301 -0.07222877
v 0.19609888 -0.095504224 -0.07222877
v 0.0998811 -0.05707193 -0.07222877
v 0.15760638 -0.33373603 -0.07222877
v 0.14652844 -0.33355436 -0.07222877
v 0.13654007 -0.33307013 -0.07222877
v 0.12806506 -0.3326463 -0.07222877
v 0.11946905 -0.332162 -0.07222877
v 0.10686045 -0.3313222 -0.07222877
v 0.10142713 -0.33052495 -0.07222877
v 0.09504904 -0.3290633 -0.07222877
v 0.09053127 -0.32760164 -0.07222877
v 0.086677864 -0.32520995 -0.07222877
v 0.082824595 -0.3222867 -0.07222877
v 0.07897117 -0.3184333 -0.07222877
v 0.0760479 -0.31391558 -0.07222877
v 0.07392192 -0.30873334 -0.07222877
v 0.072061665 -0.30102655 -0.07222877
v 0.07006848 -0.29265538 -0.07222877
v 0.06754377 -0.27989945 -0.07222877
v 0.06621512 -0.27252474 -0.07222877
v 0.06289321 -0.25345716 -0.07222877
v 0.0581097 -0.22156708 -0.07222877
v 0.052661825 -0.18784069 -0.07222877
v 0.050535847 -0.17479487 -0.07222877
v 0.049207013 -0.16257028 -0.07222877
v 0.04840972 -0.1492828 -0.07222877
v 0.04774538 -0.13174318 -0.07222877
v 0.047878306 -0.11539944 -0.07222877
v 0.04840972 -0.10755984 -0.07222877
v 0.048861627 -0.10481564 -0.07222877
v 0.049263295 -0.10315668 -0.07222877
v 0.049765356 -0.1005981 -0.07222877
v 0.050920155 -0.09698308 -0.07222877
v 0.05225366 -0.093087465 -0.07222877
v 0.05424078 -0.08855447 -0.07222877
v 0.056662466 -0.08433198 -0.07222877
v 0.05939464 -0.07998531 -0.07222877
v 0.06218892 -0.076073185 -0.07222877
v 0.06566634 -0.0724717 -0.07222877
v 0.06988883 -0.068808 -0.07222877
v 0.07491862 -0.065082334 -0.07222877
v 0.07982408 -0.0626605 -0.07222877
v 0.084605515 -0.06079761 -0.07222877
v 0.089573205 -0.05905903 -0.07222877
v 0.095099665 -0.05769294 -0.07222877
v 0.21320823 -0.3101147 -0.07713525
v 0.2149992 -0.3119046 -0.07713525
v 0.24440204 -0.3113273 -0.07713525
v 0.22376847 -0.33173782 -0.07713525
v 0.22609274 -0.3327603 -0.07713525
v 0.2290322 -0.33386788 -0.07713525
v 0.23320715 -0.3350607 -0.07713525
v 0.23627448 -0.33578497 -0.07713525
v 0.2404919 -0.33646664 -0.07713525
v 0.24364446 -0.33710572 -0.07713525
v 0.24671173 -0.33753166 -0.07713525
v 0.28644824 -0.33315003 -0.07713525
v 0.28603277 -0.33425137 -0.07713525
v 0.28445646 -0.33591273 -0.07713525
v 0.2828803 -0.3373612 -0.07713525
v 0.28002596 -0.3385967 -0.07713525
v 0.2780237 -0.3391505 -0.07713525
v 0.27542493 -0.33966172 -0.07713525
v 0.27235764 -0.33987474 -0.07713525
v 0.26894963 -0.33991733 -0.07713525
v 0.26656395 -0.33991733 -0.07713525
v 0.26281497 -0.33966172 -0.07713525
v 0.2589384 -0.33923575 -0.07713525
v 0.25369832 -0.33863926 -0.07713525
v 0.24982171 -0.33804294 -0.07713525
v 0.22255675 -0.3312266 -0.07713525
v 0.11790098 -0.33083627 -0.07713525
v 0.11919134 -0.3317531 -0.07713525
v 0.18009627 -0.3188436 -0.07713525
v 0.12130393 -0.3331866 -0.07713525
v 0.12379392 -0.33439395 -0.07713525
v 0.1273778 -0.33601615 -0.07713525
v 0.13186723 -0.33820423 -0.07713525
v 0.13537574 -0.33952466 -0.07713525
v 0.13924268 -0.3411468 -0.07713525
v 0.14450541 -0.34325942 -0.07713525
v 0.14907023 -0.344844 -0.07713525
v 0.16009846 -0.34839794 -0.07713525
v 0.17174383 -0.35112017 -0.07713525
v 0.17991072 -0.35248145 -0.07713525
v 0.18822017 -0.3537202 -0.07713525
v 0.19265069 -0.35406098 -0.07713525
v 0.19699608 -0.35406098 -0.07713525
v 0.20095792 -0.3538053 -0.07713525
v 0.2046217 -0.35303852 -0.07713525
v 0.208328 -0.35193095 -0.07713525
v 0.21152304 -0.3504824 -0.07713525
v 0.21531461 -0.3482246 -0.07713525
v 0.21897824 -0.34507206 -0.07713525
v 0.22281246 -0.3328881 -0.07713525
v 0.22289757 -0.3345496 -0.07713525
v 0.22281246 -0.33855402 -0.07713525
v 0.2220882 -0.34166402 -0.07713525
v 0.05694104 -0.31053 -0.07713525
v 0.07987936 -0.3180085 -0.07713525
v 0.05816696 -0.30864722 -0.07713525
v 0.061028548 -0.30505195 -0.07713525
v 0.06359675 -0.30219036 -0.07713525
v 0.06697199 -0.2991819 -0.07713525
v 0.07042066 -0.29646704 -0.07713525
v 0.073502325 -0.29463267 -0.07713525
v 0.07731781 -0.2930184 -0.07713525
v 0.08047303 -0.29199117 -0.07713525
v 0.0834813 -0.2916243 -0.07713525
v 0.085829295 -0.29184452 -0.07713525
v 0.088764295 -0.29265156 -0.07713525
v 0.09294666 -0.29485276 -0.07713525
v 0.09896348 -0.29874167 -0.07713525
v 0.097964086 -0.33707806 -0.07713525
v 0.10351264 -0.3021169 -0.07713525
v 0.10798857 -0.3063726 -0.07713525
v 0.10881257 -0.33239037 -0.07713525
v 0.11129042 -0.3104818 -0.07713525
v 0.11400527 -0.3150309 -0.07713525
v 0.11554617 -0.31869963 -0.07713525
v 0.112964466 -0.33011353 -0.07713525
v 0.11605976 -0.32126778 -0.07713525
v 0.11466413 -0.32881045 -0.07713525
v 0.11507914 -0.32760328 -0.07713525
v 0.11590904 -0.32726362 -0.07713525
v 0.2141621 -0.30791354 -0.07713525
v 0.21548286 -0.305639 -0.07713525
v 0.21739054 -0.3032176 -0.07713525
v 0.21973853 -0.300356 -0.07713525
v 0.2221599 -0.29800797 -0.07713525
v 0.22376847 -0.29668716 -0.07713525
v 0.22570935 -0.29522845 -0.07713525
v 0.2281376 -0.29369485 -0.07713525
v 0.2312901 -0.29182044 -0.07713525
v 0.28688473 -0.33199343 -0.07713525
v 0.28692743 -0.3305024 -0.07713525
v 0.28688473 -0.32879835 -0.07713525
v 0.28611797 -0.3268813 -0.07713525
v 0.28492513 -0.32419747 -0.07713525
v 0.2839027 -0.3221099 -0.07713525
v 0.28258207 -0.31993732 -0.07713525
v 0.28121883 -0.31806287 -0.07713525
v 0.27849233 -0.31435654 -0.07713525
v 0.27597877 -0.31133178 -0.07713525
v 0.27393398 -0.30937216 -0.07713525
v 0.2716334 -0.30711436 -0.07713525
v 0.26835307 -0.30417484 -0.07713525
v 0.266223 -0.302556 -0.07713525
v 0.26341143 -0.30046856 -0.07713525
v 0.2601737 -0.2980828 -0.07713525
v 0.25557283 -0.29501545 -0.07713525
v 0.23410177 -0.290372 -0.07713525
v 0.23721161 -0.28917915 -0.07713525
v 0.24002333 -0.2887531 -0.07713525
v 0.24228115 -0.28909403 -0.07713525
v 0.24530593 -0.28981814 -0.07713525
v 0.24845839 -0.2909684 -0.07713525
v 0.25220734 -0.2929282 -0.07713525
v 0.21196079 -0.3078402 -0.07713525
v 0.21005301 -0.30549216 -0.07713525
v 0.20704477 -0.3020435 -0.07713525
v 0.20300905 -0.29808137 -0.07713525
v 0.117674105 -0.32163465 -0.07713525
v 0.19831309 -0.29463267 -0.07713525
v 0.19251643 -0.29074386 -0.07713525
v 0.18642634 -0.28736857 -0.07713525
v 0.18004271 -0.2853874 -0.07713525
v 0.17497991 -0.2842868 -0.07713525
v 0.17013714 -0.28391987 -0.07713525
v 0.16602807 -0.28406674 -0.07713525
v 0.16125871 -0.28472716 -0.07713525
v 0.15509522 -0.2862679 -0.07713525
v 0.14915195 -0.28890952 -0.07713525
v 0.14438258 -0.2917711 -0.07713525
v 0.14115393 -0.2938255 -0.07713525
v 0.13924268 -0.2954398 -0.07713525
v 0.13462363 -0.29896185 -0.07713525
v 0.13124837 -0.30197015 -0.07713525
v 0.12831332 -0.30505195 -0.07713525
v 0.12537834 -0.30879408 -0.07713525
v 0.122663535 -0.31246272 -0.07713525
v 0.1203889 -0.31605816 -0.07713525
v 0.1189214 -0.31877303 -0.07713525
v 0.118114345 -0.3206808 -0.07713525
v 0.11775764 -0.3307344 -0.07713525
v 0.11696551 -0.32994226 -0.07713525
v 0.117003076 -0.32918772 -0.07713525
v 0.11673909 -0.32782957 -0.07713525
v 0.08778535 -0.34015843 -0.07713525
v 0.07915215 -0.3423998 -0.07713525
v 0.07519003 -0.34298685 -0.07713525
v 0.07042066 -0.34298685 -0.07713525
v 0.056112546 -0.31180248 -0.07713525
v 0.05471688 -0.31451732 -0.07713525
v 0.05281055 -0.31921324 -0.07713525
v 0.05171002 -0.32471645 -0.07713525
v 0.0667518 -0.34276664 -0.07713525
v 0.05178341 -0.3292656 -0.07713525
v 0.06389017 -0.3426198 -0.07713525
v 0.061835777 -0.34210622 -0.07713525
v 0.05200345 -0.33212724 -0.07713525
v 0.05281055 -0.334402 -0.07713525
v 0.054716893 -0.3377038 -0.07713525
v 0.057653304 -0.3400518 -0.07713525
v 0.05963446 -0.34151933 -0.07713525
vt 0.072021484 0.56396484
vt 0.105895996 0.5053711
vt 0.05517578 0.5415039
vt 0.13024902 0.46313477
vt 0.11352539 0.4580078
vt 0.11352539 0.49194336
vt 0.03768921 0.5161133
vt 0.099975586 0.4543457
vt 0.08935547 0.4567871
vt 0.030776978 0.5053711
vt 0.06933594 0.46020508
vt 0.049621582 0.46606445
vt 0.028884888 0.47192383
vt 0.025665283 0.49731445
vt 0.020477295 0.4765625
vt 0.018508911 0.47998047
vt 0.018753052 0.484375
vt 0.13659668 0.4650879
vt 0.093566895 0.5883789
vt 0.14697266 0.46801758
vt 0.16699219 0.47558594
vt 0.10626221 0.6015625
vt 0.21887207 0.5083008
vt 0.21655273 0.5053711
vt 0.21801758 0.51171875
vt 0.12890625 0.62353516
vt 0.13183594 0.6230469
vt 0.12585449 0.62109375
vt 0.14025879 0.6191406
vt 0.14294434 0.61816406
vt 0.13757324 0.6191406
vt 0.21350098 0.5029297
vt 0.20788574 0.4987793
vt 0.19726562 0.4921875
vt 0.18493652 0.4855957
vt 0.11352539 0.6088867
vt 0.121154785 0.61621094
vt 0.10998535 0.60498047
vt 0.14868164 0.61279297
vt 0.15466309 0.60498047
vt 0.16882324 0.58740234
vt 0.2084961 0.5283203
vt 0.15808105 0.6010742
vt 0.21350098 0.51953125
vt 0.21350098 0.5317383
vt 0.18005371 0.5957031
vt 0.2208252 0.5366211
vt 0.23510742 0.54785156
vt 0.23742676 0.5527344
vt 0.1932373 0.60498047
vt 0.25024414 0.57421875
vt 0.19555664 0.6069336
vt 0.1998291 0.6074219
vt 0.21350098 0.6098633
vt 0.22399902 0.61279297
vt 0.22924805 0.60498047
vt 0.3251953 0.6152344
vt 0.31982422 0.6113281
vt 0.3251953 0.6196289
vt 0.32226562 0.6274414
vt 0.22106934 0.6254883
vt 0.22705078 0.62939453
vt 0.22009277 0.62158203
vt 0.2878418 0.67285156
vt 0.29589844 0.66552734
vt 0.28442383 0.67285156
vt 0.26293945 0.6567383
vt 0.3100586 0.64697266
vt 0.26245117 0.5683594
vt 0.25878906 0.5678711
vt 0.29516602 0.59277344
vt 0.25561523 0.56933594
vt 0.31347656 0.64160156
vt 0.31152344 0.60498047
vt 0.31347656 0.6064453
vt 0.30908203 0.80810547
vt 0.3095703 0.8100586
vt 0.4729004 0.6850586
vt 0.30810547 0.7998047
vt 0.4621582 0.83203125
vt 0.47607422 0.8222656
vt 0.3803711 0.84033203
vt 0.35058594 0.62060547
vt 0.34765625 0.6245117
vt 0.35327148 0.6191406
vt 0.52001953 0.7890625
vt 0.52197266 0.78564453
vt 0.48535156 0.6933594
vt 0.4831543 0.69091797
vt 0.4868164 0.6958008
vt 0.3605957 0.6196289
vt 0.35668945 0.6191406
vt 0.3671875 0.6225586
vt 0.31420898 0.70458984
vt 0.31176758 0.71777344
vt 0.31518555 0.7001953
vt 0.30981445 0.7338867
vt 0.3083496 0.7475586
vt 0.3076172 0.76416016
vt 0.3076172 0.7841797
vt 0.31933594 0.81591797
vt 0.33642578 0.82470703
vt 0.48999023 0.7011719
vt 0.37060547 0.8378906
vt 0.37841797 0.83984375
vt 0.35424805 0.83251953
vt 0.4909668 0.81152344
vt 0.5 0.8051758
vt 0.50683594 0.7998047
vt 0.51660156 0.79248047
vt 0.52197266 0.78222656
vt 0.5209961 0.77734375
vt 0.51171875 0.7475586
vt 0.50683594 0.7373047
vt 0.51464844 0.75683594
vt 0.50146484 0.7246094
vt 0.5 0.7211914
vt 0.49560547 0.71191406
vt 0.47875977 0.6879883
vt 0.46679688 0.68115234
vt 0.4597168 0.6772461
vt 0.45166016 0.671875
vt 0.43945312 0.66503906
vt 0.42871094 0.6586914
vt 0.4194336 0.6538086
vt 0.38598633 0.6333008
vt 0.37573242 0.6269531
vt 0.39746094 0.640625
vt 0.34228516 0.63378906
vt 0.33740234 0.6425781
vt 0.3305664 0.65527344
vt 0.32543945 0.66796875
vt 0.32080078 0.68066406
vt 0.31713867 0.6923828
vt 0.39990234 0.6425781
vt 0.40893555 0.64746094
vt 0.4892578 0.7001953
vt 0.5180664 0.7675781
vt 0.38061523 0.84033203
vt 0.3815918 0.84033203
vt 0.47143555 0.97558594
vt 0.47143555 0.96875
vt 0.46899414 0.97802734
vt 0.46362305 0.97998047
vt 0.45410156 0.9824219
vt 0.46923828 0.9355469
vt 0.43408203 0.9848633
vt 0.41186523 0.9873047
vt 0.46777344 0.9057617
vt 0.39990234 0.9873047
vt 0.39770508 0.9873047
vt 0.3930664 0.98535156
vt 0.38989258 0.98339844
vt 0.3876953 0.9790039
vt 0.3864746 0.9555664
vt 0.38378906 0.89990234
vt 0.46704102 0.89990234
vt 0.4658203 0.8847656
vt 0.38354492 0.8935547
vt 0.3840332 0.88916016
vt 0.3864746 0.88623047
vt 0.38964844 0.88427734
vt 0.39624023 0.8823242
vt 0.46484375 0.88134766
vt 0.46191406 0.87939453
vt 0.4580078 0.87841797
vt 0.45458984 0.8779297
vt 0.45214844 0.8779297
vt 0.45141602 0.8779297
vt 0.46313477 0.8461914
vt 0.46240234 0.85009766
vt 0.45776367 0.86083984
vt 0.38110352 0.85058594
vt 0.38183594 0.85498047
vt 0.38549805 0.86083984
vt 0.6269531 0.9277344
vt 0.7163086 0.8925781
vt 0.62646484 0.9145508
vt 0.6308594 0.89990234
vt 0.63378906 0.8925781
vt 0.6381836 0.8847656
vt 0.64404297 0.87597656
vt 0.6503906 0.8676758
vt 0.6567383 0.86035156
vt 0.6645508 0.8535156
vt 0.72216797 0.82958984
vt 0.71875 0.82958984
vt 0.7114258 0.8671875
vt 0.7089844 0.8310547
vt 0.67089844 0.84765625
vt 0.67871094 0.84277344
vt 0.7163086 0.8925781
vt 0.68652344 0.8378906
vt 0.69384766 0.83496094
vt 0.7001953 0.8330078
vt 0.70166016 0.83251953
vt 0.6303711 0.9355469
vt 0.63623047 0.94140625
vt 0.64501953 0.9458008
vt 0.65771484 0.9501953
vt 0.6713867 0.9501953
vt 0.68603516 0.94921875
vt 0.7001953 0.9458008
vt 0.7109375 0.9428711
vt 0.72265625 0.9375
vt 0.7368164 0.93115234
vt 0.7182617 0.90185547
vt 0.734375 0.9326172
vt 0.7998047 0.9238281
vt 0.7973633 0.9213867
vt 0.7841797 0.9277344
vt 0.7861328 0.91015625
vt 0.7832031 0.88671875
vt 0.73779297 0.93066406
vt 0.7480469 0.93115234
vt 0.75878906 0.93066406
vt 0.7714844 0.9301758
vt 0.8154297 0.8432617
vt 0.80908203 0.83984375
vt 0.7885742 0.8598633
vt 0.8041992 0.83740234
vt 0.7998047 0.8359375
vt 0.79345703 0.83447266
vt 0.78564453 0.83251953
vt 0.7314453 0.82910156
vt 0.7402344 0.8286133
vt 0.7504883 0.8286133
vt 0.75927734 0.82910156
vt 0.7675781 0.82958984
vt 0.7763672 0.8310547
vt 0.85839844 0.89990234
vt 0.85791016 0.9033203
vt 0.85595703 0.90771484
vt 0.8540039 0.9116211
vt 0.85058594 0.9165039
vt 0.84521484 0.921875
vt 0.8378906 0.92626953
vt 0.8300781 0.92822266
vt 0.8227539 0.9291992
vt 0.8129883 0.92822266
vt 0.80566406 0.9272461
vt 0.8588867 0.8955078
vt 0.859375 0.88964844
vt 0.85839844 0.88427734
vt 0.8178711 0.84375
vt 0.8232422 0.84521484
vt 0.8569336 0.87841797
vt 0.85498047 0.8730469
vt 0.8300781 0.84716797
vt 0.85253906 0.8676758
vt 0.8486328 0.8618164
vt 0.84521484 0.85791016
vt 0.8408203 0.8535156
vt 0.8359375 0.8496094
vt 0.94140625 0.52490234
vt 0.94140625 0.5205078
vt 0.9296875 0.51220703
vt 0.94140625 0.51464844
vt 0.91748047 0.4958496
vt 0.92041016 0.5
vt 0.9213867 0.49487305
vt 0.9404297 0.50878906
vt 0.9399414 0.5053711
vt 0.93847656 0.50146484
vt 0.9375 0.5
vt 0.9370117 0.49829102
vt 0.93408203 0.4958496
vt 0.9301758 0.49438477
vt 0.92626953 0.49438477
vt 0.9140625 0.49829102
vt 0.9399414 0.5263672
vt 0.9370117 0.52734375
vt 0.93115234 0.52685547
vt 0.92626953 0.5253906
vt 0.9213867 0.5234375
vt 0.9169922 0.52001953
vt 0.91308594 0.515625
vt 0.9111328 0.51123047
vt 0.9111328 0.5058594
vt 0.9111328 0.50439453
vt 0.9121094 0.5019531
vt 0.91308594 0.5
vt 0.94628906 0.5185547
vt 0.9609375 0.53271484
vt 0.9477539 0.51708984
vt 0.9506836 0.51464844
vt 0.95458984 0.51220703
vt 0.95654297 0.51171875
vt 0.9604492 0.51171875
vt 0.9628906 0.5136719
vt 0.96533203 0.5175781
vt 0.96972656 0.5253906
vt 0.9746094 0.5341797
vt 0.9785156 0.5488281
vt 0.9790039 0.54833984
vt 0.9790039 0.54589844
vt 0.97753906 0.54248047
vt 0.97802734 0.5493164
vt 0.97558594 0.5498047
vt 0.96972656 0.54833984
vt 0.96240234 0.5463867
vt 0.9550781 0.54296875
vt 0.9448242 0.5205078
vt 0.94189453 0.52441406
vt 0.94873047 0.5385742
vt 0.9428711 0.5336914
vt 0.94091797 0.52734375
vt 0.94140625 0.53222656
vt 0.94091797 0.52978516
vt 0.9902344 0.48364258
vt 0.98779297 0.48120117
vt 0.9824219 0.48388672
vt 0.98291016 0.47851562
vt 0.94677734 0.4897461
vt 0.95751953 0.48657227
vt 0.94677734 0.48486328
vt 0.9482422 0.4802246
vt 0.9501953 0.4765625
vt 0.9536133 0.47436523
vt 0.9589844 0.47387695
vt 0.9711914 0.484375
vt 0.96533203 0.47338867
vt 0.9716797 0.47485352
vt 0.97802734 0.4765625
vt 0.98876953 0.48608398
vt 0.98339844 0.48999023
vt 0.97753906 0.49389648
vt 0.9667969 0.5
vt 0.9614258 0.50341797
vt 0.94677734 0.4958496
vt 0.9482422 0.5
vt 0.9580078 0.5048828
vt 0.95410156 0.5053711
vt 0.94921875 0.5024414
vt 0.9511719 0.50439453
vt 0.75439453 0.6508789
vt 0.7597656 0.65527344
vt 0.7529297 0.6425781
vt 0.76660156 0.65478516
vt 0.75683594 0.63134766
vt 0.77978516 0.6513672
vt 0.7631836 0.6196289
vt 0.7714844 0.6088867
vt 0.7910156 0.6503906
vt 0.7817383 0.60009766
vt 0.7998047 0.6503906
vt 0.7919922 0.59228516
vt 0.8071289 0.6513672
vt 0.7998047 0.5878906
vt 0.81640625 0.65283203
vt 0.8046875 0.5854492
vt 0.81933594 0.57958984
vt 0.8354492 0.5751953
vt 0.8276367 0.65625
vt 0.8540039 0.5727539
vt 0.8378906 0.66064453
vt 0.8725586 0.57177734
vt 0.85498047 0.67041016
vt 0.890625 0.5722656
vt 0.8720703 0.6801758
vt 0.89990234 0.5732422
vt 0.90771484 0.57421875
vt 0.9223633 0.5776367
vt 0.88720703 0.68847656
vt 0.9370117 0.58154297
vt 0.9501953 0.5859375
vt 0.96240234 0.59033203
vt 0.96728516 0.5932617
vt 0.9711914 0.60009766
vt 0.9736328 0.6040039
vt 0.9785156 0.6142578
vt 0.98046875 0.62353516
vt 0.9814453 0.6333008
vt 0.97998047 0.64453125
vt 0.97558594 0.65527344
vt 0.97021484 0.6665039
vt 0.96240234 0.67871094
vt 0.95703125 0.68603516
vt 0.9501953 0.6928711
vt 0.94189453 0.6972656
vt 0.93310547 0.7001953
vt 0.92333984 0.703125
vt 0.89208984 0.6933594
vt 0.8955078 0.69677734
vt 0.89990234 0.7001953
vt 0.90527344 0.7026367
vt 0.91015625 0.7036133
vt 0.91796875 0.70410156
vt 0.6298828 0.8022461
vt 0.61572266 0.76416016
vt 0.62158203 0.8017578
vt 0.60546875 0.7714844
vt 0.6113281 0.7998047
vt 0.60009766 0.7763672
vt 0.60009766 0.796875
vt 0.59716797 0.7788086
vt 0.5942383 0.7832031
vt 0.5957031 0.7944336
vt 0.59228516 0.78759766
vt 0.59277344 0.7915039
vt 0.63623047 0.80126953
vt 0.6245117 0.7583008
vt 0.6430664 0.7998047
vt 0.6459961 0.796875
vt 0.64746094 0.7939453
vt 0.64746094 0.7890625
vt 0.6464844 0.7836914
vt 0.6455078 0.7788086
vt 0.64208984 0.7685547
vt 0.63720703 0.7602539
vt 0.63427734 0.7573242
vt 0.6298828 0.75634766
vt 0.78759766 0.71728516
vt 0.78027344 0.71777344
vt 0.79003906 0.7602539
vt 0.7753906 0.71875
vt 0.78027344 0.76220703
vt 0.7729492 0.71972656
vt 0.7709961 0.72314453
vt 0.76904297 0.72802734
vt 0.7680664 0.734375
vt 0.7675781 0.7421875
vt 0.7680664 0.7504883
vt 0.7705078 0.7573242
vt 0.77685547 0.7636719
vt 0.7734375 0.76171875
vt 0.81396484 0.75
vt 0.82470703 0.7441406
vt 0.8129883 0.7158203
vt 0.828125 0.71533203
vt 0.8339844 0.73779297
vt 0.8413086 0.73095703
vt 0.8417969 0.71435547
vt 0.84716797 0.7241211
vt 0.8491211 0.7192383
vt 0.8491211 0.7167969
vt 0.84716797 0.71484375
vt 0.7998047 0.75634766
vt 0.7998047 0.7163086
vt 0.79785156 0.23608398
vt 0.7998047 0.23278809
vt 0.79541016 0.23242188
vt 0.88671875 0.2052002
vt 0.86865234 0.12792969
vt 0.86328125 0.12683105
vt 0.8569336 0.12512207
vt 0.8491211 0.12359619
vt 0.8432617 0.122680664
vt 0.8364258 0.12219238
vt 0.82958984 0.12213135
vt 0.82373047 0.122558594
vt 0.81884766 0.12359619
vt 0.8154297 0.12524414
vt 0.8095703 0.12878418
vt 0.8046875 0.13232422
vt 0.7998047 0.13720703
vt 0.796875 0.140625
vt 0.79248047 0.14526367
vt 0.78759766 0.15039062
vt 0.7836914 0.15478516
vt 0.7807617 0.15856934
vt 0.77734375 0.16235352
vt 0.77490234 0.16540527
vt 0.7729492 0.16821289
vt 0.7709961 0.17102051
vt 0.76953125 0.17358398
vt 0.7685547 0.17700195
vt 0.7685547 0.18139648
vt 0.76904297 0.1875
vt 0.76953125 0.19104004
vt 0.7705078 0.19433594
vt 0.7714844 0.19726562
vt 0.77246094 0.19995117
vt 0.7729492 0.2010498
vt 0.7734375 0.20214844
vt 0.77441406 0.20336914
vt 0.7753906 0.2052002
vt 0.77734375 0.20690918
vt 0.77978516 0.21044922
vt 0.7832031 0.21459961
vt 0.78759766 0.2211914
vt 0.7910156 0.22570801
vt 0.8730469 0.12939453
vt 0.9511719 0.18481445
vt 0.9511719 0.18225098
vt 0.94921875 0.17578125
vt 0.94628906 0.1673584
vt 0.9433594 0.15856934
vt 0.9399414 0.15112305
vt 0.87841797 0.12731934
vt 0.88427734 0.12634277
vt 0.88916016 0.12585449
vt 0.89501953 0.12536621
vt 0.93603516 0.14489746
vt 0.89990234 0.125
vt 0.9321289 0.13830566
vt 0.90625 0.124694824
vt 0.9296875 0.13415527
vt 0.91259766 0.12432861
vt 0.92578125 0.12963867
vt 0.92285156 0.1270752
vt 0.9165039 0.12445068
vt 0.9199219 0.12524414
vt 0.81152344 0.29223633
vt 0.9003906 0.2644043
vt 0.8095703 0.28222656
vt 0.80908203 0.27490234
vt 0.80859375 0.2685547
vt 0.8076172 0.26391602
vt 0.7998047 0.2401123
vt 0.8022461 0.24475098
vt 0.8041992 0.25048828
vt 0.8066406 0.2578125
vt 0.9511719 0.18603516
vt 0.98535156 0.23779297
vt 0.9819336 0.22729492
vt 0.9785156 0.21777344
vt 0.97509766 0.21142578
vt 0.9711914 0.20495605
vt 0.96777344 0.19995117
vt 0.9663086 0.19750977
vt 0.9628906 0.19421387
vt 0.95996094 0.19116211
vt 0.95654297 0.18859863
vt 0.9536133 0.18701172
vt 0.9111328 0.30981445
vt 0.8286133 0.33984375
vt 0.92578125 0.3725586
vt 0.8364258 0.3569336
vt 0.9165039 0.37939453
vt 0.84472656 0.37231445
vt 0.9082031 0.3869629
vt 0.89990234 0.3930664
vt 0.8486328 0.3798828
vt 0.85302734 0.38891602
vt 0.8901367 0.39990234
vt 0.85595703 0.39331055
vt 0.8852539 0.40356445
vt 0.8588867 0.39794922
vt 0.8798828 0.40576172
vt 0.86035156 0.39990234
vt 0.8613281 0.4013672
vt 0.86328125 0.4025879
vt 0.8745117 0.40673828
vt 0.8647461 0.4038086
vt 0.8666992 0.40527344
vt 0.86865234 0.40600586
vt 0.8701172 0.40673828
vt 0.8720703 0.40698242
vt 0.93310547 0.36572266
vt 0.99121094 0.28051758
vt 0.9902344 0.28930664
vt 0.9892578 0.29516602
vt 0.98779297 0.30004883
vt 0.9863281 0.30664062
vt 0.98291016 0.31567383
vt 0.9399414 0.3605957
vt 0.98095703 0.32177734
vt 0.97802734 0.3269043
vt 0.9746094 0.3322754
vt 0.96972656 0.33789062
vt 0.96728516 0.3408203
vt 0.96435547 0.34326172
vt 0.9614258 0.34521484
vt 0.9589844 0.3466797
vt 0.9536133 0.3486328
vt 0.95166016 0.3503418
vt 0.94384766 0.3581543
vt 0.94628906 0.35595703
vt 0.94921875 0.35375977
vt 0.81347656 0.30004883
vt 0.81396484 0.30249023
vt 0.81640625 0.30981445
vt 0.8208008 0.3203125
vt 0.82421875 0.32983398
vt 0.99121094 0.27001953
vt 0.9897461 0.2607422
vt 0.98828125 0.24938965
vt 0.89990234 0.03930664
vt 0.88964844 0.04019165
vt 0.89990234 0.06591797
vt 0.8754883 0.041809082
vt 0.8935547 0.07110596
vt 0.8857422 0.07678223
vt 0.859375 0.04397583
vt 0.8769531 0.08203125
vt 0.8691406 0.08673096
vt 0.83984375 0.046691895
vt 0.86035156 0.09161377
vt 0.8535156 0.09460449
vt 0.8491211 0.0947876
vt 0.84472656 0.093933105
vt 0.8378906 0.09173584
vt 0.83203125 0.08892822
vt 0.8276367 0.048187256
vt 0.8251953 0.085510254
vt 0.81933594 0.08166504
vt 0.8129883 0.07727051
vt 0.8198242 0.04916382
vt 0.80859375 0.07366943
vt 0.80615234 0.07080078
vt 0.8198242 0.046569824
vt 0.8183594 0.0440979
vt 0.81640625 0.04220581
vt 0.81347656 0.04058838
vt 0.8105469 0.039215088
vt 0.80615234 0.038604736
vt 0.8022461 0.038604736
vt 0.7998047 0.03881836
vt 0.7949219 0.039520264
vt 0.78808594 0.04071045
vt 0.80322266 0.07336426
vt 0.7998047 0.075683594
vt 0.78125 0.042297363
vt 0.79785156 0.07714844
vt 0.7949219 0.07849121
vt 0.7915039 0.080078125
vt 0.77197266 0.04449463
vt 0.7866211 0.08154297
vt 0.78222656 0.081848145
vt 0.7783203 0.081848145
vt 0.7734375 0.0814209
vt 0.76220703 0.047973633
vt 0.7705078 0.08062744
vt 0.76708984 0.07904053
vt 0.7636719 0.07714844
vt 0.7597656 0.074401855
vt 0.7558594 0.07110596
vt 0.7529297 0.06732178
vt 0.7558594 0.050354004
vt 0.75097656 0.06390381
vt 0.7529297 0.052246094
vt 0.75097656 0.054748535
vt 0.7495117 0.060638428
vt 0.7495117 0.05795288
vt 0.90625 0.060028076
vt 0.91064453 0.054748535
vt 0.90234375 0.039093018
vt 0.91308594 0.050750732
vt 0.9057617 0.039001465
vt 0.9091797 0.039398193
vt 0.9145508 0.046173096
vt 0.91259766 0.039916992
vt 0.9140625 0.04119873
vt 0.91503906 0.043304443
vt 0.7036133 0.099975586
vt 0.7001953 0.09588623
vt 0.7001953 0.099975586
vt 0.3017578 0.28173828
vt 0.5605469 0.2697754
vt 0.30322266 0.2668457
vt 0.515625 0.01826477
vt 0.30566406 0.25073242
vt 0.30981445 0.23205566
vt 0.3149414 0.21398926
vt 0.31933594 0.19995117
vt 0.3215332 0.19372559
vt 0.3244629 0.18640137
vt 0.32861328 0.17687988
vt 0.33276367 0.16809082
vt 0.33740234 0.15917969
vt 0.50634766 0.019485474
vt 0.5 0.020095825
vt 0.49194336 0.021591187
vt 0.48706055 0.022644043
vt 0.484375 0.0231781
vt 0.33813477 0.15539551
vt 0.3408203 0.14611816
vt 0.34570312 0.13256836
vt 0.35351562 0.11480713
vt 0.36157227 0.099975586
vt 0.36401367 0.09588623
vt 0.36889648 0.08929443
vt 0.37451172 0.08215332
vt 0.3803711 0.074279785
vt 0.38867188 0.06530762
vt 0.3947754 0.059417725
vt 0.39990234 0.054870605
vt 0.40551758 0.05090332
vt 0.41186523 0.045562744
vt 0.42089844 0.039489746
vt 0.43017578 0.034057617
vt 0.4411621 0.029663086
vt 0.4501953 0.026779175
vt 0.48120117 0.022735596
vt 0.47485352 0.022994995
vt 0.46704102 0.0236969
vt 0.4584961 0.024932861
vt 0.35375977 0.46435547
vt 0.35766602 0.47021484
vt 0.5786133 0.43530273
vt 0.3647461 0.4794922
vt 0.37426758 0.49121094
vt 0.38208008 0.5
vt 0.39208984 0.5102539
vt 0.39990234 0.5175781
vt 0.41186523 0.5292969
vt 0.41308594 0.5258789
vt 0.40722656 0.5253906
vt 0.58740234 0.4699707
vt 0.34814453 0.45629883
vt 0.33935547 0.4416504
vt 0.3330078 0.4296875
vt 0.32763672 0.4177246
vt 0.32006836 0.39990234
vt 0.31835938 0.3935547
vt 0.3125 0.37548828
vt 0.30664062 0.34936523
vt 0.30395508 0.33618164
vt 0.30273438 0.32373047
vt 0.30200195 0.31152344
vt 0.30151367 0.30004883
vt 0.30151367 0.29370117
vt 0.51171875 0.6435547
vt 0.5131836 0.6455078
vt 0.56396484 0.6845703
vt 0.5131836 0.64746094
vt 0.5131836 0.6513672
vt 0.5126953 0.66503906
vt 0.51220703 0.6791992
vt 0.51220703 0.6923828
vt 0.56347656 0.68652344
vt 0.56152344 0.6875
vt 0.55859375 0.68896484
vt 0.55566406 0.69091797
vt 0.55322266 0.6928711
vt 0.5488281 0.6953125
vt 0.5449219 0.6977539
vt 0.5395508 0.7001953
vt 0.5371094 0.7011719
vt 0.53466797 0.70214844
vt 0.5317383 0.703125
vt 0.5253906 0.7050781
vt 0.51171875 0.7001953
vt 0.5209961 0.7060547
vt 0.5180664 0.70654297
vt 0.51171875 0.70214844
vt 0.5161133 0.70654297
vt 0.5126953 0.70410156
vt 0.5136719 0.7055664
vt 0.44189453 0.5800781
vt 0.61376953 0.51416016
vt 0.6738281 0.4921875
vt 0.6699219 0.49243164
vt 0.67041016 0.4970703
vt 0.63720703 0.56396484
vt 0.68603516 0.52978516
vt 0.6850586 0.5239258
vt 0.68359375 0.5180664
vt 0.68115234 0.51171875
vt 0.67871094 0.5058594
vt 0.6743164 0.5004883
vt 0.6386719 0.48242188
vt 0.70751953 0.43164062
vt 0.70654297 0.4375
vt 0.70410156 0.44506836
vt 0.69873047 0.45654297
vt 0.69189453 0.46777344
vt 0.6850586 0.47680664
vt 0.6777344 0.48706055
vt 0.6748047 0.49121094
vt 0.4362793 0.5722656
vt 0.42919922 0.5595703
vt 0.42333984 0.5498047
vt 0.4182129 0.5390625
vt 0.41479492 0.5317383
vt 0.44580078 0.58496094
vt 0.45385742 0.59521484
vt 0.45898438 0.60009766
vt 0.4658203 0.60498047
vt 0.47070312 0.6069336
vt 0.47583008 0.60791016
vt 0.47998047 0.60791016
vt 0.4873047 0.60498047
vt 0.48339844 0.60791016
vt 0.48583984 0.6074219
vt 0.69091797 0.6142578
vt 0.67285156 0.65185547
vt 0.69433594 0.62060547
vt 0.7001953 0.6298828
vt 0.70703125 0.6386719
vt 0.67333984 0.65478516
vt 0.6748047 0.6557617
vt 0.67626953 0.65625
vt 0.6791992 0.65771484
vt 0.6821289 0.6586914
vt 0.6855469 0.66015625
vt 0.68896484 0.6611328
vt 0.69189453 0.6621094
vt 0.6958008 0.66259766
vt 0.7133789 0.6459961
vt 0.7001953 0.6635742
vt 0.703125 0.6635742
vt 0.70703125 0.6635742
vt 0.71728516 0.65185547
vt 0.70996094 0.6635742
vt 0.7128906 0.66308594
vt 0.71533203 0.66259766
vt 0.7192383 0.65527344
vt 0.71728516 0.6616211
vt 0.7192383 0.65722656
vt 0.71875 0.65966797
vt 0.6503906 0.61376953
vt 0.51660156 0.64160156
vt 0.6328125 0.66552734
vt 0.5654297 0.68652344
vt 0.6333008 0.6660156
vt 0.6303711 0.66748047
vt 0.62597656 0.6699219
vt 0.6220703 0.6723633
vt 0.61816406 0.6748047
vt 0.6142578 0.6772461
vt 0.61083984 0.6791992
vt 0.6074219 0.68115234
vt 0.6035156 0.68310547
vt 0.60009766 0.6845703
vt 0.5961914 0.68652344
vt 0.59375 0.6875
vt 0.5913086 0.68847656
vt 0.5883789 0.6894531
vt 0.58496094 0.6899414
vt 0.58203125 0.6894531
vt 0.5786133 0.6894531
vt 0.5751953 0.68847656
vt 0.5708008 0.6875
vt 0.5673828 0.6870117
vt 0.6870117 0.59375
vt 0.6870117 0.60009766
vt 0.6870117 0.60302734
vt 0.6347656 0.66552734
vt 0.63671875 0.66552734
vt 0.640625 0.66552734
vt 0.64501953 0.66552734
vt 0.64941406 0.66552734
vt 0.6533203 0.66503906
vt 0.6557617 0.6645508
vt 0.6582031 0.6635742
vt 0.6611328 0.6621094
vt 0.66503906 0.6591797
vt 0.66796875 0.65722656
vt 0.6699219 0.65625
vt 0.6713867 0.65527344
vt 0.6879883 0.60791016
vt 0.64746094 0.58447266
vt 0.5756836 0.5859375
vt 0.5102539 0.64160156
vt 0.49169922 0.61083984
vt 0.50683594 0.63671875
vt 0.50341797 0.63183594
vt 0.5004883 0.62841797
vt 0.5 0.6274414
vt 0.4970703 0.62402344
vt 0.49389648 0.6196289
vt 0.49023438 0.6142578
vt 0.68603516 0.5336914
vt 0.6870117 0.58740234
vt 0.6879883 0.5366211
vt 0.6894531 0.5395508
vt 0.6904297 0.54296875
vt 0.69189453 0.546875
vt 0.6928711 0.55322266
vt 0.6928711 0.56103516
vt 0.69189453 0.5678711
vt 0.6899414 0.5756836
vt 0.68847656 0.5830078
vt 0.71728516 0.41796875
vt 0.7133789 0.41796875
vt 0.71240234 0.4248047
vt 0.75634766 0.2607422
vt 0.7573242 0.26416016
vt 0.7573242 0.27001953
vt 0.75634766 0.2836914
vt 0.7548828 0.30004883
vt 0.7524414 0.31469727
vt 0.7495117 0.33422852
vt 0.7446289 0.35498047
vt 0.7402344 0.3701172
vt 0.7363281 0.38134766
vt 0.7324219 0.39135742
vt 0.72802734 0.39990234
vt 0.72558594 0.40478516
vt 0.7216797 0.41137695
vt 0.75634766 0.26000977
vt 0.5317383 0.01713562
vt 0.546875 0.017410278
vt 0.5625 0.018829346
vt 0.58203125 0.02305603
vt 0.60009766 0.028137207
vt 0.6113281 0.030944824
vt 0.6254883 0.035736084
vt 0.64208984 0.043640137
vt 0.65722656 0.05267334
vt 0.6713867 0.06335449
vt 0.68310547 0.07299805
vt 0.69384766 0.08532715
vt 0.7573242 0.25756836
vt 0.7573242 0.25439453
vt 0.7573242 0.24719238
vt 0.70996094 0.10723877
vt 0.6977539 0.091796875
vt 0.7548828 0.22680664
vt 0.75097656 0.20825195
vt 0.7495117 0.19995117
vt 0.74365234 0.17944336
vt 0.7363281 0.1586914
vt 0.72753906 0.1394043
vt 0.7182617 0.12164307
vt 0.06072998 0.6767578
vt 0.10308838 0.67089844
vt 0.061767578 0.67578125
vt 0.066223145 0.67285156
vt 0.07562256 0.6660156
vt 0.08453369 0.66015625
vt 0.09265137 0.65527344
vt 0.18395996 0.71728516
vt 0.19995117 0.66064453
vt 0.14453125 0.6899414
vt 0.1973877 0.66015625
vt 0.19104004 0.65625
vt 0.18261719 0.65185547
vt 0.1730957 0.6479492
vt 0.16101074 0.64453125
vt 0.14746094 0.64208984
vt 0.14196777 0.64208984
vt 0.13574219 0.64208984
vt 0.12585449 0.6435547
vt 0.11566162 0.6464844
vt 0.10760498 0.6489258
vt 0.099975586 0.65185547
vt 0.22216797 0.74365234
vt 0.24438477 0.68359375
vt 0.23400879 0.6767578
vt 0.22436523 0.67089844
vt 0.2142334 0.6665039
vt 0.20629883 0.66259766
vt 0.25317383 0.69140625
vt 0.25976562 0.6977539
vt 0.26171875 0.7001953
vt 0.27685547 0.7817383
vt 0.27978516 0.7739258
vt 0.2824707 0.7631836
vt 0.2824707 0.75341797
vt 0.28100586 0.74072266
vt 0.26782227 0.7084961
vt 0.27783203 0.7290039
vt 0.27294922 0.71777344
vt 0.10760498 0.77783203
vt 0.16760254 0.71972656
vt 0.1739502 0.75341797
vt 0.16906738 0.7705078
vt 0.16418457 0.78466797
vt 0.16088867 0.79248047
vt 0.15466309 0.7998047
vt 0.14855957 0.8076172
vt 0.19995117 0.8041992
vt 0.18798828 0.7998047
vt 0.17443848 0.79296875
vt 0.21850586 0.80810547
vt 0.23413086 0.80908203
vt 0.25 0.8066406
vt 0.26123047 0.8017578
vt 0.2631836 0.7998047
vt 0.27563477 0.78466797
vt 0.26953125 0.7939453
vt 0.14196777 0.8129883
vt 0.13232422 0.81933594
vt 0.12158203 0.8232422
vt 0.053009033 0.68115234
vt 0.0463562 0.68603516
vt 0.042022705 0.6904297
vt 0.038146973 0.6953125
vt 0.035064697 0.7001953
vt 0.027755737 0.71191406
vt 0.024368286 0.72314453
vt 0.020996094 0.7373047
vt 0.019577026 0.74902344
vt 0.021835327 0.76464844
vt 0.026062012 0.7783203
vt 0.031982422 0.7910156
vt 0.039886475 0.7998047
vt 0.049194336 0.80859375
vt 0.059417725 0.8154297
vt 0.06964111 0.8208008
vt 0.082336426 0.82421875
vt 0.09649658 0.82714844
vt 0.099975586 0.82666016
vt 0.109069824 0.82666016
vt 0.05038452 0.90185547
vt 0.059020996 0.90185547
vt 0.045562744 0.89990234
vt 0.064941406 0.89990234
vt 0.042510986 0.8823242
vt 0.07324219 0.8964844
vt 0.066711426 0.8491211
vt 0.07342529 0.85302734
vt 0.07928467 0.8598633
vt 0.08306885 0.8701172
vt 0.07861328 0.89160156
vt 0.082214355 0.8857422
vt 0.083740234 0.8779297
vt 0.041229248 0.8984375
vt 0.035003662 0.89404297
vt 0.0309906 0.88916016
vt 0.060302734 0.8466797
vt 0.052764893 0.8461914
vt 0.044769287 0.8491211
vt 0.037231445 0.8535156
vt 0.032440186 0.8598633
vt 0.029541016 0.86572266
vt 0.027297974 0.87402344
vt 0.02810669 0.8828125
vt 0.084472656 0.9741211
vt 0.08831787 0.91503906
vt 0.07519531 0.9711914
vt 0.0692749 0.96484375
vt 0.06390381 0.95751953
vt 0.059753418 0.94628906
vt 0.07519531 0.9165039
vt 0.059448242 0.93310547
vt 0.064208984 0.9223633
vt 0.09039307 0.97265625
vt 0.097229004 0.96777344
vt 0.099975586 0.96484375
vt 0.10614014 0.9584961
vt 0.111816406 0.9477539
vt 0.099975586 0.9160156
vt 0.11480713 0.9375
vt 0.10797119 0.92089844
vt 0.113586426 0.9277344
vt 0.12634277 0.8852539
vt 0.1217041 0.89160156
vt 0.18737793 0.91845703
vt 0.11846924 0.89990234
vt 0.11785889 0.90478516
vt 0.11956787 0.91064453
vt 0.12322998 0.9160156
vt 0.1282959 0.92089844
vt 0.13476562 0.9248047
vt 0.1418457 0.9272461
vt 0.14953613 0.92871094
vt 0.15783691 0.9291992
vt 0.16662598 0.9291992
vt 0.17590332 0.9277344
vt 0.18261719 0.92578125
vt 0.18713379 0.9223633
vt 0.18603516 0.9121094
vt 0.1829834 0.90625
vt 0.17858887 0.89990234
vt 0.1751709 0.89501953
vt 0.16894531 0.88720703
vt 0.16259766 0.8803711
vt 0.13256836 0.8798828
vt 0.14257812 0.8754883
vt 0.1496582 0.875
vt 0.15649414 0.8754883
vt 0.12524414 0.12805176
vt 0.11218262 0.12841797
vt 0.1348877 0.29614258
vt 0.20300293 0.45483398
vt 0.203125 0.45263672
vt 0.19995117 0.45483398
vt 0.15197754 0.37573242
vt 0.1928711 0.45483398
vt 0.1862793 0.4543457
vt 0.18029785 0.45385742
vt 0.17468262 0.453125
vt 0.16638184 0.45214844
vt 0.15844727 0.4501953
vt 0.15063477 0.4477539
vt 0.14379883 0.44555664
vt 0.13586426 0.44262695
vt 0.12890625 0.43969727
vt 0.12200928 0.43603516
vt 0.11663818 0.4326172
vt 0.11242676 0.42944336
vt 0.109436035 0.42700195
vt 0.10760498 0.42529297
vt 0.10614014 0.42333984
vt 0.1048584 0.421875
vt 0.10394287 0.42041016
vt 0.10357666 0.41967773
vt 0.10321045 0.41870117
vt 0.103271484 0.4182129
vt 0.103271484 0.41748047
vt 0.10247803 0.41674805
vt 0.10443115 0.12854004
vt 0.10119629 0.41552734
vt 0.099975586 0.41430664
vt 0.09777832 0.41210938
vt 0.099975586 0.12866211
vt 0.095703125 0.12890625
vt 0.09082031 0.12915039
vt 0.08648682 0.12939453
vt 0.08276367 0.12988281
vt 0.07946777 0.13024902
vt 0.0758667 0.13085938
vt 0.07208252 0.13171387
vt 0.067993164 0.13256836
vt 0.064575195 0.13342285
vt 0.06072998 0.13452148
vt 0.057647705 0.13586426
vt 0.054138184 0.13745117
vt 0.05114746 0.13903809
vt 0.048858643 0.14038086
vt 0.046722412 0.14208984
vt 0.04449463 0.14404297
vt 0.042938232 0.14611816
vt 0.041290283 0.1484375
vt 0.039794922 0.15124512
vt 0.03857422 0.15429688
vt 0.037841797 0.15844727
vt 0.037139893 0.16235352
vt 0.03741455 0.16748047
vt 0.03756714 0.17224121
vt 0.037078857 0.17626953
vt 0.03677368 0.1809082
vt 0.03665161 0.18395996
vt 0.03665161 0.18737793
vt 0.036865234 0.19360352
vt 0.036987305 0.19995117
vt 0.037139893 0.20483398
vt 0.037628174 0.21472168
vt 0.038085938 0.2211914
vt 0.03878784 0.22766113
vt 0.03967285 0.23449707
vt 0.04067993 0.2421875
vt 0.04196167 0.25048828
vt 0.043304443 0.25854492
vt 0.04510498 0.26708984
vt 0.046813965 0.27514648
vt 0.04888916 0.28466797
vt 0.051330566 0.2944336
vt 0.052856445 0.30004883
vt 0.05581665 0.30932617
vt 0.058685303 0.31884766
vt 0.06137085 0.32739258
vt 0.061462402 0.33032227
vt 0.061553955 0.3347168
vt 0.061676025 0.3395996
vt 0.062316895 0.34423828
vt 0.06317139 0.34887695
vt 0.064331055 0.35302734
vt 0.065979004 0.3605957
vt 0.06817627 0.36816406
vt 0.07128906 0.37597656
vt 0.07446289 0.38232422
vt 0.078308105 0.3894043
vt 0.08276367 0.39575195
vt 0.08630371 0.39990234
vt 0.08917236 0.40307617
vt 0.09210205 0.40649414
vt 0.09460449 0.40893555
vt 0.20825195 0.4543457
vt 0.14013672 0.12768555
vt 0.15319824 0.12792969
vt 0.16491699 0.12854004
vt 0.17492676 0.12902832
vt 0.1850586 0.1295166
vt 0.19995117 0.13061523
vt 0.2064209 0.13146973
vt 0.21398926 0.13317871
vt 0.21923828 0.13500977
vt 0.22387695 0.13781738
vt 0.22839355 0.14123535
vt 0.23291016 0.14575195
vt 0.23632812 0.15112305
vt 0.2388916 0.15722656
vt 0.24108887 0.16638184
vt 0.2434082 0.17626953
vt 0.24645996 0.19128418
vt 0.24804688 0.19995117
vt 0.25195312 0.22253418
vt 0.25756836 0.2602539
vt 0.26391602 0.30004883
vt 0.26660156 0.3154297
vt 0.2680664 0.32983398
vt 0.26904297 0.34545898
vt 0.2697754 0.36621094
vt 0.26953125 0.38549805
vt 0.26904297 0.3947754
vt 0.2685547 0.39794922
vt 0.2680664 0.39990234
vt 0.26733398 0.40307617
vt 0.26611328 0.40722656
vt 0.2644043 0.41186523
vt 0.26220703 0.41723633
vt 0.25927734 0.42211914
vt 0.25610352 0.4272461
vt 0.25268555 0.43188477
vt 0.24865723 0.4362793
vt 0.24365234 0.44067383
vt 0.2376709 0.44506836
vt 0.2319336 0.4477539
vt 0.22631836 0.44995117
vt 0.22045898 0.45214844
vt 0.21386719 0.45361328
vt 0.11248779 0.06323242
vt 0.11035156 0.06112671
vt 0.07556152 0.061828613
vt 0.099975586 0.03765869
vt 0.097229004 0.036468506
vt 0.09375 0.03515625
vt 0.08880615 0.033721924
vt 0.08520508 0.03286743
vt 0.080200195 0.032073975
vt 0.07647705 0.031311035
vt 0.07287598 0.030807495
vt 0.025848389 0.036010742
vt 0.02633667 0.034698486
vt 0.028198242 0.032714844
vt 0.030059814 0.031021118
vt 0.033447266 0.029556274
vt 0.03579712 0.028900146
vt 0.038879395 0.028289795
vt 0.042510986 0.028045654
vt 0.046539307 0.02798462
vt 0.04937744 0.02798462
vt 0.05380249 0.028289795
vt 0.058380127 0.028793335
vt 0.064575195 0.02949524
vt 0.06915283 0.030212402
vt 0.10144043 0.038269043
vt 0.22521973 0.038726807
vt 0.22375488 0.03765869
vt 0.15161133 0.05291748
vt 0.2211914 0.035949707
vt 0.21826172 0.03451538
vt 0.21398926 0.032592773
vt 0.20874023 0.030014038
vt 0.20458984 0.028457642
vt 0.19995117 0.026535034
vt 0.19372559 0.024032593
vt 0.18835449 0.022155762
vt 0.17529297 0.017959595
vt 0.16149902 0.01473999
vt 0.15185547 0.013130188
vt 0.14208984 0.011657715
vt 0.13684082 0.011260986
vt 0.13171387 0.011260986
vt 0.12695312 0.011558533
vt 0.122680664 0.012466431
vt 0.11828613 0.0137786865
vt 0.11450195 0.015487671
vt 0.10998535 0.018157959
vt 0.105651855 0.021896362
vt 0.101135254 0.036315918
vt 0.10101318 0.034332275
vt 0.101135254 0.02960205
vt 0.101989746 0.025924683
vt 0.29736328 0.06274414
vt 0.27026367 0.05392456
vt 0.29589844 0.06500244
vt 0.29248047 0.06921387
vt 0.28955078 0.072631836
vt 0.2854004 0.076171875
vt 0.28149414 0.07940674
vt 0.27783203 0.08154297
vt 0.27319336 0.083496094
vt 0.26953125 0.0847168
vt 0.26586914 0.08514404
vt 0.2631836 0.08483887
vt 0.25976562 0.08392334
vt 0.2548828 0.08129883
vt 0.24768066 0.07672119
vt 0.2487793 0.031341553
vt 0.24230957 0.07269287
vt 0.23693848 0.06768799
vt 0.23596191 0.036895752
vt 0.23303223 0.062805176
vt 0.2298584 0.057434082
vt 0.22802734 0.053100586
vt 0.2310791 0.0395813
vt 0.22741699 0.050048828
vt 0.22912598 0.041137695
vt 0.2286377 0.04257202
vt 0.22766113 0.04296875
vt 0.11138916 0.06585693
vt 0.109802246 0.06854248
vt 0.107543945 0.07141113
vt 0.10479736 0.07476807
vt 0.10192871 0.07757568
vt 0.099975586 0.0791626
vt 0.097717285 0.08087158
vt 0.09484863 0.08270264
vt 0.09112549 0.0848999
vt 0.02532959 0.037353516
vt 0.025283813 0.039123535
vt 0.02532959 0.041137695
vt 0.026229858 0.043426514
vt 0.027648926 0.04660034
vt 0.02885437 0.049072266
vt 0.030426025 0.051635742
vt 0.032043457 0.053833008
vt 0.035247803 0.05822754
vt 0.038238525 0.061798096
vt 0.040649414 0.06414795
vt 0.04336548 0.06677246
vt 0.04724121 0.070251465
vt 0.04977417 0.07220459
vt 0.053100586 0.074645996
vt 0.056915283 0.07745361
vt 0.06237793 0.08111572
vt 0.087768555 0.08660889
vt 0.084106445 0.088012695
vt 0.08074951 0.08850098
vt 0.078125 0.088134766
vt 0.074523926 0.08728027
vt 0.07080078 0.085876465
vt 0.066345215 0.08355713
vt 0.11395264 0.06591797
vt 0.11621094 0.068725586
vt 0.11981201 0.07281494
vt 0.124572754 0.07751465
vt 0.22546387 0.049621582
vt 0.13012695 0.08154297
vt 0.13696289 0.08618164
vt 0.14416504 0.090148926
vt 0.1517334 0.0925293
vt 0.15771484 0.093811035
vt 0.16345215 0.09423828
vt 0.16833496 0.094055176
vt 0.1739502 0.09326172
vt 0.18127441 0.0914917
vt 0.18823242 0.08831787
vt 0.19396973 0.08496094
vt 0.1977539 0.08251953
vt 0.19995117 0.08062744
vt 0.20544434 0.076416016
vt 0.20947266 0.07287598
vt 0.21289062 0.06921387
vt 0.21643066 0.064819336
vt 0.21960449 0.06048584
vt 0.22229004 0.05621338
vt 0.22399902 0.053009033
vt 0.22497559 0.050750732
vt 0.22546387 0.038848877
vt 0.22631836 0.039794922
vt 0.22631836 0.04067993
vt 0.2265625 0.042297363
vt 0.26098633 0.027709961
vt 0.2709961 0.025054932
vt 0.2758789 0.024353027
vt 0.28149414 0.024353027
vt 0.29833984 0.06124878
vt 0.30004883 0.058044434
vt 0.3022461 0.052490234
vt 0.3034668 0.045959473
vt 0.28564453 0.024612427
vt 0.3034668 0.04058838
vt 0.2890625 0.024795532
vt 0.2915039 0.025405884
vt 0.30322266 0.037200928
vt 0.3022461 0.03451538
vt 0.30004883 0.03060913
vt 0.29663086 0.027832031
vt 0.29418945 0.02609253
vn -0 0 -1
vn -0 0 -1
vn -0 0 -1
vn -0 0 -1
vn -0 0 -1
vn -0 0 -1
vn -0 0 -1
vn -0 0 -1
vn -0 0 -1
vn -0 0 -1
vn -0 0 -1
vn -0 0 -1
vn -0 0 -1
vn -0 0 -1
vn -0 0 -1
vn -0 0 -1
vn -0 0 -1
vn -0 0 -1
vn -0 0 -1
vn -0 0 -1
vn -0 0 -1
vn -0 0 -1
vn -0 0 -1
vn -0 0 -1
vn -0 0 -1
vn -0 0 -1
vn -0 0 -1
vn -0 0 -1
vn -0 0 -1
vn -0 0 -1
vn -0 0 -1
vn -0 0 -1
vn -0 0 -1
vn -0 0 -1
vn -0 0 -1
vn -0 0 -1
vn -0 0 -1
vn -0 0 -1
vn -0 0 -1
vn -0 0 -1
vn -0 0 -1
vn -0 0 -1
vn -0 0 -1
vn -0 0 -1
vn -0 0 -1
vn -0 0 -1
vn -0 0 -1
vn -0 0 -1
vn -0 0 -1
vn -0 0 -1
vn -0 0 -1
vn -0 0 -1
vn -0 0 -1
vn -0 0 -1
vn -0 0 -1
vn -0 0 -1
vn -0 0 -1
vn -0 0 -1
vn -0 0 -1
vn -0 0 -1
vn -0 0 -1
vn -0 0 -1
vn -0 0 -1
vn -0 0 -1
vn -0 0 -1
vn -0 0 -1
vn -0 0 -1
vn -0 0 -1
vn -0 0 -1
vn -0 0 -1
vn -0 0 -1
vn -0 0 -1
vn -0 0 -1
vn -0 0 -1
vn -0 0 -1
vn -0 0 -1
vn -0 0 -1
vn -0 0 -1
vn -0 0 -1
vn -0 0 -1
vn -0 0 -1
vn -0 0 -1
vn -0 0 -1
vn -0 0 -1
vn -0 0 -1
vn -0 0 -1
vn -0 0 -1
vn -0 0 -1
vn -0 0 -1
vn -0 0 -1
vn -0 0 -1
vn -0 0 -1
vn -0 0 -1
vn -0 0 -1
vn -0 0 -1
vn -0 0 -1
vn -0 0 -1
vn -0 0 -1
vn -0 0 -1
vn -0 0 -1
vn -0 0 -1
vn -0 0 -1
vn -0 0 -1
vn -0 0 -1
vn -0 0 -1
vn -0 0 -1
vn -0 0 -1
vn -0 0 -1
vn -0 0 -1
vn -0 0 -1
vn -0 0 -1
vn -0 0 -1
vn -0 0 -1
vn -0 0 -1
vn -0 0 -1
vn -0 0 -1
vn -0 0 -1
vn -0 0 -1
vn -0 0 -1
vn -0 0 -1
vn -0 0 -1
vn -0 0 -1
vn -0 0 -1
vn -0 0 -1
vn -0 0 -1
vn -0 0 -1
vn -0 0 -1
vn -0 0 -1
vn -0 0 -1
vn -0 0 -1
vn -0 0 -1
vn -0 0 -1
vn -0 0 -1
vn -0 0 -1
vn -0 0 -1
vn -0 0 -1
vn -0 0 -1
vn -0 0 -1
vn -0 0 -1
vn -0 0 -1
vn -0 0 -1
vn -0 0 -1
vn -0 0 -1
vn -0 0 -1
vn -0 0 -1
vn -0 0 -1
vn -0 0 -1
vn -0 0 -1
vn -0 0 -1
vn -0 0 -1
vn -0 0 -1
vn -0 0 -1
vn -0 0 -1
vn -0 0 -1
vn -0 0 -1
vn -0 0 -1
vn -0 0 -1
vn -0 0 -1
vn -0 0 -1
vn -0 0 -1
vn -0 0 -1
vn -0 0 -1
vn -0 0 -1
vn -0 0 -1
vn -0 0 -1
vn -0 0 -1
vn -0 0 -1
vn -0 0 -1
vn -0 0 -1
vn -0 0 -1
vn -0 0 -1
vn -0 0 -1
vn -0 0 -1
vn -0 0 -1
vn -0 0 -1
vn -0 0 -1
vn -0 0 -1
vn -0 0 -1
vn -0 0 -1
vn -0 0 -1
vn -0 0 -1
vn -0 0 -1
vn -0 0 -1
vn -0 0 -1
vn -0 0 -1
vn -0 0 -1
vn -0 0 -1
vn -0 0 -1
vn -0 0 -1
vn -0 0 -1
vn -0 0 -1
vn -0 0 -1
vn -0 0 -1
vn -0 0 -1
vn -0 0 -1
vn -0 0 -1
vn -0 0 -1
vn -0 0 -1
vn -0 0 -1
vn -0 0 -1
vn -0 0 -1
vn -0 0 -1
vn -0 0 -1
vn -0 0 -1
vn -0 0 -1
vn -0 0 -1
vn -0 0 -1
vn -0 0 -1
vn -0 0 -1
vn -0 0 -1
vn -0 0 -1
vn -0 0 -1
vn -0 0 -1
vn -0 0 -1
vn -0 0 -1
vn -0 0 -1
vn -0 0 -1
vn -0 0 -1
vn -0 0 -1
vn -0 0 -1
vn -0 0 -1
vn -0 0 -1
vn -0 0 -1
vn -0 0 -1
vn -0 0 -1
vn -0 0 -1
vn -0 0 -1
vn -0 0 -1
vn -0 0 -1
vn -0 0 -1
vn -0 0 -1
vn -0 0 -1
vn -0 0 -1
vn -0 0 -1
vn -0 0 -1
vn -0 0 -1
vn -0 0 -1
vn -0 0 -1
vn -0 0 -1
vn -0 0 -1
vn -0 0 -1
vn -0 0 -1
vn -0 0 -1
vn -0 0 -1
vn -0 0 -1
vn -0 0 -1
vn -0 0 -1
vn -0 0 -1
vn -0 0 -1
vn -0 0 -1
vn -0 0 -1
vn -0 0 -1
vn -0 0 -1
vn -0 0 -1
vn -0 0 -1
vn -0 0 -1
vn -0 0 -1
vn -0 0 -1
vn -0 0 -1
vn -0 0 -1
vn -0 0 -1
vn -0 0 -1
vn -0 0 -1
vn -0 0 -1
vn -0 0 -1
vn -0 0 -1
vn -0 0 -1
vn -0 0 -1
vn -0 0 -1
vn -0 0 -1
vn -0 0 -1
vn -0 0 -1
vn -0 0 -1
vn -0 0 -1
vn -0 0 -1
vn -0 0 -1
vn -0 0 -1
vn -2.3841858E-06 0 -1
vn -0 0 -1
vn -0 0 -1
vn 1.9073486E-06 0 -1
vn -0 0 -1
vn 1.7285347E-06 0 -1
vn -0 0 -1
vn 1.5497208E-06 0 -1
vn -0 0 -1
vn -1.5497208E-06 0 -1
vn -1.66893E-06 0 -1
vn -0 0 -1
vn -0 0 -1
vn -0 0 -1
vn -0 0 -1
vn -0 0 -1
vn -0 0 -1
vn -0 0 -1
vn -0 0 -1
vn -0 0 -1
vn -0 0 -1
vn -0 0 -1
vn -0 0 -1
vn -0 0 -1
vn -0 0 -1
vn -0 0 -1
vn -0 0 -1
vn -0 0 -1
vn -0 0 -1
vn -0 0 -1
vn -0 0 -1
vn -0 0 -1
vn -0 0 -1
vn -0 0 -1
vn -0 0 -1
vn -0 0 -1
vn -0 0 -1
vn -0 0 -1
vn -0 0 -1
vn -0 0 -1
vn -0 0 -1
vn -0 0 -1
vn -0 0 -1
vn -0 0 -1
vn -0 0 -1
vn -0 0 -1
vn -0 0 -1
vn -0 0 -1
vn -0 0 -1
vn -0 0 -1
vn -0 0 -1
vn -0 0 -1
vn -1.0728836E-06 0 -1
vn -0 0 -1
vn 1.2516975E-06 0 -1
vn -0 0 -1
vn 2.026558E-06 0 -1
vn -4.2915344E-06 0 -1
vn -0 0 -1
vn -0 0 -1
vn -0 0 -1
vn -0 0 -1
vn -0 0 -1
vn -0 0 -1
vn -0 0 -1
vn -0 0 -1
vn -0 0 -1
vn -0 0 -1
vn -0 0 -1
vn -0 0 -1
vn -0 0 -1
vn -0 0 -1
vn -0 0 -1
vn -0 0 -1
vn -0 0 -1
vn -0 0 -1
vn -0 0 -1
vn -0 0 -1
vn -0 0 -1
vn -0 0 -1
vn -0 0 -1
vn -0 0 -1
vn -0 0 -1
vn -0 0 -1
vn -0 0 -1
vn -0 0 -1
vn -0 0 -1
vn -0 0 -1
vn -0 0 -1
vn -0 0 -1
vn -0 0 -1
vn -0 0 -1
vn -0 0 -1
vn -0 0 -1
vn -0 0 -1
vn -0 0 -1
vn -0 0 -1
vn -0 0 -1
vn -0 0 -1
vn -0 0 -1
vn -0 0 -1
vn -0 0 -1
vn -0 0 -1
vn -0 0 -1
vn -0 0 -1
vn -0 0 -1
vn -0 0 -1
vn -0 0 -1
vn -0 0 -1
vn -0 0 -1
vn -0 0 -1
vn -0 0 -1
vn -0 0 -1
vn -0 0 -1
vn -0 0 -1
vn -0 0 -1
vn -0 0 -1
vn -0 0 -1
vn -0 0 -1
vn -0 0 -1
vn -0 0 -1
vn -0 0 -1
vn -0 0 -1
vn -0 0 -1
vn -0 0 -1
vn -0 0 -1
vn -0 0 -1
vn -0 0 -1
vn -0 0 -1
vn -0 0 -1
vn -0 0 -1
vn -0 0 -1
vn -0 0 -1
vn -0 0 -1
vn -0 0 -1
vn -0 0 -1
vn -0 0 -1
vn -0 0 -1
vn -0 0 -1
vn -0 0 -1
vn -0 0 -1
vn -0 0 -1
vn -0 0 -1
vn -0 0 -1
vn -0 0 -1
vn -0 0 -1
vn -0 0 -1
vn -0 0 -1
vn -0 0 -1
vn -0 0 -1
vn -0 0 -1
vn -0 0 -1
vn -0 0 -1
vn -0 0 -1
vn -0 0 -1
vn -0 0 -1
vn -0 0 -1
vn -0 0 -1
vn -0 0 -1
vn -0 0 -1
vn -0 0 -1
vn -0 0 -1
vn -0 0 -1
vn -0 0 -1
vn -1.2516975E-06 0 -1
vn -0 0 -1
vn -0 0 -1
vn -0 0 -1
vn -0 0 -1
vn -0 0 -1
vn -0 0 -1
vn -0 0 -1
vn -0 0 -1
vn -0 0 -1
vn -0 0 -1
vn -0 0 -1
vn -0 0 -1
vn -0 0 -1
vn -0 0 -1
vn -0 0 -1
vn -0 0 -1
vn -0 0 -1
vn -0 0 -1
vn -0 0 -1
vn -0 0 -1
vn -0 0 -1
vn -0 0 -1
vn -0 0 -1
vn -0 0 -1
vn -0 0 -1
vn -0 0 -1
vn -0 0 -1
vn -0 0 -1
vn -0 0 -1
vn -0 0 -1
vn -0 0 -1
vn -0 0 -1
vn -0 0 -1
vn -0 0 -1
vn -1.2516975E-06 0 -1
vn -1.9311905E-05 -1.6629696E-05 -1
vn -2.3841858E-06 -1.847744E-06 -1
vn -1.847744E-06 -1.4305115E-06 -1
vn -1.2516975E-06 0 -1
vn -1.3113022E-06 0 -1
vn -0 0 -1
vn -0 0 -1
vn -0 0 -1
vn -0 0 -1
vn -0 0 -1
vn -0 0 -1
vn -0 0 -1
vn -0 0 -1
vn -0 0 -1
vn -0 0 -1
vn -0 0 -1
vn -0 0 -1
vn -0 0 -1
vn -0 0 -1
vn -0 0 -1
vn -0 0 -1
vn -0 0 -1
vn -0 0 -1
vn -0 0 -1
vn -0 0 -1
vn -0 0 -1
vn -0 0 -1
vn -0 0 -1
vn -0 0 -1
vn -0 0 -1
vn -0 0 -1
vn -0 0 -1
vn -0 0 -1
vn -0 0 -1
vn -0 0 -1
vn -0 0 -1
vn -0 0 -1
vn -0 0 -1
vn -0 0 -1
vn -0 0 -1
vn -0 0 -1
vn -0 0 -1
vn -0 0 -1
vn -0 0 -1
vn -0 0 -1
vn -0 0 -1
vn -0 0 -1
vn -0 0 -1
vn -0 0 -1
vn -0 0 -1
vn -0 0 -1
vn -0 0 -1
vn -0 0 -1
vn -0 0 -1
vn -0 0 -1
vn -0 0 -1
vn -0 0 -1
vn -0 0 -1
vn -0 0 -1
vn -0 0 -1
vn -0 0 -1
vn -0 0 -1
vn -0 0 -1
vn -0 0 -1
vn -0 0 -1
vn -0 0 -1
vn -0 0 -1
vn -0 0 -1
vn -0 0 -1
vn -0 0 -1
vn -0 0 -1
vn -0 0 -1
vn -0 0 -1
vn -0 0 -1
vn -0 0 -1
vn -0 0 -1
vn -0 0 -1
vn -0 0 -1
vn -0 0 -1
vn -0 0 -1
vn -0 0 -1
vn -0 0 -1
vn -0 0 -1
vn -0 0 -1
vn -0 0 -1
vn -0 0 -1
vn -0 0 -1
vn -0 0 -1
vn -0 0 -1
vn -0 0 -1
vn -0 0 -1
vn -0 0 -1
vn -0 0 -1
vn -0 0 -1
vn -0 0 -1
vn -0 0 -1
vn -0 0 -1
vn -0 0 -1
vn -0 0 -1
vn -0 0 -1
vn -0 0 -1
vn -0 0 -1
vn -0 0 -1
vn -0 0 -1
vn -0 0 -1
vn -0 0 -1
vn -0 0 -1
vn -0 0 -1
vn -0 0 -1
vn -0 0 -1
vn -0 0 -1
vn -0 0 -1
vn -0 0 -1
vn -0 0 -1
vn -0 0 -1
vn -0 0 -1
vn -0 0 -1
vn -0 0 -1
vn -0 0 -1
vn -0 0 -1
vn -0 0 -1
vn -0 0 -1
vn -0 0 -1
vn -0 0 -1
vn -0 0 -1
vn -0 0 -1
vn -0 0 -1
vn -0 0 -1
vn -0 0 -1
vn -0 0 -1
vn -0 0 -1
vn -0 0 -1
vn -0 0 -1
vn -0 0 -1
vn -0 0 -1
vn -0 0 -1
vn -0 0 -1
vn -0 0 -1
vn -0 0 -1
vn -0 0 -1
vn -0 0 -1
vn -0 0 -1
vn -0 0 -1
vn -0 0 -1
vn -0 0 -1
vn -0 0 -1
vn -0 0 -1
vn -0 0 -1
vn -0 0 -1
vn -0 0 -1
vn -0 0 -1
vn -0 0 -1
vn -0 0 -1
vn -0 0 -1
vn -0 0 -1
vn -0 0 -1
vn -0 0 -1
vn -0 0 -1
vn -0 0 -1
vn -0 0 -1
vn -0 0 -1
vn -0 0 -1
vn -0 0 -1
vn -0 0 -1
vn -0 0 -1
vn -0 0 -1
vn -0 0 -1
vn -0 0 -1
vn -0 0 -1
vn -0 0 -1
vn -0 0 -1
vn -0 0 -1
vn -0 0 -1
vn -0 0 -1
vn -0 0 -1
vn -0 0 -1
vn -0 0 -1
vn -0 0 -1
vn -0 0 -1
vn -0 0 -1
vn -0 0 -1
vn -0 0 -1
vn -0 0 -1
vn -0 0 -1
vn -0 0 -1
vn -0 0 -1
vn -0 0 -1
vn -0 0 -1
vn -0 0 -1
vn -0 0 -1
vn -0 0 -1
vn -0 0 -1
vn -0 0 -1
vn -0 0 -1
vn -0 0 -1
vn -0 0 -1
vn -0 0 -1
vn -0 0 -1
vn -0 0 -1
vn -0 0 -1
vn -0 0 -1
vn -0 0 -1
vn -0 0 -1
vn -0 0 -1
vn -0 0 -1
vn -0 0 -1
vn -0 0 -1
vn -0 0 -1
vn -0 0 -1
vn -0 0 -1
vn -0 0 -1
vn -0 0 -1
vn -0 0 -1
vn -0 0 -1
vn -0 0 -1
vn -0 0 -1
vn -0 0 -1
vn -0 0 -1
vn -0 0 -1
vn -0 0 -1
vn -0 0 -1
vn -0 0 -1
vn -0 0 -1
vn -0 0 -1
vn -0 0 -1
vn -0 0 -1
vn -0 0 -1
vn -0 0 -1
vn -0 0 -1
vn -0 0 -1
vn -0 0 -1
vn -0 0 -1
vn -0 0 -1
vn -0 0 -1
vn -0 0 -1
vn -0 0 -1
vn -0 0 -1
vn -0 0 -1
vn -0 0 -1
vn -0 0 -1
vn -0 0 -1
vn -0 0 -1
vn -0 0 -1
vn -0 0 -1
vn -0 0 -1
vn -0 0 -1
vn -0 0 -1
vn -0 0 -1
vn -0 0 -1
vn -0 0 -1
vn -0 0 -1
vn -0 0 -1
vn -0 0 -1
vn -0 0 -1
vn -0 0 -1
vn -0 0 -1
vn -0 0 -1
vn -0 0 -1
vn -0 0 -1
vn -0 0 -1
vn -0 0 -1
vn -0 0 -1
vn -0 0 -1
vn -0 0 -1
vn -0 0 -1
vn -0 0 -1
vn -0 0 -1
vn -0 0 -1
vn -0 0 -1
vn -0 0 -1
vn -0 0 -1
vn -0 0 -1
vn -0 0 -1
vn -0 0 -1
vn -0 0 -1
vn -0 0 -1
vn -0 0 -1
vn -0 0 -1
vn -0 0 -1
vn -0 0 -1
vn -0 0 -1
vn -0 0 -1
vn -0 0 -1
vn -0 0 -1
vn -0 0 -1
vn -0 0 -1
vn -0 0 -1
vn -0 0 -1
vn -0 0 -1
vn -0 0 -1
vn -0 0 -1
vn -0 0 -1
vn -0 0 -1
vn -0 0 -1
vn -0 0 -1
vn -0 0 -1
vn -0 0 -1
vn -0 0 -1
vn -0 0 -1
vn -0 0 -1
vn -0 0 -1
vn -0 0 -1
vn -0 0 -1
vn -0 0 -1
vn -0 0 -1
vn -0 0 -1
vn -0 0 -1
vn -0 0 -1
vn -0 0 -1
vn -0 0 -1
vn -0 0 -1
vn -0 0 -1
vn -0 0 -1
vn -0 0 -1
vn -0 0 -1
vn -0 0 -1
vn -0 0 -1
vn -0 0 -1
vn -0 0 -1
vn -0 0 -1
vn -0 0 -1
vn -0 0 -1
vn -0 0 -1
vn -0 0 -1
vn -0 0 -1
vn -0 0 -1
vn -0 0 -1
vn -0 0 -1
vn -0 0 -1
vn -0 0 -1
vn -0 0 -1
vn -0 0 -1
vn -0 0 -1
vn -0 0 -1
vn -0 0 -1
vn -0 0 -1
vn -0 0 -1
vn -0 0 -1
vn -0 0 -1
vn -0 0 -1
vn -0 0 -1
vn -0 0 -1
vn -0 0 -1
vn -0 0 -1
vn -0 0 -1
vn -0 0 -1
vn -0 0 -1
vn -0 0 -1
vn -0 0 -1
vn -0 0 -1
vn -0 0 -1
vn -0 0 -1
vn -0 0 -1
vn -0 0 -1
vn -0 0 -1
vn -0 0 -1
vn -0 0 -1
vn -0 0 -1
vn -0 0 -1
vn -0 0 -1
vn -0 0 -1
vn -0 0 -1
vn -0 0 -1
vn -0 0 -1
vn -0 0 -1
vn -0 0 -1
vn -0 0 -1
vn -0 0 -1
vn -0 0 -1
vn -0 0 -1
vn -0 0 -1
vn -0 0 -1
vn -0 0 -1
vn -0 0 -1
vn -0 0 -1
vn -0 0 -1
vn -0 0 -1
vn -0 0 -1
vn -0 0 -1
vn -0 0 -1
vn -0 0 -1
vn -0 0 -1
vn -0 0 -1
vn -0 0 -1
vn -0 0 -1
vn -0 0 -1
vn -0 0 -1
vn -0 0 -1
vn -0 0 -1
vn -0 0 -1
vn -0 0 -1
vn -0 0 -1
vn -0 0 -1
vn -0 0 -1
vn -0 0 -1
vn -0 0 -1
vn -0 0 -1
vn -0 0 -1
vn -0 0 -1
vn -0 0 -1
vn -0 0 -1
vn -0 0 -1
vn -0 0 -1
vn -0 0 -1
vn -0 0 -1
vn -0 0 -1
vn -0 0 -1
vn -0 0 -1
vn -0 0 -1
vn -0 0 -1
vn -0 0 -1
vn -0 0 -1
vn -0 0 -1
vn -0 0 -1
vn -0 0 -1
vn -0 0 -1
vn -0 0 -1
vn -0 0 -1
vn -0 0 -1
vn -0 0 -1
vn -0 0 -1
vn -0 0 -1
vn -0 0 -1
vn -0 0 -1
vn -0 0 -1
vn -0 0 -1
vn -0 0 -1
vn -0 0 -1
vn -0 0 -1
vn -0 0 -1
vn -0 0 -1
vn -0 0 -1
vn -0 0 -1
vn -0 0 -1
vn -0 0 -1
vn -0 0 -1
vn -0 0 -1
vn -0 0 -1
vn -0 0 -1
vn -0 0 -1
vn -0 0 -1
vn -0 0 -1
vn -0 0 -1
vn -0 0 -1
vn -0 0 -1
vn -0 0 -1
vn -0 0 -1
vn -0 0 -1
vn -0 0 -1
vn -0 0 -1
vn -0 0 -1
vn -0 0 -1
vn -0 0 -1
vn -0 0 -1
vn -0 0 -1
vn -0 0 -1
vn -0 0 -1
vn -0 0 -1
vn -0 0 -1
vn -0 0 -1
vn -0 0 -1
vn -0 0 -1
vn -0 0 -1
vn -0 0 -1
vn -0 0 -1
vn -0 0 -1
vn -0 0 -1
vn -0 0 -1
vn -0 0 -1
vn -0 0 -1
vn -0 0 -1
vn -0 0 -1
vn -0 0 -1
vn -0 0 -1
vn -0 0 -1
vn -0 0 -1
vn -0 0 -1
vn -0 0 -1
vn -0 0 -1
vn -0 0 -1
vn -0 0 -1
vn -0 0 -1
vn -0 0 -1
vn -0 0 -1
vn -0 0 -1
vn -0 0 -1
vn -0 0 -1
vn -0 0 -1
vn -0 0 -1
vn -0 0 -1
vn -0 0 -1
vn -0 0 -1
vn -0 0 -1
vn -0 0 -1
vn -0 0 -1
vn -0 0 -1
vn -0 0 -1
vn -0 0 -1
vn -0 0 -1
vn -0 0 -1
vn -0 0 -1
vn -0 0 -1
vn -0 0 -1
vn -0 0 -1
vn -0 0 -1
vn -0 0 -1
vn -0 0 -1
vn -0 0 -1
vn -0 0 -1
vn -0 0 -1
vn -0 0 -1
vn -0 0 -1
vn -0 0 -1
vn -0 0 -1
vn -0 0 -1
vn -0 0 -1
vn -0 0 -1
vn 1.013279E-06 0 -1
vn -0 0 -1
vn -1.7881393E-06 0 -1
vn 1.3709068E-06 0 -1
vn -0 0 -1
vn 5.4240227E-06 0 -1
vn -0 0 -1
vn -1.1324883E-06 0 -1
vn -0 0 -1
vn -0 0 -1
vn -0 0 -1
vn -0 0 -1
vn -0 0 -1
vn -0 0 -1
vn -0 0 -1
vn -0 0 -1
vn -0 0 -1
vn -0 0 -1
vn -0 0 -1
vn -0 0 -1
vn -0 0 -1
vn -0 0 -1
vn -0 0 -1
vn -0 0 -1
vn -0 0 -1
vn -0 0 -1
vn -0 0 -1
vn -0 0 -1
vn -0 0 -1
vn -0 0 -1
vn -0 0 -1
vn -0 0 -1
vn -0 0 -1
vn -0 0 -1
vn 2.1457672E-06 0 -1
vn -0 0 -1
vn -0 0 -1
vn -0 0 -1
vn -0 0 -1
vn -0 0 -1
vn -0 0 -1
vn -0 0 -1
vn -0 0 -1
vn -0 0 -1
vn -0 0 -1
vn -0 0 -1
vn -0 0 -1
vn -0 0 -1
vn -0 0 -1
vn -0 0 -1
vn -0 0 -1
vn -0 0 -1
vn -0 0 -1
vn -0 0 -1
vn -0 0 -1
vn -0 0 -1
vn -0 0 -1
vn -0 0 -1
vn -0 0 -1
vn -0 0 -1
vn -1.66893E-06 0 -1
vn -0 0 -1
vn -0 0 -1
vn -0 0 -1
vn -0 0 -1
vn -0 0 -1
vn -0 0 -1
vn -0 0 -1
vn -0 0 -1
vn -0 0 -1
vn -0 0 -1
vn -0 0 -1
vn -0 0 -1
vn -0 0 -1
vn -0 0 -1
vn -0 0 -1
vn -0 0 -1
vn -0 0 -1
vn -0 0 -1
vn -0 0 -1
vn -0 0 -1
vn -0 0 -1
vn -0 0 -1
vn -0 0 -1
vn -0 0 -1
vn -0 0 -1
vn -0 0 -1
vn -0 0 -1
vn -0 0 -1
vn -0 0 -1
vn -0 0 -1
vn -0 0 -1
vn -0 0 -1
vn -0 0 -1
vn -0 0 -1
vn -0 0 -1
vn -0 0 -1
vn -0 0 -1
vn -0 0 -1
vn -0 0 -1
vn -0 0 -1
vn -0 0 -1
vn -0 0 -1
vn -0 0 -1
vn -0 0 -1
vn -0 0 -1
vn -0 0 -1
vn -0 0 -1
vn -0 0 -1
vn -0 0 -1
vn -0 0 -1
vn -0 0 -1
vn -0 0 -1
vn -0 0 -1
vn -0 0 -1
vn -0 0 -1
vn -0 0 -1
vn -0 0 -1
vn -0 0 -1
vn -0 0 -1
vn -0 0 -1
vn -0 0 -1
vn -0 0 -1
vn -0 0 -1
vn -0 0 -1
vn -0 0 -1
vn -0 0 -1
vn -0 0 -1
vn -0 0 -1
vn -0 0 -1
vn -0 0 -1
vn -0 0 -1
vn -0 0 -1
vn -0 0 -1
vn -0 0 -1
vn -0 0 -1
vn -0 0 -1
vn -0 0 -1
vn -0 0 -1
vn -0 0 -1
vn -0 0 -1
vn -0 0 -1
vn -0 0 -1
vn -0 0 -1
vn -0 0 -1
vn -0 0 -1
vn -0 0 -1
vn -0 0 -1
vn -0 0 -1
vn -0 0 -1
vn -0 0 -1
vn -0 0 -1
vn -0 0 -1
vn -0 0 -1
vn -0 0 -1
vn -0 0 -1
vn -0 0 -1
vn -0 0 -1
vn -0 0 -1
vn -0 0 -1
vn -0 0 -1
vn -0 0 -1
vn -0 0 -1
vn -0 0 -1
vn -0 0 -1
vn -0 0 -1
vn -0 0 -1
vn -0 0 -1
vn -0 0 -1
vn -0 0 -1
vn -0 0 -1
vn -0 0 -1
vn -0 0 -1
vn -0 0 -1
vn -0 0 -1
vn -0 0 -1
vn -0 0 -1
vn -0 0 -1
vn -0 0 -1
vn -0 0 -1
vn -0 0 -1
vn -0 0 -1
vn -0 0 -1
vn -0 0 -1
vn -0 0 -1
vn -0 0 -1
vn -0 0 -1
vn -0 0 -1
vn -0 0 -1
vn -0 0 -1
vn -0 0 -1
vn -0 0 -1
vn -0 0 -1
vn -0 0 -1
vn -0 0 -1
vn -0 0 -1
vn -0 0 -1
vn -0 0 -1
vn -0 0 -1
vn -0 0 -1
vn -0 0 -1
vn -0 0 -1
vn -0 0 -1
vn -0 0 -1
vn -0 0 -1
vn -0 0 -1
vn -0 0 -1
vn -0 0 -1
vn -0 0 -1
vn -0 0 -1
vn -0 0 -1
vn -0 0 -1
vn -0 0 -1
vn -0 0 -1
vn -0 0 -1
vn -0 0 -1
vn -0 0 -1
vn -0 0 -1
vn -0 0 -1
vn -0 0 -1
vn -0 0 -1
vn -0 0 -1
vn -0 0 -1
vn -0 0 -1
vn -0 0 -1
vn -0 0 -1
vn -0 0 -1
vn -0 0 -1
vn -0 0 -1
vn -0 0 -1
vn -0 0 -1
vn -0 0 -1
vn -0 0 -1
vn -0 0 -1
vn -0 0 -1
vn -0 0 -1
vn -0 0 -1
vn -0 0 -1
vn -0 0 -1
vn -0 0 -1
vn -0 0 -1
vn -0 0 -1
vn -0 0 -1
vn -0 0 -1
vn -0 0 -1
vn -0 0 -1
vn -0 0 -1
vn -0 0 -1
vn -0 0 -1
vn -0 0 -1
vn -0 0 -1
vn -0 0 -1
vn -0 0 -1
vn -0 0 -1
vn -0 0 -1
vn -0 0 -1
vn -0 0 -1
vn -0 0 -1
vn -0 0 -1
vn -0 0 -1
vn -0 0 -1
vn -0 0 -1
vn -0 0 -1
vn -0 0 -1
vn -0 0 -1
vn -0 0 -1
vn -0 0 -1
vn -0 0 -1
vn -0 0 -1
vn -0 0 -1
vn -0 0 -1
vn -0 0 -1
vn -0 0 -1
vn -0 0 -1
vn -0 0 -1
vn -0 0 -1
vn -0 0 -1
vn -0 0 -1
vn -0 0 -1
vn -0 0 -1
vn -0 0 -1
vn -0 0 -1
vn -0 0 -1
vn -0 0 -1
vn -0 0 -1
vn -0 0 -1
vn -0 0 -1
vn -0 0 -1
vn -0 0 -1
vn -0 0 -1
vn -0 0 -1
vn -0 0 -1
vn -0 0 -1
vn -0 0 -1
vn -0 0 -1
vn -0 0 -1
vn -0 0 -1
vn -0 0 -1
vn -0 0 -1
vn -0 0 -1
vn -0 0 -1
vn -0 0 -1
vn -0 0 -1
vn -0 0 -1
vn -0 0 -1
vn -0 0 -1
vn -0 0 -1
vn -0 0 -1
vn -0 0 -1
vn -0 0 -1
vn -0 0 -1
vn -0 0 -1
vn -0 0 -1
vn -0 0 -1
vn -0 0 -1
vn -0 0 -1
vn -0 0 -1
vn -0 0 -1
vn -0 0 -1
vn -0 0 -1
vn -0 0 -1
vn -0 0 -1
vn -0 0 -1
vn -0 0 -1
vn -0 0 -1
vn -0 0 -1
vn -0 0 -1
vn -0 0 -1
vn -0 0 -1
vn -0 0 -1
vn -0 0 -1
vn -0 0 -1
vn -0 0 -1
vn -0 0 -1
vn -0 0 -1
vn -0 0 -1
vn -0 0 -1
vn -0 0 -1
vn -0 0 -1
vn -0 0 -1
vn -0 0 -1
vn -0 0 -1
vn -0 0 -1
vn -0 0 -1
vn -0 0 -1
vn -0 0 -1
vn -0 0 -1
vn -0 0 -1
vn -0 0 -1
vn -0 0 -1
vn -0 0 -1
vn -0 0 -1
vn -0 0 -1
vn -0 0 -1
vn -0 0 -1
vn -0 0 -1
vn -0 0 -1
vn -0 0 -1
vn -0 0 -1
vn -0 0 -1
vn -0 0 -1
vn -0 0 -1
g cPK_20_000560_00_KAMEXex_SR_L_SB_0
f 3/3/3 2/2/2 1/1/1
f 6/6/6 5/5/5 4/4/4
f 7/7/7 2/2/2 3/3/3
f 6/6/6 8/8/8 5/5/5
f 6/6/6 9/9/9 8/8/8
f 10/10/10 2/2/2 7/7/7
f 2/2/2 9/9/9 6/6/6
f 10/10/10 9/9/9 2/2/2
f 10/10/10 11/11/11 9/9/9
f 10/10/10 12/12/12 11/11/11
f 10/10/10 13/13/13 12/12/12
f 14/14/14 13/13/13 10/10/10
f 14/14/14 15/15/15 13/13/13
f 14/14/14 16/16/16 15/15/15
f 14/14/14 17/17/17 16/16/16
f 18/18/18 6/6/6 4/4/4
f 2/2/2 19/19/19 1/1/1
f 20/20/20 6/6/6 18/18/18
f 21/21/21 6/6/6 20/20/20
f 2/2/2 22/22/22 19/19/19
f 25/25/25 24/24/24 23/23/23
f 28/28/28 27/27/27 26/26/26
f 31/31/31 30/30/30 29/29/29
f 24/24/24 33/33/33 32/32/32
f 33/33/33 35/35/35 34/34/34
f 38/38/38 37/37/37 36/36/36
f 30/30/30 40/40/40 39/39/39
f 43/43/43 42/42/42 41/41/41
f 42/42/42 25/25/25 44/44/44
f 28/28/28 31/31/31 27/27/27
f 37/37/37 31/31/31 28/28/28
f 35/35/35 6/6/6 21/21/21
f 35/35/35 2/2/2 6/6/6
f 35/35/35 22/22/22 2/2/2
f 33/33/33 22/22/22 35/35/35
f 33/33/33 38/38/38 22/22/22
f 33/33/33 37/37/37 38/38/38
f 33/33/33 31/31/31 37/37/37
f 33/33/33 30/30/30 31/31/31
f 33/33/33 40/40/40 30/30/30
f 33/33/33 43/43/43 40/40/40
f 24/24/24 43/43/43 33/33/33
f 42/42/42 24/24/24 25/25/25
f 42/42/42 43/43/43 24/24/24
f 45/45/45 41/41/41 42/42/42
f 45/45/45 46/46/46 41/41/41
f 47/47/47 46/46/46 45/45/45
f 48/48/48 46/46/46 47/47/47
f 49/49/49 46/46/46 48/48/48
f 49/49/49 50/50/50 46/46/46
f 51/51/51 50/50/50 49/49/49
f 51/51/51 52/52/52 50/50/50
f 51/51/51 53/53/53 52/52/52
f 51/51/51 54/54/54 53/53/53
f 54/54/54 56/56/56 55/55/55
f 54/54/54 51/51/51 56/56/56
f 59/59/59 58/58/58 57/57/57
f 60/60/60 58/58/58 59/59/59
f 63/63/63 62/62/62 61/61/61
f 55/55/55 62/62/62 63/63/63
f 66/66/66 65/65/65 64/64/64
f 67/67/67 65/65/65 66/66/66
f 67/67/67 68/68/68 65/65/65
f 71/71/71 70/70/70 69/69/69
f 71/71/71 72/72/72 70/70/70
f 71/71/71 51/51/51 72/72/72
f 71/71/71 56/56/56 51/51/51
f 68/68/68 60/60/60 73/73/73
f 75/75/75 71/71/71 74/74/74
f 75/75/75 56/56/56 71/71/71
f 75/75/75 55/55/55 56/56/56
f 75/75/75 62/62/62 55/55/55
f 75/75/75 67/67/67 62/62/62
f 58/58/58 67/67/67 75/75/75
f 60/60/60 67/67/67 58/58/58
f 68/68/68 67/67/67 60/60/60
f 78/78/78 77/77/77 76/76/76
f 78/78/78 76/76/76 79/79/79
f 82/82/82 81/81/81 80/80/80
f 85/85/85 84/84/84 83/83/83
f 87/87/87 86/86/86 82/82/82
f 90/90/90 89/89/89 88/88/88
f 93/93/93 92/92/92 91/91/91
f 96/96/96 95/95/95 94/94/94
f 95/95/95 98/98/98 97/97/97
f 98/98/98 100/100/100 99/99/99
f 103/103/103 102/102/102 101/101/101
f 106/106/106 105/105/105 104/104/104
f 81/81/81 108/108/108 107/107/107
f 108/108/108 110/110/110 109/109/109
f 82/82/82 112/112/112 111/111/111
f 115/115/115 114/114/114 113/113/113
f 114/114/114 117/117/117 116/116/116
f 117/117/117 103/103/103 118/118/118
f 89/89/89 78/78/78 119/119/119
f 78/78/78 121/121/121 120/120/120
f 121/121/121 123/123/123 122/122/122
f 123/123/123 125/125/125 124/124/124
f 128/128/128 127/127/127 126/126/126
f 84/84/84 130/130/130 129/129/129
f 130/130/130 132/132/132 131/131/131
f 132/132/132 134/134/134 133/133/133
f 92/92/92 84/84/84 85/85/85
f 93/93/93 84/84/84 92/92/92
f 93/93/93 130/130/130 84/84/84
f 127/127/127 130/130/130 93/93/93
f 128/128/128 130/130/130 127/127/127
f 128/128/128 132/132/132 130/130/130
f 135/135/135 132/132/132 128/128/128
f 135/135/135 134/134/134 132/132/132
f 136/136/136 134/134/134 135/135/135
f 125/125/125 134/134/134 136/136/136
f 125/125/125 96/96/96 134/134/134
f 125/125/125 95/95/95 96/96/96
f 123/123/123 95/95/95 125/125/125
f 123/123/123 98/98/98 95/95/95
f 121/121/121 98/98/98 123/123/123
f 121/121/121 100/100/100 98/98/98
f 78/78/78 100/100/100 121/121/121
f 78/78/78 79/79/79 100/100/100
f 77/77/77 78/78/78 101/101/101
f 78/78/78 89/89/89 101/101/101
f 103/103/103 106/106/106 102/102/102
f 106/106/106 103/103/103 105/105/105
f 89/89/89 90/90/90 101/101/101
f 108/108/108 81/81/81 82/82/82
f 90/90/90 137/137/137 101/101/101
f 137/137/137 103/103/103 101/101/101
f 82/82/82 105/105/105 103/103/103
f 82/82/82 103/103/103 117/117/117
f 82/82/82 117/117/117 114/114/114
f 82/82/82 114/114/114 115/115/115
f 115/115/115 138/138/138 82/82/82
f 110/110/110 108/108/108 82/82/82
f 82/82/82 138/138/138 112/112/112
f 86/86/86 110/110/110 82/82/82
f 87/87/87 82/82/82 111/111/111
f 82/82/82 140/140/140 139/139/139
f 143/143/143 142/142/142 141/141/141
f 144/144/144 142/142/142 143/143/143
f 145/145/145 142/142/142 144/144/144
f 145/145/145 146/146/146 142/142/142
f 147/147/147 146/146/146 145/145/145
f 148/148/148 146/146/146 147/147/147
f 148/148/148 149/149/149 146/146/146
f 150/150/150 149/149/149 148/148/148
f 151/151/151 149/149/149 150/150/150
f 152/152/152 149/149/149 151/151/151
f 153/153/153 149/149/149 152/152/152
f 154/154/154 149/149/149 153/153/153
f 155/155/155 149/149/149 154/154/154
f 156/156/156 149/149/149 155/155/155
f 156/156/156 157/157/157 149/149/149
f 156/156/156 158/158/158 157/157/157
f 159/159/159 158/158/158 156/156/156
f 160/160/160 158/158/158 159/159/159
f 161/161/161 158/158/158 160/160/160
f 162/162/162 158/158/158 161/161/161
f 163/163/163 158/158/158 162/162/162
f 163/163/163 164/164/164 158/158/158
f 163/163/163 165/165/165 164/164/164
f 163/163/163 166/166/166 165/165/165
f 163/163/163 167/167/167 166/166/166
f 167/167/167 169/169/169 168/168/168
f 167/167/167 163/163/163 169/169/169
f 80/80/80 140/140/140 82/82/82
f 170/170/170 140/140/140 80/80/80
f 171/171/171 140/140/140 170/170/170
f 172/172/172 140/140/140 171/171/171
f 168/168/168 140/140/140 172/172/172
f 169/169/169 140/140/140 168/168/168
f 140/140/140 173/173/173 139/139/139
f 169/169/169 173/173/173 140/140/140
f 169/169/169 174/174/174 173/173/173
f 169/169/169 175/175/175 174/174/174
f 169/169/169 163/163/163 175/175/175
f 178/178/178 177/177/177 176/176/176
f 179/179/179 177/177/177 178/178/178
f 180/180/180 177/177/177 179/179/179
f 181/181/181 177/177/177 180/180/180
f 182/182/182 177/177/177 181/181/181
f 183/183/183 177/177/177 182/182/182
f 184/184/184 177/177/177 183/183/183
f 185/185/185 177/177/177 184/184/184
f 188/188/188 187/187/187 186/186/186
f 188/188/188 189/189/189 187/187/187
f 190/190/190 177/177/177 185/185/185
f 191/191/191 177/177/177 190/190/190
f 177/177/177 188/188/188 192/192/192
f 191/191/191 188/188/188 177/177/177
f 193/193/193 188/188/188 191/191/191
f 194/194/194 188/188/188 193/193/193
f 195/195/195 188/188/188 194/194/194
f 188/188/188 196/196/196 189/189/189
f 196/196/196 188/188/188 195/195/195
f 177/177/177 197/197/197 176/176/176
f 177/177/177 198/198/198 197/197/197
f 177/177/177 199/199/199 198/198/198
f 177/177/177 200/200/200 199/199/199
f 177/177/177 201/201/201 200/200/200
f 177/177/177 202/202/202 201/201/201
f 177/177/177 203/203/203 202/202/202
f 177/177/177 204/204/204 203/203/203
f 177/177/177 205/205/205 204/204/204
f 208/208/208 207/207/207 206/206/206
f 192/192/192 205/205/205 177/177/177
f 207/207/207 205/205/205 192/192/192
f 208/208/208 205/205/205 207/207/207
f 211/211/211 210/210/210 209/209/209
f 211/211/211 212/212/212 210/210/210
f 213/213/213 207/207/207 192/192/192
f 213/213/213 206/206/206 207/207/207
f 213/213/213 214/214/214 206/206/206
f 213/213/213 215/215/215 214/214/214
f 212/212/212 215/215/215 213/213/213
f 212/212/212 216/216/216 215/215/215
f 212/212/212 217/217/217 216/216/216
f 211/211/211 217/217/217 212/212/212
f 220/220/220 219/219/219 218/218/218
f 220/220/220 221/221/221 219/219/219
f 220/220/220 222/222/222 221/221/221
f 220/220/220 223/223/223 222/222/222
f 220/220/220 224/224/224 223/223/223
f 188/188/188 213/213/213 192/192/192
f 188/188/188 220/220/220 213/213/213
f 186/186/186 220/220/220 188/188/188
f 225/225/225 220/220/220 186/186/186
f 226/226/226 220/220/220 225/225/225
f 227/227/227 220/220/220 226/226/226
f 228/228/228 220/220/220 227/227/227
f 229/229/229 220/220/220 228/228/228
f 230/230/230 220/220/220 229/229/229
f 230/230/230 224/224/224 220/220/220
f 231/231/231 212/212/212 213/213/213
f 231/231/231 210/210/210 212/212/212
f 232/232/232 210/210/210 231/231/231
f 233/233/233 210/210/210 232/232/232
f 234/234/234 210/210/210 233/233/233
f 235/235/235 210/210/210 234/234/234
f 236/236/236 210/210/210 235/235/235
f 237/237/237 210/210/210 236/236/236
f 238/238/238 210/210/210 237/237/237
f 239/239/239 210/210/210 238/238/238
f 240/240/240 210/210/210 239/239/239
f 240/240/240 209/209/209 210/210/210
f 240/240/240 241/241/241 209/209/209
f 213/213/213 242/242/242 231/231/231
f 213/213/213 243/243/243 242/242/242
f 213/213/213 244/244/244 243/243/243
f 220/220/220 244/244/244 213/213/213
f 218/218/218 244/244/244 220/220/220
f 245/245/245 244/244/244 218/218/218
f 246/246/246 244/244/244 245/245/245
f 246/246/246 247/247/247 244/244/244
f 246/246/246 248/248/248 247/247/247
f 249/249/249 248/248/248 246/246/246
f 249/249/249 250/250/250 248/248/248
f 249/249/249 251/251/251 250/250/250
f 249/249/249 252/252/252 251/251/251
f 249/249/249 253/253/253 252/252/252
f 249/249/249 254/254/254 253/253/253
f 257/257/257 256/256/256 255/255/255
f 257/257/257 258/258/258 256/256/256
f 261/261/261 260/260/260 259/259/259
f 257/257/257 262/262/262 258/258/258
f 257/257/257 263/263/263 262/262/262
f 260/260/260 263/263/263 257/257/257
f 260/260/260 264/264/264 263/263/263
f 260/260/260 265/265/265 264/264/264
f 260/260/260 266/266/266 265/265/265
f 260/260/260 267/267/267 266/266/266
f 260/260/260 268/268/268 267/267/267
f 260/260/260 269/269/269 268/268/268
f 260/260/260 261/261/261 269/269/269
f 260/260/260 270/270/270 259/259/259
f 271/271/271 257/257/257 255/255/255
f 272/272/272 257/257/257 271/271/271
f 273/273/273 257/257/257 272/272/272
f 274/274/274 257/257/257 273/273/273
f 275/275/275 257/257/257 274/274/274
f 276/276/276 257/257/257 275/275/275
f 276/276/276 260/260/260 257/257/257
f 277/277/277 260/260/260 276/276/276
f 278/278/278 260/260/260 277/277/277
f 279/279/279 260/260/260 278/278/278
f 280/280/280 260/260/260 279/279/279
f 281/281/281 260/260/260 280/280/280
f 282/282/282 260/260/260 281/281/281
f 282/282/282 270/270/270 260/260/260
f 285/285/285 284/284/284 283/283/283
f 286/286/286 284/284/284 285/285/285
f 287/287/287 284/284/284 286/286/286
f 288/288/288 284/284/284 287/287/287
f 289/289/289 284/284/284 288/288/288
f 290/290/290 284/284/284 289/289/289
f 291/291/291 284/284/284 290/290/290
f 292/292/292 284/284/284 291/291/291
f 293/293/293 284/284/284 292/292/292
f 284/284/284 295/295/295 294/294/294
f 284/284/284 296/296/296 295/295/295
f 284/284/284 297/297/297 296/296/296
f 293/293/293 297/297/297 284/284/284
f 298/298/298 284/284/284 294/294/294
f 299/299/299 284/284/284 298/298/298
f 300/300/300 284/284/284 299/299/299
f 301/301/301 284/284/284 300/300/300
f 302/302/302 284/284/284 301/301/301
f 284/284/284 303/303/303 283/283/283
f 284/284/284 304/304/304 303/303/303
f 302/302/302 304/304/304 284/284/284
f 305/305/305 304/304/304 302/302/302
f 306/306/306 304/304/304 305/305/305
f 306/306/306 307/307/307 304/304/304
f 308/308/308 307/307/307 306/306/306
f 308/308/308 309/309/309 307/307/307
f 312/312/312 311/311/311 310/310/310
f 312/312/312 313/313/313 311/311/311
f 316/316/316 315/315/315 314/314/314
f 317/317/317 315/315/315 316/316/316
f 318/318/318 315/315/315 317/317/317
f 319/319/319 315/315/315 318/318/318
f 320/320/320 315/315/315 319/319/319
f 320/320/320 321/321/321 315/315/315
f 322/322/322 321/321/321 320/320/320
f 323/323/323 321/321/321 322/322/322
f 324/324/324 321/321/321 323/323/323
f 324/324/324 312/312/312 321/321/321
f 324/324/324 313/313/313 312/312/312
f 325/325/325 312/312/312 310/310/310
f 326/326/326 312/312/312 325/325/325
f 326/326/326 321/321/321 312/312/312
f 327/327/327 321/321/321 326/326/326
f 328/328/328 321/321/321 327/327/327
f 328/328/328 315/315/315 321/321/321
f 329/329/329 315/315/315 328/328/328
f 329/329/329 314/314/314 315/315/315
f 329/329/329 330/330/330 314/314/314
f 329/329/329 331/331/331 330/330/330
f 332/332/332 331/331/331 329/329/329
f 333/333/333 331/331/331 332/332/332
f 333/333/333 334/334/334 331/331/331
f 333/333/333 335/335/335 334/334/334
f 338/338/338 337/337/337 336/336/336
f 338/338/338 339/339/339 337/337/337
f 340/340/340 339/339/339 338/338/338
f 340/340/340 341/341/341 339/339/339
f 342/342/342 341/341/341 340/340/340
f 343/343/343 341/341/341 342/342/342
f 343/343/343 344/344/344 341/341/341
f 345/345/345 344/344/344 343/343/343
f 345/345/345 346/346/346 344/344/344
f 347/347/347 346/346/346 345/345/345
f 347/347/347 348/348/348 346/346/346
f 349/349/349 348/348/348 347/347/347
f 349/349/349 350/350/350 348/348/348
f 351/351/351 350/350/350 349/349/349
f 352/352/352 350/350/350 351/351/351
f 353/353/353 350/350/350 352/352/352
f 353/353/353 354/354/354 350/350/350
f 355/355/355 354/354/354 353/353/353
f 355/355/355 356/356/356 354/354/354
f 357/357/357 356/356/356 355/355/355
f 357/357/357 358/358/358 356/356/356
f 359/359/359 358/358/358 357/357/357
f 359/359/359 360/360/360 358/358/358
f 361/361/361 360/360/360 359/359/359
f 362/362/362 360/360/360 361/361/361
f 363/363/363 360/360/360 362/362/362
f 363/363/363 364/364/364 360/360/360
f 365/365/365 364/364/364 363/363/363
f 366/366/366 364/364/364 365/365/365
f 367/367/367 364/364/364 366/366/366
f 368/368/368 364/364/364 367/367/367
f 369/369/369 364/364/364 368/368/368
f 370/370/370 364/364/364 369/369/369
f 371/371/371 364/364/364 370/370/370
f 372/372/372 364/364/364 371/371/371
f 373/373/373 364/364/364 372/372/372
f 374/374/374 364/364/364 373/373/373
f 375/375/375 364/364/364 374/374/374
f 376/376/376 364/364/364 375/375/375
f 377/377/377 364/364/364 376/376/376
f 378/378/378 364/364/364 377/377/377
f 379/379/379 364/364/364 378/378/378
f 380/380/380 364/364/364 379/379/379
f 381/381/381 364/364/364 380/380/380
f 382/382/382 364/364/364 381/381/381
f 382/382/382 383/383/383 364/364/364
f 382/382/382 384/384/384 383/383/383
f 382/382/382 385/385/385 384/384/384
f 382/382/382 386/386/386 385/385/385
f 382/382/382 387/387/387 386/386/386
f 382/382/382 388/388/388 387/387/387
f 391/391/391 390/390/390 389/389/389
f 391/391/391 392/392/392 390/390/390
f 393/393/393 392/392/392 391/391/391
f 393/393/393 394/394/394 392/392/392
f 395/395/395 394/394/394 393/393/393
f 395/395/395 396/396/396 394/394/394
f 395/395/395 397/397/397 396/396/396
f 398/398/398 397/397/397 395/395/395
f 398/398/398 399/399/399 397/397/397
f 398/398/398 400/400/400 399/399/399
f 390/390/390 401/401/401 389/389/389
f 402/402/402 401/401/401 390/390/390
f 402/402/402 403/403/403 401/401/401
f 402/402/402 404/404/404 403/403/403
f 402/402/402 405/405/405 404/404/404
f 402/402/402 406/406/406 405/405/405
f 402/402/402 407/407/407 406/406/406
f 402/402/402 408/408/408 407/407/407
f 402/402/402 409/409/409 408/408/408
f 402/402/402 410/410/410 409/409/409
f 402/402/402 411/411/411 410/410/410
f 402/402/402 412/412/412 411/411/411
f 415/415/415 414/414/414 413/413/413
f 415/415/415 416/416/416 414/414/414
f 417/417/417 416/416/416 415/415/415
f 417/417/417 418/418/418 416/416/416
f 417/417/417 419/419/419 418/418/418
f 417/417/417 420/420/420 419/419/419
f 417/417/417 421/421/421 420/420/420
f 417/417/417 422/422/422 421/421/421
f 417/417/417 423/423/423 422/422/422
f 417/417/417 424/424/424 423/423/423
f 425/425/425 424/424/424 417/417/417
f 425/425/425 426/426/426 424/424/424
f 429/429/429 428/428/428 427/427/427
f 430/430/430 428/428/428 429/429/429
f 430/430/430 431/431/431 428/428/428
f 430/430/430 432/432/432 431/431/431
f 433/433/433 432/432/432 430/430/430
f 433/433/433 434/434/434 432/432/432
f 433/433/433 435/435/435 434/434/434
f 433/433/433 436/436/436 435/435/435
f 433/433/433 437/437/437 436/436/436
f 413/413/413 438/438/438 415/415/415
f 439/439/439 438/438/438 413/413/413
f 439/439/439 427/427/427 438/438/438
f 439/439/439 429/429/429 427/427/427
f 442/442/442 441/441/441 440/440/440
f 441/441/441 444/444/444 443/443/443
f 441/441/441 445/445/445 444/444/444
f 441/441/441 446/446/446 445/445/445
f 441/441/441 447/447/447 446/446/446
f 441/441/441 448/448/448 447/447/447
f 441/441/441 449/449/449 448/448/448
f 441/441/441 450/450/450 449/449/449
f 441/441/441 451/451/451 450/450/450
f 441/441/441 452/452/452 451/451/451
f 441/441/441 453/453/453 452/452/452
f 441/441/441 454/454/454 453/453/453
f 441/441/441 455/455/455 454/454/454
f 441/441/441 456/456/456 455/455/455
f 441/441/441 457/457/457 456/456/456
f 441/441/441 458/458/458 457/457/457
f 441/441/441 459/459/459 458/458/458
f 441/441/441 460/460/460 459/459/459
f 441/441/441 461/461/461 460/460/460
f 441/441/441 462/462/462 461/461/461
f 441/441/441 463/463/463 462/462/462
f 441/441/441 464/464/464 463/463/463
f 441/441/441 465/465/465 464/464/464
f 441/441/441 466/466/466 465/465/465
f 441/441/441 467/467/467 466/466/466
f 441/441/441 468/468/468 467/467/467
f 441/441/441 469/469/469 468/468/468
f 441/441/441 470/470/470 469/469/469
f 441/441/441 471/471/471 470/470/470
f 441/441/441 472/472/472 471/471/471
f 441/441/441 473/473/473 472/472/472
f 441/441/441 474/474/474 473/473/473
f 441/441/441 475/475/475 474/474/474
f 441/441/441 476/476/476 475/475/475
f 441/441/441 477/477/477 476/476/476
f 441/441/441 478/478/478 477/477/477
f 441/441/441 479/479/479 478/478/478
f 441/441/441 480/480/480 479/479/479
f 441/441/441 481/481/481 480/480/480
f 441/441/441 482/482/482 481/481/481
f 442/442/442 482/482/482 441/441/441
f 483/483/483 443/443/443 444/444/444
f 483/483/483 484/484/484 443/443/443
f 483/483/483 485/485/485 484/484/484
f 483/483/483 486/486/486 485/485/485
f 483/483/483 487/487/487 486/486/486
f 483/483/483 488/488/488 487/487/487
f 483/483/483 489/489/489 488/488/488
f 490/490/490 489/489/489 483/483/483
f 491/491/491 489/489/489 490/490/490
f 492/492/492 489/489/489 491/491/491
f 493/493/493 489/489/489 492/492/492
f 493/493/493 494/494/494 489/489/489
f 495/495/495 494/494/494 493/493/493
f 495/495/495 496/496/496 494/494/494
f 497/497/497 496/496/496 495/495/495
f 497/497/497 498/498/498 496/496/496
f 499/499/499 498/498/498 497/497/497
f 499/499/499 500/500/500 498/498/498
f 499/499/499 501/501/501 500/500/500
f 502/502/502 501/501/501 499/499/499
f 502/502/502 503/503/503 501/501/501
f 506/506/506 505/505/505 504/504/504
f 505/505/505 441/441/441 443/443/443
f 507/507/507 505/505/505 506/506/506
f 508/508/508 505/505/505 507/507/507
f 509/509/509 505/505/505 508/508/508
f 505/505/505 440/440/440 441/441/441
f 505/505/505 510/510/510 440/440/440
f 505/505/505 511/511/511 510/510/510
f 505/505/505 512/512/512 511/511/511
f 505/505/505 513/513/513 512/512/512
f 509/509/509 513/513/513 505/505/505
f 514/514/514 443/443/443 484/484/484
f 443/443/443 515/515/515 505/505/505
f 443/443/443 516/516/516 515/515/515
f 443/443/443 517/517/517 516/516/516
f 443/443/443 518/518/518 517/517/517
f 443/443/443 519/519/519 518/518/518
f 443/443/443 520/520/520 519/519/519
f 443/443/443 521/521/521 520/520/520
f 443/443/443 522/522/522 521/521/521
f 443/443/443 523/523/523 522/522/522
f 443/443/443 524/524/524 523/523/523
f 443/443/443 525/525/525 524/524/524
f 514/514/514 525/525/525 443/443/443
f 528/528/528 527/527/527 526/526/526
f 528/528/528 529/529/529 527/527/527
f 530/530/530 529/529/529 528/528/528
f 530/530/530 531/531/531 529/529/529
f 532/532/532 531/531/531 530/530/530
f 533/533/533 531/531/531 532/532/532
f 533/533/533 534/534/534 531/531/531
f 533/533/533 535/535/535 534/534/534
f 536/536/536 535/535/535 533/533/533
f 536/536/536 537/537/537 535/535/535
f 538/538/538 537/537/537 536/536/536
f 538/538/538 539/539/539 537/537/537
f 540/540/540 539/539/539 538/538/538
f 540/540/540 541/541/541 539/539/539
f 540/540/540 542/542/542 541/541/541
f 540/540/540 543/543/543 542/542/542
f 544/544/544 543/543/543 540/540/540
f 544/544/544 545/545/545 543/543/543
f 544/544/544 546/546/546 545/545/545
f 544/544/544 547/547/547 546/546/546
f 544/544/544 548/548/548 547/547/547
f 544/544/544 549/549/549 548/548/548
f 526/526/526 550/550/550 528/528/528
f 552/552/552 526/526/526 551/551/551
f 553/553/553 526/526/526 552/552/552
f 554/554/554 526/526/526 553/553/553
f 555/555/555 526/526/526 554/554/554
f 556/556/556 526/526/526 555/555/555
f 526/526/526 557/557/557 550/550/550
f 558/558/558 526/526/526 556/556/556
f 559/559/559 526/526/526 558/558/558
f 560/560/560 526/526/526 559/559/559
f 561/561/561 526/526/526 560/560/560
f 562/562/562 526/526/526 561/561/561
f 563/563/563 526/526/526 562/562/562
f 564/564/564 526/526/526 563/563/563
f 565/565/565 526/526/526 564/564/564
f 566/566/566 526/526/526 565/565/565
f 567/567/567 526/526/526 566/566/566
f 526/526/526 568/568/568 557/557/557
f 526/526/526 569/569/569 568/568/568
f 526/526/526 570/570/570 569/569/569
f 567/567/567 570/570/570 526/526/526
f 526/526/526 504/504/504 505/505/505
f 526/526/526 571/571/571 504/504/504
f 526/526/526 572/572/572 571/571/571
f 526/526/526 573/573/573 572/572/572
f 526/526/526 574/574/574 573/573/573
f 526/526/526 575/575/575 574/574/574
f 575/575/575 526/526/526 527/527/527
f 505/505/505 551/551/551 526/526/526
f 505/505/505 576/576/576 551/551/551
f 505/505/505 577/577/577 576/576/576
f 505/505/505 578/578/578 577/577/577
f 578/578/578 505/505/505 515/515/515
f 581/581/581 580/580/580 579/579/579
f 581/581/581 582/582/582 580/580/580
f 583/583/583 582/582/582 581/581/581
f 584/584/584 582/582/582 583/583/583
f 584/584/584 585/585/585 582/582/582
f 586/586/586 585/585/585 584/584/584
f 587/587/587 585/585/585 586/586/586
f 587/587/587 588/588/588 585/585/585
f 589/589/589 588/588/588 587/587/587
f 590/590/590 588/588/588 589/589/589
f 591/591/591 588/588/588 590/590/590
f 592/592/592 588/588/588 591/591/591
f 593/593/593 588/588/588 592/592/592
f 594/594/594 588/588/588 593/593/593
f 594/594/594 595/595/595 588/588/588
f 596/596/596 595/595/595 594/594/594
f 597/597/597 595/595/595 596/596/596
f 598/598/598 595/595/595 597/597/597
f 598/598/598 599/599/599 595/595/595
f 600/600/600 599/599/599 598/598/598
f 601/601/601 599/599/599 600/600/600
f 601/601/601 602/602/602 599/599/599
f 601/601/601 603/603/603 602/602/602
f 601/601/601 604/604/604 603/603/603
f 601/601/601 605/605/605 604/604/604
f 601/601/601 606/606/606 605/605/605
f 601/601/601 607/607/607 606/606/606
f 601/601/601 608/608/608 607/607/607
f 601/601/601 609/609/609 608/608/608
f 601/601/601 610/610/610 609/609/609
f 601/601/601 611/611/611 610/610/610
f 612/612/612 611/611/611 601/601/601
f 613/613/613 611/611/611 612/612/612
f 613/613/613 614/614/614 611/611/611
f 615/615/615 614/614/614 613/613/613
f 616/616/616 614/614/614 615/615/615
f 617/617/617 614/614/614 616/616/616
f 617/617/617 618/618/618 614/614/614
f 619/619/619 618/618/618 617/617/617
f 620/620/620 618/618/618 619/619/619
f 621/621/621 618/618/618 620/620/620
f 622/622/622 618/618/618 621/621/621
f 622/622/622 623/623/623 618/618/618
f 624/624/624 623/623/623 622/622/622
f 625/625/625 623/623/623 624/624/624
f 626/626/626 623/623/623 625/625/625
f 627/627/627 623/623/623 626/626/626
f 628/628/628 623/623/623 627/627/627
f 629/629/629 623/623/623 628/628/628
f 629/629/629 630/630/630 623/623/623
f 631/631/631 630/630/630 629/629/629
f 631/631/631 632/632/632 630/630/630
f 631/631/631 633/633/633 632/632/632
f 634/634/634 633/633/633 631/631/631
f 634/634/634 635/635/635 633/633/633
f 579/579/579 636/636/636 581/581/581
f 579/579/579 637/637/637 636/636/636
f 638/638/638 637/637/637 579/579/579
f 638/638/638 639/639/639 637/637/637
f 640/640/640 639/639/639 638/638/638
f 641/641/641 639/639/639 640/640/640
f 641/641/641 642/642/642 639/639/639
f 643/643/643 642/642/642 641/641/641
f 644/644/644 642/642/642 643/643/643
f 644/644/644 645/645/645 642/642/642
f 648/648/648 647/647/647 646/646/646
f 651/651/651 650/650/650 649/649/649
f 651/651/651 652/652/652 650/650/650
f 653/653/653 652/652/652 651/651/651
f 654/654/654 652/652/652 653/653/653
f 655/655/655 652/652/652 654/654/654
f 656/656/656 652/652/652 655/655/655
f 657/657/657 652/652/652 656/656/656
f 658/658/658 652/652/652 657/657/657
f 659/659/659 652/652/652 658/658/658
f 660/660/660 652/652/652 659/659/659
f 661/661/661 652/652/652 660/660/660
f 661/661/661 662/662/662 652/652/652
f 661/661/661 663/663/663 662/662/662
f 661/661/661 664/664/664 663/663/663
f 661/661/661 665/665/665 664/664/664
f 661/661/661 666/666/666 665/665/665
f 667/667/667 666/666/666 661/661/661
f 668/668/668 666/666/666 667/667/667
f 669/669/669 666/666/666 668/668/668
f 670/670/670 666/666/666 669/669/669
f 671/671/671 666/666/666 670/670/670
f 672/672/672 666/666/666 671/671/671
f 673/673/673 666/666/666 672/672/672
f 674/674/674 666/666/666 673/673/673
f 675/675/675 666/666/666 674/674/674
f 676/676/676 666/666/666 675/675/675
f 677/677/677 666/666/666 676/676/676
f 678/678/678 666/666/666 677/677/677
f 679/679/679 666/666/666 678/678/678
f 680/680/680 666/666/666 679/679/679
f 681/681/681 666/666/666 680/680/680
f 682/682/682 666/666/666 681/681/681
f 683/683/683 666/666/666 682/682/682
f 684/684/684 666/666/666 683/683/683
f 684/684/684 685/685/685 666/666/666
f 684/684/684 686/686/686 685/685/685
f 684/684/684 687/687/687 686/686/686
f 684/684/684 688/688/688 687/687/687
f 691/691/691 690/690/690 689/689/689
f 691/691/691 692/692/692 690/690/690
f 691/691/691 693/693/693 692/692/692
f 691/691/691 694/694/694 693/693/693
f 691/691/691 695/695/695 694/694/694
f 691/691/691 696/696/696 695/695/695
f 699/699/699 698/698/698 697/697/697
f 691/691/691 699/699/699 696/696/696
f 691/691/691 698/698/698 699/699/699
f 691/691/691 700/700/700 698/698/698
f 689/689/689 650/650/650 691/691/691
f 701/701/701 650/650/650 689/689/689
f 702/702/702 650/650/650 701/701/701
f 703/703/703 650/650/650 702/702/702
f 704/704/704 650/650/650 703/703/703
f 705/705/705 650/650/650 704/704/704
f 706/706/706 650/650/650 705/705/705
f 707/707/707 650/650/650 706/706/706
f 708/708/708 650/650/650 707/707/707
f 709/709/709 650/650/650 708/708/708
f 710/710/710 650/650/650 709/709/709
f 711/711/711 650/650/650 710/710/710
f 712/712/712 650/650/650 711/711/711
f 713/713/713 650/650/650 712/712/712
f 713/713/713 649/649/649 650/650/650
f 716/716/716 715/715/715 714/714/714
f 716/716/716 717/717/717 715/715/715
f 716/716/716 718/718/718 717/717/717
f 716/716/716 719/719/719 718/718/718
f 716/716/716 720/720/720 719/719/719
f 716/716/716 721/721/721 720/720/720
f 722/722/722 721/721/721 716/716/716
f 723/723/723 721/721/721 722/722/722
f 724/724/724 721/721/721 723/723/723
f 725/725/725 721/721/721 724/724/724
f 726/726/726 721/721/721 725/725/725
f 727/727/727 721/721/721 726/726/726
f 728/728/728 721/721/721 727/727/727
f 729/729/729 721/721/721 728/728/728
f 730/730/730 721/721/721 729/729/729
f 731/731/731 721/721/721 730/730/730
f 732/732/732 721/721/721 731/731/731
f 733/733/733 721/721/721 732/732/732
f 733/733/733 734/734/734 721/721/721
f 735/735/735 734/734/734 733/733/733
f 736/736/736 734/734/734 735/735/735
f 736/736/736 737/737/737 734/734/734
f 738/738/738 737/737/737 736/736/736
f 738/738/738 739/739/739 737/737/737
f 738/738/738 740/740/740 739/739/739
f 700/700/700 742/742/742 741/741/741
f 745/745/745 744/744/744 743/743/743
f 745/745/745 742/742/742 744/744/744
f 742/742/742 747/747/747 746/746/746
f 742/742/742 748/748/748 747/747/747
f 742/742/742 749/749/749 748/748/748
f 742/742/742 750/750/750 749/749/749
f 742/742/742 751/751/751 750/750/750
f 742/742/742 752/752/752 751/751/751
f 745/745/745 752/752/752 742/742/742
f 754/754/754 753/753/753 700/700/700
f 755/755/755 753/753/753 754/754/754
f 756/756/756 753/753/753 755/755/755
f 757/757/757 753/753/753 756/756/756
f 758/758/758 753/753/753 757/757/757
f 759/759/759 753/753/753 758/758/758
f 760/760/760 753/753/753 759/759/759
f 760/760/760 761/761/761 753/753/753
f 762/762/762 700/700/700 741/741/741
f 763/763/763 700/700/700 762/762/762
f 764/764/764 700/700/700 763/763/763
f 765/765/765 700/700/700 764/764/764
f 766/766/766 700/700/700 765/765/765
f 698/698/698 766/766/766 697/697/697
f 766/766/766 698/698/698 700/700/700
f 742/742/742 767/767/767 741/741/741
f 742/742/742 768/768/768 767/767/767
f 742/742/742 769/769/769 768/768/768
f 742/742/742 770/770/770 769/769/769
f 742/742/742 771/771/771 770/770/770
f 742/742/742 772/772/772 771/771/771
f 742/742/742 773/773/773 772/772/772
f 774/774/774 773/773/773 742/742/742
f 774/774/774 775/775/775 773/773/773
f 775/775/775 774/774/774 776/776/776
f 779/779/779 778/778/778 777/777/777
f 780/780/780 778/778/778 779/779/779
f 781/781/781 778/778/778 780/780/780
f 781/781/781 782/782/782 778/778/778
f 781/781/781 783/783/783 782/782/782
f 781/781/781 784/784/784 783/783/783
f 781/781/781 785/785/785 784/784/784
f 781/781/781 786/786/786 785/785/785
f 781/781/781 787/787/787 786/786/786
f 781/781/781 788/788/788 787/787/787
f 781/781/781 789/789/789 788/788/788
f 781/781/781 790/790/790 789/789/789
f 791/791/791 790/790/790 781/781/781
f 791/791/791 792/792/792 790/790/790
f 791/791/791 793/793/793 792/792/792
f 791/791/791 794/794/794 793/793/793
f 795/795/795 794/794/794 791/791/791
f 795/795/795 796/796/796 794/794/794
f 795/795/795 797/797/797 796/796/796
f 795/795/795 798/798/798 797/797/797
f 799/799/799 798/798/798 795/795/795
f 799/799/799 800/800/800 798/798/798
f 801/801/801 800/800/800 799/799/799
f 801/801/801 802/802/802 800/800/800
f 805/805/805 804/804/804 803/803/803
f 804/804/804 716/716/716 714/714/714
f 716/716/716 806/806/806 722/722/722
f 808/808/808 805/805/805 807/807/807
f 808/808/808 804/804/804 805/805/805
f 809/809/809 804/804/804 808/808/808
f 810/810/810 804/804/804 809/809/809
f 811/811/811 804/804/804 810/810/810
f 812/812/812 804/804/804 811/811/811
f 813/813/813 804/804/804 812/812/812
f 814/814/814 804/804/804 813/813/813
f 815/815/815 804/804/804 814/814/814
f 816/816/816 804/804/804 815/815/815
f 817/817/817 804/804/804 816/816/816
f 818/818/818 804/804/804 817/817/817
f 819/819/819 804/804/804 818/818/818
f 820/820/820 804/804/804 819/819/819
f 821/821/821 804/804/804 820/820/820
f 822/822/822 804/804/804 821/821/821
f 823/823/823 804/804/804 822/822/822
f 824/824/824 804/804/804 823/823/823
f 825/825/825 804/804/804 824/824/824
f 826/826/826 804/804/804 825/825/825
f 826/826/826 716/716/716 804/804/804
f 826/826/826 806/806/806 716/716/716
f 828/828/828 803/803/803 827/827/827
f 829/829/829 803/803/803 828/828/828
f 805/805/805 830/830/830 807/807/807
f 803/803/803 830/830/830 805/805/805
f 803/803/803 831/831/831 830/830/830
f 803/803/803 832/832/832 831/831/831
f 803/803/803 833/833/833 832/832/832
f 803/803/803 834/834/834 833/833/833
f 803/803/803 835/835/835 834/834/834
f 803/803/803 836/836/836 835/835/835
f 803/803/803 837/837/837 836/836/836
f 803/803/803 838/838/838 837/837/837
f 803/803/803 839/839/839 838/838/838
f 803/803/803 840/840/840 839/839/839
f 803/803/803 841/841/841 840/840/840
f 803/803/803 842/842/842 841/841/841
f 843/843/843 803/803/803 829/829/829
f 842/842/842 778/778/778 782/782/782
f 803/803/803 778/778/778 842/842/842
f 777/777/777 803/803/803 843/843/843
f 777/777/777 778/778/778 803/803/803
f 804/804/804 844/844/844 803/803/803
f 804/804/804 746/746/746 844/844/844
f 804/804/804 845/845/845 746/746/746
f 846/846/846 804/804/804 714/714/714
f 804/804/804 847/847/847 845/845/845
f 846/846/846 847/847/847 804/804/804
f 848/848/848 847/847/847 846/846/846
f 849/849/849 847/847/847 848/848/848
f 850/850/850 847/847/847 849/849/849
f 851/851/851 847/847/847 850/850/850
f 852/852/852 847/847/847 851/851/851
f 853/853/853 847/847/847 852/852/852
f 853/853/853 854/854/854 847/847/847
f 855/855/855 746/746/746 747/747/747
f 844/844/844 827/827/827 803/803/803
f 844/844/844 856/856/856 827/827/827
f 857/857/857 746/746/746 855/855/855
f 858/858/858 746/746/746 857/857/857
f 859/859/859 746/746/746 858/858/858
f 860/860/860 746/746/746 859/859/859
f 860/860/860 844/844/844 746/746/746
f 861/861/861 844/844/844 860/860/860
f 862/862/862 844/844/844 861/861/861
f 863/863/863 844/844/844 862/862/862
f 864/864/864 844/844/844 863/863/863
f 865/865/865 844/844/844 864/864/864
f 865/865/865 856/856/856 844/844/844
f 776/776/776 847/847/847 854/854/854
f 845/845/845 742/742/742 746/746/746
f 774/774/774 847/847/847 776/776/776
f 742/742/742 847/847/847 774/774/774
f 742/742/742 845/845/845 847/847/847
f 753/753/753 742/742/742 700/700/700
f 743/743/743 753/753/753 761/761/761
f 744/744/744 753/753/753 743/743/743
f 753/753/753 744/744/744 742/742/742
f 868/868/868 867/867/867 866/866/866
f 868/868/868 691/691/691 867/867/867
f 754/754/754 691/691/691 868/868/868
f 754/754/754 700/700/700 691/691/691
f 869/869/869 691/691/691 650/650/650
f 870/870/870 691/691/691 869/869/869
f 871/871/871 691/691/691 870/870/870
f 872/872/872 691/691/691 871/871/871
f 873/873/873 691/691/691 872/872/872
f 874/874/874 691/691/691 873/873/873
f 875/875/875 691/691/691 874/874/874
f 876/876/876 691/691/691 875/875/875
f 877/877/877 691/691/691 876/876/876
f 878/878/878 691/691/691 877/877/877
f 879/879/879 691/691/691 878/878/878
f 880/880/880 691/691/691 879/879/879
f 881/881/881 691/691/691 880/880/880
f 882/882/882 691/691/691 881/881/881
f 882/882/882 867/867/867 691/691/691
f 882/882/882 866/866/866 867/867/867
f 650/650/650 883/883/883 869/869/869
f 884/884/884 650/650/650 652/652/652
f 885/885/885 650/650/650 884/884/884
f 886/886/886 650/650/650 885/885/885
f 887/887/887 650/650/650 886/886/886
f 888/888/888 650/650/650 887/887/887
f 888/888/888 883/883/883 650/650/650
f 889/889/889 883/883/883 888/888/888
f 890/890/890 883/883/883 889/889/889
f 891/891/891 883/883/883 890/890/890
f 892/892/892 883/883/883 891/891/891
f 893/893/893 883/883/883 892/892/892
f 894/894/894 883/883/883 893/893/893
f 895/895/895 883/883/883 894/894/894
f 895/895/895 896/896/896 883/883/883
f 895/895/895 897/897/897 896/896/896
f 895/895/895 898/898/898 897/897/897
f 899/899/899 648/648/648 646/646/646
f 648/648/648 900/900/900 647/647/647
f 898/898/898 902/902/902 901/901/901
f 902/902/902 904/904/904 903/903/903
f 904/904/904 906/906/906 905/905/905
f 906/906/906 899/899/899 907/907/907
f 906/906/906 648/648/648 899/899/899
f 648/648/648 895/895/895 900/900/900
f 648/648/648 898/898/898 895/895/895
f 648/648/648 902/902/902 898/898/898
f 648/648/648 904/904/904 902/902/902
f 648/648/648 906/906/906 904/904/904
g cPK_20_000560_00_KAMEXex_SR_L_SB_1
f 910/910/910 909/909/909 908/908/908
f 911/911/911 909/909/909 910/910/910
f 912/912/912 909/909/909 911/911/911
f 913/913/913 909/909/909 912/912/912
f 914/914/914 909/909/909 913/913/913
f 917/917/917 916/916/916 915/915/915
f 917/917/917 918/918/918 916/916/916
f 917/917/917 919/919/919 918/918/918
f 917/917/917 920/920/920 919/919/919
f 917/917/917 921/921/921 920/920/920
f 917/917/917 922/922/922 921/921/921
f 917/917/917 923/923/923 922/922/922
f 909/909/909 923/923/923 917/917/917
f 909/909/909 924/924/924 923/923/923
f 909/909/909 925/925/925 924/924/924
f 909/909/909 926/926/926 925/925/925
f 909/909/909 927/927/927 926/926/926
f 909/909/909 928/928/928 927/927/927
f 909/909/909 929/929/929 928/928/928
f 914/914/914 929/929/929 909/909/909
f 915/915/915 931/931/931 930/930/930
f 915/915/915 932/932/932 931/931/931
f 915/915/915 933/933/933 932/932/932
f 915/915/915 934/934/934 933/933/933
f 915/915/915 935/935/935 934/934/934
f 916/916/916 935/935/935 915/915/915
f 936/936/936 930/930/930 931/931/931
f 937/937/937 930/930/930 936/936/936
f 938/938/938 930/930/930 937/937/937
f 930/930/930 940/940/940 939/939/939
f 930/930/930 941/941/941 940/940/940
f 930/930/930 942/942/942 941/941/941
f 930/930/930 943/943/943 942/942/942
f 944/944/944 930/930/930 938/938/938
f 930/930/930 945/945/945 943/943/943
f 930/930/930 946/946/946 945/945/945
f 944/944/944 946/946/946 930/930/930
f 909/909/909 947/947/947 908/908/908
f 917/917/917 947/947/947 909/909/909
f 948/948/948 947/947/947 917/917/917
f 949/949/949 947/947/947 948/948/948
f 950/950/950 947/947/947 949/949/949
f 951/951/951 947/947/947 950/950/950
f 952/952/952 947/947/947 951/951/951
f 953/953/953 947/947/947 952/952/952
f 954/954/954 947/947/947 953/953/953
f 915/915/915 948/948/948 917/917/917
f 949/949/949 948/948/948 915/915/915
f 930/930/930 949/949/949 915/915/915
f 955/955/955 949/949/949 930/930/930
f 956/956/956 949/949/949 955/955/955
f 956/956/956 950/950/950 949/949/949
f 957/957/957 950/950/950 956/956/956
f 957/957/957 951/951/951 950/950/950
f 939/939/939 955/955/955 930/930/930
f 939/939/939 958/958/958 955/955/955
f 939/939/939 959/959/959 958/958/958
f 939/939/939 960/960/960 959/959/959
f 939/939/939 961/961/961 960/960/960
f 939/939/939 962/962/962 961/961/961
f 963/963/963 962/962/962 939/939/939
f 963/963/963 964/964/964 962/962/962
f 965/965/965 947/947/947 954/954/954
f 966/966/966 947/947/947 965/965/965
f 967/967/967 947/947/947 966/966/966
f 947/947/947 968/968/968 908/908/908
f 947/947/947 969/969/969 968/968/968
f 947/947/947 970/970/970 969/969/969
f 947/947/947 971/971/971 970/970/970
f 947/947/947 972/972/972 971/971/971
f 947/947/947 973/973/973 972/972/972
f 947/947/947 974/974/974 973/973/973
f 947/947/947 975/975/975 974/974/974
f 947/947/947 976/976/976 975/975/975
f 947/947/947 977/977/977 976/976/976
f 947/947/947 978/978/978 977/977/977
f 947/947/947 979/979/979 978/978/978
f 947/947/947 980/980/980 979/979/979
f 947/947/947 981/981/981 980/980/980
f 947/947/947 982/982/982 981/981/981
f 947/947/947 983/983/983 982/982/982
f 947/947/947 984/984/984 983/983/983
f 947/947/947 985/985/985 984/984/984
f 947/947/947 986/986/986 985/985/985
f 947/947/947 987/987/987 986/986/986
f 967/967/967 987/987/987 947/947/947
f 990/990/990 989/989/989 988/988/988
f 991/991/991 989/989/989 990/990/990
f 994/994/994 993/993/993 992/992/992
f 995/995/995 993/993/993 994/994/994
f 996/996/996 993/993/993 995/995/995
f 997/997/997 993/993/993 996/996/996
f 997/997/997 998/998/998 993/993/993
f 997/997/997 999/999/999 998/998/998
f 997/997/997 1000/1000/1000 999/999/999
f 991/991/991 992/992/992 993/993/993
f 990/990/990 992/992/992 991/991/991
f 1001/1001/1001 992/992/992 990/990/990
f 1002/1002/1002 992/992/992 1001/1001/1001
f 1003/1003/1003 992/992/992 1002/1002/1002
f 992/992/992 1004/1004/1004 994/994/994
f 992/992/992 1005/1005/1005 1004/1004/1004
f 992/992/992 1006/1006/1006 1005/1005/1005
f 992/992/992 1007/1007/1007 1006/1006/1006
f 992/992/992 1008/1008/1008 1007/1007/1007
f 992/992/992 1009/1009/1009 1008/1008/1008
f 992/992/992 1010/1010/1010 1009/1009/1009
f 992/992/992 1011/1011/1011 1010/1010/1010
f 992/992/992 1003/1003/1003 1011/1011/1011
f 1014/1014/1014 1013/1013/1013 1012/1012/1012
f 1015/1015/1015 1013/1013/1013 1014/1014/1014
f 1016/1016/1016 1013/1013/1013 1015/1015/1015
f 1017/1017/1017 1013/1013/1013 1016/1016/1016
f 1017/1017/1017 1018/1018/1018 1013/1013/1013
f 1019/1019/1019 1018/1018/1018 1017/1017/1017
f 1019/1019/1019 1020/1020/1020 1018/1018/1018
f 1013/1013/1013 1021/1021/1021 1012/1012/1012
f 1013/1013/1013 1022/1022/1022 1021/1021/1021
f 1013/1013/1013 1023/1023/1023 1022/1022/1022
f 1013/1013/1013 1024/1024/1024 1023/1023/1023
f 1013/1013/1013 1025/1025/1025 1024/1024/1024
f 1026/1026/1026 1025/1025/1025 1013/1013/1013
f 1026/1026/1026 1027/1027/1027 1025/1025/1025
f 1028/1028/1028 1027/1027/1027 1026/1026/1026
f 1028/1028/1028 1029/1029/1029 1027/1027/1027
f 1032/1032/1032 1031/1031/1031 1030/1030/1030
f 1032/1032/1032 1033/1033/1033 1031/1031/1031
f 1032/1032/1032 1034/1034/1034 1033/1033/1033
f 1032/1032/1032 1035/1035/1035 1034/1034/1034
f 1032/1032/1032 1036/1036/1036 1035/1035/1035
f 1032/1032/1032 1037/1037/1037 1036/1036/1036
f 1032/1032/1032 1038/1038/1038 1037/1037/1037
f 1032/1032/1032 1039/1039/1039 1038/1038/1038
f 1032/1032/1032 1040/1040/1040 1039/1039/1039
f 1032/1032/1032 1041/1041/1041 1040/1040/1040
f 1032/1032/1032 1042/1042/1042 1041/1041/1041
f 1032/1032/1032 1043/1043/1043 1042/1042/1042
f 1032/1032/1032 1044/1044/1044 1043/1043/1043
f 1045/1045/1045 1044/1044/1044 1032/1032/1032
f 1030/1030/1030 1046/1046/1046 1032/1032/1032
f 1030/1030/1030 1047/1047/1047 1046/1046/1046
f 1030/1030/1030 1048/1048/1048 1047/1047/1047
f 1030/1030/1030 1049/1049/1049 1048/1048/1048
f 1030/1030/1030 1050/1050/1050 1049/1049/1049
f 1030/1030/1030 1051/1051/1051 1050/1050/1050
f 1052/1052/1052 1051/1051/1051 1030/1030/1030
f 1053/1053/1053 1051/1051/1051 1052/1052/1052
f 1054/1054/1054 1051/1051/1051 1053/1053/1053
f 1054/1054/1054 1055/1055/1055 1051/1051/1051
f 1058/1058/1058 1057/1057/1057 1056/1056/1056
f 1061/1061/1061 1060/1060/1060 1059/1059/1059
f 1061/1061/1061 1062/1062/1062 1060/1060/1060
f 1063/1063/1063 1062/1062/1062 1061/1061/1061
f 1064/1064/1064 1062/1062/1062 1063/1063/1063
f 1065/1065/1065 1062/1062/1062 1064/1064/1064
f 1066/1066/1066 1062/1062/1062 1065/1065/1065
f 1067/1067/1067 1062/1062/1062 1066/1066/1066
f 1068/1068/1068 1062/1062/1062 1067/1067/1067
f 1069/1069/1069 1062/1062/1062 1068/1068/1068
f 1070/1070/1070 1062/1062/1062 1069/1069/1069
f 1071/1071/1071 1062/1062/1062 1070/1070/1070
f 1072/1072/1072 1062/1062/1062 1071/1071/1071
f 1073/1073/1073 1062/1062/1062 1072/1072/1072
f 1074/1074/1074 1062/1062/1062 1073/1073/1073
f 1075/1075/1075 1062/1062/1062 1074/1074/1074
f 1076/1076/1076 1062/1062/1062 1075/1075/1075
f 1077/1077/1077 1062/1062/1062 1076/1076/1076
f 1078/1078/1078 1062/1062/1062 1077/1077/1077
f 1079/1079/1079 1062/1062/1062 1078/1078/1078
f 1080/1080/1080 1062/1062/1062 1079/1079/1079
f 1081/1081/1081 1062/1062/1062 1080/1080/1080
f 1082/1082/1082 1062/1062/1062 1081/1081/1081
f 1083/1083/1083 1062/1062/1062 1082/1082/1082
f 1084/1084/1084 1062/1062/1062 1083/1083/1083
f 1085/1085/1085 1062/1062/1062 1084/1084/1084
f 1058/1058/1058 1086/1086/1086 1057/1057/1057
f 1087/1087/1087 1062/1062/1062 1085/1085/1085
f 1088/1088/1088 1062/1062/1062 1087/1087/1087
f 1089/1089/1089 1062/1062/1062 1088/1088/1088
f 1058/1058/1058 1090/1090/1090 1086/1086/1086
f 1058/1058/1058 1091/1091/1091 1090/1090/1090
f 1058/1058/1058 1092/1092/1092 1091/1091/1091
f 1058/1058/1058 1093/1093/1093 1092/1092/1092
f 1058/1058/1058 1094/1094/1094 1093/1093/1093
f 1058/1058/1058 1095/1095/1095 1094/1094/1094
f 1058/1058/1058 1096/1096/1096 1095/1095/1095
f 1058/1058/1058 1097/1097/1097 1096/1096/1096
f 1058/1058/1058 1098/1098/1098 1097/1097/1097
f 1058/1058/1058 1099/1099/1099 1098/1098/1098
f 1058/1058/1058 1100/1100/1100 1099/1099/1099
f 1058/1058/1058 1101/1101/1101 1100/1100/1100
f 1058/1058/1058 1102/1102/1102 1101/1101/1101
f 1058/1058/1058 1103/1103/1103 1102/1102/1102
f 1058/1058/1058 1104/1104/1104 1103/1103/1103
f 1058/1058/1058 1105/1105/1105 1104/1104/1104
f 1058/1058/1058 1106/1106/1106 1105/1105/1105
f 1058/1058/1058 1107/1107/1107 1106/1106/1106
f 1058/1058/1058 1108/1108/1108 1107/1107/1107
f 1058/1058/1058 1109/1109/1109 1108/1108/1108
f 1058/1058/1058 1110/1110/1110 1109/1109/1109
f 1058/1058/1058 1111/1111/1111 1110/1110/1110
f 1058/1058/1058 1112/1112/1112 1111/1111/1111
f 1058/1058/1058 1113/1113/1113 1112/1112/1112
f 1058/1058/1058 1114/1114/1114 1113/1113/1113
f 1058/1058/1058 1115/1115/1115 1114/1114/1114
f 1058/1058/1058 1116/1116/1116 1115/1115/1115
f 1058/1058/1058 1117/1117/1117 1116/1116/1116
f 1058/1058/1058 1118/1118/1118 1117/1117/1117
f 1058/1058/1058 1119/1119/1119 1118/1118/1118
f 1058/1058/1058 1120/1120/1120 1119/1119/1119
f 1058/1058/1058 1121/1121/1121 1120/1120/1120
f 1058/1058/1058 1122/1122/1122 1121/1121/1121
f 1058/1058/1058 1123/1123/1123 1122/1122/1122
f 1058/1058/1058 1124/1124/1124 1123/1123/1123
f 1058/1058/1058 1125/1125/1125 1124/1124/1124
f 1058/1058/1058 1126/1126/1126 1125/1125/1125
f 1058/1058/1058 1127/1127/1127 1126/1126/1126
f 1058/1058/1058 1128/1128/1128 1127/1127/1127
f 1058/1058/1058 1129/1129/1129 1128/1128/1128
f 1058/1058/1058 1130/1130/1130 1129/1129/1129
f 1058/1058/1058 1131/1131/1131 1130/1130/1130
f 1058/1058/1058 1132/1132/1132 1131/1131/1131
f 1058/1058/1058 1133/1133/1133 1132/1132/1132
f 1058/1058/1058 1134/1134/1134 1133/1133/1133
f 1058/1058/1058 1135/1135/1135 1134/1134/1134
f 1062/1062/1062 1135/1135/1135 1058/1058/1058
f 1062/1062/1062 1136/1136/1136 1135/1135/1135
f 1062/1062/1062 1137/1137/1137 1136/1136/1136
f 1062/1062/1062 1138/1138/1138 1137/1137/1137
f 1062/1062/1062 1139/1139/1139 1138/1138/1138
f 1062/1062/1062 1140/1140/1140 1139/1139/1139
f 1062/1062/1062 1141/1141/1141 1140/1140/1140
f 1062/1062/1062 1142/1142/1142 1141/1141/1141
f 1062/1062/1062 1143/1143/1143 1142/1142/1142
f 1062/1062/1062 1144/1144/1144 1143/1143/1143
f 1062/1062/1062 1145/1145/1145 1144/1144/1144
f 1062/1062/1062 1146/1146/1146 1145/1145/1145
f 1062/1062/1062 1147/1147/1147 1146/1146/1146
f 1062/1062/1062 1148/1148/1148 1147/1147/1147
f 1062/1062/1062 1149/1149/1149 1148/1148/1148
f 1062/1062/1062 1150/1150/1150 1149/1149/1149
f 1062/1062/1062 1151/1151/1151 1150/1150/1150
f 1062/1062/1062 1152/1152/1152 1151/1151/1151
f 1062/1062/1062 1089/1089/1089 1152/1152/1152
f 1060/1060/1060 1153/1153/1153 1059/1059/1059
f 1154/1154/1154 1058/1058/1058 1056/1056/1056
f 1155/1155/1155 1058/1058/1058 1154/1154/1154
f 1156/1156/1156 1058/1058/1058 1155/1155/1155
f 1157/1157/1157 1058/1058/1058 1156/1156/1156
f 1158/1158/1158 1058/1058/1058 1157/1157/1157
f 1159/1159/1159 1058/1058/1058 1158/1158/1158
f 1160/1160/1160 1058/1058/1058 1159/1159/1159
f 1161/1161/1161 1058/1058/1058 1160/1160/1160
f 1162/1162/1162 1058/1058/1058 1161/1161/1161
f 1163/1163/1163 1058/1058/1058 1162/1162/1162
f 1164/1164/1164 1058/1058/1058 1163/1163/1163
f 1165/1165/1165 1058/1058/1058 1164/1164/1164
f 1166/1166/1166 1058/1058/1058 1165/1165/1165
f 1167/1167/1167 1058/1058/1058 1166/1166/1166
f 1168/1168/1168 1058/1058/1058 1167/1167/1167
f 1169/1169/1169 1058/1058/1058 1168/1168/1168
f 1170/1170/1170 1058/1058/1058 1169/1169/1169
f 1171/1171/1171 1058/1058/1058 1170/1170/1170
f 1172/1172/1172 1058/1058/1058 1171/1171/1171
f 1173/1173/1173 1058/1058/1058 1172/1172/1172
f 1174/1174/1174 1058/1058/1058 1173/1173/1173
f 1174/1174/1174 1062/1062/1062 1058/1058/1058
f 1175/1175/1175 1062/1062/1062 1174/1174/1174
f 1176/1176/1176 1062/1062/1062 1175/1175/1175
f 1177/1177/1177 1062/1062/1062 1176/1176/1176
f 1177/1177/1177 1060/1060/1060 1062/1062/1062
f 1178/1178/1178 1060/1060/1060 1177/1177/1177
f 1179/1179/1179 1060/1060/1060 1178/1178/1178
f 1180/1180/1180 1060/1060/1060 1179/1179/1179
f 1181/1181/1181 1060/1060/1060 1180/1180/1180
f 1182/1182/1182 1060/1060/1060 1181/1181/1181
f 1183/1183/1183 1060/1060/1060 1182/1182/1182
f 1184/1184/1184 1060/1060/1060 1183/1183/1183
f 1185/1185/1185 1060/1060/1060 1184/1184/1184
f 1186/1186/1186 1060/1060/1060 1185/1185/1185
f 1187/1187/1187 1060/1060/1060 1186/1186/1186
f 1188/1188/1188 1060/1060/1060 1187/1187/1187
f 1189/1189/1189 1060/1060/1060 1188/1188/1188
f 1190/1190/1190 1060/1060/1060 1189/1189/1189
f 1191/1191/1191 1060/1060/1060 1190/1190/1190
f 1192/1192/1192 1060/1060/1060 1191/1191/1191
f 1193/1193/1193 1060/1060/1060 1192/1192/1192
f 1194/1194/1194 1060/1060/1060 1193/1193/1193
f 1195/1195/1195 1060/1060/1060 1194/1194/1194
f 1196/1196/1196 1060/1060/1060 1195/1195/1195
f 1196/1196/1196 1153/1153/1153 1060/1060/1060
f 1199/1199/1199 1198/1198/1198 1197/1197/1197
f 1199/1199/1199 1200/1200/1200 1198/1198/1198
f 1199/1199/1199 1201/1201/1201 1200/1200/1200
f 1199/1199/1199 1202/1202/1202 1201/1201/1201
f 1199/1199/1199 1203/1203/1203 1202/1202/1202
f 1199/1199/1199 1204/1204/1204 1203/1203/1203
f 1199/1199/1199 1205/1205/1205 1204/1204/1204
f 1199/1199/1199 1206/1206/1206 1205/1205/1205
f 1199/1199/1199 1207/1207/1207 1206/1206/1206
f 1209/1209/1209 1199/1199/1199 1208/1208/1208
f 1210/1210/1210 1199/1199/1199 1209/1209/1209
f 1211/1211/1211 1199/1199/1199 1210/1210/1210
f 1212/1212/1212 1199/1199/1199 1211/1211/1211
f 1213/1213/1213 1199/1199/1199 1212/1212/1212
f 1214/1214/1214 1199/1199/1199 1213/1213/1213
f 1215/1215/1215 1199/1199/1199 1214/1214/1214
f 1216/1216/1216 1199/1199/1199 1215/1215/1215
f 1217/1217/1217 1199/1199/1199 1216/1216/1216
f 1218/1218/1218 1199/1199/1199 1217/1217/1217
f 1219/1219/1219 1199/1199/1199 1218/1218/1218
f 1220/1220/1220 1199/1199/1199 1219/1219/1219
f 1221/1221/1221 1199/1199/1199 1220/1220/1220
f 1199/1199/1199 1221/1221/1221 1207/1207/1207
f 1222/1222/1222 1198/1198/1198 1200/1200/1200
f 1225/1225/1225 1224/1224/1224 1223/1223/1223
f 1225/1225/1225 1226/1226/1226 1224/1224/1224
f 1225/1225/1225 1227/1227/1227 1226/1226/1226
f 1225/1225/1225 1228/1228/1228 1227/1227/1227
f 1225/1225/1225 1229/1229/1229 1228/1228/1228
f 1225/1225/1225 1230/1230/1230 1229/1229/1229
f 1225/1225/1225 1231/1231/1231 1230/1230/1230
f 1225/1225/1225 1232/1232/1232 1231/1231/1231
f 1225/1225/1225 1233/1233/1233 1232/1232/1232
f 1225/1225/1225 1234/1234/1234 1233/1233/1233
f 1225/1225/1225 1235/1235/1235 1234/1234/1234
f 1225/1225/1225 1236/1236/1236 1235/1235/1235
f 1225/1225/1225 1237/1237/1237 1236/1236/1236
f 1197/1197/1197 1237/1237/1237 1225/1225/1225
f 1197/1197/1197 1238/1238/1238 1237/1237/1237
f 1197/1197/1197 1239/1239/1239 1238/1238/1238
f 1198/1198/1198 1239/1239/1239 1197/1197/1197
f 1222/1222/1222 1239/1239/1239 1198/1198/1198
f 1222/1222/1222 1240/1240/1240 1239/1239/1239
f 1222/1222/1222 1241/1241/1241 1240/1240/1240
f 1222/1222/1222 1242/1242/1242 1241/1241/1241
f 1222/1222/1222 1243/1243/1243 1242/1242/1242
f 1222/1222/1222 1244/1244/1244 1243/1243/1243
f 1222/1222/1222 1245/1245/1245 1244/1244/1244
f 1246/1246/1246 1245/1245/1245 1222/1222/1222
f 1247/1247/1247 1245/1245/1245 1246/1246/1246
f 1248/1248/1248 1245/1245/1245 1247/1247/1247
f 1248/1248/1248 1249/1249/1249 1245/1245/1245
f 1252/1252/1252 1251/1251/1251 1250/1250/1250
f 1253/1253/1253 1251/1251/1251 1252/1252/1252
f 1254/1254/1254 1251/1251/1251 1253/1253/1253
f 1255/1255/1255 1251/1251/1251 1254/1254/1254
f 1256/1256/1256 1251/1251/1251 1255/1255/1255
f 1257/1257/1257 1251/1251/1251 1256/1256/1256
f 1258/1258/1258 1251/1251/1251 1257/1257/1257
f 1259/1259/1259 1251/1251/1251 1258/1258/1258
f 1260/1260/1260 1251/1251/1251 1259/1259/1259
f 1261/1261/1261 1251/1251/1251 1260/1260/1260
f 1262/1262/1262 1251/1251/1251 1261/1261/1261
f 1263/1263/1263 1251/1251/1251 1262/1262/1262
f 1264/1264/1264 1251/1251/1251 1263/1263/1263
f 1264/1264/1264 1265/1265/1265 1251/1251/1251
f 1266/1266/1266 1265/1265/1265 1264/1264/1264
f 1267/1267/1267 1265/1265/1265 1266/1266/1266
f 1267/1267/1267 1268/1268/1268 1265/1265/1265
f 1269/1269/1269 1268/1268/1268 1267/1267/1267
f 1270/1270/1270 1268/1268/1268 1269/1269/1269
f 1271/1271/1271 1268/1268/1268 1270/1270/1270
f 1271/1271/1271 1272/1272/1272 1268/1268/1268
f 1273/1273/1273 1272/1272/1272 1271/1271/1271
f 1273/1273/1273 1274/1274/1274 1272/1272/1272
f 1273/1273/1273 1275/1275/1275 1274/1274/1274
f 1273/1273/1273 1276/1276/1276 1275/1275/1275
f 1277/1277/1277 1199/1199/1199 1197/1197/1197
f 1278/1278/1278 1199/1199/1199 1277/1277/1277
f 1279/1279/1279 1199/1199/1199 1278/1278/1278
f 1280/1280/1280 1199/1199/1199 1279/1279/1279
f 1281/1281/1281 1199/1199/1199 1280/1280/1280
f 1282/1282/1282 1199/1199/1199 1281/1281/1281
f 1283/1283/1283 1199/1199/1199 1282/1282/1282
f 1284/1284/1284 1199/1199/1199 1283/1283/1283
f 1285/1285/1285 1199/1199/1199 1284/1284/1284
f 1199/1199/1199 1286/1286/1286 1208/1208/1208
f 1199/1199/1199 1287/1287/1287 1286/1286/1286
f 1199/1199/1199 1288/1288/1288 1287/1287/1287
f 1199/1199/1199 1289/1289/1289 1288/1288/1288
f 1199/1199/1199 1290/1290/1290 1289/1289/1289
f 1199/1199/1199 1291/1291/1291 1290/1290/1290
f 1199/1199/1199 1292/1292/1292 1291/1291/1291
f 1199/1199/1199 1293/1293/1293 1292/1292/1292
f 1199/1199/1199 1294/1294/1294 1293/1293/1293
f 1199/1199/1199 1295/1295/1295 1294/1294/1294
f 1199/1199/1199 1296/1296/1296 1295/1295/1295
f 1199/1199/1199 1297/1297/1297 1296/1296/1296
f 1199/1199/1199 1298/1298/1298 1297/1297/1297
f 1199/1199/1199 1299/1299/1299 1298/1298/1298
f 1199/1199/1199 1300/1300/1300 1299/1299/1299
f 1199/1199/1199 1301/1301/1301 1300/1300/1300
f 1199/1199/1199 1302/1302/1302 1301/1301/1301
f 1303/1303/1303 1199/1199/1199 1285/1285/1285
f 1304/1304/1304 1199/1199/1199 1303/1303/1303
f 1305/1305/1305 1199/1199/1199 1304/1304/1304
f 1306/1306/1306 1199/1199/1199 1305/1305/1305
f 1307/1307/1307 1199/1199/1199 1306/1306/1306
f 1308/1308/1308 1199/1199/1199 1307/1307/1307
f 1309/1309/1309 1199/1199/1199 1308/1308/1308
f 1309/1309/1309 1302/1302/1302 1199/1199/1199
f 1225/1225/1225 1310/1310/1310 1197/1197/1197
f 1225/1225/1225 1311/1311/1311 1310/1310/1310
f 1225/1225/1225 1312/1312/1312 1311/1311/1311
f 1225/1225/1225 1313/1313/1313 1312/1312/1312
f 1314/1314/1314 1276/1276/1276 1273/1273/1273
f 1225/1225/1225 1315/1315/1315 1313/1313/1313
f 1225/1225/1225 1316/1316/1316 1315/1315/1315
f 1225/1225/1225 1317/1317/1317 1316/1316/1316
f 1225/1225/1225 1318/1318/1318 1317/1317/1317
f 1223/1223/1223 1318/1318/1318 1225/1225/1225
f 1223/1223/1223 1319/1319/1319 1318/1318/1318
f 1223/1223/1223 1320/1320/1320 1319/1319/1319
f 1223/1223/1223 1321/1321/1321 1320/1320/1320
f 1223/1223/1223 1322/1322/1322 1321/1321/1321
f 1223/1223/1223 1323/1323/1323 1322/1322/1322
f 1223/1223/1223 1324/1324/1324 1323/1323/1323
f 1223/1223/1223 1325/1325/1325 1324/1324/1324
f 1223/1223/1223 1326/1326/1326 1325/1325/1325
f 1223/1223/1223 1327/1327/1327 1326/1326/1326
f 1223/1223/1223 1328/1328/1328 1327/1327/1327
f 1223/1223/1223 1329/1329/1329 1328/1328/1328
f 1223/1223/1223 1330/1330/1330 1329/1329/1329
f 1223/1223/1223 1331/1331/1331 1330/1330/1330
f 1223/1223/1223 1332/1332/1332 1331/1331/1331
f 1223/1223/1223 1333/1333/1333 1332/1332/1332
f 1223/1223/1223 1334/1334/1334 1333/1333/1333
f 1223/1223/1223 1335/1335/1335 1334/1334/1334
f 1223/1223/1223 1314/1314/1314 1335/1335/1335
f 1336/1336/1336 1314/1314/1314 1223/1223/1223
f 1337/1337/1337 1314/1314/1314 1336/1336/1336
f 1338/1338/1338 1314/1314/1314 1337/1337/1337
f 1339/1339/1339 1314/1314/1314 1338/1338/1338
f 1314/1314/1314 1339/1339/1339 1276/1276/1276
f 1340/1340/1340 1251/1251/1251 1265/1265/1265
f 1341/1341/1341 1251/1251/1251 1340/1340/1340
f 1342/1342/1342 1251/1251/1251 1341/1341/1341
f 1342/1342/1342 1250/1250/1250 1251/1251/1251
f 1343/1343/1343 1250/1250/1250 1342/1342/1342
f 1343/1343/1343 1344/1344/1344 1250/1250/1250
f 1343/1343/1343 1345/1345/1345 1344/1344/1344
f 1343/1343/1343 1346/1346/1346 1345/1345/1345
f 1343/1343/1343 1347/1347/1347 1346/1346/1346
f 1348/1348/1348 1347/1347/1347 1343/1343/1343
f 1348/1348/1348 1349/1349/1349 1347/1347/1347
f 1350/1350/1350 1349/1349/1349 1348/1348/1348
f 1351/1351/1351 1349/1349/1349 1350/1350/1350
f 1351/1351/1351 1352/1352/1352 1349/1349/1349
f 1351/1351/1351 1353/1353/1353 1352/1352/1352
f 1351/1351/1351 1354/1354/1354 1353/1353/1353
f 1351/1351/1351 1355/1355/1355 1354/1354/1354
f 1351/1351/1351 1356/1356/1356 1355/1355/1355
