g cPK_20_000410_00_WINDIEex_SR_L_SB
v 0.081221625 0.45192152 -0.04271956
v 0.07692718 0.44745174 -0.04285493
v 0.07929354 0.44245607 -0.04303897
v 0.08919721 0.44499776 -0.042798515
v 0.07797892 0.4349188 -0.0433488
v 0.08726903 0.43667164 -0.04313735
v 0.1144458 0.46415883 -0.04138662
v 0.11092696 0.46095997 -0.04151232
v 0.11220658 0.4531227 -0.041852694
v 0.15747072 0.45536184 -0.04126736
v 0.14809018 0.45088354 -0.041480318
v 0.15123282 0.44384596 -0.041804012
v 0.1277211 0.44448575 -0.04221848
v 0.11748468 0.4396873 -0.04262842
v 0.12484207 0.43792802 -0.042468145
v 0.15779056 0.42273337 -0.043247882
v 0.15187262 0.42177367 -0.043220874
v 0.1552315 0.4187347 -0.04340729
v 0.10548885 0.45520195 -0.04174122
v 0.17106597 0.42001423 -0.043510955
v 0.16722731 0.41377637 -0.04377324
v 0.08621728 0.43220186 -0.043345433
v 0.07201917 0.44236848 -0.043009628
v 0.16258888 0.40625906 -0.04408556
v 0.028234327 0.38948685 -0.048493095
v 0.1018302 0.335873 -0.05373261
v 0.031346247 0.39289233 -0.048087195
v 0.06707836 0.43755746 -0.04341676
v 0.13987681 0.44608518 -0.0417134
v 0.14809018 0.4379891 -0.042140275
v 0.15358779 0.3957095 -0.04485308
v 0.14323626 0.38374224 -0.046520926
v 0.13288477 0.37177494 -0.048300613
v 0.12253324 0.3598076 -0.050086536
v 0.1121817 0.3478403 -0.051962066
v 0.036575355 0.39986446 -0.04713381
v 0.03966068 0.403651 -0.04662282
v 0.043765355 0.40868855 -0.046088155
v 0.048994463 0.41522494 -0.04542714
v 0.055095013 0.42263284 -0.04471462
v 0.060868856 0.42971393 -0.04407088
v 0.06339105 0.4328998 -0.043795425
v 0.09191414 0.43895036 -0.042831637
v 0.097171836 0.4448056 -0.04242584
v 0.10996734 0.4424064 -0.042409122
v 0.109007694 0.43488905 -0.04287749
v 0.13235945 0.44208655 -0.042154424
v 0.1441953 0.4307305 -0.04261462
v 0.13939698 0.42209354 -0.043264385
v 0.13635807 0.41777506 -0.043632194
v 0.15970996 0.39762205 -0.04439926
v 0.16018978 0.40114084 -0.0443014
v 0.16136634 0.403651 -0.044195265
v 0.14809018 0.42106438 -0.04336562
v 0.1441953 0.4203341 -0.04343791
v 0.055974137 0.2828592 -0.060909808
v 0.1552497 0.19602804 -0.06578858
v 0.065145366 0.29346198 -0.05966822
v 0.07431656 0.30406475 -0.058363713
v 0.1611494 0.39474314 -0.044403125
v 0.08348779 0.31466752 -0.056852497
v 0.092659 0.32527027 -0.05529923
v 0.16547392 0.39056176 -0.044201117
v 0.27019083 0.30667725 -0.043676097
v 0.23316768 0.32912228 -0.042501237
v 0.2708527 0.28536347 -0.045999642
v 0.23278931 0.33387873 -0.042075224
v 0.22663641 0.33964086 -0.041790824
v 0.27124986 0.26960975 -0.047810715
v 0.26966128 0.25253218 -0.04992937
v 0.2708527 0.26021048 -0.048914943
v 0.26846984 0.24657486 -0.050718535
v 0.26661643 0.24022053 -0.05155587
v 0.26449823 0.23425274 -0.052340973
v 0.26171824 0.2285707 -0.05312078
v 0.25814387 0.22314298 -0.0539019
v 0.25443712 0.21824472 -0.054644335
v 0.24993606 0.21347892 -0.055404156
v 0.24543495 0.20937505 -0.05612738
v 0.24093394 0.20553584 -0.056787517
v 0.23643287 0.20169675 -0.057436276
v 0.23278931 0.19939965 -0.057898637
v 0.23034321 0.19785765 -0.05821073
v 0.2229356 0.19460307 -0.05906966
v 0.21367334 0.19199066 -0.060098536
v 0.20322357 0.19009064 -0.061228614
v 0.19253634 0.18890314 -0.062351424
v 0.18279904 0.18937822 -0.06336542
v 0.17448677 0.1903281 -0.0641875
v 0.16522448 0.19199066 -0.06509956
v 0.15952456 0.19412802 -0.065497436
v 0.22213541 0.3438772 -0.041577138
v 0.21511905 0.35036397 -0.041296314
v 0.20916174 0.35658607 -0.041117977
v 0.20301628 0.36189565 -0.041643877
v 0.19574061 0.3675706 -0.042240422
v 0.18817392 0.37339112 -0.042782843
v 0.1769694 0.38183096 -0.043526784
v 0.17042142 0.3866329 -0.043925863
v 0.23497663 0.33183023 -0.042109128
v 0.2633068 0.3727369 -0.039225314
v 0.2570848 0.36572054 -0.039485622
v 0.2627773 0.36121944 -0.039472513
v 0.24940649 0.35446787 -0.04012102
v 0.26304203 0.35049644 -0.039824553
v 0.26979363 0.31895185 -0.042132176
v 0.2692641 0.32772633 -0.041365683
v 0.26727828 0.3290502 -0.041085437
v 0.2663516 0.33130065 -0.040826805
v 0.24172822 0.34334764 -0.041012388
v 0.26410118 0.33964086 -0.040281206
v 0.025572509 0.38657388 -0.048853777
v 0.019940032 0.38076046 -0.049613178
v 0.012645838 0.37292847 -0.050659746
v 0.0045479764 0.3632881 -0.051945787
v -0.004706781 0.3522981 -0.05341474
v 0.23740642 0.18742453 -0.082475595
v 0.23708613 0.18742453 -0.082475595
v 0.23708613 0.1816947 -0.082475595
v 0.11512907 0.0026341642 -0.082475595
v 0.16666695 0.08350065 -0.082475595
v 0.10736572 0.093384214 -0.082475595
v 0.13022101 0.12375941 -0.0824756
v 0.21485265 0.26691017 -0.082475595
v 0.20950942 0.25794122 -0.082475595
v 0.21428025 0.2504989 -0.082475595
v 0.16370198 0.119081415 -0.082475595
v 0.20034967 0.24267474 -0.082475595
v 0.21389857 0.23465991 -0.082475595
v 0.19061723 0.2270267 -0.082475595
v 0.21447109 0.22683588 -0.082475595
v 0.21213125 0.22187014 -0.082475595
v 0.17852722 0.17442925 -0.0824756
v 0.18117729 0.21317899 -0.082475595
v 0.17390917 0.20233844 -0.082475595
v 0.16750348 0.19112839 -0.0824756
v 0.1652414 0.18742453 -0.082475595
v 0.16079223 0.18013927 -0.0824756
v 0.15686552 0.17282735 -0.082475595
v 0.24955796 -0.03075601 -0.082475595
v 0.23782845 -0.02225317 -0.082475595
v 0.24546714 -0.0321196 -0.082475595
v 0.2401061 -0.032425947 -0.082475595
v 0.2370861 -0.032070648 -0.082475595
v 0.19236416 0.060768556 -0.082475595
v 0.16791925 -0.03989085 -0.082475595
v 0.20422438 0.041989837 -0.0824756
v 0.20620123 0.014315853 -0.0824756
v 0.19631761 -0.016323103 -0.0824756
v 0.17030858 -0.039136343 -0.082475595
v 0.17592104 -0.03657547 -0.082475595
v 0.18141302 -0.0338296 -0.082475595
v 0.185728 -0.030299112 -0.082475595
v 0.18965076 -0.026180118 -0.082475595
v 0.19337747 -0.02186515 -0.082475595
v 0.19612333 -0.0173539 -0.082475595
v 0.2348982 -0.031813208 -0.082475595
v 0.22300322 0.001467313 -0.082475595
v 0.19828083 -0.02108053 -0.082475595
v 0.20102683 -0.025003377 -0.082475595
v 0.20514579 -0.02873001 -0.082475595
v 0.20965694 -0.031672116 -0.082475595
v 0.21573725 -0.033437338 -0.082475595
v 0.22162138 -0.033437338 -0.082475595
v 0.22739275 -0.031506926 -0.082475595
v 0.23045611 -0.02997514 -0.082475595
v 0.23122208 -0.030894184 -0.082475595
v 0.16443674 -0.040990572 -0.082475595
v 0.15810159 -0.04160862 -0.082475595
v 0.15078191 -0.041608673 -0.082475595
v 0.14373128 -0.04083609 -0.082475595
v 0.13770509 -0.039599877 -0.082475595
v 0.13090625 -0.037591178 -0.082475595
v 0.12457099 -0.035118874 -0.082475595
v 0.119008355 -0.032337617 -0.082475595
v 0.22377586 0.07293781 -0.082475595
v 0.22477439 0.07044132 -0.082475595
v 0.2299151 0.063967966 -0.0824756
v 0.23708613 0.054448295 -0.082475595
v 0.24152906 0.048165333 -0.082475595
v 0.24590805 0.04074005 -0.082475595
v 0.25066793 0.032743525 -0.0824756
v 0.25358534 0.027617922 -0.082475595
v 0.2571083 0.023635412 -0.082475595
v 0.262163 0.019040262 -0.082475595
v 0.2667582 0.014816103 -0.082475595
v 0.26997486 0.010768866 -0.0824756
v 0.27242565 0.0054078656 -0.082475595
v 0.27334467 0.00019995197 -0.082475595
v 0.27349788 -0.005773816 -0.0824756
v 0.27242565 -0.012053843 -0.082475595
v 0.26859632 -0.017414963 -0.082475595
v 0.26415426 -0.02063164 -0.082475595
v 0.26063132 -0.021703854 -0.082475595
v 0.2584869 -0.022010136 -0.082475595
v 0.2571083 -0.022776077 -0.082475595
v 0.2563424 -0.024767337 -0.082475595
v 0.2543512 -0.027371248 -0.082475595
v 0.25052187 -0.03043471 -0.082475595
v 0.2946247 0.21408132 -0.082475595
v 0.2835577 0.20335467 -0.082475595
v 0.28782922 0.19691369 -0.082475595
v 0.26012385 0.20263727 -0.082475595
v 0.25677624 0.19905046 -0.082475595
v 0.25892833 0.1964201 -0.082475595
v 0.23987137 0.2763147 -0.082475595
v 0.23807506 0.27372873 -0.082475595
v 0.2398986 0.27372873 -0.082475595
v 0.2874715 0.16365138 -0.082475595
v 0.27638412 0.16043244 -0.082475595
v 0.28353733 0.15900186 -0.082475595
v 0.27184084 0.19905046 -0.082475595
v 0.2656237 0.19570272 -0.082475595
v 0.26968873 0.19331154 -0.082475595
v 0.27656135 0.15154873 -0.082475595
v 0.27231905 0.19307236 -0.082475595
v 0.2828258 0.18742453 -0.082475595
v 0.26565436 0.15864424 -0.082475595
v 0.26875526 0.14336179 -0.082475595
v 0.24792877 0.19068122 -0.082475595
v 0.25749364 0.19139862 -0.082475595
v 0.22325134 0.07424917 -0.082475595
v 0.24011336 0.25332522 -0.082475595
v 0.23708613 0.27194336 -0.082475595
v 0.23476659 0.2680729 -0.082475595
v 0.2266842 0.25240716 -0.082475595
v 0.23962942 0.22718973 -0.082475595
v 0.21790598 0.23542325 -0.082475595
v 0.26634103 0.18742453 -0.082475595
v 0.2774571 0.17724246 -0.082475595
v 0.27030388 0.16615507 -0.082475595
v 0.22382246 0.078628235 -0.082475595
v 0.22572647 0.08586312 -0.0824756
v 0.22934388 0.09405004 -0.082475595
v 0.23344468 0.10112031 -0.0824756
v 0.23486534 0.10356972 -0.0824756
v 0.23708613 0.106678896 -0.082475595
v 0.24057701 0.11156613 -0.0824756
v 0.24666968 0.11975306 -0.082475595
v 0.25333342 0.12774959 -0.082475595
v 0.26094913 0.13536529 -0.082475595
v 0.24399936 0.18742453 -0.082475595
v -0.012419058 0.34188655 -0.05477331
v -0.018010464 0.3320534 -0.05601866
v -0.021308014 0.3259973 -0.05677064
v -0.025144303 0.31895185 -0.05762693
v -0.028229196 0.31315833 -0.05831343
v 0.024357399 0.111316875 -0.07163637
v 0.024647422 0.11579203 -0.071551
v 0.017037986 0.11273352 -0.07170521
v 0.0018815397 0.11661607 -0.07179888
v 0.024937443 0.12026719 -0.07146324
v 0.05339252 0.2746553 -0.06184997
v -0.033654604 0.30127525 -0.059678264
v 0.05081088 0.26645142 -0.062754266
v -0.037833657 0.28775486 -0.06117053
v 0.048229232 0.2582475 -0.06360927
v -0.04176687 0.27300534 -0.0626894
v 0.04564761 0.2500436 -0.06441685
v 0.043065976 0.24183968 -0.065173775
v -0.045208402 0.25825584 -0.06408396
v 0.04048435 0.23363577 -0.06587451
v -0.04791242 0.24473543 -0.06523474
v 0.037902717 0.22543183 -0.06651088
v -0.049358323 0.23425274 -0.06608061
v 0.035321083 0.21722794 -0.06708445
v 0.032739457 0.20902403 -0.06760516
v -0.049879033 0.2304776 -0.06637149
v -0.051108222 0.21720302 -0.06756629
v 0.030157808 0.20082012 -0.068079114
v -0.05135406 0.20442013 -0.06861466
v -0.050616544 0.19212882 -0.069522835
v 0.029577766 0.19186978 -0.06862189
v -0.04938745 0.17983758 -0.070206724
v 0.028997723 0.18291946 -0.06910059
v 0.027837647 0.16501881 -0.069885865
v -0.047090203 0.16814606 -0.07065407
v 0.028417692 0.17396915 -0.069489725
v -0.043801125 0.15846135 -0.071088456
v -0.03959828 0.14955367 -0.07131225
v 0.027257605 0.15606849 -0.07021552
v -0.03228904 0.140371 -0.07166262
v -0.021308014 0.12908518 -0.071837164
v -0.024797084 0.13233094 -0.07180315
v 0.026677562 0.14711815 -0.07062556
v 0.02609752 0.13816783 -0.07095945
v 0.025517477 0.12921752 -0.07125118
v -0.016939659 0.12502171 -0.07183716
v -0.00816865 0.120087996 -0.07187535
v 0.0130280405 0.11350962 -0.07171656
v 0.14809018 0.17902581 -0.0670936
v 0.14152484 0.16497777 -0.06805508
v 0.13414966 0.14955367 -0.06892468
v 0.12747674 0.14074484 -0.06945605
v 0.119399205 0.13126235 -0.070220545
v 0.11132156 0.12423835 -0.0707824
v 0.10274873 0.119539775 -0.0712147
v 0.08538934 0.11350962 -0.07180852
v 0.094160475 0.11643334 -0.07154616
v 0.07607012 0.111316875 -0.072000906
v 0.06821268 0.11022055 -0.072041914
v 0.06339108 0.10986984 -0.071983226
v 0.058162507 0.1094896 -0.071936674
v 0.047198735 0.109124124 -0.07184253
v 0.03623486 0.10985507 -0.07174468
v -0.16091947 -0.25566626 -0.068679824
v -0.15925251 -0.30524826 -0.068679824
v -0.08706292 -0.25566626 -0.068679824
v -0.14873074 -0.30524826 -0.068679824
v -0.14271924 -0.3046471 -0.068679824
v -0.13790989 -0.3025431 -0.068679824
v -0.08706292 -0.26296097 -0.068679824
v -0.08871465 -0.27177045 -0.068679824
v -0.09091704 -0.28002924 -0.068679824
v -0.09588772 -0.28877655 -0.068679824
v -0.100889705 -0.29471093 -0.068679824
v -0.10875372 -0.3010402 -0.068679824
v -0.1180717 -0.30314422 -0.068679824
v -0.1279908 -0.30374542 -0.068679824
v -0.13610648 -0.30374542 -0.068679824
v -0.1706731 -0.30524826 -0.068679824
v -0.20977819 -0.25566632 -0.068679824
v -0.17428002 -0.3046471 -0.068679824
v -0.17758645 -0.3025431 -0.068679824
v -0.21250919 -0.26253727 -0.068679824
v -0.21351941 -0.2684324 -0.068679824
v -0.21399963 -0.27539662 -0.068679824
v -0.18058686 -0.30313292 -0.068679824
v -0.18842457 -0.30313292 -0.068679824
v -0.21327929 -0.28260076 -0.068679824
v -0.19562887 -0.30265263 -0.068679824
v -0.21195848 -0.28800404 -0.068679824
v -0.20955709 -0.29292688 -0.068679824
v -0.20595494 -0.29760966 -0.068679824
v -0.20103203 -0.30121183 -0.068679824
v -0.15508509 -0.23912518 -0.068679824
v -0.08706292 -0.25249967 -0.068679824
v -0.08710813 -0.23907538 -0.068679824
v -0.08277138 -0.17096716 -0.068679824
v -0.15572208 -0.17096716 -0.068679824
v -0.0846506 -0.18096302 -0.068679824
v -0.0860962 -0.19209407 -0.068679824
v -0.08754178 -0.20409231 -0.068679824
v -0.087975465 -0.21551244 -0.068679824
v -0.087975465 -0.22765532 -0.068679824
v -0.20453484 -0.24768093 -0.068679824
v -0.19841757 -0.23774031 -0.068679824
v -0.182222 -0.17096716 -0.068679824
v -0.18172835 -0.17430525 -0.068679824
v -0.18058686 -0.17096716 -0.068679824
v -0.19281767 -0.22730699 -0.068679824
v -0.18963744 -0.21995269 -0.068679824
v -0.18631978 -0.20781203 -0.068679824
v -0.18383746 -0.19359474 -0.068679824
v -0.18270908 -0.18411659 -0.068679824
v -0.05840837 -0.08626805 -0.068679824
v -0.14925063 -0.08626805 -0.068679824
v -0.06034385 -0.09981621 -0.068679824
v -0.065582804 -0.117951885 -0.068679824
v -0.15591854 -0.1499421 -0.068679824
v -0.07083287 -0.13425477 -0.068679824
v -0.07635928 -0.14972864 -0.068679824
v -0.08050404 -0.16161044 -0.068679824
v -0.20319171 -0.1332085 -0.068679824
v -0.19345804 -0.14971352 -0.068679824
v -0.19726692 -0.13490133 -0.068679824
v -0.19171217 -0.08626805 -0.068679824
v -0.1901704 -0.0960327 -0.068679824
v -0.18058686 -0.08626805 -0.068679824
v -0.18723105 -0.10988926 -0.068679824
v -0.18604408 -0.11591486 -0.068679824
v -0.19006114 -0.11701043 -0.068679824
v -0.18428881 -0.16741689 -0.068679824
v -0.20107575 -0.12686041 -0.068679824
v -0.19416958 -0.117923394 -0.068679824
v -0.19909959 -0.11783212 -0.068679824
v -0.20211235 -0.11737559 -0.068679824
v -0.20302542 -0.11810601 -0.068679824
v -0.13273613 -0.0015689575 -0.068679824
v -0.09588772 -0.0015689575 -0.068679824
v -0.057375252 -0.079036444 -0.068679824
v -0.05707847 -0.06270942 -0.068679824
v -0.05945325 -0.046382397 -0.068679824
v -0.0627187 -0.030352259 -0.068679824
v -0.069896124 -0.012910062 -0.068679824
v -0.076764606 -0.0015689575 -0.068679824
v -0.17735828 -0.0015689575 -0.068679824
v -0.18058686 -0.0073804157 -0.068679824
v -0.18380506 -0.013173269 -0.068679824
v -0.18755405 -0.025357544 -0.068679824
v -0.19036588 -0.03941632 -0.068679824
v -0.19216211 -0.054604042 -0.068679824
v -0.1929588 -0.06894466 -0.068679824
v -0.1925605 -0.080895275 -0.068679824
v -0.08083382 0.0051498986 -0.068679824
v -0.08999097 0.01532459 -0.068679824
v -0.12591302 0.033424895 -0.068679824
v -0.09588772 0.021515442 -0.068679824
v -0.09968775 0.025504997 -0.068679824
v -0.10749384 0.031359617 -0.068679824
v -0.11744648 0.035848033 -0.068679824
v -0.1260332 0.03662864 -0.068679824
v -0.17443256 0.003697315 -0.068679824
v -0.16540365 0.018712556 -0.068679824
v -0.15608655 0.02726145 -0.068679824
v -0.1469144 0.0327256 -0.068679824
v -0.13501014 0.036433514 -0.068679824
v 0.034761425 -0.2008249 -0.082475595
v 0.034100875 -0.19917338 -0.082475595
v 0.029261813 -0.20075372 -0.082475595
v 0.08695174 -0.16812348 -0.082475595
v 0.0824924 -0.16498545 -0.082475595
v 0.085795596 -0.16894923 -0.082475595
v 0.081831746 -0.1692795 -0.082475595
v 0.10247486 -0.1338563 -0.082475595
v 0.09459443 -0.12983884 -0.082475595
v 0.101393245 -0.1350925 -0.082475595
v 0.09861188 -0.13648307 -0.082475595
v 0.07406933 -0.19240181 -0.082475595
v 0.07192218 -0.18942897 -0.082475595
v 0.07258285 -0.19322768 -0.082475595
v 0.06447769 -0.19289725 -0.082475595
v 0.04268912 -0.20132041 -0.082475595
v 0.04334978 -0.19570501 -0.082475595
v 0.038064614 -0.20032941 -0.082475595
v 0.09847923 -0.024901055 -0.082475595
v 0.021378996 -0.047950387 -0.082475595
v 0.09907544 -0.026774867 -0.082475595
v 0.10031152 -0.03311015 -0.082475595
v 0.10108417 -0.040990572 -0.082475595
v 0.10108417 -0.048407465 -0.082475595
v 0.100775085 -0.05474273 -0.082475595
v 0.09922992 -0.06246869 -0.082475595
v 0.020390602 -0.074635945 -0.082475595
v 0.09768476 -0.06895842 -0.082475595
v 0.09698426 -0.07148812 -0.082475595
v 0.09490338 -0.079002194 -0.082475595
v 0.09165856 -0.08719169 -0.082475595
v 0.08841363 -0.09569018 -0.082475595
v 0.08254193 -0.10959693 -0.082475595
v 0.007542053 -0.10230984 -0.082475595
v 0.034596257 -0.19752173 -0.082475595
v 0.103556454 -0.11655022 -0.082475595
v 0.09366728 -0.1136144 -0.082475595
v 0.103556454 -0.11778635 -0.082475595
v 0.097221196 -0.120104134 -0.082475595
v 0.0853233 -0.12551229 -0.082475595
v 0.09223681 -0.14384513 -0.082475595
v 0.07109648 -0.18183161 -0.082475595
v -0.08447352 -0.21361132 -0.082475595
v -0.08234842 -0.21395727 -0.082475595
v -0.09030503 -0.18038976 -0.082475595
v -0.07100967 -0.21341732 -0.082475595
v -0.0634505 -0.21125753 -0.082475595
v -0.07646807 -0.1566693 -0.082475595
v -0.057331204 -0.20927787 -0.082475595
v -0.031003779 -0.12701872 -0.082475595
v -0.05337156 -0.2094578 -0.082475595
v -0.04419269 -0.20963784 -0.082475595
v -0.03537358 -0.20909789 -0.082475595
v -0.027102834 -0.2070165 -0.082475595
v -0.021826519 -0.2042317 -0.082475595
v -0.017300291 -0.20184289 -0.082475595
v -0.008314618 -0.19803081 -0.082475595
v 0.0028493693 -0.19449095 -0.082475595
v 0.010201314 -0.19204032 -0.082475595
v 0.085465275 -0.1504514 -0.082475595
v 0.07799093 -0.15779233 -0.082475595
v 0.07621638 -0.15953512 -0.082475595
v 0.012107328 -0.19421865 -0.082475595
v 0.016191788 -0.19748624 -0.082475595
v 0.022182155 -0.19966456 -0.082475595
v 0.07324351 -0.171757 -0.082475595
v 0.045166492 -0.19190632 -0.082475595
v 0.06927966 -0.17390405 -0.082475595
v 0.007542053 -0.05585723 -0.082475595
v 0.00853034 -0.07562434 -0.082475595
v -0.09008753 -0.21269743 -0.082475595
v -0.09620693 -0.2105377 -0.082475595
v -0.00036481963 -0.0696942 -0.082475595
v -0.013213465 -0.09539137 -0.082475595
v -0.031003779 -0.10230984 -0.082475595
v -0.059666056 -0.11713518 -0.082475595
v -0.08186308 -0.13124762 -0.082475595
v -0.102196336 -0.14417516 -0.082475595
v -0.108130716 -0.14875992 -0.082475595
v -0.11234831 -0.15268968 -0.082475595
v -0.11571385 -0.15779233 -0.082475595
v -0.11742427 -0.16038556 -0.082475595
v -0.12200897 -0.16791765 -0.082475595
v -0.12479263 -0.17528598 -0.082475595
v -0.12544756 -0.18380053 -0.082475595
v -0.124283746 -0.19397958 -0.082475595
v -0.099086575 -0.21071763 -0.082475595
v -0.121404104 -0.2024386 -0.082475595
v -0.10466593 -0.21179748 -0.082475595
v -0.108130716 -0.2113899 -0.082475595
v -0.11078522 -0.2110776 -0.082475595
v -0.11744457 -0.20783797 -0.082475595
v 0.05355568 0.08025977 -0.082475595
v -0.19798888 -0.02338448 -0.082475595
v -0.19443494 -0.025090372 -0.082475595
v -0.113037124 0.028152794 -0.082475595
v -0.13510835 -0.1305846 -0.082475595
v -0.1344533 -0.12518108 -0.082475595
v -0.1360907 -0.12976591 -0.082475595
v -0.13740069 -0.12632732 -0.082475595
v -0.19199479 -0.026261693 -0.082475595
v -0.10513035 -0.044985373 -0.082475595
v -0.18506113 -0.03009736 -0.082475595
v -0.18022971 -0.03401321 -0.082475595
v -0.17768632 -0.03946343 -0.082475595
v -0.17459781 -0.0496372 -0.082475595
v -0.16678576 -0.10704621 -0.082475595
v -0.16496906 -0.099960946 -0.082475595
v -0.16805756 -0.1065012 -0.082475595
v -0.16932927 -0.09396573 -0.082475595
v -0.16169888 -0.090695545 -0.082475595
v -0.17078261 -0.07997679 -0.082475595
v -0.15897383 -0.08306528 -0.082475595
v -0.1720543 -0.0643528 -0.082475595
v -0.17147355 -0.07148812 -0.082475595
v -0.14182173 -0.1160116 -0.082475595
v -0.13314341 -0.12190627 -0.082475595
v -0.1306873 -0.11519289 -0.082475595
v -0.108130716 -0.1373568 -0.082475595
v -0.14685088 -0.102968775 -0.082475595
v -0.15498042 -0.08851626 -0.082475595
v -0.15114151 -0.09348436 -0.082475595
v -0.14933495 -0.096645795 -0.082475595
v -0.12823118 -0.117976524 -0.082475595
v -0.12512003 -0.12141509 -0.082475595
v -0.12086276 -0.12534484 -0.082475595
v -0.11496806 -0.13009332 -0.082475595
v -0.109892085 -0.13533305 -0.082475595
v -0.21188274 0.01589868 -0.082475595
v -0.21024759 0.014816103 -0.082475595
v -0.20639332 0.017884208 -0.082475595
v -0.20300622 0.012628399 -0.082475595
v -0.115195714 0.10751243 -0.082475595
v -0.11892696 0.10518288 -0.082475595
v -0.12498758 0.10112031 -0.082475595
v -0.12770246 0.09930047 -0.082475595
v -0.13628499 0.092935756 -0.082475595
v -0.14573552 0.08502824 -0.082475595
v -0.15441458 0.0775064 -0.082475595
v -0.16241854 0.06969532 -0.082475595
v -0.199371 -0.022721065 -0.082475595
v -0.19443494 -0.014304849 -0.082475595
v -0.19124277 -0.006035539 -0.082475595
v -0.18917543 0.0018201843 -0.082475595
v -0.18910748 0.006321383 -0.082475595
v -0.20067029 0.021504894 -0.082475595
v -0.19693281 0.011694043 -0.082475595
v -0.16936176 0.06178781 -0.082475595
v -0.19015868 0.009007711 -0.082475595
v -0.1744728 0.05580888 -0.082475595
v -0.17926848 0.04836805 -0.082475595
v -0.19599843 0.025242407 -0.082475595
v -0.19443494 0.011233888 -0.082475595
v -0.19249462 0.010876416 -0.082475595
v -0.18560223 0.039065536 -0.082475595
v -0.19074833 0.031346377 -0.082475595
v -0.19443494 0.027060166 -0.082475595
v 0.029221237 0.1327124 -0.082475595
v 0.038526773 0.13426338 -0.082475595
v 0.051451273 0.13736518 -0.082475595
v 0.06447769 0.13917468 -0.082475595
v 0.078075685 0.14020857 -0.082475595
v 0.09384357 0.14046703 -0.082475595
v 0.10108127 0.13917464 -0.0824756
v 0.110191524 0.13598979 -0.082475595
v 0.11692714 0.13244475 -0.0824756
v 0.12525795 0.12765896 -0.082475595
v 0.12910758 0.16456771 -0.082475595
v 0.1285659 0.15644346 -0.082475595
v 0.13425292 0.15698503 -0.082475595
v 0.14630389 0.19408591 -0.082475595
v 0.14363939 0.18742453 -0.082475595
v 0.14779341 0.189753 -0.082475595
v 0.14894323 0.18742453 -0.0824756
v 0.12915753 0.13350824 -0.0824756
v 0.12844855 0.14467514 -0.0824756
v 0.13547155 0.16321371 -0.082475595
v 0.13817969 0.17228578 -0.082475595
v 0.15320954 0.17878513 -0.082475595
v 0.14142935 0.18189955 -0.082475595
v 0.15078191 0.1837012 -0.082475595
v 0.11267312 -0.028474633 -0.082475595
v 0.107419446 -0.025384191 -0.082475595
v 0.1032474 -0.022448326 -0.082475595
v 0.10062059 -0.020130625 -0.082475595
v 0.09799383 -0.023375468 -0.082475595
v 0.026320769 0.07361709 -0.082475595
v -0.1117992 0.10963303 -0.082475595
v -0.108130716 0.111342624 -0.082475595
v -0.10284924 0.1138039 -0.082475595
v -0.08946766 0.12014704 -0.082475595
v -0.07382685 0.12536068 -0.082475595
v -0.057760455 0.12973975 -0.082475595
v -0.04095865 0.13232468 -0.082475595
v -0.029585162 0.13284165 -0.082475595
v -0.021826519 0.13232438 -0.082475595
v -0.014075748 0.13180771 -0.082475595
v -0.004770111 0.13129075 -0.082475595
v 0.0064741396 0.13142 -0.082475595
v 0.017847637 0.13193697 -0.082475595
v -0.2595468 0.21044679 -0.094167486
v -0.22710454 0.1777787 -0.094167486
v -0.25877115 0.21028292 -0.094167486
v -0.22590342 0.26781118 -0.094167486
v -0.22608767 0.25583896 -0.094167486
v -0.22129877 0.26385108 -0.094167486
v -0.25878096 0.24570866 -0.094167486
v -0.25601822 0.24211697 -0.094167486
v -0.25168976 0.24589276 -0.094167486
v -0.14975418 0.3203941 -0.094167486
v -0.15438966 0.32401362 -0.094167486
v -0.1527679 0.3193341 -0.094167486
v -0.24984784 0.225448 -0.094167486
v -0.24754551 0.22093534 -0.094167486
v -0.24487475 0.22517167 -0.094167486
v -0.16905816 0.33880904 -0.094167486
v -0.17102669 0.33137953 -0.094167486
v -0.16296217 0.33296713 -0.094167486
v -0.21411543 0.3016096 -0.094167486
v -0.21457589 0.29617608 -0.094167486
v -0.21116845 0.29967564 -0.094167486
v -0.21522053 0.2586939 -0.094167486
v -0.25168976 0.24847142 -0.094167486
v -0.24192777 0.24847142 -0.094167486
v -0.17499602 0.14783622 -0.094167486
v -0.17386389 0.19878547 -0.094167486
v -0.1978712 0.14692125 -0.094167486
v -0.2088661 0.29764965 -0.094167486
v -0.2658722 0.21762 -0.094167486
v -0.2610993 0.21301608 -0.094167486
v -0.26531965 0.21835676 -0.094167486
v -0.2600703 0.21854086 -0.094167486
v -0.25242653 0.23677555 -0.094167486
v -0.20328465 0.32147357 -0.094167486
v -0.20423709 0.3212831 -0.094167486
v -0.20162295 0.31727055 -0.094167486
v -0.20518456 0.31727052 -0.094167486
v -0.22562721 0.24718212 -0.094167486
v -0.21420753 0.28991374 -0.094167486
v -0.20531657 0.31671116 -0.094167486
v -0.20112555 0.3160126 -0.094167486
v -0.20696759 0.3101707 -0.094167486
v -0.19826812 0.3104247 -0.094167486
v -0.20803721 0.3034515 -0.094167486
v -0.19566457 0.3048367 -0.094167486
v -0.20812933 0.29847842 -0.094167486
v -0.19369608 0.30064565 -0.094167486
v -0.1902036 0.3411586 -0.094167486
v -0.19090216 0.3350626 -0.094167486
v -0.18925117 0.3413491 -0.094167486
v -0.18607612 0.33715805 -0.094167486
v -0.18373768 0.3338697 -0.094167486
v -0.19191815 0.32680762 -0.094167486
v -0.18201216 0.3314431 -0.094167486
v -0.17756714 0.32553765 -0.094167486
v -0.19236262 0.31727052 -0.094167486
v -0.17375717 0.31975916 -0.094167486
v -0.19261661 0.30826563 -0.094167486
v -0.24976802 0.2325714 -0.094167486
v -0.2525185 0.22001444 -0.094167486
v -0.23216586 0.24782674 -0.094167486
v -0.24846645 0.2305131 -0.094167486
v -0.21466796 0.26836374 -0.094167486
v -0.21319441 0.2776652 -0.094167486
v -0.21264191 0.28098062 -0.094167486
v -0.17255062 0.3254106 -0.094167486
v -0.15902512 0.3287761 -0.094167486
v -0.12163376 0.31727052 -0.094167486
v -0.12274637 0.3172705 -0.094167486
v -0.12200475 0.31645715 -0.094167486
v -0.14384875 0.33436415 -0.094167486
v -0.14505517 0.33030006 -0.094167486
v -0.14188024 0.33074465 -0.094167486
v -0.004304229 0.29450995 -0.094167486
v -0.012323542 0.2923307 -0.094167486
v -0.008396256 0.2816649 -0.094167486
v -0.12791018 0.32293412 -0.094167486
v -0.12956117 0.32077512 -0.094167486
v -0.08060276 0.32915717 -0.094167486
v -0.08219034 0.32522014 -0.094167486
v -0.07977728 0.3287126 -0.094167486
v -0.0771103 0.32287058 -0.094167486
v -0.15726922 0.14854534 -0.094167486
v -0.10205048 0.1777787 -0.094167486
v -0.091334246 0.31620318 -0.094167486
v -0.09412826 0.31334564 -0.094167486
v -0.08892127 0.3137267 -0.094167486
v -0.054885365 0.33328468 -0.094167486
v -0.059266847 0.32972857 -0.094167486
v -0.054440815 0.33271316 -0.094167486
v -0.054123383 0.32414064 -0.094167486
v -0.06345787 0.3256646 -0.094167486
v -0.08498425 0.31969568 -0.094167486
v -0.07507827 0.3184891 -0.094167486
v -0.014339506 0.29184493 -0.094167486
v -0.13133924 0.31823513 -0.094167486
v -0.10854278 0.33049068 -0.094167486
v -0.11019378 0.32572815 -0.094167486
v -0.10790775 0.3303636 -0.094167486
v -0.10549476 0.32496616 -0.094167486
v -0.034501895 0.32102913 -0.094167486
v -0.036660884 0.31823513 -0.094167486
v -0.033993907 0.32077512 -0.094167486
v -0.033836048 0.31727052 -0.094167486
v -0.111654304 0.32217214 -0.094167486
v -0.102065735 0.3184257 -0.094167486
v -0.015070967 0.32236263 -0.094167486
v -0.015642367 0.32255316 -0.094167486
v -0.015513715 0.31727052 -0.094167486
v -0.020023957 0.31867966 -0.094167486
v -0.015705895 0.31506014 -0.094167486
v -0.021806866 0.31727052 -0.094167486
v -0.016681943 0.30802068 -0.094167486
v -0.02396088 0.31556815 -0.094167486
v -0.028278941 0.31252015 -0.094167486
v -0.01816376 0.30130896 -0.094167486
v -0.03291442 0.30940863 -0.094167486
v -0.11514677 0.33150658 -0.094167486
v -0.11870276 0.32369608 -0.094167486
v -0.11457526 0.3314431 -0.094167486
v -0.11374976 0.32750615 -0.094167486
v -0.07484537 0.31727052 -0.094167486
v -0.086142965 0.31727052 -0.094167486
v -0.07425277 0.31417114 -0.094167486
v -0.08771484 0.31398067 -0.094167486
v -0.019558432 0.2905874 -0.094167486
v -0.05287428 0.31727052 -0.094167486
v -0.068537794 0.3198861 -0.094167486
v -0.052599337 0.31575862 -0.094167486
v -0.019035412 0.29625326 -0.094167486
v -0.033676397 0.3137267 -0.094167486
v -0.0378756 0.31727052 -0.094167486
v -0.040978838 0.31480616 -0.094167486
v -0.051392894 0.30788466 -0.094167486
v -0.071153425 0.31727052 -0.094167486
v -0.046947893 0.31093267 -0.094167486
v -0.1385147 0.32629964 -0.094167486
v -0.14715074 0.32604563 -0.094167486
v -0.13527624 0.32217214 -0.094167486
v -0.13210118 0.31823513 -0.094167486
v -0.101280294 0.31727052 -0.094167486
v -0.09990674 0.31525064 -0.094167486
v -0.09590631 0.31156763 -0.094167486
v -0.09692227 0.31144068 -0.094167486
v 0.032748025 0.18752323 -0.094167486
v 0.029227931 0.22830437 -0.094167486
v 0.03732231 0.18846256 -0.094167486
v 0.040173914 0.19274007 -0.094167486
v -0.011443095 0.27417824 -0.094167486
v -0.02025572 0.29102322 -0.094167486
v 0.048619263 0.20239185 -0.094167486
v 0.046806272 0.20823355 -0.094167486
v 0.04445143 0.19767557 -0.094167486
v 0.022275303 0.24004515 -0.094167486
v -0.09903858 0.31414235 -0.094167486
v 0.06395277 0.10081452 -0.094167486
v 0.055827897 0.10619452 -0.094167486
v 0.05385166 0.09938715 -0.094167486
v -0.09512968 -0.04368393 -0.094167486
v -0.09309503 -0.034414984 -0.094167486
v -0.12865818 0.0059076096 -0.094167486
v 0.09062662 0.18769474 -0.094167486
v 0.080536105 0.18747537 -0.094167486
v 0.084923305 0.18188173 -0.094167486
v -0.061435577 -0.023721088 -0.094167486
v -0.06168569 -0.021525899 -0.094167486
v -0.064432226 -0.021525899 -0.094167486
v -0.07143726 -0.042800512 -0.094167486
v -0.06870668 -0.036884174 -0.094167486
v -0.07348519 -0.0380219 -0.094167486
v -0.090797104 -0.021525899 -0.094167486
v 0.07568052 0.15490456 -0.094167486
v 0.07035961 0.15691958 -0.094167486
v 0.07209806 0.15259087 -0.094167486
v -0.08998266 -0.015153033 -0.094167486
v -0.090096466 -0.010374415 -0.094167486
v 0.032990586 0.044599533 -0.094167486
v 0.030135905 0.047673788 -0.094167486
v 0.027061647 0.04284277 -0.094167486
v 0.07717313 0.14654548 -0.094167486
v 0.07338788 0.1478723 -0.094167486
v 0.07348078 0.14244054 -0.094167486
v -0.024651809 -0.016226914 -0.094167486
v -0.02410285 -0.009200062 -0.094167486
v -0.02871419 -0.014250669 -0.094167486
v 0.009713999 0.004194885 -0.094167486
v 0.009384627 0.012649131 -0.094167486
v 0.0037850651 0.00595165 -0.094167486
v -0.062334653 -0.015829885 -0.094167486
v -0.034365747 -0.0082383035 -0.094167486
v -0.02399306 -0.0027221697 -0.094167486
v 0.07856187 0.1770558 -0.094167486
v 0.07035961 0.18758509 -0.094167486
v 0.07280212 0.17159386 -0.094167486
v 0.07035961 0.15168022 -0.094167486
v 0.058490414 0.18780445 -0.094167486
v 0.07035961 0.16973285 -0.094167486
v 0.06666123 0.16691507 -0.094167486
v -0.039560016 -0.0027444032 -0.094167486
v -0.02399306 0.0044144704 -0.094167486
v -0.1656783 0.0924024 -0.094167486
v -0.17386389 0.06316822 -0.094167486
v -0.123163536 0.09332661 -0.094167486
v -0.14975418 0.022483116 -0.094167486
v 0.06237228 0.16340591 -0.094167486
v 0.047851566 0.18824317 -0.094167486
v 0.059837975 0.1608716 -0.094167486
v -0.07610207 -0.033584613 -0.094167486
v -0.0672291 -0.0321117 -0.094167486
v -0.058200385 0.122560084 -0.094167486
v -0.08770711 -0.010829567 -0.094167486
v -0.08588672 -0.011739764 -0.094167486
v 0.04364065 0.064362586 -0.094167486
v 0.043970022 0.06535071 -0.094167486
v 0.035955053 0.064252794 -0.094167486
v 0.037492126 0.070730686 -0.094167486
v 0.028049767 0.06458217 -0.094167486
v 0.030684859 0.0768792 -0.094167486
v 0.02135229 0.06622914 -0.094167486
v 0.026183316 0.082149394 -0.094167486
v 0.06493315 0.15908402 -0.094167486
v 0.0673961 0.15012793 -0.094167486
v 0.07035961 0.14893375 -0.094167486
v 0.07035961 0.13965665 -0.094167486
v 0.067470744 0.14930688 -0.094167486
v 0.06635123 0.13646534 -0.094167486
v -0.0031319929 0.008367168 -0.094167486
v 0.008945461 0.019456396 -0.094167486
v -0.06541998 -0.021525899 -0.094167486
v -0.065630935 -0.024620062 -0.094167486
v -0.0782638 -0.030057639 -0.094167486
v -0.07985668 -0.025961697 -0.094167486
v -0.08099436 -0.021525899 -0.094167486
v -0.082587264 -0.017428579 -0.094167486
v -0.06293389 -0.008338249 -0.094167486
v -0.08440766 -0.013901499 -0.094167486
v -0.06427201 0.008667942 -0.094167486
v -0.051663544 0.01174891 -0.094167486
v -0.02388327 0.011112049 -0.094167486
v -0.02366369 0.016931092 -0.094167486
v -0.057825293 0.016472856 -0.094167486
v -0.060574915 0.017089069 -0.094167486
v -0.06262883 0.015445898 -0.094167486
v -0.064066626 0.012159653 -0.094167486
v 0.04956959 0.11135479 -0.094167486
v 0.045616996 0.09828924 -0.094167486
v 0.043944187 0.115484215 -0.094167486
v 0.037052963 0.097520694 -0.094167486
v 0.03891952 0.11860758 -0.094167486
v 0.029147787 0.09664226 -0.094167486
v 0.026842063 0.052504715 -0.094167486
v 0.019595532 0.04207423 -0.094167486
v -0.008511971 0.0108924685 -0.094167486
v 0.008396505 0.028020427 -0.094167486
v -0.014339506 0.013441965 -0.094167486
v 0.023438431 0.05865323 -0.094167486
v 0.012129511 0.042403605 -0.094167486
v 0.018826988 0.09576393 -0.094167486
v 0.0075181723 0.042952564 -0.094167486
v 0.021602144 0.06317323 -0.094167486
v 0.0077377595 0.036255084 -0.094167486
v -0.017295582 0.014735269 -0.094167486
v 0.020583756 0.06568009 -0.094167486
v 0.021571873 0.088078335 -0.094167486
v 0.062209338 0.13340981 -0.094167486
v 0.03898749 0.119694054 -0.094167486
v 0.05440082 0.12838526 -0.094167486
v 0.05847485 0.13089754 -0.094167486
v 0.05012309 0.12573712 -0.094167486
v 0.04503056 0.122749485 -0.094167486
v 0.01816824 0.09477581 -0.094167486
v -0.23104051 0.09889776 -0.094167486
v -0.22749184 0.09660479 -0.094167486
v -0.1978712 0.09170251 -0.094167486
v -0.10136739 -0.07087488 -0.094167486
v -0.09903858 -0.059998173 -0.094167486
v -0.10657596 -0.06183642 -0.094167486
v -0.1968201 0.007828583 -0.094167486
v -0.1918599 0.01157398 -0.094167486
v -0.19570649 0.015116939 -0.094167486
v -0.12312076 -0.043300133 -0.094167486
v -0.11821859 -0.032883096 -0.094167486
v -0.12633786 -0.03701927 -0.094167486
v -0.20653783 0.026757983 -0.094167486
v -0.19945192 0.029997308 -0.094167486
v -0.20542435 0.033945132 -0.094167486
v -0.14456771 -0.0315043 -0.094167486
v -0.14012516 -0.027214924 -0.094167486
v -0.14580159 -0.025981281 -0.094167486
v -0.17880164 -0.010898492 -0.094167486
v -0.17424642 -0.005837084 -0.094167486
v -0.18062371 -0.0048248232 -0.094167486
v -0.2232404 0.053178288 -0.094167486
v -0.21595204 0.055405345 -0.094167486
v -0.22162075 0.060466643 -0.094167486
v -0.23619743 0.077675276 -0.094167486
v -0.23184466 0.077675276 -0.094167486
v -0.23346432 0.08395138 -0.094167486
v -0.13062721 -0.029819211 -0.094167486
v -0.11147813 -0.049734186 -0.094167486
v -0.09585251 -0.04697681 -0.094167486
v -0.1159207 -0.038704358 -0.094167486
v -0.13552943 -0.021525899 -0.094167486
v -0.22992137 0.091239735 -0.094167486
v -0.14640893 -0.021525899 -0.094167486
v -0.1476237 -0.01373284 -0.094167486
v -0.14883837 -0.002901522 -0.094167486
v -0.14944576 -0.00269909 -0.094167486
v -0.2033998 0.04295436 -0.094167486
v -0.19246732 0.032831654 -0.094167486
v -0.18204083 0.0009450895 -0.094167486
v -0.16969118 -0.025778854 -0.094167486
v -0.16888137 -0.025981281 -0.094167486
v -0.17070346 -0.021525899 -0.094167486
v -0.16483223 -0.021525899 -0.094167486
v -0.1723231 -0.016061112 -0.094167486
v -0.15896109 -0.014745101 -0.094167486
v -0.17384143 -0.010291091 -0.094167486
v -0.15248255 -0.007355527 -0.094167486
v -0.22728944 0.0759544 -0.094167486
v -0.22060847 0.074942134 -0.094167486
v -0.22070967 0.06876736 -0.094167486
v -0.2213236 0.06317323 -0.094167486
v -0.18373768 0.0068162903 -0.094167486
v -0.18373768 0.010662901 -0.094167486
v -0.1874059 0.011776409 -0.094167486
v -0.19418816 0.024531035 -0.094167486
v -0.20167898 0.05165995 -0.094167486
v -0.20036295 0.05803726 -0.094167486
v -0.20835991 0.057126213 -0.094167486
v 0.0389354 0.23925796 -0.094167486
v 0.029359108 0.23965149 -0.094167486
v 0.035262316 0.23604405 -0.094167486
v 0.02982072 0.2846247 -0.094167486
v 0.025206843 0.283493 -0.094167486
v 0.027731404 0.28018498 -0.094167486
v 0.06530297 0.22292589 -0.094167486
v 0.055201974 0.22476247 -0.094167486
v 0.06123625 0.21925281 -0.094167486
v 0.052578308 0.20757763 -0.094167486
v -0.16331588 0.10083963 -0.094167486
v 0.031851582 0.2325714 -0.094167486
v 0.054939616 0.21453027 -0.094167486
v -0.17537068 0.13097684 -0.094167486
v 0.046937454 0.22607425 -0.094167486
v 0.049036406 0.21059473 -0.094167486
v 0.0377548 0.22751717 -0.094167486
v 0.024945652 0.27513573 -0.094167486
v 0.016501362 0.2816649 -0.094167486
v 0.023639908 0.2729594 -0.094167486
v 0.00718658 0.27931437 -0.094167486
v 0.024162184 0.26660445 -0.094167486
v 0.023193544 0.24503 -0.094167486
v -0.0022153365 0.277051 -0.094167486
v 0.024075156 0.25093457 -0.094167486
v 0.024423376 0.25868246 -0.094167486
v -0.25077417 0.111282706 -0.094167486
v -0.24216981 0.10561401 -0.094167486
v -0.24297965 0.11411705 -0.094167486
v -0.25047037 0.13436256 -0.094167486
v -0.24621895 0.1319331 -0.094167486
v -0.23842438 0.14003126 -0.094167486
v -0.25279865 0.12828891 -0.094167486
v -0.24793981 0.12687168 -0.094167486
v -0.25209007 0.12940237 -0.094167486
v -0.24652259 0.13061708 -0.094167486
v -0.23518518 0.115331866 -0.094167486
v -0.2340716 0.10085634 -0.094167486
v -0.24227102 0.12413855 -0.094167486
v -0.24308084 0.122417666 -0.094167486
v -0.23508397 0.116546534 -0.094167486
v -0.24510543 0.14357424 -0.094167486
v -0.25279865 0.1478723 -0.094167486
v -0.259176 0.15258346 -0.094167486
v -0.26474348 0.15875824 -0.094167486
v -0.26843682 0.16321231 -0.094167486
v -0.27334782 0.16918471 -0.094167486
v -0.2782067 0.17556201 -0.094167486
v -0.28286317 0.18183814 -0.094167486
v -0.26595816 0.2118014 -0.094167486
v -0.2874184 0.18770926 -0.094167486
v -0.26843682 0.2122023 -0.094167486
v -0.27284166 0.21291485 -0.094167486
v -0.29237846 0.19449154 -0.094167486
v -0.28043362 0.21372469 -0.094167486
v -0.2887343 0.21402834 -0.094167486
v -0.29693368 0.20026146 -0.094167486
v -0.2939981 0.21372469 -0.094167486
v -0.2999706 0.20501912 -0.094167486
v -0.29743987 0.21291485 -0.094167486
v -0.30057788 0.20754981 -0.094167486
v -0.29986933 0.21089034 -0.094167486
vt 0.27905273 0.95703125
vt 0.28393555 0.95166016
vt 0.28125 0.9458008
vt 0.26953125 0.94873047
vt 0.28271484 0.9370117
vt 0.27172852 0.93896484
vt 0.2397461 0.9716797
vt 0.24389648 0.96777344
vt 0.24230957 0.9584961
vt 0.18896484 0.9609375
vt 0.19995117 0.9555664
vt 0.19628906 0.9472656
vt 0.22399902 0.9482422
vt 0.23608398 0.9423828
vt 0.22741699 0.9404297
vt 0.18859863 0.9223633
vt 0.19555664 0.9213867
vt 0.19152832 0.91796875
vt 0.25024414 0.9609375
vt 0.17285156 0.9194336
vt 0.17736816 0.9121094
vt 0.27294922 0.93359375
vt 0.28979492 0.9458008
vt 0.18286133 0.9033203
vt 0.34155273 0.8833008
vt 0.25463867 0.8198242
vt 0.33789062 0.88720703
vt 0.2956543 0.9399414
vt 0.2097168 0.9501953
vt 0.19995117 0.9404297
vt 0.19348145 0.890625
vt 0.20568848 0.87646484
vt 0.21789551 0.8623047
vt 0.23022461 0.84814453
vt 0.24243164 0.8339844
vt 0.33154297 0.8955078
vt 0.328125 0.89990234
vt 0.3232422 0.9057617
vt 0.31689453 0.9135742
vt 0.30981445 0.9223633
vt 0.30297852 0.93066406
vt 0.30004883 0.9345703
vt 0.26635742 0.94189453
vt 0.26000977 0.94873047
vt 0.24499512 0.9458008
vt 0.24609375 0.9370117
vt 0.21862793 0.9453125
vt 0.20458984 0.9321289
vt 0.21020508 0.921875
vt 0.21386719 0.9165039
vt 0.1862793 0.8930664
vt 0.18566895 0.89697266
vt 0.18432617 0.89990234
vt 0.19995117 0.92041016
vt 0.20458984 0.9199219
vt 0.3088379 0.7573242
vt 0.19152832 0.65478516
vt 0.29785156 0.77001953
vt 0.28710938 0.78222656
vt 0.18457031 0.88964844
vt 0.2763672 0.7949219
vt 0.26538086 0.8076172
vt 0.17944336 0.8847656
vt 0.055847168 0.78564453
vt 0.09954834 0.8120117
vt 0.05505371 0.7602539
vt 0.099975586 0.8173828
vt 0.10723877 0.82421875
vt 0.054595947 0.7416992
vt 0.05645752 0.7216797
vt 0.05505371 0.73046875
vt 0.057861328 0.71435547
vt 0.060058594 0.70703125
vt 0.062561035 0.7001953
vt 0.06585693 0.6933594
vt 0.07006836 0.6870117
vt 0.07446289 0.68115234
vt 0.07977295 0.67529297
vt 0.08508301 0.67041016
vt 0.09039307 0.6660156
vt 0.095703125 0.6616211
vt 0.099975586 0.6586914
vt 0.10290527 0.65722656
vt 0.1116333 0.6533203
vt 0.122558594 0.64990234
vt 0.1348877 0.6479492
vt 0.14758301 0.6464844
vt 0.15905762 0.64697266
vt 0.16882324 0.6479492
vt 0.17980957 0.64990234
vt 0.18652344 0.65283203
vt 0.11254883 0.82958984
vt 0.12084961 0.83691406
vt 0.12792969 0.8442383
vt 0.13513184 0.85058594
vt 0.14379883 0.8574219
vt 0.15270996 0.8642578
vt 0.16589355 0.87402344
vt 0.17358398 0.8798828
vt 0.09741211 0.8154297
vt 0.063964844 0.86328125
vt 0.07128906 0.85498047
vt 0.064575195 0.85009766
vt 0.0803833 0.8417969
vt 0.06427002 0.83740234
vt 0.05630493 0.7998047
vt 0.0569458 0.8105469
vt 0.059295654 0.8120117
vt 0.06036377 0.8144531
vt 0.089416504 0.8286133
vt 0.06304932 0.82421875
vt 0.34472656 0.8798828
vt 0.35131836 0.8730469
vt 0.35986328 0.86376953
vt 0.36938477 0.85253906
vt 0.3803711 0.83935547
vt 0.099609375 0.5
vt 0.099975586 0.5
vt 0.099975586 0.4934082
vt 0.24133301 0.28588867
vt 0.18164062 0.37963867
vt 0.25024414 0.39111328
vt 0.22387695 0.42626953
vt 0.12573242 0.59228516
vt 0.13195801 0.58154297
vt 0.12646484 0.5732422
vt 0.1850586 0.42089844
vt 0.14257812 0.56396484
vt 0.12683105 0.5546875
vt 0.1538086 0.54589844
vt 0.1262207 0.54589844
vt 0.12890625 0.54003906
vt 0.16784668 0.48486328
vt 0.16479492 0.52978516
vt 0.17321777 0.51708984
vt 0.18066406 0.50439453
vt 0.18322754 0.5
vt 0.18835449 0.49145508
vt 0.19299316 0.4831543
vt 0.08557129 0.24719238
vt 0.099121094 0.25708008
vt 0.090270996 0.24560547
vt 0.09649658 0.24523926
vt 0.099975586 0.24572754
vt 0.15185547 0.35327148
vt 0.18017578 0.23657227
vt 0.13806152 0.33154297
vt 0.13574219 0.2993164
vt 0.1472168 0.26391602
vt 0.17736816 0.23742676
vt 0.17089844 0.24047852
vt 0.16455078 0.24365234
vt 0.1595459 0.24768066
vt 0.15490723 0.2524414
vt 0.15063477 0.25756836
vt 0.14746094 0.2626953
vt 0.10253906 0.24597168
vt 0.11633301 0.28442383
vt 0.14501953 0.25830078
vt 0.14172363 0.25390625
vt 0.13696289 0.24951172
vt 0.13183594 0.24609375
vt 0.12475586 0.24414062
vt 0.11791992 0.24414062
vt 0.111206055 0.24633789
vt 0.107666016 0.24804688
vt 0.10681152 0.24707031
vt 0.1842041 0.23535156
vt 0.19152832 0.23461914
vt 0.19995117 0.23461914
vt 0.20812988 0.23547363
vt 0.21520996 0.23693848
vt 0.22302246 0.23925781
vt 0.23034668 0.2421875
vt 0.2368164 0.24536133
vt 0.11541748 0.36743164
vt 0.11425781 0.36450195
vt 0.1083374 0.3569336
vt 0.099975586 0.34594727
vt 0.09484863 0.33862305
vt 0.089782715 0.33007812
vt 0.08428955 0.32080078
vt 0.08087158 0.3149414
vt 0.07678223 0.31030273
vt 0.07092285 0.30493164
vt 0.06561279 0.30004883
vt 0.06188965 0.29541016
vt 0.059051514 0.2890625
vt 0.0579834 0.28295898
vt 0.057800293 0.27612305
vt 0.059051514 0.26879883
vt 0.06347656 0.2626953
vt 0.06866455 0.2590332
vt 0.07269287 0.25756836
vt 0.07519531 0.25732422
vt 0.07678223 0.25634766
vt 0.077697754 0.2541504
vt 0.08001709 0.2512207
vt 0.08441162 0.2475586
vt 0.033325195 0.5307617
vt 0.046142578 0.5185547
vt 0.04119873 0.51123047
vt 0.07330322 0.5175781
vt 0.07720947 0.5136719
vt 0.07470703 0.5102539
vt 0.09680176 0.60302734
vt 0.09887695 0.60009766
vt 0.09674072 0.60009766
vt 0.041625977 0.4724121
vt 0.054473877 0.46875
vt 0.046173096 0.46704102
vt 0.0597229 0.5136719
vt 0.06695557 0.5097656
vt 0.06222534 0.50683594
vt 0.054260254 0.4584961
vt 0.059173584 0.50634766
vt 0.04699707 0.5
vt 0.06689453 0.46655273
vt 0.06329346 0.4489746
vt 0.08746338 0.50390625
vt 0.07635498 0.50439453
vt 0.11602783 0.36889648
vt 0.09649658 0.5761719
vt 0.099975586 0.59814453
vt 0.10266113 0.5932617
vt 0.11206055 0.5751953
vt 0.0970459 0.54589844
vt 0.12225342 0.55566406
vt 0.066101074 0.5
vt 0.053222656 0.48828125
vt 0.061523438 0.4753418
vt 0.115356445 0.37402344
vt 0.11315918 0.38232422
vt 0.108947754 0.3918457
vt 0.10424805 0.39990234
vt 0.1026001 0.40283203
vt 0.099975586 0.40649414
vt 0.095947266 0.41210938
vt 0.08886719 0.42163086
vt 0.08117676 0.4309082
vt 0.07232666 0.43969727
vt 0.09197998 0.5
vt 0.3894043 0.82714844
vt 0.3959961 0.8154297
vt 0.39990234 0.80810547
vt 0.40454102 0.7998047
vt 0.40820312 0.79296875
vt 0.3461914 0.5546875
vt 0.34570312 0.5600586
vt 0.35473633 0.5566406
vt 0.3725586 0.56103516
vt 0.34545898 0.5654297
vt 0.31176758 0.7475586
vt 0.41455078 0.7792969
vt 0.3149414 0.73779297
vt 0.4194336 0.7631836
vt 0.3178711 0.7285156
vt 0.42407227 0.74560547
vt 0.32104492 0.71875
vt 0.3239746 0.7089844
vt 0.42822266 0.7285156
vt 0.32714844 0.69921875
vt 0.43139648 0.71240234
vt 0.33007812 0.6894531
vt 0.43310547 0.7001953
vt 0.33325195 0.6796875
vt 0.33618164 0.67041016
vt 0.4338379 0.6953125
vt 0.43530273 0.6796875
vt 0.33935547 0.66064453
vt 0.43554688 0.6645508
vt 0.4345703 0.6503906
vt 0.33984375 0.64990234
vt 0.43310547 0.6357422
vt 0.34057617 0.63916016
vt 0.34204102 0.61816406
vt 0.43041992 0.6220703
vt 0.3413086 0.62890625
vt 0.42651367 0.61035156
vt 0.42163086 0.60009766
vt 0.34277344 0.60791016
vt 0.41308594 0.58935547
vt 0.39990234 0.5756836
vt 0.40405273 0.57958984
vt 0.34326172 0.59716797
vt 0.34399414 0.5864258
vt 0.34472656 0.5761719
vt 0.3947754 0.5708008
vt 0.38452148 0.5654297
vt 0.359375 0.5576172
vt 0.19995117 0.6347656
vt 0.20776367 0.61816406
vt 0.21643066 0.60009766
vt 0.22436523 0.58984375
vt 0.23388672 0.5786133
vt 0.2434082 0.5703125
vt 0.25341797 0.5644531
vt 0.27392578 0.5576172
vt 0.26367188 0.56103516
vt 0.2849121 0.5546875
vt 0.29418945 0.55371094
vt 0.30004883 0.55322266
vt 0.30615234 0.5527344
vt 0.3190918 0.5522461
vt 0.33203125 0.55322266
vt 0.8769531 0.099975586
vt 0.875 0.04147339
vt 0.7895508 0.099975586
vt 0.8623047 0.04147339
vt 0.85546875 0.042175293
vt 0.8496094 0.044647217
vt 0.7895508 0.09136963
vt 0.7915039 0.08099365
vt 0.7939453 0.07122803
vt 0.7998047 0.060913086
vt 0.80566406 0.053894043
vt 0.8154297 0.046417236
vt 0.8261719 0.043945312
vt 0.8378906 0.04324341
vt 0.84765625 0.04324341
vt 0.8881836 0.04147339
vt 0.9345703 0.099975586
vt 0.8925781 0.042175293
vt 0.8964844 0.044647217
vt 0.9375 0.09185791
vt 0.93896484 0.0848999
vt 0.9394531 0.07672119
vt 0.89990234 0.043945312
vt 0.9091797 0.043945312
vt 0.93847656 0.06817627
vt 0.91796875 0.044525146
vt 0.9370117 0.061828613
vt 0.93408203 0.055999756
vt 0.9301758 0.050476074
vt 0.9243164 0.04623413
vt 0.8701172 0.119506836
vt 0.7895508 0.103759766
vt 0.7895508 0.11956787
vt 0.78466797 0.19995117
vt 0.87060547 0.19995117
vt 0.7866211 0.18823242
vt 0.7885742 0.17504883
vt 0.79003906 0.16088867
vt 0.79052734 0.14746094
vt 0.79052734 0.13305664
vt 0.92822266 0.109436035
vt 0.92089844 0.121154785
vt 0.90185547 0.19995117
vt 0.9013672 0.19604492
vt 0.89990234 0.19995117
vt 0.9145508 0.13342285
vt 0.91064453 0.14221191
vt 0.9067383 0.15649414
vt 0.9038086 0.17333984
vt 0.90234375 0.18444824
vt 0.7558594 0.30004883
vt 0.86279297 0.30004883
vt 0.7578125 0.28393555
vt 0.76416016 0.2626953
vt 0.87109375 0.22485352
vt 0.7705078 0.24328613
vt 0.77685547 0.22509766
vt 0.7817383 0.21105957
vt 0.9267578 0.2446289
vt 0.91503906 0.22509766
vt 0.9199219 0.24255371
vt 0.91308594 0.30004883
vt 0.9111328 0.28857422
vt 0.89990234 0.30004883
vt 0.90771484 0.2722168
vt 0.90625 0.26489258
vt 0.9111328 0.26367188
vt 0.9042969 0.20422363
vt 0.9243164 0.25195312
vt 0.9160156 0.2626953
vt 0.921875 0.2626953
vt 0.92529297 0.2631836
vt 0.92626953 0.26245117
vt 0.8432617 0.39990234
vt 0.7998047 0.39990234
vt 0.75439453 0.30859375
vt 0.75439453 0.32788086
vt 0.75683594 0.34716797
vt 0.7607422 0.3659668
vt 0.76953125 0.38671875
vt 0.77734375 0.39990234
vt 0.8959961 0.39990234
vt 0.89990234 0.3930664
vt 0.9038086 0.38623047
vt 0.9082031 0.37182617
vt 0.9116211 0.3552246
vt 0.9135742 0.33740234
vt 0.9145508 0.32055664
vt 0.9140625 0.30639648
vt 0.78222656 0.40795898
vt 0.79296875 0.41992188
vt 0.8354492 0.44140625
vt 0.7998047 0.4272461
vt 0.8046875 0.43188477
vt 0.81347656 0.43896484
vt 0.8256836 0.4440918
vt 0.8354492 0.44506836
vt 0.8925781 0.40625
vt 0.88183594 0.42382812
vt 0.87109375 0.43408203
vt 0.86035156 0.4404297
vt 0.8461914 0.44482422
vt 0.33447266 0.05014038
vt 0.33520508 0.05206299
vt 0.3408203 0.050231934
vt 0.27392578 0.088012695
vt 0.27905273 0.091674805
vt 0.27539062 0.08709717
vt 0.27978516 0.08666992
vt 0.25585938 0.12768555
vt 0.26513672 0.13244629
vt 0.25732422 0.12634277
vt 0.26049805 0.124694824
vt 0.28881836 0.059906006
vt 0.29125977 0.06335449
vt 0.29052734 0.058929443
vt 0.30004883 0.059326172
vt 0.3251953 0.049560547
vt 0.3244629 0.05606079
vt 0.3305664 0.050720215
vt 0.26049805 0.25390625
vt 0.34985352 0.22729492
vt 0.26000977 0.25170898
vt 0.25854492 0.24450684
vt 0.25756836 0.23535156
vt 0.25756836 0.22668457
vt 0.25805664 0.21936035
vt 0.25976562 0.21044922
vt 0.35107422 0.19641113
vt 0.2614746 0.20288086
vt 0.26245117 0.19995117
vt 0.26464844 0.19128418
vt 0.2685547 0.1817627
vt 0.2722168 0.17199707
vt 0.27905273 0.15588379
vt 0.3659668 0.16430664
vt 0.3347168 0.053955078
vt 0.25463867 0.14782715
vt 0.26611328 0.15124512
vt 0.25463867 0.1463623
vt 0.2619629 0.14367676
vt 0.2758789 0.13745117
vt 0.26782227 0.1161499
vt 0.29223633 0.072143555
vt 0.47265625 0.035308838
vt 0.47021484 0.03491211
vt 0.47924805 0.073791504
vt 0.45703125 0.03555298
vt 0.4482422 0.03805542
vt 0.4633789 0.10131836
vt 0.4411621 0.04034424
vt 0.41064453 0.13562012
vt 0.43652344 0.040130615
vt 0.4260254 0.039916992
vt 0.41577148 0.04055786
vt 0.40600586 0.04296875
vt 0.39990234 0.046203613
vt 0.3947754 0.048950195
vt 0.38427734 0.053375244
vt 0.3713379 0.0574646
vt 0.36279297 0.060302734
vt 0.27563477 0.10852051
vt 0.28442383 0.099975586
vt 0.28637695 0.097961426
vt 0.3605957 0.057800293
vt 0.35595703 0.054016113
vt 0.3491211 0.051483154
vt 0.28979492 0.08380127
vt 0.32226562 0.06048584
vt 0.2944336 0.08135986
vt 0.3659668 0.21813965
vt 0.3647461 0.19519043
vt 0.4790039 0.036376953
vt 0.48608398 0.038879395
vt 0.37524414 0.20202637
vt 0.39013672 0.17236328
vt 0.41064453 0.16430664
vt 0.44384766 0.14709473
vt 0.46948242 0.1307373
vt 0.49316406 0.11578369
vt 0.5 0.11047363
vt 0.5048828 0.105895996
vt 0.50878906 0.099975586
vt 0.5107422 0.09698486
vt 0.5161133 0.088256836
vt 0.51953125 0.079711914
vt 0.52001953 0.069885254
vt 0.5185547 0.05807495
vt 0.48950195 0.03866577
vt 0.5151367 0.04827881
vt 0.49609375 0.03741455
vt 0.5 0.037902832
vt 0.5029297 0.038269043
vt 0.5107422 0.042022705
vt 0.31274414 0.37573242
vt 0.6040039 0.25585938
vt 0.60009766 0.2536621
vt 0.5058594 0.3154297
vt 0.53125 0.13146973
vt 0.53027344 0.13781738
vt 0.53222656 0.13244629
vt 0.5336914 0.13647461
vt 0.59716797 0.2524414
vt 0.49658203 0.23071289
vt 0.58935547 0.2479248
vt 0.5834961 0.2434082
vt 0.5805664 0.23706055
vt 0.57714844 0.2253418
vt 0.5678711 0.15881348
vt 0.56591797 0.16699219
vt 0.56933594 0.15942383
vt 0.5708008 0.1739502
vt 0.5620117 0.17773438
vt 0.5727539 0.19018555
vt 0.55908203 0.18664551
vt 0.57421875 0.20825195
vt 0.5732422 0.19995117
vt 0.5390625 0.1484375
vt 0.5288086 0.14160156
vt 0.5263672 0.14941406
vt 0.5 0.12365723
vt 0.5449219 0.16357422
vt 0.5541992 0.18029785
vt 0.5498047 0.17456055
vt 0.54785156 0.17089844
vt 0.5234375 0.14611816
vt 0.51953125 0.14208984
vt 0.51464844 0.13757324
vt 0.5078125 0.13208008
vt 0.5019531 0.12597656
vt 0.6201172 0.30126953
vt 0.61816406 0.30004883
vt 0.61376953 0.3034668
vt 0.6098633 0.29736328
vt 0.5083008 0.4074707
vt 0.5126953 0.40478516
vt 0.51953125 0.39990234
vt 0.52246094 0.39794922
vt 0.53271484 0.390625
vt 0.54345703 0.38134766
vt 0.55371094 0.3725586
vt 0.5629883 0.3635254
vt 0.60595703 0.2565918
vt 0.60009766 0.26635742
vt 0.5961914 0.2758789
vt 0.59375 0.2849121
vt 0.59375 0.29003906
vt 0.6074219 0.30786133
vt 0.60302734 0.29638672
vt 0.5708008 0.3544922
vt 0.59521484 0.2932129
vt 0.57666016 0.3474121
vt 0.58251953 0.3388672
vt 0.6020508 0.31201172
vt 0.60009766 0.29589844
vt 0.59765625 0.29541016
vt 0.58984375 0.328125
vt 0.5957031 0.3190918
vt 0.60009766 0.31420898
vt 0.3408203 0.43652344
vt 0.33007812 0.43847656
vt 0.31518555 0.44189453
vt 0.30004883 0.4440918
vt 0.2841797 0.4453125
vt 0.26586914 0.44555664
vt 0.25756836 0.4440918
vt 0.24707031 0.4404297
vt 0.23925781 0.4362793
vt 0.22961426 0.43066406
vt 0.22509766 0.4736328
vt 0.22570801 0.46411133
vt 0.21911621 0.46484375
vt 0.2052002 0.5078125
vt 0.20825195 0.5
vt 0.20349121 0.5029297
vt 0.20214844 0.5
vt 0.22509766 0.4375
vt 0.22583008 0.45043945
vt 0.21777344 0.47192383
vt 0.21459961 0.48242188
vt 0.19714355 0.48999023
vt 0.21081543 0.49365234
vt 0.19995117 0.49560547
vt 0.24414062 0.24987793
vt 0.25024414 0.25341797
vt 0.25512695 0.25683594
vt 0.25805664 0.25952148
vt 0.26123047 0.25585938
vt 0.34423828 0.36816406
vt 0.50439453 0.4099121
vt 0.5 0.41186523
vt 0.49389648 0.41479492
vt 0.47827148 0.42211914
vt 0.46020508 0.42797852
vt 0.4416504 0.43310547
vt 0.42211914 0.43603516
vt 0.40893555 0.43676758
vt 0.39990234 0.43603516
vt 0.39111328 0.43554688
vt 0.38012695 0.4350586
vt 0.3671875 0.4350586
vt 0.3540039 0.43579102
vt 0.88964844 0.7739258
vt 0.8510742 0.73535156
vt 0.8886719 0.7739258
vt 0.8496094 0.8417969
vt 0.85009766 0.8276367
vt 0.8442383 0.83691406
vt 0.8886719 0.8154297
vt 0.8852539 0.81103516
vt 0.8803711 0.81591797
vt 0.7597656 0.9038086
vt 0.7651367 0.9082031
vt 0.7636719 0.90234375
vt 0.8779297 0.7915039
vt 0.8754883 0.7861328
vt 0.8720703 0.7915039
vt 0.78271484 0.92529297
vt 0.78515625 0.9165039
vt 0.7753906 0.91845703
vt 0.8359375 0.88134766
vt 0.8364258 0.875
vt 0.83251953 0.87939453
vt 0.83740234 0.8310547
vt 0.8803711 0.81884766
vt 0.86865234 0.81884766
vt 0.7895508 0.7001953
vt 0.7885742 0.7602539
vt 0.81689453 0.69873047
vt 0.82958984 0.8769531
vt 0.89697266 0.78222656
vt 0.8911133 0.77685547
vt 0.8964844 0.7832031
vt 0.8901367 0.7832031
vt 0.8808594 0.8051758
vt 0.8232422 0.90478516
vt 0.82421875 0.90478516
vt 0.82128906 0.89990234
vt 0.8251953 0.89990234
vt 0.8496094 0.8173828
vt 0.8359375 0.8676758
vt 0.8256836 0.89941406
vt 0.8203125 0.8984375
vt 0.8276367 0.89160156
vt 0.8173828 0.89208984
vt 0.8286133 0.88378906
vt 0.81396484 0.8852539
vt 0.8286133 0.8779297
vt 0.81152344 0.8803711
vt 0.8076172 0.92822266
vt 0.80859375 0.92089844
vt 0.8066406 0.92822266
vt 0.8027344 0.92333984
vt 0.7998047 0.9194336
vt 0.8095703 0.9111328
vt 0.79785156 0.9165039
vt 0.79248047 0.90966797
vt 0.8100586 0.89990234
vt 0.78808594 0.90283203
vt 0.8105469 0.88916016
vt 0.8779297 0.7998047
vt 0.88134766 0.78515625
vt 0.8569336 0.8178711
vt 0.87646484 0.7973633
vt 0.8364258 0.84228516
vt 0.83496094 0.85302734
vt 0.8339844 0.8569336
vt 0.7866211 0.90966797
vt 0.7709961 0.9135742
vt 0.7265625 0.89990234
vt 0.72802734 0.89990234
vt 0.7270508 0.8989258
vt 0.7529297 0.92041016
vt 0.75439453 0.91552734
vt 0.7504883 0.9160156
vt 0.5883789 0.8730469
vt 0.59765625 0.87060547
vt 0.59277344 0.85791016
vt 0.7338867 0.9067383
vt 0.73583984 0.9042969
vt 0.67822266 0.9140625
vt 0.6801758 0.9091797
vt 0.6772461 0.9135742
vt 0.6743164 0.9067383
vt 0.7685547 0.7006836
vt 0.7036133 0.73535156
vt 0.69091797 0.8989258
vt 0.69433594 0.8955078
vt 0.6879883 0.8959961
vt 0.6479492 0.9189453
vt 0.65283203 0.9145508
vt 0.64746094 0.91845703
vt 0.64697266 0.9082031
vt 0.6582031 0.90966797
vt 0.68359375 0.90283203
vt 0.671875 0.9013672
vt 0.60009766 0.8701172
vt 0.73828125 0.9013672
vt 0.7114258 0.91552734
vt 0.7133789 0.91015625
vt 0.7104492 0.91552734
vt 0.70751953 0.9091797
vt 0.62402344 0.9042969
vt 0.62646484 0.9013672
vt 0.6230469 0.9042969
vt 0.6230469 0.89990234
vt 0.71484375 0.9057617
vt 0.7036133 0.9013672
vt 0.6010742 0.90625
vt 0.6015625 0.90625
vt 0.6015625 0.89990234
vt 0.6069336 0.90185547
vt 0.6015625 0.89746094
vt 0.6088867 0.89990234
vt 0.60253906 0.88916016
vt 0.6113281 0.8979492
vt 0.6166992 0.89453125
vt 0.6044922 0.88134766
vt 0.6220703 0.890625
vt 0.7192383 0.9169922
vt 0.72314453 0.90771484
vt 0.7182617 0.9165039
vt 0.71728516 0.9121094
vt 0.6713867 0.89990234
vt 0.6845703 0.89990234
vt 0.67089844 0.8964844
vt 0.68652344 0.8959961
vt 0.60595703 0.86865234
vt 0.6455078 0.89990234
vt 0.6640625 0.9033203
vt 0.64501953 0.8984375
vt 0.60546875 0.875
vt 0.6230469 0.8959961
vt 0.6279297 0.89990234
vt 0.63134766 0.89697266
vt 0.6435547 0.88916016
vt 0.6669922 0.89990234
vt 0.6386719 0.8925781
vt 0.74658203 0.91064453
vt 0.75683594 0.91015625
vt 0.7426758 0.9057617
vt 0.7392578 0.9013672
vt 0.7026367 0.89990234
vt 0.7011719 0.89746094
vt 0.69628906 0.8930664
vt 0.6972656 0.8930664
vt 0.5444336 0.74658203
vt 0.54833984 0.7949219
vt 0.5390625 0.7480469
vt 0.53564453 0.7529297
vt 0.5966797 0.8491211
vt 0.6069336 0.8691406
vt 0.5258789 0.76416016
vt 0.52783203 0.7714844
vt 0.5307617 0.75878906
vt 0.5566406 0.80859375
vt 0.7001953 0.8964844
vt 0.5073242 0.64453125
vt 0.51708984 0.6508789
vt 0.51953125 0.6425781
vt 0.6953125 0.47387695
vt 0.6928711 0.48486328
vt 0.7348633 0.53222656
vt 0.47607422 0.7470703
vt 0.4880371 0.74658203
vt 0.48291016 0.7402344
vt 0.65527344 0.49731445
vt 0.65527344 0.5
vt 0.6591797 0.5
vt 0.66748047 0.47485352
vt 0.6640625 0.4819336
vt 0.6699219 0.48046875
vt 0.6904297 0.5
vt 0.49365234 0.7084961
vt 0.5 0.7104492
vt 0.49804688 0.7055664
vt 0.6894531 0.5073242
vt 0.68847656 0.51464844
vt 0.5439453 0.578125
vt 0.5473633 0.58154297
vt 0.55126953 0.5761719
vt 0.49194336 0.6982422
vt 0.4963379 0.7001953
vt 0.4963379 0.6933594
vt 0.6123047 0.50634766
vt 0.6113281 0.51464844
vt 0.6176758 0.50878906
vt 0.57177734 0.53027344
vt 0.57177734 0.54052734
vt 0.5786133 0.53222656
vt 0.65625 0.50683594
vt 0.625 0.515625
vt 0.6113281 0.52197266
vt 0.49023438 0.734375
vt 0.5 0.7470703
vt 0.4970703 0.72802734
vt 0.5 0.70458984
vt 0.51416016 0.7470703
vt 0.5 0.72558594
vt 0.50439453 0.72265625
vt 0.6308594 0.52197266
vt 0.6113281 0.5307617
vt 0.7788086 0.63427734
vt 0.7885742 0.60009766
vt 0.7285156 0.6357422
vt 0.7597656 0.5517578
vt 0.50927734 0.7182617
vt 0.5263672 0.7475586
vt 0.51220703 0.71533203
vt 0.67285156 0.48583984
vt 0.66259766 0.48754883
vt 0.65185547 0.6699219
vt 0.68652344 0.51416016
vt 0.6845703 0.5126953
vt 0.5317383 0.6015625
vt 0.53125 0.60253906
vt 0.54052734 0.6010742
vt 0.5385742 0.6088867
vt 0.5498047 0.6015625
vt 0.546875 0.61621094
vt 0.5576172 0.6035156
vt 0.5522461 0.6225586
vt 0.50634766 0.7133789
vt 0.50341797 0.7026367
vt 0.5 0.7011719
vt 0.5 0.6904297
vt 0.50341797 0.70166016
vt 0.5048828 0.68652344
vt 0.58691406 0.53515625
vt 0.5722656 0.54833984
vt 0.66015625 0.5
vt 0.66064453 0.4963379
vt 0.67529297 0.48999023
vt 0.6772461 0.49487305
vt 0.6791992 0.5
vt 0.68115234 0.5048828
vt 0.65722656 0.515625
vt 0.6826172 0.50878906
vt 0.65966797 0.53564453
vt 0.6455078 0.5390625
vt 0.6113281 0.5385742
vt 0.61083984 0.54541016
vt 0.6513672 0.5449219
vt 0.6557617 0.54589844
vt 0.6586914 0.5439453
vt 0.65966797 0.54003906
vt 0.52441406 0.6567383
vt 0.5292969 0.64160156
vt 0.53125 0.6616211
vt 0.5395508 0.640625
vt 0.5371094 0.66552734
vt 0.5488281 0.63964844
vt 0.55126953 0.58740234
vt 0.5600586 0.5751953
vt 0.5932617 0.53808594
vt 0.5732422 0.55859375
vt 0.60009766 0.5415039
vt 0.5551758 0.59472656
vt 0.56884766 0.5756836
vt 0.56103516 0.6386719
vt 0.57421875 0.5761719
vt 0.5576172 0.60009766
vt 0.57373047 0.5683594
vt 0.6035156 0.54296875
vt 0.55859375 0.60302734
vt 0.5576172 0.62939453
vt 0.5097656 0.68310547
vt 0.5371094 0.6665039
vt 0.51904297 0.6767578
vt 0.51416016 0.6801758
vt 0.5239258 0.6738281
vt 0.52978516 0.67041016
vt 0.56152344 0.63720703
vt 0.85595703 0.64208984
vt 0.8515625 0.63964844
vt 0.81689453 0.63378906
vt 0.7026367 0.44091797
vt 0.69970703 0.45458984
vt 0.7089844 0.45239258
vt 0.8154297 0.53466797
vt 0.8095703 0.5390625
vt 0.81396484 0.54345703
vt 0.7285156 0.47436523
vt 0.72265625 0.48657227
vt 0.7324219 0.48168945
vt 0.82714844 0.5571289
vt 0.8183594 0.56103516
vt 0.8256836 0.5654297
vt 0.75390625 0.48828125
vt 0.74853516 0.49316406
vt 0.7553711 0.4946289
vt 0.7939453 0.5126953
vt 0.7885742 0.5185547
vt 0.7963867 0.51953125
vt 0.8466797 0.5883789
vt 0.8378906 0.5908203
vt 0.84472656 0.5966797
vt 0.8618164 0.6171875
vt 0.8569336 0.6171875
vt 0.8588867 0.6245117
vt 0.7373047 0.49023438
vt 0.71484375 0.46679688
vt 0.69628906 0.4699707
vt 0.71972656 0.47973633
vt 0.74316406 0.5
vt 0.8544922 0.6333008
vt 0.7558594 0.5
vt 0.7573242 0.50927734
vt 0.75878906 0.52197266
vt 0.75927734 0.52246094
vt 0.8232422 0.5761719
vt 0.8105469 0.56396484
vt 0.79785156 0.5263672
vt 0.7832031 0.49487305
vt 0.78222656 0.4946289
vt 0.78466797 0.5
vt 0.77783203 0.5
vt 0.7866211 0.50634766
vt 0.7705078 0.5078125
vt 0.78808594 0.5131836
vt 0.7631836 0.51660156
vt 0.8515625 0.6152344
vt 0.84375 0.61376953
vt 0.84375 0.6064453
vt 0.8442383 0.60009766
vt 0.7998047 0.5336914
vt 0.7998047 0.53808594
vt 0.8041992 0.5395508
vt 0.8125 0.5541992
vt 0.82128906 0.5864258
vt 0.8198242 0.59375
vt 0.82910156 0.59277344
vt 0.5371094 0.80810547
vt 0.54833984 0.80859375
vt 0.5415039 0.8041992
vt 0.54785156 0.8613281
vt 0.55322266 0.86035156
vt 0.55029297 0.8564453
vt 0.5058594 0.7885742
vt 0.5180664 0.7910156
vt 0.5107422 0.7841797
vt 0.5209961 0.7705078
vt 0.7758789 0.64453125
vt 0.54541016 0.7998047
vt 0.5180664 0.7788086
vt 0.79003906 0.6801758
vt 0.52783203 0.79248047
vt 0.5253906 0.7739258
vt 0.5385742 0.7939453
vt 0.55371094 0.85009766
vt 0.56347656 0.85791016
vt 0.5551758 0.84765625
vt 0.57470703 0.85498047
vt 0.5546875 0.84033203
vt 0.55566406 0.8149414
vt 0.5854492 0.85253906
vt 0.5546875 0.82177734
vt 0.5541992 0.8310547
vt 0.87890625 0.6567383
vt 0.8691406 0.64990234
vt 0.8701172 0.66015625
vt 0.87890625 0.68408203
vt 0.87353516 0.68115234
vt 0.8647461 0.69091797
vt 0.88134766 0.6767578
vt 0.87597656 0.67529297
vt 0.8808594 0.67822266
vt 0.87402344 0.6796875
vt 0.86083984 0.6616211
vt 0.859375 0.64453125
vt 0.8691406 0.671875
vt 0.8701172 0.6699219
vt 0.86083984 0.66308594
vt 0.8725586 0.6948242
vt 0.88134766 0.7001953
vt 0.88916016 0.7055664
vt 0.8955078 0.7128906
vt 0.89990234 0.7182617
vt 0.9057617 0.72509766
vt 0.9116211 0.73291016
vt 0.9169922 0.7402344
vt 0.89697266 0.7753906
vt 0.9223633 0.7470703
vt 0.89990234 0.7758789
vt 0.90527344 0.77685547
vt 0.92822266 0.7548828
vt 0.9140625 0.77783203
vt 0.9238281 0.7783203
vt 0.93359375 0.76171875
vt 0.9301758 0.77783203
vt 0.9370117 0.7675781
vt 0.93408203 0.77685547
vt 0.9379883 0.7705078
vt 0.9370117 0.77441406
vn -0.0041923523 0.031829834 -0.9995117
vn -0.0041503906 0.03186035 -0.9995117
vn -0.004146576 0.035491943 -0.9995117
vn 0.014472961 0.033996582 -0.9995117
vn 0.023788452 0.07885742 -0.99658203
vn 0.014221191 0.035308838 -0.9995117
vn -0.003004074 0.039367676 -0.99902344
vn -0.0030212402 0.039367676 -0.99902344
vn -0.0013399124 0.04486084 -0.99902344
vn 0.000562191 0.04244995 -0.99902344
vn 0.0008049011 0.04257202 -0.99902344
vn 0.0015945435 0.045959473 -0.99902344
vn 0.025650024 0.02368164 -0.9995117
vn 0.0042152405 0.048187256 -0.99902344
vn 0.024642944 0.059326172 -0.9980469
vn -0.011291504 0.043792725 -0.99902344
vn 0.008255005 0.06530762 -0.9980469
vn 0.002986908 0.049621582 -0.99853516
vn 0.005256653 0.04824829 -0.99902344
vn -0.009597778 0.04449463 -0.99902344
vn -0.009674072 0.044311523 -0.99902344
vn 0.017501831 0.0690918 -0.9975586
vn 0.008956909 0.047821045 -0.99902344
vn -0.010093689 0.043914795 -0.99902344
vn 0.010375977 0.10809326 -0.9941406
vn 0.03540039 0.10430908 -0.9941406
vn 0.018341064 0.109802246 -0.99365234
vn 0.015838623 0.06335449 -0.9980469
vn 0.012451172 0.059631348 -0.9980469
vn 0.011543274 0.054138184 -0.99853516
vn 0.023971558 0.088134766 -0.99560547
vn 0.033599854 0.101501465 -0.9941406
vn 0.044555664 0.09710693 -0.9941406
vn 0.052886963 0.109680176 -0.9926758
vn 0.038970947 0.10638428 -0.99365234
vn 0.021621704 0.10803223 -0.9941406
vn 0.020935059 0.09655762 -0.9951172
vn 0.019683838 0.07946777 -0.99658203
vn 0.019104004 0.07543945 -0.9970703
vn 0.018234253 0.07141113 -0.9970703
vn 0.017318726 0.06829834 -0.9975586
vn 0.015777588 0.064331055 -0.9980469
vn 0.010566711 0.057922363 -0.9980469
vn 0.0093307495 0.055023193 -0.99853516
vn 0.009918213 0.052978516 -0.99853516
vn 0.008178711 0.05508423 -0.99853516
vn 0.012611389 0.056243896 -0.99853516
vn 0.017868042 0.055786133 -0.9980469
vn 0.017745972 0.060272217 -0.9980469
vn 0.033081055 0.07574463 -0.99658203
vn 0.060699463 0.023147583 -0.9980469
vn 0.02243042 0.057434082 -0.9980469
vn -0.002752304 0.042999268 -0.99902344
vn 0.009017944 0.049835205 -0.99853516
vn 0.008277893 0.05444336 -0.99853516
vn 0.019638062 0.09490967 -0.9951172
vn 0.05819702 0.085876465 -0.9946289
vn 0.018218994 0.09375 -0.99560547
vn 0.025894165 0.09881592 -0.9946289
vn 0.07696533 0.047454834 -0.99609375
vn 0.03314209 0.103393555 -0.9941406
vn 0.034698486 0.10437012 -0.9941406
vn 0.08288574 0.040740967 -0.99560547
vn 0.033966064 0.1038208 -0.9941406
vn 0.10308838 0.15856934 -0.9819336
vn 0.0814209 0.119018555 -0.9897461
vn 0.04019165 0.08508301 -0.99560547
vn 0.0960083 0.12335205 -0.98779297
vn 0.07763672 0.10498047 -0.99121094
vn 0.007205963 0.11932373 -0.9926758
vn 0.078308105 0.105895996 -0.99121094
vn 0.074035645 0.1005249 -0.9921875
vn -0.0031223297 0.121032715 -0.9926758
vn 0.067871094 0.09307861 -0.99316406
vn 0.035980225 0.10760498 -0.99365234
vn 0.06427002 0.08929443 -0.9941406
vn 0.038208008 0.109375 -0.99316406
vn 0.06298828 0.088012695 -0.9941406
vn -0.050811768 0.21362305 -0.97558594
vn 0.06149292 0.08685303 -0.9941406
vn 0.07128906 0.07080078 -0.9951172
vn 0.062561035 0.08746338 -0.9941406
vn 0.08148193 0.05569458 -0.9951172
vn 0.072265625 0.09350586 -0.99316406
vn 0.09399414 0.026794434 -0.9951172
vn 0.08300781 0.099243164 -0.9916992
vn 0.095458984 0.0052871704 -0.99560547
vn 0.096069336 0.10479736 -0.9897461
vn 0.09112549 0.0060043335 -0.99560547
vn 0.10583496 0.1081543 -0.98828125
vn 0.07232666 0.022399902 -0.9970703
vn 0.101501465 0.15222168 -0.98291016
vn 0.1003418 0.14221191 -0.9848633
vn 0.09790039 0.10089111 -0.9902344
vn 0.095336914 0.02128601 -0.9951172
vn 0.09423828 0.029724121 -0.9951172
vn 0.09020996 0.034118652 -0.9951172
vn 0.08911133 0.04107666 -0.9951172
vn 0.08325195 0.03817749 -0.99560547
vn 0.038391113 0.08050537 -0.99609375
vn 0.017074585 0.018920898 -0.9995117
vn 0.023513794 0.027053833 -0.9995117
vn 0.026382446 0.029205322 -0.99902344
vn 0.03475952 0.04260254 -0.99853516
vn 0.030838013 0.03741455 -0.99902344
vn 0.037963867 0.10595703 -0.99365234
vn 0.03036499 0.088012695 -0.99560547
vn 0.04586792 0.20202637 -0.9785156
vn 0.03982544 0.08416748 -0.99560547
vn 0.03845215 0.059387207 -0.9975586
vn 0.039123535 0.05996704 -0.9975586
vn 0.008110046 0.10852051 -0.9941406
vn 0.011405945 0.10949707 -0.9941406
vn 0.0131073 0.11016846 -0.99365234
vn 0.01360321 0.1104126 -0.99365234
vn 0.013298035 0.11010742 -0.99365234
vn -0 0 -1
vn -0 0 -1
vn -0 0 -1
vn -0 0 -1
vn -0 0 -1
vn -0 0 -1
vn -0 0 -1
vn -0 0 -1
vn -0 0 -1
vn -0 0 -1
vn -0 0 -1
vn -0 0 -1
vn -0 0 -1
vn -0 0 -1
vn -0 0 -1
vn -0 0 -1
vn -0 0 -1
vn -0 0 -1
vn -0 0 -1
vn -0 0 -1
vn -0 0 -1
vn -0 0 -1
vn -0 0 -1
vn -0 0 -1
vn -0 0 -1
vn -0 0 -1
vn -0 0 -1
vn 2.6226044E-06 0 -1
vn -0 0 -1
vn -0 0 -1
vn -0 0 -1
vn -0 0 -1
vn -0 0 -1
vn -1.847744E-06 0 -1
vn -0 0 -1
vn 1.7285347E-06 0 -1
vn -2.9206276E-06 0 -1
vn 3.0398369E-06 0 -1
vn -0 0 -1
vn -0 0 -1
vn 2.0861626E-06 0 -1
vn -0 0 -1
vn -0 0 -1
vn -0 0 -1
vn -0 0 -1
vn -0 0 -1
vn -1.013279E-06 0 -1
vn -0 0 -1
vn -0 0 -1
vn 3.4570694E-06 0 -1
vn -0 0 -1
vn -0 0 -1
vn -0 0 -1
vn -0 0 -1
vn -0 0 -1
vn -0 0 -1
vn -0 0 -1
vn -0 0 -1
vn -0 0 -1
vn -0 0 -1
vn -0 0 -1
vn -0 0 -1
vn -0 0 -1
vn -0 0 -1
vn -0 0 -1
vn -0 0 -1
vn -0 0 -1
vn -0 0 -1
vn -0 0 -1
vn -0 0 -1
vn -0 0 -1
vn -0 0 -1
vn -0 0 -1
vn -0 0 -1
vn -0 0 -1
vn -0 0 -1
vn -0 0 -1
vn -0 0 -1
vn -0 0 -1
vn -0 0 -1
vn -0 0 -1
vn -0 0 -1
vn 7.56979E-06 0 -1
vn -0 0 -1
vn -0 0 -1
vn -0 0 -1
vn -0 0 -1
vn -1.1324883E-06 0 -1
vn -0 0 -1
vn -0 0 -1
vn -0 0 -1
vn -0 0 -1
vn -0 0 -1
vn -0 0 -1
vn -0 0 -1
vn -1.1920929E-06 0 -1
vn -0 0 -1
vn -0 0 -1
vn -0 0 -1
vn -0 0 -1
vn -0 0 -1
vn -0 0 -1
vn -0 0 -1
vn -0 0 -1
vn -0 0 -1
vn -0 0 -1
vn -0 0 -1
vn 2.861023E-06 0 -1
vn -0 0 -1
vn -0 0 -1
vn -0 0 -1
vn -0 0 -1
vn -0 0 -1
vn -0 0 -1
vn -0 0 -1
vn -0 0 -1
vn -0 0 -1
vn -0 0 -1
vn -1.0728836E-06 0 -1
vn -0 0 -1
vn -1.7881393E-06 0 -1
vn -0 0 -1
vn -0 0 -1
vn -0 0 -1
vn -0 0 -1
vn -0 0 -1
vn 0.012435913 0.109313965 -0.9941406
vn 0.011650085 0.10827637 -0.9941406
vn 0.010482788 0.10638428 -0.9941406
vn 0.009552002 0.10455322 -0.9946289
vn 0.00843811 0.10192871 -0.9946289
vn 0.0002270937 0.017501831 -1
vn 0.0014915466 0.017700195 -1
vn 0.008979797 0.02394104 -0.9995117
vn 0.0112838745 0.012954712 -1
vn 0.0022220612 0.0206604 -1
vn 0.023620605 0.09552002 -0.9951172
vn 0.0077323914 0.09979248 -0.9951172
vn 0.021469116 0.091674805 -0.99560547
vn 0.0065689087 0.095458984 -0.99560547
vn 0.019317627 0.08691406 -0.99609375
vn 0.005203247 0.08898926 -0.99609375
vn 0.017623901 0.08190918 -0.99658203
vn 0.015670776 0.07678223 -0.9970703
vn 0.0038719177 0.08154297 -0.99658203
vn 0.014411926 0.07006836 -0.9975586
vn 0.00299263 0.07556152 -0.9970703
vn 0.0129470825 0.06390381 -0.9980469
vn 0.0031547546 0.071777344 -0.9975586
vn 0.011482239 0.057678223 -0.9980469
vn 0.010826111 0.05331421 -0.99853516
vn 0.0067596436 0.07867432 -0.9970703
vn 0.008262634 0.078063965 -0.9970703
vn 0.012428284 0.05303955 -0.99853516
vn 0.009185791 0.071777344 -0.9975586
vn 0.009750366 0.06021118 -0.9980469
vn 0.014511108 0.051513672 -0.99853516
vn 0.010726929 0.045715332 -0.99902344
vn 0.013641357 0.044281006 -0.99902344
vn 0.010719299 0.037628174 -0.99902344
vn 0.011077881 0.040008545 -0.99902344
vn 0.012298584 0.039916992 -0.99902344
vn 0.011650085 0.039154053 -0.99902344
vn 0.011734009 0.034088135 -0.9995117
vn 0.009315491 0.036621094 -0.9995117
vn 0.011192322 0.038726807 -0.99902344
vn 0.011955261 0.024841309 -0.9995117
vn 0.044799805 0.057739258 -0.9975586
vn 0.008956909 0.038146973 -0.99902344
vn 0.0077056885 0.03326416 -0.9995117
vn 0.0041618347 0.02671814 -0.9995117
vn 0.011131287 0.015609741 -1
vn 0.010368347 0.024032593 -0.9995117
vn 0.010368347 0.0138168335 -1
vn 0.019744873 0.05834961 -0.9980469
vn 0.016860962 0.049591064 -0.99853516
vn 0.015357971 0.04425049 -0.99902344
vn 0.016998291 0.04901123 -0.99853516
vn 0.018478394 0.05596924 -0.9980469
vn 0.01600647 0.0541687 -0.99853516
vn 0.013702393 0.05557251 -0.99853516
vn 0.01071167 0.05734253 -0.99853516
vn -0.06359863 0.27001953 -0.9609375
vn 0.006134033 0.04699707 -0.99902344
vn -0.0017690659 0.03289795 -0.9995117
vn -0.010734558 0.018493652 -1
vn -0.008659363 0.017181396 -1
vn -0.008232117 0.014770508 -1
vn -0.007019043 0.01625061 -1
vn -0 0 -1
vn -0 0 -1
vn -0 0 -1
vn -0 0 -1
vn -0 0 -1
vn -1.013279E-06 0 -1
vn -0 0 -1
vn -0 0 -1
vn -0 0 -1
vn -0 0 -1
vn -0 0 -1
vn -0 0 -1
vn -0 0 -1
vn -0 0 -1
vn -0 0 -1
vn -0 0 -1
vn -0 0 -1
vn -0 0 -1
vn -0 0 -1
vn -0 0 -1
vn -0 0 -1
vn -0 0 -1
vn -0 0 -1
vn -0 0 -1
vn -0 0 -1
vn -0 0 -1
vn -0 0 -1
vn -0 0 -1
vn 1.1324883E-06 0 -1
vn -0 0 -1
vn -0 0 -1
vn -0 0 -1
vn -0 0 -1
vn -0 0 -1
vn -0 0 -1
vn -0 0 -1
vn -0 0 -1
vn -0 0 -1
vn -0 0 -1
vn -0 0 -1
vn -0 0 -1
vn -0 0 -1
vn -0 0 -1
vn -0 0 -1
vn -0 0 -1
vn -0 0 -1
vn -0 0 -1
vn -0 0 -1
vn -0 0 -1
vn -0 0 -1
vn -0 0 -1
vn -0 0 -1
vn -0 0 -1
vn -0 0 -1
vn -0 0 -1
vn -0 0 -1
vn -0 0 -1
vn -0 0 -1
vn 1.7285347E-06 0 -1
vn -0 0 -1
vn -0 0 -1
vn -0 0 -1
vn -0 0 -1
vn -0 0 -1
vn -0 0 -1
vn -0 0 -1
vn -0 0 -1
vn -0 0 -1
vn -0 0 -1
vn -0 0 -1
vn -0 0 -1
vn -0 0 -1
vn -0 0 -1
vn -0 0 -1
vn -0 0 -1
vn -0 0 -1
vn -0 0 -1
vn -0 0 -1
vn -0 0 -1
vn -0 0 -1
vn -0 0 -1
vn -0 0 -1
vn -0 0 -1
vn -0 0 -1
vn -0 0 -1
vn -0 0 -1
vn -0 0 -1
vn -0 0 -1
vn -0 0 -1
vn -0 0 -1
vn -0 0 -1
vn -0 0 -1
vn -0 0 -1
vn -0 0 -1
vn -0 0 -1
vn -0 0 -1
vn -0 0 -1
vn -0 0 -1
vn -0 0 -1
vn -0 0 -1
vn -0 0 -1
vn -0 0 -1
vn 1.9073486E-06 0 -1
vn -0 0 -1
vn -1.0728836E-06 0 -1
vn -0 0 -1
vn 1.0728836E-06 0 -1
vn -0 0 -1
vn -0 0 -1
vn -2.4437904E-06 0 -1
vn -0 0 -1
vn -0 0 -1
vn -0 0 -1
vn -0 0 -1
vn -0 0 -1
vn -0 0 -1
vn -0 0 -1
vn 2.6226044E-06 0 -1
vn -0 0 -1
vn -0 0 -1
vn -0 0 -1
vn -0 0 -1
vn -0 0 -1
vn -0 0 -1
vn -0 0 -1
vn -0 0 -1
vn -0 0 -1
vn -0 0 -1
vn -0 0 -1
vn -0 0 -1
vn -0 0 -1
vn -0 0 -1
vn -0 0 -1
vn -0 0 -1
vn -0 0 -1
vn -0 0 -1
vn -1.3113022E-06 0 -1
vn -2.861023E-06 0 -1
vn -0 0 -1
vn -1.3113022E-06 0 -1
vn -0 0 -1
vn -0 0 -1
vn -0 0 -1
vn -0 0 -1
vn -0 0 -1
vn -0 0 -1
vn -0 0 -1
vn -0 0 -1
vn -0 0 -1
vn -0 0 -1
vn -0 0 -1
vn -0 0 -1
vn -0 0 -1
vn -0 0 -1
vn -0 0 -1
vn -0 0 -1
vn -0 0 -1
vn -0 0 -1
vn -0 0 -1
vn -0 0 -1
vn -0 0 -1
vn -0 0 -1
vn -0 0 -1
vn -0 0 -1
vn -0 0 -1
vn -0 0 -1
vn -0 0 -1
vn -5.90086E-06 0 -1
vn -0 0 -1
vn -0 0 -1
vn -0 0 -1
vn -0 0 -1
vn -0 0 -1
vn -0 0 -1
vn -0 0 -1
vn -0 0 -1
vn -0 0 -1
vn -0 0 -1
vn -0 0 -1
vn -0 0 -1
vn -0 0 -1
vn -0 0 -1
vn -0 0 -1
vn -0 0 -1
vn -0 0 -1
vn -0 0 -1
vn -0 0 -1
vn -0 0 -1
vn -1.7881393E-06 0 -1
vn -0 0 -1
vn -0 0 -1
vn 4.7683716E-06 0 -1
vn -0 0 -1
vn -0 0 -1
vn -0 0 -1
vn -0 0 -1
vn -0 0 -1
vn -0 0 -1
vn -0 0 -1
vn -0 0 -1
vn -0 0 -1
vn -0 0 -1
vn -0 0 -1
vn -0 0 -1
vn -0 0 -1
vn -0 0 -1
vn -0 0 -1
vn -0 0 -1
vn -0 0 -1
vn -0 0 -1
vn -0 0 -1
vn -0 0 -1
vn -0 0 -1
vn -0 0 -1
vn -0 0 -1
vn -0 0 -1
vn -0 0 -1
vn -0 0 -1
vn -0 0 -1
vn -0 0 -1
vn -0 0 -1
vn -0 0 -1
vn -0 0 -1
vn -1.4305115E-06 0 -1
vn -0 0 -1
vn -0 0 -1
vn -0 0 -1
vn -0 0 -1
vn -0 0 -1
vn -0 0 -1
vn 1.9073486E-06 0 -1
vn -0 0 -1
vn -0 0 -1
vn -0 0 -1
vn -0 0 -1
vn -0 0 -1
vn -0 0 -1
vn -1.0728836E-06 0 -1
vn -0 0 -1
vn -0 0 -1
vn -0 0 -1
vn -0 0 -1
vn -2.3245811E-06 0 -1
vn -0 0 -1
vn -0 0 -1
vn -0 0 -1
vn -0 0 -1
vn -0 0 -1
vn -0 0 -1
vn -0 0 -1
vn -0 0 -1
vn -0 0 -1
vn -0 0 -1
vn 2.3245811E-06 0 -1
vn -2.3245811E-06 0 -1
vn -3.4570694E-06 0 -1
vn -0 0 -1
vn -0 0 -1
vn 1.9073486E-06 0 -1
vn -0 0 -1
vn -0 0 -1
vn -0 0 -1
vn -0 0 -1
vn -0 0 -1
vn -0 0 -1
vn -0 0 -1
vn -0 0 -1
vn -0 0 -1
vn 1.013279E-06 0 -1
vn -1.4901161E-06 0 -1
vn -1.847744E-06 0 -1
vn -0 0 -1
vn -3.2186508E-06 0 -1
vn -0 0 -1
vn -2.1457672E-06 0 -1
vn -0 0 -1
vn -0 0 -1
vn 1.4305115E-06 0 -1
vn -0 0 -1
vn -0 0 -1
vn -0 0 -1
vn -0 0 -1
vn -0 0 -1
vn -0 0 -1
vn -0 0 -1
vn 1.1920929E-06 0 -1
vn -0 0 -1
vn -0 0 -1
vn -0 0 -1
vn -0 0 -1
vn -0 0 -1
vn -0 0 -1
vn -0 0 -1
vn -0 0 -1
vn -0 0 -1
vn -0 0 -1
vn -0 0 -1
vn -0 0 -1
vn -0 0 -1
vn -0 0 -1
vn -0 0 -1
vn -0 0 -1
vn -0 0 -1
vn -0 0 -1
vn -0 0 -1
vn -0 0 -1
vn -0 0 -1
vn -0 0 -1
vn -0 0 -1
vn -1.1920929E-06 0 -1
vn -0 0 -1
vn -0 0 -1
vn -0 0 -1
vn -0 0 -1
vn -0 0 -1
vn -0 0 -1
vn -0 0 -1
vn -0 0 -1
vn -0 0 -1
vn -0 0 -1
vn -0 0 -1
vn -1.4901161E-06 0 -1
vn -0 0 -1
vn 1.013279E-06 0 -1
vn -0 0 -1
vn 1.3709068E-06 0 -1
vn -0 0 -1
vn -0 0 -1
vn -0 0 -1
vn -0 0 -1
vn -1.1444092E-05 0 -1
vn -0 0 -1
vn -0 0 -1
vn -1.4901161E-06 0 -1
vn -0 0 -1
vn -6.556511E-06 0 -1
vn -2.026558E-06 0 -1
vn -0 0 -1
vn -0 0 -1
vn -0 0 -1
vn -0 0 -1
vn -0 0 -1
vn 1.013279E-06 0 -1
vn -0 0 -1
vn -0 0 -1
vn -0 0 -1
vn -0 0 -1
vn -0 0 -1
vn -1.7285347E-06 0 -1
vn -0 0 -1
vn -0 0 -1
vn -0 0 -1
vn -0 0 -1
vn -0 0 -1
vn -0 0 -1
vn -0 0 -1
vn -0 0 -1
vn -0 0 -1
vn -0 0 -1
vn -0 0 -1
vn -0 0 -1
vn -0 0 -1
vn 1.4901161E-06 0 -1
vn -1.2516975E-06 0 -1
vn 1.5497208E-06 0 -1
vn -0 0 -1
vn -0 0 -1
vn -0 0 -1
vn -0 0 -1
vn -0 0 -1
vn -0 0 -1
vn -0 0 -1
vn -0 0 -1
vn -0 0 -1
vn 2.2649765E-06 0 -1
vn -0 0 -1
vn -0 0 -1
vn -0 0 -1
vn -0 0 -1
vn -0 0 -1
vn -0 0 -1
vn 1.2516975E-06 0 -1
vn -0 0 -1
vn -0 0 -1
vn -0 0 -1
vn -0 0 -1
vn -0 0 -1
vn -0 0 -1
vn -0 0 -1
vn -0 0 -1
vn -0 0 -1
vn -0 0 -1
vn -0 0 -1
vn -0 0 -1
vn -0 0 -1
vn -0 0 -1
vn -0 0 -1
vn -0 0 -1
vn 2.1517277E-05 0 -1
vn -1.2516975E-06 0 -1
vn 1.1920929E-06 0 -1
vn -1.0728836E-06 0 -1
vn -0 0 -1
vn -0 0 -1
vn -0 0 -1
vn 1.0728836E-06 0 -1
vn -0 0 -1
vn -0 0 -1
vn -3.6358833E-06 0 -1
vn 1.9669533E-06 0 -1
vn -0 0 -1
vn 2.3841858E-06 0 -1
vn -0 0 -1
vn 1.847744E-06 0 -1
vn -0 0 -1
vn -0 0 -1
vn -0 0 -1
vn -0 0 -1
vn -0 0 -1
vn -0 0 -1
vn -0 0 -1
vn -0 0 -1
vn -0 0 -1
vn -0 0 -1
vn -0 0 -1
vn -0 0 -1
vn -0 0 -1
vn -1.2516975E-06 0 -1
vn -0 0 -1
vn -0 0 -1
vn -0 0 -1
vn -1.0728836E-06 0 -1
vn -0 0 -1
vn -0 0 -1
vn -0 0 -1
vn -0 0 -1
vn -0 0 -1
vn -0 0 -1
vn -0 0 -1
vn -1.013279E-06 0 -1
vn -0 0 -1
vn -0 0 -1
vn -0 0 -1
vn -0 0 -1
vn -0 0 -1
vn -0 0 -1
vn -0 0 -1
vn -0 0 -1
vn -0 0 -1
vn -0 0 -1
vn -0 0 -1
vn -0 0 -1
vn -0 0 -1
vn -0 0 -1
vn -0 0 -1
vn -0 0 -1
vn -0 1 0
vn -0 0 -1
vn -0 0 -1
vn -0 0 -1
vn 1.013279E-06 0 -1
vn -0 0 -1
vn -0 0 -1
vn -0 0 -1
vn -0 0 -1
vn -0 0 -1
vn -0 0 -1
vn -0 0 -1
vn -0 0 -1
vn -0 0 -1
vn -0 0 -1
vn -0 0 -1
vn -0 0 -1
vn -0 0 -1
vn -0 0 -1
vn -0 0 -1
vn -0 0 -1
vn -0 0 -1
vn -0 0 -1
vn -0 0 -1
vn -0 0 -1
vn 1.7285347E-06 0 -1
vn -0 0 -1
vn 1.9669533E-06 0 -1
vn -0 0 -1
vn -0 0 -1
vn -0 0 -1
vn -0 0 -1
vn -0 0 -1
vn -0 0 -1
vn -0 0 -1
vn -0 0 -1
vn -0 0 -1
vn -0 0 -1
vn -0 0 -1
vn -0 0 -1
vn -0 0 -1
vn -0 0 -1
vn -0 0 -1
vn -0 0 -1
vn -0 0 -1
vn -0 0 -1
vn -0 0 -1
vn -0 0 -1
vn -0 0 -1
vn -0 0 -1
vn -0 0 -1
vn -0 0 -1
vn -0 0 -1
vn -0 0 -1
vn -0 0 -1
vn -0 0 -1
vn -1.3113022E-06 0 -1
vn -0 0 -1
vn -0 0 -1
vn -0 0 -1
vn -0 0 -1
vn -0 0 -1
vn -0 0 -1
vn -0 0 -1
vn -2.861023E-06 0 -1
vn -0 0 -1
vn -1.7881393E-06 0 -1
vn 4.708767E-06 0 -1
vn -0 0 -1
vn -0 0 -1
vn -0 0 -1
vn -0 0 -1
vn -0 0 -1
vn -0 0 -1
vn -0 0 -1
vn -0 0 -1
vn -0 0 -1
vn -0 0 -1
vn -0 0 -1
vn -0 0 -1
vn -0 0 -1
vn -0 0 -1
vn -0 0 -1
vn -0 0 -1
vn -0 0 -1
vn -0 0 -1
vn 1.847744E-06 0 -1
vn -0 0 -1
vn -0 0 -1
vn -0 0 -1
vn -0 0 -1
vn -0 0 -1
vn -0 0 -1
vn -0 0 -1
vn 1.2516975E-06 0 -1
vn -0 0 -1
vn -0 0 -1
vn -0 0 -1
vn -0 0 -1
vn -0 0 -1
vn -0 0 -1
vn -0 0 -1
vn 1.9669533E-06 0 -1
vn -0 0 -1
vn -0 0 -1
vn -0 0 -1
vn -0 0 -1
vn -0 0 -1
vn -0 0 -1
vn -0 0 -1
vn -4.7683716E-06 0 -1
vn -0 0 -1
vn -0 0 -1
vn 1.3113022E-06 0 -1
vn -0 0 -1
vn -0 0 -1
vn -0 0 -1
vn -0 0 -1
vn -0 0 -1
vn -0 0 -1
vn -0 0 -1
vn -0 0 -1
vn -0 0 -1
vn -0 0 -1
vn -0 0 -1
vn -1.847744E-06 0 -1
vn -0 0 -1
vn -0 0 -1
vn -0 0 -1
vn -0 0 -1
vn -0 0 -1
vn 1.3113022E-06 0 -1
vn 2.3245811E-06 0 -1
vn -0 0 -1
vn 1.7881393E-06 0 -1
vn -0 0 -1
vn -0 0 -1
vn -1.2516975E-06 0 -1
vn -0 0 -1
vn -0 0 -1
vn -0 0 -1
vn -0 0 -1
vn -0 0 -1
vn -0 0 -1
vn -0 0 -1
vn -0 0 -1
vn -0 0 -1
vn -0 0 -1
vn 1.2516975E-06 0 -1
vn -0 0 -1
vn -0 0 -1
vn -0 0 -1
vn -0 0 -1
vn -0 0 -1
vn -0 0 -1
vn -0 0 -1
vn -0 0 -1
vn -1.0073185E-05 0 -1
vn -0 0 -1
vn -0 0 -1
vn -0 0 -1
vn -0 0 -1
vn -0 0 -1
vn -0 0 -1
vn -0 0 -1
vn -0 0 -1
vn -0 0 -1
vn -0 0 -1
vn -0 0 -1
vn -0 0 -1
vn -0 0 -1
vn 1.3709068E-06 0 -1
vn -0 0 -1
vn -0 0 -1
vn -0 0 -1
vn -0 0 -1
vn -0 0 -1
vn -0 0 -1
vn -0 0 -1
vn -0 0 -1
vn -0 0 -1
vn -1.0728836E-06 0 -1
vn -0 0 -1
vn -0 0 -1
vn -0 0 -1
vn -0 0 -1
vn -0 0 -1
vn 1.1920929E-06 0 -1
vn -0 0 -1
vn -0 0 -1
vn -0 0 -1
vn -0 0 -1
vn -0 0 -1
vn -0 0 -1
vn -0 0 -1
vn -0 0 -1
vn -0 0 -1
vn -0 0 -1
vn -1.1920929E-06 0 -1
vn -0 0 -1
vn -0 0 -1
vn -0 0 -1
vn -1.013279E-06 0 -1
vn -0 0 -1
vn -0 0 -1
vn -0 0 -1
vn -0 0 -1
vn -0 0 -1
vn -2.682209E-06 0 -1
vn -0 0 -1
vn -0 0 -1
vn -2.1457672E-06 0 -1
vn -0 0 -1
vn -0 0 -1
vn -0 0 -1
vn 3.7550926E-06 0 -1
vn -0 0 -1
vn -0 0 -1
vn -0 0 -1
vn -0 0 -1
vn -0 0 -1
vn -0 0 -1
vn -0 0 -1
vn -1.2516975E-06 0 -1
vn -0 0 -1
vn -0 0 -1
vn -0 0 -1
vn -0 0 -1
vn -0 0 -1
vn -0 0 -1
vn -0 0 -1
vn -0 0 -1
vn -0 0 -1
vn -0 0 -1
vn -2.1457672E-06 0 -1
vn 2.026558E-06 0 -1
vn -0 0 -1
vn 1.0430813E-05 0 -1
g cPK_20_000410_00_WINDIEex_SR_L_SB_0
f 3/3/3 2/2/2 1/1/1
f 6/6/6 5/5/5 4/4/4
f 9/9/9 8/8/8 7/7/7
f 12/12/12 11/11/11 10/10/10
f 15/15/15 14/14/14 13/13/13
f 18/18/18 17/17/17 16/16/16
f 9/9/9 19/19/19 8/8/8
f 21/21/21 18/18/18 20/20/20
f 22/22/22 5/5/5 6/6/6
f 3/3/3 23/23/23 2/2/2
f 5/5/5 23/23/23 3/3/3
f 24/24/24 18/18/18 21/21/21
f 27/27/27 26/26/26 25/25/25
f 5/5/5 28/28/28 23/23/23
f 12/12/12 29/29/29 11/11/11
f 30/30/30 29/29/29 12/12/12
f 32/32/32 27/27/27 31/31/31
f 33/33/33 27/27/27 32/32/32
f 34/34/34 27/27/27 33/33/33
f 35/35/35 27/27/27 34/34/34
f 27/27/27 35/35/35 26/26/26
f 36/36/36 31/31/31 27/27/27
f 37/37/37 31/31/31 36/36/36
f 38/38/38 31/31/31 37/37/37
f 39/39/39 31/31/31 38/38/38
f 40/40/40 31/31/31 39/39/39
f 41/41/41 31/31/31 40/40/40
f 42/42/42 31/31/31 41/41/41
f 28/28/28 31/31/31 42/42/42
f 5/5/5 31/31/31 28/28/28
f 22/22/22 31/31/31 5/5/5
f 43/43/43 31/31/31 22/22/22
f 44/44/44 31/31/31 43/43/43
f 45/45/45 19/19/19 9/9/9
f 45/45/45 44/44/44 19/19/19
f 46/46/46 44/44/44 45/45/45
f 46/46/46 31/31/31 44/44/44
f 14/14/14 31/31/31 46/46/46
f 30/30/30 47/47/47 29/29/29
f 48/48/48 47/47/47 30/30/30
f 49/49/49 47/47/47 48/48/48
f 49/49/49 15/15/15 47/47/47
f 50/50/50 15/15/15 49/49/49
f 31/31/31 52/52/52 51/51/51
f 53/53/53 18/18/18 24/24/24
f 18/18/18 54/54/54 17/17/17
f 50/50/50 14/14/14 15/15/15
f 50/50/50 31/31/31 14/14/14
f 55/55/55 31/31/31 50/50/50
f 55/55/55 52/52/52 31/31/31
f 54/54/54 52/52/52 55/55/55
f 54/54/54 53/53/53 52/52/52
f 18/18/18 53/53/53 54/54/54
f 58/58/58 57/57/57 56/56/56
f 59/59/59 57/57/57 58/58/58
f 60/60/60 31/31/31 51/51/51
f 61/61/61 57/57/57 59/59/59
f 62/62/62 57/57/57 61/61/61
f 26/26/26 57/57/57 62/62/62
f 35/35/35 57/57/57 26/26/26
f 34/34/34 57/57/57 35/35/35
f 60/60/60 32/32/32 31/31/31
f 63/63/63 32/32/32 60/60/60
f 66/66/66 65/65/65 64/64/64
f 65/65/65 68/68/68 67/67/67
f 69/69/69 34/34/34 66/66/66
f 72/72/72 71/71/71 70/70/70
f 74/74/74 72/72/72 73/73/73
f 76/76/76 74/74/74 75/75/75
f 78/78/78 76/76/76 77/77/77
f 80/80/80 78/78/78 79/79/79
f 82/82/82 80/80/80 81/81/81
f 84/84/84 82/82/82 83/83/83
f 86/86/86 84/84/84 85/85/85
f 88/88/88 86/86/86 87/87/87
f 90/90/90 88/88/88 89/89/89
f 57/57/57 90/90/90 91/91/91
f 34/34/34 90/90/90 57/57/57
f 34/34/34 88/88/88 90/90/90
f 34/34/34 86/86/86 88/88/88
f 34/34/34 84/84/84 86/86/86
f 34/34/34 82/82/82 84/84/84
f 34/34/34 80/80/80 82/82/82
f 34/34/34 78/78/78 80/80/80
f 34/34/34 76/76/76 78/78/78
f 34/34/34 74/74/74 76/76/76
f 34/34/34 72/72/72 74/74/74
f 34/34/34 71/71/71 72/72/72
f 71/71/71 34/34/34 69/69/69
f 34/34/34 65/65/65 66/66/66
f 34/34/34 68/68/68 65/65/65
f 34/34/34 92/92/92 68/68/68
f 34/34/34 93/93/93 92/92/92
f 34/34/34 94/94/94 93/93/93
f 34/34/34 95/95/95 94/94/94
f 34/34/34 96/96/96 95/95/95
f 33/33/33 96/96/96 34/34/34
f 33/33/33 97/97/97 96/96/96
f 33/33/33 98/98/98 97/97/97
f 32/32/32 98/98/98 33/33/33
f 32/32/32 99/99/99 98/98/98
f 63/63/63 99/99/99 32/32/32
f 65/65/65 67/67/67 100/100/100
f 103/103/103 102/102/102 101/101/101
f 103/103/103 104/104/104 102/102/102
f 105/105/105 104/104/104 103/103/103
f 65/65/65 106/106/106 64/64/64
f 100/100/100 106/106/106 65/65/65
f 100/100/100 107/107/107 106/106/106
f 100/100/100 108/108/108 107/107/107
f 100/100/100 109/109/109 108/108/108
f 110/110/110 109/109/109 100/100/100
f 110/110/110 111/111/111 109/109/109
f 104/104/104 111/111/111 110/110/110
f 105/105/105 111/111/111 104/104/104
f 25/25/25 58/58/58 56/56/56
f 25/25/25 59/59/59 58/58/58
f 25/25/25 61/61/61 59/59/59
f 25/25/25 62/62/62 61/61/61
f 62/62/62 25/25/25 26/26/26
f 56/56/56 112/112/112 25/25/25
f 56/56/56 113/113/113 112/112/112
f 56/56/56 114/114/114 113/113/113
f 56/56/56 115/115/115 114/114/114
f 56/56/56 116/116/116 115/115/115
f 119/119/119 118/118/118 117/117/117
f 122/122/122 121/121/121 120/120/120
f 122/122/122 123/123/123 121/121/121
f 126/126/126 125/125/125 124/124/124
f 123/123/123 127/127/127 121/121/121
f 126/126/126 128/128/128 125/125/125
f 129/129/129 128/128/128 126/126/126
f 129/129/129 130/130/130 128/128/128
f 131/131/131 130/130/130 129/129/129
f 132/132/132 130/130/130 131/131/131
f 133/133/133 130/130/130 132/132/132
f 133/133/133 134/134/134 130/130/130
f 133/133/133 135/135/135 134/134/134
f 133/133/133 136/136/136 135/135/135
f 133/133/133 137/137/137 136/136/136
f 133/133/133 138/138/138 137/137/137
f 127/127/127 138/138/138 133/133/133
f 127/127/127 139/139/139 138/138/138
f 123/123/123 139/139/139 127/127/127
f 142/142/142 141/141/141 140/140/140
f 143/143/143 141/141/141 142/142/142
f 144/144/144 141/141/141 143/143/143
f 145/145/145 120/120/120 121/121/121
f 145/145/145 146/146/146 120/120/120
f 147/147/147 146/146/146 145/145/145
f 148/148/148 146/146/146 147/147/147
f 149/149/149 146/146/146 148/148/148
f 149/149/149 150/150/150 146/146/146
f 149/149/149 151/151/151 150/150/150
f 149/149/149 152/152/152 151/151/151
f 149/149/149 153/153/153 152/152/152
f 149/149/149 154/154/154 153/153/153
f 149/149/149 155/155/155 154/154/154
f 149/149/149 156/156/156 155/155/155
f 157/157/157 141/141/141 144/144/144
f 141/141/141 149/149/149 158/158/158
f 141/141/141 156/156/156 149/149/149
f 141/141/141 159/159/159 156/156/156
f 141/141/141 160/160/160 159/159/159
f 141/141/141 161/161/161 160/160/160
f 141/141/141 162/162/162 161/161/161
f 141/141/141 163/163/163 162/162/162
f 141/141/141 164/164/164 163/163/163
f 141/141/141 165/165/165 164/164/164
f 141/141/141 166/166/166 165/165/165
f 167/167/167 141/141/141 157/157/157
f 167/167/167 166/166/166 141/141/141
f 168/168/168 120/120/120 146/146/146
f 169/169/169 120/120/120 168/168/168
f 170/170/170 120/120/120 169/169/169
f 171/171/171 120/120/120 170/170/170
f 172/172/172 120/120/120 171/171/171
f 173/173/173 120/120/120 172/172/172
f 174/174/174 120/120/120 173/173/173
f 175/175/175 120/120/120 174/174/174
f 148/148/148 158/158/158 149/149/149
f 176/176/176 147/147/147 145/145/145
f 177/177/177 147/147/147 176/176/176
f 178/178/178 147/147/147 177/177/177
f 179/179/179 147/147/147 178/178/178
f 180/180/180 147/147/147 179/179/179
f 180/180/180 148/148/148 147/147/147
f 181/181/181 148/148/148 180/180/180
f 181/181/181 158/158/158 148/148/148
f 182/182/182 158/158/158 181/181/181
f 183/183/183 158/158/158 182/182/182
f 184/184/184 158/158/158 183/183/183
f 184/184/184 141/141/141 158/158/158
f 185/185/185 141/141/141 184/184/184
f 186/186/186 141/141/141 185/185/185
f 187/187/187 141/141/141 186/186/186
f 188/188/188 141/141/141 187/187/187
f 189/189/189 141/141/141 188/188/188
f 190/190/190 141/141/141 189/189/189
f 191/191/191 141/141/141 190/190/190
f 192/192/192 141/141/141 191/191/191
f 193/193/193 141/141/141 192/192/192
f 194/194/194 141/141/141 193/193/193
f 195/195/195 141/141/141 194/194/194
f 196/196/196 141/141/141 195/195/195
f 197/197/197 141/141/141 196/196/196
f 198/198/198 141/141/141 197/197/197
f 198/198/198 140/140/140 141/141/141
f 198/198/198 199/199/199 140/140/140
f 202/202/202 201/201/201 200/200/200
f 205/205/205 204/204/204 203/203/203
f 208/208/208 207/207/207 206/206/206
f 211/211/211 210/210/210 209/209/209
f 214/214/214 213/213/213 212/212/212
f 215/215/215 210/210/210 211/211/211
f 202/202/202 216/216/216 201/201/201
f 217/217/217 216/216/216 202/202/202
f 215/215/215 218/218/218 210/210/210
f 219/219/219 218/218/218 215/215/215
f 205/205/205 220/220/220 204/204/204
f 221/221/221 220/220/220 205/205/205
f 145/145/145 222/222/222 176/176/176
f 223/223/223 207/207/207 208/208/208
f 223/223/223 224/224/224 207/207/207
f 223/223/223 225/225/225 224/224/224
f 223/223/223 226/226/226 225/225/225
f 227/227/227 226/226/226 223/223/223
f 227/227/227 228/228/228 226/226/226
f 227/227/227 131/131/131 228/228/228
f 117/117/117 131/131/131 227/227/227
f 117/117/117 132/132/132 131/131/131
f 118/118/118 132/132/132 117/117/117
f 118/118/118 133/133/133 132/132/132
f 119/119/119 133/133/133 118/118/118
f 229/229/229 213/213/213 214/214/214
f 229/229/229 221/221/221 213/213/213
f 230/230/230 216/216/216 217/217/217
f 230/230/230 229/229/229 216/216/216
f 231/231/231 229/229/229 230/230/230
f 119/119/119 127/127/127 133/133/133
f 121/121/121 222/222/222 145/145/145
f 121/121/121 232/232/232 222/222/222
f 127/127/127 232/232/232 121/121/121
f 127/127/127 233/233/233 232/232/232
f 119/119/119 233/233/233 127/127/127
f 119/119/119 234/234/234 233/233/233
f 119/119/119 235/235/235 234/234/234
f 119/119/119 236/236/236 235/235/235
f 119/119/119 237/237/237 236/236/236
f 119/119/119 238/238/238 237/237/237
f 119/119/119 239/239/239 238/238/238
f 119/119/119 240/240/240 239/239/239
f 119/119/119 241/241/241 240/240/240
f 119/119/119 219/219/219 241/241/241
f 119/119/119 218/218/218 219/219/219
f 242/242/242 218/218/218 119/119/119
f 242/242/242 231/231/231 218/218/218
f 220/220/220 231/231/231 242/242/242
f 221/221/221 231/231/231 220/220/220
f 229/229/229 231/231/231 221/221/221
g cPK_20_000410_00_WINDIEex_SR_L_SB_1
f 56/56/56 244/244/244 243/243/243
f 56/56/56 245/245/245 244/244/244
f 56/56/56 246/246/246 245/245/245
f 56/56/56 247/247/247 246/246/246
f 250/250/250 249/249/249 248/248/248
f 252/252/252 249/249/249 251/251/251
f 253/253/253 247/247/247 56/56/56
f 253/253/253 254/254/254 247/247/247
f 255/255/255 254/254/254 253/253/253
f 255/255/255 256/256/256 254/254/254
f 257/257/257 256/256/256 255/255/255
f 257/257/257 258/258/258 256/256/256
f 259/259/259 258/258/258 257/257/257
f 260/260/260 258/258/258 259/259/259
f 260/260/260 261/261/261 258/258/258
f 262/262/262 261/261/261 260/260/260
f 262/262/262 263/263/263 261/261/261
f 264/264/264 263/263/263 262/262/262
f 264/264/264 265/265/265 263/263/263
f 266/266/266 265/265/265 264/264/264
f 267/267/267 265/265/265 266/266/266
f 267/267/267 268/268/268 265/265/265
f 267/267/267 269/269/269 268/268/268
f 270/270/270 269/269/269 267/267/267
f 270/270/270 271/271/271 269/269/269
f 270/270/270 272/272/272 271/271/271
f 273/273/273 272/272/272 270/270/270
f 273/273/273 274/274/274 272/272/272
f 275/275/275 274/274/274 273/273/273
f 277/277/277 274/274/274 276/276/276
f 275/275/275 278/278/278 274/274/274
f 277/277/277 276/276/276 279/279/279
f 274/274/274 278/278/278 276/276/276
f 279/279/279 281/281/281 280/280/280
f 280/280/280 281/281/281 282/282/282
f 279/279/279 276/276/276 281/281/281
f 284/284/284 282/282/282 283/283/283
f 281/281/281 285/285/285 282/282/282
f 283/283/283 282/282/282 286/286/286
f 288/288/288 283/283/283 287/287/287
f 289/289/289 288/288/288 287/287/287
f 286/286/286 282/282/282 285/285/285
f 251/251/251 289/289/289 252/252/252
f 287/287/287 283/283/283 286/286/286
f 290/290/290 251/251/251 249/249/249
f 289/289/289 287/287/287 252/252/252
f 249/249/249 250/250/250 290/290/290
f 57/57/57 253/253/253 56/56/56
f 57/57/57 255/255/255 253/253/253
f 57/57/57 257/257/257 255/255/255
f 57/57/57 259/259/259 257/257/257
f 57/57/57 260/260/260 259/259/259
f 57/57/57 262/262/262 260/260/260
f 291/291/291 262/262/262 57/57/57
f 291/291/291 264/264/264 262/262/262
f 291/291/291 266/266/266 264/264/264
f 292/292/292 266/266/266 291/291/291
f 292/292/292 267/267/267 266/266/266
f 292/292/292 270/270/270 267/267/267
f 292/292/292 273/273/273 270/270/270
f 293/293/293 273/273/273 292/292/292
f 293/293/293 275/275/275 273/273/273
f 294/294/294 275/275/275 293/293/293
f 294/294/294 278/278/278 275/275/275
f 295/295/295 278/278/278 294/294/294
f 278/278/278 295/295/295 276/276/276
f 295/295/295 296/296/296 276/276/276
f 296/296/296 281/281/281 276/276/276
f 281/281/281 296/296/296 297/297/297
f 297/297/297 285/285/285 281/281/281
f 297/297/297 299/299/299 298/298/298
f 286/286/286 285/285/285 297/297/297
f 286/286/286 297/297/297 298/298/298
f 300/300/300 286/286/286 298/298/298
f 300/300/300 301/301/301 286/286/286
f 287/287/287 286/286/286 302/302/302
f 286/286/286 301/301/301 302/302/302
f 302/302/302 303/303/303 287/287/287
f 287/287/287 303/303/303 252/252/252
f 303/303/303 304/304/304 252/252/252
f 252/252/252 304/304/304 249/249/249
f 304/304/304 305/305/305 249/249/249
f 248/248/248 249/249/249 305/305/305
f 243/243/243 116/116/116 56/56/56
f 308/308/308 307/307/307 306/306/306
f 308/308/308 309/309/309 307/307/307
f 308/308/308 310/310/310 309/309/309
f 308/308/308 311/311/311 310/310/310
f 312/312/312 311/311/311 308/308/308
f 313/313/313 311/311/311 312/312/312
f 314/314/314 311/311/311 313/313/313
f 315/315/315 311/311/311 314/314/314
f 316/316/316 311/311/311 315/315/315
f 317/317/317 311/311/311 316/316/316
f 318/318/318 311/311/311 317/317/317
f 319/319/319 311/311/311 318/318/318
f 320/320/320 311/311/311 319/319/319
f 321/321/321 306/306/306 307/307/307
f 321/321/321 322/322/322 306/306/306
f 323/323/323 322/322/322 321/321/321
f 324/324/324 322/322/322 323/323/323
f 324/324/324 325/325/325 322/322/322
f 324/324/324 326/326/326 325/325/325
f 324/324/324 327/327/327 326/326/326
f 328/328/328 327/327/327 324/324/324
f 329/329/329 327/327/327 328/328/328
f 329/329/329 330/330/330 327/327/327
f 331/331/331 330/330/330 329/329/329
f 331/331/331 332/332/332 330/330/330
f 331/331/331 333/333/333 332/332/332
f 331/331/331 334/334/334 333/333/333
f 335/335/335 334/334/334 331/331/331
f 336/336/336 308/308/308 306/306/306
f 336/336/336 337/337/337 308/308/308
f 336/336/336 338/338/338 337/337/337
f 341/341/341 340/340/340 339/339/339
f 341/341/341 336/336/336 340/340/340
f 342/342/342 336/336/336 341/341/341
f 343/343/343 336/336/336 342/342/342
f 344/344/344 336/336/336 343/343/343
f 345/345/345 336/336/336 344/344/344
f 338/338/338 336/336/336 345/345/345
f 346/346/346 306/306/306 322/322/322
f 347/347/347 306/306/306 346/346/346
f 350/350/350 349/349/349 348/348/348
f 347/347/347 336/336/336 306/306/306
f 351/351/351 336/336/336 347/347/347
f 351/351/351 340/340/340 336/336/336
f 352/352/352 340/340/340 351/351/351
f 353/353/353 340/340/340 352/352/352
f 354/354/354 340/340/340 353/353/353
f 355/355/355 340/340/340 354/354/354
f 340/340/340 349/349/349 350/350/350
f 355/355/355 349/349/349 340/340/340
f 358/358/358 357/357/357 356/356/356
f 359/359/359 357/357/357 358/358/358
f 359/359/359 360/360/360 357/357/357
f 361/361/361 360/360/360 359/359/359
f 362/362/362 360/360/360 361/361/361
f 363/363/363 360/360/360 362/362/362
f 363/363/363 340/340/340 360/360/360
f 339/339/339 340/340/340 363/363/363
f 366/366/366 365/365/365 364/364/364
f 369/369/369 368/368/368 367/367/367
f 360/360/360 369/369/369 357/357/357
f 360/360/360 368/368/368 369/369/369
f 360/360/360 370/370/370 368/368/368
f 360/360/360 371/371/371 370/370/370
f 350/350/350 360/360/360 340/340/340
f 350/350/350 371/371/371 360/360/360
f 350/350/350 372/372/372 371/371/371
f 348/348/348 372/372/372 350/350/350
f 373/373/373 372/372/372 348/348/348
f 365/365/365 372/372/372 373/373/373
f 366/366/366 372/372/372 365/365/365
f 374/374/374 372/372/372 366/366/366
f 374/374/374 375/375/375 372/372/372
f 374/374/374 376/376/376 375/375/375
f 374/374/374 377/377/377 376/376/376
f 378/378/378 377/377/377 374/374/374
f 379/379/379 356/356/356 357/357/357
f 380/380/380 356/356/356 379/379/379
f 380/380/380 381/381/381 356/356/356
f 380/380/380 382/382/382 381/381/381
f 380/380/380 383/383/383 382/382/382
f 380/380/380 384/384/384 383/383/383
f 380/380/380 385/385/385 384/384/384
f 386/386/386 385/385/385 380/380/380
f 357/357/357 387/387/387 379/379/379
f 357/357/357 388/388/388 387/387/387
f 357/357/357 389/389/389 388/388/388
f 357/357/357 390/390/390 389/389/389
f 357/357/357 391/391/391 390/390/390
f 369/369/369 391/391/391 357/357/357
f 369/369/369 392/392/392 391/391/391
f 369/369/369 393/393/393 392/392/392
f 369/369/369 394/394/394 393/393/393
f 367/367/367 394/394/394 369/369/369
f 380/380/380 395/395/395 386/386/386
f 380/380/380 396/396/396 395/395/395
f 397/397/397 380/380/380 379/379/379
f 397/397/397 396/396/396 380/380/380
f 397/397/397 398/398/398 396/396/396
f 397/397/397 399/399/399 398/398/398
f 397/397/397 400/400/400 399/399/399
f 397/397/397 401/401/401 400/400/400
f 402/402/402 401/401/401 397/397/397
f 403/403/403 379/379/379 387/387/387
f 404/404/404 379/379/379 403/403/403
f 405/405/405 379/379/379 404/404/404
f 406/406/406 379/379/379 405/405/405
f 407/407/407 379/379/379 406/406/406
f 397/397/397 407/407/407 402/402/402
f 379/379/379 407/407/407 397/397/397
f 410/410/410 409/409/409 408/408/408
f 413/413/413 412/412/412 411/411/411
f 414/414/414 412/412/412 413/413/413
f 417/417/417 416/416/416 415/415/415
f 418/418/418 416/416/416 417/417/417
f 421/421/421 420/420/420 419/419/419
f 422/422/422 420/420/420 421/421/421
f 425/425/425 424/424/424 423/423/423
f 428/428/428 427/427/427 426/426/426
f 429/429/429 427/427/427 428/428/428
f 430/430/430 427/427/427 429/429/429
f 431/431/431 427/427/427 430/430/430
f 432/432/432 427/427/427 431/431/431
f 433/433/433 427/427/427 432/432/432
f 433/433/433 434/434/434 427/427/427
f 435/435/435 434/434/434 433/433/433
f 436/436/436 434/434/434 435/435/435
f 437/437/437 434/434/434 436/436/436
f 438/438/438 434/434/434 437/437/437
f 439/439/439 434/434/434 438/438/438
f 440/440/440 434/434/434 439/439/439
f 440/440/440 441/441/441 434/434/434
f 442/442/442 424/424/424 425/425/425
f 445/445/445 444/444/444 443/443/443
f 446/446/446 444/444/444 445/445/445
f 447/447/447 444/444/444 446/446/446
f 447/447/447 440/440/440 444/444/444
f 447/447/447 441/441/441 440/440/440
f 448/448/448 416/416/416 418/418/418
f 448/448/448 447/447/447 416/416/416
f 422/422/422 449/449/449 420/420/420
f 452/452/452 451/451/451 450/450/450
f 452/452/452 453/453/453 451/451/451
f 452/452/452 454/454/454 453/453/453
f 455/455/455 454/454/454 452/452/452
f 455/455/455 456/456/456 454/454/454
f 457/457/457 456/456/456 455/455/455
f 457/457/457 458/458/458 456/456/456
f 457/457/457 459/459/459 458/458/458
f 457/457/457 460/460/460 459/459/459
f 457/457/457 461/461/461 460/460/460
f 457/457/457 462/462/462 461/461/461
f 457/457/457 463/463/463 462/462/462
f 457/457/457 464/464/464 463/463/463
f 457/457/457 465/465/465 464/464/464
f 441/441/441 465/465/465 457/457/457
f 441/441/441 466/466/466 465/465/465
f 447/447/447 466/466/466 441/441/441
f 448/448/448 466/466/466 447/447/447
f 467/467/467 466/466/466 448/448/448
f 468/468/468 466/466/466 467/467/467
f 469/469/469 466/466/466 468/468/468
f 469/469/469 470/470/470 466/466/466
f 469/469/469 471/471/471 470/470/470
f 469/469/469 472/472/472 471/471/471
f 469/469/469 410/410/410 472/472/472
f 412/412/412 410/410/410 469/469/469
f 473/473/473 412/412/412 414/414/414
f 474/474/474 449/449/449 422/422/422
f 474/474/474 475/475/475 449/449/449
f 410/410/410 442/442/442 409/409/409
f 442/442/442 474/474/474 424/424/424
f 475/475/475 412/412/412 473/473/473
f 475/475/475 410/410/410 412/412/412
f 475/475/475 442/442/442 410/410/410
f 474/474/474 442/442/442 475/475/475
f 434/434/434 476/476/476 427/427/427
f 434/434/434 477/477/477 476/476/476
f 441/441/441 477/477/477 434/434/434
f 478/478/478 452/452/452 450/450/450
f 479/479/479 452/452/452 478/478/478
f 477/477/477 481/481/481 480/480/480
f 441/441/441 481/481/481 477/477/477
f 457/457/457 481/481/481 441/441/441
f 457/457/457 482/482/482 481/481/481
f 457/457/457 483/483/483 482/482/482
f 455/455/455 483/483/483 457/457/457
f 455/455/455 484/484/484 483/483/483
f 455/455/455 485/485/485 484/484/484
f 452/452/452 485/485/485 455/455/455
f 452/452/452 486/486/486 485/485/485
f 452/452/452 487/487/487 486/486/486
f 452/452/452 488/488/488 487/487/487
f 452/452/452 489/489/489 488/488/488
f 452/452/452 490/490/490 489/489/489
f 452/452/452 491/491/491 490/490/490
f 452/452/452 492/492/492 491/491/491
f 479/479/479 492/492/492 452/452/452
f 479/479/479 493/493/493 492/492/492
f 494/494/494 493/493/493 479/479/479
f 494/494/494 495/495/495 493/493/493
f 496/496/496 495/495/495 494/494/494
f 497/497/497 495/495/495 496/496/496
f 498/498/498 495/495/495 497/497/497
f 499/499/499 495/495/495 498/498/498
f 122/122/122 120/120/120 500/500/500
f 503/503/503 502/502/502 501/501/501
f 506/506/506 505/505/505 504/504/504
f 507/507/507 505/505/505 506/506/506
f 503/503/503 508/508/508 502/502/502
f 509/509/509 508/508/508 503/503/503
f 509/509/509 510/510/510 508/508/508
f 509/509/509 511/511/511 510/510/510
f 509/509/509 512/512/512 511/511/511
f 509/509/509 513/513/513 512/512/512
f 516/516/516 515/515/515 514/514/514
f 517/517/517 515/515/515 516/516/516
f 517/517/517 518/518/518 515/515/515
f 519/519/519 518/518/518 517/517/517
f 519/519/519 520/520/520 518/518/518
f 509/509/509 521/521/521 513/513/513
f 484/484/484 521/521/521 509/509/509
f 484/484/484 522/522/522 521/521/521
f 523/523/523 505/505/505 507/507/507
f 523/523/523 524/524/524 505/505/505
f 523/523/523 525/525/525 524/524/524
f 526/526/526 484/484/484 485/485/485
f 527/527/527 525/525/525 523/523/523
f 522/522/522 520/520/520 519/519/519
f 484/484/484 520/520/520 522/522/522
f 484/484/484 528/528/528 520/520/520
f 484/484/484 529/529/529 528/528/528
f 484/484/484 530/530/530 529/529/529
f 484/484/484 527/527/527 530/530/530
f 484/484/484 525/525/525 527/527/527
f 484/484/484 531/531/531 525/525/525
f 484/484/484 532/532/532 531/531/531
f 484/484/484 533/533/533 532/532/532
f 484/484/484 534/534/534 533/533/533
f 484/484/484 535/535/535 534/534/534
f 526/526/526 535/535/535 484/484/484
f 538/538/538 537/537/537 536/536/536
f 538/538/538 539/539/539 537/537/537
f 503/503/503 541/541/541 540/540/540
f 503/503/503 542/542/542 541/541/541
f 503/503/503 543/543/543 542/542/542
f 503/503/503 544/544/544 543/543/543
f 503/503/503 545/545/545 544/544/544
f 503/503/503 546/546/546 545/545/545
f 503/503/503 547/547/547 546/546/546
f 549/549/549 501/501/501 548/548/548
f 549/549/549 503/503/503 501/501/501
f 550/550/550 503/503/503 549/549/549
f 551/551/551 503/503/503 550/550/550
f 552/552/552 503/503/503 551/551/551
f 553/553/553 539/539/539 538/538/538
f 553/553/553 554/554/554 539/539/539
f 503/503/503 555/555/555 547/547/547
f 556/556/556 503/503/503 552/552/552
f 503/503/503 557/557/557 555/555/555
f 503/503/503 558/558/558 557/557/557
f 559/559/559 554/554/554 553/553/553
f 559/559/559 560/560/560 554/554/554
f 559/559/559 561/561/561 560/560/560
f 503/503/503 562/562/562 558/558/558
f 503/503/503 563/563/563 562/562/562
f 556/556/556 563/563/563 503/503/503
f 556/556/556 564/564/564 563/563/563
f 561/561/561 564/564/564 556/556/556
f 559/559/559 564/564/564 561/561/561
f 566/566/566 500/500/500 565/565/565
f 567/567/567 500/500/500 566/566/566
f 567/567/567 122/122/122 500/500/500
f 568/568/568 122/122/122 567/567/567
f 569/569/569 122/122/122 568/568/568
f 570/570/570 122/122/122 569/569/569
f 571/571/571 122/122/122 570/570/570
f 572/572/572 122/122/122 571/571/571
f 573/573/573 122/122/122 572/572/572
f 574/574/574 122/122/122 573/573/573
f 122/122/122 574/574/574 123/123/123
f 577/577/577 576/576/576 575/575/575
f 580/580/580 579/579/579 578/578/578
f 581/581/581 579/579/579 580/580/580
f 582/582/582 139/139/139 123/123/123
f 583/583/583 139/139/139 582/582/582
f 577/577/577 583/583/583 576/576/576
f 577/577/577 139/139/139 583/583/583
f 584/584/584 139/139/139 577/577/577
f 585/585/585 139/139/139 584/584/584
f 585/585/585 586/586/586 139/139/139
f 587/587/587 586/586/586 585/585/585
f 587/587/587 588/588/588 586/586/586
f 579/579/579 588/588/588 587/587/587
f 581/581/581 588/588/588 579/579/579
f 589/589/589 120/120/120 175/175/175
f 590/590/590 120/120/120 589/589/589
f 591/591/591 120/120/120 590/590/590
f 120/120/120 591/591/591 592/592/592
f 480/480/480 476/476/476 477/477/477
f 509/509/509 483/483/483 484/484/484
f 427/427/427 593/593/593 426/426/426
f 509/509/509 482/482/482 483/483/483
f 594/594/594 509/509/509 503/503/503
f 594/594/594 482/482/482 509/509/509
f 594/594/594 481/481/481 482/482/482
f 594/594/594 480/480/480 481/481/481
f 594/594/594 476/476/476 480/480/480
f 594/594/594 427/427/427 476/476/476
f 594/594/594 593/593/593 427/427/427
f 500/500/500 593/593/593 594/594/594
f 500/500/500 592/592/592 593/593/593
f 120/120/120 592/592/592 500/500/500
f 540/540/540 594/594/594 503/503/503
f 595/595/595 594/594/594 540/540/540
f 596/596/596 594/594/594 595/595/595
f 597/597/597 594/594/594 596/596/596
f 598/598/598 594/594/594 597/597/597
f 599/599/599 594/594/594 598/598/598
f 600/600/600 594/594/594 599/599/599
f 601/601/601 594/594/594 600/600/600
f 602/602/602 594/594/594 601/601/601
f 603/603/603 594/594/594 602/602/602
f 604/604/604 594/594/594 603/603/603
f 605/605/605 594/594/594 604/604/604
f 606/606/606 594/594/594 605/605/605
f 607/607/607 594/594/594 606/606/606
f 594/594/594 565/565/565 500/500/500
f 594/594/594 607/607/607 565/565/565
f 610/610/610 609/609/609 608/608/608
f 613/613/613 612/612/612 611/611/611
f 616/616/616 615/615/615 614/614/614
f 619/619/619 618/618/618 617/617/617
f 622/622/622 621/621/621 620/620/620
f 625/625/625 624/624/624 623/623/623
f 628/628/628 627/627/627 626/626/626
f 629/629/629 612/612/612 613/613/613
f 631/631/631 616/616/616 630/630/630
f 634/634/634 633/633/633 632/632/632
f 609/609/609 633/633/633 634/634/634
f 635/635/635 627/627/627 628/628/628
f 638/638/638 637/637/637 636/636/636
f 639/639/639 637/637/637 638/638/638
f 616/616/616 640/640/640 615/615/615
f 643/643/643 642/642/642 641/641/641
f 643/643/643 644/644/644 642/642/642
f 629/629/629 645/645/645 612/612/612
f 635/635/635 646/646/646 627/627/627
f 643/643/643 647/647/647 644/644/644
f 648/648/648 647/647/647 643/643/643
f 648/648/648 649/649/649 647/647/647
f 650/650/650 649/649/649 648/648/648
f 650/650/650 651/651/651 649/649/649
f 652/652/652 651/651/651 650/650/650
f 652/652/652 653/653/653 651/651/651
f 654/654/654 653/653/653 652/652/652
f 657/657/657 656/656/656 655/655/655
f 658/658/658 656/656/656 657/657/657
f 659/659/659 656/656/656 658/658/658
f 659/659/659 660/660/660 656/656/656
f 661/661/661 660/660/660 659/659/659
f 662/662/662 660/660/660 661/661/661
f 662/662/662 663/663/663 660/660/660
f 664/664/664 663/663/663 662/662/662
f 664/664/664 665/665/665 663/663/663
f 631/631/631 640/640/640 616/616/616
f 631/631/631 666/666/666 640/640/640
f 667/667/667 637/637/637 639/639/639
f 667/667/667 610/610/610 637/637/637
f 667/667/667 609/609/609 610/610/610
f 621/621/621 609/609/609 667/667/667
f 621/621/621 633/633/633 609/609/609
f 622/622/622 633/633/633 621/621/621
f 622/622/622 619/619/619 633/633/633
f 668/668/668 666/666/666 631/631/631
f 668/668/668 669/669/669 666/666/666
f 668/668/668 622/622/622 669/669/669
f 645/645/645 622/622/622 668/668/668
f 645/645/645 619/619/619 622/622/622
f 629/629/629 619/619/619 645/645/645
f 670/670/670 619/619/619 629/629/629
f 671/671/671 619/619/619 670/670/670
f 672/672/672 619/619/619 671/671/671
f 646/646/646 619/619/619 672/672/672
f 625/625/625 673/673/673 624/624/624
f 674/674/674 673/673/673 625/625/625
f 674/674/674 664/664/664 673/673/673
f 618/618/618 664/664/664 674/674/674
f 619/619/619 664/664/664 618/618/618
f 664/664/664 654/654/654 665/665/665
f 654/654/654 635/635/635 653/653/653
f 619/619/619 654/654/654 664/664/664
f 646/646/646 654/654/654 619/619/619
f 646/646/646 635/635/635 654/654/654
f 677/677/677 676/676/676 675/675/675
f 680/680/680 679/679/679 678/678/678
f 683/683/683 682/682/682 681/681/681
f 676/676/676 685/685/685 684/684/684
f 688/688/688 687/687/687 686/686/686
f 689/689/689 687/687/687 688/688/688
f 633/633/633 690/690/690 632/632/632
f 633/633/633 691/691/691 690/690/690
f 694/694/694 693/693/693 692/692/692
f 697/697/697 696/696/696 695/695/695
f 698/698/698 696/696/696 697/697/697
f 698/698/698 699/699/699 696/696/696
f 689/689/689 700/700/700 687/687/687
f 701/701/701 700/700/700 689/689/689
f 619/619/619 691/691/691 633/633/633
f 683/683/683 702/702/702 682/682/682
f 676/676/676 703/703/703 685/685/685
f 706/706/706 705/705/705 704/704/704
f 707/707/707 705/705/705 706/706/706
f 710/710/710 709/709/709 708/708/708
f 711/711/711 709/709/709 710/710/710
f 707/707/707 712/712/712 705/705/705
f 713/713/713 712/712/712 707/707/707
f 716/716/716 715/715/715 714/714/714
f 716/716/716 717/717/717 715/715/715
f 718/718/718 717/717/717 716/716/716
f 718/718/718 719/719/719 717/717/717
f 720/720/720 719/719/719 718/718/718
f 720/720/720 721/721/721 719/719/719
f 720/720/720 722/722/722 721/721/721
f 723/723/723 722/722/722 720/720/720
f 723/723/723 724/724/724 722/722/722
f 727/727/727 726/726/726 725/725/725
f 728/728/728 726/726/726 727/727/727
f 712/712/712 726/726/726 728/728/728
f 712/712/712 675/675/675 726/726/726
f 729/729/729 700/700/700 701/701/701
f 729/729/729 730/730/730 700/700/700
f 731/731/731 730/730/730 729/729/729
f 731/731/731 732/732/732 730/730/730
f 683/683/683 733/733/733 702/702/702
f 734/734/734 699/699/699 698/698/698
f 734/734/734 735/735/735 699/699/699
f 736/736/736 735/735/735 734/734/734
f 737/737/737 724/724/724 723/723/723
f 738/738/738 709/709/709 711/711/711
f 738/738/738 739/739/739 709/709/709
f 738/738/738 740/740/740 739/739/739
f 724/724/724 740/740/740 738/738/738
f 741/741/741 735/735/735 736/736/736
f 741/741/741 742/742/742 735/735/735
f 741/741/741 731/731/731 742/742/742
f 724/724/724 743/743/743 740/740/740
f 744/744/744 679/679/679 680/680/680
f 744/744/744 745/745/745 679/679/679
f 744/744/744 617/617/617 745/745/745
f 746/746/746 617/617/617 744/744/744
f 747/747/747 617/617/617 746/746/746
f 713/713/713 675/675/675 712/712/712
f 713/713/713 677/677/677 675/675/675
f 748/748/748 677/677/677 713/713/713
f 749/749/749 677/677/677 748/748/748
f 677/677/677 703/703/703 676/676/676
f 694/694/694 750/750/750 693/693/693
f 724/724/724 741/741/741 743/743/743
f 617/617/617 691/691/691 619/619/619
f 747/747/747 691/691/691 617/617/617
f 751/751/751 691/691/691 747/747/747
f 750/750/750 691/691/691 751/751/751
f 694/694/694 691/691/691 750/750/750
f 732/732/732 691/691/691 694/694/694
f 731/731/731 691/691/691 732/732/732
f 753/753/753 752/752/752 691/691/691
f 753/753/753 754/754/754 752/752/752
f 755/755/755 754/754/754 753/753/753
f 741/741/741 691/691/691 731/731/731
f 741/741/741 724/724/724 691/691/691
f 756/756/756 733/733/733 683/683/683
f 757/757/757 724/724/724 737/737/737
f 760/760/760 759/759/759 758/758/758
f 757/757/757 691/691/691 724/724/724
f 733/733/733 691/691/691 757/757/757
f 756/756/756 691/691/691 733/733/733
f 753/753/753 691/691/691 756/756/756
f 761/761/761 753/753/753 756/756/756
f 760/760/760 753/753/753 759/759/759
f 755/755/755 753/753/753 760/760/760
f 751/751/751 749/749/749 762/762/762
f 751/751/751 677/677/677 749/749/749
f 677/677/677 747/747/747 703/703/703
f 751/751/751 747/747/747 677/677/677
f 765/765/765 764/764/764 763/763/763
f 768/768/768 767/767/767 766/766/766
f 771/771/771 770/770/770 769/769/769
f 774/774/774 773/773/773 772/772/772
f 777/777/777 776/776/776 775/775/775
f 768/768/768 778/778/778 767/767/767
f 781/781/781 780/780/780 779/779/779
f 768/768/768 782/782/782 778/778/778
f 768/768/768 783/783/783 782/782/782
f 786/786/786 785/785/785 784/784/784
f 789/789/789 788/788/788 787/787/787
f 792/792/792 791/791/791 790/790/790
f 795/795/795 794/794/794 793/793/793
f 774/774/774 796/796/796 773/773/773
f 797/797/797 791/791/791 792/792/792
f 797/797/797 798/798/798 791/791/791
f 799/799/799 770/770/770 771/771/771
f 799/799/799 800/800/800 770/770/770
f 801/801/801 800/800/800 799/799/799
f 802/802/802 780/780/780 781/781/781
f 801/801/801 803/803/803 800/800/800
f 804/804/804 803/803/803 801/801/801
f 805/805/805 803/803/803 804/804/804
f 806/806/806 798/798/798 797/797/797
f 806/806/806 807/807/807 798/798/798
f 810/810/810 809/809/809 808/808/808
f 810/810/810 811/811/811 809/809/809
f 810/810/810 768/768/768 811/811/811
f 812/812/812 803/803/803 805/805/805
f 812/812/812 813/813/813 803/803/803
f 814/814/814 813/813/813 812/812/812
f 815/815/815 776/776/776 777/777/777
f 815/815/815 816/816/816 776/776/776
f 810/810/810 783/783/783 768/768/768
f 817/817/817 783/783/783 810/810/810
f 817/817/817 818/818/818 783/783/783
f 817/817/817 819/819/819 818/818/818
f 822/822/822 821/821/821 820/820/820
f 822/822/822 823/823/823 821/821/821
f 824/824/824 823/823/823 822/822/822
f 824/824/824 825/825/825 823/823/823
f 826/826/826 825/825/825 824/824/824
f 826/826/826 827/827/827 825/825/825
f 802/802/802 828/828/828 780/780/780
f 829/829/829 828/828/828 802/802/802
f 789/789/789 830/830/830 788/788/788
f 831/831/831 830/830/830 789/789/789
f 831/831/831 832/832/832 830/830/830
f 833/833/833 832/832/832 831/831/831
f 834/834/834 794/794/794 795/795/795
f 834/834/834 835/835/835 794/794/794
f 836/836/836 796/796/796 774/774/774
f 815/815/815 837/837/837 816/816/816
f 838/838/838 837/837/837 815/815/815
f 839/839/839 837/837/837 838/838/838
f 839/839/839 836/836/836 837/837/837
f 840/840/840 836/836/836 839/839/839
f 841/841/841 836/836/836 840/840/840
f 841/841/841 796/796/796 836/836/836
f 841/841/841 842/842/842 796/796/796
f 843/843/843 842/842/842 841/841/841
f 843/843/843 844/844/844 842/842/842
f 819/819/819 844/844/844 843/843/843
f 845/845/845 807/807/807 806/806/806
f 845/845/845 846/846/846 807/807/807
f 845/845/845 847/847/847 846/846/846
f 845/845/845 817/817/817 847/847/847
f 848/848/848 817/817/817 845/845/845
f 849/849/849 817/817/817 848/848/848
f 850/850/850 817/817/817 849/849/849
f 819/819/819 851/851/851 844/844/844
f 850/850/850 819/819/819 817/817/817
f 851/851/851 819/819/819 850/850/850
f 765/765/765 852/852/852 764/764/764
f 853/853/853 852/852/852 765/765/765
f 853/853/853 854/854/854 852/852/852
f 855/855/855 854/854/854 853/853/853
f 855/855/855 856/856/856 854/854/854
f 857/857/857 856/856/856 855/855/855
f 786/786/786 858/858/858 785/785/785
f 859/859/859 858/858/858 786/786/786
f 860/860/860 835/835/835 834/834/834
f 860/860/860 861/861/861 835/835/835
f 862/862/862 861/861/861 860/860/860
f 814/814/814 754/754/754 813/813/813
f 814/814/814 752/752/752 754/754/754
f 814/814/814 817/817/817 752/752/752
f 859/859/859 863/863/863 858/858/858
f 864/864/864 863/863/863 859/859/859
f 865/865/865 856/856/856 857/857/857
f 866/866/866 863/863/863 864/864/864
f 866/866/866 867/867/867 863/863/863
f 862/862/862 868/868/868 861/861/861
f 869/869/869 868/868/868 862/862/862
f 847/847/847 868/868/868 869/869/869
f 847/847/847 866/866/866 868/868/868
f 866/866/866 870/870/870 867/867/867
f 829/829/829 814/814/814 828/828/828
f 826/826/826 871/871/871 827/827/827
f 872/872/872 832/832/832 833/833/833
f 865/865/865 873/873/873 856/856/856
f 832/832/832 875/875/875 874/874/874
f 875/875/875 832/832/832 872/872/872
f 832/832/832 817/817/817 814/814/814
f 874/874/874 817/817/817 832/832/832
f 876/876/876 817/817/817 874/874/874
f 877/877/877 817/817/817 876/876/876
f 873/873/873 817/817/817 877/877/877
f 870/870/870 871/871/871 826/826/826
f 832/832/832 814/814/814 829/829/829
f 870/870/870 878/878/878 871/871/871
f 865/865/865 817/817/817 873/873/873
f 878/878/878 817/817/817 865/865/865
f 870/870/870 817/817/817 878/878/878
f 866/866/866 817/817/817 870/870/870
f 847/847/847 817/817/817 866/866/866
f 881/881/881 880/880/880 879/879/879
f 884/884/884 883/883/883 882/882/882
f 887/887/887 886/886/886 885/885/885
f 890/890/890 889/889/889 888/888/888
f 893/893/893 892/892/892 891/891/891
f 896/896/896 895/895/895 894/894/894
f 899/899/899 898/898/898 897/897/897
f 902/902/902 901/901/901 900/900/900
f 905/905/905 904/904/904 903/903/903
f 809/809/809 881/881/881 808/808/808
f 906/906/906 889/889/889 890/890/890
f 907/907/907 883/883/883 884/884/884
f 907/907/907 908/908/908 883/883/883
f 909/909/909 908/908/908 907/907/907
f 909/909/909 766/766/766 908/908/908
f 766/766/766 889/889/889 768/768/768
f 909/909/909 889/889/889 766/766/766
f 906/906/906 768/768/768 889/889/889
f 910/910/910 768/768/768 906/906/906
f 881/881/881 911/911/911 880/880/880
f 912/912/912 895/895/895 896/896/896
f 912/912/912 910/910/910 895/895/895
f 913/913/913 910/910/910 912/912/912
f 913/913/913 768/768/768 910/910/910
f 914/914/914 768/768/768 913/913/913
f 914/914/914 811/811/811 768/768/768
f 915/915/915 811/811/811 914/914/914
f 916/916/916 892/892/892 893/893/893
f 916/916/916 917/917/917 892/892/892
f 918/918/918 898/898/898 899/899/899
f 921/921/921 920/920/920 919/919/919
f 921/921/921 922/922/922 920/920/920
f 923/923/923 922/922/922 921/921/921
f 923/923/923 924/924/924 922/922/922
f 925/925/925 924/924/924 923/923/923
f 898/898/898 924/924/924 925/925/925
f 898/898/898 926/926/926 924/924/924
f 881/881/881 905/905/905 911/911/911
f 881/881/881 904/904/904 905/905/905
f 881/881/881 927/927/927 904/904/904
f 881/881/881 928/928/928 927/927/927
f 809/809/809 928/928/928 881/881/881
f 809/809/809 929/929/929 928/928/928
f 809/809/809 930/930/930 929/929/929
f 809/809/809 902/902/902 930/930/930
f 898/898/898 915/915/915 926/926/926
f 898/898/898 811/811/811 915/915/915
f 918/918/918 811/811/811 898/898/898
f 931/931/931 811/811/811 918/918/918
f 932/932/932 811/811/811 931/931/931
f 932/932/932 809/809/809 811/811/811
f 933/933/933 809/809/809 932/932/932
f 886/886/886 809/809/809 933/933/933
f 887/887/887 809/809/809 886/886/886
f 934/934/934 809/809/809 887/887/887
f 917/917/917 809/809/809 934/934/934
f 916/916/916 809/809/809 917/917/917
f 935/935/935 809/809/809 916/916/916
f 936/936/936 809/809/809 935/935/935
f 936/936/936 902/902/902 809/809/809
f 937/937/937 902/902/902 936/936/936
f 901/901/901 902/902/902 937/937/937
f 940/940/940 939/939/939 938/938/938
f 943/943/943 942/942/942 941/941/941
f 946/946/946 945/945/945 944/944/944
f 758/758/758 759/759/759 947/947/947
f 948/948/948 810/810/810 808/808/808
f 949/949/949 939/939/939 940/940/940
f 950/950/950 945/945/945 946/946/946
f 690/690/690 951/951/951 632/632/632
f 950/950/950 952/952/952 945/945/945
f 953/953/953 952/952/952 950/950/950
f 953/953/953 954/954/954 952/952/952
f 759/759/759 954/954/954 953/953/953
f 690/690/690 948/948/948 951/951/951
f 690/690/690 810/810/810 948/948/948
f 691/691/691 810/810/810 690/690/690
f 691/691/691 817/817/817 810/810/810
f 691/691/691 752/752/752 817/817/817
f 955/955/955 942/942/942 943/943/943
f 955/955/955 956/956/956 942/942/942
f 957/957/957 956/956/956 955/955/955
f 949/949/949 761/761/761 939/939/939
f 753/753/753 761/761/761 949/949/949
f 957/957/957 958/958/958 956/956/956
f 959/959/959 958/958/958 957/957/957
f 759/759/759 753/753/753 954/954/954
f 756/756/756 960/960/960 761/761/761
f 961/961/961 960/960/960 756/756/756
f 961/961/961 962/962/962 960/960/960
f 961/961/961 963/963/963 962/962/962
f 958/958/958 963/963/963 961/961/961
f 959/959/959 963/963/963 958/958/958
f 966/966/966 965/965/965 964/964/964
f 969/969/969 968/968/968 967/967/967
f 972/972/972 971/971/971 970/970/970
f 973/973/973 971/971/971 972/972/972
f 951/951/951 634/634/634 632/632/632
f 974/974/974 965/965/965 966/966/966
f 974/974/974 975/975/975 965/965/965
f 973/973/973 976/976/976 971/971/971
f 976/976/976 978/978/978 977/977/977
f 881/881/881 948/948/948 808/808/808
f 881/881/881 951/951/951 948/948/948
f 881/881/881 634/634/634 951/951/951
f 879/879/879 634/634/634 881/881/881
f 975/975/975 634/634/634 879/879/879
f 974/974/974 634/634/634 975/975/975
f 978/978/978 634/634/634 974/974/974
f 978/978/978 609/609/609 634/634/634
f 976/976/976 609/609/609 978/978/978
f 968/968/968 976/976/976 973/973/973
f 969/969/969 976/976/976 968/968/968
f 969/969/969 609/609/609 976/976/976
f 979/979/979 609/609/609 969/969/969
f 980/980/980 609/609/609 979/979/979
f 980/980/980 608/608/608 609/609/609
f 981/981/981 608/608/608 980/980/980
f 982/982/982 608/608/608 981/981/981
f 983/983/983 608/608/608 982/982/982
f 984/984/984 608/608/608 983/983/983
f 985/985/985 608/608/608 984/984/984
f 986/986/986 608/608/608 985/985/985
f 986/986/986 987/987/987 608/608/608
f 988/988/988 987/987/987 986/986/986
f 988/988/988 989/989/989 987/987/987
f 988/988/988 990/990/990 989/989/989
f 991/991/991 990/990/990 988/988/988
f 991/991/991 992/992/992 990/990/990
f 991/991/991 993/993/993 992/992/992
f 994/994/994 993/993/993 991/991/991
f 994/994/994 995/995/995 993/993/993
f 996/996/996 995/995/995 994/994/994
f 996/996/996 997/997/997 995/995/995
f 998/998/998 997/997/997 996/996/996
f 999/999/999 997/997/997 998/998/998
