g cTR_20_000140_00_KYOU_SR_L_SB
v -0.060629934 -0.27359673 -0.052256126
v -0.121598415 -0.25447494 -0.052256126
v -0.0622628 -0.27703544 -0.052256126
v -0.06470621 -0.28063712 -0.052256126
v -0.06590924 -0.28204048 -0.052256126
v -0.06745689 -0.28219527 -0.052256126
v -0.07095735 -0.28268966 -0.052256126
v -0.093670845 -0.32884976 -0.052256126
v -0.09119742 -0.3284435 -0.052256126
v -0.09509461 -0.32793972 -0.052256126
v -0.09675055 -0.32568988 -0.052256126
v -0.0881062 -0.32708925 -0.052256126
v -0.085721366 -0.32471898 -0.052256126
v -0.085182734 -0.3222058 -0.052256126
v -0.09768903 -0.32400164 -0.052256126
v -0.08443182 -0.3181666 -0.052256126
v -0.08435836 -0.31305766 -0.052256126
v -0.08521192 -0.30786198 -0.052256126
v -0.098395236 -0.32395697 -0.052256126
v -0.0858664 -0.3035 -0.052256126
v -0.1241702 -0.3075745 -0.052256126
v -0.1240261 -0.31135878 -0.052256126
v -0.123258404 -0.31292352 -0.052256126
v -0.121141456 -0.31510195 -0.052256126
v -0.056486 -0.2527655 -0.052256126
v -0.05685922 -0.24956115 -0.052256126
v -0.057962723 -0.24748187 -0.052256126
v -0.060157787 -0.24544993 -0.052256126
v -0.09376889 -0.22205095 -0.052256126
v -0.097134635 -0.22089183 -0.052256126
v -0.1224368 -0.23599449 -0.052256126
v -0.100525394 -0.22074437 -0.052256126
v -0.10873075 -0.32379648 -0.052256126
v -0.10617291 -0.3254446 -0.052256126
v -0.10408317 -0.32593957 -0.052256126
v -0.102348626 -0.325807 -0.052256126
v -0.10035902 -0.32495916 -0.052256126
v -0.118426695 -0.31703904 -0.052256126
v -0.116668 -0.3182138 -0.052256126
v -0.12475015 -0.2891863 -0.052256126
v -0.12472075 -0.29539928 -0.052256126
v -0.12436755 -0.30320024 -0.052256126
v -0.12331827 -0.2779184 -0.052256126
v -0.12412421 -0.2834928 -0.052256126
v -0.08444758 -0.29326424 -0.052256126
v -0.12267963 -0.24974422 -0.052256126
v -0.123253785 -0.24730404 -0.052256126
v -0.1235119 -0.24359742 -0.052256126
v -0.12334136 -0.24081984 -0.052256126
v -0.114913106 -0.22539325 -0.052256126
v -0.1209355 -0.23204806 -0.052256126
v -0.11760402 -0.22749463 -0.052256126
v -0.11953523 -0.2296036 -0.052256126
v -0.108464636 -0.22187479 -0.052256126
v -0.111875236 -0.22338808 -0.052256126
v -0.10501555 -0.22104965 -0.052256126
v -0.07926694 -0.22958365 -0.052256126
v -0.08613454 -0.22568636 -0.052256126
v -0.066471055 -0.23911917 -0.052256126
v -0.07242697 -0.23446785 -0.052256126
v -0.05660927 -0.2562333 -0.052256126
v -0.057111423 -0.25998434 -0.052256126
v -0.057588305 -0.26318434 -0.052256126
v -0.058230497 -0.2661953 -0.052256126
v -0.059049737 -0.26948673 -0.052256126
v -0.11301966 -0.3208578 -0.052256126
v -0.08514363 -0.29792905 -0.052256126
v -0.08327054 -0.28899816 -0.052256126
v -0.12247419 -0.27200162 -0.052256126
v -0.0819668 -0.28719467 -0.052256126
v -0.121821724 -0.26682636 -0.052256126
v -0.12149527 -0.2604481 -0.052256126
v -0.0801436 -0.28608486 -0.052256126
v -0.07724033 -0.28470942 -0.052256126
v -0.07416705 -0.2836574 -0.052256126
v -0.09075124 -0.23806894 -0.053240847
v -0.09333518 -0.243318 -0.05326906
v -0.08549283 -0.23547792 -0.0532826
v 0.020847356 -0.3488446 -0.055837344
v 0.040375244 -0.33613417 -0.055837344
v 0.043356847 -0.33141246 -0.055837344
v 0.042267274 -0.33437446 -0.055837344
v -0.085939944 -0.2992727 -0.0540582
v -0.018154172 -0.2625804 -0.05455606
v -0.08704085 -0.29706252 -0.054015726
v -0.08707436 -0.29396236 -0.05397726
v -0.044116933 -0.24147502 -0.053934474
v -0.05164854 -0.23774102 -0.053783428
v -0.08789908 -0.2912649 -0.053932678
v -0.057626296 -0.23739544 -0.05369563
v 0.012732011 -0.27079445 -0.05508847
v -0.017983196 -0.3363811 -0.055462934
v 0.021911157 -0.2752413 -0.054145195
v 0.029436378 -0.28245923 -0.05471933
v 0.04405392 -0.3233501 -0.055837344
v 0.044167247 -0.3286206 -0.055837344
v 0.025675759 -0.34867072 -0.055837344
v 0.03397147 -0.34310526 -0.055837344
v 0.028134858 -0.34776923 -0.055837344
v 0.031172454 -0.34595034 -0.055837344
v -0.09647428 -0.27992693 -0.053673852
v -0.062871225 -0.23784819 -0.05362786
v -0.097745575 -0.27807507 -0.05363338
v -0.098196305 -0.2767069 -0.05361032
v -0.06837227 -0.23569036 -0.05352452
v -0.07192272 -0.23478352 -0.053463776
v -0.098139144 -0.25827605 -0.053385228
v -0.07541036 -0.23423536 -0.053408306
v -0.0652938 -0.23659694 -0.053578664
v -0.03235905 -0.25004205 -0.054203827
v -0.037855268 -0.24543865 -0.05407058
v 0.0021777272 -0.2675545 -0.054901224
v -0.009961536 -0.26447564 -0.054693807
v -0.036947515 -0.32907173 -0.055108257
v 0.03470786 -0.29125836 -0.05512151
v 0.038345553 -0.2995864 -0.05539904
v -0.012918139 -0.33841932 -0.05555871
v 0.04123166 -0.3104246 -0.055619236
v 0.04319605 -0.31803402 -0.055769112
v 0.010313202 -0.34799203 -0.056000777
v 0.015929058 -0.34861848 -0.056086954
v 0.00032317964 -0.34547183 -0.05583024
v 0.0053822347 -0.3468406 -0.055917736
v -0.009656309 -0.34021932 -0.055626363
v -0.005531156 -0.34252828 -0.05571233
v -0.030261952 -0.33164668 -0.055233266
v -0.02336967 -0.33428225 -0.055361915
v -0.043048754 -0.32688367 -0.05499615
v -0.048817366 -0.32433835 -0.054884322
v -0.06079921 -0.31728807 -0.05463043
v -0.054304678 -0.32121035 -0.054769285
v -0.0744436 -0.30800965 -0.05432598
v -0.07060354 -0.31087983 -0.05441484
v -0.065978475 -0.31378222 -0.05451506
v -0.08292579 -0.30232474 -0.054137744
v -0.08107076 -0.3036006 -0.054179307
v -0.07830158 -0.30540457 -0.054240126
v -0.08420425 -0.3011786 -0.054105826
v -0.092434585 -0.28527483 -0.053795863
v -0.08996212 -0.28847277 -0.053869616
v -0.09461771 -0.28242663 -0.05373044
v -0.09865003 -0.27437007 -0.053575333
v -0.09876114 -0.26925656 -0.05351111
v -0.09854483 -0.26480713 -0.053459603
v -0.0962071 -0.25148293 -0.053328987
v -0.07962219 -0.23413745 -0.05334824
v -0.02646683 -0.25548306 -0.054352876
v 0.037352365 -0.33935818 -0.055837344
v -0.28812826 0.164578 -0.054944593
v -0.28889868 0.1631683 -0.054909863
v -0.28610367 0.16511466 -0.055035956
v -0.28441378 0.16440518 -0.055112172
v -0.2889702 0.15958689 -0.054906636
v -0.28243056 0.16284452 -0.055201657
v -0.28008643 0.15985553 -0.055307407
v -0.289126 0.15421486 -0.054899603
v -0.2787477 0.15661684 -0.055367798
v -0.28900027 0.14949942 -0.054905266
v -0.27698383 0.1556709 -0.05544738
v -0.27515638 0.15397121 -0.05552981
v -0.27360326 0.15150683 -0.05559988
v -0.28910646 0.14424673 -0.054900486
v -0.27204996 0.14736277 -0.055669945
v -0.27155977 0.14460568 -0.055692058
v -0.2892497 0.13907091 -0.05489401
v -0.28952298 0.13440621 -0.054881692
v -0.2692323 0.14365286 -0.055797067
v -0.2672385 0.14145719 -0.055887014
v -0.26570964 0.1384997 -0.055955987
v -0.26505473 0.13563083 -0.05598552
v -0.29035226 0.128429 -0.054844297
v -0.29058847 0.1250855 -0.05483362
v -0.29023358 0.12049856 -0.054849632
v -0.28934717 0.118108205 -0.054889627
v -0.28505382 0.11303281 -0.055083312
v -0.2631418 0.13366765 -0.056071814
v -0.2621794 0.1316875 -0.05611524
v -0.27800387 0.10464796 -0.05540135
v -0.2610149 0.13249515 -0.05616777
v -0.258662 0.1322032 -0.056273915
v -0.25531897 0.12980571 -0.056424744
v -0.2526955 0.12627555 -0.05654309
v -0.25179598 0.12248671 -0.05658367
v -0.2777487 0.10185591 -0.05541286
v -0.24197625 0.11800211 -0.057026666
v -0.27727744 0.09947443 -0.055434134
v -0.27638268 0.0971017 -0.05547448
v -0.27316824 0.092305474 -0.055619508
v -0.26893994 0.08710058 -0.055810243
v -0.23957764 0.11583793 -0.057134878
v -0.23767674 0.11295295 -0.057220627
v -0.26460215 0.0827577 -0.056005944
v -0.26239786 0.08102081 -0.056105383
v -0.25963065 0.08125051 -0.056230225
v -0.2574444 0.07850331 -0.05632885
v -0.23242259 0.11219833 -0.057457652
v -0.2545557 0.07496027 -0.05645917
v -0.250734 0.070767544 -0.056631576
v -0.22289017 0.1101895 -0.05788768
v -0.24764185 0.067690246 -0.056771066
v -0.24388707 0.0643808 -0.056940455
v -0.21688218 0.1084373 -0.058158714
v -0.21081853 0.10572932 -0.058432277
v -0.20778346 0.10401713 -0.05856918
v -0.20475578 0.101550855 -0.058705766
v -0.24145626 0.05979339 -0.05705012
v -0.23913236 0.05544386 -0.05715495
v -0.236218 0.05071227 -0.057286423
v -0.23076628 0.048210148 -0.057532378
v -0.22592452 0.04550608 -0.05775079
v -0.21948357 0.042007428 -0.05804136
v -0.2122987 0.038341735 -0.0583655
v -0.19854829 0.101923585 -0.058985826
v -0.20731111 0.036348514 -0.0585905
v -0.20224164 0.035716046 -0.058819193
v -0.18892266 0.10228336 -0.059420057
v -0.20095089 0.035555013 -0.058877435
v -0.1960635 0.037269063 -0.059097912
v -0.1880307 0.041482653 -0.059460282
v -0.17671792 0.04931511 -0.059970636
v -0.1677152 0.058372755 -0.060376793
v -0.17896084 0.10218755 -0.059869457
v -0.15998515 0.067848906 -0.060725506
v -0.15669405 0.07608612 -0.060873963
v -0.17260182 0.10153592 -0.060156334
v -0.15654312 0.08459236 -0.060880776
v -0.16861932 0.09996112 -0.060336005
v -0.16358832 0.09686059 -0.060562957
v -0.15875171 0.09202386 -0.06078114
v 0.052193012 -0.23593287 -0.057334162
v -0.040124457 -0.29861856 -0.057334162
v 0.055689614 -0.24185888 -0.057334162
v -0.03408729 -0.30657318 -0.057334162
v 0.060092032 -0.25061658 -0.057334162
v 0.06210196 -0.2559592 -0.057334162
v 0.06351846 -0.2633702 -0.057334162
v -0.029179534 -0.31265974 -0.057334162
v -0.023038046 -0.31847152 -0.057334162
v -0.01690706 -0.32329863 -0.057334162
v 0.066545196 -0.27492782 -0.057334162
v 0.068641745 -0.28729358 -0.057334162
v -0.011651545 -0.32739237 -0.057334162
v -0.0057888003 -0.33061105 -0.057334162
v 0.0038881972 -0.33595043 -0.057334162
v 0.07064604 -0.3071645 -0.057334162
v 0.014491779 -0.3416528 -0.057334162
v 0.027685106 -0.34854805 -0.057334162
v 0.07137149 -0.31744424 -0.057334162
v 0.071622126 -0.3245578 -0.057334162
v 0.06924345 -0.33249232 -0.057334162
v 0.06520336 -0.33896282 -0.057334162
v 0.060473144 -0.34562108 -0.057334162
v 0.054715957 -0.34943065 -0.057334162
v 0.047596835 -0.35258928 -0.057334162
v 0.041762274 -0.35420606 -0.057334162
v -0.058276683 -0.2780999 -0.057334162
v -0.052772295 -0.28183663 -0.057334162
v 0.03904926 -0.21384907 -0.057334162
v 0.045500778 -0.22463892 -0.057334162
v -0.050009686 -0.2850064 -0.057334162
v -0.045719754 -0.2911062 -0.057334162
v -0.11465987 0.22481684 -0.048903476
v -0.10086461 0.22862168 -0.049117234
v -0.11454437 0.23968863 -0.04973897
v 0.16006579 0.32366368 -0.05445666
v 0.15935065 0.32399935 -0.054475516
v 0.16006616 0.3228715 -0.054412153
v 0.15510172 0.32211933 -0.054369893
v 0.15865545 0.31968582 -0.054233193
v 0.15511829 0.3118271 -0.053791672
v 0.14576818 0.3176206 -0.05411716
v 0.15207492 0.30644196 -0.053489156
v 0.13857825 0.31397417 -0.0539123
v 0.14663397 0.29795855 -0.053012546
v 0.13133687 0.30981034 -0.053678382
v 0.1387767 0.2885769 -0.052485485
v 0.121762075 0.3042735 -0.053367324
v 0.13040127 0.27946478 -0.05197358
v 0.11194553 0.29887676 -0.053064138
v 0.1213149 0.27110296 -0.051503807
v 0.09935795 0.29361072 -0.05276829
v 0.10917363 0.26218364 -0.05100271
v 0.090503536 0.29068077 -0.052603688
v 0.09934119 0.2565431 -0.050685834
v 0.09061025 0.25243482 -0.050455034
v 0.0839603 0.29060313 -0.052599322
v 0.08119219 0.24833114 -0.050224494
v 0.07815074 0.2913884 -0.052643437
v 0.07133158 0.24457026 -0.05001321
v 0.06934416 0.2948077 -0.05283553
v 0.06555049 0.2429863 -0.04992422
v 0.06081247 0.2455364 -0.05006749
v 0.053766754 0.2489065 -0.050256815
v 0.04684051 0.25175917 -0.050417073
v 0.0632275 0.29760292 -0.052992582
v 0.054835584 0.30050644 -0.05315568
v 0.03663236 0.25552064 -0.050628405
v 0.045685325 0.3038905 -0.05334581
v 0.025634486 0.25916108 -0.050832916
v 0.03509262 0.3081034 -0.05358248
v 0.014694112 0.2624912 -0.051019996
v 0.024828585 0.3117253 -0.053785976
v 0.005176335 0.26510498 -0.05116685
v 0.013337441 0.31381255 -0.05390323
v 0.0025965923 0.3150423 -0.053972315
v -0.0024423334 0.26657006 -0.051249165
v -0.008131931 0.31517842 -0.05397996
v -0.018933859 0.3151695 -0.053979453
v -0.04005346 0.3127869 -0.053845584
v -0.0057003326 0.26452905 -0.051134493
v -0.010583195 0.26003084 -0.05088178
v -0.01656848 0.2547731 -0.050586384
v -0.058905054 0.3087313 -0.053617783
v -0.020091766 0.25138906 -0.050396275
v -0.0226743 0.24978676 -0.050306257
v -0.028474486 0.2497485 -0.05030411
v -0.03672303 0.2497303 -0.05030308
v -0.046185225 0.24821582 -0.050218023
v -0.077346735 0.30300164 -0.053295877
v -0.055003114 0.24557328 -0.050069567
v -0.093426146 0.29533312 -0.052865066
v -0.09974342 0.28580344 -0.05232969
v -0.06552458 0.24202 -0.04986995
v -0.10527464 0.27594903 -0.051776078
v -0.07661637 0.2376595 -0.049624976
v -0.110103466 0.2633673 -0.051069226
v -0.08832129 0.23263793 -0.049342863
v -0.113234274 0.25259873 -0.050464254
v -0.0646724 -0.124887995 -0.05468371
v 0.041250233 -0.11523231 -0.054945316
v -0.066614375 -0.11758621 -0.05488154
v -0.06071907 -0.10536905 -0.055212546
v 0.028261939 -0.28004527 -0.050479937
v 0.033844706 -0.2796021 -0.05049194
v 0.023718622 -0.277317 -0.050553847
v 0.033727013 -0.08502951 -0.055882957
v 0.030997967 -0.077787995 -0.055882957
v -0.034892183 -0.069611736 -0.055882957
v 0.021653345 -0.070428506 -0.055882957
v 0.019826917 -0.27462733 -0.050626732
v 0.04462255 -0.27439344 -0.05063306
v 0.04842476 -0.26609588 -0.050857868
v 0.046544757 -0.27224967 -0.050691154
v 0.005437485 -0.06293167 -0.055882957
v -0.010966073 -0.05991742 -0.055882957
v -0.02357602 -0.060051 -0.055882957
v 0.036862675 -0.095566966 -0.055882957
v -0.04492375 -0.08066418 -0.055882957
v 0.03891356 -0.10449417 -0.055236246
v -0.054816406 -0.09442431 -0.055509068
v -0.062484246 -0.13169613 -0.054499246
v -0.05906436 -0.14206873 -0.05421821
v 0.04328693 -0.12571621 -0.054661263
v -0.056064006 -0.15067782 -0.053984966
v 0.0454964 -0.13897598 -0.054302014
v -0.051713455 -0.16366647 -0.05363306
v 0.0473236 -0.15415591 -0.05389073
v -0.04917228 -0.17273548 -0.053387344
v -0.046381574 -0.17963015 -0.053200543
v -0.0418162 -0.188875 -0.05295006
v 0.04910047 -0.17459053 -0.053337086
v -0.038155302 -0.19548976 -0.052770842
v -0.033342853 -0.20411043 -0.05253729
v 0.049579475 -0.18729262 -0.05299294
v -0.029022282 -0.21101795 -0.05235014
v -0.023095706 -0.22010148 -0.052104034
v 0.05030159 -0.204855 -0.052517116
v -0.018627744 -0.2267818 -0.051923037
v -0.0144936815 -0.23274946 -0.051761355
v 0.050826114 -0.22659099 -0.05192821
v -0.009793625 -0.23984602 -0.05156908
v -0.005595659 -0.24569725 -0.051410556
v 0.0504038 -0.24312225 -0.05148032
v -0.0015632425 -0.25158343 -0.051251065
v 0.0037225857 -0.25823087 -0.051070977
v 0.049890622 -0.2557325 -0.05113865
v 0.0076273987 -0.2628955 -0.050944578
v 0.013013586 -0.26839936 -0.050795473
v 0.016521102 -0.27183753 -0.05070231
v 0.03991681 -0.27697986 -0.05056299
v -0.13214236 -0.20362413 -0.057334162
v 0.0016657427 -0.15202609 -0.057334162
v -0.14149758 -0.18888773 -0.057334162
v 0.0015610429 -0.141265 -0.057334162
v -0.1498137 -0.1742221 -0.057334162
v 0.0014101705 -0.13482809 -0.057334162
v -0.15747906 -0.15869394 -0.057334162
v 0.0009903534 -0.12617482 -0.057334162
v 1.0575354E-05 -0.11783792 -0.057334162
v -0.0014413147 -0.10989397 -0.057334162
v -0.0028663622 -0.10489696 -0.057334162
v -0.16195527 -0.14753823 -0.057334162
v -0.16398612 -0.13799433 -0.057334162
v -0.16522974 -0.12527107 -0.057334162
v -0.16535108 -0.11750629 -0.057334162
v -0.16536283 -0.105969205 -0.057334162
v -0.16399534 -0.09355598 -0.057334162
v -0.16239257 -0.084392406 -0.057334162
v -0.16053218 -0.07589858 -0.057334162
v -0.15822388 -0.0653649 -0.057334162
v -0.15562634 -0.056660112 -0.057334162
v -0.1517294 -0.050721724 -0.057334162
v -0.14566773 -0.045521036 -0.057334162
v -0.13036443 -0.040503226 -0.057334162
v -0.11377859 -0.037478905 -0.057334162
v -0.08971131 -0.034649514 -0.057334162
v -0.059090614 -0.03305802 -0.057334162
v -0.02955325 -0.03351729 -0.057334162
v -0.004011895 -0.036839105 -0.057334162
v 0.0103015145 -0.09872476 -0.057334162
v 0.012108716 -0.041128155 -0.057334162
v 0.032752324 -0.06272159 -0.057334162
v 0.024652151 -0.09036803 -0.057334162
v 0.03411407 -0.0787553 -0.057334162
v -0.12095266 -0.21876197 -0.057334162
v -0.11576014 -0.22579001 -0.057334162
v -0.10762506 -0.23403338 -0.057334162
v -0.099099375 -0.2418667 -0.057334162
v 0.007265918 -0.1606987 -0.057334162
v -0.093219586 -0.24701594 -0.057334162
v 0.013595422 -0.17083572 -0.057334162
v -0.08420117 -0.25552472 -0.057334162
v 0.020194404 -0.1815735 -0.057334162
v 0.025294859 -0.19049993 -0.057334162
v 0.028687252 -0.19629425 -0.057334162
v -0.07349968 -0.26549727 -0.057334162
v -0.06633603 -0.27149352 -0.057334162
v 0.034146845 -0.20549582 -0.057334162
v -0.060393967 0.13058376 -0.060929596
v -0.06312748 0.13694414 -0.060701728
v -0.06398526 0.12894565 -0.060988277
v 0.018733414 0.31155768 -0.054445732
v 0.018150395 0.3126936 -0.054405034
v 0.017778497 0.31070703 -0.0544762
v 0.010293678 0.31483355 -0.054328363
v 0.011762526 0.31022853 -0.054493356
v 0.0045152125 0.30973753 -0.054510947
v -0.0002707557 0.3165214 -0.054267883
v -0.002577465 0.3090181 -0.054536708
v -0.014669793 0.318004 -0.05421477
v -0.009076342 0.3037531 -0.054725356
v -0.016027682 0.29784596 -0.054936964
v -0.028556356 0.31937978 -0.054165483
v -0.024520738 0.28934488 -0.055241544
v -0.03998519 0.31982425 -0.05414955
v -0.031664364 0.28226584 -0.055495173
v -0.051740088 0.32010475 -0.054139514
v -0.04028745 0.27291867 -0.05583006
v -0.061715472 0.31969258 -0.054154266
v -0.07434562 0.31751198 -0.054232407
v -0.047840323 0.26384917 -0.056155004
v -0.08462637 0.31438684 -0.054344364
v -0.054536324 0.25490168 -0.05647556
v -0.09568001 0.3109153 -0.054468747
v -0.10817597 0.30587846 -0.0546492
v -0.060396027 0.24628775 -0.05678418
v -0.11810875 0.30163446 -0.054801244
v -0.066671945 0.23570195 -0.05716346
v -0.12742285 0.2972863 -0.05495702
v -0.1348268 0.29304385 -0.055109013
v -0.14282648 0.28656965 -0.05534097
v -0.06910992 0.23028599 -0.05735749
v -0.14604126 0.2833593 -0.055456
v -0.15251799 0.27517495 -0.05574922
v -0.16113333 0.26511353 -0.056109715
v -0.07036403 0.2236408 -0.05759559
v -0.16445376 0.25994846 -0.056294758
v -0.16376983 0.25367364 -0.056519557
v -0.16192552 0.24700773 -0.056758393
v -0.071856216 0.2145379 -0.057921704
v -0.0735427 0.20584218 -0.058233257
v -0.16863237 0.23725303 -0.057107873
v -0.07489149 0.19578709 -0.05859351
v -0.17630701 0.22406726 -0.057580303
v -0.18067846 0.21621919 -0.057861473
v -0.1644647 0.15892886 -0.059914052
v -0.15438253 0.15489523 -0.060058564
v -0.14945494 0.15291686 -0.06012946
v -0.14342378 0.15049542 -0.060216207
v -0.1371798 0.14823297 -0.06029726
v -0.07548992 0.18321392 -0.05904397
v -0.12851776 0.14548701 -0.060395647
v -0.116020456 0.14092608 -0.060559064
v -0.07464886 0.17341022 -0.059395224
v -0.07407751 0.16425434 -0.059723258
v -0.10671564 0.13789363 -0.0606677
v -0.09270572 0.1326012 -0.060857322
v -0.070741326 0.15412413 -0.0600862
v -0.08197391 0.12865129 -0.060998827
v -0.066538796 0.14499222 -0.06041338
v -0.07557919 0.12662171 -0.061071545
v -0.07026756 0.12701553 -0.061057445
v -0.18436745 0.20849042 -0.058138378
v -0.17500897 0.16467799 -0.05970807
v -0.19021916 0.19624744 -0.05857701
v -0.1853786 0.17152609 -0.059462726
v -0.19416712 0.18658109 -0.058923345
v -0.19218118 0.176136 -0.059297573
v -0.19554618 0.18115626 -0.0591177
v -0.19521755 0.1789074 -0.059198268
v 0.0842207 0.1452701 -0.061332192
v 0.06399348 0.16275509 -0.061332192
v 0.08332275 0.13692093 -0.061332192
v 0.23945844 0.09251057 -0.061332192
v 0.23666178 0.098603725 -0.061332192
v 0.19410957 0.00072543597 -0.061332192
v 0.23182468 0.10640166 -0.061332192
v 0.22650273 0.11327636 -0.061332192
v 0.223491 0.11515158 -0.061332192
v 0.20627801 0.115570486 -0.061332192
v 0.1910523 0.11570938 -0.061332192
v 0.18765602 0.11468641 -0.061332192
v 0.18431823 0.11151123 -0.061332192
v 0.17744799 -0.0059544058 -0.061332192
v 0.17269634 0.115043536 -0.061332192
v 0.16208841 0.11777984 -0.061332192
v 0.1594287 0.11733067 -0.061332192
v 0.156026 0.115642644 -0.061332192
v 0.15127495 0.1128723 -0.061332192
v 0.17410146 -0.007354174 -0.061332192
v 0.16714615 -0.0049926466 -0.061332192
v 0.15287434 0.00079565664 -0.061332192
v 0.13457291 -0.004994877 -0.061332192
v 0.14299248 0.11585098 -0.061332192
v 0.13364634 0.11906912 -0.061332192
v 0.11964154 -0.008243385 -0.061332192
v 0.12269224 0.12232307 -0.061332192
v 0.10469069 -0.011695669 -0.061332192
v 0.11359457 0.12501746 -0.061332192
v 0.1013692 -0.011895566 -0.061332192
v 0.09760076 -0.011710896 -0.061332192
v 0.090359144 -0.007420031 -0.061332192
v 0.08388647 -0.003983944 -0.061332192
v 0.0778585 -0.0017764372 -0.061332192
v 0.10489962 0.12750004 -0.061332192
v 0.09827563 0.12889816 -0.061332192
v 0.091260396 0.12927954 -0.061332192
v -0.1087079 -0.11096674 -0.061332192
v -0.15330032 0.103612304 -0.061332192
v -0.11349968 -0.109817766 -0.061332192
v -0.11884617 -0.104614735 -0.061332192
v 0.0890511 0.13336234 -0.061332192
v 0.08618489 0.1350588 -0.061332192
v -0.15571007 -0.01198596 -0.061332192
v -0.15365724 -0.011569386 -0.061332192
v -0.15798105 -0.011348248 -0.061332192
v -0.22266257 0.020612394 -0.061332192
v -0.2147746 0.008450157 -0.061332192
v -0.17927498 -0.010479212 -0.061332192
v -0.20923276 0.00046947724 -0.061332192
v -0.18845809 -0.010328004 -0.061332192
v -0.20416346 -0.0058975685 -0.061332192
v -0.19549935 -0.00999872 -0.061332192
v -0.19881618 -0.009594949 -0.061332192
v -0.20125099 -0.008773729 -0.061332192
v -0.23267885 0.05488345 -0.061332192
v -0.23271318 0.04917953 -0.061332192
v -0.23024376 0.059427466 -0.061332192
v -0.09260924 0.1449505 -0.061332192
v -0.091904484 0.14255007 -0.061332192
v -0.092245124 0.14683811 -0.061332192
v 0.03934623 -0.07842638 -0.061332192
v 0.044375367 -0.07397481 -0.061332192
v 0.045571573 -0.07134684 -0.061332192
v 0.04554509 -0.06362911 -0.061332192
v 0.00093841366 -0.120776765 -0.061332192
v -0.0041047875 -0.12420616 -0.061332192
v -0.009512682 -0.12536356 -0.061332192
v -0.16830237 0.10689564 -0.061332192
v -0.16969031 -0.007554266 -0.061332192
v -0.15795012 0.10696751 -0.061332192
v -0.15629272 0.106513314 -0.061332192
v -0.15432502 0.10492877 -0.061332192
v -0.07995975 0.16738372 -0.061332192
v -0.08105833 0.16671354 -0.061332192
v 0.04523605 -0.05004543 -0.061332192
v -0.08355919 0.16408065 -0.061332192
v -0.02459661 0.1762713 -0.061332192
v 0.004443141 0.18057051 -0.061332192
v 0.03294301 0.17753816 -0.061332192
v -0.17304568 -0.010086885 -0.061332192
v -0.17476833 -0.010639537 -0.061332192
v -0.1811837 0.10658256 -0.061332192
v -0.18398766 0.10604339 -0.061332192
v -0.18666367 0.10459395 -0.061332192
v -0.19244623 0.100313954 -0.061332192
v -0.08571678 0.1608458 -0.061332192
v -0.08940791 0.15341157 -0.061332192
v -0.06660302 0.17098986 -0.061332192
v -0.0715668 0.17069677 -0.061332192
v -0.057336878 0.17129607 -0.061332192
v -0.050329387 0.17104428 -0.061332192
v -0.045820907 0.16996497 -0.061332192
v 0.06469735 -0.021464953 -0.061332192
v 0.072458856 -0.009031045 -0.061332192
v 0.064492635 -0.02109963 -0.061332192
v 0.031124106 -0.09272513 -0.061332192
v 0.035701264 -0.08611289 -0.061332192
v 0.0221019 -0.10448225 -0.061332192
v 0.026603598 -0.099367246 -0.061332192
v 0.014838937 -0.1105299 -0.061332192
v 0.0077004135 -0.11598077 -0.061332192
v -0.01923013 -0.12581795 -0.061332192
v -0.029677441 -0.12577102 -0.061332192
v -0.04090166 -0.12542312 -0.061332192
v -0.050512232 -0.12445843 -0.061332192
v -0.06134061 -0.122598544 -0.061332192
v -0.07216688 -0.12105339 -0.061332192
v -0.0852743 -0.11814065 -0.061332192
v -0.10097829 -0.11450584 -0.061332192
v -0.12584901 -0.09697652 -0.061332192
v -0.14185593 -0.013380592 -0.061332192
v -0.13225012 -0.089267604 -0.061332192
v -0.14267017 -0.015188204 -0.061332192
v -0.1366459 -0.08348105 -0.061332192
v -0.14363311 -0.07339936 -0.061332192
v -0.14652619 -0.021888025 -0.061332192
v -0.15027581 -0.028858352 -0.061332192
v -0.14981692 -0.063991174 -0.061332192
v -0.15571775 -0.03873704 -0.061332192
v -0.15360321 -0.057479125 -0.061332192
v -0.15846165 -0.04789548 -0.061332192
v -0.15920351 -0.044788193 -0.061332192
v -0.15928444 -0.045997664 -0.061332192
v -0.14886913 -0.009355187 -0.061332192
v -0.14374192 -0.006872907 -0.061332192
v -0.2191628 0.015141735 -0.061332192
v -0.22655614 0.027667109 -0.061332192
v -0.22884332 0.031937607 -0.061332192
v -0.22307818 0.0697269 -0.061332192
v -0.2311137 0.038761474 -0.061332192
v -0.2323937 0.044008087 -0.061332192
v -0.22694682 0.06476418 -0.061332192
v -0.21359031 0.08053302 -0.061332192
v -0.21889125 0.07485722 -0.061332192
v -0.20822947 0.08616187 -0.061332192
v -0.197297 0.09624269 -0.061332192
v -0.17442334 0.10680874 -0.061332192
v -0.16141729 0.106965184 -0.061332192
v -0.14590135 0.10496097 -0.061332192
v -0.13678353 0.10636868 -0.061332192
v -0.0419002 0.16875732 -0.061332192
v 0.054566007 -0.036138177 -0.061332192
v -0.08942149 0.1366258 -0.061332192
v -0.0884021 0.13266876 -0.061332192
v -0.08933924 0.12869729 -0.061332192
v -0.09134436 0.1265925 -0.061332192
v -0.10177159 0.12144879 -0.061332192
v -0.114366114 0.11556766 -0.061332192
v -0.12422875 0.11099185 -0.061332192
v -0.16506623 -0.008586149 -0.061332192
v -0.14254437 -0.010491918 -0.061332192
v 0.22616808 0.00065211044 -0.061332192
v 0.2651272 0.0022919315 -0.061332192
v 0.25801313 0.08904482 -0.061332192
v 0.27706268 0.08589621 -0.061332192
v 0.29284447 0.011654629 -0.061332192
v 0.30354986 0.07991887 -0.061332192
v 0.31231505 0.023271585 -0.061332192
v 0.33108592 0.03809835 -0.061332192
v 0.32032806 0.0748548 -0.061332192
v 0.3357758 0.06874002 -0.061332192
v 0.3409909 0.0593062 -0.061332192
v 0.3413117 0.0496736 -0.061332192
v -0.07712656 0.1691121 -0.061332192
v -0.20298336 0.09112623 -0.061332192
v -0.09079806 0.12456813 -0.06806935
v -0.08559756 0.12098596 -0.06806935
v -0.08580281 0.12822795 -0.06806935
v 0.1187531 0.16372228 -0.06806935
v 0.11759376 0.16376376 -0.06806935
v 0.11913123 0.1629434 -0.06806935
v 0.11907052 0.16162808 -0.06806935
v -0.013313877 0.2727725 -0.068127185
v -0.013940739 0.26917008 -0.06806935
v -0.012108284 0.2731855 -0.06806935
v -0.008854206 0.27220544 -0.06806935
v 0.10399238 0.2215027 -0.06806935
v 0.10282161 0.22133362 -0.06806935
v 0.1046425 0.22070245 -0.06806935
v 0.114674054 0.16360925 -0.06806935
v 0.11873557 0.16042759 -0.06806935
v 0.11821263 0.15855333 -0.06806935
v -0.08035744 0.13167465 -0.06806935
v -0.08121126 0.11816132 -0.06806935
v -0.076323554 0.11513982 -0.06806935
v -0.07527007 0.1346036 -0.06806935
v -0.07076021 0.112009645 -0.06806935
v -0.07123455 0.1368089 -0.06806935
v -0.06651947 0.13929057 -0.06806935
v -0.065151736 0.10907575 -0.06806935
v 0.06153319 0.2619649 -0.06806935
v 0.06072519 0.26171583 -0.06806935
v 0.06276806 0.2609165 -0.06806935
v 0.058032017 0.25790265 -0.06806935
v 0.064824544 0.25888303 -0.06806935
v -0.06868981 0.10511216 -0.06806935
v -0.06836639 0.10390669 -0.06806935
v -0.06382095 0.10082767 -0.06806935
v -0.10033753 0.16845153 -0.06806935
v -0.10032808 0.16744833 -0.06806935
v -0.09553992 0.17203176 -0.06806935
v -0.096935414 0.16432238 -0.06806935
v -0.09234536 0.16038454 -0.06806935
v -0.09058843 0.1753117 -0.06806935
v -0.07660734 0.22536258 -0.06806935
v -0.07694987 0.22460313 -0.06806935
v -0.061636355 0.22888453 -0.06806935
v -0.07432481 0.21784893 -0.06806935
v -0.07242492 0.21301894 -0.06806935
v -0.0035854501 0.27047876 -0.06806935
v -0.016012974 0.2587845 -0.06806935
v 0.002771862 0.26794901 -0.06806935
v 0.05895675 0.015433918 -0.06806935
v 0.06685473 0.017241638 -0.06806935
v 0.075519316 0.027707947 -0.06806935
v 0.07303413 0.020650256 -0.06806935
v 0.07109793 0.01872168 -0.06806935
v 0.04163548 0.0149947675 -0.06806935
v 0.044335887 0.013540544 -0.06806935
v 0.047950447 0.013508248 -0.06806935
v 0.052644778 0.014085457 -0.06806935
v -0.058276862 0.09691038 -0.06806935
v -0.056955457 0.0931418 -0.06806935
v -0.03636789 0.06988958 -0.06806935
v -0.053757507 0.08618687 -0.06806935
v -0.04959389 0.079499565 -0.06806935
v -0.045659672 0.07531903 -0.06806935
v -0.042287406 0.0722252 -0.06806935
v 0.10114401 0.102504276 -0.06806935
v -0.018251548 0.06092904 -0.06806935
v 0.1013689 0.094717376 -0.06806935
v 0.100920476 0.09088227 -0.06806935
v 0.09927176 0.086603105 -0.06806935
v 0.010751837 0.2644114 -0.06806935
v 0.017230285 0.26105976 -0.06806935
v -0.020820973 0.2400871 -0.06806935
v 0.022197183 0.2583787 -0.06806935
v 0.028849393 0.25445536 -0.06806935
v 0.03390939 0.25107235 -0.06806935
v 0.054797348 0.2532988 -0.06806935
v 0.0520773 0.2494257 -0.06806935
v 0.0694743 0.25372395 -0.06806935
v 0.08786622 0.22725724 -0.06806935
v 0.08325287 0.23510174 -0.06806935
v 0.09459049 0.21795776 -0.06806935
v 0.09216603 0.21700554 -0.06806935
v 0.09984299 0.21997464 -0.06806935
v 0.10556211 0.21739614 -0.06806935
v 0.1067205 0.21104173 -0.06806935
v 0.10789404 0.20413624 -0.06806935
v 0.10897236 0.18903872 -0.06806935
v 0.108541645 0.19738716 -0.06806935
v 0.10907709 0.18239279 -0.06806935
v 0.1091034 0.17637765 -0.06806935
v 0.10895574 0.17180417 -0.06806935
v 0.10877611 0.16822647 -0.06806935
v 0.110512935 0.16369039 -0.06806935
v 0.11673414 0.15342303 -0.06806935
v 0.11450745 0.14638032 -0.06806935
v 0.10680963 0.12908834 -0.06806935
v 0.11004452 0.1352897 -0.06806935
v 0.10832816 0.16432174 -0.06806935
v 0.11254721 0.14109494 -0.06806935
v 0.10342586 0.11697673 -0.06806935
v 0.10366215 0.12187063 -0.06806935
v 0.102958195 0.1103869 -0.06806935
v 0.10208185 0.1059101 -0.06806935
v 0.09222256 0.0690115 -0.06806935
v 0.0058489554 0.03896777 -0.06806935
v 0.08918043 0.060947027 -0.06806935
v 0.0826577 0.04470804 -0.06806935
v 0.079816654 0.037815567 -0.06806935
v 0.0144894915 0.032950096 -0.06806935
v 0.0254955 0.025489425 -0.06806935
v 0.034079835 0.019789793 -0.06806935
v -0.013004619 0.0539451 -0.06806935
v -0.011210988 0.05197787 -0.06806935
v -0.00736439 0.048847023 -0.06806935
v -0.001447568 0.044303212 -0.06806935
v -0.03413796 0.06792931 -0.06806935
v -0.031681847 0.06540467 -0.06806935
v -0.028107628 0.06239869 -0.06806935
v -0.026121816 0.06162529 -0.06806935
v -0.022193227 0.061369836 -0.06806935
v -0.07077347 0.14278278 -0.06806935
v -0.07758586 0.18226613 -0.06806935
v -0.07642218 0.14716338 -0.06806935
v -0.08169554 0.1513189 -0.06806935
v -0.0879554 0.15658164 -0.06806935
v -0.08421922 0.17884067 -0.06806935
v -0.0673191 0.18711005 -0.06806935
v -0.07199305 0.18507746 -0.06806935
v -0.06717413 0.19814943 -0.06806935
v -0.06469151 0.19095452 -0.06806935
v -0.0699296 0.20633261 -0.06806935
v -0.03572212 0.23324065 -0.06806935
v -0.049943965 0.23107135 -0.06806935
v -0.028379152 0.23415302 -0.06806935
v -0.022407074 0.23463865 -0.068139
v 0.0736219 0.248787 -0.06806935
v -0.063993745 0.18860643 -0.06806935
v -0.018629635 0.24794672 -0.06806935
v 0.049674418 0.24618752 -0.06806935
v 0.090417854 0.22178052 -0.06806935
v 0.047368214 0.24314968 -0.06806935
v 0.039509375 0.2472354 -0.06806935
v 0.046263378 0.24266444 -0.06806935
v -0.015944116 0.05829659 -0.06806935
v 0.09663799 0.080091104 -0.06806935
v 0.04433298 0.24373475 -0.06806935
v 0.104267195 0.124051645 -0.06806935
v 0.078468025 0.24207814 -0.06806935
v 0.34953123 0.06362822 -0.0616392
v 0.34473675 0.06616869 -0.0616392
v 0.3511813 0.059783634 -0.0616392
v 0.3511254 0.053656068 -0.0616392
v 0.33709982 0.068719886 -0.0616392
v 0.35014486 0.04561947 -0.0616392
v 0.32734773 0.07150983 -0.0616392
v 0.34797618 0.037070718 -0.0616392
v 0.3445908 0.029277597 -0.0616392
v 0.31690583 0.07303603 -0.0616392
v 0.34174132 0.025363598 -0.0616392
v 0.3370697 0.023321599 -0.0616392
v 0.33311886 0.02000318 -0.0616392
v 0.30518773 0.07362286 -0.06271394
v 0.2935253 0.073405005 -0.06378563
v 0.32857862 0.013630477 -0.060564525
v 0.28378093 0.072683774 -0.06468102
v 0.3236055 0.006613469 -0.061021503
v 0.31818163 -0.0003588633 -0.06151991
v 0.2756884 0.07182314 -0.06542465
v 0.31186745 -0.0070850225 -0.062100142
v 0.26881185 0.071016766 -0.06605656
v 0.30249318 -0.015458548 -0.06296154
v 0.2916013 -0.022777094 -0.06396241
v 0.26136896 0.07057627 -0.066740505
v 0.24693845 0.06802284 -0.06806654
v 0.23254815 0.06060449 -0.06938889
v 0.27949134 -0.028831476 -0.06507521
v 0.22182818 0.052581012 -0.07037397
v 0.26635337 -0.033385225 -0.06628247
v 0.20760237 0.037773326 -0.07168117
v 0.2485206 -0.03704329 -0.067921154
v 0.18613563 0.013814548 -0.073653795
v 0.23585705 -0.041356348 -0.069084816
v 0.22811063 -0.04631995 -0.069796644
v 0.21873419 -0.051559936 -0.07065826
v 0.1797256 0.0095705455 -0.074245855
v 0.20974422 -0.055742897 -0.07148437
v 0.1999967 -0.05838704 -0.074245855
v 0.19065847 -0.059281286 -0.074245855
v 0.18017279 -0.05857682 -0.074245855
v 0.16832478 -0.05239023 -0.074245855
v 0.15721133 -0.04063029 -0.074245855
v 0.15409115 -0.02491959 -0.074245855
v 0.1570938 -0.010639406 -0.074245855
v 0.16255386 4.3654738E-05 -0.074245855
v 0.16904643 0.006235919 -0.074245855
v 0.09770283 0.0674307 -0.08890685
v 0.09664767 0.06653683 -0.088896394
v 0.09963069 0.06751104 -0.08874186
v 0.08430765 -0.0043720086 -0.08160689
v 0.082374744 -0.006517343 -0.08152753
v 0.08622285 -0.0039876704 -0.08147909
v 0.089674644 -0.004562387 -0.08109846
v 0.08097929 -0.009380704 -0.0813144
v 0.08045384 -0.01181978 -0.081072785
v 0.08086066 -0.015509543 -0.080598526
v 0.09503674 -0.0066603916 -0.08036433
v 0.08199889 -0.018509738 -0.080139786
v 0.08430778 -0.02225114 -0.07948723
v 0.09992303 -0.009465897 -0.07958939
v 0.0875368 -0.02715155 -0.07861394
v 0.10409699 -0.01242362 -0.07886089
v 0.09068545 -0.031319704 -0.07783475
v 0.10729911 -0.0149617065 -0.078270115
v 0.109481804 -0.017121198 -0.0778165
v 0.110677 -0.01916803 -0.077465646
v 0.094382964 -0.03578811 -0.07697028
v 0.11200563 -0.021226851 -0.07710128
v 0.113412224 -0.024018843 -0.07664295
v 0.098290674 -0.040239383 -0.076088816
v 0.11437972 -0.026048113 -0.07631479
v 0.11535112 -0.027891068 -0.076008365
v 0.10244532 -0.044880245 -0.07516252
v 0.11663314 -0.028871704 -0.07577604
v 0.105977826 -0.048550263 -0.07440764
v 0.10725754 -0.051082503 -0.075020716
v 0.108855404 -0.053925913 -0.075020716
v 0.111533895 -0.058559056 -0.075020716
v 0.11439178 -0.06289288 -0.075020716
v 0.11678197 -0.06644755 -0.075020716
v 0.118999235 -0.06885171 -0.075020716
v 0.122275196 -0.07052728 -0.075020716
v 0.12530641 -0.07161399 -0.075020716
v 0.12818563 -0.07259974 -0.075020716
v 0.08927158 0.064224586 -0.089289986
v 0.08805605 0.06294993 -0.0892489
v 0.09113156 0.06453907 -0.0891589
v 0.092779055 0.06415116 -0.08896377
v 0.08657897 0.06062625 -0.08910715
v 0.09395715 0.06356965 -0.08878818
v 0.08504795 0.057116915 -0.088829696
v 0.08395328 0.053026058 -0.088443786
v 0.083382495 0.048586294 -0.0879691
v 0.13517134 -0.08987739 -0.075020716
v 0.13677497 -0.09113114 -0.075020716
v 0.134508 -0.08810307 -0.075020716
v 0.17274922 -0.083120935 -0.075020716
v 0.13156816 -0.08000585 -0.075020716
v 0.17231356 -0.08442647 -0.075020716
v 0.1711065 -0.085740075 -0.075020716
v 0.10176722 0.066974476 -0.08848482
v 0.10500022 0.0651411 -0.08797479
v 0.09554683 0.06539323 -0.088860475
v 0.0944918 0.0642534 -0.088820845
v 0.1072919 0.06282935 -0.08749326
v 0.10922384 0.060479928 -0.087039836
v 0.11147473 0.057283964 -0.086457185
v 0.115002014 0.052497532 -0.08557042
v 0.08326926 0.044382885 -0.08748102
v 0.08366169 0.039623767 -0.08688127
v 0.08456444 0.035692316 -0.08633346
v 0.08582657 0.032737028 -0.08586884
v 0.11702215 0.0497226 -0.08505857
v 0.0882817 0.028634742 -0.08516025
v 0.091249526 0.024469037 -0.084397726
v 0.1200043 0.045616653 -0.08430183
v 0.09377863 0.021402616 -0.083805226
v 0.123267435 0.040952027 -0.08345341
v 0.096529596 0.017791873 -0.083128124
v 0.12629093 0.036633555 -0.08266773
v 0.12874377 0.034066793 -0.08214139
v 0.09726522 0.014662792 -0.08269057
v 0.09884503 0.011134349 -0.08212924
v 0.13115913 0.031646945 -0.08163585
v 0.10075132 0.007693273 -0.08154871
v 0.102918796 0.0043984707 -0.08096189
v 0.13354139 0.02944893 -0.081159614
v 0.10655431 -0.00095408224 -0.0799982
v 0.13586338 0.027727699 -0.08074535
v 0.13878489 0.025015075 -0.08015929
v 0.11002083 -0.005808748 -0.07910886
v 0.14251992 0.021407913 -0.07939353
v 0.11234349 -0.009214476 -0.07849483
v 0.14508045 0.018818183 -0.0788547
v 0.14755069 0.01564937 -0.07825541
v 0.11424376 -0.01195209 -0.07799824
v 0.15060548 0.011981862 -0.07754406
v 0.15604858 0.006033107 -0.07634607
v 0.11569955 -0.016046522 -0.077381045
v 0.11729854 -0.019103372 -0.07687389
v 0.11833172 -0.021158578 -0.076536715
v 0.11804684 -0.022721274 -0.076377235
v 0.11703672 -0.026277145 -0.07604711
v 0.15073945 -0.09452123 -0.075020716
v 0.1526261 -0.093769915 -0.075020716
v 0.14898746 -0.09465415 -0.075020716
v 0.22629037 -0.050679337 -0.075020716
v 0.22418502 -0.05460579 -0.075020716
v 0.2219057 -0.05918027 -0.075020716
v 0.21906231 -0.06318115 -0.075020716
v 0.21606164 -0.0665331 -0.075020716
v 0.21390657 -0.068578616 -0.075020716
v 0.21104424 -0.071052276 -0.075020716
v 0.20787875 -0.073157564 -0.075020716
v 0.202883 -0.07622667 -0.075020716
v 0.19701229 -0.079709314 -0.075020716
v 0.19170606 -0.08228706 -0.075020716
v 0.18842058 -0.08342422 -0.075020716
v 0.18403137 -0.08377894 -0.075020716
v 0.17938052 -0.08387202 -0.075020716
v 0.17498411 -0.083663814 -0.075020716
v 0.16927667 -0.08676292 -0.075020716
v 0.16748773 -0.087854594 -0.075020716
v 0.16508594 -0.08881938 -0.075020716
v 0.16224016 -0.08977657 -0.075020716
v 0.15804993 -0.09113513 -0.075020716
v 0.13304669 -0.0838367 -0.075020716
v 0.15450977 -0.09277588 -0.075020716
v 0.14582434 -0.09411879 -0.075020716
v 0.14121328 -0.092746995 -0.075020716
v 0.15966895 0.0072880425 -0.075020716
v 0.16314991 0.008238777 -0.075020716
v 0.16744778 0.0094668185 -0.075020716
v 0.22723599 -0.046400506 -0.075020716
v 0.22760287 -0.03884022 -0.075020716
v 0.17111671 0.010407302 -0.075020716
v 0.22770436 -0.032776278 -0.075020716
v 0.17558496 0.011313402 -0.075020716
v 0.18160853 0.011368537 -0.075020716
v 0.18590996 0.010854679 -0.075020716
v 0.19249764 0.009050306 -0.075020716
v 0.1984523 0.0068777204 -0.075020716
v 0.20267363 0.004765277 -0.075020716
v 0.20607583 0.0028817214 -0.075020716
v 0.21027525 -8.3602594E-05 -0.075020716
v 0.21370049 -0.0029539142 -0.075020716
v 0.21750823 -0.0065555163 -0.075020716
v 0.22056441 -0.010115566 -0.075020716
v 0.22726274 -0.02692088 -0.075020716
v 0.22252114 -0.013047635 -0.075020716
v 0.22414541 -0.016170196 -0.075020716
v 0.22554305 -0.019554315 -0.075020716
v 0.22643399 -0.02248822 -0.075020716
v 0.12992653 -0.07570847 -0.075020716
vt 0.9003906 0.08557129
vt 0.9707031 0.107910156
vt 0.90234375 0.08154297
vt 0.90527344 0.07733154
vt 0.9067383 0.07574463
vt 0.9082031 0.07556152
vt 0.91259766 0.07495117
vt 0.93847656 0.02104187
vt 0.9355469 0.021514893
vt 0.9404297 0.022094727
vt 0.94189453 0.024734497
vt 0.9321289 0.023086548
vt 0.9291992 0.025863647
vt 0.92871094 0.028793335
vt 0.9433594 0.02670288
vt 0.9277344 0.0335083
vt 0.9277344 0.039489746
vt 0.92871094 0.045562744
vt 0.94384766 0.026748657
vt 0.9296875 0.05065918
vt 0.9736328 0.045898438
vt 0.9736328 0.04147339
vt 0.97265625 0.039642334
vt 0.97021484 0.037109375
vt 0.8955078 0.10992432
vt 0.8959961 0.11364746
vt 0.89746094 0.11608887
vt 0.89990234 0.11846924
vt 0.93847656 0.14575195
vt 0.9423828 0.14709473
vt 0.9716797 0.1295166
vt 0.94628906 0.14733887
vt 0.9560547 0.026947021
vt 0.953125 0.025009155
vt 0.9506836 0.024429321
vt 0.94873047 0.024597168
vt 0.94628906 0.02558899
vt 0.96728516 0.034820557
vt 0.96484375 0.033447266
vt 0.9746094 0.06738281
vt 0.9741211 0.06011963
vt 0.9741211 0.050994873
vt 0.97265625 0.08050537
vt 0.9736328 0.074035645
vt 0.9277344 0.06262207
vt 0.97216797 0.113464355
vt 0.97265625 0.11627197
vt 0.97314453 0.12060547
vt 0.97265625 0.12384033
vt 0.9628906 0.1418457
vt 0.97021484 0.13415527
vt 0.9663086 0.1394043
vt 0.9682617 0.13696289
vt 0.9555664 0.1459961
vt 0.95947266 0.14428711
vt 0.95166016 0.14697266
vt 0.921875 0.13696289
vt 0.9296875 0.14160156
vt 0.90722656 0.12585449
vt 0.9140625 0.13122559
vt 0.8959961 0.10583496
vt 0.8964844 0.101501465
vt 0.89697266 0.097717285
vt 0.8979492 0.09423828
vt 0.8989258 0.09039307
vt 0.9609375 0.03036499
vt 0.92871094 0.057159424
vt 0.9267578 0.06756592
vt 0.9716797 0.08746338
vt 0.92529297 0.06970215
vt 0.9711914 0.09350586
vt 0.9707031 0.10095215
vt 0.92285156 0.07098389
vt 0.9194336 0.0725708
vt 0.9160156 0.07385254
vt 0.8457031 0.14660645
vt 0.8491211 0.14050293
vt 0.83984375 0.1496582
vt 0.71484375 0.016693115
vt 0.69189453 0.03161621
vt 0.68847656 0.037139893
vt 0.6899414 0.03366089
vt 0.84033203 0.0748291
vt 0.7607422 0.11791992
vt 0.8413086 0.07745361
vt 0.8417969 0.08105469
vt 0.7910156 0.1427002
vt 0.7998047 0.14709473
vt 0.84277344 0.084228516
vt 0.8071289 0.14746094
vt 0.7246094 0.10827637
vt 0.7607422 0.031311035
vt 0.7138672 0.103027344
vt 0.7050781 0.09460449
vt 0.6875 0.04660034
vt 0.6875 0.04043579
vt 0.70947266 0.016906738
vt 0.69970703 0.0234375
vt 0.70654297 0.017959595
vt 0.7026367 0.020095825
vt 0.85253906 0.09753418
vt 0.8129883 0.14685059
vt 0.8540039 0.099731445
vt 0.8544922 0.10131836
vt 0.8198242 0.14941406
vt 0.82373047 0.1505127
vt 0.8544922 0.122924805
vt 0.828125 0.15112305
vt 0.81591797 0.14831543
vt 0.77734375 0.13256836
vt 0.7836914 0.13806152
vt 0.7368164 0.11206055
vt 0.75097656 0.11566162
vt 0.78271484 0.039886475
vt 0.69873047 0.084228516
vt 0.69433594 0.07446289
vt 0.75439453 0.028930664
vt 0.69091797 0.061767578
vt 0.68896484 0.052856445
vt 0.72753906 0.017700195
vt 0.7207031 0.016967773
vt 0.7392578 0.0206604
vt 0.73291016 0.019042969
vt 0.75097656 0.026809692
vt 0.74609375 0.024108887
vt 0.77490234 0.036865234
vt 0.76660156 0.03378296
vt 0.79003906 0.04244995
vt 0.796875 0.045440674
vt 0.8105469 0.053710938
vt 0.80322266 0.049102783
vt 0.82666016 0.064575195
vt 0.8222656 0.06124878
vt 0.81689453 0.05783081
vt 0.83691406 0.07128906
vt 0.83447266 0.06976318
vt 0.8310547 0.06768799
vt 0.8383789 0.072631836
vt 0.84765625 0.09124756
vt 0.84472656 0.087524414
vt 0.85058594 0.09460449
vt 0.85498047 0.10406494
vt 0.85546875 0.11004639
vt 0.85498047 0.11529541
vt 0.8520508 0.13085938
vt 0.8330078 0.15124512
vt 0.7705078 0.1262207
vt 0.6958008 0.027832031
vt 0.96875 0.7529297
vt 0.96972656 0.75146484
vt 0.9667969 0.75341797
vt 0.96484375 0.7529297
vt 0.97021484 0.7475586
vt 0.96240234 0.75146484
vt 0.95996094 0.7480469
vt 0.97021484 0.74121094
vt 0.9584961 0.7441406
vt 0.97021484 0.73583984
vt 0.9560547 0.74316406
vt 0.95410156 0.74121094
vt 0.95214844 0.73828125
vt 0.97021484 0.72998047
vt 0.9506836 0.73339844
vt 0.94970703 0.72998047
vt 0.9707031 0.7236328
vt 0.9707031 0.7182617
vt 0.9472656 0.7290039
vt 0.9448242 0.7265625
vt 0.9428711 0.72314453
vt 0.9423828 0.71972656
vt 0.9716797 0.7114258
vt 0.97216797 0.70751953
vt 0.9716797 0.70214844
vt 0.9707031 0.69921875
vt 0.9658203 0.6933594
vt 0.9399414 0.71728516
vt 0.93896484 0.71484375
vt 0.95751953 0.68359375
vt 0.9375 0.71533203
vt 0.9345703 0.7158203
vt 0.93066406 0.7128906
vt 0.9277344 0.7089844
vt 0.9267578 0.70458984
vt 0.95703125 0.6801758
vt 0.91552734 0.69921875
vt 0.95654297 0.6777344
vt 0.9555664 0.6748047
vt 0.95166016 0.6694336
vt 0.94677734 0.66308594
vt 0.91259766 0.69677734
vt 0.91015625 0.6933594
vt 0.94189453 0.6582031
vt 0.93896484 0.65625
vt 0.93603516 0.65625
vt 0.93359375 0.6533203
vt 0.9042969 0.6923828
vt 0.9301758 0.6489258
vt 0.92578125 0.64404297
vt 0.8930664 0.6899414
vt 0.921875 0.640625
vt 0.91748047 0.63671875
vt 0.88623047 0.6879883
vt 0.87890625 0.6850586
vt 0.8754883 0.68310547
vt 0.8720703 0.6801758
vt 0.9145508 0.63134766
vt 0.9121094 0.62646484
vt 0.9086914 0.62060547
vt 0.90234375 0.6176758
vt 0.8964844 0.6147461
vt 0.88916016 0.61083984
vt 0.8808594 0.6064453
vt 0.8647461 0.68066406
vt 0.875 0.6040039
vt 0.8691406 0.6035156
vt 0.8535156 0.68066406
vt 0.8671875 0.60302734
vt 0.8618164 0.60498047
vt 0.85253906 0.6098633
vt 0.83935547 0.6191406
vt 0.8286133 0.6298828
vt 0.8417969 0.68066406
vt 0.8198242 0.640625
vt 0.81591797 0.6503906
vt 0.83447266 0.6801758
vt 0.8154297 0.66015625
vt 0.82958984 0.67822266
vt 0.82373047 0.6743164
vt 0.81884766 0.66845703
vt 0.19604492 0.1550293
vt 0.30395508 0.08178711
vt 0.19189453 0.14819336
vt 0.296875 0.072509766
vt 0.18676758 0.13793945
vt 0.18444824 0.13171387
vt 0.18273926 0.123046875
vt 0.29101562 0.06542969
vt 0.28393555 0.058624268
vt 0.27685547 0.052978516
vt 0.17919922 0.10949707
vt 0.17675781 0.09503174
vt 0.27075195 0.048187256
vt 0.26367188 0.044433594
vt 0.2524414 0.03817749
vt 0.17443848 0.07183838
vt 0.2401123 0.03152466
vt 0.22460938 0.023452759
vt 0.17358398 0.059814453
vt 0.17333984 0.051483154
vt 0.17602539 0.042236328
vt 0.18078613 0.03466797
vt 0.1862793 0.026870728
vt 0.19311523 0.02243042
vt 0.20141602 0.018737793
vt 0.20825195 0.016845703
vt 0.3251953 0.105773926
vt 0.31860352 0.10144043
vt 0.21142578 0.1809082
vt 0.20385742 0.16833496
vt 0.3154297 0.097717285
vt 0.31054688 0.09057617
vt 0.34960938 0.8613281
vt 0.3334961 0.86572266
vt 0.34936523 0.87890625
vt 0.02746582 0.9770508
vt 0.028015137 0.97753906
vt 0.027282715 0.9765625
vt 0.032989502 0.97558594
vt 0.028961182 0.97265625
vt 0.03302002 0.9633789
vt 0.043914795 0.97021484
vt 0.036590576 0.95703125
vt 0.052368164 0.9658203
vt 0.04296875 0.9472656
vt 0.06088257 0.9609375
vt 0.05218506 0.93603516
vt 0.072143555 0.95458984
vt 0.06201172 0.92529297
vt 0.083618164 0.9482422
vt 0.07269287 0.91552734
vt 0.09838867 0.94189453
vt 0.08691406 0.90527344
vt 0.10882568 0.93847656
vt 0.09844971 0.8984375
vt 0.10870361 0.8935547
vt 0.11651611 0.93847656
vt 0.11975098 0.8886719
vt 0.12335205 0.9394531
vt 0.13134766 0.88427734
vt 0.13366699 0.9433594
vt 0.13806152 0.8823242
vt 0.14367676 0.8857422
vt 0.15197754 0.88964844
vt 0.16003418 0.8930664
vt 0.14086914 0.94677734
vt 0.15063477 0.9501953
vt 0.17199707 0.89746094
vt 0.16137695 0.95410156
vt 0.18493652 0.9013672
vt 0.17382812 0.9589844
vt 0.1977539 0.90527344
vt 0.18591309 0.9633789
vt 0.20898438 0.9086914
vt 0.19934082 0.9658203
vt 0.21203613 0.96728516
vt 0.21789551 0.91015625
vt 0.22460938 0.96728516
vt 0.23730469 0.96728516
vt 0.2619629 0.96435547
vt 0.22180176 0.90771484
vt 0.22753906 0.90234375
vt 0.23449707 0.8964844
vt 0.2841797 0.95947266
vt 0.23864746 0.8925781
vt 0.24169922 0.890625
vt 0.24853516 0.890625
vt 0.25805664 0.890625
vt 0.2692871 0.8886719
vt 0.3059082 0.953125
vt 0.27954102 0.8857422
vt 0.32470703 0.94384766
vt 0.33203125 0.9326172
vt 0.2919922 0.88134766
vt 0.33862305 0.9213867
vt 0.30493164 0.87646484
vt 0.34423828 0.90625
vt 0.31860352 0.87060547
vt 0.3479004 0.89404297
vt 0.16381836 0.2010498
vt 0.04095459 0.2121582
vt 0.16601562 0.20947266
vt 0.15917969 0.22363281
vt 0.056030273 0.021102905
vt 0.04953003 0.021621704
vt 0.061279297 0.024261475
vt 0.049682617 0.24719238
vt 0.052856445 0.25561523
vt 0.12927246 0.26513672
vt 0.06365967 0.26416016
vt 0.0657959 0.027389526
vt 0.03704834 0.027664185
vt 0.03262329 0.03729248
vt 0.034820557 0.030136108
vt 0.082458496 0.27294922
vt 0.101501465 0.2763672
vt 0.1161499 0.27612305
vt 0.046051025 0.23498535
vt 0.14086914 0.25219727
vt 0.043670654 0.22460938
vt 0.15234375 0.23632812
vt 0.16125488 0.19311523
vt 0.15722656 0.18103027
vt 0.038604736 0.20007324
vt 0.1538086 0.17114258
vt 0.03604126 0.18469238
vt 0.14880371 0.15600586
vt 0.03390503 0.16711426
vt 0.14575195 0.14550781
vt 0.14257812 0.13757324
vt 0.1373291 0.12683105
vt 0.03186035 0.14343262
vt 0.13305664 0.119140625
vt 0.1274414 0.10913086
vt 0.031311035 0.12866211
vt 0.12243652 0.101135254
vt 0.11553955 0.09063721
vt 0.030456543 0.10827637
vt 0.1104126 0.08288574
vt 0.10559082 0.075927734
vt 0.029846191 0.08306885
vt 0.10015869 0.06768799
vt 0.09527588 0.060943604
vt 0.030349731 0.06390381
vt 0.09057617 0.054107666
vt 0.084472656 0.04638672
vt 0.030944824 0.04928589
vt 0.079956055 0.040985107
vt 0.07366943 0.034606934
vt 0.06964111 0.03062439
vt 0.042510986 0.024658203
vt 0.41137695 0.1928711
vt 0.25512695 0.25317383
vt 0.42236328 0.21008301
vt 0.25512695 0.265625
vt 0.4321289 0.22717285
vt 0.2553711 0.27319336
vt 0.4411621 0.24536133
vt 0.25585938 0.28344727
vt 0.25708008 0.2932129
vt 0.25878906 0.30249023
vt 0.2602539 0.3083496
vt 0.44628906 0.25830078
vt 0.44873047 0.26953125
vt 0.4501953 0.28442383
vt 0.4501953 0.29345703
vt 0.4501953 0.30688477
vt 0.44873047 0.3215332
vt 0.44677734 0.3322754
vt 0.44458008 0.34204102
vt 0.44189453 0.3544922
vt 0.43896484 0.3647461
vt 0.43432617 0.37158203
vt 0.4272461 0.37768555
vt 0.40942383 0.38354492
vt 0.38989258 0.3869629
vt 0.3618164 0.39038086
vt 0.32617188 0.39233398
vt 0.2915039 0.39160156
vt 0.26171875 0.3876953
vt 0.24499512 0.3154297
vt 0.24291992 0.3828125
vt 0.21875 0.35766602
vt 0.22814941 0.3251953
vt 0.21716309 0.3388672
vt 0.3984375 0.1751709
vt 0.39233398 0.16699219
vt 0.3828125 0.15734863
vt 0.37280273 0.14819336
vt 0.24853516 0.24304199
vt 0.3659668 0.14208984
vt 0.24108887 0.23120117
vt 0.35546875 0.13220215
vt 0.23339844 0.21862793
vt 0.22741699 0.20825195
vt 0.22351074 0.20141602
vt 0.34301758 0.12054443
vt 0.33447266 0.11352539
vt 0.21716309 0.19067383
vt 0.82373047 0.7626953
vt 0.82666016 0.7705078
vt 0.8276367 0.76123047
vt 0.73095703 0.9741211
vt 0.7314453 0.97509766
vt 0.7314453 0.97314453
vt 0.7402344 0.97802734
vt 0.73876953 0.97265625
vt 0.7470703 0.97216797
vt 0.7524414 0.97998047
vt 0.7553711 0.9711914
vt 0.76953125 0.9814453
vt 0.7631836 0.96484375
vt 0.7709961 0.9580078
vt 0.78564453 0.98339844
vt 0.78125 0.9482422
vt 0.7993164 0.9838867
vt 0.7895508 0.9399414
vt 0.8129883 0.9838867
vt 0.7998047 0.9291992
vt 0.82470703 0.98339844
vt 0.83984375 0.98095703
vt 0.80859375 0.91845703
vt 0.8515625 0.97753906
vt 0.81640625 0.9082031
vt 0.8647461 0.97314453
vt 0.87939453 0.96728516
vt 0.8232422 0.8979492
vt 0.8911133 0.96240234
vt 0.8305664 0.8857422
vt 0.90185547 0.95751953
vt 0.91064453 0.9526367
vt 0.9199219 0.9448242
vt 0.8334961 0.87939453
vt 0.9238281 0.94091797
vt 0.93115234 0.9316406
vt 0.94140625 0.9199219
vt 0.83496094 0.87158203
vt 0.9453125 0.9140625
vt 0.94433594 0.9067383
vt 0.9423828 0.8989258
vt 0.83691406 0.86083984
vt 0.8388672 0.85058594
vt 0.9501953 0.88720703
vt 0.84033203 0.8388672
vt 0.95947266 0.8720703
vt 0.96435547 0.86279297
vt 0.9453125 0.79589844
vt 0.93359375 0.7915039
vt 0.9277344 0.7890625
vt 0.92089844 0.7861328
vt 0.9135742 0.7836914
vt 0.8408203 0.82421875
vt 0.9033203 0.78027344
vt 0.8886719 0.77490234
vt 0.83984375 0.8129883
vt 0.83935547 0.8022461
vt 0.8774414 0.7714844
vt 0.8613281 0.7651367
vt 0.8354492 0.79052734
vt 0.8486328 0.7607422
vt 0.8305664 0.77978516
vt 0.8408203 0.7583008
vt 0.83496094 0.75878906
vt 0.96875 0.8540039
vt 0.95751953 0.8027344
vt 0.97558594 0.83935547
vt 0.96972656 0.8105469
vt 0.97998047 0.828125
vt 0.97802734 0.81591797
vt 0.9814453 0.82177734
vt 0.98095703 0.81933594
vt 0.4013672 0.6699219
vt 0.4248047 0.6904297
vt 0.4020996 0.66015625
vt 0.21923828 0.60839844
vt 0.22253418 0.6152344
vt 0.27246094 0.5004883
vt 0.22814941 0.6245117
vt 0.234375 0.6323242
vt 0.23803711 0.6347656
vt 0.25805664 0.6352539
vt 0.2758789 0.6352539
vt 0.2800293 0.63427734
vt 0.28393555 0.6303711
vt 0.2919922 0.49291992
vt 0.29736328 0.6347656
vt 0.30981445 0.6376953
vt 0.31298828 0.63720703
vt 0.31713867 0.6352539
vt 0.32250977 0.63183594
vt 0.29589844 0.49121094
vt 0.30395508 0.49389648
vt 0.32080078 0.50097656
vt 0.34204102 0.49389648
vt 0.3322754 0.6357422
vt 0.34326172 0.63916016
vt 0.35961914 0.49023438
vt 0.35595703 0.6430664
vt 0.37719727 0.48608398
vt 0.36669922 0.6464844
vt 0.38110352 0.48583984
vt 0.38549805 0.48608398
vt 0.39404297 0.49121094
vt 0.40161133 0.4951172
vt 0.4086914 0.49780273
vt 0.37695312 0.64941406
vt 0.38476562 0.6508789
vt 0.39282227 0.6513672
vt 0.6269531 0.36987305
vt 0.6791992 0.62109375
vt 0.6328125 0.3713379
vt 0.63916016 0.3774414
vt 0.3959961 0.6557617
vt 0.39892578 0.6582031
vt 0.6821289 0.48632812
vt 0.6796875 0.48657227
vt 0.6850586 0.48657227
vt 0.7607422 0.5239258
vt 0.75146484 0.5097656
vt 0.70996094 0.48754883
vt 0.7451172 0.5004883
vt 0.7207031 0.48779297
vt 0.73876953 0.49291992
vt 0.7290039 0.48828125
vt 0.7324219 0.48901367
vt 0.73535156 0.49023438
vt 0.7714844 0.56396484
vt 0.77246094 0.5576172
vt 0.76904297 0.56933594
vt 0.60791016 0.6699219
vt 0.6074219 0.6669922
vt 0.60791016 0.671875
vt 0.45361328 0.40795898
vt 0.4477539 0.41308594
vt 0.44628906 0.41625977
vt 0.4465332 0.42529297
vt 0.4987793 0.35839844
vt 0.50439453 0.35424805
vt 0.5107422 0.35302734
vt 0.69677734 0.625
vt 0.69873047 0.4909668
vt 0.6850586 0.625
vt 0.68310547 0.6245117
vt 0.68066406 0.6225586
vt 0.5932617 0.6958008
vt 0.59472656 0.6953125
vt 0.44677734 0.4411621
vt 0.59765625 0.69189453
vt 0.5288086 0.70654297
vt 0.4946289 0.7114258
vt 0.46142578 0.70751953
vt 0.7026367 0.4885254
vt 0.70458984 0.48779297
vt 0.71191406 0.6245117
vt 0.71533203 0.62402344
vt 0.71875 0.6225586
vt 0.72509766 0.6171875
vt 0.60009766 0.68847656
vt 0.6044922 0.6796875
vt 0.5776367 0.7001953
vt 0.5834961 0.69970703
vt 0.56689453 0.7006836
vt 0.55859375 0.7001953
vt 0.55371094 0.69873047
vt 0.4243164 0.47485352
vt 0.41503906 0.4892578
vt 0.4243164 0.47509766
vt 0.4633789 0.39111328
vt 0.4580078 0.39892578
vt 0.47387695 0.3774414
vt 0.46875 0.38330078
vt 0.48242188 0.37036133
vt 0.49072266 0.36401367
vt 0.52246094 0.35253906
vt 0.53466797 0.35253906
vt 0.54785156 0.3527832
vt 0.55908203 0.3540039
vt 0.57177734 0.35620117
vt 0.58447266 0.35791016
vt 0.5996094 0.36132812
vt 0.61816406 0.36572266
vt 0.64746094 0.38623047
vt 0.6660156 0.48413086
vt 0.65478516 0.39526367
vt 0.6669922 0.4819336
vt 0.65966797 0.4020996
vt 0.66796875 0.41381836
vt 0.6713867 0.4741211
vt 0.67578125 0.46606445
vt 0.67529297 0.4248047
vt 0.6821289 0.4543457
vt 0.6796875 0.4326172
vt 0.6850586 0.44360352
vt 0.68603516 0.44726562
vt 0.68603516 0.44604492
vt 0.6743164 0.48901367
vt 0.66845703 0.49169922
vt 0.75634766 0.5175781
vt 0.7651367 0.53222656
vt 0.7680664 0.5371094
vt 0.76123047 0.58154297
vt 0.7705078 0.54541016
vt 0.77197266 0.55126953
vt 0.765625 0.5756836
vt 0.75 0.5942383
vt 0.75634766 0.58740234
vt 0.74365234 0.60058594
vt 0.73095703 0.61279297
vt 0.70410156 0.625
vt 0.68896484 0.625
vt 0.67089844 0.6225586
vt 0.66015625 0.6245117
vt 0.5488281 0.6977539
vt 0.43579102 0.45751953
vt 0.6044922 0.65966797
vt 0.6035156 0.65527344
vt 0.6044922 0.6503906
vt 0.6069336 0.6479492
vt 0.6191406 0.64208984
vt 0.63378906 0.6352539
vt 0.6455078 0.6298828
vt 0.6933594 0.4897461
vt 0.6669922 0.48754883
vt 0.23486328 0.5004883
vt 0.18920898 0.5024414
vt 0.19750977 0.6040039
vt 0.1751709 0.60058594
vt 0.15673828 0.5136719
vt 0.14416504 0.5932617
vt 0.13391113 0.52734375
vt 0.11193848 0.5444336
vt 0.12451172 0.58740234
vt 0.10644531 0.5805664
vt 0.10040283 0.56933594
vt 0.1003418 0.55810547
vt 0.59033203 0.6977539
vt 0.73779297 0.6064453
vt 0.96533203 0.31518555
vt 0.95947266 0.31103516
vt 0.95996094 0.31933594
vt 0.71972656 0.36083984
vt 0.7207031 0.36108398
vt 0.7192383 0.36010742
vt 0.7192383 0.35888672
vt 0.87402344 0.48876953
vt 0.8754883 0.48510742
vt 0.8730469 0.48950195
vt 0.8696289 0.4885254
vt 0.7368164 0.4284668
vt 0.73828125 0.42871094
vt 0.7363281 0.42797852
vt 0.7241211 0.36108398
vt 0.71972656 0.35742188
vt 0.72021484 0.3552246
vt 0.9536133 0.32348633
vt 0.95458984 0.3076172
vt 0.94873047 0.30419922
vt 0.9472656 0.3269043
vt 0.9423828 0.3005371
vt 0.9428711 0.32958984
vt 0.9370117 0.33251953
vt 0.9355469 0.296875
vt 0.7866211 0.47607422
vt 0.78759766 0.47607422
vt 0.78515625 0.4753418
vt 0.7910156 0.47192383
vt 0.78271484 0.4729004
vt 0.93896484 0.2919922
vt 0.93896484 0.29077148
vt 0.93408203 0.28735352
vt 0.9765625 0.36645508
vt 0.9765625 0.36547852
vt 0.9711914 0.3708496
vt 0.97265625 0.36206055
vt 0.96777344 0.35742188
vt 0.96533203 0.37475586
vt 0.94873047 0.43310547
vt 0.94921875 0.4326172
vt 0.9316406 0.43774414
vt 0.94628906 0.4248047
vt 0.94433594 0.41918945
vt 0.86328125 0.48657227
vt 0.8779297 0.4729004
vt 0.85595703 0.48364258
vt 0.7895508 0.18701172
vt 0.78027344 0.18908691
vt 0.7705078 0.20129395
vt 0.7734375 0.1932373
vt 0.7758789 0.19128418
vt 0.8100586 0.18640137
vt 0.8071289 0.18469238
vt 0.8027344 0.18469238
vt 0.7973633 0.1854248
vt 0.9277344 0.28271484
vt 0.92578125 0.2783203
vt 0.90185547 0.25097656
vt 0.921875 0.27001953
vt 0.9169922 0.26245117
vt 0.91259766 0.25756836
vt 0.9082031 0.25439453
vt 0.7402344 0.28930664
vt 0.8803711 0.24035645
vt 0.7397461 0.2800293
vt 0.7402344 0.27563477
vt 0.7421875 0.2705078
vt 0.8461914 0.4794922
vt 0.8388672 0.47558594
vt 0.8833008 0.45092773
vt 0.8330078 0.4724121
vt 0.8251953 0.46777344
vt 0.81933594 0.4638672
vt 0.7944336 0.46655273
vt 0.79785156 0.46191406
vt 0.77734375 0.46679688
vt 0.7558594 0.43579102
vt 0.76123047 0.44506836
vt 0.7480469 0.42504883
vt 0.7504883 0.42382812
vt 0.7416992 0.4272461
vt 0.7348633 0.4243164
vt 0.73339844 0.41674805
vt 0.7324219 0.4086914
vt 0.73095703 0.39086914
vt 0.7314453 0.40063477
vt 0.73095703 0.38305664
vt 0.73095703 0.37597656
vt 0.73095703 0.37060547
vt 0.73095703 0.36645508
vt 0.7290039 0.36108398
vt 0.7216797 0.3491211
vt 0.7246094 0.3408203
vt 0.73339844 0.32055664
vt 0.72998047 0.32788086
vt 0.7319336 0.3618164
vt 0.7265625 0.3347168
vt 0.7373047 0.30615234
vt 0.7373047 0.31201172
vt 0.73828125 0.29858398
vt 0.7392578 0.2932129
vt 0.7504883 0.24987793
vt 0.8520508 0.21459961
vt 0.75439453 0.24035645
vt 0.76171875 0.22131348
vt 0.7651367 0.21325684
vt 0.8417969 0.20751953
vt 0.82910156 0.19873047
vt 0.81884766 0.1920166
vt 0.8745117 0.23217773
vt 0.8720703 0.2298584
vt 0.8676758 0.22619629
vt 0.86083984 0.2208252
vt 0.8989258 0.24853516
vt 0.8964844 0.24560547
vt 0.89208984 0.2421875
vt 0.88964844 0.24121094
vt 0.8852539 0.24084473
vt 0.9423828 0.33666992
vt 0.9501953 0.38305664
vt 0.94873047 0.34179688
vt 0.9550781 0.3466797
vt 0.96240234 0.3527832
vt 0.9580078 0.37890625
vt 0.9379883 0.38867188
vt 0.94384766 0.38623047
vt 0.9379883 0.40161133
vt 0.9350586 0.39331055
vt 0.94140625 0.41137695
vt 0.9008789 0.4428711
vt 0.91796875 0.4404297
vt 0.8925781 0.44384766
vt 0.8852539 0.44458008
vt 0.77246094 0.46118164
vt 0.93408203 0.39038086
vt 0.8808594 0.46020508
vt 0.80078125 0.4580078
vt 0.7529297 0.42944336
vt 0.80322266 0.45458984
vt 0.8125 0.45922852
vt 0.8046875 0.45385742
vt 0.8779297 0.23730469
vt 0.74560547 0.26293945
vt 0.8071289 0.45507812
vt 0.7363281 0.31469727
vt 0.76660156 0.45336914
vt 0.039520264 0.82128906
vt 0.04458618 0.82470703
vt 0.03729248 0.81689453
vt 0.037139893 0.8100586
vt 0.05340576 0.8276367
vt 0.038238525 0.80078125
vt 0.064697266 0.8310547
vt 0.040771484 0.79052734
vt 0.044677734 0.78125
vt 0.07720947 0.8330078
vt 0.04800415 0.77685547
vt 0.05340576 0.77441406
vt 0.057739258 0.7705078
vt 0.089782715 0.8339844
vt 0.10357666 0.8334961
vt 0.0635376 0.7626953
vt 0.11444092 0.83251953
vt 0.068237305 0.75439453
vt 0.07434082 0.74658203
vt 0.12371826 0.83154297
vt 0.08166504 0.73828125
vt 0.13171387 0.8305664
vt 0.09259033 0.7285156
vt 0.10522461 0.72021484
vt 0.14038086 0.8300781
vt 0.15710449 0.82714844
vt 0.17382812 0.8183594
vt 0.11932373 0.7128906
vt 0.1862793 0.80859375
vt 0.13452148 0.70751953
vt 0.20288086 0.7915039
vt 0.15527344 0.703125
vt 0.22790527 0.7631836
vt 0.17004395 0.6982422
vt 0.17907715 0.6923828
vt 0.1899414 0.68603516
vt 0.23571777 0.7583008
vt 0.20007324 0.6816406
vt 0.21228027 0.67822266
vt 0.22351074 0.6767578
vt 0.23571777 0.6777344
vt 0.24951172 0.6850586
vt 0.26245117 0.69873047
vt 0.26611328 0.71728516
vt 0.26245117 0.734375
vt 0.25610352 0.74658203
vt 0.24829102 0.75341797
vt 0.6098633 0.23669434
vt 0.61083984 0.2355957
vt 0.6074219 0.23657227
vt 0.62646484 0.15222168
vt 0.62841797 0.14978027
vt 0.62402344 0.15258789
vt 0.6196289 0.15185547
vt 0.6303711 0.1463623
vt 0.6308594 0.14343262
vt 0.6303711 0.13916016
vt 0.61328125 0.14941406
vt 0.62890625 0.13562012
vt 0.62646484 0.13122559
vt 0.6074219 0.14611816
vt 0.6225586 0.12536621
vt 0.60253906 0.14257812
vt 0.61865234 0.1204834
vt 0.5986328 0.13964844
vt 0.5961914 0.13708496
vt 0.59472656 0.13464355
vt 0.6142578 0.11517334
vt 0.5932617 0.13220215
vt 0.5917969 0.12890625
vt 0.6098633 0.10992432
vt 0.59033203 0.12658691
vt 0.58935547 0.12451172
vt 0.60498047 0.10461426
vt 0.5888672 0.12420654
vt 0.6010742 0.10089111
vt 0.60009766 0.09814453
vt 0.5986328 0.0949707
vt 0.59521484 0.089416504
vt 0.5917969 0.08428955
vt 0.5888672 0.080078125
vt 0.5864258 0.07727051
vt 0.58251953 0.07525635
vt 0.5786133 0.07397461
vt 0.5751953 0.07281494
vt 0.6201172 0.23303223
vt 0.62109375 0.23144531
vt 0.6176758 0.23339844
vt 0.61572266 0.23278809
vt 0.6230469 0.2286377
vt 0.6142578 0.2319336
vt 0.625 0.2244873
vt 0.62597656 0.21960449
vt 0.6269531 0.21435547
vt 0.56640625 0.053009033
vt 0.5649414 0.05154419
vt 0.5678711 0.054779053
vt 0.52197266 0.06011963
vt 0.57128906 0.06427002
vt 0.52246094 0.058776855
vt 0.5239258 0.05731201
vt 0.60498047 0.23596191
vt 0.6010742 0.23376465
vt 0.6123047 0.23425293
vt 0.61328125 0.23291016
vt 0.59814453 0.23095703
vt 0.5961914 0.22814941
vt 0.5932617 0.22436523
vt 0.5888672 0.21875
vt 0.6269531 0.20947266
vt 0.62646484 0.20385742
vt 0.6254883 0.19934082
vt 0.62402344 0.19580078
vt 0.58691406 0.2154541
vt 0.62109375 0.19091797
vt 0.6176758 0.18603516
vt 0.5830078 0.21069336
vt 0.6147461 0.18237305
vt 0.57910156 0.2052002
vt 0.6113281 0.17810059
vt 0.5756836 0.20007324
vt 0.5727539 0.19702148
vt 0.61035156 0.17443848
vt 0.6088867 0.17028809
vt 0.5698242 0.19421387
vt 0.6064453 0.16625977
vt 0.6040039 0.16235352
vt 0.56689453 0.19152832
vt 0.5996094 0.15600586
vt 0.5644531 0.1895752
vt 0.56103516 0.1862793
vt 0.59521484 0.15026855
vt 0.5566406 0.1821289
vt 0.59277344 0.1463623
vt 0.55322266 0.17907715
vt 0.55029297 0.17529297
vt 0.59033203 0.1430664
vt 0.546875 0.17114258
vt 0.5415039 0.16638184
vt 0.5888672 0.13830566
vt 0.58691406 0.13476562
vt 0.5859375 0.13244629
vt 0.5859375 0.13049316
vt 0.58740234 0.12658691
vt 0.54833984 0.0473938
vt 0.54589844 0.047943115
vt 0.55029297 0.04714966
vt 0.4572754 0.09857178
vt 0.46020508 0.093444824
vt 0.46313477 0.08807373
vt 0.46655273 0.08343506
vt 0.4699707 0.07952881
vt 0.47265625 0.0770874
vt 0.47607422 0.07421875
vt 0.47998047 0.07171631
vt 0.48583984 0.06817627
vt 0.49291992 0.064086914
vt 0.49926758 0.06112671
vt 0.50341797 0.059753418
vt 0.5083008 0.05935669
vt 0.51416016 0.059295654
vt 0.51904297 0.059570312
vt 0.5263672 0.05609131
vt 0.5283203 0.054840088
vt 0.53125 0.053710938
vt 0.53466797 0.052581787
vt 0.5395508 0.05102539
vt 0.56933594 0.059753418
vt 0.5439453 0.0491333
vt 0.5541992 0.04776001
vt 0.5595703 0.049468994
vt 0.53515625 0.16870117
vt 0.53271484 0.16796875
vt 0.52783203 0.16918945
vt 0.45654297 0.103149414
vt 0.4560547 0.11199951
vt 0.5234375 0.17028809
vt 0.4560547 0.119140625
vt 0.5180664 0.17126465
vt 0.5107422 0.17126465
vt 0.5053711 0.1706543
vt 0.49780273 0.16845703
vt 0.49072266 0.16589355
vt 0.4855957 0.16333008
vt 0.48168945 0.16113281
vt 0.4765625 0.15759277
vt 0.47265625 0.1541748
vt 0.46801758 0.14990234
vt 0.46435547 0.14575195
vt 0.45654297 0.12597656
vt 0.4621582 0.14221191
vt 0.46020508 0.1385498
vt 0.45874023 0.13452148
vt 0.45776367 0.13110352
vt 0.5732422 0.0692749
vn -0 0 -1
vn -0 0 -1
vn -0 0 -1
vn -0 0 -1
vn -0 0 -1
vn -0 0 -1
vn -0 0 -1
vn -0 0 -1
vn -0 0 -1
vn -0 0 -1
vn -0 0 -1
vn -0 0 -1
vn -0 0 -1
vn -0 0 -1
vn -0 0 -1
vn -0 0 -1
vn -0 0 -1
vn -0 0 -1
vn -0 0 -1
vn -0 0 -1
vn -0 0 -1
vn -0 0 -1
vn -0 0 -1
vn -0 0 -1
vn -0 0 -1
vn -0 0 -1
vn -0 0 -1
vn -0 0 -1
vn -0 0 -1
vn -0 0 -1
vn -0 0 -1
vn -0 0 -1
vn -0 0 -1
vn -0 0 -1
vn -0 0 -1
vn -0 0 -1
vn -0 0 -1
vn -0 0 -1
vn -0 0 -1
vn -0 0 -1
vn -0 0 -1
vn -0 0 -1
vn -0 0 -1
vn -0 0 -1
vn -0 0 -1
vn -0 0 -1
vn -0 0 -1
vn -0 0 -1
vn -0 0 -1
vn -0 0 -1
vn -0 0 -1
vn -0 0 -1
vn -0 0 -1
vn -0 0 -1
vn -0 0 -1
vn -0 0 -1
vn -0 0 -1
vn -0 0 -1
vn -0 0 -1
vn -0 0 -1
vn -0 0 -1
vn -0 0 -1
vn -0 0 -1
vn -0 0 -1
vn -0 0 -1
vn -0 0 -1
vn -0 0 -1
vn -0 0 -1
vn -0 0 -1
vn -0 0 -1
vn -0 0 -1
vn -0 0 -1
vn -0 0 -1
vn -0 0 -1
vn -0 0 -1
vn -0 0 -1
vn -0 0 -1
vn -0 0 -1
vn -0 0 -1
vn -0 0 -1
vn -0 0 -1
vn -0 0 -1
vn -0 0 -1
vn -0 0 -1
vn -0 0 -1
vn -0 0 -1
vn -0 0 -1
vn -0 0 -1
vn -0 0 -1
vn -0 0 -1
vn -0 0 -1
vn -0 0 -1
vn -0 0 -1
vn -0 0 -1
vn -0 0 -1
vn -0 0 -1
vn -0 0 -1
vn -0 0 -1
vn -0 0 -1
vn -0 0 -1
vn -0 0 -1
vn -0 0 -1
vn -0 0 -1
vn -0 0 -1
vn -0 0 -1
vn -0 0 -1
vn -0 0 -1
vn -0 0 -1
vn -0 0 -1
vn -0 0 -1
vn -0 0 -1
vn -0 0 -1
vn -0 0 -1
vn -0 0 -1
vn -0 0 -1
vn -0 0 -1
vn -0 0 -1
vn -0 0 -1
vn -0 0 -1
vn -0 0 -1
vn -0 0 -1
vn -0 0 -1
vn -0 0 -1
vn -0 0 -1
vn -0 0 -1
vn -0 0 -1
vn -0 0 -1
vn -0 0 -1
vn -0 0 -1
vn -0 0 -1
vn -0 0 -1
vn -0 0 -1
vn -0 0 -1
vn -0 0 -1
vn -0 0 -1
vn -0 0 -1
vn -0 0 -1
vn -0 0 -1
vn -0 0 -1
vn -0 0 -1
vn -0 0 -1
vn -0 0 -1
vn -0 0 -1
vn -0 0 -1
vn -0 0 -1
vn -0 0 -1
vn -0 0 -1
vn -0 0 -1
vn -0 0 -1
vn -0 0 -1
vn -0 0 -1
vn -0 0 -1
vn -0 0 -1
vn -0 0 -1
vn -0 0 -1
vn -0 0 -1
vn -0 0 -1
vn -0 0 -1
vn -0 0 -1
vn -0 0 -1
vn -0 0 -1
vn -0 0 -1
vn -0 0 -1
vn -0 0 -1
vn -0 0 -1
vn -0 0 -1
vn -0 0 -1
vn -0 0 -1
vn -0 0 -1
vn -0 0 -1
vn -0 0 -1
vn -0 0 -1
vn -0 0 -1
vn -0 0 -1
vn -0 0 -1
vn -0 0 -1
vn -0 0 -1
vn -0 0 -1
vn -0 0 -1
vn -0 0 -1
vn -0 0 -1
vn -0 0 -1
vn -0 0 -1
vn -0 0 -1
vn -0 0 -1
vn -0 0 -1
vn -0 0 -1
vn -0 0 -1
vn -0 0 -1
vn -0 0 -1
vn -0 0 -1
vn -0 0 -1
vn -0 0 -1
vn -0 0 -1
vn -0 0 -1
vn -0 0 -1
vn -0 0 -1
vn -0 0 -1
vn -0 0 -1
vn -0 0 -1
vn -0 0 -1
vn -0 0 -1
vn -0 0 -1
vn -0 0 -1
vn -0 0 -1
vn -0 0 -1
vn -0 0 -1
vn -0 0 -1
vn -0 0 -1
vn -0 0 -1
vn -0 0 -1
vn -0 0 -1
vn -0 0 -1
vn -0 0 -1
vn -0 0 -1
vn -0 0 -1
vn -0 0 -1
vn -0 0 -1
vn -0 0 -1
vn -0 0 -1
vn -0 0 -1
vn -0 0 -1
vn -0 0 -1
vn -0 0 -1
vn -0 0 -1
vn -0 0 -1
vn -0 0 -1
vn -0 0 -1
vn -0 0 -1
vn -0 0 -1
vn -0 0 -1
vn -0 0 -1
vn -0 0 -1
vn -0 0 -1
vn -0 0 -1
vn -0 0 -1
vn -0 0 -1
vn -0 0 -1
vn -0 0 -1
vn -0 0 -1
vn -0 0 -1
vn -0 0 -1
vn -0 0 -1
vn -0 0 -1
vn -0 0 -1
vn -0 0 -1
vn -0 0 -1
vn -0 0 -1
vn -0 0 -1
vn -0 0 -1
vn -0 0 -1
vn -0 0 -1
vn -0 0 -1
vn -0 0 -1
vn -0 0 -1
vn -0 0 -1
vn -0 0 -1
vn -0 0 -1
vn -0 0 -1
vn -0 0 -1
vn -0 0 -1
vn -0 0 -1
vn -0 0 -1
vn -0 0 -1
vn -0 0 -1
vn -0 0 -1
vn -0 0 -1
vn -0 0 -1
vn -0 0 -1
vn -0 0 -1
vn -0 0 -1
vn -0 0 -1
vn -0 0 -1
vn -0 0 -1
vn -0 0 -1
vn -0 0 -1
vn -0 0 -1
vn -0 0 -1
vn -0 0 -1
vn -0 0 -1
vn -0 0 -1
vn -0 0 -1
vn -0 0 -1
vn -0 0 -1
vn -0 0 -1
vn -0 0 -1
vn -0 0 -1
vn -0 0 -1
vn -0 0 -1
vn -0 0 -1
vn -0 0 -1
vn -0 0 -1
vn -0 0 -1
vn -0 0 -1
vn -0 0 -1
vn -0 0 -1
vn -0 0 -1
vn -0 0 -1
vn -0 0 -1
vn -0 0 -1
vn -0 0 -1
vn -0 0 -1
vn -0 0 -1
vn -0 0 -1
vn -0 0 -1
vn -0 0 -1
vn -0 0 -1
vn -0 0 -1
vn -0 0 -1
vn -0 0 -1
vn -0 0 -1
vn -0 0 -1
vn -0 0 -1
vn -0 0 -1
vn -0 0 -1
vn -0 0 -1
vn -0 0 -1
vn -0 0 -1
vn -0 0 -1
vn -0 0 -1
vn -0 0 -1
vn -0 0 -1
vn -0 0 -1
vn -0 0 -1
vn -0 0 -1
vn -0 0 -1
vn -0 0 -1
vn -0 0 -1
vn -0 0 -1
vn -0 0 -1
vn -0 0 -1
vn -0 0 -1
vn -0 0 -1
vn -0 0 -1
vn -0 0 -1
vn -0 0 -1
vn -0 0 -1
vn -0 0 -1
vn -0 0 -1
vn -0 0 -1
vn -0 0 -1
vn -0 0 -1
vn -0 0 -1
vn -0 0 -1
vn -0 0 -1
vn -0 0 -1
vn -0 0 -1
vn -0 0 -1
vn -0 0 -1
vn -0 0 -1
vn -0 0 -1
vn -0 0 -1
vn -0 0 -1
vn -0 0 -1
vn -0 0 -1
vn -0 0 -1
vn -0 0 -1
vn -0 0 -1
vn -0 0 -1
vn -0 0 -1
vn -0 0 -1
vn -0 0 -1
vn -0 0 -1
vn -0 0 -1
vn -0 0 -1
vn -0 0 -1
vn -0 0 -1
vn -0 0 -1
vn -0 0 -1
vn -0 0 -1
vn -0 0 -1
vn -0 0 -1
vn -0 0 -1
vn -0 0 -1
vn -0 0 -1
vn -0 0 -1
vn -0 0 -1
vn -0 0 -1
vn -0 0 -1
vn -0 0 -1
vn -0 0 -1
vn -0 0 -1
vn -0 0 -1
vn -0 0 -1
vn -0 0 -1
vn -0 0 -1
vn -0 0 -1
vn -0 0 -1
vn -0 0 -1
vn -0 0 -1
vn -0 0 -1
vn -0 0 -1
vn -0 0 -1
vn -0 0 -1
vn -0 0 -1
vn -0 0 -1
vn -0 0 -1
vn -0 0 -1
vn -0 0 -1
vn -0 0 -1
vn -0 0 -1
vn -0 0 -1
vn -0 0 -1
vn -0 0 -1
vn -0 0 -1
vn -0 0 -1
vn -0 0 -1
vn -0 0 -1
vn -0 0 -1
vn -0 0 -1
vn -0 0 -1
vn -0 0 -1
vn -0 0 -1
vn -0 0 -1
vn -0 0 -1
vn -0 0 -1
vn -0 0 -1
vn -0 0 -1
vn -0 0 -1
vn -0 0 -1
vn -0 0 -1
vn -0 0 -1
vn -0 0 -1
vn -0 0 -1
vn -0 0 -1
vn -0 0 -1
vn -0 0 -1
vn -0 0 -1
vn -0 0 -1
vn -0 0 -1
vn -0 0 -1
vn -0 0 -1
vn -0 0 -1
vn -0 0 -1
vn -0 0 -1
vn -0 0 -1
vn -0 0 -1
vn -0 0 -1
vn -0 0 -1
vn -0 0 -1
vn -0 0 -1
vn -0 0 -1
vn -0 0 -1
vn -0 0 -1
vn -0 0 -1
vn -0 0 -1
vn -0 0 -1
vn -0 0 -1
vn -0 0 -1
vn -0 0 -1
vn -0 0 -1
vn -0 0 -1
vn -0 0 -1
vn -0 0 -1
vn -0 0 -1
vn -0 0 -1
vn -0 0 -1
vn -0 0 -1
vn -0 0 -1
vn -0 0 -1
vn -0 0 -1
vn -0 0 -1
vn -0 0 -1
vn -0 0 -1
vn -0 0 -1
vn -0 0 -1
vn -0 0 -1
vn -0 0 -1
vn -0 0 -1
vn -0 0 -1
vn -0 0 -1
vn -0 0 -1
vn -0 0 -1
vn -0 0 -1
vn -0 0 -1
vn -0 0 -1
vn -0 0 -1
vn -0 0 -1
vn -0 0 -1
vn -0 0 -1
vn -0 0 -1
vn -0 0 -1
vn -0 0 -1
vn -0 0 -1
vn -0 0 -1
vn -0 0 -1
vn -0 0 -1
vn -0 0 -1
vn -0 0 -1
vn -0 0 -1
vn -0 0 -1
vn -0 0 -1
vn -0 0 -1
vn -0 0 -1
vn -0 0 -1
vn -0 0 -1
vn -0 0 -1
vn -0 0 -1
vn -0 0 -1
vn -0 0 -1
vn -0 0 -1
vn -0 0 -1
vn -0 0 -1
vn -0 0 -1
vn -0 0 -1
vn -0 0 -1
vn -0 0 -1
vn -0 0 -1
vn -0 0 -1
vn -0 0 -1
vn -0 0 -1
vn -0 0 -1
vn -0 0 -1
vn -0 0 -1
vn -0 0 -1
vn -0 0 -1
vn -0 0 -1
vn -0 0 -1
vn -0 0 -1
vn -0 0 -1
vn -0 0 -1
vn -0 0 -1
vn -0 0 -1
vn -0 0 -1
vn -0 0 -1
vn -0 0 -1
vn -0 0 -1
vn -0 0 -1
vn -0 0 -1
vn -0 0 -1
vn -0 0 -1
vn -0 0 -1
vn -0 0 -1
vn -0 0 -1
vn -0 0 -1
vn -0 0 -1
vn -0 0 -1
vn -0 0 -1
vn -0 0 -1
vn -0 0 -1
vn -0 0 -1
vn -0 0 -1
vn -0 0 -1
vn -0 0 -1
vn -0 0 -1
vn -0 0 -1
vn -0 0 -1
vn -0 0 -1
vn -0 0 -1
vn -0 0 -1
vn -0 0 -1
vn -0 0 -1
vn -0 0 -1
vn -0 0 -1
vn -0 0 -1
vn -0 0 -1
vn -0 0 -1
vn -0 0 -1
vn -0 0 -1
vn -0 0 -1
vn -0 0 -1
vn -0 0 -1
vn -0 0 -1
vn -0 0 -1
vn -0 0 -1
vn -0 0 -1
vn -0 0 -1
vn -0 0 -1
vn -0 0 -1
vn -0 0 -1
vn -0 0 -1
vn -0 0 -1
vn -0 0 -1
vn -0 0 -1
vn -0 0 -1
vn -0 0 -1
vn -0 0 -1
vn -0 0 -1
vn -0 0 -1
vn -0 0 -1
vn -0 0 -1
vn -0 0 -1
vn -0 0 -1
vn -0 0 -1
vn -0 0 -1
vn -0 0 -1
vn -0 0 -1
vn -0 0 -1
vn -0 0 -1
vn -0 0 -1
vn -0 0 -1
vn -0 0 -1
vn -0 0 -1
vn -0 0 -1
vn -0 0 -1
vn -0 0 -1
vn -0 0 -1
vn -0 0 -1
vn -0 0 -1
vn -0 0 -1
vn -0 0 -1
vn -0 0 -1
vn -0 0 -1
vn -0 0 -1
vn -0 0 -1
vn -0 0 -1
vn -0 0 -1
vn -0 0 -1
vn -0 0 -1
vn -0 0 -1
vn -0 0 -1
vn -0 0 -1
vn -0 0 -1
vn -0 0 -1
vn -0 0 -1
vn -0 0 -1
vn -0 0 -1
vn -0 0 -1
vn -0 0 -1
vn -0 0 -1
vn -0 0 -1
vn -0 0 -1
vn -0 0 -1
vn -0 0 -1
vn -0 0 -1
vn -0 0 -1
vn -0 0 -1
vn -0 0 -1
vn -0 0 -1
vn -0 0 -1
vn -0 0 -1
vn -0 0 -1
vn -0 0 -1
vn -0 0 -1
vn -0 0 -1
vn -0 0 -1
vn -0 0 -1
vn -0 0 -1
vn -0 0 -1
vn -0 0 -1
vn -0 0 -1
vn -0 0 -1
vn -0 0 -1
vn -0 0 -1
vn -0 0 -1
vn -0 0 -1
vn -0 0 -1
vn -0 0 -1
vn -0 0 -1
vn -0 0 -1
vn -0 0 -1
vn -0 0 -1
vn -0 0 -1
vn -0 0 -1
vn -0 0 -1
vn -0 0 -1
vn -0 0 -1
vn -0 0 -1
vn -0 0 -1
vn -0 0 -1
vn -0 0 -1
vn -0 0 -1
vn -0 0 -1
vn -0 0 -1
vn -0 0 -1
vn -0 0 -1
vn -0 0 -1
vn -0 0 -1
vn -0 0 -1
vn -0 0 -1
vn -0 0 -1
vn -0 0 -1
vn -0 0 -1
vn -0 0 -1
vn -0 0 -1
vn -0 0 -1
vn -0 0 -1
vn -0 0 -1
vn -0 0 -1
vn -0 0 -1
vn -0 0 -1
vn -0 0 -1
vn -0 0 -1
vn -0 0 -1
vn -0 0 -1
vn -0 0 -1
vn -0 0 -1
vn -0 0 -1
vn -0 0 -1
vn -0 0 -1
vn -0 0 -1
vn -0 0 -1
vn -0 0 -1
vn -0 0 -1
vn -0 0 -1
vn -0 0 -1
vn -0 0 -1
vn -0 0 -1
vn -0 0 -1
vn -0 0 -1
vn -0 0 -1
vn -0 0 -1
vn -0 0 -1
vn -0 0 -1
vn -0 0 -1
vn -0 0 -1
vn -0 0 -1
vn -0 0 -1
vn -0 0 -1
vn -0 0 -1
vn -0 0 -1
vn -0 0 -1
vn -0 0 -1
vn -0 0 -1
vn -0 0 -1
vn -0 0 -1
vn -0 0 -1
vn -0 0 -1
vn -0 0 -1
vn -0 0 -1
vn -0 0 -1
vn -0 0 -1
vn -0 0 -1
vn -0 0 -1
vn -0 0 -1
vn -0 0 -1
vn -0 0 -1
vn -0 0 -1
vn -0 0 -1
vn -0 0 -1
vn -0 0 -1
vn -0 0 -1
vn -0 0 -1
vn -0 0 -1
vn -0 0 -1
vn -0 0 -1
vn -0 0 -1
vn -0 0 -1
vn -0 0 -1
vn -0 0 -1
vn -0 0 -1
vn -0 0 -1
vn -0 0 -1
vn -0 0 -1
vn -0 0 -1
vn -0 0 -1
vn -0 0 -1
vn -0 0 -1
vn -0 0 -1
vn -0 0 -1
vn -0 0 -1
vn -0 0 -1
vn -0 0 -1
vn -0 0 -1
vn -0 0 -1
vn -0 0 -1
vn -0 0 -1
vn -0 0 -1
vn -0 0 -1
vn -0 0 -1
vn -0 0 -1
vn -0 0 -1
vn -0 0 -1
vn -0 0 -1
vn -0 0 -1
vn -0 0 -1
vn -0 0 -1
vn -0 0 -1
vn -0 0 -1
vn -0 0 -1
vn -0 0 -1
vn -0 0 -1
vn -0 0 -1
vn -0 0 -1
vn -0 0 -1
vn -0 0 -1
vn -0 0 -1
vn -0 0 -1
vn -0 0 -1
vn -0 0 -1
vn -0 0 -1
vn -0 0 -1
vn -0 0 -1
vn -0 0 -1
vn -0 0 -1
vn -0 0 -1
vn -0 0 -1
vn -0 0 -1
vn -0 0 -1
vn -0 0 -1
vn -0 0 -1
vn -0 0 -1
vn -0 0 -1
vn -0 0 -1
vn -0 0 -1
vn -0 0 -1
vn -0 0 -1
vn -0 0 -1
vn -0 0 -1
vn -0 0 -1
vn -0 0 -1
vn -0 0 -1
vn -0 0 -1
vn -0 0 -1
vn -0 0 -1
vn -0 0 -1
vn -0 0 -1
vn -0 0 -1
vn -0 0 -1
vn -0 0 -1
vn -0 0 -1
vn -0 0 -1
vn -0 0 -1
vn -0 0 -1
vn -0 0 -1
vn -0 0 -1
vn -0 0 -1
vn -0 0 -1
vn -0 0 -1
vn -0 0 -1
vn -0 0 -1
vn -0 0 -1
vn -0 0 -1
vn -0 0 -1
vn -0 0 -1
vn -0 0 -1
vn -0 0 -1
vn -0 0 -1
vn -0 0 -1
vn -0 0 -1
vn -0 0 -1
vn -0 0 -1
vn -0 0 -1
vn -0 0 -1
vn -0 0 -1
vn -0 0 -1
vn -0 0 -1
vn -0 0 -1
vn -0 0 -1
vn -0 0 -1
vn -0 0 -1
vn -0 0 -1
vn -0 0 -1
vn -0 0 -1
vn -0 0 -1
vn -0 0 -1
vn -0 0 -1
vn -0 0 -1
vn -0 0 -1
vn -0 0 -1
vn -0 0 -1
vn -0 0 -1
vn -0 0 -1
vn -0 0 -1
vn -0 0 -1
vn -0 0 -1
vn -0 0 -1
vn -0 0 -1
vn -0 0 -1
vn -0 0 -1
vn -0 0 -1
vn -0 0 -1
vn -0 0 -1
vn -0 0 -1
vn -0 0 -1
vn -0 0 -1
vn -0 0 -1
vn -0 0 -1
vn -0 0 -1
vn -0 0 -1
vn -0 0 -1
vn -0 0 -1
vn -0 0 -1
vn -0 0 -1
vn -0 0 -1
vn -0 0 -1
vn -0 0 -1
vn -0 0 -1
vn -0 0 -1
vn -0 0 -1
vn -0 0 -1
vn -0 0 -1
vn -0 0 -1
vn -0 0 -1
vn -0 0 -1
vn -0 0 -1
vn -0 0 -1
vn -0 0 -1
vn -0 0 -1
vn -0 0 -1
vn -0 0 -1
vn -0 0 -1
vn -0 0 -1
vn -0 0 -1
vn -0 0 -1
vn -0 0 -1
vn -0 0 -1
vn -0 0 -1
vn -0 0 -1
vn -0 0 -1
vn -0 0 -1
vn -0 0 -1
vn -0 0 -1
vn -0 0 -1
vn -0 0 -1
vn -0 0 -1
vn -0 0 -1
vn -0 0 -1
vn -0 0 -1
vn -0 0 -1
vn -0 0 -1
vn -0 0 -1
vn -0 0 -1
vn -0 0 -1
vn -0 0 -1
vn -0 0 -1
vn -0 0 -1
vn -0 0 -1
vn -0 0 -1
vn -0 0 -1
vn -0 0 -1
vn -0 0 -1
vn -0 0 -1
vn -0 0 -1
vn -0 0 -1
vn -0 0 -1
vn -0 0 -1
vn -0 0 -1
vn -0 0 -1
vn -0 0 -1
vn -0 0 -1
vn -0 0 -1
vn -0 0 -1
vn -0 0 -1
vn -0 0 -1
vn -0 0 -1
vn -0 0 -1
vn -0 0 -1
vn -0 0 -1
vn -0 0 -1
vn -0 0 -1
vn -0 0 -1
vn -0 0 -1
vn -0 0 -1
vn -0 0 -1
vn -0 0 -1
vn -0 0 -1
vn -0 0 -1
vn -0 0 -1
vn -0 0 -1
vn -0 0 -1
vn -0 0 -1
vn -0 0 -1
vn -0 0 -1
vn -0 0 -1
vn -0 0 -1
vn -0 0 -1
vn -0 0 -1
vn -0 0 -1
vn -0 0 -1
vn -0 0 -1
vn -0 0 -1
vn -0 0 -1
vn -0 0 -1
vn -0 0 -1
vn -0 0 -1
vn -0 0 -1
vn -0 0 -1
vn -0 0 -1
vn -0 0 -1
vn -0 0 -1
vn -0 0 -1
vn -0 0 -1
vn -0 0 -1
vn -0 0 -1
vn -0 0 -1
vn -0 0 -1
vn -0 0 -1
vn -0 0 -1
vn -0 0 -1
vn -0 0 -1
vn -0 0 -1
vn -0 0 -1
vn -0 0 -1
vn -0 0 -1
vn -0 0 -1
vn -0 0 -1
vn -0 0 -1
vn -0 0 -1
vn -0 0 -1
vn -0 0 -1
vn -0 0 -1
vn -0 0 -1
vn -0 0 -1
vn -0 0 -1
vn -0 0 -1
vn -0 0 -1
vn -0 0 -1
vn -0 0 -1
vn -0 0 -1
vn -0 0 -1
vn -0 0 -1
vn -0 0 -1
vn -0 0 -1
vn -0 0 -1
vn -0 0 -1
vn -0 0 -1
vn -0 0 -1
g cTR_20_000140_00_KYOU_SR_L_SB_0
f 3/3/3 2/2/2 1/1/1
f 4/4/4 2/2/2 3/3/3
f 5/5/5 2/2/2 4/4/4
f 6/6/6 2/2/2 5/5/5
f 7/7/7 2/2/2 6/6/6
f 10/10/10 9/9/9 8/8/8
f 11/11/11 9/9/9 10/10/10
f 11/11/11 12/12/12 9/9/9
f 11/11/11 13/13/13 12/12/12
f 11/11/11 14/14/14 13/13/13
f 15/15/15 14/14/14 11/11/11
f 15/15/15 16/16/16 14/14/14
f 15/15/15 17/17/17 16/16/16
f 15/15/15 18/18/18 17/17/17
f 19/19/19 18/18/18 15/15/15
f 19/19/19 20/20/20 18/18/18
f 20/20/20 22/22/22 21/21/21
f 20/20/20 23/23/23 22/22/22
f 20/20/20 24/24/24 23/23/23
f 2/2/2 26/26/26 25/25/25
f 2/2/2 27/27/27 26/26/26
f 2/2/2 28/28/28 27/27/27
f 31/31/31 30/30/30 29/29/29
f 30/30/30 31/31/31 32/32/32
f 20/20/20 34/34/34 33/33/33
f 20/20/20 35/35/35 34/34/34
f 20/20/20 36/36/36 35/35/35
f 36/36/36 20/20/20 37/37/37
f 20/20/20 38/38/38 24/24/24
f 38/38/38 20/20/20 39/39/39
f 20/20/20 41/41/41 40/40/40
f 41/41/41 20/20/20 42/42/42
f 45/45/45 44/44/44 43/43/43
f 44/44/44 45/45/45 40/40/40
f 47/47/47 29/29/29 46/46/46
f 48/48/48 29/29/29 47/47/47
f 49/49/49 29/29/29 48/48/48
f 31/31/31 29/29/29 49/49/49
f 51/51/51 50/50/50 31/31/31
f 51/51/51 52/52/52 50/50/50
f 53/53/53 52/52/52 51/51/51
f 31/31/31 55/55/55 54/54/54
f 55/55/55 31/31/31 50/50/50
f 31/31/31 56/56/56 32/32/32
f 56/56/56 31/31/31 54/54/54
f 2/2/2 58/58/58 57/57/57
f 58/58/58 2/2/2 29/29/29
f 2/2/2 60/60/60 59/59/59
f 60/60/60 2/2/2 57/57/57
f 61/61/61 2/2/2 25/25/25
f 62/62/62 2/2/2 61/61/61
f 64/64/64 62/62/62 63/63/63
f 65/65/65 2/2/2 64/64/64
f 1/1/1 2/2/2 65/65/65
f 20/20/20 66/66/66 39/39/39
f 66/66/66 20/20/20 33/33/33
f 37/37/37 20/20/20 19/19/19
f 42/42/42 20/20/20 21/21/21
f 40/40/40 67/67/67 20/20/20
f 40/40/40 45/45/45 67/67/67
f 43/43/43 68/68/68 45/45/45
f 69/69/69 68/68/68 43/43/43
f 69/69/69 70/70/70 68/68/68
f 71/71/71 70/70/70 69/69/69
f 72/72/72 70/70/70 71/71/71
f 72/72/72 73/73/73 70/70/70
f 2/2/2 73/73/73 72/72/72
f 2/2/2 74/74/74 73/73/73
f 2/2/2 75/75/75 74/74/74
f 2/2/2 7/7/7 75/75/75
f 2/2/2 62/62/62 64/64/64
f 2/2/2 59/59/59 28/28/28
f 46/46/46 29/29/29 2/2/2
f 78/78/78 77/77/77 76/76/76
f 81/81/81 80/80/80 79/79/79
f 82/82/82 80/80/80 81/81/81
f 85/85/85 84/84/84 83/83/83
f 86/86/86 84/84/84 85/85/85
f 89/89/89 88/88/88 87/87/87
f 88/88/88 89/89/89 90/90/90
f 93/93/93 92/92/92 91/91/91
f 94/94/94 92/92/92 93/93/93
f 96/96/96 79/79/79 95/95/95
f 81/81/81 79/79/79 96/96/96
f 98/98/98 97/97/97 79/79/79
f 98/98/98 99/99/99 97/97/97
f 98/98/98 100/100/100 99/99/99
f 103/103/103 102/102/102 101/101/101
f 104/104/104 102/102/102 103/103/103
f 107/107/107 106/106/106 105/105/105
f 106/106/106 107/107/107 108/108/108
f 107/107/107 109/109/109 102/102/102
f 109/109/109 107/107/107 105/105/105
f 89/89/89 111/111/111 110/110/110
f 111/111/111 89/89/89 87/87/87
f 114/114/114 113/113/113 112/112/112
f 113/113/113 114/114/114 84/84/84
f 115/115/115 92/92/92 94/94/94
f 116/116/116 92/92/92 115/115/115
f 118/118/118 117/117/117 116/116/116
f 119/119/119 117/117/117 118/118/118
f 119/119/119 121/121/121 120/120/120
f 121/121/121 119/119/119 79/79/79
f 119/119/119 123/123/123 122/122/122
f 123/123/123 119/119/119 120/120/120
f 119/119/119 125/125/125 124/124/124
f 125/125/125 119/119/119 122/122/122
f 112/112/112 126/126/126 114/114/114
f 126/126/126 112/112/112 127/127/127
f 128/128/128 84/84/84 114/114/114
f 129/129/129 84/84/84 128/128/128
f 84/84/84 131/131/131 130/130/130
f 131/131/131 84/84/84 129/129/129
f 84/84/84 133/133/133 132/132/132
f 133/133/133 84/84/84 134/134/134
f 84/84/84 136/136/136 135/135/135
f 136/136/136 84/84/84 137/137/137
f 84/84/84 138/138/138 83/83/83
f 138/138/138 84/84/84 135/135/135
f 141/141/141 140/140/140 139/139/139
f 142/142/142 102/102/102 104/104/104
f 143/143/143 102/102/102 142/142/142
f 107/107/107 143/143/143 144/144/144
f 145/145/145 108/108/108 107/107/107
f 77/77/77 108/108/108 145/145/145
f 77/77/77 146/146/146 108/108/108
f 146/146/146 77/77/77 78/78/78
f 102/102/102 143/143/143 107/107/107
f 102/102/102 141/141/141 101/101/101
f 102/102/102 140/140/140 141/141/141
f 102/102/102 89/89/89 140/140/140
f 90/90/90 89/89/89 102/102/102
f 147/147/147 89/89/89 110/110/110
f 147/147/147 86/86/86 89/89/89
f 84/84/84 86/86/86 147/147/147
f 84/84/84 132/132/132 137/137/137
f 84/84/84 130/130/130 134/134/134
f 112/112/112 92/92/92 127/127/127
f 91/91/91 92/92/92 112/112/112
f 116/116/116 117/117/117 92/92/92
f 119/119/119 124/124/124 117/117/117
f 95/95/95 79/79/79 119/119/119
f 148/148/148 79/79/79 80/80/80
f 98/98/98 79/79/79 148/148/148
f 151/151/151 150/150/150 149/149/149
f 152/152/152 150/150/150 151/151/151
f 152/152/152 153/153/153 150/150/150
f 154/154/154 153/153/153 152/152/152
f 155/155/155 153/153/153 154/154/154
f 155/155/155 156/156/156 153/153/153
f 157/157/157 156/156/156 155/155/155
f 157/157/157 158/158/158 156/156/156
f 159/159/159 158/158/158 157/157/157
f 160/160/160 158/158/158 159/159/159
f 161/161/161 158/158/158 160/160/160
f 161/161/161 162/162/162 158/158/158
f 163/163/163 162/162/162 161/161/161
f 164/164/164 162/162/162 163/163/163
f 164/164/164 165/165/165 162/162/162
f 164/164/164 166/166/166 165/165/165
f 167/167/167 166/166/166 164/164/164
f 168/168/168 166/166/166 167/167/167
f 169/169/169 166/166/166 168/168/168
f 170/170/170 166/166/166 169/169/169
f 170/170/170 171/171/171 166/166/166
f 170/170/170 172/172/172 171/171/171
f 170/170/170 173/173/173 172/172/172
f 170/170/170 174/174/174 173/173/173
f 170/170/170 175/175/175 174/174/174
f 176/176/176 175/175/175 170/170/170
f 177/177/177 175/175/175 176/176/176
f 177/177/177 178/178/178 175/175/175
f 180/180/180 177/177/177 179/179/179
f 180/180/180 178/178/178 177/177/177
f 181/181/181 178/178/178 180/180/180
f 182/182/182 178/178/178 181/181/181
f 183/183/183 178/178/178 182/182/182
f 183/183/183 184/184/184 178/178/178
f 185/185/185 184/184/184 183/183/183
f 185/185/185 186/186/186 184/184/184
f 185/185/185 187/187/187 186/186/186
f 185/185/185 188/188/188 187/187/187
f 185/185/185 189/189/189 188/188/188
f 190/190/190 189/189/189 185/185/185
f 191/191/191 189/189/189 190/190/190
f 191/191/191 192/192/192 189/189/189
f 191/191/191 193/193/193 192/192/192
f 191/191/191 194/194/194 193/193/193
f 191/191/191 195/195/195 194/194/194
f 196/196/196 195/195/195 191/191/191
f 196/196/196 197/197/197 195/195/195
f 196/196/196 198/198/198 197/197/197
f 199/199/199 198/198/198 196/196/196
f 199/199/199 200/200/200 198/198/198
f 199/199/199 201/201/201 200/200/200
f 202/202/202 201/201/201 199/199/199
f 203/203/203 201/201/201 202/202/202
f 204/204/204 201/201/201 203/203/203
f 205/205/205 201/201/201 204/204/204
f 205/205/205 206/206/206 201/201/201
f 205/205/205 207/207/207 206/206/206
f 205/205/205 208/208/208 207/207/207
f 205/205/205 209/209/209 208/208/208
f 205/205/205 210/210/210 209/209/209
f 205/205/205 211/211/211 210/210/210
f 205/205/205 212/212/212 211/211/211
f 213/213/213 212/212/212 205/205/205
f 213/213/213 214/214/214 212/212/212
f 213/213/213 215/215/215 214/214/214
f 216/216/216 215/215/215 213/213/213
f 216/216/216 217/217/217 215/215/215
f 216/216/216 218/218/218 217/217/217
f 216/216/216 219/219/219 218/218/218
f 216/216/216 220/220/220 219/219/219
f 216/216/216 221/221/221 220/220/220
f 222/222/222 221/221/221 216/216/216
f 222/222/222 223/223/223 221/221/221
f 222/222/222 224/224/224 223/223/223
f 225/225/225 224/224/224 222/222/222
f 225/225/225 226/226/226 224/224/224
f 227/227/227 226/226/226 225/225/225
f 228/228/228 226/226/226 227/227/227
f 229/229/229 226/226/226 228/228/228
f 232/232/232 231/231/231 230/230/230
f 232/232/232 233/233/233 231/231/231
f 234/234/234 233/233/233 232/232/232
f 235/235/235 233/233/233 234/234/234
f 236/236/236 233/233/233 235/235/235
f 236/236/236 237/237/237 233/233/233
f 236/236/236 238/238/238 237/237/237
f 236/236/236 239/239/239 238/238/238
f 240/240/240 239/239/239 236/236/236
f 241/241/241 239/239/239 240/240/240
f 241/241/241 242/242/242 239/239/239
f 241/241/241 243/243/243 242/242/242
f 241/241/241 244/244/244 243/243/243
f 245/245/245 244/244/244 241/241/241
f 245/245/245 246/246/246 244/244/244
f 245/245/245 247/247/247 246/246/246
f 248/248/248 247/247/247 245/245/245
f 249/249/249 247/247/247 248/248/248
f 250/250/250 247/247/247 249/249/249
f 251/251/251 247/247/247 250/250/250
f 252/252/252 247/247/247 251/251/251
f 253/253/253 247/247/247 252/252/252
f 254/254/254 247/247/247 253/253/253
f 255/255/255 247/247/247 254/254/254
f 258/258/258 257/257/257 256/256/256
f 259/259/259 257/257/257 258/258/258
f 259/259/259 260/260/260 257/257/257
f 259/259/259 261/261/261 260/260/260
f 230/230/230 261/261/261 259/259/259
f 231/231/231 261/261/261 230/230/230
g cTR_20_000140_00_KYOU_SR_L_SB_1
f 264/264/264 263/263/263 262/262/262
f 267/267/267 266/266/266 265/265/265
f 267/267/267 268/268/268 266/266/266
f 269/269/269 268/268/268 267/267/267
f 270/270/270 268/268/268 269/269/269
f 270/270/270 271/271/271 268/268/268
f 272/272/272 271/271/271 270/270/270
f 272/272/272 273/273/273 271/271/271
f 274/274/274 273/273/273 272/272/272
f 274/274/274 275/275/275 273/273/273
f 276/276/276 275/275/275 274/274/274
f 276/276/276 277/277/277 275/275/275
f 278/278/278 277/277/277 276/276/276
f 278/278/278 279/279/279 277/277/277
f 280/280/280 279/279/279 278/278/278
f 280/280/280 281/281/281 279/279/279
f 282/282/282 281/281/281 280/280/280
f 282/282/282 283/283/283 281/281/281
f 284/284/284 283/283/283 282/282/282
f 285/285/285 283/283/283 284/284/284
f 285/285/285 286/286/286 283/283/283
f 287/287/287 286/286/286 285/285/285
f 287/287/287 288/288/288 286/286/286
f 289/289/289 288/288/288 287/287/287
f 289/289/289 290/290/290 288/288/288
f 291/291/291 290/290/290 289/289/289
f 292/292/292 290/290/290 291/291/291
f 293/293/293 290/290/290 292/292/292
f 294/294/294 290/290/290 293/293/293
f 294/294/294 295/295/295 290/290/290
f 294/294/294 296/296/296 295/295/295
f 297/297/297 296/296/296 294/294/294
f 297/297/297 298/298/298 296/296/296
f 299/299/299 298/298/298 297/297/297
f 299/299/299 300/300/300 298/298/298
f 301/301/301 300/300/300 299/299/299
f 301/301/301 302/302/302 300/300/300
f 303/303/303 302/302/302 301/301/301
f 303/303/303 304/304/304 302/302/302
f 303/303/303 305/305/305 304/304/304
f 306/306/306 305/305/305 303/303/303
f 306/306/306 307/307/307 305/305/305
f 306/306/306 308/308/308 307/307/307
f 306/306/306 309/309/309 308/308/308
f 310/310/310 309/309/309 306/306/306
f 311/311/311 309/309/309 310/310/310
f 312/312/312 309/309/309 311/311/311
f 312/312/312 313/313/313 309/309/309
f 314/314/314 313/313/313 312/312/312
f 315/315/315 313/313/313 314/314/314
f 316/316/316 313/313/313 315/315/315
f 317/317/317 313/313/313 316/316/316
f 318/318/318 313/313/313 317/317/317
f 318/318/318 319/319/319 313/313/313
f 320/320/320 319/319/319 318/318/318
f 320/320/320 321/321/321 319/319/319
f 320/320/320 322/322/322 321/321/321
f 323/323/323 322/322/322 320/320/320
f 323/323/323 324/324/324 322/322/322
f 325/325/325 324/324/324 323/323/323
f 325/325/325 326/326/326 324/324/324
f 327/327/327 326/326/326 325/325/325
f 327/327/327 328/328/328 326/326/326
f 263/263/263 328/328/328 327/327/327
f 264/264/264 328/328/328 263/263/263
f 331/331/331 330/330/330 329/329/329
f 332/332/332 330/330/330 331/331/331
f 335/335/335 334/334/334 333/333/333
f 338/338/338 337/337/337 336/336/336
f 337/337/337 338/338/338 339/339/339
f 342/342/342 341/341/341 340/340/340
f 343/343/343 341/341/341 342/342/342
f 338/338/338 344/344/344 339/339/339
f 338/338/338 345/345/345 344/344/344
f 338/338/338 346/346/346 345/345/345
f 347/347/347 338/338/338 336/336/336
f 347/347/347 348/348/348 338/338/338
f 349/349/349 348/348/348 347/347/347
f 349/349/349 350/350/350 348/348/348
f 330/330/330 350/350/350 349/349/349
f 330/330/330 332/332/332 350/350/350
f 330/330/330 351/351/351 329/329/329
f 330/330/330 352/352/352 351/351/351
f 353/353/353 352/352/352 330/330/330
f 353/353/353 354/354/354 352/352/352
f 355/355/355 354/354/354 353/353/353
f 355/355/355 356/356/356 354/354/354
f 357/357/357 356/356/356 355/355/355
f 357/357/357 358/358/358 356/356/356
f 357/357/357 359/359/359 358/358/358
f 357/357/357 360/360/360 359/359/359
f 361/361/361 360/360/360 357/357/357
f 361/361/361 362/362/362 360/360/360
f 361/361/361 363/363/363 362/362/362
f 364/364/364 363/363/363 361/361/361
f 364/364/364 365/365/365 363/363/363
f 364/364/364 366/366/366 365/365/365
f 367/367/367 366/366/366 364/364/364
f 367/367/367 368/368/368 366/366/366
f 367/367/367 369/369/369 368/368/368
f 370/370/370 369/369/369 367/367/367
f 370/370/370 371/371/371 369/369/369
f 370/370/370 372/372/372 371/371/371
f 373/373/373 372/372/372 370/370/370
f 373/373/373 374/374/374 372/372/372
f 373/373/373 375/375/375 374/374/374
f 376/376/376 375/375/375 373/373/373
f 376/376/376 377/377/377 375/375/375
f 376/376/376 378/378/378 377/377/377
f 342/342/342 378/378/378 376/376/376
f 342/342/342 379/379/379 378/378/378
f 342/342/342 340/340/340 379/379/379
f 380/380/380 340/340/340 341/341/341
f 380/380/380 335/335/335 340/340/340
f 334/334/334 335/335/335 380/380/380
f 383/383/383 382/382/382 381/381/381
f 383/383/383 384/384/384 382/382/382
f 385/385/385 384/384/384 383/383/383
f 385/385/385 386/386/386 384/384/384
f 387/387/387 386/386/386 385/385/385
f 387/387/387 388/388/388 386/386/386
f 387/387/387 389/389/389 388/388/388
f 387/387/387 390/390/390 389/389/389
f 387/387/387 391/391/391 390/390/390
f 392/392/392 391/391/391 387/387/387
f 393/393/393 391/391/391 392/392/392
f 394/394/394 391/391/391 393/393/393
f 395/395/395 391/391/391 394/394/394
f 396/396/396 391/391/391 395/395/395
f 397/397/397 391/391/391 396/396/396
f 398/398/398 391/391/391 397/397/397
f 399/399/399 391/391/391 398/398/398
f 400/400/400 391/391/391 399/399/399
f 401/401/401 391/391/391 400/400/400
f 402/402/402 391/391/391 401/401/401
f 403/403/403 391/391/391 402/402/402
f 404/404/404 391/391/391 403/403/403
f 405/405/405 391/391/391 404/404/404
f 406/406/406 391/391/391 405/405/405
f 407/407/407 391/391/391 406/406/406
f 408/408/408 391/391/391 407/407/407
f 409/409/409 391/391/391 408/408/408
f 409/409/409 410/410/410 391/391/391
f 411/411/411 410/410/410 409/409/409
f 412/412/412 410/410/410 411/411/411
f 412/412/412 413/413/413 410/410/410
f 414/414/414 413/413/413 412/412/412
f 381/381/381 382/382/382 415/415/415
f 382/382/382 416/416/416 415/415/415
f 382/382/382 417/417/417 416/416/416
f 382/382/382 418/418/418 417/417/417
f 419/419/419 418/418/418 382/382/382
f 419/419/419 420/420/420 418/418/418
f 421/421/421 420/420/420 419/419/419
f 421/421/421 422/422/422 420/420/420
f 423/423/423 422/422/422 421/421/421
f 424/424/424 422/422/422 423/423/423
f 425/425/425 422/422/422 424/424/424
f 425/425/425 426/426/426 422/422/422
f 425/425/425 427/427/427 426/426/426
f 425/425/425 256/256/256 427/427/427
f 428/428/428 256/256/256 425/425/425
f 258/258/258 256/256/256 428/428/428
f 431/431/431 430/430/430 429/429/429
f 434/434/434 433/433/433 432/432/432
f 434/434/434 435/435/435 433/433/433
f 436/436/436 435/435/435 434/434/434
f 437/437/437 435/435/435 436/436/436
f 437/437/437 438/438/438 435/435/435
f 439/439/439 438/438/438 437/437/437
f 439/439/439 440/440/440 438/438/438
f 441/441/441 440/440/440 439/439/439
f 442/442/442 440/440/440 441/441/441
f 442/442/442 443/443/443 440/440/440
f 444/444/444 443/443/443 442/442/442
f 444/444/444 445/445/445 443/443/443
f 446/446/446 445/445/445 444/444/444
f 446/446/446 447/447/447 445/445/445
f 448/448/448 447/447/447 446/446/446
f 448/448/448 449/449/449 447/447/447
f 448/448/448 450/450/450 449/449/449
f 451/451/451 450/450/450 448/448/448
f 451/451/451 452/452/452 450/450/450
f 453/453/453 452/452/452 451/451/451
f 453/453/453 454/454/454 452/452/452
f 453/453/453 455/455/455 454/454/454
f 456/456/456 455/455/455 453/453/453
f 456/456/456 457/457/457 455/455/455
f 458/458/458 457/457/457 456/456/456
f 458/458/458 459/459/459 457/457/457
f 458/458/458 460/460/460 459/459/459
f 458/458/458 461/461/461 460/460/460
f 462/462/462 461/461/461 458/458/458
f 462/462/462 463/463/463 461/461/461
f 462/462/462 464/464/464 463/463/463
f 462/462/462 465/465/465 464/464/464
f 466/466/466 465/465/465 462/462/462
f 466/466/466 467/467/467 465/465/465
f 466/466/466 468/468/468 467/467/467
f 466/466/466 469/469/469 468/468/468
f 470/470/470 469/469/469 466/466/466
f 471/471/471 469/469/469 470/470/470
f 471/471/471 472/472/472 469/469/469
f 473/473/473 472/472/472 471/471/471
f 473/473/473 474/474/474 472/472/472
f 473/473/473 475/475/475 474/474/474
f 473/473/473 476/476/476 475/475/475
f 473/473/473 477/477/477 476/476/476
f 473/473/473 478/478/478 477/477/477
f 473/473/473 479/479/479 478/478/478
f 473/473/473 480/480/480 479/479/479
f 481/481/481 480/480/480 473/473/473
f 481/481/481 482/482/482 480/480/480
f 481/481/481 483/483/483 482/482/482
f 484/484/484 483/483/483 481/481/481
f 485/485/485 483/483/483 484/484/484
f 485/485/485 486/486/486 483/483/483
f 485/485/485 487/487/487 486/486/486
f 488/488/488 487/487/487 485/485/485
f 488/488/488 489/489/489 487/487/487
f 490/490/490 489/489/489 488/488/488
f 490/490/490 491/491/491 489/489/489
f 430/430/430 491/491/491 490/490/490
f 430/430/430 492/492/492 491/491/491
f 431/431/431 492/492/492 430/430/430
f 476/476/476 493/493/493 475/475/475
f 494/494/494 493/493/493 476/476/476
f 494/494/494 495/495/495 493/493/493
f 496/496/496 495/495/495 494/494/494
f 496/496/496 497/497/497 495/495/495
f 498/498/498 497/497/497 496/496/496
f 498/498/498 499/499/499 497/497/497
f 500/500/500 499/499/499 498/498/498
f 503/503/503 502/502/502 501/501/501
f 506/506/506 505/505/505 504/504/504
f 506/506/506 507/507/507 505/505/505
f 506/506/506 508/508/508 507/507/507
f 506/506/506 509/509/509 508/508/508
f 506/506/506 510/510/510 509/509/509
f 506/506/506 511/511/511 510/510/510
f 506/506/506 512/512/512 511/511/511
f 506/506/506 513/513/513 512/512/512
f 514/514/514 513/513/513 506/506/506
f 514/514/514 515/515/515 513/513/513
f 514/514/514 516/516/516 515/515/515
f 514/514/514 517/517/517 516/516/516
f 514/514/514 518/518/518 517/517/517
f 514/514/514 519/519/519 518/518/518
f 520/520/520 519/519/519 514/514/514
f 521/521/521 519/519/519 520/520/520
f 522/522/522 519/519/519 521/521/521
f 523/523/523 519/519/519 522/522/522
f 523/523/523 524/524/524 519/519/519
f 523/523/523 525/525/525 524/524/524
f 526/526/526 525/525/525 523/523/523
f 526/526/526 527/527/527 525/525/525
f 528/528/528 527/527/527 526/526/526
f 528/528/528 529/529/529 527/527/527
f 530/530/530 529/529/529 528/528/528
f 531/531/531 529/529/529 530/530/530
f 532/532/532 529/529/529 531/531/531
f 533/533/533 529/529/529 532/532/532
f 534/534/534 529/529/529 533/533/533
f 534/534/534 535/535/535 529/529/529
f 534/534/534 536/536/536 535/535/535
f 534/534/534 537/537/537 536/536/536
f 540/540/540 539/539/539 538/538/538
f 541/541/541 539/539/539 540/540/540
f 537/537/537 543/543/543 542/542/542
f 546/546/546 545/545/545 544/544/544
f 549/549/549 548/548/548 547/547/547
f 549/549/549 550/550/550 548/548/548
f 551/551/551 550/550/550 549/549/549
f 551/551/551 552/552/552 550/550/550
f 553/553/553 552/552/552 551/551/551
f 554/554/554 552/552/552 553/553/553
f 555/555/555 552/552/552 554/554/554
f 558/558/558 557/557/557 556/556/556
f 561/561/561 560/560/560 559/559/559
f 539/539/539 563/563/563 562/562/562
f 539/539/539 564/564/564 563/563/563
f 564/564/564 539/539/539 565/565/565
f 567/567/567 539/539/539 566/566/566
f 568/568/568 539/539/539 567/567/567
f 571/571/571 570/570/570 569/569/569
f 572/572/572 570/570/570 571/571/571
f 573/573/573 570/570/570 572/572/572
f 539/539/539 570/570/570 573/573/573
f 576/576/576 575/575/575 574/574/574
f 575/575/575 576/576/576 577/577/577
f 579/579/579 534/534/534 578/578/578
f 502/502/502 579/579/579 580/580/580
f 582/582/582 570/570/570 581/581/581
f 570/570/570 583/583/583 569/569/569
f 570/570/570 584/584/584 583/583/583
f 570/570/570 585/585/585 584/584/584
f 570/570/570 586/586/586 585/585/585
f 588/588/588 587/587/587 576/576/576
f 590/590/590 589/589/589 576/576/576
f 591/591/591 576/576/576 589/589/589
f 593/593/593 576/576/576 592/592/592
f 596/596/596 595/595/595 594/594/594
f 539/539/539 598/598/598 597/597/597
f 598/598/598 539/539/539 562/562/562
f 539/539/539 600/600/600 599/599/599
f 600/600/600 539/539/539 597/597/597
f 601/601/601 539/539/539 599/599/599
f 602/602/602 539/539/539 601/601/601
f 603/603/603 539/539/539 568/568/568
f 604/604/604 539/539/539 603/603/603
f 605/605/605 539/539/539 604/604/604
f 606/606/606 539/539/539 605/605/605
f 608/608/608 539/539/539 607/607/607
f 609/609/609 539/539/539 608/608/608
f 610/610/610 539/539/539 609/609/609
f 538/538/538 539/539/539 610/610/610
f 613/613/613 612/612/612 611/611/611
f 613/613/613 614/614/614 612/612/612
f 615/615/615 614/614/614 613/613/613
f 616/616/616 614/614/614 615/615/615
f 616/616/616 617/617/617 614/614/614
f 616/616/616 618/618/618 617/617/617
f 619/619/619 618/618/618 616/616/616
f 619/619/619 620/620/620 618/618/618
f 621/621/621 620/620/620 619/619/619
f 622/622/622 620/620/620 621/621/621
f 622/622/622 623/623/623 620/620/620
f 624/624/624 623/623/623 622/622/622
f 545/545/545 626/626/626 625/625/625
f 547/547/547 548/548/548 627/627/627
f 629/629/629 547/547/547 628/628/628
f 629/629/629 630/630/630 547/547/547
f 631/631/631 630/630/630 629/629/629
f 632/632/632 630/630/630 631/631/631
f 557/557/557 633/633/633 630/630/630
f 633/633/633 557/557/557 558/558/558
f 570/570/570 635/635/635 634/634/634
f 635/635/635 570/570/570 630/630/630
f 636/636/636 570/570/570 634/634/634
f 637/637/637 586/586/586 570/570/570
f 569/569/569 583/583/583 638/638/638
f 571/571/571 569/569/569 639/639/639
f 641/641/641 539/539/539 640/640/640
f 534/534/534 543/543/543 537/537/537
f 534/534/534 503/503/503 543/543/543
f 503/503/503 579/579/579 502/502/502
f 534/534/534 579/579/579 503/503/503
f 595/595/595 642/642/642 534/534/534
f 596/596/596 642/642/642 595/595/595
f 576/576/576 642/642/642 643/643/643
f 576/576/576 587/587/587 577/577/577
f 576/576/576 560/560/560 561/561/561
f 576/576/576 644/644/644 560/560/560
f 576/576/576 645/645/645 644/644/644
f 576/576/576 646/646/646 645/645/645
f 576/576/576 647/647/647 646/646/646
f 576/576/576 648/648/648 647/647/647
f 576/576/576 649/649/649 648/648/648
f 576/576/576 650/650/650 649/649/649
f 576/576/576 641/641/641 650/650/650
f 576/576/576 539/539/539 641/641/641
f 565/565/565 539/539/539 576/576/576
f 566/566/566 539/539/539 602/602/602
f 607/607/607 539/539/539 606/606/606
f 549/549/549 570/570/570 582/582/582
f 546/546/546 626/626/626 545/545/545
f 651/651/651 626/626/626 546/546/546
f 547/547/547 570/570/570 549/549/549
f 630/630/630 632/632/632 557/557/557
f 630/630/630 570/570/570 547/547/547
f 539/539/539 651/651/651 570/570/570
f 539/539/539 626/626/626 651/651/651
f 652/652/652 539/539/539 612/612/612
f 626/626/626 539/539/539 652/652/652
f 504/504/504 654/654/654 653/653/653
f 655/655/655 654/654/654 504/504/504
f 656/656/656 654/654/654 655/655/655
f 656/656/656 657/657/657 654/654/654
f 658/658/658 657/657/657 656/656/656
f 658/658/658 659/659/659 657/657/657
f 658/658/658 660/660/660 659/659/659
f 661/661/661 660/660/660 658/658/658
f 662/662/662 660/660/660 661/661/661
f 663/663/663 660/660/660 662/662/662
f 664/664/664 660/660/660 663/663/663
f 504/504/504 653/653/653 506/506/506
f 592/592/592 576/576/576 591/591/591
f 590/590/590 576/576/576 665/665/665
f 665/665/665 576/576/576 574/574/574
f 588/588/588 576/576/576 561/561/561
f 643/643/643 596/596/596 594/594/594
f 596/596/596 643/643/643 642/642/642
f 578/578/578 534/534/534 642/642/642
f 593/593/593 642/642/642 576/576/576
f 666/666/666 570/570/570 636/636/636
f 637/637/637 570/570/570 666/666/666
f 612/612/612 541/541/541 611/611/611
f 612/612/612 539/539/539 541/541/541
f 669/669/669 668/668/668 667/667/667
f 672/672/672 671/671/671 670/670/670
f 673/673/673 671/671/671 672/672/672
f 676/676/676 675/675/675 674/674/674
f 677/677/677 675/675/675 676/676/676
f 680/680/680 679/679/679 678/678/678
f 673/673/673 681/681/681 671/671/671
f 682/682/682 681/681/681 673/673/673
f 683/683/683 681/681/681 682/682/682
f 684/684/684 668/668/668 669/669/669
f 684/684/684 685/685/685 668/668/668
f 684/684/684 686/686/686 685/685/685
f 687/687/687 686/686/686 684/684/684
f 687/687/687 688/688/688 686/686/686
f 689/689/689 688/688/688 687/687/687
f 690/690/690 688/688/688 689/689/689
f 690/690/690 691/691/691 688/688/688
f 694/694/694 693/693/693 692/692/692
f 694/694/694 695/695/695 693/693/693
f 696/696/696 695/695/695 694/694/694
f 691/691/691 698/698/698 697/697/697
f 691/691/691 699/699/699 698/698/698
f 702/702/702 701/701/701 700/700/700
f 702/702/702 703/703/703 701/701/701
f 702/702/702 704/704/704 703/703/703
f 705/705/705 704/704/704 702/702/702
f 708/708/708 707/707/707 706/706/706
f 708/708/708 709/709/709 707/707/707
f 708/708/708 710/710/710 709/709/709
f 711/711/711 675/675/675 677/677/677
f 711/711/711 712/712/712 675/675/675
f 713/713/713 712/712/712 711/711/711
f 716/716/716 715/715/715 714/714/714
f 717/717/717 715/715/715 716/716/716
f 718/718/718 715/715/715 717/717/717
f 716/716/716 720/720/720 719/719/719
f 716/716/716 721/721/721 720/720/720
f 716/716/716 722/722/722 721/721/721
f 722/722/722 716/716/716 714/714/714
f 725/725/725 724/724/724 723/723/723
f 725/725/725 726/726/726 724/724/724
f 725/725/725 727/727/727 726/726/726
f 725/725/725 728/728/728 727/727/727
f 729/729/729 728/728/728 725/725/725
f 732/732/732 731/731/731 730/730/730
f 733/733/733 731/731/731 732/732/732
f 734/734/734 731/731/731 733/733/733
f 735/735/735 712/712/712 713/713/713
f 738/738/738 737/737/737 736/736/736
f 740/740/740 737/737/737 739/739/739
f 695/695/695 742/742/742 741/741/741
f 743/743/743 695/695/695 696/696/696
f 745/745/745 744/744/744 742/742/742
f 748/748/748 747/747/747 746/746/746
f 749/749/749 679/679/679 680/680/680
f 749/749/749 748/748/748 679/679/679
f 750/750/750 747/747/747 748/748/748
f 751/751/751 747/747/747 750/750/750
f 747/747/747 753/753/753 752/752/752
f 753/753/753 747/747/747 751/751/751
f 755/755/755 752/752/752 754/754/754
f 757/757/757 755/755/755 756/756/756
f 759/759/759 758/758/758 683/683/683
f 759/759/759 760/760/760 758/758/758
f 763/763/763 762/762/762 761/761/761
f 763/763/763 764/764/764 762/762/762
f 764/764/764 763/763/763 760/760/760
f 767/767/767 766/766/766 765/765/765
f 767/767/767 731/731/731 766/766/766
f 768/768/768 731/731/731 767/767/767
f 730/730/730 731/731/731 768/768/768
f 771/771/771 770/770/770 769/769/769
f 772/772/772 770/770/770 771/771/771
f 773/773/773 770/770/770 772/772/772
f 716/716/716 770/770/770 773/773/773
f 716/716/716 774/774/774 770/770/770
f 716/716/716 775/775/775 774/774/774
f 716/716/716 776/776/776 775/775/775
f 719/719/719 776/776/776 716/716/716
f 769/769/769 778/778/778 777/777/777
f 769/769/769 779/779/779 778/778/778
f 769/769/769 780/780/780 779/779/779
f 780/780/780 769/769/769 770/770/770
f 766/766/766 782/782/782 781/781/781
f 766/766/766 783/783/783 782/782/782
f 766/766/766 784/784/784 783/783/783
f 766/766/766 785/785/785 784/784/784
f 785/785/785 766/766/766 731/731/731
f 788/788/788 787/787/787 786/786/786
f 789/789/789 787/787/787 788/788/788
f 790/790/790 705/705/705 789/789/789
f 704/704/704 705/705/705 790/790/790
f 789/789/789 791/791/791 787/787/787
f 791/791/791 789/789/789 705/705/705
f 786/786/786 793/793/793 792/792/792
f 793/793/793 786/786/786 787/787/787
f 796/796/796 795/795/795 794/794/794
f 796/796/796 798/798/798 797/797/797
f 798/798/798 796/796/796 708/708/708
f 800/800/800 797/797/797 799/799/799
f 801/801/801 742/742/742 695/695/695
f 802/802/802 786/786/786 792/792/792
f 802/802/802 690/690/690 786/786/786
f 683/683/683 758/758/758 681/681/681
f 760/760/760 763/763/763 758/758/758
f 708/708/708 796/796/796 710/710/710
f 797/797/797 795/795/795 796/796/796
f 736/736/736 803/803/803 712/712/712
f 691/691/691 723/723/723 699/699/699
f 805/805/805 804/804/804 742/742/742
f 805/805/805 806/806/806 804/804/804
f 747/747/747 755/755/755 757/757/757
f 755/755/755 747/747/747 752/752/752
f 736/736/736 737/737/737 803/803/803
f 807/807/807 800/800/800 737/737/737
f 805/805/805 808/808/808 806/806/806
f 797/797/797 802/802/802 795/795/795
f 809/809/809 769/769/769 777/777/777
f 809/809/809 810/810/810 769/769/769
f 731/731/731 810/810/810 809/809/809
f 731/731/731 734/734/734 810/810/810
f 690/690/690 723/723/723 691/691/691
f 800/800/800 802/802/802 797/797/797
f 725/725/725 766/766/766 781/781/781
f 723/723/723 766/766/766 725/725/725
f 690/690/690 766/766/766 723/723/723
f 802/802/802 766/766/766 690/690/690
f 800/800/800 766/766/766 802/802/802
f 807/807/807 766/766/766 800/800/800
f 811/811/811 766/766/766 807/807/807
f 808/808/808 766/766/766 811/811/811
f 808/808/808 812/812/812 766/766/766
f 808/808/808 761/761/761 812/812/812
f 808/808/808 763/763/763 761/761/761
f 808/808/808 757/757/757 763/763/763
f 747/747/747 808/808/808 805/805/805
f 747/747/747 757/757/757 808/808/808
f 744/744/744 805/805/805 742/742/742
f 813/813/813 742/742/742 801/801/801
f 813/813/813 745/745/745 742/742/742
f 801/801/801 695/695/695 743/743/743
f 738/738/738 739/739/739 737/737/737
f 740/740/740 807/807/807 737/737/737
f 735/735/735 736/736/736 712/712/712
f 749/749/749 750/750/750 748/748/748
f 816/816/816 815/815/815 814/814/814
f 817/817/817 815/815/815 816/816/816
f 817/817/817 818/818/818 815/815/815
f 819/819/819 818/818/818 817/817/817
f 819/819/819 820/820/820 818/818/818
f 821/821/821 820/820/820 819/819/819
f 822/822/822 820/820/820 821/821/821
f 822/822/822 823/823/823 820/820/820
f 824/824/824 823/823/823 822/822/822
f 825/825/825 823/823/823 824/824/824
f 826/826/826 823/823/823 825/825/825
f 826/826/826 827/827/827 823/823/823
f 826/826/826 828/828/828 827/827/827
f 829/829/829 828/828/828 826/826/826
f 829/829/829 830/830/830 828/828/828
f 831/831/831 830/830/830 829/829/829
f 832/832/832 830/830/830 831/831/831
f 832/832/832 833/833/833 830/830/830
f 834/834/834 833/833/833 832/832/832
f 834/834/834 835/835/835 833/833/833
f 836/836/836 835/835/835 834/834/834
f 837/837/837 835/835/835 836/836/836
f 837/837/837 838/838/838 835/835/835
f 837/837/837 839/839/839 838/838/838
f 837/837/837 840/840/840 839/839/839
f 841/841/841 840/840/840 837/837/837
f 841/841/841 842/842/842 840/840/840
f 843/843/843 842/842/842 841/841/841
f 843/843/843 844/844/844 842/842/842
f 845/845/845 844/844/844 843/843/843
f 845/845/845 846/846/846 844/844/844
f 847/847/847 846/846/846 845/845/845
f 848/848/848 846/846/846 847/847/847
f 849/849/849 846/846/846 848/848/848
f 849/849/849 850/850/850 846/846/846
f 851/851/851 850/850/850 849/849/849
f 852/852/852 850/850/850 851/851/851
f 853/853/853 850/850/850 852/852/852
f 854/854/854 850/850/850 853/853/853
f 855/855/855 850/850/850 854/854/854
f 856/856/856 850/850/850 855/855/855
f 857/857/857 850/850/850 856/856/856
f 858/858/858 850/850/850 857/857/857
f 859/859/859 850/850/850 858/858/858
f 860/860/860 850/850/850 859/859/859
f 863/863/863 862/862/862 861/861/861
f 866/866/866 865/865/865 864/864/864
f 867/867/867 865/865/865 866/866/866
f 867/867/867 868/868/868 865/865/865
f 867/867/867 869/869/869 868/868/868
f 867/867/867 870/870/870 869/869/869
f 871/871/871 870/870/870 867/867/867
f 871/871/871 872/872/872 870/870/870
f 871/871/871 873/873/873 872/872/872
f 874/874/874 873/873/873 871/871/871
f 874/874/874 875/875/875 873/873/873
f 876/876/876 875/875/875 874/874/874
f 876/876/876 877/877/877 875/875/875
f 878/878/878 877/877/877 876/876/876
f 879/879/879 877/877/877 878/878/878
f 880/880/880 877/877/877 879/879/879
f 880/880/880 881/881/881 877/877/877
f 882/882/882 881/881/881 880/880/880
f 883/883/883 881/881/881 882/882/882
f 883/883/883 884/884/884 881/881/881
f 885/885/885 884/884/884 883/883/883
f 886/886/886 884/884/884 885/885/885
f 886/886/886 887/887/887 884/884/884
f 888/888/888 887/887/887 886/886/886
f 888/888/888 889/889/889 887/887/887
f 888/888/888 890/890/890 889/889/889
f 888/888/888 891/891/891 890/890/890
f 888/888/888 892/892/892 891/891/891
f 888/888/888 893/893/893 892/892/892
f 888/888/888 894/894/894 893/893/893
f 888/888/888 895/895/895 894/894/894
f 888/888/888 896/896/896 895/895/895
f 888/888/888 897/897/897 896/896/896
f 888/888/888 898/898/898 897/897/897
f 901/901/901 900/900/900 899/899/899
f 902/902/902 900/900/900 901/901/901
f 902/902/902 903/903/903 900/900/900
f 904/904/904 903/903/903 902/902/902
f 904/904/904 905/905/905 903/903/903
f 904/904/904 906/906/906 905/905/905
f 904/904/904 907/907/907 906/906/906
f 910/910/910 909/909/909 908/908/908
f 913/913/913 912/912/912 911/911/911
f 914/914/914 912/912/912 913/913/913
f 916/916/916 863/863/863 915/915/915
f 916/916/916 862/862/862 863/863/863
f 916/916/916 917/917/917 862/862/862
f 916/916/916 918/918/918 917/917/917
f 919/919/919 918/918/918 916/916/916
f 919/919/919 904/904/904 918/918/918
f 919/919/919 907/907/907 904/904/904
f 920/920/920 907/907/907 919/919/919
f 921/921/921 907/907/907 920/920/920
f 922/922/922 907/907/907 921/921/921
f 922/922/922 923/923/923 907/907/907
f 922/922/922 924/924/924 923/923/923
f 922/922/922 925/925/925 924/924/924
f 922/922/922 926/926/926 925/925/925
f 927/927/927 926/926/926 922/922/922
f 927/927/927 928/928/928 926/926/926
f 927/927/927 929/929/929 928/928/928
f 930/930/930 929/929/929 927/927/927
f 930/930/930 931/931/931 929/929/929
f 932/932/932 931/931/931 930/930/930
f 932/932/932 933/933/933 931/931/931
f 934/934/934 933/933/933 932/932/932
f 935/935/935 933/933/933 934/934/934
f 935/935/935 936/936/936 933/933/933
f 935/935/935 937/937/937 936/936/936
f 938/938/938 937/937/937 935/935/935
f 938/938/938 939/939/939 937/937/937
f 938/938/938 940/940/940 939/939/939
f 941/941/941 940/940/940 938/938/938
f 941/941/941 942/942/942 940/940/940
f 943/943/943 942/942/942 941/941/941
f 944/944/944 942/942/942 943/943/943
f 944/944/944 945/945/945 942/942/942
f 946/946/946 945/945/945 944/944/944
f 946/946/946 947/947/947 945/945/945
f 948/948/948 947/947/947 946/946/946
f 949/949/949 947/947/947 948/948/948
f 949/949/949 950/950/950 947/947/947
f 951/951/951 950/950/950 949/949/949
f 952/952/952 950/950/950 951/951/951
f 952/952/952 953/953/953 950/950/950
f 952/952/952 954/954/954 953/953/953
f 952/952/952 955/955/955 954/954/954
f 952/952/952 956/956/956 955/955/955
f 952/952/952 957/957/957 956/956/956
f 952/952/952 888/888/888 957/957/957
f 960/960/960 959/959/959 958/958/958
f 962/962/962 888/888/888 961/961/961
f 963/963/963 888/888/888 962/962/962
f 964/964/964 888/888/888 963/963/963
f 965/965/965 888/888/888 964/964/964
f 966/966/966 888/888/888 965/965/965
f 967/967/967 888/888/888 966/966/966
f 968/968/968 888/888/888 967/967/967
f 969/969/969 888/888/888 968/968/968
f 970/970/970 888/888/888 969/969/969
f 971/971/971 888/888/888 970/970/970
f 972/972/972 888/888/888 971/971/971
f 973/973/973 888/888/888 972/972/972
f 974/974/974 888/888/888 973/973/973
f 975/975/975 888/888/888 974/974/974
f 911/911/911 888/888/888 975/975/975
f 976/976/976 912/912/912 914/914/914
f 977/977/977 912/912/912 976/976/976
f 978/978/978 912/912/912 977/977/977
f 979/979/979 912/912/912 978/978/978
f 980/980/980 912/912/912 979/979/979
f 980/980/980 981/981/981 912/912/912
f 982/982/982 981/981/981 980/980/980
f 982/982/982 910/910/910 981/981/981
f 959/959/959 910/910/910 982/982/982
f 960/960/960 910/910/910 959/959/959
f 983/983/983 910/910/910 960/960/960
f 984/984/984 910/910/910 983/983/983
f 909/909/909 910/910/910 984/984/984
f 952/952/952 961/961/961 888/888/888
f 985/985/985 961/961/961 952/952/952
f 986/986/986 961/961/961 985/985/985
f 987/987/987 961/961/961 986/986/986
f 987/987/987 988/988/988 961/961/961
f 987/987/987 989/989/989 988/988/988
f 990/990/990 989/989/989 987/987/987
f 990/990/990 991/991/991 989/989/989
f 992/992/992 991/991/991 990/990/990
f 993/993/993 991/991/991 992/992/992
f 994/994/994 991/991/991 993/993/993
f 995/995/995 991/991/991 994/994/994
f 996/996/996 991/991/991 995/995/995
f 997/997/997 991/991/991 996/996/996
f 998/998/998 991/991/991 997/997/997
f 999/999/999 991/991/991 998/998/998
f 1000/1000/1000 991/991/991 999/999/999
f 1001/1001/1001 991/991/991 1000/1000/1000
f 1002/1002/1002 991/991/991 1001/1001/1001
f 1002/1002/1002 1003/1003/1003 991/991/991
f 1004/1004/1004 1003/1003/1003 1002/1002/1002
f 1005/1005/1005 1003/1003/1003 1004/1004/1004
f 1006/1006/1006 1003/1003/1003 1005/1005/1005
f 1007/1007/1007 1003/1003/1003 1006/1006/1006
f 1008/1008/1008 911/911/911 912/912/912
f 911/911/911 898/898/898 888/888/888
f 1008/1008/1008 898/898/898 911/911/911
