g cTR_20_000120_00_KASUMI_SR_L_SB
v 0.11510487 0.29297623 -0.096373565
v 0.113098614 0.29374474 -0.096318364
v 0.11354591 0.29147065 -0.096159235
v 0.107998244 0.28789315 -0.095528714
v 0.10384184 0.29641873 -0.09598338
v 0.051955175 0.0065997266 -0.10149473
v 0.051442303 0.005351128 -0.10149473
v 0.05283735 0.004708426 -0.10149473
v 0.051764626 0.0043553086 -0.10149473
v 0.16080108 -0.0050748438 -0.083000004
v 0.16005509 0.00090341567 -0.083000004
v 0.15742564 0.008121825 -0.083000004
v 0.16313384 -0.1681947 -0.08247846
v 0.022776151 -0.22376938 -0.082443856
v 0.16295634 -0.1858774 -0.08247846
v 0.16075194 -0.20028059 -0.08247846
v 0.15812644 -0.21206398 -0.08247846
v 0.15553065 -0.2207543 -0.08247846
v 0.15128344 -0.23061128 -0.08247846
v 0.14527053 -0.24491496 -0.07947304
v 0.13807766 -0.25905785 -0.077459894
v 0.021766543 -0.24882598 -0.07906369
v 0.12758008 -0.28254327 -0.07420262
v 0.019691944 -0.2771545 -0.07515186
v 0.1143386 -0.3126651 -0.070181586
v 0.017348886 -0.3022261 -0.0716901
v 0.080165766 0.038224805 -0.096495755
v 0.078601815 0.0484105 -0.096274
v 0.07773224 0.038270272 -0.096150704
v 0.07453113 0.038826335 -0.095696814
v 0.07284327 0.049180593 -0.09545749
v 0.069902 0.040625133 -0.09504045
v 0.06667062 0.04294082 -0.09458227
v 0.06838907 0.049810495 -0.09482592
v 0.06407706 0.045761 -0.094214514
v 0.063510634 0.04824699 -0.094134204
v 0.06456287 0.04961611 -0.0942834
v 0.08364012 0.048447765 -0.09698839
v 0.084302604 0.038657393 -0.09708232
v 0.08816836 0.03994297 -0.09763045
v 0.11260136 0.07485191 -0.099450015
v 0.10977756 0.07402922 -0.099450015
v 0.114710666 0.068846904 -0.099450015
v 0.10454296 0.06868569 -0.099450015
v 0.11439537 0.061385002 -0.099450015
v 0.087509766 0.0511665 -0.09753706
v 0.095640466 0.042424 -0.099450015
v 0.094059564 0.056746688 -0.099450015
v 0.10388487 0.045624007 -0.099450015
v 0.10713047 0.048595488 -0.099450015
v 0.099701345 0.06370851 -0.099450015
v 0.11089946 0.052003205 -0.099450015
v -0.20305596 -0.087096944 -0.10358
v -0.20584111 -0.088195406 -0.10358
v -0.20035136 -0.08933467 -0.10358
v -0.20909806 -0.09154407 -0.10358
v -0.19816348 -0.093826376 -0.10358
v -0.21199274 -0.09666281 -0.10358
v -0.19611053 -0.09973263 -0.10358
v -0.21347253 -0.103005104 -0.10358
v -0.19313288 -0.110359006 -0.10358
v -0.21409479 -0.1107739 -0.10358
v -0.21400058 -0.12047149 -0.10358
v -0.18941492 -0.12670927 -0.10358
v -0.21279168 -0.13151102 -0.10358
v -0.21038954 -0.14334103 -0.10358
v -0.18261485 -0.15285602 -0.10358
v -0.20625977 -0.15643577 -0.10358
v -0.20273352 -0.16646121 -0.10358
v -0.18046564 -0.1575083 -0.10358
v -0.20279196 -0.17024541 -0.10358
v -0.17543851 -0.16287819 -0.10358
v -0.16707759 -0.17385606 -0.10358
v -0.29377785 -0.25842306 -0.10358
v -0.29180607 -0.26104632 -0.10358
v -0.29283345 -0.2546002 -0.10358
v -0.28739625 -0.26226974 -0.10358
v -0.2905792 -0.25162002 -0.10358
v -0.2812284 -0.2613289 -0.10358
v -0.28534207 -0.24725597 -0.10358
v -0.27385563 -0.2590547 -0.10358
v -0.2788246 -0.24287549 -0.10358
v -0.26726556 -0.2568089 -0.10358
v -0.27054718 -0.23892848 -0.10358
v -0.26123652 -0.25439376 -0.10358
v -0.26421747 -0.23610051 -0.10358
v -0.2524968 -0.25056192 -0.10358
v -0.2558265 -0.23110299 -0.10358
v -0.244223 -0.24641791 -0.10358
v -0.23774043 -0.2420988 -0.10358
v -0.24957116 -0.22688547 -0.10358
v -0.23227122 -0.23776697 -0.10358
v -0.2441169 -0.222863 -0.10358
v -0.2292991 -0.2354948 -0.10358
v -0.24133658 -0.21899505 -0.10358
v -0.22432445 -0.23364185 -0.10358
v -0.22091305 -0.23176542 -0.10358
v -0.23978181 -0.21515112 -0.10358
v -0.09216694 -0.22354157 -0.10358
v -0.09363334 -0.21928804 -0.10358
v -0.09449549 -0.22795825 -0.10358
v -0.30426478 -0.18754542 -0.10358
v -0.30503774 -0.19011675 -0.10358
v -0.30177373 -0.18636894 -0.10358
v -0.26587608 -0.11915666 -0.10358
v -0.2691253 -0.12071991 -0.10358
v -0.26245272 -0.1202211 -0.10358
v -0.27084997 -0.123878755 -0.10358
v -0.2709368 -0.128825 -0.10358
v -0.25766572 -0.1248286 -0.10358
v -0.26985547 -0.1362202 -0.10358
v -0.24728881 -0.13580742 -0.10358
v -0.26654762 -0.14588368 -0.10358
v -0.26094922 -0.15598379 -0.10358
v -0.2352672 -0.14881659 -0.10358
v -0.25587228 -0.16363567 -0.10358
v -0.24837358 -0.17204827 -0.10358
v -0.22524968 -0.15798669 -0.10358
v -0.23942149 -0.1806317 -0.10358
v -0.21284445 -0.16828243 -0.10358
v -0.23318653 -0.18543905 -0.10358
v -0.22703567 -0.1885105 -0.10358
v -0.20766023 -0.17276418 -0.10358
v -0.2267698 -0.19020851 -0.10358
v -0.30467317 -0.1943699 -0.10358
v -0.30165365 -0.19949883 -0.10358
v -0.29815027 -0.18609832 -0.10358
v -0.29084858 -0.18749395 -0.10358
v -0.29575285 -0.20462345 -0.10358
v -0.28037238 -0.19005701 -0.10358
v -0.28957635 -0.20833181 -0.10358
v -0.28351873 -0.21068542 -0.10358
v -0.2658232 -0.19234501 -0.10358
v -0.2772493 -0.21261767 -0.10358
v -0.26985213 -0.21456276 -0.10358
v -0.26281962 -0.21557729 -0.10358
v -0.25178927 -0.19470675 -0.10358
v -0.25637528 -0.21567528 -0.10358
v -0.23317397 -0.19591147 -0.10358
v -0.21520512 -0.23093764 -0.10358
v -0.2300808 -0.19314662 -0.10358
v -0.20826958 -0.22868446 -0.10358
v -0.20094012 -0.22636867 -0.10358
v -0.19726549 -0.22533584 -0.10358
v -0.20554717 -0.17202008 -0.10358
v -0.19340347 -0.22552645 -0.10358
v -0.1608119 -0.17977108 -0.10358
v -0.18390094 -0.2260715 -0.10358
v -0.16967733 -0.22855644 -0.10358
v -0.15642601 -0.18410079 -0.10358
v -0.14959772 -0.19008358 -0.10358
v -0.1629018 -0.22878309 -0.10358
v -0.15728693 -0.22819543 -0.10358
v -0.15369813 -0.2264583 -0.10358
v -0.15191913 -0.22439769 -0.10358
v -0.14108092 -0.19876698 -0.10358
v -0.13406631 -0.20306058 -0.10358
v -0.14789249 -0.22557428 -0.10358
v -0.14094442 -0.22864802 -0.10358
v -0.12617624 -0.20851849 -0.10358
v -0.13350134 -0.23133074 -0.10358
v -0.1257828 -0.23311451 -0.10358
v -0.114963345 -0.21003096 -0.10358
v -0.11740829 -0.23327835 -0.10358
v -0.107489526 -0.23263839 -0.10358
v -0.10624287 -0.21209697 -0.10358
v -0.097405165 -0.21590355 -0.10358
v -0.09900106 -0.23034576 -0.10358
v -0.012760753 0.07181162 -0.081
v -0.01054005 0.07292002 -0.081
v -0.01540885 0.07677822 -0.081
v -0.0090573495 0.08063992 -0.081
v -0.019089252 0.081979714 -0.081
v -0.008188254 0.088909216 -0.081
v -0.024451751 0.08741432 -0.081
v -0.009508753 0.096334815 -0.081
v -0.01199565 0.10397972 -0.081
v -0.03066805 0.09106172 -0.081
v -0.018360948 0.11092591 -0.081
v -0.02612415 0.11527612 -0.081
v -0.03819195 0.09549522 -0.081
v -0.03411755 0.11719302 -0.081
v -0.047629353 0.09924762 -0.081
v -0.046784755 0.11742091 -0.081
v -0.056955326 0.10280552 -0.081
v -0.056911122 0.11573328 -0.081
v -0.06398943 0.10598642 -0.081
v -0.06446593 0.11407932 -0.081
v -0.06880721 0.10871172 -0.081
v -0.06909254 0.11110492 -0.081
v -0.068043016 0.11276962 -0.081
v -0.1549702 0.30457842 -0.072
v -0.15557978 0.30328703 -0.072
v -0.15298688 0.30424893 -0.072
v -0.15212597 0.29305276 -0.072
v -0.14754467 0.30075634 -0.072
v -0.1377542 0.2944955 -0.072
v -0.14786875 0.2821363 -0.072
v -0.13068253 0.28937238 -0.072
v -0.14369446 0.27266762 -0.072
v -0.12422289 0.28367904 -0.072
v -0.11561123 0.27564135 -0.072
v -0.16457509 0.16602585 -0.072
v -0.1634164 0.16591482 -0.072
v -0.1651329 0.16702132 -0.072
v -0.16485149 0.16885565 -0.072
v -0.1614407 0.16650124 -0.072
v -0.16113442 0.17469971 -0.072
v -0.15853171 0.1675161 -0.072
v -0.15321396 0.1697659 -0.072
v -0.15784286 0.17919761 -0.072
v -0.1482388 0.1723228 -0.072
v -0.15464716 0.1839278 -0.072
v -0.1377062 0.17823987 -0.072
v -0.18348819 0.18352728 -0.072
v -0.18222319 0.18280612 -0.072
v -0.18358408 0.18500145 -0.072
v -0.18130189 0.18782762 -0.072
v -0.1705984 0.18267812 -0.072
v -0.17508869 0.19428782 -0.072
v -0.16346759 0.18341433 -0.072
v -0.17084119 0.19884178 -0.072
v -0.15908739 0.1839667 -0.072
v -0.1548665 0.18465015 -0.072
v -0.10636411 0.26525903 -0.072
v -0.20744844 0.20847134 -0.072
v -0.20672002 0.20711754 -0.072
v -0.20699869 0.20969582 -0.072
v -0.20096211 0.20570035 -0.072
v -0.2048326 0.210953 -0.072
v -0.1992475 0.21408205 -0.072
v -0.1866115 0.20264958 -0.072
v -0.1915965 0.21774776 -0.072
v -0.1837315 0.22149818 -0.072
v -0.17825478 0.2009948 -0.072
v -0.17698964 0.2243071 -0.072
v -0.1713989 0.19969182 -0.072
v -0.23783259 0.2809746 -0.072
v -0.23747449 0.27965137 -0.072
v -0.23730166 0.28191137 -0.072
v -0.23578897 0.28250098 -0.072
v -0.23507622 0.27637893 -0.072
v -0.22534645 0.2835325 -0.072
v -0.22992046 0.2701207 -0.072
v -0.21277621 0.28429112 -0.072
v -0.22287829 0.2619658 -0.072
v -0.21364419 0.25266036 -0.072
v -0.195615 0.28409836 -0.072
v -0.20261417 0.2434632 -0.072
v -0.180373 0.28273088 -0.072
v -0.19166833 0.23469523 -0.072
v -0.16862871 0.28059658 -0.072
v -0.18417029 0.2293419 -0.072
v -0.1606041 0.27835414 -0.072
v -0.15278949 0.27578226 -0.072
v -0.099315576 0.25604773 -0.072
v -0.09069969 0.24299207 -0.072
v -0.08265618 0.22984158 -0.072
v -0.078298084 0.22187014 -0.072
v -0.07703179 0.21848007 -0.072
v -0.076271616 0.21590367 -0.072
v -0.07687735 0.21244226 -0.072
v -0.07945269 0.20997238 -0.072
v -0.085519396 0.20594712 -0.072
v -0.09411909 0.2017601 -0.072
v -0.10306219 0.1977107 -0.072
v -0.1107793 0.19373223 -0.072
v -0.11834659 0.18936516 -0.072
v -0.12536229 0.18518826 -0.072
v -0.13035594 0.18225142 -0.072
v -0.0858924 0.24751656 -0.07708627
v -0.08979126 0.24547353 -0.07708627
v -0.08265231 0.2468541 -0.07708627
v -0.0800632 0.24510972 -0.07708627
v -0.0770326 0.24040487 -0.07708627
v -0.09358231 0.24180222 -0.07708627
v -0.07521621 0.2343388 -0.07708627
v -0.09822921 0.23684151 -0.07708627
v -0.07520423 0.22446714 -0.07691373
v -0.10211921 0.23098162 -0.07708627
v -0.07642951 0.21605892 -0.07708627
v -0.104699135 0.22464962 -0.07708627
v -0.1055943 0.21911661 -0.07708627
v -0.0791399 0.20848203 -0.07708627
v -0.10580321 0.21018052 -0.07708627
v -0.08209049 0.20309602 -0.07708627
v -0.10447031 0.20270574 -0.07708627
v -0.08572791 0.19854331 -0.07708627
v -0.089872204 0.19471522 -0.07708627
v -0.09567151 0.19367151 -0.07708627
v -0.10002811 0.19454578 -0.07708627
v -0.10275199 0.19707969 -0.07708627
v 0.033900697 0.173547 -0.09130134
v 0.0330756 0.1768774 -0.09128689
v 0.029529696 0.17645569 -0.091085345
v 0.08685356 0.21993943 -0.09468152
v 0.08348051 0.2237656 -0.09453885
v 0.08048077 0.21920203 -0.094319485
v 0.06153813 0.2763128 -0.093762286
v 0.05537156 0.27815515 -0.09347973
v 0.054609008 0.27039978 -0.09336248
v 0.052429516 0.18369979 -0.09242971
v 0.051707607 0.18776199 -0.09242794
v 0.04356831 0.1865031 -0.09196257
v 0.04744471 0.1976744 -0.092284255
v 0.029758412 0.1858417 -0.09118692
v 0.022128899 0.1822858 -0.09072821
v 0.034899216 0.19036126 -0.0915161
v 0.045792412 0.27953953 -0.09296134
v 0.047759004 0.2644994 -0.092925005
v 0.07679411 0.22951141 -0.09422071
v 0.07232537 0.21867083 -0.093860105
v -0.064890414 0.1331337 -0.08540147
v -0.06385427 0.13300799 -0.08546122
v -0.06451713 0.14199449 -0.08551385
v -0.0562494 0.1419406 -0.0859797
v -0.06391298 0.15217449 -0.0856496
v -0.0504899 0.14881378 -0.08636563
v 0.026946098 0.1930673 -0.09109863
v 0.013873798 0.1895935 -0.090337455
v 0.042533904 0.2085133 -0.09211325
v 0.027887804 0.1936951 -0.091157034
v -0.06287989 0.16316889 -0.08581121
v -0.044686384 0.1572498 -0.0867688
v 0.035320275 0.28031167 -0.092386186
v 0.040595192 0.25925443 -0.09247625
v 0.022232015 0.27983558 -0.091657214
v 0.034685392 0.25516686 -0.09210832
v 0.030558644 0.2522355 -0.09182708
v 0.013562304 0.2787794 -0.09055578
v -0.038547795 0.16815199 -0.08721398
v -0.062260386 0.1693475 -0.0859042
v 0.06670862 0.237183 -0.09373143
v 0.059911873 0.21822153 -0.093164265
v 0.058847815 0.24189389 -0.09333807
v 0.047157582 0.21862526 -0.09244429
v 0.049184807 0.2464032 -0.0928424
v 0.041183215 0.21887982 -0.092136115
v 0.03781701 0.25029 -0.092245854
v 0.0363617 0.21971901 -0.091875434
v 0.0066849054 0.27708718 -0.08978667
v 0.038561113 0.21583979 -0.09196126
v -0.0020965044 0.27384332 -0.08910744
v -0.033306498 0.1777787 -0.087597094
v -0.09845368 0.1374871 -0.083530456
v -0.094381936 0.1391668 -0.08376844
v -0.10002964 0.1388467 -0.083461404
v -0.09937114 0.1417809 -0.083529994
v -0.09763366 0.1509113 -0.083733134
v -0.08509181 0.1468219 -0.08437859
v -0.095474 0.16129749 -0.0839776
v -0.07661443 0.15460229 -0.0849566
v -0.0926346 0.17380969 -0.084254205
v -0.06983759 0.16205019 -0.085412994
v -0.08896439 0.18592079 -0.08457331
v -0.06316649 0.1695415 -0.08585556
v -0.08548469 0.1959214 -0.08486182
v -0.0813651 0.20646799 -0.08519115
v -0.008584494 0.2709998 -0.08871906
v 0.006014615 0.1969221 -0.089968964
v -0.027376503 0.1912403 -0.08805488
v -0.076720856 0.21607459 -0.08502861
v -0.021525687 0.20835412 -0.08854281
v -0.07078633 0.2261114 -0.084932856
v -0.06593699 0.2329762 -0.08516311
v -0.05237158 0.24332924 -0.086016856
v -0.018790597 0.21907489 -0.08879667
v -0.035283662 0.25536758 -0.08708363
v -0.016894503 0.22370651 -0.088946134
v -0.020976668 0.26401395 -0.087962545
v -0.013842004 0.222023 -0.089100264
v -0.009954089 0.2169771 -0.08926912
v -0.00166809 0.20617211 -0.08962848
v 0.12635882 0.18913624 -0.08841867
v 0.1180312 0.18218152 -0.08733994
v 0.13112889 0.17801918 -0.08779693
v 0.12554017 0.17686132 -0.087344274
v 0.12844332 0.17514916 -0.08737444
v 0.13203578 0.17568536 -0.087592244
v 0.13006802 0.17423065 -0.0873946
v 0.1322625 0.17432664 -0.08753228
v 0.13171919 0.17372525 -0.08745047
v -0.08816745 0.13751692 -0.083000004
v -0.088700175 0.13123493 -0.083000004
v -0.08607855 0.14049773 -0.083000004
v 0.056231808 0.07830867 -0.083000004
v 0.05876992 0.081452124 -0.083000004
v 0.05357752 0.07740114 -0.083000004
v 0.035136797 -0.12657298 -0.083000004
v 0.15249124 -0.20333846 -0.083000004
v 0.1603688 -0.19853659 -0.083000004
v -0.14018086 -0.19641395 -0.09435892
v -0.13850355 -0.19193572 -0.09409663
v -0.14605327 -0.20256162 -0.09516301
v -0.17933771 -0.21720207 -0.095000006
v -0.1718846 -0.21821335 -0.095000006
v -0.18762311 -0.21314095 -0.095000006
v -0.0566771 0.100740515 -0.083000004
v -0.049847916 0.10159532 -0.083000004
v -0.06502158 0.102313116 -0.083000004
v -0.071459725 0.10484582 -0.083000004
v -0.07652017 0.10859841 -0.083000004
v -0.08789088 0.12451402 -0.083000004
v -0.085337974 0.11887812 -0.083000004
v 0.09120736 0.13560443 -0.083000004
v 0.0908644 0.14341281 -0.083000004
v 0.08995261 0.12979622 -0.083000004
v 0.1607341 -0.011632384 -0.083000004
v -0.155369 -0.21579115 -0.095000006
v -0.15172783 -0.21071954 -0.095
v -0.1636652 -0.21818207 -0.095000006
v -0.19721109 -0.20646694 -0.095000006
v -0.19249095 -0.20952666 -0.095000006
v -0.20005453 -0.20020993 -0.095000006
v -0.2001225 -0.18527259 -0.095000006
v -0.20069738 -0.1901693 -0.095000006
v -0.19768357 -0.17909937 -0.095
v -0.037636977 0.021828258 -0.083000004
v -0.03995606 0.01759817 -0.083000004
v -0.032454472 0.02739556 -0.083000004
v -0.08173188 0.11366802 -0.083000004
v -0.090548284 0.14963673 -0.083000004
v -0.09455753 0.16049762 -0.083000004
v -0.0968925 0.16983311 -0.083000004
v -0.09862059 0.18223433 -0.083000004
v -0.09963419 0.1932221 -0.083000004
v -0.09903409 0.20533381 -0.083000004
v -0.0971054 0.2178248 -0.083000004
v -0.09405249 0.2307713 -0.083000004
v -0.08963429 0.24052763 -0.083000004
v -0.087192096 0.24548264 -0.083000004
v -0.08415488 0.2521519 -0.083000004
v -0.075991794 0.2618626 -0.083000004
v -0.05892066 0.27512205 -0.083000004
v -0.06805813 0.26900518 -0.083000004
v -0.009049189 0.28827244 -0.083000004
v -0.02625879 0.28718024 -0.083000004
v -0.037591495 0.28473195 -0.083000004
v -0.049337994 0.28008926 -0.083000004
v 0.0031542063 0.2873834 -0.083000004
v 0.01624701 0.2848414 -0.083000004
v 0.027436903 0.28108642 -0.083000004
v 0.03848548 0.27640903 -0.083000004
v 0.047408413 0.27106342 -0.083000004
v 0.05625391 0.2646761 -0.083000004
v 0.06483882 0.25571114 -0.083000004
v 0.06915162 0.2493865 -0.083000004
v 0.0730736 0.242311 -0.083000004
v 0.075984314 0.23405734 -0.083000004
v 0.0785131 0.2213604 -0.083000004
v 0.079621606 0.20774184 -0.083000004
v 0.08949528 0.14997283 -0.083000004
v 0.08658953 0.15866321 -0.083000004
v 0.087142184 0.12276711 -0.083000004
v 0.08273232 0.11416512 -0.083000004
v 0.07584901 0.10474261 -0.083000004
v 0.0707099 0.09797982 -0.083000004
v 0.048196625 0.07696878 -0.083000004
v 0.0407166 0.077167325 -0.083000004
v 0.055417597 0.071731485 -0.083000004
v 0.1194186 0.03928522 -0.083000004
v 0.068234615 0.0814257 -0.083000004
v 0.061380006 0.076378636 -0.083000004
v 0.08102351 0.08738582 -0.083000004
v 0.07405994 0.08508685 -0.083000004
v 0.0942498 0.08853661 -0.083000004
v 0.0879719 0.08847424 -0.083000004
v 0.13585441 0.028710384 -0.083000004
v 0.122608304 0.035863336 -0.083000004
v 0.14557782 0.023184692 -0.083000004
v 0.14943221 0.019984175 -0.083000004
v 0.15413252 0.014233753 -0.083000004
v 0.16011684 -0.019163003 -0.083000004
v 0.15893912 -0.026647687 -0.083000004
v 0.16060455 -0.032361235 -0.083000004
v 0.16229072 -0.042180087 -0.083000004
v 0.1630036 -0.05672281 -0.083000004
v 0.16271475 -0.08242148 -0.083000004
v 0.16470781 -0.1648811 -0.083000004
v 0.16395842 -0.15165488 -0.083000004
v 0.16429941 -0.17741908 -0.083000004
v 0.13482396 -0.2196126 -0.083000004
v 0.14408681 -0.21205293 -0.083000004
v 0.026581204 -0.13876629 -0.083000004
v 0.10962813 -0.24019234 -0.083000004
v 0.11318924 -0.23766081 -0.083000004
v 0.122923076 -0.25823167 -0.083000004
v 0.114390485 -0.24667113 -0.083000004
v 0.13449773 -0.27658528 -0.083000004
v -0.002661097 -0.26382017 -0.083000004
v 0.012046314 -0.28355637 -0.083000004
v -0.0109150885 -0.25195327 -0.083000004
v -0.015452194 -0.24269748 -0.083000004
v -0.018850898 -0.23026419 -0.083000004
v -0.019662594 -0.21972899 -0.083000004
v -0.018753588 -0.2075645 -0.083000004
v -0.014948249 -0.19406469 -0.083000004
v -0.009330869 -0.18194889 -0.083000004
v -0.003593588 -0.17324369 -0.083000004
v -0.0001128912 -0.16885653 -0.083000004
v 0.010772205 -0.15606649 -0.083000004
v 0.0047254087 -0.16317669 -0.083000004
v 0.019315207 -0.14659978 -0.083000004
v 0.0056027654 -0.06265569 -0.083000004
v 0.016056908 -0.072258286 -0.083000004
v -0.0043962956 -0.053206887 -0.083000004
v -0.0417825 -0.08119398 -0.083000004
v -0.035621013 -0.07245119 -0.083000004
v -0.047503997 -0.08877759 -0.083000004
v -0.06313739 -0.11790248 -0.08432192
v -0.059863605 -0.10969899 -0.08356534
v -0.06742829 -0.12720779 -0.08521818
v -0.07372409 -0.1384769 -0.08637606
v -0.079200596 -0.14559089 -0.08720602
v -0.085371494 -0.15161479 -0.08800989
v -0.091538094 -0.15760641 -0.08881133
v -0.098278396 -0.16332625 -0.089622125
v -0.10914643 -0.17076954 -0.09078365
v -0.20060992 -0.19472112 -0.095
v -0.19496234 -0.1757819 -0.095
v -0.19110903 -0.17205916 -0.095000006
v -0.18179972 -0.16513263 -0.095000006
v -0.17700997 -0.16185728 -0.095
v -0.1382511 -0.11541479 -0.08910907
v -0.12627377 -0.095841184 -0.0869993
v -0.13283348 -0.10568018 -0.08807032
v -0.11543969 -0.08236013 -0.085456364
v -0.121078305 -0.08862118 -0.08619415
v -0.10114173 -0.06971138 -0.08364015
v -0.10739453 -0.074148275 -0.084457874
v -0.05310904 -0.09705879 -0.083000004
v -0.09182239 -0.06174889 -0.083
v -0.0955209 -0.065913886 -0.08311301
v -0.043674886 0.011284656 -0.083000004
v -0.04759544 0.0025845468 -0.083000004
v -0.03995606 0.01759817 -0.083000004
v 0.049130607 -0.33185187 -0.083000004
v 0.02281344 -0.29852667 -0.083000004
v 0.12403146 -0.22866736 -0.083000004
v 0.031763103 -0.13190788 -0.083000004
v 0.16243121 -0.1900612 -0.083000004
v 0.16297941 -0.13301179 -0.083000004
v 0.037299898 -0.11926129 -0.083000004
v 0.1621627 -0.11309128 -0.083000004
v 0.037943818 -0.11181028 -0.083000004
v 0.036760118 -0.10184069 -0.083000004
v 0.03446391 -0.09429758 -0.083000004
v 0.031170918 -0.088131785 -0.083000004
v 0.028118407 -0.084359184 -0.083000004
v 0.022617413 -0.07834938 -0.083000004
v 0.11911986 0.03801539 -0.083000004
v -0.012522089 -0.045491587 -0.083000004
v 0.1501601 0.046859216 -0.083000004
v 0.12866381 0.09362565 -0.083000004
v 0.1307332 0.04216624 -0.083000004
v 0.11743832 0.091037355 -0.083000004
v 0.1033808 0.088783704 -0.083000004
v 0.05028851 0.06761637 -0.083000004
v 0.044599798 0.064087175 -0.083000004
v 0.04025922 0.06252387 -0.083000004
v 0.037131216 0.062054943 -0.083000004
v 0.034798503 0.06561502 -0.083000004
v -0.1743726 -0.16004719 -0.09441582
v -0.16747412 -0.15390639 -0.09352922
v -0.12635253 -0.18331143 -0.09267407
v -0.16054048 -0.14662848 -0.09262342
v -0.1527315 -0.13719618 -0.091499425
v -0.14476119 -0.1255754 -0.09020799
v -0.056287803 -0.10222578 -0.082836986
v -0.0862113 -0.055420984 -0.083000004
v -0.08106239 -0.049405083 -0.083000004
v -0.07434298 -0.041318484 -0.083000004
v -0.027281214 -0.06163708 -0.083000004
v -0.06719158 -0.030718684 -0.083000004
v -0.021138012 -0.054223485 -0.083000004
v -0.05609448 -0.012753683 -0.083000004
v -0.032454472 0.02739556 -0.083000004
v -0.026301568 0.034098912 -0.083000004
v -0.020372892 0.04101592 -0.083000004
v -0.017123844 0.046965916 -0.083000004
v -0.01634168 0.05536864 -0.083000004
v 0.032944728 0.07106262 -0.083000004
v -0.01652943 0.06435342 -0.083000004
v 0.031696726 0.07714932 -0.083000004
v -0.018188382 0.07161852 -0.083000004
v -0.020400275 0.078275114 -0.083000004
v -0.023415197 0.086645916 -0.083000004
v -0.025594998 0.09098172 -0.083000004
v 0.08365636 0.16793041 -0.083000004
v 0.06674812 0.09266112 -0.083000004
v -0.044759095 0.10318001 -0.083000004
v -0.040713895 0.10403242 -0.083000004
v -0.031780995 0.097737126 -0.083000004
v 0.08031771 0.19347212 -0.083000004
v -0.03771869 0.103027515 -0.083000004
v 0.0808959 0.18308143 -0.083000004
v 0.081445 0.17807522 -0.083000004
v 0.0032217496 0.34009558 -0.09365883
v -0.00022906922 0.336796 -0.09317473
v 0.0031960562 0.33626777 -0.093338035
v 0.0031862524 0.3278862 -0.09263731
v -0.004609143 0.33170953 -0.092486285
v 0.04840439 0.32315728 -0.094929054
v 0.042860385 0.3216983 -0.094479494
v 0.047516983 0.31767955 -0.09441637
v 0.16071676 0.2176392 -0.09289921
v 0.16075878 0.21907759 -0.09305211
v 0.15862425 0.21766701 -0.09287194
v 0.15454449 0.22817035 -0.09337989
v 0.15464422 0.21835446 -0.09270194
v 0.1366725 0.22127509 -0.091728054
v 0.14747602 0.23607247 -0.09359374
v 0.10236835 0.28487858 -0.09494011
v 0.094564706 0.29796487 -0.09555333
v 0.092236415 0.28031242 -0.09395225
v 0.082844116 0.2989716 -0.09494065
v 0.08355453 0.2764494 -0.09310987
v 0.07071298 0.2990722 -0.09422899
v 0.13787568 0.24472001 -0.093714915
v 0.12070902 0.22381134 -0.09096058
v 0.12859817 0.25132325 -0.09369675
v 0.1069479 0.22617474 -0.09032005
v 0.116013385 0.25919908 -0.09360362
v 0.1006968 0.2270671 -0.09002419
v 0.10462767 0.26563963 -0.09346828
v -0.008951119 0.3259388 -0.09174508
v 0.0027241658 0.3189193 -0.09185868
v -0.016919788 0.31435037 -0.090301484
v 0.0019094304 0.30916953 -0.09099122
v 0.00040771253 0.29750693 -0.089922875
v -0.025856836 0.29972556 -0.08854647
v 0.121466056 0.19846466 -0.08890273
v 0.11014753 0.18777898 -0.087336354
v 0.091988206 0.2002602 -0.087294064
v 0.1147963 0.20953143 -0.08941742
v 0.10962629 0.21670201 -0.089695625
v 0.10393059 0.22373381 -0.089939944
v 0.07629611 0.21075726 -0.087233685
v 0.059128214 0.22216383 -0.0871612
v 0.09189525 0.27235004 -0.09326881
v 0.0470361 0.2306321 -0.08714602
v 0.035475302 0.2391322 -0.08716489
v 0.056551754 0.2981381 -0.093312
v 0.047253117 0.29707333 -0.092674546
v 0.038926877 0.29556447 -0.092054464
v 0.020752406 0.24314831 -0.086626254
v 0.004786706 0.2450294 -0.0858377
v -0.03140836 0.2888726 -0.08732065
v 0.035932735 0.31876925 -0.093824886
v 0.045660608 0.31221065 -0.09384719
v 0.043845024 0.30707827 -0.09330989
v 0.025050063 0.31363302 -0.09274925
v 0.041900422 0.3019872 -0.09276845
v 0.015616617 0.3081988 -0.09173091
v 0.007173158 0.3025069 -0.09074675
v -0.00996039 0.24663098 -0.0850981
v -0.0371011 0.2740769 -0.0857614
v -0.021006895 0.24729131 -0.08449953
v -0.039965615 0.2602514 -0.084416665
v -0.032364488 0.24847679 -0.08392596
v -0.037697032 0.2494107 -0.08362644
v -0.04062002 0.2521591 -0.08368073
v 0.12708278 0.08310121 -0.100794315
v 0.12339958 0.08195633 -0.10101265
v 0.14069079 0.053920902 -0.10145525
v 0.121466376 0.080564015 -0.10127616
v 0.11681328 0.07869488 -0.10162993
v 0.111994185 0.07645303 -0.10205424
v 0.10996778 0.07505564 -0.101728655
v 0.10800969 0.07279922 -0.10149473
v 0.105106376 0.06861402 -0.10149473
v 0.101011276 0.06243843 -0.10149473
v 0.14044929 0.05025462 -0.10149907
v 0.13918428 0.041712034 -0.10149473
v 0.097194076 0.056653727 -0.10149473
v 0.13709138 0.032664027 -0.10149473
v 0.09363198 0.050660815 -0.10149473
v 0.09038198 0.04448632 -0.10149473
v 0.13465591 0.024583327 -0.10149473
v 0.13035756 0.014690004 -0.10149473
v 0.08683288 0.038441934 -0.10149473
v 0.08475478 0.03544382 -0.10149473
v 0.080729686 0.03104893 -0.10149473
v 0.06522599 -0.015766209 -0.10149473
v 0.06785383 -0.016116058 -0.10149473
v 0.06464532 -0.013621851 -0.10149473
v 0.065525465 -0.011168825 -0.10149473
v 0.072101824 -0.014722126 -0.10149473
v 0.06934352 -0.0073441826 -0.10149473
v 0.07700272 -0.011843505 -0.10149473
v 0.07417369 -0.002792833 -0.10149473
v 0.08242261 -0.007366178 -0.10149473
v 0.07949889 0.003116532 -0.10149473
v 0.08738363 -0.0026783335 -0.10149473
v 0.08513598 0.009928195 -0.10149473
v 0.090469524 0.00055650336 -0.10149473
v 0.09458969 0.0053344406 -0.10149473
v 0.08911378 0.015525325 -0.10149473
v 0.09818516 0.00960743 -0.10149473
v 0.100706175 0.013411465 -0.10149473
v 0.09219998 0.020803867 -0.10149473
v 0.10215858 0.015770178 -0.10149473
v 0.09277388 0.02271769 -0.10149473
v 0.09764263 -0.024294496 -0.10149473
v 0.10020576 -0.024317142 -0.10149473
v 0.09696784 -0.022645783 -0.10149473
v 0.10298834 -0.021573262 -0.10149473
v 0.09737154 -0.020476526 -0.10149473
v 0.09836993 -0.0173299 -0.10149473
v 0.10628599 -0.017742796 -0.10149473
v 0.10026294 -0.011878733 -0.10149473
v 0.10914719 -0.012672955 -0.10149473
v 0.101967566 -0.0049944427 -0.10149473
v 0.11201977 -0.006188314 -0.10149473
v 0.10410309 0.005090063 -0.10149473
v 0.114757694 0.002210499 -0.10149473
v 0.11619611 0.008960687 -0.10149473
v 0.10557008 0.013482693 -0.10149473
v 0.11654919 0.011852777 -0.10149473
v 0.10545788 0.014989711 -0.10149473
v 0.05284348 0.007643671 -0.10149473
v 0.053663757 0.002936502 -0.10149473
v 0.05531748 0.0028987771 -0.10149473
v 0.13133782 0.009568981 -0.10149473
v 0.12868509 -0.021468883 -0.10149473
v 0.13047187 -0.021868309 -0.10149473
v 0.12823562 -0.020168902 -0.10149473
v 0.13241833 -0.020496199 -0.10149473
v 0.12779209 -0.016737547 -0.10149473
v 0.13404307 -0.016676707 -0.10149473
v 0.13434373 -0.011833926 -0.10149473
v 0.12728618 -0.01249004 -0.10149473
v 0.13400672 -0.004687585 -0.10149473
v 0.12605982 -0.007155064 -0.10149473
v 0.12502526 -0.0030506966 -0.10149473
v 0.13317926 0.00047345 -0.10149473
v 0.124023154 0.00030596514 -0.10149473
v 0.121786654 0.007141534 -0.10149473
v 0.120099105 0.011788192 -0.10149473
v 0.057908382 0.011012888 -0.10149473
v 0.060729582 0.0045953817 -0.10149473
v 0.065035276 0.0068220603 -0.10149473
v 0.064266376 0.015753612 -0.10149473
v 0.070558384 0.009765949 -0.10149473
v 0.070680484 0.020912252 -0.10149473
v 0.07726948 0.013616833 -0.10149473
v 0.07648758 0.026538491 -0.10149473
v 0.08320088 0.018142741 -0.10149473
v 0.08726768 0.021493882 -0.10149473
v 0.089898184 0.024014687 -0.10149473
v 0.11748598 0.012568175 -0.10149473
v 0.10380318 0.01598054 -0.10149473
v 0.11936488 0.0127099855 -0.10149473
v 0.09141858 0.02386832 -0.10149473
v 0.052453566 0.00333881 -0.10149473
v 0.16438086 -0.41743928 -0.08261769
v 0.16180788 -0.39427707 -0.08062836
v 0.15716997 -0.4222095 -0.08269024
v 0.15046124 -0.42589188 -0.08281162
v 0.1468869 -0.42740437 -0.08259893
v 0.15278235 -0.3814232 -0.08002789
v 0.13597162 -0.42745715 -0.08170801
v 0.12686686 -0.4261162 -0.080964856
v 0.11685455 -0.422398 -0.080147624
v 0.14245605 -0.37004933 -0.07934089
v 0.10910685 -0.41860992 -0.07951524
v 0.09857445 -0.4123672 -0.07865556
v 0.13301265 -0.36195728 -0.07871262
v 0.09303665 -0.40852234 -0.07820356
v 0.12531555 -0.3556016 -0.07820052
v 0.11851986 -0.35035905 -0.07774841
v 0.083661154 -0.4052289 -0.07743831
v 0.11176355 -0.34547 -0.0772989
v 0.07126336 -0.40049306 -0.07642638
v 0.10530435 -0.3411738 -0.07686918
v 0.099995255 -0.3379149 -0.076515965
v 0.05967905 -0.39480636 -0.07548083
v 0.09552635 -0.3353627 -0.07621864
v 0.085474454 -0.33009204 -0.07554989
v 0.04874745 -0.38929603 -0.074588574
v 0.076671205 -0.32572803 -0.0749642
v 0.03742975 -0.3824744 -0.0736648
v 0.06836555 -0.32230872 -0.07441163
v 0.057054855 -0.31815395 -0.07365912
v 0.029128594 -0.377344 -0.072987236
v 0.04830475 -0.31553298 -0.07307698
v 0.02345719 -0.37364706 -0.07252433
v 0.0125353215 -0.3660762 -0.07163286
v 0.037092455 -0.31253952 -0.072331026
v -0.003921151 -0.3527633 -0.07028965
v 0.026983652 -0.3092164 -0.071658485
v 0.018448552 -0.3059131 -0.07109064
v -0.02662595 -0.3342652 -0.06843644
v 0.010450152 -0.3024271 -0.07055851
v 0.0037484528 -0.29916 -0.07011264
v -0.0031211495 -0.2957289 -0.0696556
v -0.047905546 -0.3173016 -0.06669956
v -0.010883147 -0.2913177 -0.0691392
v -0.016988546 -0.2876638 -0.068733
v -0.021448249 -0.2845982 -0.0684363
v -0.024968935 -0.2812897 -0.06820207
v -0.105978064 -0.2789371 -0.06823883
v -0.048808545 -0.3212195 -0.06823883
v -0.11766906 -0.38400167 -0.06823883
v -0.11192634 -0.3842129 -0.06823883
v -0.12511654 -0.3807086 -0.06823883
v -0.082699046 -0.24032529 -0.06823883
v -0.088066846 -0.24443339 -0.06823883
v -0.076570444 -0.23761027 -0.06823883
v -0.07093214 -0.23584454 -0.06823883
v -0.060904246 -0.2355597 -0.06823883
v -0.026620423 -0.26878497 -0.06823883
v -0.028693516 -0.2657557 -0.06823883
v -0.025188733 -0.27306625 -0.06823883
v -0.10444214 -0.3826033 -0.06823883
v -0.098430306 -0.3794355 -0.06823883
v -0.13056807 -0.375823 -0.06823883
v -0.1351286 -0.3699586 -0.06823883
v -0.13991094 -0.3603039 -0.06823883
v -0.14269076 -0.3497279 -0.06823883
v -0.14304118 -0.3400836 -0.06823883
v -0.14187124 -0.33214292 -0.06823883
v -0.13892546 -0.3227078 -0.06823883
v -0.13373725 -0.3117904 -0.06823883
v -0.12824576 -0.3034226 -0.06823883
v -0.122945905 -0.2965008 -0.06823883
v -0.11713052 -0.2904281 -0.06823883
v -0.110609464 -0.2843232 -0.06823883
v -0.03467685 -0.2608893 -0.06823883
v -0.09941579 -0.26124677 -0.06823883
v -0.10194345 -0.26789814 -0.06823883
v -0.09183845 -0.24856432 -0.06823883
v -0.09588135 -0.2542198 -0.06823883
v -0.052217145 -0.23830111 -0.06823883
v -0.046852548 -0.2412546 -0.06823883
v -0.042378005 -0.2448691 -0.06823883
v -0.039112806 -0.24906002 -0.06823883
v -0.036853608 -0.25333092 -0.06823883
v -0.035718806 -0.2566455 -0.06823883
v -0.032150347 -0.2624698 -0.06823883
v -0.05155775 -0.3236049 -0.06823883
v -0.056730755 -0.3270551 -0.06823883
v -0.083551854 -0.36145672 -0.06823883
v -0.07711934 -0.3505694 -0.06823883
v -0.08872845 -0.36913592 -0.06823883
v -0.09354004 -0.37503532 -0.06823883
v -0.07139103 -0.34127173 -0.06823883
v -0.06726175 -0.33585033 -0.06823883
v -0.061738353 -0.3300839 -0.06823883
v -0.10401595 -0.2747167 -0.06823883
v -0.035091806 -0.25955442 -0.06823883
v -0.063341975 -0.5497961 -0.03754356
v -0.017307162 -0.5497818 -0.037516147
v -0.05980227 -0.54069865 -0.038797975
v 0.10044475 -0.34343338 -0.06594488
v 0.015785933 -0.31522188 -0.069895916
v 0.013147831 -0.330649 -0.06776659
v 0.08254506 -0.3828071 -0.060517665
v 0.009903145 -0.3511818 -0.06493236
v 0.0066529512 -0.37512836 -0.061626572
v 0.07629369 -0.3964232 -0.058641016
v 0.0038608313 -0.394976 -0.058886707
v 0.072022274 -0.40478277 -0.057488788
v 0.067571275 -0.41341218 -0.056299716
v 0.059383053 -0.42802802 -0.05428616
v 0.0021395446 -0.40511188 -0.057487685
v 0.0007575512 -0.41084108 -0.05669717
v 0.05572706 -0.434752 -0.053359564
v -0.05576508 -0.52651256 -0.040754985
v -0.012434864 -0.5387073 -0.03904281
v 0.050816547 -0.44409928 -0.05207137
v -0.0012876511 -0.4145688 -0.056183547
v -0.049013853 -0.4992562 -0.044515736
v -0.006053162 -0.5261547 -0.040772684
v 0.0055645467 -0.5055438 -0.04361235
v -0.047118165 -0.49206457 -0.045507934
v -0.04418614 -0.48310432 -0.046743788
v 0.04732762 -0.4512124 -0.051091056
v -0.0043263435 -0.41878793 -0.05560268
v 0.04425138 -0.4562125 -0.050402254
v 0.039395254 -0.46220165 -0.049578268
v -0.007539463 -0.4224616 -0.055097263
v 0.033157077 -0.46806088 -0.04877273
v -0.0121798515 -0.4272515 -0.054438587
v 0.028789574 -0.4715909 -0.048287887
v -0.015875459 -0.43150422 -0.05385349
v -0.020768786 -0.4378603 -0.052978616
v 0.020204235 -0.4826738 -0.046762157
v -0.028644253 -0.44862968 -0.051496018
v -0.03258145 -0.4559385 -0.05048893
v 0.01341095 -0.492516 -0.04540694
v -0.039488148 -0.4705464 -0.04847548
v 0.16994487 -0.40870142 -0.08272522
v 0.17044316 -0.4125301 -0.08275836
v 0.15962069 0.09268035 -0.09600023
v 0.16917878 0.054699935 -0.09628548
v 0.1675359 0.09576464 -0.094960116
v 0.19334559 0.05536535 -0.09205518
v 0.1893144 0.10565615 -0.0917513
v 0.20993929 0.05595565 -0.089043885
v 0.2041025 0.11271536 -0.08957245
v 0.22013901 0.058142044 -0.08719292
v 0.21426348 0.11414526 -0.08807534
v 0.22916599 0.061930466 -0.08587963
v 0.22484699 0.113482736 -0.086515985
v 0.2358744 0.06645341 -0.08489122
v 0.24412031 0.073428586 -0.083676286
v 0.2331125 0.11262625 -0.08529816
v 0.2502335 0.07981324 -0.0836103
v 0.24017702 0.11079395 -0.08458972
v 0.24623571 0.10891135 -0.083999656
v 0.2546134 0.08490067 -0.08318374
v 0.25629032 0.08862954 -0.08302043
v 0.2564931 0.093573645 -0.083000675
v 0.255141 0.10002234 -0.08313236
v 0.249687 0.107594445 -0.08366353
v 0.2526566 0.10531974 -0.083374314
v 0.1470799 -0.4272643 -0.083000004
v 0.15314221 -0.4251142 -0.083000004
v 0.1379293 -0.41897112 -0.083000004
v 0.23838551 0.10857121 -0.083000004
v 0.2318145 0.110484235 -0.083000004
v 0.2424178 0.103016414 -0.083000004
v 0.1803416 -0.40114227 -0.083000004
v 0.18174851 -0.3929812 -0.083000004
v 0.1750704 -0.40871102 -0.083000004
v 0.24507912 0.096883714 -0.083000004
v 0.24543703 0.09028452 -0.083000004
v 0.24246462 0.077762015 -0.083000004
v 0.24484013 0.08453561 -0.083000004
v 0.238426 0.07239152 -0.083000004
v 0.234711 0.06891842 -0.083000004
v 0.22770062 0.06512492 -0.083000004
v 0.20311561 0.112976216 -0.083000004
v 0.189997 0.109563604 -0.083000004
v 0.2106775 0.11378342 -0.083000004
v 0.22031341 0.11269992 -0.083000004
v 0.21640821 0.061532516 -0.083000004
v 0.19952932 0.058175217 -0.083000004
v 0.14451863 -0.29459915 -0.083000004
v 0.15443777 -0.31379393 -0.083000004
v 0.16557626 -0.33840224 -0.083000004
v 0.17577112 -0.3635698 -0.083000004
v 0.18054001 -0.38038197 -0.083000004
v 0.16342162 -0.4188988 -0.083000004
v 0.104330204 -0.39237347 -0.083000004
v 0.116022706 -0.4038476 -0.083000004
v 0.089628 -0.37747416 -0.083000004
v 0.07675409 -0.3639063 -0.083000004
v 0.064068414 -0.3499795 -0.083000004
v 0.03500185 -0.31501326 -0.083000004
v 0.16821711 0.10385875 -0.083000004
v 0.17982922 0.05373012 -0.083000004
v 0.15625618 0.092258826 -0.09649595
vt 0.07397461 0.92285156
vt 0.076293945 0.9238281
vt 0.075805664 0.92089844
vt 0.081970215 0.9169922
vt 0.08660889 0.92626953
vt 0.59375 0.8364258
vt 0.5942383 0.8354492
vt 0.59277344 0.83447266
vt 0.59375 0.8339844
vt 0.1239624 0.51708984
vt 0.124816895 0.5239258
vt 0.12780762 0.53222656
vt 0.70703125 0.4650879
vt 0.8666992 0.40185547
vt 0.70703125 0.44506836
vt 0.70947266 0.42871094
vt 0.7128906 0.4152832
vt 0.7158203 0.40527344
vt 0.7207031 0.39404297
vt 0.7270508 0.3774414
vt 0.73535156 0.36083984
vt 0.8676758 0.37353516
vt 0.7475586 0.33398438
vt 0.8701172 0.3413086
vt 0.76220703 0.30078125
vt 0.8725586 0.31274414
vt 0.6357422 0.88378906
vt 0.6376953 0.8955078
vt 0.6386719 0.88378906
vt 0.6425781 0.8847656
vt 0.64404297 0.8964844
vt 0.64746094 0.88671875
vt 0.6513672 0.88916016
vt 0.64941406 0.89697266
vt 0.6542969 0.8925781
vt 0.65478516 0.8955078
vt 0.6538086 0.89697266
vt 0.63183594 0.8955078
vt 0.63134766 0.88427734
vt 0.6269531 0.8857422
vt 0.5991211 0.92578125
vt 0.60253906 0.9248047
vt 0.5966797 0.9189453
vt 0.60839844 0.91845703
vt 0.59716797 0.91015625
vt 0.6274414 0.8984375
vt 0.61816406 0.8886719
vt 0.6201172 0.90478516
vt 0.6088867 0.8925781
vt 0.60546875 0.8959961
vt 0.61376953 0.91308594
vt 0.6010742 0.89941406
vt 0.57421875 0.7060547
vt 0.57714844 0.7050781
vt 0.5708008 0.7036133
vt 0.5810547 0.7011719
vt 0.5683594 0.6982422
vt 0.58447266 0.6948242
vt 0.56591797 0.69140625
vt 0.5859375 0.6875
vt 0.5625 0.67822266
vt 0.58691406 0.67822266
vt 0.5864258 0.6665039
vt 0.55810547 0.6586914
vt 0.58496094 0.6533203
vt 0.58203125 0.63964844
vt 0.5493164 0.6274414
vt 0.57666016 0.6245117
vt 0.5722656 0.61328125
vt 0.546875 0.6220703
vt 0.5722656 0.6088867
vt 0.5410156 0.61572266
vt 0.5336914 0.6074219
vt 0.67626953 0.5102539
vt 0.6743164 0.50683594
vt 0.67529297 0.51464844
vt 0.6694336 0.5058594
vt 0.67285156 0.5185547
vt 0.66259766 0.50634766
vt 0.6669922 0.5234375
vt 0.6542969 0.50878906
vt 0.65966797 0.52783203
vt 0.64697266 0.51123047
vt 0.6503906 0.53271484
vt 0.6401367 0.51416016
vt 0.6435547 0.5366211
vt 0.6308594 0.5185547
vt 0.63427734 0.54248047
vt 0.62158203 0.5234375
vt 0.6142578 0.5283203
vt 0.6274414 0.5473633
vt 0.60839844 0.5332031
vt 0.62158203 0.5522461
vt 0.60498047 0.5361328
vt 0.61865234 0.5566406
vt 0.5991211 0.5395508
vt 0.59472656 0.54248047
vt 0.6166992 0.56103516
vt 0.44482422 0.5498047
vt 0.44628906 0.5546875
vt 0.44726562 0.5449219
vt 0.68896484 0.5913086
vt 0.6904297 0.5883789
vt 0.68652344 0.59277344
vt 0.6455078 0.6694336
vt 0.64941406 0.66796875
vt 0.64160156 0.66845703
vt 0.6508789 0.6640625
vt 0.6513672 0.6582031
vt 0.63623047 0.66259766
vt 0.64990234 0.64941406
vt 0.6245117 0.64941406
vt 0.6459961 0.6386719
vt 0.63964844 0.6269531
vt 0.61035156 0.6347656
vt 0.63378906 0.61865234
vt 0.6254883 0.609375
vt 0.5986328 0.62402344
vt 0.6152344 0.60009766
vt 0.5839844 0.6118164
vt 0.60791016 0.59521484
vt 0.6010742 0.59228516
vt 0.578125 0.6064453
vt 0.60058594 0.59033203
vt 0.6894531 0.5834961
vt 0.68603516 0.5776367
vt 0.6821289 0.5932617
vt 0.6738281 0.5913086
vt 0.6791992 0.57177734
vt 0.6621094 0.5883789
vt 0.671875 0.5678711
vt 0.66503906 0.5654297
vt 0.6455078 0.5864258
vt 0.6582031 0.56347656
vt 0.64990234 0.5620117
vt 0.64208984 0.56103516
vt 0.6298828 0.58496094
vt 0.6347656 0.56103516
vt 0.60839844 0.5839844
vt 0.5883789 0.54296875
vt 0.6044922 0.58691406
vt 0.5800781 0.5449219
vt 0.57177734 0.546875
vt 0.5673828 0.54785156
vt 0.5756836 0.6069336
vt 0.5629883 0.5473633
vt 0.5253906 0.59814453
vt 0.5517578 0.5463867
vt 0.53515625 0.54541016
vt 0.5209961 0.59472656
vt 0.51220703 0.58740234
vt 0.52734375 0.5463867
vt 0.5205078 0.5473633
vt 0.51660156 0.5493164
vt 0.51416016 0.5517578
vt 0.50146484 0.57666016
vt 0.4934082 0.5722656
vt 0.5097656 0.5488281
vt 0.50146484 0.5449219
vt 0.48413086 0.56640625
vt 0.49291992 0.5415039
vt 0.48388672 0.5390625
vt 0.4711914 0.5649414
vt 0.47387695 0.5390625
vt 0.46240234 0.5395508
vt 0.4609375 0.5625
vt 0.4506836 0.55859375
vt 0.45239258 0.5419922
vt 0.5698242 0.39135742
vt 0.5673828 0.39282227
vt 0.5727539 0.3972168
vt 0.5654297 0.40161133
vt 0.57714844 0.40307617
vt 0.5644531 0.41088867
vt 0.5830078 0.4091797
vt 0.56640625 0.4194336
vt 0.56884766 0.42797852
vt 0.59033203 0.41333008
vt 0.5761719 0.43603516
vt 0.58496094 0.44091797
vt 0.5986328 0.41845703
vt 0.5942383 0.44311523
vt 0.609375 0.42260742
vt 0.60839844 0.44335938
vt 0.62060547 0.4267578
vt 0.62060547 0.4411621
vt 0.62841797 0.43041992
vt 0.62890625 0.43945312
vt 0.63427734 0.4333496
vt 0.63427734 0.43603516
vt 0.6333008 0.43798828
vt 0.87158203 0.96484375
vt 0.8720703 0.9633789
vt 0.8691406 0.96484375
vt 0.86816406 0.95214844
vt 0.86279297 0.9609375
vt 0.8515625 0.9536133
vt 0.86328125 0.9399414
vt 0.8432617 0.9482422
vt 0.85839844 0.9291992
vt 0.8359375 0.94189453
vt 0.8261719 0.9326172
vt 0.88134766 0.8076172
vt 0.8798828 0.8076172
vt 0.88183594 0.80908203
vt 0.88183594 0.81103516
vt 0.8779297 0.80859375
vt 0.8774414 0.8178711
vt 0.8745117 0.8095703
vt 0.86816406 0.8125
vt 0.87353516 0.8227539
vt 0.86279297 0.8154297
vt 0.8701172 0.8286133
vt 0.85058594 0.8222656
vt 0.90283203 0.82714844
vt 0.9013672 0.82666016
vt 0.90283203 0.82910156
vt 0.9003906 0.83203125
vt 0.8881836 0.82666016
vt 0.8930664 0.83984375
vt 0.8798828 0.8276367
vt 0.8881836 0.84521484
vt 0.875 0.8286133
vt 0.8701172 0.82910156
vt 0.8154297 0.92089844
vt 0.9301758 0.85546875
vt 0.9291992 0.8540039
vt 0.9296875 0.8569336
vt 0.92285156 0.85253906
vt 0.9272461 0.85839844
vt 0.92089844 0.8618164
vt 0.90625 0.8491211
vt 0.9121094 0.86621094
vt 0.90283203 0.87109375
vt 0.89697266 0.84765625
vt 0.8955078 0.8745117
vt 0.88916016 0.8461914
vt 0.96435547 0.9379883
vt 0.96435547 0.93603516
vt 0.9638672 0.93896484
vt 0.96240234 0.9394531
vt 0.9614258 0.9326172
vt 0.9506836 0.9404297
vt 0.9555664 0.92578125
vt 0.93652344 0.94140625
vt 0.9477539 0.9165039
vt 0.9370117 0.90625
vt 0.9169922 0.94140625
vt 0.9248047 0.8955078
vt 0.89990234 0.9399414
vt 0.9121094 0.8857422
vt 0.88671875 0.9379883
vt 0.9038086 0.8798828
vt 0.8774414 0.9355469
vt 0.86865234 0.9326172
vt 0.8071289 0.91064453
vt 0.7973633 0.8959961
vt 0.78808594 0.88134766
vt 0.7832031 0.8720703
vt 0.7817383 0.86816406
vt 0.7807617 0.8652344
vt 0.7817383 0.8613281
vt 0.78466797 0.85839844
vt 0.7915039 0.8540039
vt 0.80126953 0.8491211
vt 0.81152344 0.84472656
vt 0.8203125 0.84033203
vt 0.8286133 0.83496094
vt 0.83691406 0.8305664
vt 0.84228516 0.82714844
vt 0.6640625 0.8339844
vt 0.66845703 0.83154297
vt 0.66015625 0.8330078
vt 0.65722656 0.8310547
vt 0.6538086 0.8256836
vt 0.67285156 0.8276367
vt 0.65185547 0.81884766
vt 0.6777344 0.82177734
vt 0.65185547 0.8076172
vt 0.6821289 0.8149414
vt 0.6533203 0.79833984
vt 0.6850586 0.80810547
vt 0.68603516 0.8017578
vt 0.65625 0.7895508
vt 0.68652344 0.7915039
vt 0.65966797 0.7832031
vt 0.6850586 0.7832031
vt 0.6635742 0.7783203
vt 0.66845703 0.7739258
vt 0.6748047 0.7729492
vt 0.6801758 0.7739258
vt 0.68310547 0.7763672
vt 0.7949219 0.6347656
vt 0.79589844 0.6386719
vt 0.7998047 0.6381836
vt 0.7348633 0.6879883
vt 0.73828125 0.69189453
vt 0.7421875 0.6875
vt 0.76464844 0.75341797
vt 0.7705078 0.75439453
vt 0.7714844 0.74560547
vt 0.7739258 0.6464844
vt 0.77441406 0.6508789
vt 0.7836914 0.64941406
vt 0.7792969 0.6621094
vt 0.7993164 0.6489258
vt 0.80810547 0.64501953
vt 0.79345703 0.6538086
vt 0.78125 0.7553711
vt 0.7792969 0.73876953
vt 0.74609375 0.69873047
vt 0.75146484 0.68652344
vt 0.90722656 0.5888672
vt 0.90625 0.5888672
vt 0.9067383 0.5991211
vt 0.89697266 0.5991211
vt 0.9057617 0.61083984
vt 0.890625 0.6069336
vt 0.8027344 0.65722656
vt 0.8173828 0.6533203
vt 0.78515625 0.6748047
vt 0.8017578 0.65771484
vt 0.90478516 0.6230469
vt 0.88427734 0.61621094
vt 0.79345703 0.75634766
vt 0.78759766 0.73291016
vt 0.80810547 0.7558594
vt 0.7939453 0.72802734
vt 0.7993164 0.7246094
vt 0.8178711 0.75439453
vt 0.8769531 0.62890625
vt 0.9038086 0.6298828
vt 0.7573242 0.70703125
vt 0.765625 0.68603516
vt 0.76660156 0.71240234
vt 0.78027344 0.68603516
vt 0.77734375 0.71777344
vt 0.7866211 0.68652344
vt 0.79052734 0.72216797
vt 0.7919922 0.6875
vt 0.8256836 0.7524414
vt 0.7895508 0.68310547
vt 0.8354492 0.74902344
vt 0.87109375 0.63964844
vt 0.94628906 0.59375
vt 0.94189453 0.5957031
vt 0.9477539 0.5957031
vt 0.9472656 0.5986328
vt 0.9448242 0.609375
vt 0.93066406 0.6044922
vt 0.94189453 0.62109375
vt 0.92041016 0.61328125
vt 0.93847656 0.6352539
vt 0.91259766 0.6220703
vt 0.9345703 0.6489258
vt 0.90527344 0.6303711
vt 0.93066406 0.66015625
vt 0.92578125 0.6723633
vt 0.8432617 0.74560547
vt 0.82666016 0.6616211
vt 0.8642578 0.65478516
vt 0.92041016 0.68310547
vt 0.85791016 0.6743164
vt 0.9135742 0.6948242
vt 0.9082031 0.7026367
vt 0.8930664 0.71435547
vt 0.8544922 0.68652344
vt 0.87353516 0.72802734
vt 0.85253906 0.69189453
vt 0.8569336 0.73779297
vt 0.8491211 0.6899414
vt 0.84472656 0.68408203
vt 0.83496094 0.671875
vt 0.060058594 0.80322266
vt 0.06951904 0.79541016
vt 0.054626465 0.79052734
vt 0.06100464 0.7890625
vt 0.057678223 0.7871094
vt 0.053619385 0.78808594
vt 0.055847168 0.7861328
vt 0.053344727 0.7866211
vt 0.053955078 0.78564453
vt 0.40820312 0.6791992
vt 0.4091797 0.6723633
vt 0.40576172 0.6826172
vt 0.24279785 0.6118164
vt 0.23986816 0.61572266
vt 0.24584961 0.61083984
vt 0.2668457 0.3791504
vt 0.13342285 0.2919922
vt 0.12445068 0.29736328
vt 0.46411133 0.3017578
vt 0.46313477 0.30541992
vt 0.47045898 0.29418945
vt 0.5102539 0.27905273
vt 0.5019531 0.2788086
vt 0.51953125 0.28344727
vt 0.37158203 0.6376953
vt 0.36328125 0.6386719
vt 0.3815918 0.63916016
vt 0.3894043 0.64208984
vt 0.3955078 0.6464844
vt 0.40844727 0.6645508
vt 0.40551758 0.6582031
vt 0.20300293 0.6772461
vt 0.20336914 0.68603516
vt 0.20446777 0.67041016
vt 0.12402344 0.5097656
vt 0.4831543 0.28271484
vt 0.47827148 0.2866211
vt 0.49267578 0.27978516
vt 0.53027344 0.29370117
vt 0.52490234 0.2878418
vt 0.5332031 0.3005371
vt 0.5332031 0.31640625
vt 0.5336914 0.3112793
vt 0.53027344 0.32250977
vt 0.3486328 0.5473633
vt 0.35205078 0.54296875
vt 0.34350586 0.5541992
vt 0.4013672 0.65234375
vt 0.41015625 0.6928711
vt 0.4140625 0.7055664
vt 0.41674805 0.7158203
vt 0.41870117 0.72998047
vt 0.41992188 0.7426758
vt 0.41918945 0.75634766
vt 0.4169922 0.7705078
vt 0.41357422 0.78515625
vt 0.40844727 0.7963867
vt 0.40576172 0.8022461
vt 0.4013672 0.80908203
vt 0.39208984 0.8198242
vt 0.37329102 0.8354492
vt 0.38330078 0.828125
vt 0.31689453 0.85058594
vt 0.33642578 0.8496094
vt 0.34936523 0.8461914
vt 0.36254883 0.8408203
vt 0.30297852 0.8496094
vt 0.28833008 0.8466797
vt 0.27563477 0.84277344
vt 0.26293945 0.83740234
vt 0.25268555 0.8310547
vt 0.24279785 0.82373047
vt 0.23303223 0.81347656
vt 0.22814941 0.8066406
vt 0.22363281 0.79833984
vt 0.22033691 0.7890625
vt 0.21740723 0.77441406
vt 0.21618652 0.75927734
vt 0.20495605 0.6933594
vt 0.20825195 0.7036133
vt 0.2076416 0.66259766
vt 0.21264648 0.65283203
vt 0.22045898 0.64208984
vt 0.22631836 0.63427734
vt 0.25195312 0.61035156
vt 0.26049805 0.61083984
vt 0.2434082 0.6040039
vt 0.17102051 0.5678711
vt 0.22875977 0.6147461
vt 0.23620605 0.6088867
vt 0.21447754 0.62158203
vt 0.2220459 0.61865234
vt 0.19958496 0.62353516
vt 0.20654297 0.6220703
vt 0.15234375 0.55566406
vt 0.1673584 0.56396484
vt 0.14123535 0.5493164
vt 0.13684082 0.54589844
vt 0.13146973 0.5390625
vt 0.124694824 0.50146484
vt 0.12609863 0.49267578
vt 0.12414551 0.48632812
vt 0.12225342 0.47509766
vt 0.12145996 0.4584961
vt 0.12176514 0.42944336
vt 0.119506836 0.33569336
vt 0.12036133 0.35083008
vt 0.11999512 0.3215332
vt 0.15344238 0.2734375
vt 0.14294434 0.28198242
vt 0.2763672 0.36547852
vt 0.1821289 0.2487793
vt 0.17797852 0.25170898
vt 0.16699219 0.22790527
vt 0.17663574 0.24108887
vt 0.1538086 0.20715332
vt 0.30981445 0.2232666
vt 0.29296875 0.20080566
vt 0.3190918 0.2368164
vt 0.32421875 0.24731445
vt 0.328125 0.2614746
vt 0.32910156 0.2734375
vt 0.32788086 0.28710938
vt 0.32373047 0.30249023
vt 0.3173828 0.31640625
vt 0.31079102 0.32617188
vt 0.30688477 0.33129883
vt 0.2944336 0.34570312
vt 0.30126953 0.33764648
vt 0.28466797 0.3564453
vt 0.30029297 0.4519043
vt 0.28833008 0.44091797
vt 0.31176758 0.46264648
vt 0.35424805 0.4309082
vt 0.34716797 0.44067383
vt 0.3605957 0.42211914
vt 0.37841797 0.38916016
vt 0.37475586 0.3984375
vt 0.38330078 0.37841797
vt 0.39038086 0.36572266
vt 0.39672852 0.35766602
vt 0.4038086 0.35083008
vt 0.41064453 0.34399414
vt 0.41845703 0.33764648
vt 0.42993164 0.32910156
vt 0.5336914 0.30639648
vt 0.52685547 0.3256836
vt 0.5229492 0.32958984
vt 0.5126953 0.33642578
vt 0.5073242 0.3395996
vt 0.4638672 0.3918457
vt 0.4501953 0.4140625
vt 0.45751953 0.40307617
vt 0.43774414 0.42919922
vt 0.4440918 0.42211914
vt 0.42138672 0.44360352
vt 0.4284668 0.43847656
vt 0.36694336 0.4128418
vt 0.41088867 0.45288086
vt 0.4152832 0.4482422
vt 0.35620117 0.5361328
vt 0.36083984 0.5258789
vt 0.35205078 0.54296875
vt 0.25073242 0.1459961
vt 0.28076172 0.18383789
vt 0.16577148 0.26245117
vt 0.2705078 0.37329102
vt 0.12207031 0.3071289
vt 0.12145996 0.37182617
vt 0.2644043 0.38745117
vt 0.12237549 0.39453125
vt 0.26367188 0.3959961
vt 0.26489258 0.40722656
vt 0.26757812 0.41601562
vt 0.27124023 0.42285156
vt 0.2746582 0.4272461
vt 0.28100586 0.43408203
vt 0.17126465 0.56640625
vt 0.32080078 0.47143555
vt 0.13598633 0.5761719
vt 0.16040039 0.62939453
vt 0.15808105 0.5708008
vt 0.17321777 0.62646484
vt 0.18920898 0.62402344
vt 0.24951172 0.5996094
vt 0.25585938 0.5957031
vt 0.26098633 0.5942383
vt 0.2644043 0.59375
vt 0.26708984 0.59765625
vt 0.50439453 0.34155273
vt 0.49658203 0.34814453
vt 0.4489746 0.31567383
vt 0.48901367 0.3564453
vt 0.4802246 0.3671875
vt 0.4711914 0.3803711
vt 0.37060547 0.40698242
vt 0.40454102 0.46020508
vt 0.39868164 0.46704102
vt 0.39111328 0.47607422
vt 0.33764648 0.453125
vt 0.38305664 0.48828125
vt 0.33081055 0.46142578
vt 0.37036133 0.50878906
vt 0.34350586 0.5541992
vt 0.33642578 0.56152344
vt 0.32983398 0.5698242
vt 0.32617188 0.57666016
vt 0.3251953 0.5859375
vt 0.2692871 0.6040039
vt 0.32543945 0.5961914
vt 0.27075195 0.61083984
vt 0.32739258 0.6044922
vt 0.32983398 0.6118164
vt 0.33325195 0.62158203
vt 0.33569336 0.62646484
vt 0.21166992 0.7138672
vt 0.23083496 0.62841797
vt 0.35742188 0.6401367
vt 0.35302734 0.6411133
vt 0.34277344 0.63427734
vt 0.2154541 0.74316406
vt 0.34960938 0.6401367
vt 0.21472168 0.73095703
vt 0.21411133 0.72558594
vt 0.20117188 0.9765625
vt 0.20495605 0.97265625
vt 0.20117188 0.97216797
vt 0.20092773 0.96240234
vt 0.2097168 0.9663086
vt 0.14978027 0.95703125
vt 0.15612793 0.9555664
vt 0.15063477 0.9506836
vt 0.020874023 0.83691406
vt 0.020828247 0.8383789
vt 0.023254395 0.83691406
vt 0.027923584 0.8486328
vt 0.027786255 0.83740234
vt 0.04824829 0.84033203
vt 0.035980225 0.8574219
vt 0.0881958 0.91308594
vt 0.09692383 0.9277344
vt 0.099487305 0.90771484
vt 0.11016846 0.92871094
vt 0.10913086 0.90283203
vt 0.12390137 0.9291992
vt 0.046936035 0.8666992
vt 0.066467285 0.84277344
vt 0.057678223 0.87402344
vt 0.082092285 0.84521484
vt 0.07220459 0.8833008
vt 0.0892334 0.8461914
vt 0.08532715 0.8911133
vt 0.21447754 0.95947266
vt 0.20129395 0.95166016
vt 0.2232666 0.94628906
vt 0.2019043 0.9404297
vt 0.20336914 0.9267578
vt 0.23303223 0.92871094
vt 0.06561279 0.81396484
vt 0.07849121 0.8017578
vt 0.099121094 0.81591797
vt 0.07318115 0.82666016
vt 0.07910156 0.83447266
vt 0.08557129 0.84277344
vt 0.11694336 0.8276367
vt 0.13647461 0.8408203
vt 0.099731445 0.8984375
vt 0.15014648 0.85058594
vt 0.16333008 0.8598633
vt 0.13989258 0.9277344
vt 0.1505127 0.9267578
vt 0.15991211 0.9248047
vt 0.18005371 0.8647461
vt 0.19824219 0.8666992
vt 0.23937988 0.9165039
vt 0.16394043 0.95214844
vt 0.15258789 0.94433594
vt 0.15454102 0.93847656
vt 0.17614746 0.9458008
vt 0.15661621 0.9321289
vt 0.18652344 0.9394531
vt 0.19592285 0.9326172
vt 0.21496582 0.86865234
vt 0.24584961 0.89990234
vt 0.22753906 0.8691406
vt 0.24902344 0.88427734
vt 0.24047852 0.87060547
vt 0.24645996 0.87158203
vt 0.24963379 0.875
vt 0.5083008 0.9238281
vt 0.51220703 0.9223633
vt 0.49267578 0.890625
vt 0.51464844 0.92089844
vt 0.52001953 0.91845703
vt 0.5253906 0.9160156
vt 0.52783203 0.9145508
vt 0.52978516 0.9121094
vt 0.5332031 0.90722656
vt 0.53808594 0.89990234
vt 0.49291992 0.88623047
vt 0.49438477 0.87646484
vt 0.5419922 0.8935547
vt 0.49682617 0.86621094
vt 0.5463867 0.88671875
vt 0.5498047 0.8798828
vt 0.49951172 0.8569336
vt 0.50439453 0.8457031
vt 0.5541992 0.8730469
vt 0.55615234 0.8696289
vt 0.56103516 0.8642578
vt 0.5786133 0.81103516
vt 0.5756836 0.8105469
vt 0.57910156 0.81347656
vt 0.578125 0.81640625
vt 0.5708008 0.8120117
vt 0.57373047 0.8208008
vt 0.5649414 0.8154297
vt 0.5683594 0.8256836
vt 0.55859375 0.8203125
vt 0.5620117 0.83251953
vt 0.55322266 0.8256836
vt 0.55566406 0.84033203
vt 0.5498047 0.82958984
vt 0.5449219 0.83496094
vt 0.55126953 0.8466797
vt 0.5410156 0.83984375
vt 0.53808594 0.8442383
vt 0.54785156 0.85253906
vt 0.5366211 0.84716797
vt 0.5473633 0.85498047
vt 0.5410156 0.80078125
vt 0.53808594 0.80078125
vt 0.5419922 0.8027344
vt 0.53515625 0.80371094
vt 0.5415039 0.8051758
vt 0.54052734 0.80859375
vt 0.53125 0.80810547
vt 0.5385742 0.8149414
vt 0.5283203 0.81396484
vt 0.5366211 0.8232422
vt 0.52490234 0.82128906
vt 0.5341797 0.83496094
vt 0.52197266 0.83154297
vt 0.5205078 0.83935547
vt 0.53271484 0.8442383
vt 0.52001953 0.84277344
vt 0.53271484 0.8461914
vt 0.59277344 0.8378906
vt 0.5917969 0.83251953
vt 0.58984375 0.83251953
vt 0.50341797 0.83984375
vt 0.5058594 0.80322266
vt 0.50390625 0.8027344
vt 0.50683594 0.8046875
vt 0.5019531 0.8046875
vt 0.5073242 0.80859375
vt 0.5 0.80908203
vt 0.49975586 0.8144531
vt 0.5078125 0.81396484
vt 0.5 0.8232422
vt 0.50927734 0.8203125
vt 0.5102539 0.8251953
vt 0.50097656 0.82910156
vt 0.51171875 0.82910156
vt 0.51416016 0.83691406
vt 0.5161133 0.84277344
vt 0.58691406 0.8417969
vt 0.5834961 0.83447266
vt 0.5786133 0.83691406
vt 0.57958984 0.84716797
vt 0.5722656 0.84033203
vt 0.5722656 0.85302734
vt 0.5649414 0.84472656
vt 0.56591797 0.859375
vt 0.55810547 0.8496094
vt 0.55322266 0.8535156
vt 0.55029297 0.8564453
vt 0.51904297 0.8432617
vt 0.53466797 0.84716797
vt 0.51708984 0.84375
vt 0.5488281 0.8564453
vt 0.5932617 0.8330078
vt 0.3774414 0.055603027
vt 0.38061523 0.08190918
vt 0.38549805 0.050109863
vt 0.3930664 0.045837402
vt 0.3972168 0.044158936
vt 0.39086914 0.09649658
vt 0.40942383 0.044128418
vt 0.42016602 0.04574585
vt 0.43164062 0.049957275
vt 0.4025879 0.109436035
vt 0.4404297 0.054260254
vt 0.45239258 0.06137085
vt 0.41333008 0.118652344
vt 0.45874023 0.06573486
vt 0.421875 0.12585449
vt 0.4296875 0.13183594
vt 0.46923828 0.06945801
vt 0.4375 0.1373291
vt 0.48339844 0.0748291
vt 0.44482422 0.14221191
vt 0.4506836 0.1459961
vt 0.49658203 0.08129883
vt 0.45581055 0.14892578
vt 0.46728516 0.15490723
vt 0.50878906 0.08758545
vt 0.47729492 0.15979004
vt 0.52197266 0.095336914
vt 0.4868164 0.16369629
vt 0.49951172 0.16845703
vt 0.53125 0.101135254
vt 0.50927734 0.17138672
vt 0.53759766 0.10534668
vt 0.55029297 0.11395264
vt 0.52246094 0.17480469
vt 0.56884766 0.12915039
vt 0.5336914 0.17858887
vt 0.54345703 0.18237305
vt 0.59472656 0.15014648
vt 0.5527344 0.1862793
vt 0.5600586 0.19006348
vt 0.5678711 0.19384766
vt 0.61865234 0.1694336
vt 0.57666016 0.19897461
vt 0.5834961 0.203125
vt 0.5888672 0.20654297
vt 0.59277344 0.21032715
vt 0.6850586 0.2130127
vt 0.6196289 0.16491699
vt 0.6982422 0.093566895
vt 0.69140625 0.09338379
vt 0.70654297 0.097351074
vt 0.6582031 0.25756836
vt 0.6645508 0.2529297
vt 0.6513672 0.26049805
vt 0.64501953 0.26245117
vt 0.63378906 0.26220703
vt 0.59472656 0.2244873
vt 0.59716797 0.22790527
vt 0.5932617 0.21960449
vt 0.68310547 0.09515381
vt 0.67626953 0.09875488
vt 0.7128906 0.10290527
vt 0.71777344 0.109558105
vt 0.72314453 0.12054443
vt 0.7265625 0.13256836
vt 0.7270508 0.14355469
vt 0.72558594 0.15246582
vt 0.72216797 0.16320801
vt 0.7163086 0.17565918
vt 0.70996094 0.18518066
vt 0.70410156 0.19299316
vt 0.6972656 0.19995117
vt 0.6899414 0.20690918
vt 0.6040039 0.23352051
vt 0.6772461 0.23339844
vt 0.6801758 0.22570801
vt 0.6689453 0.24829102
vt 0.67333984 0.24169922
vt 0.62353516 0.25927734
vt 0.6176758 0.25585938
vt 0.61279297 0.25170898
vt 0.6088867 0.24694824
vt 0.6064453 0.24206543
vt 0.60498047 0.23828125
vt 0.6010742 0.23168945
vt 0.6230469 0.16223145
vt 0.62890625 0.1583252
vt 0.6591797 0.11920166
vt 0.65185547 0.1315918
vt 0.66503906 0.11047363
vt 0.67089844 0.103759766
vt 0.6455078 0.14221191
vt 0.640625 0.14831543
vt 0.6347656 0.15490723
vt 0.6826172 0.21777344
vt 0.6044922 0.23498535
vt 0.96435547 0.031433105
vt 0.9121094 0.031433105
vt 0.9604492 0.041748047
vt 0.7783203 0.26586914
vt 0.8745117 0.2980957
vt 0.8774414 0.28051758
vt 0.79833984 0.2211914
vt 0.88134766 0.25708008
vt 0.8847656 0.2298584
vt 0.80566406 0.20568848
vt 0.8881836 0.20739746
vt 0.8105469 0.19616699
vt 0.8154297 0.18640137
vt 0.82470703 0.1697998
vt 0.8901367 0.19580078
vt 0.89160156 0.18933105
vt 0.82910156 0.16210938
vt 0.9555664 0.057891846
vt 0.9067383 0.044036865
vt 0.83447266 0.15148926
vt 0.89404297 0.1850586
vt 0.9482422 0.08886719
vt 0.89941406 0.058288574
vt 0.88623047 0.081726074
vt 0.9458008 0.0970459
vt 0.9423828 0.107177734
vt 0.8383789 0.14343262
vt 0.89746094 0.18029785
vt 0.84228516 0.13781738
vt 0.84765625 0.13098145
vt 0.9008789 0.17614746
vt 0.8544922 0.12432861
vt 0.90625 0.1706543
vt 0.8598633 0.12030029
vt 0.91064453 0.16589355
vt 0.9160156 0.15856934
vt 0.8696289 0.10772705
vt 0.9248047 0.1463623
vt 0.9291992 0.13806152
vt 0.8769531 0.09649658
vt 0.9370117 0.12145996
vt 0.3713379 0.06549072
vt 0.3708496 0.06137085
vt 0.4711914 0.9345703
vt 0.46044922 0.8911133
vt 0.46313477 0.9370117
vt 0.4338379 0.8911133
vt 0.43847656 0.9482422
vt 0.41503906 0.89160156
vt 0.42163086 0.9560547
vt 0.40356445 0.89404297
vt 0.41015625 0.9580078
vt 0.39331055 0.8984375
vt 0.39819336 0.95703125
vt 0.38549805 0.9038086
vt 0.3762207 0.9116211
vt 0.38867188 0.9560547
vt 0.36914062 0.9189453
vt 0.38061523 0.95410156
vt 0.3737793 0.95214844
vt 0.3642578 0.9248047
vt 0.3623047 0.92871094
vt 0.36206055 0.9345703
vt 0.36376953 0.94189453
vt 0.36987305 0.9506836
vt 0.36645508 0.9477539
vt 0.13916016 0.037475586
vt 0.13256836 0.039642334
vt 0.14990234 0.04586792
vt 0.03579712 0.6464844
vt 0.04324341 0.6484375
vt 0.031204224 0.6401367
vt 0.101745605 0.06719971
vt 0.10015869 0.07647705
vt 0.10772705 0.058624268
vt 0.028182983 0.6333008
vt 0.027770996 0.6254883
vt 0.031143188 0.6113281
vt 0.028442383 0.6191406
vt 0.035736084 0.60546875
vt 0.03994751 0.6015625
vt 0.047912598 0.59716797
vt 0.0758667 0.6513672
vt 0.09075928 0.64746094
vt 0.06726074 0.65234375
vt 0.05633545 0.6513672
vt 0.060760498 0.59277344
vt 0.079956055 0.58935547
vt 0.14245605 0.18664551
vt 0.13110352 0.16479492
vt 0.11853027 0.13806152
vt 0.106933594 0.10992432
vt 0.101501465 0.09082031
vt 0.12097168 0.047058105
vt 0.18811035 0.07720947
vt 0.17480469 0.06414795
vt 0.20483398 0.09411621
vt 0.21948242 0.109558105
vt 0.23388672 0.12536621
vt 0.2668457 0.16516113
vt 0.115600586 0.6411133
vt 0.10229492 0.5839844
vt 0.47509766 0.93408203
vn -0 0 -1
vn -0 0 -1
vn -0 0 -1
vn -0 0 -1
vn -0 0 -1
vn -0 0 -1
vn -0 0 -1
vn -0 0 -1
vn -0 0 -1
vn -0 0 -1
vn -0 0 -1
vn -0 0 -1
vn -0 0 -1
vn -0 0 -1
vn -0 0 -1
vn -0 0 -1
vn -0 0 -1
vn -0 0 -1
vn -0 0 -1
vn -0 0 -1
vn -0 0 -1
vn -0 0 -1
vn -0 0 -1
vn -0 0 -1
vn -0 0 -1
vn -0 0 -1
vn -0 0 -1
vn -0 0 -1
vn -0 0 -1
vn -0 0 -1
vn -0 0 -1
vn -0 0 -1
vn -0 0 -1
vn -0 0 -1
vn -0 0 -1
vn -0 0 -1
vn -0 0 -1
vn -0 0 -1
vn -0 0 -1
vn -0 0 -1
vn -0 0 -1
vn -0 0 -1
vn -0 0 -1
vn -0 0 -1
vn -0 0 -1
vn -0 0 -1
vn -0 0 -1
vn -0 0 -1
vn -0 0 -1
vn -0 0 -1
vn -0 0 -1
vn -0 0 -1
vn -0 0 -1
vn -0 0 -1
vn -0 0 -1
vn -0 0 -1
vn -0 0 -1
vn -0 0 -1
vn -0 0 -1
vn -0 0 -1
vn -0 0 -1
vn -0 0 -1
vn -0 0 -1
vn -0 0 -1
vn -0 0 -1
vn -0 0 -1
vn -0 0 -1
vn -0 0 -1
vn -0 0 -1
vn -0 0 -1
vn -0 0 -1
vn -0 0 -1
vn -0 0 -1
vn -0 0 -1
vn -0 0 -1
vn -0 0 -1
vn -0 0 -1
vn -0 0 -1
vn -0 0 -1
vn -0 0 -1
vn -0 0 -1
vn -0 0 -1
vn -0 0 -1
vn -0 0 -1
vn -0 0 -1
vn -0 0 -1
vn -0 0 -1
vn -0 0 -1
vn -0 0 -1
vn -0 0 -1
vn -0 0 -1
vn -0 0 -1
vn -0 0 -1
vn -0 0 -1
vn -0 0 -1
vn -0 0 -1
vn -0 0 -1
vn -0 0 -1
vn -0 0 -1
vn -0 0 -1
vn -0 0 -1
vn -0 0 -1
vn -0 0 -1
vn -0 0 -1
vn -0 0 -1
vn -0 0 -1
vn -0 0 -1
vn -0 0 -1
vn -0 0 -1
vn -0 0 -1
vn -0 0 -1
vn -0 0 -1
vn -0 0 -1
vn -0 0 -1
vn -0 0 -1
vn -0 0 -1
vn -0 0 -1
vn -0 0 -1
vn -0 0 -1
vn -0 0 -1
vn -0 0 -1
vn -0 0 -1
vn -0 0 -1
vn -0 0 -1
vn -0 0 -1
vn -0 0 -1
vn -0 0 -1
vn -0 0 -1
vn -0 0 -1
vn -0 0 -1
vn -0 0 -1
vn -0 0 -1
vn -0 0 -1
vn -0 0 -1
vn -0 0 -1
vn -0 0 -1
vn -0 0 -1
vn -0 0 -1
vn -0 0 -1
vn -0 0 -1
vn -0 0 -1
vn -0 0 -1
vn -0 0 -1
vn -0 0 -1
vn -0 0 -1
vn -0 0 -1
vn -0 0 -1
vn -0 0 -1
vn -0 0 -1
vn -0 0 -1
vn -0 0 -1
vn -0 0 -1
vn -0 0 -1
vn -0 0 -1
vn -0 0 -1
vn -0 0 -1
vn -0 0 -1
vn -0 0 -1
vn -0 0 -1
vn -0 0 -1
vn -0 0 -1
vn -0 0 -1
vn -0 0 -1
vn -0 0 -1
vn -0 0 -1
vn -0 0 -1
vn -0 0 -1
vn -0 0 -1
vn -0 0 -1
vn -0 0 -1
vn -0 0 -1
vn -0 0 -1
vn -0 0 -1
vn -0 0 -1
vn -0 0 -1
vn -0 0 -1
vn -0 0 -1
vn -0 0 -1
vn -0 0 -1
vn -0 0 -1
vn -0 0 -1
vn -0 0 -1
vn -0 0 -1
vn -0 0 -1
vn -0 0 -1
vn -0 0 -1
vn -0 0 -1
vn -0 0 -1
vn -0 0 -1
vn -0 0 -1
vn -0 0 -1
vn -0 0 -1
vn -0 0 -1
vn -0 0 -1
vn -0 0 -1
vn -0 0 -1
vn -0 0 -1
vn -0 0 -1
vn -0 0 -1
vn -0 0 -1
vn -0 0 -1
vn -0 0 -1
vn -0 0 -1
vn -0 0 -1
vn -0 0 -1
vn -0 0 -1
vn -0 0 -1
vn -0 0 -1
vn -0 0 -1
vn -0 0 -1
vn -0 0 -1
vn -0 0 -1
vn -0 0 -1
vn -0 0 -1
vn -0 0 -1
vn -0 0 -1
vn -0 0 -1
vn -0 0 -1
vn -0 0 -1
vn -0 0 -1
vn -0 0 -1
vn -0 0 -1
vn -0 0 -1
vn -0 0 -1
vn -0 0 -1
vn -0 0 -1
vn -0 0 -1
vn -0 0 -1
vn -0 0 -1
vn -0 0 -1
vn -0 0 -1
vn -0 0 -1
vn -0 0 -1
vn -0 0 -1
vn -0 0 -1
vn -0 0 -1
vn -0 0 -1
vn -0 0 -1
vn -0 0 -1
vn -0 0 -1
vn -0 0 -1
vn -0 0 -1
vn -0 0 -1
vn -0 0 -1
vn -0 0 -1
vn -0 0 -1
vn -0 0 -1
vn -0 0 -1
vn -0 0 -1
vn -0 0 -1
vn -0 0 -1
vn -0 0 -1
vn -0 0 -1
vn -0 0 -1
vn -0 0 -1
vn -0 0 -1
vn -0 0 -1
vn -0 0 -1
vn -0 0 -1
vn -0 0 -1
vn -0 0 -1
vn -0 0 -1
vn -0 0 -1
vn -0 0 -1
vn -0 0 -1
vn -0 0 -1
vn -0 0 -1
vn -0 0 -1
vn -0 0 -1
vn -0 0 -1
vn -0 0 -1
vn -0 0 -1
vn -0 0 -1
vn -0 0 -1
vn -0 0 -1
vn -0 0 -1
vn -0 0 -1
vn -0 0 -1
vn -0 0 -1
vn -0 0 -1
vn -0 0 -1
vn -0 0 -1
vn -0 0 -1
vn -0 0 -1
vn -0 0 -1
vn -0 0 -1
vn -0 0 -1
vn -0 0 -1
vn -0 0 -1
vn -0 0 -1
vn -0 0 -1
vn -0 0 -1
vn -0 0 -1
vn -0 0 -1
vn -0 0 -1
vn -0 0 -1
vn -0 0 -1
vn -0 0 -1
vn -0 0 -1
vn -0 0 -1
vn -0 0 -1
vn -0 0 -1
vn -0 0 -1
vn -0 0 -1
vn -0 0 -1
vn -0 0 -1
vn -0 0 -1
vn -0 0 -1
vn -0 0 -1
vn -0 0 -1
vn -0 0 -1
vn -0 0 -1
vn -0 0 -1
vn -0 0 -1
vn -0 0 -1
vn -0 0 -1
vn -0 0 -1
vn -0 0 -1
vn -0 0 -1
vn -0 0 -1
vn -0 0 -1
vn -0 0 -1
vn -0 0 -1
vn -0 0 -1
vn -0 0 -1
vn -0 0 -1
vn -0 0 -1
vn -0 0 -1
vn -0 0 -1
vn -0 0 -1
vn -0 0 -1
vn -0 0 -1
vn -0 0 -1
vn -0 0 -1
vn -0 0 -1
vn -0 0 -1
vn -0 0 -1
vn -0 0 -1
vn -0 0 -1
vn -0 0 -1
vn -0 0 -1
vn -0 0 -1
vn -0 0 -1
vn -0 0 -1
vn -0 0 -1
vn -0 0 -1
vn -0 0 -1
vn -0 0 -1
vn -0 0 -1
vn -0 0 -1
vn -0 0 -1
vn -0 0 -1
vn -0 0 -1
vn -0 0 -1
vn -0 0 -1
vn -0 0 -1
vn -0 0 -1
vn -0 0 -1
vn -0 0 -1
vn -0 0 -1
vn -0 0 -1
vn -0 0 -1
vn -0 0 -1
vn -0 0 -1
vn -0 0 -1
vn -0 0 -1
vn -0 0 -1
vn -0 0 -1
vn -0 0 -1
vn -0 0 -1
vn -0 0 -1
vn -0 0 -1
vn -0 0 -1
vn -0 0 -1
vn -0 0 -1
vn -0 0 -1
vn -0 0 -1
vn -0 0 -1
vn -0 0 -1
vn -0 0 -1
vn -0 0 -1
vn -0 0 -1
vn -0 0 -1
vn -0 0 -1
vn -0 0 -1
vn -0 0 -1
vn -0 0 -1
vn -0 0 -1
vn -0 0 -1
vn -0 0 -1
vn -0 0 -1
vn -0 0 -1
vn -0 0 -1
vn -0 0 -1
vn -0 0 -1
vn -0 0 -1
vn -0 0 -1
vn -0 0 -1
vn -0 0 -1
vn -0 0 -1
vn -0 0 -1
vn -0 0 -1
vn -0 0 -1
vn -0 0 -1
vn -0 0 -1
vn -0 0 -1
vn -0 0 -1
vn -0 0 -1
vn -0 0 -1
vn -0 0 -1
vn -0 0 -1
vn -0 0 -1
vn -0 0 -1
vn -0 0 -1
vn -0 0 -1
vn -0 0 -1
vn -0 0 -1
vn -0 0 -1
vn -0 0 -1
vn -0 0 -1
vn -0 0 -1
vn -0 0 -1
vn -0 0 -1
vn -0 0 -1
vn -0 0 -1
vn -0 0 -1
vn -0 0 -1
vn -0 0 -1
vn -0 0 -1
vn -0 0 -1
vn -0 0 -1
vn -0 0 -1
vn -0 0 -1
vn -0 0 -1
vn -0 0 -1
vn -0 0 -1
vn -0 0 -1
vn -0 0 -1
vn -0 0 -1
vn -0 0 -1
vn -0 0 -1
vn -0 0 -1
vn -0 0 -1
vn -0 0 -1
vn -0 0 -1
vn -0 0 -1
vn -0 0 -1
vn -0 0 -1
vn -0 0 -1
vn -0 0 -1
vn -0 0 -1
vn -0 0 -1
vn -0 0 -1
vn -0 0 -1
vn -0 0 -1
vn -0 0 -1
vn -0 0 -1
vn -0 0 -1
vn -0 0 -1
vn -0 0 -1
vn -0 0 -1
vn -0 0 -1
vn -0 0 -1
vn -0 0 -1
vn -0 0 -1
vn -0 0 -1
vn -0 0 -1
vn -0 0 -1
vn -0 0 -1
vn -0 0 -1
vn -0 0 -1
vn -0 0 -1
vn -0 0 -1
vn -0 0 -1
vn -0 0 -1
vn -0 0 -1
vn -0 0 -1
vn -0 0 -1
vn -0 0 -1
vn -0 0 -1
vn -0 0 -1
vn -0 0 -1
vn -0 0 -1
vn -0 0 -1
vn -0 0 -1
vn -0 0 -1
vn -0 0 -1
vn -0 0 -1
vn -0 0 -1
vn -0 0 -1
vn -0 0 -1
vn -0 0 -1
vn -0 0 -1
vn -0 0 -1
vn -0 0 -1
vn -0 0 -1
vn -0 0 -1
vn -0 0 -1
vn -0 0 -1
vn -0 0 -1
vn -0 0 -1
vn -0 0 -1
vn -0 0 -1
vn -0 0 -1
vn -0 0 -1
vn -0 0 -1
vn -0 0 -1
vn -0 0 -1
vn -0 0 -1
vn -0 0 -1
vn -0 0 -1
vn -0 0 -1
vn -0 0 -1
vn -0 0 -1
vn -0 0 -1
vn -0 0 -1
vn -0 0 -1
vn -0 0 -1
vn -0 0 -1
vn -0 0 -1
vn -0 0 -1
vn -0 0 -1
vn -0 0 -1
vn -0 0 -1
vn -0 0 -1
vn -0 0 -1
vn -0 0 -1
vn -0 0 -1
vn -0 0 -1
vn -0 0 -1
vn -0 0 -1
vn -0 0 -1
vn -0 0 -1
vn -0 0 -1
vn -0 0 -1
vn -0 0 -1
vn -0 0 -1
vn -0 0 -1
vn -0 0 -1
vn -0 0 -1
vn -0 0 -1
vn -0 0 -1
vn -0 0 -1
vn -0 0 -1
vn -0 0 -1
vn -0 0 -1
vn -0 0 -1
vn -0 0 -1
vn -0 0 -1
vn -0 0 -1
vn -0 0 -1
vn -0 0 -1
vn -0 0 -1
vn -0 0 -1
vn -0 0 -1
vn -0 0 -1
vn -0 0 -1
vn -0 0 -1
vn -0 0 -1
vn -0 0 -1
vn -0 0 -1
vn -0 0 -1
vn -0 0 -1
vn -0 0 -1
vn -0 0 -1
vn -0 0 -1
vn -0 0 -1
vn -0 0 -1
vn -0 0 -1
vn -0 0 -1
vn -0 0 -1
vn -0 0 -1
vn -0 0 -1
vn -0 0 -1
vn -0 0 -1
vn -0 0 -1
vn -0 0 -1
vn -0 0 -1
vn -0 0 -1
vn -0 0 -1
vn -0 0 -1
vn -0 0 -1
vn -0 0 -1
vn -0 0 -1
vn -0 0 -1
vn -0 0 -1
vn -0 0 -1
vn -0 0 -1
vn -0 0 -1
vn -0 0 -1
vn -0 0 -1
vn -0 0 -1
vn -0 0 -1
vn -0 0 -1
vn -0 0 -1
vn -0 0 -1
vn -0 0 -1
vn -0 0 -1
vn -0 0 -1
vn -0 0 -1
vn -0 0 -1
vn -0 0 -1
vn -0 0 -1
vn -0 0 -1
vn -0 0 -1
vn -0 0 -1
vn -0 0 -1
vn -0 0 -1
vn -0 0 -1
vn -0 0 -1
vn -0 0 -1
vn -0 0 -1
vn -0 0 -1
vn -0 0 -1
vn -0 0 -1
vn -0 0 -1
vn -0 0 -1
vn -0 0 -1
vn -0 0 -1
vn -0 0 -1
vn -0 0 -1
vn -0 0 -1
vn -0 0 -1
vn -0 0 -1
vn -0 0 -1
vn -0 0 -1
vn -0 0 -1
vn -0 0 -1
vn -0 0 -1
vn -0 0 -1
vn -0 0 -1
vn -0 0 -1
vn -0 0 -1
vn -0 0 -1
vn -0 0 -1
vn -0 0 -1
vn -0 0 -1
vn -0 0 -1
vn -0 0 -1
vn -0 0 -1
vn -0 0 -1
vn -0 0 -1
vn -0 0 -1
vn -0 0 -1
vn -0 0 -1
vn -0 0 -1
vn -0 0 -1
vn -0 0 -1
vn -0 0 -1
vn -0 0 -1
vn -0 0 -1
vn -0 0 -1
vn -0 0 -1
vn -0 0 -1
vn -0 0 -1
vn -0 0 -1
vn -0 0 -1
vn -0 0 -1
vn -0 0 -1
vn -0 0 -1
vn -0 0 -1
vn -0 0 -1
vn -0 0 -1
vn -0 0 -1
vn -0 0 -1
vn -0 0 -1
vn -0 0 -1
vn -0 0 -1
vn -0 0 -1
vn -0 0 -1
vn -0 0 -1
vn -0 0 -1
vn -0 0 -1
vn -0 0 -1
vn -0 0 -1
vn -0 0 -1
vn -0 0 -1
vn -0 0 -1
vn -0 0 -1
vn -0 0 -1
vn -0 0 -1
vn -0 0 -1
vn -0 0 -1
vn -0 0 -1
vn -0 0 -1
vn -0 0 -1
vn -0 0 -1
vn -0 0 -1
vn -0 0 -1
vn -0 0 -1
vn -0 0 -1
vn -0 0 -1
vn -0 0 -1
vn -0 0 -1
vn -0 0 -1
vn -0 0 -1
vn -0 0 -1
vn -0 0 -1
vn -0 0 -1
vn -0 0 -1
vn -0 0 -1
vn -0 0 -1
vn -0 0 -1
vn -0 0 -1
vn -0 0 -1
vn -0 0 -1
vn -0 0 -1
vn -0 0 -1
vn -0 0 -1
vn -0 0 -1
vn -0 0 -1
vn -0 0 -1
vn -0 0 -1
vn -0 0 -1
vn -0 0 -1
vn -0 0 -1
vn -0 0 -1
vn -0 0 -1
vn -0 0 -1
vn -0 0 -1
vn -0 0 -1
vn -0 0 -1
vn -0 0 -1
vn -0 0 -1
vn -0 0 -1
vn -0 0 -1
vn -0 0 -1
vn -0 0 -1
vn -0 0 -1
vn -0 0 -1
vn -0 0 -1
vn -0 0 -1
vn -0 0 -1
vn -0 0 -1
vn -0 0 -1
vn -0 0 -1
vn -0 0 -1
vn -0 0 -1
vn -0 0 -1
vn -0 0 -1
vn -0 0 -1
vn -0 0 -1
vn -0 0 -1
vn -0 0 -1
vn -0 0 -1
vn -0 0 -1
vn -0 0 -1
vn -0 0 -1
vn -0 0 -1
vn -0 0 -1
vn -0 0 -1
vn -0 0 -1
vn -0 0 -1
vn -0 0 -1
vn -0 0 -1
vn -0 0 -1
vn -0 0 -1
vn -0 0 -1
vn -0 0 -1
vn -0 0 -1
vn -0 0 -1
vn -0 0 -1
vn -0 0 -1
vn -0 0 -1
vn -0 0 -1
vn -0 0 -1
vn -0 0 -1
vn -0 0 -1
vn -0 0 -1
vn -0 0 -1
vn -0 0 -1
vn -0 0 -1
vn -0 0 -1
vn -0 0 -1
vn -0 0 -1
vn -0 0 -1
vn -0 0 -1
vn -0 0 -1
vn -0 0 -1
vn -0 0 -1
vn -0 0 -1
vn -0 0 -1
vn -0 0 -1
vn -0 0 -1
vn -0 0 -1
vn -0 0 -1
vn -0 0 -1
vn -0 0 -1
vn -0 0 -1
vn -0 0 -1
vn -0 0 -1
vn -0 0 -1
vn -0 0 -1
vn -0 0 -1
vn -0 0 -1
vn -0 0 -1
vn -0 0 -1
vn -0 0 -1
vn -0 0 -1
vn -0 0 -1
vn -0 0 -1
vn -0 0 -1
vn -0 0 -1
vn -0 0 -1
vn -0 0 -1
vn -0 0 -1
vn -0 0 -1
vn -0 0 -1
vn -0 0 -1
vn -0 0 -1
vn -0 0 -1
vn -0 0 -1
vn -0 0 -1
vn -0 0 -1
vn -0 0 -1
vn -0 0 -1
vn -0 0 -1
vn -0 0 -1
vn -0 0 -1
vn -0 0 -1
vn -0 0 -1
vn -0 0 -1
vn -0 0 -1
vn -0 0 -1
vn -0 0 -1
vn -0 0 -1
vn -0 0 -1
vn -0 0 -1
vn -0 0 -1
vn -0 0 -1
vn -0 0 -1
vn -0 0 -1
vn -0 0 -1
vn -0 0 -1
vn -0 0 -1
vn -0 0 -1
vn -0 0 -1
vn -0 0 -1
vn -0 0 -1
vn -0 0 -1
vn -0 0 -1
vn -0 0 -1
vn -0 0 -1
vn -0 0 -1
vn -0 0 -1
vn -0 0 -1
vn -0 0 -1
vn -0 0 -1
vn -0 0 -1
vn -0 0 -1
vn -0 0 -1
vn -0 0 -1
vn -0 0 -1
vn -0 0 -1
vn -0 0 -1
vn -0 0 -1
vn -0 0 -1
vn -0 0 -1
vn -0 0 -1
vn -0 0 -1
vn -0 0 -1
vn -0 0 -1
vn -0 0 -1
vn -0 0 -1
vn -0 0 -1
vn -0 0 -1
vn -0 0 -1
vn -0 0 -1
vn -0 0 -1
vn -0 0 -1
vn -0 0 -1
vn -0 0 -1
vn -0 0 -1
vn -0 0 -1
vn -0 0 -1
vn -0 0 -1
vn -0 0 -1
vn -0 0 -1
vn -0 0 -1
vn -0 0 -1
vn -0 0 -1
vn -0 0 -1
vn -0 0 -1
vn -0 0 -1
vn -0 0 -1
vn -0 0 -1
vn -0 0 -1
vn -0 0 -1
vn -0 0 -1
vn -0 0 -1
vn -0 0 -1
vn -0 0 -1
vn -0 0 -1
vn -0 0 -1
vn -0 0 -1
vn -0 0 -1
vn -0 0 -1
vn -0 0 -1
vn -0 0 -1
vn -0 0 -1
vn -0 0 -1
vn -0 0 -1
vn -0 0 -1
vn -0 0 -1
vn -0 0 -1
vn -0 0 -1
vn -0 0 -1
vn -0 0 -1
vn -0 0 -1
vn -0 0 -1
vn -0 0 -1
vn -0 0 -1
vn -0 0 -1
vn -0 0 -1
vn -0 0 -1
vn -0 0 -1
vn -0 0 -1
vn -0 0 -1
vn -0 0 -1
vn -0 0 -1
vn -0 0 -1
vn -0 0 -1
vn -0 0 -1
vn -0 0 -1
vn -0 0 -1
vn -0 0 -1
vn -0 0 -1
vn -0 0 -1
vn -0 0 -1
vn -0 0 -1
vn -0 0 -1
vn -0 0 -1
vn -0 0 -1
vn -0 0 -1
vn -0 0 -1
vn -0 0 -1
vn -0 0 -1
vn -0 0 -1
vn -0 0 -1
vn -0 0 -1
vn -0 0 -1
vn -0 0 -1
vn -0 0 -1
vn -0 0 -1
vn -0 0 -1
vn -0 0 -1
vn -0 0 -1
vn -0 0 -1
vn -0 0 -1
vn -0 0 -1
vn -0 0 -1
vn -0 0 -1
vn -0 0 -1
vn -0 0 -1
g cTR_20_000120_00_KASUMI_SR_L_SB_0
f 3/3/3 2/2/2 1/1/1
f 5/5/5 3/3/3 4/4/4
f 2/2/2 3/3/3 5/5/5
f 8/8/8 7/7/7 6/6/6
f 8/8/8 9/9/9 7/7/7
f 12/12/12 11/11/11 10/10/10
f 15/15/15 14/14/14 13/13/13
f 16/16/16 14/14/14 15/15/15
f 17/17/17 14/14/14 16/16/16
f 18/18/18 14/14/14 17/17/17
f 19/19/19 14/14/14 18/18/18
f 20/20/20 14/14/14 19/19/19
f 21/21/21 14/14/14 20/20/20
f 21/21/21 22/22/22 14/14/14
f 23/23/23 22/22/22 21/21/21
f 23/23/23 24/24/24 22/22/22
f 25/25/25 24/24/24 23/23/23
f 25/25/25 26/26/26 24/24/24
f 29/29/29 28/28/28 27/27/27
f 30/30/30 28/28/28 29/29/29
f 30/30/30 31/31/31 28/28/28
f 32/32/32 31/31/31 30/30/30
f 33/33/33 31/31/31 32/32/32
f 33/33/33 34/34/34 31/31/31
f 35/35/35 34/34/34 33/33/33
f 36/36/36 34/34/34 35/35/35
f 37/37/37 34/34/34 36/36/36
f 38/38/38 27/27/27 28/28/28
f 38/38/38 39/39/39 27/27/27
f 38/38/38 40/40/40 39/39/39
f 43/43/43 42/42/42 41/41/41
f 43/43/43 44/44/44 42/42/42
f 45/45/45 44/44/44 43/43/43
f 46/46/46 40/40/40 38/38/38
f 46/46/46 47/47/47 40/40/40
f 48/48/48 47/47/47 46/46/46
f 48/48/48 49/49/49 47/47/47
f 48/48/48 50/50/50 49/49/49
f 51/51/51 50/50/50 48/48/48
f 51/51/51 52/52/52 50/50/50
f 51/51/51 45/45/45 52/52/52
f 51/51/51 44/44/44 45/45/45
f 55/55/55 54/54/54 53/53/53
f 55/55/55 56/56/56 54/54/54
f 57/57/57 56/56/56 55/55/55
f 57/57/57 58/58/58 56/56/56
f 59/59/59 58/58/58 57/57/57
f 59/59/59 60/60/60 58/58/58
f 61/61/61 60/60/60 59/59/59
f 61/61/61 62/62/62 60/60/60
f 61/61/61 63/63/63 62/62/62
f 64/64/64 63/63/63 61/61/61
f 64/64/64 65/65/65 63/63/63
f 64/64/64 66/66/66 65/65/65
f 67/67/67 66/66/66 64/64/64
f 67/67/67 68/68/68 66/66/66
f 67/67/67 69/69/69 68/68/68
f 70/70/70 69/69/69 67/67/67
f 70/70/70 71/71/71 69/69/69
f 72/72/72 71/71/71 70/70/70
f 73/73/73 71/71/71 72/72/72
f 76/76/76 75/75/75 74/74/74
f 76/76/76 77/77/77 75/75/75
f 78/78/78 77/77/77 76/76/76
f 78/78/78 79/79/79 77/77/77
f 80/80/80 79/79/79 78/78/78
f 80/80/80 81/81/81 79/79/79
f 82/82/82 81/81/81 80/80/80
f 82/82/82 83/83/83 81/81/81
f 84/84/84 83/83/83 82/82/82
f 84/84/84 85/85/85 83/83/83
f 86/86/86 85/85/85 84/84/84
f 86/86/86 87/87/87 85/85/85
f 88/88/88 87/87/87 86/86/86
f 88/88/88 89/89/89 87/87/87
f 88/88/88 90/90/90 89/89/89
f 91/91/91 90/90/90 88/88/88
f 91/91/91 92/92/92 90/90/90
f 93/93/93 92/92/92 91/91/91
f 93/93/93 94/94/94 92/92/92
f 95/95/95 94/94/94 93/93/93
f 95/95/95 96/96/96 94/94/94
f 95/95/95 97/97/97 96/96/96
f 98/98/98 97/97/97 95/95/95
f 101/101/101 100/100/100 99/99/99
f 104/104/104 103/103/103 102/102/102
f 107/107/107 106/106/106 105/105/105
f 106/106/106 109/109/109 108/108/108
f 107/107/107 109/109/109 106/106/106
f 110/110/110 109/109/109 107/107/107
f 110/110/110 111/111/111 109/109/109
f 112/112/112 111/111/111 110/110/110
f 112/112/112 113/113/113 111/111/111
f 112/112/112 114/114/114 113/113/113
f 115/115/115 114/114/114 112/112/112
f 115/115/115 116/116/116 114/114/114
f 115/115/115 117/117/117 116/116/116
f 118/118/118 117/117/117 115/115/115
f 118/118/118 119/119/119 117/117/117
f 120/120/120 119/119/119 118/118/118
f 120/120/120 121/121/121 119/119/119
f 120/120/120 122/122/122 121/121/121
f 123/123/123 122/122/122 120/120/120
f 123/123/123 124/124/124 122/122/122
f 103/103/103 126/126/126 125/125/125
f 104/104/104 126/126/126 103/103/103
f 127/127/127 126/126/126 104/104/104
f 128/128/128 126/126/126 127/127/127
f 128/128/128 129/129/129 126/126/126
f 130/130/130 129/129/129 128/128/128
f 130/130/130 131/131/131 129/129/129
f 130/130/130 132/132/132 131/131/131
f 133/133/133 132/132/132 130/130/130
f 133/133/133 134/134/134 132/132/132
f 133/133/133 135/135/135 134/134/134
f 133/133/133 136/136/136 135/135/135
f 137/137/137 136/136/136 133/133/133
f 137/137/137 138/138/138 136/136/136
f 137/137/137 98/98/98 138/138/138
f 139/139/139 98/98/98 137/137/137
f 139/139/139 97/97/97 98/98/98
f 139/139/139 140/140/140 97/97/97
f 141/141/141 140/140/140 139/139/139
f 141/141/141 142/142/142 140/140/140
f 124/124/124 142/142/142 141/141/141
f 124/124/124 143/143/143 142/142/142
f 123/123/123 143/143/143 124/124/124
f 123/123/123 144/144/144 143/143/143
f 145/145/145 144/144/144 123/123/123
f 145/145/145 146/146/146 144/144/144
f 71/71/71 146/146/146 145/145/145
f 73/73/73 146/146/146 71/71/71
f 147/147/147 146/146/146 73/73/73
f 147/147/147 148/148/148 146/146/146
f 147/147/147 149/149/149 148/148/148
f 150/150/150 149/149/149 147/147/147
f 151/151/151 149/149/149 150/150/150
f 151/151/151 152/152/152 149/149/149
f 151/151/151 153/153/153 152/152/152
f 151/151/151 154/154/154 153/153/153
f 151/151/151 155/155/155 154/154/154
f 156/156/156 155/155/155 151/151/151
f 157/157/157 155/155/155 156/156/156
f 157/157/157 158/158/158 155/155/155
f 157/157/157 159/159/159 158/158/158
f 160/160/160 159/159/159 157/157/157
f 160/160/160 161/161/161 159/159/159
f 160/160/160 162/162/162 161/161/161
f 163/163/163 162/162/162 160/160/160
f 163/163/163 164/164/164 162/162/162
f 163/163/163 165/165/165 164/164/164
f 166/166/166 165/165/165 163/163/163
f 167/167/167 165/165/165 166/166/166
f 167/167/167 168/168/168 165/165/165
f 100/100/100 168/168/168 167/167/167
f 101/101/101 168/168/168 100/100/100
f 171/171/171 170/170/170 169/169/169
f 171/171/171 172/172/172 170/170/170
f 173/173/173 172/172/172 171/171/171
f 173/173/173 174/174/174 172/172/172
f 175/175/175 174/174/174 173/173/173
f 175/175/175 176/176/176 174/174/174
f 175/175/175 177/177/177 176/176/176
f 178/178/178 177/177/177 175/175/175
f 178/178/178 179/179/179 177/177/177
f 178/178/178 180/180/180 179/179/179
f 181/181/181 180/180/180 178/178/178
f 181/181/181 182/182/182 180/180/180
f 183/183/183 182/182/182 181/181/181
f 183/183/183 184/184/184 182/182/182
f 185/185/185 184/184/184 183/183/183
f 185/185/185 186/186/186 184/184/184
f 187/187/187 186/186/186 185/185/185
f 187/187/187 188/188/188 186/186/186
f 189/189/189 188/188/188 187/187/187
f 190/190/190 188/188/188 189/189/189
f 191/191/191 188/188/188 190/190/190
f 194/194/194 193/193/193 192/192/192
f 194/194/194 195/195/195 193/193/193
f 196/196/196 195/195/195 194/194/194
f 197/197/197 195/195/195 196/196/196
f 197/197/197 198/198/198 195/195/195
f 199/199/199 198/198/198 197/197/197
f 199/199/199 200/200/200 198/198/198
f 201/201/201 200/200/200 199/199/199
f 202/202/202 200/200/200 201/201/201
f 205/205/205 204/204/204 203/203/203
f 206/206/206 204/204/204 205/205/205
f 206/206/206 207/207/207 204/204/204
f 208/208/208 207/207/207 206/206/206
f 208/208/208 209/209/209 207/207/207
f 208/208/208 210/210/210 209/209/209
f 211/211/211 210/210/210 208/208/208
f 211/211/211 212/212/212 210/210/210
f 213/213/213 212/212/212 211/211/211
f 213/213/213 214/214/214 212/212/212
f 217/217/217 216/216/216 215/215/215
f 218/218/218 216/216/216 217/217/217
f 218/218/218 219/219/219 216/216/216
f 220/220/220 219/219/219 218/218/218
f 220/220/220 221/221/221 219/219/219
f 222/222/222 221/221/221 220/220/220
f 222/222/222 223/223/223 221/221/221
f 222/222/222 224/224/224 223/223/223
f 225/225/225 200/200/200 202/202/202
f 228/228/228 227/227/227 226/226/226
f 228/228/228 229/229/229 227/227/227
f 230/230/230 229/229/229 228/228/228
f 231/231/231 229/229/229 230/230/230
f 231/231/231 232/232/232 229/229/229
f 233/233/233 232/232/232 231/231/231
f 234/234/234 232/232/232 233/233/233
f 234/234/234 235/235/235 232/232/232
f 236/236/236 235/235/235 234/234/234
f 236/236/236 237/237/237 235/235/235
f 240/240/240 239/239/239 238/238/238
f 241/241/241 239/239/239 240/240/240
f 241/241/241 242/242/242 239/239/239
f 243/243/243 242/242/242 241/241/241
f 243/243/243 244/244/244 242/242/242
f 245/245/245 244/244/244 243/243/243
f 245/245/245 246/246/246 244/244/244
f 245/245/245 247/247/247 246/246/246
f 248/248/248 247/247/247 245/245/245
f 248/248/248 249/249/249 247/247/247
f 250/250/250 249/249/249 248/248/248
f 250/250/250 251/251/251 249/249/249
f 252/252/252 251/251/251 250/250/250
f 252/252/252 253/253/253 251/251/251
f 254/254/254 253/253/253 252/252/252
f 254/254/254 236/236/236 253/253/253
f 255/255/255 236/236/236 254/254/254
f 200/200/200 236/236/236 255/255/255
f 225/225/225 236/236/236 200/200/200
f 256/256/256 236/236/236 225/225/225
f 256/256/256 237/237/237 236/236/236
f 257/257/257 237/237/237 256/256/256
f 257/257/257 222/222/222 237/237/237
f 257/257/257 224/224/224 222/222/222
f 258/258/258 224/224/224 257/257/257
f 259/259/259 224/224/224 258/258/258
f 260/260/260 224/224/224 259/259/259
f 261/261/261 224/224/224 260/260/260
f 262/262/262 224/224/224 261/261/261
f 263/263/263 224/224/224 262/262/262
f 264/264/264 224/224/224 263/263/263
f 265/265/265 224/224/224 264/264/264
f 266/266/266 224/224/224 265/265/265
f 267/267/267 224/224/224 266/266/266
f 268/268/268 224/224/224 267/267/267
f 269/269/269 224/224/224 268/268/268
f 270/270/270 224/224/224 269/269/269
f 270/270/270 213/213/213 224/224/224
f 214/214/214 213/213/213 270/270/270
f 273/273/273 272/272/272 271/271/271
f 274/274/274 272/272/272 273/273/273
f 275/275/275 272/272/272 274/274/274
f 275/275/275 276/276/276 272/272/272
f 277/277/277 276/276/276 275/275/275
f 277/277/277 278/278/278 276/276/276
f 279/279/279 278/278/278 277/277/277
f 279/279/279 280/280/280 278/278/278
f 281/281/281 280/280/280 279/279/279
f 281/281/281 282/282/282 280/280/280
f 281/281/281 283/283/283 282/282/282
f 284/284/284 283/283/283 281/281/281
f 284/284/284 285/285/285 283/283/283
f 286/286/286 285/285/285 284/284/284
f 286/286/286 287/287/287 285/285/285
f 288/288/288 287/287/287 286/286/286
f 289/289/289 287/287/287 288/288/288
f 290/290/290 287/287/287 289/289/289
f 291/291/291 287/287/287 290/290/290
f 292/292/292 287/287/287 291/291/291
f 295/295/295 294/294/294 293/293/293
f 298/298/298 297/297/297 296/296/296
f 301/301/301 300/300/300 299/299/299
f 304/304/304 303/303/303 302/302/302
f 304/304/304 305/305/305 303/303/303
f 295/295/295 306/306/306 294/294/294
f 307/307/307 306/306/306 295/295/295
f 308/308/308 305/305/305 304/304/304
f 301/301/301 309/309/309 300/300/300
f 310/310/310 309/309/309 301/301/301
f 298/298/298 311/311/311 297/297/297
f 312/312/312 311/311/311 298/298/298
f 315/315/315 314/314/314 313/313/313
f 315/315/315 316/316/316 314/314/314
f 317/317/317 316/316/316 315/315/315
f 317/317/317 318/318/318 316/316/316
f 307/307/307 319/319/319 306/306/306
f 320/320/320 319/319/319 307/307/307
f 308/308/308 321/321/321 305/305/305
f 322/322/322 321/321/321 308/308/308
f 323/323/323 318/318/318 317/317/317
f 323/323/323 324/324/324 318/318/318
f 310/310/310 325/325/325 309/309/309
f 326/326/326 325/325/325 310/310/310
f 326/326/326 327/327/327 325/325/325
f 328/328/328 327/327/327 326/326/326
f 329/329/329 327/327/327 328/328/328
f 329/329/329 330/330/330 327/327/327
f 323/323/323 331/331/331 324/324/324
f 332/332/332 331/331/331 323/323/323
f 312/312/312 333/333/333 311/311/311
f 334/334/334 333/333/333 312/312/312
f 334/334/334 335/335/335 333/333/333
f 336/336/336 335/335/335 334/334/334
f 336/336/336 337/337/337 335/335/335
f 338/338/338 337/337/337 336/336/336
f 338/338/338 339/339/339 337/337/337
f 340/340/340 339/339/339 338/338/338
f 340/340/340 329/329/329 339/339/339
f 329/329/329 341/341/341 330/330/330
f 322/322/322 342/342/342 321/321/321
f 329/329/329 343/343/343 341/341/341
f 332/332/332 344/344/344 331/331/331
f 347/347/347 346/346/346 345/345/345
f 348/348/348 346/346/346 347/347/347
f 349/349/349 346/346/346 348/348/348
f 349/349/349 350/350/350 346/346/346
f 351/351/351 350/350/350 349/349/349
f 351/351/351 352/352/352 350/350/350
f 353/353/353 352/352/352 351/351/351
f 353/353/353 354/354/354 352/352/352
f 355/355/355 354/354/354 353/353/353
f 355/355/355 356/356/356 354/354/354
f 357/357/357 356/356/356 355/355/355
f 358/358/358 356/356/356 357/357/357
f 329/329/329 359/359/359 343/343/343
f 360/360/360 319/319/319 320/320/320
f 322/322/322 340/340/340 342/342/342
f 358/358/358 332/332/332 356/356/356
f 358/358/358 344/344/344 332/332/332
f 358/358/358 361/361/361 344/344/344
f 362/362/362 361/361/361 358/358/358
f 362/362/362 363/363/363 361/361/361
f 364/364/364 363/363/363 362/362/362
f 365/365/365 363/363/363 364/364/364
f 366/366/366 363/363/363 365/365/365
f 366/366/366 367/367/367 363/363/363
f 368/368/368 367/367/367 366/366/366
f 368/368/368 369/369/369 367/367/367
f 370/370/370 369/369/369 368/368/368
f 359/359/359 369/369/369 370/370/370
f 329/329/329 369/369/369 359/359/359
f 329/329/329 371/371/371 369/369/369
f 340/340/340 371/371/371 329/329/329
f 340/340/340 372/372/372 371/371/371
f 340/340/340 373/373/373 372/372/372
f 340/340/340 360/360/360 373/373/373
f 322/322/322 360/360/360 340/340/340
f 319/319/319 360/360/360 322/322/322
f 376/376/376 375/375/375 374/374/374
f 376/376/376 377/377/377 375/375/375
f 376/376/376 378/378/378 377/377/377
f 379/379/379 378/378/378 376/376/376
f 379/379/379 380/380/380 378/378/378
f 381/381/381 380/380/380 379/379/379
f 381/381/381 382/382/382 380/380/380
f 385/385/385 384/384/384 383/383/383
f 388/388/388 387/387/387 386/386/386
f 391/391/391 390/390/390 389/389/389
f 394/394/394 393/393/393 392/392/392
f 397/397/397 396/396/396 395/395/395
f 400/400/400 399/399/399 398/398/398
f 402/402/402 400/400/400 401/401/401
f 384/384/384 404/404/404 403/403/403
f 407/407/407 406/406/406 405/405/405
f 408/408/408 12/12/12 10/10/10
f 411/411/411 410/410/410 409/409/409
f 414/414/414 413/413/413 412/412/412
f 417/417/417 416/416/416 415/415/415
f 420/420/420 419/419/419 418/418/418
f 404/404/404 402/402/402 421/421/421
f 423/423/423 385/385/385 422/422/422
f 425/425/425 423/423/423 424/424/424
f 427/427/427 425/425/425 426/426/426
f 429/429/429 427/427/427 428/428/428
f 431/431/431 429/429/429 430/430/430
f 433/433/433 431/431/431 432/432/432
f 434/434/434 431/431/431 433/433/433
f 435/435/435 434/434/434 433/433/433
f 437/437/437 436/436/436 434/434/434
f 434/434/434 438/438/438 437/437/437
f 434/434/434 439/439/439 438/438/438
f 441/441/441 436/436/436 440/440/440
f 443/443/443 441/441/441 442/442/442
f 445/445/445 443/443/443 444/444/444
f 447/447/447 445/445/445 446/446/446
f 449/449/449 447/447/447 448/448/448
f 451/451/451 449/449/449 450/450/450
f 406/406/406 453/453/453 452/452/452
f 455/455/455 407/407/407 454/454/454
f 457/457/457 455/455/455 456/456/456
f 459/459/459 388/388/388 458/458/458
f 462/462/462 461/461/461 460/460/460
f 463/463/463 462/462/462 460/460/460
f 464/464/464 461/461/461 462/462/462
f 465/465/465 464/464/464 462/462/462
f 466/466/466 461/461/461 464/464/464
f 467/467/467 466/466/466 464/464/464
f 470/470/470 469/469/469 468/468/468
f 472/472/472 470/470/470 471/471/471
f 474/474/474 408/408/408 473/473/473
f 476/476/476 474/474/474 475/475/475
f 478/478/478 476/476/476 477/477/477
f 481/481/481 480/480/480 479/479/479
f 483/483/483 482/482/482 389/389/389
f 486/486/486 485/485/485 484/484/484
f 489/489/489 488/488/488 487/487/487
f 492/492/492 491/491/491 490/490/490
f 494/494/494 492/492/492 493/493/493
f 496/496/496 494/494/494 495/495/495
f 498/498/498 496/496/496 497/497/497
f 500/500/500 498/498/498 499/499/499
f 503/503/503 502/502/502 501/501/501
f 506/506/506 505/505/505 504/504/504
f 509/509/509 508/508/508 507/507/507
f 512/512/512 511/511/511 510/510/510
f 514/514/514 512/512/512 513/513/513
f 516/516/516 514/514/514 515/515/515
f 518/518/518 516/516/516 517/517/517
f 416/416/416 414/414/414 519/519/519
f 521/521/521 417/417/417 520/520/520
f 523/523/523 521/521/521 522/522/522
f 525/525/525 514/514/514 524/524/524
f 526/526/526 525/525/525 524/524/524
f 527/527/527 512/512/512 525/525/525
f 528/528/528 527/527/527 525/525/525
f 529/529/529 511/511/511 527/527/527
f 530/530/530 529/529/529 527/527/527
f 533/533/533 532/532/532 531/531/531
f 536/536/536 535/535/535 534/534/534
f 537/537/537 488/488/488 489/489/489
f 538/538/538 488/488/488 537/537/537
f 538/538/538 485/485/485 488/488/488
f 491/491/491 485/485/485 538/538/538
f 492/492/492 485/485/485 491/491/491
f 494/494/494 485/485/485 492/492/492
f 496/496/496 485/485/485 494/494/494
f 498/498/498 485/485/485 496/496/496
f 500/500/500 485/485/485 498/498/498
f 502/502/502 485/485/485 500/500/500
f 503/503/503 485/485/485 502/502/502
f 484/484/484 485/485/485 503/503/503
f 484/484/484 482/482/482 539/539/539
f 540/540/540 482/482/482 484/484/484
f 389/389/389 482/482/482 540/540/540
f 389/389/389 481/481/481 541/541/541
f 389/389/389 480/480/480 481/481/481
f 389/389/389 542/542/542 480/480/480
f 543/543/543 542/542/542 389/389/389
f 543/543/543 544/544/544 542/542/542
f 545/545/545 544/544/544 543/543/543
f 545/545/545 478/478/478 544/544/544
f 546/546/546 478/478/478 545/545/545
f 546/546/546 476/476/476 478/478/478
f 547/547/547 476/476/476 546/546/546
f 548/548/548 476/476/476 547/547/547
f 548/548/548 474/474/474 476/476/476
f 549/549/549 474/474/474 548/548/548
f 550/550/550 474/474/474 549/549/549
f 550/550/550 408/408/408 474/474/474
f 550/550/550 12/12/12 408/408/408
f 550/550/550 472/472/472 12/12/12
f 550/550/550 470/470/470 472/472/472
f 550/550/550 469/469/469 470/470/470
f 550/550/550 551/551/551 469/469/469
f 505/505/505 551/551/551 550/550/550
f 506/506/506 551/551/551 505/505/505
f 552/552/552 551/551/551 506/506/506
f 555/555/555 554/554/554 553/553/553
f 555/555/555 556/556/556 554/554/554
f 461/461/461 556/556/556 555/555/555
f 461/461/461 557/557/557 556/556/556
f 461/461/461 466/466/466 557/557/557
f 551/551/551 460/460/460 461/461/461
f 552/552/552 460/460/460 551/551/551
f 552/552/552 558/558/558 460/460/460
f 552/552/552 559/559/559 558/558/558
f 552/552/552 560/560/560 559/559/559
f 552/552/552 561/561/561 560/560/560
f 552/552/552 562/562/562 561/561/561
f 459/459/459 387/387/387 388/388/388
f 385/385/385 404/404/404 384/384/384
f 416/416/416 413/413/413 414/414/414
f 521/521/521 416/416/416 417/417/417
f 521/521/521 413/413/413 416/416/416
f 521/521/521 397/397/397 413/413/413
f 521/521/521 396/396/396 397/397/397
f 523/523/523 396/396/396 521/521/521
f 523/523/523 411/411/411 396/396/396
f 523/523/523 410/410/410 411/411/411
f 523/523/523 394/394/394 410/410/410
f 523/523/523 393/393/393 394/394/394
f 563/563/563 393/393/393 523/523/523
f 564/564/564 393/393/393 563/563/563
f 564/564/564 565/565/565 393/393/393
f 566/566/566 565/565/565 564/564/564
f 567/567/567 565/565/565 566/566/566
f 567/567/567 518/518/518 565/565/565
f 568/568/568 518/518/518 567/567/567
f 568/568/568 516/516/516 518/518/518
f 524/524/524 516/516/516 568/568/568
f 524/524/524 514/514/514 516/516/516
f 525/525/525 512/512/512 514/514/514
f 527/527/527 511/511/511 512/512/512
f 529/529/529 569/569/569 511/511/511
f 533/533/533 569/569/569 529/529/529
f 533/533/533 531/531/531 569/569/569
f 570/570/570 509/509/509 531/531/531
f 570/570/570 508/508/508 509/509/509
f 571/571/571 508/508/508 570/570/570
f 572/572/572 508/508/508 571/571/571
f 572/572/572 573/573/573 508/508/508
f 574/574/574 573/573/573 572/572/572
f 574/574/574 575/575/575 573/573/573
f 576/576/576 575/575/575 574/574/574
f 576/576/576 552/552/552 575/575/575
f 576/576/576 562/562/562 552/552/552
f 535/535/535 562/562/562 576/576/576
f 536/536/536 562/562/562 535/535/535
f 577/577/577 562/562/562 536/536/536
f 578/578/578 562/562/562 577/577/577
f 579/579/579 562/562/562 578/578/578
f 580/580/580 562/562/562 579/579/579
f 581/581/581 562/562/562 580/580/580
f 581/581/581 582/582/582 562/562/562
f 583/583/583 582/582/582 581/581/581
f 583/583/583 584/584/584 582/582/582
f 585/585/585 584/584/584 583/583/583
f 586/586/586 584/584/584 585/585/585
f 587/587/587 584/584/584 586/586/586
f 588/588/588 584/584/584 587/587/587
f 402/402/402 399/399/399 400/400/400
f 455/455/455 406/406/406 407/407/407
f 447/447/447 443/443/443 445/445/445
f 451/451/451 447/447/447 449/449/449
f 425/425/425 385/385/385 423/423/423
f 429/429/429 425/425/425 427/427/427
f 443/443/443 436/436/436 441/441/441
f 406/406/406 589/589/589 453/453/453
f 590/590/590 455/455/455 457/457/457
f 385/385/385 402/402/402 404/404/404
f 385/385/385 399/399/399 402/402/402
f 385/385/385 591/591/591 399/399/399
f 385/385/385 592/592/592 591/591/591
f 459/459/459 590/590/590 387/387/387
f 593/593/593 584/584/584 588/588/588
f 451/451/451 443/443/443 447/447/447
f 451/451/451 436/436/436 443/443/443
f 451/451/451 434/434/434 436/436/436
f 451/451/451 431/431/431 434/434/434
f 451/451/451 429/429/429 431/431/431
f 451/451/451 425/425/425 429/429/429
f 451/451/451 385/385/385 425/425/425
f 451/451/451 592/592/592 385/385/385
f 594/594/594 592/592/592 451/451/451
f 594/594/594 595/595/595 592/592/592
f 596/596/596 595/595/595 594/594/594
f 597/597/597 595/595/595 596/596/596
f 589/589/589 595/595/595 597/597/597
f 589/589/589 593/593/593 595/595/595
f 589/589/589 584/584/584 593/593/593
f 406/406/406 584/584/584 589/589/589
f 455/455/455 584/584/584 406/406/406
f 455/455/455 459/459/459 584/584/584
f 590/590/590 459/459/459 455/455/455
f 600/600/600 599/599/599 598/598/598
f 602/602/602 600/600/600 601/601/601
f 599/599/599 600/600/600 602/602/602
f 605/605/605 604/604/604 603/603/603
f 608/608/608 607/607/607 606/606/606
f 608/608/608 609/609/609 607/607/607
f 610/610/610 609/609/609 608/608/608
f 611/611/611 609/609/609 610/610/610
f 611/611/611 612/612/612 609/609/609
f 613/613/613 5/5/5 4/4/4
f 613/613/613 614/614/614 5/5/5
f 615/615/615 614/614/614 613/613/613
f 615/615/615 616/616/616 614/614/614
f 617/617/617 616/616/616 615/615/615
f 617/617/617 618/618/618 616/616/616
f 611/611/611 619/619/619 612/612/612
f 620/620/620 619/619/619 611/611/611
f 620/620/620 621/621/621 619/619/619
f 622/622/622 621/621/621 620/620/620
f 622/622/622 623/623/623 621/621/621
f 624/624/624 623/623/623 622/622/622
f 624/624/624 625/625/625 623/623/623
f 601/601/601 626/626/626 602/602/602
f 627/627/627 626/626/626 601/601/601
f 627/627/627 628/628/628 626/626/626
f 629/629/629 628/628/628 627/627/627
f 630/630/630 628/628/628 629/629/629
f 630/630/630 631/631/631 628/628/628
f 375/375/375 632/632/632 374/374/374
f 633/633/633 632/632/632 375/375/375
f 634/634/634 632/632/632 633/633/633
f 634/634/634 635/635/635 632/632/632
f 634/634/634 636/636/636 635/635/635
f 634/634/634 637/637/637 636/636/636
f 638/638/638 637/637/637 634/634/634
f 638/638/638 624/624/624 637/637/637
f 639/639/639 624/624/624 638/638/638
f 639/639/639 625/625/625 624/624/624
f 639/639/639 640/640/640 625/625/625
f 639/639/639 617/617/617 640/640/640
f 641/641/641 617/617/617 639/639/639
f 642/642/642 617/617/617 641/641/641
f 642/642/642 618/618/618 617/617/617
f 642/642/642 643/643/643 618/618/618
f 642/642/642 644/644/644 643/643/643
f 642/642/642 645/645/645 644/644/644
f 646/646/646 645/645/645 642/642/642
f 647/647/647 645/645/645 646/646/646
f 630/630/630 648/648/648 631/631/631
f 605/605/605 649/649/649 604/604/604
f 650/650/650 649/649/649 605/605/605
f 651/651/651 649/649/649 650/650/650
f 651/651/651 652/652/652 649/649/649
f 653/653/653 652/652/652 651/651/651
f 645/645/645 652/652/652 653/653/653
f 645/645/645 654/654/654 652/652/652
f 647/647/647 654/654/654 645/645/645
f 647/647/647 655/655/655 654/654/654
f 647/647/647 630/630/630 655/655/655
f 656/656/656 630/630/630 647/647/647
f 656/656/656 648/648/648 630/630/630
f 656/656/656 657/657/657 648/648/648
f 658/658/658 657/657/657 656/656/656
f 658/658/658 659/659/659 657/657/657
f 660/660/660 659/659/659 658/658/658
f 661/661/661 659/659/659 660/660/660
f 662/662/662 659/659/659 661/661/661
f 665/665/665 664/664/664 663/663/663
f 665/665/665 666/666/666 664/664/664
f 665/665/665 667/667/667 666/666/666
f 665/665/665 668/668/668 667/667/667
f 665/665/665 669/669/669 668/668/668
f 665/665/665 670/670/670 669/669/669
f 665/665/665 671/671/671 670/670/670
f 665/665/665 672/672/672 671/671/671
f 673/673/673 672/672/672 665/665/665
f 674/674/674 672/672/672 673/673/673
f 674/674/674 675/675/675 672/672/672
f 676/676/676 675/675/675 674/674/674
f 676/676/676 677/677/677 675/675/675
f 676/676/676 678/678/678 677/677/677
f 679/679/679 678/678/678 676/676/676
f 680/680/680 678/678/678 679/679/679
f 680/680/680 681/681/681 678/678/678
f 680/680/680 682/682/682 681/681/681
f 680/680/680 683/683/683 682/682/682
f 686/686/686 685/685/685 684/684/684
f 687/687/687 685/685/685 686/686/686
f 687/687/687 688/688/688 685/685/685
f 689/689/689 688/688/688 687/687/687
f 689/689/689 690/690/690 688/688/688
f 691/691/691 690/690/690 689/689/689
f 691/691/691 692/692/692 690/690/690
f 693/693/693 692/692/692 691/691/691
f 693/693/693 694/694/694 692/692/692
f 695/695/695 694/694/694 693/693/693
f 695/695/695 696/696/696 694/694/694
f 695/695/695 697/697/697 696/696/696
f 698/698/698 697/697/697 695/695/695
f 698/698/698 699/699/699 697/697/697
f 698/698/698 700/700/700 699/699/699
f 701/701/701 700/700/700 698/698/698
f 701/701/701 702/702/702 700/700/700
f 703/703/703 702/702/702 701/701/701
f 706/706/706 705/705/705 704/704/704
f 706/706/706 707/707/707 705/705/705
f 708/708/708 707/707/707 706/706/706
f 709/709/709 707/707/707 708/708/708
f 709/709/709 710/710/710 707/707/707
f 711/711/711 710/710/710 709/709/709
f 711/711/711 712/712/712 710/710/710
f 713/713/713 712/712/712 711/711/711
f 713/713/713 714/714/714 712/712/712
f 715/715/715 714/714/714 713/713/713
f 715/715/715 716/716/716 714/714/714
f 715/715/715 717/717/717 716/716/716
f 718/718/718 717/717/717 715/715/715
f 718/718/718 719/719/719 717/717/717
f 720/720/720 719/719/719 718/718/718
f 721/721/721 8/8/8 6/6/6
f 8/8/8 723/723/723 722/722/722
f 724/724/724 683/683/683 680/680/680
f 727/727/727 726/726/726 725/725/725
f 727/727/727 728/728/728 726/726/726
f 729/729/729 728/728/728 727/727/727
f 729/729/729 730/730/730 728/728/728
f 729/729/729 731/731/731 730/730/730
f 732/732/732 731/731/731 729/729/729
f 732/732/732 733/733/733 731/731/731
f 734/734/734 733/733/733 732/732/732
f 735/735/735 733/733/733 734/734/734
f 735/735/735 736/736/736 733/733/733
f 737/737/737 736/736/736 735/735/735
f 737/737/737 724/724/724 736/736/736
f 738/738/738 724/724/724 737/737/737
f 739/739/739 724/724/724 738/738/738
f 740/740/740 8/8/8 721/721/721
f 740/740/740 723/723/723 8/8/8
f 740/740/740 741/741/741 723/723/723
f 740/740/740 742/742/742 741/741/741
f 743/743/743 742/742/742 740/740/740
f 743/743/743 744/744/744 742/742/742
f 745/745/745 744/744/744 743/743/743
f 745/745/745 746/746/746 744/744/744
f 747/747/747 746/746/746 745/745/745
f 747/747/747 748/748/748 746/746/746
f 747/747/747 749/749/749 748/748/748
f 683/683/683 749/749/749 747/747/747
f 683/683/683 750/750/750 749/749/749
f 720/720/720 751/751/751 719/719/719
f 703/703/703 752/752/752 702/702/702
f 753/753/753 724/724/724 739/739/739
f 753/753/753 683/683/683 724/724/724
f 751/751/751 683/683/683 753/753/753
f 683/683/683 754/754/754 750/750/750
f 751/751/751 754/754/754 683/683/683
f 751/751/751 703/703/703 754/754/754
f 752/752/752 751/751/751 720/720/720
f 752/752/752 703/703/703 751/751/751
f 8/8/8 755/755/755 9/9/9
f 8/8/8 722/722/722 755/755/755
f 532/532/532 570/570/570 531/531/531
f 391/391/391 389/389/389 541/541/541
f 483/483/483 389/389/389 390/390/390
f 486/486/486 484/484/484 539/539/539
g cTR_20_000120_00_KASUMI_SR_L_SB_1
f 758/758/758 757/757/757 756/756/756
f 759/759/759 757/757/757 758/758/758
f 760/760/760 757/757/757 759/759/759
f 760/760/760 761/761/761 757/757/757
f 762/762/762 761/761/761 760/760/760
f 763/763/763 761/761/761 762/762/762
f 764/764/764 761/761/761 763/763/763
f 764/764/764 765/765/765 761/761/761
f 766/766/766 765/765/765 764/764/764
f 767/767/767 765/765/765 766/766/766
f 767/767/767 768/768/768 765/765/765
f 769/769/769 768/768/768 767/767/767
f 769/769/769 770/770/770 768/768/768
f 769/769/769 771/771/771 770/770/770
f 772/772/772 771/771/771 769/769/769
f 772/772/772 773/773/773 771/771/771
f 774/774/774 773/773/773 772/772/772
f 774/774/774 775/775/775 773/773/773
f 774/774/774 776/776/776 775/775/775
f 777/777/777 776/776/776 774/774/774
f 777/777/777 778/778/778 776/776/776
f 777/777/777 779/779/779 778/778/778
f 780/780/780 779/779/779 777/777/777
f 780/780/780 781/781/781 779/779/779
f 782/782/782 781/781/781 780/780/780
f 782/782/782 783/783/783 781/781/781
f 782/782/782 784/784/784 783/783/783
f 785/785/785 784/784/784 782/782/782
f 785/785/785 786/786/786 784/784/784
f 787/787/787 786/786/786 785/785/785
f 788/788/788 786/786/786 787/787/787
f 788/788/788 789/789/789 786/786/786
f 790/790/790 789/789/789 788/788/788
f 790/790/790 791/791/791 789/789/789
f 790/790/790 792/792/792 791/791/791
f 793/793/793 792/792/792 790/790/790
f 793/793/793 794/794/794 792/792/792
f 793/793/793 795/795/795 794/794/794
f 793/793/793 796/796/796 795/795/795
f 797/797/797 796/796/796 793/793/793
f 797/797/797 798/798/798 796/796/796
f 797/797/797 799/799/799 798/798/798
f 797/797/797 800/800/800 799/799/799
f 797/797/797 801/801/801 800/800/800
f 803/803/803 802/802/802 797/797/797
f 806/806/806 805/805/805 804/804/804
f 809/809/809 808/808/808 807/807/807
f 811/811/811 809/809/809 810/810/810
f 814/814/814 813/813/813 812/812/812
f 805/805/805 816/816/816 815/815/815
f 818/818/818 806/806/806 817/817/817
f 820/820/820 818/818/818 819/819/819
f 822/822/822 820/820/820 821/821/821
f 824/824/824 822/822/822 823/823/823
f 826/826/826 824/824/824 825/825/825
f 828/828/828 826/826/826 827/827/827
f 831/831/831 830/830/830 829/829/829
f 833/833/833 832/832/832 829/829/829
f 835/835/835 811/811/811 834/834/834
f 837/837/837 835/835/835 836/836/836
f 839/839/839 837/837/837 838/838/838
f 813/813/813 829/829/829 840/840/840
f 842/842/842 802/802/802 841/841/841
f 845/845/845 844/844/844 843/843/843
f 816/816/816 845/845/845 846/846/846
f 797/797/797 814/814/814 801/801/801
f 797/797/797 813/813/813 814/814/814
f 797/797/797 829/829/829 813/813/813
f 806/806/806 816/816/816 805/805/805
f 818/818/818 816/816/816 806/806/806
f 818/818/818 845/845/845 816/816/816
f 820/820/820 845/845/845 818/818/818
f 820/820/820 844/844/844 845/845/845
f 822/822/822 844/844/844 820/820/820
f 824/824/824 844/844/844 822/822/822
f 824/824/824 847/847/847 844/844/844
f 826/826/826 847/847/847 824/824/824
f 828/828/828 847/847/847 826/826/826
f 828/828/828 848/848/848 847/847/847
f 828/828/828 849/849/849 848/848/848
f 802/802/802 849/849/849 828/828/828
f 841/841/841 802/802/802 803/803/803
f 802/802/802 829/829/829 797/797/797
f 850/850/850 829/829/829 802/802/802
f 832/832/832 851/851/851 829/829/829
f 808/808/808 851/851/851 832/832/832
f 809/809/809 851/851/851 808/808/808
f 811/811/811 851/851/851 809/809/809
f 811/811/811 839/839/839 851/851/851
f 811/811/811 837/837/837 839/839/839
f 835/835/835 837/837/837 811/811/811
f 854/854/854 853/853/853 852/852/852
f 855/855/855 26/26/26 25/25/25
f 855/855/855 856/856/856 26/26/26
f 855/855/855 857/857/857 856/856/856
f 858/858/858 857/857/857 855/855/855
f 858/858/858 859/859/859 857/857/857
f 858/858/858 860/860/860 859/859/859
f 861/861/861 860/860/860 858/858/858
f 861/861/861 862/862/862 860/860/860
f 863/863/863 862/862/862 861/861/861
f 864/864/864 862/862/862 863/863/863
f 865/865/865 862/862/862 864/864/864
f 865/865/865 866/866/866 862/862/862
f 865/865/865 867/867/867 866/866/866
f 868/868/868 867/867/867 865/865/865
f 869/869/869 853/853/853 854/854/854
f 869/869/869 870/870/870 853/853/853
f 871/871/871 867/867/867 868/868/868
f 871/871/871 872/872/872 867/867/867
f 873/873/873 870/870/870 869/869/869
f 873/873/873 874/874/874 870/870/870
f 873/873/873 875/875/875 874/874/874
f 876/876/876 875/875/875 873/873/873
f 877/877/877 875/875/875 876/876/876
f 878/878/878 872/872/872 871/871/871
f 878/878/878 879/879/879 872/872/872
f 880/880/880 879/879/879 878/878/878
f 881/881/881 879/879/879 880/880/880
f 881/881/881 882/882/882 879/879/879
f 883/883/883 882/882/882 881/881/881
f 883/883/883 884/884/884 882/882/882
f 885/885/885 884/884/884 883/883/883
f 885/885/885 886/886/886 884/884/884
f 885/885/885 887/887/887 886/886/886
f 888/888/888 887/887/887 885/885/885
f 888/888/888 889/889/889 887/887/887
f 888/888/888 890/890/890 889/889/889
f 891/891/891 890/890/890 888/888/888
f 891/891/891 892/892/892 890/890/890
f 875/875/875 892/892/892 891/891/891
f 892/892/892 875/875/875 877/877/877
f 893/893/893 756/756/756 757/757/757
f 893/893/893 894/894/894 756/756/756
f 897/897/897 896/896/896 895/895/895
f 897/897/897 898/898/898 896/896/896
f 899/899/899 898/898/898 897/897/897
f 899/899/899 900/900/900 898/898/898
f 901/901/901 900/900/900 899/899/899
f 901/901/901 902/902/902 900/900/900
f 903/903/903 902/902/902 901/901/901
f 903/903/903 904/904/904 902/902/902
f 905/905/905 904/904/904 903/903/903
f 905/905/905 906/906/906 904/904/904
f 905/905/905 907/907/907 906/906/906
f 908/908/908 907/907/907 905/905/905
f 908/908/908 909/909/909 907/907/907
f 910/910/910 909/909/909 908/908/908
f 911/911/911 909/909/909 910/910/910
f 911/911/911 912/912/912 909/909/909
f 911/911/911 913/913/913 912/912/912
f 911/911/911 914/914/914 913/913/913
f 911/911/911 915/915/915 914/914/914
f 916/916/916 915/915/915 911/911/911
f 917/917/917 915/915/915 916/916/916
f 920/920/920 919/919/919 918/918/918
f 923/923/923 922/922/922 921/921/921
f 926/926/926 925/925/925 924/924/924
f 928/928/928 923/923/923 927/927/927
f 931/931/931 930/930/930 929/929/929
f 933/933/933 931/931/931 932/932/932
f 936/936/936 935/935/935 934/934/934
f 922/922/922 936/936/936 937/937/937
f 939/939/939 933/933/933 938/938/938
f 941/941/941 489/489/489 940/940/940
f 943/943/943 941/941/941 942/942/942
f 925/925/925 943/943/943 944/944/944
f 919/919/919 926/926/926 945/945/945
f 948/948/948 947/947/947 946/946/946
f 950/950/950 948/948/948 949/949/949
f 538/538/538 537/537/537 951/951/951
f 920/920/920 926/926/926 919/919/919
f 947/947/947 926/926/926 920/920/920
f 947/947/947 925/925/925 926/926/926
f 947/947/947 943/943/943 925/925/925
f 947/947/947 941/941/941 943/943/943
f 948/948/948 941/941/941 947/947/947
f 950/950/950 941/941/941 948/948/948
f 950/950/950 489/489/489 941/941/941
f 537/537/537 489/489/489 950/950/950
f 928/928/928 922/922/922 923/923/923
f 928/928/928 936/936/936 922/922/922
f 930/930/930 936/936/936 928/928/928
f 931/931/931 936/936/936 930/930/930
f 933/933/933 936/936/936 931/931/931
f 939/939/939 936/936/936 933/933/933
f 939/939/939 935/935/935 936/936/936
f 939/939/939 952/952/952 935/935/935
f 953/953/953 952/952/952 939/939/939
f 953/953/953 554/554/554 952/952/952
f 553/553/553 554/554/554 953/953/953
f 665/665/665 895/895/895 896/896/896
f 665/665/665 954/954/954 895/895/895
f 665/665/665 663/663/663 954/954/954
f 849/849/849 802/802/802 842/842/842
f 831/831/831 829/829/829 850/850/850
f 833/833/833 829/829/829 830/830/830
