g cTR_20_000150_00_SAKAKI_SR_L_SB
v 0.09560876 -0.2975391 -0.07004564
v 0.10006016 -0.30119836 -0.06952374
v 0.10460261 -0.2994332 -0.068924
v 0.09727589 -0.30108473 -0.06987674
v 0.09438757 -0.2932853 -0.07014913
v 0.11018496 -0.29672015 -0.068180345
v 0.091852 -0.2818931 -0.070332766
v 0.11530302 -0.29300556 -0.06748355
v 0.12614048 -0.28290763 -0.06598084
v 0.1264899 -0.27885276 -0.06588685
v 0.089878045 -0.26845497 -0.07041993
v 0.12677662 -0.2629551 -0.0651217
v 0.12562965 -0.24503343 -0.064720415
v 0.088245146 -0.25436231 -0.07037673
v 0.12290551 -0.2269684 -0.06590289
v 0.086775415 -0.23929854 -0.06936535
v 0.11903446 -0.20875995 -0.067409016
v 0.08405133 -0.20875995 -0.06952593
v 0.114446476 -0.19513954 -0.06989882
v 0.08319111 -0.19513954 -0.06906944
v 0.112725995 -0.19255885 -0.06989883
v 0.084481455 -0.19241548 -0.06906944
v 0.11057543 -0.19155516 -0.06989884
v 0.08720553 -0.19184189 -0.06906943
v 0.12390911 -0.28544798 -0.06629586
v 0.119349085 -0.28959474 -0.06692691
v 0.15866674 -0.19854498 -0.063724235
v 0.15399973 -0.19287787 -0.063265085
v 0.12651287 -0.2359954 -0.06394188
v 0.1317633 -0.24032907 -0.06375098
v 0.14799921 -0.1877108 -0.06328753
v 0.12151247 -0.2314117 -0.06400024
v 0.14241548 -0.1837938 -0.06335136
v 0.11601199 -0.22566132 -0.064339325
v 0.13776383 -0.18184625 -0.06355282
v 0.11123093 -0.21924408 -0.06541828
v 0.1331801 -0.18017952 -0.06390293
v 0.10704856 -0.2124102 -0.066702716
v 0.12917972 -0.17959607 -0.064742774
v 0.104715005 -0.20799325 -0.067862265
v 0.12609617 -0.17967945 -0.06540245
v 0.104464985 -0.20099261 -0.069644615
v 0.12251257 -0.18076286 -0.06594321
v 0.10429833 -0.20490961 -0.069835775
v 0.10771527 -0.19374204 -0.06899408
v 0.112261735 -0.18824165 -0.06788381
v 0.11859556 -0.18317966 -0.06655257
v 0.10546511 -0.19740899 -0.06947156
v 0.16276576 -0.20432626 -0.06429179
v 0.1375138 -0.24516284 -0.064308845
v 0.165766 -0.20890987 -0.065020315
v 0.14301415 -0.24916314 -0.06526995
v 0.16743283 -0.21416031 -0.06629844
v 0.14793128 -0.25241348 -0.06637359
v 0.16868289 -0.22566132 -0.06777803
v 0.15184818 -0.25474697 -0.067726694
v 0.16834958 -0.22182766 -0.067373365
v 0.16818292 -0.23399527 -0.06861814
v 0.15593186 -0.2568304 -0.068819486
v 0.16309915 -0.25974742 -0.07144268
v 0.16401486 -0.25929782 -0.07153659
v 0.16205119 -0.25956127 -0.07117054
v 0.16751611 -0.24266265 -0.06950967
v 0.164788 -0.2585884 -0.071536556
v 0.16076559 -0.25908068 -0.070692055
v 0.16605791 -0.2565696 -0.071341224
v 0.16549395 -0.2576547 -0.071467206
v 0.16693278 -0.25024658 -0.070399374
v 0.16639496 -0.25548133 -0.07118938
v 0.107057445 -0.32085967 -0.07071171
v 0.108784795 -0.32131025 -0.070703864
v 0.11043718 -0.31943262 -0.07063211
v 0.09120079 -0.3044723 -0.0707064
v 0.09143715 -0.3056541 -0.07071746
v 0.09368255 -0.3080767 -0.07069389
v 0.10397809 -0.31830603 -0.07068111
v 0.09185074 -0.3020496 -0.07065504
v 0.098870985 -0.31384358 -0.07067175
v 0.114342645 -0.31393737 -0.07051521
v 0.09315074 -0.29702705 -0.07058232
v 0.118473426 -0.30680236 -0.070520006
v 0.09492341 -0.29206356 -0.07053337
v 0.121627845 -0.30011803 -0.07069288
v 0.09663701 -0.2872182 -0.07052665
v 0.12358053 -0.29651293 -0.07084827
v 0.09823246 -0.28337735 -0.07056101
v 0.12786151 -0.29088005 -0.07116856
v 0.098755136 -0.28030467 -0.07059845
v 0.13206744 -0.28464636 -0.07148725
v 0.09851875 -0.27599117 -0.07064749
v 0.13627328 -0.27796194 -0.071696326
v 0.09757334 -0.27031863 -0.070691496
v 0.13837625 -0.27420676 -0.071723066
v 0.09650516 -0.2656505 -0.070805326
v 0.13972817 -0.26962528 -0.07182061
v 0.095691614 -0.26133698 -0.07104649
v 0.14070445 -0.26579496 -0.07195538
v 0.09450981 -0.2556053 -0.071005836
v 0.092323475 -0.23179229 -0.07161513
v 0.14656271 -0.2517503 -0.0707758
v 0.15016778 -0.24303813 -0.06995983
v 0.10602309 -0.20425199 -0.07021899
v 0.15647659 -0.2286179 -0.068420105
v 0.1589703 -0.22102605 -0.067752995
v 0.102005005 -0.20880187 -0.07065009
v 0.10436856 -0.20649739 -0.07054352
v 0.11051392 -0.19751582 -0.06988911
v 0.16066045 -0.21554343 -0.06704249
v 0.108504884 -0.20076573 -0.06993415
v 0.11376379 -0.19160686 -0.069199
v 0.16235064 -0.21063784 -0.066286474
v 0.11228658 -0.19438408 -0.069510415
v 0.11600923 -0.18628886 -0.06861162
v 0.16399951 -0.20548506 -0.06533123
v 0.114827454 -0.18930237 -0.069001
v 0.11748644 -0.1829798 -0.06810818
v 0.16564845 -0.19963135 -0.0645449
v 0.1662922 -0.1968943 -0.06435966
v 0.12127373 -0.17793952 -0.06698218
v 0.16604662 -0.19468416 -0.06432049
v 0.11896366 -0.18085264 -0.06767616
v 0.16514625 -0.19263774 -0.064387366
v 0.124063626 -0.17612162 -0.06635171
v 0.16359088 -0.19042759 -0.06453968
v 0.15957986 -0.18756251 -0.06489068
v 0.12900503 -0.17582008 -0.06564572
v 0.12634043 -0.1757883 -0.06598864
v 0.1380511 -0.17794842 -0.06523838
v 0.13281222 -0.17639306 -0.06532683
v 0.09273715 -0.2455601 -0.07123228
v 0.1434083 -0.25881016 -0.071638145
v 0.09414617 -0.22026522 -0.07099085
v 0.15339723 -0.23627865 -0.069225356
v 0.0931416 -0.22475605 -0.07125881
v 0.09272801 -0.22776957 -0.07142303
v 0.09727792 -0.21400173 -0.07069261
v 0.09952323 -0.21110635 -0.07063864
v 0.095327936 -0.2172517 -0.070821665
v 0.09350527 -0.25064182 -0.07103649
v 0.092323475 -0.23622394 -0.07141257
v 0.09244161 -0.24101022 -0.07129025
v 0.093614355 -0.22233334 -0.07111745
v -0.017700503 -0.30247012 -0.07139495
v -0.15078598 -0.25848168 -0.07190477
v -0.018129079 -0.3026543 -0.07137991
v -0.1517672 -0.26841977 -0.07182527
v 0.13574493 -0.28947702 -0.0719978
v -0.015941225 -0.30171403 -0.071453676
v 0.13407676 -0.30256394 -0.0719978
v 0.09109714 -0.18507667 -0.0700342
v 0.089036465 -0.17720482 -0.069894515
v -0.14166011 -0.18094395 -0.07013714
v -0.12929611 -0.16952974 -0.069894515
v -0.1385201 -0.17051378 -0.069894515
v -0.15068784 -0.24854343 -0.07195841
v -0.14499646 -0.19412926 -0.07081352
v 0.09305969 -0.1933421 -0.070409104
v 0.09462973 -0.20121399 -0.0708214
v 0.10100799 -0.21902397 -0.07141688
v 0.09816224 -0.2128249 -0.071237765
v -0.14872532 -0.21617046 -0.07149913
v 0.09600344 -0.20751143 -0.071083
v -0.14705715 -0.20475622 -0.071198195
v 0.112587 -0.24076998 -0.07192509
v 0.107288085 -0.23122536 -0.07174501
v -0.1500009 -0.2318158 -0.0718418
v 0.13053527 -0.259406 -0.0719978
v 0.12464764 -0.25399408 -0.0719978
v 0.11827829 -0.24864183 -0.07199531
v 0.11572701 -0.2460835 -0.07198045
v 0.13662803 -0.2649759 -0.0719978
v 0.13839434 -0.26999417 -0.0719978
v 0.1381981 -0.26743582 -0.0719978
v 0.13751124 -0.2766853 -0.0719978
v 0.08795703 -0.17346567 -0.069894515
v 0.12574242 -0.10839043 -0.05348819
v 0.2053883 -0.098490685 -0.053913396
v 0.20555222 -0.09517661 -0.053928465
v 0.1259652 -0.11647081 -0.05376435
v 0.20577076 -0.10252267 -0.054018654
v 0.12403964 -0.10513921 -0.0533556
v 0.20593467 -0.092083536 -0.05397746
v 0.1212963 -0.10064483 -0.05354161
v 0.20686363 -0.088879965 -0.054059
v 0.12001916 -0.098015115 -0.05371378
v 0.20773785 -0.086394414 -0.05412939
v 0.11940425 -0.09634168 -0.053833783
v 0.2081203 -0.083080426 -0.054242708
v 0.11968806 -0.09237323 -0.054148614
v 0.20790176 -0.079214044 -0.054388415
v 0.11940425 -0.094620414 -0.053953826
v 0.12082324 -0.08663569 -0.054754812
v 0.20614994 -0.073336706 -0.0547561
v 0.121965125 -0.082619414 -0.05526171
v 0.20302203 -0.06764535 -0.05535362
v 0.19956551 -0.06353632 -0.05591032
v 0.121965125 -0.08128068 -0.05543968
v 0.19708554 -0.058823366 -0.056408014
v 0.121302895 -0.07941603 -0.055725824
v 0.19460565 -0.052957386 -0.05689162
v 0.11870139 -0.07248316 -0.056574494
v 0.19237366 -0.04769289 -0.057356782
v 0.11515402 -0.06301621 -0.057450652
v 0.12587056 -0.121586755 -0.054108363
v 0.20642646 -0.11285142 -0.054478925
v 0.20620792 -0.107493795 -0.054202378
v 0.12615435 -0.12588993 -0.054458804
v 0.20582545 -0.118651055 -0.054894507
v 0.1259652 -0.12933242 -0.05456377
v 0.2041862 -0.12654941 -0.055662334
v 0.12535028 -0.13550024 -0.056255884
v 0.20221913 -0.13693348 -0.056112368
v 0.12454621 -0.14214614 -0.057699766
v 0.19959642 -0.14742781 -0.05733732
v 0.12322185 -0.14936589 -0.059778094
v 0.19642726 -0.16062869 -0.060071655
v 0.121897414 -0.15629876 -0.06203541
v 0.19260238 -0.17559713 -0.06269787
v 0.120100096 -0.16299252 -0.06425196
v 0.18850426 -0.19006836 -0.06479068
v 0.118397295 -0.16916029 -0.06607812
v 0.18380515 -0.20531292 -0.066904955
v 0.116458036 -0.17475444 -0.06748223
v 0.11333628 -0.18216534 -0.06886579
v 0.17855966 -0.22083364 -0.068723574
v 0.109836094 -0.18933725 -0.06996983
v 0.16648407 -0.26468927 -0.0732187
v 0.16894291 -0.26463407 -0.07314071
v 0.16938001 -0.2630875 -0.07297334
v 0.10407932 -0.20578478 -0.07133206
v 0.10696464 -0.20592828 -0.071306296
v 0.10743757 -0.20478077 -0.071267
v 0.105261825 -0.20707579 -0.07135201
v 0.10365369 -0.20382448 -0.071275026
v 0.10715379 -0.20344193 -0.071233146
v 0.10389016 -0.20181632 -0.071192354
v 0.107626736 -0.20219886 -0.07117336
v 0.10493072 -0.1989954 -0.0710319
v 0.109376825 -0.20081234 -0.07106368
v 0.107045434 -0.19512261 -0.070697986
v 0.11188368 -0.19961701 -0.070910215
v 0.11443784 -0.19875637 -0.070758276
v 0.1230463 -0.19870853 -0.07022769
v 0.12044491 -0.1984695 -0.07041204
v 0.117370464 -0.19842167 -0.07059791
v 0.16790476 -0.2652969 -0.0732382
v 0.16544591 -0.26275608 -0.07305641
v 0.1694347 -0.26038107 -0.07270126
v 0.16495413 -0.26076767 -0.07287326
v 0.16998109 -0.25607288 -0.072260454
v 0.16452782 -0.2572791 -0.072542116
v 0.17112857 -0.25010753 -0.071648456
v 0.16367643 -0.25268903 -0.07212093
v 0.17265849 -0.24254052 -0.07088506
v 0.16254124 -0.24738188 -0.07164591
v 0.1741285 -0.23693307 -0.070319705
v 0.16003439 -0.23858432 -0.0708965
v 0.17555442 -0.23149379 -0.06977787
v 0.16131143 -0.24279182 -0.07125023
v 0.15828429 -0.23456804 -0.07057992
v 0.17672129 -0.2273548 -0.06936684
v 0.1524192 -0.22514892 -0.06990986
v 0.15544632 -0.22959547 -0.07021528
v 0.14428374 -0.21529953 -0.06927518
v 0.14806761 -0.21965043 -0.06954715
v 0.12574242 -0.19961701 -0.070040084
v 0.12862769 -0.2014339 -0.06981247
v 0.13425633 -0.20564142 -0.06944268
v 0.13964835 -0.21027915 -0.06921603
v 0.1899433 -0.039019164 -0.058443893
v 0.1125052 -0.054935932 -0.05812862
v 0.18728076 -0.027293397 -0.059595045
v 0.10962003 -0.04599492 -0.058932733
v 0.1853062 -0.01855514 -0.060417067
v 0.10668743 -0.038488384 -0.06015441
v 0.1836826 -0.011014659 -0.060955305
v 0.10375483 -0.030790528 -0.061529737
v 0.18183962 -0.003651512 -0.061434526
v 0.1004912 -0.020415125 -0.063018784
v 0.101768255 -0.025052993 -0.062424846
v 0.18046169 0.0020430544 -0.06182458
v 0.09864658 -0.014438646 -0.06383157
v 0.09926137 -0.016685827 -0.06349995
v 0.17784898 0.015312733 -0.061640203
v 0.09826816 -0.01066142 -0.06427911
v 0.17408928 0.028775593 -0.060520805
v 0.098099284 -0.0032982733 -0.064704426
v 0.17052075 0.04204517 -0.060161043
v 0.09993436 0.01895744 -0.06351317
v 0.16714342 0.054090884 -0.059637334
v 0.102249876 0.036758773 -0.06285965
v 0.1635748 0.06645872 -0.059481055
v 0.10462742 0.055037003 -0.062198933
v 0.16051607 0.07766699 -0.05953708
v 0.10770152 0.06950602 -0.061545428
v 0.1572662 0.089390635 -0.059614327
v 0.10995134 0.0800954 -0.061158817
v 0.15458976 0.09795795 -0.059557553
v 0.11659409 0.09885854 -0.0600796
v 0.15293688 0.10288441 -0.059580564
v 0.12300042 0.11002326 -0.05971083
v 0.15106308 0.10795003 -0.059616204
v 0.14901505 0.11175468 -0.059683323
v 0.1314815 0.116696015 -0.05969402
v 0.14725347 0.11459037 -0.05973615
v 0.13883947 0.120214604 -0.059737302
v 0.14189693 0.11916619 -0.05975442
v 0.14487271 0.11743772 -0.05975739
v 0.13505252 0.11970216 -0.059726723
v -0.034011845 -0.09153003 -0.06682034
v -0.00053611444 -0.09747114 -0.06703516
v 0.011242314 -0.0894975 -0.066746846
v -0.01820394 -0.098878175 -0.06708603
v -0.008750129 -0.10044165 -0.06714257
v -0.047183216 -0.082029045 -0.0664768
v 0.026275415 -0.07480111 -0.06621545
v -0.062342174 -0.06603357 -0.06589842
v 0.040068626 -0.05650882 -0.06555402
v -0.072535254 -0.049247157 -0.06529146
v 0.048902493 -0.04087443 -0.06498871
v -0.07863361 -0.03588831 -0.06480842
v 0.056031615 -0.021018665 -0.06427075
v -0.08330717 -0.016014472 -0.06408981
v 0.060371082 0.00040059086 -0.06349627
v -0.08107304 -0.027451038 -0.064503334
v -0.08581113 0.0056366916 -0.06330694
v 0.065020464 0.028855294 -0.062467385
v -0.08822563 0.02566407 -0.06258278
v 0.06781009 0.0576226 -0.061427202
v -0.09055066 0.060576577 -0.06132039
v 0.06951491 0.08467027 -0.060449194
v -0.089567035 0.042624135 -0.06196952
v -0.092418514 0.10005689 -0.059892844
v 0.06997983 0.112343244 -0.059448577
v -0.09116716 0.07436882 -0.06082168
v -0.093044095 0.11488904 -0.059356537
v 0.06858497 0.12860303 -0.05886065
v -0.09335694 0.13578032 -0.05862521
v 0.066260256 0.14204872 -0.058374476
v -0.09323184 0.122084215 -0.059096374
v 0.038460575 0.16288714 -0.058092594
v -0.067955576 0.15288472 -0.058813047
v 0.038524065 0.1585956 -0.05812192
v 0.038714506 0.15545703 -0.05815419
v -0.07233515 0.15086497 -0.058706213
v -0.06764282 0.16298318 -0.05886189
v 0.038460575 0.16769104 -0.05807824
v -0.06783047 0.1614684 -0.05885166
v -0.065327846 0.16506605 -0.058926966
v 0.036555763 0.16942039 -0.05810858
v -0.06676685 0.16437174 -0.058882415
v -0.06557813 0.17308174 -0.058890402
v 0.036555763 0.1756335 -0.058124185
v 0.035984274 0.18069367 -0.058152057
v -0.06524863 0.18082123 -0.05883355
v 0.034714427 0.18524136 -0.058190465
v 0.033000134 0.18946886 -0.05816245
v -0.060774136 0.18866663 -0.058912516
v 0.030587364 0.1929277 -0.058222342
v -0.06501511 0.18261217 -0.058846176
v -0.06346863 0.18539475 -0.05887575
v 0.02728567 0.19613035 -0.058270156
v -0.051643055 0.19450559 -0.058891904
v 0.023222102 0.19843619 -0.058891904
v -0.057231456 0.19163637 -0.058891904
v 0.015118732 0.20049551 -0.058891904
v -0.031085644 0.19948882 -0.058891904
v -0.041863315 0.1971734 -0.058891904
v 0.0036923885 0.20185462 -0.058891904
v -0.0118254805 0.20180428 -0.058891904
v -0.02190465 0.20104921 -0.05889192
v -0.08916509 0.14247063 -0.058494557
v 0.062435176 0.14453016 -0.05828475
v -0.0805937 0.14688875 -0.058556926
v -0.09329439 0.13824187 -0.058558583
v -0.092918985 0.13969356 -0.058523238
v -0.09147999 0.14127143 -0.058495224
v -0.027596343 -0.037978657 -0.06565227
v -0.03253758 -0.025555208 -0.06527992
v -0.13708428 -0.041765176 -0.066178866
v -0.13801093 -0.0337056 -0.065558456
v -0.13775353 -0.035553657 -0.06570733
v -0.14017306 -0.14494894 -0.07005329
v 0.1076443 -0.14700027 -0.07009392
v -0.13780509 -0.13421993 -0.06971373
v 0.10497504 -0.12195491 -0.06930012
v -0.13538545 -0.12225886 -0.06934517
v -0.13301751 -0.111324444 -0.06901385
v -0.14413242 -0.16425101 -0.07069885
v 0.10940764 -0.1671449 -0.07078437
v -0.1420732 -0.15418929 -0.070356056
v 0.11330594 -0.18083084 -0.07128759
v 0.1117573 -0.17609136 -0.07110961
v -0.1467578 -0.18052432 -0.071288355
v 0.11026203 -0.17140509 -0.070937835
v -0.14547083 -0.17261864 -0.07099635
v 0.06817283 -0.22819753 -0.07325399
v -0.00803197 -0.23003612 -0.07333224
v 0.060055643 -0.2311797 -0.07338091
v -0.0037598002 -0.23461592 -0.07352717
v 0.116181195 -0.18921669 -0.07161349
v 0.11586922 -0.18812643 -0.07157024
v -0.14915349 -0.19826666 -0.07198603
v 0.115014814 -0.18557023 -0.071469896
v -0.14830218 -0.1918693 -0.071727544
v -0.11946296 -0.21656235 -0.07275877
v -0.11236554 -0.22010754 -0.07290966
v -0.011236121 -0.22673447 -0.073191725
v -0.011913388 -0.23345271 -0.07347766
v -0.14297381 -0.2031039 -0.07218595
v -0.13847502 -0.20591263 -0.07230549
v 0.10817087 -0.20050624 -0.07207538
v 0.1036317 -0.20529898 -0.072279364
v 0.07623654 -0.22441661 -0.07309306
v 0.05183179 -0.23405536 -0.07350331
v 0.00045898696 -0.23924886 -0.07372436
v 0.042539813 -0.23677115 -0.07361891
v 0.034155715 -0.23906112 -0.07371637
v 0.003823283 -0.24252248 -0.07386371
v 0.008309077 -0.24380052 -0.0739181
v 0.0062798024 -0.24390708 -0.07392263
v 0.0050515397 -0.24369405 -0.07391356
v -0.10260699 -0.22483419 -0.073110834
v -0.012233868 -0.23792592 -0.073668055
v -0.09133921 -0.22955692 -0.07331185
v -0.012767881 -0.24223939 -0.07385165
v -0.058924135 -0.23871635 -0.0737017
v -0.046908643 -0.24143223 -0.0738173
v -0.020527994 -0.24521315 -0.07397822
v -0.014743772 -0.24506186 -0.073971786
v -0.013088268 -0.24415651 -0.07393324
v -0.07275527 -0.23525491 -0.073554374
v -0.035587396 -0.24345581 -0.073903434
v -0.026615907 -0.2447871 -0.07396009
v 0.019790558 -0.24214976 -0.07384783
v 0.01295501 -0.243268 -0.07389543
v 0.026893014 -0.24065864 -0.07378437
v -0.13194202 -0.20957957 -0.07246157
v 0.09717012 -0.21057096 -0.07250376
v 0.09118907 -0.21520396 -0.072700955
v -0.1257988 -0.2130816 -0.072610624
v 0.08291174 -0.22074226 -0.072936684
v -0.1468466 -0.20045118 -0.07207516
v 0.115433566 -0.19070777 -0.07167276
v 0.11425879 -0.19273137 -0.071753904
v 0.11132163 -0.19693832 -0.07192565
v 0.00020684468 -0.046363465 -0.06588688
v 0.10818346 -0.06294354 -0.067354396
v 0.004044212 -0.039234426 -0.06567039
v 0.008197024 -0.029746449 -0.06538399
v 0.11511725 -0.0345744 -0.06635558
v 0.011193271 -0.023036806 -0.06518489
v 0.11185429 -0.047894698 -0.066806644
v -0.008519142 -0.062141694 -0.066393696
v 0.10496968 -0.07646719 -0.06785204
v -0.0042613125 -0.054436076 -0.06614172
v 0.020275882 0.0010715933 -0.064466424
v 0.12041946 -0.009255754 -0.065400735
v 0.02254313 0.008674664 -0.064232446
v 0.024542935 0.015489245 -0.06401844
v 0.12240336 0.0028442587 -0.06491127
v 0.013821653 -0.016117394 -0.064979546
v 0.017128734 -0.0075228433 -0.06472451
v 0.11776831 -0.022372676 -0.065893315
v 0.05008879 0.15519857 -0.05843932
v 0.045299567 0.15696107 -0.058364302
v 0.04040399 0.15018734 -0.058652617
v 0.039203633 0.15369843 -0.058503177
v 0.038603455 0.15621205 -0.058396187
v 0.03909218 0.15880124 -0.058285978
v 0.038563438 0.15824696 -0.058309566
v 0.02685587 0.023457058 -0.06376173
v 0.12607412 0.013825918 -0.06445651
v 0.028958583 0.03200144 -0.063476436
v 0.13229416 0.037212558 -0.06346111
v 0.13514915 0.049516022 -0.06293745
v 0.03511572 0.062247377 -0.06236964
v 0.03674525 0.0724692 -0.06195696
v 0.13902208 0.067981295 -0.062151518
v 0.14071517 0.07702667 -0.061766524
v 0.040370077 0.094695084 -0.06101451
v 0.0412089 0.100618474 -0.060762394
v 0.14187968 0.09597306 -0.060960114
v 0.1419221 0.10497873 -0.060576808
v 0.041684348 0.1265238 -0.05965979
v 0.041564234 0.13789856 -0.05917565
v 0.04116411 0.14671618 -0.05880035
v 0.14106685 0.11214236 -0.0602719
v 0.04160424 0.14316519 -0.058951493
v 0.09934879 0.13323604 -0.059460502
v 0.09484469 0.13502744 -0.059374142
v 0.10710267 0.13081138 -0.0595452
v 0.11690908 0.12798397 -0.05963474
v 0.12603131 0.12556931 -0.05974363
v 0.13981251 0.11754354 -0.060042012
v 0.13446936 0.12275404 -0.059857365
v 0.13907139 0.11938033 -0.05996384
v 0.13834625 0.120403744 -0.05992028
v 0.08828806 0.13744937 -0.059225775
v 0.08156044 0.14025162 -0.059087854
v 0.0743767 0.14374651 -0.05893298
v 0.06839023 0.14670204 -0.058807142
v 0.06160554 0.14996794 -0.05866195
v 0.056303233 0.15252636 -0.05855305
v 0.033534165 0.053912748 -0.062691055
v 0.12913314 0.024807468 -0.0639891
v 0.030960692 0.04154175 -0.06314481
v 0.13712214 0.058874816 -0.0625391
v 0.038109746 0.080594175 -0.061614674
v 0.03937133 0.08814262 -0.061293393
v 0.041734476 0.11152176 -0.06029832
v 0.041629363 0.10559829 -0.06055044
v 0.14145057 0.08582756 -0.06139193
v 0.041768767 0.118528776 -0.060000088
v -0.014664942 -0.06481738 -0.06649831
v -0.017924024 -0.058264907 -0.06628286
v -0.13425292 -0.066098146 -0.0675487
v -0.13523105 -0.058449138 -0.06720221
v -0.13116416 -0.1018274 -0.06872622
v 0.10361747 -0.102959275 -0.06871977
v -0.13049501 -0.098490566 -0.06862478
v -0.13034058 -0.094999865 -0.068517424
v -0.013613586 -0.06670447 -0.06656133
v -0.13322338 -0.07390103 -0.06784926
v -0.011878928 -0.06722867 -0.066568635
v 0.10285989 -0.087835275 -0.06825554
v -0.011037804 -0.06607544 -0.06652849
v 0.103950016 -0.08094119 -0.06799101
v -0.012772559 -0.06733348 -0.066579945
v -0.13229671 -0.08062595 -0.068069346
v -0.13142157 -0.08709418 -0.06827281
v -0.13064945 -0.091765754 -0.0684176
v 0.10322247 -0.09507384 -0.06847873
v -0.023128187 -0.04767626 -0.06594829
v -0.13615772 -0.05018416 -0.066742115
v -0.22539441 -0.042721137 -0.063967995
v -0.15765767 -0.064272985 -0.06516026
v -0.15061976 -0.051991057 -0.065294154
v -0.22292526 -0.0581094 -0.063894995
v -0.2202462 -0.06562333 -0.063920975
v -0.16036698 -0.07067605 -0.06507202
v -0.162842 -0.074692234 -0.06501105
v -0.1658392 -0.07788702 -0.06494442
v -0.2251153 -0.04734082 -0.0639326
v -0.22437643 -0.052265275 -0.06390657
v -0.21773446 -0.07102228 -0.0639834
v -0.17471217 -0.08328139 -0.06477174
v -0.2148321 -0.07541929 -0.064049125
v -0.16942446 -0.080469266 -0.064865045
v -0.21103667 -0.07937112 -0.0641284
v -0.17985885 -0.08560147 -0.06469969
v -0.20718543 -0.08265498 -0.06422128
v -0.18507601 -0.08721847 -0.06463056
v -0.20339003 -0.084714316 -0.06429627
v -0.18872671 -0.08808033 -0.06458946
v -0.19892476 -0.08632838 -0.06437878
v -0.1940689 -0.087552905 -0.06448122
v -0.22384584 -0.029485568 -0.06406176
v -0.14421241 -0.042175863 -0.065436
v -0.22472702 -0.035636436 -0.06402174
v -0.22513644 -0.038873352 -0.0640048
v -0.1400941 -0.034013584 -0.06547481
v -0.21849194 -0.012570522 -0.06415713
v -0.1415355 -0.037196413 -0.06546156
v -0.22285448 -0.02454281 -0.064096786
v -0.2209703 -0.01850181 -0.06413122
v -0.037005734 -0.013813232 -0.0649315
v -0.21276446 -0.00010397093 -0.06417897
v -0.1390782 -0.03324361 -0.06549256
v -0.2096252 0.0052230787 -0.06415989
v -0.21529777 -0.0055958754 -0.0641783
v -0.042315017 0.00023521749 -0.064511284
v -0.2053846 0.011923182 -0.06414079
v -0.20220213 0.016316703 -0.06409544
v -0.20121084 0.018183993 -0.06406161
v -0.051984936 0.03184415 -0.06349737
v -0.05571718 0.046416692 -0.06298103
v -0.19465713 0.046576973 -0.063062534
v -0.04751678 0.015436778 -0.06403951
v -0.20049492 0.020325815 -0.064013086
v -0.19950359 0.024938945 -0.063885175
v -0.19763109 0.033506323 -0.06359821
v -0.057504453 0.0558522 -0.06262589
v -0.1894567 0.06739118 -0.062176634
v -0.058976263 0.06418692 -0.06229812
v -0.19228905 0.056901693 -0.06262309
v -0.06044819 0.07315069 -0.0619315
v -0.18444516 0.084361136 -0.061454352
v -0.06160466 0.07996517 -0.06164145
v -0.06265601 0.08840472 -0.061282236
v -0.18700206 0.07601345 -0.061809648
v -0.06360216 0.09705394 -0.060914107
v -0.17879614 0.0980476 -0.060871817
v -0.06481123 0.106856346 -0.060496893
v -0.18127446 0.09244587 -0.06111024
v -0.06586259 0.11697334 -0.06006629
v -0.17251784 0.10732893 -0.06047677
v -0.17642798 0.1021116 -0.060698844
v -0.17477587 0.10474771 -0.06058663
v -0.06686134 0.1270379 -0.059637915
v -0.16334039 0.11475464 -0.060160715
v -0.16989414 0.10964727 -0.060378104
v -0.16668807 0.11216175 -0.060271073
v -0.06754463 0.136054 -0.059254166
v -0.14559512 0.12422415 -0.05975767
v -0.16091721 0.116425745 -0.060089596
v -0.15358073 0.12053293 -0.059914775
v -0.06807031 0.14538471 -0.058857024
v -0.12147315 0.133988 -0.059342097
v -0.13650803 0.12783712 -0.059603896
v -0.12802687 0.13102238 -0.059468318
v -0.06833315 0.15157025 -0.058762707
v -0.10810186 0.1417512 -0.059011675
v -0.11456578 0.13789865 -0.05917565
v -0.09167868 0.14992617 -0.058663737
v -0.0683845 0.15510014 -0.05873738
v -0.10098597 0.14559938 -0.058847893
v -0.08264674 0.1539118 -0.0584941
v -0.07411035 0.15706567 -0.05858321
v -0.068427004 0.15705563 -0.058834493
v -0.068676375 0.15889174 -0.05882147
v 0.085985094 -0.30080235 -0.07598185
v 0.090404294 -0.30147588 -0.07544961
v 0.09264358 -0.30143544 -0.07521243
v 0.088201985 -0.30128413 -0.075706325
v 0.083972044 -0.29999614 -0.0762375
v 0.09424397 -0.30128378 -0.07506018
v 0.08257724 -0.29913884 -0.07641139
v 0.09554912 -0.30059135 -0.07489243
v 0.0814716 -0.2978666 -0.076515175
v 0.09630647 -0.29980612 -0.07476604
v 0.08065393 -0.29617348 -0.07655274
v 0.09732588 -0.2981651 -0.07456257
v 0.07996392 -0.29385135 -0.07655953
v 0.09824776 -0.29546198 -0.074326865
v 0.079583965 -0.29078907 -0.07651811
v 0.09907266 -0.29275885 -0.074161015
v 0.07948851 -0.28786814 -0.076455854
v 0.099945866 -0.2890421 -0.07403203
v 0.079755574 -0.2840523 -0.076330595
v 0.10086762 -0.2858079 -0.07397748
v 0.0802036 -0.28105542 -0.07619967
v 0.102080785 -0.2823808 -0.07394051
v 0.08164909 -0.2766664 -0.07587886
v 0.10373091 -0.27866408 -0.073926024
v 0.08095796 -0.27851722 -0.076025285
v 0.083456285 -0.27084967 -0.07557847
v 0.105866365 -0.2736442 -0.07393155
v 0.082393214 -0.2742869 -0.07574393
v 0.0844661 -0.2668308 -0.07543122
v 0.10780766 -0.26930007 -0.07380909
v 0.08494392 -0.263182 -0.07521031
v 0.10984599 -0.2646662 -0.07348197
v 0.08511858 -0.25837222 -0.07500174
v 0.110865116 -0.2620115 -0.07334129
v 0.08509184 -0.26170126 -0.07513622
v 0.084025 -0.25299993 -0.0749172
v 0.11149617 -0.2608048 -0.07326632
v 0.0833913 -0.24794205 -0.07473614
v 0.11562289 -0.25704047 -0.07293315
v 0.11823304 -0.25487453 -0.07269188
v 0.083935745 -0.24136995 -0.07434629
v 0.12069022 -0.25246325 -0.072341986
v 0.08344141 -0.24437022 -0.07454535
v 0.08537151 -0.23534107 -0.07399522
v 0.12243271 -0.25069702 -0.07185273
v 0.08666363 -0.23019795 -0.07374964
v 0.124453284 -0.24871425 -0.071418375
v 0.08764007 -0.22636925 -0.0735646
v 0.12618566 -0.24685076 -0.0712645
v 0.08907611 -0.22199762 -0.073298484
v 0.12800643 -0.24406059 -0.07110179
v 0.0901045 -0.21951513 -0.07310632
v 0.12981226 -0.24013618 -0.07079712
v 0.09116896 -0.21692717 -0.07288943
v 0.13080649 -0.23716116 -0.07067159
v 0.0924701 -0.21416286 -0.07262282
v 0.13077484 -0.23402975 -0.070506975
v 0.095503196 -0.21113287 -0.072195984
v 0.12969004 -0.23017053 -0.07033106
v 0.09361968 -0.21259211 -0.07244257
v 0.0973889 -0.21004759 -0.07202524
v 0.12835151 -0.22529593 -0.0701108
v 0.101869464 -0.20796278 -0.07162084
v 0.12675844 -0.2209909 -0.069933385
v 0.09959369 -0.20919962 -0.07189165
v 0.10403849 -0.20658453 -0.07121711
v 0.12516545 -0.21681249 -0.06973842
v 0.106278755 -0.20502956 -0.07071843
v 0.12248995 -0.21288705 -0.069714054
v 0.108021 -0.20365122 -0.07032188
v 0.11949623 -0.20978451 -0.06979234
v 0.11618435 -0.20744148 -0.069830716
v 0.10940776 -0.20270728 -0.070034906
v 0.11112477 -0.20346196 -0.06991785
v 0.113190785 -0.20503521 -0.06987058
v 0.11256411 -0.25954995 -0.0731696
v -0.0933172 0.24539565 -0.06140071
v 0.05410254 0.25621113 -0.06140071
v 0.054667573 0.2607077 -0.06140071
v -0.099750005 0.20651506 -0.06140071
v -0.0974271 0.2036114 -0.06140071
v 0.06230852 0.21429332 -0.06140071
v -0.09350728 0.19964328 -0.06140071
v 0.060421165 0.21114777 -0.06140071
v 0.058146674 0.20795386 -0.06140071
v -0.07594885 0.19097744 -0.06140071
v -0.07305008 0.18230556 -0.06140071
v 0.04499675 0.2012368 -0.06140071
v 0.04445496 0.19599603 -0.06140071
v -0.06803012 0.16956872 -0.06140071
v -0.06521513 0.16678913 -0.06140071
v 0.042269032 0.18133298 -0.06140071
v -0.06071463 0.16286936 -0.06140071
v 0.041010845 0.1789133 -0.06140071
v 0.039075144 0.1760581 -0.06140071
v -0.055633307 0.15909463 -0.06140071
v 0.029823855 0.16521806 -0.06140071
v -0.050164934 0.15522327 -0.06140071
v 0.036752243 0.17320292 -0.06140071
v 0.033703484 0.16947667 -0.06140071
v -0.04474493 0.15154539 -0.06140071
v 0.019771127 0.15622182 -0.06140071
v -0.039324924 0.14830308 -0.06140071
v 0.024900781 0.16043197 -0.06140071
v -0.034775954 0.14573823 -0.06140071
v 0.009608584 0.14836918 -0.06140071
v -0.03216278 0.14438327 -0.06140071
v 0.014641464 0.15210842 -0.06140071
v 0.006498476 0.14653495 -0.06140071
v -0.029409146 0.14358298 -0.06140071
v -0.02582804 0.1431475 -0.06140071
v -0.00047017503 0.14406697 -0.06140071
v 0.0032077138 0.14503483 -0.06140071
v -0.0056966157 0.1433894 -0.06140071
v -0.015230005 0.1429055 -0.06140071
v -0.0704368 0.17494987 -0.06140071
v 0.04303853 0.18438171 -0.06140071
v 0.04377737 0.18980174 -0.06140071
v -0.069130175 0.171272 -0.06140071
v -0.095451206 0.2550355 -0.06140071
v 0.055089768 0.2705628 -0.06140071
v -0.09428978 0.24980901 -0.06140071
v -0.09699976 0.263359 -0.06140071
v 0.054539796 0.28028038 -0.06140071
v 0.053868324 0.28689024 -0.06140071
v -0.09786266 0.27521536 -0.06140071
v 0.0532085 0.29159448 -0.06140071
v 0.051579844 0.2988555 -0.06140071
v -0.09723351 0.28489384 -0.06140071
v 0.04906895 0.30584514 -0.06140071
v -0.09626568 0.2911366 -0.06140071
v 0.045811724 0.31222403 -0.06140071
v -0.0946688 0.29718575 -0.06140071
v 0.04268674 0.31703874 -0.06140071
v -0.08963593 0.30843404 -0.06140071
v 0.038960274 0.3211652 -0.06140071
v -0.093023375 0.30161056 -0.06140071
v -0.0913296 0.30509496 -0.06140071
v 0.035955768 0.32407853 -0.06140071
v -0.08382876 0.31661245 -0.06140071
v 0.032438945 0.3270147 -0.06140071
v -0.08726466 0.3123054 -0.06140071
v 0.028707331 0.3298765 -0.06140071
v -0.07433405 0.3254341 -0.06140071
v 0.024512872 0.33266342 -0.06140071
v -0.07966695 0.32082263 -0.06140071
v -0.07689895 0.32324958 -0.06140071
v 0.018504528 0.33598736 -0.06140071
v -0.0641563 0.33208832 -0.06140071
v 0.012827927 0.3383591 -0.06140071
v -0.0714916 0.32746264 -0.06140071
v -0.067687936 0.32995123 -0.06140071
v 0.005011363 0.34077674 -0.06140071
v -0.051259167 0.3379298 -0.06140071
v -0.0018548223 0.34218737 -0.06140071
v -0.060156684 0.33412772 -0.06140071
v -0.055105787 0.33643585 -0.06140071
v -0.009238987 0.34300163 -0.06140071
v -0.03646656 0.34165025 -0.06140071
v -0.032457907 0.34229323 -0.06140071
v -0.015482885 0.34321746 -0.06140071
v -0.02442461 0.3430834 -0.06140071
v -0.047380254 0.33911332 -0.06140071
v -0.040862393 0.34079129 -0.06140071
v -0.10443932 0.21782123 -0.06140071
v 0.06844883 0.22611511 -0.06140071
v 0.06881552 0.23324123 -0.06140071
v -0.10366503 0.21477246 -0.06140071
v -0.10526202 0.22556415 -0.06140071
v 0.06863222 0.23984186 -0.06140071
v -0.10492324 0.22188628 -0.06140071
v -0.105152264 0.23427485 -0.06140071
v -0.10458932 0.23738368 -0.06140071
v -0.103392445 0.24007244 -0.06140071
v -0.10160668 0.24215339 -0.06140071
v -0.09927561 0.24403591 -0.06140071
v -0.094956 0.24568999 -0.06140071
v -0.097018816 0.24532484 -0.06140071
v 0.067486316 0.24809264 -0.06140071
v 0.06634032 0.250522 -0.06140071
v 0.064461 0.25299722 -0.06140071
v 0.057722826 0.25652677 -0.06140071
v 0.06038143 0.2559767 -0.06140071
v 0.06244415 0.25487664 -0.06140071
v -0.1052927 0.23098417 -0.06140071
v 0.06817386 0.24488397 -0.06140071
v 0.0674865 0.22295563 -0.06140071
v 0.06467979 0.21801953 -0.06140071
v -0.10246821 0.21154793 -0.06140071
v -0.101197 0.20886858 -0.06140071
v 0.056052864 0.20525336 -0.06140071
v 0.053971935 0.20351124 -0.06140071
v 0.05169746 0.20210783 -0.06140071
v 0.046109833 0.2009948 -0.06140071
v 0.048648722 0.20094644 -0.06140071
v -0.08890998 0.19554757 -0.06140071
v -0.08595801 0.19332139 -0.06140071
v -0.07900712 0.19068232 -0.06140071
v -0.08105109 0.19082022 -0.06140071
v -0.082860835 0.19133738 -0.06140071
v -0.10878928 0.08642627 -0.069628604
v -0.12218678 0.0802103 -0.071410716
v -0.12661746 0.07581138 -0.07120123
v -0.11492065 0.08486532 -0.07178775
v -0.091536984 0.08302881 -0.06604203
v -0.13622937 0.061550852 -0.07022374
v -0.10287304 0.086716406 -0.0680309
v -0.084563754 0.0751006 -0.06524852
v -0.15356874 0.03582559 -0.06846039
v -0.15533462 0.02950857 -0.068101875
v -0.081833445 0.055110246 -0.065181814
v -0.15528816 0.008689182 -0.06723409
v -0.08391889 0.036467932 -0.065835305
v -0.13285975 -0.024901692 -0.067816064
v -0.101165116 -0.025045676 -0.06960475
v -0.09862398 -0.022566294 -0.06990943
v -0.09432145 -0.009645072 -0.06879735
v -0.097522326 -0.021168033 -0.06994873
v -0.08772301 0.01618507 -0.06666442
v -0.09248971 -0.0024746093 -0.06812657
v -0.12305832 -0.0395812 -0.06832714
v -0.114889435 -0.035231773 -0.06852128
v -0.10654756 -0.02930135 -0.06902581
v -0.074331984 0.08667116 -0.07189586
v -0.0693599 0.083224595 -0.07195327
v -0.06585679 0.082998574 -0.07197921
v -0.07201542 0.08446761 -0.07192654
v -0.07500995 0.08949625 -0.07187254
v -0.062410213 0.0835071 -0.07199993
v -0.07472747 0.09322525 -0.071849965
v -0.059815176 0.08492365 -0.07200872
v -0.058293637 0.08629319 -0.07201033
v -0.0739365 0.09723686 -0.07182908
v -0.05641156 0.08949625 -0.072002396
v -0.07241095 0.10181339 -0.07180961
v -0.054964043 0.091951184 -0.07199634
v -0.071337454 0.10463845 -0.07179852
v -0.0532085 0.09486382 -0.07198943
v -0.06918186 0.10736076 -0.07179566
v -0.05150956 0.09768882 -0.071982704
v -0.066312045 0.109161675 -0.07180383
v -0.049810585 0.10057038 -0.071975596
v -0.063543424 0.110969715 -0.071811266
v -0.048115533 0.10249146 -0.071974784
v -0.0618484 0.112043254 -0.07181604
v -0.046277396 0.103986934 -0.07197779
v -0.06077495 0.11339932 -0.07181461
v -0.044186883 0.105497435 -0.071982436
v -0.0593624 0.11599827 -0.07180736
v -0.042121656 0.10695501 -0.071987264
v -0.057328343 0.11904937 -0.071801476
v -0.04003115 0.10842403 -0.07199219
v -0.05489883 0.12260895 -0.07179502
v -0.037884127 0.11017559 -0.07199565
v -0.036076125 0.11204006 -0.071995996
v -0.053438574 0.12446231 -0.07179301
v -0.03449412 0.11407413 -0.071993664
v -0.051960777 0.12633795 -0.071790986
v -0.033307508 0.11610818 -0.07198856
v -0.049587738 0.128598 -0.071792684
v -0.032403514 0.11842473 -0.071979634
v -0.04732768 0.13006702 -0.071798794
v -0.031612553 0.12108024 -0.07196768
v -0.044728603 0.13119704 -0.0718095
v -0.031107193 0.123399965 -0.07195593
v -0.042355593 0.13176207 -0.07182235
v -0.031334773 0.12571643 -0.071939096
v -0.040431425 0.13204305 -0.07183394
v -0.032295268 0.12746643 -0.07192087
v -0.03839739 0.13170397 -0.07185038
v -0.035967875 0.13057403 -0.071874775
v -0.033990316 0.12921794 -0.07189751
v -0.08939374 0.10591296 -0.07271188
v -0.079021655 0.102641836 -0.07295807
v -0.07273393 0.10272101 -0.07315913
v -0.084166646 0.103705645 -0.07282191
v -0.067456655 0.109069064 -0.073485725
v -0.09492963 0.11314447 -0.07271834
v -0.06914171 0.10476153 -0.07332414
v -0.09511172 0.110407375 -0.07264379
v -0.093314335 0.10820144 -0.07264526
v -0.065063 0.11304869 -0.07366152
v -0.087934725 0.120566 -0.07312629
v -0.06598353 0.11142737 -0.073591635
v -0.09235308 0.11618787 -0.07287639
v -0.06421604 0.11463322 -0.07372815
v -0.07999859 0.12940449 -0.07359966
v -0.06340591 0.11607033 -0.07378992
v -0.062816806 0.1172864 -0.07383912
v -0.083884835 0.12506709 -0.07336762
v -0.062153753 0.11809697 -0.073880486
v -0.072757445 0.13644224 -0.074005775
v -0.061048497 0.11868624 -0.073930286
v -0.07541662 0.13390547 -0.07385784
v -0.06985242 0.13832404 -0.074145034
v -0.06623003 0.1390579 -0.07427816
v -0.058911502 0.1193857 -0.07401552
v -0.07140728 0.1375469 -0.07407628
v -0.068317115 0.13881311 -0.07420593
v -0.055116296 0.12041618 -0.07416158
v -0.061318886 0.13926066 -0.07443874
v -0.052758165 0.12100494 -0.074251026
v -0.05628733 0.13962385 -0.07460718
v -0.05062091 0.121262036 -0.07432516
v -0.046456642 0.12070759 -0.074443065
v -0.05108073 0.14026608 -0.07478815
v -0.04877842 0.121224485 -0.07438254
v -0.040820044 0.11986027 -0.074600235
v -0.046142403 0.14043684 -0.074948795
v -0.043508366 0.1201167 -0.074521564
v -0.036794107 0.11991241 -0.074729
v -0.040398654 0.14032711 -0.07512789
v -0.042706974 0.14059654 -0.07506158
v -0.03373452 0.12017959 -0.07483259
v -0.035244558 0.13790907 -0.07523031
v -0.03145124 0.12071563 -0.074918345
v -0.037982773 0.13941346 -0.07518142
v -0.02898238 0.121681 -0.075020775
v -0.028749261 0.1374117 -0.07542346
v -0.027157703 0.12270041 -0.07510416
v -0.025708854 0.12404205 -0.07518374
v -0.031433184 0.13747808 -0.075340144
v -0.02436758 0.12570585 -0.07526802
v -0.025313769 0.13719559 -0.0755268
v -0.02340207 0.12758452 -0.0753458
v -0.022812322 0.12935607 -0.07540899
v -0.022437444 0.13144976 -0.075473465
v -0.023244333 0.13569148 -0.07555451
v -0.022545753 0.13391952 -0.0755321
v -0.024318276 0.13681939 -0.07554886
v -0.071755774 0.06832146 -0.07399364
v -0.069020025 0.067869954 -0.074068904
v -0.06807533 0.09065187 -0.074671306
v -0.06413658 0.09007194 -0.07478144
v -0.05437569 0.08793013 -0.07503665
v -0.06030306 0.066472635 -0.07430977
v -0.051926624 0.08703134 -0.07475301
v -0.057822116 0.065947406 -0.073786095
v -0.062963955 0.066890776 -0.074236035
v -0.057064053 0.08872271 -0.07497145
v -0.06524832 0.06723096 -0.07417226
v -0.059782475 0.08930459 -0.07490001
v -0.04964599 0.08600568 -0.0744237
v -0.055242788 0.06502038 -0.0734315
v -0.04726277 0.08466011 -0.0740586
v -0.051644515 0.06344284 -0.07291505
v -0.043319054 0.08230084 -0.07344428
v -0.039122622 0.08005013 -0.07281049
v -0.047601957 0.061601866 -0.072329566
v -0.044536337 0.060406204 -0.07190093
v -0.035071313 0.07808656 -0.072214656
v -0.041344866 0.059525188 -0.071482554
v -0.03854963 0.059001155 -0.07113508
v -0.031309534 0.07633751 -0.07166708
v -0.03593744 0.05885836 -0.07083695
v -0.02921158 0.07533797 -0.07135986
v -0.033477463 0.05892653 -0.070571706
v -0.027366325 0.07422983 -0.071072094
v -0.02629571 0.07341674 -0.0708921
v -0.07913559 0.069414414 -0.07378745
v -0.07185426 0.091208264 -0.07456564
v -0.0772628 0.09191831 -0.07441225
v -0.07440769 0.068759136 -0.073920675
v -0.08368689 0.070116915 -0.073661014
v -0.08208956 0.092329286 -0.074269764
v -0.084082045 0.09259901 -0.07421346
v -0.08726612 0.071011715 -0.07357018
v -0.0856843 0.092981055 -0.07417233
v -0.09106656 0.072509415 -0.07348748
v -0.08820312 0.09395425 -0.074117035
v -0.09446262 0.0742561 -0.073423855
v -0.090810336 0.09479491 -0.07405562
v -0.09714034 0.075971596 -0.07338219
v -0.09368248 0.09523801 -0.073975824
v -0.09965973 0.07818211 -0.07335798
v -0.0961126 0.09515065 -0.073896684
v -0.10177534 0.08109977 -0.07336431
v -0.098675065 0.09466555 -0.073803365
v -0.10289382 0.08410527 -0.073404424
v -0.1008115 0.09360575 -0.07370909
v -0.10358931 0.08711054 -0.07345793
v -0.1034136 0.089673646 -0.073527895
v -0.102445655 0.09205963 -0.0736185
v -0.031929128 0.059203256 -0.07042267
v -0.025192538 0.071505606 -0.07062442
v -0.030441964 0.059691112 -0.07029653
v -0.025617523 0.072597325 -0.07075477
v -0.029076701 0.06042024 -0.07020228
v -0.024934977 0.069795854 -0.070465125
v -0.027955089 0.06142046 -0.07015559
v -0.027197395 0.062238272 -0.07013493
v -0.024962032 0.0681649 -0.07034317
v -0.026319152 0.063479334 -0.07013345
v -0.025261775 0.06620084 -0.07022566
v -0.025714347 0.06474977 -0.07016427
v -0.055489928 0.0880405 -0.07395574
v -0.05021135 0.10985624 -0.07466817
v -0.05308142 0.11049711 -0.07459412
v -0.15030555 0.03504494 -0.069650635
v -0.11868844 -0.021720504 -0.06922083
v -0.1122055 -0.016484909 -0.069555596
v -0.1554208 0.02901403 -0.06933889
v -0.12364842 -0.025831226 -0.06896209
v -0.15948774 0.023858331 -0.06908199
v -0.12991373 -0.031023705 -0.06863525
v -0.16387518 0.018725988 -0.06881562
v -0.16692014 0.014922782 -0.06862471
v -0.13687521 -0.036562104 -0.06827787
v -0.1688775 0.0120229665 -0.06849059
v -0.14552194 0.040793132 -0.06994488
v -0.10728885 -0.01259065 -0.06980755
v -0.14239626 0.045128133 -0.07015165
v -0.10350356 -0.009561724 -0.07000231
v -0.13931815 0.049887184 -0.07036757
v -0.120176785 0.029813558 -0.07046549
v -0.12427413 0.043472465 -0.07067913
v -0.10050142 -0.0070953853 -0.07015838
v -0.09941503 -0.0061433795 -0.07021635
v -0.0994596 -0.0035891999 -0.07027895
v -0.13581382 0.055353176 -0.07061457
v -0.12374897 0.05569443 -0.071001895
v -0.13169393 0.0619972 -0.070910424
v -0.12328314 0.06653579 -0.071288206
v -0.12251939 0.07590386 -0.07154698
v -0.12540191 0.07189246 -0.071355954
v -0.12866947 0.06670925 -0.071123466
v -0.11608501 0.08169603 -0.07189416
v -0.118808426 0.079928346 -0.07176435
v -0.12077464 0.07779623 -0.07164919
v -0.16961679 0.010421506 -0.06842724
v -0.16983365 0.00856008 -0.068373784
v -0.14226787 -0.04032227 -0.06801433
v -0.16974561 0.006135735 -0.0683158
v -0.14078838 -0.039586913 -0.06807921
v -0.14509428 -0.039977487 -0.06793423
v -0.14392169 -0.040537998 -0.06795699
v -0.16795802 -0.0017439291 -0.06817447
v -0.16360164 -0.011702592 -0.06806168
v -0.1589409 -0.02127174 -0.06796822
v -0.14931796 -0.03521381 -0.06792098
v -0.14644411 -0.03854836 -0.06792765
v -0.16930917 0.002975388 -0.068250306
v -0.053139385 0.08726032 -0.074009985
v -0.050005227 0.08609019 -0.07407907
v -0.044555426 0.10736982 -0.074783444
v -0.047489643 0.10892864 -0.07473038
v -0.047262684 0.08492031 -0.07413586
v -0.04100625 0.10523539 -0.074841395
v -0.04412846 0.08353372 -0.07419952
v -0.037555154 0.103115074 -0.07489662
v -0.041081324 0.08214723 -0.07426046
v -0.03442211 0.10119616 -0.0749469
v -0.037860006 0.08080391 -0.07432794
v -0.030900756 0.09936904 -0.075011685
v -0.034334134 0.07963364 -0.07440932
v -0.02739926 0.09794678 -0.07508598
v -0.031113151 0.078896426 -0.07449197
v -0.023851646 0.096605174 -0.07516375
v -0.02810981 0.07837575 -0.07457323
v -0.021179361 0.09542295 -0.07521803
v -0.025672404 0.07820162 -0.07464539
v -0.019249054 0.093945794 -0.07524162
v -0.023539906 0.07846188 -0.07471888
v -0.018050486 0.09254633 -0.07524419
v -0.021891722 0.079109244 -0.07478685
v -0.02028179 0.08014764 -0.07486342
v -0.017059295 0.08860879 -0.07517663
v -0.017357087 0.09077432 -0.07522155
v -0.017453594 0.08467176 -0.0750656
v -0.017157493 0.086492606 -0.07512052
v -0.01814555 0.08285111 -0.074998245
v -0.01896197 0.08143256 -0.07493706
v -0.056708604 0.08817085 -0.073920734
v -0.05605021 0.110892035 -0.0745108
v -0.09715509 0.001864519 -0.070487976
v -0.09563347 0.0061497497 -0.07064314
v -0.08228235 0.042941842 -0.07198434
v -0.07914839 0.042247962 -0.07206535
v -0.07023894 0.064279556 -0.0728972
v -0.06823247 0.063456185 -0.07293957
v -0.07601455 0.04185709 -0.072153956
v -0.066012345 0.06241637 -0.07298322
v -0.07331606 0.041942567 -0.07224082
v -0.06400975 0.061030287 -0.07301136
v -0.07127075 0.042634476 -0.07232238
v -0.0633565 0.060164154 -0.07301017
v -0.06939975 0.043759335 -0.072409324
v -0.06309494 0.058995254 -0.072989084
v -0.06770296 0.045317095 -0.07250163
v -0.06318116 0.057047147 -0.07293756
v -0.06348479 0.054319937 -0.07285969
v -0.0663544 0.047048226 -0.072587356
v -0.064049564 0.05198249 -0.07278337
v -0.06499924 0.049385395 -0.07268848
v -0.098937765 -0.0025503791 -0.07032137
v -0.09454683 0.009785729 -0.07076838
v -0.09333033 0.0153265195 -0.07094542
v -0.09194012 0.021559883 -0.07114528
v -0.09098472 0.026884267 -0.0713087
v -0.08998587 0.03225199 -0.07147458
v -0.089160845 0.03710031 -0.07162198
v -0.08855299 0.040866327 -0.07173544
v -0.08802759 0.043290425 -0.07181268
v -0.0797808 0.1124709 -0.073805265
v -0.0936239 0.07380141 -0.07240152
v -0.07519915 0.11234561 -0.07394598
v -0.083088495 0.069417916 -0.07262251
v -0.11453487 0.08451787 -0.07201355
v -0.11280806 0.087678336 -0.07214697
v -0.08772322 0.044199407 -0.07184502
v -0.08062624 0.06852758 -0.07267751
v -0.07711287 0.067257136 -0.072755985
v -0.069360614 0.11216118 -0.07412467
v -0.06268071 0.111646585 -0.074321516
v -0.08480693 0.043592267 -0.07192137
v -0.057361245 0.087565 -0.07388507
v -0.058843173 0.08263042 -0.073714875
v -0.058104403 0.08544406 -0.07380857
v -0.06889017 0.065231435 -0.0729634
v -0.06662353 0.06700545 -0.073079035
v -0.06466998 0.06912598 -0.07319351
v -0.06310396 0.071289904 -0.073296905
v -0.061712217 0.07371366 -0.07340134
v -0.060538154 0.07648381 -0.07350762
v -0.059581786 0.079427235 -0.07361141
v -0.08689635 0.044242393 -0.07187206
v -0.0939899 0.11550641 -0.07343519
v -0.09637347 0.11523118 -0.073353454
v -0.098428994 0.114491634 -0.07327037
v -0.08131566 0.11257088 -0.07375958
v -0.0828942 0.11275434 -0.07371461
v -0.101013176 0.11212178 -0.073129855
v -0.089576766 0.11496165 -0.073560104
v -0.09999219 0.11343849 -0.073194906
v -0.09169882 0.11540639 -0.07350462
v -0.10245009 0.10991552 -0.07302945
v -0.08639614 0.11403382 -0.07363672
v -0.08790128 0.11456253 -0.0736027
v -0.10518404 0.10378238 -0.07278991
v -0.084621705 0.11325349 -0.073672876
v -0.10331949 0.108034156 -0.072955005
v -0.11053985 0.09256976 -0.07234076
v -0.10781791 0.09813839 -0.07256577
v -0.099067464 -0.0046283132 -0.070265226
v -0.09893664 -0.005364308 -0.07025089
v -0.22224446 -0.07895591 -0.06493615
v -0.2202318 -0.08216862 -0.064918794
v -0.217849 -0.08427567 -0.06494087
v -0.132838 0.07073619 -0.07151305
v -0.12887418 0.06595054 -0.07151761
v -0.12760435 0.06962298 -0.07164988
v -0.1739425 0.020336948 -0.06895225
v -0.1377203 -0.056295283 -0.06816711
v -0.12957983 -0.04960413 -0.06859158
v -0.18702556 0.009906887 -0.068278186
v -0.1920672 0.0068632774 -0.06804295
v -0.15267156 -0.07075197 -0.067333035
v -0.20755208 -0.002565973 -0.06731841
v -0.2113931 -0.0051920293 -0.067131475
v -0.16904496 -0.08476891 -0.06646523
v -0.22015329 -0.013770731 -0.06664006
v -0.22179316 -0.01624476 -0.06652625
v -0.18751453 -0.09455531 -0.06563773
v -0.22155567 -0.080641106 -0.06491549
v -0.22298685 -0.07579636 -0.064992175
v -0.2134013 -0.08769997 -0.06499487
v -0.22372942 -0.07195232 -0.06506539
v -0.20921849 -0.09054497 -0.065055095
v -0.22452521 -0.06726574 -0.0651581
v -0.20503573 -0.0930214 -0.065124564
v -0.22475503 -0.022140913 -0.06628481
v -0.22570641 -0.025615722 -0.06616754
v -0.19799434 -0.09649937 -0.06525889
v -0.22618182 -0.028248234 -0.06608642
v -0.20154153 -0.09491833 -0.06518693
v -0.22649539 -0.038252473 -0.06582514
v -0.22654545 -0.045360755 -0.06564494
v -0.22526841 -0.06215799 -0.065263055
v -0.22633138 -0.051205423 -0.06550481
v -0.22590573 -0.05673435 -0.06537928
v -0.21517403 -0.008295909 -0.06693442
v -0.21816316 -0.011200728 -0.0667673
v -0.18312196 -0.09245084 -0.065828934
v -0.22348578 -0.019192802 -0.06639887
v -0.192066 -0.09629106 -0.065450795
v -0.19423597 -0.097027324 -0.065363966
v -0.19608852 -0.09713197 -0.065303005
v -0.20299065 0.00029870044 -0.06753402
v -0.16539359 -0.08224293 -0.06664368
v -0.17798857 -0.08976754 -0.066058
v -0.17349033 -0.087294556 -0.06626179
v -0.19770895 0.0034615614 -0.067779824
v -0.16211282 -0.07966418 -0.06681179
v -0.18252435 0.0130227 -0.06849822
v -0.14803822 -0.066084914 -0.06759621
v -0.15904388 -0.076979965 -0.066975884
v -0.15645106 -0.07455896 -0.06711836
v -0.1779633 0.016755462 -0.06873564
v -0.14275843 -0.061075445 -0.06788835
v -0.17004192 0.024276717 -0.06917407
v -0.12457515 -0.04540804 -0.068854615
v -0.11957046 -0.04121195 -0.06911765
v -0.16524135 0.029589752 -0.069458745
v -0.11336084 -0.0360358 -0.06944325
v -0.16098078 0.034186307 -0.069708414
v -0.10812233 -0.031614896 -0.06971929
v -0.15624039 0.039738256 -0.0699972
v -0.10320107 -0.027825827 -0.069969475
v -0.14910838 0.04836291 -0.070438504
v -0.12651038 0.023897104 -0.070535265
v -0.12782948 0.028318131 -0.07060482
v -0.15150003 0.04538635 -0.07028839
v -0.12358885 0.016313432 -0.07043668
v -0.1252627 0.020514887 -0.07048956
v -0.14633788 0.05181091 -0.070612386
v -0.12868221 0.032108933 -0.070673235
v -0.12922989 0.03607843 -0.07075574
v -0.12974952 0.040337734 -0.07084641
v -0.14237778 0.057183977 -0.070872106
v -0.13031434 0.04649339 -0.07098331
v -0.13050164 0.051507253 -0.07110341
v -0.1378778 0.063333176 -0.071168326
v -0.13046287 0.05586011 -0.07121401
v -0.13481788 0.06781075 -0.071377195
v -0.13017058 0.0598295 -0.07132297
v -0.1296288 0.06296205 -0.07141875
v -0.13103792 0.0730644 -0.071628235
v -0.1258682 0.07329523 -0.07179683
v -0.12869778 0.075989716 -0.07177543
v -0.12369763 0.076607086 -0.0719484
v -0.12635754 0.07867605 -0.07191663
v -0.12134583 0.07945094 -0.07209392
v -0.12389717 0.08124298 -0.07205861
v -0.11959399 0.08146035 -0.072199576
v -0.12155666 0.08327251 -0.07218331
v -0.11784094 0.08338838 -0.07230323
v -0.119096 0.085122734 -0.07230728
v -0.11634381 0.084774695 -0.0723852
v -0.11711549 0.086446784 -0.072402924
v -0.115167536 0.08587945 -0.072450005
v -0.11537471 0.08708133 -0.07247368
v -0.11425289 0.0867026 -0.072499484
v -0.11349354 0.08754104 -0.07254446
v -0.11435703 0.08740452 -0.07251384
v -0.09978014 -0.025033666 -0.07014736
v -0.09951588 -0.024033343 -0.07018082
v -0.09993982 -0.022980027 -0.07019394
v -0.10084003 -0.021926617 -0.07019206
v -0.10207422 -0.020779267 -0.07018203
v -0.10379815 -0.018441387 -0.070186496
v -0.118688345 0.0064163445 -0.07034229
v -0.109910846 -0.008544992 -0.0702427
v -0.15031973 -0.38589504 -0.06847695
v -0.14976661 -0.39221817 -0.06819047
v -0.033611014 -0.39668113 -0.0668954
v -0.03475709 -0.40420318 -0.066324346
v -0.016670475 -0.37087598 -0.0719978
v -0.015316076 -0.38654706 -0.0719978
v 0.11808204 -0.37842885 -0.0719978
v 0.11553075 -0.390827 -0.0719978
v -0.15129107 -0.3720818 -0.069039874
v -0.030839885 -0.3820547 -0.06801977
v -0.028130993 -0.36701035 -0.069016635
v -0.15164427 -0.35862273 -0.0695094
v -0.15208581 -0.34622622 -0.06988021
v -0.026047254 -0.35332426 -0.06979972
v -0.15288053 -0.31638607 -0.07091827
v -0.15279217 -0.3270116 -0.07051902
v -0.023650983 -0.33723524 -0.07053154
v -0.15252727 -0.33657464 -0.07017704
v -0.02492708 -0.34580323 -0.07017467
v -0.15288053 -0.30868253 -0.071196936
v -0.022528624 -0.32931015 -0.07083273
v -0.15328586 -0.28596857 -0.07164203
v -0.020201145 -0.31316578 -0.07123924
v -0.1526504 -0.27766922 -0.07172588
v -0.01917096 -0.30620643 -0.07131658
v -0.14899525 -0.40103647 -0.06776297
v -0.14805248 -0.4107526 -0.067248374
v -0.03646589 -0.41256124 -0.065694675
v -0.037716176 -0.4201877 -0.06514146
v -0.14528649 -0.43353304 -0.06579042
v -0.14431 -0.44050485 -0.06514748
v -0.03709104 -0.4393066 -0.063800015
v -0.034903176 -0.44829127 -0.06330761
v -0.03438224 -0.4565448 -0.062936716
v -0.14307892 -0.4492943 -0.064460464
v -0.03636178 -0.4613506 -0.06266179
v -0.14431521 -0.46080524 -0.06373437
v -0.03750777 -0.46594748 -0.0624593
v -0.14272574 -0.45478413 -0.064095885
v -0.13824248 -0.4918851 -0.060881037
v -0.13833074 -0.4957811 -0.06052652
v -0.03844544 -0.48820043 -0.061232097
v -0.037403557 -0.49927473 -0.060373764
v -0.036550593 -0.5102543 -0.05968809
v -0.13718283 -0.5075578 -0.059600104
v -0.13806583 -0.50100535 -0.060079884
v -0.13584816 -0.5140217 -0.059246898
v -0.13364062 -0.5199669 -0.059045464
v -0.035320785 -0.5199669 -0.059333075
v -0.03823711 -0.4330381 -0.064220876
v -0.14662187 -0.42337853 -0.06648888
v -0.03823711 -0.42948595 -0.064455874
v -0.14740579 -0.41741753 -0.06686393
v -0.033965416 -0.45341048 -0.0630933
v -0.1461695 -0.46930572 -0.06316027
v -0.03886226 -0.47952905 -0.061900597
v -0.03823711 -0.47252938 -0.062418666
v -0.1470525 -0.4763894 -0.062609516
v -0.14618972 -0.48187932 -0.06209703
v -0.14415868 -0.48568687 -0.061693665
v -0.14106812 -0.48958287 -0.06122285
v -0.15327023 -0.29230285 -0.071555816
v -0.15305708 -0.30009356 -0.07147541
v -0.021150498 -0.31957912 -0.071191385
v 0.13162361 -0.31584772 -0.0719978
v -0.01781656 -0.31947464 -0.07185888
v 0.12917045 -0.3276554 -0.0719978
v 0.12603034 -0.33877447 -0.0719978
v -0.01781656 -0.33222052 -0.071969025
v 0.122890346 -0.35176298 -0.0719978
v -0.017608246 -0.3463245 -0.0719978
v -0.01646216 -0.30557957 -0.071565956
v -0.017295625 -0.31184807 -0.07172151
v 0.11288136 -0.40253636 -0.0719978
v -0.0140658915 -0.39908406 -0.0719978
v 0.120338954 -0.36475158 -0.0719978
v -0.017504033 -0.35833907 -0.0719978
v -0.012815602 -0.4305307 -0.0719978
v -0.012086353 -0.43794838 -0.0719978
v 0.10532554 -0.43973088 -0.0719978
v 0.103166774 -0.45163703 -0.0719978
v 0.110133745 -0.41503292 -0.0719978
v -0.0132323345 -0.40744194 -0.0719978
v 0.107778706 -0.42634878 -0.0719978
v -0.012919806 -0.41976985 -0.0719978
v 0.10071361 -0.46423194 -0.0719978
v -0.0155244935 -0.4545598 -0.0719978
v 0.099045426 -0.4755478 -0.0719978
v -0.018337496 -0.46385798 -0.0719978
v 0.09760321 -0.48332128 -0.0719978
v -0.020629562 -0.47305164 -0.0719978
v 0.097406976 -0.49060264 -0.0719978
v -0.0226091 -0.48318568 -0.0719978
v -0.023650983 -0.5003194 -0.0719978
v -0.023025924 -0.5089908 -0.0719978
v 0.09878078 -0.50614965 -0.0719978
v 0.09917327 -0.5142183 -0.0719978
v -0.02344266 -0.4893497 -0.0719978
v 0.09779946 -0.4972938 -0.0719978
v -0.0132323345 -0.44599292 -0.0719978
v -0.021463176 -0.5199669 -0.0719978
v 0.098388225 -0.5199669 -0.0719978
vt 0.42993164 0.1776123
vt 0.42407227 0.17285156
vt 0.4182129 0.1751709
vt 0.42773438 0.1730957
vt 0.43139648 0.18310547
vt 0.4111328 0.17871094
vt 0.43481445 0.19787598
vt 0.40454102 0.18347168
vt 0.39038086 0.1965332
vt 0.39013672 0.20178223
vt 0.43725586 0.21520996
vt 0.38964844 0.22229004
vt 0.39111328 0.2454834
vt 0.43945312 0.23339844
vt 0.39453125 0.26879883
vt 0.44140625 0.2529297
vt 0.3996582 0.29223633
vt 0.44482422 0.29223633
vt 0.40551758 0.30981445
vt 0.44604492 0.30981445
vt 0.40771484 0.31323242
vt 0.44433594 0.31347656
vt 0.41064453 0.31445312
vt 0.44067383 0.31420898
vt 0.39331055 0.1932373
vt 0.39916992 0.18786621
vt 0.42578125 0.09692383
vt 0.43139648 0.10357666
vt 0.46362305 0.052856445
vt 0.45751953 0.04776001
vt 0.43847656 0.109680176
vt 0.46948242 0.058258057
vt 0.44506836 0.11425781
vt 0.47607422 0.06500244
vt 0.45043945 0.11657715
vt 0.48168945 0.0725708
vt 0.45581055 0.11853027
vt 0.48657227 0.08062744
vt 0.46044922 0.11920166
vt 0.4892578 0.08581543
vt 0.46411133 0.11907959
vt 0.48950195 0.094055176
vt 0.46826172 0.11779785
vt 0.4897461 0.089416504
vt 0.48583984 0.10253906
vt 0.48046875 0.10900879
vt 0.4729004 0.114990234
vt 0.4885254 0.0982666
vt 0.42114258 0.09008789
vt 0.4506836 0.04208374
vt 0.41748047 0.0847168
vt 0.44433594 0.037384033
vt 0.41552734 0.078552246
vt 0.43847656 0.03353882
vt 0.4140625 0.06500244
vt 0.4338379 0.030807495
vt 0.41455078 0.06951904
vt 0.41455078 0.0552063
vt 0.42895508 0.02835083
vt 0.4206543 0.024917603
vt 0.4194336 0.02545166
vt 0.421875 0.025146484
vt 0.41552734 0.045013428
vt 0.41870117 0.026290894
vt 0.42333984 0.02571106
vt 0.41723633 0.028656006
vt 0.4177246 0.027374268
vt 0.41601562 0.036102295
vt 0.41674805 0.029937744
vt 0.14245605 0.12658691
vt 0.14038086 0.12609863
vt 0.13842773 0.1282959
vt 0.16101074 0.14587402
vt 0.1607666 0.14453125
vt 0.15808105 0.14160156
vt 0.1459961 0.12963867
vt 0.16027832 0.14868164
vt 0.15197754 0.1348877
vt 0.13391113 0.13476562
vt 0.1586914 0.15454102
vt 0.12902832 0.1430664
vt 0.15661621 0.16040039
vt 0.12536621 0.15100098
vt 0.15466309 0.1661377
vt 0.123046875 0.15515137
vt 0.15283203 0.1706543
vt 0.11804199 0.16186523
vt 0.15222168 0.17419434
vt 0.113098145 0.16906738
vt 0.15246582 0.17932129
vt 0.1081543 0.17700195
vt 0.15356445 0.18591309
vt 0.105651855 0.18139648
vt 0.15478516 0.19140625
vt 0.10406494 0.18676758
vt 0.15576172 0.1965332
vt 0.10296631 0.19128418
vt 0.15710449 0.20324707
vt 0.15966797 0.23120117
vt 0.096069336 0.20776367
vt 0.09185791 0.21789551
vt 0.14367676 0.26342773
vt 0.08441162 0.23486328
vt 0.08148193 0.24377441
vt 0.14831543 0.25805664
vt 0.14562988 0.2607422
vt 0.13842773 0.27148438
vt 0.07952881 0.25024414
vt 0.14074707 0.26757812
vt 0.13452148 0.2783203
vt 0.07751465 0.25585938
vt 0.13635254 0.27514648
vt 0.13195801 0.28466797
vt 0.07562256 0.2619629
vt 0.13330078 0.28100586
vt 0.13024902 0.28833008
vt 0.07366943 0.26879883
vt 0.07293701 0.2722168
vt 0.12573242 0.2944336
vt 0.07318115 0.2746582
vt 0.12841797 0.29101562
vt 0.074279785 0.2770996
vt 0.12249756 0.29638672
vt 0.07611084 0.27978516
vt 0.08081055 0.28295898
vt 0.11669922 0.296875
vt 0.11981201 0.296875
vt 0.1060791 0.2944336
vt 0.11218262 0.29614258
vt 0.15917969 0.21496582
vt 0.09979248 0.19946289
vt 0.15759277 0.2446289
vt 0.08807373 0.22583008
vt 0.15881348 0.23937988
vt 0.15930176 0.23583984
vt 0.15393066 0.25195312
vt 0.15124512 0.2553711
vt 0.15625 0.24816895
vt 0.1583252 0.20898438
vt 0.15966797 0.22595215
vt 0.1595459 0.22033691
vt 0.15820312 0.24230957
vt 0.671875 0.25512695
vt 0.8286133 0.30688477
vt 0.6723633 0.2548828
vt 0.82958984 0.29516602
vt 0.49145508 0.2705078
vt 0.6699219 0.25610352
vt 0.4934082 0.25512695
vt 0.5439453 0.3930664
vt 0.5463867 0.4020996
vt 0.8178711 0.39770508
vt 0.80322266 0.4111328
vt 0.8144531 0.41015625
vt 0.8286133 0.31860352
vt 0.82177734 0.38232422
vt 0.5415039 0.38330078
vt 0.54003906 0.37402344
vt 0.53222656 0.35302734
vt 0.53564453 0.36035156
vt 0.8261719 0.3564453
vt 0.53808594 0.36669922
vt 0.82421875 0.36987305
vt 0.5185547 0.32763672
vt 0.52490234 0.3388672
vt 0.8276367 0.33813477
vt 0.4975586 0.30566406
vt 0.50439453 0.31201172
vt 0.51220703 0.31835938
vt 0.5151367 0.32128906
vt 0.49047852 0.2993164
vt 0.48828125 0.2932129
vt 0.4885254 0.29638672
vt 0.48950195 0.2854004
vt 0.54785156 0.40649414
vt 0.30639648 0.26757812
vt 0.2121582 0.27929688
vt 0.21191406 0.28320312
vt 0.30615234 0.25830078
vt 0.21166992 0.2746582
vt 0.3083496 0.27148438
vt 0.21154785 0.28686523
vt 0.31176758 0.27685547
vt 0.21032715 0.29052734
vt 0.31323242 0.27978516
vt 0.20935059 0.29345703
vt 0.31396484 0.28173828
vt 0.2088623 0.29736328
vt 0.3137207 0.28637695
vt 0.20910645 0.3017578
vt 0.31396484 0.2836914
vt 0.31225586 0.2932129
vt 0.21118164 0.3088379
vt 0.31079102 0.29785156
vt 0.21496582 0.3154297
vt 0.21899414 0.3203125
vt 0.31079102 0.2993164
vt 0.22192383 0.3256836
vt 0.31176758 0.30151367
vt 0.22485352 0.33251953
vt 0.31469727 0.30981445
vt 0.22753906 0.3388672
vt 0.3190918 0.32080078
vt 0.30639648 0.25219727
vt 0.2109375 0.26245117
vt 0.21118164 0.26879883
vt 0.3059082 0.24719238
vt 0.21166992 0.25561523
vt 0.30615234 0.24316406
vt 0.21350098 0.24645996
vt 0.30688477 0.23596191
vt 0.21594238 0.23425293
vt 0.30786133 0.22814941
vt 0.21899414 0.22192383
vt 0.30932617 0.21972656
vt 0.22277832 0.20654297
vt 0.31103516 0.21154785
vt 0.22729492 0.18896484
vt 0.31323242 0.20373535
vt 0.23217773 0.17199707
vt 0.31518555 0.1965332
vt 0.2376709 0.1541748
vt 0.3173828 0.1899414
vt 0.32104492 0.18127441
vt 0.24389648 0.13598633
vt 0.3251953 0.17285156
vt 0.25830078 0.08459473
vt 0.2553711 0.08465576
vt 0.2548828 0.08648682
vt 0.33203125 0.15356445
vt 0.32861328 0.15344238
vt 0.328125 0.15478516
vt 0.3305664 0.15209961
vt 0.33251953 0.15588379
vt 0.32836914 0.15637207
vt 0.3322754 0.15820312
vt 0.32788086 0.15783691
vt 0.3310547 0.16149902
vt 0.32592773 0.15942383
vt 0.32861328 0.1661377
vt 0.3227539 0.16088867
vt 0.31982422 0.16186523
vt 0.3095703 0.16186523
vt 0.31274414 0.16223145
vt 0.31640625 0.16223145
vt 0.2565918 0.08392334
vt 0.25952148 0.08685303
vt 0.25463867 0.089660645
vt 0.26000977 0.08917236
vt 0.2541504 0.09472656
vt 0.26049805 0.09326172
vt 0.25268555 0.10168457
vt 0.2614746 0.09869385
vt 0.25097656 0.11053467
vt 0.26293945 0.1048584
vt 0.24914551 0.117126465
vt 0.26586914 0.11517334
vt 0.24743652 0.12347412
vt 0.2644043 0.11022949
vt 0.26782227 0.11987305
vt 0.24609375 0.1282959
vt 0.27490234 0.13098145
vt 0.27124023 0.12573242
vt 0.28442383 0.14245605
vt 0.2800293 0.1373291
vt 0.30639648 0.16088867
vt 0.30297852 0.1586914
vt 0.29638672 0.1538086
vt 0.29003906 0.14831543
vt 0.23046875 0.34887695
vt 0.32202148 0.33032227
vt 0.23352051 0.36279297
vt 0.32543945 0.3408203
vt 0.23596191 0.37280273
vt 0.32910156 0.34960938
vt 0.23779297 0.38183594
vt 0.33251953 0.35864258
vt 0.23999023 0.39038086
vt 0.33642578 0.3708496
vt 0.3347168 0.36523438
vt 0.24169922 0.39697266
vt 0.33862305 0.37768555
vt 0.33789062 0.375
vt 0.24475098 0.41259766
vt 0.3388672 0.38208008
vt 0.24914551 0.4284668
vt 0.33911133 0.39086914
vt 0.25341797 0.44384766
vt 0.33691406 0.41674805
vt 0.25732422 0.4580078
vt 0.33422852 0.43774414
vt 0.26171875 0.4724121
vt 0.33154297 0.45922852
vt 0.26538086 0.4855957
vt 0.32788086 0.47607422
vt 0.26904297 0.49926758
vt 0.3251953 0.4885254
vt 0.2722168 0.50927734
vt 0.3173828 0.5102539
vt 0.27416992 0.5151367
vt 0.3095703 0.5234375
vt 0.2763672 0.5209961
vt 0.2788086 0.5253906
vt 0.29956055 0.53125
vt 0.28100586 0.5288086
vt 0.2915039 0.5341797
vt 0.2878418 0.5332031
vt 0.28442383 0.53125
vt 0.29541016 0.53466797
vt 0.14697266 0.35839844
vt 0.10723877 0.35131836
vt 0.093322754 0.3605957
vt 0.12817383 0.34960938
vt 0.117004395 0.3479004
vt 0.16259766 0.36938477
vt 0.07543945 0.3779297
vt 0.18054199 0.3881836
vt 0.05908203 0.39941406
vt 0.19262695 0.40795898
vt 0.048614502 0.41796875
vt 0.19995117 0.42382812
vt 0.040161133 0.4411621
vt 0.20544434 0.44702148
vt 0.035003662 0.4663086
vt 0.20275879 0.43359375
vt 0.20837402 0.47265625
vt 0.02949524 0.49975586
vt 0.21130371 0.49609375
vt 0.026184082 0.5336914
vt 0.21411133 0.5371094
vt 0.024154663 0.5654297
vt 0.21289062 0.5161133
vt 0.2163086 0.5834961
vt 0.023605347 0.59814453
vt 0.21484375 0.55322266
vt 0.21704102 0.6010742
vt 0.025268555 0.6171875
vt 0.21740723 0.6254883
vt 0.028015137 0.6328125
vt 0.21728516 0.609375
vt 0.06100464 0.65771484
vt 0.18725586 0.6455078
vt 0.060913086 0.65234375
vt 0.060699463 0.6489258
vt 0.19250488 0.6435547
vt 0.18688965 0.65771484
vt 0.06100464 0.66308594
vt 0.18713379 0.6557617
vt 0.18408203 0.66015625
vt 0.06323242 0.66503906
vt 0.18579102 0.6591797
vt 0.18444824 0.6694336
vt 0.06323242 0.6723633
vt 0.063964844 0.67822266
vt 0.18408203 0.67871094
vt 0.06542969 0.68359375
vt 0.06750488 0.68896484
vt 0.17871094 0.6879883
vt 0.0703125 0.6928711
vt 0.18371582 0.68066406
vt 0.18188477 0.68408203
vt 0.074279785 0.69677734
vt 0.16784668 0.6948242
vt 0.07910156 0.69921875
vt 0.17456055 0.69140625
vt 0.08868408 0.70166016
vt 0.14355469 0.7006836
vt 0.15625 0.6977539
vt 0.10223389 0.703125
vt 0.120666504 0.703125
vt 0.13256836 0.70214844
vt 0.21240234 0.6333008
vt 0.032562256 0.6357422
vt 0.20227051 0.6386719
vt 0.21728516 0.62841797
vt 0.21691895 0.6303711
vt 0.21520996 0.63183594
vt 0.51123047 0.7451172
vt 0.51708984 0.7597656
vt 0.63964844 0.74072266
vt 0.640625 0.75
vt 0.6401367 0.7480469
vt 0.6430664 0.6191406
vt 0.35253906 0.6166992
vt 0.640625 0.63183594
vt 0.3557129 0.6459961
vt 0.6376953 0.6459961
vt 0.6347656 0.6586914
vt 0.6479492 0.5966797
vt 0.35058594 0.5932617
vt 0.6455078 0.60839844
vt 0.34594727 0.57714844
vt 0.34765625 0.58251953
vt 0.6508789 0.57714844
vt 0.34936523 0.5878906
vt 0.64941406 0.5864258
vt 0.39892578 0.5214844
vt 0.48828125 0.51904297
vt 0.40844727 0.5175781
vt 0.4831543 0.5136719
vt 0.3425293 0.56689453
vt 0.34277344 0.5683594
vt 0.6538086 0.5566406
vt 0.34399414 0.57128906
vt 0.65283203 0.56396484
vt 0.6191406 0.53515625
vt 0.61083984 0.5307617
vt 0.49194336 0.5229492
vt 0.49267578 0.5151367
vt 0.6464844 0.55078125
vt 0.6411133 0.5473633
vt 0.35180664 0.55371094
vt 0.35717773 0.54833984
vt 0.3894043 0.5258789
vt 0.41796875 0.51416016
vt 0.47827148 0.5083008
vt 0.42895508 0.51123047
vt 0.4387207 0.5083008
vt 0.47436523 0.50439453
vt 0.46899414 0.5029297
vt 0.47143555 0.5029297
vt 0.4729004 0.5029297
vt 0.5991211 0.5253906
vt 0.49316406 0.5097656
vt 0.5859375 0.51953125
vt 0.49389648 0.5048828
vt 0.54785156 0.50878906
vt 0.5336914 0.5058594
vt 0.5029297 0.50146484
vt 0.49609375 0.50146484
vt 0.49414062 0.5024414
vt 0.56396484 0.5131836
vt 0.5205078 0.50341797
vt 0.5102539 0.5019531
vt 0.4555664 0.5048828
vt 0.46362305 0.50341797
vt 0.44726562 0.50683594
vt 0.63378906 0.54296875
vt 0.3647461 0.5419922
vt 0.37182617 0.5366211
vt 0.62646484 0.5390625
vt 0.3815918 0.52978516
vt 0.6508789 0.55371094
vt 0.34350586 0.5654297
vt 0.34472656 0.5629883
vt 0.34814453 0.55810547
vt 0.47851562 0.73535156
vt 0.35180664 0.7158203
vt 0.4741211 0.74365234
vt 0.46923828 0.7548828
vt 0.34375 0.74902344
vt 0.46557617 0.7626953
vt 0.34765625 0.73339844
vt 0.48876953 0.7167969
vt 0.3557129 0.69970703
vt 0.48388672 0.72558594
vt 0.45507812 0.7910156
vt 0.33764648 0.7788086
vt 0.45239258 0.7998047
vt 0.44995117 0.80810547
vt 0.33520508 0.79296875
vt 0.46264648 0.7705078
vt 0.45874023 0.7807617
vt 0.34057617 0.7631836
vt 0.41992188 0.97216797
vt 0.4255371 0.9741211
vt 0.43139648 0.9663086
vt 0.43286133 0.97021484
vt 0.43359375 0.9736328
vt 0.43286133 0.9765625
vt 0.43359375 0.97558594
vt 0.44726562 0.8173828
vt 0.33081055 0.80615234
vt 0.44482422 0.82714844
vt 0.32373047 0.8334961
vt 0.3203125 0.84814453
vt 0.43774414 0.86279297
vt 0.43579102 0.875
vt 0.31567383 0.8696289
vt 0.3137207 0.8803711
vt 0.43139648 0.9008789
vt 0.43041992 0.9082031
vt 0.31225586 0.90234375
vt 0.31225586 0.91308594
vt 0.42993164 0.93847656
vt 0.42993164 0.95166016
vt 0.43041992 0.96240234
vt 0.31323242 0.9213867
vt 0.42993164 0.9580078
vt 0.3623047 0.94384766
vt 0.36743164 0.94628906
vt 0.35327148 0.94189453
vt 0.34155273 0.93896484
vt 0.3310547 0.93603516
vt 0.31469727 0.9277344
vt 0.32104492 0.93310547
vt 0.31567383 0.9301758
vt 0.31640625 0.93115234
vt 0.37524414 0.9506836
vt 0.38305664 0.95410156
vt 0.39160156 0.9584961
vt 0.39868164 0.96191406
vt 0.40649414 0.9663086
vt 0.4128418 0.9692383
vt 0.43945312 0.85302734
vt 0.32739258 0.81884766
vt 0.4423828 0.8383789
vt 0.3178711 0.8588867
vt 0.43408203 0.88427734
vt 0.4326172 0.8935547
vt 0.42993164 0.92089844
vt 0.42993164 0.9140625
vt 0.31298828 0.890625
vt 0.4296875 0.9291992
vt 0.49609375 0.7133789
vt 0.49975586 0.7211914
vt 0.63623047 0.71191406
vt 0.63720703 0.7207031
vt 0.6328125 0.6699219
vt 0.35717773 0.66845703
vt 0.63183594 0.6738281
vt 0.63183594 0.6777344
vt 0.49487305 0.7114258
vt 0.6352539 0.7026367
vt 0.49267578 0.7104492
vt 0.3581543 0.68652344
vt 0.49169922 0.71191406
vt 0.3569336 0.69433594
vt 0.49389648 0.7104492
vt 0.63378906 0.6948242
vt 0.6328125 0.6870117
vt 0.63183594 0.6816406
vt 0.35766602 0.6777344
vt 0.5058594 0.73339844
vt 0.6386719 0.73046875
vt 0.74316406 0.7392578
vt 0.6635742 0.7138672
vt 0.65527344 0.7285156
vt 0.7402344 0.7211914
vt 0.7373047 0.71240234
vt 0.6669922 0.70654297
vt 0.6699219 0.70166016
vt 0.67333984 0.6982422
vt 0.7426758 0.7338867
vt 0.7421875 0.72802734
vt 0.734375 0.7060547
vt 0.68359375 0.69189453
vt 0.73095703 0.7011719
vt 0.6777344 0.6948242
vt 0.7265625 0.69628906
vt 0.6899414 0.68896484
vt 0.7216797 0.6923828
vt 0.6958008 0.6870117
vt 0.71728516 0.6899414
vt 0.7001953 0.68603516
vt 0.71191406 0.6879883
vt 0.70654297 0.68652344
vt 0.74121094 0.7548828
vt 0.6479492 0.7402344
vt 0.7421875 0.7475586
vt 0.7426758 0.7441406
vt 0.6430664 0.7495117
vt 0.7348633 0.77490234
vt 0.64501953 0.74609375
vt 0.7402344 0.7607422
vt 0.73779297 0.7680664
vt 0.52246094 0.7734375
vt 0.7285156 0.7895508
vt 0.64208984 0.7504883
vt 0.7246094 0.79589844
vt 0.7314453 0.7832031
vt 0.5283203 0.79003906
vt 0.71972656 0.80371094
vt 0.7158203 0.80908203
vt 0.71484375 0.81103516
vt 0.5395508 0.82714844
vt 0.5439453 0.8442383
vt 0.70703125 0.8442383
vt 0.5341797 0.8076172
vt 0.7138672 0.81347656
vt 0.7128906 0.81884766
vt 0.7104492 0.82910156
vt 0.54589844 0.85546875
vt 0.7011719 0.8691406
vt 0.54785156 0.8652344
vt 0.70410156 0.8564453
vt 0.5493164 0.8754883
vt 0.6953125 0.8886719
vt 0.55078125 0.88378906
vt 0.5522461 0.8935547
vt 0.6982422 0.87890625
vt 0.55322266 0.9038086
vt 0.68847656 0.90478516
vt 0.5546875 0.91552734
vt 0.69140625 0.8984375
vt 0.55566406 0.9272461
vt 0.68115234 0.9160156
vt 0.6855469 0.90966797
vt 0.68359375 0.91308594
vt 0.5571289 0.93896484
vt 0.67041016 0.9248047
vt 0.67822266 0.91845703
vt 0.6743164 0.9213867
vt 0.5576172 0.94970703
vt 0.64941406 0.9355469
vt 0.66748047 0.9267578
vt 0.6586914 0.9316406
vt 0.55859375 0.9604492
vt 0.62109375 0.9472656
vt 0.6386719 0.9399414
vt 0.62890625 0.94384766
vt 0.55859375 0.96777344
vt 0.60546875 0.95654297
vt 0.61328125 0.95166016
vt 0.5864258 0.9658203
vt 0.55908203 0.97216797
vt 0.59716797 0.9609375
vt 0.5756836 0.9707031
vt 0.56591797 0.9746094
vt 0.55908203 0.9746094
vt 0.55908203 0.9765625
vt 0.9638672 0.20141602
vt 0.9584961 0.20056152
vt 0.9560547 0.20056152
vt 0.9614258 0.20080566
vt 0.9663086 0.20227051
vt 0.95410156 0.20080566
vt 0.96777344 0.20336914
vt 0.9526367 0.20166016
vt 0.9692383 0.20483398
vt 0.95166016 0.20251465
vt 0.97021484 0.20690918
vt 0.9506836 0.20446777
vt 0.9711914 0.20959473
vt 0.94921875 0.20776367
vt 0.9716797 0.21325684
vt 0.9482422 0.2109375
vt 0.9716797 0.21679688
vt 0.9472656 0.2154541
vt 0.9711914 0.22131348
vt 0.94628906 0.21923828
vt 0.9707031 0.22497559
vt 0.9448242 0.22338867
vt 0.9692383 0.23022461
vt 0.9428711 0.2277832
vt 0.96972656 0.22790527
vt 0.9667969 0.23706055
vt 0.9404297 0.23376465
vt 0.9682617 0.23303223
vt 0.9658203 0.24194336
vt 0.9379883 0.23901367
vt 0.96533203 0.24621582
vt 0.9355469 0.24450684
vt 0.96484375 0.25195312
vt 0.9345703 0.24768066
vt 0.96484375 0.24804688
vt 0.9663086 0.25830078
vt 0.93359375 0.24914551
vt 0.9667969 0.2644043
vt 0.92871094 0.2536621
vt 0.92578125 0.25610352
vt 0.9663086 0.2722168
vt 0.92285156 0.2590332
vt 0.9667969 0.26879883
vt 0.96484375 0.27954102
vt 0.92089844 0.26123047
vt 0.9628906 0.28564453
vt 0.91845703 0.26367188
vt 0.96191406 0.2902832
vt 0.9160156 0.26586914
vt 0.9604492 0.29541016
vt 0.9140625 0.26904297
vt 0.9589844 0.29833984
vt 0.9121094 0.27368164
vt 0.9580078 0.30151367
vt 0.91064453 0.27734375
vt 0.9560547 0.3046875
vt 0.91064453 0.28100586
vt 0.9526367 0.3083496
vt 0.9121094 0.28564453
vt 0.9550781 0.30664062
vt 0.9501953 0.3095703
vt 0.9135742 0.2915039
vt 0.9448242 0.31225586
vt 0.91552734 0.29663086
vt 0.9477539 0.31079102
vt 0.9423828 0.3137207
vt 0.91748047 0.30151367
vt 0.9399414 0.31567383
vt 0.92041016 0.30639648
vt 0.9379883 0.3173828
vt 0.9243164 0.3100586
vt 0.92822266 0.31274414
vt 0.93603516 0.31835938
vt 0.93408203 0.31762695
vt 0.9316406 0.31567383
vt 0.9326172 0.25048828
vt 0.21350098 0.8618164
vt 0.040618896 0.8745117
vt 0.03994751 0.8798828
vt 0.22106934 0.81640625
vt 0.21838379 0.8129883
vt 0.0309906 0.8251953
vt 0.21374512 0.80810547
vt 0.033203125 0.82177734
vt 0.035888672 0.8178711
vt 0.19311523 0.79785156
vt 0.18981934 0.78759766
vt 0.05130005 0.8100586
vt 0.051940918 0.80371094
vt 0.18383789 0.7729492
vt 0.18054199 0.76953125
vt 0.054504395 0.7866211
vt 0.17529297 0.7651367
vt 0.05596924 0.7836914
vt 0.058258057 0.78027344
vt 0.16931152 0.7607422
vt 0.0690918 0.7675781
vt 0.16296387 0.7558594
vt 0.06097412 0.77734375
vt 0.064575195 0.7729492
vt 0.15661621 0.7519531
vt 0.08087158 0.7573242
vt 0.15014648 0.7480469
vt 0.07489014 0.76220703
vt 0.14489746 0.7451172
vt 0.09283447 0.7480469
vt 0.1418457 0.74316406
vt 0.08691406 0.7524414
vt 0.09643555 0.74560547
vt 0.1385498 0.7421875
vt 0.13439941 0.7416992
vt 0.10461426 0.74316406
vt 0.1003418 0.7441406
vt 0.11077881 0.7421875
vt 0.12194824 0.7416992
vt 0.18664551 0.7792969
vt 0.053588867 0.79003906
vt 0.052734375 0.7963867
vt 0.18518066 0.77490234
vt 0.21606445 0.8730469
vt 0.03945923 0.8911133
vt 0.21472168 0.8671875
vt 0.21789551 0.8828125
vt 0.040100098 0.90283203
vt 0.040893555 0.91064453
vt 0.21887207 0.89697266
vt 0.04168701 0.9160156
vt 0.0435791 0.9243164
vt 0.21813965 0.9082031
vt 0.046539307 0.9326172
vt 0.21704102 0.91552734
vt 0.050354004 0.9399414
vt 0.21508789 0.9223633
vt 0.054016113 0.9458008
vt 0.20922852 0.9355469
vt 0.058380127 0.9506836
vt 0.21313477 0.9277344
vt 0.21118164 0.9316406
vt 0.061920166 0.95410156
vt 0.20239258 0.9453125
vt 0.06604004 0.95751953
vt 0.2064209 0.9404297
vt 0.07043457 0.9609375
vt 0.19128418 0.9555664
vt 0.07531738 0.96435547
vt 0.19750977 0.9501953
vt 0.19421387 0.953125
vt 0.08239746 0.9682617
vt 0.17932129 0.9633789
vt 0.08905029 0.9707031
vt 0.18798828 0.9580078
vt 0.18347168 0.9609375
vt 0.09820557 0.9736328
vt 0.16418457 0.97021484
vt 0.10626221 0.97509766
vt 0.17468262 0.9658203
vt 0.16870117 0.96875
vt 0.1149292 0.9760742
vt 0.14685059 0.9746094
vt 0.14208984 0.97558594
vt 0.12225342 0.9765625
vt 0.13269043 0.9765625
vt 0.15966797 0.9716797
vt 0.15197754 0.9736328
vt 0.2265625 0.82958984
vt 0.023788452 0.83935547
vt 0.023361206 0.84765625
vt 0.22570801 0.8256836
vt 0.22753906 0.8383789
vt 0.02357483 0.85546875
vt 0.22717285 0.8339844
vt 0.22741699 0.8486328
vt 0.22680664 0.85253906
vt 0.2253418 0.85546875
vt 0.2232666 0.85791016
vt 0.22045898 0.86035156
vt 0.2154541 0.8623047
vt 0.21789551 0.8618164
vt 0.024917603 0.8647461
vt 0.026275635 0.8676758
vt 0.0284729 0.87060547
vt 0.036376953 0.875
vt 0.03326416 0.87402344
vt 0.030838013 0.8730469
vt 0.22753906 0.84472656
vt 0.024124146 0.8613281
vt 0.024917603 0.8354492
vt 0.028213501 0.82958984
vt 0.22424316 0.8222656
vt 0.22277832 0.81884766
vt 0.038330078 0.8149414
vt 0.040771484 0.8125
vt 0.04345703 0.81103516
vt 0.049987793 0.8095703
vt 0.047027588 0.8095703
vt 0.20837402 0.80322266
vt 0.20495605 0.80078125
vt 0.19677734 0.79785156
vt 0.19909668 0.79785156
vt 0.20129395 0.79833984
vt 0.91064453 0.75683594
vt 0.9267578 0.7495117
vt 0.9321289 0.7441406
vt 0.91796875 0.7548828
vt 0.8901367 0.7524414
vt 0.9433594 0.7270508
vt 0.9033203 0.75683594
vt 0.88134766 0.74316406
vt 0.96435547 0.6958008
vt 0.9663086 0.68847656
vt 0.87841797 0.71875
vt 0.9663086 0.66308594
vt 0.8808594 0.69677734
vt 0.9394531 0.6230469
vt 0.9013672 0.6225586
vt 0.8984375 0.6254883
vt 0.8930664 0.6411133
vt 0.89697266 0.6274414
vt 0.8852539 0.6723633
vt 0.8911133 0.64990234
vt 0.9277344 0.60498047
vt 0.91796875 0.61035156
vt 0.90771484 0.6176758
vt 0.9741211 0.7729492
vt 0.9682617 0.7685547
vt 0.9638672 0.7685547
vt 0.9711914 0.7705078
vt 0.97509766 0.7763672
vt 0.95996094 0.76904297
vt 0.9746094 0.7807617
vt 0.95654297 0.7709961
vt 0.95458984 0.77246094
vt 0.9736328 0.78564453
vt 0.9526367 0.7763672
vt 0.9716797 0.7910156
vt 0.9506836 0.7792969
vt 0.9707031 0.7944336
vt 0.94873047 0.78271484
vt 0.96777344 0.79785156
vt 0.94677734 0.7861328
vt 0.96435547 0.7998047
vt 0.9448242 0.7895508
vt 0.9609375 0.8022461
vt 0.9423828 0.7919922
vt 0.9589844 0.80322266
vt 0.9404297 0.7939453
vt 0.9580078 0.8051758
vt 0.9379883 0.79541016
vt 0.9560547 0.80810547
vt 0.9355469 0.7973633
vt 0.9536133 0.8120117
vt 0.9326172 0.7993164
vt 0.9506836 0.81591797
vt 0.9301758 0.80126953
vt 0.92822266 0.80322266
vt 0.94873047 0.8183594
vt 0.92626953 0.80566406
vt 0.9472656 0.8208008
vt 0.9248047 0.80810547
vt 0.94433594 0.8232422
vt 0.9238281 0.81103516
vt 0.94140625 0.8251953
vt 0.92285156 0.8144531
vt 0.93847656 0.82666016
vt 0.921875 0.81689453
vt 0.9355469 0.82714844
vt 0.9223633 0.8198242
vt 0.93310547 0.8276367
vt 0.92333984 0.82177734
vt 0.93066406 0.82714844
vt 0.9277344 0.8256836
vt 0.92578125 0.82421875
vt 0.9736328 0.8671875
vt 0.9614258 0.86328125
vt 0.9536133 0.86328125
vt 0.96728516 0.8642578
vt 0.9477539 0.87060547
vt 0.97998047 0.8754883
vt 0.94970703 0.86572266
vt 0.98046875 0.8720703
vt 0.97802734 0.8696289
vt 0.9448242 0.8754883
vt 0.9716797 0.88427734
vt 0.9458008 0.87353516
vt 0.9770508 0.87890625
vt 0.94384766 0.8774414
vt 0.96240234 0.89453125
vt 0.9428711 0.87890625
vt 0.94189453 0.8803711
vt 0.9667969 0.88964844
vt 0.94140625 0.88134766
vt 0.95410156 0.90283203
vt 0.9399414 0.88183594
vt 0.95703125 0.89990234
vt 0.9501953 0.90527344
vt 0.94628906 0.90625
vt 0.9375 0.8828125
vt 0.95214844 0.9042969
vt 0.94873047 0.9057617
vt 0.93310547 0.88427734
vt 0.9404297 0.90625
vt 0.9301758 0.8847656
vt 0.9345703 0.9067383
vt 0.9277344 0.8852539
vt 0.92285156 0.88427734
vt 0.92822266 0.90771484
vt 0.92529297 0.8852539
vt 0.9160156 0.8833008
vt 0.9223633 0.90771484
vt 0.9194336 0.88378906
vt 0.9111328 0.8833008
vt 0.91552734 0.90771484
vt 0.91845703 0.9082031
vt 0.90771484 0.88378906
vt 0.90966797 0.90478516
vt 0.90478516 0.88427734
vt 0.91259766 0.9067383
vt 0.90185547 0.8857422
vt 0.90185547 0.9042969
vt 0.89990234 0.88671875
vt 0.8984375 0.8881836
vt 0.90478516 0.9042969
vt 0.8964844 0.890625
vt 0.8979492 0.9038086
vt 0.8955078 0.8925781
vt 0.89501953 0.89453125
vt 0.89453125 0.89697266
vt 0.8955078 0.90234375
vt 0.89453125 0.89990234
vt 0.8964844 0.9033203
vt 0.9272461 0.94384766
vt 0.9243164 0.9433594
vt 0.92285156 0.97021484
vt 0.91845703 0.96972656
vt 0.9067383 0.96728516
vt 0.9140625 0.94140625
vt 0.9038086 0.9658203
vt 0.9111328 0.94091797
vt 0.9169922 0.94189453
vt 0.91015625 0.96777344
vt 0.9199219 0.9423828
vt 0.91308594 0.96875
vt 0.9013672 0.96484375
vt 0.90771484 0.9399414
vt 0.8984375 0.9633789
vt 0.9038086 0.9379883
vt 0.89404297 0.9604492
vt 0.8886719 0.95751953
vt 0.8989258 0.93603516
vt 0.8955078 0.9345703
vt 0.88427734 0.9550781
vt 0.89160156 0.93310547
vt 0.8881836 0.9326172
vt 0.8798828 0.953125
vt 0.8852539 0.9326172
vt 0.8774414 0.95214844
vt 0.8823242 0.9326172
vt 0.875 0.9506836
vt 0.87402344 0.94970703
vt 0.93603516 0.9453125
vt 0.9277344 0.9707031
vt 0.93408203 0.9716797
vt 0.93066406 0.94433594
vt 0.94140625 0.9458008
vt 0.9394531 0.97216797
vt 0.94189453 0.97265625
vt 0.9458008 0.94677734
vt 0.94384766 0.97314453
vt 0.9501953 0.94873047
vt 0.94677734 0.9741211
vt 0.95410156 0.9506836
vt 0.9501953 0.97509766
vt 0.95751953 0.9526367
vt 0.9536133 0.97558594
vt 0.9604492 0.9555664
vt 0.9560547 0.97558594
vt 0.9628906 0.9589844
vt 0.95947266 0.97509766
vt 0.96435547 0.96240234
vt 0.96191406 0.9736328
vt 0.96533203 0.9658203
vt 0.96484375 0.9692383
vt 0.9638672 0.9716797
vt 0.8803711 0.93310547
vt 0.8725586 0.9472656
vt 0.87890625 0.93359375
vt 0.8730469 0.94873047
vt 0.8769531 0.9345703
vt 0.8720703 0.9453125
vt 0.87597656 0.9355469
vt 0.875 0.93652344
vt 0.8720703 0.9433594
vt 0.87402344 0.9379883
vt 0.8725586 0.94140625
vt 0.8730469 0.9394531
vt 0.75683594 0.94384766
vt 0.7504883 0.96972656
vt 0.75390625 0.97021484
vt 0.86865234 0.8808594
vt 0.83154297 0.81347656
vt 0.82373047 0.8198242
vt 0.8745117 0.87353516
vt 0.83740234 0.80859375
vt 0.87939453 0.8676758
vt 0.84472656 0.8022461
vt 0.8847656 0.8613281
vt 0.8881836 0.8569336
vt 0.85302734 0.79589844
vt 0.890625 0.8535156
vt 0.86279297 0.8876953
vt 0.8178711 0.82421875
vt 0.859375 0.8925781
vt 0.81347656 0.828125
vt 0.85546875 0.8984375
vt 0.8330078 0.8745117
vt 0.8378906 0.890625
vt 0.8100586 0.8310547
vt 0.80859375 0.83203125
vt 0.80859375 0.83496094
vt 0.8515625 0.90478516
vt 0.83740234 0.90527344
vt 0.8466797 0.91259766
vt 0.83691406 0.91796875
vt 0.8359375 0.9291992
vt 0.83935547 0.9243164
vt 0.8432617 0.91845703
vt 0.828125 0.93603516
vt 0.83154297 0.93408203
vt 0.8339844 0.9316406
vt 0.89160156 0.8515625
vt 0.89160156 0.8491211
vt 0.859375 0.7915039
vt 0.89160156 0.8466797
vt 0.8574219 0.79248047
vt 0.8623047 0.7919922
vt 0.8613281 0.7910156
vt 0.88964844 0.83691406
vt 0.88427734 0.8251953
vt 0.87890625 0.81396484
vt 0.8676758 0.7973633
vt 0.8642578 0.79345703
vt 0.8911133 0.84277344
vt 0.75390625 0.9428711
vt 0.7504883 0.94140625
vt 0.74365234 0.9667969
vt 0.7470703 0.9682617
vt 0.7470703 0.9399414
vt 0.7397461 0.9638672
vt 0.74316406 0.93847656
vt 0.73535156 0.9614258
vt 0.7397461 0.93652344
vt 0.7319336 0.95947266
vt 0.73583984 0.9350586
vt 0.72753906 0.95703125
vt 0.7319336 0.93359375
vt 0.7236328 0.9555664
vt 0.72802734 0.9326172
vt 0.7192383 0.9536133
vt 0.7246094 0.9321289
vt 0.7163086 0.9526367
vt 0.7216797 0.9321289
vt 0.7138672 0.9506836
vt 0.7192383 0.9321289
vt 0.71240234 0.94921875
vt 0.71728516 0.93310547
vt 0.71533203 0.93408203
vt 0.7114258 0.94433594
vt 0.71191406 0.94677734
vt 0.71191406 0.9394531
vt 0.7114258 0.94189453
vt 0.7128906 0.9375
vt 0.7138672 0.93603516
vt 0.7583008 0.94384766
vt 0.7573242 0.9707031
vt 0.80615234 0.8413086
vt 0.8041992 0.8466797
vt 0.7885742 0.8901367
vt 0.78466797 0.88916016
vt 0.7739258 0.91552734
vt 0.77197266 0.9145508
vt 0.7807617 0.8886719
vt 0.76904297 0.91308594
vt 0.77783203 0.88916016
vt 0.76660156 0.9116211
vt 0.7753906 0.88964844
vt 0.7661133 0.91064453
vt 0.7729492 0.8911133
vt 0.765625 0.9091797
vt 0.7709961 0.8930664
vt 0.765625 0.9067383
vt 0.7661133 0.9038086
vt 0.76953125 0.89501953
vt 0.76708984 0.9008789
vt 0.7680664 0.8979492
vt 0.80810547 0.8364258
vt 0.8027344 0.8510742
vt 0.80126953 0.8574219
vt 0.7998047 0.8647461
vt 0.7988281 0.87109375
vt 0.7973633 0.8774414
vt 0.7963867 0.8833008
vt 0.79589844 0.8876953
vt 0.7949219 0.890625
vt 0.78515625 0.97265625
vt 0.8017578 0.9267578
vt 0.77978516 0.97265625
vt 0.7895508 0.9213867
vt 0.8261719 0.9394531
vt 0.82421875 0.9433594
vt 0.7949219 0.89160156
vt 0.7866211 0.92041016
vt 0.78222656 0.9189453
vt 0.7729492 0.97216797
vt 0.7651367 0.9716797
vt 0.7915039 0.8911133
vt 0.75878906 0.9428711
vt 0.7607422 0.9370117
vt 0.7597656 0.9404297
vt 0.77246094 0.9165039
vt 0.77001953 0.9189453
vt 0.7675781 0.9213867
vt 0.765625 0.9238281
vt 0.76416016 0.9267578
vt 0.7626953 0.9301758
vt 0.76171875 0.93359375
vt 0.7939453 0.89160156
vt 0.8022461 0.9760742
vt 0.8051758 0.9760742
vt 0.8076172 0.97509766
vt 0.7871094 0.97265625
vt 0.7890625 0.97314453
vt 0.8105469 0.97216797
vt 0.796875 0.97558594
vt 0.80908203 0.9736328
vt 0.7993164 0.9760742
vt 0.8120117 0.96972656
vt 0.79296875 0.9746094
vt 0.7949219 0.97509766
vt 0.8154297 0.96240234
vt 0.7910156 0.9736328
vt 0.8129883 0.96728516
vt 0.82177734 0.94921875
vt 0.8183594 0.9555664
vt 0.80810547 0.8339844
vt 0.80810547 0.8330078
vt 0.9692383 0.37963867
vt 0.9667969 0.37573242
vt 0.9638672 0.37329102
vt 0.8642578 0.55615234
vt 0.8598633 0.55029297
vt 0.85839844 0.5546875
vt 0.91259766 0.49658203
vt 0.8701172 0.40625
vt 0.86035156 0.41430664
vt 0.9277344 0.484375
vt 0.93359375 0.4807129
vt 0.8876953 0.38916016
vt 0.95214844 0.46972656
vt 0.95654297 0.46655273
vt 0.9067383 0.37280273
vt 0.9667969 0.45629883
vt 0.96875 0.45361328
vt 0.92871094 0.36108398
vt 0.9682617 0.37768555
vt 0.97021484 0.38330078
vt 0.9589844 0.36938477
vt 0.9711914 0.38793945
vt 0.95410156 0.3659668
vt 0.9716797 0.39331055
vt 0.94921875 0.3630371
vt 0.97216797 0.4465332
vt 0.97314453 0.4423828
vt 0.94091797 0.35888672
vt 0.9736328 0.43945312
vt 0.9448242 0.36083984
vt 0.9741211 0.42749023
vt 0.9741211 0.41918945
vt 0.97265625 0.39941406
vt 0.9741211 0.41235352
vt 0.9736328 0.40576172
vt 0.9609375 0.46289062
vt 0.96435547 0.45947266
vt 0.92333984 0.36376953
vt 0.9707031 0.44995117
vt 0.93408203 0.35913086
vt 0.93652344 0.35839844
vt 0.93847656 0.3581543
vt 0.94677734 0.4729004
vt 0.90283203 0.37573242
vt 0.91748047 0.36694336
vt 0.9121094 0.36987305
vt 0.9404297 0.47680664
vt 0.8989258 0.3786621
vt 0.92285156 0.4880371
vt 0.8823242 0.3947754
vt 0.89501953 0.38183594
vt 0.89208984 0.38476562
vt 0.91748047 0.49243164
vt 0.87597656 0.40063477
vt 0.9082031 0.50146484
vt 0.8544922 0.41918945
vt 0.8486328 0.42407227
vt 0.90234375 0.5073242
vt 0.8417969 0.43017578
vt 0.89746094 0.5131836
vt 0.8354492 0.43554688
vt 0.89160156 0.51953125
vt 0.82958984 0.4399414
vt 0.8833008 0.52978516
vt 0.8569336 0.50097656
vt 0.85839844 0.5058594
vt 0.88623047 0.5263672
vt 0.8535156 0.49194336
vt 0.85546875 0.49682617
vt 0.8803711 0.5336914
vt 0.859375 0.5107422
vt 0.86035156 0.5151367
vt 0.86083984 0.52001953
vt 0.8754883 0.54003906
vt 0.8613281 0.52734375
vt 0.8618164 0.5332031
vt 0.8701172 0.5473633
vt 0.8618164 0.5385742
vt 0.8666992 0.5527344
vt 0.8613281 0.54296875
vt 0.86035156 0.546875
vt 0.8623047 0.55859375
vt 0.85595703 0.55908203
vt 0.859375 0.5620117
vt 0.8535156 0.5629883
vt 0.8569336 0.5654297
vt 0.8510742 0.56640625
vt 0.8540039 0.5683594
vt 0.8486328 0.56884766
vt 0.8510742 0.5708008
vt 0.8466797 0.5708008
vt 0.84814453 0.5732422
vt 0.84521484 0.5727539
vt 0.8457031 0.57470703
vt 0.84375 0.57373047
vt 0.84375 0.5751953
vt 0.84277344 0.57470703
vt 0.8417969 0.5756836
vt 0.84277344 0.5756836
vt 0.8256836 0.44311523
vt 0.8251953 0.44433594
vt 0.8256836 0.44555664
vt 0.82666016 0.44677734
vt 0.828125 0.4482422
vt 0.8305664 0.45092773
vt 0.84765625 0.4802246
vt 0.83740234 0.46264648
vt 0.828125 0.15734863
vt 0.8276367 0.14990234
vt 0.69091797 0.14465332
vt 0.69189453 0.13586426
vt 0.67089844 0.17492676
vt 0.6694336 0.15649414
vt 0.51220703 0.1661377
vt 0.5151367 0.15148926
vt 0.82910156 0.17358398
vt 0.6875 0.16186523
vt 0.6845703 0.17944336
vt 0.82958984 0.18933105
vt 0.8300781 0.20385742
vt 0.6816406 0.19555664
vt 0.8310547 0.2388916
vt 0.8310547 0.22644043
vt 0.6791992 0.21447754
vt 0.8305664 0.21520996
vt 0.68066406 0.2043457
vt 0.8310547 0.2479248
vt 0.6777344 0.22375488
vt 0.83154297 0.2746582
vt 0.6748047 0.24267578
vt 0.8310547 0.28442383
vt 0.6738281 0.25073242
vt 0.82666016 0.13952637
vt 0.8251953 0.12817383
vt 0.69433594 0.12597656
vt 0.6958008 0.11706543
vt 0.8222656 0.10144043
vt 0.8208008 0.09326172
vt 0.6948242 0.09466553
vt 0.6923828 0.084106445
vt 0.69189453 0.074401855
vt 0.81933594 0.08294678
vt 0.69384766 0.06878662
vt 0.8208008 0.06939697
vt 0.6953125 0.06341553
vt 0.81933594 0.07647705
vt 0.81396484 0.032958984
vt 0.81396484 0.028381348
vt 0.69628906 0.037261963
vt 0.6953125 0.024276733
vt 0.69433594 0.011398315
vt 0.8125 0.014564514
vt 0.81347656 0.022247314
vt 0.81103516 0.0069770813
vt 0.80859375 1.1920929E-07
vt 0.6928711 0
vt 0.69628906 0.101989746
vt 0.82373047 0.113342285
vt 0.69628906 0.10614014
vt 0.82470703 0.12036133
vt 0.69140625 0.078125
vt 0.8232422 0.059448242
vt 0.69677734 0.047454834
vt 0.69628906 0.055664062
vt 0.82421875 0.05114746
vt 0.8232422 0.044677734
vt 0.8208008 0.040222168
vt 0.8173828 0.03564453
vt 0.83154297 0.26708984
vt 0.83154297 0.25805664
vt 0.67626953 0.23510742
vt 0.4963379 0.23950195
vt 0.6723633 0.23522949
vt 0.49926758 0.22570801
vt 0.5029297 0.21264648
vt 0.6723633 0.22033691
vt 0.50683594 0.1973877
vt 0.671875 0.20373535
vt 0.67041016 0.25146484
vt 0.6713867 0.2442627
vt 0.5185547 0.13781738
vt 0.66796875 0.1418457
vt 0.5097656 0.1821289
vt 0.671875 0.18969727
vt 0.6665039 0.10491943
vt 0.66552734 0.09625244
vt 0.52734375 0.094177246
vt 0.52978516 0.080200195
vt 0.5214844 0.12310791
vt 0.6669922 0.13208008
vt 0.52441406 0.10986328
vt 0.6665039 0.11755371
vt 0.53271484 0.06542969
vt 0.6694336 0.07672119
vt 0.53466797 0.052124023
vt 0.67285156 0.06585693
vt 0.5366211 0.042999268
vt 0.67529297 0.05505371
vt 0.5366211 0.034454346
vt 0.6777344 0.043151855
vt 0.6791992 0.02305603
vt 0.67822266 0.012878418
vt 0.53515625 0.016220093
vt 0.53466797 0.0067443848
vt 0.67871094 0.03591919
vt 0.5361328 0.026611328
vt 0.6669922 0.08679199
vt 0.67626953 0
vt 0.53564453 0
vn -0 0 -1
vn -0 0 -1
vn -0 0 -1
vn -0 0 -1
vn -0 0 -1
vn -0 0 -1
vn -0 0 -1
vn -0 0 -1
vn -0 0 -1
vn -0 0 -1
vn -0 0 -1
vn -0 0 -1
vn -0 0 -1
vn -0 0 -1
vn -0 0 -1
vn -0 0 -1
vn -0 0 -1
vn -0 0 -1
vn -0 0 -1
vn -0 0 -1
vn -0 0 -1
vn -0 0 -1
vn -0 0 -1
vn -0 0 -1
vn -0 0 -1
vn -0 0 -1
vn -0 0 -1
vn -0 0 -1
vn -0 0 -1
vn -0 0 -1
vn -0 0 -1
vn -0 0 -1
vn -0 0 -1
vn -0 0 -1
vn -0 0 -1
vn -0 0 -1
vn -0 0 -1
vn -0 0 -1
vn -0 0 -1
vn -0 0 -1
vn -0 0 -1
vn -0 0 -1
vn -0 0 -1
vn -0 0 -1
vn -0 0 -1
vn -0 0 -1
vn -0 0 -1
vn -0 0 -1
vn -0 0 -1
vn -0 0 -1
vn -0 0 -1
vn -0 0 -1
vn -0 0 -1
vn -0 0 -1
vn -0 0 -1
vn -0 0 -1
vn -0 0 -1
vn -0 0 -1
vn -0 0 -1
vn -0 0 -1
vn -0 0 -1
vn -0 0 -1
vn -0 0 -1
vn -0 0 -1
vn -0 0 -1
vn -0 0 -1
vn -0 0 -1
vn -0 0 -1
vn -0 0 -1
vn -0 0 -1
vn -0 0 -1
vn -0 0 -1
vn -0 0 -1
vn -0 0 -1
vn -0 0 -1
vn -0 0 -1
vn -0 0 -1
vn -0 0 -1
vn -0 0 -1
vn -0 0 -1
vn -0 0 -1
vn -0 0 -1
vn -0 0 -1
vn -0 0 -1
vn -0 0 -1
vn -0 0 -1
vn -0 0 -1
vn -0 0 -1
vn -0 0 -1
vn -0 0 -1
vn -0 0 -1
vn -0 0 -1
vn -0 0 -1
vn -0 0 -1
vn -0 0 -1
vn -0 0 -1
vn -0 0 -1
vn -0 0 -1
vn -0 0 -1
vn -0 0 -1
vn -0 0 -1
vn -0 0 -1
vn -0 0 -1
vn -0 0 -1
vn -0 0 -1
vn -0 0 -1
vn -0 0 -1
vn -0 0 -1
vn -0 0 -1
vn -0 0 -1
vn -0 0 -1
vn -0 0 -1
vn -0 0 -1
vn -0 0 -1
vn -0 0 -1
vn -0 0 -1
vn -0 0 -1
vn -0 0 -1
vn -0 0 -1
vn -0 0 -1
vn -0 0 -1
vn -0 0 -1
vn -0 0 -1
vn -0 0 -1
vn -0 0 -1
vn -0 0 -1
vn -0 0 -1
vn -0 0 -1
vn -0 0 -1
vn -0 0 -1
vn -0 0 -1
vn -0 0 -1
vn -0 0 -1
vn -0 0 -1
vn -0 0 -1
vn -0 0 -1
vn -0 0 -1
vn -0 0 -1
vn -0 0 -1
vn -0 0 -1
vn -0 0 -1
vn -0 0 -1
vn -0 0 -1
vn -0 0 -1
vn -0 0 -1
vn -0 0 -1
vn -0 0 -1
vn -0 0 -1
vn -0 0 -1
vn -0 0 -1
vn -0 0 -1
vn -0 0 -1
vn -0 0 -1
vn -0 0 -1
vn -0 0 -1
vn -0 0 -1
vn -0 0 -1
vn -0 0 -1
vn -0 0 -1
vn -0 0 -1
vn -0 0 -1
vn -0 0 -1
vn -0 0 -1
vn -0 0 -1
vn -0 0 -1
vn -0 0 -1
vn -0 0 -1
vn -0 0 -1
vn -0 0 -1
vn -0 0 -1
vn -0 0 -1
vn -0 0 -1
vn -0 0 -1
vn -0 0 -1
vn -0 0 -1
vn -0 0 -1
vn -0 0 -1
vn -0 0 -1
vn -0 0 -1
vn -0 0 -1
vn -0 0 -1
vn -0 0 -1
vn -0 0 -1
vn -0 0 -1
vn -0 0 -1
vn -0 0 -1
vn -0 0 -1
vn -0 0 -1
vn -0 0 -1
vn -0 0 -1
vn -0 0 -1
vn -0 0 -1
vn -0 0 -1
vn -0 0 -1
vn -0 0 -1
vn -0 0 -1
vn -0 0 -1
vn -0 0 -1
vn -0 0 -1
vn -0 0 -1
vn -0 0 -1
vn -0 0 -1
vn -0 0 -1
vn -0 0 -1
vn -0 0 -1
vn -0 0 -1
vn -0 0 -1
vn -0 0 -1
vn -0 0 -1
vn -0 0 -1
vn -0 0 -1
vn -0 0 -1
vn -0 0 -1
vn -0 0 -1
vn -0 0 -1
vn -0 0 -1
vn -0 0 -1
vn -0 0 -1
vn -0 0 -1
vn -0 0 -1
vn -0 0 -1
vn -0 0 -1
vn -0 0 -1
vn -0 0 -1
vn -0 0 -1
vn -0 0 -1
vn -0 0 -1
vn -0 0 -1
vn -0 0 -1
vn -0 0 -1
vn -0 0 -1
vn -0 0 -1
vn -0 0 -1
vn -0 0 -1
vn -0 0 -1
vn -0 0 -1
vn -0 0 -1
vn -0 0 -1
vn -0 0 -1
vn -0 0 -1
vn -0 0 -1
vn -0 0 -1
vn -0 0 -1
vn -0 0 -1
vn -0 0 -1
vn -0 0 -1
vn -0 0 -1
vn -0 0 -1
vn -0 0 -1
vn -0 0 -1
vn -0 0 -1
vn -0 0 -1
vn -0 0 -1
vn -0 0 -1
vn -0 0 -1
vn -0 0 -1
vn -0 0 -1
vn -0 0 -1
vn -0 0 -1
vn -0 0 -1
vn -0 0 -1
vn -0 0 -1
vn -0 0 -1
vn -0 0 -1
vn -0 0 -1
vn -0 0 -1
vn -0 0 -1
vn -0 0 -1
vn -0 0 -1
vn -0 0 -1
vn -0 0 -1
vn -0 0 -1
vn -0 0 -1
vn -0 0 -1
vn -0 0 -1
vn -0 0 -1
vn -0 0 -1
vn -0 0 -1
vn -0 0 -1
vn -0 0 -1
vn -0 0 -1
vn -0 0 -1
vn -0 0 -1
vn -0 0 -1
vn -0 0 -1
vn -0 0 -1
vn -0 0 -1
vn -0 0 -1
vn -0 0 -1
vn -0 0 -1
vn -0 0 -1
vn -0 0 -1
vn -0 0 -1
vn -0 0 -1
vn -0 0 -1
vn -0 0 -1
vn -0 0 -1
vn -0 0 -1
vn -0 0 -1
vn -0 0 -1
vn -0 0 -1
vn -0 0 -1
vn -0 0 -1
vn -0 0 -1
vn -0 0 -1
vn -0 0 -1
vn -0 0 -1
vn -0 0 -1
vn -0 0 -1
vn -0 0 -1
vn -0 0 -1
vn -0 0 -1
vn -0 0 -1
vn -0 0 -1
vn -0 0 -1
vn -0 0 -1
vn -0 0 -1
vn -0 0 -1
vn -0 0 -1
vn -0 0 -1
vn -0 0 -1
vn -0 0 -1
vn -0 0 -1
vn -0 0 -1
vn -0 0 -1
vn -0 0 -1
vn -0 0 -1
vn -0 0 -1
vn -0 0 -1
vn -0 0 -1
vn -0 0 -1
vn -0 0 -1
vn -0 0 -1
vn -0 0 -1
vn -0 0 -1
vn -0 0 -1
vn -0 0 -1
vn -0 0 -1
vn -0 0 -1
vn -0 0 -1
vn -0 0 -1
vn -0 0 -1
vn -0 0 -1
vn -0 0 -1
vn -0 0 -1
vn -0 0 -1
vn -0 0 -1
vn -0 0 -1
vn -0 0 -1
vn -0 0 -1
vn -0 0 -1
vn -0 0 -1
vn -0 0 -1
vn -0 0 -1
vn -0 0 -1
vn -0 0 -1
vn -0 0 -1
vn -0 0 -1
vn -0 0 -1
vn -0 0 -1
vn -0 0 -1
vn -0 0 -1
vn -0 0 -1
vn -0 0 -1
vn -0 0 -1
vn -0 0 -1
vn -0 0 -1
vn -0 0 -1
vn -0 0 -1
vn -0 0 -1
vn -0 0 -1
vn -0 0 -1
vn -0 0 -1
vn -0 0 -1
vn -0 0 -1
vn -0 0 -1
vn -0 0 -1
vn -0 0 -1
vn -0 0 -1
vn -0 0 -1
vn -0 0 -1
vn -0 0 -1
vn -0 0 -1
vn -0 0 -1
vn -0 0 -1
vn -0 0 -1
vn -0 0 -1
vn -0 0 -1
vn -0 0 -1
vn -0 0 -1
vn -0 0 -1
vn -0 0 -1
vn -0 0 -1
vn -0 0 -1
vn -0 0 -1
vn -0 0 -1
vn -0 0 -1
vn -0 0 -1
vn -0 0 -1
vn -0 0 -1
vn -0 0 -1
vn -0 0 -1
vn -0 0 -1
vn -0 0 -1
vn -0 0 -1
vn -0 0 -1
vn -0 0 -1
vn -0 0 -1
vn -0 0 -1
vn -0 0 -1
vn -0 0 -1
vn -0 0 -1
vn -0 0 -1
vn -0 0 -1
vn -0 0 -1
vn -0 0 -1
vn -0 0 -1
vn -0 0 -1
vn -0 0 -1
vn -0 0 -1
vn -0 0 -1
vn -0 0 -1
vn -0 0 -1
vn -0 0 -1
vn -0 0 -1
vn -0 0 -1
vn -0 0 -1
vn -0 0 -1
vn -0 0 -1
vn -0 0 -1
vn -0 0 -1
vn -0 0 -1
vn -0 0 -1
vn -0 0 -1
vn -0 0 -1
vn -0 0 -1
vn -0 0 -1
vn -0 0 -1
vn -0 0 -1
vn -0 0 -1
vn -0 0 -1
vn -0 0 -1
vn -0 0 -1
vn -0 0 -1
vn -0 0 -1
vn -0 0 -1
vn -0 0 -1
vn -0 0 -1
vn -0 0 -1
vn -0 0 -1
vn -0 0 -1
vn -0 0 -1
vn -0 0 -1
vn -0 0 -1
vn -0 0 -1
vn -0 0 -1
vn -0 0 -1
vn -0 0 -1
vn -0 0 -1
vn -0 0 -1
vn -0 0 -1
vn -0 0 -1
vn -0 0 -1
vn -0 0 -1
vn -0 0 -1
vn -0 0 -1
vn -0 0 -1
vn -0 0 -1
vn -0 0 -1
vn -0 0 -1
vn -0 0 -1
vn -0 0 -1
vn -0 0 -1
vn -0 0 -1
vn -0 0 -1
vn -0 0 -1
vn -0 0 -1
vn -0 0 -1
vn -0 0 -1
vn -0 0 -1
vn -0 0 -1
vn -0 0 -1
vn -0 0 -1
vn -0 0 -1
vn -0 0 -1
vn -0 0 -1
vn -0 0 -1
vn -0 0 -1
vn -0 0 -1
vn -0 0 -1
vn -0 0 -1
vn -0 0 -1
vn -0 0 -1
vn -0 0 -1
vn -0 0 -1
vn -0 0 -1
vn -0 0 -1
vn -0 0 -1
vn -0 0 -1
vn -0 0 -1
vn -0 0 -1
vn -0 0 -1
vn -0 0 -1
vn -0 0 -1
vn -0 0 -1
vn -0 0 -1
vn -0 0 -1
vn -0 0 -1
vn -0 0 -1
vn -0 0 -1
vn -0 0 -1
vn -0 0 -1
vn -0 0 -1
vn -0 0 -1
vn -0 0 -1
vn -0 0 -1
vn -0 0 -1
vn -0 0 -1
vn -0 0 -1
vn -0 0 -1
vn -0 0 -1
vn -0 0 -1
vn -0 0 -1
vn -0 0 -1
vn -0 0 -1
vn -0 0 -1
vn -0 0 -1
vn -0 0 -1
vn -0 0 -1
vn -0 0 -1
vn -0 0 -1
vn -0 0 -1
vn -0 0 -1
vn -0 0 -1
vn -0 0 -1
vn -0 0 -1
vn -0 0 -1
vn -0 0 -1
vn -0 0 -1
vn -0 0 -1
vn -0 0 -1
vn -0 0 -1
vn -0 0 -1
vn -0 0 -1
vn -0 0 -1
vn -0 0 -1
vn -0 0 -1
vn -0 0 -1
vn -0 0 -1
vn -0 0 -1
vn -0 0 -1
vn -0 0 -1
vn -0 0 -1
vn -0 0 -1
vn -0 0 -1
vn -0 0 -1
vn -0 0 -1
vn -0 0 -1
vn -0 0 -1
vn -0 0 -1
vn -0 0 -1
vn -0 0 -1
vn -0 0 -1
vn -0 0 -1
vn -0 0 -1
vn -0 0 -1
vn -0 0 -1
vn -0 0 -1
vn -0 0 -1
vn -0 0 -1
vn -0 0 -1
vn -0 0 -1
vn -0 0 -1
vn -0 0 -1
vn -0 0 -1
vn -0 0 -1
vn -0 0 -1
vn -0 0 -1
vn -0 0 -1
vn -0 0 -1
vn -0 0 -1
vn -0 0 -1
vn -0 0 -1
vn -0 0 -1
vn -0 0 -1
vn -0 0 -1
vn -0 0 -1
vn -0 0 -1
vn -0 0 -1
vn -0 0 -1
vn -0 0 -1
vn -0 0 -1
vn -0 0 -1
vn -0 0 -1
vn -0 0 -1
vn -0 0 -1
vn -0 0 -1
vn -0 0 -1
vn -0 0 -1
vn -0 0 -1
vn -0 0 -1
vn -0 0 -1
vn -0 0 -1
vn -0 0 -1
vn -0 0 -1
vn -0 0 -1
vn -0 0 -1
vn -0 0 -1
vn -0 0 -1
vn -0 0 -1
vn -0 0 -1
vn -0 0 -1
vn -0 0 -1
vn -0 0 -1
vn -0 0 -1
vn -0 0 -1
vn -0 0 -1
vn -0 0 -1
vn -0 0 -1
vn -0 0 -1
vn -0 0 -1
vn -0 0 -1
vn -0 0 -1
vn -0 0 -1
vn -0 0 -1
vn -0 0 -1
vn -0 0 -1
vn -0 0 -1
vn -0 0 -1
vn -0 0 -1
vn -0 0 -1
vn -0 0 -1
vn -0 0 -1
vn -0 0 -1
vn -0 0 -1
vn -0 0 -1
vn -0 0 -1
vn -0 0 -1
vn -0 0 -1
vn -0 0 -1
vn -0 0 -1
vn -0 0 -1
vn -0 0 -1
vn -0 0 -1
vn -0 0 -1
vn -0 0 -1
vn -0 0 -1
vn -0 0 -1
vn -0 0 -1
vn -0 0 -1
vn -0 0 -1
vn -0 0 -1
vn -0 0 -1
vn -0 0 -1
vn -0 0 -1
vn -0 0 -1
vn -0 0 -1
vn -0 0 -1
vn -0 0 -1
vn -0 0 -1
vn -0 0 -1
vn -0 0 -1
vn -0 0 -1
vn -0 0 -1
vn -0 0 -1
vn -0 0 -1
vn -0 0 -1
vn -0 0 -1
vn -0 0 -1
vn -0 0 -1
vn -0 0 -1
vn -0 0 -1
vn -0 0 -1
vn -0 0 -1
vn -0 0 -1
vn -0 0 -1
vn -0 0 -1
vn -0 0 -1
vn -0 0 -1
vn -0 0 -1
vn -0 0 -1
vn -0 0 -1
vn -0 0 -1
vn -0 0 -1
vn -0 0 -1
vn -0 0 -1
vn -0 0 -1
vn -0 0 -1
vn -0 0 -1
vn -0 0 -1
vn -0 0 -1
vn -0 0 -1
vn -0 0 -1
vn -0 0 -1
vn -0 0 -1
vn -0 0 -1
vn -0 0 -1
vn -0 0 -1
vn -0 0 -1
vn -0 0 -1
vn -0 0 -1
vn -0 0 -1
vn -0 0 -1
vn -0 0 -1
vn -0 0 -1
vn -0 0 -1
vn -0 0 -1
vn -0 0 -1
vn -0 0 -1
vn -0 0 -1
vn -0 0 -1
vn -0 0 -1
vn -0 0 -1
vn -0 0 -1
vn -0 0 -1
vn -0 0 -1
vn -0 0 -1
vn -0 0 -1
vn -0 0 -1
vn -0 0 -1
vn -0 0 -1
vn -0 0 -1
vn -0 0 -1
vn -0 0 -1
vn -0 0 -1
vn -0 0 -1
vn -0 0 -1
vn -0 0 -1
vn -0 0 -1
vn -0 0 -1
vn -0 0 -1
vn -0 0 -1
vn -0 0 -1
vn -0 0 -1
vn -0 0 -1
vn -0 0 -1
vn -0 0 -1
vn -0 0 -1
vn -0 0 -1
vn -0 0 -1
vn -0 0 -1
vn -0 0 -1
vn -0 0 -1
vn -0 0 -1
vn -0 0 -1
vn -0 0 -1
vn -0 0 -1
vn -0 0 -1
vn -0 0 -1
vn -0 0 -1
vn -0 0 -1
vn -0 0 -1
vn -0 0 -1
vn -0 0 -1
vn -0 0 -1
vn -0 0 -1
vn -0 0 -1
vn -0 0 -1
vn -0 0 -1
vn -0 0 -1
vn -0 0 -1
vn -0 0 -1
vn -0 0 -1
vn -0 0 -1
vn -0 0 -1
vn -0 0 -1
vn -0 0 -1
vn -0 0 -1
vn -0 0 -1
vn -0 0 -1
vn -0 0 -1
vn -0 0 -1
vn -0 0 -1
vn -0 0 -1
vn -0 0 -1
vn -0 0 -1
vn -0 0 -1
vn -0 0 -1
vn -0 0 -1
vn -0 0 -1
vn -0 0 -1
vn -0 0 -1
vn -0 0 -1
vn -0 0 -1
vn -0 0 -1
vn -0 0 -1
vn -0 0 -1
vn -0 0 -1
vn -0 0 -1
vn -0 0 -1
vn -0 0 -1
vn -0 0 -1
vn -0 0 -1
vn -0 0 -1
vn -0 0 -1
vn -0 0 -1
vn -0 0 -1
vn -0 0 -1
vn -0 0 -1
vn -0 0 -1
vn -0 0 -1
vn -0 0 -1
vn -0 0 -1
vn -0 0 -1
vn -0 0 -1
vn -0 0 -1
vn -0 0 -1
vn -0 0 -1
vn -0 0 -1
vn -0 0 -1
vn -0 0 -1
vn -0 0 -1
vn -0 0 -1
vn -0 0 -1
vn -0 0 -1
vn -0 0 -1
vn -0 0 -1
vn -0 0 -1
vn -0 0 -1
vn -0 0 -1
vn -0 0 -1
vn -0 0 -1
vn -0 0 -1
vn -0 0 -1
vn -0 0 -1
vn -0 0 -1
vn -0 0 -1
vn -0 0 -1
vn -0 0 -1
vn -0 0 -1
vn -0 0 -1
vn -0 0 -1
vn -0 0 -1
vn -0 0 -1
vn -0 0 -1
vn -0 0 -1
vn -0 0 -1
vn -0 0 -1
vn -0 0 -1
vn -0 0 -1
vn -0 0 -1
vn -0 0 -1
vn -0 0 -1
vn -0 0 -1
vn -0 0 -1
vn -0 0 -1
vn -0 0 -1
vn -0 0 -1
vn -0 0 -1
vn -0 0 -1
vn -0 0 -1
vn -0 0 -1
vn -0 0 -1
vn -0 0 -1
vn -0 0 -1
vn -0 0 -1
vn -0 0 -1
vn -0 0 -1
vn -0 0 -1
vn -0 0 -1
vn -0 0 -1
vn -0 0 -1
vn -0 0 -1
vn -0 0 -1
vn -0 0 -1
vn -0 0 -1
vn -0 0 -1
vn -0 0 -1
vn -0 0 -1
vn -0 0 -1
vn -0 0 -1
vn -0 0 -1
vn -0 0 -1
vn -0 0 -1
vn -0 0 -1
vn -0 0 -1
vn -0 0 -1
vn -0 0 -1
vn -0 0 -1
vn -0 0 -1
vn -0 0 -1
vn -0 0 -1
vn -0 0 -1
vn -0 0 -1
vn -0 0 -1
vn -0 0 -1
vn -0 0 -1
vn -0 0 -1
vn -0 0 -1
vn -0 0 -1
vn -0 0 -1
vn -0 0 -1
vn -0 0 -1
vn -0 0 -1
vn -0 0 -1
vn -0 0 -1
vn -0 0 -1
vn -0 0 -1
vn -0 0 -1
vn -0 0 -1
vn -0 0 -1
vn -0 0 -1
vn -0 0 -1
vn -0 0 -1
vn -0 0 -1
vn -0 0 -1
vn -0 0 -1
vn -0 0 -1
vn -0 0 -1
vn -0 0 -1
vn -0 0 -1
vn -0 0 -1
vn -0 0 -1
vn -0 0 -1
vn -0 0 -1
vn -0 0 -1
vn -0 0 -1
vn -0 0 -1
vn -0 0 -1
vn -0 0 -1
vn -0 0 -1
vn -0 0 -1
vn -0 0 -1
vn -0 0 -1
vn -0 0 -1
vn -0 0 -1
vn -0 0 -1
vn -0 0 -1
vn -0 0 -1
vn -0 0 -1
vn -0 0 -1
vn -0 0 -1
vn -0 0 -1
vn -0 0 -1
vn -0 0 -1
vn -0 0 -1
vn -0 0 -1
vn -0 0 -1
vn -0 0 -1
vn -0 0 -1
vn -0 0 -1
vn -0 0 -1
vn -0 0 -1
vn -0 0 -1
vn -0 0 -1
vn -0 0 -1
vn -0 0 -1
vn -0 0 -1
vn -0 0 -1
vn -0 0 -1
vn -0 0 -1
vn -0 0 -1
vn -0 0 -1
vn -0 0 -1
vn -0 0 -1
vn -0 0 -1
vn -0 0 -1
vn -0 0 -1
vn -0 0 -1
vn -0 0 -1
vn -0 0 -1
vn -0 0 -1
vn -0 0 -1
vn -0 0 -1
vn -0 0 -1
vn -0 0 -1
vn -0 0 -1
vn -0 0 -1
vn -0 0 -1
vn -0 0 -1
vn -0 0 -1
vn -0 0 -1
vn -0 0 -1
vn -0 0 -1
vn -0 0 -1
vn -0 0 -1
vn -0 0 -1
vn -0 0 -1
vn -0 0 -1
vn -0 0 -1
vn -0 0 -1
vn -0 0 -1
vn -0 0 -1
vn -0 0 -1
vn -0 0 -1
vn -0 0 -1
vn -0 0 -1
vn -0 0 -1
vn -0 0 -1
vn -0 0 -1
vn -0 0 -1
vn -0 0 -1
vn -0 0 -1
vn -0 0 -1
vn -0 0 -1
vn -0 0 -1
vn -0 0 -1
vn -0 0 -1
vn -0 0 -1
vn -0 0 -1
vn -0 0 -1
vn -0 0 -1
vn -0 0 -1
vn -0 0 -1
vn -0 0 -1
vn -0 0 -1
vn -0 0 -1
vn -0 0 -1
vn -0 0 -1
vn -0 0 -1
vn -0 0 -1
vn -0 0 -1
vn -0 0 -1
vn -0 0 -1
vn -0 0 -1
vn -0 0 -1
vn -0 0 -1
vn -0 0 -1
vn -0 0 -1
vn -0 0 -1
vn -0 0 -1
vn -0 0 -1
vn -0 0 -1
vn -0 0 -1
vn -0 0 -1
vn -0 0 -1
vn -0 0 -1
vn -0 0 -1
vn -0 0 -1
vn -0 0 -1
vn -0 0 -1
vn -0 0 -1
vn -0 0 -1
vn -0 0 -1
vn -0 0 -1
vn -0 0 -1
vn -0 0 -1
vn -0 0 -1
vn -0 0 -1
vn -0 0 -1
vn -0 0 -1
vn -0 0 -1
vn -0 0 -1
vn -0 0 -1
vn -0 0 -1
vn -0 0 -1
vn -0 0 -1
vn -0 0 -1
vn -0 0 -1
vn -0 0 -1
vn -0 0 -1
vn -0 0 -1
vn -0 0 -1
vn -0 0 -1
vn -0 0 -1
vn -0 0 -1
vn -0 0 -1
vn -0 0 -1
vn -0 0 -1
vn -0 0 -1
vn -0 0 -1
vn -0 0 -1
vn -0 0 -1
vn -0 0 -1
vn -0 0 -1
vn -0 0 -1
vn -0 0 -1
vn -0 0 -1
vn -0 0 -1
vn -0 0 -1
vn -0 0 -1
vn -0 0 -1
vn -0 0 -1
vn -0 0 -1
vn -0 0 -1
vn -0 0 -1
vn -0 0 -1
vn -0 0 -1
vn -0 0 -1
vn -0 0 -1
vn -0 0 -1
vn -0 0 -1
vn -0 0 -1
vn -0 0 -1
vn -0 0 -1
vn -0 0 -1
vn -0 0 -1
vn -0 0 -1
vn -0 0 -1
vn -0 0 -1
vn -0 0 -1
vn -0 0 -1
vn -0 0 -1
vn -0 0 -1
vn -0 0 -1
vn -0 0 -1
vn -0 0 -1
vn -0 0 -1
vn -0 0 -1
vn -0 0 -1
vn -0 0 -1
vn -0 0 -1
vn -0 0 -1
vn -0 0 -1
vn -0 0 -1
vn -0 0 -1
vn -0 0 -1
vn -0 0 -1
vn -0 0 -1
vn -0 0 -1
vn -0 0 -1
vn -0 0 -1
vn -0 0 -1
vn -0 0 -1
vn -0 0 -1
vn -0 0 -1
vn -0 0 -1
vn -0 0 -1
vn -0 0 -1
vn -0 0 -1
vn -0 0 -1
vn -0 0 -1
vn -0 0 -1
vn -0 0 -1
vn -0 0 -1
vn -0 0 -1
vn -0 0 -1
vn -0 0 -1
vn -0 0 -1
vn -0 0 -1
vn -0 0 -1
vn -0 0 -1
vn -0 0 -1
vn -0 0 -1
vn -0 0 -1
vn -0 0 -1
vn -0 0 -1
vn -0 0 -1
vn -0 0 -1
vn -0 0 -1
vn -0 0 -1
vn -0 0 -1
vn -0 0 -1
vn -0 0 -1
vn -0 0 -1
vn -0 0 -1
vn -0 0 -1
vn -0 0 -1
vn -0 0 -1
vn -0 0 -1
vn -0 0 -1
vn -0 0 -1
vn -0 0 -1
vn -0 0 -1
vn -0 0 -1
vn -0 0 -1
vn -0 0 -1
vn -0 0 -1
vn -0 0 -1
vn -0 0 -1
vn -0 0 -1
vn -0 0 -1
vn -0 0 -1
vn -0 0 -1
vn -0 0 -1
vn -0 0 -1
vn -0 0 -1
vn -0 0 -1
vn -0 0 -1
vn -0 0 -1
vn -0 0 -1
vn -0 0 -1
vn -0 0 -1
vn -0 0 -1
vn -0 0 -1
vn -0 0 -1
vn -0 0 -1
vn -0 0 -1
vn -0 0 -1
vn -0 0 -1
vn -0 0 -1
vn -0 0 -1
vn -0 0 -1
vn -0 0 -1
vn -0 0 -1
vn -0 0 -1
vn -0 0 -1
vn -0 0 -1
vn -0 0 -1
vn -0 0 -1
vn -0 0 -1
vn -0 0 -1
vn -0 0 -1
vn -0 0 -1
vn -0 0 -1
vn -0 0 -1
vn -0 0 -1
vn -0 0 -1
vn -0 0 -1
vn -0 0 -1
vn -0 0 -1
vn -0 0 -1
vn -0 0 -1
vn -0 0 -1
vn -0 0 -1
vn -0 0 -1
vn -0 0 -1
vn -0 0 -1
vn -0 0 -1
vn -0 0 -1
vn -0 0 -1
vn -0 0 -1
vn -0 0 -1
vn -0 0 -1
vn -0 0 -1
vn -0 0 -1
vn -0 0 -1
vn -0 0 -1
vn -0 0 -1
vn -0 0 -1
vn -0 0 -1
vn -0 0 -1
vn -0 0 -1
vn -0 0 -1
vn -0 0 -1
vn -0 0 -1
vn -0 0 -1
vn -0 0 -1
vn -0 0 -1
vn -0 0 -1
vn -0 0 -1
vn -0 0 -1
vn -0 0 -1
vn -0 0 -1
vn -0 0 -1
vn -0 0 -1
vn -0 0 -1
vn -0 0 -1
vn -0 0 -1
vn -0 0 -1
vn -0 0 -1
vn -0 0 -1
vn -0 0 -1
vn -0 0 -1
vn -0 0 -1
vn -0 0 -1
vn -0 0 -1
vn -0 0 -1
vn -0 0 -1
vn -0 0 -1
vn -0 0 -1
vn -0 0 -1
vn -0 0 -1
vn -0 0 -1
vn -0 0 -1
vn -0 0 -1
vn -0 0 -1
vn -0 0 -1
vn -0 0 -1
vn -0 0 -1
vn -0 0 -1
vn -0 0 -1
vn -0 0 -1
vn -0 0 -1
vn -0 0 -1
vn -0 0 -1
vn -0 0 -1
vn -0 0 -1
vn -0 0 -1
vn -0 0 -1
vn -0 0 -1
vn -0 0 -1
vn -0 0 -1
vn -0 0 -1
vn -0 0 -1
vn -0 0 -1
vn -0 0 -1
vn -0 0 -1
vn -0 0 -1
vn -0 0 -1
vn -0 0 -1
vn -0 0 -1
vn -0 0 -1
vn -0 0 -1
vn -0 0 -1
vn -0 0 -1
vn -0 0 -1
vn -0 0 -1
vn -0 0 -1
vn -0 0 -1
vn -0 0 -1
vn -0 0 -1
vn -0 0 -1
vn -0 0 -1
vn -0 0 -1
vn -0 0 -1
vn -0 0 -1
vn -0 0 -1
vn -0 0 -1
vn -0 0 -1
vn -0 0 -1
vn -0 0 -1
vn -0 0 -1
vn -0 0 -1
vn -0 0 -1
vn -0 0 -1
vn -0 0 -1
vn -0 0 -1
vn -0 0 -1
vn -0 0 -1
vn -0 0 -1
vn -0 0 -1
vn -0 0 -1
vn -0 0 -1
vn -0 0 -1
vn -0 0 -1
vn -0 0 -1
vn -0 0 -1
vn -0 0 -1
vn -0 0 -1
vn -0 0 -1
vn -0 0 -1
vn -0 0 -1
vn -0 0 -1
vn -0 0 -1
vn -0 0 -1
vn -0 0 -1
vn -0 0 -1
vn -0 0 -1
vn -0 0 -1
vn -0 0 -1
vn -0 0 -1
vn -0 0 -1
vn -0 0 -1
vn -0 0 -1
vn -0 0 -1
vn -0 0 -1
vn -0 0 -1
vn -0 0 -1
vn -0 0 -1
vn -0 0 -1
vn -0 0 -1
vn -0 0 -1
vn -0 0 -1
vn -0 0 -1
vn -0 0 -1
vn -0 0 -1
vn -0 0 -1
vn -0 0 -1
vn -0 0 -1
vn -0 0 -1
vn -0 0 -1
vn -0 0 -1
vn -0 0 -1
vn -0 0 -1
vn -0 0 -1
vn -0 0 -1
vn -0 0 -1
vn -0 0 -1
vn -0 0 -1
vn -0 0 -1
vn -0 0 -1
vn -0 0 -1
vn -0 0 -1
vn -0 0 -1
vn -0 0 -1
vn -0 0 -1
vn -0 0 -1
vn -0 0 -1
vn -0 0 -1
vn -0 0 -1
vn -0 0 -1
vn -0 0 -1
vn -0 0 -1
vn -0 0 -1
g cTR_20_000150_00_SAKAKI_SR_L_SB_0
f 3/3/3 2/2/2 1/1/1
f 2/2/2 4/4/4 1/1/1
f 6/6/6 3/3/3 5/5/5
f 3/3/3 1/1/1 5/5/5
f 8/8/8 6/6/6 7/7/7
f 6/6/6 5/5/5 7/7/7
f 11/11/11 10/10/10 9/9/9
f 12/12/12 10/10/10 11/11/11
f 7/7/7 11/11/11 9/9/9
f 14/14/14 13/13/13 12/12/12
f 11/11/11 14/14/14 12/12/12
f 16/16/16 15/15/15 13/13/13
f 14/14/14 16/16/16 13/13/13
f 18/18/18 17/17/17 15/15/15
f 16/16/16 18/18/18 15/15/15
f 20/20/20 19/19/19 17/17/17
f 18/18/18 20/20/20 17/17/17
f 22/22/22 21/21/21 19/19/19
f 20/20/20 22/22/22 19/19/19
f 24/24/24 23/23/23 21/21/21
f 22/22/22 24/24/24 21/21/21
f 7/7/7 9/9/9 25/25/25
f 26/26/26 8/8/8 7/7/7
f 26/26/26 7/7/7 25/25/25
f 29/29/29 28/28/28 27/27/27
f 30/30/30 29/29/29 27/27/27
f 32/32/32 31/31/31 28/28/28
f 29/29/29 32/32/32 28/28/28
f 34/34/34 33/33/33 31/31/31
f 32/32/32 34/34/34 31/31/31
f 36/36/36 35/35/35 33/33/33
f 34/34/34 36/36/36 33/33/33
f 38/38/38 37/37/37 35/35/35
f 36/36/36 38/38/38 35/35/35
f 40/40/40 39/39/39 37/37/37
f 38/38/38 40/40/40 37/37/37
f 42/42/42 41/41/41 39/39/39
f 43/43/43 41/41/41 42/42/42
f 44/44/44 39/39/39 40/40/40
f 44/44/44 42/42/42 39/39/39
f 46/46/46 43/43/43 45/45/45
f 46/46/46 47/47/47 43/43/43
f 48/48/48 43/43/43 42/42/42
f 48/48/48 45/45/45 43/43/43
f 50/50/50 30/30/30 49/49/49
f 30/30/30 27/27/27 49/49/49
f 52/52/52 50/50/50 51/51/51
f 50/50/50 49/49/49 51/51/51
f 54/54/54 52/52/52 53/53/53
f 52/52/52 51/51/51 53/53/53
f 56/56/56 54/54/54 55/55/55
f 57/57/57 54/54/54 53/53/53
f 54/54/54 57/57/57 55/55/55
f 59/59/59 56/56/56 58/58/58
f 56/56/56 55/55/55 58/58/58
f 62/62/62 61/61/61 60/60/60
f 59/59/59 58/58/58 63/63/63
f 65/65/65 64/64/64 61/61/61
f 62/62/62 65/65/65 61/61/61
f 67/67/67 65/65/65 66/66/66
f 65/65/65 67/67/67 64/64/64
f 59/59/59 68/68/68 65/65/65
f 59/59/59 63/63/63 68/68/68
f 65/65/65 69/69/69 66/66/66
f 65/65/65 68/68/68 69/69/69
f 72/72/72 71/71/71 70/70/70
f 75/75/75 74/74/74 73/73/73
f 72/72/72 70/70/70 76/76/76
f 72/72/72 78/78/78 77/77/77
f 72/72/72 76/76/76 78/78/78
f 75/75/75 73/73/73 77/77/77
f 79/79/79 72/72/72 77/77/77
f 78/78/78 75/75/75 77/77/77
f 81/81/81 79/79/79 80/80/80
f 79/79/79 77/77/77 80/80/80
f 83/83/83 81/81/81 82/82/82
f 81/81/81 80/80/80 82/82/82
f 85/85/85 83/83/83 84/84/84
f 83/83/83 82/82/82 84/84/84
f 87/87/87 85/85/85 86/86/86
f 85/85/85 84/84/84 86/86/86
f 89/89/89 87/87/87 88/88/88
f 87/87/87 86/86/86 88/88/88
f 91/91/91 89/89/89 90/90/90
f 89/89/89 88/88/88 90/90/90
f 93/93/93 91/91/91 92/92/92
f 91/91/91 90/90/90 92/92/92
f 95/95/95 93/93/93 94/94/94
f 93/93/93 92/92/92 94/94/94
f 97/97/97 95/95/95 96/96/96
f 95/95/95 94/94/94 96/96/96
f 97/97/97 96/96/96 98/98/98
f 101/101/101 100/100/100 99/99/99
f 104/104/104 103/103/103 102/102/102
f 106/106/106 103/103/103 105/105/105
f 103/103/103 106/106/106 102/102/102
f 108/108/108 104/104/104 107/107/107
f 109/109/109 104/104/104 102/102/102
f 104/104/104 109/109/109 107/107/107
f 111/111/111 108/108/108 110/110/110
f 112/112/112 108/108/108 107/107/107
f 108/108/108 112/112/112 110/110/110
f 114/114/114 111/111/111 113/113/113
f 111/111/111 115/115/115 113/113/113
f 110/110/110 115/115/115 111/111/111
f 117/117/117 114/114/114 116/116/116
f 114/114/114 113/113/113 116/116/116
f 119/119/119 118/118/118 117/117/117
f 120/120/120 118/118/118 119/119/119
f 121/121/121 117/117/117 116/116/116
f 117/117/117 121/121/121 119/119/119
f 123/123/123 122/122/122 120/120/120
f 124/124/124 122/122/122 123/123/123
f 120/120/120 119/119/119 123/123/123
f 126/126/126 125/125/125 124/124/124
f 127/127/127 124/124/124 123/123/123
f 126/126/126 124/124/124 127/127/127
f 126/126/126 129/129/129 128/128/128
f 126/126/126 128/128/128 125/125/125
f 131/131/131 97/97/97 130/130/130
f 133/133/133 101/101/101 132/132/132
f 101/101/101 135/135/135 134/134/134
f 99/99/99 135/135/135 101/101/101
f 137/137/137 133/133/133 136/136/136
f 105/105/105 133/133/133 137/137/137
f 105/105/105 103/103/103 133/133/133
f 138/138/138 133/133/133 132/132/132
f 136/136/136 133/133/133 138/138/138
f 97/97/97 98/98/98 139/139/139
f 100/100/100 140/140/140 99/99/99
f 100/100/100 131/131/131 140/140/140
f 131/131/131 130/130/130 141/141/141
f 101/101/101 142/142/142 132/132/132
f 134/134/134 142/142/142 101/101/101
f 97/97/97 139/139/139 130/130/130
f 131/131/131 141/141/141 140/140/140
f 145/145/145 144/144/144 143/143/143
f 145/145/145 146/146/146 144/144/144
f 149/149/149 148/148/148 147/147/147
f 152/152/152 151/151/151 150/150/150
f 152/152/152 154/154/154 153/153/153
f 143/143/143 155/155/155 148/148/148
f 144/144/144 155/155/155 143/143/143
f 152/152/152 157/157/157 156/156/156
f 152/152/152 150/150/150 157/157/157
f 156/156/156 157/157/157 158/158/158
f 161/161/161 160/160/160 159/159/159
f 161/161/161 162/162/162 160/160/160
f 163/163/163 162/162/162 161/161/161
f 163/163/163 158/158/158 162/162/162
f 156/156/156 158/158/158 163/163/163
f 166/166/166 165/165/165 164/164/164
f 166/166/166 159/159/159 165/165/165
f 161/161/161 159/159/159 166/166/166
f 155/155/155 168/168/168 167/167/167
f 155/155/155 169/169/169 168/168/168
f 155/155/155 170/170/170 169/169/169
f 155/155/155 164/164/164 170/170/170
f 166/166/166 164/164/164 155/155/155
f 155/155/155 167/167/167 171/171/171
f 155/155/155 173/173/173 172/172/172
f 171/171/171 173/173/173 155/155/155
f 155/155/155 147/147/147 148/148/148
f 174/174/174 155/155/155 172/172/172
f 155/155/155 174/174/174 147/147/147
f 153/153/153 151/151/151 152/152/152
f 153/153/153 175/175/175 151/151/151
f 178/178/178 177/177/177 176/176/176
f 180/180/180 179/179/179 176/176/176
f 182/182/182 178/178/178 181/181/181
f 178/178/178 176/176/176 181/181/181
f 184/184/184 182/182/182 183/183/183
f 182/182/182 181/181/181 183/183/183
f 186/186/186 184/184/184 185/185/185
f 184/184/184 183/183/183 185/185/185
f 188/188/188 186/186/186 187/187/187
f 186/186/186 185/185/185 187/187/187
f 190/190/190 188/188/188 189/189/189
f 191/191/191 188/188/188 187/187/187
f 188/188/188 191/191/191 189/189/189
f 193/193/193 190/190/190 192/192/192
f 190/190/190 189/189/189 192/192/192
f 195/195/195 193/193/193 194/194/194
f 193/193/193 192/192/192 194/194/194
f 195/195/195 197/197/197 196/196/196
f 195/195/195 194/194/194 197/197/197
f 199/199/199 198/198/198 196/196/196
f 197/197/197 199/199/199 196/196/196
f 201/201/201 200/200/200 198/198/198
f 199/199/199 201/201/201 198/198/198
f 203/203/203 202/202/202 200/200/200
f 177/177/177 180/180/180 176/176/176
f 205/205/205 204/204/204 179/179/179
f 206/206/206 179/179/179 180/180/180
f 206/206/206 205/205/205 179/179/179
f 208/208/208 207/207/207 204/204/204
f 205/205/205 208/208/208 204/204/204
f 210/210/210 209/209/209 207/207/207
f 208/208/208 210/210/210 207/207/207
f 212/212/212 211/211/211 209/209/209
f 210/210/210 212/212/212 209/209/209
f 214/214/214 213/213/213 211/211/211
f 212/212/212 214/214/214 211/211/211
f 216/216/216 215/215/215 213/213/213
f 214/214/214 216/216/216 213/213/213
f 218/218/218 217/217/217 215/215/215
f 216/216/216 218/218/218 215/215/215
f 220/220/220 219/219/219 217/217/217
f 218/218/218 220/220/220 217/217/217
f 222/222/222 221/221/221 219/219/219
f 223/223/223 221/221/221 222/222/222
f 220/220/220 222/222/222 219/219/219
f 225/225/225 224/224/224 223/223/223
f 226/226/226 224/224/224 225/225/225
f 222/222/222 225/225/225 223/223/223
f 229/229/229 228/228/228 227/227/227
f 232/232/232 231/231/231 230/230/230
f 231/231/231 233/233/233 230/230/230
f 235/235/235 232/232/232 234/234/234
f 232/232/232 230/230/230 234/234/234
f 237/237/237 235/235/235 236/236/236
f 235/235/235 234/234/234 236/236/236
f 239/239/239 237/237/237 238/238/238
f 237/237/237 236/236/236 238/238/238
f 241/241/241 239/239/239 240/240/240
f 239/239/239 238/238/238 240/240/240
f 242/242/242 241/241/241 226/226/226
f 241/241/241 240/240/240 226/226/226
f 244/244/244 226/226/226 243/243/243
f 244/244/244 245/245/245 226/226/226
f 245/245/245 242/242/242 226/226/226
f 228/228/228 246/246/246 227/227/227
f 248/248/248 229/229/229 247/247/247
f 229/229/229 227/227/227 247/247/247
f 250/250/250 248/248/248 249/249/249
f 248/248/248 247/247/247 249/249/249
f 252/252/252 250/250/250 251/251/251
f 250/250/250 249/249/249 251/251/251
f 254/254/254 252/252/252 253/253/253
f 252/252/252 251/251/251 253/253/253
f 256/256/256 254/254/254 255/255/255
f 254/254/254 253/253/253 255/255/255
f 258/258/258 256/256/256 257/257/257
f 256/256/256 255/255/255 259/259/259
f 256/256/256 259/259/259 257/257/257
f 261/261/261 258/258/258 260/260/260
f 258/258/258 257/257/257 260/260/260
f 225/225/225 261/261/261 262/262/262
f 261/261/261 260/260/260 263/263/263
f 261/261/261 263/263/263 262/262/262
f 225/225/225 265/265/265 264/264/264
f 225/225/225 262/262/262 265/265/265
f 266/266/266 243/243/243 226/226/226
f 225/225/225 266/266/266 226/226/226
f 225/225/225 267/267/267 266/266/266
f 225/225/225 268/268/268 267/267/267
f 225/225/225 269/269/269 268/268/268
f 225/225/225 264/264/264 269/269/269
f 201/201/201 203/203/203 200/200/200
f 271/271/271 270/270/270 202/202/202
f 203/203/203 271/271/271 202/202/202
f 273/273/273 272/272/272 270/270/270
f 271/271/271 273/273/273 270/270/270
f 275/275/275 274/274/274 272/272/272
f 273/273/273 275/275/275 272/272/272
f 277/277/277 276/276/276 274/274/274
f 275/275/275 277/277/277 274/274/274
f 279/279/279 278/278/278 276/276/276
f 276/276/276 280/280/280 279/279/279
f 277/277/277 280/280/280 276/276/276
f 282/282/282 281/281/281 278/278/278
f 278/278/278 283/283/283 282/282/282
f 279/279/279 283/283/283 278/278/278
f 285/285/285 284/284/284 281/281/281
f 282/282/282 285/285/285 281/281/281
f 287/287/287 286/286/286 284/284/284
f 285/285/285 287/287/287 284/284/284
f 289/289/289 288/288/288 286/286/286
f 287/287/287 289/289/289 286/286/286
f 291/291/291 290/290/290 288/288/288
f 289/289/289 291/291/291 288/288/288
f 293/293/293 292/292/292 290/290/290
f 291/291/291 293/293/293 290/290/290
f 295/295/295 294/294/294 292/292/292
f 293/293/293 295/295/295 292/292/292
f 297/297/297 296/296/296 294/294/294
f 295/295/295 297/297/297 294/294/294
f 299/299/299 298/298/298 296/296/296
f 297/297/297 299/299/299 296/296/296
f 301/301/301 300/300/300 298/298/298
f 302/302/302 300/300/300 301/301/301
f 299/299/299 301/301/301 298/298/298
f 304/304/304 303/303/303 302/302/302
f 305/305/305 303/303/303 304/304/304
f 301/301/301 304/304/304 302/302/302
f 307/307/307 305/305/305 306/306/306
f 307/307/307 308/308/308 305/305/305
f 309/309/309 305/305/305 304/304/304
f 309/309/309 306/306/306 305/305/305
f 312/312/312 311/311/311 310/310/310
f 311/311/311 314/314/314 313/313/313
f 311/311/311 313/313/313 310/310/310
f 316/316/316 312/312/312 315/315/315
f 312/312/312 310/310/310 315/315/315
f 318/318/318 316/316/316 317/317/317
f 316/316/316 315/315/315 317/317/317
f 320/320/320 318/318/318 319/319/319
f 318/318/318 317/317/317 319/319/319
f 322/322/322 320/320/320 321/321/321
f 320/320/320 319/319/319 321/321/321
f 324/324/324 322/322/322 323/323/323
f 322/322/322 325/325/325 323/323/323
f 321/321/321 325/325/325 322/322/322
f 327/327/327 324/324/324 326/326/326
f 324/324/324 323/323/323 326/326/326
f 329/329/329 327/327/327 328/328/328
f 327/327/327 326/326/326 328/328/328
f 331/331/331 329/329/329 330/330/330
f 332/332/332 329/329/329 328/328/328
f 329/329/329 332/332/332 330/330/330
f 334/334/334 331/331/331 333/333/333
f 331/331/331 335/335/335 333/333/333
f 330/330/330 335/335/335 331/331/331
f 337/337/337 334/334/334 336/336/336
f 334/334/334 333/333/333 336/336/336
f 339/339/339 337/337/337 338/338/338
f 337/337/337 340/340/340 338/338/338
f 336/336/336 340/340/340 337/337/337
f 343/343/343 342/342/342 341/341/341
f 343/343/343 344/344/344 342/342/342
f 344/344/344 345/345/345 342/342/342
f 347/347/347 341/341/341 346/346/346
f 341/341/341 348/348/348 346/346/346
f 342/342/342 348/348/348 341/341/341
f 350/350/350 347/347/347 349/349/349
f 351/351/351 347/347/347 346/346/346
f 347/347/347 351/351/351 349/349/349
f 353/353/353 350/350/350 352/352/352
f 350/350/350 349/349/349 352/352/352
f 355/355/355 354/354/354 353/353/353
f 356/356/356 354/354/354 355/355/355
f 355/355/355 353/353/353 352/352/352
f 358/358/358 357/357/357 356/356/356
f 359/359/359 357/357/357 358/358/358
f 360/360/360 356/356/356 355/355/355
f 361/361/361 356/356/356 360/360/360
f 356/356/356 361/361/361 358/358/358
f 363/363/363 362/362/362 359/359/359
f 364/364/364 362/362/362 363/363/363
f 365/365/365 359/359/359 358/358/358
f 359/359/359 365/365/365 363/363/363
f 364/364/364 367/367/367 366/366/366
f 368/368/368 364/364/364 363/363/363
f 364/364/364 368/368/368 367/367/367
f 367/367/367 370/370/370 369/369/369
f 367/367/367 371/371/371 370/370/370
f 367/367/367 369/369/369 366/366/366
f 374/374/374 373/373/373 372/372/372
f 373/373/373 374/374/374 345/345/345
f 344/344/344 373/373/373 345/345/345
f 338/338/338 373/373/373 339/339/339
f 375/375/375 373/373/373 338/338/338
f 376/376/376 373/373/373 375/375/375
f 377/377/377 373/373/373 376/376/376
f 373/373/373 377/377/377 372/372/372
f 380/380/380 379/379/379 378/378/378
f 379/379/379 382/382/382 381/381/381
f 382/382/382 379/379/379 380/380/380
f 385/385/385 384/384/384 383/383/383
f 385/385/385 386/386/386 384/384/384
f 387/387/387 386/386/386 385/385/385
f 386/386/386 387/387/387 388/388/388
f 391/391/391 390/390/390 389/389/389
f 391/391/391 384/384/384 390/390/390
f 384/384/384 391/391/391 383/383/383
f 394/394/394 393/393/393 392/392/392
f 394/394/394 395/395/395 393/393/393
f 396/396/396 395/395/395 394/394/394
f 396/396/396 390/390/390 395/395/395
f 390/390/390 396/396/396 389/389/389
f 399/399/399 398/398/398 397/397/397
f 399/399/399 400/400/400 398/398/398
f 403/403/403 402/402/402 401/401/401
f 403/403/403 404/404/404 402/402/402
f 404/404/404 403/403/403 405/405/405
f 408/408/408 407/407/407 406/406/406
f 408/408/408 409/409/409 407/407/407
f 412/412/412 411/411/411 410/410/410
f 412/412/412 413/413/413 411/411/411
f 397/397/397 408/408/408 414/414/414
f 397/397/397 398/398/398 408/408/408
f 417/417/417 416/416/416 415/415/415
f 417/417/417 418/418/418 416/416/416
f 415/415/415 400/400/400 399/399/399
f 415/415/415 416/416/416 400/400/400
f 420/420/420 419/419/419 416/416/416
f 421/421/421 419/419/419 420/420/420
f 422/422/422 419/419/419 421/421/421
f 409/409/409 423/423/423 407/407/407
f 409/409/409 424/424/424 423/423/423
f 424/424/424 425/425/425 423/423/423
f 424/424/424 426/426/426 425/425/425
f 426/426/426 428/428/428 427/427/427
f 426/426/426 430/430/430 429/429/429
f 426/426/426 431/431/431 430/430/430
f 426/426/426 427/427/427 432/432/432
f 426/426/426 432/432/432 425/425/425
f 426/426/426 433/433/433 428/428/428
f 426/426/426 434/434/434 433/433/433
f 429/429/429 434/434/434 426/426/426
f 436/436/436 416/416/416 435/435/435
f 436/436/436 420/420/420 416/416/416
f 437/437/437 416/416/416 418/418/418
f 437/437/437 435/435/435 416/416/416
f 413/413/413 438/438/438 411/411/411
f 413/413/413 439/439/439 438/438/438
f 392/392/392 405/405/405 394/394/394
f 392/392/392 404/404/404 405/405/405
f 442/442/442 441/441/441 440/440/440
f 442/442/442 406/406/406 441/441/441
f 442/442/442 408/408/408 406/406/406
f 442/442/442 414/414/414 408/408/408
f 439/439/439 441/441/441 438/438/438
f 439/439/439 440/440/440 441/441/441
f 401/401/401 443/443/443 403/403/403
f 444/444/444 443/443/443 401/401/401
f 445/445/445 443/443/443 444/444/444
f 445/445/445 410/410/410 443/443/443
f 446/446/446 410/410/410 445/445/445
f 412/412/412 410/410/410 446/446/446
f 449/449/449 448/448/448 447/447/447
f 450/450/450 448/448/448 449/449/449
f 453/453/453 452/452/452 451/451/451
f 452/452/452 448/448/448 450/450/450
f 452/452/452 453/453/453 448/448/448
f 456/456/456 455/455/455 454/454/454
f 447/447/447 455/455/455 456/456/456
f 447/447/447 448/448/448 455/455/455
f 459/459/459 458/458/458 457/457/457
f 460/460/460 458/458/458 459/459/459
f 460/460/460 461/461/461 458/458/458
f 462/462/462 451/451/451 452/452/452
f 463/463/463 451/451/451 462/462/462
f 464/464/464 457/457/457 458/458/458
f 457/457/457 451/451/451 463/463/463
f 457/457/457 464/464/464 451/451/451
f 467/467/467 466/466/466 465/465/465
f 468/468/468 466/466/466 467/467/467
f 469/469/469 466/466/466 468/468/468
f 466/466/466 471/471/471 470/470/470
f 471/471/471 466/466/466 469/469/469
f 472/472/472 461/461/461 460/460/460
f 461/461/461 474/474/474 473/473/473
f 472/472/472 474/474/474 461/461/461
f 477/477/477 476/476/476 475/475/475
f 477/477/477 478/478/478 476/476/476
f 481/481/481 480/480/480 479/479/479
f 481/481/481 482/482/482 480/480/480
f 485/485/485 484/484/484 483/483/483
f 485/485/485 486/486/486 484/484/484
f 488/488/488 487/487/487 467/467/467
f 488/488/488 489/489/489 487/487/487
f 486/486/486 488/488/488 484/484/484
f 489/489/489 488/488/488 486/486/486
f 467/467/467 490/490/490 488/488/488
f 491/491/491 490/490/490 467/467/467
f 492/492/492 488/488/488 490/490/490
f 493/493/493 488/488/488 492/492/492
f 493/493/493 494/494/494 488/488/488
f 496/496/496 495/495/495 488/488/488
f 496/496/496 497/497/497 495/495/495
f 498/498/498 497/497/497 496/496/496
f 494/494/494 496/496/496 488/488/488
f 467/467/467 499/499/499 491/491/491
f 467/467/467 500/500/500 499/499/499
f 467/467/467 501/501/501 500/500/500
f 502/502/502 501/501/501 467/467/467
f 467/467/467 503/503/503 502/502/502
f 467/467/467 504/504/504 503/503/503
f 465/465/465 504/504/504 467/467/467
f 475/475/475 505/505/505 477/477/477
f 506/506/506 505/505/505 475/475/475
f 507/507/507 505/505/505 506/506/506
f 507/507/507 473/473/473 474/474/474
f 507/507/507 506/506/506 473/473/473
f 478/478/478 508/508/508 476/476/476
f 478/478/478 509/509/509 508/508/508
f 479/479/479 510/510/510 481/481/481
f 479/479/479 509/509/509 510/510/510
f 509/509/509 479/479/479 508/508/508
f 513/513/513 512/512/512 511/511/511
f 482/482/482 513/513/513 480/480/480
f 512/512/512 513/513/513 482/482/482
f 483/483/483 514/514/514 485/485/485
f 511/511/511 483/483/483 513/513/513
f 514/514/514 483/483/483 511/511/511
f 517/517/517 516/516/516 515/515/515
f 517/517/517 518/518/518 516/516/516
f 519/519/519 386/386/386 388/388/388
f 519/519/519 520/520/520 386/386/386
f 521/521/521 520/520/520 519/519/519
f 520/520/520 521/521/521 522/522/522
f 524/524/524 515/515/515 523/523/523
f 524/524/524 517/517/517 515/515/515
f 527/527/527 526/526/526 525/525/525
f 454/454/454 526/526/526 527/527/527
f 528/528/528 454/454/454 455/455/455
f 526/526/526 454/454/454 528/528/528
f 530/530/530 523/523/523 529/529/529
f 524/524/524 523/523/523 530/530/530
f 533/533/533 532/532/532 531/531/531
f 533/533/533 522/522/522 532/532/532
f 520/520/520 522/522/522 533/533/533
f 535/535/535 378/378/378 534/534/534
f 535/535/535 380/380/380 378/378/378
f 518/518/518 534/534/534 516/516/516
f 518/518/518 535/535/535 534/534/534
f 538/538/538 537/537/537 536/536/536
f 541/541/541 540/540/540 539/539/539
f 542/542/542 540/540/540 541/541/541
f 543/543/543 540/540/540 542/542/542
f 537/537/537 545/545/545 544/544/544
f 537/537/537 539/539/539 545/545/545
f 541/541/541 539/539/539 537/537/537
f 547/547/547 546/546/546 540/540/540
f 548/548/548 546/546/546 547/547/547
f 549/549/549 540/540/540 543/543/543
f 549/549/549 547/547/547 540/540/540
f 551/551/551 550/550/550 548/548/548
f 547/547/547 551/551/551 548/548/548
f 553/553/553 552/552/552 550/550/550
f 551/551/551 553/553/553 550/550/550
f 555/555/555 554/554/554 552/552/552
f 555/555/555 556/556/556 554/554/554
f 557/557/557 556/556/556 555/555/555
f 553/553/553 555/555/555 552/552/552
f 537/537/537 544/544/544 536/536/536
f 559/559/559 538/538/538 558/558/558
f 538/538/538 560/560/560 558/558/558
f 538/538/538 561/561/561 560/560/560
f 536/536/536 561/561/561 538/538/538
f 564/564/564 563/563/563 562/562/562
f 564/564/564 559/559/559 563/563/563
f 565/565/565 559/559/559 558/558/558
f 566/566/566 559/559/559 565/565/565
f 559/559/559 566/566/566 563/563/563
f 381/381/381 567/567/567 379/379/379
f 570/570/570 569/569/569 568/568/568
f 381/381/381 570/570/570 567/567/567
f 569/569/569 570/570/570 381/381/381
f 562/562/562 563/563/563 571/571/571
f 562/562/562 568/568/568 569/569/569
f 562/562/562 571/571/571 568/568/568
f 570/570/570 572/572/572 567/567/567
f 573/573/573 572/572/572 570/570/570
f 574/574/574 572/572/572 573/573/573
f 575/575/575 572/572/572 574/574/574
f 578/578/578 577/577/577 576/576/576
f 575/575/575 579/579/579 572/572/572
f 580/580/580 579/579/579 575/575/575
f 580/580/580 576/576/576 579/579/579
f 581/581/581 576/576/576 580/580/580
f 582/582/582 576/576/576 581/581/581
f 578/578/578 576/576/576 582/582/582
f 584/584/584 583/583/583 577/577/577
f 585/585/585 583/583/583 584/584/584
f 586/586/586 577/577/577 578/578/578
f 586/586/586 584/584/584 577/577/577
f 588/588/588 587/587/587 585/585/585
f 588/588/588 589/589/589 587/587/587
f 590/590/590 589/589/589 588/588/588
f 591/591/591 585/585/585 584/584/584
f 591/591/591 588/588/588 585/585/585
f 593/593/593 592/592/592 590/590/590
f 594/594/594 592/592/592 593/593/593
f 595/595/595 590/590/590 588/588/588
f 595/595/595 593/593/593 590/590/590
f 597/597/597 596/596/596 594/594/594
f 598/598/598 594/594/594 593/593/593
f 599/599/599 594/594/594 598/598/598
f 599/599/599 597/597/597 594/594/594
f 601/601/601 600/600/600 596/596/596
f 602/602/602 596/596/596 597/597/597
f 603/603/603 596/596/596 602/602/602
f 603/603/603 601/601/601 596/596/596
f 605/605/605 604/604/604 600/600/600
f 606/606/606 600/600/600 601/601/601
f 607/607/607 600/600/600 606/606/606
f 607/607/607 605/605/605 600/600/600
f 609/609/609 608/608/608 604/604/604
f 610/610/610 604/604/604 605/605/605
f 611/611/611 604/604/604 610/610/610
f 611/611/611 609/609/609 604/604/604
f 613/613/613 612/612/612 608/608/608
f 614/614/614 608/608/608 609/609/609
f 614/614/614 613/613/613 608/608/608
f 616/616/616 612/612/612 615/615/615
f 617/617/617 612/612/612 613/613/613
f 617/617/617 615/615/615 612/612/612
f 619/619/619 616/616/616 618/618/618
f 619/619/619 620/620/620 616/616/616
f 621/621/621 620/620/620 619/619/619
f 615/615/615 618/618/618 616/616/616
f 531/531/531 526/526/526 533/533/533
f 529/529/529 531/531/531 530/530/530
f 531/531/531 525/525/525 526/526/526
f 531/531/531 529/529/529 525/525/525
f 624/624/624 623/623/623 622/622/622
f 623/623/623 625/625/625 622/622/622
f 627/627/627 624/624/624 626/626/626
f 624/624/624 622/622/622 626/626/626
f 629/629/629 627/627/627 628/628/628
f 627/627/627 626/626/626 628/628/628
f 631/631/631 629/629/629 630/630/630
f 629/629/629 628/628/628 630/630/630
f 633/633/633 631/631/631 632/632/632
f 631/631/631 630/630/630 632/632/632
f 635/635/635 633/633/633 634/634/634
f 633/633/633 632/632/632 634/634/634
f 637/637/637 635/635/635 636/636/636
f 635/635/635 634/634/634 636/636/636
f 639/639/639 637/637/637 638/638/638
f 637/637/637 636/636/636 638/638/638
f 641/641/641 639/639/639 640/640/640
f 639/639/639 638/638/638 640/640/640
f 643/643/643 641/641/641 642/642/642
f 641/641/641 640/640/640 642/642/642
f 645/645/645 643/643/643 644/644/644
f 646/646/646 643/643/643 642/642/642
f 643/643/643 646/646/646 644/644/644
f 648/648/648 645/645/645 647/647/647
f 649/649/649 645/645/645 644/644/644
f 645/645/645 649/649/649 647/647/647
f 651/651/651 648/648/648 650/650/650
f 648/648/648 647/647/647 650/650/650
f 653/653/653 651/651/651 652/652/652
f 651/651/651 650/650/650 652/652/652
f 655/655/655 653/653/653 654/654/654
f 653/653/653 656/656/656 654/654/654
f 658/658/658 655/655/655 657/657/657
f 655/655/655 654/654/654 657/657/657
f 661/661/661 660/660/660 659/659/659
f 658/658/658 657/657/657 659/659/659
f 663/663/663 661/661/661 662/662/662
f 661/661/661 659/659/659 664/664/664
f 666/666/666 663/663/663 665/665/665
f 663/663/663 662/662/662 665/665/665
f 668/668/668 666/666/666 667/667/667
f 666/666/666 665/665/665 667/667/667
f 670/670/670 668/668/668 669/669/669
f 668/668/668 667/667/667 669/669/669
f 672/672/672 670/670/670 671/671/671
f 670/670/670 669/669/669 671/671/671
f 674/674/674 672/672/672 673/673/673
f 672/672/672 671/671/671 673/673/673
f 676/676/676 674/674/674 675/675/675
f 674/674/674 673/673/673 675/675/675
f 678/678/678 676/676/676 677/677/677
f 676/676/676 675/675/675 677/677/677
f 680/680/680 678/678/678 679/679/679
f 681/681/681 678/678/678 677/677/677
f 678/678/678 681/681/681 679/679/679
f 683/683/683 680/680/680 682/682/682
f 680/680/680 679/679/679 682/682/682
f 685/685/685 683/683/683 684/684/684
f 686/686/686 683/683/683 682/682/682
f 683/683/683 686/686/686 684/684/684
f 688/688/688 685/685/685 687/687/687
f 685/685/685 684/684/684 687/687/687
f 690/690/690 688/688/688 689/689/689
f 688/688/688 687/687/687 689/689/689
f 693/693/693 692/692/692 691/691/691
f 692/692/692 689/689/689 691/691/691
f 692/692/692 690/690/690 689/689/689
f 695/695/695 691/691/691 694/694/694
f 696/696/696 693/693/693 691/691/691
f 695/695/695 696/696/696 691/691/691
f 660/660/660 697/697/697 659/659/659
f 697/697/697 658/658/658 659/659/659
f 661/661/661 664/664/664 662/662/662
f 653/653/653 652/652/652 656/656/656
f 700/700/700 699/699/699 698/698/698
f 703/703/703 702/702/702 701/701/701
f 703/703/703 704/704/704 702/702/702
f 705/705/705 704/704/704 703/703/703
f 706/706/706 704/704/704 705/705/705
f 709/709/709 708/708/708 707/707/707
f 709/709/709 710/710/710 708/708/708
f 713/713/713 712/712/712 711/711/711
f 713/713/713 714/714/714 712/712/712
f 715/715/715 714/714/714 713/713/713
f 716/716/716 714/714/714 715/715/715
f 718/718/718 717/717/717 714/714/714
f 719/719/719 717/717/717 718/718/718
f 720/720/720 714/714/714 716/716/716
f 721/721/721 714/714/714 720/720/720
f 721/721/721 718/718/718 714/714/714
f 723/723/723 722/722/722 719/719/719
f 724/724/724 722/722/722 723/723/723
f 725/725/725 719/719/719 718/718/718
f 725/725/725 723/723/723 719/719/719
f 727/727/727 726/726/726 724/724/724
f 728/728/728 726/726/726 727/727/727
f 729/729/729 724/724/724 723/723/723
f 729/729/729 727/727/727 724/724/724
f 730/730/730 728/728/728 727/727/727
f 730/730/730 731/731/731 728/728/728
f 734/734/734 733/733/733 732/732/732
f 730/730/730 732/732/732 731/731/731
f 730/730/730 734/734/734 732/732/732
f 733/733/733 735/735/735 732/732/732
f 735/735/735 736/736/736 732/732/732
f 738/738/738 737/737/737 708/708/708
f 739/739/739 738/738/738 708/708/708
f 713/713/713 737/737/737 738/738/738
f 713/713/713 740/740/740 737/737/737
f 711/711/711 740/740/740 713/713/713
f 710/710/710 739/739/739 708/708/708
f 742/742/742 700/700/700 741/741/741
f 700/700/700 743/743/743 741/741/741
f 698/698/698 743/743/743 700/700/700
f 745/745/745 742/742/742 744/744/744
f 742/742/742 741/741/741 744/744/744
f 747/747/747 746/746/746 745/745/745
f 747/747/747 748/748/748 746/746/746
f 745/745/745 744/744/744 747/747/747
f 750/750/750 749/749/749 748/748/748
f 747/747/747 750/750/750 748/748/748
f 752/752/752 751/751/751 749/749/749
f 750/750/750 752/752/752 749/749/749
f 754/754/754 753/753/753 751/751/751
f 752/752/752 754/754/754 751/751/751
f 756/756/756 755/755/755 753/753/753
f 757/757/757 755/755/755 756/756/756
f 758/758/758 753/753/753 754/754/754
f 759/759/759 753/753/753 758/758/758
f 759/759/759 756/756/756 753/753/753
f 761/761/761 760/760/760 757/757/757
f 762/762/762 760/760/760 761/761/761
f 763/763/763 757/757/757 756/756/756
f 763/763/763 761/761/761 757/757/757
f 765/765/765 764/764/764 762/762/762
f 766/766/766 764/764/764 765/765/765
f 767/767/767 762/762/762 761/761/761
f 768/768/768 762/762/762 767/767/767
f 768/768/768 765/765/765 762/762/762
f 770/770/770 769/769/769 766/766/766
f 771/771/771 769/769/769 770/770/770
f 772/772/772 766/766/766 765/765/765
f 773/773/773 766/766/766 772/772/772
f 773/773/773 770/770/770 766/766/766
f 775/775/775 774/774/774 771/771/771
f 776/776/776 774/774/774 775/775/775
f 777/777/777 771/771/771 770/770/770
f 778/778/778 771/771/771 777/777/777
f 778/778/778 775/775/775 771/771/771
f 780/780/780 779/779/779 776/776/776
f 781/781/781 779/779/779 780/780/780
f 781/781/781 782/782/782 779/779/779
f 783/783/783 782/782/782 781/781/781
f 784/784/784 776/776/776 775/775/775
f 785/785/785 776/776/776 784/784/784
f 785/785/785 780/780/780 776/776/776
f 788/788/788 787/787/787 786/786/786
f 787/787/787 789/789/789 786/786/786
f 791/791/791 788/788/788 790/790/790
f 788/788/788 792/792/792 790/790/790
f 786/786/786 792/792/792 788/788/788
f 794/794/794 698/698/698 793/793/793
f 795/795/795 698/698/698 794/794/794
f 796/796/796 698/698/698 795/795/795
f 797/797/797 698/698/698 796/796/796
f 797/797/797 798/798/798 698/698/698
f 799/799/799 798/798/798 797/797/797
f 699/699/699 801/801/801 800/800/800
f 699/699/699 802/802/802 801/801/801
f 803/803/803 802/802/802 699/699/699
f 804/804/804 802/802/802 803/803/803
f 805/805/805 802/802/802 804/804/804
f 800/800/800 806/806/806 793/793/793
f 800/800/800 793/793/793 698/698/698
f 791/791/791 790/790/790 806/806/806
f 806/806/806 807/807/807 791/791/791
f 800/800/800 807/807/807 806/806/806
f 699/699/699 800/800/800 698/698/698
f 808/808/808 789/789/789 787/787/787
f 809/809/809 789/789/789 808/808/808
f 703/703/703 789/789/789 809/809/809
f 703/703/703 810/810/810 789/789/789
f 703/703/703 811/811/811 810/810/810
f 701/701/701 811/811/811 703/703/703
f 812/812/812 709/709/709 706/706/706
f 813/813/813 709/709/709 812/812/812
f 814/814/814 709/709/709 813/813/813
f 814/814/814 815/815/815 709/709/709
f 816/816/816 815/815/815 814/814/814
f 707/707/707 817/817/817 704/704/704
f 707/707/707 818/818/818 817/817/817
f 819/819/819 818/818/818 707/707/707
f 820/820/820 818/818/818 819/819/819
f 821/821/821 818/818/818 820/820/820
f 706/706/706 707/707/707 704/704/704
f 706/706/706 709/709/709 707/707/707
f 824/824/824 823/823/823 822/822/822
f 823/823/823 825/825/825 822/822/822
f 827/827/827 824/824/824 826/826/826
f 824/824/824 822/822/822 828/828/828
f 831/831/831 830/830/830 829/829/829
f 830/830/830 826/826/826 829/829/829
f 833/833/833 831/831/831 832/832/832
f 831/831/831 829/829/829 832/832/832
f 835/835/835 833/833/833 834/834/834
f 833/833/833 832/832/832 834/834/834
f 838/838/838 837/837/837 836/836/836
f 839/839/839 837/837/837 838/838/838
f 835/835/835 834/834/834 840/840/840
f 835/835/835 840/840/840 841/841/841
f 824/824/824 828/828/828 826/826/826
f 830/830/830 827/827/827 826/826/826
f 841/841/841 842/842/842 835/835/835
f 841/841/841 843/843/843 842/842/842
f 838/838/838 843/843/843 841/841/841
f 844/844/844 843/843/843 838/838/838
f 838/838/838 836/836/836 844/844/844
f 847/847/847 846/846/846 845/845/845
f 846/846/846 848/848/848 845/845/845
f 850/850/850 847/847/847 849/849/849
f 847/847/847 845/845/845 849/849/849
f 852/852/852 850/850/850 851/851/851
f 850/850/850 849/849/849 851/851/851
f 854/854/854 853/853/853 852/852/852
f 854/854/854 852/852/852 851/851/851
f 856/856/856 855/855/855 853/853/853
f 854/854/854 856/856/856 853/853/853
f 858/858/858 857/857/857 855/855/855
f 856/856/856 858/858/858 855/855/855
f 860/860/860 859/859/859 857/857/857
f 858/858/858 860/860/860 857/857/857
f 862/862/862 861/861/861 859/859/859
f 860/860/860 862/862/862 859/859/859
f 864/864/864 863/863/863 861/861/861
f 862/862/862 864/864/864 861/861/861
f 866/866/866 865/865/865 863/863/863
f 864/864/864 866/866/866 863/863/863
f 868/868/868 867/867/867 865/865/865
f 866/866/866 868/868/868 865/865/865
f 870/870/870 869/869/869 867/867/867
f 868/868/868 870/870/870 867/867/867
f 872/872/872 871/871/871 869/869/869
f 870/870/870 872/872/872 869/869/869
f 874/874/874 873/873/873 871/871/871
f 872/872/872 874/874/874 871/871/871
f 877/877/877 876/876/876 875/875/875
f 877/877/877 873/873/873 874/874/874
f 877/877/877 875/875/875 873/873/873
f 879/879/879 878/878/878 876/876/876
f 877/877/877 879/879/879 876/876/876
f 881/881/881 880/880/880 878/878/878
f 879/879/879 881/881/881 878/878/878
f 883/883/883 882/882/882 880/880/880
f 881/881/881 883/883/883 880/880/880
f 885/885/885 884/884/884 882/882/882
f 883/883/883 885/885/885 882/882/882
f 887/887/887 886/886/886 884/884/884
f 885/885/885 887/887/887 884/884/884
f 889/889/889 888/888/888 886/886/886
f 887/887/887 889/889/889 886/886/886
f 891/891/891 890/890/890 888/888/888
f 889/889/889 891/891/891 888/888/888
f 892/892/892 890/890/890 891/891/891
f 892/892/892 893/893/893 890/890/890
f 896/896/896 895/895/895 894/894/894
f 895/895/895 897/897/897 894/894/894
f 900/900/900 899/899/899 898/898/898
f 896/896/896 899/899/899 900/900/900
f 896/896/896 901/901/901 899/899/899
f 896/896/896 902/902/902 901/901/901
f 894/894/894 902/902/902 896/896/896
f 905/905/905 904/904/904 903/903/903
f 904/904/904 905/905/905 898/898/898
f 906/906/906 898/898/898 899/899/899
f 906/906/906 904/904/904 898/898/898
f 908/908/908 907/907/907 903/903/903
f 908/908/908 909/909/909 907/907/907
f 910/910/910 909/909/909 908/908/908
f 911/911/911 903/903/903 904/904/904
f 911/911/911 908/908/908 903/903/903
f 913/913/913 912/912/912 910/910/910
f 914/914/914 912/912/912 913/913/913
f 910/910/910 915/915/915 913/913/913
f 908/908/908 915/915/915 910/910/910
f 917/917/917 914/914/914 916/916/916
f 917/917/917 918/918/918 914/914/914
f 914/914/914 919/919/919 916/916/916
f 913/913/913 919/919/919 914/914/914
f 916/916/916 920/920/920 917/917/917
f 922/922/922 921/921/921 918/918/918
f 917/917/917 922/922/922 918/918/918
f 924/924/924 923/923/923 921/921/921
f 925/925/925 923/923/923 924/924/924
f 922/922/922 924/924/924 921/921/921
f 928/928/928 927/927/927 926/926/926
f 927/927/927 928/928/928 925/925/925
f 924/924/924 927/927/927 925/925/925
f 931/931/931 930/930/930 929/929/929
f 930/930/930 931/931/931 926/926/926
f 927/927/927 930/930/930 926/926/926
f 933/933/933 932/932/932 929/929/929
f 934/934/934 929/929/929 930/930/930
f 934/934/934 933/933/933 929/929/929
f 936/936/936 935/935/935 932/932/932
f 937/937/937 935/935/935 936/936/936
f 938/938/938 932/932/932 933/933/933
f 938/938/938 936/936/936 932/932/932
f 940/940/940 939/939/939 937/937/937
f 940/940/940 941/941/941 939/939/939
f 942/942/942 941/941/941 940/940/940
f 943/943/943 937/937/937 936/936/936
f 943/943/943 940/940/940 937/937/937
f 945/945/945 944/944/944 942/942/942
f 945/945/945 946/946/946 944/944/944
f 947/947/947 946/946/946 945/945/945
f 940/940/940 945/945/945 942/942/942
f 949/949/949 948/948/948 947/947/947
f 949/949/949 950/950/950 948/948/948
f 951/951/951 947/947/947 945/945/945
f 951/951/951 949/949/949 947/947/947
f 954/954/954 953/953/953 952/952/952
f 954/954/954 955/955/955 953/953/953
f 958/958/958 957/957/957 956/956/956
f 958/958/958 959/959/959 957/957/957
f 961/961/961 957/957/957 960/960/960
f 961/961/961 956/956/956 957/957/957
f 963/963/963 960/960/960 962/962/962
f 963/963/963 961/961/961 960/960/960
f 955/955/955 962/962/962 953/953/953
f 955/955/955 963/963/963 962/962/962
f 964/964/964 959/959/959 958/958/958
f 964/964/964 965/965/965 959/959/959
f 966/966/966 965/965/965 964/964/964
f 966/966/966 967/967/967 965/965/965
f 966/966/966 968/968/968 967/967/967
f 969/969/969 967/967/967 968/968/968
f 969/969/969 970/970/970 967/967/967
f 969/969/969 971/971/971 970/970/970
f 969/969/969 972/972/972 971/971/971
f 972/972/972 973/973/973 971/971/971
f 975/975/975 974/974/974 973/973/973
f 972/972/972 975/975/975 973/973/973
f 977/977/977 976/976/976 974/974/974
f 975/975/975 977/977/977 974/974/974
f 979/979/979 978/978/978 976/976/976
f 979/979/979 980/980/980 978/978/978
f 977/977/977 979/979/979 976/976/976
f 983/983/983 982/982/982 981/981/981
f 982/982/982 984/984/984 981/981/981
f 986/986/986 983/983/983 985/985/985
f 983/983/983 981/981/981 985/985/985
f 988/988/988 987/987/987 986/986/986
f 988/988/988 986/986/986 985/985/985
f 990/990/990 989/989/989 987/987/987
f 988/988/988 990/990/990 987/987/987
f 992/992/992 991/991/991 989/989/989
f 990/990/990 992/992/992 989/989/989
f 994/994/994 993/993/993 991/991/991
f 992/992/992 994/994/994 991/991/991
f 996/996/996 995/995/995 993/993/993
f 994/994/994 996/996/996 993/993/993
f 998/998/998 997/997/997 995/995/995
f 996/996/996 998/998/998 995/995/995
f 1000/1000/1000 999/999/999 997/997/997
f 998/998/998 1000/1000/1000 997/997/997
f 1002/1002/1002 1001/1001/1001 999/999/999
f 1000/1000/1000 1002/1002/1002 999/999/999
f 1003/1003/1003 1001/1001/1001 1002/1002/1002
f 1003/1003/1003 1004/1004/1004 1001/1001/1001
f 954/954/954 984/984/984 982/982/982
f 954/954/954 952/952/952 984/984/984
f 1006/1006/1006 1005/1005/1005 978/978/978
f 1007/1007/1007 1005/1005/1005 1006/1006/1006
f 1008/1008/1008 978/978/978 980/980/980
f 1008/1008/1008 1006/1006/1006 978/978/978
f 1010/1010/1010 1009/1009/1009 1007/1007/1007
f 1011/1011/1011 1009/1009/1009 1010/1010/1010
f 1006/1006/1006 1010/1010/1010 1007/1007/1007
f 1013/1013/1013 1012/1012/1012 1011/1011/1011
f 1014/1014/1014 1012/1012/1012 1013/1013/1013
f 1010/1010/1010 1013/1013/1013 1011/1011/1011
f 1015/1015/1015 1014/1014/1014 1013/1013/1013
f 1015/1015/1015 1016/1016/1016 1014/1014/1014
f 1019/1019/1019 1018/1018/1018 1017/1017/1017
f 1022/1022/1022 1021/1021/1021 1020/1020/1020
f 1024/1024/1024 1023/1023/1023 1020/1020/1020
f 1021/1021/1021 1024/1024/1024 1020/1020/1020
f 1026/1026/1026 1025/1025/1025 1023/1023/1023
f 1024/1024/1024 1026/1026/1026 1023/1023/1023
f 1029/1029/1029 1028/1028/1028 1027/1027/1027
f 1030/1030/1030 1028/1028/1028 1029/1029/1029
f 1032/1032/1032 1022/1022/1022 1031/1031/1031
f 1022/1022/1022 1020/1020/1020 1031/1031/1031
f 1034/1034/1034 1032/1032/1032 1033/1033/1033
f 1032/1032/1032 1031/1031/1031 1033/1033/1033
f 1037/1037/1037 1036/1036/1036 1035/1035/1035
f 1034/1034/1034 1033/1033/1033 1035/1035/1035
f 1036/1036/1036 1034/1034/1034 1035/1035/1035
f 1036/1036/1036 1038/1038/1038 1034/1034/1034
f 1036/1036/1036 1039/1039/1039 1038/1038/1038
f 1039/1039/1039 1036/1036/1036 1040/1040/1040
f 1042/1042/1042 1037/1037/1037 1041/1041/1041
f 1037/1037/1037 1035/1035/1035 1041/1041/1041
f 1044/1044/1044 1042/1042/1042 1043/1043/1043
f 1042/1042/1042 1041/1041/1041 1043/1043/1043
f 1044/1044/1044 1046/1046/1046 1045/1045/1045
f 1044/1044/1044 1047/1047/1047 1046/1046/1046
f 1044/1044/1044 1043/1043/1043 1047/1047/1047
f 1044/1044/1044 1049/1049/1049 1048/1048/1048
f 1044/1044/1044 1050/1050/1050 1049/1049/1049
f 1045/1045/1045 1050/1050/1050 1044/1044/1044
f 1026/1026/1026 1027/1027/1027 1025/1025/1025
f 1026/1026/1026 1029/1029/1029 1027/1027/1027
f 1053/1053/1053 1052/1052/1052 1051/1051/1051
f 1054/1054/1054 1052/1052/1052 1053/1053/1053
f 1030/1030/1030 1055/1055/1055 1053/1053/1053
f 1029/1029/1029 1055/1055/1055 1030/1030/1030
f 1053/1053/1053 1057/1057/1057 1056/1056/1056
f 1059/1059/1059 1058/1058/1058 1054/1054/1054
f 1053/1053/1053 1059/1059/1059 1054/1054/1054
f 1060/1060/1060 1059/1059/1059 1053/1053/1053
f 1060/1060/1060 1053/1053/1053 1061/1061/1061
f 1053/1053/1053 1062/1062/1062 1061/1061/1061
f 1053/1053/1053 1056/1056/1056 1062/1062/1062
f 1058/1058/1058 1063/1063/1063 1054/1054/1054
f 1053/1053/1053 1051/1051/1051 1030/1030/1030
f 1066/1066/1066 1065/1065/1065 1064/1064/1064
f 1067/1067/1067 1066/1066/1066 1064/1064/1064
f 1069/1069/1069 1068/1068/1068 1065/1065/1065
f 1066/1066/1066 1069/1069/1069 1065/1065/1065
f 1071/1071/1071 1070/1070/1070 1068/1068/1068
f 1069/1069/1069 1071/1071/1071 1068/1068/1068
f 1073/1073/1073 1072/1072/1072 1070/1070/1070
f 1071/1071/1071 1073/1073/1073 1070/1070/1070
f 1075/1075/1075 1074/1074/1074 1072/1072/1072
f 1073/1073/1073 1075/1075/1075 1072/1072/1072
f 1077/1077/1077 1076/1076/1076 1074/1074/1074
f 1075/1075/1075 1077/1077/1077 1074/1074/1074
f 1079/1079/1079 1078/1078/1078 1076/1076/1076
f 1077/1077/1077 1079/1079/1079 1076/1076/1076
f 1081/1081/1081 1080/1080/1080 1078/1078/1078
f 1079/1079/1079 1081/1081/1081 1078/1078/1078
f 1083/1083/1083 1082/1082/1082 1080/1080/1080
f 1081/1081/1081 1083/1083/1083 1080/1080/1080
f 1085/1085/1085 1084/1084/1084 1082/1082/1082
f 1086/1086/1086 1084/1084/1084 1085/1085/1085
f 1083/1083/1083 1085/1085/1085 1082/1082/1082
f 1088/1088/1088 1087/1087/1087 1086/1086/1086
f 1089/1089/1089 1086/1086/1086 1085/1085/1085
f 1089/1089/1089 1088/1088/1088 1086/1086/1086
f 1091/1091/1091 1090/1090/1090 1087/1087/1087
f 1088/1088/1088 1091/1091/1091 1087/1087/1087
f 1090/1090/1090 1092/1092/1092 1087/1087/1087
f 1092/1092/1092 1093/1093/1093 1087/1087/1087
f 1067/1067/1067 1017/1017/1017 1018/1018/1018
f 1067/1067/1067 1064/1064/1064 1017/1017/1017
f 1095/1095/1095 1019/1019/1019 1094/1094/1094
f 1019/1019/1019 1017/1017/1017 1094/1094/1094
f 1097/1097/1097 1096/1096/1096 1036/1036/1036
f 1100/1100/1100 1099/1099/1099 1098/1098/1098
f 1100/1100/1100 1101/1101/1101 1099/1099/1099
f 1103/1103/1103 1102/1102/1102 1099/1099/1099
f 1101/1101/1101 1103/1103/1103 1099/1099/1099
f 1105/1105/1105 1104/1104/1104 1102/1102/1102
f 1103/1103/1103 1105/1105/1105 1102/1102/1102
f 1107/1107/1107 1106/1106/1106 1104/1104/1104
f 1105/1105/1105 1107/1107/1107 1104/1104/1104
f 1109/1109/1109 1108/1108/1108 1106/1106/1106
f 1107/1107/1107 1109/1109/1109 1106/1106/1106
f 1111/1111/1111 1110/1110/1110 1108/1108/1108
f 1109/1109/1109 1111/1111/1111 1108/1108/1108
f 1112/1112/1112 1110/1110/1110 1111/1111/1111
f 1112/1112/1112 1113/1113/1113 1110/1110/1110
f 1112/1112/1112 1114/1114/1114 1113/1113/1113
f 1114/1114/1114 1115/1115/1115 1113/1113/1113
f 1036/1036/1036 1116/1116/1116 1040/1040/1040
f 1096/1096/1096 1116/1116/1116 1036/1036/1036
f 1037/1037/1037 1117/1117/1117 1097/1097/1097
f 1118/1118/1118 1117/1117/1117 1037/1037/1037
f 1097/1097/1097 1036/1036/1036 1037/1037/1037
f 1119/1119/1119 1118/1118/1118 1042/1042/1042
f 1118/1118/1118 1037/1037/1037 1042/1042/1042
f 1121/1121/1121 1120/1120/1120 1042/1042/1042
f 1120/1120/1120 1119/1119/1119 1042/1042/1042
f 1122/1122/1122 1121/1121/1121 1044/1044/1044
f 1121/1121/1121 1042/1042/1042 1044/1044/1044
f 1123/1123/1123 1122/1122/1122 1044/1044/1044
f 1124/1124/1124 1123/1123/1123 1048/1048/1048
f 1123/1123/1123 1044/1044/1044 1048/1048/1048
f 1127/1127/1127 1126/1126/1126 1125/1125/1125
f 1127/1127/1127 1128/1128/1128 1126/1126/1126
f 1124/1124/1124 1048/1048/1048 1129/1129/1129
f 1131/1131/1131 1129/1129/1129 1130/1130/1130
f 1131/1131/1131 1124/1124/1124 1129/1129/1129
f 1134/1134/1134 1133/1133/1133 1132/1132/1132
f 1134/1134/1134 1135/1135/1135 1133/1133/1133
f 1100/1100/1100 1098/1098/1098 1136/1136/1136
f 1127/1127/1127 1132/1132/1132 1128/1128/1128
f 1127/1127/1127 1134/1134/1134 1132/1132/1132
f 1135/1135/1135 1094/1094/1094 1137/1137/1137
f 1095/1095/1095 1094/1094/1094 1135/1135/1135
f 1135/1135/1135 1139/1139/1139 1138/1138/1138
f 1137/1137/1137 1139/1139/1139 1135/1135/1135
f 1135/1135/1135 1141/1141/1141 1140/1140/1140
f 1135/1135/1135 1142/1142/1142 1141/1141/1141
f 1135/1135/1135 1143/1143/1143 1142/1142/1142
f 1144/1144/1144 1143/1143/1143 1135/1135/1135
f 1135/1135/1135 1145/1145/1145 1144/1144/1144
f 1135/1135/1135 1146/1146/1146 1145/1145/1145
f 1138/1138/1138 1146/1146/1146 1135/1135/1135
f 1133/1133/1133 1100/1100/1100 1136/1136/1136
f 1133/1133/1133 1147/1147/1147 1132/1132/1132
f 1133/1133/1133 1136/1136/1136 1147/1147/1147
f 1132/1132/1132 1131/1131/1131 1128/1128/1128
f 1132/1132/1132 1147/1147/1147 1131/1131/1131
f 1126/1126/1126 1131/1131/1131 1130/1130/1130
f 1126/1126/1126 1128/1128/1128 1131/1131/1131
f 1150/1150/1150 1149/1149/1149 1148/1148/1148
f 1126/1126/1126 1151/1151/1151 1125/1125/1125
f 1152/1152/1152 1151/1151/1151 1126/1126/1126
f 1155/1155/1155 1154/1154/1154 1153/1153/1153
f 1154/1154/1154 1155/1155/1155 1150/1150/1150
f 1150/1150/1150 1156/1156/1156 1154/1154/1154
f 1150/1150/1150 1148/1148/1148 1156/1156/1156
f 1158/1158/1158 1157/1157/1157 1153/1153/1153
f 1153/1153/1153 1159/1159/1159 1158/1158/1158
f 1154/1154/1154 1159/1159/1159 1153/1153/1153
f 1162/1162/1162 1161/1161/1161 1160/1160/1160
f 1161/1161/1161 1162/1162/1162 1157/1157/1157
f 1158/1158/1158 1161/1161/1161 1157/1157/1157
f 1126/1126/1126 1130/1130/1130 1163/1163/1163
f 1126/1126/1126 1163/1163/1163 1164/1164/1164
f 1126/1126/1126 1161/1161/1161 1152/1152/1152
f 1161/1161/1161 1126/1126/1126 1164/1164/1164
f 1161/1161/1161 1164/1164/1164 1160/1160/1160
f 1133/1133/1133 1135/1135/1135 1140/1140/1140
f 1133/1133/1133 1140/1140/1140 1100/1100/1100
f 1166/1166/1166 1039/1039/1039 1165/1165/1165
f 1039/1039/1039 1040/1040/1040 1165/1165/1165
f 1169/1169/1169 1168/1168/1168 1167/1167/1167
f 1172/1172/1172 1171/1171/1171 1170/1170/1170
f 1175/1175/1175 1174/1174/1174 1173/1173/1173
f 1178/1178/1178 1177/1177/1177 1176/1176/1176
f 1181/1181/1181 1180/1180/1180 1179/1179/1179
f 1184/1184/1184 1183/1183/1183 1182/1182/1182
f 1168/1168/1168 1185/1185/1185 1167/1167/1167
f 1187/1187/1187 1169/1169/1169 1186/1186/1186
f 1169/1169/1169 1167/1167/1167 1186/1186/1186
f 1189/1189/1189 1187/1187/1187 1188/1188/1188
f 1187/1187/1187 1186/1186/1186 1188/1188/1188
f 1191/1191/1191 1189/1189/1189 1190/1190/1190
f 1189/1189/1189 1188/1188/1188 1190/1190/1190
f 1194/1194/1194 1193/1193/1193 1192/1192/1192
f 1194/1194/1194 1195/1195/1195 1193/1193/1193
f 1196/1196/1196 1195/1195/1195 1194/1194/1194
f 1191/1191/1191 1198/1198/1198 1197/1197/1197
f 1196/1196/1196 1191/1191/1191 1195/1195/1195
f 1191/1191/1191 1190/1190/1190 1199/1199/1199
f 1191/1191/1191 1200/1200/1200 1198/1198/1198
f 1191/1191/1191 1201/1201/1201 1200/1200/1200
f 1199/1199/1199 1201/1201/1201 1191/1191/1191
f 1191/1191/1191 1197/1197/1197 1195/1195/1195
f 1204/1204/1204 1203/1203/1203 1202/1202/1202
f 1204/1204/1204 1182/1182/1182 1203/1203/1203
f 1184/1184/1184 1182/1182/1182 1204/1204/1204
f 1206/1206/1206 1205/1205/1205 1183/1183/1183
f 1184/1184/1184 1206/1206/1206 1183/1183/1183
f 1206/1206/1206 1192/1192/1192 1205/1205/1205
f 1207/1207/1207 1192/1192/1192 1206/1206/1206
f 1208/1208/1208 1192/1192/1192 1207/1207/1207
f 1194/1194/1194 1192/1192/1192 1208/1208/1208
f 1210/1210/1210 1181/1181/1181 1209/1209/1209
f 1212/1212/1212 1211/1211/1211 1180/1180/1180
f 1181/1181/1181 1212/1212/1212 1180/1180/1180
f 1211/1211/1211 1202/1202/1202 1180/1180/1180
f 1211/1211/1211 1204/1204/1204 1202/1202/1202
f 1181/1181/1181 1179/1179/1179 1209/1209/1209
f 1214/1214/1214 1209/1209/1209 1213/1213/1213
f 1214/1214/1214 1210/1210/1210 1209/1209/1209
f 1216/1216/1216 1176/1176/1176 1215/1215/1215
f 1216/1216/1216 1178/1178/1178 1176/1176/1176
f 1213/1213/1213 1217/1217/1217 1214/1214/1214
f 1213/1213/1213 1218/1218/1218 1217/1217/1217
f 1218/1218/1218 1213/1213/1213 1177/1177/1177
f 1178/1178/1178 1218/1218/1218 1177/1177/1177
f 1220/1220/1220 1215/1215/1215 1219/1219/1219
f 1220/1220/1220 1216/1216/1216 1215/1215/1215
f 1223/1223/1223 1222/1222/1222 1221/1221/1221
f 1175/1175/1175 1173/1173/1173 1221/1221/1221
f 1225/1225/1225 1223/1223/1223 1224/1224/1224
f 1223/1223/1223 1221/1221/1221 1224/1224/1224
f 1227/1227/1227 1225/1225/1225 1226/1226/1226
f 1225/1225/1225 1224/1224/1224 1226/1226/1226
f 1229/1229/1229 1227/1227/1227 1228/1228/1228
f 1227/1227/1227 1226/1226/1226 1228/1228/1228
f 1232/1232/1232 1231/1231/1231 1230/1230/1230
f 1229/1229/1229 1228/1228/1228 1233/1233/1233
f 1174/1174/1174 1219/1219/1219 1173/1173/1173
f 1174/1174/1174 1220/1220/1220 1219/1219/1219
f 1222/1222/1222 1175/1175/1175 1221/1221/1221
f 1235/1235/1235 1234/1234/1234 1233/1233/1233
f 1231/1231/1231 1233/1233/1233 1230/1230/1230
f 1231/1231/1231 1235/1235/1235 1233/1233/1233
f 1237/1237/1237 1232/1232/1232 1236/1236/1236
f 1232/1232/1232 1230/1230/1230 1236/1236/1236
f 1239/1239/1239 1238/1238/1238 1236/1236/1236
f 1238/1238/1238 1237/1237/1237 1236/1236/1236
f 1242/1242/1242 1241/1241/1241 1240/1240/1240
f 1241/1241/1241 1236/1236/1236 1240/1240/1240
f 1241/1241/1241 1239/1239/1239 1236/1236/1236
f 1244/1244/1244 1242/1242/1242 1243/1243/1243
f 1242/1242/1242 1240/1240/1240 1243/1243/1243
f 1244/1244/1244 1245/1245/1245 1170/1170/1170
f 1243/1243/1243 1245/1245/1245 1244/1244/1244
f 1170/1170/1170 1246/1246/1246 1244/1244/1244
f 1170/1170/1170 1247/1247/1247 1246/1246/1246
f 1171/1171/1171 1247/1247/1247 1170/1170/1170
f 1249/1249/1249 1172/1172/1172 1248/1248/1248
f 1172/1172/1172 1170/1170/1170 1248/1248/1248
f 1251/1251/1251 1249/1249/1249 1250/1250/1250
f 1249/1249/1249 1248/1248/1248 1250/1250/1250
f 1253/1253/1253 1251/1251/1251 1252/1252/1252
f 1251/1251/1251 1250/1250/1250 1252/1252/1252
f 1255/1255/1255 1253/1253/1253 1254/1254/1254
f 1253/1253/1253 1252/1252/1252 1254/1254/1254
f 1257/1257/1257 1255/1255/1255 1256/1256/1256
f 1255/1255/1255 1254/1254/1254 1256/1256/1256
f 1259/1259/1259 1257/1257/1257 1258/1258/1258
f 1257/1257/1257 1256/1256/1256 1258/1258/1258
f 1261/1261/1261 1259/1259/1259 1260/1260/1260
f 1259/1259/1259 1258/1258/1258 1260/1260/1260
f 1263/1263/1263 1261/1261/1261 1262/1262/1262
f 1261/1261/1261 1260/1260/1260 1262/1262/1262
f 1263/1263/1263 1265/1265/1265 1264/1264/1264
f 1263/1263/1263 1262/1262/1262 1265/1265/1265
f 1268/1268/1268 1267/1267/1267 1266/1266/1266
f 1269/1269/1269 1268/1268/1268 1229/1229/1229
f 1268/1268/1268 1266/1266/1266 1229/1229/1229
f 1271/1271/1271 1270/1270/1270 1229/1229/1229
f 1270/1270/1270 1269/1269/1269 1229/1229/1229
f 1234/1234/1234 1272/1272/1272 1233/1233/1233
f 1273/1273/1273 1271/1271/1271 1229/1229/1229
f 1233/1233/1233 1273/1273/1273 1229/1229/1229
f 1272/1272/1272 1273/1273/1273 1233/1233/1233
g cTR_20_000150_00_SAKAKI_SR_L_SB_1
f 1276/1276/1276 1275/1275/1275 1274/1274/1274
f 1276/1276/1276 1277/1277/1277 1275/1275/1275
f 1280/1280/1280 1279/1279/1279 1278/1278/1278
f 1280/1280/1280 1281/1281/1281 1279/1279/1279
f 1283/1283/1283 1274/1274/1274 1282/1282/1282
f 1283/1283/1283 1276/1276/1276 1274/1274/1274
f 1283/1283/1283 1285/1285/1285 1284/1284/1284
f 1283/1283/1283 1282/1282/1282 1285/1285/1285
f 1287/1287/1287 1285/1285/1285 1286/1286/1286
f 1287/1287/1287 1284/1284/1284 1285/1285/1285
f 1290/1290/1290 1289/1289/1289 1288/1288/1288
f 1292/1292/1292 1286/1286/1286 1291/1291/1291
f 1292/1292/1292 1287/1287/1287 1286/1286/1286
f 1290/1290/1290 1291/1291/1291 1289/1289/1289
f 1290/1290/1290 1292/1292/1292 1291/1291/1291
f 1294/1294/1294 1288/1288/1288 1293/1293/1293
f 1294/1294/1294 1290/1290/1290 1288/1288/1288
f 1297/1297/1297 1296/1296/1296 1295/1295/1295
f 146/146/146 145/145/145 1298/1298/1298
f 1301/1301/1301 1300/1300/1300 1299/1299/1299
f 1301/1301/1301 1302/1302/1302 1300/1300/1300
f 1305/1305/1305 1304/1304/1304 1303/1303/1303
f 1305/1305/1305 1306/1306/1306 1304/1304/1304
f 1309/1309/1309 1308/1308/1308 1307/1307/1307
f 1312/1312/1312 1311/1311/1311 1310/1310/1310
f 1309/1309/1309 1312/1312/1312 1308/1308/1308
f 1311/1311/1311 1312/1312/1312 1309/1309/1309
f 1315/1315/1315 1314/1314/1314 1313/1313/1313
f 1315/1315/1315 1316/1316/1316 1314/1314/1314
f 1318/1318/1318 1316/1316/1316 1317/1317/1317
f 1316/1316/1316 1319/1319/1319 1314/1314/1314
f 1318/1318/1318 1319/1319/1319 1316/1316/1316
f 1317/1317/1317 1320/1320/1320 1318/1318/1318
f 1317/1317/1317 1321/1321/1321 1320/1320/1320
f 1322/1322/1322 1321/1321/1321 1317/1317/1317
f 1303/1303/1303 1323/1323/1323 1305/1305/1305
f 1325/1325/1325 1303/1303/1303 1324/1324/1324
f 1323/1323/1323 1303/1303/1303 1325/1325/1325
f 1302/1302/1302 1326/1326/1326 1300/1300/1300
f 1302/1302/1302 1324/1324/1324 1326/1326/1326
f 1302/1302/1302 1325/1325/1325 1324/1324/1324
f 1277/1277/1277 1299/1299/1299 1275/1275/1275
f 1277/1277/1277 1301/1301/1301 1299/1299/1299
f 1306/1306/1306 1308/1308/1308 1304/1304/1304
f 1308/1308/1308 1327/1327/1327 1307/1307/1307
f 1327/1327/1327 1308/1308/1308 1306/1306/1306
f 1310/1310/1310 1329/1329/1329 1328/1328/1328
f 1330/1330/1330 1310/1310/1310 1311/1311/1311
f 1330/1330/1330 1329/1329/1329 1310/1310/1310
f 1315/1315/1315 1332/1332/1332 1331/1331/1331
f 1315/1315/1315 1333/1333/1333 1332/1332/1332
f 1315/1315/1315 1334/1334/1334 1333/1333/1333
f 1313/1313/1313 1334/1334/1334 1315/1315/1315
f 1329/1329/1329 1331/1331/1331 1328/1328/1328
f 1329/1329/1329 1315/1315/1315 1331/1331/1331
f 1337/1337/1337 1336/1336/1336 1335/1335/1335
f 1337/1337/1337 1294/1294/1294 1336/1336/1336
f 1294/1294/1294 1293/1293/1293 1336/1336/1336
f 1297/1297/1297 1298/1298/1298 1296/1296/1296
f 1297/1297/1297 146/146/146 1298/1298/1298
f 1296/1296/1296 1335/1335/1335 1295/1295/1295
f 1296/1296/1296 1337/1337/1337 1335/1335/1335
f 1340/1340/1340 1339/1339/1339 1338/1338/1338
f 1341/1341/1341 1339/1339/1339 1340/1340/1340
f 1341/1341/1341 1342/1342/1342 1339/1339/1339
f 1343/1343/1343 1342/1342/1342 1341/1341/1341
f 1343/1343/1343 1344/1344/1344 1342/1342/1342
f 149/149/149 1345/1345/1345 148/148/148
f 1338/1338/1338 1345/1345/1345 149/149/149
f 1346/1346/1346 1338/1338/1338 1339/1339/1339
f 1338/1338/1338 1346/1346/1346 1345/1345/1345
f 1347/1347/1347 1279/1279/1279 1281/1281/1281
f 1347/1347/1347 1348/1348/1348 1279/1279/1279
f 1349/1349/1349 1344/1344/1344 1343/1343/1343
f 1349/1349/1349 1350/1350/1350 1344/1344/1344
f 1280/1280/1280 1350/1350/1350 1349/1349/1349
f 1280/1280/1280 1278/1278/1278 1350/1350/1350
f 1353/1353/1353 1352/1352/1352 1351/1351/1351
f 1353/1353/1353 1354/1354/1354 1352/1352/1352
f 1357/1357/1357 1356/1356/1356 1355/1355/1355
f 1357/1357/1357 1358/1358/1358 1356/1356/1356
f 1355/1355/1355 1348/1348/1348 1347/1347/1347
f 1355/1355/1355 1356/1356/1356 1348/1348/1348
f 1353/1353/1353 1358/1358/1358 1357/1357/1357
f 1353/1353/1353 1351/1351/1351 1358/1358/1358
f 1361/1361/1361 1360/1360/1360 1359/1359/1359
f 1361/1361/1361 1362/1362/1362 1360/1360/1360
f 1365/1365/1365 1364/1364/1364 1363/1363/1363
f 1365/1365/1365 1366/1366/1366 1364/1364/1364
f 1369/1369/1369 1368/1368/1368 1367/1367/1367
f 1369/1369/1369 1370/1370/1370 1368/1368/1368
f 1372/1372/1372 1367/1367/1367 1371/1371/1371
f 1372/1372/1372 1369/1369/1369 1367/1367/1367
f 1365/1365/1365 1371/1371/1371 1366/1366/1366
f 1365/1365/1365 1372/1372/1372 1371/1371/1371
f 1359/1359/1359 1373/1373/1373 1354/1354/1354
f 1359/1359/1359 1360/1360/1360 1373/1373/1373
f 1354/1354/1354 1373/1373/1373 1352/1352/1352
f 1370/1370/1370 1374/1374/1374 1368/1368/1368
f 1370/1370/1370 1375/1375/1375 1374/1374/1374
f 1363/1363/1363 1362/1362/1362 1361/1361/1361
f 1363/1363/1363 1364/1364/1364 1362/1362/1362
