g cTR_20_000220_00_KAKEDASHICHOSAIN_SR_L_SB
v 0.046385836 0.11221842 -0.049141504
v 0.06621277 0.11947341 -0.049141504
v 0.047035094 0.1202529 -0.049141504
v 0.06942632 0.13252574 -0.049141504
v 0.08109131 0.11947341 -0.049141504
v 0.081526734 0.13323808 -0.049141504
v 0.09670296 0.12966706 -0.049141504
v 0.097557805 0.116882265 -0.049141504
v 0.10944452 0.122849904 -0.049141504
v 0.105080605 0.11454188 -0.049141504
v 0.1212935 0.11311114 -0.049141504
v 0.111851074 0.111365594 -0.049141504
v 0.11745136 0.106935516 -0.049141504
v 0.13233076 0.09866523 -0.049141504
v 0.12213226 0.10175309 -0.049141504
v 0.12589367 0.09548407 -0.049141504
v 0.1698552 -0.05611203 -0.047719847
v 0.16966692 -0.03825269 -0.047719847
v 0.15458754 -0.056091454 -0.04888761
v 0.15148406 -0.038009882 -0.0490004
v 0.14294532 -0.05162821 -0.049273413
v 0.14085984 -0.035581496 -0.048591867
v 0.13726142 -0.04845197 -0.048642285
v 0.13199544 -0.043771077 -0.04885701
v 0.13618508 -0.032728072 -0.048816845
v 0.1274818 -0.038588762 -0.049019698
v 0.124389075 -0.03190179 -0.049112108
v 0.13388832 -0.029473428 -0.048953135
v 0.12932073 0.08871364 -0.049141504
v 0.1378494 0.088520624 -0.049141504
v 0.13216265 0.08060571 -0.049141504
v 0.14182608 0.078781866 -0.049141504
v 0.13425235 0.07157832 -0.049141504
v 0.14469917 0.06977352 -0.049141504
v 0.13542251 0.06255106 -0.049141504
v 0.1467767 0.058898475 -0.049141504
v 0.13525538 0.053105768 -0.049141504
v 0.14766936 0.048348065 -0.049141504
v 0.13475382 0.044830624 -0.049141504
v 0.14783171 0.036093503 -0.049141504
v 0.13232978 0.03028657 -0.049141504
v 0.14695454 0.024406841 -0.049141504
v 0.12714744 0.014321543 -0.049141504
v 0.1439517 0.0075072087 -0.049141504
v 0.12288449 0.0026194076 -0.049141504
v 0.13857983 -0.006189205 -0.049141504
v 0.12020979 -0.007243755 -0.049141504
v 0.1340351 -0.019498851 -0.049137004
v 0.12037688 -0.017942859 -0.049141504
v 0.121965006 -0.025214886 -0.049141504
v 0.133467 -0.024449442 -0.049077675
v 0.08965862 0.029993176 -0.04836157
v 0.0925077 0.038896468 -0.04836157
v 0.076199785 0.033387188 -0.048545923
v 0.15033875 -0.06417596 -0.050352354
v 0.14061554 -0.07009597 -0.05136639
v 0.14564355 -0.072379805 -0.05139407
v 0.14248411 -0.0733486 -0.05149133
v 0.13348725 -0.06102989 -0.049819484
v 0.1530302 -0.052017953 -0.048625045
v 0.1248364 -0.054801203 -0.0484614
v 0.1530302 -0.035590746 -0.04836157
v 0.14950347 -0.01916337 -0.04836157
v 0.10188661 -0.04471598 -0.04836157
v 0.11513162 -0.050569918 -0.04836157
v 0.14263561 -0.0053348523 -0.04836157
v 0.090378664 -0.037633877 -0.04836157
v 0.13652979 0.0033447284 -0.04836157
v 0.08163114 -0.02569232 -0.04836157
v 0.08546323 -0.03226166 -0.04836157
v 0.1289926 0.010721252 -0.04836157
v 0.078278 -0.017959641 -0.04836157
v 0.11951897 0.016388414 -0.04836157
v 0.07567758 -0.0077634365 -0.04836157
v 0.109873824 0.019352416 -0.04836157
v 0.017601607 -0.05375736 -0.049552903
v 0.021873692 -0.060629677 -0.050448447
v 0.06423931 -0.057345487 -0.049047302
v 0.058839392 -0.068200134 -0.050210863
v 0.025774289 -0.067316346 -0.05133441
v 0.05210724 -0.07773922 -0.051480927
v 0.029394364 -0.07548449 -0.05220924
v 0.031903792 -0.083104484 -0.052717056
v 0.045531444 -0.08428603 -0.052319195
v 0.032981846 -0.09030807 -0.0528737
v 0.03947563 -0.087946676 -0.052732557
v 0.010173325 -0.039208557 -0.04842506
v 0.0136900665 -0.046901513 -0.04885364
v 0.06768077 -0.041467857 -0.04836157
v 0.005714202 -0.023759963 -0.04836157
v 0.006828662 -0.030075118 -0.04836157
v 0.06783712 -0.026607037 -0.04836157
v 0.008662223 -0.0070986277 -0.04836157
v 0.006328317 -0.014625314 -0.04836157
v 0.0645001 -0.011118199 -0.04836157
v 0.066361025 -0.017941449 -0.04836157
v 0.06217401 -0.0044500795 -0.04836157
v 0.013413506 -0.000102448794 -0.04836157
v 0.059925485 0.0009774917 -0.04836157
v 0.019651346 0.0072696 -0.04836157
v 0.02777948 0.01470466 -0.04836157
v 0.039436076 0.022202775 -0.04836157
v 0.047133427 0.025353123 -0.04836157
v 0.09558125 0.020280551 -0.04836157
v 0.08467286 0.018668292 -0.04836157
v 0.07424062 0.0040066517 -0.04836157
v 0.06455078 0.036367755 -0.04836157
v 0.051029712 0.047343202 -0.04836157
v 0.04454997 0.029322673 -0.04836157
v 0.08559879 0.025434664 -0.04836157
v 0.068740346 0.03179029 -0.04836157
v 0.04044418 0.0631584 -0.04836157
v 0.03975107 0.03953008 -0.04836157
v 0.093291216 0.044950675 -0.04836157
v 0.091617845 0.05652383 -0.04836157
v 0.06388181 0.0005555143 -0.04836157
v 0.070613764 0.0016799191 -0.04836157
v 0.3295848 -0.11602684 -0.042811863
v 0.32319003 -0.09694021 -0.042618413
v 0.3180531 -0.091735296 -0.042718325
v 0.32782975 -0.10597028 -0.042618413
v 0.32844478 -0.12715995 -0.043430984
v 0.31436592 -0.08946599 -0.042869028
v 0.3237683 -0.1379714 -0.044415995
v 0.30001178 -0.08473995 -0.043847088
v 0.2941131 -0.053998053 -0.042618413
v 0.28992438 -0.03999114 -0.04269764
v 0.28414327 -0.034173228 -0.04301435
v 0.31729558 -0.14518769 -0.045033757
v 0.28515705 -0.08095535 -0.044009116
v 0.29803458 -0.15142979 -0.04597428
v 0.3107552 -0.14953995 -0.045492467
v 0.29286554 -0.045796026 -0.042618413
v 0.29360723 -0.064846 -0.042836946
v 0.26799652 -0.027221773 -0.044333767
v 0.21913444 0.0029246812 -0.04756824
v 0.24891542 -0.15472607 -0.04756824
v 0.22242032 0.004681244 -0.04756824
v 0.23040321 0.00482012 -0.04756824
v 0.23465614 0.003024422 -0.04756824
v 0.29022652 -0.074187316 -0.04338814
v 0.2494247 -0.00545163 -0.04700412
v 0.2740928 -0.15303648 -0.047477692
v 0.2546139 -0.007926034 -0.04660672
v 0.25941023 -0.013324081 -0.046003077
v 0.26246917 -0.014800814 -0.045691196
v 0.26724678 -0.02024977 -0.04499794
v 0.16929428 -0.042835202 -0.047527574
v 0.17607157 -0.009267131 -0.047371384
v 0.1623819 -0.035264716 -0.047406353
v 0.15401505 -0.028816486 -0.047211297
v 0.1636322 -0.0022601727 -0.047076236
v 0.14104536 -0.02257817 -0.046856996
v 0.13981049 0.01476902 -0.04616987
v 0.1249089 -0.015463886 -0.046291593
v 0.101990536 -0.004943869 -0.045434464
v 0.12168403 0.029087698 -0.045353375
v 0.08025047 0.004712465 -0.044723716
v 0.108278826 0.03996536 -0.04480997
v 0.09680968 0.047596686 -0.044421684
v 0.06426232 0.014294924 -0.0442944
v 0.087262265 0.051630575 -0.044181768
v 0.076006815 0.054998644 -0.043962568
v 0.056232937 0.022631686 -0.044044778
v 0.049999572 0.034121845 -0.04388866
v 0.06547686 0.055597454 -0.043850876
v 0.055274557 0.049125638 -0.043798905
v 0.24066173 -0.0014246259 -0.047456436
v 0.24377297 -0.004127135 -0.04730834
v 0.18880442 -0.07978517 -0.04756824
v 0.18189801 -0.00816592 -0.0474568
v 0.18395953 -0.07710338 -0.04756824
v 0.18016103 -0.07403699 -0.04756824
v 0.17716466 -0.07047861 -0.04756824
v 0.17412806 -0.06675122 -0.04756824
v 0.17137961 -0.062316358 -0.04756824
v 0.16957483 -0.057286587 -0.04756824
v 0.16890445 -0.052921977 -0.04756824
v 0.16881762 -0.04746914 -0.04755528
v 0.21156624 0.0062480955 -0.04756824
v 0.24000703 -0.15427327 -0.04756824
v 0.2158691 0.005187462 -0.04756824
v 0.23527177 -0.15224138 -0.04756824
v 0.23104225 -0.1489468 -0.04756824
v 0.20509265 0.005680263 -0.04756824
v 0.21037138 -0.09217503 -0.04756824
v 0.20779705 -0.09646676 -0.04756824
v 0.22010365 -0.14671941 -0.04756824
v 0.2049626 -0.10314871 -0.04756824
v 0.20395045 -0.108202696 -0.04756824
v 0.20345818 -0.11375072 -0.04756824
v 0.20358299 -0.11986375 -0.04756824
v 0.21624032 -0.14414398 -0.04756824
v 0.21236229 -0.14037834 -0.04756824
v 0.20933068 -0.13623291 -0.04756824
v 0.206584 -0.1314119 -0.04756824
v 0.20459346 -0.12572621 -0.04756824
v 0.1993642 0.0017660632 -0.04756824
v 0.21452908 -0.087102465 -0.04756824
v 0.22692986 -0.14879714 -0.04756824
v 0.19101101 -0.0036635653 -0.047547754
v 0.2060924 -0.08537903 -0.04756824
v 0.20309722 -0.083977915 -0.04756824
v 0.20153289 -0.08185338 -0.04756824
v 0.19371536 -0.08117813 -0.04756824
v 0.07295992 0.13281447 -0.050377633
v 0.06397209 0.13132702 -0.050377633
v 0.05524325 0.12517129 -0.050377633
v 0.052967217 0.12764882 -0.050377633
v 0.29129884 -0.1245273 -0.04587697
v 0.24943076 -0.12570666 -0.04916451
v 0.28751966 -0.13473254 -0.046659384
v 0.28553927 -0.1368544 -0.046820946
v 0.28294852 -0.13806522 -0.046877977
v 0.264594 -0.1400523 -0.04863671
v 0.24336024 -0.14062503 -0.04950389
v 0.21331222 -0.12496958 -0.050377633
v 0.22749045 -0.139621 -0.05034534
v 0.21205197 -0.13746487 -0.050377633
v 0.19005845 -0.1320312 -0.050377633
v 0.19119877 -0.12202114 -0.050377633
v 0.16823758 -0.12504499 -0.050377633
v 0.17011735 -0.11715617 -0.050377633
v 0.14684777 -0.11564386 -0.050377633
v 0.14874111 -0.10904794 -0.050377633
v 0.12821802 -0.10494895 -0.050377633
v 0.13119774 -0.099760234 -0.050377633
v 0.11878287 -0.098349534 -0.050377633
v 0.12058333 -0.092831485 -0.050377633
v 0.10666975 -0.089107715 -0.050377633
v 0.11026378 -0.085165426 -0.050377633
v 0.049086746 0.1200401 -0.050377633
v 0.046558145 0.1241094 -0.050377633
v 0.040244557 0.118848145 -0.050377633
v 0.044070937 0.11456829 -0.050377633
v 0.034131024 0.11168803 -0.050377633
v 0.03994315 0.107368544 -0.050377633
v 0.028095946 0.10306449 -0.050377633
v 0.036699783 0.09911285 -0.050377633
v 0.023878297 0.09270238 -0.050377633
v 0.03375135 0.08273924 -0.050377633
v 0.02101711 0.08125422 -0.050377633
v 0.033603884 0.07287164 -0.050377633
v 0.020443205 0.07013892 -0.050377633
v 0.036699783 0.046221066 -0.0511823
v 0.023716046 0.045237187 -0.050972667
v 0.029243877 0.022328315 -0.05237649
v 0.042154502 0.02599125 -0.05237649
v 0.035079032 0.0070228293 -0.05156527
v 0.047609106 0.010217085 -0.051539507
v 0.048088633 -0.019379068 -0.050377633
v 0.058370948 -0.016024265 -0.050377633
v 0.056219675 -0.032484274 -0.050377633
v 0.06456274 -0.028260266 -0.050377633
v 0.06664645 -0.047024507 -0.050377633
v 0.07311324 -0.042412817 -0.050377633
v 0.07592544 -0.058694836 -0.050377633
v 0.080926664 -0.05420668 -0.050377633
v 0.088592604 -0.06393664 -0.050377633
v 0.08510867 -0.06864344 -0.050377633
v 0.10038648 -0.07632011 -0.050377633
v 0.09697034 -0.08060072 -0.050377633
v 0.1413944 0.14046991 -0.05908959
v 0.14709428 0.14062397 -0.059129745
v 0.14355102 0.14755635 -0.059055276
v 0.14486043 0.1401618 -0.059123285
v 0.13369177 0.14362799 -0.058903422
v 0.14031594 0.1557211 -0.058805674
v 0.13746604 0.14177935 -0.059014924
v 0.12544993 0.15025218 -0.058501758
v 0.1390065 0.16065077 -0.05859535
v 0.12860803 0.14717117 -0.058684826
v 0.119826995 0.15841706 -0.05805058
v 0.1386984 0.16519527 -0.058378715
v 0.122291826 0.15441164 -0.058269083
v 0.11751618 0.16357777 -0.057793003
v 0.13954571 0.1711263 -0.058069773
v 0.17690805 0.13956366 -0.059088107
v 0.18268038 0.13892949 -0.059129745
v 0.17875206 0.14655499 -0.059039563
v 0.11512845 0.17181961 -0.05743305
v 0.17035615 0.14177935 -0.058936756
v 0.17351428 0.15887918 -0.058581777
v 0.15202399 0.15364145 -0.05797484
v 0.17128046 0.16642776 -0.0581941
v 0.16966291 0.17289792 -0.057843942
v 0.16041985 0.14694013 -0.058503356
v 0.19731535 0.108041905 -0.05689263
v 0.19924103 0.10388247 -0.05689263
v 0.20370856 0.106424384 -0.05689263
v 0.1478645 0.15803188 -0.05767848
v 0.14293483 0.1643481 -0.057755914
v 0.16896978 0.18106277 -0.057495087
v 0.19330998 0.10272707 -0.05689263
v 0.19947213 0.11150812 -0.05689263
v 0.20886922 0.11035271 -0.05689263
v 0.20162873 0.11797827 -0.05689263
v 0.21295162 0.11435801 -0.05689263
v 0.20239909 0.122291744 -0.05689263
v 0.21718816 0.11990386 -0.05689263
v 0.20286126 0.13068765 -0.05689263
v 0.219884 0.12460257 -0.05689263
v 0.2027072 0.13715778 -0.05689263
v 0.22204076 0.12945515 -0.05689263
v 0.23020549 0.118671514 -0.05689263
v 0.2344419 0.118671514 -0.05689263
v 0.23523128 0.1239166 -0.05689263
v 0.20193696 0.14524554 -0.05689263
v 0.23143803 0.114820145 -0.05689263
v 0.22881909 0.12175252 -0.05689263
v 0.23497887 0.13035157 -0.05689263
v 0.22404341 0.12776066 -0.05689263
v 0.23396961 0.1371651 -0.05689263
v 0.2289857 0.15306465 -0.05689263
v 0.23009148 0.15945433 -0.05689263
v 0.18868838 0.15595222 -0.05689263
v 0.23070593 0.17002188 -0.05689263
v 0.23009148 0.18169521 -0.05689263
v 0.19531268 0.15025218 -0.05689263
v 0.18221824 0.16265348 -0.05689263
v 0.2282484 0.1923856 -0.05689263
v 0.17520875 0.1719736 -0.05707044
v 0.22542214 0.20270734 -0.05689263
v -0.05640894 0.16827646 -0.05689263
v -0.057256132 0.16627373 -0.05689263
v -0.051248144 0.16773722 -0.05689263
v -0.05147926 0.1737452 -0.05689263
v -0.047242846 0.16789125 -0.05689263
v -0.04747386 0.17659523 -0.05689263
v -0.043622624 0.16758315 -0.05689263
v -0.043160345 0.179137 -0.05689263
v -0.03661313 0.16550349 -0.05689263
v -0.03283885 0.16396292 -0.05689263
v -0.03476459 0.181833 -0.05689263
v -0.038923923 0.18083164 -0.05689263
v -0.028987614 0.18244919 -0.05689263
v -0.02937266 0.1617292 -0.05689263
v -0.026137603 0.15911019 -0.05689263
v -0.056671232 0.20354183 -0.053728558
v -0.060303956 0.20057748 -0.053728558
v -0.055176474 0.19716127 -0.055350702
v -0.062108863 0.19731528 -0.053728558
v -0.049399458 0.20648138 -0.053728558
v -0.050474703 0.19631396 -0.05602414
v -0.04067058 0.20779085 -0.053728558
v -0.045416124 0.19362897 -0.05689263
v -0.032206155 0.2072329 -0.053728558
v -0.04054147 0.19030581 -0.05689263
v -0.024751188 0.20494084 -0.053728558
v -0.034533467 0.18537615 -0.05689263
v -0.016971493 0.20124364 -0.053728558
v -0.03199154 0.18368165 -0.05689263
v -0.010732384 0.1989266 -0.053728558
v 0.14589052 0.24551325 -0.05420349
v 0.12904654 0.24551325 -0.05429646
v 0.12103995 0.23818663 -0.05429646
v 0.16250785 0.2427942 -0.055054974
v 0.11529952 0.22995341 -0.05429646
v 0.19936821 0.2310864 -0.05689263
v 0.11409091 0.226781 -0.05429646
v 0.10134075 0.22720133 -0.053728558
v 0.088092275 0.22666226 -0.053728558
v 0.10603931 0.20340037 -0.05689263
v 0.21731225 0.21954174 -0.05689263
v 0.1063474 0.19577472 -0.05689263
v 0.10665548 0.18976672 -0.0569048
v 0.10788796 0.18422073 -0.05697165
v 0.11089201 0.17721139 -0.057162523
v 0.038487364 0.21895961 -0.053728558
v 0.10103267 0.19654498 -0.05689263
v 0.051042575 0.22188663 -0.053728558
v 0.065908715 0.22465955 -0.053728558
v 0.011836245 0.21033263 -0.053728558
v 0.093098916 0.18737887 -0.05689263
v 0.025007764 0.21533945 -0.053728558
v -0.0052634655 0.20085846 -0.053728558
v 0.08154494 0.17782757 -0.05689263
v -0.0076513537 0.19908687 -0.053728558
v 0.06898973 0.17020206 -0.05689263
v 0.057897996 0.16511832 -0.05689263
v 0.053815503 0.15895614 -0.05689263
v 0.045804787 0.14986713 -0.05689263
v 0.04102917 0.14616983 -0.05689263
v 0.03548331 0.14262667 -0.05689263
v 0.04965618 0.15371837 -0.05689263
v 0.023544272 0.13839024 -0.05689263
v 0.017305167 0.13769697 -0.05689263
v 0.011759292 0.13777404 -0.05689263
v 0.02955227 0.13993065 -0.05689263
v -0.01751071 0.15125357 -0.05689263
v -0.02167006 0.15518184 -0.05689263
v 0.006598485 0.13846718 -0.05689263
v 0.0011296998 0.14008473 -0.05689263
v -0.0035689746 0.1420105 -0.05689263
v -0.008729675 0.14486036 -0.05689263
v -0.01342833 0.1479415 -0.05689263
v 0.07592212 0.2258919 -0.053728558
v 0.10964995 0.044549506 -0.05326999
v 0.11881129 0.043518797 -0.05326999
v 0.12910636 0.04636791 -0.05326999
v 0.114230685 0.043518797 -0.05326999
v 0.09877082 0.050618835 -0.05326999
v 0.14525875 0.052425016 -0.05326999
v 0.0801046 0.063330196 -0.05326999
v 0.16141103 0.05996285 -0.05326999
v 0.07181473 0.070007905 -0.05326999
v 0.17446755 0.068577416 -0.05326999
v 0.1822746 0.077730425 -0.05326999
v 0.0620318 0.08030034 -0.05326999
v 0.1794479 0.07301938 -0.05326999
v 0.06733089 0.07428788 -0.05326999
v 0.054796465 0.08794331 -0.05326999
v 0.1846974 0.08392217 -0.05326999
v 0.04888587 0.09558623 -0.05326999
v 0.19021618 0.10061288 -0.05326999
v 0.003988537 0.13023703 -0.05326999
v 0.005702685 0.1261229 -0.05326999
v 0.012131144 0.11780884 -0.05326999
v 0.04127298 0.10829487 -0.05326999
v 0.044504028 0.102515854 -0.05326999
v 0.002102794 0.13872243 -0.05326999
v 0.015302457 0.11489463 -0.05326999
v 0.00313139 0.14789364 -0.05326999
v 0.020787975 0.11069486 -0.05326999
v 0.006757378 0.15464793 -0.05326999
v 0.028844787 0.10683783 -0.05326999
v 0.037758853 0.10649492 -0.05326999
v 0.010062098 0.15829588 -0.05326999
v 0.03484466 0.105980694 -0.05326999
v 0.20058058 0.12107258 -0.05326999
v 0.20771454 0.13547516 -0.05326999
v 0.21431005 0.15431955 -0.05326999
v 0.004926621 0.20037256 -0.05326999
v 0.21713674 0.17410618 -0.05326999
v 0.05873852 0.21889053 -0.05326999
v 0.12642382 0.22391668 -0.05326999
v 0.21794437 0.20681472 -0.05326999
v -0.06428463 0.15250109 -0.051823545
v -0.057230026 0.14833818 -0.05159057
v -0.052805908 0.15342572 -0.051990677
v -0.06282585 0.14636236 -0.051521767
v -0.060150456 0.14247197 -0.051445253
v -0.06339711 0.16148423 -0.052447457
v -0.04734558 0.15657459 -0.052468907
v -0.0589913 0.17087059 -0.053024303
v -0.03968727 0.15864517 -0.052977752
v -0.045383465 0.13075915 -0.051544715
v -0.038926486 0.12993614 -0.05154067
v -0.035444763 0.13227832 -0.05173969
v -0.052382585 0.1781498 -0.05315518
v -0.047785234 0.18150204 -0.05315518
v -0.037441086 0.18500277 -0.05315518
v -0.03534899 0.1582014 -0.053125955
v -0.02005667 0.18520582 -0.05315518
v -0.042598106 0.12613788 -0.051445253
v -0.04626962 0.13462052 -0.05173265
v -0.02670889 0.13474713 -0.052334275
v -0.045368645 0.14327206 -0.052350935
v -0.01506105 0.13506366 -0.05214439
v 0.014551811 0.11399765 -0.046270233
v 0.01920898 0.11387179 -0.045609668
v -0.042646617 0.15062158 -0.05289351
v -0.03904637 0.15544063 -0.053096052
v -0.022087662 0.12303603 -0.051556766
v -0.023037253 0.11360376 -0.050926227
v -0.013490373 0.11360376 -0.050032478
v -0.021707946 0.108539514 -0.050842095
v -0.018922606 0.13069579 -0.052017253
v -0.008097617 0.11493321 -0.0495771
v -0.0032233007 0.115439676 -0.04913192
v 0.014438137 0.094714664 -0.042489227
v 0.020777078 0.092002444 -0.042361017
v 0.028750796 0.0929565 -0.043210138
v 0.01747994 0.08959561 -0.042245716
v 0.014660636 0.107104376 -0.04422404
v 0.05039314 0.09066605 -0.04526273
v 0.013257997 0.10015018 -0.04312242
v 0.05889311 0.09066605 -0.04601564
v 0.22469269 0.10056319 -0.05315518
v 0.20751297 0.09021267 -0.05315518
v 0.22140102 0.08825236 -0.05315518
v 0.20807388 0.08479089 -0.05315518
v 0.0537586 0.08325758 -0.044177134
v 0.08126681 0.07524728 -0.045452174
v 0.09757604 0.07593637 -0.045886483
v 0.089132704 0.07486439 -0.04559639
v 0.052438248 0.07782969 -0.043248743
v 0.067254625 0.07409873 -0.043835517
v 0.07399269 0.07509408 -0.044673074
v 0.052388277 0.071170524 -0.042486478
v 0.05872981 0.07052312 -0.042546805
v 0.054285444 0.065600105 -0.042245716
v 0.0942835 0.07172509 -0.045170527
v 0.14185926 0.06413812 -0.050204407
v 0.1464877 0.0676094 -0.05113994
v 0.1447384 0.06553875 -0.05072509
v 0.092905305 0.068509154 -0.04477922
v 0.11503148 0.06254663 -0.045665234
v 0.12985682 0.062982745 -0.04808512
v 0.092326604 0.060372353 -0.044148214
v 0.10430117 0.060487892 -0.04444682
v 0.09477501 0.053320885 -0.043955643
v 0.09972086 0.057826 -0.044107974
v 0.22550622 0.10900853 -0.05315518
v 0.20678301 0.07735605 -0.05315518
v 0.21509628 0.07851877 -0.05315518
v 0.20903616 0.07296481 -0.05315518
v 0.20445774 0.07194967 -0.05315518
v 0.15985201 0.06292315 -0.052755084
v 0.1720594 0.062460374 -0.05315518
v 0.17900196 0.06361737 -0.05315518
v -0.011772486 0.19060092 -0.05315518
v -0.0024820277 0.20008297 -0.05315518
v 0.16557968 0.062228918 -0.053067353
v 0.1509425 0.065295175 -0.051829178
v 0.18467166 0.06546884 -0.05315518
v 0.1962329 0.07251372 -0.05315518
v 0.19068636 0.068587504 -0.05315518
v 0.20377366 0.081861734 -0.05315518
v 0.20090699 0.077561714 -0.05315518
v 0.010237789 0.20931251 -0.05315518
v 0.22346862 0.16081093 -0.05315518
v 0.22434282 0.1784551 -0.05315518
v 0.22516422 0.1159936 -0.05315518
v 0.22361599 0.12292373 -0.05315518
v 0.22110938 0.12911654 -0.05315518
v 0.21557997 0.13929051 -0.05315518
v 0.06599808 0.22317825 -0.05315518
v 0.22203794 0.19625823 -0.05315518
v 0.21438348 0.21835755 -0.05315518
v 0.25743917 0.20225905 -0.05272152
v 0.13717794 0.26158756 -0.05272152
v 0.22659135 0.17414922 -0.05272152
v 0.20717335 0.16305324 -0.05272152
v 0.1897589 0.1565806 -0.05272152
v 0.16171065 0.15010792 -0.05272152
v 0.132892 0.14425181 -0.05272152
v 0.05946357 0.268896 -0.05272152
v 0.07633324 0.13747092 -0.05272152
v 0.041350104 0.13854957 -0.05272152
v 0.009449219 0.14425181 -0.05272152
v 0.036714032 0.2752822 -0.05272152
v -0.015054466 0.15164913 -0.05272152
v -0.0013497139 0.28049633 -0.05272152
v -0.025225744 0.15534769 -0.05272152
v -0.033393674 0.16027932 -0.05272152
v -0.043873142 0.16706023 -0.05272152
v -0.05358217 0.17507398 -0.05272152
v -0.0098083485 0.28062066 -0.05272152
v -0.01739618 0.27974996 -0.05272152
v -0.02510851 0.2777597 -0.05272152
v -0.032945085 0.27427676 -0.05272152
v -0.04857974 0.2648385 -0.05272152
v -0.062366482 0.18401238 -0.05272152
v -0.06899324 0.19433783 -0.05272152
v -0.061441135 0.25560513 -0.05272152
v -0.07269182 0.20204322 -0.05272152
v -0.07673034 0.21282096 -0.05272152
v -0.078204334 0.2249035 -0.05272152
v -0.07129125 0.24600115 -0.05272152
v -0.07804405 0.23560491 -0.05272152
v 0.031225061 -0.029938499 -0.053591993
v 0.04746231 -0.029057467 -0.053626962
v 0.03424589 -0.02666598 -0.053623833
v 0.043959968 -0.026490409 -0.053626962
v 0.030532822 -0.038120147 -0.05344699
v 0.019896753 -0.033714734 -0.0530963
v 0.025028784 -0.04246729 -0.05332559
v 0.031212786 -0.051115762 -0.053467013
v 0.030897407 -0.04508758 -0.053479172
v 0.027041921 -0.047677938 -0.053361364
v 0.010896974 -0.029812722 -0.05271271
v 0.015909879 -0.039151303 -0.05297945
v 0.0036593743 -0.026354063 -0.052391645
v 0.005843745 -0.035243317 -0.05251366
v -0.0025712494 -0.023650577 -0.052142758
v -0.0035118645 -0.031216795 -0.052067347
v -0.0090718875 -0.021937504 -0.05192542
v -0.010025359 -0.028966675 -0.051797796
v -0.015347033 -0.02107021 -0.051761784
v -0.01523601 -0.028493015 -0.051624876
v -0.021892421 -0.022265999 -0.05160289
v -0.01961786 -0.029321989 -0.05150522
v -0.027805468 -0.026039332 -0.051457293
v -0.022578407 -0.03169055 -0.0514266
v -0.030920908 -0.03151191 -0.05136106
v -0.023170544 -0.035124883 -0.051395148
v -0.03145849 -0.03730201 -0.051331695
v -0.02977627 -0.04244918 -0.051357176
v -0.021986304 -0.03832238 -0.051409956
v -0.026909305 -0.046889827 -0.051428534
v -0.01961786 -0.0418752 -0.051469374
v -0.021100935 -0.052003738 -0.05160289
v -0.01570977 -0.04554633 -0.05159686
v -0.013972006 -0.056227315 -0.051864125
v -0.010735928 -0.04874385 -0.051787693
v -0.006507411 -0.05846673 -0.052146416
v -0.0045777275 -0.05158603 -0.052051086
v 0.0028233675 -0.058839895 -0.052497666
v 0.0015804522 -0.052296616 -0.052318364
v 0.008048686 -0.058392067 -0.052699026
v 0.008093822 -0.052296616 -0.052608985
v 0.013423192 -0.057645585 -0.05291589
v 0.018872296 -0.056227315 -0.05310431
v 0.01472564 -0.05146758 -0.052898385
v 0.025164207 -0.053877573 -0.053305723
v 0.021002203 -0.049809705 -0.05315256
v 0.050602466 -0.033261094 -0.05365575
v 0.053492505 -0.037830982 -0.053626962
v 0.058390923 -0.031484757 -0.053827513
v 0.04818424 -0.034854453 -0.053626962
v 0.048648555 -0.042585563 -0.053626962
v 0.053519618 -0.029644286 -0.053823303
v 0.062174 -0.025406554 -0.054315563
v 0.056854315 -0.023944873 -0.054283757
v 0.06598822 -0.018124795 -0.05508995
v 0.060338803 -0.01710148 -0.05502782
v 0.06871184 -0.011315824 -0.055799313
v 0.06294363 -0.010323282 -0.05575947
v 0.07075454 -0.0039620935 -0.056368727
v 0.06515233 -0.0030652394 -0.056348074
v 0.07252478 0.004481041 -0.05662757
v 0.066523574 0.0058047073 -0.05662757
v 0.073457055 0.01278799 -0.056384094
v 0.06728051 0.01833845 -0.056097217
v 0.073750444 0.021231132 -0.05578611
v 0.067028925 0.031734753 -0.054795433
v 0.07306953 0.03348724 -0.054596104
v 0.065896824 0.04022534 -0.054035436
v 0.07100352 0.04560726 -0.053739067
v 0.06297611 0.051202744 -0.053626962
v 0.06854256 0.05493794 -0.053626962
v 0.0578753 0.06616257 -0.053626962
v 0.06396073 0.06803705 -0.053626962
v 0.054136723 0.0764913 -0.053626962
v 0.058165986 0.083115816 -0.053626962
v 0.035215836 0.16749837 -0.053626962
v 0.040689982 0.16765004 -0.053626962
v 0.04144528 0.18394428 -0.053626962
v 0.043569632 0.10582323 -0.053626962
v 0.0504224 0.1025661 -0.053626962
v 0.040047552 0.11815031 -0.053626962
v 0.04534415 0.118334234 -0.053626962
v 0.036913197 0.13703065 -0.053626962
v 0.041889656 0.13772787 -0.053626962
v 0.035484966 0.15150288 -0.053626962
v 0.040780053 0.15165198 -0.053626962
v 0.035969254 0.18387467 -0.053626962
v 0.04307479 0.19653529 -0.053626962
v 0.0426155 0.19816662 -0.053626962
v 0.040133335 0.19793393 -0.053626962
v 0.03858198 0.19591716 -0.053626962
v 0.04721983 -0.054266926 -0.053626962
v 0.03127306 -0.05455331 -0.053536255
v 0.044425886 -0.057895876 -0.053626962
v 0.03348419 -0.05774493 -0.053591993
v 0.17311351 0.10088384 -0.051864356
v 0.17878604 0.108550906 -0.051864356
v 0.17664967 0.13614799 -0.051864356
v 0.18075185 0.13632737 -0.051864356
v 0.1705285 0.08880132 -0.051864356
v 0.17434181 0.08521871 -0.051864356
v 0.16706118 0.076769784 -0.051864356
v 0.17107707 0.07366385 -0.051864356
v 0.16237977 0.06452408 -0.051864356
v 0.16306038 0.053425338 -0.051864356
v 0.15754683 0.053228315 -0.051864356
v 0.15887244 0.044109512 -0.051864356
v 0.14771228 0.03434593 -0.051880147
v 0.14181145 0.024904817 -0.052384015
v 0.142463 0.017615046 -0.052866317
v 0.1382149 0.019959476 -0.052873928
v 0.13231412 0.012372765 -0.05369195
v 0.13152333 0.0050515174 -0.054214504
v 0.118113615 -0.001930944 -0.0544885
v 0.11031146 -0.008930723 -0.0544885
v 0.10685034 -0.01761043 -0.0544885
v 0.095877066 -0.020300645 -0.05410842
v 0.09827709 -0.024020284 -0.054145515
v 0.08808675 -0.02559117 -0.053817876
v 0.07326176 -0.03390469 -0.053104725
v 0.08161126 -0.034348387 -0.05332585
v 0.07135518 -0.03956185 -0.052952427
v 0.06326228 -0.03832303 -0.052903336
v 0.054134753 -0.041869465 -0.053475685
v 0.056655027 -0.045544516 -0.053236824
v 0.049988728 -0.047339246 -0.053515684
v 0.045356207 -0.0435554 -0.053413
v 0.0406471 -0.043497264 -0.053294934
v 0.041088175 -0.047927633 -0.053330462
v 0.03614321 -0.0475957 -0.053192556
v 0.036984418 -0.042741504 -0.05319432
v 0.03367066 -0.04628782 -0.053147793
v 0.033438087 -0.041753184 -0.053136807
v 0.031694036 -0.0436717 -0.05313104
v 0.12477706 -0.0016681582 -0.0544885
v 0.15348814 0.034195375 -0.051864356
v 0.03424366 0.022151632 -0.05085206
v 0.04269528 0.021957934 -0.050754692
v 0.047872055 0.024873616 -0.050152965
v 0.037436616 0.019086055 -0.050973207
v 0.03067462 0.026871612 -0.050365455
v 0.057061177 0.03063801 -0.04897742
v 0.0279681 0.03245352 -0.049655896
v 0.06037398 0.032326933 -0.048723847
v 0.09707453 0.022406198 -0.050709974
v 0.105868876 0.024484856 -0.050768983
v 0.108961545 0.0355275 -0.049588803
v 0.026095087 0.03773835 -0.049087875
v 0.06297222 0.03304149 -0.048593204
v 0.02436373 0.04440011 -0.048782226
v 0.102985576 0.019468758 -0.050973207
v 0.10082622 0.01956343 -0.0509439
v 0.08921479 0.030850554 -0.049477108
v 0.11004356 0.044172395 -0.048861925
v 0.11001104 0.052658774 -0.048782226
v 0.08375838 0.035137754 -0.048881125
v 0.08603193 0.03370872 -0.049066983
v 0.06377798 0.0330711 -0.04839998
v 0.06857401 0.029472506 -0.04745918
v 0.07765247 0.03422827 -0.048538137
v 0.107847884 0.06470849 -0.048782226
v 0.022322265 0.059803694 -0.04854112
v 0.08116015 0.035397526 -0.048736434
v 0.023157429 0.05117407 -0.04874951
v 0.10518582 0.07446485 -0.048782226
v 0.023528568 0.07520724 -0.04789871
v 0.097762376 0.09172424 -0.048782226
v 0.02640507 0.088290974 -0.047449313
v 0.08913273 0.10304498 -0.048782226
v 0.033179 0.102673724 -0.047373433
v 0.028724924 0.09534314 -0.047373433
v 0.07809049 0.11139627 -0.048778072
v 0.04171588 0.11065395 -0.047556397
v 0.06463553 0.115571916 -0.048501667
v 0.051737454 0.115479186 -0.04798537
v 0.07076707 0.03020106 -0.047403406
v 0.07232603 0.030525854 -0.047446765
v 0.06529279 -0.13588701 -0.04600532
v 0.091988675 -0.17497401 -0.04588432
v 0.08100812 -0.14787503 -0.04600532
v 0.09329838 -0.16530302 -0.04600008
v 0.089167975 -0.18353681 -0.045663286
v 0.04504421 -0.13759969 -0.04600532
v -0.00871837 -0.151513 -0.04600532
v 0.011800174 -0.25022632 -0.04461963
v -0.05362275 -0.18222176 -0.04600532
v 0.07879191 -0.2023751 -0.045176845
v 0.084836304 -0.19310708 -0.04553948
v 0.06287501 -0.22050817 -0.04400411
v 0.072546 -0.21053496 -0.04476627
v 0.041518304 -0.23662649 -0.043858152
v 0.052398134 -0.22907098 -0.043858152
v 0.027213244 -0.24408124 -0.04406356
v -0.03514445 -0.2585877 -0.04600532
v -0.020738674 -0.25868842 -0.045846295
v -0.045831323 -0.25228283 -0.04600532
v -0.010866143 -0.2572781 -0.04556487
v -0.0019003613 -0.25475955 -0.045215666
v -0.04066205 -0.2569097 -0.04600532
v -0.05172975 -0.24212988 -0.04600532
v -0.06173451 -0.20539808 -0.04600532
v -0.059852194 -0.22259736 -0.04600532
v -0.2688782 -0.026430756 -0.041593403
v -0.24955523 -0.027364207 -0.041593403
v -0.2606484 -0.024948461 -0.041593403
v -0.25661024 -0.025152883 -0.041593403
v -0.24293582 -0.031844992 -0.041593403
v -0.27633953 -0.030425984 -0.041593403
v -0.23894826 -0.037811477 -0.041593403
v -0.28216183 -0.037791632 -0.041593403
v -0.24044085 -0.034798287 -0.041593403
v -0.23626868 -0.053331055 -0.041593403
v -0.28836927 -0.052716542 -0.041593403
v -0.23335873 -0.070185155 -0.041593403
v -0.2978409 -0.07233168 -0.041593403
v -0.22594336 -0.08826866 -0.041593403
v -0.30137292 -0.08018062 -0.041593403
v -0.30377838 -0.090945326 -0.041593403
v -0.30353138 -0.095420584 -0.041593403
v -0.23125377 -0.1034305 -0.041593403
v -0.30207455 -0.10192887 -0.041593403
v -0.22632809 -0.095272414 -0.041593403
v -0.26079407 -0.11054025 -0.041593403
v -0.26493004 -0.11030054 -0.041593403
v -0.29937395 -0.10759822 -0.041593403
v -0.22637403 -0.11512537 -0.041638874
v -0.29579887 -0.11238191 -0.041593403
v -0.27355072 -0.11569543 -0.041593403
v -0.2926205 -0.1147488 -0.041593403
v -0.26900613 -0.11347746 -0.041593403
v -0.28808975 -0.1164393 -0.041593403
v -0.27862242 -0.11684511 -0.041593403
v -0.2828827 -0.117047906 -0.041593403
v -0.25880513 -0.16319217 -0.042237934
v -0.21773529 -0.13543591 -0.04188701
v -0.25995994 -0.13825421 -0.041806255
v -0.22141133 -0.12615375 -0.041764196
v -0.21488635 -0.14343138 -0.04203205
v -0.21258877 -0.15308118 -0.042220484
v -0.25761816 -0.17393677 -0.042487346
v -0.25453362 -0.19503094 -0.04304831
v -0.2488621 -0.22159787 -0.04371629
v -0.25204608 -0.20697117 -0.043368272
v -0.17877123 -0.07774993 -0.044094477
v -0.09712922 -0.1620278 -0.044183545
v -0.047940362 -0.12909071 -0.044183545
v -0.23942505 -0.2526388 -0.044158638
v -0.24348894 -0.24129902 -0.044055145
v -0.19080362 -0.09819958 -0.04372294
v -0.19944662 -0.11999629 -0.043156423
v -0.14270744 -0.18821965 -0.0441641
v -0.12593658 -0.16241832 -0.044183545
v -0.21056692 -0.15069167 -0.042294703
v -0.16497362 -0.21586657 -0.044091653
v -0.23486285 -0.25937986 -0.044183545
v -0.17440282 -0.2258588 -0.044126578
v -0.20675902 -0.26089832 -0.044183545
v -0.19180839 -0.24594755 -0.044183545
v -0.22349158 -0.26625708 -0.044183545
v -0.21491209 -0.2658486 -0.044183545
v -0.22887078 -0.26414633 -0.044183545
v -0.14467679 -0.034586597 -0.044183545
v 0.13286437 -0.3886449 -0.046138547
v 0.12999056 -0.37744707 -0.046138547
v 0.060230043 -0.41269684 -0.046074968
v 0.06645626 -0.42054018 -0.045961507
v 0.07163127 -0.42838368 -0.045808148
v 0.12687059 -0.37385392 -0.046138547
v 0.05877452 -0.3962821 -0.046138547
v 0.05942147 -0.41059437 -0.04609285
v 0.11230012 -0.3650567 -0.046138547
v 0.059583094 -0.38948983 -0.046138547
v 0.065647714 -0.37647137 -0.046138547
v 0.062413216 -0.3708112 -0.046138547
v 0.11010089 -0.35131097 -0.046138547
v 0.061604638 -0.38294014 -0.046138547
v 0.056790095 -0.45024967 -0.04578302
v 0.056395005 -0.45249295 -0.04577191
v 0.05968925 -0.45498243 -0.045688342
v 0.08376287 -0.4857017 -0.044226814
v 0.15149453 -0.45702168 -0.045353256
v 0.08325461 -0.47062483 -0.044635374
v 0.14624242 -0.44602194 -0.045644592
v 0.082620345 -0.4592906 -0.044955336
v 0.1667554 -0.4825886 -0.04453139
v 0.083189 -0.50306934 -0.04382795
v 0.18106876 -0.5020345 -0.04392292
v 0.07646585 -0.53935236 -0.043444287
v 0.19582732 -0.5271239 -0.043489456
v 0.19826482 -0.5392646 -0.043444287
v 0.0777402 -0.45611572 -0.045120362
v 0.07946866 -0.45795113 -0.045050863
v 0.13821553 -0.42352697 -0.045959283
v 0.07616892 -0.45114002 -0.045261066
v 0.078827925 -0.4427769 -0.045458164
v 0.0636315 -0.45590258 -0.045599878
v 0.067098364 -0.45566615 -0.045519274
v 0.070669405 -0.45464918 -0.045428883
v 0.13581698 -0.40789184 -0.04610456
v 0.10549511 -0.3300539 -0.046138547
v 0.05497411 -0.3549626 -0.046138547
v 0.09871177 -0.30805615 -0.046138547
v 0.046192657 -0.33477852 -0.046138547
v 0.0896198 -0.28670642 -0.046138547
v 0.039618723 -0.3152549 -0.046138547
v 0.08274587 -0.2699631 -0.046138547
v 0.03512902 -0.30100116 -0.046138547
v 0.07582476 -0.25315478 -0.046138547
v 0.025080753 -0.2808641 -0.046138547
v 0.025217665 -0.28104967 -0.046138547
v 0.031631928 -0.2923859 -0.046138547
v 0.06472909 -0.22612984 -0.046138547
v 0.01678066 -0.26961395 -0.046138547
v 0.052687615 -0.20124061 -0.046138547
v 0.0030295604 -0.2531127 -0.046138547
v 0.041540656 -0.18093319 -0.046138547
v -0.029203117 -0.22076993 -0.046138547
v -0.011161554 -0.23804143 -0.046138547
v 0.024253106 -0.15372784 -0.046138547
v -0.046092104 -0.20474768 -0.046138547
v 0.001626838 -0.13087983 -0.046138547
v -0.076781996 -0.17617793 -0.046138547
v -0.09222779 -0.16042921 -0.046138547
v 0.05056108 -0.12257259 -0.046462476
v 0.039142396 -0.11749404 -0.046462476
v -0.067936055 -0.21098983 -0.046462476
v 0.031400874 -0.115220405 -0.046462476
v -0.074923806 -0.19375387 -0.046462476
v -0.09879353 -0.18049057 -0.046462476
v 0.016793653 -0.09969478 -0.046462476
v 0.029764488 -0.10454319 -0.046462476
v 0.027297009 -0.10137143 -0.046462476
v -0.1882811 -0.2362086 -0.049537074
v -0.17302345 -0.24041258 -0.049617838
v -0.1619011 -0.24006312 -0.04941578
v -0.062321603 -0.22255652 -0.046462476
v 0.067946196 -0.1332886 -0.046462476
v -0.054936863 -0.23565741 -0.046462476
v 0.01938286 -0.19300571 -0.050147932
v 0.08232855 -0.1468133 -0.046462476
v 0.06707384 -0.17241104 -0.047785643
v 0.07283243 -0.17228048 -0.04728988
v 0.09235864 -0.16043416 -0.046462476
v -0.04006145 -0.25570613 -0.045973938
v -0.030453611 -0.25472212 -0.045973938
v -0.03003304 -0.24932794 -0.045973938
v -0.03537221 -0.24709085 -0.04621027
v -0.02308805 -0.25082588 -0.045973938
v -0.028842831 -0.23731084 -0.046825234
v -0.018161535 -0.22414838 -0.048201334
v -0.007904506 -0.21401444 -0.04947656
v 0.03339931 -0.18418024 -0.050147932
v 0.045270182 -0.17828274 -0.049732115
v 0.077118985 -0.1728519 -0.04697427
v 0.079777315 -0.17393629 -0.04680047
v 0.09510628 -0.16640377 -0.046462476
v 0.081842706 -0.17583409 -0.046662588
v 0.08224475 -0.17875358 -0.04655489
v 0.093105964 -0.17619781 -0.046462476
v 0.079775155 -0.18592902 -0.046462476
v 0.08821877 -0.18850772 -0.046462476
v 0.07461258 -0.1966687 -0.04595436
v 0.08263778 -0.19802509 -0.046444245
v 0.07121812 -0.20130435 -0.045448642
v 0.07829592 -0.20350695 -0.045967177
v 0.06515797 -0.2093431 -0.044732086
v 0.07344714 -0.20677038 -0.04536455
v 0.054519515 -0.17478438 -0.048979387
v 0.005117728 -0.20298877 -0.050147932
v -0.17805515 -0.23992895 -0.04964031
v -0.20216504 -0.22750159 -0.049028676
v -0.14821552 -0.23809314 -0.048914585
v -0.21925135 -0.21203892 -0.047884695
v -0.13775565 -0.23564687 -0.048396572
v -0.12175887 -0.22904606 -0.047513194
v -0.23303695 -0.1949409 -0.046871748
v -0.1161927 -0.2246631 -0.04720517
v -0.23859952 -0.18630104 -0.04658291
v -0.10919496 -0.21174674 -0.046672374
v -0.24368873 -0.17553079 -0.046462476
v -0.10210257 -0.19226114 -0.046462476
v -0.24929793 -0.1580183 -0.046462476
v -0.24743293 -0.16555296 -0.046462476
v -0.24875148 -0.13596107 -0.046462476
v -0.24974549 -0.15055838 -0.046462476
v 0.017524505 -0.091336265 -0.046462476
v -0.17492172 -0.048281644 -0.046462476
v 0.013855241 -0.08388692 -0.046462476
v -0.24198714 -0.12780538 -0.046462476
v -0.22909108 -0.1133508 -0.046462476
v -0.21662311 -0.09050527 -0.046462476
v -0.22065154 -0.09721929 -0.046462476
v -0.20319505 -0.07192987 -0.046462476
v -0.20707431 -0.080210455 -0.046462476
v -0.19595885 -0.06446981 -0.046462476
v -0.18820052 -0.061933484 -0.046462476
v -0.14842342 0.013812366 -0.046462476
v -0.1643592 -0.00037522547 -0.046462476
v -0.15608512 -0.0038965323 -0.046462476
v -0.16112064 -0.037464663 -0.046462476
v -0.1467974 -0.029333262 -0.046462476
v 0.0059263706 -0.07327466 -0.046462476
v -0.14507419 -0.021404235 -0.046462476
v 0.011002517 -0.06529005 -0.046462476
v -0.13450497 -0.0073526115 -0.046462476
v 0.021972558 -0.06224028 -0.046462476
v -0.12860899 0.010247117 -0.046462476
v -0.14655456 -0.005724974 -0.046462476
v 0.05534351 -0.051897556 -0.046462476
v 0.07031193 -0.041687097 -0.046462476
v -0.1183716 0.02189727 -0.046462476
v 0.034652453 -0.05327023 -0.046462476
v 0.031940255 -0.056206405 -0.046462476
v -0.122889616 0.018594418 -0.046462476
v 0.048345637 -0.054120462 -0.046462476
v 0.038508926 -0.054443885 -0.046462476
v 0.09151756 -0.021460898 -0.046462476
v 0.09375684 -0.014078385 -0.046462476
v 0.09318565 -0.008471207 -0.046462476
v 0.07553624 -0.03569397 -0.046462476
v 0.08587224 -0.027853876 -0.046462476
v 0.10513182 0.0027292194 -0.046462476
v 0.1077068 0.006182307 -0.046462476
v -0.13508777 0.03383024 -0.046462476
v 0.11898265 0.013268122 -0.046462476
v -0.14660956 0.03982166 -0.046462476
v 0.12612645 0.020863136 -0.046462476
v -0.15957801 0.04538808 -0.046462476
v 0.13597818 0.03444246 -0.046462476
v -0.16655584 0.05209759 -0.046462476
v 0.13912998 0.05240462 -0.046462476
v -0.16967307 0.063981906 -0.046462476
v 0.13865219 0.042555153 -0.046462476
v 0.13875721 0.0624634 -0.046462476
v -0.16379115 0.08120281 -0.046462476
v 0.13464138 0.0764689 -0.046462476
v -0.1545702 0.09049868 -0.046462476
v -0.058187556 0.12053414 -0.046462476
v -0.069922164 0.12128039 -0.046462476
v -0.077896036 0.1186611 -0.046462476
v -0.14545968 0.093816735 -0.046462476
v -0.043651294 0.11682308 -0.046462476
v -0.1018212 0.10332119 -0.046462476
v -0.028256489 0.110122435 -0.046462476
v -0.11009965 0.09511786 -0.046462476
v 0.0091695795 0.10775211 -0.046462476
v -0.0027650108 0.10773503 -0.046462476
v -0.011896255 0.10548828 -0.046462476
v -0.01735015 0.10228111 -0.046462476
v 0.016754245 0.10598451 -0.046462476
v 0.07449038 0.10169347 -0.046462476
v 0.051372588 0.10468789 -0.046462476
v 0.026186919 0.10389242 -0.046462476
v 0.020498304 0.102439396 -0.046462476
v 0.09168806 0.10320287 -0.046462476
v 0.07902299 0.10415834 -0.046462476
v 0.111595824 0.09295793 -0.046462476
v 0.10460464 0.098748215 -0.046462476
v 0.12866677 0.08310843 -0.046462476
v 0.11862113 0.090474345 -0.046462476
v -0.25971252 0.06478312 -0.0424242
v -0.2600681 0.06023397 -0.042481028
v -0.25775903 0.06572019 -0.04241548
v -0.25370803 0.06436982 -0.04244929
v -0.25867948 0.054858774 -0.042632762
v -0.22947745 0.04269353 -0.044473257
v -0.23112674 0.046889585 -0.044156667
v -0.23516619 0.052000176 -0.04360158
v -0.23250556 0.049177993 -0.04392562
v -0.25613204 0.0493638 -0.04290041
v -0.25292307 0.043242972 -0.043356188
v -0.24896036 0.03741206 -0.04389825
v -0.22245768 0.030357508 -0.0457214
v -0.24404863 0.03191026 -0.0445379
v -0.23669456 0.024924265 -0.04544497
v -0.2165931 0.02308604 -0.046374533
v -0.22734046 0.017670002 -0.046324495
v -0.21063648 0.017746387 -0.046740096
v -0.21817584 0.011606599 -0.046801735
v -0.20756765 0.015996443 -0.046832867
v -0.20898354 0.006022588 -0.046886943
v -0.2017169 0.014230064 -0.046886943
v -0.19908164 0.0012239224 -0.046886943
v -0.18995525 0.011436716 -0.046886943
v -0.18948498 -0.0023851243 -0.046886943
v -0.17984252 -0.0052792816 -0.046886943
v -0.16969913 0.0085561015 -0.046886943
v -0.16801725 -0.007399574 -0.04688279
v -0.15744446 -0.008666481 -0.046820667
v -0.15071069 0.007964775 -0.046762187
v -0.13763295 -0.009750221 -0.046615552
v -0.12141454 -0.00944613 -0.046523
v -0.12169917 0.008077993 -0.046523
v -0.19012712 -0.013210441 -0.045359656
v -0.18375733 -0.011124503 -0.045370743
v -0.18738653 -0.010891543 -0.045359652
v -0.18556021 -0.010323156 -0.045359652
v -0.17955032 -0.014730384 -0.04551569
v -0.1925163 -0.017215908 -0.045420986
v -0.1917433 -0.03576748 -0.04641393
v -0.17283927 -0.020840576 -0.046029247
v -0.19385144 -0.026070079 -0.045755517
v -0.18844055 -0.041529667 -0.046800543
v -0.17846517 -0.05114242 -0.04702433
v -0.16142038 -0.029354572 -0.04688458
v -0.18429457 -0.04609733 -0.04700049
v -0.153307 -0.034262657 -0.04702433
v -0.17077217 -0.05605003 -0.04702433
v -0.14539395 -0.038068976 -0.047014736
v -0.15200506 -0.0654857 -0.046985835
v -0.1277648 -0.044379354 -0.046878118
v -0.1365794 -0.04157471 -0.04695593
v -0.13529491 -0.07145361 -0.04679373
v -0.115544654 -0.0766479 -0.046651687
v -0.10102065 -0.050489414 -0.046651687
v 0.31334105 0.18792246 -0.05438898
v 0.3098568 0.19496803 -0.05450324
v 0.30973402 0.17257088 -0.0544672
v 0.31459448 0.18272436 -0.05436601
v 0.3132793 0.17741877 -0.05439002
v 0.30315977 0.20323806 -0.054794718
v 0.3023697 0.16637601 -0.05469328
v 0.29351702 0.21219404 -0.0553375
v 0.29478714 0.16169392 -0.055005133
v 0.28137642 0.22048669 -0.056094605
v 0.28614232 0.15753926 -0.055429667
v 0.26887378 0.22703388 -0.056868162
v 0.26467073 0.15176482 -0.056591254
v 0.27595088 0.15407176 -0.05597759
v 0.25639173 0.23181415 -0.057542097
v 0.25676265 0.15133046 -0.05699811
v 0.24584492 0.23395704 -0.057977926
v 0.24640663 0.15203685 -0.057462007
v 0.018519752 0.26591387 -0.053144224
v 0.005400104 0.27783456 -0.052973893
v -0.013697385 0.2681976 -0.05283425
v -0.0058653136 0.2785752 -0.05302618
v 0.23856771 0.15413347 -0.05761678
v 0.21402101 0.16419058 -0.057663828
v 0.22819038 0.23572285 -0.058448333
v 0.00925204 0.2815747 -0.053853232
v 0.026931731 0.26399806 -0.052894413
v 0.02001228 0.289721 -0.055052586
v 0.037581597 0.2613668 -0.05301422
v 0.03268635 0.297581 -0.056551524
v 0.050374657 0.2571961 -0.053759832
v 0.047772918 0.3058392 -0.057822384
v 0.062019605 0.25266898 -0.054440703
v 0.057486374 0.31044897 -0.058330126
v 0.07331195 0.24799478 -0.05483641
v 0.07484185 0.3163911 -0.05856175
v 0.08515217 0.24183558 -0.054886784
v 0.09650481 0.31974706 -0.05856175
v 0.0973581 0.23488632 -0.055135336
v 0.12761931 0.31937814 -0.05856175
v 0.11796778 0.22149304 -0.05672547
v 0.14403826 0.3176025 -0.05856175
v 0.12877004 0.21362983 -0.056954402
v 0.15719204 0.3126243 -0.05856175
v 0.1547144 0.19682027 -0.057617314
v 0.16911364 0.18742482 -0.057755034
v 0.19897625 0.28597555 -0.05856175
v 0.17766953 0.3010805 -0.05856175
v 0.21491134 0.27085543 -0.05856175
v 0.1827934 0.17971388 -0.057755034
v 0.22588567 0.25599045 -0.05856175
v 0.22384527 0.26016876 -0.05856175
v 0.22768672 0.2468812 -0.05856175
v -0.108509995 0.24361435 -0.07787496
v -0.11348692 0.2454689 -0.077899404
v -0.118252754 0.24322043 -0.07787496
v -0.1051149 0.23746908 -0.07778377
v -0.1245681 0.23571937 -0.077712156
v -0.10381764 0.22858582 -0.07757331
v -0.12900345 0.22697683 -0.07740524
v -0.104196265 0.21546243 -0.077001736
v -0.1328279 0.21743198 -0.07693094
v -0.105323784 0.20172659 -0.07619121
v -0.13569784 0.2095779 -0.07638674
v -0.10726408 0.18774526 -0.07518252
v -0.1389797 0.1952411 -0.07536631
v -0.108524255 0.1735256 -0.07405493
v -0.14055775 0.18195562 -0.074316554
v -0.14181717 0.16810109 -0.07325951
v -0.109635346 0.15526 -0.072648294
v -0.1426545 0.1564857 -0.07242851
v -0.1102754 0.13947234 -0.071624614
v -0.14332618 0.14582488 -0.071756765
v -0.1105169 0.12705533 -0.07102827
v -0.14356034 0.13220935 -0.07108895
v -0.10975639 0.11674535 -0.070707016
v -0.14374028 0.121746734 -0.07074643
v -0.23925455 0.23596464 -0.07787496
v -0.24388972 0.23621579 -0.0778994
v -0.24762367 0.2331734 -0.07787496
v -0.23418355 0.23312901 -0.0778098
v -0.24974973 0.22738 -0.077802405
v -0.25013754 0.22197394 -0.07768117
v -0.18988754 0.16372052 -0.072492965
v -0.19800413 0.17608039 -0.073603794
v -0.21995287 0.14621842 -0.07212583
v -0.22832663 0.15902872 -0.07322395
v -0.22740994 0.22563517 -0.07754831
v -0.24974616 0.21537845 -0.07748342
v -0.24880849 0.2067188 -0.077106
v -0.24208175 0.18626694 -0.07572181
v -0.21368253 0.20149891 -0.07596659
v -0.2464941 0.19780047 -0.07659524
v -0.21977928 0.21281421 -0.07684054
v -0.20658989 0.18915467 -0.07484573
v -0.23628078 0.17329484 -0.07457342
v -0.18174264 0.15193845 -0.07158512
v -0.21174836 0.13434172 -0.07129925
v -0.17327411 0.14107366 -0.07095059
v -0.20276518 0.12338238 -0.07076526
v -0.31949434 0.13195838 -0.07787496
v -0.32396054 0.12906714 -0.0778994
v -0.32526413 0.1249995 -0.0778836
v -0.16588716 0.1328281 -0.07064994
v -0.19534564 0.114609025 -0.07064277
v -0.31290495 0.13191193 -0.07777708
v -0.3233286 0.11959397 -0.077821575
v -0.32051104 0.11563664 -0.07773197
v -0.29926953 0.12741737 -0.07731712
v -0.31648624 0.11118939 -0.07756928
v -0.28980166 0.12423269 -0.07681718
v -0.3115396 0.10656736 -0.07731014
v -0.3056245 0.10210122 -0.0769503
v -0.28075096 0.121063665 -0.0762225
v -0.29878297 0.09742927 -0.07646513
v -0.29148087 0.09353452 -0.07590822
v -0.25939238 0.11517439 -0.07456684
v -0.27099738 0.11798234 -0.0754937
v -0.27009004 0.08515925 -0.07413871
v -0.2828473 0.089708276 -0.07520759
v -0.24782775 0.11292052 -0.07362964
v -0.25674498 0.08217506 -0.07306751
v -0.23500839 0.11106396 -0.072648294
v -0.24363075 0.08058642 -0.07212583
v -0.22021735 0.10991698 -0.07167766
v -0.2283443 0.07944418 -0.0714679
v -0.20210074 0.109309964 -0.07085846
v -0.21698308 0.07891311 -0.07214468
v -0.29842454 0.027292093 -0.07788866
v -0.29810718 0.023784013 -0.0778994
v -0.29543388 0.02055655 -0.0778836
v -0.29424065 0.03132174 -0.07783738
v -0.29035664 0.018454066 -0.07782295
v -0.2826189 0.036617454 -0.077515066
v -0.28071305 0.017938202 -0.077588044
v -0.28627357 0.017841617 -0.07774195
v -0.27311048 0.04110494 -0.077059135
v -0.26827765 0.019516615 -0.0770659
v -0.25914928 0.022265142 -0.07652597
v -0.26068613 0.046968553 -0.07624618
v -0.24264494 0.02968984 -0.07525297
v -0.24998568 0.05270807 -0.07537623
v -0.22881208 0.036087994 -0.07405055
v -0.23905666 0.05976192 -0.0743578
v -0.21875241 0.041797843 -0.0731737
v -0.22885835 0.06725659 -0.07335627
v -0.21092796 0.04710549 -0.07254236
v -0.22150114 0.0732734 -0.07264324
v -0.20608997 0.052258212 -0.07214658
v -0.06991515 0.05458032 -0.07055498
v -0.07337944 0.058260262 -0.07055498
v -0.07095618 0.053607672 -0.07055498
v -0.09492835 0.023060672 -0.07055498
v -0.053844262 0.04480781 -0.07055498
v -0.080452494 0.024076233 -0.07055498
v -0.074166365 0.017009193 -0.07055498
v -0.06360474 0.04939909 -0.07055498
v -0.066178255 0.010974403 -0.07055498
v -0.058766223 0.0075243893 -0.07055498
v -0.045045648 0.0044345404 -0.07055498
v -0.026781986 0.032837223 -0.07055498
v -0.03329907 0.036060683 -0.07055498
v -0.03552208 0.003927843 -0.07055498
v -0.026742486 0.00435377 -0.07055498
v -0.018823646 0.027231798 -0.07055498
v -0.019234043 0.0058497465 -0.07055498
v -0.015189727 0.023689397 -0.07055498
v -0.014816883 0.008314825 -0.07055498
v -0.01234053 0.017875098 -0.07055498
v -0.012139645 0.012526016 -0.07055498
v -0.07992292 0.072104 -0.07055498
v -0.10440351 0.024102092 -0.07055498
v -0.08434549 0.07935386 -0.07055498
v -0.11423881 0.02843321 -0.07055498
v -0.09082594 0.09015259 -0.07055498
v -0.122000135 0.032309502 -0.07055498
v -0.09840213 0.10067292 -0.07055498
v -0.15760456 0.031734515 -0.07055498
v -0.16293795 0.03268987 -0.07055498
v -0.1519563 0.12399278 -0.07059051
v -0.17709666 0.03892597 -0.070681155
v -0.15992464 0.12797497 -0.07055498
v -0.19010724 0.046725687 -0.07118102
v -0.19508491 0.04715964 -0.07142124
v -0.19824399 0.11100173 -0.07074099
v -0.19932842 0.04805171 -0.07165662
v -0.14048007 0.23905881 -0.03955322
v -0.16072468 0.23364544 -0.038626187
v -0.14570855 0.22312033 -0.03976671
v -0.15184185 0.22228734 -0.039470434
v -0.2530881 0.30013812 -0.03652091
v -0.2438478 0.3004189 -0.03652091
v -0.2490536 0.30456057 -0.03652091
v -0.24656263 0.30468246 -0.03652091
v -0.24391556 0.30230448 -0.03652091
v -0.19353686 0.23685527 -0.03655223
v -0.19294488 0.23219374 -0.036649767
v -0.18965033 0.25864503 -0.03652091
v -0.18566051 0.26358715 -0.03652091
v -0.14339565 0.26325244 -0.03887121
v -0.1503803 0.26759794 -0.038292065
v -0.15225457 0.25318274 -0.03855395
v -0.1618196 0.25543788 -0.03787499
v -0.15590951 0.25318274 -0.03832575
v -0.15656851 0.26833662 -0.03783406
v -0.13162817 0.25600025 -0.039683465
v -0.13812858 0.2606046 -0.039257716
v -0.14424485 0.24789487 -0.039167568
v -0.12807874 0.2513637 -0.0398917
v -0.17785163 0.23758797 -0.037467744
v -0.1710429 0.23735316 -0.037912484
v -0.17604715 0.2510958 -0.03698893
v -0.16469683 0.24991667 -0.037683837
v -0.13808766 0.24203472 -0.03961469
v -0.12151116 0.24162261 -0.040185384
v -0.12250979 0.24550381 -0.040092297
v -0.13683362 0.23836024 -0.039738655
v -0.11678431 0.23519562 -0.040585894
v -0.15929538 0.2477782 -0.038102683
v -0.16368636 0.23610099 -0.03834168
v -0.16892983 0.23602282 -0.038084753
v -0.031726576 0.35432994 -0.037499867
v -0.03658233 0.3569989 -0.037499867
v -0.04040251 0.35404792 -0.037499867
v -0.03879006 0.35688442 -0.037499867
v -0.133002 0.21678464 -0.040142007
v -0.13850975 0.22019704 -0.040034276
v -0.16765326 0.2294575 -0.03823034
v -0.17268632 0.22545765 -0.038095124
v -0.17003058 0.22351752 -0.038339045
v -0.14395574 0.20935015 -0.040052533
v -0.1414714 0.17923163 -0.040149778
v -0.1360175 0.20877288 -0.040149778
v -0.1322649 0.2064636 -0.040149778
v -0.14453305 0.24312368 -0.039232995
v -0.14900742 0.24398962 -0.038926553
v -0.13380553 0.17573355 -0.040149778
v -0.12351687 0.20626521 -0.040149778
v -0.15304865 0.21223676 -0.039683465
v -0.1524865 0.18138997 -0.040149778
v -0.14756407 0.21165943 -0.03992338
v -0.14943492 0.18005028 -0.040149778
v -0.17846122 0.20862995 -0.03823034
v -0.17846122 0.20245257 -0.038688537
v -0.16699962 0.18511128 -0.039922338
v -0.074892215 0.2831149 -0.04216197
v -0.08163374 0.28910115 -0.04242741
v -0.097853206 0.28290048 -0.04238397
v -0.02544868 0.35087264 -0.037499867
v -0.037072208 0.34458277 -0.037499867
v -0.028180098 0.3537984 -0.037499867
v -0.013590097 0.3411058 -0.037499867
v -0.024041248 0.3467107 -0.037499867
v -0.019981433 0.34805724 -0.037499867
v -0.043245435 0.34621662 -0.037499867
v -0.053629663 0.34268838 -0.037499867
v -0.049568225 0.34609762 -0.037499867
v -0.059006907 0.34222248 -0.037499867
v -0.0723748 0.33172685 -0.037499867
v -0.071152784 0.31649548 -0.037808966
v -0.0063807005 0.3269653 -0.037774194
v -0.068026856 0.32279775 -0.03760865
v -0.012280678 0.33705217 -0.037520107
v -0.003274227 0.26094338 -0.040149778
v -0.004664587 0.28472704 -0.03979497
v -0.055012323 0.25872535 -0.040149778
v -0.059552956 0.27934933 -0.039735567
v -0.06750095 0.29930413 -0.03866008
v -0.005989981 0.3074002 -0.038677257
v -0.06679328 0.30738792 -0.0382389
v -0.06854393 0.31175292 -0.038021605
v -0.05281377 0.24873936 -0.040149778
v -0.0012599457 0.22648656 -0.040149778
v -0.030065704 0.22982149 -0.040149778
v -0.2468077 0.29536095 -0.03652091
v -0.2547951 0.29199135 -0.03652091
v -0.2467875 0.28736982 -0.03652091
v -0.25471738 0.28663787 -0.03652091
v -0.24461965 0.28074777 -0.03652091
v -0.2538436 0.27958456 -0.03652091
v -0.24204694 0.27564415 -0.03652091
v -0.25177947 0.27347553 -0.03652091
v -0.24920876 0.26824954 -0.03652091
v -0.23534708 0.26811275 -0.03652091
v -0.24548459 0.26235294 -0.03652091
v -0.2388414 0.27142173 -0.03652091
v -0.23180385 0.26535425 -0.03652091
v -0.24021886 0.2570589 -0.03652091
v -0.2283694 0.26401109 -0.03652091
v -0.23509184 0.25342962 -0.03652091
v -0.22558336 0.26188537 -0.03652091
v -0.23035489 0.25094756 -0.03652091
v -0.22019081 0.2593474 -0.03652091
v -0.2253385 0.24744192 -0.03652091
v -0.21477261 0.258576 -0.03652091
v -0.2185134 0.245694 -0.03652091
v -0.21451822 0.24386287 -0.03652091
v -0.20599926 0.25493565 -0.03652091
v -0.20810924 0.24319707 -0.03652091
v -0.20577978 0.24187739 -0.03652091
v -0.19176531 0.25260893 -0.03652091
v -0.19670571 0.25466725 -0.03652091
v -0.19390683 0.24136892 -0.03652091
v -0.19930832 0.24114692 -0.03652091
v -0.06523299 0.2644515 -0.040510237
v -0.06986084 0.27464223 -0.041416403
v -0.08858595 0.26389197 -0.041171413
v -0.093079194 0.27436393 -0.04187195
v -0.058848836 0.25490516 -0.040149778
v -0.083018854 0.25390148 -0.040406704
v -0.10066481 0.28512532 -0.04242741
v -0.115545206 0.2986142 -0.04242741
v -0.104296446 0.28482208 -0.04242741
v -0.12420755 0.2975934 -0.04242741
v -0.111189656 0.28129902 -0.04242741
v -0.13129771 0.29535797 -0.04242741
v -0.11881404 0.27740222 -0.04242741
v -0.13745888 0.2919972 -0.04242741
v -0.12410009 0.27658832 -0.04242741
v -0.12991607 0.27743423 -0.04242741
v -0.14292498 0.2868092 -0.04242741
v -0.13486601 0.27892476 -0.04242741
v -0.13842529 0.28067863 -0.04242741
v -0.14261219 0.2847737 -0.04242741
v -0.10482552 0.29776713 -0.04242741
v -0.097018816 0.29592904 -0.04242741
v -0.08972945 0.2935395 -0.04242741
v -0.109136455 0.2590755 -0.042209815
v -0.113144234 0.25868598 -0.042209815
v -0.11609435 0.2537317 -0.042209815
v -0.11474355 0.25760022 -0.042209815
v -0.07737511 0.24635617 -0.04026721
v -0.1155617 0.24766389 -0.04209816
v -0.080407284 0.2466704 -0.04040391
v -0.10922084 0.23271337 -0.041190486
v -0.11298301 0.24111867 -0.041860998
v -0.11450185 0.23369785 -0.040775694
v -0.15276004 0.2470206 -0.038591433
v -0.1730176 0.25629333 -0.03729474
v -0.16520442 0.27080542 -0.037238784
v -0.1812558 0.2658312 -0.036558207
v -0.17786919 0.26911238 -0.036661923
v -0.1912431 0.22657013 -0.036859192
v -0.18806133 0.22028077 -0.037191387
v -0.17800815 0.23281407 -0.037456177
v -0.1850276 0.21569316 -0.037536036
v -0.18265985 0.21243742 -0.037815142
v -0.16012083 0.2162781 -0.039214827
v -0.16300754 0.23114423 -0.038498994
v -0.1763479 0.19858819 -0.039003085
v -0.17153956 0.19173525 -0.039551765
v -0.17414452 0.19344702 -0.03936985
v -0.2298626 0.13932838 -0.040149778
v -0.23475614 0.13220169 -0.040149778
v -0.23915306 0.117840074 -0.040149778
v -0.23747762 0.12588063 -0.040149778
v -0.23818739 0.09583395 -0.040149778
v -0.22422437 0.14461789 -0.040149778
v -0.23972248 0.10759907 -0.040149778
v -0.21539508 0.15017335 -0.040149778
v -0.23389299 0.08507244 -0.040149778
v -0.20683847 0.15344709 -0.040149778
v -0.22890683 0.07708652 -0.040149778
v -0.21791087 0.06706785 -0.040149778
v -0.20323904 0.15406172 -0.040149778
v -0.22381711 0.07170448 -0.040149778
v -0.20609055 0.062771045 -0.040149778
v -0.21157923 0.063987784 -0.040149778
v -0.17895524 0.16950232 -0.040149778
v -0.17133129 0.168266 -0.040149778
v -0.16590522 0.16359547 -0.040149778
v -0.2034312 0.029904474 -0.040149778
v -0.15084912 0.17089592 -0.040149778
v -0.20591508 0.043340128 -0.040149778
v -0.15814394 0.16799127 -0.040149778
v -0.18760936 0.16792254 -0.040149778
v -0.19537061 0.1638015 -0.040149778
v -0.19960319 0.020877955 -0.040149778
v -0.19478284 0.012771207 -0.040149778
v -0.15862586 -0.017558245 -0.040149778
v -0.17081057 -0.010803683 -0.040149778
v -0.18445228 0.00045403032 -0.040149778
v -0.11460274 -0.033318646 -0.040149778
v -0.13240208 -0.0282597 -0.040149778
v -0.14644103 -0.022988422 -0.040149778
v -0.06114757 -0.037424807 -0.040149778
v -0.09542164 -0.03641838 -0.040149778
v -0.010024427 -0.024577819 -0.040149778
v 0.035536103 0.006811233 -0.040149778
v 0.044575833 0.20267108 -0.040149778
v 0.015083121 0.22236566 -0.040149778
v 0.06560075 0.05065005 -0.040149778
v 0.08056684 0.13077828 -0.040149778
v -0.03571842 -0.032391977 -0.040149778
vt 0.14282227 0.359375
vt 0.12475586 0.3659668
vt 0.14221191 0.36669922
vt 0.12182617 0.3779297
vt 0.11114502 0.3659668
vt 0.11077881 0.37841797
vt 0.09692383 0.37524414
vt 0.09613037 0.3635254
vt 0.08526611 0.36914062
vt 0.08929443 0.36157227
vt 0.07446289 0.36010742
vt 0.08306885 0.35864258
vt 0.07800293 0.3544922
vt 0.06439209 0.34692383
vt 0.07373047 0.34985352
vt 0.070251465 0.34399414
vt 0.030273438 0.20581055
vt 0.03036499 0.2220459
vt 0.044128418 0.20581055
vt 0.046936035 0.22216797
vt 0.054718018 0.20983887
vt 0.056610107 0.2244873
vt 0.05987549 0.21276855
vt 0.064697266 0.21704102
vt 0.06088257 0.22705078
vt 0.06878662 0.22167969
vt 0.07165527 0.2277832
vt 0.06298828 0.22998047
vt 0.06713867 0.33789062
vt 0.05935669 0.33764648
vt 0.064575195 0.3305664
vt 0.055725098 0.32885742
vt 0.06262207 0.32226562
vt 0.053100586 0.32055664
vt 0.061584473 0.31396484
vt 0.051208496 0.31079102
vt 0.06173706 0.30541992
vt 0.05041504 0.3010254
vt 0.062194824 0.29785156
vt 0.05026245 0.28979492
vt 0.06439209 0.28466797
vt 0.05105591 0.27929688
vt 0.06915283 0.27001953
vt 0.05380249 0.26367188
vt 0.07299805 0.25927734
vt 0.058685303 0.2512207
vt 0.07543945 0.25024414
vt 0.06286621 0.23913574
vt 0.07531738 0.24060059
vt 0.07385254 0.23388672
vt 0.06335449 0.23461914
vt 0.080322266 0.14160156
vt 0.077697754 0.1496582
vt 0.0925293 0.14465332
vt 0.025024414 0.055725098
vt 0.033843994 0.050323486
vt 0.029373169 0.04840088
vt 0.031921387 0.047912598
vt 0.04034424 0.05859375
vt 0.022567749 0.066833496
vt 0.04824829 0.064331055
vt 0.02255249 0.08178711
vt 0.025772095 0.09680176
vt 0.06915283 0.07348633
vt 0.05709839 0.06817627
vt 0.03201294 0.109375
vt 0.07965088 0.079956055
vt 0.037597656 0.11730957
vt 0.087646484 0.09082031
vt 0.084106445 0.08483887
vt 0.04446411 0.12402344
vt 0.09069824 0.09790039
vt 0.053100586 0.12915039
vt 0.09301758 0.107177734
vt 0.06188965 0.13183594
vt 0.1459961 0.06524658
vt 0.14208984 0.05899048
vt 0.10345459 0.0619812
vt 0.10839844 0.052093506
vt 0.1385498 0.05291748
vt 0.11450195 0.043426514
vt 0.1352539 0.04547119
vt 0.13293457 0.038513184
vt 0.12054443 0.03744507
vt 0.13183594 0.032073975
vt 0.12609863 0.03414917
vt 0.15270996 0.078552246
vt 0.14953613 0.0715332
vt 0.1003418 0.07647705
vt 0.15673828 0.09259033
vt 0.15576172 0.08685303
vt 0.10015869 0.090026855
vt 0.15405273 0.107788086
vt 0.15625 0.10089111
vt 0.10321045 0.10412598
vt 0.101501465 0.09790039
vt 0.10534668 0.11016846
vt 0.14978027 0.11413574
vt 0.107421875 0.115112305
vt 0.14404297 0.12084961
vt 0.13671875 0.12768555
vt 0.12609863 0.13452148
vt 0.11907959 0.1373291
vt 0.07489014 0.13269043
vt 0.08483887 0.13122559
vt 0.09436035 0.11791992
vt 0.10321045 0.14733887
vt 0.115478516 0.15734863
vt 0.121398926 0.14099121
vt 0.083984375 0.13745117
vt 0.099365234 0.14318848
vt 0.12512207 0.17175293
vt 0.12573242 0.15026855
vt 0.07696533 0.15515137
vt 0.07849121 0.16577148
vt 0.1038208 0.114746094
vt 0.09765625 0.11578369
vt 0.6220703 0.60546875
vt 0.62841797 0.6225586
vt 0.6328125 0.6274414
vt 0.6245117 0.6142578
vt 0.6230469 0.59521484
vt 0.6357422 0.62939453
vt 0.6274414 0.5854492
vt 0.6489258 0.63378906
vt 0.6542969 0.6616211
vt 0.6582031 0.6743164
vt 0.6635742 0.6796875
vt 0.6333008 0.57910156
vt 0.66259766 0.63720703
vt 0.6508789 0.5732422
vt 0.63916016 0.5751953
vt 0.65625 0.6689453
vt 0.65478516 0.65185547
vt 0.6777344 0.68603516
vt 0.72216797 0.7133789
vt 0.6953125 0.5703125
vt 0.7192383 0.71484375
vt 0.71191406 0.71484375
vt 0.7080078 0.7133789
vt 0.65771484 0.6435547
vt 0.6948242 0.7055664
vt 0.6723633 0.57177734
vt 0.6899414 0.703125
vt 0.6855469 0.6982422
vt 0.68310547 0.6972656
vt 0.67871094 0.6923828
vt 0.7675781 0.671875
vt 0.76123047 0.70214844
vt 0.7734375 0.67871094
vt 0.78125 0.6845703
vt 0.77246094 0.7084961
vt 0.79296875 0.6899414
vt 0.7939453 0.7241211
vt 0.8076172 0.69677734
vt 0.8286133 0.7060547
vt 0.8105469 0.7368164
vt 0.84814453 0.71484375
vt 0.8227539 0.74658203
vt 0.8330078 0.75341797
vt 0.8623047 0.7236328
vt 0.8417969 0.7573242
vt 0.8520508 0.7602539
vt 0.8696289 0.73095703
vt 0.8754883 0.74121094
vt 0.8613281 0.7607422
vt 0.87060547 0.7548828
vt 0.7026367 0.70947266
vt 0.7001953 0.70703125
vt 0.7495117 0.6381836
vt 0.7558594 0.703125
vt 0.75390625 0.640625
vt 0.7578125 0.6435547
vt 0.7602539 0.6464844
vt 0.7631836 0.64990234
vt 0.765625 0.6542969
vt 0.76708984 0.6586914
vt 0.7675781 0.66259766
vt 0.7675781 0.66748047
vt 0.7290039 0.7163086
vt 0.703125 0.5708008
vt 0.72509766 0.71533203
vt 0.70751953 0.5727539
vt 0.7114258 0.5756836
vt 0.7348633 0.7158203
vt 0.72998047 0.6269531
vt 0.7324219 0.6230469
vt 0.7211914 0.5776367
vt 0.7348633 0.6171875
vt 0.73583984 0.6123047
vt 0.7363281 0.6074219
vt 0.7363281 0.6020508
vt 0.72509766 0.5800781
vt 0.7285156 0.5834961
vt 0.73095703 0.58691406
vt 0.73339844 0.5913086
vt 0.73535156 0.5966797
vt 0.7402344 0.71191406
vt 0.7265625 0.63183594
vt 0.71533203 0.5756836
vt 0.7475586 0.70703125
vt 0.7338867 0.6333008
vt 0.7368164 0.63427734
vt 0.73828125 0.63623047
vt 0.7451172 0.63720703
vt 0.39013672 0.66308594
vt 0.3984375 0.6616211
vt 0.40625 0.65625
vt 0.40844727 0.6586914
vt 0.19104004 0.42822266
vt 0.22924805 0.42749023
vt 0.19445801 0.4194336
vt 0.19628906 0.41748047
vt 0.19873047 0.41625977
vt 0.2154541 0.41455078
vt 0.23474121 0.4140625
vt 0.26220703 0.42822266
vt 0.24926758 0.41479492
vt 0.26342773 0.41674805
vt 0.28344727 0.421875
vt 0.28222656 0.4309082
vt 0.30322266 0.42822266
vt 0.30151367 0.43530273
vt 0.3227539 0.43676758
vt 0.32104492 0.44262695
vt 0.33984375 0.4465332
vt 0.3371582 0.45117188
vt 0.34838867 0.45239258
vt 0.3466797 0.45751953
vt 0.359375 0.4609375
vt 0.35620117 0.4645996
vt 0.41186523 0.6513672
vt 0.41430664 0.65527344
vt 0.41992188 0.6503906
vt 0.4165039 0.6464844
vt 0.4255371 0.64404297
vt 0.42016602 0.6401367
vt 0.4309082 0.63623047
vt 0.4230957 0.6323242
vt 0.43481445 0.62646484
vt 0.42578125 0.6176758
vt 0.4375 0.61621094
vt 0.4260254 0.60839844
vt 0.43798828 0.60595703
vt 0.4230957 0.58447266
vt 0.4350586 0.5834961
vt 0.42993164 0.5625
vt 0.4182129 0.56591797
vt 0.42456055 0.54833984
vt 0.41333008 0.55126953
vt 0.4128418 0.52441406
vt 0.4033203 0.52734375
vt 0.40527344 0.5126953
vt 0.39770508 0.51660156
vt 0.3959961 0.49926758
vt 0.38989258 0.50341797
vt 0.38745117 0.4885254
vt 0.3828125 0.49267578
vt 0.37597656 0.48388672
vt 0.3791504 0.4794922
vt 0.36523438 0.47265625
vt 0.36816406 0.46875
vt 0.25708008 0.87841797
vt 0.25195312 0.87841797
vt 0.25512695 0.8847656
vt 0.25390625 0.87841797
vt 0.26416016 0.88134766
vt 0.25805664 0.89208984
vt 0.2607422 0.87939453
vt 0.27172852 0.88720703
vt 0.25927734 0.89697266
vt 0.26879883 0.88427734
vt 0.27685547 0.89453125
vt 0.25952148 0.9008789
vt 0.2746582 0.8911133
vt 0.2788086 0.89941406
vt 0.25878906 0.90625
vt 0.22460938 0.8774414
vt 0.21948242 0.8769531
vt 0.22302246 0.88378906
vt 0.28100586 0.90722656
vt 0.23059082 0.87939453
vt 0.2277832 0.89501953
vt 0.24743652 0.890625
vt 0.22973633 0.90185547
vt 0.23132324 0.9082031
vt 0.2397461 0.88427734
vt 0.20593262 0.8486328
vt 0.20422363 0.84472656
vt 0.20019531 0.84716797
vt 0.2512207 0.89453125
vt 0.25561523 0.9003906
vt 0.2319336 0.91552734
vt 0.20959473 0.84375
vt 0.20397949 0.8520508
vt 0.19543457 0.8510742
vt 0.20202637 0.85791016
vt 0.19165039 0.8544922
vt 0.20129395 0.8618164
vt 0.18786621 0.859375
vt 0.20092773 0.8696289
vt 0.18530273 0.86376953
vt 0.2010498 0.8754883
vt 0.18334961 0.86816406
vt 0.17590332 0.85839844
vt 0.17199707 0.85839844
vt 0.17138672 0.86328125
vt 0.20178223 0.8828125
vt 0.17480469 0.85498047
vt 0.1772461 0.8613281
vt 0.17150879 0.8691406
vt 0.18151855 0.8666992
vt 0.17248535 0.8754883
vt 0.17700195 0.88964844
vt 0.17602539 0.8955078
vt 0.21386719 0.8925781
vt 0.17541504 0.90527344
vt 0.17602539 0.9160156
vt 0.20776367 0.88720703
vt 0.21972656 0.8984375
vt 0.17773438 0.92578125
vt 0.22619629 0.90722656
vt 0.18029785 0.9350586
vt 0.43798828 0.9038086
vt 0.4387207 0.90185547
vt 0.43310547 0.9033203
vt 0.4333496 0.9086914
vt 0.42944336 0.9033203
vt 0.4296875 0.9116211
vt 0.42626953 0.9033203
vt 0.42578125 0.9135742
vt 0.41967773 0.9013672
vt 0.41625977 0.89990234
vt 0.4182129 0.9160156
vt 0.421875 0.91503906
vt 0.4128418 0.9165039
vt 0.41308594 0.8979492
vt 0.41015625 0.8955078
vt 0.43823242 0.93603516
vt 0.44140625 0.93359375
vt 0.43676758 0.9301758
vt 0.44311523 0.93066406
vt 0.43139648 0.93896484
vt 0.43237305 0.9296875
vt 0.42358398 0.9399414
vt 0.42773438 0.9267578
vt 0.41577148 0.9394531
vt 0.42333984 0.9238281
vt 0.40893555 0.9375
vt 0.41796875 0.9194336
vt 0.40185547 0.93408203
vt 0.41552734 0.91796875
vt 0.39624023 0.9316406
vt 0.25317383 0.9741211
vt 0.26831055 0.9741211
vt 0.27563477 0.96777344
vt 0.23779297 0.9716797
vt 0.28100586 0.95996094
vt 0.20410156 0.9614258
vt 0.28198242 0.95703125
vt 0.29370117 0.95751953
vt 0.3059082 0.95703125
vt 0.28930664 0.93603516
vt 0.18774414 0.9506836
vt 0.2890625 0.92871094
vt 0.28881836 0.92333984
vt 0.2878418 0.91845703
vt 0.2849121 0.9121094
vt 0.35107422 0.9501953
vt 0.2939453 0.9296875
vt 0.3395996 0.9526367
vt 0.32617188 0.9555664
vt 0.37548828 0.9423828
vt 0.30126953 0.9213867
vt 0.3635254 0.94677734
vt 0.39111328 0.93359375
vt 0.31176758 0.91259766
vt 0.39331055 0.9321289
vt 0.3232422 0.9057617
vt 0.3334961 0.9008789
vt 0.3371582 0.89501953
vt 0.34448242 0.88671875
vt 0.34887695 0.88378906
vt 0.3540039 0.8803711
vt 0.34106445 0.890625
vt 0.3647461 0.87646484
vt 0.37060547 0.87597656
vt 0.37548828 0.87597656
vt 0.359375 0.8779297
vt 0.40234375 0.8881836
vt 0.40625 0.89160156
vt 0.3803711 0.87646484
vt 0.3852539 0.8779297
vt 0.38964844 0.8798828
vt 0.3942871 0.8823242
vt 0.39868164 0.8852539
vt 0.31689453 0.95654297
vt 0.5439453 0.62890625
vt 0.53564453 0.6279297
vt 0.5263672 0.6303711
vt 0.5395508 0.6279297
vt 0.55371094 0.63427734
vt 0.51171875 0.63623047
vt 0.5708008 0.6459961
vt 0.49682617 0.6430664
vt 0.5786133 0.65185547
vt 0.48486328 0.6508789
vt 0.4777832 0.6591797
vt 0.58740234 0.6616211
vt 0.4802246 0.65478516
vt 0.58251953 0.6557617
vt 0.59375 0.66845703
vt 0.47558594 0.6645508
vt 0.5991211 0.67529297
vt 0.47045898 0.6796875
vt 0.6401367 0.70703125
vt 0.6386719 0.703125
vt 0.6328125 0.6958008
vt 0.6064453 0.6870117
vt 0.6035156 0.6816406
vt 0.64208984 0.71484375
vt 0.6298828 0.6928711
vt 0.6411133 0.72314453
vt 0.625 0.68896484
vt 0.6376953 0.7290039
vt 0.6176758 0.6855469
vt 0.609375 0.6850586
vt 0.6347656 0.7324219
vt 0.6123047 0.6850586
vt 0.46118164 0.69873047
vt 0.45458984 0.71191406
vt 0.44848633 0.7290039
vt 0.63916016 0.7709961
vt 0.44604492 0.7470703
vt 0.59033203 0.78759766
vt 0.5288086 0.79248047
vt 0.4453125 0.77685547
vt 0.5961914 0.10131836
vt 0.58984375 0.097473145
vt 0.5859375 0.10211182
vt 0.59521484 0.095703125
vt 0.59277344 0.092285156
vt 0.5957031 0.10949707
vt 0.5810547 0.105041504
vt 0.5917969 0.11804199
vt 0.57373047 0.106933594
vt 0.57910156 0.0814209
vt 0.5732422 0.08068848
vt 0.5703125 0.08282471
vt 0.5854492 0.124694824
vt 0.58154297 0.12780762
vt 0.57177734 0.13098145
vt 0.5698242 0.10650635
vt 0.55615234 0.13122559
vt 0.57666016 0.07739258
vt 0.5800781 0.08496094
vt 0.5620117 0.08508301
vt 0.57910156 0.09283447
vt 0.55126953 0.08532715
vt 0.52441406 0.06591797
vt 0.52001953 0.06585693
vt 0.57666016 0.09954834
vt 0.5732422 0.10394287
vt 0.5576172 0.07434082
vt 0.55859375 0.06585693
vt 0.5498047 0.06567383
vt 0.5576172 0.06161499
vt 0.5551758 0.08129883
vt 0.5449219 0.066833496
vt 0.54052734 0.06732178
vt 0.52490234 0.047790527
vt 0.51904297 0.04559326
vt 0.51171875 0.04626465
vt 0.5214844 0.044189453
vt 0.52441406 0.059295654
vt 0.49194336 0.04437256
vt 0.5258789 0.052825928
vt 0.48413086 0.04446411
vt 0.33251953 0.053833008
vt 0.34814453 0.04437256
vt 0.33544922 0.04260254
vt 0.34765625 0.03942871
vt 0.48901367 0.037353516
vt 0.46362305 0.030334473
vt 0.44848633 0.031280518
vt 0.45629883 0.030227661
vt 0.49023438 0.03237915
vt 0.4765625 0.02897644
vt 0.47045898 0.029846191
vt 0.4897461 0.026565552
vt 0.484375 0.025604248
vt 0.4880371 0.022140503
vt 0.45166016 0.02722168
vt 0.40820312 0.020492554
vt 0.4038086 0.023727417
vt 0.40551758 0.02180481
vt 0.45288086 0.024337769
vt 0.43286133 0.018844604
vt 0.41918945 0.019226074
vt 0.45336914 0.016983032
vt 0.44262695 0.017059326
vt 0.45092773 0.010894775
vt 0.44677734 0.01474762
vt 0.33154297 0.061553955
vt 0.34887695 0.03262329
vt 0.34106445 0.033691406
vt 0.3466797 0.028625488
vt 0.35083008 0.027694702
vt 0.39160156 0.019592285
vt 0.38061523 0.01902771
vt 0.37426758 0.020080566
vt 0.54833984 0.1361084
vt 0.54003906 0.14477539
vt 0.3864746 0.019180298
vt 0.39990234 0.02168274
vt 0.36889648 0.021774292
vt 0.35839844 0.028213501
vt 0.3635254 0.024627686
vt 0.3515625 0.036743164
vt 0.35424805 0.032806396
vt 0.5283203 0.15319824
vt 0.3334961 0.10888672
vt 0.33276367 0.125
vt 0.33203125 0.06793213
vt 0.3334961 0.074279785
vt 0.33569336 0.07989502
vt 0.3408203 0.0892334
vt 0.47729492 0.16589355
vt 0.3347168 0.14123535
vt 0.34179688 0.16149902
vt 0.6669922 0.46655273
vt 0.7753906 0.52001953
vt 0.6948242 0.4411621
vt 0.71240234 0.43115234
vt 0.72802734 0.42529297
vt 0.75341797 0.4194336
vt 0.7792969 0.41430664
vt 0.8457031 0.52685547
vt 0.8305664 0.40795898
vt 0.8623047 0.40893555
vt 0.8911133 0.41430664
vt 0.86621094 0.53271484
vt 0.91308594 0.42089844
vt 0.9008789 0.5371094
vt 0.9223633 0.4243164
vt 0.9296875 0.42871094
vt 0.93896484 0.43481445
vt 0.9477539 0.44213867
vt 0.9082031 0.53759766
vt 0.91503906 0.5366211
vt 0.9223633 0.53466797
vt 0.9291992 0.5317383
vt 0.9433594 0.5229492
vt 0.9560547 0.4501953
vt 0.96191406 0.45947266
vt 0.9550781 0.51464844
vt 0.96533203 0.4663086
vt 0.96875 0.47607422
vt 0.97021484 0.4873047
vt 0.9638672 0.50634766
vt 0.97021484 0.49682617
vt 0.07183838 0.7709961
vt 0.0569458 0.77197266
vt 0.06903076 0.7739258
vt 0.06021118 0.7739258
vt 0.07244873 0.7636719
vt 0.082214355 0.7675781
vt 0.07751465 0.7597656
vt 0.07183838 0.75146484
vt 0.072143555 0.7573242
vt 0.075683594 0.7548828
vt 0.0904541 0.7709961
vt 0.085876465 0.7626953
vt 0.09710693 0.7739258
vt 0.09509277 0.7661133
vt 0.1027832 0.7763672
vt 0.103637695 0.77001953
vt 0.10876465 0.77783203
vt 0.10961914 0.77197266
vt 0.11450195 0.7788086
vt 0.11437988 0.77246094
vt 0.12042236 0.77783203
vt 0.1184082 0.7714844
vt 0.12573242 0.77441406
vt 0.121154785 0.76953125
vt 0.12866211 0.76953125
vt 0.1217041 0.7661133
vt 0.12927246 0.76416016
vt 0.12768555 0.7597656
vt 0.12060547 0.7631836
vt 0.12512207 0.7553711
vt 0.1184082 0.7602539
vt 0.11975098 0.75097656
vt 0.114868164 0.75683594
vt 0.113220215 0.7470703
vt 0.11029053 0.75390625
vt 0.10638428 0.7451172
vt 0.10461426 0.75097656
vt 0.097839355 0.7446289
vt 0.09899902 0.7504883
vt 0.09307861 0.7451172
vt 0.09301758 0.7504883
vt 0.088134766 0.74560547
vt 0.08312988 0.7470703
vt 0.08691406 0.75146484
vt 0.07739258 0.74902344
vt 0.08117676 0.7529297
vt 0.054016113 0.7680664
vt 0.051483154 0.7636719
vt 0.04699707 0.76953125
vt 0.05630493 0.76660156
vt 0.055877686 0.75927734
vt 0.051330566 0.7714844
vt 0.043548584 0.7753906
vt 0.04824829 0.7763672
vt 0.040039062 0.7817383
vt 0.045074463 0.78271484
vt 0.03753662 0.78808594
vt 0.04269409 0.7890625
vt 0.03564453 0.7949219
vt 0.04067993 0.79541016
vt 0.0340271 0.8027344
vt 0.03942871 0.80371094
vt 0.033172607 0.8100586
vt 0.038757324 0.8154297
vt 0.03289795 0.8178711
vt 0.039001465 0.8276367
vt 0.033569336 0.82910156
vt 0.040039062 0.8354492
vt 0.035614014 0.84033203
vt 0.042755127 0.84521484
vt 0.037902832 0.8486328
vt 0.047424316 0.8588867
vt 0.042114258 0.86083984
vt 0.050842285 0.86865234
vt 0.047454834 0.8745117
vt 0.06817627 0.95166016
vt 0.06317139 0.95214844
vt 0.062469482 0.9667969
vt 0.060516357 0.8955078
vt 0.054473877 0.8925781
vt 0.0637207 0.9067383
vt 0.058898926 0.9067383
vt 0.06665039 0.9238281
vt 0.062072754 0.9248047
vt 0.06793213 0.9370117
vt 0.06304932 0.9375
vt 0.06750488 0.9667969
vt 0.06097412 0.9785156
vt 0.061401367 0.97998047
vt 0.06365967 0.97998047
vt 0.06506348 0.97802734
vt 0.05718994 0.74853516
vt 0.071777344 0.74853516
vt 0.0597229 0.74560547
vt 0.06970215 0.74560547
vt 0.020446777 0.5307617
vt 0.015365601 0.53759766
vt 0.01727295 0.5620117
vt 0.01360321 0.5625
vt 0.022750854 0.52001953
vt 0.019348145 0.51660156
vt 0.025863647 0.50878906
vt 0.022262573 0.50634766
vt 0.030044556 0.49804688
vt 0.029434204 0.4880371
vt 0.034362793 0.4880371
vt 0.033203125 0.47973633
vt 0.043121338 0.47094727
vt 0.04837036 0.46264648
vt 0.047943115 0.4560547
vt 0.051635742 0.4580078
vt 0.056915283 0.45141602
vt 0.057739258 0.44482422
vt 0.06964111 0.43847656
vt 0.07659912 0.43237305
vt 0.07977295 0.42456055
vt 0.089538574 0.42211914
vt 0.08746338 0.4189453
vt 0.09649658 0.41723633
vt 0.109802246 0.4099121
vt 0.10247803 0.4099121
vt 0.111694336 0.40527344
vt 0.118774414 0.40600586
vt 0.12695312 0.40283203
vt 0.124816895 0.39990234
vt 0.1307373 0.39819336
vt 0.13476562 0.4013672
vt 0.13903809 0.4013672
vt 0.1385498 0.39746094
vt 0.14294434 0.39794922
vt 0.14233398 0.40185547
vt 0.14501953 0.39892578
vt 0.1451416 0.40283203
vt 0.14624023 0.40112305
vt 0.06378174 0.43896484
vt 0.038024902 0.47094727
vt 0.5185547 0.22033691
vt 0.51123047 0.22021484
vt 0.50634766 0.22290039
vt 0.515625 0.21789551
vt 0.52197266 0.22460938
vt 0.49780273 0.22814941
vt 0.52441406 0.22973633
vt 0.4946289 0.22973633
vt 0.46069336 0.22045898
vt 0.45263672 0.22241211
vt 0.44970703 0.23266602
vt 0.5263672 0.23461914
vt 0.4921875 0.23034668
vt 0.52783203 0.24084473
vt 0.45507812 0.21801758
vt 0.45703125 0.21838379
vt 0.46801758 0.22827148
vt 0.44873047 0.24060059
vt 0.44873047 0.24841309
vt 0.47314453 0.2322998
vt 0.47094727 0.23095703
vt 0.49145508 0.23046875
vt 0.48706055 0.22741699
vt 0.47875977 0.23144531
vt 0.45092773 0.25952148
vt 0.52978516 0.25512695
vt 0.47558594 0.23254395
vt 0.5288086 0.24707031
vt 0.45336914 0.2685547
vt 0.5288086 0.2692871
vt 0.46020508 0.28442383
vt 0.5258789 0.28125
vt 0.46801758 0.29492188
vt 0.51953125 0.29467773
vt 0.5239258 0.2878418
vt 0.47827148 0.30249023
vt 0.51171875 0.30200195
vt 0.49072266 0.30639648
vt 0.5024414 0.3059082
vt 0.48510742 0.22802734
vt 0.48388672 0.22851562
vt 0.12060547 0.32983398
vt 0.09625244 0.29418945
vt 0.10626221 0.31884766
vt 0.095214844 0.30297852
vt 0.09881592 0.28637695
vt 0.13903809 0.32836914
vt 0.18811035 0.31567383
vt 0.16931152 0.22558594
vt 0.2290039 0.28759766
vt 0.10827637 0.2692871
vt 0.1027832 0.2775879
vt 0.122802734 0.25268555
vt 0.11395264 0.26171875
vt 0.14221191 0.23791504
vt 0.13232422 0.24487305
vt 0.15527344 0.23120117
vt 0.2121582 0.21789551
vt 0.19897461 0.21789551
vt 0.22192383 0.22375488
vt 0.19006348 0.21911621
vt 0.18188477 0.22143555
vt 0.21716309 0.21948242
vt 0.22729492 0.23291016
vt 0.2364502 0.26635742
vt 0.23474121 0.25073242
vt 0.6074219 0.5493164
vt 0.58984375 0.54833984
vt 0.60009766 0.55029297
vt 0.5966797 0.5498047
vt 0.5839844 0.5444336
vt 0.6142578 0.54541016
vt 0.5805664 0.5390625
vt 0.6196289 0.5390625
vt 0.58154297 0.5415039
vt 0.578125 0.52490234
vt 0.625 0.5253906
vt 0.5751953 0.5097656
vt 0.63378906 0.5078125
vt 0.56884766 0.49316406
vt 0.63671875 0.5004883
vt 0.63916016 0.49072266
vt 0.6386719 0.4868164
vt 0.5732422 0.4794922
vt 0.6376953 0.4807129
vt 0.56884766 0.4868164
vt 0.60009766 0.47314453
vt 0.6040039 0.47314453
vt 0.6352539 0.47558594
vt 0.56884766 0.46899414
vt 0.63183594 0.47143555
vt 0.6118164 0.46826172
vt 0.62890625 0.46923828
vt 0.6074219 0.47045898
vt 0.625 0.46777344
vt 0.61621094 0.46728516
vt 0.6201172 0.46728516
vt 0.59814453 0.42529297
vt 0.56103516 0.45043945
vt 0.5996094 0.44799805
vt 0.5644531 0.45898438
vt 0.55859375 0.44335938
vt 0.5566406 0.4345703
vt 0.59716797 0.41577148
vt 0.59472656 0.39648438
vt 0.58935547 0.3725586
vt 0.59228516 0.3857422
vt 0.5258789 0.5029297
vt 0.45214844 0.42651367
vt 0.4074707 0.45629883
vt 0.5810547 0.34448242
vt 0.58447266 0.35473633
vt 0.5366211 0.48413086
vt 0.5444336 0.46435547
vt 0.4934082 0.40283203
vt 0.47802734 0.4260254
vt 0.5546875 0.43676758
vt 0.5136719 0.37768555
vt 0.57666016 0.3383789
vt 0.52197266 0.36865234
vt 0.55126953 0.33691406
vt 0.53759766 0.35058594
vt 0.56640625 0.33203125
vt 0.55859375 0.33251953
vt 0.57128906 0.33398438
vt 0.4951172 0.5419922
vt 0.23046875 0.15942383
vt 0.2331543 0.16967773
vt 0.296875 0.13745117
vt 0.29101562 0.1303711
vt 0.28637695 0.123168945
vt 0.23596191 0.17297363
vt 0.2980957 0.15246582
vt 0.29760742 0.1394043
vt 0.24926758 0.18103027
vt 0.29736328 0.1586914
vt 0.29174805 0.17053223
vt 0.29492188 0.17565918
vt 0.2512207 0.19348145
vt 0.2956543 0.16467285
vt 0.2998047 0.103149414
vt 0.30004883 0.10131836
vt 0.29736328 0.09893799
vt 0.27539062 0.07086182
vt 0.21350098 0.0970459
vt 0.2758789 0.08459473
vt 0.21826172 0.107055664
vt 0.2763672 0.0949707
vt 0.19958496 0.07373047
vt 0.2758789 0.055023193
vt 0.18652344 0.05596924
vt 0.28198242 0.021896362
vt 0.1730957 0.033050537
vt 0.17077637 0.02204895
vt 0.28076172 0.097839355
vt 0.27929688 0.096191406
vt 0.22558594 0.12756348
vt 0.28222656 0.10241699
vt 0.27978516 0.11004639
vt 0.29370117 0.098083496
vt 0.29052734 0.09832764
vt 0.28735352 0.099243164
vt 0.2277832 0.1418457
vt 0.2553711 0.21289062
vt 0.30151367 0.19018555
vt 0.26171875 0.23303223
vt 0.3095703 0.20861816
vt 0.27001953 0.2524414
vt 0.31567383 0.22644043
vt 0.27612305 0.26782227
vt 0.31958008 0.23937988
vt 0.2824707 0.28320312
vt 0.32885742 0.2578125
vt 0.32885742 0.25756836
vt 0.32299805 0.24731445
vt 0.2927246 0.30786133
vt 0.33642578 0.2680664
vt 0.30371094 0.3305664
vt 0.34887695 0.28320312
vt 0.31396484 0.3491211
vt 0.37841797 0.31274414
vt 0.36206055 0.296875
vt 0.32958984 0.3737793
vt 0.39379883 0.32739258
vt 0.3503418 0.3947754
vt 0.421875 0.35327148
vt 0.43603516 0.36767578
vt 0.69140625 0.1541748
vt 0.70166016 0.15881348
vt 0.7993164 0.07366943
vt 0.7084961 0.16088867
vt 0.80566406 0.08935547
vt 0.82714844 0.10144043
vt 0.72216797 0.17504883
vt 0.70996094 0.17114258
vt 0.71240234 0.17358398
vt 0.9086914 0.050720215
vt 0.89501953 0.046966553
vt 0.8847656 0.047180176
vt 0.7939453 0.06311035
vt 0.67529297 0.14440918
vt 0.78759766 0.05117798
vt 0.71972656 0.090026855
vt 0.6621094 0.13208008
vt 0.67626953 0.10882568
vt 0.67089844 0.108947754
vt 0.6533203 0.11975098
vt 0.7739258 0.032928467
vt 0.7651367 0.03387451
vt 0.76464844 0.03869629
vt 0.76953125 0.040771484
vt 0.7583008 0.037384033
vt 0.7636719 0.049682617
vt 0.75390625 0.061676025
vt 0.7446289 0.07092285
vt 0.70703125 0.098083496
vt 0.69628906 0.10345459
vt 0.6669922 0.10839844
vt 0.6645508 0.107421875
vt 0.6508789 0.11431885
vt 0.66259766 0.10571289
vt 0.6621094 0.103027344
vt 0.65234375 0.10534668
vt 0.6645508 0.09649658
vt 0.6567383 0.09411621
vt 0.6694336 0.08673096
vt 0.6621094 0.085510254
vt 0.6723633 0.082458496
vt 0.6660156 0.08050537
vt 0.6777344 0.07525635
vt 0.67041016 0.07757568
vt 0.6875 0.10662842
vt 0.7324219 0.08093262
vt 0.89941406 0.04763794
vt 0.9213867 0.058624268
vt 0.8725586 0.048950195
vt 0.9370117 0.07269287
vt 0.86279297 0.051208496
vt 0.84814453 0.05722046
vt 0.94970703 0.088256836
vt 0.8432617 0.06121826
vt 0.95458984 0.09613037
vt 0.83691406 0.07299805
vt 0.95947266 0.10595703
vt 0.8305664 0.09069824
vt 0.96435547 0.12194824
vt 0.9628906 0.11505127
vt 0.9638672 0.14196777
vt 0.96484375 0.12878418
vt 0.7211914 0.18273926
vt 0.8964844 0.22192383
vt 0.7246094 0.18945312
vt 0.9580078 0.14941406
vt 0.94628906 0.16259766
vt 0.9345703 0.18347168
vt 0.93847656 0.17736816
vt 0.9223633 0.20031738
vt 0.92578125 0.1928711
vt 0.9160156 0.20715332
vt 0.9086914 0.20947266
vt 0.8725586 0.27856445
vt 0.88720703 0.265625
vt 0.87939453 0.26245117
vt 0.88427734 0.23181152
vt 0.87109375 0.23913574
vt 0.7319336 0.19909668
vt 0.8696289 0.24645996
vt 0.7270508 0.2064209
vt 0.8598633 0.25927734
vt 0.71728516 0.20922852
vt 0.8544922 0.27514648
vt 0.87060547 0.2607422
vt 0.6870117 0.21862793
vt 0.67333984 0.22790527
vt 0.84521484 0.28588867
vt 0.7055664 0.21740723
vt 0.7080078 0.21472168
vt 0.8491211 0.28295898
vt 0.6933594 0.21655273
vt 0.70214844 0.2163086
vt 0.6538086 0.24633789
vt 0.65185547 0.25317383
vt 0.65234375 0.25830078
vt 0.66845703 0.23339844
vt 0.6591797 0.24047852
vt 0.64160156 0.26831055
vt 0.63916016 0.27148438
vt 0.86035156 0.29663086
vt 0.62890625 0.27807617
vt 0.87109375 0.3022461
vt 0.6225586 0.2849121
vt 0.8828125 0.30737305
vt 0.61328125 0.29736328
vt 0.88916016 0.31347656
vt 0.61035156 0.3137207
vt 0.89208984 0.32421875
vt 0.61083984 0.3046875
vt 0.61083984 0.3227539
vt 0.88671875 0.33984375
vt 0.6147461 0.33569336
vt 0.8779297 0.34838867
vt 0.79052734 0.37573242
vt 0.80078125 0.37646484
vt 0.80810547 0.37402344
vt 0.8696289 0.35131836
vt 0.77685547 0.37231445
vt 0.8300781 0.36010742
vt 0.7631836 0.36621094
vt 0.83740234 0.35253906
vt 0.7290039 0.36401367
vt 0.7397461 0.36401367
vt 0.7480469 0.36206055
vt 0.7529297 0.35913086
vt 0.72216797 0.36254883
vt 0.6694336 0.35864258
vt 0.6904297 0.36132812
vt 0.7133789 0.3605957
vt 0.71875 0.35913086
vt 0.6538086 0.35986328
vt 0.66552734 0.36083984
vt 0.6357422 0.35058594
vt 0.64208984 0.35595703
vt 0.6201172 0.34155273
vt 0.62939453 0.34838867
vt 0.9511719 0.72509766
vt 0.95166016 0.7211914
vt 0.94970703 0.7260742
vt 0.94628906 0.72509766
vt 0.9506836 0.7163086
vt 0.9243164 0.7055664
vt 0.92626953 0.7089844
vt 0.9296875 0.7138672
vt 0.9272461 0.7109375
vt 0.9482422 0.7114258
vt 0.9453125 0.7060547
vt 0.94189453 0.7006836
vt 0.91796875 0.69433594
vt 0.9375 0.6958008
vt 0.93066406 0.6894531
vt 0.91308594 0.6879883
vt 0.9223633 0.68310547
vt 0.90771484 0.68310547
vt 0.9140625 0.6777344
vt 0.90478516 0.68115234
vt 0.9057617 0.6723633
vt 0.89941406 0.6796875
vt 0.89697266 0.66796875
vt 0.8886719 0.6772461
vt 0.8886719 0.66503906
vt 0.8798828 0.6621094
vt 0.87060547 0.6748047
vt 0.8691406 0.66064453
vt 0.8598633 0.6591797
vt 0.8535156 0.6743164
vt 0.8417969 0.6582031
vt 0.82714844 0.6586914
vt 0.8276367 0.6743164
vt 0.9423828 0.6508789
vt 0.93652344 0.65234375
vt 0.9399414 0.65234375
vt 0.9379883 0.65283203
vt 0.9326172 0.64941406
vt 0.94433594 0.64697266
vt 0.94384766 0.6303711
vt 0.9267578 0.64404297
vt 0.9458008 0.63916016
vt 0.94091797 0.6254883
vt 0.9316406 0.6166992
vt 0.9165039 0.63623047
vt 0.9370117 0.62109375
vt 0.9091797 0.63183594
vt 0.9248047 0.6123047
vt 0.90185547 0.62841797
vt 0.90771484 0.6035156
vt 0.88623047 0.6225586
vt 0.89404297 0.625
vt 0.8930664 0.59814453
vt 0.875 0.59375
vt 0.8618164 0.6171875
vt 0.43359375 0.8544922
vt 0.43652344 0.86083984
vt 0.43676758 0.84033203
vt 0.43310547 0.8496094
vt 0.4338379 0.84472656
vt 0.44262695 0.86816406
vt 0.44335938 0.83496094
vt 0.45141602 0.87646484
vt 0.4501953 0.8305664
vt 0.46240234 0.88427734
vt 0.4580078 0.82666016
vt 0.47387695 0.8901367
vt 0.4777832 0.82128906
vt 0.4675293 0.82373047
vt 0.48535156 0.89453125
vt 0.48486328 0.82128906
vt 0.49487305 0.8964844
vt 0.49438477 0.82177734
vt 0.70214844 0.92529297
vt 0.7138672 0.93603516
vt 0.7314453 0.9277344
vt 0.7241211 0.93652344
vt 0.50146484 0.82373047
vt 0.5239258 0.8330078
vt 0.51123047 0.8979492
vt 0.7104492 0.9394531
vt 0.6948242 0.9238281
vt 0.7006836 0.9472656
vt 0.6850586 0.9213867
vt 0.6894531 0.95458984
vt 0.67333984 0.91748047
vt 0.67578125 0.96191406
vt 0.66259766 0.9135742
vt 0.6665039 0.9663086
vt 0.65234375 0.9091797
vt 0.6508789 0.9716797
vt 0.64160156 0.9038086
vt 0.63134766 0.9746094
vt 0.6303711 0.89746094
vt 0.60253906 0.9741211
vt 0.6113281 0.8852539
vt 0.5878906 0.97265625
vt 0.6015625 0.8779297
vt 0.5756836 0.9682617
vt 0.578125 0.8623047
vt 0.5649414 0.8540039
vt 0.53759766 0.94384766
vt 0.5571289 0.95751953
vt 0.5229492 0.9301758
vt 0.5522461 0.84716797
vt 0.5131836 0.9165039
vt 0.5151367 0.92041016
vt 0.51171875 0.9082031
vt 0.77978516 0.9819336
vt 0.7841797 0.98339844
vt 0.7885742 0.9819336
vt 0.77685547 0.9765625
vt 0.7944336 0.97509766
vt 0.7753906 0.9682617
vt 0.7988281 0.9667969
vt 0.7758789 0.9550781
vt 0.8022461 0.9580078
vt 0.7763672 0.9423828
vt 0.8046875 0.94970703
vt 0.7783203 0.9291992
vt 0.8076172 0.93603516
vt 0.7792969 0.9160156
vt 0.80908203 0.9238281
vt 0.8100586 0.9111328
vt 0.78027344 0.89941406
vt 0.81103516 0.9003906
vt 0.78125 0.8847656
vt 0.81152344 0.890625
vt 0.78125 0.87353516
vt 0.81152344 0.8779297
vt 0.7807617 0.86376953
vt 0.8120117 0.86865234
vt 0.90185547 0.9746094
vt 0.9057617 0.9741211
vt 0.9091797 0.97216797
vt 0.89697266 0.97216797
vt 0.9116211 0.9667969
vt 0.9116211 0.96191406
vt 0.8544922 0.90722656
vt 0.8618164 0.91845703
vt 0.88183594 0.8911133
vt 0.88964844 0.90283203
vt 0.8911133 0.96533203
vt 0.9116211 0.9560547
vt 0.91064453 0.9477539
vt 0.9038086 0.92871094
vt 0.8769531 0.9423828
vt 0.9082031 0.9394531
vt 0.8833008 0.953125
vt 0.8696289 0.93066406
vt 0.89746094 0.9165039
vt 0.8466797 0.8959961
vt 0.8745117 0.8798828
vt 0.8388672 0.88623047
vt 0.86621094 0.8701172
vt 0.9736328 0.8779297
vt 0.9770508 0.875
vt 0.9785156 0.87158203
vt 0.83203125 0.87841797
vt 0.859375 0.8618164
vt 0.96777344 0.8779297
vt 0.9770508 0.8666992
vt 0.9746094 0.86279297
vt 0.9550781 0.87353516
vt 0.9707031 0.8588867
vt 0.94628906 0.87060547
vt 0.9663086 0.8544922
vt 0.9609375 0.85058594
vt 0.9379883 0.8676758
vt 0.95458984 0.8461914
vt 0.9477539 0.84277344
vt 0.91845703 0.8623047
vt 0.9291992 0.8652344
vt 0.92822266 0.83496094
vt 0.9399414 0.8388672
vt 0.90771484 0.86035156
vt 0.9160156 0.83203125
vt 0.8959961 0.85839844
vt 0.9038086 0.8305664
vt 0.8823242 0.8574219
vt 0.88964844 0.82958984
vt 0.86572266 0.8569336
vt 0.87939453 0.82910156
vt 0.95410156 0.7817383
vt 0.953125 0.7788086
vt 0.9511719 0.7753906
vt 0.9501953 0.78515625
vt 0.94677734 0.7734375
vt 0.9394531 0.79003906
vt 0.9379883 0.7729492
vt 0.9428711 0.7729492
vt 0.93115234 0.7944336
vt 0.9267578 0.77441406
vt 0.91796875 0.77685547
vt 0.9194336 0.7998047
vt 0.90283203 0.7836914
vt 0.90966797 0.8046875
vt 0.8901367 0.7895508
vt 0.89941406 0.81152344
vt 0.8808594 0.7949219
vt 0.8901367 0.8183594
vt 0.87353516 0.7998047
vt 0.8833008 0.82373047
vt 0.8691406 0.8046875
vt 0.74365234 0.8066406
vt 0.7470703 0.8100586
vt 0.7446289 0.80566406
vt 0.76708984 0.77783203
vt 0.7290039 0.79785156
vt 0.75341797 0.7788086
vt 0.7475586 0.77197266
vt 0.73828125 0.8017578
vt 0.7402344 0.76660156
vt 0.73339844 0.7631836
vt 0.7211914 0.7607422
vt 0.70410156 0.7866211
vt 0.70996094 0.7895508
vt 0.71240234 0.7602539
vt 0.70410156 0.7602539
vt 0.69677734 0.7817383
vt 0.6972656 0.76171875
vt 0.6933594 0.7783203
vt 0.6933594 0.76416016
vt 0.69091797 0.7729492
vt 0.69091797 0.7680664
vt 0.7529297 0.8227539
vt 0.7753906 0.7788086
vt 0.7573242 0.82958984
vt 0.78466797 0.78271484
vt 0.7631836 0.83935547
vt 0.7919922 0.7861328
vt 0.77001953 0.8491211
vt 0.82470703 0.78564453
vt 0.82958984 0.7866211
vt 0.81933594 0.87060547
vt 0.84277344 0.79248047
vt 0.82666016 0.87402344
vt 0.8544922 0.7993164
vt 0.8588867 0.7998047
vt 0.8618164 0.85839844
vt 0.86279297 0.80078125
vt 0.28759766 0.71435547
vt 0.30615234 0.7089844
vt 0.29248047 0.69970703
vt 0.2980957 0.69873047
vt 0.39013672 0.76953125
vt 0.38183594 0.77001953
vt 0.3864746 0.7734375
vt 0.38452148 0.7734375
vt 0.38232422 0.7714844
vt 0.3359375 0.71191406
vt 0.33544922 0.7080078
vt 0.3322754 0.7319336
vt 0.32885742 0.7363281
vt 0.2902832 0.7363281
vt 0.29663086 0.7402344
vt 0.29833984 0.7270508
vt 0.3071289 0.7290039
vt 0.3017578 0.7270508
vt 0.3022461 0.74072266
vt 0.27954102 0.7294922
vt 0.2854004 0.7338867
vt 0.29101562 0.72216797
vt 0.2763672 0.72558594
vt 0.32177734 0.7128906
vt 0.3154297 0.71240234
vt 0.32006836 0.72509766
vt 0.30981445 0.7241211
vt 0.2854004 0.7167969
vt 0.2705078 0.7163086
vt 0.27124023 0.72021484
vt 0.28442383 0.7133789
vt 0.26611328 0.7104492
vt 0.3046875 0.72216797
vt 0.3088379 0.7114258
vt 0.31347656 0.7114258
vt 0.18847656 0.81933594
vt 0.19299316 0.82128906
vt 0.19641113 0.81884766
vt 0.19470215 0.82128906
vt 0.28076172 0.69384766
vt 0.28588867 0.69677734
vt 0.3125 0.7055664
vt 0.31689453 0.70166016
vt 0.31445312 0.7001953
vt 0.29077148 0.6870117
vt 0.28857422 0.65966797
vt 0.28344727 0.68652344
vt 0.2800293 0.6845703
vt 0.29125977 0.71777344
vt 0.29541016 0.71875
vt 0.28149414 0.65625
vt 0.2722168 0.68408203
vt 0.29907227 0.6894531
vt 0.29858398 0.6616211
vt 0.29418945 0.68896484
vt 0.2956543 0.66015625
vt 0.32226562 0.68652344
vt 0.32226562 0.68066406
vt 0.31176758 0.66503906
vt 0.22790527 0.75439453
vt 0.23400879 0.7597656
vt 0.2487793 0.75390625
vt 0.18286133 0.81591797
vt 0.19335938 0.8100586
vt 0.1854248 0.8183594
vt 0.17199707 0.8071289
vt 0.18151855 0.8120117
vt 0.17797852 0.8129883
vt 0.19897461 0.81152344
vt 0.2084961 0.80859375
vt 0.20471191 0.81152344
vt 0.21325684 0.8076172
vt 0.22558594 0.79833984
vt 0.2244873 0.78466797
vt 0.16540527 0.7944336
vt 0.22155762 0.79052734
vt 0.17077637 0.80322266
vt 0.16259766 0.7338867
vt 0.16381836 0.7558594
vt 0.2097168 0.7319336
vt 0.21386719 0.75097656
vt 0.22106934 0.76904297
vt 0.16503906 0.7763672
vt 0.22045898 0.7763672
vt 0.2220459 0.78027344
vt 0.20776367 0.72314453
vt 0.1607666 0.7026367
vt 0.18701172 0.7055664
vt 0.38452148 0.765625
vt 0.39160156 0.76220703
vt 0.38452148 0.7583008
vt 0.39160156 0.7573242
vt 0.38256836 0.7519531
vt 0.39086914 0.75097656
vt 0.38012695 0.7475586
vt 0.38891602 0.74560547
vt 0.38671875 0.74072266
vt 0.37402344 0.74072266
vt 0.38330078 0.73535156
vt 0.37719727 0.74365234
vt 0.3708496 0.73828125
vt 0.37841797 0.73046875
vt 0.36767578 0.7368164
vt 0.3737793 0.7270508
vt 0.36523438 0.7348633
vt 0.36938477 0.72509766
vt 0.36035156 0.7324219
vt 0.36499023 0.7216797
vt 0.3552246 0.7319336
vt 0.35864258 0.72021484
vt 0.35498047 0.71875
vt 0.3474121 0.7285156
vt 0.34936523 0.71777344
vt 0.34716797 0.7167969
vt 0.33447266 0.7265625
vt 0.3388672 0.7285156
vt 0.33642578 0.7163086
vt 0.3413086 0.7158203
vt 0.21911621 0.7373047
vt 0.2232666 0.74658203
vt 0.24035645 0.7368164
vt 0.24438477 0.74609375
vt 0.21325684 0.7285156
vt 0.23522949 0.72753906
vt 0.2512207 0.7558594
vt 0.26489258 0.7685547
vt 0.25463867 0.7558594
vt 0.27270508 0.7675781
vt 0.26098633 0.7524414
vt 0.27929688 0.765625
vt 0.26782227 0.74902344
vt 0.2849121 0.76220703
vt 0.27270508 0.74853516
vt 0.27807617 0.74902344
vt 0.28979492 0.7578125
vt 0.2824707 0.7504883
vt 0.28564453 0.7519531
vt 0.28930664 0.7558594
vt 0.25512695 0.7675781
vt 0.24804688 0.7661133
vt 0.24133301 0.7636719
vt 0.2590332 0.7324219
vt 0.2626953 0.7319336
vt 0.26538086 0.72753906
vt 0.26367188 0.73095703
vt 0.23010254 0.7207031
vt 0.26489258 0.72216797
vt 0.23291016 0.7211914
vt 0.25927734 0.7084961
vt 0.2626953 0.7163086
vt 0.26391602 0.70947266
vt 0.29882812 0.7211914
vt 0.3173828 0.72998047
vt 0.3100586 0.74316406
vt 0.32470703 0.73828125
vt 0.32177734 0.7416992
vt 0.33398438 0.7026367
vt 0.3310547 0.6972656
vt 0.32177734 0.7084961
vt 0.328125 0.6928711
vt 0.32617188 0.6899414
vt 0.30541992 0.6933594
vt 0.30810547 0.70703125
vt 0.3203125 0.6772461
vt 0.31591797 0.67089844
vt 0.31835938 0.6723633
vt 0.36914062 0.6230469
vt 0.37353516 0.6166992
vt 0.3774414 0.6035156
vt 0.37597656 0.61083984
vt 0.37670898 0.5834961
vt 0.36401367 0.6279297
vt 0.3779297 0.5942383
vt 0.35595703 0.6333008
vt 0.37280273 0.57373047
vt 0.34814453 0.63623047
vt 0.36816406 0.56640625
vt 0.3581543 0.5576172
vt 0.34472656 0.63671875
vt 0.3635254 0.56152344
vt 0.3474121 0.55371094
vt 0.35229492 0.5546875
vt 0.3227539 0.6508789
vt 0.31567383 0.64941406
vt 0.31079102 0.6455078
vt 0.3449707 0.5234375
vt 0.29711914 0.65185547
vt 0.34716797 0.53564453
vt 0.30371094 0.64941406
vt 0.3305664 0.64941406
vt 0.33764648 0.6455078
vt 0.34155273 0.5151367
vt 0.3371582 0.5078125
vt 0.30419922 0.4802246
vt 0.31518555 0.48657227
vt 0.32763672 0.49682617
vt 0.26416016 0.4658203
vt 0.28027344 0.47045898
vt 0.29296875 0.4753418
vt 0.21533203 0.4621582
vt 0.24658203 0.46313477
vt 0.16870117 0.47387695
vt 0.12719727 0.5024414
vt 0.119018555 0.68115234
vt 0.14587402 0.69873047
vt 0.099853516 0.54248047
vt 0.08618164 0.6152344
vt 0.19213867 0.46679688
vn -0 0 -1
vn -0 0 -1
vn -0 0 -1
vn -0 0 -1
vn -0 0 -1
vn -0 0 -1
vn -0 0 -1
vn -0 0 -1
vn -0 0 -1
vn -0 0 -1
vn -0 0 -1
vn -0 0 -1
vn -0 0 -1
vn -0 0 -1
vn -0 0 -1
vn -0 0 -1
vn -0 0 -1
vn -0 0 -1
vn -0 0 -1
vn -0 0 -1
vn -0 0 -1
vn -0 0 -1
vn -0 0 -1
vn -0 0 -1
vn -0 0 -1
vn -0 0 -1
vn -0 0 -1
vn -0 0 -1
vn -0 0 -1
vn -0 0 -1
vn -0 0 -1
vn -0 0 -1
vn -0 0 -1
vn -0 0 -1
vn -0 0 -1
vn -0 0 -1
vn -0 0 -1
vn -0 0 -1
vn -0 0 -1
vn -0 0 -1
vn -0 0 -1
vn -0 0 -1
vn -0 0 -1
vn -0 0 -1
vn -0 0 -1
vn -0 0 -1
vn -0 0 -1
vn -0 0 -1
vn -0 0 -1
vn -0 0 -1
vn -0 0 -1
vn -0 0 -1
vn -0 0 -1
vn -0 0 -1
vn -0 0 -1
vn -0 0 -1
vn -0 0 -1
vn -0 0 -1
vn -0 0 -1
vn -0 0 -1
vn -0 0 -1
vn -0 0 -1
vn -0 0 -1
vn -0 0 -1
vn -0 0 -1
vn -0 0 -1
vn -0 0 -1
vn -0 0 -1
vn -0 0 -1
vn -0 0 -1
vn -0 0 -1
vn -0 0 -1
vn -0 0 -1
vn -0 0 -1
vn -0 0 -1
vn -0 0 -1
vn -0 0 -1
vn -0 0 -1
vn -0 0 -1
vn -0 0 -1
vn -0 0 -1
vn -0 0 -1
vn -0 0 -1
vn -0 0 -1
vn -0 0 -1
vn -0 0 -1
vn -0 0 -1
vn -0 0 -1
vn -0 0 -1
vn -0 0 -1
vn -0 0 -1
vn -0 0 -1
vn -0 0 -1
vn -0 0 -1
vn -0 0 -1
vn -0 0 -1
vn -0 0 -1
vn -0 0 -1
vn -0 0 -1
vn -0 0 -1
vn -0 0 -1
vn -0 0 -1
vn -0 0 -1
vn -0 0 -1
vn -0 0 -1
vn -0 0 -1
vn -0 0 -1
vn -0 0 -1
vn -0 0 -1
vn -0 0 -1
vn -0 0 -1
vn -0 0 -1
vn -0 0 -1
vn -0 0 -1
vn -0 0 -1
vn -0 0 -1
vn -0 0 -1
vn -0 0 -1
vn -0 0 -1
vn -0 0 -1
vn -0 0 -1
vn -0 0 -1
vn -0 0 -1
vn -0 0 -1
vn -0 0 -1
vn -0 0 -1
vn -0 0 -1
vn -0 0 -1
vn -0 0 -1
vn -0 0 -1
vn -0 0 -1
vn -0 0 -1
vn -0 0 -1
vn -0 0 -1
vn -0 0 -1
vn -0 0 -1
vn -0 0 -1
vn -0 0 -1
vn -0 0 -1
vn -0 0 -1
vn -0 0 -1
vn -0 0 -1
vn -0 0 -1
vn -0 0 -1
vn -0 0 -1
vn -0 0 -1
vn -0 0 -1
vn -0 0 -1
vn -0 0 -1
vn -0 0 -1
vn -0 0 -1
vn -0 0 -1
vn -0 0 -1
vn -0 0 -1
vn -0 0 -1
vn -0 0 -1
vn -0 0 -1
vn -0 0 -1
vn -0 0 -1
vn -0 0 -1
vn -0 0 -1
vn -0 0 -1
vn -0 0 -1
vn -0 0 -1
vn -0 0 -1
vn -0 0 -1
vn -0 0 -1
vn -0 0 -1
vn -0 0 -1
vn -0 0 -1
vn -0 0 -1
vn -0 0 -1
vn -0 0 -1
vn -0 0 -1
vn -0 0 -1
vn -0 0 -1
vn -0 0 -1
vn -0 0 -1
vn -0 0 -1
vn -0 0 -1
vn -0 0 -1
vn -0 0 -1
vn -0 0 -1
vn -0 0 -1
vn -0 0 -1
vn -0 0 -1
vn -0 0 -1
vn -0 0 -1
vn -0 0 -1
vn -0 0 -1
vn -0 0 -1
vn -0 0 -1
vn -0 0 -1
vn -0 0 -1
vn -0 0 -1
vn -0 0 -1
vn -0 0 -1
vn -0 0 -1
vn -0 0 -1
vn -0 0 -1
vn -0 0 -1
vn -0 0 -1
vn -0 0 -1
vn -0 0 -1
vn -0 0 -1
vn -0 0 -1
vn -0 0 -1
vn -0 0 -1
vn -0 0 -1
vn -0 0 -1
vn -0 0 -1
vn -0 0 -1
vn -0 0 -1
vn -0 0 -1
vn -0 0 -1
vn -0 0 -1
vn -0 0 -1
vn -0 0 -1
vn -0 0 -1
vn -0 0 -1
vn -0 0 -1
vn -0 0 -1
vn -0 0 -1
vn -0 0 -1
vn -0 0 -1
vn -0 0 -1
vn -0 0 -1
vn -0 0 -1
vn -0 0 -1
vn -0 0 -1
vn -0 0 -1
vn -0 0 -1
vn -0 0 -1
vn -0 0 -1
vn -0 0 -1
vn -0 0 -1
vn -0 0 -1
vn -0 0 -1
vn -0 0 -1
vn -0 0 -1
vn -0 0 -1
vn -0 0 -1
vn -0 0 -1
vn -0 0 -1
vn -0 0 -1
vn -0 0 -1
vn -0 0 -1
vn -0 0 -1
vn -0 0 -1
vn -0 0 -1
vn -0 0 -1
vn -0 0 -1
vn -0 0 -1
vn -0 0 -1
vn -0 0 -1
vn -0 0 -1
vn -0 0 -1
vn -0 0 -1
vn -0 0 -1
vn -0 0 -1
vn -0 0 -1
vn -0 0 -1
vn -0 0 -1
vn -0 0 -1
vn -0 0 -1
vn -0 0 -1
vn -0 0 -1
vn -0 0 -1
vn -0 0 -1
vn -0 0 -1
vn -0 0 -1
vn -0 0 -1
vn -0 0 -1
vn -0 0 -1
vn -0 0 -1
vn -0 0 -1
vn -0 0 -1
vn -0 0 -1
vn -0 0 -1
vn -0 0 -1
vn -0 0 -1
vn -0 0 -1
vn -0 0 -1
vn -0 0 -1
vn -0 0 -1
vn -0 0 -1
vn -0 0 -1
vn -0 0 -1
vn -0 0 -1
vn -0 0 -1
vn -0 0 -1
vn -0 0 -1
vn -0 0 -1
vn -0 0 -1
vn -0 0 -1
vn -0 0 -1
vn -0 0 -1
vn -0 0 -1
vn -0 0 -1
vn -0 0 -1
vn -0 0 -1
vn -0 0 -1
vn -0 0 -1
vn -0 0 -1
vn -0 0 -1
vn -0 0 -1
vn -0 0 -1
vn -0 0 -1
vn -0 0 -1
vn -0 0 -1
vn -0 0 -1
vn -0 0 -1
vn -0 0 -1
vn -0 0 -1
vn -0 0 -1
vn -0 0 -1
vn -0 0 -1
vn -0 0 -1
vn -0 0 -1
vn -0 0 -1
vn -0 0 -1
vn -0 0 -1
vn -0 0 -1
vn -0 0 -1
vn -0 0 -1
vn -0 0 -1
vn -0 0 -1
vn -0 0 -1
vn -0 0 -1
vn -0 0 -1
vn -0 0 -1
vn -0 0 -1
vn -0 0 -1
vn -0 0 -1
vn -0 0 -1
vn -0 0 -1
vn -0 0 -1
vn -0 0 -1
vn -0 0 -1
vn -0 0 -1
vn -0 0 -1
vn -0 0 -1
vn -0 0 -1
vn -0 0 -1
vn -0 0 -1
vn -0 0 -1
vn -0 0 -1
vn -0 0 -1
vn -0 0 -1
vn -0 0 -1
vn -0 0 -1
vn -0 0 -1
vn -0 0 -1
vn -0 0 -1
vn -0 0 -1
vn -0 0 -1
vn -0 0 -1
vn -0 0 -1
vn -0 0 -1
vn -0 0 -1
vn -0 0 -1
vn -0 0 -1
vn -0 0 -1
vn -0 0 -1
vn -0 0 -1
vn -0 0 -1
vn -0 0 -1
vn -0 0 -1
vn -0 0 -1
vn -0 0 -1
vn -0 0 -1
vn -0 0 -1
vn -0 0 -1
vn -0 0 -1
vn -0 0 -1
vn -0 0 -1
vn -0 0 -1
vn -0 0 -1
vn -0 0 -1
vn -0 0 -1
vn -0 0 -1
vn -0 0 -1
vn -0 0 -1
vn -0 0 -1
vn -0 0 -1
vn -0 0 -1
vn -0 0 -1
vn -0 0 -1
vn -0 0 -1
vn -0 0 -1
vn -0 0 -1
vn -0 0 -1
vn -0 0 -1
vn -0 0 -1
vn -0 0 -1
vn -0 0 -1
vn -0 0 -1
vn -0 0 -1
vn -0 0 -1
vn -0 0 -1
vn -0 0 -1
vn -0 0 -1
vn -0 0 -1
vn -0 0 -1
vn -0 0 -1
vn -0 0 -1
vn -0 0 -1
vn -0 0 -1
vn -0 0 -1
vn -0 0 -1
vn -0 0 -1
vn -0 0 -1
vn -0 0 -1
vn -0 0 -1
vn -0 0 -1
vn -0 0 -1
vn -0 0 -1
vn -0 0 -1
vn -0 0 -1
vn -0 0 -1
vn -0 0 -1
vn -0 0 -1
vn -0 0 -1
vn -0 0 -1
vn -0 0 -1
vn -0 0 -1
vn -0 0 -1
vn -0 0 -1
vn -0 0 -1
vn -0 0 -1
vn -0 0 -1
vn -0 0 -1
vn -0 0 -1
vn -0 0 -1
vn -0 0 -1
vn -0 0 -1
vn -0 0 -1
vn -0 0 -1
vn -0 0 -1
vn -0 0 -1
vn -0 0 -1
vn -0 0 -1
vn -0 0 -1
vn -0 0 -1
vn -0 0 -1
vn -0 0 -1
vn -0 0 -1
vn -0 0 -1
vn -0 0 -1
vn -0 0 -1
vn -0 0 -1
vn -0 0 -1
vn -0 0 -1
vn -0 0 -1
vn -0 0 -1
vn -0 0 -1
vn -0 0 -1
vn -0 0 -1
vn -0 0 -1
vn -0 0 -1
vn -0 0 -1
vn -0 0 -1
vn -0 0 -1
vn -0 0 -1
vn -0 0 -1
vn -0 0 -1
vn -0 0 -1
vn -0 0 -1
vn -0 0 -1
vn -0 0 -1
vn -0 0 -1
vn -0 0 -1
vn -0 0 -1
vn -0 0 -1
vn -0 0 -1
vn -0 0 -1
vn -0 0 -1
vn -0 0 -1
vn -0 0 -1
vn -0 0 -1
vn -0 0 -1
vn -0 0 -1
vn -0 0 -1
vn -0 0 -1
vn -0 0 -1
vn -0 0 -1
vn -0 0 -1
vn -0 0 -1
vn -0 0 -1
vn -0 0 -1
vn -0 0 -1
vn -0 0 -1
vn -0 0 -1
vn -0 0 -1
vn -0 0 -1
vn -0 0 -1
vn -0 0 -1
vn -0 0 -1
vn -0 0 -1
vn -0 0 -1
vn -0 0 -1
vn -0 0 -1
vn -0 0 -1
vn -0 0 -1
vn -0 0 -1
vn -0 0 -1
vn -0 0 -1
vn -0 0 -1
vn -0 0 -1
vn -0 0 -1
vn -0 0 -1
vn -0 0 -1
vn -0 0 -1
vn -0 0 -1
vn -0 0 -1
vn -0 0 -1
vn -0 0 -1
vn -0 0 -1
vn -0 0 -1
vn -0 0 -1
vn -0 0 -1
vn -0 0 -1
vn -0 0 -1
vn -0 0 -1
vn -0 0 -1
vn -0 0 -1
vn -0 0 -1
vn -0 0 -1
vn -0 0 -1
vn -0 0 -1
vn -0 0 -1
vn -0 0 -1
vn -0 0 -1
vn -0 0 -1
vn -0 0 -1
vn -0 0 -1
vn -0 0 -1
vn -0 0 -1
vn -0 0 -1
vn -0 0 -1
vn -0 0 -1
vn -0 0 -1
vn -0 0 -1
vn -0 0 -1
vn -0 0 -1
vn -0 0 -1
vn -0 0 -1
vn -0 0 -1
vn -0 0 -1
vn -0 0 -1
vn -0 0 -1
vn -0 0 -1
vn -0 0 -1
vn -0 0 -1
vn -0 0 -1
vn -0 0 -1
vn -0 0 -1
vn -0 0 -1
vn -0 0 -1
vn -0 0 -1
vn -0 0 -1
vn -0 0 -1
vn -0 0 -1
vn -0 0 -1
vn -0 0 -1
vn -0 0 -1
vn -0 0 -1
vn -0 0 -1
vn -0 0 -1
vn -0 0 -1
vn -0 0 -1
vn -0 0 -1
vn -0 0 -1
vn -0 0 -1
vn -0 0 -1
vn -0 0 -1
vn -0 0 -1
vn -0 0 -1
vn -0 0 -1
vn -0 0 -1
vn -0 0 -1
vn -0 0 -1
vn -0 0 -1
vn -0 0 -1
vn -0 0 -1
vn -0 0 -1
vn -0 0 -1
vn -0 0 -1
vn -0 0 -1
vn -0 0 -1
vn -0 0 -1
vn -0 0 -1
vn -0 0 -1
vn -0 0 -1
vn -0 0 -1
vn -0 0 -1
vn -0 0 -1
vn -0 0 -1
vn -0 0 -1
vn -0 0 -1
vn -0 0 -1
vn -0 0 -1
vn -0 0 -1
vn -0 0 -1
vn -0 0 -1
vn -0 0 -1
vn -0 0 -1
vn -0 0 -1
vn -0 0 -1
vn -0 0 -1
vn -0 0 -1
vn -0 0 -1
vn -0 0 -1
vn -0 0 -1
vn -0 0 -1
vn -0 0 -1
vn -0 0 -1
vn -0 0 -1
vn -0 0 -1
vn -0 0 -1
vn -0 0 -1
vn -0 0 -1
vn -0 0 -1
vn -0 0 -1
vn -0 0 -1
vn -0 0 -1
vn -0 0 -1
vn -0 0 -1
vn -0 0 -1
vn -0 0 -1
vn -0 0 -1
vn -0 0 -1
vn -0 0 -1
vn -0 0 -1
vn -0 0 -1
vn -0 0 -1
vn -0 0 -1
vn -0 0 -1
vn -0 0 -1
vn -0 0 -1
vn -0 0 -1
vn -0 0 -1
vn -0 0 -1
vn -0 0 -1
vn -0 0 -1
vn -0 0 -1
vn -0 0 -1
vn -0 0 -1
vn -0 0 -1
vn -0 0 -1
vn -0 0 -1
vn -0 0 -1
vn -0 0 -1
vn -0 0 -1
vn -0 0 -1
vn -0 0 -1
vn -0 0 -1
vn -0 0 -1
vn -0 0 -1
vn -0 0 -1
vn -0 0 -1
vn -0 0 -1
vn -0 0 -1
vn -0 0 -1
vn -0 0 -1
vn -0 0 -1
vn -0 0 -1
vn -0 0 -1
vn -0 0 -1
vn -0 0 -1
vn -0 0 -1
vn -0 0 -1
vn -0 0 -1
vn -0 0 -1
vn -0 0 -1
vn -0 0 -1
vn -0 0 -1
vn -0 0 -1
vn -0 0 -1
vn -0 0 -1
vn -0 0 -1
vn -0 0 -1
vn -0 0 -1
vn -0 0 -1
vn -0 0 -1
vn -0 0 -1
vn -0 0 -1
vn -0 0 -1
vn -0 0 -1
vn -0 0 -1
vn -0 0 -1
vn -0 0 -1
vn -0 0 -1
vn -0 0 -1
vn -0 0 -1
vn -0 0 -1
vn -0 0 -1
vn -0 0 -1
vn -0 0 -1
vn -0 0 -1
vn -0 0 -1
vn -0 0 -1
vn -0 0 -1
vn -0 0 -1
vn -0 0 -1
vn -0 0 -1
vn -0 0 -1
vn -0 0 -1
vn -0 0 -1
vn -0 0 -1
vn -0 0 -1
vn -0 0 -1
vn -0 0 -1
vn -0 0 -1
vn -0 0 -1
vn -0 0 -1
vn -0 0 -1
vn -0 0 -1
vn -0 0 -1
vn -0 0 -1
vn -0 0 -1
vn -0 0 -1
vn -0 0 -1
vn -0 0 -1
vn -0 0 -1
vn -0 0 -1
vn -0 0 -1
vn -0 0 -1
vn -0 0 -1
vn -0 0 -1
vn -0 0 -1
vn -0 0 -1
vn -0 0 -1
vn -0 0 -1
vn -0 0 -1
vn -0 0 -1
vn -0 0 -1
vn -0 0 -1
vn -0 0 -1
vn -0 0 -1
vn -0 0 -1
vn -0 0 -1
vn -0 0 -1
vn -0 0 -1
vn -0 0 -1
vn -0 0 -1
vn -0 0 -1
vn -0 0 -1
vn -0 0 -1
vn -0 0 -1
vn -0 0 -1
vn -0 0 -1
vn -0 0 -1
vn -0 0 -1
vn -0 0 -1
vn -0 0 -1
vn -0 0 -1
vn -0 0 -1
vn -0 0 -1
vn -0 0 -1
vn -0 0 -1
vn -0 0 -1
vn -0 0 -1
vn -0 0 -1
vn -0 0 -1
vn -0 0 -1
vn -0 0 -1
vn -0 0 -1
vn -0 0 -1
vn -0 0 -1
vn -0 0 -1
vn -0 0 -1
vn -0 0 -1
vn -0 0 -1
vn -0 0 -1
vn -0 0 -1
vn -0 0 -1
vn -0 0 -1
vn -0 0 -1
vn -0 0 -1
vn -0 0 -1
vn -0 0 -1
vn -0 0 -1
vn -0 0 -1
vn -0 0 -1
vn -0 0 -1
vn -0 0 -1
vn -0 0 -1
vn -0 0 -1
vn -0 0 -1
vn -0 0 -1
vn -0 0 -1
vn -0 0 -1
vn -0 0 -1
vn -0 0 -1
vn -0 0 -1
vn -0 0 -1
vn -0 0 -1
vn -0 0 -1
vn -0 0 -1
vn -0 0 -1
vn -0 0 -1
vn -0 0 -1
vn -0 0 -1
vn -0 0 -1
vn -0 0 -1
vn -0 0 -1
vn -0 0 -1
vn -0 0 -1
vn -0 0 -1
vn -0 0 -1
vn -0 0 -1
vn -0 0 -1
vn -0 0 -1
vn -0 0 -1
vn -0 0 -1
vn -0 0 -1
vn -0 0 -1
vn -0 0 -1
vn -0 0 -1
vn -0 0 -1
vn -0 0 -1
vn -0 0 -1
vn -0 0 -1
vn -0 0 -1
vn -0 0 -1
vn -0 0 -1
vn -0 0 -1
vn -0 0 -1
vn -0 0 -1
vn -0 0 -1
vn -0 0 -1
vn -0 0 -1
vn -0 0 -1
vn -0 0 -1
vn -0 0 -1
vn -0 0 -1
vn -0 0 -1
vn -0 0 -1
vn -0 0 -1
vn -0 0 -1
vn -0 0 -1
vn -0 0 -1
vn -0 0 -1
vn -0 0 -1
vn -0 0 -1
vn -0 0 -1
vn -0 0 -1
vn -0 0 -1
vn -0 0 -1
vn -0 0 -1
vn -0 0 -1
vn -0 0 -1
vn -0 0 -1
vn -0 0 -1
vn -0 0 -1
vn -0 0 -1
vn -0 0 -1
vn -0 0 -1
vn -0 0 -1
vn -0 0 -1
vn -0 0 -1
vn -0 0 -1
vn -0 0 -1
vn -0 0 -1
vn -0 0 -1
vn -0 0 -1
vn -0 0 -1
vn -0 0 -1
vn -0 0 -1
vn -0 0 -1
vn -0 0 -1
vn -0 0 -1
vn -0 0 -1
vn -0 0 -1
vn -0 0 -1
vn -0 0 -1
vn -0 0 -1
vn -0 0 -1
vn -0 0 -1
vn -0 0 -1
vn -0 0 -1
vn -0 0 -1
vn -0 0 -1
vn -0 0 -1
vn -0 0 -1
vn -0 0 -1
vn -0 0 -1
vn -0 0 -1
vn -0 0 -1
vn -0 0 -1
vn -0 0 -1
vn -0 0 -1
vn -0 0 -1
vn -0 0 -1
vn -0 0 -1
vn -0 0 -1
vn -0 0 -1
vn -0 0 -1
vn -0 0 -1
vn -0 0 -1
vn -0 0 -1
vn -0 0 -1
vn -0 0 -1
vn -0 0 -1
vn -0 0 -1
vn -0 0 -1
vn -0 0 -1
vn -0 0 -1
vn -0 0 -1
vn -0 0 -1
vn -0 0 -1
vn -0 0 -1
vn -0 0 -1
vn -0 0 -1
vn -0 0 -1
vn -0 0 -1
vn -0 0 -1
vn -0 0 -1
vn -0 0 -1
vn -0 0 -1
vn -0 0 -1
vn -0 0 -1
vn -0 0 -1
vn -0 0 -1
vn -0 0 -1
vn -0 0 -1
vn -0 0 -1
vn -0 0 -1
vn -0 0 -1
vn -0 0 -1
vn -0 0 -1
vn -0 0 -1
vn -0 0 -1
vn -0 0 -1
vn -0 0 -1
vn -0 0 -1
vn -0 0 -1
vn -0 0 -1
vn -0 0 -1
vn -0 0 -1
vn -0 0 -1
vn -0 0 -1
vn -0 0 -1
vn -0 0 -1
vn -0 0 -1
vn -0 0 -1
vn -0 0 -1
vn -0 0 -1
vn -0 0 -1
vn -0 0 -1
vn -0 0 -1
vn -0 0 -1
vn -0 0 -1
vn -0 0 -1
vn -0 0 -1
vn -0 0 -1
vn -0 0 -1
vn -0 0 -1
vn -0 0 -1
vn -0 0 -1
vn -0 0 -1
vn -0 0 -1
vn -0 0 -1
vn -0 0 -1
vn -0 0 -1
vn -0 0 -1
vn -0 0 -1
vn -0 0 -1
vn -0 0 -1
vn -0 0 -1
vn -0 0 -1
vn -0 0 -1
vn -0 0 -1
vn -0 0 -1
vn -0 0 -1
vn -0 0 -1
vn -0 0 -1
vn -0 0 -1
vn -0 0 -1
vn -0 0 -1
vn -0 0 -1
vn -0 0 -1
vn -0 0 -1
vn -0 0 -1
vn -0 0 -1
vn -0 0 -1
vn -0 0 -1
vn -0 0 -1
vn -0 0 -1
vn -0 0 -1
vn -0 0 -1
vn -0 0 -1
vn -0 0 -1
vn -0 0 -1
vn -0 0 -1
vn -0 0 -1
vn -0 0 -1
vn -0 0 -1
vn -0 0 -1
vn -0 0 -1
vn -0 0 -1
vn -0 0 -1
vn -0 0 -1
vn -0 0 -1
vn -0 0 -1
vn -0 0 -1
vn -0 0 -1
vn -0 0 -1
vn -0 0 -1
vn -0 0 -1
vn -0 0 -1
vn -0 0 -1
vn -0 0 -1
vn -0 0 -1
vn -0 0 -1
vn -0 0 -1
vn -0 0 -1
vn -0 0 -1
vn -0 0 -1
vn -0 0 -1
vn -0 0 -1
vn -0 0 -1
vn -0 0 -1
vn -0 0 -1
vn -0 0 -1
vn -0 0 -1
vn -0 0 -1
vn -0 0 -1
vn -0 0 -1
vn -0 0 -1
vn -0 0 -1
vn -0 0 -1
vn -0 0 -1
vn -0 0 -1
vn -0 0 -1
vn -0 0 -1
vn -0 0 -1
vn -0 0 -1
vn -0 0 -1
vn -0 0 -1
vn -0 0 -1
vn -0 0 -1
vn -0 0 -1
vn -0 0 -1
vn -0 0 -1
vn -0 0 -1
vn -0 0 -1
vn -0 0 -1
vn -0 0 -1
vn -0 0 -1
vn -0 0 -1
vn -0 0 -1
vn -0 0 -1
vn -0 0 -1
vn -0 0 -1
vn -0 0 -1
vn -0 0 -1
vn -0 0 -1
vn -0 0 -1
vn -0 0 -1
vn -0 0 -1
vn -0 0 -1
vn -0 0 -1
vn -0 0 -1
vn -0 0 -1
vn -0 0 -1
vn -0 0 -1
vn -0 0 -1
vn -0 0 -1
vn -0 0 -1
vn -0 0 -1
vn -0 0 -1
vn -0 0 -1
vn -0 0 -1
vn -0 0 -1
vn -0 0 -1
vn -0 0 -1
vn -0 0 -1
vn -0 0 -1
vn -0 0 -1
vn -0 0 -1
vn -0 0 -1
vn -0 0 -1
vn -0 0 -1
vn -0 0 -1
vn -0 0 -1
vn -0 0 -1
vn -0 0 -1
vn -0 0 -1
vn -0 0 -1
vn -0 0 -1
vn -0 0 -1
vn -0 0 -1
vn -0 0 -1
vn -0 0 -1
vn -0 0 -1
vn -0 0 -1
vn -0 0 -1
vn -0 0 -1
vn -0 0 -1
vn -0 0 -1
vn -0 0 -1
vn -0 0 -1
vn -0 0 -1
vn -0 0 -1
vn -0 0 -1
vn -0 0 -1
vn -0 0 -1
vn -0 0 -1
vn -0 0 -1
vn -0 0 -1
vn -0 0 -1
vn -0 0 -1
vn -0 0 -1
vn -0 0 -1
vn -0 0 -1
vn -0 0 -1
vn -0 0 -1
vn -0 0 -1
vn -0 0 -1
vn -0 0 -1
vn -0 0 -1
vn -0 0 -1
vn -0 0 -1
vn -0 0 -1
vn -0 0 -1
vn -0 0 -1
vn -0 0 -1
vn -0 0 -1
vn -0 0 -1
vn -0 0 -1
vn -0 0 -1
vn -0 0 -1
vn -0 0 -1
vn -0 0 -1
vn -0 0 -1
vn -0 0 -1
vn -0 0 -1
vn -0 0 -1
vn -0 0 -1
vn -0 0 -1
vn -0 0 -1
vn -0 0 -1
vn -0 0 -1
vn -0 0 -1
vn -0 0 -1
vn -0 0 -1
vn -0 0 -1
vn -0 0 -1
vn -0 0 -1
vn -0 0 -1
vn -0 0 -1
vn -0 0 -1
vn -0 0 -1
vn -0 0 -1
vn -0 0 -1
vn -0 0 -1
vn -0 0 -1
vn -0 0 -1
vn -0 0 -1
vn -0 0 -1
vn -0 0 -1
vn -0 0 -1
vn -0 0 -1
vn -0 0 -1
vn -0 0 -1
vn -0 0 -1
vn -0 0 -1
vn -0 0 -1
vn -0 0 -1
vn -0 0 -1
vn -0 0 -1
vn -0 0 -1
vn -0 0 -1
vn -0 0 -1
vn -0 0 -1
vn -0 0 -1
vn -0 0 -1
vn -0 0 -1
vn -0 0 -1
vn -0 0 -1
vn -0 0 -1
vn -0 0 -1
vn -0 0 -1
vn -0 0 -1
vn -0 0 -1
vn -0 0 -1
vn -0 0 -1
vn -0 0 -1
vn -0 0 -1
vn -0 0 -1
vn -0 0 -1
vn -0 0 -1
vn -0 0 -1
vn -0 0 -1
vn -0 0 -1
vn -0 0 -1
vn -0 0 -1
vn -0 0 -1
vn -0 0 -1
vn -0 0 -1
vn -0 0 -1
vn -0 0 -1
vn -0 0 -1
vn -0 0 -1
vn -0 0 -1
vn -0 0 -1
vn -0 0 -1
vn -0 0 -1
vn -0 0 -1
vn -0 0 -1
vn -0 0 -1
vn -0 0 -1
vn -0 0 -1
vn -0 0 -1
vn -0 0 -1
vn -0 0 -1
vn -0 0 -1
vn -0 0 -1
vn -0 0 -1
vn -0 0 -1
vn -0 0 -1
vn -0 0 -1
vn -0 0 -1
vn -0 0 -1
vn -0 0 -1
vn -0 0 -1
vn -0 0 -1
vn -0 0 -1
vn -0 0 -1
vn -0 0 -1
vn -0 0 -1
vn -0 0 -1
vn -0 0 -1
vn -0 0 -1
vn -0 0 -1
vn -0 0 -1
vn -0 0 -1
vn -0 0 -1
vn -0 0 -1
vn -0 0 -1
vn -0 0 -1
vn -0 0 -1
vn -0 0 -1
vn -0 0 -1
vn -0 0 -1
vn -0 0 -1
vn -0 0 -1
vn -0 0 -1
vn -0 0 -1
vn -0 0 -1
vn -0 0 -1
vn -0 0 -1
vn -0 0 -1
vn -0 0 -1
vn -0 0 -1
vn -0 0 -1
vn -0 0 -1
vn -0 0 -1
vn -0 0 -1
vn -0 0 -1
vn -0 0 -1
vn -0 0 -1
vn -0 0 -1
vn -0 0 -1
vn -0 0 -1
vn -0 0 -1
vn -0 0 -1
vn -0 0 -1
vn -0 0 -1
vn -0 0 -1
vn -0 0 -1
vn -0 0 -1
vn -0 0 -1
vn -0 0 -1
vn -0 0 -1
vn -0 0 -1
vn -0 0 -1
vn -0 0 -1
vn -0 0 -1
vn -0 0 -1
vn -0 0 -1
vn -0 0 -1
vn -0 0 -1
vn -0 0 -1
vn -0 0 -1
vn -0 0 -1
vn -0 0 -1
vn -0 0 -1
vn -0 0 -1
vn -0 0 -1
vn -0 0 -1
vn -0 0 -1
vn -0 0 -1
vn -0 0 -1
vn -0 0 -1
vn -0 0 -1
vn -0 0 -1
vn -0 0 -1
vn -0 0 -1
vn -0 0 -1
vn -0 0 -1
vn -0 0 -1
vn -0 0 -1
vn -0 0 -1
vn -0 0 -1
vn -0 0 -1
vn -0 0 -1
vn -0 0 -1
vn -0 0 -1
vn -0 0 -1
vn -0 0 -1
vn -0 0 -1
vn -0 0 -1
vn -0 0 -1
vn -0 0 -1
vn -0 0 -1
vn -0 0 -1
vn -0 0 -1
vn -0 0 -1
vn -0 0 -1
vn -0 0 -1
vn -0 0 -1
vn -0 0 -1
vn -0 0 -1
vn -0 0 -1
vn -0 0 -1
vn -0 0 -1
vn -0 0 -1
vn -0 0 -1
vn -0 0 -1
vn -0 0 -1
vn -0 0 -1
vn -0 0 -1
vn -0 0 -1
vn -0 0 -1
vn -0 0 -1
vn -0 0 -1
vn -0 0 -1
vn -0 0 -1
vn -0 0 -1
vn -0 0 -1
vn -0 0 -1
vn -0 0 -1
vn -0 0 -1
vn -0 0 -1
vn -0 0 -1
vn -0 0 -1
vn -0 0 -1
vn -0 0 -1
vn -0 0 -1
vn -0 0 -1
vn -0 0 -1
vn -0 0 -1
vn -0 0 -1
vn -0 0 -1
vn -0 0 -1
vn -0 0 -1
vn -0 0 -1
vn -0 0 -1
vn -0 0 -1
vn -0 0 -1
vn -0 0 -1
vn -0 0 -1
vn -0 0 -1
vn -0 0 -1
vn -0 0 -1
vn -0 0 -1
vn -0 0 -1
vn -0 0 -1
vn -0 0 -1
vn -0 0 -1
vn -0 0 -1
vn -0 0 -1
vn -0 0 -1
vn -0 0 -1
vn -0 0 -1
vn -0 0 -1
vn -0 0 -1
vn -0 0 -1
vn -0 0 -1
vn -0 0 -1
vn -0 0 -1
vn -0 0 -1
vn -0 0 -1
vn -0 0 -1
vn -0 0 -1
vn -0 0 -1
vn -0 0 -1
vn -0 0 -1
vn -0 0 -1
vn -0 0 -1
vn -0 0 -1
vn -0 0 -1
vn -0 0 -1
vn -0 0 -1
vn -0 0 -1
vn -0 0 -1
vn -0 0 -1
vn -0 0 -1
vn -0 0 -1
vn -0 0 -1
vn -0 0 -1
vn -0 0 -1
vn -0 0 -1
vn -0 0 -1
vn -0 0 -1
vn -0 0 -1
vn -0 0 -1
vn -0 0 -1
vn -0 0 -1
vn -0 0 -1
vn -0 0 -1
vn -0 0 -1
vn -0 0 -1
vn -0 0 -1
vn -0 0 -1
vn -0 0 -1
vn -0 0 -1
vn -0 0 -1
vn -0 0 -1
vn -0 0 -1
vn -0 0 -1
vn -0 0 -1
vn -0 0 -1
vn -0 0 -1
vn -0 0 -1
vn -0 0 -1
vn -0 0 -1
vn -0 0 -1
vn -0 0 -1
vn -0 0 -1
vn -0 0 -1
vn -0 0 -1
vn -0 0 -1
vn -0 0 -1
vn -0 0 -1
vn -0 0 -1
vn -0 0 -1
vn -0 0 -1
vn -0 0 -1
vn -0 0 -1
vn -0 0 -1
vn -0 0 -1
vn -0 0 -1
vn -0 0 -1
vn -0 0 -1
vn -0 0 -1
vn -0 0 -1
vn -0 0 -1
vn -0 0 -1
vn -0 0 -1
vn -0 0 -1
vn -0 0 -1
vn -0 0 -1
vn -0 0 -1
vn -0 0 -1
vn -0 0 -1
vn -0 0 -1
vn -0 0 -1
vn -0 0 -1
vn -0 0 -1
vn -0 0 -1
vn -0 0 -1
vn -0 0 -1
vn -0 0 -1
vn -0 0 -1
vn -0 0 -1
vn -0 0 -1
g cTR_20_000220_00_KAKEDASHICHOSAIN_SR_L_SB_0
f 3/3/3 2/2/2 1/1/1
f 4/4/4 2/2/2 3/3/3
f 4/4/4 5/5/5 2/2/2
f 6/6/6 5/5/5 4/4/4
f 7/7/7 5/5/5 6/6/6
f 7/7/7 8/8/8 5/5/5
f 9/9/9 8/8/8 7/7/7
f 9/9/9 10/10/10 8/8/8
f 11/11/11 10/10/10 9/9/9
f 11/11/11 12/12/12 10/10/10
f 11/11/11 13/13/13 12/12/12
f 14/14/14 13/13/13 11/11/11
f 14/14/14 15/15/15 13/13/13
f 14/14/14 16/16/16 15/15/15
f 19/19/19 18/18/18 17/17/17
f 19/19/19 20/20/20 18/18/18
f 21/21/21 20/20/20 19/19/19
f 21/21/21 22/22/22 20/20/20
f 23/23/23 22/22/22 21/21/21
f 24/24/24 22/22/22 23/23/23
f 24/24/24 25/25/25 22/22/22
f 26/26/26 25/25/25 24/24/24
f 27/27/27 25/25/25 26/26/26
f 27/27/27 28/28/28 25/25/25
f 14/14/14 29/29/29 16/16/16
f 30/30/30 29/29/29 14/14/14
f 30/30/30 31/31/31 29/29/29
f 32/32/32 31/31/31 30/30/30
f 32/32/32 33/33/33 31/31/31
f 34/34/34 33/33/33 32/32/32
f 34/34/34 35/35/35 33/33/33
f 36/36/36 35/35/35 34/34/34
f 36/36/36 37/37/37 35/35/35
f 38/38/38 37/37/37 36/36/36
f 38/38/38 39/39/39 37/37/37
f 40/40/40 39/39/39 38/38/38
f 40/40/40 41/41/41 39/39/39
f 42/42/42 41/41/41 40/40/40
f 42/42/42 43/43/43 41/41/41
f 44/44/44 43/43/43 42/42/42
f 44/44/44 45/45/45 43/43/43
f 46/46/46 45/45/45 44/44/44
f 46/46/46 47/47/47 45/45/45
f 48/48/48 47/47/47 46/46/46
f 48/48/48 49/49/49 47/47/47
f 48/48/48 50/50/50 49/49/49
f 51/51/51 50/50/50 48/48/48
f 51/51/51 27/27/27 50/50/50
f 51/51/51 28/28/28 27/27/27
f 54/54/54 53/53/53 52/52/52
f 57/57/57 56/56/56 55/55/55
f 57/57/57 58/58/58 56/56/56
f 59/59/59 55/55/55 56/56/56
f 59/59/59 60/60/60 55/55/55
f 61/61/61 60/60/60 59/59/59
f 61/61/61 62/62/62 60/60/60
f 65/65/65 64/64/64 63/63/63
f 64/64/64 66/66/66 63/63/63
f 64/64/64 67/67/67 66/66/66
f 67/67/67 68/68/68 66/66/66
f 68/68/68 70/70/70 69/69/69
f 70/70/70 68/68/68 67/67/67
f 69/69/69 71/71/71 68/68/68
f 69/69/69 72/72/72 71/71/71
f 72/72/72 73/73/73 71/71/71
f 72/72/72 74/74/74 73/73/73
f 74/74/74 75/75/75 73/73/73
f 65/65/65 62/62/62 61/61/61
f 65/65/65 63/63/63 62/62/62
f 78/78/78 77/77/77 76/76/76
f 81/81/81 80/80/80 79/79/79
f 81/81/81 82/82/82 80/80/80
f 84/84/84 83/83/83 82/82/82
f 81/81/81 84/84/84 82/82/82
f 86/86/86 85/85/85 83/83/83
f 84/84/84 86/86/86 83/83/83
f 79/79/79 77/77/77 78/78/78
f 79/79/79 80/80/80 77/77/77
f 89/89/89 88/88/88 87/87/87
f 92/92/92 91/91/91 90/90/90
f 95/95/95 94/94/94 93/93/93
f 95/95/95 96/96/96 94/94/94
f 95/95/95 98/98/98 97/97/97
f 95/95/95 93/93/93 98/98/98
f 96/96/96 90/90/90 94/94/94
f 96/96/96 92/92/92 90/90/90
f 92/92/92 87/87/87 91/91/91
f 92/92/92 89/89/89 87/87/87
f 89/89/89 76/76/76 88/88/88
f 89/89/89 78/78/78 76/76/76
f 97/97/97 100/100/100 99/99/99
f 97/97/97 98/98/98 100/100/100
f 99/99/99 100/100/100 101/101/101
f 99/99/99 101/101/101 102/102/102
f 99/99/99 102/102/102 103/103/103
f 106/106/106 105/105/105 104/104/104
f 74/74/74 104/104/104 75/75/75
f 74/74/74 106/106/106 104/104/104
f 109/109/109 108/108/108 107/107/107
f 111/111/111 110/110/110 103/103/103
f 111/111/111 54/54/54 110/110/110
f 103/103/103 107/107/107 111/111/111
f 103/103/103 109/109/109 107/107/107
f 113/113/113 112/112/112 108/108/108
f 109/109/109 113/113/113 108/108/108
f 54/54/54 52/52/52 110/110/110
f 54/54/54 115/115/115 114/114/114
f 54/54/54 114/114/114 53/53/53
f 103/103/103 110/110/110 105/105/105
f 106/106/106 117/117/117 116/116/116
f 105/105/105 116/116/116 99/99/99
f 106/106/106 116/116/116 105/105/105
f 99/99/99 103/103/103 105/105/105
f 120/120/120 119/119/119 118/118/118
f 119/119/119 121/121/121 118/118/118
f 123/123/123 120/120/120 122/122/122
f 120/120/120 118/118/118 122/122/122
f 125/125/125 123/123/123 124/124/124
f 123/123/123 122/122/122 124/124/124
f 128/128/128 127/127/127 126/126/126
f 125/125/125 124/124/124 129/129/129
f 125/125/125 131/131/131 130/130/130
f 125/125/125 132/132/132 131/131/131
f 125/125/125 129/129/129 132/132/132
f 127/127/127 133/133/133 126/126/126
f 135/135/135 128/128/128 134/134/134
f 128/128/128 126/126/126 134/134/134
f 138/138/138 137/137/137 136/136/136
f 139/139/139 137/137/137 138/138/138
f 139/139/139 140/140/140 137/137/137
f 135/135/135 134/134/134 141/141/141
f 135/135/135 141/141/141 130/130/130
f 135/135/135 130/130/130 131/131/131
f 144/144/144 143/143/143 142/142/142
f 145/145/145 143/143/143 144/144/144
f 146/146/146 143/143/143 145/145/145
f 147/147/147 143/143/143 146/146/146
f 135/135/135 143/143/143 147/147/147
f 135/135/135 131/131/131 143/143/143
f 150/150/150 149/149/149 148/148/148
f 151/151/151 149/149/149 150/150/150
f 151/151/151 152/152/152 149/149/149
f 153/153/153 152/152/152 151/151/151
f 153/153/153 154/154/154 152/152/152
f 155/155/155 154/154/154 153/153/153
f 156/156/156 154/154/154 155/155/155
f 156/156/156 157/157/157 154/154/154
f 158/158/158 157/157/157 156/156/156
f 158/158/158 159/159/159 157/157/157
f 158/158/158 160/160/160 159/159/159
f 161/161/161 160/160/160 158/158/158
f 161/161/161 162/162/162 160/160/160
f 161/161/161 163/163/163 162/162/162
f 164/164/164 163/163/163 161/161/161
f 165/165/165 163/163/163 164/164/164
f 165/165/165 166/166/166 163/163/163
f 167/167/167 166/166/166 165/165/165
f 168/168/168 137/137/137 140/140/140
f 169/169/169 137/137/137 168/168/168
f 169/169/169 143/143/143 137/137/137
f 169/169/169 142/142/142 143/143/143
f 172/172/172 171/171/171 170/170/170
f 173/173/173 171/171/171 172/172/172
f 174/174/174 171/171/171 173/173/173
f 175/175/175 171/171/171 174/174/174
f 176/176/176 171/171/171 175/175/175
f 177/177/177 171/171/171 176/176/176
f 178/178/178 171/171/171 177/177/177
f 179/179/179 171/171/171 178/178/178
f 148/148/148 171/171/171 179/179/179
f 149/149/149 171/171/171 148/148/148
f 182/182/182 181/181/181 180/180/180
f 136/136/136 181/181/181 182/182/182
f 136/136/136 137/137/137 181/181/181
f 183/183/183 180/180/180 181/181/181
f 184/184/184 180/180/180 183/183/183
f 185/185/185 180/180/180 184/184/184
f 188/188/188 187/187/187 186/186/186
f 188/188/188 189/189/189 187/187/187
f 188/188/188 190/190/190 189/189/189
f 188/188/188 191/191/191 190/190/190
f 188/188/188 192/192/192 191/191/191
f 193/193/193 192/192/192 188/188/188
f 194/194/194 192/192/192 193/193/193
f 195/195/195 192/192/192 194/194/194
f 196/196/196 192/192/192 195/195/195
f 197/197/197 192/192/192 196/196/196
f 184/184/184 198/198/198 185/185/185
f 184/184/184 199/199/199 198/198/198
f 184/184/184 200/200/200 199/199/199
f 199/199/199 201/201/201 198/198/198
f 202/202/202 201/201/201 199/199/199
f 203/203/203 201/201/201 202/202/202
f 201/201/201 203/203/203 204/204/204
f 204/204/204 171/171/171 201/201/201
f 205/205/205 171/171/171 204/204/204
f 171/171/171 205/205/205 170/170/170
f 200/200/200 186/186/186 199/199/199
f 200/200/200 188/188/188 186/186/186
f 208/208/208 207/207/207 206/206/206
f 208/208/208 209/209/209 207/207/207
f 212/212/212 211/211/211 210/210/210
f 213/213/213 211/211/211 212/212/212
f 214/214/214 211/211/211 213/213/213
f 215/215/215 211/211/211 214/214/214
f 216/216/216 211/211/211 215/215/215
f 216/216/216 217/217/217 211/211/211
f 218/218/218 217/217/217 216/216/216
f 219/219/219 217/217/217 218/218/218
f 220/220/220 217/217/217 219/219/219
f 220/220/220 221/221/221 217/217/217
f 222/222/222 221/221/221 220/220/220
f 222/222/222 223/223/223 221/221/221
f 224/224/224 223/223/223 222/222/222
f 224/224/224 225/225/225 223/223/223
f 226/226/226 225/225/225 224/224/224
f 226/226/226 227/227/227 225/225/225
f 228/228/228 227/227/227 226/226/226
f 228/228/228 229/229/229 227/227/227
f 230/230/230 229/229/229 228/228/228
f 230/230/230 231/231/231 229/229/229
f 232/232/232 209/209/209 208/208/208
f 232/232/232 233/233/233 209/209/209
f 232/232/232 234/234/234 233/233/233
f 235/235/235 234/234/234 232/232/232
f 235/235/235 236/236/236 234/234/234
f 237/237/237 236/236/236 235/235/235
f 237/237/237 238/238/238 236/236/236
f 239/239/239 238/238/238 237/237/237
f 239/239/239 240/240/240 238/238/238
f 241/241/241 240/240/240 239/239/239
f 241/241/241 242/242/242 240/240/240
f 243/243/243 242/242/242 241/241/241
f 243/243/243 244/244/244 242/242/242
f 245/245/245 244/244/244 243/243/243
f 245/245/245 246/246/246 244/244/244
f 245/245/245 247/247/247 246/246/246
f 248/248/248 247/247/247 245/245/245
f 248/248/248 249/249/249 247/247/247
f 250/250/250 249/249/249 248/248/248
f 250/250/250 251/251/251 249/249/249
f 252/252/252 251/251/251 250/250/250
f 252/252/252 253/253/253 251/251/251
f 254/254/254 253/253/253 252/252/252
f 254/254/254 255/255/255 253/253/253
f 256/256/256 255/255/255 254/254/254
f 256/256/256 257/257/257 255/255/255
f 258/258/258 257/257/257 256/256/256
f 259/259/259 257/257/257 258/258/258
f 259/259/259 260/260/260 257/257/257
f 261/261/261 260/260/260 259/259/259
f 261/261/261 262/262/262 260/260/260
f 231/231/231 262/262/262 261/261/261
f 262/262/262 231/231/231 230/230/230
f 265/265/265 264/264/264 263/263/263
f 264/264/264 266/266/266 263/263/263
f 268/268/268 265/265/265 267/267/267
f 265/265/265 269/269/269 267/267/267
f 271/271/271 268/268/268 270/270/270
f 268/268/268 272/272/272 270/270/270
f 274/274/274 271/271/271 273/273/273
f 271/271/271 275/275/275 273/273/273
f 277/277/277 274/274/274 276/276/276
f 274/274/274 273/273/273 276/276/276
f 280/280/280 279/279/279 278/278/278
f 277/277/277 276/276/276 281/281/281
f 271/271/271 270/270/270 275/275/275
f 268/268/268 267/267/267 272/272/272
f 265/265/265 263/263/263 269/269/269
f 283/283/283 280/280/280 282/282/282
f 280/280/280 278/278/278 282/282/282
f 286/286/286 285/285/285 284/284/284
f 283/283/283 282/282/282 287/287/287
f 285/285/285 287/287/287 284/284/284
f 290/290/290 289/289/289 288/288/288
f 286/286/286 284/284/284 291/291/291
f 286/286/286 291/291/291 292/292/292
f 286/286/286 277/277/277 293/293/293
f 286/286/286 292/292/292 277/277/277
f 285/285/285 283/283/283 287/287/287
f 289/289/289 294/294/294 288/288/288
f 296/296/296 290/290/290 295/295/295
f 290/290/290 288/288/288 295/295/295
f 298/298/298 296/296/296 297/297/297
f 296/296/296 295/295/295 297/297/297
f 300/300/300 298/298/298 299/299/299
f 298/298/298 297/297/297 299/299/299
f 302/302/302 300/300/300 301/301/301
f 300/300/300 299/299/299 301/301/301
f 304/304/304 302/302/302 303/303/303
f 302/302/302 301/301/301 303/303/303
f 307/307/307 306/306/306 305/305/305
f 304/304/304 303/303/303 308/308/308
f 306/306/306 309/309/309 305/305/305
f 311/311/311 307/307/307 310/310/310
f 307/307/307 305/305/305 310/310/310
f 313/313/313 311/311/311 312/312/312
f 311/311/311 310/310/310 312/312/312
f 314/314/314 313/313/313 304/304/304
f 313/313/313 312/312/312 304/304/304
f 315/315/315 314/314/314 308/308/308
f 314/314/314 304/304/304 308/308/308
f 318/318/318 317/317/317 316/316/316
f 315/315/315 308/308/308 319/319/319
f 317/317/317 319/319/319 316/316/316
f 317/317/317 315/315/315 319/319/319
f 321/321/321 318/318/318 320/320/320
f 318/318/318 316/316/316 320/320/320
f 323/323/323 321/321/321 322/322/322
f 321/321/321 320/320/320 322/322/322
f 326/326/326 325/325/325 324/324/324
f 323/323/323 322/322/322 293/293/293
f 293/293/293 277/277/277 281/281/281
f 328/328/328 326/326/326 327/327/327
f 326/326/326 324/324/324 327/327/327
f 330/330/330 328/328/328 329/329/329
f 328/328/328 327/327/327 329/329/329
f 332/332/332 330/330/330 331/331/331
f 330/330/330 329/329/329 331/331/331
f 332/332/332 334/334/334 333/333/333
f 332/332/332 335/335/335 334/334/334
f 332/332/332 331/331/331 335/335/335
f 337/337/337 333/333/333 336/336/336
f 333/333/333 334/334/334 336/336/336
f 338/338/338 337/337/337 336/336/336
f 341/341/341 340/340/340 339/339/339
f 341/341/341 342/342/342 340/340/340
f 344/344/344 341/341/341 343/343/343
f 341/341/341 339/339/339 343/343/343
f 346/346/346 344/344/344 345/345/345
f 344/344/344 343/343/343 345/345/345
f 348/348/348 346/346/346 347/347/347
f 346/346/346 345/345/345 347/347/347
f 350/350/350 348/348/348 349/349/349
f 348/348/348 347/347/347 349/349/349
f 352/352/352 350/350/350 351/351/351
f 350/350/350 349/349/349 351/351/351
f 336/336/336 352/352/352 353/353/353
f 352/352/352 351/351/351 353/353/353
f 356/356/356 355/355/355 354/354/354
f 338/338/338 336/336/336 353/353/353
f 358/358/358 356/356/356 357/357/357
f 356/356/356 354/354/354 357/357/357
f 360/360/360 358/358/358 359/359/359
f 358/358/358 357/357/357 359/359/359
f 363/363/363 362/362/362 361/361/361
f 364/364/364 360/360/360 359/359/359
f 323/323/323 365/365/365 363/363/363
f 366/366/366 365/365/365 323/323/323
f 364/364/364 323/323/323 363/363/363
f 293/293/293 367/367/367 366/366/366
f 368/368/368 367/367/367 293/293/293
f 323/323/323 293/293/293 366/366/366
f 293/293/293 281/281/281 368/368/368
f 364/364/364 363/363/363 360/360/360
f 371/371/371 370/370/370 369/369/369
f 370/370/370 371/371/371 372/372/372
f 363/363/363 370/370/370 372/372/372
f 375/375/375 374/374/374 373/373/373
f 374/374/374 375/375/375 369/369/369
f 370/370/370 374/374/374 369/369/369
f 377/377/377 376/376/376 373/373/373
f 374/374/374 377/377/377 373/373/373
f 379/379/379 378/378/378 376/376/376
f 377/377/377 379/379/379 376/376/376
f 381/381/381 378/378/378 380/380/380
f 381/381/381 353/353/353 378/378/378
f 379/379/379 380/380/380 378/378/378
f 383/383/383 353/353/353 382/382/382
f 383/383/383 384/384/384 353/353/353
f 385/385/385 353/353/353 381/381/381
f 385/385/385 382/382/382 353/353/353
f 387/387/387 353/353/353 386/386/386
f 387/387/387 388/388/388 353/353/353
f 389/389/389 353/353/353 384/384/384
f 389/389/389 386/386/386 353/353/353
f 391/391/391 353/353/353 390/390/390
f 391/391/391 338/338/338 353/353/353
f 392/392/392 353/353/353 388/388/388
f 392/392/392 393/393/393 353/353/353
f 394/394/394 353/353/353 393/393/393
f 394/394/394 395/395/395 353/353/353
f 396/396/396 353/353/353 395/395/395
f 396/396/396 390/390/390 353/353/353
f 397/397/397 363/363/363 372/372/372
f 363/363/363 397/397/397 362/362/362
f 363/363/363 361/361/361 360/360/360
f 400/400/400 399/399/399 398/398/398
f 399/399/399 401/401/401 398/398/398
f 403/403/403 400/400/400 402/402/402
f 400/400/400 398/398/398 402/402/402
f 405/405/405 403/403/403 404/404/404
f 403/403/403 402/402/402 404/404/404
f 407/407/407 405/405/405 406/406/406
f 405/405/405 404/404/404 406/406/406
f 410/410/410 409/409/409 408/408/408
f 410/410/410 407/407/407 409/409/409
f 407/407/407 411/411/411 409/409/409
f 406/406/406 411/411/411 407/407/407
f 413/413/413 408/408/408 412/412/412
f 408/408/408 409/409/409 412/412/412
f 415/415/415 413/413/413 414/414/414
f 413/413/413 412/412/412 414/414/414
f 418/418/418 417/417/417 416/416/416
f 415/415/415 420/420/420 419/419/419
f 414/414/414 420/420/420 415/415/415
f 422/422/422 418/418/418 421/421/421
f 418/418/418 416/416/416 421/421/421
f 424/424/424 422/422/422 423/423/423
f 422/422/422 421/421/421 423/423/423
f 426/426/426 424/424/424 425/425/425
f 424/424/424 423/423/423 425/425/425
f 429/429/429 428/428/428 427/427/427
f 429/429/429 426/426/426 428/428/428
f 426/426/426 425/425/425 428/428/428
f 419/419/419 427/427/427 428/428/428
f 430/430/430 415/415/415 419/419/419
f 432/432/432 431/431/431 428/428/428
f 430/430/430 419/419/419 428/428/428
f 435/435/435 434/434/434 433/433/433
f 436/436/436 434/434/434 435/435/435
f 437/437/437 434/434/434 436/436/436
f 434/434/434 428/428/428 433/433/433
f 434/434/434 432/432/432 428/428/428
f 431/431/431 430/430/430 428/428/428
f 440/440/440 439/439/439 438/438/438
f 439/439/439 441/441/441 438/438/438
f 439/439/439 442/442/442 441/441/441
f 444/444/444 440/440/440 443/443/443
f 440/440/440 438/438/438 443/443/443
f 446/446/446 444/444/444 445/445/445
f 444/444/444 443/443/443 445/445/445
f 449/449/449 448/448/448 447/447/447
f 446/446/446 445/445/445 450/450/450
f 446/446/446 450/450/450 451/451/451
f 453/453/453 451/451/451 452/452/452
f 453/453/453 446/446/446 451/451/451
f 453/453/453 452/452/452 454/454/454
f 448/448/448 455/455/455 447/447/447
f 457/457/457 449/449/449 456/456/456
f 449/449/449 447/447/447 456/456/456
f 459/459/459 457/457/457 458/458/458
f 457/457/457 456/456/456 458/458/458
f 461/461/461 460/460/460 459/459/459
f 459/459/459 458/458/458 462/462/462
f 459/459/459 463/463/463 453/453/453
f 459/459/459 462/462/462 463/463/463
f 466/466/466 465/465/465 464/464/464
f 466/466/466 467/467/467 465/465/465
f 469/469/469 464/464/464 468/468/468
f 469/469/469 466/466/466 464/464/464
f 469/469/469 459/459/459 470/470/470
f 469/469/469 468/468/468 459/459/459
f 473/473/473 472/472/472 471/471/471
f 460/460/460 470/470/470 459/459/459
f 472/472/472 474/474/474 471/471/471
f 476/476/476 473/473/473 475/475/475
f 473/473/473 477/477/477 475/475/475
f 471/471/471 477/477/477 473/473/473
f 478/478/478 476/476/476 461/461/461
f 476/476/476 475/475/475 461/461/461
f 481/481/481 480/480/480 479/479/479
f 481/481/481 482/482/482 480/480/480
f 484/484/484 483/483/483 478/478/478
f 486/486/486 478/478/478 485/485/485
f 486/486/486 484/484/484 478/478/478
f 488/488/488 487/487/487 483/483/483
f 489/489/489 483/483/483 484/484/484
f 489/489/489 488/488/488 483/483/483
f 491/491/491 490/490/490 487/487/487
f 488/488/488 491/491/491 487/487/487
f 491/491/491 492/492/492 490/490/490
f 494/494/494 493/493/493 485/485/485
f 496/496/496 485/485/485 495/495/495
f 496/496/496 494/494/494 485/485/485
f 498/498/498 497/497/497 493/493/493
f 499/499/499 493/493/493 494/494/494
f 499/499/499 498/498/498 493/493/493
f 501/501/501 500/500/500 497/497/497
f 498/498/498 501/501/501 497/497/497
f 503/503/503 502/502/502 500/500/500
f 501/501/501 503/503/503 500/500/500
f 504/504/504 479/479/479 480/480/480
f 506/506/506 505/505/505 482/482/482
f 481/481/481 506/506/506 482/482/482
f 507/507/507 505/505/505 506/506/506
f 507/507/507 508/508/508 505/505/505
f 459/459/459 453/453/453 454/454/454
f 511/511/511 510/510/510 509/509/509
f 461/461/461 454/454/454 512/512/512
f 461/461/461 459/459/459 454/454/454
f 461/461/461 512/512/512 513/513/513
f 478/478/478 461/461/461 513/513/513
f 485/485/485 478/478/478 513/513/513
f 495/495/495 485/485/485 513/513/513
f 510/510/510 514/514/514 509/509/509
f 516/516/516 511/511/511 515/515/515
f 511/511/511 509/509/509 515/515/515
f 518/518/518 495/495/495 517/517/517
f 518/518/518 516/516/516 495/495/495
f 516/516/516 515/515/515 495/495/495
f 520/520/520 495/495/495 519/519/519
f 520/520/520 517/517/517 495/495/495
f 480/480/480 519/519/519 495/495/495
f 504/504/504 480/480/480 495/495/495
f 523/523/523 522/522/522 521/521/521
f 504/504/504 495/495/495 513/513/513
f 521/521/521 504/504/504 513/513/513
f 521/521/521 524/524/524 504/504/504
f 525/525/525 524/524/524 521/521/521
f 521/521/521 526/526/526 525/525/525
f 527/527/527 526/526/526 521/521/521
f 522/522/522 527/527/527 521/521/521
f 529/529/529 523/523/523 528/528/528
f 523/523/523 521/521/521 528/528/528
f 529/529/529 528/528/528 530/530/530
f 533/533/533 532/532/532 531/531/531
f 534/534/534 532/532/532 533/533/533
f 535/535/535 532/532/532 534/534/534
f 536/536/536 532/532/532 535/535/535
f 537/537/537 532/532/532 536/536/536
f 537/537/537 538/538/538 532/532/532
f 539/539/539 538/538/538 537/537/537
f 540/540/540 538/538/538 539/539/539
f 541/541/541 538/538/538 540/540/540
f 541/541/541 542/542/542 538/538/538
f 543/543/543 542/542/542 541/541/541
f 543/543/543 544/544/544 542/542/542
f 545/545/545 544/544/544 543/543/543
f 546/546/546 544/544/544 545/545/545
f 547/547/547 544/544/544 546/546/546
f 548/548/548 544/544/544 547/547/547
f 548/548/548 549/549/549 544/544/544
f 548/548/548 550/550/550 549/549/549
f 548/548/548 551/551/551 550/550/550
f 548/548/548 552/552/552 551/551/551
f 548/548/548 553/553/553 552/552/552
f 554/554/554 553/553/553 548/548/548
f 555/555/555 553/553/553 554/554/554
f 555/555/555 556/556/556 553/553/553
f 557/557/557 556/556/556 555/555/555
f 558/558/558 556/556/556 557/557/557
f 559/559/559 556/556/556 558/558/558
f 559/559/559 560/560/560 556/556/556
f 561/561/561 560/560/560 559/559/559
f 564/564/564 563/563/563 562/562/562
f 564/564/564 565/565/565 563/563/563
f 568/568/568 567/567/567 566/566/566
f 571/571/571 570/570/570 569/569/569
f 573/573/573 572/572/572 567/567/567
f 568/568/568 573/573/573 567/567/567
f 575/575/575 574/574/574 572/572/572
f 573/573/573 575/575/575 572/572/572
f 577/577/577 576/576/576 574/574/574
f 575/575/575 577/577/577 574/574/574
f 579/579/579 578/578/578 576/576/576
f 577/577/577 579/579/579 576/576/576
f 581/581/581 580/580/580 578/578/578
f 579/579/579 581/581/581 578/578/578
f 583/583/583 582/582/582 580/580/580
f 581/581/581 583/583/583 580/580/580
f 585/585/585 584/584/584 582/582/582
f 583/583/583 585/585/585 582/582/582
f 585/585/585 586/586/586 584/584/584
f 585/585/585 587/587/587 586/586/586
f 587/587/587 588/588/588 586/586/586
f 590/590/590 589/589/589 588/588/588
f 587/587/587 590/590/590 588/588/588
f 592/592/592 591/591/591 589/589/589
f 590/590/590 592/592/592 589/589/589
f 594/594/594 593/593/593 591/591/591
f 592/592/592 594/594/594 591/591/591
f 596/596/596 595/595/595 593/593/593
f 594/594/594 596/596/596 593/593/593
f 598/598/598 597/597/597 595/595/595
f 596/596/596 598/598/598 595/595/595
f 600/600/600 599/599/599 597/597/597
f 598/598/598 600/600/600 597/597/597
f 602/602/602 601/601/601 599/599/599
f 600/600/600 602/602/602 599/599/599
f 605/605/605 604/604/604 603/603/603
f 602/602/602 603/603/603 601/601/601
f 607/607/607 606/606/606 604/604/604
f 605/605/605 607/607/607 604/604/604
f 571/571/571 569/569/569 606/606/606
f 607/607/607 571/571/571 606/606/606
f 570/570/570 568/568/568 566/566/566
f 602/602/602 605/605/605 603/603/603
f 610/610/610 609/609/609 608/608/608
f 609/609/609 611/611/611 608/608/608
f 609/609/609 612/612/612 611/611/611
f 614/614/614 610/610/610 613/613/613
f 610/610/610 608/608/608 613/613/613
f 616/616/616 614/614/614 615/615/615
f 614/614/614 613/613/613 615/615/615
f 618/618/618 616/616/616 617/617/617
f 616/616/616 615/615/615 617/617/617
f 620/620/620 618/618/618 619/619/619
f 618/618/618 617/617/617 619/619/619
f 622/622/622 620/620/620 621/621/621
f 620/620/620 619/619/619 621/621/621
f 624/624/624 622/622/622 623/623/623
f 622/622/622 621/621/621 623/623/623
f 626/626/626 624/624/624 625/625/625
f 624/624/624 623/623/623 625/625/625
f 628/628/628 626/626/626 627/627/627
f 626/626/626 625/625/625 627/627/627
f 630/630/630 628/628/628 629/629/629
f 628/628/628 627/627/627 629/629/629
f 632/632/632 630/630/630 631/631/631
f 630/630/630 629/629/629 631/631/631
f 634/634/634 632/632/632 633/633/633
f 632/632/632 631/631/631 633/633/633
f 636/636/636 634/634/634 635/635/635
f 634/634/634 633/633/633 635/635/635
f 639/639/639 638/638/638 637/637/637
f 636/636/636 635/635/635 640/640/640
f 641/641/641 636/636/636 640/640/640
f 643/643/643 640/640/640 642/642/642
f 645/645/645 642/642/642 644/644/644
f 645/645/645 643/643/643 642/642/642
f 647/647/647 644/644/644 646/646/646
f 647/647/647 645/645/645 644/644/644
f 647/647/647 637/637/637 638/638/638
f 647/647/647 646/646/646 637/637/637
f 649/649/649 639/639/639 648/648/648
f 639/639/639 637/637/637 648/648/648
f 649/649/649 651/651/651 650/650/650
f 649/649/649 652/652/652 651/651/651
f 649/649/649 648/648/648 652/652/652
f 643/643/643 641/641/641 640/640/640
f 562/562/562 611/611/611 566/566/566
f 562/562/562 563/563/563 611/611/611
f 612/612/612 566/566/566 611/611/611
f 612/612/612 570/570/570 566/566/566
f 612/612/612 569/569/569 570/570/570
f 655/655/655 654/654/654 653/653/653
f 655/655/655 656/656/656 654/654/654
f 653/653/653 569/569/569 612/612/612
f 653/653/653 654/654/654 569/569/569
f 659/659/659 658/658/658 657/657/657
f 659/659/659 660/660/660 658/658/658
f 657/657/657 662/662/662 661/661/661
f 657/657/657 658/658/658 662/662/662
f 662/662/662 663/663/663 661/661/661
f 664/664/664 663/663/663 662/662/662
f 664/664/664 665/665/665 663/663/663
f 664/664/664 666/666/666 665/665/665
f 666/666/666 667/667/667 665/665/665
f 668/668/668 667/667/667 666/666/666
f 667/667/667 668/668/668 669/669/669
f 669/669/669 671/671/671 670/670/670
f 671/671/671 672/672/672 670/670/670
f 671/671/671 674/674/674 673/673/673
f 673/673/673 674/674/674 675/675/675
f 675/675/675 677/677/677 676/676/676
f 677/677/677 678/678/678 676/676/676
f 677/677/677 679/679/679 678/678/678
f 679/679/679 680/680/680 678/678/678
f 680/680/680 682/682/682 681/681/681
f 683/683/683 681/681/681 682/682/682
f 683/683/683 684/684/684 681/681/681
f 684/684/684 686/686/686 685/685/685
f 687/687/687 685/685/685 686/686/686
f 685/685/685 687/687/687 688/688/688
f 688/688/688 690/690/690 689/689/689
f 691/691/691 689/689/689 690/690/690
f 691/691/691 692/692/692 689/689/689
f 693/693/693 692/692/692 691/691/691
f 693/693/693 694/694/694 692/692/692
f 693/693/693 695/695/695 694/694/694
f 684/684/684 683/683/683 686/686/686
f 688/688/688 687/687/687 690/690/690
f 680/680/680 679/679/679 682/682/682
f 674/674/674 696/696/696 675/675/675
f 675/675/675 696/696/696 677/677/677
f 672/672/672 671/671/671 673/673/673
f 669/669/669 697/697/697 671/671/671
f 668/668/668 697/697/697 669/669/669
f 700/700/700 699/699/699 698/698/698
f 699/699/699 701/701/701 698/698/698
f 703/703/703 700/700/700 702/702/702
f 700/700/700 698/698/698 702/702/702
f 705/705/705 703/703/703 704/704/704
f 703/703/703 702/702/702 704/704/704
f 708/708/708 707/707/707 706/706/706
f 709/709/709 705/705/705 704/704/704
f 709/709/709 710/710/710 705/705/705
f 709/709/709 711/711/711 710/710/710
f 712/712/712 706/706/706 707/707/707
f 712/712/712 713/713/713 706/706/706
f 715/715/715 708/708/708 714/714/714
f 708/708/708 706/706/706 714/714/714
f 715/715/715 717/717/717 716/716/716
f 715/715/715 718/718/718 717/717/717
f 715/715/715 714/714/714 718/718/718
f 721/721/721 720/720/720 719/719/719
f 723/723/723 722/722/722 716/716/716
f 716/716/716 717/717/717 724/724/724
f 711/711/711 725/725/725 710/710/710
f 710/710/710 723/723/723 719/719/719
f 725/725/725 723/723/723 710/710/710
f 716/716/716 724/724/724 719/719/719
f 727/727/727 726/726/726 722/722/722
f 723/723/723 727/727/727 722/722/722
f 729/729/729 728/728/728 726/726/726
f 727/727/727 729/729/729 726/726/726
f 731/731/731 730/730/730 728/728/728
f 732/732/732 728/728/728 729/729/729
f 732/732/732 731/731/731 728/728/728
f 734/734/734 733/733/733 730/730/730
f 731/731/731 734/734/734 730/730/730
f 734/734/734 735/735/735 733/733/733
f 734/734/734 736/736/736 735/735/735
f 724/724/724 721/721/721 719/719/719
f 723/723/723 716/716/716 719/719/719
f 721/721/721 737/737/737 720/720/720
f 738/738/738 737/737/737 721/721/721
f 741/741/741 740/740/740 739/739/739
f 741/741/741 742/742/742 740/740/740
f 745/745/745 744/744/744 743/743/743
f 739/739/739 743/743/743 744/744/744
f 739/739/739 740/740/740 743/743/743
f 747/747/747 745/745/745 746/746/746
f 745/745/745 749/749/749 748/748/748
f 745/745/745 751/751/751 750/750/750
f 745/745/745 753/753/753 752/752/752
f 745/745/745 754/754/754 746/746/746
f 757/757/757 756/756/756 755/755/755
f 747/747/747 759/759/759 758/758/758
f 757/757/757 755/755/755 760/760/760
f 761/761/761 758/758/758 756/756/756
f 757/757/757 761/761/761 756/756/756
f 762/762/762 747/747/747 758/758/758
f 761/761/761 763/763/763 758/758/758
f 747/747/747 746/746/746 759/759/759
f 745/745/745 752/752/752 754/754/754
f 745/745/745 750/750/750 753/753/753
f 745/745/745 748/748/748 751/751/751
f 745/745/745 743/743/743 749/749/749
f 763/763/763 762/762/762 758/758/758
f 766/766/766 765/765/765 764/764/764
f 766/766/766 767/767/767 765/765/765
f 769/769/769 764/764/764 768/768/768
f 764/764/764 765/765/765 768/768/768
f 771/771/771 769/769/769 770/770/770
f 769/769/769 772/772/772 770/770/770
f 768/768/768 772/772/772 769/769/769
f 774/774/774 771/771/771 773/773/773
f 771/771/771 770/770/770 773/773/773
f 776/776/776 774/774/774 775/775/775
f 774/774/774 773/773/773 775/775/775
f 778/778/778 776/776/776 777/777/777
f 776/776/776 775/775/775 777/777/777
f 781/781/781 780/780/780 779/779/779
f 782/782/782 780/780/780 781/781/781
f 779/779/779 783/783/783 781/781/781
f 784/784/784 782/782/782 781/781/781
f 785/785/785 782/782/782 784/784/784
f 786/786/786 782/782/782 785/785/785
f 784/784/784 781/781/781 787/787/787
f 789/789/789 788/788/788 786/786/786
f 790/790/790 788/788/788 789/789/789
f 791/791/791 786/786/786 785/785/785
f 791/791/791 789/789/789 786/786/786
f 793/793/793 792/792/792 790/790/790
f 793/793/793 794/794/794 792/792/792
f 789/789/789 793/793/793 790/790/790
f 778/778/778 783/783/783 779/779/779
f 778/778/778 777/777/777 783/783/783
f 797/797/797 796/796/796 795/795/795
f 797/797/797 798/798/798 796/796/796
f 797/797/797 787/787/787 798/798/798
f 797/797/797 784/784/784 787/787/787
f 795/795/795 796/796/796 799/799/799
f 802/802/802 801/801/801 800/800/800
f 795/795/795 800/800/800 801/801/801
f 795/795/795 799/799/799 800/800/800
f 804/804/804 800/800/800 803/803/803
f 804/804/804 802/802/802 800/800/800
f 807/807/807 806/806/806 805/805/805
f 809/809/809 800/800/800 808/808/808
f 809/809/809 803/803/803 800/800/800
f 812/812/812 811/811/811 810/810/810
f 813/813/813 812/812/812 810/810/810
f 815/815/815 814/814/814 811/811/811
f 812/812/812 815/815/815 811/811/811
f 808/808/808 814/814/814 816/816/816
f 808/808/808 800/800/800 814/814/814
f 815/815/815 817/817/817 814/814/814
f 814/814/814 819/819/819 818/818/818
f 817/817/817 819/819/819 814/814/814
f 814/814/814 821/821/821 820/820/820
f 818/818/818 821/821/821 814/814/814
f 822/822/822 814/814/814 820/820/820
f 822/822/822 816/816/816 814/814/814
f 813/813/813 805/805/805 806/806/806
f 813/813/813 810/810/810 805/805/805
f 807/807/807 805/805/805 823/823/823
f 826/826/826 825/825/825 824/824/824
f 824/824/824 827/827/827 826/826/826
f 828/828/828 827/827/827 824/824/824
f 830/830/830 829/829/829 825/825/825
f 831/831/831 825/825/825 826/826/826
f 831/831/831 830/830/830 825/825/825
f 833/833/833 832/832/832 829/829/829
f 830/830/830 833/833/833 829/829/829
f 835/835/835 832/832/832 834/834/834
f 835/835/835 836/836/836 832/832/832
f 837/837/837 832/832/832 833/833/833
f 837/837/837 834/834/834 832/832/832
f 840/840/840 839/839/839 838/838/838
f 843/843/843 842/842/842 841/841/841
f 843/843/843 844/844/844 842/842/842
f 843/843/843 845/845/845 844/844/844
f 847/847/847 842/842/842 846/846/846
f 847/847/847 841/841/841 842/842/842
f 849/849/849 847/847/847 848/848/848
f 847/847/847 846/846/846 848/848/848
f 849/849/849 848/848/848 850/850/850
f 851/851/851 849/849/849 850/850/850
f 844/844/844 853/853/853 852/852/852
f 845/845/845 853/853/853 844/844/844
f 852/852/852 854/854/854 844/844/844
f 855/855/855 854/854/854 852/852/852
f 856/856/856 854/854/854 855/855/855
f 856/856/856 857/857/857 840/840/840
f 858/858/858 857/857/857 856/856/856
f 840/840/840 838/838/838 856/856/856
f 856/856/856 859/859/859 858/858/858
f 855/855/855 859/859/859 856/856/856
f 828/828/828 854/854/854 856/856/856
f 828/828/828 860/860/860 854/854/854
f 828/828/828 824/824/824 860/860/860
f 862/862/862 861/861/861 836/836/836
f 835/835/835 862/862/862 836/836/836
f 864/864/864 863/863/863 861/861/861
f 862/862/862 864/864/864 861/861/861
f 866/866/866 865/865/865 863/863/863
f 864/864/864 866/866/866 863/863/863
f 868/868/868 867/867/867 865/865/865
f 866/866/866 868/868/868 865/865/865
f 870/870/870 869/869/869 867/867/867
f 867/867/867 871/871/871 870/870/870
f 872/872/872 871/871/871 867/867/867
f 874/874/874 873/873/873 869/869/869
f 870/870/870 874/874/874 869/869/869
f 876/876/876 875/875/875 873/873/873
f 874/874/874 876/876/876 873/873/873
f 878/878/878 877/877/877 875/875/875
f 876/876/876 879/879/879 875/875/875
f 879/879/879 878/878/878 875/875/875
f 881/881/881 880/880/880 877/877/877
f 878/878/878 881/881/881 877/877/877
f 883/883/883 882/882/882 880/880/880
f 881/881/881 883/883/883 880/880/880
f 883/883/883 884/884/884 882/882/882
f 868/868/868 872/872/872 867/867/867
f 887/887/887 886/886/886 885/885/885
f 887/887/887 888/888/888 886/886/886
f 888/888/888 887/887/887 889/889/889
f 891/891/891 889/889/889 890/890/890
f 889/889/889 892/892/892 888/888/888
f 889/889/889 893/893/893 892/892/892
f 893/893/893 889/889/889 891/891/891
f 896/896/896 895/895/895 894/894/894
f 885/885/885 897/897/897 887/887/887
f 885/885/885 898/898/898 897/897/897
f 898/898/898 899/899/899 897/897/897
f 901/901/901 900/900/900 899/899/899
f 898/898/898 901/901/901 899/899/899
f 904/904/904 903/903/903 902/902/902
f 907/907/907 906/906/906 905/905/905
f 908/908/908 907/907/907 905/905/905
f 907/907/907 909/909/909 906/906/906
f 908/908/908 899/899/899 910/910/910
f 908/908/908 905/905/905 899/899/899
f 911/911/911 910/910/910 899/899/899
f 912/912/912 911/911/911 899/899/899
f 901/901/901 913/913/913 900/900/900
f 914/914/914 913/913/913 901/901/901
f 917/917/917 916/916/916 915/915/915
f 904/904/904 917/917/917 915/915/915
f 920/920/920 919/919/919 918/918/918
f 917/917/917 920/920/920 918/918/918
f 922/922/922 921/921/921 919/919/919
f 920/920/920 922/922/922 919/919/919
f 924/924/924 923/923/923 921/921/921
f 922/922/922 924/924/924 921/921/921
f 926/926/926 925/925/925 923/923/923
f 924/924/924 926/926/926 923/923/923
f 928/928/928 927/927/927 925/925/925
f 926/926/926 928/928/928 925/925/925
f 904/904/904 915/915/915 903/903/903
f 917/917/917 918/918/918 916/916/916
f 901/901/901 904/904/904 902/902/902
f 901/901/901 902/902/902 929/929/929
f 901/901/901 929/929/929 914/914/914
f 930/930/930 912/912/912 899/899/899
f 900/900/900 930/930/930 899/899/899
f 895/895/895 931/931/931 894/894/894
f 933/933/933 896/896/896 932/932/932
f 896/896/896 894/894/894 932/932/932
f 935/935/935 933/933/933 934/934/934
f 933/933/933 932/932/932 934/934/934
f 937/937/937 936/936/936 935/935/935
f 937/937/937 935/935/935 934/934/934
f 939/939/939 938/938/938 936/936/936
f 937/937/937 939/939/939 936/936/936
f 941/941/941 940/940/940 938/938/938
f 939/939/939 941/941/941 938/938/938
f 943/943/943 942/942/942 940/940/940
f 940/940/940 944/944/944 943/943/943
f 941/941/941 944/944/944 940/940/940
f 945/945/945 890/890/890 942/942/942
f 942/942/942 946/946/946 945/945/945
f 943/943/943 946/946/946 942/942/942
f 948/948/948 947/947/947 891/891/891
f 949/949/949 947/947/947 948/948/948
f 945/945/945 950/950/950 890/890/890
f 950/950/950 951/951/951 890/890/890
f 890/890/890 953/953/953 952/952/952
f 951/951/951 953/953/953 890/890/890
f 890/890/890 955/955/955 954/954/954
f 952/952/952 955/955/955 890/890/890
f 956/956/956 890/890/890 954/954/954
f 956/956/956 957/957/957 890/890/890
f 957/957/957 948/948/948 890/890/890
f 948/948/948 891/891/891 890/890/890
f 960/960/960 959/959/959 958/958/958
f 948/948/948 961/961/961 949/949/949
f 962/962/962 949/949/949 961/961/961
f 962/962/962 963/963/963 949/949/949
f 964/964/964 963/963/963 962/962/962
f 964/964/964 965/965/965 963/963/963
f 966/966/966 965/965/965 964/964/964
f 966/966/966 967/967/967 965/965/965
f 969/969/969 960/960/960 968/968/968
f 960/960/960 958/958/958 968/968/968
f 972/972/972 971/971/971 970/970/970
f 966/966/966 969/969/969 968/968/968
f 974/974/974 968/968/968 973/973/973
f 967/967/967 968/968/968 974/974/974
f 966/966/966 968/968/968 967/967/967
f 975/975/975 973/973/973 968/968/968
f 975/975/975 972/972/972 973/973/973
f 976/976/976 972/972/972 970/970/970
f 976/976/976 973/973/973 972/972/972
f 976/976/976 977/977/977 973/973/973
f 972/972/972 979/979/979 978/978/978
f 980/980/980 979/979/979 972/972/972
f 972/972/972 981/981/981 971/971/971
f 982/982/982 972/972/972 978/978/978
f 972/972/972 982/982/982 981/981/981
f 985/985/985 984/984/984 983/983/983
f 972/972/972 983/983/983 980/980/980
f 972/972/972 985/985/985 983/983/983
f 987/987/987 986/986/986 984/984/984
f 985/985/985 987/987/987 984/984/984
f 989/989/989 988/988/988 986/986/986
f 987/987/987 989/989/989 986/986/986
f 991/991/991 990/990/990 988/988/988
f 989/989/989 991/991/991 988/988/988
f 994/994/994 993/993/993 992/992/992
f 993/993/993 994/994/994 990/990/990
f 991/991/991 993/993/993 990/990/990
f 996/996/996 995/995/995 992/992/992
f 993/993/993 996/996/996 992/992/992
f 998/998/998 997/997/997 995/995/995
f 996/996/996 998/998/998 995/995/995
f 1001/1001/1001 1000/1000/1000 999/999/999
f 998/998/998 1002/1002/1002 997/997/997
f 1004/1004/1004 1001/1001/1001 1003/1003/1003
f 1001/1001/1001 999/999/999 1003/1003/1003
f 1006/1006/1006 1004/1004/1004 1005/1005/1005
f 1004/1004/1004 1003/1003/1003 1005/1005/1005
f 1009/1009/1009 1008/1008/1008 1007/1007/1007
f 1006/1006/1006 1005/1005/1005 1010/1010/1010
f 1010/1010/1010 1009/1009/1009 1011/1011/1011
f 1009/1009/1009 1007/1007/1007 1011/1011/1011
f 1014/1014/1014 1013/1013/1013 1012/1012/1012
f 1010/1010/1010 1011/1011/1011 1015/1015/1015
f 1012/1012/1012 1017/1017/1017 1016/1016/1016
f 1015/1015/1015 1014/1014/1014 1012/1012/1012
f 1012/1012/1012 1019/1019/1019 1018/1018/1018
f 1012/1012/1012 1016/1016/1016 1019/1019/1019
f 1018/1018/1018 1021/1021/1021 1020/1020/1020
f 1012/1012/1012 1020/1020/1020 997/997/997
f 1018/1018/1018 1020/1020/1020 1012/1012/1012
f 1006/1006/1006 1015/1015/1015 1012/1012/1012
f 1010/1010/1010 1015/1015/1015 1006/1006/1006
f 1006/1006/1006 997/997/997 1002/1002/1002
f 1006/1006/1006 1012/1012/1012 997/997/997
f 1024/1024/1024 1023/1023/1023 1022/1022/1022
f 1024/1024/1024 1025/1025/1025 1023/1023/1023
f 1025/1025/1025 1026/1026/1026 1023/1023/1023
f 1029/1029/1029 1028/1028/1028 1027/1027/1027
f 1029/1029/1029 1030/1030/1030 1028/1028/1028
f 1029/1029/1029 1026/1026/1026 1025/1025/1025
f 1029/1029/1029 1027/1027/1027 1026/1026/1026
f 1027/1027/1027 1031/1031/1031 1026/1026/1026
f 1032/1032/1032 1031/1031/1031 1027/1027/1027
f 1034/1034/1034 1033/1033/1033 1032/1032/1032
f 1034/1034/1034 1035/1035/1035 1033/1033/1033
f 1034/1034/1034 1036/1036/1036 1035/1035/1035
f 1034/1034/1034 1037/1037/1037 1036/1036/1036
f 1037/1037/1037 1038/1038/1038 1036/1036/1036
f 1037/1037/1037 1039/1039/1039 1038/1038/1038
f 1039/1039/1039 1040/1040/1040 1038/1038/1038
f 1039/1039/1039 1041/1041/1041 1040/1040/1040
f 1043/1043/1043 1042/1042/1042 1040/1040/1040
f 1041/1041/1041 1043/1043/1043 1040/1040/1040
f 1045/1045/1045 1044/1044/1044 1042/1042/1042
f 1043/1043/1043 1045/1045/1045 1042/1042/1042
f 1045/1045/1045 1046/1046/1046 1044/1044/1044
f 1048/1048/1048 1047/1047/1047 1046/1046/1046
f 1045/1045/1045 1048/1048/1048 1046/1046/1046
f 1048/1048/1048 1049/1049/1049 1047/1047/1047
f 1051/1051/1051 1050/1050/1050 1049/1049/1049
f 1048/1048/1048 1051/1051/1051 1049/1049/1049
f 1051/1051/1051 1052/1052/1052 1050/1050/1050
f 1054/1054/1054 1053/1053/1053 1052/1052/1052
f 1051/1051/1051 1054/1054/1054 1052/1052/1052
f 1027/1027/1027 1034/1034/1034 1032/1032/1032
f 1057/1057/1057 1056/1056/1056 1055/1055/1055
f 1057/1057/1057 1058/1058/1058 1056/1056/1056
f 1060/1060/1060 1055/1055/1055 1059/1059/1059
f 1055/1055/1055 1056/1056/1056 1059/1059/1059
f 1063/1063/1063 1062/1062/1062 1061/1061/1061
f 1063/1063/1063 1060/1060/1060 1062/1062/1062
f 1060/1060/1060 1059/1059/1059 1062/1062/1062
f 1064/1064/1064 1061/1061/1061 1062/1062/1062
f 1067/1067/1067 1066/1066/1066 1065/1065/1065
f 1067/1067/1067 1062/1062/1062 1066/1066/1066
f 1064/1064/1064 1062/1062/1062 1067/1067/1067
f 1069/1069/1069 1065/1065/1065 1068/1068/1068
f 1065/1065/1065 1066/1066/1066 1068/1068/1068
f 1071/1071/1071 1069/1069/1069 1070/1070/1070
f 1069/1069/1069 1068/1068/1068 1070/1070/1070
f 1074/1074/1074 1073/1073/1073 1072/1072/1072
f 1074/1074/1074 1071/1071/1071 1073/1073/1073
f 1071/1071/1071 1070/1070/1070 1073/1073/1073
f 1072/1072/1072 1075/1075/1075 1074/1074/1074
f 1072/1072/1072 1076/1076/1076 1075/1075/1075
g cTR_20_000220_00_KAKEDASHICHOSAIN_SR_L_SB_1
f 1079/1079/1079 1078/1078/1078 1077/1077/1077
f 1081/1081/1081 1077/1077/1077 1080/1080/1080
f 1081/1081/1081 1079/1079/1079 1077/1077/1077
f 1083/1083/1083 1082/1082/1082 1078/1078/1078
f 1079/1079/1079 1083/1083/1083 1078/1078/1078
f 1085/1085/1085 1084/1084/1084 1082/1082/1082
f 1083/1083/1083 1085/1085/1085 1082/1082/1082
f 1087/1087/1087 1086/1086/1086 1084/1084/1084
f 1085/1085/1085 1087/1087/1087 1084/1084/1084
f 1089/1089/1089 1088/1088/1088 1086/1086/1086
f 1087/1087/1087 1090/1090/1090 1086/1086/1086
f 1090/1090/1090 1089/1089/1089 1086/1086/1086
f 1092/1092/1092 1091/1091/1091 1088/1088/1088
f 1089/1089/1089 1092/1092/1092 1088/1088/1088
f 1094/1094/1094 1093/1093/1093 1091/1091/1091
f 1092/1092/1092 1094/1094/1094 1091/1091/1091
f 1097/1097/1097 1096/1096/1096 1095/1095/1095
f 1097/1097/1097 1098/1098/1098 1096/1096/1096
f 1094/1094/1094 1099/1099/1099 1093/1093/1093
f 1100/1100/1100 1093/1093/1093 1099/1099/1099
f 1100/1100/1100 1101/1101/1101 1093/1093/1093
f 1103/1103/1103 1095/1095/1095 1102/1102/1102
f 1095/1095/1095 1096/1096/1096 1102/1102/1102
f 1105/1105/1105 1103/1103/1103 1104/1104/1104
f 1103/1103/1103 1102/1102/1102 1104/1104/1104
f 1107/1107/1107 1105/1105/1105 1106/1106/1106
f 1105/1105/1105 1104/1104/1104 1106/1106/1106
f 1109/1109/1109 1107/1107/1107 1108/1108/1108
f 1107/1107/1107 1106/1106/1106 1108/1108/1108
f 1111/1111/1111 1109/1109/1109 1110/1110/1110
f 1109/1109/1109 1108/1108/1108 1110/1110/1110
f 1113/1113/1113 1111/1111/1111 1112/1112/1112
f 1111/1111/1111 1110/1110/1110 1112/1112/1112
f 1115/1115/1115 1113/1113/1113 1114/1114/1114
f 1113/1113/1113 1112/1112/1112 1114/1114/1114
f 1117/1117/1117 1115/1115/1115 1116/1116/1116
f 1115/1115/1115 1114/1114/1114 1116/1116/1116
f 1119/1119/1119 1117/1117/1117 1118/1118/1118
f 1117/1117/1117 1116/1116/1116 1118/1118/1118
f 1121/1121/1121 1119/1119/1119 1120/1120/1120
f 1119/1119/1119 1118/1118/1118 1120/1120/1120
f 1121/1121/1121 1123/1123/1123 1122/1122/1122
f 1121/1121/1121 1124/1124/1124 1123/1123/1123
f 1121/1121/1121 1120/1120/1120 1124/1124/1124
f 1126/1126/1126 1122/1122/1122 1125/1125/1125
f 1122/1122/1122 1123/1123/1123 1125/1125/1125
f 1126/1126/1126 1128/1128/1128 1127/1127/1127
f 1126/1126/1126 1125/1125/1125 1128/1128/1128
f 1126/1126/1126 1101/1101/1101 1100/1100/1100
f 1126/1126/1126 1129/1129/1129 1101/1101/1101
f 1126/1126/1126 1127/1127/1127 1129/1129/1129
f 1132/1132/1132 1131/1131/1131 1130/1130/1130
f 1134/1134/1134 1132/1132/1132 1133/1133/1133
f 1132/1132/1132 1130/1130/1130 1133/1133/1133
f 1136/1136/1136 1134/1134/1134 1135/1135/1135
f 1134/1134/1134 1133/1133/1133 1135/1135/1135
f 1138/1138/1138 1136/1136/1136 1137/1137/1137
f 1136/1136/1136 1135/1135/1135 1137/1137/1137
f 1140/1140/1140 1138/1138/1138 1139/1139/1139
f 1138/1138/1138 1137/1137/1137 1139/1139/1139
f 1142/1142/1142 1140/1140/1140 1141/1141/1141
f 1140/1140/1140 1139/1139/1139 1141/1141/1141
f 1145/1145/1145 1144/1144/1144 1143/1143/1143
f 1144/1144/1144 1141/1141/1141 1143/1143/1143
f 1144/1144/1144 1142/1142/1142 1141/1141/1141
f 1147/1147/1147 1145/1145/1145 1146/1146/1146
f 1145/1145/1145 1143/1143/1143 1146/1146/1146
f 1149/1149/1149 1147/1147/1147 1148/1148/1148
f 1147/1147/1147 1146/1146/1146 1148/1148/1148
f 1151/1151/1151 1149/1149/1149 1150/1150/1150
f 1149/1149/1149 1148/1148/1148 1150/1150/1150
f 1153/1153/1153 1151/1151/1151 1152/1152/1152
f 1151/1151/1151 1150/1150/1150 1152/1152/1152
f 1156/1156/1156 1155/1155/1155 1154/1154/1154
f 1158/1158/1158 1156/1156/1156 1157/1157/1157
f 1156/1156/1156 1154/1154/1154 1157/1157/1157
f 1159/1159/1159 1158/1158/1158 1157/1157/1157
f 1162/1162/1162 1161/1161/1161 1160/1160/1160
f 1162/1162/1162 1163/1163/1163 1161/1161/1161
f 1166/1166/1166 1165/1165/1165 1164/1164/1164
f 1169/1169/1169 1168/1168/1168 1167/1167/1167
f 1169/1169/1169 1170/1170/1170 1168/1168/1168
f 1172/1172/1172 1168/1168/1168 1171/1171/1171
f 1172/1172/1172 1167/1167/1167 1168/1168/1168
f 1163/1163/1163 1171/1171/1171 1161/1161/1161
f 1163/1163/1163 1172/1172/1172 1171/1171/1171
f 1174/1174/1174 1160/1160/1160 1173/1173/1173
f 1174/1174/1174 1162/1162/1162 1160/1160/1160
f 1176/1176/1176 1173/1173/1173 1175/1175/1175
f 1176/1176/1176 1174/1174/1174 1173/1173/1173
f 1179/1179/1179 1178/1178/1178 1177/1177/1177
f 1181/1181/1181 1175/1175/1175 1180/1180/1180
f 1181/1181/1181 1176/1176/1176 1175/1175/1175
f 1165/1165/1165 1159/1159/1159 1164/1164/1164
f 1159/1159/1159 1157/1157/1157 1164/1164/1164
f 1169/1169/1169 1166/1166/1166 1170/1170/1170
f 1166/1166/1166 1164/1164/1164 1170/1170/1170
f 1184/1184/1184 1183/1183/1183 1182/1182/1182
f 1183/1183/1183 1177/1177/1177 1182/1182/1182
f 1183/1183/1183 1179/1179/1179 1177/1177/1177
f 1186/1186/1186 1184/1184/1184 1185/1185/1185
f 1184/1184/1184 1182/1182/1182 1185/1185/1185
f 1189/1189/1189 1188/1188/1188 1187/1187/1187
f 1188/1188/1188 1185/1185/1185 1187/1187/1187
f 1188/1188/1188 1186/1186/1186 1185/1185/1185
f 1192/1192/1192 1191/1191/1191 1190/1190/1190
f 1191/1191/1191 1187/1187/1187 1190/1190/1190
f 1191/1191/1191 1189/1189/1189 1187/1187/1187
f 1195/1195/1195 1194/1194/1194 1193/1193/1193
f 1195/1195/1195 1196/1196/1196 1194/1194/1194
f 1198/1198/1198 1195/1195/1195 1197/1197/1197
f 1195/1195/1195 1193/1193/1193 1197/1197/1197
f 1200/1200/1200 1198/1198/1198 1199/1199/1199
f 1198/1198/1198 1197/1197/1197 1199/1199/1199
f 1202/1202/1202 1200/1200/1200 1201/1201/1201
f 1200/1200/1200 1199/1199/1199 1201/1201/1201
f 1204/1204/1204 1202/1202/1202 1203/1203/1203
f 1202/1202/1202 1201/1201/1201 1203/1203/1203
f 1207/1207/1207 1206/1206/1206 1205/1205/1205
f 1196/1196/1196 1192/1192/1192 1194/1194/1194
f 1192/1192/1192 1190/1190/1190 1194/1194/1194
f 1209/1209/1209 1207/1207/1207 1208/1208/1208
f 1207/1207/1207 1205/1205/1205 1208/1208/1208
f 1211/1211/1211 1208/1208/1208 1210/1210/1210
f 1212/1212/1212 1208/1208/1208 1211/1211/1211
f 1209/1209/1209 1208/1208/1208 1212/1212/1212
f 1215/1215/1215 1214/1214/1214 1213/1213/1213
f 1214/1214/1214 1211/1211/1211 1210/1210/1210
f 1217/1217/1217 1215/1215/1215 1216/1216/1216
f 1215/1215/1215 1213/1213/1213 1216/1216/1216
f 1219/1219/1219 1217/1217/1217 1218/1218/1218
f 1217/1217/1217 1216/1216/1216 1218/1218/1218
f 1221/1221/1221 1219/1219/1219 1220/1220/1220
f 1219/1219/1219 1218/1218/1218 1220/1220/1220
f 1223/1223/1223 1221/1221/1221 1222/1222/1222
f 1221/1221/1221 1220/1220/1220 1222/1222/1222
f 1225/1225/1225 1223/1223/1223 1224/1224/1224
f 1223/1223/1223 1222/1222/1222 1224/1224/1224
f 1228/1228/1228 1227/1227/1227 1226/1226/1226
f 1229/1229/1229 1227/1227/1227 1228/1228/1228
f 1225/1225/1225 1224/1224/1224 1204/1204/1204
f 1214/1214/1214 1210/1210/1210 1213/1213/1213
f 1232/1232/1232 1231/1231/1231 1230/1230/1230
f 1231/1231/1231 1233/1233/1233 1230/1230/1230
f 1234/1234/1234 1232/1232/1232 1230/1230/1230
f 1237/1237/1237 1236/1236/1236 1235/1235/1235
f 1237/1237/1237 1235/1235/1235 1238/1238/1238
f 1241/1241/1241 1240/1240/1240 1239/1239/1239
f 1237/1237/1237 1241/1241/1241 1239/1239/1239
f 1243/1243/1243 1242/1242/1242 1240/1240/1240
f 1241/1241/1241 1243/1243/1243 1240/1240/1240
f 1245/1245/1245 1244/1244/1244 1242/1242/1242
f 1243/1243/1243 1245/1245/1245 1242/1242/1242
f 1245/1245/1245 1246/1246/1246 1244/1244/1244
f 1237/1237/1237 1239/1239/1239 1236/1236/1236
f 1235/1235/1235 1234/1234/1234 1238/1238/1238
f 1234/1234/1234 1230/1230/1230 1238/1238/1238
f 1228/1228/1228 1231/1231/1231 1229/1229/1229
f 1231/1231/1231 1226/1226/1226 1233/1233/1233
f 1228/1228/1228 1226/1226/1226 1231/1231/1231
f 1248/1248/1248 1247/1247/1247 1227/1227/1227
f 1229/1229/1229 1248/1248/1248 1227/1227/1227
f 1250/1250/1250 1249/1249/1249 1247/1247/1247
f 1248/1248/1248 1250/1250/1250 1247/1247/1247
f 1252/1252/1252 1251/1251/1251 1249/1249/1249
f 1250/1250/1250 1252/1252/1252 1249/1249/1249
f 1225/1225/1225 1204/1204/1204 1203/1203/1203
f 1252/1252/1252 1253/1253/1253 1251/1251/1251
f 1252/1252/1252 1254/1254/1254 1253/1253/1253
f 1255/1255/1255 1153/1153/1153 1254/1254/1254
f 1255/1255/1255 1256/1256/1256 1153/1153/1153
f 1257/1257/1257 1256/1256/1256 1255/1255/1255
f 1257/1257/1257 1258/1258/1258 1256/1256/1256
f 1257/1257/1257 1259/1259/1259 1258/1258/1258
f 1181/1181/1181 1259/1259/1259 1260/1260/1260
f 1259/1259/1259 1180/1180/1180 1258/1258/1258
f 1181/1181/1181 1180/1180/1180 1259/1259/1259
f 1260/1260/1260 1261/1261/1261 1181/1181/1181
f 1260/1260/1260 1262/1262/1262 1261/1261/1261
f 1225/1225/1225 1261/1261/1261 1262/1262/1262
f 1225/1225/1225 1203/1203/1203 1261/1261/1261
f 1254/1254/1254 1153/1153/1153 1152/1152/1152
f 1254/1254/1254 1152/1152/1152 1253/1253/1253
f 1265/1265/1265 1264/1264/1264 1263/1263/1263
f 1265/1265/1265 1266/1266/1266 1264/1264/1264
f 1269/1269/1269 1268/1268/1268 1267/1267/1267
f 1270/1270/1270 1268/1268/1268 1269/1269/1269
f 1270/1270/1270 1271/1271/1271 1268/1268/1268
f 1274/1274/1274 1273/1273/1273 1272/1272/1272
f 1274/1274/1274 1275/1275/1275 1273/1273/1273
f 1278/1278/1278 1277/1277/1277 1276/1276/1276
f 1281/1281/1281 1280/1280/1280 1279/1279/1279
f 1277/1277/1277 1280/1280/1280 1281/1281/1281
f 1280/1280/1280 1277/1277/1277 1278/1278/1278
f 1284/1284/1284 1283/1283/1283 1282/1282/1282
f 1276/1276/1276 1284/1284/1284 1278/1278/1278
f 1283/1283/1283 1284/1284/1284 1276/1276/1276
f 1284/1284/1284 1282/1282/1282 1285/1285/1285
f 1288/1288/1288 1287/1287/1287 1286/1286/1286
f 1288/1288/1288 1289/1289/1289 1287/1287/1287
f 1285/1285/1285 1290/1290/1290 1284/1284/1284
f 1290/1290/1290 1292/1292/1292 1291/1291/1291
f 1292/1292/1292 1290/1290/1290 1285/1285/1285
f 1291/1291/1291 1293/1293/1293 1290/1290/1290
f 1291/1291/1291 1294/1294/1294 1293/1293/1293
f 1296/1296/1296 1289/1289/1289 1295/1295/1295
f 1297/1297/1297 1289/1289/1289 1296/1296/1296
f 1287/1287/1287 1289/1289/1289 1297/1297/1297
f 1300/1300/1300 1299/1299/1299 1298/1298/1298
f 1300/1300/1300 1301/1301/1301 1299/1299/1299
f 1302/1302/1302 1293/1293/1293 1294/1294/1294
f 1302/1302/1302 1303/1303/1303 1293/1293/1293
f 1306/1306/1306 1305/1305/1305 1304/1304/1304
f 1309/1309/1309 1308/1308/1308 1307/1307/1307
f 1309/1309/1309 1310/1310/1310 1308/1308/1308
f 1264/1264/1264 1311/1311/1311 1263/1263/1263
f 1312/1312/1312 1311/1311/1311 1264/1264/1264
f 1310/1310/1310 1313/1313/1313 1308/1308/1308
f 1310/1310/1310 1314/1314/1314 1313/1313/1313
f 1317/1317/1317 1316/1316/1316 1315/1315/1315
f 1317/1317/1317 1307/1307/1307 1316/1316/1316
f 1318/1318/1318 1307/1307/1307 1308/1308/1308
f 1307/1307/1307 1318/1318/1318 1316/1316/1316
f 1306/1306/1306 1319/1319/1319 1305/1305/1305
f 1306/1306/1306 1320/1320/1320 1319/1319/1319
f 1315/1315/1315 1316/1316/1316 1321/1321/1321
f 1324/1324/1324 1323/1323/1323 1322/1322/1322
f 1326/1326/1326 1300/1300/1300 1325/1325/1325
f 1298/1298/1298 1325/1325/1325 1300/1300/1300
f 1298/1298/1298 1327/1327/1327 1325/1325/1325
f 1329/1329/1329 1328/1328/1328 1326/1326/1326
f 1329/1329/1329 1330/1330/1330 1328/1328/1328
f 1326/1326/1326 1325/1325/1325 1329/1329/1329
f 1332/1332/1332 1331/1331/1331 1326/1326/1326
f 1332/1332/1332 1333/1333/1333 1331/1331/1331
f 1335/1335/1335 1334/1334/1334 1332/1332/1332
f 1335/1335/1335 1326/1326/1326 1328/1328/1328
f 1335/1335/1335 1332/1332/1332 1326/1326/1326
f 1338/1338/1338 1337/1337/1337 1336/1336/1336
f 1338/1338/1338 1339/1339/1339 1337/1337/1337
f 1338/1338/1338 1328/1328/1328 1339/1339/1339
f 1338/1338/1338 1335/1335/1335 1328/1328/1328
f 1342/1342/1342 1341/1341/1341 1340/1340/1340
f 1342/1342/1342 1343/1343/1343 1341/1341/1341
f 1346/1346/1346 1345/1345/1345 1344/1344/1344
f 1346/1346/1346 1337/1337/1337 1345/1345/1345
f 1347/1347/1347 1336/1336/1336 1337/1337/1337
f 1346/1346/1346 1347/1347/1347 1337/1337/1337
f 1343/1343/1343 1345/1345/1345 1341/1341/1341
f 1343/1343/1343 1344/1344/1344 1345/1345/1345
f 1348/1348/1348 1342/1342/1342 1340/1340/1340
f 1348/1348/1348 1340/1340/1340 1349/1349/1349
f 1350/1350/1350 1348/1348/1348 1349/1349/1349
f 1352/1352/1352 1267/1267/1267 1351/1351/1351
f 1267/1267/1267 1268/1268/1268 1351/1351/1351
f 1354/1354/1354 1352/1352/1352 1353/1353/1353
f 1352/1352/1352 1351/1351/1351 1353/1353/1353
f 1356/1356/1356 1354/1354/1354 1355/1355/1355
f 1354/1354/1354 1353/1353/1353 1355/1355/1355
f 1359/1359/1359 1358/1358/1358 1357/1357/1357
f 1356/1356/1356 1355/1355/1355 1357/1357/1357
f 1361/1361/1361 1359/1359/1359 1360/1360/1360
f 1359/1359/1359 1357/1357/1357 1362/1362/1362
f 1364/1364/1364 1361/1361/1361 1363/1363/1363
f 1361/1361/1361 1360/1360/1360 1363/1363/1363
f 1366/1366/1366 1363/1363/1363 1365/1365/1365
f 1366/1366/1366 1364/1364/1364 1363/1363/1363
f 1359/1359/1359 1362/1362/1362 1360/1360/1360
f 1358/1358/1358 1356/1356/1356 1357/1357/1357
f 1368/1368/1368 1366/1366/1366 1367/1367/1367
f 1366/1366/1366 1365/1365/1365 1367/1367/1367
f 1370/1370/1370 1368/1368/1368 1369/1369/1369
f 1368/1368/1368 1367/1367/1367 1369/1369/1369
f 1372/1372/1372 1370/1370/1370 1371/1371/1371
f 1370/1370/1370 1369/1369/1369 1371/1371/1371
f 1373/1373/1373 1372/1372/1372 1371/1371/1371
f 1376/1376/1376 1375/1375/1375 1374/1374/1374
f 1375/1375/1375 1373/1373/1373 1374/1374/1374
f 1373/1373/1373 1371/1371/1371 1374/1374/1374
f 1379/1379/1379 1378/1378/1378 1377/1377/1377
f 1379/1379/1379 1380/1380/1380 1378/1378/1378
f 1380/1380/1380 1374/1374/1374 1378/1378/1378
f 1380/1380/1380 1376/1376/1376 1374/1374/1374
f 1383/1383/1383 1382/1382/1382 1381/1381/1381
f 1383/1383/1383 1384/1384/1384 1382/1382/1382
f 1386/1386/1386 1381/1381/1381 1385/1385/1385
f 1386/1386/1386 1383/1383/1383 1381/1381/1381
f 1384/1384/1384 1322/1322/1322 1382/1382/1382
f 1384/1384/1384 1324/1324/1324 1322/1322/1322
f 1389/1389/1389 1388/1388/1388 1387/1387/1387
f 1389/1389/1389 1390/1390/1390 1388/1388/1388
f 1393/1393/1393 1392/1392/1392 1391/1391/1391
f 1393/1393/1393 1394/1394/1394 1392/1392/1392
f 1395/1395/1395 1394/1394/1394 1393/1393/1393
f 1396/1396/1396 1394/1394/1394 1395/1395/1395
f 1396/1396/1396 1397/1397/1397 1394/1394/1394
f 1398/1398/1398 1397/1397/1397 1396/1396/1396
f 1399/1399/1399 1397/1397/1397 1398/1398/1398
f 1399/1399/1399 1400/1400/1400 1397/1397/1397
f 1391/1391/1391 1390/1390/1390 1389/1389/1389
f 1391/1391/1391 1392/1392/1392 1390/1390/1390
f 1387/1387/1387 1388/1388/1388 1401/1401/1401
f 1387/1387/1387 1401/1401/1401 1402/1402/1402
f 1324/1324/1324 1402/1402/1402 1403/1403/1403
f 1324/1324/1324 1387/1387/1387 1402/1402/1402
f 1324/1324/1324 1403/1403/1403 1323/1323/1323
f 1406/1406/1406 1405/1405/1405 1404/1404/1404
f 1406/1406/1406 1407/1407/1407 1405/1405/1405
f 1408/1408/1408 1348/1348/1348 1350/1350/1350
f 1408/1408/1408 1385/1385/1385 1348/1348/1348
f 1408/1408/1408 1386/1386/1386 1385/1385/1385
f 1406/1406/1406 1410/1410/1410 1409/1409/1409
f 1406/1406/1406 1404/1404/1404 1410/1410/1410
f 1410/1410/1410 1408/1408/1408 1411/1411/1411
f 1412/1412/1412 1410/1410/1410 1411/1411/1411
f 1412/1412/1412 1409/1409/1409 1410/1410/1410
f 1314/1314/1314 1413/1413/1413 1411/1411/1411
f 1313/1313/1313 1314/1314/1314 1411/1411/1411
f 1302/1302/1302 1413/1413/1413 1314/1314/1314
f 1302/1302/1302 1294/1294/1294 1413/1413/1413
f 1265/1265/1265 1293/1293/1293 1303/1303/1303
f 1265/1265/1265 1263/1263/1263 1293/1293/1293
f 1264/1264/1264 1414/1414/1414 1312/1312/1312
f 1264/1264/1264 1295/1295/1295 1414/1414/1414
f 1296/1296/1296 1295/1295/1295 1264/1264/1264
f 1416/1416/1416 1279/1279/1279 1415/1415/1415
f 1416/1416/1416 1281/1281/1281 1279/1279/1279
f 1377/1377/1377 1272/1272/1272 1379/1379/1379
f 1377/1377/1377 1274/1274/1274 1272/1272/1272
f 1275/1275/1275 1417/1417/1417 1273/1273/1273
f 1418/1418/1418 1273/1273/1273 1417/1417/1417
f 1418/1418/1418 1419/1419/1419 1273/1273/1273
f 1288/1288/1288 1286/1286/1286 1420/1420/1420
f 1418/1418/1418 1416/1416/1416 1415/1415/1415
f 1415/1415/1415 1419/1419/1419 1418/1418/1418
f 1288/1288/1288 1419/1419/1419 1415/1415/1415
f 1288/1288/1288 1420/1420/1420 1419/1419/1419
f 1286/1286/1286 1421/1421/1421 1420/1420/1420
f 1421/1421/1421 1422/1422/1422 1420/1420/1420
f 1421/1421/1421 1423/1423/1423 1422/1422/1422
f 1305/1305/1305 1423/1423/1423 1421/1421/1421
f 1305/1305/1305 1319/1319/1319 1423/1423/1423
f 1306/1306/1306 1425/1425/1425 1424/1424/1424
f 1306/1306/1306 1304/1304/1304 1425/1425/1425
f 1306/1306/1306 1426/1426/1426 1320/1320/1320
f 1425/1425/1425 1266/1266/1266 1424/1424/1424
f 1425/1425/1425 1264/1264/1264 1266/1266/1266
f 1315/1315/1315 1427/1427/1427 1424/1424/1424
f 1315/1315/1315 1321/1321/1321 1427/1427/1427
f 1306/1306/1306 1428/1428/1428 1426/1426/1426
f 1424/1424/1424 1428/1428/1428 1306/1306/1306
f 1424/1424/1424 1427/1427/1427 1428/1428/1428
f 1431/1431/1431 1430/1430/1430 1429/1429/1429
f 1431/1431/1431 1432/1432/1432 1430/1430/1430
f 1435/1435/1435 1434/1434/1434 1433/1433/1433
f 1435/1435/1435 1431/1431/1431 1434/1434/1434
f 1431/1431/1431 1429/1429/1429 1434/1434/1434
f 1437/1437/1437 1433/1433/1433 1436/1436/1436
f 1433/1433/1433 1434/1434/1434 1436/1436/1436
f 1439/1439/1439 1437/1437/1437 1438/1438/1438
f 1437/1437/1437 1436/1436/1436 1438/1438/1438
f 1442/1442/1442 1441/1441/1441 1440/1440/1440
f 1439/1439/1439 1441/1441/1441 1442/1442/1442
f 1439/1439/1439 1438/1438/1438 1441/1441/1441
f 1444/1444/1444 1441/1441/1441 1443/1443/1443
f 1444/1444/1444 1440/1440/1440 1441/1441/1441
f 1446/1446/1446 1443/1443/1443 1445/1445/1445
f 1443/1443/1443 1446/1446/1446 1447/1447/1447
f 1450/1450/1450 1449/1449/1449 1448/1448/1448
f 1450/1450/1450 1451/1451/1451 1449/1449/1449
f 1443/1443/1443 1453/1453/1453 1452/1452/1452
f 1441/1441/1441 1453/1453/1453 1443/1443/1443
f 1443/1443/1443 1452/1452/1452 1445/1445/1445
f 1443/1443/1443 1451/1451/1451 1450/1450/1450
f 1443/1443/1443 1447/1447/1447 1451/1451/1451
f 1455/1455/1455 1454/1454/1454 1449/1449/1449
f 1457/1457/1457 1313/1313/1313 1456/1456/1456
f 1457/1457/1457 1458/1458/1458 1313/1313/1313
f 1458/1458/1458 1449/1449/1449 1313/1313/1313
f 1458/1458/1458 1455/1455/1455 1449/1449/1449
f 1454/1454/1454 1448/1448/1448 1449/1449/1449
f 1460/1460/1460 1313/1313/1313 1459/1459/1459
f 1461/1461/1461 1313/1313/1313 1460/1460/1460
f 1461/1461/1461 1456/1456/1456 1313/1313/1313
f 1463/1463/1463 1313/1313/1313 1462/1462/1462
f 1463/1463/1463 1459/1459/1459 1313/1313/1313
f 1465/1465/1465 1464/1464/1464 1313/1313/1313
f 1349/1349/1349 1466/1466/1466 1350/1350/1350
f 1349/1349/1349 1467/1467/1467 1466/1466/1466
f 1408/1408/1408 1350/1350/1350 1411/1411/1411
f 1350/1350/1350 1313/1313/1313 1411/1411/1411
f 1350/1350/1350 1466/1466/1466 1313/1313/1313
f 1468/1468/1468 1465/1465/1465 1313/1313/1313
f 1466/1466/1466 1469/1469/1469 1313/1313/1313
f 1469/1469/1469 1468/1468/1468 1313/1313/1313
f 1470/1470/1470 1313/1313/1313 1464/1464/1464
f 1470/1470/1470 1462/1462/1462 1313/1313/1313
