g Md_CMN_Torus_00
v -0.3735227 0.20439087 -4.389726E-09
v -0.41173 0.20793128 -4.544483E-09
v -0.37172407 0.21808028 -0.03661163
v -0.4097474 0.2216207 -0.040356603
v -0.36634552 0.23176965 -0.072870664
v -0.44647583 0.21111995 -0.043974034
v -0.44863617 0.19743055 -4.0854826E-09
v -0.4038187 0.2353101 -0.08032453
v -0.35743895 0.24545908 -0.10842792
v -0.4769491 0.18799628 -0.046975393
v -0.4792568 0.17430693 -3.074715E-09
v -0.4400157 0.22480933 -0.08752457
v -0.39400104 0.24899948 -0.11951891
v -0.34508997 0.25914845 -0.14294098
v -0.49705157 0.15537265 -0.048955306
v -0.49945655 0.14168324 -1.6486899E-09
v -0.47004804 0.20168571 -0.09349837
v -0.42931807 0.23849876 -0.1302322
v -0.38038886 0.2626889 -0.15756227
v -0.32941765 0.27283785 -0.17607738
v -0.50406826 0.117655024 -0.049646385
v -0.5065072 0.103965625 0
v -0.48985964 0.16906203 -0.09743915
v -0.45862025 0.2153751 -0.13912092
v -0.41448572 0.25218815 -0.17168564
v -0.3631134 0.27637827 -0.19408818
v -0.3105728 0.28652725 -0.2075181
v -0.49705145 0.079937406 -0.048955306
v -0.49945655 0.066248044 1.6486895E-09
v -0.47795016 0.18275145 -0.14498459
v -0.44277558 0.22906451 -0.18340366
v -0.39566177 0.26587757 -0.21148562
v -0.34234095 0.29006767 -0.22874492
v -0.28873694 0.30021662 -0.23696029
v -0.4769491 0.047313765 -0.04697538
v -0.4792568 0.0336244 3.0747145E-09
v -0.46143764 0.19644085 -0.19113377
v -0.42266682 0.24275388 -0.22592013
v -0.37302727 0.27956697 -0.2492489
v -0.31827158 0.30375707 -0.26119873
v -0.26412043 0.31390604 -0.26412043
v -0.44647583 0.024190139 -0.04397403
v -0.44863617 0.010500708 4.0854817E-09
v -0.44048133 0.21013023 -0.23544219
v -0.39848748 0.2564433 -0.26626083
v -0.34680045 0.29325637 -0.28461173
v -0.2911371 0.31744647 -0.29113707
v -0.23696029 0.32759544 -0.28873694
v -0.4097474 0.013689365 -0.04035659
v -0.41173 -7.105427E-16 4.544483E-09
v -0.3735227 0.0035404013 4.389726E-09
v -0.37172407 0.017229766 -0.036611624
v -0.4038187 0.027378798 -0.08032453
v -0.36634558 0.030919198 -0.072870664
v -0.4400157 0.037879504 -0.08752457
v -0.39400104 0.041068163 -0.119518906
v -0.35743895 0.04460863 -0.10842791
v -0.47004804 0.061003163 -0.09349837
v -0.3803889 0.05475756 -0.15756224
v -0.34508997 0.058297995 -0.14294098
v -0.42931807 0.051568903 -0.1302322
v -0.48985964 0.09362684 -0.09743913
v -0.36311346 0.06844696 -0.19408818
v -0.32941765 0.07198739 -0.17607738
v -0.45862025 0.07469256 -0.1391209
v -0.41448572 0.0652583 -0.17168564
v -0.49677476 0.13134442 -0.09881466
v -0.34234095 0.08213636 -0.22874492
v -0.3105728 0.08567679 -0.2075181
v -0.47795016 0.1073162 -0.14498459
v -0.48469722 0.14503382 -0.14703126
v -0.44277558 0.08838195 -0.18340366
v -0.39566177 0.0789477 -0.21148562
v -0.31827158 0.095825754 -0.26119873
v -0.28873697 0.09936619 -0.23696029
v -0.46795166 0.15872322 -0.19383194
v -0.46143764 0.12100564 -0.19113374
v -0.42266682 0.10207136 -0.22592013
v -0.37302732 0.0926371 -0.2492489
v -0.2911371 0.10951515 -0.29113707
v -0.26412046 0.11305559 -0.26412043
v -0.44669944 0.17241262 -0.23876582
v -0.44048133 0.13469501 -0.23544218
v -0.39848748 0.11576075 -0.26626083
v -0.34680045 0.1063265 -0.28461173
v -0.26119873 0.12320455 -0.31827158
v -0.23696034 0.12674499 -0.28873694
v -0.41528293 0.14838444 -0.2774832
v -0.42114532 0.18610202 -0.28140032
v -0.37047058 0.12945016 -0.30403727
v -0.31723368 0.1200159 -0.31723365
v -0.22874494 0.13689394 -0.34234095
v -0.20751812 0.14043438 -0.3105728
v -0.38608512 0.1620738 -0.31685188
v -0.41528293 0.22381963 -0.2774832
v -0.33888578 0.14313956 -0.33888575
v -0.2846118 0.13370529 -0.34680042
v -0.1940882 0.15058336 -0.3631134
v -0.17607743 0.15412378 -0.32941765
v -0.39153537 0.1997914 -0.32132474
v -0.38608512 0.23750904 -0.31685188
v -0.3531691 0.17576323 -0.35316908
v -0.30403736 0.15682895 -0.37047058
v -0.24924892 0.14739469 -0.37302732
v -0.15756224 0.16427274 -0.3803889
v -0.14294095 0.16781318 -0.34508997
v -0.35815468 0.21348082 -0.35815468
v -0.37047058 0.27013266 -0.30403733
v -0.31685188 0.18945259 -0.3860851
v -0.26626086 0.17051834 -0.39848748
v -0.21148562 0.1610841 -0.39566177
v -0.119518906 0.17796211 -0.39400104
v -0.10842791 0.18150255 -0.35743895
v -0.17168564 0.17477344 -0.41448572
v -0.22592014 0.18420775 -0.42266682
v -0.2774832 0.20314203 -0.41528293
v -0.3213248 0.22717021 -0.39153537
v -0.08032451 0.19165151 -0.40381873
v -0.07287064 0.19519195 -0.36634558
v -0.13023219 0.18846287 -0.42931807
v -0.18340364 0.19789715 -0.44277558
v -0.2354422 0.21683139 -0.44048133
v -0.04035655 0.20534088 -0.4097474
v -0.036611583 0.20888127 -0.37172407
v -0.08752453 0.20215221 -0.4400158
v -0.1391209 0.2115865 -0.45862025
v 6.253485E-08 0.21903026 -0.41173
v 5.646485E-08 0.22257072 -0.3735227
v -0.04397399 0.2158416 -0.44647583
v 0.040356677 0.2327196 -0.4097474
v 0.0366117 0.23626003 -0.37172407
v -0.28140035 0.2408596 -0.42114532
v -0.19113372 0.23052076 -0.46143764
v -0.093498334 0.22527592 -0.4700481
v 6.900663E-08 0.22953095 -0.44863617
v 0.08032463 0.24640903 -0.4038187
v 0.072870746 0.24994943 -0.36634558
v -0.23876588 0.254549 -0.44669944
v -0.14498457 0.24421017 -0.47795016
v -0.046975333 0.23896527 -0.4769491
v 0.04397412 0.24322037 -0.44647583
v 0.11951901 0.26009837 -0.394001
v 0.10842802 0.26363882 -0.35743892
v -0.19383189 0.2682384 -0.46795166
v -0.097439095 0.2578995 -0.48985964
v 7.5006135E-08 0.25265464 -0.4792568
v 0.08752468 0.2569097 -0.4400157
v 0.15756236 0.27378777 -0.38038886
v 0.14294106 0.27732822 -0.34508994
v -0.14703126 0.2819278 -0.48469722
v -0.04895524 0.27158892 -0.49705145
v 0.04697548 0.266344 -0.4769491
v 0.13023232 0.2705991 -0.429318
v 0.1940883 0.2874772 -0.3631134
v 0.1760775 0.29101756 -0.32941756
v -0.09881461 0.29561713 -0.49677482
v 7.97231E-08 0.2852783 -0.49945655
v 0.093498476 0.2800334 -0.47004804
v 0.17168576 0.28428853 -0.4144857
v 0.22874503 0.30116653 -0.34234092
v 0.20751819 0.30470696 -0.3105727
v -0.049646325 0.30930653 -0.50406826
v 0.0489554 0.2989677 -0.49705145
v 0.13912104 0.29372275 -0.45862013
v 0.21148574 0.29797786 -0.39566168
v 0.26119888 0.3148559 -0.3182715
v 0.23696043 0.31839633 -0.28873688
v 8.25205E-08 0.3229959 -0.5065072
v 0.09743927 0.31265706 -0.4898596
v 0.18340379 0.30741215 -0.44277552
v 0.24924901 0.31166723 -0.37302724
v 0.2911372 0.3285453 -0.29113692
v 0.26412055 0.33208573 -0.2641203
v 0.04964649 0.33668524 -0.50406826
v 0.14498472 0.32634643 -0.47795013
v 0.22592026 0.32110152 -0.42266676
v 0.2846119 0.32535663 -0.34680033
v 0.3182717 0.34223464 -0.26119855
v 0.28873706 0.3457751 -0.23696016
v 0.09881477 0.35037467 -0.49677476
v 0.1911339 0.34003583 -0.46143764
v 0.26626098 0.3347909 -0.3984874
v 0.31723383 0.339046 -0.31723353
v 0.34234115 0.35592407 -0.22874473
v 0.31057292 0.3594645 -0.20751792
v 0.14703141 0.364064 -0.4846971
v 0.23544234 0.3537252 -0.44048133
v 0.3040375 0.34848025 -0.37047043
v 0.3468006 0.35273537 -0.28461158
v 0.36311355 0.36961344 -0.19408795
v 0.3294177 0.37315384 -0.17607719
v 0.19383205 0.37775344 -0.46795157
v 0.2774833 0.36741453 -0.41528282
v 0.33888596 0.36216968 -0.3388856
v 0.37302747 0.36642477 -0.24924868
v 0.38038906 0.38330284 -0.157562
v 0.3450901 0.38684326 -0.14294071
v 0.238766 0.39144278 -0.4466994
v 0.31685206 0.38110393 -0.38608497
v 0.37047073 0.37585905 -0.30403712
v 0.3956619 0.38011417 -0.2114854
v 0.39400107 0.3969922 -0.11951865
v 0.35743904 0.40053266 -0.108427696
v 0.2814005 0.40513214 -0.42114523
v 0.35316932 0.3947933 -0.35316893
v 0.3984877 0.38954842 -0.26626062
v 0.41448593 0.39380354 -0.17168535
v 0.40381882 0.4106816 -0.08032425
v 0.3663456 0.41422203 -0.072870396
v 0.32132494 0.41882154 -0.39153525
v 0.3860853 0.4084827 -0.31685168
v 0.4226669 0.40323782 -0.22591987
v 0.42931807 0.40749294 -0.13023193
v 0.40974742 0.42437097 -0.040356293
v 0.37172413 0.4279114 -0.036611352
v 0.35815483 0.43251094 -0.3581545
v 0.4152831 0.42217213 -0.27748296
v 0.44277573 0.41692722 -0.18340337
v 0.4400158 0.4211823 -0.08752426
v 0.41173 0.43806037 3.259423E-07
v 0.3735227 0.4416008 2.9542895E-07
v 0.39153552 0.4462003 -0.32132453
v 0.44048148 0.4358615 -0.23544192
v 0.45862028 0.4306166 -0.13912061
v 0.4464759 0.43487167 -0.0439737
v 0.4097474 0.4517498 0.040356934
v 0.37172407 0.4552902 0.036611937
v 0.4211455 0.45988968 -0.28140008
v 0.46143782 0.44955084 -0.19113345
v 0.47004813 0.44430602 -0.093498036
v 0.44863617 0.44856107 3.560251E-07
v 0.40381867 0.46543914 0.080324896
v 0.36634552 0.46897957 0.072870985
v 0.44669962 0.47357908 -0.23876555
v 0.47795016 0.46324027 -0.14498428
v 0.4769491 0.45799536 -0.04697502
v 0.44647583 0.46225047 0.043974407
v 0.39400092 0.47912848 0.119519256
v 0.3574388 0.48266894 0.10842825
v 0.4679518 0.4872685 -0.1938316
v 0.48985967 0.4769297 -0.09743879
v 0.4792568 0.47168475 3.8161443E-07
v 0.44001567 0.47593984 0.08752496
v 0.3803888 0.4928179 0.15756261
v 0.34508985 0.49635834 0.1429413
v 0.48469725 0.50095785 -0.14703096
v 0.49705157 0.49061903 -0.04895493
v 0.4769491 0.48537412 0.046975788
v 0.42931792 0.48962924 0.1302326
v 0.36311325 0.5065073 0.19408853
v 0.32941744 0.51004773 0.17607771
v 0.49677488 0.51464725 -0.098814294
v 0.49945655 0.5043084 3.992544E-07
v 0.47004798 0.49906355 0.09349879
v 0.4144856 0.5033186 0.17168602
v 0.34234077 0.5201967 0.22874527
v 0.31057253 0.5237371 0.20751841
v 0.50406826 0.52833664 -0.049646005
v 0.49705145 0.5179978 0.04895572
v 0.4586201 0.5127529 0.13912134
v 0.39566162 0.51700807 0.21148601
v 0.31827134 0.533886 0.26119906
v 0.2887367 0.5374265 0.23696062
v 0.5065072 0.542026 4.0656246E-07
v 0.48985952 0.5316872 0.09743957
v 0.44277546 0.5264422 0.18340407
v 0.37302712 0.5306974 0.24924928
v 0.29113674 0.5475754 0.2911374
v 0.26412016 0.5511159 0.26412076
v 0.50406826 0.5557154 0.049646813
v 0.47794998 0.54537654 0.14498502
v 0.42266658 0.5401317 0.22592054
v 0.34680015 0.5443868 0.28461212
v 0.26119843 0.5612649 0.31827185
v 0.23696002 0.5648052 0.28873718
v 0.49677473 0.56940484 0.0988151
v 0.4614375 0.55906594 0.1911342
v 0.39848724 0.553821 0.26626125
v 0.3172333 0.55807614 0.317234
v 0.22874469 0.5749542 0.34234115
v 0.20751789 0.5784946 0.31057292
v 0.484697 0.5830942 0.14703172
v 0.4404811 0.57275534 0.23544261
v 0.37047026 0.5675104 0.30403772
v 0.28461143 0.57176554 0.34680068
v 0.19408798 0.58864355 0.36311352
v 0.1760772 0.592184 0.3294177
v 0.46795145 0.5967835 0.19383235
v 0.41528267 0.5864447 0.27748364
v 0.33888543 0.58119977 0.33888614
v 0.24924865 0.5854549 0.37302753
v 0.15756214 0.60233295 0.380389
v 0.14294085 0.6058734 0.3450901
v 0.4466993 0.610473 0.23876628
v 0.38608482 0.60013413 0.3168523
v 0.30403697 0.5948892 0.3704708
v 0.2114854 0.5991443 0.3956619
v 0.11951886 0.61602235 0.39400104
v 0.108427875 0.61956275 0.35743895
v 0.42114508 0.6241623 0.28140077
v 0.3531687 0.6138235 0.35316947
v 0.26626056 0.6085786 0.39848772
v 0.17168549 0.6128337 0.4144858
v 0.080324575 0.6297117 0.4038187
v 0.072870694 0.63325214 0.36634552
v 0.391535 0.6378517 0.32132515
v 0.31685153 0.6275129 0.38608542
v 0.22591987 0.62226796 0.4226669
v 0.13023216 0.626523 0.42931807
v 0.040356703 0.64340115 0.4097474
v 0.036611732 0.6469416 0.37172407
v 0.35815424 0.65154105 0.3581551
v 0.2774829 0.6412022 0.41528314
v 0.18340352 0.6359573 0.44277567
v 0.0875246 0.64021254 0.4400157
v 1.9596281E-07 0.65709054 0.41173
v 1.7804504E-07 0.66063094 0.3735227
v 0.3213244 0.66523045 0.39153564
v 0.23544195 0.65489167 0.44048148
v 0.13912086 0.64964676 0.45862025
v 0.04397415 0.6539018 0.44647583
v -0.040356316 0.6707799 0.40974742
v -0.03661138 0.67432034 0.37172413
v 0.28140002 0.6789199 0.42114556
v 0.1911336 0.66858107 0.46143776
v 0.0934984 0.66333616 0.47004804
v 2.1266194E-07 0.6675912 0.44863617
v -0.08032417 0.6844693 0.40381882
v -0.072870344 0.6880097 0.3663456
v 0.23876561 0.69260925 0.4466996
v 0.14498451 0.6822704 0.47795016
v 0.046975516 0.67702544 0.4769491
v -0.043973736 0.68128055 0.4464759
v -0.11951849 0.6981587 0.39400116
v -0.10842754 0.7016991 0.3574391
v 0.19383179 0.70629865 0.4679517
v 0.09743917 0.69595975 0.48985964
v 2.2588712E-07 0.69071496 0.4792568
v -0.08752419 0.69497 0.4400158
v -0.15756175 0.7118481 0.38038915
v -0.14294052 0.7153885 0.34509018
v 0.1470312 0.719988 0.48469722
v 0.04895543 0.7096492 0.49705145
v -0.04697507 0.7044043 0.4769491
v -0.13023174 0.7086594 0.4293182
v -0.19408764 0.7255374 0.36311373
v -0.17607692 0.7290779 0.32941788
v 0.09881469 0.7336773 0.49677476
v 2.3385218E-07 0.7233386 0.49945655
v -0.09349796 0.7180937 0.47004813
v -0.1716851 0.72234875 0.414486
v -0.22874437 0.7392268 0.34234133
v -0.20751758 0.7427672 0.31057313
v 0.04964652 0.7473668 0.50406826
v -0.04895497 0.7370279 0.49705157
v -0.13912043 0.73178315 0.45862037
v -0.21148506 0.7360382 0.39566207
v -0.26119816 0.7529162 0.31827205
v -0.23695977 0.7564566 0.2887374
v 2.3548144E-07 0.7610562 0.5065072
v -0.097438715 0.7507174 0.48985967
v -0.18340309 0.7454724 0.4427758
v -0.2492483 0.74972755 0.37302774
v -0.29113647 0.7666056 0.2911377
v -0.2641199 0.770146 0.26412103
v -0.049646053 0.7747455 0.50406826
v -0.14498407 0.76440674 0.4779503
v -0.22591951 0.75916183 0.42266715
v -0.2846111 0.7634169 0.34680095
v -0.31827098 0.78029495 0.26119944
v -0.28873643 0.7838354 0.23696093
v -0.09881422 0.788435 0.49677488
v -0.19113319 0.7780961 0.46143794
v -0.26626018 0.77285117 0.39848793
v -0.31723303 0.7771063 0.31723437
v -0.34234038 0.79398435 0.22874574
v -0.31057227 0.79752475 0.20751885
v -0.14703076 0.8021243 0.48469734
v -0.23544155 0.7917855 0.44048172
v -0.30403662 0.7865405 0.37047112
v -0.34679976 0.7907956 0.2846125
v -0.36311293 0.80767375 0.19408914
v -0.32941714 0.81121415 0.17607826
v -0.19383132 0.8158137 0.46795186
v -0.2774825 0.8054748 0.4152834
v -0.33888504 0.8002299 0.33888647
v -0.37302673 0.804485 0.2492498
v -0.38038847 0.82136303 0.15756334
v -0.3450896 0.82490355 0.14294194
v -0.2387652 0.82950306 0.44669983
v -0.31685117 0.8191643 0.38608572
v -0.3704699 0.81391937 0.30403814
v -0.39566123 0.8181744 0.21148665
v -0.39400068 0.8350525 0.119520105
v -0.35743862 0.8385928 0.10842901
v -0.28139964 0.8431924 0.4211458
v -0.35316834 0.8328536 0.35316986
v -0.39848682 0.8276087 0.2662618
v -0.41448528 0.8318638 0.17168681
v -0.40381843 0.8487418 0.08032585
v -0.36634532 0.8522822 0.07287186
v -0.32132405 0.85688186 0.39153594
v -0.38608444 0.84654295 0.31685275
v -0.42266622 0.84129804 0.22592124
v -0.42931762 0.84555316 0.1302335
v -0.4097473 0.86243117 0.040358018
v -0.371724 0.8659717 0.036612913
v -0.3581539 0.87057126 0.35815543
v -0.41528225 0.86023235 0.27748418
v -0.4427751 0.85498744 0.18340492
v -0.44001544 0.85924256 0.08752599
v -0.41173 0.8761207 1.5031806E-06
v -0.3735227 0.879661 1.363957E-06
v -0.39153466 0.8842606 0.32132563
v -0.4404807 0.8739217 0.23544334
v -0.4586198 0.8686769 0.1391223
v -0.44647565 0.87293196 0.043975577
v -0.40974754 0.88981 -0.040355023
v -0.37172425 0.8933505 -0.036610197
v -0.42114463 0.89794993 0.28140137
v -0.46143714 0.8876111 0.19113506
v -0.47004774 0.88236624 0.0934999
v -0.44863617 0.88662136 1.6370545E-06
v -0.403819 0.9034994 -0.08032289
v -0.36634585 0.90703976 -0.07286918
v -0.4466988 0.91163933 0.23876701
v -0.47794968 0.9013005 0.14498602
v -0.47694895 0.8960556 0.046977032
v -0.44647604 0.90031064 -0.04397232
v -0.39400154 0.9171888 -0.11951722
v -0.35743937 0.9207292 -0.108426385
v -0.46795112 0.92532873 0.19383323
v -0.4898593 0.9149899 0.097440735
v -0.4792568 0.9097449 1.7474985E-06
v -0.4400161 0.91400015 -0.08752279
v -0.38038963 0.9308782 -0.15756054
v -0.34509063 0.9344186 -0.14293942
v -0.4846967 0.9390181 0.14703275
v -0.4970514 0.9286792 0.048957024
v -0.4769493 0.92343444 -0.046973553
v -0.42931855 0.92768955 -0.13023038
v -0.3631143 0.9445676 -0.19408652
v -0.32941845 0.948108 -0.17607588
v -0.49677444 0.95270747 0.09881626
v -0.49945655 0.9423687 1.8195965E-06
v -0.47004843 0.93712384 -0.093496464
v -0.41448653 0.9413789 -0.1716838
v -0.34234208 0.95825696 -0.22874324
v -0.3105738 0.9617974 -0.20751657
v -0.5040681 0.9663969 0.04964812
v -0.49705172 0.956058 -0.048953395
v -0.4586208 0.9508132 -0.13911897
v -0.39566275 0.9550683 -0.21148379
v -0.31827292 0.9719464 -0.26119712
v -0.2887382 0.97548676 -0.23695885
v -0.5065072 0.9800862 1.843611E-06
v -0.48986 0.96974736 -0.09743715
v -0.44277644 0.9645025 -0.18340167
v -0.37302855 0.96875775 -0.24924709
v -0.29113856 0.9856358 -0.29113552
v -0.2641218 0.9891762 -0.26411906
v -0.50406843 0.99377567 -0.04964445
v -0.4779507 0.9834369 -0.14498256
v -0.42266783 0.978192 -0.22591817
v -0.34680182 0.9824472 -0.28461
v -0.2612005 0.99932516 -0.31827018
v -0.23696187 1.0028657 -0.2887357
v -0.4967752 1.007465 -0.09881263
v -0.4614385 0.9971263 -0.1911317
v -0.3984888 0.9918814 -0.2662589
v -0.31723532 0.99613655 -0.31723204
v -0.22874686 1.0130146 -0.3423397
v -0.20751984 1.016555 -0.3105716
v -0.28461367 1.0098258 -0.34679893
v -0.24925098 1.0235153 -0.37302592
v -0.3704721 1.0055708 -0.30403545
v -0.4404824 1.0108156 -0.23544015
v -0.3040394 1.0329496 -0.37046894
v -0.26626307 1.0466391 -0.39848602
v -0.33888754 1.0192602 -0.33888397
v -0.41528428 1.024505 -0.27748117
v -0.316854 1.0655732 -0.38608345
v -0.27748552 1.0792626 -0.41528136
v -0.38608673 1.0381944 -0.31684992
v -0.35317096 1.0518838 -0.35316727
v -0.3213269 1.1032908 -0.39153364
v -0.2814027 1.1169803 -0.4211438
v -0.35815653 1.0896014 -0.35815278
v -0.391537 1.075912 -0.32132283
v -0.4211467 1.0622226 -0.28139827
v -0.4467005 1.0485332 -0.23876378
v -0.316854 1.1410084 -0.38608345
v -0.27748552 1.1546979 -0.41528136
v -0.35317096 1.1273192 -0.35316727
v -0.38608673 1.1136297 -0.31684992
v -0.41528428 1.0999402 -0.27748117
v -0.3040394 1.1736321 -0.37046894
v -0.26626307 1.1873215 -0.39848602
v -0.33888754 1.1599426 -0.33888397
v -0.3704721 1.1462533 -0.30403545
v -0.28461367 1.1967558 -0.34679893
v -0.24925098 1.2104452 -0.37302592
v -0.3172353 1.1830662 -0.31723204
v -0.2612005 1.2072564 -0.31827018
v -0.22874686 1.220946 -0.3423397
v -0.20751983 1.2174053 -0.31057158
v -0.23696187 1.2037162 -0.2887357
v -0.29113856 1.193567 -0.29113552
v -0.2641218 1.1900266 -0.26411906
v -0.31827292 1.1798776 -0.26119712
v -0.28873813 1.1763372 -0.23695885
v -0.34680182 1.169377 -0.28461
v -0.34234208 1.1661884 -0.22874324
v -0.3105738 1.162648 -0.2075166
v -0.37302852 1.1556876 -0.24924709
v -0.3631143 1.152499 -0.19408652
v -0.3294184 1.1489584 -0.17607588
v -0.3984888 1.132564 -0.2662589
v -0.38038963 1.1388094 -0.15756056
v -0.34509063 1.1352692 -0.14293942
v -0.39566272 1.1419983 -0.21148379
v -0.42266783 1.1188744 -0.22591817
v -0.39400148 1.12512 -0.11951723
v -0.35743937 1.1215798 -0.1084264
v -0.41448653 1.1283089 -0.1716838
v -0.44048244 1.0862509 -0.23544015
v -0.403819 1.1114308 -0.08032291
v -0.36634585 1.1078902 -0.07286919
v -0.42931855 1.1146194 -0.13023038
v -0.4427764 1.105185 -0.18340172
v -0.4614385 1.0725615 -0.1911317
v -0.40974754 1.0977412 -0.040355027
v -0.37172425 1.0942008 -0.0366102
v -0.4400161 1.10093 -0.08752279
v -0.4586208 1.0914958 -0.13911897
v -0.4679525 1.0348439 -0.19382985
v -0.41173 1.084052 1.4940916E-06
v -0.3735227 1.0805115 1.3551775E-06
v -0.44647604 1.0872406 -0.04397232
v -0.47004843 1.0778064 -0.09349647
v -0.4779507 1.0588721 -0.14498256
v -0.4846978 1.0211544 -0.1470292
v -0.48986003 1.0451826 -0.09743715
v -0.4097473 1.0703626 0.040358003
v -0.37172398 1.0668222 0.036612906
v -0.4486361 1.0735512 1.6288838E-06
v -0.4769493 1.064117 -0.046973556
v -0.49705178 1.0314933 -0.0489534
v -0.40381843 1.056673 0.08032584
v -0.36634532 1.0531327 0.07287184
v -0.44647565 1.0598618 0.043975573
v -0.4792568 1.0504274 1.7413493E-06
v -0.49945655 1.0178039 1.816299E-06
v -0.39400068 1.0429838 0.1195201
v -0.35743862 1.0394434 0.10842899
v -0.44001544 1.0461724 0.08752599
v -0.47694895 1.0367382 0.046977025
v -0.4970514 1.0041145 0.048957013
v -0.38038847 1.0292944 0.15756331
v -0.3450896 1.025754 0.14294192
v -0.42931762 1.032483 0.1302335
v -0.47004774 1.0230488 0.0934999
v -0.4898593 0.9904251 0.097440735
v -0.36311293 1.015605 0.19408914
v -0.32941714 1.0120646 0.17607826
v -0.41448528 1.0187936 0.17168681
v -0.4586198 1.0093594 0.1391223
v -0.47794968 0.97673565 0.14498602
v -0.34234038 1.0019157 0.22874574
v -0.31057227 0.99837524 0.20751885
v -0.39566123 1.0051043 0.21148665
v -0.4427751 0.99567 0.18340492
v -0.46143714 0.9630463 0.19113506
v -0.31827098 0.9882263 0.26119944
v -0.28873643 0.9846858 0.23696093
v -0.37302673 0.9914149 0.2492498
v -0.42266622 0.98198074 0.22592121
v -0.4404807 0.949357 0.23544334
v -0.29113647 0.9745368 0.29113767
v -0.2641199 0.9709964 0.264121
v -0.34679976 0.9777255 0.2846125
v -0.39848682 0.9682913 0.2662618
v -0.41528225 0.9356676 0.2774842
v -0.26119816 0.96084744 0.31827202
v -0.23695977 0.95730704 0.2887374
v -0.31723303 0.96403617 0.31723434
v -0.3704699 0.9546019 0.30403814
v -0.38608444 0.9219783 0.31685275
v -0.22874437 0.9471581 0.34234133
v -0.20751758 0.9436177 0.31057313
v -0.2846111 0.9503468 0.34680095
v -0.33888504 0.94091254 0.33888647
v -0.35316834 0.90828884 0.3531699
v -0.19408764 0.93346876 0.3631137
v -0.17607692 0.92992836 0.32941788
v -0.2492483 0.93665737 0.37302774
v -0.30403662 0.927223 0.37047112
v -0.31685117 0.89459944 0.38608572
v -0.15756178 0.91977936 0.38038915
v -0.14294052 0.9162389 0.34509018
v -0.21148506 0.92296803 0.39566207
v -0.26626018 0.91353375 0.39848793
v -0.2774825 0.88091016 0.4152834
v -0.119518496 0.9060901 0.39400116
v -0.10842754 0.90254956 0.3574391
v -0.1716851 0.9092787 0.414486
v -0.22591951 0.89984435 0.42266715
v -0.23544157 0.86722064 0.44048172
v -0.08032419 0.89240056 0.40381882
v -0.07287035 0.88886017 0.3663456
v -0.13023175 0.8955893 0.4293182
v -0.18340309 0.8861549 0.4427758
v -0.19113319 0.8535313 0.46143794
v -0.04035633 0.8787112 0.40974742
v -0.036611386 0.8751708 0.37172413
v -0.087524205 0.88189983 0.4400158
v -0.13912043 0.87246567 0.45862037
v -0.1449841 0.83984196 0.4779503
v 1.8687383E-07 0.8650218 0.41173
v 1.6926555E-07 0.86148137 0.3735227
v -0.04397374 0.8682105 0.44647586
v -0.09349796 0.8587762 0.47004813
v -0.097438715 0.8261526 0.48985967
v 0.040356696 0.85133237 0.4097474
v 0.036611717 0.847792 0.37172407
v 2.0449096E-07 0.85452116 0.4486361
v -0.046975072 0.8450869 0.4769491
v -0.04895497 0.8124632 0.49705157
v 0.08032456 0.837643 0.4038187
v 0.07287068 0.83410263 0.36634552
v 0.043974143 0.84083176 0.44647583
v 2.1973769E-07 0.8313975 0.4792568
v 2.3055479E-07 0.79877377 0.49945655
v 0.119518846 0.8239537 0.39400104
v 0.10842787 0.8204132 0.35743895
v 0.0875246 0.8271423 0.4400157
v 0.04697551 0.81770813 0.4769491
v 0.04895543 0.7850844 0.49705157
v 0.1575621 0.8102643 0.380389
v 0.14294085 0.80672383 0.34509003
v 0.13023214 0.8134529 0.42931807
v 0.0934984 0.8040187 0.47004804
v 0.09743917 0.771395 0.48985964
v 0.19408795 0.7965749 0.36311352
v 0.1760772 0.79303443 0.3294177
v 0.17168549 0.79976356 0.4144858
v 0.13912085 0.7903293 0.45862025
v 0.14498451 0.7577057 0.47795016
v 0.22874467 0.7828855 0.34234115
v 0.20751785 0.7793451 0.31057292
v 0.2114854 0.7860742 0.3956619
v 0.1834035 0.77663994 0.44277567
v 0.1911336 0.74401623 0.4614378
v 0.26119843 0.7691961 0.31827185
v 0.23696001 0.76565564 0.28873718
v 0.24924864 0.77238476 0.37302753
v 0.22591987 0.7629505 0.4226669
v 0.23544195 0.73032683 0.44048148
v 0.29113674 0.75550675 0.2911374
v 0.2641201 0.7519663 0.26412076
v 0.28461143 0.7586954 0.34680068
v 0.26626056 0.74926114 0.39848772
v 0.2774829 0.7166375 0.41528314
v 0.31827134 0.7418173 0.2611991
v 0.2887367 0.73827696 0.23696062
v 0.3172333 0.745006 0.317234
v 0.30403697 0.73557174 0.3704708
v 0.31685153 0.70294815 0.38608542
v 0.34234077 0.728128 0.22874527
v 0.31057253 0.72458756 0.20751841
v 0.34680015 0.7313167 0.28461212
v 0.33888543 0.7218823 0.33888614
v 0.3531687 0.6892587 0.35316956
v 0.36311325 0.71443856 0.19408853
v 0.32941744 0.7108982 0.17607771
v 0.37302706 0.7176272 0.24924928
v 0.3704702 0.70819294 0.30403772
v 0.38608482 0.6755693 0.3168523
v 0.3803887 0.7007492 0.15756261
v 0.34508985 0.69720876 0.1429413
v 0.39566162 0.7039378 0.21148601
v 0.39848724 0.6945036 0.26626125
v 0.41528267 0.66187996 0.27748364
v 0.39400092 0.6870598 0.119519256
v 0.3574388 0.68351936 0.10842825
v 0.4144856 0.6902485 0.17168602
v 0.42266658 0.6808142 0.22592054
v 0.4404811 0.6481906 0.23544264
v 0.40381867 0.67337036 0.080324896
v 0.36634552 0.66983 0.07287099
v 0.42931792 0.67655915 0.1302326
v 0.44277546 0.66712475 0.18340407
v 0.4614375 0.63450116 0.1911342
v 0.4097474 0.6596811 0.040356945
v 0.37172407 0.65614057 0.036611944
v 0.44001567 0.6628697 0.087524965
v 0.4586201 0.6534354 0.13912134
v 0.47794998 0.6208118 0.14498502
v 0.41173 0.6459917 3.3503127E-07
v 0.3735227 0.6424513 3.0420838E-07
v 0.44647583 0.64918035 0.043974407
v 0.47004798 0.63974607 0.09349879
v 0.48985952 0.6071224 0.09743957
v 0.40974742 0.6323023 -0.040356282
v 0.37172413 0.6287618 -0.036611337
v 0.4486361 0.63549095 3.641961E-07
v 0.4769491 0.62605673 0.04697579
v 0.49705145 0.5934331 0.048955727
v 0.40381882 0.6186129 -0.080324225
v 0.3663456 0.6150725 -0.07287039
v 0.44647586 0.6218016 -0.043973684
v 0.4792568 0.6123673 3.877639E-07
v 0.49945655 0.5797436 4.0255173E-07
v 0.39400107 0.60492355 -0.11951864
v 0.35743904 0.6013831 -0.10842767
v 0.4400158 0.60811216 -0.08752424
v 0.4769491 0.5986779 -0.04697502
v 0.49705157 0.5660543 -0.048954923
v 0.38038906 0.5912341 -0.15756197
v 0.3450901 0.58769363 -0.14294071
v 0.42931807 0.59442276 -0.13023192
v 0.47004813 0.58498853 -0.093498036
v 0.48985967 0.5523649 -0.097438775
v 0.36311352 0.5775447 -0.19408794
v 0.3294177 0.5740043 -0.17607719
v 0.41448593 0.5807334 -0.17168535
v 0.45862028 0.57129914 -0.13912061
v 0.4779502 0.5386755 -0.14498428
v 0.34234115 0.56385535 -0.22874473
v 0.31057292 0.56031495 -0.2075179
v 0.3956619 0.56704396 -0.21148536
v 0.44277573 0.5576098 -0.18340336
v 0.46143782 0.5249861 -0.19113345
v 0.3182717 0.55016595 -0.26119855
v 0.28873706 0.54662555 -0.23696014
v 0.37302747 0.5533546 -0.24924867
v 0.4226669 0.54392034 -0.22591987
v 0.44048148 0.5112967 -0.23544192
v 0.2911372 0.53647655 -0.29113692
v 0.26412055 0.53293616 -0.2641203
v 0.3468006 0.5396653 -0.28461158
v 0.3984877 0.53023094 -0.26626062
v 0.4152831 0.49760732 -0.27748296
v 0.26119888 0.52278715 -0.3182715
v 0.23696043 0.5192468 -0.28873688
v 0.31723383 0.5259759 -0.31723353
v 0.37047073 0.5165416 -0.30403712
v 0.3860853 0.48391792 -0.31685168
v 0.22874503 0.5090978 -0.34234086
v 0.20751823 0.5055574 -0.31057268
v 0.2846119 0.5122865 -0.3468003
v 0.33888596 0.5028522 -0.3388856
v 0.35316932 0.47022852 -0.35316893
v 0.1940883 0.49540848 -0.3631134
v 0.1760775 0.49186802 -0.32941756
v 0.24924903 0.4985971 -0.37302724
v 0.3040375 0.4891628 -0.37047043
v 0.31685206 0.45653918 -0.38608497
v 0.15756236 0.48171905 -0.38038883
v 0.14294106 0.47817862 -0.34508994
v 0.21148579 0.48490775 -0.39566168
v 0.26626098 0.4754734 -0.3984874
v 0.27748337 0.44284979 -0.41528282
v 0.11951902 0.4680297 -0.394001
v 0.10842804 0.46448925 -0.35743892
v 0.17168577 0.47121838 -0.4144857
v 0.22592026 0.46178403 -0.42266676
v 0.23544234 0.42916042 -0.44048133
v 0.08032463 0.45434028 -0.4038187
v 0.07287076 0.45079988 -0.36634552
v 0.13023233 0.45752898 -0.429318
v 0.18340379 0.4480947 -0.44277552
v 0.1911339 0.41547102 -0.46143764
v 0.040356684 0.44065094 -0.4097474
v 0.036611702 0.4371105 -0.37172407
v 0.08752468 0.44383955 -0.4400157
v 0.13912106 0.43440533 -0.45862013
v 0.14498472 0.40178168 -0.47795013
v 7.1623816E-08 0.42696157 -0.41173
v 6.52443E-08 0.4234211 -0.3735227
v 0.04397413 0.4301502 -0.44647583
v 0.093498476 0.42071593 -0.47004804
v 0.09743927 0.3880923 -0.48985964
v -0.04035654 0.41327217 -0.4097474
v -0.03661158 0.40973175 -0.37172407
v 7.717759E-08 0.41646087 -0.4486361
v 0.04697548 0.40702656 -0.4769491
v 0.04895541 0.3744029 -0.49705157
v -0.08032449 0.3995828 -0.40381873
v -0.07287063 0.39604235 -0.36634558
v -0.043973975 0.40277147 -0.44647583
v 8.1155555E-08 0.39333716 -0.4792568
v 8.3020495E-08 0.36071348 -0.49945655
v -0.11951889 0.3858934 -0.39400104
v -0.108427905 0.38235298 -0.35743895
v -0.087524526 0.3890821 -0.4400158
v -0.046975326 0.37964782 -0.4769491
v -0.04895524 0.34702414 -0.49705157
v -0.15756223 0.37220404 -0.38038886
v -0.14294094 0.36866358 -0.34508997
v -0.13023219 0.37539268 -0.42931807
v -0.093498334 0.36595842 -0.4700481
v -0.097439095 0.3333348 -0.48985964
v -0.19408818 0.35851467 -0.3631134
v -0.17607738 0.35497424 -0.32941765
v -0.17168562 0.36170334 -0.41448572
v -0.1391209 0.35226905 -0.45862025
v -0.14498457 0.31964538 -0.47795016
v -0.22874494 0.34482524 -0.34234095
v -0.20751812 0.34128487 -0.3105728
v -0.21148562 0.348014 -0.39566177
v -0.18340364 0.33857965 -0.44277558
v -0.19113372 0.30595604 -0.46143764
v -0.26119873 0.33113587 -0.31827158
v -0.24924892 0.33432457 -0.37302732
v -0.22592014 0.3248903 -0.42266682
v -0.2354422 0.29226664 -0.44048133
v -0.2846118 0.32063514 -0.34680042
v -0.26626086 0.3112009 -0.39848748
v -0.2774832 0.27857727 -0.41528293
v -0.31723368 0.30694574 -0.31723365
v -0.30403736 0.2975115 -0.37047058
v -0.31685188 0.26488787 -0.38608512
v -0.33888578 0.28382212 -0.33888575
v -0.3531691 0.2511984 -0.3531691
vt 0 0
vt 0.099948406 0
vt 0 0.013513505
vt 0.099948406 0.013513505
vt 0 0.02702701
vt 0.19989678 0.013513505
vt 0.19989678 0
vt 0.099948406 0.02702701
vt 0 0.040540546
vt 0.29984516 0.013513505
vt 0.29984516 0
vt 0.19989678 0.02702701
vt 0.099948406 0.040540546
vt 0 0.05405405
vt 0.39979357 0.013513505
vt 0.39979357 0
vt 0.29984516 0.02702701
vt 0.19989678 0.040540546
vt 0.099948406 0.05405405
vt 0 0.06756756
vt 0.49974194 0.013513505
vt 0.49974194 0
vt 0.39979357 0.02702701
vt 0.29984516 0.040540546
vt 0.19989678 0.05405405
vt 0.099948406 0.06756756
vt 0 0.08108109
vt 0.5999484 0.013513505
vt 0.5999484 0
vt 0.39979357 0.040540546
vt 0.29984516 0.05405405
vt 0.19989678 0.06756756
vt 0.099948406 0.08108109
vt 0 0.0945946
vt 0.70015484 0.013513505
vt 0.70015484 0
vt 0.39979357 0.05405405
vt 0.29984516 0.06756756
vt 0.19989678 0.08108109
vt 0.099948406 0.0945946
vt 0 0.1081081
vt 0.8001032 0.013513505
vt 0.8001032 0
vt 0.39979357 0.06756756
vt 0.29984516 0.08108109
vt 0.19989678 0.0945946
vt 0.099948406 0.1081081
vt 0 0.12162161
vt 0.9000516 0.013513505
vt 0.9000516 0
vt 1 0
vt 1 0.013513505
vt 0.9000516 0.02702701
vt 1 0.02702701
vt 0.8001032 0.02702701
vt 0.9000516 0.040540546
vt 1 0.040540546
vt 0.70015484 0.02702701
vt 0.9000516 0.05405405
vt 1 0.05405405
vt 0.8001032 0.040540546
vt 0.5999484 0.02702701
vt 0.9000516 0.06756756
vt 1 0.06756756
vt 0.70015484 0.040540546
vt 0.8001032 0.05405405
vt 0.49974194 0.02702701
vt 0.9000516 0.08108109
vt 1 0.08108109
vt 0.5999484 0.040540546
vt 0.49974194 0.040540546
vt 0.70015484 0.05405405
vt 0.8001032 0.06756756
vt 0.9000516 0.0945946
vt 1 0.0945946
vt 0.49974194 0.05405405
vt 0.5999484 0.05405405
vt 0.70015484 0.06756756
vt 0.8001032 0.08108109
vt 0.9000516 0.1081081
vt 1 0.1081081
vt 0.49974194 0.06756756
vt 0.5999484 0.06756756
vt 0.70015484 0.08108109
vt 0.8001032 0.0945946
vt 0.9000516 0.12162161
vt 1 0.12162161
vt 0.5999484 0.08108109
vt 0.49974194 0.08108109
vt 0.70015484 0.0945946
vt 0.8001032 0.1081081
vt 0.9000516 0.13513514
vt 1 0.13513514
vt 0.5999484 0.0945946
vt 0.39979357 0.08108109
vt 0.70015484 0.1081081
vt 0.8001032 0.12162161
vt 0.9000516 0.14864865
vt 1 0.14864865
vt 0.49974194 0.0945946
vt 0.39979357 0.0945946
vt 0.5999484 0.1081081
vt 0.70015484 0.12162161
vt 0.8001032 0.13513514
vt 0.9000516 0.16216215
vt 1 0.16216215
vt 0.49974194 0.1081081
vt 0.29984516 0.0945946
vt 0.5999484 0.12162161
vt 0.70015484 0.13513514
vt 0.8001032 0.14864865
vt 0.9000516 0.17567566
vt 1 0.17567566
vt 0.8001032 0.16216215
vt 0.70015484 0.14864865
vt 0.5999484 0.13513514
vt 0.49974194 0.12162161
vt 0.9000516 0.1891892
vt 1 0.1891892
vt 0.8001032 0.17567566
vt 0.70015484 0.16216215
vt 0.5999484 0.14864865
vt 0.9000516 0.2027027
vt 1 0.2027027
vt 0.8001032 0.1891892
vt 0.70015484 0.17567566
vt 0.9000516 0.2162162
vt 1 0.2162162
vt 0.8001032 0.2027027
vt 0.9000516 0.22972974
vt 1 0.22972974
vt 0.49974194 0.13513514
vt 0.5999484 0.16216215
vt 0.70015484 0.1891892
vt 0.8001032 0.2162162
vt 0.9000516 0.24324325
vt 1 0.24324325
vt 0.49974194 0.14864865
vt 0.5999484 0.17567566
vt 0.70015484 0.2027027
vt 0.8001032 0.22972974
vt 0.9000516 0.25675675
vt 1 0.25675675
vt 0.49974194 0.16216215
vt 0.5999484 0.1891892
vt 0.70015484 0.2162162
vt 0.8001032 0.24324325
vt 0.9000516 0.2702703
vt 1 0.2702703
vt 0.49974194 0.17567566
vt 0.5999484 0.2027027
vt 0.70015484 0.22972974
vt 0.8001032 0.25675675
vt 0.9000516 0.2837838
vt 1 0.2837838
vt 0.49974194 0.1891892
vt 0.5999484 0.2162162
vt 0.70015484 0.24324325
vt 0.8001032 0.2702703
vt 0.9000516 0.2972973
vt 1 0.2972973
vt 0.49974194 0.2027027
vt 0.5999484 0.22972974
vt 0.70015484 0.25675675
vt 0.8001032 0.2837838
vt 0.9000516 0.3108108
vt 1 0.3108108
vt 0.49974194 0.2162162
vt 0.5999484 0.24324325
vt 0.70015484 0.2702703
vt 0.8001032 0.2972973
vt 0.9000516 0.3243243
vt 1 0.3243243
vt 0.49974194 0.22972974
vt 0.5999484 0.25675675
vt 0.70015484 0.2837838
vt 0.8001032 0.3108108
vt 0.9000516 0.33783782
vt 1 0.33783782
vt 0.49974194 0.24324325
vt 0.5999484 0.2702703
vt 0.70015484 0.2972973
vt 0.8001032 0.3243243
vt 0.9000516 0.35135135
vt 1 0.35135135
vt 0.49974194 0.25675675
vt 0.5999484 0.2837838
vt 0.70015484 0.3108108
vt 0.8001032 0.33783782
vt 0.9000516 0.3648649
vt 1 0.3648649
vt 0.49974194 0.2702703
vt 0.5999484 0.2972973
vt 0.70015484 0.3243243
vt 0.8001032 0.35135135
vt 0.9000516 0.3783784
vt 1 0.3783784
vt 0.49974194 0.2837838
vt 0.5999484 0.3108108
vt 0.70015484 0.33783782
vt 0.8001032 0.3648649
vt 0.9000516 0.3918919
vt 1 0.3918919
vt 0.49974194 0.2972973
vt 0.5999484 0.3243243
vt 0.70015484 0.35135135
vt 0.8001032 0.3783784
vt 0.9000516 0.4054054
vt 1 0.4054054
vt 0.49974194 0.3108108
vt 0.5999484 0.33783782
vt 0.70015484 0.3648649
vt 0.8001032 0.3918919
vt 0.9000516 0.4189189
vt 1 0.4189189
vt 0.49974194 0.3243243
vt 0.5999484 0.35135135
vt 0.70015484 0.3783784
vt 0.8001032 0.4054054
vt 0.9000516 0.43243244
vt 1 0.43243244
vt 0.49974194 0.33783782
vt 0.5999484 0.3648649
vt 0.70015484 0.3918919
vt 0.8001032 0.4189189
vt 0.9000516 0.44594595
vt 1 0.44594595
vt 0.49974194 0.35135135
vt 0.5999484 0.3783784
vt 0.70015484 0.4054054
vt 0.8001032 0.43243244
vt 0.9000516 0.45945945
vt 1 0.45945945
vt 0.49974194 0.3648649
vt 0.5999484 0.3918919
vt 0.70015484 0.4189189
vt 0.8001032 0.44594595
vt 0.9000516 0.47297296
vt 1 0.47297296
vt 0.49974194 0.3783784
vt 0.5999484 0.4054054
vt 0.70015484 0.43243244
vt 0.8001032 0.45945945
vt 0.9000516 0.4864865
vt 1 0.4864865
vt 0.49974194 0.3918919
vt 0.5999484 0.4189189
vt 0.70015484 0.44594595
vt 0.8001032 0.47297296
vt 0.9000516 0.5
vt 1 0.5
vt 0.49974194 0.4054054
vt 0.5999484 0.43243244
vt 0.70015484 0.45945945
vt 0.8001032 0.4864865
vt 0.9000516 0.5135135
vt 1 0.5135135
vt 0.49974194 0.4189189
vt 0.5999484 0.44594595
vt 0.70015484 0.47297296
vt 0.8001032 0.5
vt 0.9000516 0.527027
vt 1 0.527027
vt 0.49974194 0.43243244
vt 0.5999484 0.45945945
vt 0.70015484 0.4864865
vt 0.8001032 0.5135135
vt 0.9000516 0.5405405
vt 1 0.5405405
vt 0.49974194 0.44594595
vt 0.5999484 0.47297296
vt 0.70015484 0.5
vt 0.8001032 0.527027
vt 0.9000516 0.5540541
vt 1 0.5540541
vt 0.49974194 0.45945945
vt 0.5999484 0.4864865
vt 0.70015484 0.5135135
vt 0.8001032 0.5405405
vt 0.9000516 0.5675676
vt 1 0.5675676
vt 0.49974194 0.47297296
vt 0.5999484 0.5
vt 0.70015484 0.527027
vt 0.8001032 0.5540541
vt 0.9000516 0.5810811
vt 1 0.5810811
vt 0.49974194 0.4864865
vt 0.5999484 0.5135135
vt 0.70015484 0.5405405
vt 0.8001032 0.5675676
vt 0.9000516 0.5945946
vt 1 0.5945946
vt 0.49974194 0.5
vt 0.5999484 0.527027
vt 0.70015484 0.5540541
vt 0.8001032 0.5810811
vt 0.9000516 0.6081081
vt 1 0.6081081
vt 0.49974194 0.5135135
vt 0.5999484 0.5405405
vt 0.70015484 0.5675676
vt 0.8001032 0.5945946
vt 0.9000516 0.6216216
vt 1 0.6216216
vt 0.49974194 0.527027
vt 0.5999484 0.5540541
vt 0.70015484 0.5810811
vt 0.8001032 0.6081081
vt 0.9000516 0.6351351
vt 1 0.6351351
vt 0.49974194 0.5405405
vt 0.5999484 0.5675676
vt 0.70015484 0.5945946
vt 0.8001032 0.6216216
vt 0.9000516 0.6486486
vt 1 0.6486486
vt 0.49974194 0.5540541
vt 0.5999484 0.5810811
vt 0.70015484 0.6081081
vt 0.8001032 0.6351351
vt 0.9000516 0.6621622
vt 1 0.6621622
vt 0.49974194 0.5675676
vt 0.5999484 0.5945946
vt 0.70015484 0.6216216
vt 0.8001032 0.6486486
vt 0.9000516 0.6756757
vt 1 0.6756757
vt 0.49974194 0.5810811
vt 0.5999484 0.6081081
vt 0.70015484 0.6351351
vt 0.8001032 0.6621622
vt 0.9000516 0.6891892
vt 1 0.6891892
vt 0.49974194 0.5945946
vt 0.5999484 0.6216216
vt 0.70015484 0.6486486
vt 0.8001032 0.6756757
vt 0.9000516 0.7027027
vt 1 0.7027027
vt 0.49974194 0.6081081
vt 0.5999484 0.6351351
vt 0.70015484 0.6621622
vt 0.8001032 0.6891892
vt 0.9000516 0.7162162
vt 1 0.7162162
vt 0.49974194 0.6216216
vt 0.5999484 0.6486486
vt 0.70015484 0.6756757
vt 0.8001032 0.7027027
vt 0.9000516 0.7297297
vt 1 0.7297297
vt 0.49974194 0.6351351
vt 0.5999484 0.6621622
vt 0.70015484 0.6891892
vt 0.8001032 0.7162162
vt 0.9000516 0.7432432
vt 1 0.7432432
vt 0.49974194 0.6486486
vt 0.5999484 0.6756757
vt 0.70015484 0.7027027
vt 0.8001032 0.7297297
vt 0.9000516 0.7567568
vt 1 0.7567568
vt 0.49974194 0.6621622
vt 0.5999484 0.6891892
vt 0.70015484 0.7162162
vt 0.8001032 0.7432432
vt 0.9000516 0.7702702
vt 1 0.7702702
vt 0.49974194 0.6756757
vt 0.5999484 0.7027027
vt 0.70015484 0.7297297
vt 0.8001032 0.7567568
vt 0.9000516 0.7837838
vt 1 0.7837838
vt 0.49974194 0.6891892
vt 0.5999484 0.7162162
vt 0.70015484 0.7432432
vt 0.8001032 0.7702702
vt 0.9000516 0.7972973
vt 1 0.7972973
vt 0.49974194 0.7027027
vt 0.5999484 0.7297297
vt 0.70015484 0.7567568
vt 0.8001032 0.7837838
vt 0.9000516 0.8108108
vt 1 0.8108108
vt 0.49974194 0.7162162
vt 0.5999484 0.7432432
vt 0.70015484 0.7702702
vt 0.8001032 0.7972973
vt 0.9000516 0.82432437
vt 1 0.82432437
vt 0.49974194 0.7297297
vt 0.5999484 0.7567568
vt 0.70015484 0.7837838
vt 0.8001032 0.8108108
vt 0.9000516 0.8378378
vt 1 0.8378378
vt 0.49974194 0.7432432
vt 0.5999484 0.7702702
vt 0.70015484 0.7972973
vt 0.8001032 0.82432437
vt 0.9000516 0.8513514
vt 1 0.8513514
vt 0.49974194 0.7567568
vt 0.5999484 0.7837838
vt 0.70015484 0.8108108
vt 0.8001032 0.8378378
vt 0.9000516 0.8648648
vt 1 0.8648648
vt 0.49974194 0.7702702
vt 0.5999484 0.7972973
vt 0.70015484 0.82432437
vt 0.8001032 0.8513514
vt 0.9000516 0.8783784
vt 1 0.8783784
vt 0.49974194 0.7837838
vt 0.5999484 0.8108108
vt 0.70015484 0.8378378
vt 0.8001032 0.8648648
vt 0.9000516 0.8918919
vt 1 0.8918919
vt 0.49974194 0.7972973
vt 0.5999484 0.82432437
vt 0.70015484 0.8513514
vt 0.8001032 0.8783784
vt 0.9000516 0.9054054
vt 1 0.9054054
vt 0.49974194 0.8108108
vt 0.5999484 0.8378378
vt 0.70015484 0.8648648
vt 0.8001032 0.8918919
vt 0.9000516 0.9189189
vt 1 0.9189189
vt 0.49974194 0.82432437
vt 0.5999484 0.8513514
vt 0.70015484 0.8783784
vt 0.8001032 0.9054054
vt 0.9000516 0.9324324
vt 1 0.9324324
vt 0.49974194 0.8378378
vt 0.5999484 0.8648648
vt 0.70015484 0.8918919
vt 0.8001032 0.9189189
vt 0.9000516 0.945946
vt 1 0.945946
vt 0.49974194 0.8513514
vt 0.5999484 0.8783784
vt 0.70015484 0.9054054
vt 0.8001032 0.9324324
vt 0.9000516 0.9594594
vt 1 0.9594594
vt 0.49974194 0.8648648
vt 0.5999484 0.8918919
vt 0.70015484 0.9189189
vt 0.8001032 0.945946
vt 0.9000516 0.972973
vt 1 0.972973
vt 0.49974194 0.8783784
vt 0.5999484 0.9054054
vt 0.70015484 0.9324324
vt 0.8001032 0.9594594
vt 0.9000516 0.9864865
vt 1 0.9864865
vt 0.49974194 0.8918919
vt 0.5999484 0.9189189
vt 0.70015484 0.945946
vt 0.8001032 0.972973
vt 0.9000516 1
vt 1 1
vt 0.8001032 0.9864865
vt 0.8001032 1
vt 0.70015484 0.9594594
vt 0.5999484 0.9324324
vt 0.70015484 0.9864865
vt 0.70015484 1
vt 0.70015484 0.972973
vt 0.5999484 0.945946
vt 0.5999484 0.9864865
vt 0.5999484 1
vt 0.5999484 0.9594594
vt 0.5999484 0.972973
vt 0.49974194 0.9864865
vt 0.49974194 1
vt 0.49974194 0.972973
vt 0.49974194 0.9594594
vt 0.49974194 0.945946
vt 0.49974194 0.9324324
vt 0.39979357 0.9864865
vt 0.39979357 1
vt 0.39979357 0.972973
vt 0.39979357 0.9594594
vt 0.39979357 0.945946
vt 0.29984516 0.9864865
vt 0.29984516 1
vt 0.29984516 0.972973
vt 0.29984516 0.9594594
vt 0.19989678 0.9864865
vt 0.19989678 1
vt 0.19989678 0.972973
vt 0.099948406 0.9864865
vt 0.099948406 1
vt 0 1
vt 0 0.9864865
vt 0.099948406 0.972973
vt 0 0.972973
vt 0.099948406 0.9594594
vt 0 0.9594594
vt 0.19989678 0.9594594
vt 0.099948406 0.945946
vt 0 0.945946
vt 0.19989678 0.945946
vt 0.099948406 0.9324324
vt 0 0.9324324
vt 0.29984516 0.945946
vt 0.099948406 0.9189189
vt 0 0.9189189
vt 0.19989678 0.9324324
vt 0.29984516 0.9324324
vt 0.099948406 0.9054054
vt 0 0.9054054
vt 0.19989678 0.9189189
vt 0.39979357 0.9324324
vt 0.099948406 0.8918919
vt 0 0.8918919
vt 0.19989678 0.9054054
vt 0.29984516 0.9189189
vt 0.39979357 0.9189189
vt 0.099948406 0.8783784
vt 0 0.8783784
vt 0.19989678 0.8918919
vt 0.29984516 0.9054054
vt 0.49974194 0.9189189
vt 0.099948406 0.8648648
vt 0 0.8648648
vt 0.19989678 0.8783784
vt 0.29984516 0.8918919
vt 0.39979357 0.9054054
vt 0.49974194 0.9054054
vt 0.39979357 0.8918919
vt 0.099948406 0.8513514
vt 0 0.8513514
vt 0.19989678 0.8648648
vt 0.29984516 0.8783784
vt 0.39979357 0.8783784
vt 0.099948406 0.8378378
vt 0 0.8378378
vt 0.19989678 0.8513514
vt 0.29984516 0.8648648
vt 0.39979357 0.8648648
vt 0.099948406 0.82432437
vt 0 0.82432437
vt 0.19989678 0.8378378
vt 0.29984516 0.8513514
vt 0.39979357 0.8513514
vt 0.099948406 0.8108108
vt 0 0.8108108
vt 0.19989678 0.82432437
vt 0.29984516 0.8378378
vt 0.39979357 0.8378378
vt 0.099948406 0.7972973
vt 0 0.7972973
vt 0.19989678 0.8108108
vt 0.29984516 0.82432437
vt 0.39979357 0.82432437
vt 0.099948406 0.7837838
vt 0 0.7837838
vt 0.19989678 0.7972973
vt 0.29984516 0.8108108
vt 0.39979357 0.8108108
vt 0.099948406 0.7702702
vt 0 0.7702702
vt 0.19989678 0.7837838
vt 0.29984516 0.7972973
vt 0.39979357 0.7972973
vt 0.099948406 0.7567568
vt 0 0.7567568
vt 0.19989678 0.7702702
vt 0.29984516 0.7837838
vt 0.39979357 0.7837838
vt 0.099948406 0.7432432
vt 0 0.7432432
vt 0.19989678 0.7567568
vt 0.29984516 0.7702702
vt 0.39979357 0.7702702
vt 0.099948406 0.7297297
vt 0 0.7297297
vt 0.19989678 0.7432432
vt 0.29984516 0.7567568
vt 0.39979357 0.7567568
vt 0.099948406 0.7162162
vt 0 0.7162162
vt 0.19989678 0.7297297
vt 0.29984516 0.7432432
vt 0.39979357 0.7432432
vt 0.099948406 0.7027027
vt 0 0.7027027
vt 0.19989678 0.7162162
vt 0.29984516 0.7297297
vt 0.39979357 0.7297297
vt 0.099948406 0.6891892
vt 0 0.6891892
vt 0.19989678 0.7027027
vt 0.29984516 0.7162162
vt 0.39979357 0.7162162
vt 0.099948406 0.6756757
vt 0 0.6756757
vt 0.19989678 0.6891892
vt 0.29984516 0.7027027
vt 0.39979357 0.7027027
vt 0.099948406 0.6621622
vt 0 0.6621622
vt 0.19989678 0.6756757
vt 0.29984516 0.6891892
vt 0.39979357 0.6891892
vt 0.099948406 0.6486486
vt 0 0.6486486
vt 0.19989678 0.6621622
vt 0.29984516 0.6756757
vt 0.39979357 0.6756757
vt 0.099948406 0.6351351
vt 0 0.6351351
vt 0.19989678 0.6486486
vt 0.29984516 0.6621622
vt 0.39979357 0.6621622
vt 0.099948406 0.6216216
vt 0 0.6216216
vt 0.19989678 0.6351351
vt 0.29984516 0.6486486
vt 0.39979357 0.6486486
vt 0.099948406 0.6081081
vt 0 0.6081081
vt 0.19989678 0.6216216
vt 0.29984516 0.6351351
vt 0.39979357 0.6351351
vt 0.099948406 0.5945946
vt 0 0.5945946
vt 0.19989678 0.6081081
vt 0.29984516 0.6216216
vt 0.39979357 0.6216216
vt 0.099948406 0.5810811
vt 0 0.5810811
vt 0.19989678 0.5945946
vt 0.29984516 0.6081081
vt 0.39979357 0.6081081
vt 0.099948406 0.5675676
vt 0 0.5675676
vt 0.19989678 0.5810811
vt 0.29984516 0.5945946
vt 0.39979357 0.5945946
vt 0.099948406 0.5540541
vt 0 0.5540541
vt 0.19989678 0.5675676
vt 0.29984516 0.5810811
vt 0.39979357 0.5810811
vt 0.099948406 0.5405405
vt 0 0.5405405
vt 0.19989678 0.5540541
vt 0.29984516 0.5675676
vt 0.39979357 0.5675676
vt 0.099948406 0.527027
vt 0 0.527027
vt 0.19989678 0.5405405
vt 0.29984516 0.5540541
vt 0.39979357 0.5540541
vt 0.099948406 0.5135135
vt 0 0.5135135
vt 0.19989678 0.527027
vt 0.29984516 0.5405405
vt 0.39979357 0.5405405
vt 0.099948406 0.5
vt 0 0.5
vt 0.19989678 0.5135135
vt 0.29984516 0.527027
vt 0.39979357 0.527027
vt 0.099948406 0.4864865
vt 0 0.4864865
vt 0.19989678 0.5
vt 0.29984516 0.5135135
vt 0.39979357 0.5135135
vt 0.099948406 0.47297296
vt 0 0.47297296
vt 0.19989678 0.4864865
vt 0.29984516 0.5
vt 0.39979357 0.5
vt 0.099948406 0.45945945
vt 0 0.45945945
vt 0.19989678 0.47297296
vt 0.29984516 0.4864865
vt 0.39979357 0.4864865
vt 0.099948406 0.44594595
vt 0 0.44594595
vt 0.19989678 0.45945945
vt 0.29984516 0.47297296
vt 0.39979357 0.47297296
vt 0.099948406 0.43243244
vt 0 0.43243244
vt 0.19989678 0.44594595
vt 0.29984516 0.45945945
vt 0.39979357 0.45945945
vt 0.099948406 0.4189189
vt 0 0.4189189
vt 0.19989678 0.43243244
vt 0.29984516 0.44594595
vt 0.39979357 0.44594595
vt 0.099948406 0.4054054
vt 0 0.4054054
vt 0.19989678 0.4189189
vt 0.29984516 0.43243244
vt 0.39979357 0.43243244
vt 0.099948406 0.3918919
vt 0 0.3918919
vt 0.19989678 0.4054054
vt 0.29984516 0.4189189
vt 0.39979357 0.4189189
vt 0.099948406 0.3783784
vt 0 0.3783784
vt 0.19989678 0.3918919
vt 0.29984516 0.4054054
vt 0.39979357 0.4054054
vt 0.099948406 0.3648649
vt 0 0.3648649
vt 0.19989678 0.3783784
vt 0.29984516 0.3918919
vt 0.39979357 0.3918919
vt 0.099948406 0.35135135
vt 0 0.35135135
vt 0.19989678 0.3648649
vt 0.29984516 0.3783784
vt 0.39979357 0.3783784
vt 0.099948406 0.33783782
vt 0 0.33783782
vt 0.19989678 0.35135135
vt 0.29984516 0.3648649
vt 0.39979357 0.3648649
vt 0.099948406 0.3243243
vt 0 0.3243243
vt 0.19989678 0.33783782
vt 0.29984516 0.35135135
vt 0.39979357 0.35135135
vt 0.099948406 0.3108108
vt 0 0.3108108
vt 0.19989678 0.3243243
vt 0.29984516 0.33783782
vt 0.39979357 0.33783782
vt 0.099948406 0.2972973
vt 0 0.2972973
vt 0.19989678 0.3108108
vt 0.29984516 0.3243243
vt 0.39979357 0.3243243
vt 0.099948406 0.2837838
vt 0 0.2837838
vt 0.19989678 0.2972973
vt 0.29984516 0.3108108
vt 0.39979357 0.3108108
vt 0.099948406 0.2702703
vt 0 0.2702703
vt 0.19989678 0.2837838
vt 0.29984516 0.2972973
vt 0.39979357 0.2972973
vt 0.099948406 0.25675675
vt 0 0.25675675
vt 0.19989678 0.2702703
vt 0.29984516 0.2837838
vt 0.39979357 0.2837838
vt 0.099948406 0.24324325
vt 0 0.24324325
vt 0.19989678 0.25675675
vt 0.29984516 0.2702703
vt 0.39979357 0.2702703
vt 0.099948406 0.22972974
vt 0 0.22972974
vt 0.19989678 0.24324325
vt 0.29984516 0.25675675
vt 0.39979357 0.25675675
vt 0.099948406 0.2162162
vt 0 0.2162162
vt 0.19989678 0.22972974
vt 0.29984516 0.24324325
vt 0.39979357 0.24324325
vt 0.099948406 0.2027027
vt 0 0.2027027
vt 0.19989678 0.2162162
vt 0.29984516 0.22972974
vt 0.39979357 0.22972974
vt 0.099948406 0.1891892
vt 0 0.1891892
vt 0.19989678 0.2027027
vt 0.29984516 0.2162162
vt 0.39979357 0.2162162
vt 0.099948406 0.17567566
vt 0 0.17567566
vt 0.19989678 0.1891892
vt 0.29984516 0.2027027
vt 0.39979357 0.2027027
vt 0.099948406 0.16216215
vt 0 0.16216215
vt 0.19989678 0.17567566
vt 0.29984516 0.1891892
vt 0.39979357 0.1891892
vt 0.099948406 0.14864865
vt 0 0.14864865
vt 0.19989678 0.16216215
vt 0.29984516 0.17567566
vt 0.39979357 0.17567566
vt 0.099948406 0.13513514
vt 0 0.13513514
vt 0.19989678 0.14864865
vt 0.29984516 0.16216215
vt 0.39979357 0.16216215
vt 0.099948406 0.12162161
vt 0.19989678 0.13513514
vt 0.29984516 0.14864865
vt 0.39979357 0.14864865
vt 0.19989678 0.12162161
vt 0.29984516 0.13513514
vt 0.39979357 0.13513514
vt 0.19989678 0.1081081
vt 0.29984516 0.12162161
vt 0.39979357 0.12162161
vt 0.29984516 0.1081081
vt 0.39979357 0.1081081
vn 0.07061971 0.93871397 0.33738554
vn -0.119202144 0.942064 0.31353828
vn 0.054256745 0.93884844 0.34002918
vn -0.13193163 0.9424523 0.30720958
vn 0.020666849 0.93884844 0.34370974
vn -0.4641995 0.85744137 0.22206564
vn -0.46569347 0.8509777 0.24283037
vn -0.16140814 0.94245225 0.2927989
vn -0.013121989 0.93884856 0.34408036
vn -0.74638087 0.6549597 0.11808264
vn -0.75574946 0.6374623 0.1499489
vn -0.4837304 0.8574413 0.17549731
vn -0.1893303 0.9424523 0.27556798
vn -0.04678442 0.93884856 0.3411371
vn -0.9347349 0.35526317 0.0076664845
vn -0.9436882 0.32758254 0.046283502
vn -0.75436085 0.6549597 0.04435619
vn -0.49860278 0.8574415 0.12723798
vn -0.21542865 0.94245243 0.2556833
vn -0.079996444 0.9388487 0.33490866
vn -0.9951847 -1.1004228E-06 -0.09801739
vn -0.99783045 -0.031552862 -0.057781532
vn -0.93098533 0.35526317 -0.08399034
vn -0.7550761 0.6549596 -0.029798262
vn -0.50867337 0.85744137 0.07775343
vn -0.23945253 0.94245243 0.23333666
vn -0.11243789 0.93884844 0.3254556
vn -0.9152786 -0.355263 -0.18987702
vn -0.9112429 -0.38229468 -0.15325502
vn -0.91826993 0.35526294 -0.1748388
vn -0.74851966 0.6549595 -0.1036652
vn -0.51384515 0.8574415 0.027520588
vn -0.26117042 0.9424523 0.20874305
vn -0.14379658 0.93884844 0.31286767
vn -0.7090033 -0.6549589 -0.26142535
vn -0.70338637 -0.67154557 -0.23296832
vn -0.8967109 0.3552632 -0.26400316
vn -0.7347548 0.65495896 -0.17653362
vn -0.51406837 0.85744137 -0.02297751
vn -0.2803731 0.94245243 0.18213862
vn -0.17377047 0.93884844 0.2972665
vn -0.41195706 -0.8574415 -0.30835938
vn -0.41229883 -0.86317044 -0.29145586
vn -0.8665163 0.35526314 -0.3506246
vn -0.7139132 0.65495926 -0.24770202
vn -0.50934094 0.8574413 -0.07325447
vn -0.29687572 0.94245243 0.15378012
vn -0.2020711 0.93884844 0.27880248
vn -0.069463134 -0.94245243 -0.327045
vn -0.081696466 -0.9425001 -0.32406658
vn 0.10334878 -0.93871456 -0.32883728
vn 0.1195502 -0.9388487 -0.32291028
vn -0.037072286 -0.9424523 -0.33227885
vn 0.15062575 -0.93884844 -0.30963773
vn -0.3797487 -0.85744166 -0.34725323
vn -0.0043246625 -0.94245243 -0.33431235
vn 0.1802507 -0.93884856 -0.29338214
vn -0.6799651 -0.654959 -0.32966077
vn 0.02846438 -0.94245243 -0.33312646
vn 0.2081391 -0.93884856 -0.27430177
vn -0.34388342 -0.85744137 -0.3828033
vn -0.8922604 -0.35526273 -0.2786752
vn 0.06097938 -0.9424523 -0.32873255
vn 0.23402312 -0.93884844 -0.2525802
vn -0.644378 -0.6549592 -0.394722
vn -0.3047063 -0.8574413 -0.41466665
vn -0.98078537 -4.9047406E-07 -0.19509014
vn 0.09290737 -0.9424523 -0.32117274
vn 0.25765347 -0.93884844 -0.22842556
vn -0.86064863 -0.35526294 -0.36479068
vn -0.95694023 -2.2637265E-07 -0.29028475
vn -0.6025856 -0.65495914 -0.45598152
vn -0.26259473 -0.8574413 -0.4425363
vn 0.12394025 -0.9424523 -0.31051958
vn 0.27880228 -0.93884844 -0.20207122
vn -0.92387944 -4.150165E-07 -0.3826838
vn -0.82074845 -0.355263 -0.44739264
vn -0.55499035 -0.65495896 -0.5128494
vn -0.21795422 -0.8574412 -0.46614423
vn 0.15377958 -0.9424523 -0.29687607
vn 0.29726613 -0.93884856 -0.17377089
vn -0.8819213 1.5720325E-07 -0.4713966
vn -0.7729445 -0.355263 -0.52568537
vn -0.50204974 -0.654959 -0.5647784
vn -0.17121468 -0.8574413 -0.4852628
vn 0.18213834 -0.9424523 -0.2803734
vn 0.31286737 -0.93884844 -0.14379674
vn -0.7176963 -0.3552628 -0.59891605
vn -0.8314696 2.703896E-07 -0.55557024
vn -0.4442743 -0.65495914 -0.6112683
vn -0.122826144 -0.85744137 -0.4997079
vn 0.2087427 -0.9424523 -0.26117077
vn 0.32545567 -0.9388483 -0.112438045
vn -0.6555365 -0.3552628 -0.6663785
vn -0.82797664 0.35526285 -0.4338698
vn -0.38222042 -0.6549593 -0.651871
vn -0.073254615 -0.85744137 -0.5093407
vn 0.23333673 -0.9424523 -0.23945272
vn 0.3349093 -0.93884844 -0.07999644
vn -0.77301055 1.8235572E-07 -0.63439316
vn -0.78146327 0.35526255 -0.51293623
vn -0.58706355 -0.3552627 -0.72742337
vn -0.31648543 -0.6549591 -0.6861965
vn -0.022977758 -0.8574413 -0.51406854
vn 0.25568336 -0.94245243 -0.21542834
vn 0.3411373 -0.93884856 -0.046784196
vn -0.7071069 0 -0.70710665
vn -0.68619674 0.6549589 -0.316485
vn -0.5129366 -0.35526285 -0.78146297
vn -0.2477025 -0.65495884 -0.71391344
vn 0.027520422 -0.8574413 -0.5138453
vn 0.2755677 -0.94245255 -0.1893295
vn 0.34408024 -0.93884856 -0.013121574
vn 0.0777531 -0.8574415 -0.50867337
vn -0.17653374 -0.6549589 -0.73475486
vn -0.43386996 -0.3552627 -0.82797664
vn -0.6343934 -1.5091508E-07 -0.77301043
vn 0.29279822 -0.94245243 -0.1614077
vn 0.3437093 -0.9388487 0.020667218
vn 0.12723711 -0.85744166 -0.49860257
vn -0.103665255 -0.6549593 -0.7485197
vn -0.3506244 -0.35526294 -0.8665165
vn 0.30720907 -0.94245243 -0.13193142
vn 0.34002876 -0.93884856 0.054256927
vn 0.17549646 -0.8574415 -0.48373044
vn -0.02979871 -0.65495944 -0.7550762
vn 0.31866106 -0.94245255 -0.10118428
vn 0.33307302 -0.9388487 0.08732451
vn 0.22206506 -0.8574415 -0.46419966
vn 0.3270447 -0.94245243 -0.06946257
vn 0.32291 -0.9388487 0.119550794
vn -0.5555702 0 -0.8314697
vn -0.26400298 -0.35526305 -0.89671105
vn 0.0443558 -0.6549592 -0.75436133
vn 0.26649526 -0.8574415 -0.44019815
vn 0.33227825 -0.94245255 -0.037072185
vn 0.30963716 -0.9388487 0.15062578
vn -0.47139624 0 -0.8819216
vn -0.17483951 -0.35526294 -0.91826975
vn 0.118082605 -0.6549591 -0.7463814
vn 0.30835915 -0.8574415 -0.41195711
vn 0.33431178 -0.94245255 -0.0043245717
vn 0.2933817 -0.93884873 0.18025044
vn -0.382684 0 -0.9238793
vn -0.08399009 -0.35526285 -0.93098545
vn 0.1906719 -0.65495914 -0.7312132
vn 0.34725294 -0.85744166 -0.37974885
vn 0.33312628 -0.94245243 0.028464595
vn 0.2743017 -0.93884856 0.2081391
vn -0.29028544 0 -0.9569401
vn 0.007666866 -0.35526308 -0.9347349
vn 0.26142517 -0.6549591 -0.70900303
vn 0.38280302 -0.8574415 -0.34388348
vn 0.32873192 -0.94245255 0.060979523
vn 0.25257975 -0.93884856 0.23402314
vn -0.1950897 -2.5781304E-07 -0.98078537
vn 0.09924956 -0.35526317 -0.92948246
vn 0.32966077 -0.65495896 -0.67996514
vn 0.41466627 -0.8574415 -0.3047064
vn 0.3211718 -0.94245255 0.09290718
vn 0.22842501 -0.9388487 0.2576533
vn -0.0980167 -4.2759257E-07 -0.99518484
vn 0.18987712 -0.35526296 -0.9152786
vn 0.39472175 -0.654959 -0.64437836
vn 0.4425358 -0.85744154 -0.2625949
vn 0.31051898 -0.94245255 0.1239399
vn 0.20207089 -0.9388487 0.27880195
vn 2.9868605E-07 -4.7160952E-07 -1
vn 0.2786753 -0.35526285 -0.89226025
vn 0.45598108 -0.6549593 -0.60258555
vn 0.46614364 -0.85744154 -0.21795414
vn 0.2968756 -0.94245243 0.15377963
vn 0.1737708 -0.9388487 0.29726562
vn 0.09801725 -5.5964324E-07 -0.9951847
vn 0.3647907 -0.3552627 -0.86064863
vn 0.5128491 -0.6549594 -0.55499
vn 0.4852623 -0.85744166 -0.17121442
vn 0.2803729 -0.94245243 0.18213849
vn 0.14379653 -0.93884856 0.31286734
vn 0.1950905 -2.9554184E-07 -0.98078525
vn 0.44739234 -0.35526296 -0.8207487
vn 0.5647783 -0.6549593 -0.5020495
vn 0.4997074 -0.8574417 -0.122825615
vn 0.26117036 -0.94245243 0.20874259
vn 0.112437725 -0.93884856 0.32545525
vn 0.2902851 -1.7606749E-07 -0.9569401
vn 0.5256853 -0.35526288 -0.7729445
vn 0.61126834 -0.6549591 -0.4442742
vn 0.5093404 -0.85744166 -0.0732543
vn 0.23945256 -0.94245243 0.23333634
vn 0.07999634 -0.9388487 0.33490857
vn 0.38268363 0 -0.92387944
vn 0.59891605 -0.35526285 -0.71769625
vn 0.65187144 -0.65495896 -0.3822203
vn 0.51406795 -0.85744166 -0.022977287
vn 0.21542853 -0.94245243 0.2556836
vn 0.04678427 -0.9388483 0.34113786
vn 0.47139704 0 -0.88192105
vn 0.66637874 -0.3552626 -0.65553635
vn 0.68619674 -0.654959 -0.31648514
vn 0.5138448 -0.85744166 0.027520567
vn 0.18932937 -0.94245243 0.27556804
vn 0.013121607 -0.93884844 0.34408042
vn 0.5555706 -1.0060997E-07 -0.83146936
vn 0.7274239 -0.35526255 -0.587063
vn 0.7139133 -0.6549591 -0.24770202
vn 0.5086732 -0.8574415 0.07775343
vn 0.1614075 -0.94245267 0.29279786
vn -0.020667216 -0.93884885 0.3437087
vn 0.6343935 0 -0.7730103
vn 0.78146327 -0.35526258 -0.5129364
vn 0.7347545 -0.65495926 -0.1765335
vn 0.4986027 -0.8574415 0.12723812
vn 0.13193083 -0.94245255 0.307209
vn -0.054257493 -0.93884885 0.340028
vn 0.7071072 0 -0.70710635
vn 0.8279767 -0.3552627 -0.4338698
vn 0.74852014 -0.65495896 -0.10366466
vn 0.48373044 -0.8574415 0.17549664
vn 0.1011839 -0.94245243 0.3186616
vn -0.087325044 -0.93884856 0.33307305
vn 0.7730107 0 -0.634393
vn 0.86651665 -0.35526276 -0.35062432
vn 0.7550768 -0.65495896 -0.029797433
vn 0.4641994 -0.85744137 0.22206558
vn 0.06946253 -0.94245243 0.32704487
vn -0.11955078 -0.93884856 0.32291007
vn 0.8314699 0 -0.5555699
vn 0.8967114 -0.3552627 -0.26400203
vn 0.7543614 -0.6549591 0.044355895
vn 0.44019786 -0.8574415 0.26649588
vn 0.03707209 -0.94245255 0.33227825
vn -0.15062559 -0.93884873 0.30963686
vn 0.8819216 -1.13186246E-07 -0.47139624
vn 0.91827023 -0.35526255 -0.17483774
vn 0.746381 -0.65495944 0.118082896
vn 0.41195694 -0.8574415 0.3083596
vn 0.0043244986 -0.94245267 0.3343117
vn -0.18025039 -0.9388487 0.29338187
vn 0.9238798 1.8235568E-07 -0.38268268
vn 0.93098533 -0.3552631 -0.083990194
vn 0.73121303 -0.65495914 0.19067258
vn 0.37974876 -0.85744137 0.3472538
vn -0.028464755 -0.94245243 0.3331264
vn -0.20813905 -0.9388487 0.2743017
vn 0.9569406 -3.4584684E-07 -0.2902837
vn 0.93473506 -0.35526255 0.0076669925
vn 0.7090032 -0.6549588 0.26142606
vn 0.3438834 -0.8574415 0.38280326
vn -0.060979966 -0.9424523 0.32873258
vn -0.23402277 -0.93884856 0.25258034
vn 0.98078537 -1.8235555E-07 -0.1950897
vn 0.92948264 -0.35526225 0.09925035
vn 0.6799648 -0.6549589 0.32966158
vn 0.30470592 -0.85744137 0.4146668
vn -0.09290759 -0.94245243 0.32117206
vn -0.25765306 -0.93884856 0.22842559
vn 0.99518484 5.344906E-07 -0.09801649
vn 0.9152785 -0.35526267 0.18987782
vn 0.6443781 -0.654959 0.39472204
vn 0.26259416 -0.8574413 0.44253668
vn -0.12394038 -0.9424523 0.3105195
vn -0.27880225 -0.93884856 0.2020712
vn 1 0 7.2942237E-07
vn 0.89225996 -0.35526273 0.27867624
vn 0.6025856 -0.6549589 0.45598185
vn 0.21795365 -0.85744154 0.46614394
vn -0.15378 -0.94245225 0.29687634
vn -0.29726636 -0.9388483 0.17377129
vn 0.9951846 -2.5781313E-07 0.09801811
vn 0.86064875 -0.35526246 0.36479077
vn 0.5549898 -0.65495884 0.51285017
vn 0.17121434 -0.8574415 0.4852627
vn -0.18213864 -0.9424523 0.28037336
vn -0.3128673 -0.9388483 0.14379765
vn 0.98078513 2.4523686E-07 0.19509135
vn 0.8207484 -0.35526282 0.447393
vn 0.5020493 -0.6549589 0.564779
vn 0.122825414 -0.85744137 0.49970812
vn -0.20874293 -0.94245225 0.2611708
vn -0.32545558 -0.9388483 0.112438895
vn 0.9569401 -1.0689813E-07 0.29028544
vn 0.772944 -0.35526285 0.525686
vn 0.44427398 -0.65495914 0.6112684
vn 0.073253855 -0.8574415 0.5093407
vn -0.23333748 -0.94245213 0.23945259
vn -0.33490974 -0.93884826 0.07999711
vn 0.9238791 0 0.38268456
vn 0.7176959 -0.35526296 0.5989164
vn 0.38221955 -0.6549596 0.6518713
vn 0.022977553 -0.8574415 0.5140683
vn -0.25568396 -0.94245213 0.21542943
vn -0.34113768 -0.9388483 0.04678594
vn 0.8819209 -1.6977938E-07 0.47139758
vn 0.65553576 -0.35526282 0.6663792
vn 0.31648454 -0.6549597 0.6861964
vn -0.02752106 -0.8574413 0.5138453
vn -0.27556837 -0.94245225 0.18932992
vn -0.34408078 -0.9388483 0.013122935
vn 0.8314691 -2.641013E-07 0.5555709
vn 0.5870627 -0.355263 0.7274239
vn 0.24770187 -0.6549591 0.7139133
vn -0.07775427 -0.8574413 0.5086734
vn -0.29279926 -0.94245225 0.1614076
vn -0.3437103 -0.9388483 -0.02066646
vn 0.7730097 0 0.6343941
vn 0.512936 -0.3552628 0.7814634
vn 0.17653327 -0.6549591 0.7347548
vn -0.12723845 -0.85744154 0.49860236
vn -0.30720967 -0.94245225 0.1319318
vn -0.3400292 -0.93884844 -0.0542556
vn 0.70710593 -3.2069437E-07 0.70710754
vn 0.4338694 -0.35526267 0.8279769
vn 0.10366438 -0.65495914 0.74851996
vn -0.17549755 -0.85744137 0.48373014
vn -0.31866166 -0.9424523 0.10118464
vn -0.33307388 -0.93884844 -0.087323286
vn 0.6343927 0 0.77301085
vn 0.3506246 -0.35526273 0.8665165
vn 0.02979738 -0.65495896 0.7550767
vn -0.22206615 -0.85744137 0.46419924
vn -0.32704565 -0.94245225 0.06946281
vn -0.32291096 -0.9388483 -0.119550794
vn 0.5555696 1.1318654E-07 0.83147
vn 0.26400268 -0.35526258 0.89671123
vn -0.044356514 -0.65495926 0.7543613
vn -0.2664957 -0.8574412 0.44019845
vn -0.3322793 -0.94245225 0.037072614
vn -0.30963793 -0.9388483 -0.15062538
vn 0.47139618 -1.2576281E-07 0.8819216
vn 0.17483811 -0.35526264 0.9182701
vn -0.11808309 -0.65495914 0.74638116
vn -0.30835974 -0.8574412 0.41195732
vn -0.3343124 -0.94245243 0.004325029
vn -0.2933828 -0.9388487 -0.18024926
vn 0.3826831 -1.383391E-07 0.92387974
vn 0.08398988 -0.35526285 0.93098557
vn -0.19067219 -0.654959 0.7312133
vn -0.34725332 -0.85744137 0.37974915
vn -0.3331268 -0.9424523 -0.028464938
vn -0.27430248 -0.93884844 -0.2081389
vn 0.29028404 -1.194747E-07 0.9569405
vn -0.0076669157 -0.35526288 0.934735
vn -0.26142547 -0.6549591 0.7090032
vn -0.3828027 -0.8574413 0.34388432
vn -0.32873267 -0.9424523 -0.060979515
vn -0.2525802 -0.9388483 -0.23402357
vn 0.1950897 -2.8925456E-07 0.9807854
vn -0.099249214 -0.3552631 0.92948246
vn -0.32966048 -0.6549588 0.67996544
vn -0.41466635 -0.8574413 0.30470666
vn -0.32117286 -0.9424523 -0.09290679
vn -0.22842585 -0.93884844 -0.2576531
vn 0.098016985 -5.533561E-07 0.9951847
vn -0.18987685 -0.35526296 0.9152787
vn -0.39472088 -0.65495896 0.64437884
vn -0.44253597 -0.8574413 0.26259547
vn -0.31052023 -0.94245225 -0.123940006
vn -0.2020725 -0.93884844 -0.27880153
vn 6.6339885E-07 0 1
vn -0.27867517 -0.35526276 0.89226025
vn -0.4559807 -0.65495896 0.6025863
vn -0.4661439 -0.8574415 0.21795431
vn -0.29687646 -0.94245243 -0.15377854
vn -0.17377205 -0.9388487 -0.2972651
vn -0.09801642 0 0.99518484
vn -0.36478946 -0.35526285 0.86064917
vn -0.5128487 -0.65495896 0.5549909
vn -0.48526222 -0.8574417 0.17121434
vn -0.28037363 -0.94245243 -0.18213768
vn -0.14379787 -0.9388483 -0.3128671
vn -0.19508941 0 0.9807854
vn -0.44739106 -0.3552631 0.8207492
vn -0.5647777 -0.6549591 0.5020506
vn -0.49970767 -0.85744137 0.12282724
vn -0.26117092 -0.9424523 -0.20874257
vn -0.11243944 -0.93884826 -0.3254556
vn -0.29028335 -1.509154E-07 0.95694077
vn -0.52568436 -0.35526288 0.77294517
vn -0.6112675 -0.65495896 0.44427562
vn -0.5093406 -0.85744137 0.07325618
vn -0.2394531 -0.9424523 -0.23333625
vn -0.07999804 -0.9388483 -0.33490887
vn -0.38268217 -1.0689842E-07 0.92388004
vn -0.5989148 -0.3552626 0.7176974
vn -0.65187085 -0.65495884 0.38222167
vn -0.5140681 -0.8574415 0.022978734
vn -0.21542941 -0.9424523 -0.25568312
vn -0.04678609 -0.93884856 -0.3411369
vn -0.4713957 0 0.88192177
vn -0.66637737 -0.35526273 0.65553766
vn -0.68619585 -0.65495896 0.31648707
vn -0.51384497 -0.8574415 -0.027519943
vn -0.18933082 -0.9424523 -0.27556744
vn -0.013123555 -0.9388487 -0.34407976
vn -0.5555691 0 0.83147025
vn -0.7274224 -0.3552627 0.5870647
vn -0.71391267 -0.6549591 0.24770385
vn -0.50867313 -0.85744154 -0.077753015
vn -0.16140883 -0.94245213 -0.2927991
vn 0.020665709 -0.9388483 -0.34371018
vn -0.6343922 0 0.7730114
vn -0.78146166 -0.3552631 0.5129384
vn -0.7347542 -0.6549592 0.17653519
vn -0.4986029 -0.8574415 -0.12723668
vn -0.13193247 -0.94245213 -0.30720988
vn 0.05425592 -0.93884844 -0.34002933
vn -0.7071055 -3.1440706E-07 0.707108
vn -0.8279755 -0.35526335 0.43387154
vn -0.74851924 -0.65495974 0.10366665
vn -0.4837311 -0.8574412 -0.17549555
vn -0.10118528 -0.94245243 -0.31866142
vn 0.08732335 -0.93884844 -0.3330738
vn -0.77300936 -3.647121E-07 0.6343946
vn -0.8665153 -0.3552629 0.3506272
vn -0.75507617 -0.6549594 0.029800273
vn -0.46420017 -0.8574412 -0.22206452
vn -0.0694635 -0.94245213 -0.3270455
vn 0.1195499 -0.9388479 -0.3229124
vn -0.83146846 -2.4523752E-07 0.555572
vn -0.89671034 -0.3552628 0.26400533
vn -0.7543614 -0.6549593 -0.04435292
vn -0.44019854 -0.85744154 -0.26649427
vn -0.037073385 -0.94245213 -0.3322793
vn 0.15062456 -0.9388483 -0.30963847
vn -0.8819198 -3.521357E-07 0.47139934
vn -0.9182695 -0.35526282 0.1748411
vn -0.7463816 -0.6549593 -0.11807999
vn -0.41195795 -0.85744137 -0.3083584
vn -0.0043263026 -0.94245213 -0.3343132
vn 0.18024877 -0.93884844 -0.2933835
vn -0.9238785 -1.0689839E-07 0.38268587
vn -0.93098515 -0.35526294 0.08399382
vn -0.73121387 -0.65495914 -0.19066979
vn -0.37975004 -0.8574411 -0.34725294
vn 0.02846337 -0.9424519 -0.333128
vn 0.20813765 -0.9388479 -0.27430522
vn -0.9569396 0 0.2902872
vn -0.93473506 -0.35526282 -0.007663117
vn -0.7090039 -0.65495896 -0.26142362
vn -0.3438848 -0.8574413 -0.38280225
vn 0.060978744 -0.942452 -0.32873347
vn 0.23402177 -0.93884814 -0.2525828
vn -0.98078454 1.00610265E-07 0.19509386
vn -0.929483 -0.35526276 -0.09924642
vn -0.6799653 -0.65495926 -0.32965964
vn -0.30470744 -0.85744184 -0.41466466
vn 0.09290617 -0.94245225 -0.32117343
vn 0.25765198 -0.9388487 -0.2284263
vn -0.99518436 -1.00610244E-07 0.09802086
vn -0.9152792 -0.35526294 -0.18987402
vn -0.6443793 -0.6549595 -0.39471927
vn -0.26259574 -0.85744154 -0.44253513
vn 0.12393865 -0.9424523 -0.31052026
vn 0.27880132 -0.93884856 -0.2020722
vn -1 0 3.6628414E-06
vn -0.89226073 -0.3552634 -0.27867314
vn -0.602588 -0.6549593 -0.45597804
vn -0.21795563 -0.85744077 -0.46614444
vn 0.15377867 -0.94245225 -0.29687715
vn 0.2972664 -0.9388479 -0.17377362
vn -0.9951851 1.3833906E-07 -0.098013446
vn -0.86065006 -0.35526314 -0.36478713
vn -0.55499214 -0.6549589 -0.5128476
vn -0.1712168 -0.8574413 -0.48526198
vn 0.1821377 -0.9424518 -0.28037563
vn 0.3128678 -0.9388479 -0.14379974
vn -0.9807859 -1.6349166E-07 -0.19508687
vn -0.8207507 -0.3552625 -0.44738898
vn -0.50205165 -0.65495914 -0.56477666
vn -0.12282835 -0.85744137 -0.4997073
vn 0.19447213 -0.94206345 -0.27330762
vn 0.3197594 -0.93871385 -0.12872511
vn -0.07325662 -0.85744095 -0.50934124
vn -0.056820724 -0.8509772 -0.5221198
vn -0.4442771 -0.65495944 -0.61126584
vn -0.77294636 -0.35526237 -0.525683
vn -0.31648868 -0.65495896 -0.6861951
vn -0.29519755 -0.6374616 -0.7116889
vn -0.38222364 -0.65495914 -0.6518693
vn -0.71769905 -0.3552626 -0.59891284
vn -0.51294076 -0.35526288 -0.7814603
vn -0.48580572 -0.32758242 -0.81035954
vn -0.6555398 -0.3552631 -0.6663751
vn -0.58706725 -0.35526294 -0.7274204
vn -0.6343973 -2.4523752E-07 -0.77300715
vn -0.60241103 0.0315519 -0.7975622
vn -0.70711076 -4.5274612E-07 -0.7071028
vn -0.77301365 -3.144071E-07 -0.6343894
vn -0.8314723 -3.14407E-07 -0.5555663
vn -0.88192326 -1.1318652E-07 -0.471393
vn -0.66638154 0.3552627 -0.6555334
vn -0.63368833 0.3822942 -0.6725253
vn -0.7274273 0.3552631 -0.5870584
vn -0.78146595 0.35526296 -0.51293194
vn -0.82797885 0.3552627 -0.43386576
vn -0.6112708 0.65495914 -0.44427067
vn -0.5844884 0.67154557 -0.4554117
vn -0.6518735 0.65495956 -0.38221565
vn -0.68619794 0.65495974 -0.31648076
vn -0.48526418 0.85744166 -0.1712089
vn -0.47139895 0.8631708 -0.18088478
vn -0.49970907 0.8574412 -0.122823074
vn -0.3105199 0.9424517 0.12394404
vn -0.3148392 0.94249964 0.112118594
vn -0.21599953 0.93871415 0.26862577
vn -0.20207117 0.9388483 0.27880266
vn -0.2968764 0.942452 0.15378077
vn -0.17377071 0.9388483 0.29726678
vn -0.28037333 0.94245225 0.18213904
vn -0.14379565 0.938848 0.3128694
vn -0.50934106 0.85744137 -0.07325272
vn -0.26117024 0.94245225 0.2087439
vn -0.11243678 0.93884826 0.3254566
vn -0.5140684 0.85744137 -0.022975307
vn -0.23945166 0.94245243 0.2333373
vn -0.07999481 0.9388487 0.33490908
vn -0.7139143 0.65495944 -0.24769844
vn -0.21542768 0.942452 0.25568557
vn -0.046783205 0.93884826 0.34113836
vn -0.5138453 0.8574412 0.027522836
vn -0.73475546 0.65495914 -0.1765305
vn -0.18932918 0.942452 0.27556977
vn -0.0131207965 0.938848 0.3440817
vn -0.5086735 0.8574411 0.0777563
vn -0.86651796 0.35526273 -0.3506208
vn -0.16140682 0.94245213 0.29280016
vn 0.020668795 0.9388483 0.34371018
vn -0.4986025 0.8574412 0.12724039
vn -0.74852026 0.6549593 -0.10366154
vn -0.89671236 0.35526302 -0.26399824
vn -0.13193001 0.94245255 0.3072094
vn 0.054258768 0.9388487 0.34002826
vn -0.4837296 0.85744137 0.17549892
vn -0.7550764 0.6549595 -0.029794456
vn -0.92388123 -1.5091531E-07 -0.38267943
vn -0.101183236 0.94245243 0.31866187
vn 0.08732531 0.93884856 0.33307302
vn -0.4641986 0.85744137 0.22206748
vn -0.75436103 0.6549594 0.044358406
vn -0.9182705 0.3552633 -0.17483446
vn -0.95694155 -2.1379674E-07 -0.2902807
vn -0.93098575 0.35526294 -0.08398703
vn -0.06946208 0.942452 0.3270463
vn 0.11955168 0.93884814 0.3229113
vn -0.440197 0.8574412 0.2664979
vn -0.74638087 0.6549589 0.11808645
vn -0.934735 0.3552628 0.007670441
vn -0.037071437 0.9424523 0.33227915
vn 0.15062752 0.93884826 0.30963746
vn -0.41195628 0.8574413 0.30836084
vn -0.7312119 0.6549594 0.19067599
vn -0.9294819 0.3552632 0.09925384
vn -0.0043236846 0.94245225 0.3343131
vn 0.1802519 0.9388483 0.2933819
vn -0.37974766 0.8574413 0.34725508
vn -0.7090014 0.65495974 0.26142806
vn -0.915278 0.3552629 0.18988025
vn 0.028465532 0.942452 0.33312756
vn 0.20813946 0.9388483 0.2743023
vn -0.34388193 0.8574412 0.38280502
vn -0.6799631 0.65495974 0.3296635
vn -0.8922594 0.3552627 0.27867845
vn 0.06098068 0.94245243 0.32873183
vn 0.23402368 0.9388487 0.2525791
vn -0.30470464 0.8574415 0.41466767
vn -0.64437664 0.6549594 0.3947237
vn -0.86064774 0.35526282 0.36479276
vn 0.09290871 0.9424527 0.32117075
vn 0.25765482 0.9388487 0.22842336
vn -0.2625929 0.8574417 0.44253644
vn -0.60258454 0.65495914 0.45598298
vn -0.8207474 0.35526276 0.4473948
vn 0.12394188 0.94245243 0.31051847
vn 0.27880344 0.9388483 0.20207061
vn -0.21795239 0.8574419 0.46614382
vn -0.55498904 0.65495884 0.51285106
vn -0.77294284 0.3552625 0.52568793
vn 0.15378112 0.94245225 0.29687566
vn 0.29726642 0.93884844 0.17377073
vn -0.17121302 0.85744154 0.48526284
vn -0.5020484 0.65495926 0.5647796
vn -0.717695 0.3552633 0.5989172
vn 0.18213935 0.94245255 0.28037187
vn 0.31286716 0.9388487 0.1437963
vn -0.12282467 0.8574412 0.49970862
vn -0.44427326 0.65495926 0.61126894
vn -0.6555354 0.35526344 0.6663792
vn 0.20874313 0.94245243 0.2611698
vn 0.3254549 0.93884856 0.11243894
vn -0.07325306 0.85744184 0.5093402
vn -0.3822187 0.65495896 0.6518725
vn -0.58706176 0.3552631 0.72742456
vn 0.23333693 0.9424523 0.23945253
vn 0.33490896 0.9388483 0.07999821
vn -0.022976907 0.8574421 0.51406723
vn -0.31648338 0.6549594 0.6861971
vn -0.5129348 0.35526276 0.7814642
vn 0.255684 0.9424523 0.21542823
vn 0.34113756 0.9388483 0.046785336
vn 0.027521122 0.8574417 0.5138445
vn -0.24770088 0.6549594 0.7139135
vn -0.43386862 0.35526255 0.82797736
vn 0.27556875 0.94245243 0.18932872
vn 0.34408098 0.9388483 0.013122018
vn 0.07775454 0.8574417 0.5086727
vn -0.17653245 0.65495914 0.734755
vn -0.35062358 0.35526296 0.8665168
vn 0.2927992 0.9424523 0.16140725
vn 0.34371012 0.9388483 -0.020666657
vn 0.12723869 0.85744154 0.49860236
vn -0.103663795 0.65495914 0.74852
vn -0.26400176 0.35526296 0.8967114
vn 0.30721006 0.94245213 0.13193168
vn 0.34002933 0.9388483 -0.054256357
vn 0.1754974 0.85744154 0.48372987
vn -0.029796816 0.6549591 0.7550766
vn -0.17483741 0.35526285 0.91827023
vn 0.31866238 0.94245213 0.1011842
vn 0.33307397 0.9388483 -0.08732412
vn 0.22206657 0.8574413 0.46419916
vn 0.0443569 0.65495956 0.754361
vn -0.08398925 0.35526276 0.9309856
vn 0.32704508 0.94245243 0.06946216
vn 0.32291034 0.93884856 -0.119550645
vn 0.26649675 0.8574413 0.44019762
vn 0.11808344 0.6549592 0.7463811
vn 0.0076671094 0.3552626 0.93473506
vn 0.3322789 0.94245243 0.037070997
vn 0.3096377 0.9388483 -0.15062681
vn 0.30835974 0.85744184 0.41195604
vn 0.19067276 0.65495956 0.7312126
vn 0.09925007 0.35526323 0.92948234
vn 0.3343131 0.94245225 0.0043233274
vn 0.29338336 0.938848 -0.1802517
vn 0.34725374 0.85744184 0.37974784
vn 0.26142594 0.6549596 0.7090023
vn 0.18987751 0.35526302 0.9152785
vn 0.33312693 0.94245225 -0.02846447
vn 0.27430284 0.9388483 -0.2081385
vn 0.38280362 0.85744137 0.34388316
vn 0.32966146 0.6549592 0.67996454
vn 0.27867582 0.35526258 0.89226025
vn 0.3287322 0.94245243 -0.060979538
vn 0.2525801 0.93884856 -0.23402277
vn 0.41466647 0.85744154 0.304706
vn 0.39472193 0.6549593 0.644378
vn 0.3647902 0.35526294 0.8606488
vn 0.32117257 0.9424523 -0.092907526
vn 0.22842589 0.93884826 -0.25765398
vn 0.44253585 0.85744137 0.26259512
vn 0.4559812 0.6549593 0.60258555
vn 0.44739193 0.35526255 0.8207491
vn 0.3105197 0.9424523 -0.123940535
vn 0.20207207 0.9388483 -0.27880237
vn 0.46614397 0.8574413 0.2179548
vn 0.5128492 0.6549592 0.55499023
vn 0.52568495 0.35526243 0.772945
vn 0.2968757 0.94245255 -0.15377921
vn 0.17377128 0.93884873 -0.29726502
vn 0.4852627 0.85744137 0.1712143
vn 0.5647781 0.65495926 0.50205004
vn 0.59891516 0.35526273 0.717697
vn 0.28037333 0.94245243 -0.18213792
vn 0.1437968 0.93884856 -0.3128671
vn 0.49970797 0.85744137 0.12282628
vn 0.61126786 0.6549596 0.44427413
vn 0.6663779 0.35526326 0.6555369
vn 0.2611708 0.94245225 -0.2087428
vn 0.112438224 0.93884844 -0.32545552
vn 0.5093406 0.85744137 0.07325573
vn 0.65187085 0.6549594 0.38222048
vn 0.7274231 0.3552631 0.5870637
vn 0.23945287 0.94245243 -0.2333361
vn 0.07999708 0.9388487 -0.33490857
vn 0.51406807 0.85744154 0.022978446
vn 0.6861958 0.65495956 0.31648594
vn 0.78146255 0.3552629 0.51293725
vn 0.21542844 0.94245243 -0.25568318
vn 0.04678487 0.93884856 -0.34113714
vn 0.51384485 0.85744166 -0.027519356
vn 0.7139123 0.65495986 0.24770321
vn 0.827976 0.3552634 0.4338707
vn 0.18932956 0.94245243 -0.2755682
vn 0.013121943 0.9388483 -0.3440809
vn 0.50867313 0.85744166 -0.07775256
vn 0.73475415 0.6549593 0.176535
vn 0.866516 0.355263 0.35062563
vn 0.16140759 0.94245255 -0.29279813
vn -0.020666588 0.93884844 -0.3437099
vn 0.4986026 0.85744154 -0.12723719
vn 0.74851996 0.65495884 0.103666335
vn 0.89671075 0.35526258 0.26400417
vn 0.13193159 0.9424527 -0.30720806
vn -0.054256152 0.93884885 -0.34002796
vn 0.48373035 0.85744166 -0.17549571
vn 0.75507647 0.65495914 0.02979926
vn 0.91826975 0.35526276 0.17483985
vn 0.10118449 0.9424523 -0.31866193
vn -0.08732388 0.93884826 -0.33307436
vn 0.46419948 0.85744154 -0.22206484
vn 0.7543614 0.6549592 -0.044354957
vn 0.93098545 0.35526255 0.08399165
vn 0.069462515 0.9424519 -0.32704625
vn -0.119550675 0.93884826 -0.3229113
vn 0.44019815 0.85744137 -0.26649565
vn 0.74638134 0.65495914 -0.11808264
vn 0.9347349 0.3552631 -0.007666053
vn 0.03707247 0.94245243 -0.3322787
vn -0.15062527 0.93884873 -0.30963677
vn 0.41195723 0.8574412 -0.30835965
vn 0.73121315 0.6549592 -0.19067198
vn 0.92948276 0.3552624 -0.09924911
vn 0.004324809 0.94245267 -0.33431154
vn -0.1802498 0.93884856 -0.29338282
vn 0.37974906 0.8574415 -0.3472533
vn 0.7090033 0.6549592 -0.2614246
vn 0.9152789 0.3552628 -0.18987596
vn -0.02846439 0.94245243 -0.33312625
vn -0.20813881 0.93884844 -0.27430245
vn 0.3438834 0.8574422 -0.38280168
vn 0.6799648 0.6549596 -0.32966012
vn 0.89226055 0.35526252 -0.2786748
vn -0.06097946 0.9424523 -0.32873273
vn -0.23402248 0.93884856 -0.2525803
vn 0.3047064 0.8574417 -0.41466558
vn 0.6443783 0.6549594 -0.39472094
vn 0.8606494 0.35526195 -0.3647896
vn -0.09290657 0.9424523 -0.32117277
vn -0.2576524 0.93884844 -0.22842662
vn 0.2625946 0.85744154 -0.4425358
vn 0.6025862 0.65495914 -0.4559806
vn 0.8207492 0.35526237 -0.44739166
vn -0.1239401 0.94245255 -0.31051898
vn -0.2788017 0.93884856 -0.20207147
vn 0.21795426 0.8574417 -0.4661433
vn 0.55499077 0.6549593 -0.5128486
vn 0.7729449 0.3552627 -0.52568483
vn -0.15377973 0.94245243 -0.29687563
vn -0.29726595 0.93884856 -0.17377076
vn 0.17121483 0.8574417 -0.485262
vn 0.5020503 0.65495914 -0.56477785
vn 0.7176969 0.35526252 -0.59891534
vn -0.18213788 0.94245243 -0.28037345
vn -0.3128668 0.93884856 -0.14379734
vn 0.12282637 0.8574417 -0.49970734
vn 0.44427496 0.6549589 -0.611268
vn 0.65553683 0.35526273 -0.66637814
vn -0.20874208 0.94245267 -0.26116994
vn -0.3254548 0.93884873 -0.112437524
vn 0.07325495 0.85744154 -0.50934035
vn 0.3822208 0.6549592 -0.65187097
vn 0.5870639 0.35526258 -0.7274232
vn -0.23333621 0.94245267 -0.23945199
vn -0.33490878 0.93884856 -0.07999619
vn 0.022978386 0.8574415 -0.5140682
vn 0.3164856 0.65495914 -0.6861963
vn 0.5129368 0.35526258 -0.78146297
vn -0.25568315 0.94245255 -0.21542835
vn -0.34113684 0.9388487 -0.046784528
vn -0.02751977 0.8574415 -0.51384497
vn 0.24770278 0.65495896 -0.7139132
vn 0.43387032 0.35526273 -0.82797647
vn -0.27556756 0.94245255 -0.18932977
vn -0.3440798 0.9388487 -0.013122113
vn -0.07775306 0.8574415 -0.50867337
vn 0.17653443 0.65495884 -0.73475474
vn 0.3506254 0.35526282 -0.8665161
vn -0.29279825 0.94245243 -0.16140796
vn -0.3437092 0.9388487 0.020666288
vn -0.1272373 0.8574417 -0.49860236
vn 0.10366571 0.6549592 -0.74851984
vn 0.26400328 0.35526302 -0.89671093
vn -0.30720866 0.94245255 -0.13193141
vn -0.3400285 0.9388487 0.054256503
vn -0.17549628 0.85744166 -0.4837302
vn 0.02979875 0.6549596 -0.75507605
vn 0.17483912 0.35526288 -0.9182698
vn -0.31866106 0.94245255 -0.10118416
vn -0.33307323 0.93884856 0.087324254
vn -0.22206497 0.85744137 -0.4641998
vn -0.04435521 0.6549595 -0.75436103
vn 0.083991155 0.3552626 -0.93098557
vn -0.32704452 0.94245255 -0.06946223
vn -0.32291007 0.93884856 0.11955073
vn -0.26649532 0.85744137 -0.44019824
vn -0.11808253 0.6549592 -0.7463812
vn -0.0076663373 0.35526288 -0.934735
vn -0.33227825 0.94245255 -0.037072062
vn -0.30963713 0.93884873 0.15062517
vn -0.3083589 0.8574417 -0.411957
vn -0.19067207 0.65495926 -0.7312131
vn -0.09924958 0.35526308 -0.92948246
vn -0.33431208 0.94245243 -0.004324885
vn -0.29338232 0.93884873 0.1802496
vn -0.3472532 0.8574417 -0.37974843
vn -0.26142478 0.6549594 -0.709003
vn -0.18987617 0.355263 -0.9152788
vn -0.33312586 0.94245255 0.028464448
vn -0.27430177 0.93884873 0.20813838
vn -0.38280305 0.8574417 -0.34388292
vn -0.3296607 0.6549594 -0.6799646
vn -0.27867517 0.3552628 -0.89226025
vn -0.32873213 0.94245243 0.06097996
vn -0.2525799 0.93884856 0.23402286
vn -0.41466585 0.8574417 -0.30470645
vn -0.39472213 0.65495926 -0.64437795
vn -0.36479086 0.3552628 -0.8606486
vn -0.32117242 0.94245243 0.09290773
vn -0.22842576 0.93884856 0.25765285
vn -0.4425357 0.85744166 -0.2625946
vn -0.45598078 0.6549594 -0.60258585
vn -0.44739237 0.35526305 -0.8207485
vn -0.31051907 0.94245243 0.1239408
vn -0.46614394 0.85744154 -0.21795379
vn -0.5128487 0.6549592 -0.55499077
vn -0.525685 0.35526285 -0.77294475
vn -0.48526254 0.85744154 -0.1712141
vn -0.5647783 0.65495896 -0.5020499
vn -0.59891564 0.35526252 -0.7176967
vn -0.49970803 0.85744137 -0.12282583
vn -0.6112682 0.6549593 -0.4442742
vn -0.6663784 0.35526294 -0.65553653
vn -0.6518713 0.6549594 -0.3822198
vn -0.72742367 0.35526282 -0.58706313
g Md_CMN_Torus_00_0
f 3/3/3 2/2/2 1/1/1
f 3/3/3 4/4/4 2/2/2
f 5/5/5 4/4/4 3/3/3
f 6/6/6 2/2/2 4/4/4
f 6/6/6 7/7/7 2/2/2
f 5/5/5 8/8/8 4/4/4
f 9/9/9 8/8/8 5/5/5
f 10/10/10 7/7/7 6/6/6
f 10/10/10 11/11/11 7/7/7
f 12/12/12 6/6/6 4/4/4
f 12/12/12 4/4/4 8/8/8
f 9/9/9 13/13/13 8/8/8
f 14/14/14 13/13/13 9/9/9
f 15/15/15 11/11/11 10/10/10
f 15/15/15 16/16/16 11/11/11
f 17/17/17 10/10/10 6/6/6
f 17/17/17 6/6/6 12/12/12
f 18/18/18 12/12/12 8/8/8
f 18/18/18 8/8/8 13/13/13
f 14/14/14 19/19/19 13/13/13
f 20/20/20 19/19/19 14/14/14
f 21/21/21 16/16/16 15/15/15
f 21/21/21 22/22/22 16/16/16
f 23/23/23 15/15/15 10/10/10
f 23/23/23 10/10/10 17/17/17
f 24/24/24 17/17/17 12/12/12
f 24/24/24 12/12/12 18/18/18
f 25/25/25 18/18/18 13/13/13
f 25/25/25 13/13/13 19/19/19
f 20/20/20 26/26/26 19/19/19
f 27/27/27 26/26/26 20/20/20
f 28/28/28 22/22/22 21/21/21
f 28/28/28 29/29/29 22/22/22
f 30/30/30 23/23/23 17/17/17
f 30/30/30 17/17/17 24/24/24
f 31/31/31 24/24/24 18/18/18
f 31/31/31 18/18/18 25/25/25
f 32/32/32 25/25/25 19/19/19
f 32/32/32 19/19/19 26/26/26
f 27/27/27 33/33/33 26/26/26
f 34/34/34 33/33/33 27/27/27
f 35/35/35 29/29/29 28/28/28
f 35/35/35 36/36/36 29/29/29
f 37/37/37 30/30/30 24/24/24
f 37/37/37 24/24/24 31/31/31
f 38/38/38 31/31/31 25/25/25
f 38/38/38 25/25/25 32/32/32
f 39/39/39 32/32/32 26/26/26
f 39/39/39 26/26/26 33/33/33
f 34/34/34 40/40/40 33/33/33
f 41/41/41 40/40/40 34/34/34
f 42/42/42 36/36/36 35/35/35
f 42/42/42 43/43/43 36/36/36
f 44/44/44 37/37/37 31/31/31
f 44/44/44 31/31/31 38/38/38
f 45/45/45 38/38/38 32/32/32
f 45/45/45 32/32/32 39/39/39
f 46/46/46 39/39/39 33/33/33
f 46/46/46 33/33/33 40/40/40
f 41/41/41 47/47/47 40/40/40
f 48/48/48 47/47/47 41/41/41
f 49/49/49 43/43/43 42/42/42
f 49/49/49 50/50/50 43/43/43
f 49/49/49 51/51/51 50/50/50
f 49/49/49 52/52/52 51/51/51
f 53/53/53 52/52/52 49/49/49
f 53/53/53 49/49/49 42/42/42
f 53/53/53 54/54/54 52/52/52
f 53/53/53 42/42/42 55/55/55
f 55/55/55 42/42/42 35/35/35
f 56/56/56 54/54/54 53/53/53
f 56/56/56 53/53/53 55/55/55
f 56/56/56 57/57/57 54/54/54
f 55/55/55 35/35/35 58/58/58
f 58/58/58 35/35/35 28/28/28
f 59/59/59 57/57/57 56/56/56
f 59/59/59 60/60/60 57/57/57
f 56/56/56 55/55/55 61/61/61
f 61/61/61 55/55/55 58/58/58
f 59/59/59 56/56/56 61/61/61
f 58/58/58 28/28/28 62/62/62
f 62/62/62 28/28/28 21/21/21
f 63/63/63 60/60/60 59/59/59
f 63/63/63 64/64/64 60/60/60
f 61/61/61 58/58/58 65/65/65
f 65/65/65 58/58/58 62/62/62
f 59/59/59 61/61/61 66/66/66
f 63/63/63 59/59/59 66/66/66
f 66/66/66 61/61/61 65/65/65
f 62/62/62 21/21/21 67/67/67
f 67/67/67 21/21/21 15/15/15
f 67/67/67 15/15/15 23/23/23
f 68/68/68 64/64/64 63/63/63
f 68/68/68 69/69/69 64/64/64
f 65/65/65 62/62/62 70/70/70
f 70/70/70 62/62/62 67/67/67
f 71/71/71 67/67/67 23/23/23
f 70/70/70 67/67/67 71/71/71
f 71/71/71 23/23/23 30/30/30
f 66/66/66 65/65/65 72/72/72
f 72/72/72 65/65/65 70/70/70
f 63/63/63 66/66/66 73/73/73
f 68/68/68 63/63/63 73/73/73
f 73/73/73 66/66/66 72/72/72
f 74/74/74 69/69/69 68/68/68
f 74/74/74 75/75/75 69/69/69
f 76/76/76 71/71/71 30/30/30
f 76/76/76 30/30/30 37/37/37
f 77/77/77 70/70/70 71/71/71
f 72/72/72 70/70/70 77/77/77
f 77/77/77 71/71/71 76/76/76
f 73/73/73 72/72/72 78/78/78
f 78/78/78 72/72/72 77/77/77
f 68/68/68 73/73/73 79/79/79
f 74/74/74 68/68/68 79/79/79
f 79/79/79 73/73/73 78/78/78
f 80/80/80 75/75/75 74/74/74
f 80/80/80 81/81/81 75/75/75
f 82/82/82 76/76/76 37/37/37
f 82/82/82 37/37/37 44/44/44
f 83/83/83 77/77/77 76/76/76
f 78/78/78 77/77/77 83/83/83
f 83/83/83 76/76/76 82/82/82
f 79/79/79 78/78/78 84/84/84
f 84/84/84 78/78/78 83/83/83
f 74/74/74 79/79/79 85/85/85
f 80/80/80 74/74/74 85/85/85
f 85/85/85 79/79/79 84/84/84
f 86/86/86 81/81/81 80/80/80
f 86/86/86 87/87/87 81/81/81
f 88/88/88 83/83/83 82/82/82
f 84/84/84 83/83/83 88/88/88
f 89/89/89 82/82/82 44/44/44
f 88/88/88 82/82/82 89/89/89
f 85/85/85 84/84/84 90/90/90
f 90/90/90 84/84/84 88/88/88
f 80/80/80 85/85/85 91/91/91
f 86/86/86 80/80/80 91/91/91
f 91/91/91 85/85/85 90/90/90
f 92/92/92 87/87/87 86/86/86
f 92/92/92 93/93/93 87/87/87
f 90/90/90 88/88/88 94/94/94
f 94/94/94 88/88/88 89/89/89
f 89/89/89 44/44/44 95/95/95
f 95/95/95 44/44/44 38/38/38
f 95/95/95 38/38/38 45/45/45
f 91/91/91 90/90/90 96/96/96
f 96/96/96 90/90/90 94/94/94
f 86/86/86 91/91/91 97/97/97
f 92/92/92 86/86/86 97/97/97
f 97/97/97 91/91/91 96/96/96
f 98/98/98 93/93/93 92/92/92
f 98/98/98 99/99/99 93/93/93
f 100/100/100 89/89/89 95/95/95
f 94/94/94 89/89/89 100/100/100
f 101/101/101 95/95/95 45/45/45
f 100/100/100 95/95/95 101/101/101
f 96/96/96 94/94/94 102/102/102
f 102/102/102 94/94/94 100/100/100
f 97/97/97 96/96/96 103/103/103
f 103/103/103 96/96/96 102/102/102
f 92/92/92 97/97/97 104/104/104
f 98/98/98 92/92/92 104/104/104
f 104/104/104 97/97/97 103/103/103
f 105/105/105 99/99/99 98/98/98
f 105/105/105 106/106/106 99/99/99
f 102/102/102 100/100/100 107/107/107
f 107/107/107 100/100/100 101/101/101
f 101/101/101 45/45/45 108/108/108
f 108/108/108 45/45/45 39/39/39
f 108/108/108 39/39/39 46/46/46
f 103/103/103 102/102/102 109/109/109
f 109/109/109 102/102/102 107/107/107
f 104/104/104 103/103/103 110/110/110
f 110/110/110 103/103/103 109/109/109
f 98/98/98 104/104/104 111/111/111
f 105/105/105 98/98/98 111/111/111
f 111/111/111 104/104/104 110/110/110
f 112/112/112 106/106/106 105/105/105
f 112/112/112 113/113/113 106/106/106
f 105/105/105 111/111/111 114/114/114
f 112/112/112 105/105/105 114/114/114
f 111/111/111 110/110/110 115/115/115
f 114/114/114 111/111/111 115/115/115
f 110/110/110 109/109/109 116/116/116
f 115/115/115 110/110/110 116/116/116
f 109/109/109 107/107/107 117/117/117
f 116/116/116 109/109/109 117/117/117
f 118/118/118 113/113/113 112/112/112
f 118/118/118 119/119/119 113/113/113
f 112/112/112 114/114/114 120/120/120
f 118/118/118 112/112/112 120/120/120
f 114/114/114 115/115/115 121/121/121
f 120/120/120 114/114/114 121/121/121
f 115/115/115 116/116/116 122/122/122
f 121/121/121 115/115/115 122/122/122
f 123/123/123 119/119/119 118/118/118
f 123/123/123 124/124/124 119/119/119
f 118/118/118 120/120/120 125/125/125
f 123/123/123 118/118/118 125/125/125
f 120/120/120 121/121/121 126/126/126
f 125/125/125 120/120/120 126/126/126
f 127/127/127 124/124/124 123/123/123
f 127/127/127 128/128/128 124/124/124
f 123/123/123 125/125/125 129/129/129
f 127/127/127 123/123/123 129/129/129
f 130/130/130 128/128/128 127/127/127
f 130/130/130 131/131/131 128/128/128
f 122/122/122 116/116/116 132/132/132
f 116/116/116 117/117/117 132/132/132
f 121/121/121 122/122/122 133/133/133
f 126/126/126 121/121/121 133/133/133
f 125/125/125 126/126/126 134/134/134
f 129/129/129 125/125/125 134/134/134
f 127/127/127 129/129/129 135/135/135
f 130/130/130 127/127/127 135/135/135
f 136/136/136 131/131/131 130/130/130
f 136/136/136 137/137/137 131/131/131
f 122/122/122 132/132/132 138/138/138
f 133/133/133 122/122/122 138/138/138
f 126/126/126 133/133/133 139/139/139
f 134/134/134 126/126/126 139/139/139
f 129/129/129 134/134/134 140/140/140
f 135/135/135 129/129/129 140/140/140
f 130/130/130 135/135/135 141/141/141
f 136/136/136 130/130/130 141/141/141
f 142/142/142 137/137/137 136/136/136
f 142/142/142 143/143/143 137/137/137
f 133/133/133 138/138/138 144/144/144
f 139/139/139 133/133/133 144/144/144
f 134/134/134 139/139/139 145/145/145
f 140/140/140 134/134/134 145/145/145
f 135/135/135 140/140/140 146/146/146
f 141/141/141 135/135/135 146/146/146
f 136/136/136 141/141/141 147/147/147
f 142/142/142 136/136/136 147/147/147
f 148/148/148 143/143/143 142/142/142
f 148/148/148 149/149/149 143/143/143
f 139/139/139 144/144/144 150/150/150
f 145/145/145 139/139/139 150/150/150
f 140/140/140 145/145/145 151/151/151
f 146/146/146 140/140/140 151/151/151
f 141/141/141 146/146/146 152/152/152
f 147/147/147 141/141/141 152/152/152
f 142/142/142 147/147/147 153/153/153
f 148/148/148 142/142/142 153/153/153
f 154/154/154 149/149/149 148/148/148
f 154/154/154 155/155/155 149/149/149
f 145/145/145 150/150/150 156/156/156
f 151/151/151 145/145/145 156/156/156
f 146/146/146 151/151/151 157/157/157
f 152/152/152 146/146/146 157/157/157
f 147/147/147 152/152/152 158/158/158
f 153/153/153 147/147/147 158/158/158
f 148/148/148 153/153/153 159/159/159
f 154/154/154 148/148/148 159/159/159
f 160/160/160 155/155/155 154/154/154
f 160/160/160 161/161/161 155/155/155
f 151/151/151 156/156/156 162/162/162
f 157/157/157 151/151/151 162/162/162
f 152/152/152 157/157/157 163/163/163
f 158/158/158 152/152/152 163/163/163
f 153/153/153 158/158/158 164/164/164
f 159/159/159 153/153/153 164/164/164
f 154/154/154 159/159/159 165/165/165
f 160/160/160 154/154/154 165/165/165
f 166/166/166 161/161/161 160/160/160
f 166/166/166 167/167/167 161/161/161
f 157/157/157 162/162/162 168/168/168
f 163/163/163 157/157/157 168/168/168
f 158/158/158 163/163/163 169/169/169
f 164/164/164 158/158/158 169/169/169
f 159/159/159 164/164/164 170/170/170
f 165/165/165 159/159/159 170/170/170
f 160/160/160 165/165/165 171/171/171
f 166/166/166 160/160/160 171/171/171
f 172/172/172 167/167/167 166/166/166
f 172/172/172 173/173/173 167/167/167
f 163/163/163 168/168/168 174/174/174
f 169/169/169 163/163/163 174/174/174
f 164/164/164 169/169/169 175/175/175
f 170/170/170 164/164/164 175/175/175
f 165/165/165 170/170/170 176/176/176
f 171/171/171 165/165/165 176/176/176
f 166/166/166 171/171/171 177/177/177
f 172/172/172 166/166/166 177/177/177
f 178/178/178 173/173/173 172/172/172
f 178/178/178 179/179/179 173/173/173
f 169/169/169 174/174/174 180/180/180
f 175/175/175 169/169/169 180/180/180
f 170/170/170 175/175/175 181/181/181
f 176/176/176 170/170/170 181/181/181
f 171/171/171 176/176/176 182/182/182
f 177/177/177 171/171/171 182/182/182
f 172/172/172 177/177/177 183/183/183
f 178/178/178 172/172/172 183/183/183
f 184/184/184 179/179/179 178/178/178
f 184/184/184 185/185/185 179/179/179
f 175/175/175 180/180/180 186/186/186
f 181/181/181 175/175/175 186/186/186
f 176/176/176 181/181/181 187/187/187
f 182/182/182 176/176/176 187/187/187
f 177/177/177 182/182/182 188/188/188
f 183/183/183 177/177/177 188/188/188
f 178/178/178 183/183/183 189/189/189
f 184/184/184 178/178/178 189/189/189
f 190/190/190 185/185/185 184/184/184
f 190/190/190 191/191/191 185/185/185
f 181/181/181 186/186/186 192/192/192
f 187/187/187 181/181/181 192/192/192
f 182/182/182 187/187/187 193/193/193
f 188/188/188 182/182/182 193/193/193
f 183/183/183 188/188/188 194/194/194
f 189/189/189 183/183/183 194/194/194
f 184/184/184 189/189/189 195/195/195
f 190/190/190 184/184/184 195/195/195
f 196/196/196 191/191/191 190/190/190
f 196/196/196 197/197/197 191/191/191
f 187/187/187 192/192/192 198/198/198
f 193/193/193 187/187/187 198/198/198
f 188/188/188 193/193/193 199/199/199
f 194/194/194 188/188/188 199/199/199
f 189/189/189 194/194/194 200/200/200
f 195/195/195 189/189/189 200/200/200
f 190/190/190 195/195/195 201/201/201
f 196/196/196 190/190/190 201/201/201
f 202/202/202 197/197/197 196/196/196
f 202/202/202 203/203/203 197/197/197
f 193/193/193 198/198/198 204/204/204
f 199/199/199 193/193/193 204/204/204
f 194/194/194 199/199/199 205/205/205
f 200/200/200 194/194/194 205/205/205
f 195/195/195 200/200/200 206/206/206
f 201/201/201 195/195/195 206/206/206
f 196/196/196 201/201/201 207/207/207
f 202/202/202 196/196/196 207/207/207
f 208/208/208 203/203/203 202/202/202
f 208/208/208 209/209/209 203/203/203
f 199/199/199 204/204/204 210/210/210
f 205/205/205 199/199/199 210/210/210
f 200/200/200 205/205/205 211/211/211
f 206/206/206 200/200/200 211/211/211
f 201/201/201 206/206/206 212/212/212
f 207/207/207 201/201/201 212/212/212
f 202/202/202 207/207/207 213/213/213
f 208/208/208 202/202/202 213/213/213
f 214/214/214 209/209/209 208/208/208
f 214/214/214 215/215/215 209/209/209
f 205/205/205 210/210/210 216/216/216
f 211/211/211 205/205/205 216/216/216
f 206/206/206 211/211/211 217/217/217
f 212/212/212 206/206/206 217/217/217
f 207/207/207 212/212/212 218/218/218
f 213/213/213 207/207/207 218/218/218
f 208/208/208 213/213/213 219/219/219
f 214/214/214 208/208/208 219/219/219
f 220/220/220 215/215/215 214/214/214
f 220/220/220 221/221/221 215/215/215
f 211/211/211 216/216/216 222/222/222
f 217/217/217 211/211/211 222/222/222
f 212/212/212 217/217/217 223/223/223
f 218/218/218 212/212/212 223/223/223
f 213/213/213 218/218/218 224/224/224
f 219/219/219 213/213/213 224/224/224
f 214/214/214 219/219/219 225/225/225
f 220/220/220 214/214/214 225/225/225
f 226/226/226 221/221/221 220/220/220
f 226/226/226 227/227/227 221/221/221
f 217/217/217 222/222/222 228/228/228
f 223/223/223 217/217/217 228/228/228
f 218/218/218 223/223/223 229/229/229
f 224/224/224 218/218/218 229/229/229
f 219/219/219 224/224/224 230/230/230
f 225/225/225 219/219/219 230/230/230
f 220/220/220 225/225/225 231/231/231
f 226/226/226 220/220/220 231/231/231
f 232/232/232 227/227/227 226/226/226
f 232/232/232 233/233/233 227/227/227
f 223/223/223 228/228/228 234/234/234
f 229/229/229 223/223/223 234/234/234
f 224/224/224 229/229/229 235/235/235
f 230/230/230 224/224/224 235/235/235
f 225/225/225 230/230/230 236/236/236
f 231/231/231 225/225/225 236/236/236
f 226/226/226 231/231/231 237/237/237
f 232/232/232 226/226/226 237/237/237
f 238/238/238 233/233/233 232/232/232
f 238/238/238 239/239/239 233/233/233
f 229/229/229 234/234/234 240/240/240
f 235/235/235 229/229/229 240/240/240
f 230/230/230 235/235/235 241/241/241
f 236/236/236 230/230/230 241/241/241
f 231/231/231 236/236/236 242/242/242
f 237/237/237 231/231/231 242/242/242
f 232/232/232 237/237/237 243/243/243
f 238/238/238 232/232/232 243/243/243
f 244/244/244 239/239/239 238/238/238
f 244/244/244 245/245/245 239/239/239
f 235/235/235 240/240/240 246/246/246
f 241/241/241 235/235/235 246/246/246
f 236/236/236 241/241/241 247/247/247
f 242/242/242 236/236/236 247/247/247
f 237/237/237 242/242/242 248/248/248
f 243/243/243 237/237/237 248/248/248
f 238/238/238 243/243/243 249/249/249
f 244/244/244 238/238/238 249/249/249
f 250/250/250 245/245/245 244/244/244
f 250/250/250 251/251/251 245/245/245
f 241/241/241 246/246/246 252/252/252
f 247/247/247 241/241/241 252/252/252
f 242/242/242 247/247/247 253/253/253
f 248/248/248 242/242/242 253/253/253
f 243/243/243 248/248/248 254/254/254
f 249/249/249 243/243/243 254/254/254
f 244/244/244 249/249/249 255/255/255
f 250/250/250 244/244/244 255/255/255
f 256/256/256 251/251/251 250/250/250
f 256/256/256 257/257/257 251/251/251
f 247/247/247 252/252/252 258/258/258
f 253/253/253 247/247/247 258/258/258
f 248/248/248 253/253/253 259/259/259
f 254/254/254 248/248/248 259/259/259
f 249/249/249 254/254/254 260/260/260
f 255/255/255 249/249/249 260/260/260
f 250/250/250 255/255/255 261/261/261
f 256/256/256 250/250/250 261/261/261
f 262/262/262 257/257/257 256/256/256
f 262/262/262 263/263/263 257/257/257
f 253/253/253 258/258/258 264/264/264
f 259/259/259 253/253/253 264/264/264
f 254/254/254 259/259/259 265/265/265
f 260/260/260 254/254/254 265/265/265
f 255/255/255 260/260/260 266/266/266
f 261/261/261 255/255/255 266/266/266
f 256/256/256 261/261/261 267/267/267
f 262/262/262 256/256/256 267/267/267
f 268/268/268 263/263/263 262/262/262
f 268/268/268 269/269/269 263/263/263
f 259/259/259 264/264/264 270/270/270
f 265/265/265 259/259/259 270/270/270
f 260/260/260 265/265/265 271/271/271
f 266/266/266 260/260/260 271/271/271
f 261/261/261 266/266/266 272/272/272
f 267/267/267 261/261/261 272/272/272
f 262/262/262 267/267/267 273/273/273
f 268/268/268 262/262/262 273/273/273
f 274/274/274 269/269/269 268/268/268
f 274/274/274 275/275/275 269/269/269
f 265/265/265 270/270/270 276/276/276
f 271/271/271 265/265/265 276/276/276
f 266/266/266 271/271/271 277/277/277
f 272/272/272 266/266/266 277/277/277
f 267/267/267 272/272/272 278/278/278
f 273/273/273 267/267/267 278/278/278
f 268/268/268 273/273/273 279/279/279
f 274/274/274 268/268/268 279/279/279
f 280/280/280 275/275/275 274/274/274
f 280/280/280 281/281/281 275/275/275
f 271/271/271 276/276/276 282/282/282
f 277/277/277 271/271/271 282/282/282
f 272/272/272 277/277/277 283/283/283
f 278/278/278 272/272/272 283/283/283
f 273/273/273 278/278/278 284/284/284
f 279/279/279 273/273/273 284/284/284
f 274/274/274 279/279/279 285/285/285
f 280/280/280 274/274/274 285/285/285
f 286/286/286 281/281/281 280/280/280
f 286/286/286 287/287/287 281/281/281
f 277/277/277 282/282/282 288/288/288
f 283/283/283 277/277/277 288/288/288
f 278/278/278 283/283/283 289/289/289
f 284/284/284 278/278/278 289/289/289
f 279/279/279 284/284/284 290/290/290
f 285/285/285 279/279/279 290/290/290
f 280/280/280 285/285/285 291/291/291
f 286/286/286 280/280/280 291/291/291
f 292/292/292 287/287/287 286/286/286
f 292/292/292 293/293/293 287/287/287
f 283/283/283 288/288/288 294/294/294
f 289/289/289 283/283/283 294/294/294
f 284/284/284 289/289/289 295/295/295
f 290/290/290 284/284/284 295/295/295
f 285/285/285 290/290/290 296/296/296
f 291/291/291 285/285/285 296/296/296
f 286/286/286 291/291/291 297/297/297
f 292/292/292 286/286/286 297/297/297
f 298/298/298 293/293/293 292/292/292
f 298/298/298 299/299/299 293/293/293
f 289/289/289 294/294/294 300/300/300
f 295/295/295 289/289/289 300/300/300
f 290/290/290 295/295/295 301/301/301
f 296/296/296 290/290/290 301/301/301
f 291/291/291 296/296/296 302/302/302
f 297/297/297 291/291/291 302/302/302
f 292/292/292 297/297/297 303/303/303
f 298/298/298 292/292/292 303/303/303
f 304/304/304 299/299/299 298/298/298
f 304/304/304 305/305/305 299/299/299
f 295/295/295 300/300/300 306/306/306
f 301/301/301 295/295/295 306/306/306
f 296/296/296 301/301/301 307/307/307
f 302/302/302 296/296/296 307/307/307
f 297/297/297 302/302/302 308/308/308
f 303/303/303 297/297/297 308/308/308
f 298/298/298 303/303/303 309/309/309
f 304/304/304 298/298/298 309/309/309
f 310/310/310 305/305/305 304/304/304
f 310/310/310 311/311/311 305/305/305
f 301/301/301 306/306/306 312/312/312
f 307/307/307 301/301/301 312/312/312
f 302/302/302 307/307/307 313/313/313
f 308/308/308 302/302/302 313/313/313
f 303/303/303 308/308/308 314/314/314
f 309/309/309 303/303/303 314/314/314
f 304/304/304 309/309/309 315/315/315
f 310/310/310 304/304/304 315/315/315
f 316/316/316 311/311/311 310/310/310
f 316/316/316 317/317/317 311/311/311
f 307/307/307 312/312/312 318/318/318
f 313/313/313 307/307/307 318/318/318
f 308/308/308 313/313/313 319/319/319
f 314/314/314 308/308/308 319/319/319
f 309/309/309 314/314/314 320/320/320
f 315/315/315 309/309/309 320/320/320
f 310/310/310 315/315/315 321/321/321
f 316/316/316 310/310/310 321/321/321
f 322/322/322 317/317/317 316/316/316
f 322/322/322 323/323/323 317/317/317
f 313/313/313 318/318/318 324/324/324
f 319/319/319 313/313/313 324/324/324
f 314/314/314 319/319/319 325/325/325
f 320/320/320 314/314/314 325/325/325
f 315/315/315 320/320/320 326/326/326
f 321/321/321 315/315/315 326/326/326
f 316/316/316 321/321/321 327/327/327
f 322/322/322 316/316/316 327/327/327
f 328/328/328 323/323/323 322/322/322
f 328/328/328 329/329/329 323/323/323
f 319/319/319 324/324/324 330/330/330
f 325/325/325 319/319/319 330/330/330
f 320/320/320 325/325/325 331/331/331
f 326/326/326 320/320/320 331/331/331
f 321/321/321 326/326/326 332/332/332
f 327/327/327 321/321/321 332/332/332
f 322/322/322 327/327/327 333/333/333
f 328/328/328 322/322/322 333/333/333
f 334/334/334 329/329/329 328/328/328
f 334/334/334 335/335/335 329/329/329
f 325/325/325 330/330/330 336/336/336
f 331/331/331 325/325/325 336/336/336
f 326/326/326 331/331/331 337/337/337
f 332/332/332 326/326/326 337/337/337
f 327/327/327 332/332/332 338/338/338
f 333/333/333 327/327/327 338/338/338
f 328/328/328 333/333/333 339/339/339
f 334/334/334 328/328/328 339/339/339
f 340/340/340 335/335/335 334/334/334
f 340/340/340 341/341/341 335/335/335
f 331/331/331 336/336/336 342/342/342
f 337/337/337 331/331/331 342/342/342
f 332/332/332 337/337/337 343/343/343
f 338/338/338 332/332/332 343/343/343
f 333/333/333 338/338/338 344/344/344
f 339/339/339 333/333/333 344/344/344
f 334/334/334 339/339/339 345/345/345
f 340/340/340 334/334/334 345/345/345
f 346/346/346 341/341/341 340/340/340
f 346/346/346 347/347/347 341/341/341
f 337/337/337 342/342/342 348/348/348
f 343/343/343 337/337/337 348/348/348
f 338/338/338 343/343/343 349/349/349
f 344/344/344 338/338/338 349/349/349
f 339/339/339 344/344/344 350/350/350
f 345/345/345 339/339/339 350/350/350
f 340/340/340 345/345/345 351/351/351
f 346/346/346 340/340/340 351/351/351
f 352/352/352 347/347/347 346/346/346
f 352/352/352 353/353/353 347/347/347
f 343/343/343 348/348/348 354/354/354
f 349/349/349 343/343/343 354/354/354
f 344/344/344 349/349/349 355/355/355
f 350/350/350 344/344/344 355/355/355
f 345/345/345 350/350/350 356/356/356
f 351/351/351 345/345/345 356/356/356
f 346/346/346 351/351/351 357/357/357
f 352/352/352 346/346/346 357/357/357
f 358/358/358 353/353/353 352/352/352
f 358/358/358 359/359/359 353/353/353
f 349/349/349 354/354/354 360/360/360
f 355/355/355 349/349/349 360/360/360
f 350/350/350 355/355/355 361/361/361
f 356/356/356 350/350/350 361/361/361
f 351/351/351 356/356/356 362/362/362
f 357/357/357 351/351/351 362/362/362
f 352/352/352 357/357/357 363/363/363
f 358/358/358 352/352/352 363/363/363
f 364/364/364 359/359/359 358/358/358
f 364/364/364 365/365/365 359/359/359
f 355/355/355 360/360/360 366/366/366
f 361/361/361 355/355/355 366/366/366
f 356/356/356 361/361/361 367/367/367
f 362/362/362 356/356/356 367/367/367
f 357/357/357 362/362/362 368/368/368
f 363/363/363 357/357/357 368/368/368
f 358/358/358 363/363/363 369/369/369
f 364/364/364 358/358/358 369/369/369
f 370/370/370 365/365/365 364/364/364
f 370/370/370 371/371/371 365/365/365
f 361/361/361 366/366/366 372/372/372
f 367/367/367 361/361/361 372/372/372
f 362/362/362 367/367/367 373/373/373
f 368/368/368 362/362/362 373/373/373
f 363/363/363 368/368/368 374/374/374
f 369/369/369 363/363/363 374/374/374
f 364/364/364 369/369/369 375/375/375
f 370/370/370 364/364/364 375/375/375
f 376/376/376 371/371/371 370/370/370
f 376/376/376 377/377/377 371/371/371
f 367/367/367 372/372/372 378/378/378
f 373/373/373 367/367/367 378/378/378
f 368/368/368 373/373/373 379/379/379
f 374/374/374 368/368/368 379/379/379
f 369/369/369 374/374/374 380/380/380
f 375/375/375 369/369/369 380/380/380
f 370/370/370 375/375/375 381/381/381
f 376/376/376 370/370/370 381/381/381
f 382/382/382 377/377/377 376/376/376
f 382/382/382 383/383/383 377/377/377
f 373/373/373 378/378/378 384/384/384
f 379/379/379 373/373/373 384/384/384
f 374/374/374 379/379/379 385/385/385
f 380/380/380 374/374/374 385/385/385
f 375/375/375 380/380/380 386/386/386
f 381/381/381 375/375/375 386/386/386
f 376/376/376 381/381/381 387/387/387
f 382/382/382 376/376/376 387/387/387
f 388/388/388 383/383/383 382/382/382
f 388/388/388 389/389/389 383/383/383
f 379/379/379 384/384/384 390/390/390
f 385/385/385 379/379/379 390/390/390
f 380/380/380 385/385/385 391/391/391
f 386/386/386 380/380/380 391/391/391
f 381/381/381 386/386/386 392/392/392
f 387/387/387 381/381/381 392/392/392
f 382/382/382 387/387/387 393/393/393
f 388/388/388 382/382/382 393/393/393
f 394/394/394 389/389/389 388/388/388
f 394/394/394 395/395/395 389/389/389
f 385/385/385 390/390/390 396/396/396
f 391/391/391 385/385/385 396/396/396
f 386/386/386 391/391/391 397/397/397
f 392/392/392 386/386/386 397/397/397
f 387/387/387 392/392/392 398/398/398
f 393/393/393 387/387/387 398/398/398
f 388/388/388 393/393/393 399/399/399
f 394/394/394 388/388/388 399/399/399
f 400/400/400 395/395/395 394/394/394
f 400/400/400 401/401/401 395/395/395
f 391/391/391 396/396/396 402/402/402
f 397/397/397 391/391/391 402/402/402
f 392/392/392 397/397/397 403/403/403
f 398/398/398 392/392/392 403/403/403
f 393/393/393 398/398/398 404/404/404
f 399/399/399 393/393/393 404/404/404
f 394/394/394 399/399/399 405/405/405
f 400/400/400 394/394/394 405/405/405
f 406/406/406 401/401/401 400/400/400
f 406/406/406 407/407/407 401/401/401
f 397/397/397 402/402/402 408/408/408
f 403/403/403 397/397/397 408/408/408
f 398/398/398 403/403/403 409/409/409
f 404/404/404 398/398/398 409/409/409
f 399/399/399 404/404/404 410/410/410
f 405/405/405 399/399/399 410/410/410
f 400/400/400 405/405/405 411/411/411
f 406/406/406 400/400/400 411/411/411
f 412/412/412 407/407/407 406/406/406
f 412/412/412 413/413/413 407/407/407
f 403/403/403 408/408/408 414/414/414
f 409/409/409 403/403/403 414/414/414
f 404/404/404 409/409/409 415/415/415
f 410/410/410 404/404/404 415/415/415
f 405/405/405 410/410/410 416/416/416
f 411/411/411 405/405/405 416/416/416
f 406/406/406 411/411/411 417/417/417
f 412/412/412 406/406/406 417/417/417
f 418/418/418 413/413/413 412/412/412
f 418/418/418 419/419/419 413/413/413
f 409/409/409 414/414/414 420/420/420
f 415/415/415 409/409/409 420/420/420
f 410/410/410 415/415/415 421/421/421
f 416/416/416 410/410/410 421/421/421
f 411/411/411 416/416/416 422/422/422
f 417/417/417 411/411/411 422/422/422
f 412/412/412 417/417/417 423/423/423
f 418/418/418 412/412/412 423/423/423
f 424/424/424 419/419/419 418/418/418
f 424/424/424 425/425/425 419/419/419
f 415/415/415 420/420/420 426/426/426
f 421/421/421 415/415/415 426/426/426
f 416/416/416 421/421/421 427/427/427
f 422/422/422 416/416/416 427/427/427
f 417/417/417 422/422/422 428/428/428
f 423/423/423 417/417/417 428/428/428
f 418/418/418 423/423/423 429/429/429
f 424/424/424 418/418/418 429/429/429
f 430/430/430 425/425/425 424/424/424
f 430/430/430 431/431/431 425/425/425
f 421/421/421 426/426/426 432/432/432
f 427/427/427 421/421/421 432/432/432
f 422/422/422 427/427/427 433/433/433
f 428/428/428 422/422/422 433/433/433
f 423/423/423 428/428/428 434/434/434
f 429/429/429 423/423/423 434/434/434
f 424/424/424 429/429/429 435/435/435
f 430/430/430 424/424/424 435/435/435
f 436/436/436 431/431/431 430/430/430
f 436/436/436 437/437/437 431/431/431
f 427/427/427 432/432/432 438/438/438
f 433/433/433 427/427/427 438/438/438
f 428/428/428 433/433/433 439/439/439
f 434/434/434 428/428/428 439/439/439
f 429/429/429 434/434/434 440/440/440
f 435/435/435 429/429/429 440/440/440
f 430/430/430 435/435/435 441/441/441
f 436/436/436 430/430/430 441/441/441
f 442/442/442 437/437/437 436/436/436
f 442/442/442 443/443/443 437/437/437
f 433/433/433 438/438/438 444/444/444
f 439/439/439 433/433/433 444/444/444
f 434/434/434 439/439/439 445/445/445
f 440/440/440 434/434/434 445/445/445
f 435/435/435 440/440/440 446/446/446
f 441/441/441 435/435/435 446/446/446
f 436/436/436 441/441/441 447/447/447
f 442/442/442 436/436/436 447/447/447
f 448/448/448 443/443/443 442/442/442
f 448/448/448 449/449/449 443/443/443
f 439/439/439 444/444/444 450/450/450
f 445/445/445 439/439/439 450/450/450
f 440/440/440 445/445/445 451/451/451
f 446/446/446 440/440/440 451/451/451
f 441/441/441 446/446/446 452/452/452
f 447/447/447 441/441/441 452/452/452
f 442/442/442 447/447/447 453/453/453
f 448/448/448 442/442/442 453/453/453
f 454/454/454 449/449/449 448/448/448
f 454/454/454 455/455/455 449/449/449
f 445/445/445 450/450/450 456/456/456
f 451/451/451 445/445/445 456/456/456
f 446/446/446 451/451/451 457/457/457
f 452/452/452 446/446/446 457/457/457
f 447/447/447 452/452/452 458/458/458
f 453/453/453 447/447/447 458/458/458
f 448/448/448 453/453/453 459/459/459
f 454/454/454 448/448/448 459/459/459
f 460/460/460 455/455/455 454/454/454
f 460/460/460 461/461/461 455/455/455
f 451/451/451 456/456/456 462/462/462
f 457/457/457 451/451/451 462/462/462
f 452/452/452 457/457/457 463/463/463
f 458/458/458 452/452/452 463/463/463
f 453/453/453 458/458/458 464/464/464
f 459/459/459 453/453/453 464/464/464
f 454/454/454 459/459/459 465/465/465
f 460/460/460 454/454/454 465/465/465
f 466/466/466 461/461/461 460/460/460
f 466/466/466 467/467/467 461/461/461
f 457/457/457 462/462/462 468/468/468
f 463/463/463 457/457/457 468/468/468
f 458/458/458 463/463/463 469/469/469
f 464/464/464 458/458/458 469/469/469
f 459/459/459 464/464/464 470/470/470
f 465/465/465 459/459/459 470/470/470
f 460/460/460 465/465/465 471/471/471
f 466/466/466 460/460/460 471/471/471
f 472/472/472 467/467/467 466/466/466
f 472/472/472 473/473/473 467/467/467
f 472/472/472 466/466/466 474/474/474
f 466/466/466 471/471/471 474/474/474
f 472/472/472 474/474/474 475/475/475
f 471/471/471 465/465/465 476/476/476
f 465/465/465 470/470/470 476/476/476
f 470/470/470 464/464/464 477/477/477
f 464/464/464 469/469/469 477/477/477
f 475/475/475 474/474/474 478/478/478
f 475/475/475 478/478/478 479/479/479
f 474/474/474 471/471/471 480/480/480
f 471/471/471 476/476/476 480/480/480
f 474/474/474 480/480/480 478/478/478
f 476/476/476 470/470/470 481/481/481
f 470/470/470 477/477/477 481/481/481
f 479/479/479 478/478/478 482/482/482
f 479/479/479 482/482/482 483/483/483
f 480/480/480 476/476/476 484/484/484
f 476/476/476 481/481/481 484/484/484
f 478/478/478 480/480/480 485/485/485
f 478/478/478 485/485/485 482/482/482
f 480/480/480 484/484/484 485/485/485
f 483/483/483 482/482/482 486/486/486
f 483/483/483 486/486/486 487/487/487
f 482/482/482 485/485/485 488/488/488
f 482/482/482 488/488/488 486/486/486
f 485/485/485 484/484/484 489/489/489
f 485/485/485 489/489/489 488/488/488
f 484/484/484 481/481/481 490/490/490
f 484/484/484 490/490/490 489/489/489
f 481/481/481 477/477/477 491/491/491
f 481/481/481 491/491/491 490/490/490
f 487/487/487 486/486/486 492/492/492
f 487/487/487 492/492/492 493/493/493
f 486/486/486 488/488/488 494/494/494
f 486/486/486 494/494/494 492/492/492
f 488/488/488 489/489/489 495/495/495
f 488/488/488 495/495/495 494/494/494
f 489/489/489 490/490/490 496/496/496
f 489/489/489 496/496/496 495/495/495
f 493/493/493 492/492/492 497/497/497
f 493/493/493 497/497/497 498/498/498
f 492/492/492 494/494/494 499/499/499
f 492/492/492 499/499/499 497/497/497
f 494/494/494 495/495/495 500/500/500
f 494/494/494 500/500/500 499/499/499
f 498/498/498 497/497/497 501/501/501
f 498/498/498 501/501/501 502/502/502
f 497/497/497 499/499/499 503/503/503
f 497/497/497 503/503/503 501/501/501
f 502/502/502 501/501/501 504/504/504
f 502/502/502 504/504/504 505/505/505
f 506/506/506 505/505/505 504/504/504
f 506/506/506 504/504/504 507/507/507
f 501/501/501 508/508/508 504/504/504
f 507/507/507 504/504/504 508/508/508
f 501/501/501 503/503/503 508/508/508
f 507/507/507 508/508/508 509/509/509
f 509/509/509 508/508/508 510/510/510
f 503/503/503 510/510/510 508/508/508
f 509/509/509 510/510/510 511/511/511
f 499/499/499 512/512/512 503/503/503
f 503/503/503 512/512/512 510/510/510
f 499/499/499 500/500/500 512/512/512
f 511/511/511 510/510/510 513/513/513
f 512/512/512 513/513/513 510/510/510
f 511/511/511 513/513/513 514/514/514
f 500/500/500 515/515/515 512/512/512
f 512/512/512 515/515/515 513/513/513
f 514/514/514 513/513/513 516/516/516
f 515/515/515 516/516/516 513/513/513
f 514/514/514 516/516/516 517/517/517
f 500/500/500 518/518/518 515/515/515
f 495/495/495 518/518/518 500/500/500
f 495/495/495 496/496/496 518/518/518
f 517/517/517 516/516/516 519/519/519
f 517/517/517 519/519/519 520/520/520
f 515/515/515 521/521/521 516/516/516
f 518/518/518 521/521/521 515/515/515
f 521/521/521 519/519/519 516/516/516
f 496/496/496 522/522/522 518/518/518
f 518/518/518 522/522/522 521/521/521
f 520/520/520 519/519/519 523/523/523
f 520/520/520 523/523/523 524/524/524
f 521/521/521 525/525/525 519/519/519
f 522/522/522 525/525/525 521/521/521
f 525/525/525 523/523/523 519/519/519
f 496/496/496 526/526/526 522/522/522
f 490/490/490 526/526/526 496/496/496
f 490/490/490 491/491/491 526/526/526
f 524/524/524 523/523/523 527/527/527
f 524/524/524 527/527/527 528/528/528
f 525/525/525 529/529/529 523/523/523
f 529/529/529 527/527/527 523/523/523
f 522/522/522 530/530/530 525/525/525
f 526/526/526 530/530/530 522/522/522
f 530/530/530 529/529/529 525/525/525
f 491/491/491 531/531/531 526/526/526
f 526/526/526 531/531/531 530/530/530
f 528/528/528 527/527/527 532/532/532
f 528/528/528 532/532/532 533/533/533
f 529/529/529 534/534/534 527/527/527
f 534/534/534 532/532/532 527/527/527
f 530/530/530 535/535/535 529/529/529
f 531/531/531 535/535/535 530/530/530
f 535/535/535 534/534/534 529/529/529
f 491/491/491 536/536/536 531/531/531
f 477/477/477 536/536/536 491/491/491
f 477/477/477 469/469/469 536/536/536
f 533/533/533 532/532/532 537/537/537
f 533/533/533 537/537/537 538/538/538
f 534/534/534 539/539/539 532/532/532
f 539/539/539 537/537/537 532/532/532
f 535/535/535 540/540/540 534/534/534
f 540/540/540 539/539/539 534/534/534
f 531/531/531 541/541/541 535/535/535
f 536/536/536 541/541/541 531/531/531
f 541/541/541 540/540/540 535/535/535
f 469/469/469 542/542/542 536/536/536
f 536/536/536 542/542/542 541/541/541
f 469/469/469 463/463/463 542/542/542
f 463/463/463 468/468/468 542/542/542
f 542/542/542 543/543/543 541/541/541
f 541/541/541 543/543/543 540/540/540
f 542/542/542 468/468/468 543/543/543
f 538/538/538 537/537/537 544/544/544
f 538/538/538 544/544/544 545/545/545
f 539/539/539 546/546/546 537/537/537
f 546/546/546 544/544/544 537/537/537
f 540/540/540 547/547/547 539/539/539
f 543/543/543 547/547/547 540/540/540
f 547/547/547 546/546/546 539/539/539
f 468/468/468 548/548/548 543/543/543
f 543/543/543 548/548/548 547/547/547
f 468/468/468 462/462/462 548/548/548
f 545/545/545 544/544/544 549/549/549
f 545/545/545 549/549/549 550/550/550
f 546/546/546 551/551/551 544/544/544
f 551/551/551 549/549/549 544/544/544
f 547/547/547 552/552/552 546/546/546
f 548/548/548 552/552/552 547/547/547
f 552/552/552 551/551/551 546/546/546
f 462/462/462 553/553/553 548/548/548
f 548/548/548 553/553/553 552/552/552
f 462/462/462 456/456/456 553/553/553
f 550/550/550 549/549/549 554/554/554
f 550/550/550 554/554/554 555/555/555
f 551/551/551 556/556/556 549/549/549
f 556/556/556 554/554/554 549/549/549
f 552/552/552 557/557/557 551/551/551
f 553/553/553 557/557/557 552/552/552
f 557/557/557 556/556/556 551/551/551
f 456/456/456 558/558/558 553/553/553
f 553/553/553 558/558/558 557/557/557
f 456/456/456 450/450/450 558/558/558
f 555/555/555 554/554/554 559/559/559
f 555/555/555 559/559/559 560/560/560
f 556/556/556 561/561/561 554/554/554
f 561/561/561 559/559/559 554/554/554
f 557/557/557 562/562/562 556/556/556
f 558/558/558 562/562/562 557/557/557
f 562/562/562 561/561/561 556/556/556
f 450/450/450 563/563/563 558/558/558
f 558/558/558 563/563/563 562/562/562
f 450/450/450 444/444/444 563/563/563
f 560/560/560 559/559/559 564/564/564
f 560/560/560 564/564/564 565/565/565
f 561/561/561 566/566/566 559/559/559
f 566/566/566 564/564/564 559/559/559
f 562/562/562 567/567/567 561/561/561
f 563/563/563 567/567/567 562/562/562
f 567/567/567 566/566/566 561/561/561
f 444/444/444 568/568/568 563/563/563
f 563/563/563 568/568/568 567/567/567
f 444/444/444 438/438/438 568/568/568
f 565/565/565 564/564/564 569/569/569
f 565/565/565 569/569/569 570/570/570
f 566/566/566 571/571/571 564/564/564
f 571/571/571 569/569/569 564/564/564
f 567/567/567 572/572/572 566/566/566
f 568/568/568 572/572/572 567/567/567
f 572/572/572 571/571/571 566/566/566
f 438/438/438 573/573/573 568/568/568
f 568/568/568 573/573/573 572/572/572
f 438/438/438 432/432/432 573/573/573
f 570/570/570 569/569/569 574/574/574
f 570/570/570 574/574/574 575/575/575
f 571/571/571 576/576/576 569/569/569
f 576/576/576 574/574/574 569/569/569
f 572/572/572 577/577/577 571/571/571
f 573/573/573 577/577/577 572/572/572
f 577/577/577 576/576/576 571/571/571
f 432/432/432 578/578/578 573/573/573
f 573/573/573 578/578/578 577/577/577
f 432/432/432 426/426/426 578/578/578
f 575/575/575 574/574/574 579/579/579
f 575/575/575 579/579/579 580/580/580
f 576/576/576 581/581/581 574/574/574
f 581/581/581 579/579/579 574/574/574
f 577/577/577 582/582/582 576/576/576
f 578/578/578 582/582/582 577/577/577
f 582/582/582 581/581/581 576/576/576
f 426/426/426 583/583/583 578/578/578
f 578/578/578 583/583/583 582/582/582
f 426/426/426 420/420/420 583/583/583
f 580/580/580 579/579/579 584/584/584
f 580/580/580 584/584/584 585/585/585
f 581/581/581 586/586/586 579/579/579
f 586/586/586 584/584/584 579/579/579
f 582/582/582 587/587/587 581/581/581
f 583/583/583 587/587/587 582/582/582
f 587/587/587 586/586/586 581/581/581
f 420/420/420 588/588/588 583/583/583
f 583/583/583 588/588/588 587/587/587
f 420/420/420 414/414/414 588/588/588
f 585/585/585 584/584/584 589/589/589
f 585/585/585 589/589/589 590/590/590
f 586/586/586 591/591/591 584/584/584
f 591/591/591 589/589/589 584/584/584
f 587/587/587 592/592/592 586/586/586
f 588/588/588 592/592/592 587/587/587
f 592/592/592 591/591/591 586/586/586
f 414/414/414 593/593/593 588/588/588
f 588/588/588 593/593/593 592/592/592
f 414/414/414 408/408/408 593/593/593
f 590/590/590 589/589/589 594/594/594
f 590/590/590 594/594/594 595/595/595
f 591/591/591 596/596/596 589/589/589
f 596/596/596 594/594/594 589/589/589
f 592/592/592 597/597/597 591/591/591
f 593/593/593 597/597/597 592/592/592
f 597/597/597 596/596/596 591/591/591
f 408/408/408 598/598/598 593/593/593
f 593/593/593 598/598/598 597/597/597
f 408/408/408 402/402/402 598/598/598
f 595/595/595 594/594/594 599/599/599
f 595/595/595 599/599/599 600/600/600
f 596/596/596 601/601/601 594/594/594
f 601/601/601 599/599/599 594/594/594
f 597/597/597 602/602/602 596/596/596
f 598/598/598 602/602/602 597/597/597
f 602/602/602 601/601/601 596/596/596
f 402/402/402 603/603/603 598/598/598
f 598/598/598 603/603/603 602/602/602
f 402/402/402 396/396/396 603/603/603
f 600/600/600 599/599/599 604/604/604
f 600/600/600 604/604/604 605/605/605
f 601/601/601 606/606/606 599/599/599
f 606/606/606 604/604/604 599/599/599
f 602/602/602 607/607/607 601/601/601
f 603/603/603 607/607/607 602/602/602
f 607/607/607 606/606/606 601/601/601
f 396/396/396 608/608/608 603/603/603
f 603/603/603 608/608/608 607/607/607
f 396/396/396 390/390/390 608/608/608
f 605/605/605 604/604/604 609/609/609
f 605/605/605 609/609/609 610/610/610
f 606/606/606 611/611/611 604/604/604
f 611/611/611 609/609/609 604/604/604
f 607/607/607 612/612/612 606/606/606
f 608/608/608 612/612/612 607/607/607
f 612/612/612 611/611/611 606/606/606
f 390/390/390 613/613/613 608/608/608
f 608/608/608 613/613/613 612/612/612
f 390/390/390 384/384/384 613/613/613
f 610/610/610 609/609/609 614/614/614
f 610/610/610 614/614/614 615/615/615
f 611/611/611 616/616/616 609/609/609
f 616/616/616 614/614/614 609/609/609
f 612/612/612 617/617/617 611/611/611
f 613/613/613 617/617/617 612/612/612
f 617/617/617 616/616/616 611/611/611
f 384/384/384 618/618/618 613/613/613
f 613/613/613 618/618/618 617/617/617
f 384/384/384 378/378/378 618/618/618
f 615/615/615 614/614/614 619/619/619
f 615/615/615 619/619/619 620/620/620
f 616/616/616 621/621/621 614/614/614
f 621/621/621 619/619/619 614/614/614
f 617/617/617 622/622/622 616/616/616
f 618/618/618 622/622/622 617/617/617
f 622/622/622 621/621/621 616/616/616
f 378/378/378 623/623/623 618/618/618
f 618/618/618 623/623/623 622/622/622
f 378/378/378 372/372/372 623/623/623
f 620/620/620 619/619/619 624/624/624
f 620/620/620 624/624/624 625/625/625
f 621/621/621 626/626/626 619/619/619
f 626/626/626 624/624/624 619/619/619
f 622/622/622 627/627/627 621/621/621
f 623/623/623 627/627/627 622/622/622
f 627/627/627 626/626/626 621/621/621
f 372/372/372 628/628/628 623/623/623
f 623/623/623 628/628/628 627/627/627
f 372/372/372 366/366/366 628/628/628
f 625/625/625 624/624/624 629/629/629
f 625/625/625 629/629/629 630/630/630
f 626/626/626 631/631/631 624/624/624
f 631/631/631 629/629/629 624/624/624
f 627/627/627 632/632/632 626/626/626
f 628/628/628 632/632/632 627/627/627
f 632/632/632 631/631/631 626/626/626
f 366/366/366 633/633/633 628/628/628
f 628/628/628 633/633/633 632/632/632
f 366/366/366 360/360/360 633/633/633
f 630/630/630 629/629/629 634/634/634
f 630/630/630 634/634/634 635/635/635
f 631/631/631 636/636/636 629/629/629
f 636/636/636 634/634/634 629/629/629
f 632/632/632 637/637/637 631/631/631
f 633/633/633 637/637/637 632/632/632
f 637/637/637 636/636/636 631/631/631
f 360/360/360 638/638/638 633/633/633
f 633/633/633 638/638/638 637/637/637
f 360/360/360 354/354/354 638/638/638
f 635/635/635 634/634/634 639/639/639
f 635/635/635 639/639/639 640/640/640
f 636/636/636 641/641/641 634/634/634
f 641/641/641 639/639/639 634/634/634
f 637/637/637 642/642/642 636/636/636
f 638/638/638 642/642/642 637/637/637
f 642/642/642 641/641/641 636/636/636
f 354/354/354 643/643/643 638/638/638
f 638/638/638 643/643/643 642/642/642
f 354/354/354 348/348/348 643/643/643
f 640/640/640 639/639/639 644/644/644
f 640/640/640 644/644/644 645/645/645
f 641/641/641 646/646/646 639/639/639
f 646/646/646 644/644/644 639/639/639
f 642/642/642 647/647/647 641/641/641
f 643/643/643 647/647/647 642/642/642
f 647/647/647 646/646/646 641/641/641
f 348/348/348 648/648/648 643/643/643
f 643/643/643 648/648/648 647/647/647
f 348/348/348 342/342/342 648/648/648
f 645/645/645 644/644/644 649/649/649
f 645/645/645 649/649/649 650/650/650
f 646/646/646 651/651/651 644/644/644
f 651/651/651 649/649/649 644/644/644
f 647/647/647 652/652/652 646/646/646
f 648/648/648 652/652/652 647/647/647
f 652/652/652 651/651/651 646/646/646
f 342/342/342 653/653/653 648/648/648
f 648/648/648 653/653/653 652/652/652
f 342/342/342 336/336/336 653/653/653
f 650/650/650 649/649/649 654/654/654
f 650/650/650 654/654/654 655/655/655
f 651/651/651 656/656/656 649/649/649
f 656/656/656 654/654/654 649/649/649
f 652/652/652 657/657/657 651/651/651
f 653/653/653 657/657/657 652/652/652
f 657/657/657 656/656/656 651/651/651
f 336/336/336 658/658/658 653/653/653
f 653/653/653 658/658/658 657/657/657
f 336/336/336 330/330/330 658/658/658
f 655/655/655 654/654/654 659/659/659
f 655/655/655 659/659/659 660/660/660
f 656/656/656 661/661/661 654/654/654
f 661/661/661 659/659/659 654/654/654
f 657/657/657 662/662/662 656/656/656
f 658/658/658 662/662/662 657/657/657
f 662/662/662 661/661/661 656/656/656
f 330/330/330 663/663/663 658/658/658
f 658/658/658 663/663/663 662/662/662
f 330/330/330 324/324/324 663/663/663
f 660/660/660 659/659/659 664/664/664
f 660/660/660 664/664/664 665/665/665
f 661/661/661 666/666/666 659/659/659
f 666/666/666 664/664/664 659/659/659
f 662/662/662 667/667/667 661/661/661
f 663/663/663 667/667/667 662/662/662
f 667/667/667 666/666/666 661/661/661
f 324/324/324 668/668/668 663/663/663
f 663/663/663 668/668/668 667/667/667
f 324/324/324 318/318/318 668/668/668
f 665/665/665 664/664/664 669/669/669
f 665/665/665 669/669/669 670/670/670
f 666/666/666 671/671/671 664/664/664
f 671/671/671 669/669/669 664/664/664
f 667/667/667 672/672/672 666/666/666
f 668/668/668 672/672/672 667/667/667
f 672/672/672 671/671/671 666/666/666
f 318/318/318 673/673/673 668/668/668
f 668/668/668 673/673/673 672/672/672
f 318/318/318 312/312/312 673/673/673
f 670/670/670 669/669/669 674/674/674
f 670/670/670 674/674/674 675/675/675
f 671/671/671 676/676/676 669/669/669
f 676/676/676 674/674/674 669/669/669
f 672/672/672 677/677/677 671/671/671
f 673/673/673 677/677/677 672/672/672
f 677/677/677 676/676/676 671/671/671
f 312/312/312 678/678/678 673/673/673
f 673/673/673 678/678/678 677/677/677
f 312/312/312 306/306/306 678/678/678
f 675/675/675 674/674/674 679/679/679
f 675/675/675 679/679/679 680/680/680
f 676/676/676 681/681/681 674/674/674
f 681/681/681 679/679/679 674/674/674
f 677/677/677 682/682/682 676/676/676
f 678/678/678 682/682/682 677/677/677
f 682/682/682 681/681/681 676/676/676
f 306/306/306 683/683/683 678/678/678
f 678/678/678 683/683/683 682/682/682
f 306/306/306 300/300/300 683/683/683
f 680/680/680 679/679/679 684/684/684
f 680/680/680 684/684/684 685/685/685
f 681/681/681 686/686/686 679/679/679
f 686/686/686 684/684/684 679/679/679
f 682/682/682 687/687/687 681/681/681
f 683/683/683 687/687/687 682/682/682
f 687/687/687 686/686/686 681/681/681
f 300/300/300 688/688/688 683/683/683
f 683/683/683 688/688/688 687/687/687
f 300/300/300 294/294/294 688/688/688
f 685/685/685 684/684/684 689/689/689
f 685/685/685 689/689/689 690/690/690
f 686/686/686 691/691/691 684/684/684
f 691/691/691 689/689/689 684/684/684
f 687/687/687 692/692/692 686/686/686
f 688/688/688 692/692/692 687/687/687
f 692/692/692 691/691/691 686/686/686
f 294/294/294 693/693/693 688/688/688
f 688/688/688 693/693/693 692/692/692
f 294/294/294 288/288/288 693/693/693
f 690/690/690 689/689/689 694/694/694
f 690/690/690 694/694/694 695/695/695
f 691/691/691 696/696/696 689/689/689
f 696/696/696 694/694/694 689/689/689
f 692/692/692 697/697/697 691/691/691
f 693/693/693 697/697/697 692/692/692
f 697/697/697 696/696/696 691/691/691
f 288/288/288 698/698/698 693/693/693
f 693/693/693 698/698/698 697/697/697
f 288/288/288 282/282/282 698/698/698
f 695/695/695 694/694/694 699/699/699
f 695/695/695 699/699/699 700/700/700
f 696/696/696 701/701/701 694/694/694
f 701/701/701 699/699/699 694/694/694
f 697/697/697 702/702/702 696/696/696
f 698/698/698 702/702/702 697/697/697
f 702/702/702 701/701/701 696/696/696
f 282/282/282 703/703/703 698/698/698
f 698/698/698 703/703/703 702/702/702
f 282/282/282 276/276/276 703/703/703
f 700/700/700 699/699/699 704/704/704
f 700/700/700 704/704/704 705/705/705
f 701/701/701 706/706/706 699/699/699
f 706/706/706 704/704/704 699/699/699
f 702/702/702 707/707/707 701/701/701
f 703/703/703 707/707/707 702/702/702
f 707/707/707 706/706/706 701/701/701
f 276/276/276 708/708/708 703/703/703
f 703/703/703 708/708/708 707/707/707
f 276/276/276 270/270/270 708/708/708
f 705/705/705 704/704/704 709/709/709
f 705/705/705 709/709/709 710/710/710
f 706/706/706 711/711/711 704/704/704
f 711/711/711 709/709/709 704/704/704
f 707/707/707 712/712/712 706/706/706
f 708/708/708 712/712/712 707/707/707
f 712/712/712 711/711/711 706/706/706
f 270/270/270 713/713/713 708/708/708
f 708/708/708 713/713/713 712/712/712
f 270/270/270 264/264/264 713/713/713
f 710/710/710 709/709/709 714/714/714
f 710/710/710 714/714/714 715/715/715
f 711/711/711 716/716/716 709/709/709
f 716/716/716 714/714/714 709/709/709
f 712/712/712 717/717/717 711/711/711
f 713/713/713 717/717/717 712/712/712
f 717/717/717 716/716/716 711/711/711
f 264/264/264 718/718/718 713/713/713
f 713/713/713 718/718/718 717/717/717
f 264/264/264 258/258/258 718/718/718
f 715/715/715 714/714/714 719/719/719
f 715/715/715 719/719/719 720/720/720
f 716/716/716 721/721/721 714/714/714
f 721/721/721 719/719/719 714/714/714
f 717/717/717 722/722/722 716/716/716
f 718/718/718 722/722/722 717/717/717
f 722/722/722 721/721/721 716/716/716
f 258/258/258 723/723/723 718/718/718
f 718/718/718 723/723/723 722/722/722
f 258/258/258 252/252/252 723/723/723
f 720/720/720 719/719/719 724/724/724
f 720/720/720 724/724/724 725/725/725
f 721/721/721 726/726/726 719/719/719
f 726/726/726 724/724/724 719/719/719
f 722/722/722 727/727/727 721/721/721
f 723/723/723 727/727/727 722/722/722
f 727/727/727 726/726/726 721/721/721
f 252/252/252 728/728/728 723/723/723
f 723/723/723 728/728/728 727/727/727
f 252/252/252 246/246/246 728/728/728
f 725/725/725 724/724/724 729/729/729
f 725/725/725 729/729/729 730/730/730
f 726/726/726 731/731/731 724/724/724
f 731/731/731 729/729/729 724/724/724
f 727/727/727 732/732/732 726/726/726
f 728/728/728 732/732/732 727/727/727
f 732/732/732 731/731/731 726/726/726
f 246/246/246 733/733/733 728/728/728
f 728/728/728 733/733/733 732/732/732
f 246/246/246 240/240/240 733/733/733
f 730/730/730 729/729/729 734/734/734
f 730/730/730 734/734/734 735/735/735
f 731/731/731 736/736/736 729/729/729
f 736/736/736 734/734/734 729/729/729
f 732/732/732 737/737/737 731/731/731
f 733/733/733 737/737/737 732/732/732
f 737/737/737 736/736/736 731/731/731
f 240/240/240 738/738/738 733/733/733
f 733/733/733 738/738/738 737/737/737
f 240/240/240 234/234/234 738/738/738
f 735/735/735 734/734/734 739/739/739
f 735/735/735 739/739/739 740/740/740
f 736/736/736 741/741/741 734/734/734
f 741/741/741 739/739/739 734/734/734
f 737/737/737 742/742/742 736/736/736
f 738/738/738 742/742/742 737/737/737
f 742/742/742 741/741/741 736/736/736
f 234/234/234 743/743/743 738/738/738
f 738/738/738 743/743/743 742/742/742
f 234/234/234 228/228/228 743/743/743
f 740/740/740 739/739/739 744/744/744
f 740/740/740 744/744/744 745/745/745
f 741/741/741 746/746/746 739/739/739
f 746/746/746 744/744/744 739/739/739
f 742/742/742 747/747/747 741/741/741
f 743/743/743 747/747/747 742/742/742
f 747/747/747 746/746/746 741/741/741
f 228/228/228 748/748/748 743/743/743
f 743/743/743 748/748/748 747/747/747
f 228/228/228 222/222/222 748/748/748
f 745/745/745 744/744/744 749/749/749
f 745/745/745 749/749/749 750/750/750
f 746/746/746 751/751/751 744/744/744
f 751/751/751 749/749/749 744/744/744
f 747/747/747 752/752/752 746/746/746
f 748/748/748 752/752/752 747/747/747
f 752/752/752 751/751/751 746/746/746
f 222/222/222 753/753/753 748/748/748
f 748/748/748 753/753/753 752/752/752
f 222/222/222 216/216/216 753/753/753
f 750/750/750 749/749/749 754/754/754
f 750/750/750 754/754/754 755/755/755
f 751/751/751 756/756/756 749/749/749
f 756/756/756 754/754/754 749/749/749
f 752/752/752 757/757/757 751/751/751
f 753/753/753 757/757/757 752/752/752
f 757/757/757 756/756/756 751/751/751
f 216/216/216 758/758/758 753/753/753
f 753/753/753 758/758/758 757/757/757
f 216/216/216 210/210/210 758/758/758
f 755/755/755 754/754/754 759/759/759
f 755/755/755 759/759/759 760/760/760
f 756/756/756 761/761/761 754/754/754
f 761/761/761 759/759/759 754/754/754
f 757/757/757 762/762/762 756/756/756
f 758/758/758 762/762/762 757/757/757
f 762/762/762 761/761/761 756/756/756
f 210/210/210 763/763/763 758/758/758
f 758/758/758 763/763/763 762/762/762
f 210/210/210 204/204/204 763/763/763
f 760/760/760 759/759/759 764/764/764
f 760/760/760 764/764/764 765/765/765
f 761/761/761 766/766/766 759/759/759
f 766/766/766 764/764/764 759/759/759
f 762/762/762 767/767/767 761/761/761
f 763/763/763 767/767/767 762/762/762
f 767/767/767 766/766/766 761/761/761
f 204/204/204 768/768/768 763/763/763
f 763/763/763 768/768/768 767/767/767
f 204/204/204 198/198/198 768/768/768
f 765/765/765 764/764/764 769/769/769
f 765/765/765 769/769/769 770/770/770
f 766/766/766 771/771/771 764/764/764
f 771/771/771 769/769/769 764/764/764
f 767/767/767 772/772/772 766/766/766
f 768/768/768 772/772/772 767/767/767
f 772/772/772 771/771/771 766/766/766
f 198/198/198 773/773/773 768/768/768
f 768/768/768 773/773/773 772/772/772
f 198/198/198 192/192/192 773/773/773
f 770/770/770 769/769/769 774/774/774
f 770/770/770 774/774/774 775/775/775
f 771/771/771 776/776/776 769/769/769
f 776/776/776 774/774/774 769/769/769
f 772/772/772 777/777/777 771/771/771
f 773/773/773 777/777/777 772/772/772
f 777/777/777 776/776/776 771/771/771
f 192/192/192 778/778/778 773/773/773
f 773/773/773 778/778/778 777/777/777
f 192/192/192 186/186/186 778/778/778
f 775/775/775 774/774/774 779/779/779
f 775/775/775 779/779/779 780/780/780
f 776/776/776 781/781/781 774/774/774
f 781/781/781 779/779/779 774/774/774
f 777/777/777 782/782/782 776/776/776
f 778/778/778 782/782/782 777/777/777
f 782/782/782 781/781/781 776/776/776
f 186/186/186 783/783/783 778/778/778
f 778/778/778 783/783/783 782/782/782
f 186/186/186 180/180/180 783/783/783
f 780/780/780 779/779/779 784/784/784
f 780/780/780 784/784/784 785/785/785
f 781/781/781 786/786/786 779/779/779
f 786/786/786 784/784/784 779/779/779
f 782/782/782 787/787/787 781/781/781
f 783/783/783 787/787/787 782/782/782
f 787/787/787 786/786/786 781/781/781
f 180/180/180 788/788/788 783/783/783
f 783/783/783 788/788/788 787/787/787
f 180/180/180 174/174/174 788/788/788
f 785/785/785 784/784/784 789/789/789
f 785/785/785 789/789/789 790/790/790
f 786/786/786 791/791/791 784/784/784
f 791/791/791 789/789/789 784/784/784
f 787/787/787 792/792/792 786/786/786
f 788/788/788 792/792/792 787/787/787
f 792/792/792 791/791/791 786/786/786
f 174/174/174 793/793/793 788/788/788
f 788/788/788 793/793/793 792/792/792
f 174/174/174 168/168/168 793/793/793
f 790/790/790 789/789/789 794/794/794
f 790/790/790 794/794/794 795/795/795
f 791/791/791 796/796/796 789/789/789
f 796/796/796 794/794/794 789/789/789
f 792/792/792 797/797/797 791/791/791
f 793/793/793 797/797/797 792/792/792
f 797/797/797 796/796/796 791/791/791
f 168/168/168 798/798/798 793/793/793
f 793/793/793 798/798/798 797/797/797
f 168/168/168 162/162/162 798/798/798
f 795/795/795 794/794/794 799/799/799
f 795/795/795 799/799/799 800/800/800
f 796/796/796 801/801/801 794/794/794
f 801/801/801 799/799/799 794/794/794
f 797/797/797 802/802/802 796/796/796
f 798/798/798 802/802/802 797/797/797
f 802/802/802 801/801/801 796/796/796
f 162/162/162 803/803/803 798/798/798
f 798/798/798 803/803/803 802/802/802
f 162/162/162 156/156/156 803/803/803
f 800/800/800 799/799/799 804/804/804
f 800/800/800 804/804/804 805/805/805
f 801/801/801 806/806/806 799/799/799
f 806/806/806 804/804/804 799/799/799
f 802/802/802 807/807/807 801/801/801
f 803/803/803 807/807/807 802/802/802
f 807/807/807 806/806/806 801/801/801
f 156/156/156 808/808/808 803/803/803
f 803/803/803 808/808/808 807/807/807
f 156/156/156 150/150/150 808/808/808
f 805/805/805 804/804/804 809/809/809
f 805/805/805 809/809/809 810/810/810
f 806/806/806 811/811/811 804/804/804
f 811/811/811 809/809/809 804/804/804
f 807/807/807 812/812/812 806/806/806
f 808/808/808 812/812/812 807/807/807
f 812/812/812 811/811/811 806/806/806
f 150/150/150 813/813/813 808/808/808
f 808/808/808 813/813/813 812/812/812
f 150/150/150 144/144/144 813/813/813
f 810/810/810 809/809/809 814/814/814
f 810/810/810 814/814/814 48/48/48
f 48/48/48 814/814/814 47/47/47
f 811/811/811 815/815/815 809/809/809
f 815/815/815 814/814/814 809/809/809
f 812/812/812 816/816/816 811/811/811
f 813/813/813 816/816/816 812/812/812
f 816/816/816 815/815/815 811/811/811
f 144/144/144 817/817/817 813/813/813
f 813/813/813 817/817/817 816/816/816
f 144/144/144 138/138/138 817/817/817
f 818/818/818 47/47/47 814/814/814
f 815/815/815 818/818/818 814/814/814
f 816/816/816 819/819/819 815/815/815
f 817/817/817 819/819/819 816/816/816
f 819/819/819 818/818/818 815/815/815
f 138/138/138 820/820/820 817/817/817
f 817/817/817 820/820/820 819/819/819
f 138/138/138 132/132/132 820/820/820
f 818/818/818 821/821/821 47/47/47
f 821/821/821 40/40/40 47/47/47
f 821/821/821 46/46/46 40/40/40
f 819/819/819 822/822/822 818/818/818
f 820/820/820 822/822/822 819/819/819
f 822/822/822 821/821/821 818/818/818
f 132/132/132 823/823/823 820/820/820
f 820/820/820 823/823/823 822/822/822
f 132/132/132 117/117/117 823/823/823
f 824/824/824 46/46/46 821/821/821
f 822/822/822 824/824/824 821/821/821
f 823/823/823 824/824/824 822/822/822
f 824/824/824 108/108/108 46/46/46
f 117/117/117 825/825/825 823/823/823
f 823/823/823 825/825/825 824/824/824
f 825/825/825 108/108/108 824/824/824
f 117/117/117 107/107/107 825/825/825
f 825/825/825 101/101/101 108/108/108
f 107/107/107 101/101/101 825/825/825
