g object_merge1
v 0.07870909 -0.06189951 -0.031196883
v 0.088358395 -0.113344096 -0.03197187
v 0.09296897 -0.06338122 -0.031075621
v 0.062405933 -0.11128892 -0.03174159
v 0.0748046 -0.11192148 -0.031874567
v 0.09931909 -0.11421373 -0.032069024
v 0.10327009 -0.06419837 -0.031164816
v 0.11202705 -0.064874284 -0.03109307
v 0.11069059 -0.11514342 -0.032168005
v 0.115114175 -0.06515362 -0.031063462
v 0.10776826 -0.11487555 -0.03214447
v 0.119428255 -0.115885675 -0.03224223
v 0.12373457 -0.06589084 -0.03121051
v 0.12962906 -0.11677288 -0.032327525
v 0.13369444 -0.0667449 -0.031111512
v 0.13616884 -0.117264226 -0.032387298
v 0.14092414 -0.06730388 -0.031414557
v 0.04868769 -0.12108772 -0.030904297
v 0.027413059 -0.07449162 -0.0332792
v 0.02950542 -0.12503786 -0.030374555
v 0.024871154 -0.07424022 -0.03354276
v 0.015981225 -0.123792626 -0.030266006
v 0.0064168386 -0.12083053 -0.030326068
v 0.13853575 -0.117536426 -0.032402728
v 0.1434224 -0.06759582 -0.031499527
v -0.0010102431 -0.11715465 -0.030463148
v 0.038994696 -0.06655457 -0.033012792
v 0.16847114 -0.11994548 -0.032665826
v 0.04553437 -0.060352173 -0.033026244
v 0.041915815 -0.06422489 -0.032963928
v 0.019879682 -0.07103931 -0.034367412
v -0.012583445 -0.10959494 -0.030797167
v -0.020697594 -0.10051017 -0.03128014
v 0.17260386 -0.07007757 -0.033750642
v 0.041582774 -0.061557543 -0.034196448
v 0.017374665 -0.067272805 -0.035026595
v -0.025733683 -0.092445366 -0.0317394
v 0.19909523 -0.12256835 -0.03292456
v 0.010264571 -0.054504283 -0.03667083
v -0.035245646 -0.07525359 -0.03273563
v 0.118628 0.00475035 -0.035
v 0.09400132 -0.045246843 -0.035000008
v 0.11972773 0.0035706197 -0.035
v 0.06689169 -0.012005913 -0.035000008
v 0.12061687 0.016502744 -0.035
v 0.06995007 0.01720672 -0.035000008
v 0.119435064 0.009932081 -0.035
v 0.07150524 0.025902743 -0.035000008
v 0.12198442 0.023239812 -0.035
v 0.07301848 0.03335748 -0.035000008
v 0.12288225 0.027203226 -0.035
v 0.0741288 0.038637973 -0.035000008
v 0.12448436 0.034254923 -0.035
v 0.07462871 0.040618923 -0.035000008
v 0.12366364 0.030838653 -0.035
v 0.075932436 0.04620431 -0.035000008
v 0.12533477 0.037629426 -0.035
v 0.076894 0.05001991 -0.035000008
v 0.12620321 0.0409751 -0.035
v 0.077849984 0.05370287 -0.035000008
v 0.12709333 0.044310328 -0.035
v 0.07888083 0.057565372 -0.035000008
v 0.12787394 0.047068585 -0.035
v 0.07977505 0.06072507 -0.035000008
v 0.12859294 0.049592774 -0.035
v 0.08063781 0.06375397 -0.035000008
v 0.12930377 0.051917136 -0.035
v 0.08146921 0.066472575 -0.035000008
v 0.1303975 0.055529714 -0.035
v 0.082706146 0.07055812 -0.035000008
v 0.13123177 0.05807659 -0.035
v 0.08379342 0.07387737 -0.035000008
v 0.1320862 0.0605999 -0.035
v 0.08481519 0.076894894 -0.035000008
v 0.13344876 0.064483605 -0.035
v 0.08640843 0.08143611 -0.035000008
v 0.13574962 0.07070247 -0.035
v 0.08911678 0.088756345 -0.035000008
v 0.14411801 0.09138982 -0.035
v 0.09817385 0.11114615 -0.035000008
v 0.15775806 0.121303596 -0.035
v 0.11301919 0.14370324 -0.035000008
v 0.1665675 0.13740772 -0.035
v 0.069212474 0.01496208 -0.035000008
v 0.13519776 -0.044361226 -0.03500001
v 0.12661456 0.0048994697 -0.035
v 0.13305166 -0.044758923 -0.03500001
v 0.1232962 0.16249016 -0.03500001
v 0.17222276 0.14475754 -0.035
v 0.13203016 0.17673267 -0.03500001
v 0.15235423 -0.041561108 -0.03500001
v 0.14446329 0.007812576 -0.035
v 0.12601703 -0.04701009 -0.03500001
v 0.17104794 0.12855588 -0.035
v 0.22106807 0.1354545 -0.03500002
v 0.17233682 0.14017068 -0.035
v 0.22076868 0.123273514 -0.03500002
v 0.16961336 0.114424445 -0.035
v 0.21938758 0.10966895 -0.03500002
v 0.16710725 0.08644594 -0.035
v 0.21692443 0.08217012 -0.03500002
v 0.16392718 0.047707167 -0.035
v 0.2138001 0.04411024 -0.03500002
v 0.16224109 0.020585543 -0.035
v 0.21225512 0.019258529 -0.03500002
v 0.1622607 0.011451715 -0.035
v 0.2123317 0.010781741 -0.03500002
v 0.1602338 0.010078463 -0.035
v 0.21003833 -0.022746941 -0.03500002
v 0.17257741 -0.039492264 -0.035000015
v 0.15310594 0.009164582 -0.035
v 0.16349359 -0.03996665 -0.035000015
v 0.15580168 0.009441013 -0.035
v 0.15952453 -0.040439423 -0.035000015
v 0.22744863 0.15562052 -0.035000023
v 0.15389632 0.19607402 -0.035000015
v 0.19837384 0.19455467 -0.03500002
v 0.007967463 -0.048415087 -0.037419755
v -0.039822437 -0.06304331 -0.033473875
v 0.21273918 -0.12357421 -0.033050533
v 0.20300476 -0.07294567 -0.03795666
v 0.0069028954 -0.04417771 -0.037897903
v -0.042199384 -0.053523954 -0.03406619
v 0.0056060324 -0.035048287 -0.03853899
v -0.04439794 -0.038030505 -0.03505374
v 0.22157824 -0.124164894 -0.033136148
v 0.21615632 -0.07403321 -0.039845075
v 0.21962388 -0.07394928 -0.040334616
v 0.25502542 -0.11816733 -0.03400132
v 0.27179202 -0.080456875 -0.036716383
v 0.00582511 -0.01764371 -0.040012527
v -0.04409073 -0.014094213 -0.036631588
v 0.06182263 0.025999269 -0.038
v 0.012631682 0.03524504 -0.038
v 0.061160404 0.022469869 -0.038
v 0.06265288 0.02976643 -0.038
v 0.013866151 0.040715944 -0.038
v 0.063569956 0.033780083 -0.038
v 0.014934878 0.045393337 -0.038
v 0.06448721 0.037461963 -0.038
v 0.016057042 0.049897723 -0.038
v 0.06523218 0.040278975 -0.038
v 0.016898153 0.05307826 -0.038
v 0.066082284 0.04348493 -0.038
v 0.017834768 0.05661049 -0.038000003
v 0.067000635 0.04677706 -0.038
v 0.0188896 0.06039187 -0.038000003
v 0.06808685 0.05051246 -0.038
v 0.019818053 0.06362657 -0.038000003
v 0.06951334 0.05522355 -0.038
v 0.020523667 0.06596949 -0.038000003
v 0.021739217 0.06997817 -0.038000003
v 0.07081245 0.059354633 -0.038
v 0.023142267 0.07443979 -0.038000003
v 0.07190115 0.06277363 -0.038
v 0.024370966 0.07829843 -0.038000003
v 0.07315927 0.06653063 -0.038
v 0.025981292 0.0831072 -0.038000003
v 0.07953744 0.08386146 -0.038
v 0.033189554 0.10269358 -0.038000003
v 0.09391015 0.116111256 -0.038
v 0.048807755 0.13773802 -0.038000003
v 0.10395825 0.13565038 -0.038
v 0.028193891 -0.022946514 -0.038000003
v 0.060468633 0.019065635 -0.038
v 0.006602692 0.00882707 -0.038
v 0.06414787 0.018682644 -0.038
v 0.073560864 -0.030554775 -0.038000006
v 0.068673365 0.019215057 -0.038
v 0.069670655 -0.03101245 -0.038000006
v 0.054938223 -0.032553885 -0.038000006
v 0.059634913 0.15879208 -0.038000006
v 0.11352557 0.1537013 -0.038
v 0.070038594 0.17842099 -0.038000006
v 0.11607847 0.15707384 -0.038
v 0.07900559 0.1931652 -0.038000006
v 0.11733716 0.15583129 -0.038
v 0.13821205 0.20643155 -0.038000014
v 0.16364805 0.18101509 -0.038000014
v 0.11628077 0.14693731 -0.038
v 0.16649382 0.14589334 -0.038000014
v 0.116733424 0.15214373 -0.038
v 0.16597506 0.14125155 -0.038000014
v 0.115603924 0.14217283 -0.038
v 0.1651481 0.13543032 -0.038000014
v 0.11471921 0.13537419 -0.038
v 0.1643586 0.12936333 -0.038000014
v 0.11339875 0.12359174 -0.038
v 0.16313753 0.11846777 -0.038000014
v 0.111827455 0.10687261 -0.038
v 0.161638 0.1025123 -0.038000014
v 0.11006422 0.085131295 -0.038
v 0.15992352 0.08137212 -0.038000014
v 0.108370595 0.0608309 -0.038
v 0.15828744 0.057897367 -0.038000014
v 0.1071554 0.035437666 -0.038
v 0.15716027 0.034343857 -0.038000014
v 0.10720197 0.024015397 -0.038
v 0.15722252 0.0190781 -0.038000014
v 0.106300555 0.022336764 -0.038
v 0.1518646 -0.0072383294 -0.038000014
v 0.10137732 0.021871237 -0.038
v 0.10970143 -0.027637629 -0.03800001
v 0.1053829 -0.02796841 -0.03800001
v 0.08667677 0.02063427 -0.038
v 0.090737656 -0.029200727 -0.03800001
v 0.10280999 0.20772429 -0.03800001
v 0.16798368 0.15733537 -0.038000014
v 0.12410299 -0.026297763 -0.038000014
v 0.26876688 -0.059837013 -0.0380293
v 0.007033102 -0.0076514217 -0.04044168
v -0.042418543 -0.00024502652 -0.037565544
v 0.007672836 -0.003914626 -0.040558066
v -0.041367732 0.0058966964 -0.037984084
v 0.2660364 -0.046114646 -0.038892936
v 0.21943147 -0.06851084 -0.0404301
v 0.008224197 -0.001431824 -0.04063527
v -0.040801235 0.008447422 -0.03815974
v 0.008756317 0.001621395 -0.040785097
v -0.04026385 0.011531724 -0.03837006
v 0.009587197 0.0053376984 -0.040991317
v -0.039025836 0.017068852 -0.03875149
v 0.26377338 -0.03804737 -0.0393914
v 0.21732847 -0.057886165 -0.040687867
v 0.010451873 0.008758994 -0.041168112
v -0.037856378 0.02169527 -0.039072085
v 0.259984 -0.02635555 -0.040106643
v 0.21585746 -0.052608367 -0.040720526
v 0.011183265 0.011401777 -0.041296355
v -0.036879554 0.025223767 -0.039317794
v 0.012019018 0.014259084 -0.041429125
v -0.03584182 0.028770167 -0.039565537
v 0.21265636 -0.042648435 -0.04056458
v 0.2561142 -0.015708646 -0.040752064
v 0.012999068 0.017439034 -0.04157035
v -0.0346348 0.032684557 -0.039839856
v 0.20978175 -0.0347133 -0.04079332
v 0.013902314 0.020205518 -0.04168657
v -0.03359892 0.03585525 -0.04006287
v 0.014985971 0.02347194 -0.041821554
v -0.0322187 0.040064577 -0.040359017
v 0.017358942 0.029786855 -0.042046044
v -0.028694877 0.049373344 -0.04102057
v 0.24485286 0.008860281 -0.042208623
v 0.20012867 -0.013562585 -0.041104987
v 0.022082046 0.039974835 -0.042290665
v -0.022105549 0.063562684 -0.04204612
v 0.23949109 0.018628607 -0.042775284
v 0.19612913 -0.006249596 -0.041238844
v 0.026881373 0.04790963 -0.042333838
v 0.23544028 0.02534311 -0.04315965
v 0.19308558 -0.0011888224 -0.041349486
v 0.23273149 0.02947857 -0.04339337
v 0.19114195 0.0017872067 -0.041417412
v -0.014964389 0.07533486 -0.042920537
v 0.22900255 0.034944948 -0.043700214
v 0.1884005 0.005818434 -0.041498885
v 0.031001776 0.053743888 -0.04234186
v 0.22110067 0.045341644 -0.044272423
v 0.18304323 0.012881989 -0.04171115
v -0.008375544 0.084632635 -0.043624517
v 0.041469675 0.06578143 -0.042708885
v 0.20244585 0.06471016 -0.045283027
v 0.16872676 0.02778904 -0.041953664
v 0.0055534504 0.100612715 -0.044871118
v 0.052201714 0.07571178 -0.043009613
v 0.19191042 0.07308354 -0.045685142
v 0.16218187 0.033006597 -0.041998144
v 0.18363638 0.078753866 -0.04594141
v 0.15590823 0.03732181 -0.04198327
v 0.17906764 0.08171358 -0.04607165
v 0.15264209 0.03943729 -0.042081468
v 0.17223549 0.08579792 -0.046243954
v 0.14775027 0.042369224 -0.04210328
v 0.15785281 0.09337076 -0.046539284
v 0.13611647 0.048510946 -0.0421202
v 0.016913723 0.111041844 -0.04571665
v 0.14440301 0.09929575 -0.046739418
v 0.12509653 0.053373612 -0.042171553
v 0.13590425 0.10267786 -0.046842095
v 0.1178995 0.05624457 -0.04216219
v 0.12497511 0.106780194 -0.046957903
v 0.10786541 0.06000928 -0.04229192
v 0.054357477 0.07650419 -0.043032266
v 0.024304368 0.11840951 -0.046305038
v 0.11563051 0.11009171 -0.04704403
v 0.099296115 0.063052095 -0.042285215
v 0.10927477 0.11224248 -0.047095936
v 0.093511306 0.0649829 -0.042712342
v 0.10359082 0.114102684 -0.047138195
v 0.08823072 0.06671378 -0.042713203
v 0.09943223 0.11543198 -0.047167033
v 0.08451047 0.06790484 -0.042712487
v 0.094340324 0.11699559 -0.04719813
v 0.07962846 0.06940633 -0.04270866
v 0.09065997 0.118136644 -0.04722133
v 0.07624572 0.07044575 -0.04286351
v 0.08703128 0.119201414 -0.047240235
v 0.0731276 0.07136183 -0.04286368
v 0.08257885 0.12047893 -0.04726153
v 0.06881282 0.07260134 -0.04286287
v 0.04401519 0.12681633 -0.047135197
v 0.07316658 0.12318257 -0.047306743
v 0.06034351 0.07503707 -0.042861383
v 0.06931546 0.12412619 -0.047314554
v 0.063330926 0.12616464 -0.047364302
v -0.04035948 0.085920624 -0.051124997
v -0.042004213 0.035832852 -0.05112499
v -0.037806887 0.08615922 -0.051124997
v -0.04622251 0.03625829 -0.05112499
v -0.04409487 0.08642613 -0.051124997
v -0.05403259 0.037315223 -0.05112499
v -0.046844494 0.08717175 -0.051124997
v -0.062205948 0.039531585 -0.05112499
v -0.05101171 0.088735744 -0.051124997
v -0.07174284 0.043110874 -0.05112499
v -0.055423614 0.091111384 -0.051124997
v -0.08141255 0.048317652 -0.05112499
v -0.057995796 0.09286209 -0.051124997
v -0.088162474 0.052911855 -0.05112499
v -0.06094237 0.09532345 -0.051124997
v -0.09436488 0.05812749 -0.05112499
v -0.06323723 0.09865884 -0.051124997
v -0.100338995 0.06292025 -0.05112499
v -0.06270038 0.096880436 -0.051124997
v -0.11412481 0.08326568 -0.051124986
v -0.09980577 0.13305421 -0.05112499
v -0.101839446 0.13106436 -0.05112499
v -0.060764503 0.10181548 -0.051124997
v -0.0974062 0.13608792 -0.05112499
v -0.058140494 0.10513294 -0.051124997
v -0.050602425 0.11472664 -0.051124997
v -0.08995622 0.1455695 -0.05112499
v -0.04056596 0.12756528 -0.051124997
v -0.079906896 0.1584246 -0.05112499
v -0.029345302 0.14182128 -0.051124997
v -0.06864795 0.17272924 -0.05112499
v -0.023566326 0.14917614 -0.051124997
v -0.06283396 0.18012866 -0.05112499
v -0.018729245 0.15529314 -0.051124997
v -0.057886656 0.18638505 -0.05112499
v -0.01128432 0.16463083 -0.051124997
v -0.050272632 0.19593483 -0.05112499
v -0.004938639 0.17247908 -0.051124997
v -0.04374553 0.20400746 -0.05112499
v 0.0028587526 0.18203057 -0.051124997
v -0.035576094 0.2140147 -0.05112499
v 0.007397813 0.1873818 -0.051124997
v -0.029400814 0.22129492 -0.051124997
v -0.012362057 0.039727416 -0.051124997
v -0.0341121 0.035656933 -0.05112499
v -0.11304047 0.11444693 -0.051124986
v 0.0126637565 0.1926439 -0.051124997
v -0.022682717 0.2280081 -0.051124997
v 0.017101295 0.19708024 -0.051124997
v -0.016543267 0.23414588 -0.051124997
v 0.019862622 0.1993539 -0.051124997
v -0.011729452 0.23810957 -0.051124997
v 0.023868505 0.2025866 -0.051124997
v 0.016600918 0.26097187 -0.051124997
v 0.024861386 0.20122567 -0.051124997
v -0.027152458 0.10269471 -0.051124997
v 0.027050896 0.09697845 -0.051124997
v -0.016598377 0.121367015 -0.051124997
v 0.01609271 0.07759122 -0.051124997
v -0.033406522 0.09220068 -0.051124997
v 0.009004147 0.065696925 -0.051124997
v 0.0041541955 0.058288723 -0.051124997
v 0.00079228694 0.05390317 -0.051124997
v 0.060299654 0.24086142 -0.051125
v 0.024230352 0.19873098 -0.051124997
v 0.072138384 0.18333213 -0.051125
v 0.07032776 0.17930627 -0.051125
v 0.022412743 0.19461934 -0.051124997
v 0.067776926 0.17358932 -0.051125
v 0.018574942 0.1865174 -0.051124997
v 0.06349544 0.1645507 -0.051125
v 0.014360974 0.17816505 -0.051124997
v 0.05866587 0.1549782 -0.051125
v 0.010154531 0.17041074 -0.051124997
v 0.054110344 0.14658037 -0.051125
v 0.00498086 0.16086209 -0.051124997
v 0.048969205 0.13709176 -0.051125
v -0.0008692547 0.15000714 -0.051124997
v 0.043089587 0.12618206 -0.051125
v -0.0075263875 0.13779323 -0.051124997
v 0.03630935 0.113742284 -0.051125
v 0.073942155 0.21646047 -0.051125
v 0.07552781 0.19642834 -0.051125
v -0.110880874 0.1059652 -0.051425
v -0.10816896 0.055508077 -0.051424988
v -0.10797327 0.10686054 -0.051425
v -0.11658893 0.056278635 -0.051424988
v -0.11570992 0.1066334 -0.051425
v -0.12448324 0.05737098 -0.051424988
v -0.12015861 0.10765453 -0.051425
v -0.13195159 0.05900183 -0.051424988
v -0.13847607 0.06069479 -0.051424988
v -0.1271175 0.10938772 -0.051425
v -0.14265727 0.061795294 -0.051424988
v -0.13011329 0.110270336 -0.051425
v -0.15256128 0.0634137 -0.051424988
v -0.13310766 0.11164458 -0.051425
v -0.17752805 0.13601276 -0.05142498
v -0.17621832 0.13799942 -0.05142498
v -0.13209282 0.114376426 -0.051425
v -0.17273638 0.14493902 -0.05142498
v -0.12882292 0.120968044 -0.051425
v -0.120151065 0.13562422 -0.051425
v -0.16272146 0.16186507 -0.051424988
v -0.11451178 0.14441234 -0.051425
v -0.15641142 0.17169847 -0.051424988
v -0.11106136 0.14963359 -0.051425
v -0.15272102 0.17728288 -0.051424988
v -0.10714896 0.15550317 -0.051425
v -0.14859818 0.18346815 -0.051424988
v -0.101001404 0.16450574 -0.051425
v -0.14212866 0.19294222 -0.051424988
v -0.093490034 0.17523542 -0.051425
v -0.13434325 0.20406334 -0.051424988
v -0.08881991 0.18180135 -0.051425
v -0.12948763 0.21089005 -0.051424988
v -0.084443964 0.18788493 -0.051425
v -0.12507272 0.21702781 -0.051424988
v -0.081771255 0.19162145 -0.051425
v -0.122287445 0.22092171 -0.051424988
v -0.077469066 0.19750588 -0.051425
v -0.11785008 0.22699104 -0.051424988
v -0.072368674 0.20450006 -0.051425
v -0.11268963 0.23406759 -0.051424988
v -0.0677677 0.2107396 -0.051425
v -0.107349135 0.24131 -0.051424988
v -0.062326748 0.21746914 -0.051425
v -0.10138325 0.24868882 -0.05142499
v -0.058560807 0.2222346 -0.051425
v -0.09758841 0.25349084 -0.05142499
v -0.05401803 0.22783189 -0.051425
v -0.092358045 0.25993535 -0.05142499
v -0.048258692 0.23449984 -0.051425
v -0.08524265 0.26817325 -0.05142499
v -0.043847688 0.23909692 -0.051425
v -0.07930129 0.27436528 -0.05142499
v -0.039600268 0.24321537 -0.051425
v -0.07232432 0.2811304 -0.05142499
v -0.036838148 0.2453331 -0.051425
v -0.065471984 0.28638408 -0.05142499
v -0.033809714 0.24619699 -0.051425
v -0.050285783 0.29599014 -0.05142499
v -0.033666745 0.14125226 -0.051425
v -0.08715229 0.14782311 -0.051425
v -0.043216668 0.123953156 -0.05142499
v -0.0986114 0.12638836 -0.051425
v -0.054023813 0.10373793 -0.05142499
v -0.1059496 0.11116236 -0.051425
v -0.060225558 0.090837024 -0.05142499
v -0.062067498 0.08597427 -0.05142499
v -0.07638659 0.059802245 -0.05142499
v -0.13400976 0.059531797 -0.051424988
v -0.12388964 0.108574085 -0.051425
v -0.18019478 0.0835704 -0.05142498
v -0.184594 0.11864866 -0.05142498
v -0.014659375 0.29766044 -0.051425
v -0.033969916 0.24378188 -0.051425
v 0.0169191 0.23697083 -0.051425
v 0.011961829 0.22346139 -0.051425
v -0.03749756 0.237009 -0.051425
v 0.009686246 0.21940665 -0.051425
v 0.0070318184 0.21426725 -0.051425
v -0.04029584 0.23146749 -0.051425
v 0.003940209 0.20814486 -0.051425
v -0.042819344 0.22687857 -0.051425
v 0.0010856952 0.20295401 -0.051425
v -0.04693983 0.2192472 -0.051425
v -0.0031689447 0.19507419 -0.051425
v -0.05164593 0.21091361 -0.051425
v -0.008150785 0.18625231 -0.051425
v -0.056403913 0.20255557 -0.051425
v -0.012968254 0.17778976 -0.051425
v -0.0626612 0.19159853 -0.051425
v -0.019217364 0.16684705 -0.051425
v -0.068739206 0.18090528 -0.051425
v -0.025209045 0.15630569 -0.051425
v -0.07734929 0.16558065 -0.051425
v 0.016161373 0.26786962 -0.051425
v 0.093168 -0.0579182 -0.0515
v 0.097689696 -0.10798033 -0.051500004
v 0.09604533 -0.057320263 -0.0515
v 0.09185295 -0.10790544 -0.051500004
v 0.07828366 -0.05732592 -0.0515
v 0.076249346 -0.10728454 -0.051500004
v 0.05898964 -0.056522366 -0.0515
v 0.05583095 -0.10643416 -0.051500004
v 0.05630151 -0.055685848 -0.0515
v 0.029088227 -0.1041615 -0.0515
v 0.057225 -0.047399104 -0.0515
v 0.0060713743 -0.05210745 -0.0515
v 0.0076301806 -0.04101958 -0.0515
v 0.05889227 -0.033114176 -0.0515
v 0.009381573 -0.026013887 -0.0515
v 0.059767008 -0.02797786 -0.0515
v 0.010573755 -0.019013606 -0.0515
v 0.06056702 -0.02385824 -0.0515
v 0.011562747 -0.013920851 -0.0515
v 0.06142661 -0.01979217 -0.0515
v 0.01262481 -0.008897021 -0.0515
v 0.062342566 -0.016087681 -0.0515
v 0.013822286 -0.0039129565 -0.0515
v 0.06319757 -0.012621074 -0.0515
v 0.014403096 -0.0012363504 -0.0515
v 0.06471685 -0.0069309473 -0.0515
v 0.015322766 0.002026841 -0.0515
v 0.06396458 -0.009552667 -0.0515
v 0.016817326 0.007420932 -0.0515
v 0.06624686 -0.0020333603 -0.0515
v 0.018962793 0.014288612 -0.0515
v 0.07180418 0.012643083 -0.0515
v 0.027675813 0.037299026 -0.0515
v 0.08991443 0.036119394 -0.0515
v 0.055629343 0.07353517 -0.051500004
v 0.10072347 0.043044638 -0.0515
v 0.07284772 0.08456682 -0.051500004
v 0.103432655 0.044948917 -0.0515
v 0.09703747 0.10156973 -0.051500004
v 0.105252706 0.04381683 -0.0515
v 0.006591476 -0.07219001 -0.0515
v 0.11698792 -0.053854164 -0.0515
v 0.06604072 -0.061252113 -0.051500004
v 0.116578996 -0.061934855 -0.0515
v 0.06730662 -0.048145387 -0.051500004
v 0.118972294 -0.03896855 -0.0515
v 0.06955472 -0.031281434 -0.051500004
v 0.12001101 -0.033131484 -0.0515
v 0.07093091 -0.02354795 -0.051500004
v 0.12088525 -0.02902102 -0.0515
v 0.072138034 -0.017872399 -0.051500004
v 0.1217248 -0.02559193 -0.0515
v 0.07329225 -0.013158019 -0.051500004
v 0.12268467 -0.022019532 -0.0515
v 0.07466452 -0.008050797 -0.051500004
v 0.123445764 -0.019590741 -0.0515
v 0.07582566 -0.004345365 -0.051500004
v 0.12463547 -0.015951999 -0.0515
v 0.07797422 0.0022260288 -0.051500004
v 0.12612523 -0.012677535 -0.0515
v 0.08190253 0.010860388 -0.051500004
v 0.13290541 -0.0016501911 -0.0515
v 0.09396523 0.0304793 -0.051500004
v 0.14591682 0.010286495 -0.0515
v 0.101178326 -0.112507425 -0.051500004
v 0.06940314 -0.09063456 -0.051500004
v 0.13407782 0.086442485 -0.05150001
v 0.104918264 0.03844465 -0.0515
v 0.15573256 0.043301355 -0.05150001
v 0.15470915 0.033816762 -0.05150001
v 0.10361662 0.021763368 -0.0515
v 0.15344273 0.01758699 -0.05150001
v 0.100629725 -0.011567521 -0.0515
v 0.15042633 -0.016073119 -0.05150001
v 0.09729345 -0.04809066 -0.0515
v 0.1470577 -0.05295056 -0.05150001
v 0.14642192 -0.05906501 -0.05150001
v 0.14625134 -0.06633052 -0.05150001
v 0.13659304 -0.093969695 -0.05150001
v 0.10975063 -0.10657268 -0.05150001
v 0.15323897 0.06582512 -0.05150001
v 0.14194565 -0.063695334 -0.0515
v 0.14991476 -0.11434382 -0.05150001
v 0.15246834 -0.06400712 -0.051500004
v 0.13896665 -0.11360792 -0.05150001
v 0.12678604 -0.06290465 -0.0515
v 0.12476631 -0.11286726 -0.05150001
v 0.11827379 -0.06266032 -0.0515
v 0.117329836 -0.112653814 -0.05150001
v 0.11666246 0.051301748 -0.05150001
v 0.1572216 0.01634576 -0.0515
v 0.13474117 0.061102934 -0.05150001
v 0.15885155 0.015708167 -0.0515
v 0.15248595 0.06875151 -0.05150001
v 0.18176731 0.06275409 -0.05150002
v 0.15906277 0.009794241 -0.0515
v 0.20912889 0.016384475 -0.05150002
v 0.20904453 0.0076680626 -0.05150002
v 0.15821284 -0.0014642677 -0.0515
v 0.20805545 -0.0054337312 -0.05150002
v 0.15498778 -0.039953787 -0.0515
v 0.20480911 -0.044177182 -0.05150002
v 0.15323527 -0.060390938 -0.0515
v 0.20307818 -0.06436267 -0.05150002
v 0.20240198 -0.07354732 -0.05150002
v 0.18873166 -0.112647906 -0.05150002
v 0.20176363 0.044756647 -0.05150002
v 0.20839384 0.025900045 -0.05150002
v -0.01467112 -0.34310135 -0.050212897
v -0.0014595634 -0.28668395 -0.057355113
v -0.050205924 -0.3092551 -0.050544214
v 0.020408917 -0.33303425 -0.054552466
v -0.05196035 -0.28082561 -0.0534325
v -0.072655484 0.17553018 -0.053632617
v -0.098618925 0.12922303 -0.054698344
v -0.045697052 0.14650755 -0.053743936
v -0.09282815 0.17953311 -0.05382914
v -0.049466975 0.11209601 -0.054336052
v -0.100157335 0.17991243 -0.053917523
v -0.12048321 0.17901154 -0.054193478
v -0.13400921 0.16849762 -0.054533727
v -0.10235907 0.12977155 -0.05473748
v -0.057169687 0.09951972 -0.054633893
v 0.0037016936 0.14776447 -0.05447642
v -0.025699666 0.10571816 -0.054729022
v 0.025275541 0.12548958 -0.05446806
v 0.024444299 0.09088838 -0.054572176
v -0.0061886543 0.15225254 -0.054497004
v -0.013371162 0.15553764 -0.054511882
v -0.028800432 0.107264355 -0.054729726
v -0.03207271 0.15854505 -0.05456685
v -0.05313619 0.15234958 -0.054656804
v 0.015722498 0.07627794 -0.05464468
v -0.14327113 0.16195874 -0.05475628
v -0.10422844 0.12831847 -0.054786142
v -0.09895021 0.12727503 -0.054734882
v -0.026217058 0.10384106 -0.05473102
v -0.027385727 0.10163219 -0.05473372
v 0.01053298 0.06709311 -0.054689266
v -0.059218157 0.14757602 -0.054691512
v -0.030657617 0.10629232 -0.054731973
v -0.032569315 0.10520817 -0.05473445
v -0.033224475 0.09128974 -0.054748047
v -0.06939199 0.14028148 -0.05474756
v -0.041997943 0.07508791 -0.054789364
v 0.0020326339 0.051395524 -0.054764193
v -0.03875441 0.1007336 -0.054745402
v -0.08703482 0.1256622 -0.054850508
v -0.05267337 0.08919998 -0.054781564
v -0.10468596 0.11694614 -0.05497661
v -0.061057117 0.092522405 -0.054794487
v -0.05575316 0.04936171 -0.054893106
v -0.011644509 0.025815291 -0.05488571
v -0.101978816 0.109660976 -0.0549483
v -0.064626716 0.07640102 -0.054836202
v -0.112118565 0.1227481 -0.054980125
v -0.114132814 0.0953407 -0.055031665
v -0.07533799 0.06378061 -0.054903556
v -0.07285445 0.017275298 -0.055082697
v -0.028889641 -0.0065408754 -0.055039223
v -0.16066332 0.14646196 -0.055225022
v -0.124087535 0.082569 -0.055102985
v -0.08327987 0.05359134 -0.054965246
v -0.13607179 0.06398867 -0.05519824
v -0.09340612 0.037891597 -0.055069406
v -0.07709865 0.009735179 -0.055136036
v -0.03461557 -0.016942253 -0.055089194
v -0.043611396 -0.028979808 -0.0551551
v -0.07928813 0.0084813 -0.055152304
v -0.12606004 0.11032595 -0.05535061
v -0.14610955 0.046660166 -0.05528319
v -0.10245701 0.02226664 -0.05518304
v -0.11936885 0.09091842 -0.055572268
v -0.07573282 0.066507414 -0.0553944
v -0.058371183 -0.03742859 -0.05523016
v -0.06595415 -0.03976616 -0.05526286
v -0.08268924 0.0076605375 -0.055172164
v -0.0689731 -0.040469866 -0.055275213
v -0.073172495 -0.041472536 -0.055292465
v -0.08619699 0.007136678 -0.055191297
v -0.07798426 -0.042191155 -0.055310976
v -0.09341281 0.00581105 -0.05523287
v -0.15242048 0.0349448 -0.055339005
v -0.10797761 0.012018299 -0.055264395
v -0.10481729 0.0037900356 -0.05528971
v -0.10007989 0.004722237 -0.055271626
v -0.08486476 -0.043455213 -0.05533814
v -0.090802334 -0.044424918 -0.055361222
v -0.10973094 0.008598846 -0.05529472
v -0.15340123 0.032957237 -0.055348165
v -0.1588394 0.023289545 -0.055395003
v -0.103784285 -0.04912109 -0.055419236
v -0.16977935 0.13708445 -0.055490535
v -0.10694802 0.004660157 -0.05530603
v -0.12481248 -0.042418063 -0.055471312
v -0.1616743 -0.0036058368 -0.055483397
v -0.10979916 0.006674491 -0.055307396
v -0.0484308 -0.2678935 -0.055148393
v -0.13170181 -0.038946986 -0.05548465
v -0.13516234 -0.036620148 -0.055489637
v -0.13731651 -0.035205808 -0.055492844
v -0.14785004 -0.027777007 -0.05550701
v -0.13268006 0.10351604 -0.05554071
v -0.17848232 0.12674627 -0.055765904
v -0.13845842 0.096651964 -0.055720855
v -0.13436168 0.06388258 -0.056188386
v -0.09049284 0.039891373 -0.05600489
v 0.028777605 -0.32754925 -0.055918645
v -0.1940066 0.10354402 -0.056332316
v -0.15152183 0.07712771 -0.056191295
v -0.14175898 0.050796617 -0.05648948
v -0.09890696 0.024282953 -0.056359794
v -0.0011769672 -0.28460684 -0.057697464
v -0.2048701 0.08469205 -0.056769993
v -0.16118458 0.060359508 -0.056578256
v -0.11002555 0.009954697 -0.056729294
v -0.14441097 0.04966588 -0.056540664
v -0.12527297 0.0031517276 -0.057033088
v -0.20925008 0.076548494 -0.05695503
v -0.16654131 0.05045594 -0.056815602
v -0.1306811 0.0015912735 -0.057127375
v -0.14746138 0.048804946 -0.056592476
v 0.00020691508 -0.2795436 -0.058591027
v -0.047488958 -0.26480433 -0.05556745
v -0.13443212 0.0005326173 -0.057192396
v -0.15079592 0.047947127 -0.056647737
v 0.002123729 -0.28527594 -0.057879366
v -0.21219118 0.07183786 -0.057067312
v -0.13899098 -0.0006401309 -0.05726963
v -0.15338218 0.047356594 -0.056693085
v -0.14150244 -0.001213623 -0.057311025
v -0.15662819 0.046511006 -0.056753863
v -0.14487757 -0.0020864569 -0.057368275
v -0.16088991 0.04536757 -0.05683322
v -0.21831547 0.053844508 -0.057430398
v 0.044507504 -0.3182418 -0.058378972
v -0.16277671 0.045188643 -0.05686177
v -0.15107338 -0.0042830235 -0.05748275
v -0.16960005 -0.0055154897 -0.057740778
v -0.21329322 0.023975324 -0.057837553
v -0.16682087 0.049094487 -0.056843486
v -0.20083418 0.012387278 -0.057860173
v -0.16409586 0.046412766 -0.0568566
v -0.1906011 0.0021044842 -0.057890832
v 0.004328963 -0.26678377 -0.060829353
v -0.041885365 -0.24757384 -0.05793736
v 0.016404847 -0.2768371 -0.060333062
v 0.06935074 -0.2994476 -0.06270416
v 0.016908802 -0.2412828 -0.06449819
v -0.020284846 -0.20375435 -0.0646472
v 0.03463649 -0.26305005 -0.06365547
v 0.020170081 -0.37495616 -0.063530415
v 0.01282531 -0.32407776 -0.0646159
v 0.007115853 -0.379608 -0.063390434
v -0.029067112 -0.35735592 -0.06360978
v 0.08138168 -0.2851722 -0.065354034
v 0.046786886 -0.33202657 -0.06460767
v 0.027992928 -0.38110024 -0.063459955
v 0.057466805 -0.38333243 -0.06355593
v 0.078495555 -0.373185 -0.063827276
v -0.03918879 -0.32778695 -0.06407453
v 0.10330232 -0.3513024 -0.06431866
v 0.050569154 -0.33115175 -0.06460808
v 0.012735337 -0.32013 -0.06463667
v -0.036680352 -0.3124967 -0.0643502
v 0.036848422 -0.26042545 -0.064155854
v 0.11561675 -0.33505 -0.064655714
v 0.06646973 -0.31712258 -0.06470549
v 0.01388066 -0.3122166 -0.06469139
v -0.035325494 -0.30313402 -0.064518176
v 0.046105247 -0.3304674 -0.06462084
v 0.046153456 -0.3236774 -0.06468155
v 0.01658448 -0.30019477 -0.064794816
v -0.032061644 -0.2886217 -0.06478385
v 0.046574976 -0.31810567 -0.064737245
v 0.04665835 -0.31587097 -0.0647593
v 0.022905454 -0.2386725 -0.06489261
v 0.047555503 -0.30989727 -0.06482079
v 0.028019581 -0.314033 -0.064738914
v 0.074460305 -0.30657557 -0.06481891
v 0.017725097 -0.29565006 -0.0648358
v 0.04876448 -0.30112132 -0.06491709
v -0.030661214 -0.28304172 -0.06488667
v 0.12790684 -0.31554168 -0.065048926
v 0.018585054 -0.2924681 -0.064865336
v 0.04918584 -0.29274416 -0.06504943
v 0.048312616 -0.28926432 -0.06505961
v -0.029348364 -0.2782322 -0.06497576
v 0.019864079 -0.28798944 -0.064908035
v 0.08329758 -0.2925472 -0.06502455
v 0.020987518 -0.28420398 -0.06496394
v 0.022751208 -0.27854273 -0.06505924
v 0.023984583 -0.27504146 -0.065119386
v 0.024961455 -0.27232644 -0.065166384
v 0.049279787 -0.29058415 -0.065101154
v 0.023115126 -0.268399 -0.06521624
v 0.021632334 -0.26641664 -0.065237574
v 0.017783795 -0.25971082 -0.065332584
v -0.032316804 -0.26865757 -0.06512766
v 0.1343087 -0.2999535 -0.06534752
v 0.024283642 -0.27004305 -0.06519776
v 0.09084108 -0.27417904 -0.06536427
v 0.016007058 -0.2550535 -0.06541709
v 0.01534597 -0.25151306 -0.065484375
v -0.034691203 -0.25594032 -0.065336585
v 0.015371014 -0.24836938 -0.065546945
v -0.034606367 -0.24531722 -0.06552054
v 0.14397547 -0.28801835 -0.06559789
v 0.10416933 -0.25772333 -0.065717064
v 0.015965922 -0.24317268 -0.06565304
v -0.033395465 -0.23474005 -0.06570884
v 0.14999028 -0.27960017 -0.06577082
v 0.016878612 -0.23917496 -0.06573691
v -0.031606264 -0.22690313 -0.06585243
v 0.108711146 -0.25136688 -0.06586137
v 0.017782256 -0.23592794 -0.06581221
v 0.15574943 -0.27079886 -0.065949194
v -0.030117793 -0.22155459 -0.06595165
v 0.018828252 -0.23268168 -0.06588931
v 0.11315619 -0.2445741 -0.066023484
v -0.028511567 -0.21656969 -0.06604513
v 0.02067293 -0.22754072 -0.06601194
v 0.16253379 -0.2590695 -0.06618285
v -0.02600121 -0.2095733 -0.06617748
v 0.11826884 -0.2357353 -0.06623707
v 0.025915144 -0.21480826 -0.066316925
v 0.08802756 -0.26427373 -0.068214454
v 0.038140103 -0.25639817 -0.06451724
v 0.16869046 -0.24618982 -0.06643352
v -0.02001071 -0.19502291 -0.066456266
v 0.12268811 -0.22649053 -0.06646091
v 0.03256477 -0.20004176 -0.06667803
v 0.17222367 -0.23689644 -0.06661024
v 0.1250125 -0.2203769 -0.066603675
v -0.012389356 -0.17809795 -0.066783525
v 0.17398766 -0.23138721 -0.0667135
v 0.12595731 -0.2174261 -0.06667075
v 0.008051696 -0.19011694 -0.06874346
v 0.17577317 -0.2245615 -0.0668396
v 0.12681799 -0.21413584 -0.06674486
v 0.038429204 -0.18891911 -0.06694826
v 0.17780168 -0.21228337 -0.06706103
v 0.12781475 -0.20810233 -0.066878535
v -0.004861116 -0.16381913 -0.067064635
v 0.04212106 -0.18310545 -0.06708574
v 0.17783941 -0.19984126 -0.0672762
v 0.12783442 -0.20157385 -0.06701888
v 0.0009122851 -0.15472727 -0.0672481
v 0.04661596 -0.17707445 -0.06722418
v 0.17741291 -0.19396713 -0.06737576
v 0.1276673 -0.19927223 -0.06706762
v 0.17628948 -0.18600738 -0.067508176
v 0.12702607 -0.19472983 -0.06715848
v 0.0878218 -0.24689357 -0.07006072
v 0.038115546 -0.25291425 -0.06470815
v 0.009092939 -0.14375067 -0.06747512
v 0.05429047 -0.1697989 -0.067389034
v 0.17483693 -0.17920904 -0.06761902
v 0.12625621 -0.19112712 -0.06722713
v 0.1718571 -0.16847955 -0.06779083
v 0.124586575 -0.18511586 -0.06733986
v 0.022110594 -0.13140965 -0.067747794
v 0.061984867 -0.16411369 -0.06751565
v 0.025159806 -0.23878841 -0.064940125
v 0.023131916 -0.188654 -0.070301495
v 0.1655771 -0.15387775 -0.06801448
v 0.1210595 -0.17691559 -0.067488134
v 0.03561474 -0.12143188 -0.06798186
v 0.07399996 -0.15800591 -0.06765591
v 0.1572574 -0.14028376 -0.0682114
v 0.11715936 -0.17054322 -0.067591555
v 0.056097556 -0.11102015 -0.06825528
v 0.080576554 -0.15627347 -0.06770475
v 0.03163784 -0.18945493 -0.07100576
v 0.14452921 -0.12645522 -0.06839226
v 0.111273885 -0.16414905 -0.06768
v 0.07093687 -0.10711149 -0.06839057
v 0.08643084 -0.15551102 -0.06773659
v 0.1304158 -0.11640491 -0.0685015
v 0.1054755 -0.16002005 -0.06772946
v 0.08381929 -0.10543402 -0.06847837
v 0.091282375 -0.15563439 -0.06775156
v 0.11685037 -0.11034787 -0.06854424
v 0.099771984 -0.1574735 -0.06775292
v 0.095928386 -0.10574215 -0.06852832
v 0.09591365 -0.15638341 -0.067756295
v 0.106736735 -0.10749035 -0.06854745
v 0.08275851 -0.22699149 -0.071726374
v 0.037234847 -0.24937008 -0.06482872
v 0.030294979 -0.24072774 -0.06493174
v 0.040049393 -0.19125026 -0.071594544
v 0.06073556 -0.19969042 -0.07261051
v 0.1301388 -0.12727007 -0.074075
v 0.10207186 -0.17002992 -0.074075006
v 0.13382839 -0.13101737 -0.074075
v 0.09064744 -0.15842685 -0.074075006
v 0.12560777 -0.120015524 -0.074075
v 0.08152636 -0.14382328 -0.074075006
v 0.12246682 -0.113204695 -0.074075
v 0.075092085 -0.12987117 -0.074075006
v 0.12098213 -0.10725268 -0.074075
v 0.07140554 -0.115091994 -0.074075006
v 0.12061647 -0.10197701 -0.074075
v 0.07052048 -0.10232264 -0.074075006
v 0.120971814 -0.09556978 -0.074075
v 0.071203455 -0.090007685 -0.074075006
v 0.12160408 -0.09182346 -0.074075
v 0.072652414 -0.0814222 -0.074075006
v 0.12327305 -0.08532894 -0.074075
v 0.075515546 -0.07028084 -0.074075006
v 0.1263041 -0.077250615 -0.074075
v 0.080871575 -0.05600601 -0.074075006
v 0.13180587 -0.06754836 -0.074075
v 0.0918462 -0.036652446 -0.074075006
v 0.13940677 -0.06017354 -0.074075
v 0.14798905 -0.1354994 -0.074075
v 0.16336446 -0.18329436 -0.074075006
v 0.15026441 -0.13498972 -0.074075
v 0.15533923 -0.185092 -0.074075006
v 0.14582068 -0.13565998 -0.074075
v 0.14592847 -0.1857889 -0.074075006
v 0.14295442 -0.13546011 -0.074075
v 0.13468625 -0.18500498 -0.074075006
v 0.13912477 -0.13443683 -0.074075
v 0.1186155 -0.18071088 -0.074075006
v 0.1097664 -0.019265288 -0.074075006
v 0.14384696 -0.05784082 -0.074075
v 0.124558724 -0.011493903 -0.074075006
v 0.14773111 -0.056617983 -0.074075
v 0.13570248 -0.007985556 -0.074075006
v 0.15139791 -0.055950966 -0.074075
v 0.14768332 -0.0058061485 -0.074075006
v 0.1556649 -0.056087792 -0.074075
v 0.1620011 -0.006265273 -0.074075006
v 0.16140364 -0.05737673 -0.074075
v 0.17715123 -0.009668044 -0.07407501
v 0.16652027 -0.05964145 -0.074075
v 0.19165374 -0.016087137 -0.07407501
v 0.17056443 -0.0625905 -0.074075
v 0.207761 -0.027832732 -0.07407501
v 0.18081614 -0.07885888 -0.074075
v 0.22745287 -0.059081655 -0.07407501
v 0.18289034 -0.08733989 -0.074075
v 0.2329638 -0.08161467 -0.07407501
v 0.18279119 -0.09548185 -0.074075
v 0.23273566 -0.1003466 -0.07407501
v 0.18184048 -0.10064725 -0.074075
v 0.23057894 -0.112064436 -0.07407501
v 0.18029508 -0.10605832 -0.074075
v 0.22707334 -0.124338984 -0.07407501
v 0.17503367 -0.11649624 -0.074075
v 0.21693467 -0.14445278 -0.07407501
v 0.16900323 -0.123514295 -0.074075
v 0.20399964 -0.15950617 -0.07407501
v 0.16124775 -0.12980911 -0.074075
v 0.19096486 -0.17008597 -0.07407501
v 0.15779985 -0.13211523 -0.074075
v 0.1820778 -0.17603007 -0.07407501
v 0.15414523 -0.13374962 -0.074075
v 0.1720162 -0.18052971 -0.07407501
v 0.05661377 -0.05068868 -0.07439621
v 0.007139948 -0.043196928 -0.07738852
v 0.0555385 -0.056762606 -0.07434476
v 0.053195875 -0.062842466 -0.07435765
v 0.0039176545 -0.05197064 -0.0773908
v 0.04932373 -0.07296448 -0.07437768
v -0.0024054847 -0.06352702 -0.077381246
v 0.039083872 -0.09170219 -0.07457092
v 0.0571338 -0.048167657 -0.074413806
v 0.058437187 -0.041195106 -0.07446935
v 0.00815314 -0.03856103 -0.07740262
v 0.059400916 -0.033997696 -0.07454609
v 0.009131931 -0.033318724 -0.07742304
v 0.060257584 -0.025870621 -0.07464451
v 0.009827337 -0.02809985 -0.077414714
v -0.007961647 -0.070229195 -0.077413015
v 0.027229885 -0.10602361 -0.07492336
v 0.05977554 -0.015902435 -0.07484316
v 0.010204638 -0.02449528 -0.07740798
v 0.058572955 -0.0071045803 -0.07505798
v 0.010011158 -0.020555157 -0.077427626
v -0.014444917 -0.075428255 -0.077492855
v 0.013551423 -0.117012136 -0.07542678
v 0.057188947 0.0011979608 -0.07527339
v 0.009200104 -0.014653536 -0.07748175
v 0.053690225 0.011729007 -0.07563522
v 0.008574652 -0.010918873 -0.07751823
v -0.020347504 -0.07873129 -0.07760217
v 0.0007877674 -0.12416776 -0.07595065
v 0.04712024 0.025424728 -0.07620847
v 0.00729993 -0.007090401 -0.07758772
v -0.033081647 -0.23266278 -0.076625
v -0.003893541 -0.19039312 -0.076625
v -0.04201855 -0.22277956 -0.07662499
v -0.011145033 -0.18130054 -0.076625
v -0.050666552 -0.21193592 -0.07662499
v -0.01613401 -0.17467745 -0.076625
v -0.056604322 -0.20405327 -0.07662499
v -0.022088295 -0.16616096 -0.076625
v -0.0636832 -0.19392827 -0.07662499
v -0.029304309 -0.15483066 -0.076625
v -0.07231319 -0.1803778 -0.07662499
v -0.037223335 -0.14050204 -0.076625
v -0.08237017 -0.16218078 -0.07662499
v -0.04363842 -0.12491538 -0.076625
v -0.090880476 -0.1415034 -0.07662499
v -0.04539917 -0.11890358 -0.076625
v -0.09368701 -0.1319209 -0.07662499
v -0.046233796 -0.115518264 -0.076625
v -0.09512635 -0.1260828 -0.07662499
v -0.047138955 -0.110651515 -0.076625
v -0.09654232 -0.11846963 -0.07662499
v -0.047973286 -0.10427032 -0.076625
v -0.0976646 -0.10988609 -0.07662499
v -0.04871075 -0.096535854 -0.076625
v -0.09858736 -0.1002083 -0.07662499
v -0.049172323 -0.0876564 -0.076625
v -0.099163294 -0.08912868 -0.07662499
v -0.049223073 -0.08035385 -0.076625
v -0.09923034 -0.07948186 -0.07662499
v -0.048749678 -0.069040716 -0.076625
v -0.0986656 -0.065985866 -0.07662499
v -0.047661044 -0.055534244 -0.076625
v -0.09743864 -0.05076315 -0.07662499
v -0.046930417 -0.048960328 -0.076625
v -0.0965626 -0.042880844 -0.07662499
v -0.04613058 -0.04298572 -0.076625
v -0.09563889 -0.03598095 -0.07662499
v -0.045212224 -0.036827084 -0.076625
v -0.09459291 -0.028966403 -0.07662499
v -0.044319347 -0.0315527 -0.076625
v -0.0935298 -0.022686455 -0.07662499
v -0.043457095 -0.02704055 -0.076625
v -0.092471726 -0.017149579 -0.07662499
v -0.04270476 -0.02350085 -0.076625
v -0.091595076 -0.013024978 -0.07662499
v -0.041846793 -0.019528871 -0.076625
v -0.090609275 -0.008461183 -0.07662499
v -0.041033734 -0.016112508 -0.076625
v -0.089608036 -0.004254138 -0.07662499
v -0.040207725 -0.012812242 -0.076625
v -0.08862772 -0.00033733703 -0.07662499
v -0.039383527 -0.009702298 -0.076625
v -0.087642096 0.0033817415 -0.07662499
v -0.038532615 -0.006633136 -0.076625
v -0.08659034 0.0071753273 -0.07662499
v -0.03725909 -0.002351947 -0.076625
v -0.08502639 0.01243281 -0.07662499
v -0.035813015 0.0021439304 -0.076625
v -0.08322593 0.01803048 -0.07662499
v -0.034061957 0.0071670385 -0.076625
v -0.080913864 0.024662899 -0.07662499
v -0.02944584 0.018745875 -0.076625
v -0.07498353 0.03953826 -0.07662499
v -0.023134086 0.030950097 -0.076625
v -0.06650764 0.05592699 -0.07662499
v -0.01850547 0.038208734 -0.076625
v -0.05946781 0.06696691 -0.07662499
v -0.013667474 0.04448688 -0.076625
v -0.051431276 0.07739573 -0.07662499
v -0.005991424 0.05229205 -0.076625
v -0.03980816 0.089214355 -0.07662499
v 0.0021180308 0.058975685 -0.076625
v -0.028337259 0.09866842 -0.076625
v 0.025142957 -0.20487216 -0.076625
v 0.029404456 -0.25563163 -0.076625
v 0.032358337 -0.20565775 -0.076625
v 0.017975073 -0.25438723 -0.076625
v 0.02034219 -0.20400314 -0.076625
v 0.009970466 -0.25293827 -0.076625
v 0.016953414 -0.20317875 -0.076625
v 0.004163982 -0.2515257 -0.076625
v 0.014267889 -0.20241062 -0.076625
v -0.00047149762 -0.25019985 -0.076625
v 0.010572906 -0.20118716 -0.076625
v -0.006777213 -0.24811195 -0.076625
v 0.006299302 -0.1994377 -0.076625
v -0.0139358435 -0.24518143 -0.076625
v 0.0026075677 -0.19739823 -0.076625
v -0.024141692 -0.24032164 -0.076625
v 0.007950397 0.06313614 -0.076625
v -0.019987743 0.10462445 -0.076625
v 0.012831025 0.06623476 -0.076625
v -0.012852812 0.1091543 -0.076625
v 0.019876149 0.0702018 -0.076625
v -0.0029100522 0.11475296 -0.076625
v 0.02868523 0.07427078 -0.076625
v 0.009429867 0.12045286 -0.076625
v 0.03427602 0.07635823 -0.076625
v 0.01768606 0.12353551 -0.076625
v 0.037651658 0.07747294 -0.076625
v 0.022657782 0.12517726 -0.076625
v 0.040249024 0.07824835 -0.076625
v 0.027257478 0.12655047 -0.076625
v 0.042703897 0.07883709 -0.076625
v 0.030385127 0.12730055 -0.076625
v 0.0451094 0.07948332 -0.076625
v 0.033480976 0.12813224 -0.076625
v 0.04884312 0.08026665 -0.076625
v 0.05255722 -0.20502901 -0.076625
v 0.065762736 -0.2536462 -0.076625004
v 0.057848185 -0.20426975 -0.076625
v 0.05822278 -0.2547282 -0.076625004
v 0.043828603 -0.20576821 -0.076625
v 0.045701608 -0.25578856 -0.076625004
v 0.03929586 0.12935218 -0.076625004
v 0.05265164 0.0809495 -0.076625
v 0.04583127 0.13052396 -0.076625004
v 0.055452585 0.0812193 -0.076625
v 0.0499363 0.13091938 -0.076625004
v 0.061129756 0.081932954 -0.076625
v 0.056981593 0.131805 -0.076625004
v 0.06697053 0.08217209 -0.076625
v 0.06658043 0.13219802 -0.076625004
v 0.07249609 0.08203213 -0.076625
v 0.075330175 0.13197638 -0.076625004
v 0.0768921 0.08164408 -0.076625
v 0.08211883 0.13137713 -0.076625004
v 0.08245561 0.08096545 -0.076625
v 0.09024298 0.13038616 -0.076625004
v 0.08519865 0.08043451 -0.076625
v 0.09376924 0.12970361 -0.076625004
v 0.08871296 0.07989163 -0.076625
v 0.09808581 0.1290368 -0.076625004
v 0.0921129 0.07911832 -0.076625
v 0.10368263 0.12776381 -0.07662501
v 0.09541603 0.07829823 -0.076625
v 0.10826025 0.12662731 -0.07662501
v 0.09810985 0.07753478 -0.076625
v 0.11226741 0.12549163 -0.07662501
v 0.101154566 0.076599754 -0.076625
v 0.11664297 0.124147914 -0.07662501
v 0.10579651 0.075000174 -0.076625
v 0.123137034 0.12191011 -0.07662501
v 0.114852846 0.071421705 -0.076625
v 0.13491324 0.11725693 -0.07662501
v 0.12442684 0.06681122 -0.076625
v 0.14749588 0.11119758 -0.07662501
v 0.13062207 0.063347265 -0.076625
v 0.1560292 0.106426336 -0.07662501
v 0.1357312 0.060173113 -0.076625
v 0.1631655 0.10199276 -0.07662501
v 0.14090593 0.05659271 -0.076625
v 0.17053658 0.09689269 -0.07662501
v 0.14633879 0.052352514 -0.076625
v 0.17854218 0.09064454 -0.07662501
v 0.15594186 0.04365833 -0.076625
v 0.19196871 0.078488775 -0.07662501
v 0.16447036 0.033573918 -0.076625
v 0.20393145 0.064343594 -0.07662501
v 0.16771853 0.029048428 -0.076625
v 0.20895533 0.057344105 -0.07662501
v 0.1693558 0.026550708 -0.076625
v 0.2117943 0.053013153 -0.07662501
v 0.17202656 0.022042958 -0.076625
v 0.21615246 0.045657407 -0.07662501
v 0.17499642 0.015861524 -0.076625
v 0.22109972 0.035360236 -0.07662501
v 0.17723764 0.009766315 -0.076625
v 0.22518542 0.024248764 -0.07662501
v 0.17841148 0.0048485403 -0.076625
v 0.22732525 0.015284009 -0.07662501
v 0.17930125 0.00012219897 -0.076625
v 0.22865175 0.00823775 -0.07662501
v 0.18007238 -0.005353869 -0.076625
v 0.22979978 8.525071E-05 -0.07662501
v 0.18084218 -0.015204138 -0.076625
v 0.23085661 -0.0134378215 -0.07662501
v 0.18074684 -0.028107366 -0.076625
v 0.23073219 -0.030278489 -0.07662501
v 0.17999665 -0.037532505 -0.076625
v 0.22975622 -0.04254013 -0.07662501
v 0.17928627 -0.043366473 -0.076625
v 0.22885211 -0.049965065 -0.07662501
v 0.17826295 -0.050447103 -0.076625
v 0.22762738 -0.05843928 -0.07662501
v 0.17750765 -0.054657806 -0.076625
v 0.22665384 -0.06386664 -0.07662501
v 0.17670052 -0.05878846 -0.076625
v 0.22570263 -0.068734735 -0.07662501
v 0.17573735 -0.06336247 -0.076625
v 0.22457755 -0.07407757 -0.07662501
v 0.17484185 -0.067286 -0.076625
v 0.22348681 -0.078856535 -0.07662501
v 0.17400722 -0.07065802 -0.076625
v 0.2224773 -0.08293508 -0.07662501
v 0.17315684 -0.07394025 -0.076625
v 0.22145478 -0.08688173 -0.07662501
v 0.17243533 -0.07654636 -0.076625
v 0.22055738 -0.09012314 -0.07662501
v 0.17162965 -0.07934945 -0.076625
v 0.21967705 -0.09318601 -0.07662501
v 0.17054968 -0.08309246 -0.076625
v 0.21845959 -0.09740546 -0.07662501
v 0.16902648 -0.088021554 -0.076625
v 0.21664754 -0.10326934 -0.07662501
v 0.167668 -0.092120364 -0.076625
v 0.21500826 -0.10821533 -0.07662501
v 0.16481866 -0.100294486 -0.076625
v 0.21180137 -0.11741519 -0.07662501
v 0.16182898 -0.10815399 -0.076625
v 0.2083206 -0.12656572 -0.07662501
v 0.15752898 -0.118595324 -0.076625
v 0.20332637 -0.1386928 -0.07662501
v 0.1509783 -0.13264076 -0.076625
v 0.19556569 -0.15533258 -0.07662501
v 0.14660132 -0.14055601 -0.076625
v 0.18965444 -0.1660224 -0.07662501
v 0.1448085 -0.1433955 -0.076625
v 0.18657646 -0.17089735 -0.07662501
v 0.13902399 -0.15182541 -0.076625
v 0.17942503 -0.1813193 -0.07662501
v 0.13306706 -0.15950409 -0.076625
v 0.17155232 -0.19146745 -0.07662501
v 0.122880235 -0.17097045 -0.076625
v 0.15819947 -0.20649754 -0.07662501
v 0.11117561 -0.1812467 -0.076625
v 0.14252627 -0.22025804 -0.07662501
v 0.10484234 -0.18589738 -0.076625
v 0.13339594 -0.22696267 -0.07662501
v 0.10127493 -0.18824364 -0.076625
v 0.12792706 -0.23055951 -0.07662501
v 0.09630444 -0.19123918 -0.076625
v 0.120396554 -0.23509789 -0.07662501
v 0.086390525 -0.19617888 -0.076625
v 0.10664796 -0.24194825 -0.07662501
v 0.07907204 -0.1990268 -0.076625
v 0.09570816 -0.24620536 -0.076625004
v 0.07387341 -0.20067672 -0.076625
v 0.08981305 -0.24807362 -0.076625004
v 0.07034141 -0.20167544 -0.076625
v 0.08730583 -0.2488761 -0.076625004
v 0.08295153 -0.25006232 -0.076625004
v 0.06676381 -0.20252958 -0.076625
v 0.078726456 -0.25111377 -0.076625004
v 0.0627324 -0.20340443 -0.076625
v 0.07633283 -0.2516086 -0.076625004
v 0.072464556 -0.25245887 -0.076625004
v -0.027895227 -0.08126696 -0.07780053
v -0.016279165 -0.13063763 -0.07670528
v 0.03404463 0.042259436 -0.077167295
v 0.004404938 -0.0010640244 -0.077743955
v -0.028646344 -0.13140719 -0.07732055
v 0.02020326 0.052403767 -0.07804818
v -0.001115951 0.006041072 -0.07808624
v -0.031167021 -0.08121472 -0.07793524
v -0.034333 -0.13111869 -0.07761469
v -0.035945345 -0.08085346 -0.07814934
v -0.044478532 -0.13035266 -0.07814385
v -0.029552191 -0.05187974 -0.07637247
v -0.024355173 -0.1023544 -0.08
v -0.018002061 -0.052845772 -0.076331235
v -0.019644918 -0.10317296 -0.08
v -0.008710695 -0.05445854 -0.076357424
v -0.015784292 -0.10423936 -0.08
v 0.00072671624 -0.05705842 -0.07645234
v -0.04181372 -0.052606195 -0.076540686
v -0.030127574 -0.10187309 -0.08
v -0.0058111944 0.009481786 -0.0783635
v -0.00852827 -0.10755829 -0.08002466
v 0.0152388755 -0.063235275 -0.07675304
v -0.048910838 -0.054294627 -0.076728106
v -0.03444367 -0.102132976 -0.08
v -0.04111832 -0.079443686 -0.078430966
v -0.03858722 -0.10310798 -0.08
v -0.051649835 -0.054861993 -0.07679446
v 0.020431861 -0.06691397 -0.076964945
v -0.05738453 -0.05661701 -0.076973654
v 0.007728529 0.05855256 -0.078789786
v -0.057525333 -0.12679712 -0.07886924
v -0.007265614 -0.1084489 -0.08007111
v 0.026404083 -0.070644855 -0.07717314
v -0.06515846 -0.05924497 -0.077234246
v -0.041997768 -0.104095355 -0.08007189
v -0.011350499 0.012212011 -0.07868021
v -0.0043011354 -0.110299885 -0.08018682
v -0.04996679 -0.07568207 -0.07899433
v -0.077905245 -0.06543385 -0.07779506
v -0.046093192 -0.105479 -0.08022087
v -0.0013429223 -0.11308254 -0.08037555
v 0.035239752 -0.07896076 -0.077679776
v -0.0014390681 0.061620533 -0.07930943
v -0.013716883 0.013003932 -0.07881457
v -0.08963866 -0.0730633 -0.07844856
v -0.053196397 -0.10892575 -0.080564044
v 0.0051082303 -0.12088829 -0.08092361
v 0.04680543 -0.09296306 -0.07856434
v -0.013932628 0.06377477 -0.07998221
v -0.018702468 0.013863534 -0.07908914
v -0.07868048 -0.11780421 -0.08010181
v -0.06301873 -0.062315892 -0.08020274
v -0.10576882 -0.08830159 -0.07968431
v -0.058529414 -0.112391494 -0.0808911
v -0.029109523 0.06404724 -0.080758534
v -0.026248528 0.013998741 -0.0794913
v 0.009784696 -0.12955096 -0.08153784
v 0.05622789 -0.1104249 -0.079715
v -0.0033019425 0.005324226 -0.0796064
v -0.05058971 -0.012661447 -0.081127614
v 0.00044790396 -0.0125204995 -0.07952156
v -0.052103996 -0.020073466 -0.081180595
v -0.0052181818 -0.04025953 -0.079753
v -0.010514672 0.021125449 -0.07980454
v -0.0510658 -0.010393828 -0.08115176
v -0.041205473 0.062408507 -0.081344835
v -0.03154293 0.013281061 -0.07976451
v -0.054169793 -0.023024399 -0.08126455
v -0.020256655 0.03277637 -0.080090456
v -0.053171277 -0.005780593 -0.08121895
v -0.05629299 -0.032091558 -0.081341006
v -0.0075889924 -0.04364552 -0.07983431
v -0.008607685 -0.047870565 -0.079874486
v -0.0095786955 -0.05023284 -0.07990963
v -0.05716609 -0.034956552 -0.081373855
v -0.0109632695 -0.054628808 -0.07996169
v -0.115994774 -0.10259589 -0.08079686
v -0.067869775 -0.121210955 -0.081678554
v -0.055331398 -0.0035088097 -0.08128402
v -0.03530886 0.043771073 -0.08054544
v -0.058628317 -0.037638973 -0.08143232
v -0.017556412 -0.06672194 -0.08019289
v -0.05349001 0.05918426 -0.08191303
v -0.036758795 0.011911427 -0.08002726
v -0.06190001 -0.041279327 -0.08155578
v -0.031973872 -0.08276208 -0.080678836
v 0.011950834 -0.13678205 -0.082062386
v 0.060445428 -0.12451036 -0.080675356
v -0.10349762 -0.09240997 -0.08180708
v -0.063019656 0.049465388 -0.08141051
v -0.06768354 -0.05380041 -0.08079436
v -0.06658725 -0.04307988 -0.08170403
v -0.050928473 -0.09104894 -0.081293546
v -0.056298908 -0.029164938 -0.08134603
v -0.07229539 0.050632257 -0.08271966
v -0.0467757 0.0073536313 -0.08051796
v -0.06712967 -0.000732912 -0.081654035
v -0.06334407 -0.0933123 -0.08169022
v -0.0729438 -0.12830025 -0.0822896
v -0.12575561 -0.12232474 -0.082291
v 0.013031632 -0.14188936 -0.08243472
v 0.06231622 -0.13335477 -0.08128576
v -0.07182392 -0.00091601204 -0.08179611
v -0.079469584 0.04882378 -0.08193163
v -0.113724984 -0.07377396 -0.082652576
v -0.0698548 -0.047094233 -0.081175774
v -0.06977558 -0.04301801 -0.081800774
v -0.073257565 -0.09319236 -0.08200332
v -0.078221075 -0.0035076593 -0.081993
v -0.052542068 -0.13148601 -0.07928761
v -0.026956154 -0.17663343 -0.08602696
v -0.027858159 -0.12540069 -0.077927016
v -0.008208775 -0.13046722 -0.078321055
v -0.091317736 0.036416635 -0.08343838
v -0.057332255 -0.0005412341 -0.081022285
v -0.081364356 -0.09183035 -0.082256965
v -0.07928903 -0.03950591 -0.08208428
v -0.08729932 -0.08995794 -0.08244101
v 0.014163136 -0.15005885 -0.083006375
v 0.0638817 -0.14465795 -0.08207371
v -0.09049926 -4.1114807E-05 -0.082368635
v -0.11825951 -0.0598132 -0.083126985
v -0.07088124 -0.04193921 -0.081431285
v -0.02468557 -0.17783692 -0.0861889
v 0.0048881937 -0.1370462 -0.079060934
v -0.10402824 0.055998802 -0.082694285
v -0.12050132 -0.048612673 -0.083436616
v -0.07140892 -0.034178924 -0.08159789
v -0.106524885 0.019185793 -0.083910465
v -0.06432428 -0.008472692 -0.08135898
v -0.10645594 -0.08265438 -0.08303269
v 0.016345304 -0.14891353 -0.08061915
v -0.07067727 -0.14479147 -0.081604
v -0.030670648 -0.17704459 -0.08601786
v -0.12151276 -0.03374378 -0.08374778
v -0.07065352 -0.025465487 -0.081667945
v -0.115733616 -0.0005831616 -0.08403327
v -0.0688205 -0.018147226 -0.081594445
v -0.11569565 -0.073863715 -0.08330812
v -0.084564805 -0.034486577 -0.08224005
v -0.11261761 0.006420662 -0.08302877
v -0.08617722 -0.03102394 -0.082287334
v -0.07944106 -0.14143185 -0.08330058
v -0.098896585 -0.02677424 -0.082696885
v -0.11831325 -0.0095402915 -0.08400794
v -0.06984856 -0.021729615 -0.08165004
v -0.12014543 -0.018019166 -0.08395296
v -0.13050738 -0.13638525 -0.083334886
v 0.015156946 -0.16224435 -0.08385954
v 0.06525384 -0.16148154 -0.08325561
v -0.02264327 -0.18099897 -0.08654641
v 0.02356055 -0.1615598 -0.08237141
v -0.16130927 0.05939662 -0.08449827
v -0.08247798 -0.1504183 -0.083963074
v -0.1323797 -0.14389287 -0.08388594
v -0.13588534 0.007800785 -0.08374109
v -0.1658027 -0.05594001 -0.08485796
v -0.1346076 -0.013999576 -0.08384242
v 0.014831344 -0.1688521 -0.08432278
v 0.064706765 -0.17258571 -0.08404952
v -0.090170674 -0.16704927 -0.08527963
v -0.036438517 -0.1813437 -0.08625668
v -0.13362066 -0.14964136 -0.08430605
v -0.08366817 -0.15519094 -0.084307425
v -0.13919179 -0.0077712885 -0.08395534
v -0.084425196 -0.15869777 -0.08455941
v 0.01386745 -0.17851399 -0.08500465
v 0.063544445 -0.18423705 -0.08488815
v -0.18651621 0.022176838 -0.0853652
v -0.13964044 0.0022546288 -0.08390359
v -0.13507909 -0.15914877 -0.08499521
v -0.18567155 -0.028941348 -0.08543497
v -0.14050958 -0.0018738145 -0.08396414
v -0.19164832 -0.0021794003 -0.08557337
v -0.02073766 -0.18723482 -0.08714105
v 0.028593574 -0.17786816 -0.0847096
v -0.08534101 -0.16466802 -0.08498375
v 0.012932333 -0.18568693 -0.085512
v 0.062408637 -0.19294938 -0.08551777
v 0.012133949 -0.19057605 -0.08585948
v 0.061416496 -0.19902496 -0.08595874
v -0.13671476 -0.1828909 -0.086697124
v -0.08659035 -0.18280075 -0.086258024
v 0.011246768 -0.19550796 -0.08621094
v 0.060313344 -0.20512347 -0.086402394
v 0.010285846 -0.20032819 -0.086555466
v -0.019696955 -0.19893013 -0.08853867
v 0.030485973 -0.19892962 -0.08781393
v -0.048084702 -0.19469313 -0.0880477
v -0.098965645 -0.1849126 -0.08810369
v 0.0102009615 -0.21316491 -0.08745105
v 0.060191836 -0.21440087 -0.087062515
v -0.13506263 -0.20529166 -0.0882725
v -0.08531034 -0.20015867 -0.087465905
v 0.009693963 -0.2253048 -0.08830164
v 0.05956257 -0.22947226 -0.08813899
v -0.13400209 -0.21314454 -0.08882018
v -0.08456766 -0.20565818 -0.08784782
v 0.008922399 -0.23146717 -0.08874027
v 0.058386426 -0.23886588 -0.08881738
v -0.13233854 -0.22289233 -0.089496724
v -0.08329802 -0.21309796 -0.088362105
v -0.051707376 -0.20237322 -0.08951254
v -0.101085976 -0.19394 -0.08948814
v -0.0815651 -0.22055693 -0.088871054
v 0.007943013 -0.23708455 -0.089141525
v 0.057066232 -0.2464379 -0.08936777
v -0.0806733 -0.23008285 -0.08953759
v -0.08002321 -0.22528975 -0.089190975
v 0.007066884 -0.2413125 -0.08944502
v -0.13082258 -0.22941695 -0.08994574
v -0.021310976 -0.21777594 -0.09100828
v 0.05594748 -0.25183654 -0.08976186
v 0.006230589 -0.24504028 -0.08971423
v 0.028201742 -0.22563474 -0.091836154
v 0.0548681 -0.25664768 -0.090113856
v 0.0055572814 -0.2476884 -0.08990834
v -0.025165815 -0.24594119 -0.09009629
v -0.021371284 -0.24708472 -0.09015236
v -0.021581875 -0.24549139 -0.09003847
v 0.053576734 -0.26172662 -0.090486884
v -0.102429055 -0.20377123 -0.090978116
v -0.052303493 -0.20625447 -0.09017954
v -0.13317446 -0.25501356 -0.09178618
v 0.00091694476 -0.2616215 -0.090940565
v -0.01735728 -0.2614715 -0.09112155
v -0.03036072 -0.24712203 -0.090232395
v -0.05572628 -0.25374314 -0.090961404
v -0.03538322 -0.24786775 -0.090336025
v -0.04248254 -0.24807182 -0.09042276
v -0.08298518 -0.25524434 -0.09135277
v -0.047921676 -0.2475895 -0.09044423
v -0.05238682 -0.24723902 -0.09046538
v 0.047122996 -0.2811046 -0.091924645
v -0.0143335955 -0.27619407 -0.09216874
v -0.022323139 -0.22201613 -0.09162804
v -0.1018694 -0.21724518 -0.092976056
v -0.05195431 -0.21459463 -0.09153065
v -0.008536179 -0.27980796 -0.092387706
v -0.14210288 0.108387195 -0.08819502
v -0.09381554 0.09338124 -0.09575
v -0.13345091 0.12364384 -0.0878609
v -0.087542705 0.099585034 -0.09575
v -0.11693374 0.14005968 -0.08828289
v -0.013192452 -0.28259715 -0.0926696
v -0.012264601 -0.28391287 -0.092766844
v -0.1462234 0.096575156 -0.088733226
v -0.096794404 0.088096656 -0.09575
v -0.08280906 0.10203661 -0.09575
v -0.1017304 0.14807037 -0.08926331
v -0.07378621 -0.2812549 -0.09315337
v -0.14904815 0.084347 -0.08944663
v -0.09849088 0.08314495 -0.095750175
v 0.02624004 -0.2338485 -0.09309643
v -0.023093581 -0.22500674 -0.09206072
v -0.07812675 0.10350467 -0.09575008
v -0.0876128 0.15263169 -0.09041364
v -0.14937876 0.07112783 -0.09051309
v -0.09952768 0.0785084 -0.09575109
v -0.13056725 -0.28611034 -0.093970135
v -0.080846965 -0.28074178 -0.093173616
v 0.025326699 -0.23739135 -0.09364125
v -0.024938276 -0.23200212 -0.09310564
v 0.033392787 -0.30752453 -0.09393179
v -0.10115775 -0.22695892 -0.094410755
v -0.051432878 -0.22167659 -0.0926673
v -0.07345768 0.1036961 -0.09576749
v -0.07334243 0.15388897 -0.09185605
v -0.14740537 0.05981288 -0.091670565
v -0.099579796 0.07528557 -0.09575155
v -0.10478796 0.10100464 -0.0908121
v -0.05703572 0.11735612 -0.09584332
v -0.10659077 0.1121053 -0.09090123
v -0.05734542 0.123525314 -0.09577555
v -0.107011534 0.12008961 -0.09104111
v -0.101015545 0.090297244 -0.09090202
v -0.056391317 0.1133556 -0.09587002
v -0.057549294 0.12802002 -0.09571675
v -0.10785671 0.1296138 -0.09117827
v -0.09420552 0.07674996 -0.091192
v -0.055163782 0.10987859 -0.095872566
v -0.10558021 0.14250164 -0.09165972
v -0.079156764 0.060619928 -0.092137605
v -0.053010043 0.10561129 -0.09587546
v -0.056416947 0.13125119 -0.09579274
v -0.10026002 0.15598206 -0.09241752
v -0.14341216 0.047146842 -0.093159705
v -0.09900352 0.07207182 -0.09591087
v -0.06006193 0.15240425 -0.09341978
v -0.12904657 -0.29741767 -0.09475881
v -0.07943235 -0.28714412 -0.09344914
v -0.06369474 0.050858628 -0.093259566
v -0.04724033 0.09946846 -0.095874995
v 0.023149662 -0.24564412 -0.09491129
v -0.027494937 -0.24009119 -0.09451298
v -0.05151343 0.13777357 -0.09614433
v -0.08522446 0.17604297 -0.09416098
v 0.011696081 -0.33366206 -0.09599463
v -0.051542383 0.047099534 -0.09422775
v -0.042788345 0.09668251 -0.095874995
v -0.13731262 0.036729183 -0.09468974
v -0.09763612 0.067828685 -0.09604487
v -0.037373196 -0.3339316 -0.09648045
v -0.12406758 -0.3128161 -0.09580518
v -0.067897305 0.101712756 -0.09591505
v -0.046143472 0.14686798 -0.09539052
v -0.04434796 -0.32470843 -0.095891684
v -0.04970724 -0.33155105 -0.09642867
v -0.09825704 -0.24632075 -0.09724323
v -0.048889607 -0.23860423 -0.09532562
v -0.041203644 0.04510669 -0.09507805
v -0.039517496 0.09568337 -0.095874995
v -0.10688225 -0.33124685 -0.09695083
v -0.0322922 0.00017398583 -0.09522501
v -0.050368633 0.04753049 -0.09522501
v -0.0412227 -0.0016321136 -0.095225
v -0.056139667 0.046549857 -0.09522501
v -0.0480979 -0.0028003708 -0.095225
v -0.05966672 0.045999642 -0.09522501
v -0.053482424 -0.003640347 -0.095225
v -0.062288683 0.04575473 -0.09522501
v -0.057309784 -0.003997853 -0.095225
v -0.06599901 0.045358665 -0.09522501
v -0.06484318 -0.004802022 -0.095225
v -0.07083222 0.045650303 -0.09522501
v -0.07522904 -0.0041753324 -0.095225
v -0.073663674 0.045979556 -0.09522501
v -0.081918284 -0.0033974778 -0.095225
v -0.078398384 0.047119565 -0.09522501
v -0.09053553 -0.001510969 -0.095225
v -0.08303975 0.048665132 -0.09522501
v -0.09504663 -4.3836237E-05 -0.095225
v -0.10133689 0.0020637736 -0.095225
v -0.09245838 0.052927513 -0.09522501
v -0.11975049 0.010396811 -0.095225
v -0.10288464 0.06199981 -0.09522501
v -0.14014049 0.02813897 -0.095225
v -0.10485919 0.06503238 -0.09522501
v -0.14853303 0.03987818 -0.095225
v -0.10704823 0.071264245 -0.09522501
v -0.15146147 0.04687245 -0.095225
v -0.1556698 0.057565045 -0.095225
v -0.10761487 0.07718282 -0.09522501
v -0.15690283 0.06686824 -0.095225
v -0.15788369 0.0780663 -0.095225
v -0.10696935 0.08242538 -0.09522501
v -0.1561187 0.09240052 -0.095225
v -0.1062099 0.085086875 -0.09522501
v -0.15381739 0.10046559 -0.095225
v -0.10522201 0.087819114 -0.09522501
v -0.15135977 0.10726269 -0.095225
v -0.102232896 0.09399547 -0.09522501
v -0.14551075 0.11934843 -0.095225
v -0.099148974 0.09841617 -0.09522501
v -0.13773318 0.13049732 -0.095225
v -0.09168526 0.105988994 -0.09522501
v -0.1251735 0.14324062 -0.095225
v -0.08195837 0.113724366 -0.09522501
v -0.111522675 0.15409651 -0.095225
v -0.078193806 0.116257526 -0.09522501
v -0.10595228 0.15784483 -0.095225
v -0.073953435 0.11906499 -0.09522501
v -0.102689736 0.16000488 -0.095225
v -0.063493304 0.12684001 -0.09522501
v -0.093572475 0.16678174 -0.095225
v -0.053905476 0.13415499 -0.09522501
v -0.07954735 0.17748213 -0.095225
v -0.048453636 0.13657026 -0.09522501
v -0.06515059 0.18386015 -0.095225
v -0.045336988 0.13740534 -0.09522501
v -0.055646133 0.1864068 -0.095225
v -0.040825646 0.13810067 -0.09522501
v -0.045142867 0.18802568 -0.095225
v -0.03532462 0.13820846 -0.09522501
v -0.031441387 0.18829416 -0.09522501
v -0.009702112 0.0070965574 -0.09522501
v 0.022515457 0.048607778 -0.09522501
v -0.011903189 0.0077523515 -0.09522501
v 0.00084073114 0.057202876 -0.09522501
v -0.015145393 0.059866246 -0.09522501
v -0.0036363069 0.05844639 -0.09522501
v -0.022815736 0.057267588 -0.09522501
v -0.031067347 0.05393641 -0.09522501
v -0.040933706 0.050173547 -0.09522501
v -0.023633173 0.0032587543 -0.09522501
v -0.045705747 0.04847351 -0.09522501
v -0.03085686 0.13742153 -0.09522501
v -0.018094026 0.18594323 -0.09522501
v -0.027376754 0.13619022 -0.09522501
v -0.005829848 0.18160398 -0.09522501
v -0.024241295 0.13428532 -0.09522501
v 0.0063915155 0.17417906 -0.09522501
v -0.020960487 0.13114373 -0.09522501
v 0.017128475 0.1638977 -0.09522501
v -0.017343728 0.12600617 -0.09522501
v 0.026077358 0.15118591 -0.09522501
v 0.029825324 0.14369707 -0.09522501
v -0.013402569 0.117582634 -0.09522501
v -0.011834458 0.11291041 -0.09522501
v -0.012703294 0.115396574 -0.09522501
v -0.008629221 0.1103593 -0.09522501
v 0.0026354434 0.101455346 -0.09522501
v 0.018589444 0.09285251 -0.09522501
v 0.033730198 -0.013381987 -0.09522501
v 0.030407948 0.0378601 -0.09522501
v 0.0059401635 -0.00914192 -0.09522501
v -0.006908022 0.0593657 -0.09522501
v 0.03216737 0.038634297 -0.09522501
v 0.084248446 0.021224393 -0.095225014
v 0.039544936 0.046571467 -0.09522501
v 0.067486905 0.0031914588 -0.095225014
v 0.05631168 -0.0071235085 -0.095225014
v 0.04749686 0.1340708 -0.095225014
v 0.03642772 0.076930605 -0.09522501
v 0.07676787 0.107944384 -0.095225014
v 0.041880567 0.0661628 -0.09522501
v 0.0894968 0.08280839 -0.095225014
v 0.04293942 0.06104045 -0.09522501
v 0.09324766 0.06466305 -0.095225014
v 0.042728204 0.057528704 -0.09522501
v 0.092302434 0.04894729 -0.095225014
v -0.08009327 -0.3392658 -0.09726562
v -0.13082466 0.028790353 -0.09605519
v -0.0962633 0.0655018 -0.09620948
v -0.036780592 0.09516448 -0.095874995
v 0.019694488 -0.25659457 -0.096606895
v -0.027063712 0.045269877 -0.09630475
v -0.06310562 0.09898471 -0.09636226
v -0.031031007 0.1495603 -0.097752474
v -0.049714494 0.1964976 -0.09768417
v -0.031815667 0.09522993 -0.0959165
v -0.034952786 -0.25873962 -0.09794128
v -0.03519912 0.1406517 -0.09709551
v -0.093974344 0.062704384 -0.09662082
v -0.013753894 0.047685 -0.09750937
v -0.028353978 0.09585811 -0.096222825
v -0.122658625 0.02085409 -0.09760236
v -0.092275895 0.06105066 -0.09708459
v -0.0003003776 0.05358997 -0.09880345
v -0.02405989 0.09774957 -0.0970619
v -0.09464069 -0.2670816 -0.10027107
v -0.04519815 -0.25977913 -0.09848262
v -0.02305158 0.15147284 -0.09848738
v -0.11100688 0.014174424 -0.099422686
v -0.08873433 0.05921669 -0.09759972
v -0.045122545 0.08480241 -0.100256346
v 0.010962182 -0.27849016 -0.100030795
v 0.0111796325 0.061104964 -0.09996238
v -0.01883143 0.10121711 -0.098901205
v -0.029923785 0.20124112 -0.09950078
v -0.015020393 0.15175739 -0.099277526
v -0.04100748 -0.27096656 -0.10011903
v -0.10153222 0.010735993 -0.10073668
v 0.0149353715 0.06432351 -0.10035831
v -0.01141992 0.1075647 -0.09960852
v -0.0917299 0.008825349 -0.10195881
v -0.08244218 0.057832588 -0.098389074
v -0.0026855655 0.11501284 -0.1027587
v -0.093494646 -0.2757697 -0.10154493
v -0.044065442 -0.26837227 -0.09972071
v 0.01871519 0.06555761 -0.100712515
v -0.011573388 0.20189515 -0.10110252
v -0.010873739 0.15100384 -0.099706255
v 0.0071663605 0.11517147 -0.101117395
v -0.088543914 0.008182212 -0.102357864
v -0.0756016 0.056696117 -0.099232756
v -0.06748445 0.05360815 -0.10046031
v 0.00066117494 0.19968137 -0.102111936
v -0.006075976 0.14954576 -0.100212835
v 0.013890508 0.1157411 -0.101681285
v -0.09167254 -0.28598598 -0.10303412
v -0.042930733 -0.27160618 -0.10019054
v 0.0025503684 -0.29612896 -0.10281434
v 0.03467646 0.068870656 -0.102166295
v -0.0008972655 -0.30061635 -0.10354652
v -0.03742655 0.061678614 -0.10343494
v 0.018270355 0.19435152 -0.103517465
v 0.0075285234 0.13783206 -0.1014192
v -0.077922456 0.0028381355 -0.10395513
v -0.050952908 0.045216512 -0.10411135
v -0.0067788074 -0.30859518 -0.10484381
v -0.083659075 -0.3027111 -0.10537964
v 0.05340149 0.082589105 -0.10408888
v 0.048494626 0.16838919 -0.10555867
v 0.0125602335 0.12642713 -0.10159554
v -0.028586376 -0.32216057 -0.10726642
v 0.062715426 0.12854724 -0.10590916
v 0.014017678 0.117706016 -0.10167401
v 0.060640045 0.14085652 -0.1060014
v 0.06755809 0.11115312 -0.10594404
v -0.0614836 -0.3206558 -0.107646696
v -0.07086726 -0.0026728825 -0.10517962
v -0.040710628 0.0372162 -0.10571392
v 0.010410019 0.07583258 -0.107445695
v -0.03612106 0.056224298 -0.10404443
v 0.013401437 0.063345395 -0.10881131
v -0.03579009 0.04519058 -0.10523535
v -0.048821576 -0.018898174 -0.10892288
v -0.037557214 0.035269383 -0.105718635
v 0.014079362 0.042296022 -0.11064005
v -0.036875058 0.038694974 -0.105718635
v 0.012209583 0.031027904 -0.111376934
v 0.011009307 0.023600414 -0.111866154
v 0.0004076317 -0.006631939 -0.11323766
v 0.32148173 0.00989643 -0.03069709
v 0.30069515 -0.036580667 -0.036291543
v 0.3388008 -0.0031952765 -0.029477391
v 0.30229694 -0.04014039 -0.036334608
v 0.34963527 -0.022664336 -0.029442793
v 0.35199338 -0.03623542 -0.030038042
v 0.35196742 -0.045223407 -0.030621598
v 0.30221468 -0.04188136 -0.03646194
v 0.35078108 -0.053129923 -0.031273674
v 0.2968697 -0.034074105 -0.036592368
v 0.30299783 0.016619036 -0.03246702
v 0.30089688 -0.046337828 -0.03692392
v 0.34706935 -0.0656665 -0.03252591
v 0.2766834 0.015281627 -0.035691213
v 0.29683658 -0.054013606 -0.037933327
v 0.33896613 -0.080975816 -0.03448086
v 0.28859875 -0.065182306 -0.03965188
v 0.32831576 -0.095413424 -0.036683243
v 0.28018537 -0.034513082 -0.03862558
v 0.24843876 0.013154253 -0.039196588
v 0.28445953 -0.07061618 -0.040498823
v 0.3235392 -0.10168385 -0.037657775
v 0.27644205 -0.08056568 -0.042079654
v 0.31475487 -0.11258658 -0.039409358
v 0.252536 -0.036596876 -0.042034082
v 0.24075611 0.012576255 -0.040150024
v 0.23364036 0.011921475 -0.041040815
v 0.24526046 -0.037144516 -0.04293177
v 0.26557705 -0.0934453 -0.04419021
v 0.30288684 -0.12665658 -0.041733205
v 0.22530518 0.0110751605 -0.042089384
v 0.23878519 -0.03774045 -0.0437409
v 0.216604 0.010128448 -0.043188084
v 0.2308559 -0.03854624 -0.04472504
v 0.252788 -0.10740781 -0.046577673
v 0.28911322 -0.1416967 -0.044346932
v 0.209781 0.00933896 -0.044052668
v 0.22249687 -0.0394562 -0.045770857
v 0.20221053 0.008425924 -0.045014363
v 0.21595822 -0.04021316 -0.046592634
v 0.1958257 0.007617882 -0.04582789
v 0.2086473 -0.041095644 -0.04750573
v 0.18709008 0.006465146 -0.046944004
v 0.20253448 -0.04186977 -0.048274588
v 0.18208784 0.0057590697 -0.047586083
v 0.1941475 -0.042977106 -0.04933339
v 0.22126698 -0.14055134 -0.05233547
v 0.2558558 -0.17667495 -0.05057161
v 0.17702141 0.0050223325 -0.048237804
v 0.18946491 -0.043639 -0.04991426
v 0.17132442 0.0041670892 -0.048972365
v 0.18461122 -0.04434534 -0.050527222
v 0.16606364 0.0033369218 -0.04965329
v 0.17920765 -0.0451571 -0.051211692
v 0.16042386 0.0024157974 -0.050385285
v 0.17425907 -0.045938484 -0.051841367
v 0.15509175 0.001509938 -0.05107961
v 0.16890101 -0.0468152 -0.052500483
v 0.1486262 0.00036027172 -0.051924825
v 0.16390872 -0.047664016 -0.053135008
v 0.14397983 -0.00048478507 -0.052533448
v 0.15772282 -0.048764743 -0.053925443
v 0.19879511 -0.1604927 -0.056130797
v 0.230336 -0.19932894 -0.055077698
v 0.14068797 -0.0010931458 -0.052965272
v 0.15323894 -0.049580794 -0.054499935
v 0.13667352 -0.001862457 -0.053493656
v 0.15017411 -0.050147623 -0.054891594
v 0.13084498 -0.002979776 -0.054260828
v 0.14631832 -0.050887294 -0.055380475
v 0.12790404 -0.0036618453 -0.054655563
v 0.14193611 -0.05172798 -0.055942047
v 0.13920309 -0.05242401 -0.056302983
v 0.1215601 -0.0048579737 -0.05548928
v 0.135995 -0.052962244 -0.056709714
v 0.11751979 -0.0056310487 -0.056020986
v 0.13258193 -0.053685058 -0.057151865
v 0.18824764 -0.16840602 -0.05779035
v 0.21683195 -0.20946391 -0.0573425
v 0.11538418 -0.006049919 -0.056302696
v 0.12840226 -0.054567885 -0.057727676
v 0.12459564 -0.055368137 -0.058230188
v 0.11299324 -0.0067153214 -0.05663077
v 0.10938767 -0.007253453 -0.057095468
v 0.12059052 -0.056229252 -0.058747757
v 0.10710547 -0.008003692 -0.05741606
v 0.17869264 -0.174596 -0.059255194
v 0.10117693 -0.009240364 -0.058202863
v 0.11663007 -0.057056297 -0.05925828
v 0.20154579 -0.21936817 -0.059804905
v 0.09785606 -0.009918863 -0.058642674
v 0.113285854 -0.057844736 -0.059695363
v 0.095588274 -0.010407591 -0.058944654
v 0.10965996 -0.058672257 -0.060203727
v 0.17071828 -0.17765373 -0.060352094
v 0.10627329 -0.05944662 -0.060700167
v 0.09337695 -0.011102328 -0.059253205
v 0.08987286 -0.011915974 -0.059723593
v 0.10235734 -0.06036218 -0.06120925
v 0.085336715 -0.012989245 -0.060333814
v 0.09977304 -0.060920335 -0.06154216
v 0.18536313 -0.22557138 -0.06213519
v 0.08178409 -0.013859003 -0.060813606
v 0.097296774 -0.061514057 -0.061865356
v 0.16687119 -0.17850581 -0.060843498
v 0.07559232 -0.015358584 -0.061648782
v 0.09394512 -0.062335085 -0.062304195
v 0.17631064 -0.2275744 -0.063343994
v 0.16442673 -0.17887448 -0.061145272
v 0.089091 -0.06360408 -0.063051224
v 0.07138961 -0.016531954 -0.062225707
v 0.08617317 -0.06437357 -0.06347903
v 0.16870902 -0.2287189 -0.06432436
v 0.16102809 -0.17889574 -0.061553545
v 0.06570472 -0.018065754 -0.063002646
v 0.082923725 -0.06516455 -0.06390039
v 0.0620252 -0.01912492 -0.06350981
v 0.07942406 -0.066128455 -0.064363085
v 0.15605643 -0.2287985 -0.06583823
v 0.15438749 -0.17730792 -0.062363684
v 0.057514723 -0.020321084 -0.064124905
v 0.075520456 -0.06725266 -0.06488325
v 0.05176164 -0.022102792 -0.06492598
v 0.07148789 -0.06832169 -0.065445356
v 0.1416232 -0.2255169 -0.06734737
v 0.15169027 -0.17671719 -0.06269657
v 0.1496059 -0.17608964 -0.06294244
v 0.13630138 -0.22410512 -0.067890786
v 0.14731361 -0.17555557 -0.06322336
v 0.14436477 -0.17470402 -0.063573845
v 0.06736921 -0.06959258 -0.06618988
v 0.039836694 -0.026160618 -0.066610016
v 0.130215 -0.22241464 -0.06850737
v 0.14172271 -0.17383873 -0.06384784
v 0.12647343 -0.2211914 -0.06887453
v 0.13887915 -0.17287242 -0.064177245
v 0.06050062 -0.0719313 -0.067097
v 0.12204917 -0.21969639 -0.06930555
v 0.12517413 -0.16730258 -0.065936714
v 0.016578836 -0.03940183 -0.07023849
v 0.10377785 -0.21234222 -0.07100934
v 0.11042142 -0.15878154 -0.06766254
v 0.05072102 -0.077498846 -0.06856049
v 0.08409794 -0.20106529 -0.07262775
v 0.099498026 -0.1511678 -0.068720356
v 0.0033849746 -0.05793459 -0.07300865
v 0.047872756 -0.08149896 -0.069151536
v 0.07017962 -0.19140956 -0.073663846
v 0.084886506 -0.13958596 -0.07063844
v -0.001598008 -0.07208118 -0.074516445
v 0.046798684 -0.08455851 -0.0695154
v -0.0037920251 -0.08681297 -0.07572947
v 0.045753818 -0.0916632 -0.07022183
v 0.053680923 -0.17849359 -0.07479707
v 0.06824866 -0.12575635 -0.07120989
v -0.0043041273 -0.10343827 -0.07686422
v 0.04555263 -0.09872683 -0.07084427
v 0.048063636 -0.10576975 -0.07120482
v 0.03476305 -0.16267352 -0.076031215
v -0.0006593332 -0.118894674 -0.0774278
v 0.046432566 -0.10240401 -0.0710739
v 0.0070454343 -0.13495043 -0.07754596
v -0.09357383 -0.013747141 -0.041414946
v -0.11657488 -0.058785666 -0.045347597
v -0.089444846 -0.01644424 -0.04154804
v -0.108555846 -0.06386679 -0.045248438
v -0.0818631 -0.021270942 -0.041799568
v -0.102201186 -0.00815288 -0.04139537
v -0.12091296 -0.055964958 -0.045405008
v -0.111695185 -0.0018082027 -0.041423734
v -0.12979701 -0.05021326 -0.045521278
v -0.10185375 -0.06804313 -0.045169245
v -0.07513477 -0.025489837 -0.042133994
v -0.1398913 -0.043474883 -0.045664024
v -0.11996615 0.0038803138 -0.041698486
v -0.09639218 -0.071418725 -0.045106165
v -0.07034506 -0.02848166 -0.04255271
v -0.14885025 -0.037302446 -0.04580077
v -0.1230944 0.006119685 -0.041810438
v -0.08722589 -0.07690968 -0.045009427
v -0.061696984 -0.033711415 -0.043220643
v -0.15202637 -0.035024744 -0.045853935
v -0.12744483 0.009127686 -0.041949768
v -0.15647607 -0.031943172 -0.045922685
v -0.13203861 0.012433047 -0.042371795
v -0.07707682 -0.08283466 -0.04491042
v -0.05212139 -0.03938474 -0.04441529
v -0.16168134 -0.028171575 -0.046011843
v -0.14025551 0.01846052 -0.043140657
v -0.1700363 -0.02199996 -0.04616112
v -0.14675643 0.02320611 -0.04384027
v -0.06203964 -0.091333516 -0.044778377
v -0.17657307 -0.017188394 -0.04627702
v -0.15297376 0.02777178 -0.044687424
v -0.0385098 -0.047205057 -0.046278574
v -0.037020307 -0.10388304 -0.044642013
v -0.18272287 -0.012623 -0.046388086
v -0.1571347 0.03078664 -0.04522277
v -0.18703295 -0.009467679 -0.046463605
v -0.16137107 0.03394999 -0.045794364
v -0.19153662 -0.0060690814 -0.04654783
v -0.16775873 0.038700983 -0.046838243
v -0.19821902 -0.0010330015 -0.04667246
v -0.016689468 -0.058360703 -0.04951386
v -0.17534284 0.044545945 -0.04797287
v -0.20656644 0.005474473 -0.046839483
v -0.019108744 -0.111560754 -0.04461282
v -0.011057551 -0.060579956 -0.050284542
v -0.028686846 -0.10716032 -0.04464387
v -0.007937595 -0.061406154 -0.050595965
v 0.0011617253 -0.111060895 -0.04506101
v 0.013909607 -0.1066822 -0.04555573
v -0.18065685 0.048833817 -0.0489272
v -0.21284746 0.010611332 -0.046977744
v -0.0062175193 -0.06076135 -0.050788652
v 0.016296528 -0.10530241 -0.045677684
v 0.0002838521 -0.057846673 -0.051502794
v 0.022878544 -0.10229676 -0.045972127
v 0.03883235 -0.09352198 -0.04676382
v -0.1951614 0.061227646 -0.051390793
v -0.23033758 0.025735289 -0.047405686
v 0.047454014 -0.088958584 -0.04718231
v 0.0149408 -0.049819287 -0.053064507
v 0.018056398 -0.047641438 -0.053311925
v 0.06639783 -0.070827305 -0.04852627
v 0.068691485 -0.044624045 -0.049946334
v -0.21328194 0.08148249 -0.054468602
v -0.2524842 0.050711717 -0.04825268
v -0.21653377 0.08609525 -0.05482132
v -0.25813624 0.058754683 -0.048556235
v 0.06731495 -0.036080707 -0.05036511
v 0.05616924 -0.0011263601 -0.051963687
v 0.00647372 0.0044847797 -0.051495373
v 0.005379928 -0.003550835 -0.051498957
v 0.0072550075 -0.01871152 -0.051763505
v -0.21777001 0.08806401 -0.055019803
v -0.26114026 0.06356373 -0.048745554
v 0.0644994 -0.016090954 -0.05135339
v 0.017055778 -0.03796237 -0.052970696
v 0.066661425 -0.031042337 -0.05061537
v 0.017750235 -0.043427568 -0.05322323
v 0.056593597 0.0031202086 -0.05219493
v 0.006823023 0.009163175 -0.05145348
v 0.0073928754 0.012036382 -0.051471736
v 0.007818698 -0.021731736 -0.051928956
v 0.057180803 0.006688487 -0.05239403
v 0.008026854 0.016065814 -0.051457535
v 0.05761379 0.009100237 -0.052529346
v 0.0088565545 0.020277191 -0.051467102
v 0.015187325 -0.031820018 -0.052810747
v 0.058334704 0.012239879 -0.052708786
v 0.009730606 0.023949504 -0.051539805
v 0.016321102 -0.032817904 -0.052898496
v -0.22135375 0.094931744 -0.055671882
v -0.26773688 0.07626755 -0.049273536
v 0.059221383 0.015706342 -0.05290879
v 0.0105684 0.027296385 -0.05164774
v 0.011426798 0.03048477 -0.05175711
v 0.008993817 -0.025611222 -0.05220523
v 0.060302224 0.019417379 -0.05312565
v 0.0128040835 0.03507651 -0.05192992
v 0.011875985 -0.03045314 -0.052555706
v 0.06170382 0.023343218 -0.053360432
v 0.015113331 0.041544 -0.05221061
v -0.223779 0.102409616 -0.05607764
v -0.27004725 0.08336093 -0.04959693
v -0.2750602 0.10014559 -0.050371613
v 0.06341114 0.0273888 -0.05360785
v 0.018759038 0.050183136 -0.05260945
v 0.06480082 0.029669208 -0.053756215
v 0.022596333 0.05654926 -0.05304594
v -0.22376671 0.10431874 -0.056131728
v -0.2713675 0.12486664 -0.051743176
v 0.025598139 0.06094144 -0.0533911
v 0.06982715 0.035250258 -0.054153144
v 0.034734827 0.07099094 -0.054462582
v -0.2587498 0.14078146 -0.052839357
v 0.07659568 0.041167658 -0.054603964
v -0.22160816 0.10607232 -0.056147426
v -0.2530446 0.14511459 -0.053185064
v 0.037286907 0.07348365 -0.054764
v -0.21559213 0.11127663 -0.056200195
v -0.24633007 0.15090992 -0.053628366
v -0.21057956 0.11480667 -0.056228887
v -0.2386583 0.1562977 -0.054070253
v 0.08344805 0.053667147 -0.055401247
v 0.038550757 0.07688063 -0.054900195
v -0.20847638 0.116193645 -0.0562403
v -0.23467188 0.1589189 -0.05429053
v -0.19660594 0.12304819 -0.056142937
v -0.22016275 0.16726252 -0.05502956
v 0.08583098 0.060500022 -0.05580871
v 0.041282956 0.08361136 -0.055417042
v -0.16950269 0.13649999 -0.05612733
v -0.18936594 0.1824863 -0.05646802
v 0.09397296 0.074126355 -0.05669185
v 0.04307653 0.08719426 -0.05573231
v -0.15999496 0.14004819 -0.056182332
v -0.1549111 0.14172702 -0.056101497
v -0.17652886 0.18725722 -0.05698514
v -0.15043235 0.14301394 -0.055964556
v -0.1695774 0.18953572 -0.05724919
v -0.1634435 0.19127935 -0.057468213
v -0.14709915 0.14386079 -0.055990845
v -0.15883404 0.1924448 -0.05762521
v -0.14364454 0.14465295 -0.056013793
v -0.15398362 0.193551 -0.05778413
v -0.13947377 0.14546168 -0.056034096
v -0.14775364 0.19475119 -0.05797668
v -0.13402244 0.14623846 -0.056046546
v 0.092085235 0.10722208 -0.058385838
v -0.13962407 0.19589917 -0.05820606
v -0.12871878 0.1466804 -0.05606786
v -0.1331981 0.19642776 -0.05836752
v -0.11693883 0.14781767 -0.0561227
v -0.11200583 0.14790459 -0.055911332
v -0.11973345 0.19771335 -0.058715172
v 0.07482361 0.12678507 -0.05905102
v -0.11201491 0.19782345 -0.05888163
v -0.10584628 0.1478081 -0.055951554
v 0.05484874 0.13816975 -0.059231397
v 0.030351529 0.09472153 -0.05564804
v -0.103344224 0.19768149 -0.05905471
v -0.0977683 0.14711665 -0.05597211
v -0.09139013 0.14631222 -0.05578285
v -0.09248837 0.19674414 -0.059231628
v 0.017840233 0.15875797 -0.059539158
v -0.0048919385 0.114356056 -0.0554998
v -0.08385005 0.19563387 -0.05935332
v -0.08777498 0.14566551 -0.05580011
v -0.013417696 0.17339009 -0.05965471
v -0.033805456 0.12789771 -0.05549447
v -0.02343629 0.17767829 -0.059670713
v -0.042499166 0.13161491 -0.055572312
v -0.07955968 0.1948648 -0.059402365
v -0.08477127 0.14519648 -0.055818975
v -0.071474425 0.14190984 -0.055662643
v -0.06294441 0.19126534 -0.05955977
v -0.07530347 0.14293335 -0.055773508
v -0.055689342 0.13672785 -0.05557993
v -0.046542536 0.1863264 -0.05964258
v -0.06249234 0.13908796 -0.05568519
v -0.048202757 0.13389468 -0.055567063
v -0.038675744 0.18358876 -0.059662987
v -0.030128408 0.18035276 -0.059671458
v -0.057645906 0.18981272 -0.059594005
v -0.06769502 0.14079313 -0.05567739
v -0.07571217 0.19426265 -0.05945093
v -0.08116058 0.14442271 -0.055827715
v -0.05287562 0.18840286 -0.059619483
v -0.06515939 0.19185847 -0.05954472
v -0.07800695 0.14365806 -0.055829443
v -0.07006882 0.19305097 -0.059504963
v 0.12427272 -0.21858238 -0.06379474
v 0.13807915 -0.16613859 -0.06836031
v 0.10106615 -0.20030029 -0.06300854
v 0.13431029 -0.15919754 -0.06845504
v 0.07725661 -0.16432808 -0.06313522
v 0.07816891 -0.16230287 -0.063314885
v 0.118892394 -0.13330933 -0.06854772
v 0.0697027 -0.14742206 -0.063473225
v 0.11440259 -0.12294682 -0.068406
v 0.06455385 -0.12990803 -0.0640284
v 0.11585122 -0.12792997 -0.06842487
v 0.13503365 -0.15798414 -0.06862916
v 0.14190242 0.30485427 -0.067179896
v 0.18814023 0.27803054 -0.067180835
v 0.19493157 0.35005185 -0.06520801
v 0.23206496 0.30339754 -0.06558966
v 0.14334713 -0.22787778 -0.06475168
v 0.15073244 -0.17608769 -0.06862151
v 0.11441853 -0.11757113 -0.06856878
v 0.064577445 -0.10908464 -0.065159135
v 0.19037402 0.27384722 -0.067200914
v 0.2357276 0.2948918 -0.06571517
v 0.20629111 0.24195264 -0.06742994
v 0.2517325 0.26069385 -0.0661968
v 0.24608116 0.20696118 -0.067159794
v 0.25689387 0.26330426 -0.06604513
v 0.2953461 0.23212211 -0.0660548
v 0.2971513 0.1975171 -0.06680119
v 0.15292005 -0.2311443 -0.06530776
v 0.16219848 -0.18163769 -0.06878333
v 0.23244078 0.20570086 -0.0674907
v 0.11625793 -0.11222726 -0.068585135
v 0.07255339 -0.085607804 -0.06704278
v 0.2901806 0.18153293 -0.06728645
v 0.16180216 -0.233354 -0.06586822
v 0.1668155 -0.18320368 -0.06893365
v 0.24510638 0.20431326 -0.0672562
v 0.2873178 0.17743026 -0.06743032
v 0.2860887 0.17530894 -0.0675002
v 0.13784537 0.28424934 -0.0677167
v 0.18725757 0.27639657 -0.067217864
v 0.18644175 0.26965562 -0.06732366
v 0.17656031 -0.23505215 -0.06690647
v 0.17050843 -0.18411532 -0.069069505
v 0.2378253 0.19174573 -0.06778536
v 0.21453081 0.2154806 -0.067655675
v 0.18462555 0.2546531 -0.06760501
v 0.13736068 0.28024 -0.06781567
v 0.21604805 0.21004725 -0.067729086
v 0.22056304 0.20359652 -0.06781118
v 0.21840058 0.20469268 -0.06794504
v 0.121805705 -0.10642215 -0.06887897
v 0.15996037 0.23291281 -0.06846477
v 0.18292756 0.22254999 -0.06818283
v 0.18904875 -0.23502354 -0.067864485
v 0.1791817 -0.1850984 -0.06944171
v 0.25680482 0.13391796 -0.068994485
v 0.31125456 0.15313265 -0.06754632
v 0.30413377 0.11105694 -0.068621546
v 0.22869097 0.17817365 -0.06838485
v 0.22488797 0.16810088 -0.06876521
v 0.1123449 0.25797176 -0.0687672
v 0.16715054 0.22677688 -0.06843257
v 0.1810494 0.21340476 -0.06847548
v 0.2256949 0.16254947 -0.06888455
v 0.2542523 0.13508782 -0.069012664
v 0.093157336 -0.06400525 -0.06979198
v 0.24594505 0.1368569 -0.06912263
v 0.22470151 0.17218228 -0.06864869
v 0.12382088 -0.13662407 -0.06883535
v 0.19555636 -0.23411922 -0.06841192
v 0.18538581 -0.18507579 -0.06976148
v 0.2915616 0.09678929 -0.069169
v 0.10861194 0.23000021 -0.069463976
v 0.10921605 0.22730087 -0.06951386
v 0.15959002 0.23109685 -0.068507776
v 0.22654259 0.15573056 -0.06901786
v 0.16128969 0.22476931 -0.068594754
v 0.14438704 -0.15491095 -0.06943796
v 0.14766626 -0.15360783 -0.06936153
v 0.16539337 0.20936675 -0.0688418
v 0.25535983 0.13177383 -0.06907471
v 0.22721355 0.14920044 -0.069162406
v 0.13802302 -0.14090846 -0.06969827
v 0.2887944 0.09452641 -0.06926974
v 0.28709024 0.09284956 -0.069338165
v 0.22977166 0.1403742 -0.06931846
v 0.20577148 -0.23300996 -0.06925442
v 0.18928103 -0.18453434 -0.0700851
v 0.22852825 0.14048445 -0.069341436
v 0.14283423 0.18740645 -0.06980458
v 0.14467256 0.18571822 -0.06980889
v 0.1681277 0.19716765 -0.06914274
v 0.12810154 -0.10393925 -0.06950312
v 0.16966295 0.1904649 -0.06926502
v 0.1706195 0.18661977 -0.06933179
v 0.15062813 0.17219615 -0.07001006
v 0.1714071 0.1830117 -0.06939638
v 0.17259705 0.17783329 -0.06948804
v 0.17394379 0.17232546 -0.069584094
v 0.17518601 0.16745715 -0.06967246
v 0.17648295 0.16291317 -0.0697617
v 0.17677313 0.16069077 -0.06981174
v 0.17599647 0.15502757 -0.06996628
v 0.092799775 0.20443223 -0.0703241
v 0.19674799 -0.18372242 -0.07067731
v 0.24870622 0.05976948 -0.07090469
v 0.24029465 0.063039295 -0.0709809
v 0.23625708 0.1129776 -0.06988951
v 0.17530128 0.14993632 -0.07010279
v 0.30318657 0.07572019 -0.06943396
v 0.2954759 0.034919675 -0.0704911
v 0.091956265 0.18821298 -0.07070435
v 0.14188328 0.1856473 -0.06985963
v 0.16420883 0.13713308 -0.07061669
v 0.22950117 -0.22697131 -0.07139922
v 0.1743243 0.144033 -0.07026422
v 0.09149229 0.17892934 -0.07092165
v 0.14147751 0.17752957 -0.07004689
v 0.22732158 0.10486277 -0.07024939
v 0.17022999 0.12906444 -0.07065212
v 0.17318587 0.13731676 -0.07044842
v 0.17245623 0.13350429 -0.0705544
v 0.22694407 0.10125905 -0.070343785
v 0.0914134 0.16390787 -0.071261175
v 0.1414101 0.1646067 -0.070364304
v 0.22605188 0.09358769 -0.07054648
v 0.1700082 0.12514172 -0.07073971
v 0.22527246 0.087995015 -0.07069682
v 0.27961275 0.019545525 -0.07112269
v 0.22438334 0.08237493 -0.07083791
v 0.22365177 0.07826964 -0.07094039
v 0.11917349 -0.053744555 -0.072340794
v 0.13062668 -0.10402415 -0.069730006
v 0.2228552 0.07408021 -0.07104585
v 0.23198126 0.06536668 -0.07107597
v 0.24142884 0.052668225 -0.0711891
v 0.22921698 0.06601114 -0.07111042
v 0.092262164 0.13895607 -0.07180752
v 0.14222018 0.14081618 -0.070928365
v 0.22265863 0.06878326 -0.07109321
v 0.22545686 0.06685717 -0.07115795
v 0.22328508 0.06725001 -0.07118748
v 0.20720558 -0.18106107 -0.07161793
v 0.27323374 0.01402807 -0.07136171
v 0.23140584 0.045118667 -0.07152792
v 0.26126033 0.005009502 -0.07178023
v 0.22443505 0.039994337 -0.07174902
v 0.1367422 -0.054320347 -0.073655136
v 0.1346564 -0.10494142 -0.07004742
v 0.21084206 -0.17778932 -0.07199724
v 0.1454749 0.06189808 -0.072733305
v 0.25393045 -0.00037857873 -0.07203346
v 0.2483697 -0.004413474 -0.07222437
v 0.2182381 0.03549769 -0.07194449
v 0.2122592 0.031228302 -0.07213908
v 0.14542723 -0.05628833 -0.07421362
v 0.13918023 -0.10597315 -0.07039474
v 0.20916378 0.028867576 -0.072258145
v 0.24565664 -0.21457958 -0.07330835
v 0.14931278 -0.057171036 -0.07446335
v 0.14208908 -0.1065547 -0.070625
v 0.09481577 0.07700643 -0.07315591
v 0.19924381 0.0092236055 -0.072817
v 0.24279709 -0.015448982 -0.07257307
v 0.15182689 -0.05767134 -0.07462878
v 0.1467799 -0.10754477 -0.070992045
v 0.20481189 -0.16472322 -0.072878025
v 0.20016406 -0.16565369 -0.07247673
v 0.20497386 -0.1670149 -0.07274644
v 0.193363 -9.5265146E-05 -0.07311135
v 0.23486534 -0.028017998 -0.072998755
v 0.13724251 0.049782403 -0.07319166
v 0.15693764 -0.058745384 -0.074961975
v 0.1545849 -0.10924349 -0.0715988
v 0.18878053 -0.006495083 -0.07331408
v 0.22895758 -0.036268782 -0.07329081
v 0.08827982 0.06921763 -0.073448874
v 0.12958907 0.040661886 -0.073529355
v 0.22983854 -0.16186203 -0.07478914
v 0.21079183 -0.17547852 -0.07224623
v 0.18058376 -0.017186396 -0.073663175
v 0.23453856 -0.16299222 -0.075056486
v 0.16487083 -0.060464796 -0.07547635
v 0.15957487 -0.110322475 -0.07198752
v 0.2184552 -0.049967438 -0.07378819
v 0.08183791 0.05774458 -0.07382307
v 0.12766075 0.037227612 -0.07363715
v 0.17190024 -0.02608843 -0.073879324
v 0.2432804 -0.16414726 -0.07558928
v 0.0781254 0.046910714 -0.07413375
v 0.12664844 0.034273613 -0.07371723
v 0.16963254 -0.06149007 -0.07578545
v 0.16733322 -0.1119337 -0.072597794
v 0.07574084 0.033730388 -0.074473344
v 0.12569483 0.029003292 -0.0738434
v 0.20195806 -0.066878624 -0.074465804
v 0.16671894 -0.028731713 -0.07400533
v 0.07561887 0.020348752 -0.07477673
v 0.12564372 0.023419542 -0.0739583
v -0.016722407 0.3483803 -0.074555896
v 0.06691295 0.36592242 -0.07425144
v 0.02386515 0.39361575 -0.074095555
v 0.19031261 -0.14259765 -0.070710436
v 0.23966701 -0.12938961 -0.07915481
v 0.19064784 -0.11961853 -0.0695215
v 0.13983086 0.36587858 -0.074116565
v 0.1223466 0.31486866 -0.07462784
v 0.18174092 0.33180067 -0.074328914
v 0.110370874 0.36499748 -0.07417871
v 0.10109935 0.36068434 -0.07423262
v 0.086987525 0.3549601 -0.07430752
v 0.24235578 -0.12273117 -0.079343125
v 0.20137191 -0.09319677 -0.06999613
v 0.17722422 -0.06305965 -0.07628179
v 0.17604314 -0.1137522 -0.0732826
v 0.032786235 0.3278694 -0.07463985
v 0.074387245 0.35659334 -0.07431699
v 0.10826416 0.3096352 -0.07465878
v 0.07718589 0.008584712 -0.0750133
v 0.12654486 0.016651949 -0.07407871
v 0.035887968 0.32389358 -0.07465679
v 0.07802712 0.35085368 -0.0743591
v 0.18383437 -0.076123364 -0.07500013
v 0.16252317 -0.029541785 -0.07408096
v 0.16760649 0.2911217 -0.074701406
v 0.049503066 0.30406517 -0.0747544
v 0.07918543 0.29403684 -0.07482017
v 0.078494966 0.0018617319 -0.075141065
v 0.12732528 0.012642153 -0.074139066
v -0.017454317 0.33267006 -0.07469098
v 0.17130332 -0.07893208 -0.075288914
v 0.1641283 0.28640473 -0.074748
v 0.26485524 -0.21088631 -0.07497897
v 0.24984205 -0.16288146 -0.076070555
v 0.033085585 0.3093112 -0.07474987
v 0.16272683 0.2839987 -0.074771084
v 0.114924334 0.3012714 -0.07471093
v -0.035087634 0.33921668 -0.07466796
v 0.08086725 -0.0077083143 -0.07531376
v 0.12884265 0.0065164156 -0.074202105
v 0.15966856 -0.029570326 -0.07412203
v 0.16302057 -0.079688095 -0.07545503
v 0.17510207 0.2722513 -0.07484813
v 0.07421878 0.29064485 -0.074843995
v 0.0676396 0.28570098 -0.07487718
v 0.24776986 -0.11798531 -0.07966441
v 0.22404738 -0.07298767 -0.07293735
v 0.06317583 0.28551862 -0.074888214
v 0.064670295 0.2848721 -0.07491904
v 0.08432822 -0.017674943 -0.07547579
v 0.13089816 0.00058962055 -0.074197896
v 0.09502009 0.26618138 -0.074946634
v 0.11897838 0.2542263 -0.07498401
v 0.15418555 -0.07939765 -0.07560753
v 0.15620838 -0.02892272 -0.07415825
v -0.069171146 0.29662377 -0.07509374
v 0.19912015 -0.16591316 -0.07354632
v 0.2396632 -0.1332699 -0.079059586
v 0.12199161 0.25358835 -0.07498072
v 0.034199223 0.28054667 -0.074973576
v 0.14811483 -0.07824746 -0.075690925
v 0.09137196 -0.033704277 -0.07570978
v 0.13567774 -0.010298439 -0.07417994
v 0.1537197 -0.02829734 -0.07418114
v 0.14273398 -0.07726895 -0.07576576
v 0.11390614 0.2547598 -0.074993655
v 0.100790225 0.25594726 -0.07502005
v 0.1400182 -0.07635767 -0.07579414
v 0.1489195 -0.026434455 -0.07421222
v 0.13632493 -0.07532077 -0.07583728
v 0.09124656 0.25717947 -0.07509064
v -0.01825406 0.27916977 -0.07504622
v 0.16932558 0.2299124 -0.075219244
v 0.1855493 -0.064790085 -0.07682558
v 0.18460314 -0.11538824 -0.07399045
v 0.105275884 -0.055945616 -0.0759601
v 0.14285831 -0.02179009 -0.07420593
v -0.00078377937 0.26316413 -0.07516848
v 0.035240144 0.2673731 -0.07507628
v 0.12370483 -0.07006797 -0.07594623
v 0.035703775 0.26149035 -0.07512377
v 0.15637413 0.21686678 -0.075354315
v 0.12038261 0.25158024 -0.07500037
v 0.11092313 0.2455353 -0.07507197
v -0.06881897 0.26947296 -0.0753242
v 0.028149514 0.24819505 -0.07525286
v 0.036214627 0.2579162 -0.075143375
v 0.035475884 0.25632647 -0.075154535
v 0.092813425 0.23307721 -0.07523943
v 0.09944965 0.23762932 -0.075178675
v 0.09657821 0.23568785 -0.07520532
v -0.066593215 0.2633436 -0.07537225
v -0.018523285 0.27745304 -0.07506368
v -0.066333644 0.260723 -0.07539408
v -0.017289123 0.27200508 -0.075117745
v -0.014111591 0.25770682 -0.075246036
v 0.012802767 0.25176865 -0.07523843
v 0.023418048 0.2439924 -0.075345986
v -0.01083783 0.24377263 -0.07537415
v 0.08608555 0.22843023 -0.075300224
v 0.082150035 0.2257282 -0.075335644
v 0.07701706 0.22217813 -0.075382076
v 0.10939963 0.19673441 -0.07556363
v 0.106608346 0.19650675 -0.07557509
v 0.07473607 0.2206773 -0.07540202
v 0.07238611 0.21856661 -0.07542763
v -0.009385529 0.23804727 -0.07543973
v -0.008923033 0.23572743 -0.07546652
v -0.0080839265 0.23240061 -0.075493746
v 0.08857522 0.23014115 -0.0752778
v 0.09724077 0.19223188 -0.07565232
v 0.16357358 0.20610523 -0.07543257
v 0.15644793 0.1770445 -0.07569316
v 0.06924748 0.17693989 -0.0759111
v 0.10872773 0.19453423 -0.07559022
v 0.19335756 -0.066273674 -0.07734317
v 0.19410798 -0.11711737 -0.07477548
v 0.06765238 0.20619376 -0.07558682
v 0.1524891 0.17031382 -0.075757794
v 0.10510003 0.18755554 -0.07567918
v -0.04590629 0.19887236 -0.07596568
v -0.050982285 0.20099257 -0.07595004
v -0.006688803 0.2267026 -0.07554411
v 0.06540317 0.19998835 -0.07565696
v -0.098890424 0.18358079 -0.07611112
v -0.11085724 0.21311823 -0.07588189
v 0.14856327 0.16276151 -0.075829364
v -0.0054987385 0.22195713 -0.07559911
v -0.004424364 0.21765895 -0.07564895
v 0.063379705 0.19360906 -0.075731
v 0.062023025 0.1890713 -0.0757943
v 0.060868885 0.18495825 -0.075848795
v 0.09339467 0.16878167 -0.07593431
v -0.039030146 0.1943215 -0.076008946
v -0.0028826098 0.21190529 -0.07570191
v 0.28206113 -0.20335989 -0.076704785
v 0.17829783 -0.16039772 -0.074301034
v 0.22655275 -0.14477775 -0.07771239
v 0.17630957 -0.14517073 -0.07399059
v -0.0015681454 0.20707075 -0.07575106
v 0.05999581 0.1817023 -0.0758877
v -0.0010132818 0.20477915 -0.07577985
v -0.00479143 0.19613485 -0.075902596
v 0.22793809 -0.13276583 -0.07784115
v 0.17864121 -0.12511453 -0.07397561
v 0.05809558 0.17143124 -0.075956345
v 0.05833546 0.17508155 -0.07596646
v 0.05914551 0.17841402 -0.0759269
v 0.13495217 0.14093062 -0.07604044
v -0.008117433 0.18835855 -0.075999565
v 0.22895019 -0.12750763 -0.07798452
v 0.18176563 -0.109030545 -0.07406341
v -0.02565679 0.18534029 -0.0760838
v -0.013044377 0.17881776 -0.076022975
v -0.010736215 0.18159358 -0.07609053
v 0.08201135 0.15295085 -0.07615872
v 0.18307935 -0.174969 -0.07482719
v 0.22712813 -0.14920266 -0.07783347
v -0.014113891 0.1776588 -0.07615142
v -0.012859888 0.17711097 -0.07615521
v -0.09446659 0.16886419 -0.07622819
v -0.046861734 0.18418528 -0.076160215
v 0.12252059 0.12364153 -0.07621067
v 0.07808375 0.14755629 -0.07623657
v 0.23277314 -0.12127844 -0.07835027
v 0.19656387 -0.08498442 -0.075000525
v 0.118522994 0.11815065 -0.07626482
v -0.08658936 0.14592284 -0.076408856
v -0.039443403 0.16258161 -0.0764166
v 0.07263071 0.14004831 -0.076345
v 0.1130492 0.110613905 -0.07633913
v 0.06807505 0.13380957 -0.076435186
v 0.10842023 0.10427459 -0.07640168
v 0.2531965 -0.16141501 -0.07645055
v 0.20369446 -0.06813317 -0.07803405
v 0.19972901 -0.11811854 -0.07523955
v 0.19250055 -0.19018324 -0.075728945
v 0.22857969 -0.15363508 -0.07803192
v 0.1034189 0.09595705 -0.07648176
v -0.08049096 0.12914068 -0.0765404
v 0.21863928 -0.18777518 -0.07821135
v 0.24190314 -0.13905612 -0.079417504
v -0.033605985 0.14651844 -0.0766021
v 0.25357187 -0.11639185 -0.080178134
v 0.24750781 -0.06636738 -0.076756775
v -0.076297075 0.11804342 -0.07662709
v 0.052103885 0.100188814 -0.0768815
v 0.06173685 0.1251734 -0.07655319
v -0.029710164 0.13621031 -0.07671654
v -0.07537361 0.11574661 -0.07664493
v 0.057445556 0.119275846 -0.07663783
v -0.07646731 0.09775752 -0.076800086
v -0.024781896 0.123953246 -0.07684921
v 0.054554164 0.08519571 -0.077027194
v 0.05301849 0.11337184 -0.07672295
v 0.05789904 0.0747562 -0.07706428
v 0.106603816 0.08785122 -0.07654485
v 0.20785742 -0.06887882 -0.07831246
v 0.21192065 -0.12025141 -0.076245986
v 0.055956114 0.079425715 -0.07707084
v 0.058029253 0.072332084 -0.07703614
v 0.10827541 0.075176425 -0.07664964
v 0.051759433 0.11126577 -0.07675236
v 0.05183468 0.10854305 -0.0767843
v 0.10783966 0.06673739 -0.07672229
v 0.106568076 0.05939445 -0.07678715
v 0.057279225 0.07002795 -0.07695732
v 0.10386147 0.051119816 -0.0768626
v 0.099002145 0.042007156 -0.07694919
v 0.050736457 0.061321724 -0.076924995
v 0.053672697 0.08989761 -0.076983
v -0.07442347 0.06637571 -0.07706343
v -0.026367692 0.097868554 -0.077150434
v 0.08598668 0.02516829 -0.07711667
v 0.043633066 0.056112986 -0.076924995
v 0.21810277 -0.21441697 -0.078008436
v 0.23144214 -0.15826379 -0.07835796
v 0.074757464 0.01693484 -0.07720758
v 0.034736913 0.048467074 -0.076924995
v 0.24337685 -0.11469481 -0.07918045
v 0.22434095 -0.067746304 -0.077038445
v 0.06513974 0.008669375 -0.07729577
v 0.02887308 0.04450058 -0.076924995
v 0.05831486 0.00405317 -0.07734773
v 0.025439158 0.04181536 -0.076924995
v 0.054614533 0.0011598621 -0.07737922
v 0.023569455 0.04058712 -0.076924995
v 0.050343663 -0.0016455215 -0.077411026
v 0.018025598 0.037197456 -0.076926954
v -0.020277468 0.039989468 -0.07704874
v -0.06775644 0.021510249 -0.07743297
v -0.018897068 0.032306343 -0.076928526
v 0.0053273686 0.030988967 -0.07692515
v 0.042100728 -0.0066850604 -0.077469215
v -0.022316711 0.05222224 -0.07719376
v -0.07077342 0.03836818 -0.07729506
v -0.021444142 0.04654909 -0.07710152
v -0.06949638 0.031190166 -0.0773538
v -0.06534685 0.012350983 -0.07750647
v -0.017776124 0.029839655 -0.07692718
v -0.07353348 0.057994545 -0.07713311
v -0.024594575 0.070645176 -0.07741877
v -0.07178406 0.04493564 -0.07724103
v 0.00034880883 0.029211078 -0.076925
v 0.024776679 -0.01515442 -0.07757344
v -0.02314709 0.058125984 -0.077325314
v -0.07270615 0.051487125 -0.07718697
v -0.023866884 0.0637904 -0.077400275
v -0.002331038 0.028425697 -0.076924995
v 0.015800606 -0.01835951 -0.07761737
v -0.05599442 -0.005019551 -0.07763698
v 0.009534246 -0.020165397 -0.07764437
v -0.006342941 0.027423654 -0.07692512
v 0.0026699265 -0.021955645 -0.07767233
v -0.009612053 0.027026156 -0.07692575
v -0.0038250682 -0.022821795 -0.077691756
v -0.041605316 -0.014604623 -0.07769188
v -0.010552854 -0.023017673 -0.077705905
v -0.012427919 0.02727883 -0.07692796
v -0.03273377 -0.018795414 -0.0777111
v -0.0145341605 0.0279001 -0.0769288
v -0.02579288 -0.020957125 -0.077716626
v -0.019238247 -0.022437027 -0.077717066
v 0.2205739 -0.07108187 -0.07916696
v 0.21641865 -0.120972864 -0.07661601
v 0.30359855 -0.18144618 -0.07954234
v 0.26011574 -0.15436952 -0.07759117
v 0.2240386 -0.07163136 -0.07940253
v 0.23085292 -0.12340196 -0.07780721
v 0.2539009 -0.11233305 -0.07999719
v 0.24810457 -0.06241351 -0.07887603
v 0.24735129 -0.17333405 -0.07995164
v 0.2589769 -0.116449766 -0.08120491
v 0.26478577 -0.06656233 -0.07984521
v 0.23925999 -0.07417769 -0.08043026
v 0.24384943 -0.1257747 -0.078885525
v 0.24677025 -0.22928391 -0.080438174
v 0.3102693 -0.16202623 -0.08110609
v 0.2614938 -0.15033488 -0.07805185
v 0.24736138 -0.14518747 -0.08085077
v 0.31220287 -0.14737014 -0.082048744
v 0.2618742 -0.14742647 -0.07828627
v 0.27161142 -0.11208751 -0.08137344
v 0.27405778 -0.06205324 -0.08093756
v 0.23903096 -0.19549508 -0.08226335
v 0.26013562 -0.07796593 -0.08182371
v 0.25657234 -0.13245927 -0.07957451
v 0.2641808 -0.18220161 -0.08148877
v 0.30838162 -0.12050774 -0.08321241
v 0.26055762 -0.13846838 -0.079177216
v 0.26208806 -0.11710737 -0.08230411
v 0.27605066 -0.06897232 -0.08198286
v 0.29114375 -0.094239965 -0.08331629
v 0.24958216 -0.23119254 -0.080681
v 0.27078754 -0.1840101 -0.08205851
v 0.27606615 -0.11258048 -0.081700794
v 0.2773302 -0.06241533 -0.08120157
v 0.2513592 -0.1466991 -0.08149739
v 0.26822716 -0.23963736 -0.08224904
v 0.2767798 -0.18864259 -0.08263763
v 0.28490227 -0.11203772 -0.08237018
v 0.28334776 -0.062045414 -0.08167669
v 0.25390914 -0.14701942 -0.08217802
v -0.28811428 -0.033667807 -0.080042444
v -0.25433367 0.006454229 -0.08390567
v -0.30118024 -0.012650718 -0.08022206
v -0.27018154 -0.046057202 -0.0803562
v -0.25124428 0.0014795143 -0.08391648
v -0.25575387 0.012816898 -0.0839374
v -0.30564177 0.007251497 -0.08071666
v -0.24668387 -0.0013234852 -0.08398966
v -0.25682706 -0.050560392 -0.08075067
v 0.29194045 -0.11201713 -0.08289836
v 0.29781497 -0.062117208 -0.08282858
v -0.25578326 0.020316528 -0.08392378
v -0.30573627 0.024792053 -0.08130999
v -0.24191923 -0.052452143 -0.08129777
v 0.26770672 -0.11916585 -0.083224304
v -0.25510517 0.02401135 -0.08393573
v -0.30377463 0.035558954 -0.08175703
v -0.22831476 -0.050697397 -0.08191555
v -0.24208437 -0.0021107818 -0.08408918
v 0.27993175 -0.24247864 -0.08320879
v 0.28450426 -0.19214033 -0.083253436
v -0.25438958 0.02647079 -0.08395081
v -0.30202138 0.041610386 -0.082034975
v 0.2470533 -0.19652285 -0.083748266
v 0.29450828 -0.112532906 -0.083130084
v -0.253634 0.028670117 -0.0839847
v -0.2999289 0.04771823 -0.08232876
v -0.21590193 -0.047459602 -0.08253495
v -0.23795752 -0.0015761188 -0.084194146
v 0.29711 -0.11235803 -0.083360575
v -0.2515394 0.03302129 -0.083972625
v -0.2948945 0.05820669 -0.082892366
v 0.3031518 -0.11315485 -0.08392181
v -0.23416786 -0.0005856041 -0.08429684
v -0.24915396 0.036481526 -0.08398471
v -0.28854606 0.06742933 -0.08346677
v 0.29030612 -0.19354878 -0.08373784
v 0.28645772 -0.24367566 -0.08374004
v -0.20876741 -0.043704543 -0.08295544
v -0.2288136 0.0022343497 -0.08445986
v 0.3145483 -0.0642248 -0.08418115
v -0.24295793 0.043429714 -0.08407897
v -0.22524285 0.005041178 -0.084639475
v 0.30026716 -0.15617234 -0.08388362
v 0.30356687 -0.14837159 -0.08392471
v 0.30222106 -0.14855404 -0.08396491
v 0.2952571 -0.19441192 -0.0841402
v 0.29357907 -0.244643 -0.084316365
v 0.30548224 -0.15552957 -0.084265165
v -0.27280024 0.08509859 -0.08471423
v 0.2974621 -0.07682458 -0.086223714
v 0.308037 -0.15537125 -0.08445329
v 0.2993171 -0.16360436 -0.08386801
v 0.30670696 -0.17108017 -0.08452526
v 0.29949573 -0.16589296 -0.083949864
v 0.30986533 -0.11543625 -0.084575765
v -0.19018808 0.004601068 -0.085719846
v -0.19671226 -0.04494201 -0.0834078
v -0.23134485 0.04833172 -0.084220536
v 0.27580193 -0.15520324 -0.08663185
v 0.2595057 -0.14683898 -0.08344038
v -0.185926 -0.046715003 -0.08378987
v 0.3033803 -0.24434212 -0.08509325
v 0.29812005 -0.19448163 -0.084358685
v 0.27863193 -0.13271886 -0.08585819
v 0.33183888 -0.07009627 -0.08561569
v -0.1827508 -0.04738561 -0.083897285
v -0.17681296 0.0024094365 -0.086023964
v 0.32286057 -0.14604911 -0.085483626
v 0.3098558 -0.24315171 -0.08559661
v 0.3018264 -0.19380318 -0.084616125
v -0.17292823 0.0015960968 -0.08609953
v 0.31850094 -0.17359614 -0.08546545
v -0.17032872 0.0010332009 -0.086149015
v 0.26887664 -0.15025565 -0.08523735
v -0.16700567 0.00031989126 -0.08621263
v -0.16809915 -0.05817122 -0.084131055
v -0.1435506 -0.014107135 -0.086223915
v -0.1476639 -0.011001984 -0.086226635
v -0.16242924 -0.00078432506 -0.086293064
v 0.3173202 -0.1203078 -0.08535262
v -0.15858774 -0.0018449111 -0.086352676
v -0.20762363 0.036099683 -0.08534956
v -0.21392624 0.04451655 -0.08496222
v -0.21229148 0.039099272 -0.08527176
v -0.15465687 -0.06339795 -0.08450449
v -0.2226287 0.007538378 -0.08483942
v -0.24706344 0.09594378 -0.086139165
v -0.22670947 0.04944549 -0.08431698
v 0.25145587 -0.19996943 -0.084719814
v -0.21134701 0.036197986 -0.085359566
v -0.14384207 -0.06608414 -0.084856644
v -0.13956372 -0.015651254 -0.0862129
v -0.19619378 0.039486084 -0.08577228
v 0.31754932 -0.24175636 -0.08619485
v -0.13239376 -0.06679567 -0.08530202
v -0.13625234 -0.016470242 -0.086241476
v -0.20391467 0.037136775 -0.08555945
v -0.23344472 0.09920669 -0.086808875
v -0.22127537 0.049607612 -0.08448424
v 0.32184023 -0.17400065 -0.085785784
v 0.32548386 -0.14010248 -0.08561845
v -0.122152485 -0.065785654 -0.08575649
v -0.13334388 -0.016649399 -0.08631053
v -0.21821871 0.09965534 -0.08744871
v -0.21848284 0.04908408 -0.08459896
v -0.11030407 -0.06262638 -0.08635006
v -0.13113464 -0.016431015 -0.086391844
v -0.20640819 0.097797595 -0.087869905
v -0.15002696 -0.008005927 -0.086261205
v 0.35091057 -0.08254469 -0.0872577
v 0.32261258 -0.12670693 -0.08572437
v -0.15199369 -0.0049670935 -0.08637811
v -0.19684564 0.094297394 -0.08814298
v -0.19406374 0.092674725 -0.08820184
v -0.21622895 0.04766206 -0.08473895
v -0.12725739 -0.015397218 -0.08658751
v 0.34617957 -0.22884293 -0.08834388
v 0.3130734 -0.18897244 -0.08530568
v -0.09980593 -0.057834215 -0.086943835
v -0.12498832 -0.014361577 -0.08672522
v -0.16861735 0.048365816 -0.08689179
v 0.36666545 -0.101623155 -0.088702075
v 0.32580373 -0.13567254 -0.08574353
v -0.08658524 -0.048349593 -0.08780905
v -0.12079684 -0.0113545535 -0.08699397
v 0.27893555 -0.20917921 -0.090115406
v 0.3652938 -0.20106088 -0.089587085
v 0.32053843 -0.17813718 -0.08567119
v 0.3759068 -0.12834354 -0.089704566
v -0.18441737 0.095778614 -0.08870321
v -0.15407495 0.053318657 -0.087801784
v -0.07583499 -0.03555366 -0.08868568
v -0.11513213 -0.0046101864 -0.087573305
v 0.39003843 -0.1302043 -0.090847634
v -0.06714081 -0.023704125 -0.08944574
v -0.10447656 0.009916481 -0.088682294
v -0.1705686 0.10049796 -0.08943194
v -0.14344224 0.05708733 -0.088557065
v -0.16038485 0.10411107 -0.08997268
v -0.11504515 0.06737581 -0.09052514
v -0.04444084 -0.0030097996 -0.09108144
v -0.07710971 0.034866117 -0.0908885
v 0.3287746 -0.11569104 -0.09391358
v 0.27774847 -0.14906426 -0.0868068
v -0.13817373 0.11216509 -0.091157965
v 0.32671842 -0.15544689 -0.095707566
v 0.31923708 -0.18918279 -0.09620803
v -0.09417325 0.081781104 -0.09232662
v -0.024843372 0.012988835 -0.09243001
v -0.058404114 0.050283957 -0.092471235
v -0.12195011 0.123364285 -0.09220474
v -0.09038773 0.08422895 -0.09248969
v -0.11517739 0.12774271 -0.092631616
v -0.017724998 0.020551352 -0.092979476
v -0.082514495 0.088142216 -0.0931002
v -0.010773803 0.03212781 -0.093658745
v -0.05518335 0.055290382 -0.09289064
v -0.09931841 0.13562943 -0.093550645
v -0.07820361 0.08909502 -0.0933716
v -0.00601522 0.042805158 -0.094217464
v -0.053246435 0.05964178 -0.093210295
v -0.08447762 0.13891491 -0.094271265
v -0.07438579 0.0892134 -0.09354367
v -0.0027916357 0.054740887 -0.09475607
v -0.05231884 0.06308424 -0.093433045
v -0.070821464 0.13933967 -0.09484588
v -0.0694254 0.08833818 -0.093669236
v -0.0019887553 0.06654681 -0.09519096
v -0.052111465 0.066164695 -0.093601316
v -0.056883313 0.13687484 -0.09533369
v -0.066847734 0.087449774 -0.093693174
v -0.0028190524 0.076260544 -0.09548762
v -0.052299388 0.06835046 -0.09369298
v -0.06146952 0.08483764 -0.09367084
v -0.04771808 0.13370717 -0.09560179
v -0.0043918313 0.082867436 -0.09564804
v -0.053210337 0.07219493 -0.09370172
v -0.0058255005 0.08889235 -0.09579437
v -0.030005744 0.12507714 -0.0960345
v -0.05535462 0.07751708 -0.093681924
v -0.012418032 0.104023986 -0.09603914
v -0.35170478 0.15949188 -0.04810788
v -0.30260047 0.16930442 -0.05088031
v -0.3520993 0.16283323 -0.04797409
v -0.3511955 0.15653509 -0.048234925
v -0.30228987 0.16676901 -0.050756842
v -0.35048717 0.15172291 -0.04843518
v -0.30181077 0.16405503 -0.050631177
v -0.30310354 0.17279592 -0.05112068
v -0.35275063 0.16753073 -0.047780782
v -0.349627 0.14661968 -0.048653435
v -0.3012831 0.16086018 -0.05048281
v -0.30452475 0.19204083 -0.052420177
v -0.35488108 0.19866602 -0.046617728
v -0.34876153 0.14214276 -0.048850905
v -0.3005038 0.15660703 -0.0504255
v -0.30160752 0.2005345 -0.053012114
v -0.3443536 0.22882913 -0.046171825
v -0.34824955 0.13941912 -0.048970252
v -0.29910317 0.14977454 -0.05040471
v -0.29994756 0.1533116 -0.050406404
v -0.34748086 0.13676988 -0.049100976
v -0.29857984 0.20292895 -0.05323565
v -0.3265468 0.24501117 -0.046590056
v -0.2983047 0.14577928 -0.050390996
v -0.34650365 0.1315483 -0.04932955
v -0.34570757 0.128674 -0.04946933
v -0.2976196 0.14303783 -0.05039096
v -0.31324646 0.2507834 -0.04711496
v -0.3451023 0.12592712 -0.049594503
v -0.29660854 0.13890123 -0.050379198
v -0.34406868 0.121838264 -0.049788002
v -0.34303078 0.1179561 -0.049974777
v -0.29557106 0.13467693 -0.050473895
v -0.29577455 0.20348516 -0.053341538
v -0.30169442 0.25347608 -0.047648974
v -0.3419758 0.11419662 -0.050158348
v -0.29467866 0.13132015 -0.050700523
v -0.29004344 0.25330526 -0.048284706
v -0.34158322 0.11306822 -0.050217547
v -0.2937994 0.12806323 -0.050922085
v -0.33993673 0.107515216 -0.050493468
v -0.29315338 0.1256181 -0.05108675
v -0.2805362 0.25136665 -0.04886402
v -0.29251957 0.12341268 -0.051241476
v -0.3390764 0.104572974 -0.050639004
v -0.29179335 0.12126446 -0.05140537
v -0.29185578 0.20215116 -0.05336086
v -0.26665062 0.24593358 -0.04979768
v -0.33805674 0.1011557 -0.050809145
v -0.29099748 0.118329264 -0.051601686
v -0.33726645 0.09845989 -0.050942607
v -0.29010814 0.1153751 -0.051570226
v -0.33640778 0.095463894 -0.051089864
v -0.28923538 0.112415135 -0.05160141
v -0.33517864 0.09168233 -0.051283594
v -0.28857931 0.11011928 -0.051758416
v -0.2729674 0.18742211 -0.053171553
v -0.24249832 0.22708122 -0.051738102
v -0.3344636 0.089408934 -0.051398765
v -0.28755143 0.106948115 -0.0519873
v -0.33360657 0.08649265 -0.051543254
v -0.28662664 0.10399951 -0.05219713
v -0.33197862 0.081601486 -0.051795896
v -0.28589505 0.10150267 -0.052369773
v -0.28479186 0.09818866 -0.052611966
v -0.3310029 0.07850533 -0.05195285
v -0.2837734 0.09502234 -0.052839335
v -0.33010253 0.07586334 -0.052090455
v -0.32898325 0.07251374 -0.052263707
v -0.28274128 0.091897026 -0.05306346
v -0.2611951 0.17858997 -0.05379085
v -0.23047717 0.21806014 -0.052691706
v -0.32824877 0.07018373 -0.05238184
v -0.28144357 0.08800348 -0.053343017
v -0.32639053 0.06466804 -0.052667942
v -0.2807299 0.085733466 -0.05350185
v -0.32494697 0.06047119 -0.052887242
v -0.2790837 0.08083461 -0.053855073
v -0.32368243 0.05675552 -0.053080667
v -0.27766952 0.07671297 -0.05415336
v -0.25170478 0.17097688 -0.054492157
v -0.22039619 0.20997255 -0.053508986
v -0.32242897 0.05298549 -0.053275324
v -0.27631453 0.072748795 -0.054221094
v -0.32009506 0.04629904 -0.053626556
v -0.2751243 0.06916483 -0.054438204
v -0.23975597 0.1614299 -0.054947067
v -0.20835589 0.20034754 -0.05448395
v -0.31787568 0.040060975 -0.053956505
v -0.27296856 0.06297365 -0.05488903
v -0.31650516 0.036064338 -0.054165114
v -0.27071035 0.056611042 -0.055356175
v -0.31552994 0.033152174 -0.054315854
v -0.2691903 0.052174505 -0.05561892
v -0.31450638 0.030218555 -0.054469932
v -0.26825425 0.049386933 -0.055702776
v -0.23105624 0.15436257 -0.05564018
v -0.19902954 0.19277099 -0.055243224
v -0.3127673 0.02532475 -0.054728664
v -0.26738378 0.04688634 -0.05588147
v -0.31165987 0.022288438 -0.054890733
v -0.2657808 0.042365406 -0.05620678
v -0.22697823 0.15088136 -0.0558509
v -0.19563161 0.18986902 -0.055524617
v -0.30884928 0.014679815 -0.05529877
v -0.26471123 0.039426845 -0.056420352
v -0.22464815 0.14912276 -0.055948507
v -0.19369678 0.18840818 -0.055678405
v -0.21768312 0.14340994 -0.056242056
v -0.18598878 0.18208274 -0.05630807
v -0.30685794 0.009400203 -0.055584133
v -0.26206848 0.03225693 -0.056944128
v -0.3036498 0.0011235727 -0.056036152
v -0.26020834 0.027326072 -0.0572015
v -0.21122809 0.13812564 -0.056698184
v -0.17964745 0.17689076 -0.056825686
v -0.20608595 0.13395607 -0.05697919
v -0.3001159 -0.007648598 -0.05652246
v -0.25720832 0.019572569 -0.05775562
v -0.17445014 0.17267506 -0.057248592
v -0.19898069 0.12810221 -0.05736908
v -0.29428992 -0.021461403 -0.057302345
v -0.25395617 0.011484876 -0.058352973
v -0.16717 0.16667502 -0.05784417
v -0.19264843 0.12286432 -0.05785364
v -0.16086446 0.16145884 -0.058360666
v -0.18525037 0.11678459 -0.058325168
v -0.28792897 -0.03558707 -0.05812169
v -0.24852751 -0.0013999672 -0.059229948
v -0.15344207 0.1553577 -0.05896734
v -0.17499365 0.108272545 -0.059077412
v -0.27938452 -0.05309872 -0.059173055
v -0.24273947 -0.014271858 -0.060189236
v -0.14311868 0.1467893 -0.059813906
v -0.17203875 0.105825506 -0.059284605
v -0.14007187 0.14426576 -0.060063582
v -0.16569579 0.10050913 -0.059731435
v -0.13369225 0.13891779 -0.06058852
v -0.1554041 0.09194836 -0.060531676
v -0.271785 -0.0671302 -0.0600562
v -0.23500748 -0.03013417 -0.06134772
v -0.123411216 0.13036537 -0.06143226
v -0.14471726 0.08299846 -0.061332222
v -0.26624665 -0.07649279 -0.060670763
v -0.2283685 -0.04240149 -0.06226142
v -0.26232556 -0.082587235 -0.061087888
v -0.22379188 -0.050143994 -0.06286932
v -0.11241803 0.12115797 -0.062336553
v -0.13618624 0.075663805 -0.062036645
v -0.2589275 -0.087652795 -0.061442107
v -0.22063902 -0.05504766 -0.063268505
v -0.25408646 -0.09423208 -0.061925292
v -0.21811156 -0.058816094 -0.063547
v -0.103899494 0.113833986 -0.06304365
v -0.12956475 0.07012558 -0.06255172
v -0.24653676 -0.103452064 -0.06264382
v -0.2146794 -0.06348196 -0.06392322
v -0.09710964 0.10815462 -0.063601926
v -0.12536053 0.06644535 -0.06290498
v -0.091813564 0.10351864 -0.06404432
v -0.23541382 -0.11403441 -0.0636014
v -0.20991161 -0.06930583 -0.064417444
v -0.22601013 -0.120768785 -0.0643365
v -0.20354581 -0.075362675 -0.06498807
v -0.21498235 -0.12651122 -0.065126054
v -0.1998269 -0.078025825 -0.0652559
v -0.19354111 -0.08129923 -0.065661594
v -0.20526469 -0.13069929 -0.065792456
v -0.18682362 -0.08419479 -0.066072166
v -0.20016007 -0.13255583 -0.06613095
v -0.1833264 -0.08546702 -0.06628587
v -0.19694714 -0.13368592 -0.066342704
v -0.1808643 -0.08633335 -0.06642463
v -0.19374864 -0.13473459 -0.06655095
v -0.1783677 -0.087152325 -0.06655934
v -0.03878339 -0.014994713 -0.070324
v -0.18916012 -0.13616768 -0.06684729
v -0.17483008 -0.088216245 -0.06674682
v -0.18671678 -0.13701755 -0.067008
v -0.1715659 -0.089173555 -0.06691901
v -0.16840546 -0.09000707 -0.06708242
v -0.18289252 -0.13796578 -0.0672467
v -0.16653965 -0.09055814 -0.067181
v -0.18084672 -0.13856083 -0.067377344
v -0.17576306 -0.13972081 -0.06769126
v -0.1632999 -0.09129473 -0.06734439
v -0.15987961 -0.092029475 -0.067515366
v -0.1721047 -0.14064379 -0.06792014
v -0.0029078943 0.019888155 -0.071666144
v -0.16712764 -0.14161836 -0.06822205
v -0.1558704 -0.09289656 -0.067715995
v -0.15174754 -0.093644835 -0.06791729
v -0.1632644 -0.14246392 -0.06845941
v -0.16171904 -0.14276133 -0.06855297
v -0.15407018 -0.14407226 -0.069010675
v -0.14658302 -0.09463084 -0.068171225
v -0.15071657 -0.14450692 -0.06920663
v -0.14160053 -0.09534416 -0.06841487
v -0.1483886 -0.14497273 -0.069348186
v -0.14304857 -0.14563608 -0.069659255
v -0.13563924 -0.096160494 -0.06872107
v -0.1332858 -0.14678182 -0.07022571
v -0.12831095 -0.09703952 -0.069071434
v -0.1225696 -0.14771785 -0.07083664
v -0.11922995 -0.09783542 -0.069495544
v -0.108568884 -0.14832817 -0.07161422
v -0.10649934 -0.0983931 -0.07011561
v -0.0835583 -0.14922784 -0.072996855
v -0.084314555 -0.09919586 -0.07119198
v 0.005699284 -0.065363705 -0.07460045
v -0.055778097 -0.14727911 -0.07443338
v -0.058844544 -0.09741391 -0.07238236
v -0.045230072 -0.14667663 -0.07498345
v -0.048625257 -0.09676095 -0.07285453
v -0.043040436 -0.1464013 -0.07509258
v 0.04724634 -0.03689747 -0.07628917
v -0.036607794 -0.14600547 -0.07542708
v -0.0402432 -0.09617873 -0.07327816
v -0.02520012 -0.14499177 -0.076009795
v -0.029887347 -0.0952593 -0.07378659
v -0.018909462 -0.14433633 -0.07632788
v -0.02285252 -0.094527185 -0.07412026
v -0.016069284 -0.14416942 -0.07647584
v -0.019595962 -0.09433609 -0.07428237
v 0.008590578 -0.071613 -0.074983
v -0.007444735 -0.14341612 -0.07691682
v -0.011863735 -0.09366102 -0.07466977
v 0.00026316458 -0.14268467 -0.07730898
v -0.0044523315 -0.09292898 -0.07503994
v 0.056878496 -0.055670537 -0.0774418
v 0.0073503987 -0.14175205 -0.077660814
v 0.008518892 -0.073900804 -0.0750631
v 0.058842838 -0.071027964 -0.07806486
v 0.016883986 -0.13862865 -0.078071184
v -0.0025352614 -0.092455566 -0.075129226
v 0.058208313 -0.079410344 -0.07831266
v 0.0071308017 -0.07858687 -0.07515802
v 0.056983184 -0.08635198 -0.078480035
v 0.02762868 -0.13298124 -0.0784621
v -0.00057309895 -0.09142426 -0.07520066
v 0.05395601 -0.095964715 -0.078639865
v 0.0036298078 -0.08669622 -0.075261064
v 0.03835463 -0.123727135 -0.07873063
v 0.0014593602 -0.08967087 -0.07524946
v 0.047218677 -0.11157628 -0.07880098
vt 1 1
vt 0 0
vt 1 1
vt 0 0
vt 0 0
vt 0 0
vt 1 1
vt 1 1
vt 0 0
vt 1 1
vt 0 0
vt 0 0
vt 1 1
vt 0 0
vt 1 1
vt 0 0
vt 1 1
vt 0 0
vt 1 1
vt 0 0
vt 1 1
vt 0 0
vt 0 0
vt 0 0
vt 1 1
vt 0 0
vt 1 1
vt 0 0
vt 1 1
vt 1 1
vt 1 1
vt 0 0
vt 0 0
vt 1 1
vt 1 1
vt 1 1
vt 0 0
vt 0 0
vt 1 1
vt 0 0
vt 1 1
vt 0 0
vt 1 1
vt 0 0
vt 1 1
vt 0 0
vt 1 1
vt 0 0
vt 1 1
vt 0 0
vt 1 1
vt 0 0
vt 1 1
vt 0 0
vt 1 1
vt 0 0
vt 1 1
vt 0 0
vt 1 1
vt 0 0
vt 1 1
vt 0 0
vt 1 1
vt 0 0
vt 1 1
vt 0 0
vt 1 1
vt 0 0
vt 1 1
vt 0 0
vt 1 1
vt 0 0
vt 1 1
vt 0 0
vt 1 1
vt 0 0
vt 1 1
vt 0 0
vt 1 1
vt 0 0
vt 1 1
vt 0 0
vt 1 1
vt 0 0
vt 0 0
vt 1 1
vt 0 0
vt 0 0
vt 1 1
vt 0 0
vt 0 0
vt 1 1
vt 0 0
vt 1 1
vt 0.19921875 0.19921875
vt 1 1
vt 0 0
vt 1 1
vt 0 0
vt 1 1
vt 0 0
vt 1 1
vt 0 0
vt 1 1
vt 0 0
vt 1 1
vt 0 0
vt 1 1
vt 0 0
vt 0 0
vt 1 1
vt 0 0
vt 1 1
vt 0 0
vt 0 0
vt 0 0
vt 0 0
vt 1 1
vt 0 0
vt 0 0
vt 1 1
vt 1 1
vt 0 0
vt 1 1
vt 0 0
vt 0 0
vt 1 1
vt 1 1
vt 0 0
vt 0 0
vt 1 1
vt 0 0
vt 1 1
vt 0 0
vt 1 1
vt 1 1
vt 0 0
vt 1 1
vt 0 0
vt 1 1
vt 0 0
vt 1 1
vt 0 0
vt 1 1
vt 0 0
vt 1 1
vt 0 0
vt 1 1
vt 0 0
vt 1 1
vt 0 0
vt 0 0
vt 1 1
vt 0 0
vt 1 1
vt 0 0
vt 1 1
vt 0 0
vt 1 1
vt 0 0
vt 1 1
vt 0 0
vt 1 1
vt 0 0
vt 1 1
vt 0 0
vt 1 1
vt 0 0
vt 1 1
vt 0 0
vt 0 0
vt 0 0
vt 1 1
vt 0 0
vt 1 1
vt 0 0
vt 1 1
vt 0 0
vt 0 0
vt 1 1
vt 0 0
vt 1 1
vt 0 0
vt 1 1
vt 0 0
vt 1 1
vt 0 0
vt 1 1
vt 0 0
vt 1 1
vt 0 0
vt 1 1
vt 0 0
vt 1 1
vt 0 0
vt 1 1
vt 0 0
vt 1 1
vt 0 0
vt 1 1
vt 0 0
vt 1 1
vt 0 0
vt 0 0
vt 1 1
vt 0 0
vt 0 0
vt 0 0
vt 0 0
vt 0 0
vt 1 1
vt 0 0
vt 1 1
vt 0 0
vt 0 0
vt 1 1
vt 1 1
vt 0 0
vt 1 1
vt 0 0
vt 1 1
vt 0 0
vt 0 0
vt 1 1
vt 1 1
vt 0 0
vt 0 0
vt 1 1
vt 1 1
vt 0 0
vt 1 1
vt 0 0
vt 1 1
vt 0 0
vt 1 1
vt 0 0
vt 1 1
vt 1 1
vt 0 0
vt 1 1
vt 0 0
vt 1 1
vt 0 0
vt 0 0
vt 1 1
vt 1 1
vt 0 0
vt 0 0
vt 1 1
vt 1 1
vt 0 0
vt 1 1
vt 0 0
vt 1 1
vt 0 0
vt 0 0
vt 1 1
vt 1 1
vt 0 0
vt 1 1
vt 0 0
vt 1 1
vt 0 0
vt 1 1
vt 0 0
vt 1 1
vt 0 0
vt 1 1
vt 0 0
vt 1 1
vt 0 0
vt 1 1
vt 0 0
vt 1 1
vt 0 0
vt 1 1
vt 0 0
vt 0 0
vt 1 1
vt 0 0
vt 1 1
vt 0 0
vt 1 1
vt 1 1
vt 0 0
vt 0 0
vt 1 1
vt 0 0
vt 1 1
vt 0 0
vt 1 1
vt 0 0
vt 1 1
vt 0 0
vt 1 1
vt 0 0
vt 1 1
vt 0 0
vt 1 1
vt 0 0
vt 1 1
vt 0 0
vt 0 0
vt 1 1
vt 0 0
vt 0 0
vt 1 1
vt 0 0
vt 1 1
vt 0 0
vt 1 1
vt 0 0
vt 1 1
vt 0 0
vt 1 1
vt 0 0
vt 1 1
vt 0 0
vt 1 1
vt 0 0
vt 1 1
vt 0 0
vt 1 1
vt 0 0
vt 1 1
vt 0 0
vt 0 0
vt 0 0
vt 1 1
vt 0 0
vt 1 1
vt 1 1
vt 0 0
vt 1 1
vt 0 0
vt 1 1
vt 0 0
vt 1 1
vt 0 0
vt 1 1
vt 0 0
vt 1 1
vt 0 0
vt 1 1
vt 0 0
vt 1 1
vt 0 0
vt 1 1
vt 0 0
vt 0 0
vt 0 0
vt 0 0
vt 1 1
vt 0 0
vt 1 1
vt 0 0
vt 1 1
vt 0 0
vt 1 1
vt 0 0
vt 1 1
vt 1 1
vt 0 0
vt 1 1
vt 0 0
vt 1 1
vt 0 0
vt 0 0
vt 0 0
vt 0 0
vt 1 1
vt 0 0
vt 0 0
vt 1 1
vt 0 0
vt 1 1
vt 0 0
vt 1 1
vt 0 0
vt 1 1
vt 0 0
vt 1 1
vt 0 0
vt 1 1
vt 0 0
vt 1 1
vt 0 0
vt 0 0
vt 0 0
vt 1 1
vt 0 0
vt 1 1
vt 0 0
vt 1 1
vt 0 0
vt 1 1
vt 0 0
vt 0 0
vt 1 1
vt 0 0
vt 1 1
vt 0 0
vt 1 1
vt 0 0
vt 0 0
vt 1 1
vt 0 0
vt 1 1
vt 1 1
vt 0 0
vt 1 1
vt 0 0
vt 1 1
vt 0 0
vt 1 1
vt 0 0
vt 1 1
vt 0 0
vt 1 1
vt 0 0
vt 1 1
vt 0 0
vt 1 1
vt 0 0
vt 1 1
vt 0 0
vt 1 1
vt 0 0
vt 1 1
vt 0 0
vt 1 1
vt 0 0
vt 1 1
vt 0 0
vt 1 1
vt 0 0
vt 1 1
vt 0 0
vt 1 1
vt 0 0
vt 1 1
vt 0 0
vt 1 1
vt 0 0
vt 1 1
vt 0 0
vt 1 1
vt 0 0
vt 0 0
vt 1 1
vt 0 0
vt 1 1
vt 0 0
vt 1 1
vt 0 0
vt 0 0
vt 0 0
vt 0 0
vt 1 1
vt 0 0
vt 0 0
vt 0 0
vt 1 1
vt 0 0
vt 0 0
vt 1 1
vt 0 0
vt 0 0
vt 1 1
vt 0 0
vt 1 1
vt 0 0
vt 1 1
vt 0 0
vt 1 1
vt 0 0
vt 1 1
vt 0 0
vt 1 1
vt 0 0
vt 1 1
vt 0 0
vt 1 1
vt 0 0
vt 1 1
vt 0 0
vt 1 1
vt 0 0
vt 1 1
vt 0 0
vt 1 1
vt 0 0
vt 1 1
vt 0 0
vt 1 1
vt 0 0
vt 0 0
vt 1 1
vt 0 0
vt 1 1
vt 0 0
vt 1 1
vt 0 0
vt 1 1
vt 0 0
vt 1 1
vt 0 0
vt 1 1
vt 0 0
vt 1 1
vt 0 0
vt 1 1
vt 0 0
vt 1 1
vt 0 0
vt 1 1
vt 0 0
vt 1 1
vt 0 0
vt 1 1
vt 0 0
vt 1 1
vt 0 0
vt 1 1
vt 0 0
vt 1 1
vt 0 0
vt 1 1
vt 0 0
vt 1 1
vt 0 0
vt 1 1
vt 0 0
vt 1 1
vt 0 0
vt 1 1
vt 0 0
vt 1 1
vt 0 0
vt 1 1
vt 0 0
vt 1 1
vt 0 0
vt 1 1
vt 0 0
vt 1 1
vt 0 0
vt 1 1
vt 0 0
vt 0 0
vt 0 0
vt 1 1
vt 0 0
vt 0 0
vt 1 1
vt 0 0
vt 1 1
vt 0 0
vt 1 1
vt 0 0
vt 0 0
vt 0 0
vt 0 0
vt 0 0
vt 0 0
vt 1 1
vt 0 0
vt 1 1
vt 0 0
vt 1 1
vt 0 0
vt 1 1
vt 0 0
vt 0 0
vt 1 1
vt 0 0
vt 1 1
vt 0 0
vt 0 0
vt 1 1
vt 0 0
vt 0 0
vt 1 1
vt 0 0
vt 1 1
vt 0 0
vt 1 1
vt 0 0
vt 0 0
vt 0 0
vt 0 0
vt 0 0
vt 0 0
vt 1 1
vt 0 0
vt 0 0
vt 0 0
vt 0 0
vt 1 1
vt 0 0
vt 0 0
vt 0 0
vt 0 0
vt 0 0
vt 0 0
vt 1 1
vt 0 0
vt 0 0
vt 1 1
vt 0 0
vt 0 0
vt 0 0
vt 0 0
vt 1 1
vt 0 0
vt 0 0
vt 0 0
vt 0 0
vt 1 1
vt 1 1
vt 1 1
vt 1 1
vt 0 0
vt 0 0
vt 1 1
vt 1 1
vt 1 1
vt 0 0
vt 1 1
vt 0 0
vt 1 1
vt 0 0
vt 1 1
vt 1 1
vt 0 0
vt 1 1
vt 0 0
vt 0 0
vt 1 1
vt 1 1
vt 0 0
vt 1 1
vt 1 1
vt 0 0
vt 0 0
vt 0 0
vt 1 1
vt 0 0
vt 1 1
vt 1 1
vt 0 0
vt 0 0
vt 1 1
vt 1 1
vt 0 0
vt 1 1
vt 1 1
vt 0 0
vt 0 0
vt 0 0
vt 1 1
vt 0 0
vt 0 0
vt 1 1
vt 0 0
vt 1 1
vt 0 0
vt 1 1
vt 1 1
vt 1 1
vt 0 0
vt 0 0
vt 1 1
vt 0 0
vt 0 0
vt 0 0
vt 0 0
vt 1 1
vt 0 0
vt 0 0
vt 1 1
vt 0 0
vt 0 0
vt 0 0
vt 0 0
vt 0 0
vt 1 1
vt 0 0
vt 1 1
vt 1 1
vt 0 0
vt 0 0
vt 0 0
vt 1 1
vt 1 1
vt 0 0
vt 1 1
vt 0 0
vt 1 1
vt 0 0
vt 1 1
vt 0 0
vt 0 0
vt 1 1
vt 0 0
vt 1 1
vt 1 1
vt 0 0
vt 0 0
vt 1 1
vt 1 1
vt 0 0
vt 0 0
vt 1 1
vt 0 0
vt 1 1
vt 0 0
vt 1 1
vt 0 0
vt 0 0
vt 1 1
vt 0 0
vt 0 0
vt 0 0
vt 1 1
vt 0 0
vt 1 1
vt 0 0
vt 1 1
vt 0 0
vt 1 1
vt 0 0
vt 1 1
vt 0 0
vt 1 1
vt 0 0
vt 1 1
vt 0 0
vt 0 0
vt 0 0
vt 1 1
vt 0 0
vt 0 0
vt 0 0
vt 0 0
vt 0 0
vt 1 1
vt 1 1
vt 0 0
vt 1 1
vt 0 0
vt 1 1
vt 1 1
vt 0 0
vt 1 1
vt 1 1
vt 1 1
vt 0 0
vt 1 1
vt 1 1
vt 1 1
vt 1 1
vt 1 1
vt 1 1
vt 1 1
vt 1 1
vt 0 0
vt 0 0
vt 1 1
vt 1 1
vt 1 1
vt 0 0
vt 1 1
vt 1 1
vt 1 1
vt 1 1
vt 1 1
vt 1 1
vt 1 1
vt 1 1
vt 1 1
vt 1 1
vt 0 0
vt 0 0
vt 1 1
vt 1 1
vt 1 1
vt 1 1
vt 0 0
vt 1 1
vt 0 0
vt 0 0
vt 1 1
vt 1 1
vt 0 0
vt 0 0
vt 1 1
vt 0 0
vt 1 1
vt 1 1
vt 0 0
vt 0 0
vt 1 1
vt 1 1
vt 0 0
vt 1 1
vt 0 0
vt 0 0
vt 1 1
vt 1 1
vt 0 0
vt 1 1
vt 0 0
vt 0 0
vt 1 1
vt 1 1
vt 0 0
vt 1 1
vt 0 0
vt 0 0
vt 1 1
vt 0 0
vt 0 0
vt 1 1
vt 1 1
vt 0 0
vt 1 1
vt 0 0
vt 1 1
vt 0 0
vt 1 1
vt 0 0
vt 1 1
vt 0 0
vt 1 1
vt 0 0
vt 1 1
vt 0 0
vt 1 1
vt 0 0
vt 1 1
vt 0 0
vt 1 1
vt 0 0
vt 1 1
vt 0 0
vt 1 1
vt 1 1
vt 0 0
vt 0 0
vt 1 1
vt 0 0
vt 1 1
vt 0 0
vt 1 1
vt 0 0
vt 1 1
vt 0 0
vt 0 0
vt 1 1
vt 0 0
vt 1 1
vt 0 0
vt 1 1
vt 0 0
vt 1 1
vt 0 0
vt 1 1
vt 0 0
vt 1 1
vt 0 0
vt 0 0
vt 1 1
vt 1 1
vt 0 0
vt 0 0
vt 1 1
vt 0 0
vt 1 1
vt 0 0
vt 1 1
vt 0 0
vt 1 1
vt 0 0
vt 1 1
vt 0 0
vt 1 1
vt 0 0
vt 1 1
vt 0 0
vt 1 1
vt 0 0
vt 1 1
vt 0 0
vt 1 1
vt 0 0
vt 1 1
vt 0 0
vt 1 1
vt 1 1
vt 0 0
vt 1 1
vt 0 0
vt 1 1
vt 0 0
vt 1 1
vt 0 0
vt 1 1
vt 0 0
vt 0 0
vt 1 1
vt 0 0
vt 1 1
vt 0 0
vt 1 1
vt 0 0
vt 1 1
vt 0 0
vt 1 1
vt 0 0
vt 1 1
vt 0 0
vt 1 1
vt 0 0
vt 1 1
vt 0 0
vt 1 1
vt 0 0
vt 1 1
vt 0 0
vt 1 1
vt 0 0
vt 1 1
vt 0 0
vt 1 1
vt 0 0
vt 1 1
vt 0 0
vt 1 1
vt 0 0
vt 1 1
vt 0 0
vt 1 1
vt 0 0
vt 0 0
vt 1 1
vt 0 0
vt 0 0
vt 1 1
vt 0 0
vt 1 1
vt 0 0
vt 0 0
vt 0 0
vt 1 1
vt 0 0
vt 1 1
vt 0 0
vt 1 1
vt 1 1
vt 0 0
vt 0 0
vt 1 1
vt 0 0
vt 1 1
vt 1 1
vt 0 0
vt 0 0
vt 1 1
vt 0 0
vt 1 1
vt 1 1
vt 0 0
vt 0 0
vt 1 1
vt 0 0
vt 1 1
vt 0 0
vt 1 1
vt 0 0
vt 1 1
vt 0 0
vt 1 1
vt 0 0
vt 1 1
vt 0 0
vt 1 1
vt 0 0
vt 1 1
vt 0 0
vt 1 1
vt 0 0
vt 1 1
vt 0 0
vt 1 1
vt 0 0
vt 1 1
vt 0 0
vt 1 1
vt 0 0
vt 1 1
vt 0 0
vt 1 1
vt 0 0
vt 1 1
vt 0 0
vt 1 1
vt 0 0
vt 1 1
vt 0 0
vt 1 1
vt 0 0
vt 1 1
vt 0 0
vt 1 1
vt 0 0
vt 1 1
vt 0 0
vt 1 1
vt 0 0
vt 1 1
vt 0 0
vt 1 1
vt 0 0
vt 1 1
vt 0 0
vt 1 1
vt 0 0
vt 1 1
vt 0 0
vt 1 1
vt 0 0
vt 1 1
vt 0 0
vt 1 1
vt 0 0
vt 1 1
vt 0 0
vt 1 1
vt 0 0
vt 1 1
vt 0 0
vt 1 1
vt 0 0
vt 1 1
vt 0 0
vt 1 1
vt 0 0
vt 1 1
vt 0 0
vt 1 1
vt 0 0
vt 1 1
vt 0 0
vt 1 1
vt 0 0
vt 1 1
vt 0 0
vt 1 1
vt 0 0
vt 1 1
vt 0 0
vt 1 1
vt 0 0
vt 1 1
vt 0 0
vt 1 1
vt 0 0
vt 1 1
vt 0 0
vt 1 1
vt 0 0
vt 1 1
vt 0 0
vt 1 1
vt 0 0
vt 1 1
vt 0 0
vt 1 1
vt 0 0
vt 1 1
vt 0 0
vt 1 1
vt 1 1
vt 0 0
vt 1 1
vt 0 0
vt 1 1
vt 0 0
vt 0 0
vt 1 1
vt 0 0
vt 1 1
vt 0 0
vt 1 1
vt 0 0
vt 1 1
vt 0 0
vt 1 1
vt 0 0
vt 1 1
vt 0 0
vt 1 1
vt 0 0
vt 1 1
vt 0 0
vt 1 1
vt 0 0
vt 1 1
vt 0 0
vt 1 1
vt 0 0
vt 1 1
vt 0 0
vt 1 1
vt 0 0
vt 1 1
vt 0 0
vt 1 1
vt 0 0
vt 1 1
vt 0 0
vt 1 1
vt 0 0
vt 1 1
vt 0 0
vt 1 1
vt 0 0
vt 1 1
vt 0 0
vt 1 1
vt 0 0
vt 1 1
vt 0 0
vt 1 1
vt 0 0
vt 1 1
vt 0 0
vt 1 1
vt 0 0
vt 1 1
vt 0 0
vt 1 1
vt 0 0
vt 1 1
vt 0 0
vt 1 1
vt 0 0
vt 1 1
vt 0 0
vt 1 1
vt 0 0
vt 1 1
vt 0 0
vt 1 1
vt 0 0
vt 1 1
vt 0 0
vt 1 1
vt 0 0
vt 1 1
vt 0 0
vt 1 1
vt 0 0
vt 1 1
vt 0 0
vt 1 1
vt 0 0
vt 1 1
vt 0 0
vt 1 1
vt 0 0
vt 1 1
vt 0 0
vt 1 1
vt 0 0
vt 1 1
vt 0 0
vt 1 1
vt 0 0
vt 1 1
vt 0 0
vt 1 1
vt 0 0
vt 1 1
vt 0 0
vt 1 1
vt 0 0
vt 1 1
vt 0 0
vt 1 1
vt 0 0
vt 1 1
vt 0 0
vt 1 1
vt 0 0
vt 1 1
vt 0 0
vt 1 1
vt 0 0
vt 1 1
vt 0 0
vt 1 1
vt 0 0
vt 1 1
vt 0 0
vt 1 1
vt 0 0
vt 1 1
vt 0 0
vt 1 1
vt 0 0
vt 1 1
vt 0 0
vt 1 1
vt 0 0
vt 0 0
vt 1 1
vt 0 0
vt 1 1
vt 0 0
vt 0 0
vt 1 1
vt 0 0
vt 0 0
vt 1 1
vt 0 0
vt 0 0
vt 1 1
vt 1 1
vt 0 0
vt 1 1
vt 0 0
vt 0 0
vt 1 1
vt 0 0
vt 1 1
vt 0 0
vt 1 1
vt 0 0
vt 0 0
vt 1 1
vt 1 1
vt 1 1
vt 0 0
vt 0 0
vt 1 1
vt 1 1
vt 1 1
vt 0 0
vt 0 0
vt 0 0
vt 0 0
vt 0 0
vt 1 1
vt 0 0
vt 0 0
vt 1 1
vt 1 1
vt 1 1
vt 1 1
vt 0 0
vt 1 1
vt 1 1
vt 0 0
vt 0 0
vt 1 1
vt 0 0
vt 1 1
vt 1 1
vt 0 0
vt 0 0
vt 1 1
vt 0 0
vt 1 1
vt 0 0
vt 1 1
vt 0 0
vt 1 1
vt 1 1
vt 0 0
vt 0 0
vt 1 1
vt 0 0
vt 1 1
vt 0 0
vt 0 0
vt 1 1
vt 0 0
vt 1 1
vt 1 1
vt 0 0
vt 1 1
vt 1 1
vt 0 0
vt 0 0
vt 0 0
vt 1 1
vt 0 0
vt 0 0
vt 1 1
vt 1 1
vt 0 0
vt 1 1
vt 0 0
vt 0 0
vt 1 1
vt 1 1
vt 0 0
vt 1 1
vt 0 0
vt 0 0
vt 0 0
vt 1 1
vt 1 1
vt 0 0
vt 1 1
vt 0 0
vt 1 1
vt 1 1
vt 0 0
vt 1 1
vt 0 0
vt 1 1
vt 0 0
vt 1 1
vt 0 0
vt 0 0
vt 1 1
vt 1 1
vt 0 0
vt 1 1
vt 0 0
vt 1 1
vt 0 0
vt 0 0
vt 0 0
vt 1 1
vt 0 0
vt 1 1
vt 0 0
vt 1 1
vt 0 0
vt 1 1
vt 0 0
vt 1 1
vt 1 1
vt 0 0
vt 0 0
vt 0 0
vt 1 1
vt 0 0
vt 1 1
vt 0 0
vt 0 0
vt 0 0
vt 1 1
vt 0 0
vt 1 1
vt 0 0
vt 1 1
vt 0 0
vt 1 1
vt 1 1
vt 1 1
vt 1 1
vt 1 1
vt 0 0
vt 1 1
vt 0 0
vt 0 0
vt 1 1
vt 0 0
vt 1 1
vt 0 0
vt 0 0
vt 1 1
vt 0 0
vt 1 1
vt 0 0
vt 1 1
vt 1 1
vt 0 0
vt 0 0
vt 1 1
vt 0 0
vt 1 1
vt 1 1
vt 1 1
vt 1 1
vt 0 0
vt 0 0
vt 1 1
vt 0 0
vt 0 0
vt 1 1
vt 0 0
vt 1 1
vt 0 0
vt 1 1
vt 1 1
vt 0 0
vt 1 1
vt 0 0
vt 0 0
vt 1 1
vt 1 1
vt 0 0
vt 1 1
vt 1 1
vt 0 0
vt 1 1
vt 0 0
vt 1 1
vt 0 0
vt 0 0
vt 1 1
vt 1 1
vt 0 0
vt 0 0
vt 1 1
vt 1 1
vt 0 0
vt 0 0
vt 1 1
vt 1 1
vt 0 0
vt 1 1
vt 1 1
vt 0 0
vt 1 1
vt 1 1
vt 1 1
vt 0 0
vt 1 1
vt 0 0
vt 1 1
vt 0 0
vt 0 0
vt 1 1
vt 1 1
vt 1 1
vt 1 1
vt 0 0
vt 0 0
vt 1 1
vt 0 0
vt 1 1
vt 1 1
vt 1 1
vt 1 1
vt 1 1
vt 1 1
vt 1 1
vt 1 1
vt 1 1
vt 0 0
vt 1 1
vt 1 1
vt 0 0
vt 1 1
vt 1 1
vt 0 0
vt 1 1
vt 0 0
vt 1 1
vt 0 0
vt 1 1
vt 1 1
vt 0 0
vt 1 1
vt 1 1
vt 0 0
vt 1 1
vt 0 0
vt 1 1
vt 0 0
vt 1 1
vt 1 1
vt 0 0
vt 0 0
vt 1 1
vt 0 0
vt 1 1
vt 0 0
vt 1 1
vt 0 0
vt 0 0
vt 1 1
vt 1 1
vt 0 0
vt 0 0
vt 1 1
vt 0 0
vt 1 1
vt 0 0
vt 1 1
vt 0 0
vt 0 0
vt 1 1
vt 1 1
vt 0 0
vt 0 0
vt 1 1
vt 0 0
vt 0 0
vt 1 1
vt 1 1
vt 0 0
vt 0 0
vt 1 1
vt 0 0
vt 0 0
vt 1 1
vt 0 0
vt 1 1
vt 0 0
vt 1 1
vt 1 1
vt 0 0
vt 0 0
vt 0 0
vt 1 1
vt 0 0
vt 1 1
vt 0 0
vt 0 0
vt 1 1
vt 0 0
vt 0 0
vt 0 0
vt 0 0
vt 1 1
vt 0 0
vt 1 1
vt 0 0
vt 0 0
vt 1 1
vt 0 0
vt 1 1
vt 0 0
vt 1 1
vt 0 0
vt 1 1
vt 0 0
vt 1 1
vt 0 0
vt 1 1
vt 0 0
vt 1 1
vt 0 0
vt 1 1
vt 0 0
vt 1 1
vt 0 0
vt 0 0
vt 1 1
vt 0 0
vt 1 1
vt 0 0
vt 1 1
vt 0 0
vt 1 1
vt 0 0
vt 0 0
vt 1 1
vt 0 0
vt 0 0
vt 1 1
vt 0 0
vt 1 1
vt 0 0
vt 1 1
vt 0 0
vt 1 1
vt 0 0
vt 1 1
vt 0 0
vt 1 1
vt 0 0
vt 1 1
vt 0 0
vt 1 1
vt 0 0
vt 1 1
vt 0 0
vt 1 1
vt 0 0
vt 1 1
vt 0 0
vt 1 1
vt 0 0
vt 1 1
vt 0 0
vt 1 1
vt 0 0
vt 1 1
vt 0 0
vt 0 0
vt 1 1
vt 0 0
vt 1 1
vt 1 1
vt 1 1
vt 1 1
vt 1 1
vt 1 1
vt 0 0
vt 1 1
vt 1 1
vt 0 0
vt 1 1
vt 0 0
vt 1 1
vt 0 0
vt 1 1
vt 0 0
vt 1 1
vt 0 0
vt 0 0
vt 1 1
vt 1 1
vt 1 1
vt 1 1
vt 1 1
vt 1 1
vt 0 0
vt 1 1
vt 0 0
vt 1 1
vt 1 1
vt 0 0
vt 1 1
vt 0 0
vt 0 0
vt 0 0
vt 1 1
vt 0 0
vt 1 1
vt 0 0
vt 1 1
vt 0 0
vt 1 1
vt 0 0
vt 0 0
vt 0 0
vt 1 1
vt 1 1
vt 0 0
vt 0 0
vt 1 1
vt 1 1
vt 0 0
vt 1 1
vt 1 1
vt 0 0
vt 1 1
vt 0 0
vt 1 1
vt 0 0
vt 1 1
vt 0 0
vt 1 1
vt 0 0
vt 1 1
vt 1 1
vt 0 0
vt 1 1
vt 1 1
vt 0 0
vt 0 0
vt 1 1
vt 0 0
vt 1 1
vt 1 1
vt 0 0
vt 0 0
vt 1 1
vt 0 0
vt 1 1
vt 0 0
vt 0 0
vt 1 1
vt 0 0
vt 0 0
vt 1 1
vt 1 1
vt 0 0
vt 1 1
vt 1 1
vt 0 0
vt 1 1
vt 1 1
vt 0 0
vt 1 1
vt 0 0
vt 0 0
vt 0 0
vt 1 1
vt 0 0
vt 1 1
vt 0 0
vt 1 1
vt 0 0
vt 0 0
vt 0 0
vt 0 0
vt 1 1
vt 0 0
vt 0 0
vt 1 1
vt 0 0
vt 0 0
vt 0 0
vt 0 0
vt 1 1
vt 0 0
vt 1 1
vt 0 0
vt 1 1
vt 0 0
vt 1 1
vt 0 0
vt 1 1
vt 0 0
vt 0 0
vt 0 0
vt 0 0
vt 1 1
vt 0 0
vt 1 1
vt 0 0
vt 0 0
vt 0 0
vt 1 1
vt 0 0
vt 1 1
vt 0 0
vt 1 1
vt 0 0
vt 0 0
vt 1 1
vt 0 0
vt 1 1
vt 0 0
vt 1 1
vt 0 0
vt 1 1
vt 0 0
vt 1 1
vt 0 0
vt 1 1
vt 0 0
vt 0 0
vt 1 1
vt 1 1
vt 0 0
vt 0 0
vt 1 1
vt 0 0
vt 1 1
vt 1 1
vt 0 0
vt 0 0
vt 1 1
vt 0 0
vt 1 1
vt 0 0
vt 1 1
vt 0 0
vt 1 1
vt 0 0
vt 1 1
vt 1 1
vt 0 0
vt 0 0
vt 1 1
vt 0 0
vt 1 1
vt 0 0
vt 1 1
vt 0 0
vt 1 1
vt 0 0
vt 1 1
vt 0 0
vt 1 1
vt 0 0
vt 1 1
vt 1 1
vt 0 0
vt 0 0
vt 1 1
vt 0 0
vt 1 1
vt 0 0
vt 1 1
vt 0 0
vt 1 1
vt 1 1
vt 0 0
vt 1 1
vt 0 0
vt 1 1
vt 1 1
vt 0 0
vt 0 0
vt 1 1
vt 1 1
vt 0 0
vt 0 0
vt 1 1
vt 0 0
vt 1 1
vt 0 0
vt 1 1
vt 0 0
vt 0 0
vt 1 1
vt 0 0
vt 1 1
vt 1 1
vt 1 1
vt 0 0
vt 0 0
vt 1 1
vt 0 0
vt 1 1
vt 0 0
vt 0 0
vt 1 1
vt 1 1
vt 0 0
vt 1 1
vt 0 0
vt 1 1
vt 1 1
vt 0 0
vt 1 1
vt 0 0
vt 1 1
vt 0 0
vt 1 1
vt 0 0
vt 1 1
vt 0 0
vt 1 1
vt 0 0
vt 1 1
vt 0 0
vt 1 1
vt 0 0
vt 1 1
vt 1 1
vt 0 0
vt 1 1
vt 1 1
vt 1 1
vt 0 0
vt 0 0
vt 1 1
vt 0 0
vt 1 1
vt 1 1
vt 0 0
vt 1 1
vt 0 0
vt 0 0
vt 1 1
vt 1 1
vt 0 0
vt 1 1
vt 0 0
vt 1 1
vt 0 0
vt 1 1
vt 0 0
vt 1 1
vt 0 0
vt 1 1
vt 0 0
vt 1 1
vt 0 0
vt 1 1
vt 1 1
vt 0 0
vt 0 0
vt 1 1
vt 0 0
vt 1 1
vt 0 0
vt 1 1
vt 0 0
vt 1 1
vt 1 1
vt 0 0
vt 1 1
vt 0 0
vt 0 0
vt 1 1
vt 0 0
vt 1 1
vt 0 0
vt 1 1
vt 0 0
vt 1 1
vt 0 0
vt 1 1
vt 0 0
vt 1 1
vt 0 0
vt 1 1
vt 0 0
vt 1 1
vt 0 0
vt 1 1
vt 0 0
vt 1 1
vt 0 0
vt 0 0
vt 1 1
vt 1 1
vt 0 0
vt 0 0
vt 1 1
vt 0 0
vt 1 1
vt 0 0
vt 1 1
vt 0 0
vt 1 1
vt 1 1
vt 0 0
vt 0 0
vt 1 1
vt 0 0
vt 1 1
vt 0 0
vt 0 0
vt 1 1
vt 0 0
vt 1 1
vt 0 0
vt 1 1
vt 0 0
vt 0 0
vt 1 1
vt 0 0
vt 0 0
vt 1 1
vt 1 1
vt 0 0
vt 0 0
vt 1 1
vt 0 0
vt 1 1
vt 0 0
vt 0 0
vt 0 0
vt 1 1
vt 1 1
vt 1 1
vt 1 1
vt 0 0
vt 0 0
vt 1 1
vt 0 0
vt 1 1
vt 0 0
vt 1 1
vt 1 1
vt 1 1
vt 0 0
vt 1 1
vt 0 0
vt 1 1
vt 1 1
vt 0 0
vt 1 1
vt 1 1
vt 1 1
vt 0 0
vt 0 0
vt 1 1
vt 1 1
vt 1 1
vt 0 0
vt 1 1
vt 1 1
vt 0 0
vt 1 1
vt 1 1
vt 0 0
vt 0 0
vt 0 0
vt 1 1
vt 0 0
vt 1 1
vt 1 1
vt 0 0
vt 1 1
vt 0 0
vt 1 1
vt 0 0
vt 0 0
vt 1 1
vt 0 0
vt 1 1
vt 1 1
vt 0 0
vt 1 1
vt 0 0
vt 0 0
vt 1 1
vt 1 1
vt 0 0
vt 1 1
vt 0 0
vt 0 0
vt 1 1
vt 1 1
vt 0 0
vt 0 0
vt 1 1
vt 1 1
vt 1 1
vt 0 0
vt 1 1
vt 0 0
vt 0 0
vt 1 1
vt 0 0
vt 1 1
vt 0 0
vt 1 1
vt 0 0
vt 1 1
vt 0 0
vt 0 0
vt 1 1
vt 0 0
vt 1 1
vt 1 1
vt 0 0
vt 0 0
vt 0 0
vt 1 1
vt 0 0
vt 1 1
vt 0 0
vt 1 1
vt 1 1
vt 0 0
vt 0 0
vt 1 1
vt 0 0
vt 1 1
vt 0 0
vt 1 1
vt 0 0
vt 1 1
vt 0 0
vt 1 1
vt 1 1
vt 0 0
vt 1 1
vt 1 1
vt 0 0
vt 1 1
vt 1 1
vt 0 0
vt 0 0
vt 0 0
vt 1 1
vt 0 0
vt 1 1
vt 0 0
vt 0 0
vt 1 1
vt 0 0
vt 0 0
vt 1 1
vt 0 0
vt 1 1
vt 0 0
vt 0 0
vt 1 1
vt 0 0
vt 1 1
vt 0 0
vt 1 1
vt 1 1
vt 0 0
vt 1 1
vt 0 0
vt 0 0
vt 0 0
vt 1 1
vt 1 1
vt 0 0
vt 1 1
vt 0 0
vt 1 1
vt 0.105285645 0.105285645
vt 1 1
vt 0 0
vt 0 0
vt 0 0
vt 0 0
vt 1 1
vt 1 1
vt 1 1
vt 0 0
vt 0 0
vt 0 0
vt 1 1
vt 1 1
vt 0 0
vt 0 0
vt 0 0
vt 1 1
vt 1 1
vt 0 0
vt 1 1
vt 1 1
vt 1 1
vt 1 1
vt 0 0
vt 1 1
vt 1 1
vt 1 1
vt 1 1
vt 1 1
vt 1 1
vt 0 0
vt 1 1
vt 1 1
vt 0 0
vt 0 0
vt 1 1
vt 1 1
vt 0 0
vt 1 1
vt 1 1
vt 1 1
vt 1 1
vt 0 0
vt 1 1
vt 1 1
vt 1 1
vt 0 0
vt 1 1
vt 0 0
vt 0 0
vt 0 0
vt 1 1
vt 1 1
vt 1 1
vt 1 1
vt 1 1
vt 1 1
vt 1 1
vt 1 1
vt 1 1
vt 0 0
vt 0 0
vt 1 1
vt 0 0
vt 1 1
vt 1 1
vt 1 1
vt 1 1
vt 1 1
vt 1 1
vt 1 1
vt 1 1
vt 1 1
vt 1 1
vt 1 1
vt 1 1
vt 1 1
vt 1 1
vt 1 1
vt 1 1
vt 0 0
vt 1 1
vt 1 1
vt 1 1
vt 1 1
vt 1 1
vt 0 0
vt 0 0
vt 0 0
vt 1 1
vt 1 1
vt 0 0
vt 1 1
vt 0 0
vt 1 1
vt 1 1
vt 1 1
vt 1 1
vt 1 1
vt 1 1
vt 0 0
vt 1 1
vt 1 1
vt 1 1
vt 1 1
vt 0 0
vt 1 1
vt 1 1
vt 0 0
vt 1 1
vt 1 1
vt 1 1
vt 1 1
vt 1 1
vt 0 0
vt 1 1
vt 1 1
vt 1 1
vt 1 1
vt 1 1
vt 0 0
vt 1 1
vt 0 0
vt 1 1
vt 0 0
vt 1 1
vt 1 1
vt 1 1
vt 0 0
vt 0 0
vt 1 1
vt 1 1
vt 0 0
vt 1 1
vt 1 1
vt 0 0
vt 0 0
vt 1 1
vt 0 0
vt 1 1
vt 0 0
vt 0 0
vt 1 1
vt 1 1
vt 1 1
vt 1 1
vt 1 1
vt 0 0
vt 1 1
vt 0 0
vt 1 1
vt 1 1
vt 0 0
vt 0 0
vt 1 1
vt 1 1
vt 1 1
vt 1 1
vt 1 1
vt 0 0
vt 1 1
vt 0 0
vt 0 0
vt 1 1
vt 1 1
vt 1 1
vt 0 0
vt 1 1
vt 0 0
vt 1 1
vt 0 0
vt 1 1
vt 0 0
vt 1 1
vt 0 0
vt 1 1
vt 0 0
vt 0 0
vt 0 0
vt 0 0
vt 1 1
vt 0 0
vt 0 0
vt 1 1
vt 0 0
vt 0 0
vt 0 0
vt 0 0
vt 1 1
vt 0 0
vt 0 0
vt 1 1
vt 1 1
vt 0 0
vt 1 1
vt 0 0
vt 1 1
vt 1 1
vt 0 0
vt 0 0
vt 1 1
vt 0 0
vt 1 1
vt 1 1
vt 0 0
vt 1 1
vt 0 0
vt 0 0
vt 0 0
vt 0 0
vt 1 1
vt 1 1
vt 0 0
vt 1 1
vt 0 0
vt 0 0
vt 1 1
vt 1 1
vt 0 0
vt 0 0
vt 1 1
vt 1 1
vt 1 1
vt 0 0
vt 1 1
vt 1 1
vt 0 0
vt 1 1
vt 1 1
vt 1 1
vt 0 0
vt 1 1
vt 0 0
vt 0 0
vt 1 1
vt 1 1
vt 1 1
vt 0 0
vt 0 0
vt 1 1
vt 1 1
vt 0 0
vt 1 1
vt 1 1
vt 0 0
vt 1 1
vt 0 0
vt 1 1
vt 1 1
vt 0 0
vt 0 0
vt 1 1
vt 0 0
vt 1 1
vt 1 1
vt 1 1
vt 0 0
vt 1 1
vt 0 0
vt 1 1
vt 1 1
vt 0 0
vt 1 1
vt 1 1
vt 1 1
vt 1 1
vt 1 1
vt 1 1
vt 0 0
vt 1 1
vt 0 0
vt 1 1
vt 1 1
vt 1 1
vt 1 1
vt 1 1
vt 1 1
vt 1 1
vt 1 1
vt 1 1
vt 1 1
vt 1 1
vt 1 1
vt 1 1
vt 1 1
vt 1 1
vt 1 1
vt 1 1
vt 0 0
vt 0 0
vt 1 1
vt 1 1
vt 0 0
vt 1 1
vt 1 1
vt 0 0
vt 1 1
vt 1 1
vt 1 1
vt 1 1
vt 1 1
vt 0 0
vt 0 0
vt 0 0
vt 1 1
vt 1 1
vt 1 1
vt 1 1
vt 1 1
vt 1 1
vt 1 1
vt 1 1
vt 0 0
vt 0 0
vt 1 1
vt 0 0
vt 1 1
vt 1 1
vt 1 1
vt 1 1
vt 1 1
vt 0 0
vt 1 1
vt 1 1
vt 1 1
vt 0 0
vt 1 1
vt 1 1
vt 0 0
vt 1 1
vt 1 1
vt 1 1
vt 1 1
vt 0 0
vt 1 1
vt 1 1
vt 1 1
vt 0 0
vt 1 1
vt 0 0
vt 1 1
vt 1 1
vt 0 0
vt 0 0
vt 0 0
vt 1 1
vt 1 1
vt 0 0
vt 1 1
vt 0 0
vt 1 1
vt 0 0
vt 1 1
vt 0 0
vt 1 1
vt 0 0
vt 0 0
vt 0 0
vt 1 1
vt 1 1
vt 1 1
vt 0 0
vt 0 0
vt 1 1
vt 1 1
vt 1 1
vt 0 0
vt 1 1
vt 0 0
vt 1 1
vt 1 1
vt 1 1
vt 1 1
vt 0 0
vt 0 0
vt 1 1
vt 1 1
vt 1 1
vt 0 0
vt 1 1
vt 1 1
vt 0 0
vt 0 0
vt 1 1
vt 0 0
vt 0 0
vt 1 1
vt 1 1
vt 0 0
vt 1 1
vt 0 0
vt 1 1
vt 0 0
vt 1 1
vt 0 0
vt 1 1
vt 1 1
vt 0 0
vt 0 0
vt 1 1
vt 0 0
vt 1 1
vt 0 0
vt 1 1
vt 0 0
vt 1 1
vt 1 1
vt 0 0
vt 1 1
vt 1 1
vt 0 0
vt 1 1
vt 0 0
vt 1 1
vt 0 0
vt 0 0
vt 1 1
vt 0 0
vt 1 1
vt 0 0
vt 1 1
vt 0 0
vt 1 1
vt 0 0
vt 1 1
vt 1 1
vt 0 0
vt 0 0
vt 0 0
vt 1 1
vt 0 0
vt 1 1
vt 0 0
vt 0 0
vt 0 0
vt 1 1
vt 0 0
vt 1 1
vt 0 0
vt 0 0
vt 0 0
vt 1 1
vt 0 0
vt 1 1
vt 0 0
vt 1 1
vt 1 1
vt 0 0
vt 1 1
vt 1 1
vt 0 0
vt 0 0
vt 1 1
vt 0 0
vt 0 0
vt 1 1
vt 1 1
vt 0 0
vt 1 1
vt 1 1
vt 0 0
vt 0 0
vt 0 0
vt 1 1
vt 1 1
vt 0 0
vt 1 1
vt 1 1
vt 0 0
vt 0 0
vt 0 0
vt 1 1
vt 1 1
vt 0 0
vt 1 1
vt 0 0
vt 1 1
vt 1 1
vt 0 0
vt 1 1
vt 0 0
vt 1 1
vt 0 0
vt 0 0
vt 1 1
vt 1 1
vt 0 0
vt 1 1
vt 0 0
vt 1 1
vt 0 0
vt 1 1
vt 0 0
vt 0 0
vt 1 1
vt 1 1
vt 0 0
vt 0 0
vt 1 1
vt 0 0
vt 1 1
vt 1 1
vt 0 0
vt 0 0
vt 1 1
vt 1 1
vt 0 0
vt 0 0
vt 1 1
vt 1 1
vt 1 1
vt 0 0
vt 1 1
vt 1 1
vt 1 1
vt 0 0
vt 1 1
vt 0 0
vt 0 0
vt 1 1
vt 0 0
vt 1 1
vt 1 1
vt 1 1
vt 1 1
vt 1 1
vt 1 1
vt 0 0
vt 1 1
vt 0 0
vt 0 0
vt 1 1
vt 1 1
vt 1 1
vt 1 1
vt 1 1
vt 1 1
vt 0 0
vt 1 1
vt 1 1
vt 1 1
vt 0 0
vt 0 0
vt 1 1
vt 1 1
vt 0 0
vt 0 0
vt 1 1
vt 1 1
vt 0 0
vt 1 1
vt 1 1
vt 1 1
vt 1 1
vt 1 1
vt 1 1
vt 0 0
vt 1 1
vt 1 1
vt 1 1
vt 1 1
vt 1 1
vt 1 1
vt 1 1
vt 1 1
vt 0 0
vt 1 1
vt 0 0
vt 1 1
vt 0 0
vt 1 1
vt 0 0
vt 1 1
vt 1 1
vt 0 0
vt 0 0
vt 1 1
vt 1 1
vt 0 0
vt 1 1
vt 1 1
vt 1 1
vt 0 0
vt 1 1
vt 0 0
vt 1 1
vt 0 0
vt 1 1
vt 0 0
vt 1 1
vt 0 0
vt 1 1
vt 1 1
vt 0 0
vt 0 0
vt 1 1
vt 1 1
vt 0 0
vt 1 1
vt 0 0
vt 1 1
vt 1 1
vt 0 0
vt 1 1
vt 0 0
vt 1 1
vt 0 0
vt 0 0
vt 1 1
vt 0 0
vt 0 0
vt 1 1
vt 0 0
vt 1 1
vt 0 0
vt 0 0
vt 1 1
vt 0 0
vt 1 1
vt 0 0
vt 1 1
vt 0 0
vt 1 1
vt 0 0
vt 1 1
vt 0 0
vt 0 0
vt 0 0
vt 1 1
vt 0 0
vt 1 1
vt 0 0
vt 1 1
vt 0 0
vt 0 0
vt 1 1
vt 0 0
vt 1 1
vt 0 0
vt 1 1
vt 0 0
vt 1 1
vt 0 0
vt 1 1
vt 0 0
vt 1 1
vt 0 0
vt 1 1
vt 0 0
vt 1 1
vt 0 0
vt 1 1
vt 0 0
vt 1 1
vt 1 1
vt 0 0
vt 0 0
vt 1 1
vt 0 0
vt 0 0
vt 1 1
vt 0 0
vt 0 0
vt 1 1
vt 0 0
vt 0 0
vt 1 1
vt 0 0
vt 1 1
vt 1 1
vt 0 0
vt 0 0
vt 1 1
vt 1 1
vt 0 0
vt 0 0
vt 1 1
vt 1 1
vt 0 0
vt 0 0
vt 1 1
vt 1 1
vt 0 0
vt 1 1
vt 0 0
vt 1 1
vt 0 0
vt 0 0
vt 1 1
vt 0 0
vt 0 0
vt 1 1
vt 0 0
vt 0 0
vt 1 1
vt 1 1
vt 0 0
vt 0 0
vt 1 1
vt 0 0
vt 0 0
vt 1 1
vt 0 0
vt 1 1
vt 0 0
vt 1 1
vt 0 0
vt 1 1
vt 1 1
vt 0 0
vt 0 0
vt 1 1
vt 0 0
vt 1 1
vt 0 0
vt 1 1
vt 0 0
vt 1 1
vt 1 1
vt 0 0
vt 0 0
vt 1 1
vt 0 0
vt 1 1
vt 0 0
vt 1 1
vt 1 1
vt 0 0
vt 1 1
vt 0 0
vt 0 0
vt 1 1
vt 1 1
vt 0 0
vt 0 0
vt 1 1
vt 0 0
vt 1 1
vt 0 0
vt 1 1
vt 0 0
vt 1 1
vt 1 1
vt 0 0
vt 0 0
vt 1 1
vt 0 0
vt 1 1
vt 1 1
vt 0 0
vt 0 0
vt 1 1
vt 0 0
vt 1 1
vt 0 0
vt 1 1
vt 0 0
vt 1 1
vt 1 1
vt 0 0
vt 0 0
vt 1 1
vt 0 0
vt 1 1
vt 1 1
vt 0 0
vt 0 0
vt 1 1
vt 1 1
vt 0 0
vt 1 1
vt 0 0
vt 0 0
vt 1 1
vt 0 0
vt 1 1
vt 1 1
vt 0 0
vt 1 1
vt 0 0
vt 1 1
vt 0 0
vt 1 1
vt 0 0
vt 1 1
vt 0 0
vt 1 1
vt 0 0
vt 1 1
vt 0 0
vt 1 1
vt 0 0
vt 1 1
vt 0 0
vt 1 1
vt 0 0
vt 1 1
vt 0 0
vt 1 1
vt 0 0
vt 1 1
vt 0 0
vt 1 1
vt 0 0
vt 1 1
vt 0 0
vt 1 1
vt 0 0
vt 1 1
vt 0 0
vt 1 1
vt 0 0
vt 1 1
vt 0 0
vt 1 1
vt 0 0
vt 1 1
vt 0 0
vt 1 1
vt 0 0
vt 1 1
vt 0 0
vt 0 0
vt 1 1
vt 0 0
vt 1 1
vt 0 0
vt 1 1
vt 1 1
vt 0 0
vt 1 1
vt 0 0
vt 1 1
vt 0 0
vt 1 1
vt 0 0
vt 1 1
vt 1 1
vt 0 0
vt 1 1
vt 0 0
vt 1 1
vt 1 1
vt 0 0
vt 1 1
vt 0 0
vt 0 0
vt 1 1
vt 1 1
vt 0 0
vt 0 0
vt 0 0
vt 1 1
vt 1 1
vt 0 0
vt 0 0
vt 0 0
vt 1 1
vt 0 0
vt 1 1
vt 0 0
vt 0 0
vt 1 1
vt 0 0
vt 1 1
vt 0 0
vt 1 1
vt 0 0
vt 1 1
vt 0 0
vt 1 1
vt 1 1
vt 0 0
vt 1 1
vt 0 0
vt 1 1
vt 0 0
vt 0 0
vt 0 0
vt 1 1
vt 0 0
vt 1 1
vt 0 0
vt 1 1
vt 0 0
vt 1 1
vt 1 1
vt 0 0
vt 1 1
vt 0 0
vt 1 1
vt 0 0
vt 0 0
vt 1 1
vt 0 0
vt 0 0
vt 1 1
vt 0 0
vt 1 1
vt 0 0
vt 0 0
vt 1 1
vt 0 0
vt 1 1
vt 0 0
vt 1 1
vt 0 0
g object_merge1_0
f 3/3/3 2/2/2 1/1/1
f 5/5/5 4/4/4 1/1/1
f 7/7/7 6/6/6 3/3/3
f 2/2/2 3/3/3 6/6/6
f 5/5/5 1/1/1 2/2/2
f 10/10/10 9/9/9 8/8/8
f 8/8/8 11/11/11 7/7/7
f 11/11/11 8/8/8 9/9/9
f 13/13/13 12/12/12 10/10/10
f 9/9/9 10/10/10 12/12/12
f 6/6/6 7/7/7 11/11/11
f 15/15/15 14/14/14 13/13/13
f 17/17/17 16/16/16 15/15/15
f 14/14/14 15/15/15 16/16/16
f 12/12/12 13/13/13 14/14/14
f 20/20/20 19/19/19 18/18/18
f 22/22/22 21/21/21 20/20/20
f 23/23/23 21/21/21 22/22/22
f 25/25/25 24/24/24 17/17/17
f 16/16/16 17/17/17 24/24/24
f 26/26/26 21/21/21 23/23/23
f 18/18/18 27/27/27 4/4/4
f 19/19/19 20/20/20 21/21/21
f 24/24/24 25/25/25 28/28/28
f 19/19/19 27/27/27 18/18/18
f 1/1/1 4/4/4 29/29/29
f 30/30/30 4/4/4 27/27/27
f 21/21/21 26/26/26 31/31/31
f 32/32/32 31/31/31 26/26/26
f 33/33/33 31/31/31 32/32/32
f 34/34/34 28/28/28 25/25/25
f 29/29/29 4/4/4 35/35/35
f 4/4/4 30/30/30 35/35/35
f 31/31/31 33/33/33 36/36/36
f 37/37/37 36/36/36 33/33/33
f 28/28/28 34/34/34 38/38/38
f 36/36/36 37/37/37 39/39/39
f 40/40/40 39/39/39 37/37/37
f 43/43/43 42/42/42 41/41/41
f 44/44/44 41/41/41 42/42/42
f 47/47/47 46/46/46 45/45/45
f 48/48/48 45/45/45 46/46/46
f 45/45/45 48/48/48 49/49/49
f 50/50/50 49/49/49 48/48/48
f 49/49/49 50/50/50 51/51/51
f 52/52/52 51/51/51 50/50/50
f 55/55/55 54/54/54 53/53/53
f 56/56/56 53/53/53 54/54/54
f 53/53/53 56/56/56 57/57/57
f 58/58/58 57/57/57 56/56/56
f 57/57/57 58/58/58 59/59/59
f 60/60/60 59/59/59 58/58/58
f 59/59/59 60/60/60 61/61/61
f 62/62/62 61/61/61 60/60/60
f 61/61/61 62/62/62 63/63/63
f 64/64/64 63/63/63 62/62/62
f 63/63/63 64/64/64 65/65/65
f 66/66/66 65/65/65 64/64/64
f 65/65/65 66/66/66 67/67/67
f 68/68/68 67/67/67 66/66/66
f 67/67/67 68/68/68 69/69/69
f 70/70/70 69/69/69 68/68/68
f 69/69/69 70/70/70 71/71/71
f 72/72/72 71/71/71 70/70/70
f 71/71/71 72/72/72 73/73/73
f 74/74/74 73/73/73 72/72/72
f 73/73/73 74/74/74 75/75/75
f 76/76/76 75/75/75 74/74/74
f 75/75/75 76/76/76 77/77/77
f 78/78/78 77/77/77 76/76/76
f 77/77/77 78/78/78 79/79/79
f 80/80/80 79/79/79 78/78/78
f 79/79/79 80/80/80 81/81/81
f 82/82/82 81/81/81 80/80/80
f 81/81/81 82/82/82 83/83/83
f 84/84/84 41/41/41 44/44/44
f 46/46/46 41/41/41 84/84/84
f 46/46/46 47/47/47 41/41/41
f 54/54/54 51/51/51 52/52/52
f 54/54/54 55/55/55 51/51/51
f 86/86/86 85/85/85 43/43/43
f 87/87/87 43/43/43 85/85/85
f 88/88/88 83/83/83 82/82/82
f 83/83/83 88/88/88 89/89/89
f 90/90/90 89/89/89 88/88/88
f 92/92/92 91/91/91 86/86/86
f 85/85/85 86/86/86 91/91/91
f 93/93/93 43/43/43 87/87/87
f 42/42/42 43/43/43 93/93/93
f 96/96/96 95/95/95 94/94/94
f 97/97/97 94/94/94 95/95/95
f 94/94/94 97/97/97 98/98/98
f 99/99/99 98/98/98 97/97/97
f 98/98/98 99/99/99 100/100/100
f 101/101/101 100/100/100 99/99/99
f 100/100/100 101/101/101 102/102/102
f 103/103/103 102/102/102 101/101/101
f 102/102/102 103/103/103 104/104/104
f 105/105/105 104/104/104 103/103/103
f 104/104/104 105/105/105 106/106/106
f 107/107/107 106/106/106 105/105/105
f 106/106/106 109/109/109 108/108/108
f 110/110/110 108/108/108 109/109/109
f 113/113/113 112/112/112 111/111/111
f 114/114/114 111/111/111 112/112/112
f 111/111/111 114/114/114 92/92/92
f 91/91/91 92/92/92 114/114/114
f 115/115/115 89/89/89 90/90/90
f 95/95/95 89/89/89 115/115/115
f 95/95/95 96/96/96 89/89/89
f 109/109/109 106/106/106 107/107/107
f 112/112/112 108/108/108 110/110/110
f 112/112/112 113/113/113 108/108/108
f 116/116/116 115/115/115 90/90/90
f 117/117/117 115/115/115 116/116/116
f 39/39/39 40/40/40 118/118/118
f 119/119/119 118/118/118 40/40/40
f 38/38/38 121/121/121 120/120/120
f 121/121/121 38/38/38 34/34/34
f 118/118/118 119/119/119 122/122/122
f 123/123/123 122/122/122 119/119/119
f 122/122/122 123/123/123 124/124/124
f 125/125/125 124/124/124 123/123/123
f 120/120/120 127/127/127 126/126/126
f 127/127/127 120/120/120 121/121/121
f 128/128/128 126/126/126 127/127/127
f 126/126/126 128/128/128 129/129/129
f 129/129/129 128/128/128 130/130/130
f 124/124/124 125/125/125 131/131/131
f 132/132/132 131/131/131 125/125/125
f 135/135/135 134/134/134 133/133/133
f 133/133/133 134/134/134 136/136/136
f 137/137/137 136/136/136 134/134/134
f 136/136/136 137/137/137 138/138/138
f 139/139/139 138/138/138 137/137/137
f 138/138/138 139/139/139 140/140/140
f 141/141/141 140/140/140 139/139/139
f 140/140/140 141/141/141 142/142/142
f 143/143/143 142/142/142 141/141/141
f 142/142/142 143/143/143 144/144/144
f 145/145/145 144/144/144 143/143/143
f 144/144/144 145/145/145 146/146/146
f 147/147/147 146/146/146 145/145/145
f 146/146/146 147/147/147 148/148/148
f 149/149/149 148/148/148 147/147/147
f 148/148/148 151/151/151 150/150/150
f 152/152/152 150/150/150 151/151/151
f 150/150/150 152/152/152 153/153/153
f 154/154/154 153/153/153 152/152/152
f 153/153/153 154/154/154 155/155/155
f 156/156/156 155/155/155 154/154/154
f 155/155/155 156/156/156 157/157/157
f 158/158/158 157/157/157 156/156/156
f 157/157/157 158/158/158 159/159/159
f 160/160/160 159/159/159 158/158/158
f 159/159/159 160/160/160 161/161/161
f 162/162/162 161/161/161 160/160/160
f 161/161/161 162/162/162 163/163/163
f 166/166/166 165/165/165 164/164/164
f 134/134/134 165/165/165 166/166/166
f 134/134/134 135/135/135 165/165/165
f 151/151/151 148/148/148 149/149/149
f 169/169/169 168/168/168 167/167/167
f 170/170/170 167/167/167 168/168/168
f 167/167/167 170/170/170 165/165/165
f 171/171/171 165/165/165 170/170/170
f 172/172/172 163/163/163 162/162/162
f 163/163/163 172/172/172 173/173/173
f 174/174/174 173/173/173 172/172/172
f 173/173/173 174/174/174 175/175/175
f 176/176/176 175/175/175 174/174/174
f 164/164/164 165/165/165 171/171/171
f 175/175/175 178/178/178 177/177/177
f 179/179/179 177/177/177 178/178/178
f 182/182/182 181/181/181 180/180/180
f 183/183/183 180/180/180 181/181/181
f 180/180/180 183/183/183 184/184/184
f 185/185/185 184/184/184 183/183/183
f 184/184/184 185/185/185 186/186/186
f 187/187/187 186/186/186 185/185/185
f 186/186/186 187/187/187 188/188/188
f 189/189/189 188/188/188 187/187/187
f 188/188/188 189/189/189 190/190/190
f 191/191/191 190/190/190 189/189/189
f 190/190/190 191/191/191 192/192/192
f 193/193/193 192/192/192 191/191/191
f 192/192/192 193/193/193 194/194/194
f 195/195/195 194/194/194 193/193/193
f 194/194/194 195/195/195 196/196/196
f 197/197/197 196/196/196 195/195/195
f 196/196/196 197/197/197 198/198/198
f 199/199/199 198/198/198 197/197/197
f 198/198/198 199/199/199 200/200/200
f 201/201/201 200/200/200 199/199/199
f 200/200/200 203/203/203 202/202/202
f 204/204/204 202/202/202 203/203/203
f 202/202/202 204/204/204 205/205/205
f 206/206/206 205/205/205 204/204/204
f 205/205/205 206/206/206 169/169/169
f 168/168/168 169/169/169 206/206/206
f 207/207/207 175/175/175 176/176/176
f 178/178/178 175/175/175 207/207/207
f 208/208/208 177/177/177 179/179/179
f 181/181/181 177/177/177 208/208/208
f 181/181/181 182/182/182 177/177/177
f 209/209/209 200/200/200 201/201/201
f 203/203/203 200/200/200 209/209/209
f 130/130/130 128/128/128 210/210/210
f 131/131/131 132/132/132 211/211/211
f 212/212/212 211/211/211 132/132/132
f 211/211/211 212/212/212 213/213/213
f 214/214/214 213/213/213 212/212/212
f 210/210/210 216/216/216 215/215/215
f 216/216/216 210/210/210 128/128/128
f 213/213/213 214/214/214 217/217/217
f 218/218/218 217/217/217 214/214/214
f 217/217/217 218/218/218 219/219/219
f 220/220/220 219/219/219 218/218/218
f 219/219/219 220/220/220 221/221/221
f 222/222/222 221/221/221 220/220/220
f 215/215/215 224/224/224 223/223/223
f 224/224/224 215/215/215 216/216/216
f 221/221/221 222/222/222 225/225/225
f 226/226/226 225/225/225 222/222/222
f 223/223/223 228/228/228 227/227/227
f 228/228/228 223/223/223 224/224/224
f 225/225/225 226/226/226 229/229/229
f 230/230/230 229/229/229 226/226/226
f 229/229/229 230/230/230 231/231/231
f 232/232/232 231/231/231 230/230/230
f 233/233/233 227/227/227 228/228/228
f 227/227/227 233/233/233 234/234/234
f 231/231/231 232/232/232 235/235/235
f 236/236/236 235/235/235 232/232/232
f 237/237/237 234/234/234 233/233/233
f 235/235/235 236/236/236 238/238/238
f 239/239/239 238/238/238 236/236/236
f 238/238/238 239/239/239 240/240/240
f 241/241/241 240/240/240 239/239/239
f 240/240/240 241/241/241 242/242/242
f 243/243/243 242/242/242 241/241/241
f 234/234/234 237/237/237 244/244/244
f 245/245/245 244/244/244 237/237/237
f 242/242/242 243/243/243 246/246/246
f 247/247/247 246/246/246 243/243/243
f 249/249/249 248/248/248 245/245/245
f 244/244/244 245/245/245 248/248/248
f 246/246/246 247/247/247 250/250/250
f 252/252/252 251/251/251 249/249/249
f 248/248/248 249/249/249 251/251/251
f 254/254/254 253/253/253 252/252/252
f 251/251/251 252/252/252 253/253/253
f 255/255/255 250/250/250 247/247/247
f 257/257/257 256/256/256 254/254/254
f 253/253/253 254/254/254 256/256/256
f 250/250/250 255/255/255 258/258/258
f 260/260/260 259/259/259 257/257/257
f 256/256/256 257/257/257 259/259/259
f 261/261/261 258/258/258 255/255/255
f 258/258/258 261/261/261 262/262/262
f 264/264/264 263/263/263 260/260/260
f 259/259/259 260/260/260 263/263/263
f 265/265/265 262/262/262 261/261/261
f 262/262/262 265/265/265 266/266/266
f 268/268/268 267/267/267 264/264/264
f 263/263/263 264/264/264 267/267/267
f 270/270/270 269/269/269 268/268/268
f 267/267/267 268/268/268 269/269/269
f 272/272/272 271/271/271 270/270/270
f 269/269/269 270/270/270 271/271/271
f 274/274/274 273/273/273 272/272/272
f 271/271/271 272/272/272 273/273/273
f 276/276/276 275/275/275 274/274/274
f 273/273/273 274/274/274 275/275/275
f 277/277/277 266/266/266 265/265/265
f 279/279/279 278/278/278 276/276/276
f 275/275/275 276/276/276 278/278/278
f 281/281/281 280/280/280 279/279/279
f 278/278/278 279/279/279 280/280/280
f 283/283/283 282/282/282 281/281/281
f 280/280/280 281/281/281 282/282/282
f 266/266/266 285/285/285 284/284/284
f 285/285/285 266/266/266 277/277/277
f 287/287/287 286/286/286 283/283/283
f 282/282/282 283/283/283 286/286/286
f 289/289/289 288/288/288 287/287/287
f 286/286/286 287/287/287 288/288/288
f 291/291/291 290/290/290 289/289/289
f 288/288/288 289/289/289 290/290/290
f 293/293/293 292/292/292 291/291/291
f 290/290/290 291/291/291 292/292/292
f 295/295/295 294/294/294 293/293/293
f 292/292/292 293/293/293 294/294/294
f 297/297/297 296/296/296 295/295/295
f 294/294/294 295/295/295 296/296/296
f 299/299/299 298/298/298 297/297/297
f 296/296/296 297/297/297 298/298/298
f 301/301/301 300/300/300 299/299/299
f 298/298/298 299/299/299 300/300/300
f 302/302/302 284/284/284 285/285/285
f 304/304/304 303/303/303 301/301/301
f 300/300/300 301/301/301 303/303/303
f 284/284/284 305/305/305 304/304/304
f 303/303/303 304/304/304 305/305/305
f 306/306/306 284/284/284 302/302/302
f 305/305/305 284/284/284 306/306/306
f 309/309/309 308/308/308 307/307/307
f 310/310/310 307/307/307 308/308/308
f 307/307/307 310/310/310 311/311/311
f 312/312/312 311/311/311 310/310/310
f 311/311/311 312/312/312 313/313/313
f 314/314/314 313/313/313 312/312/312
f 313/313/313 314/314/314 315/315/315
f 316/316/316 315/315/315 314/314/314
f 315/315/315 316/316/316 317/317/317
f 318/318/318 317/317/317 316/316/316
f 317/317/317 318/318/318 319/319/319
f 320/320/320 319/319/319 318/318/318
f 319/319/319 320/320/320 321/321/321
f 322/322/322 321/321/321 320/320/320
f 325/325/325 324/324/324 323/323/323
f 326/326/326 323/323/323 324/324/324
f 328/328/328 327/327/327 323/323/323
f 329/329/329 323/323/323 327/327/327
f 330/330/330 329/329/329 327/327/327
f 331/331/331 329/329/329 330/330/330
f 331/331/331 330/330/330 332/332/332
f 333/333/333 332/332/332 330/330/330
f 332/332/332 333/333/333 334/334/334
f 335/335/335 334/334/334 333/333/333
f 334/334/334 335/335/335 336/336/336
f 337/337/337 336/336/336 335/335/335
f 336/336/336 337/337/337 338/338/338
f 339/339/339 338/338/338 337/337/337
f 338/338/338 339/339/339 340/340/340
f 341/341/341 340/340/340 339/339/339
f 340/340/340 341/341/341 342/342/342
f 343/343/343 342/342/342 341/341/341
f 342/342/342 343/343/343 344/344/344
f 345/345/345 344/344/344 343/343/343
f 344/344/344 345/345/345 346/346/346
f 347/347/347 346/346/346 345/345/345
f 346/346/346 347/347/347 348/348/348
f 349/349/349 348/348/348 347/347/347
f 351/351/351 309/309/309 350/350/350
f 308/308/308 309/309/309 351/351/351
f 322/322/322 325/325/325 321/321/321
f 324/324/324 325/325/325 322/322/322
f 352/352/352 323/323/323 326/326/326
f 328/328/328 323/323/323 352/352/352
f 348/348/348 349/349/349 353/353/353
f 354/354/354 353/353/353 349/349/349
f 353/353/353 354/354/354 355/355/355
f 356/356/356 355/355/355 354/354/354
f 355/355/355 356/356/356 357/357/357
f 358/358/358 357/357/357 356/356/356
f 357/357/357 358/358/358 359/359/359
f 360/360/360 359/359/359 358/358/358
f 359/359/359 360/360/360 361/361/361
f 364/364/364 363/363/363 362/362/362
f 365/365/365 362/362/362 363/363/363
f 362/362/362 365/365/365 366/366/366
f 367/367/367 366/366/366 365/365/365
f 366/366/366 367/367/367 309/309/309
f 368/368/368 309/309/309 367/367/367
f 350/350/350 309/309/309 369/369/369
f 369/369/369 309/309/309 368/368/368
f 370/370/370 361/361/361 360/360/360
f 361/361/361 372/372/372 371/371/371
f 373/373/373 371/371/371 372/372/372
f 371/371/371 373/373/373 374/374/374
f 375/375/375 374/374/374 373/373/373
f 374/374/374 375/375/375 376/376/376
f 377/377/377 376/376/376 375/375/375
f 376/376/376 377/377/377 378/378/378
f 379/379/379 378/378/378 377/377/377
f 378/378/378 379/379/379 380/380/380
f 381/381/381 380/380/380 379/379/379
f 380/380/380 381/381/381 382/382/382
f 383/383/383 382/382/382 381/381/381
f 382/382/382 383/383/383 384/384/384
f 385/385/385 384/384/384 383/383/383
f 384/384/384 385/385/385 386/386/386
f 387/387/387 386/386/386 385/385/385
f 386/386/386 387/387/387 364/364/364
f 363/363/363 364/364/364 387/387/387
f 388/388/388 361/361/361 370/370/370
f 389/389/389 361/361/361 388/388/388
f 372/372/372 361/361/361 389/389/389
f 392/392/392 391/391/391 390/390/390
f 393/393/393 390/390/390 391/391/391
f 390/390/390 393/393/393 394/394/394
f 395/395/395 394/394/394 393/393/393
f 394/394/394 395/395/395 396/396/396
f 397/397/397 396/396/396 395/395/395
f 400/400/400 399/399/399 398/398/398
f 401/401/401 399/399/399 400/400/400
f 403/403/403 400/400/400 402/402/402
f 401/401/401 400/400/400 403/403/403
f 405/405/405 403/403/403 404/404/404
f 405/405/405 406/406/406 403/403/403
f 407/407/407 406/406/406 405/405/405
f 408/408/408 406/406/406 407/407/407
f 408/408/408 407/407/407 409/409/409
f 410/410/410 409/409/409 407/407/407
f 409/409/409 410/410/410 411/411/411
f 412/412/412 411/411/411 410/410/410
f 411/411/411 412/412/412 413/413/413
f 414/414/414 413/413/413 412/412/412
f 413/413/413 414/414/414 415/415/415
f 416/416/416 415/415/415 414/414/414
f 415/415/415 416/416/416 417/417/417
f 418/418/418 417/417/417 416/416/416
f 417/417/417 418/418/418 419/419/419
f 420/420/420 419/419/419 418/418/418
f 419/419/419 420/420/420 421/421/421
f 422/422/422 421/421/421 420/420/420
f 421/421/421 422/422/422 423/423/423
f 424/424/424 423/423/423 422/422/422
f 423/423/423 424/424/424 425/425/425
f 426/426/426 425/425/425 424/424/424
f 425/425/425 426/426/426 427/427/427
f 428/428/428 427/427/427 426/426/426
f 427/427/427 428/428/428 429/429/429
f 430/430/430 429/429/429 428/428/428
f 429/429/429 430/430/430 431/431/431
f 432/432/432 431/431/431 430/430/430
f 431/431/431 432/432/432 433/433/433
f 434/434/434 433/433/433 432/432/432
f 433/433/433 434/434/434 435/435/435
f 436/436/436 435/435/435 434/434/434
f 435/435/435 436/436/436 437/437/437
f 438/438/438 437/437/437 436/436/436
f 437/437/437 438/438/438 439/439/439
f 440/440/440 439/439/439 438/438/438
f 439/439/439 440/440/440 441/441/441
f 442/442/442 441/441/441 440/440/440
f 441/441/441 442/442/442 443/443/443
f 444/444/444 443/443/443 442/442/442
f 443/443/443 444/444/444 445/445/445
f 446/446/446 445/445/445 444/444/444
f 445/445/445 446/446/446 447/447/447
f 448/448/448 447/447/447 446/446/446
f 451/451/451 450/450/450 449/449/449
f 450/450/450 451/451/451 452/452/452
f 453/453/453 452/452/452 451/451/451
f 452/452/452 453/453/453 454/454/454
f 455/455/455 454/454/454 453/453/453
f 457/457/457 392/392/392 456/456/456
f 391/391/391 392/392/392 457/457/457
f 458/458/458 396/396/396 397/397/397
f 458/458/458 459/459/459 396/396/396
f 398/398/398 459/459/459 458/458/458
f 398/398/398 399/399/399 459/459/459
f 460/460/460 403/403/403 402/402/402
f 461/461/461 403/403/403 460/460/460
f 404/404/404 403/403/403 461/461/461
f 462/462/462 447/447/447 448/448/448
f 455/455/455 392/392/392 454/454/454
f 456/456/456 392/392/392 455/455/455
f 447/447/447 464/464/464 463/463/463
f 465/465/465 463/463/463 464/464/464
f 463/463/463 467/467/467 466/466/466
f 468/468/468 466/466/466 467/467/467
f 466/466/466 468/468/468 469/469/469
f 470/470/470 469/469/469 468/468/468
f 469/469/469 470/470/470 471/471/471
f 472/472/472 471/471/471 470/470/470
f 471/471/471 472/472/472 473/473/473
f 474/474/474 473/473/473 472/472/472
f 473/473/473 474/474/474 475/475/475
f 476/476/476 475/475/475 474/474/474
f 475/475/475 476/476/476 477/477/477
f 478/478/478 477/477/477 476/476/476
f 477/477/477 478/478/478 479/479/479
f 480/480/480 479/479/479 478/478/478
f 479/479/479 480/480/480 481/481/481
f 482/482/482 481/481/481 480/480/480
f 481/481/481 482/482/482 483/483/483
f 449/449/449 483/483/483 482/482/482
f 483/483/483 449/449/449 450/450/450
f 484/484/484 447/447/447 462/462/462
f 464/464/464 447/447/447 484/484/484
f 467/467/467 463/463/463 465/465/465
f 487/487/487 486/486/486 485/485/485
f 488/488/488 485/485/485 486/486/486
f 485/485/485 488/488/488 489/489/489
f 490/490/490 489/489/489 488/488/488
f 489/489/489 490/490/490 491/491/491
f 492/492/492 491/491/491 490/490/490
f 491/491/491 492/492/492 493/493/493
f 494/494/494 493/493/493 492/492/492
f 493/493/493 496/496/496 495/495/495
f 497/497/497 495/495/495 496/496/496
f 495/495/495 497/497/497 498/498/498
f 499/499/499 498/498/498 497/497/497
f 498/498/498 499/499/499 500/500/500
f 501/501/501 500/500/500 499/499/499
f 500/500/500 501/501/501 502/502/502
f 503/503/503 502/502/502 501/501/501
f 502/502/502 503/503/503 504/504/504
f 505/505/505 504/504/504 503/503/503
f 504/504/504 505/505/505 506/506/506
f 507/507/507 506/506/506 505/505/505
f 506/506/506 507/507/507 508/508/508
f 509/509/509 508/508/508 507/507/507
f 512/512/512 511/511/511 510/510/510
f 513/513/513 510/510/510 511/511/511
f 510/510/510 513/513/513 514/514/514
f 515/515/515 514/514/514 513/513/513
f 514/514/514 515/515/515 516/516/516
f 517/517/517 516/516/516 515/515/515
f 516/516/516 517/517/517 518/518/518
f 519/519/519 518/518/518 517/517/517
f 518/518/518 519/519/519 520/520/520
f 521/521/521 520/520/520 519/519/519
f 520/520/520 521/521/521 522/522/522
f 523/523/523 522/522/522 521/521/521
f 522/522/522 523/523/523 524/524/524
f 525/525/525 493/493/493 494/494/494
f 496/496/496 493/493/493 525/525/525
f 511/511/511 508/508/508 509/509/509
f 511/511/511 512/512/512 508/508/508
f 528/528/528 527/527/527 526/526/526
f 529/529/529 526/526/526 527/527/527
f 526/526/526 529/529/529 530/530/530
f 531/531/531 530/530/530 529/529/529
f 530/530/530 531/531/531 532/532/532
f 533/533/533 532/532/532 531/531/531
f 532/532/532 533/533/533 534/534/534
f 535/535/535 534/534/534 533/533/533
f 534/534/534 535/535/535 536/536/536
f 537/537/537 536/536/536 535/535/535
f 536/536/536 537/537/537 538/538/538
f 539/539/539 538/538/538 537/537/537
f 538/538/538 539/539/539 540/540/540
f 541/541/541 540/540/540 539/539/539
f 540/540/540 541/541/541 542/542/542
f 543/543/543 542/542/542 541/541/541
f 542/542/542 543/543/543 544/544/544
f 545/545/545 544/544/544 543/543/543
f 544/544/544 545/545/545 546/546/546
f 547/547/547 546/546/546 545/545/545
f 546/546/546 547/547/547 548/548/548
f 550/550/550 528/528/528 549/549/549
f 527/527/527 528/528/528 550/550/550
f 551/551/551 524/524/524 523/523/523
f 524/524/524 553/553/553 552/552/552
f 554/554/554 552/552/552 553/553/553
f 552/552/552 554/554/554 555/555/555
f 556/556/556 555/555/555 554/554/554
f 555/555/555 556/556/556 557/557/557
f 558/558/558 557/557/557 556/556/556
f 557/557/557 558/558/558 559/559/559
f 560/560/560 559/559/559 558/558/558
f 559/559/559 560/560/560 487/487/487
f 561/561/561 487/487/487 560/560/560
f 563/563/563 487/487/487 562/562/562
f 564/564/564 487/487/487 563/563/563
f 486/486/486 487/487/487 564/564/564
f 565/565/565 524/524/524 551/551/551
f 553/553/553 524/524/524 565/565/565
f 562/562/562 487/487/487 561/561/561
f 568/568/568 567/567/567 566/566/566
f 569/569/569 566/566/566 567/567/567
f 566/566/566 569/569/569 570/570/570
f 571/571/571 570/570/570 569/569/569
f 570/570/570 571/571/571 572/572/572
f 573/573/573 572/572/572 571/571/571
f 572/572/572 573/573/573 528/528/528
f 549/549/549 528/528/528 573/573/573
f 574/574/574 548/548/548 547/547/547
f 548/548/548 574/574/574 575/575/575
f 576/576/576 575/575/575 574/574/574
f 575/575/575 578/578/578 577/577/577
f 578/578/578 575/575/575 576/576/576
f 579/579/579 577/577/577 578/578/578
f 577/577/577 581/581/581 580/580/580
f 582/582/582 580/580/580 581/581/581
f 580/580/580 582/582/582 583/583/583
f 584/584/584 583/583/583 582/582/582
f 583/583/583 584/584/584 585/585/585
f 586/586/586 585/585/585 584/584/584
f 585/585/585 586/586/586 587/587/587
f 588/588/588 587/587/587 586/586/586
f 587/587/587 588/588/588 568/568/568
f 589/589/589 568/568/568 588/588/588
f 567/567/567 568/568/568 590/590/590
f 591/591/591 577/577/577 579/579/579
f 592/592/592 577/577/577 591/591/591
f 581/581/581 577/577/577 592/592/592
f 590/590/590 568/568/568 589/589/589
f 595/595/595 594/594/594 593/593/593
f 593/593/593 594/594/594 596/596/596
f 597/597/597 594/594/594 595/595/595
f 600/600/600 599/599/599 598/598/598
f 598/598/598 599/599/599 601/601/601
f 602/602/602 599/599/599 600/600/600
f 601/601/601 599/599/599 603/603/603
f 603/603/603 599/599/599 604/604/604
f 604/604/604 606/606/606 605/605/605
f 606/606/606 604/604/604 599/599/599
f 607/607/607 599/599/599 602/602/602
f 610/610/610 609/609/609 608/608/608
f 611/611/611 609/609/609 610/610/610
f 608/608/608 609/609/609 612/612/612
f 612/612/612 609/609/609 613/613/613
f 614/614/614 613/613/613 609/609/609
f 613/613/613 614/614/614 615/615/615
f 615/615/615 614/614/614 616/616/616
f 617/617/617 609/609/609 611/611/611
f 605/605/605 619/619/619 618/618/618
f 619/619/619 605/605/605 606/606/606
f 607/607/607 620/620/620 599/599/599
f 617/617/617 621/621/621 609/609/609
f 617/617/617 622/622/622 621/621/621
f 623/623/623 622/622/622 617/617/617
f 616/616/616 614/614/614 624/624/624
f 625/625/625 624/624/624 614/614/614
f 624/624/624 625/625/625 626/626/626
f 627/627/627 622/622/622 623/623/623
f 624/624/624 626/626/626 628/628/628
f 627/627/627 623/623/623 629/629/629
f 630/630/630 629/629/629 623/623/623
f 631/631/631 628/628/628 626/626/626
f 633/633/633 632/632/632 631/631/631
f 628/628/628 631/631/631 632/632/632
f 620/620/620 607/607/607 634/634/634
f 635/635/635 634/634/634 607/607/607
f 629/629/629 630/630/630 636/636/636
f 637/637/637 636/636/636 630/630/630
f 639/639/639 638/638/638 633/633/633
f 632/632/632 633/633/633 638/638/638
f 640/640/640 618/618/618 619/619/619
f 642/642/642 641/641/641 639/639/639
f 638/638/638 639/639/639 641/641/641
f 636/636/636 637/637/637 643/643/643
f 644/644/644 643/643/643 637/637/637
f 618/618/618 640/640/640 645/645/645
f 647/647/647 646/646/646 642/642/642
f 641/641/641 642/642/642 646/646/646
f 649/649/649 648/648/648 647/647/647
f 646/646/646 647/647/647 648/648/648
f 643/643/643 644/644/644 650/650/650
f 651/651/651 650/650/650 644/644/644
f 652/652/652 650/650/650 651/651/651
f 650/650/650 652/652/652 653/653/653
f 654/654/654 645/645/645 640/640/640
f 656/656/656 655/655/655 649/649/649
f 648/648/648 649/649/649 655/655/655
f 634/634/634 635/635/635 657/657/657
f 658/658/658 657/657/657 635/635/635
f 659/659/659 653/653/653 652/652/652
f 660/660/660 653/653/653 659/659/659
f 653/653/653 662/662/662 661/661/661
f 662/662/662 653/653/653 660/660/660
f 663/663/663 661/661/661 662/662/662
f 661/661/661 663/663/663 664/664/664
f 665/665/665 664/664/664 663/663/663
f 664/664/664 665/665/665 666/666/666
f 668/668/668 667/667/667 656/656/656
f 655/655/655 656/656/656 667/667/667
f 670/670/670 666/666/666 669/669/669
f 671/671/671 666/666/666 665/665/665
f 672/672/672 666/666/666 671/671/671
f 669/669/669 666/666/666 672/672/672
f 668/668/668 673/673/673 667/667/667
f 674/674/674 667/667/667 673/673/673
f 675/675/675 674/674/674 673/673/673
f 676/676/676 669/669/669 672/672/672
f 645/645/645 654/654/654 677/677/677
f 669/669/669 679/679/679 678/678/678
f 679/679/679 669/669/669 676/676/676
f 681/681/681 680/680/680 673/673/673
f 675/675/675 673/673/673 680/680/680
f 682/682/682 594/594/594 597/597/597
f 683/683/683 678/678/678 679/679/679
f 678/678/678 684/684/684 681/681/681
f 684/684/684 678/678/678 683/683/683
f 685/685/685 681/681/681 684/684/684
f 686/686/686 681/681/681 685/685/685
f 680/680/680 681/681/681 686/686/686
f 687/687/687 677/677/677 654/654/654
f 677/677/677 687/687/687 688/688/688
f 689/689/689 688/688/688 687/687/687
f 657/657/657 658/658/658 690/690/690
f 691/691/691 690/690/690 658/658/658
f 596/596/596 594/594/594 692/692/692
f 694/694/694 693/693/693 689/689/689
f 688/688/688 689/689/689 693/693/693
f 690/690/690 691/691/691 695/695/695
f 696/696/696 695/695/695 691/691/691
f 682/682/682 697/697/697 594/594/594
f 699/699/699 698/698/698 694/694/694
f 693/693/693 694/694/694 698/698/698
f 700/700/700 695/695/695 696/696/696
f 695/695/695 702/702/702 701/701/701
f 702/702/702 695/695/695 700/700/700
f 704/704/704 703/703/703 699/699/699
f 698/698/698 699/699/699 703/703/703
f 705/705/705 701/701/701 702/702/702
f 701/701/701 705/705/705 706/706/706
f 697/697/697 682/682/682 707/707/707
f 708/708/708 707/707/707 682/682/682
f 709/709/709 706/706/706 705/705/705
f 706/706/706 709/709/709 710/710/710
f 711/711/711 692/692/692 594/594/594
f 703/703/703 704/704/704 712/712/712
f 713/713/713 710/710/710 709/709/709
f 710/710/710 713/713/713 714/714/714
f 715/715/715 714/714/714 713/713/713
f 714/714/714 715/715/715 716/716/716
f 717/717/717 716/716/716 715/715/715
f 717/717/717 718/718/718 716/716/716
f 712/712/712 704/704/704 719/719/719
f 692/692/692 711/711/711 720/720/720
f 718/718/718 722/722/722 721/721/721
f 722/722/722 718/718/718 717/717/717
f 723/723/723 721/721/721 722/722/722
f 725/725/725 724/724/724 704/704/704
f 719/719/719 704/704/704 724/724/724
f 727/727/727 726/726/726 725/725/725
f 724/724/724 725/725/725 726/726/726
f 721/721/721 728/728/728 727/727/727
f 726/726/726 727/727/727 728/728/728
f 728/728/728 721/721/721 723/723/723
f 707/707/707 708/708/708 729/729/729
f 730/730/730 729/729/729 708/708/708
f 731/731/731 720/720/720 711/711/711
f 720/720/720 731/731/731 732/732/732
f 729/729/729 730/730/730 733/733/733
f 734/734/734 733/733/733 730/730/730
f 735/735/735 732/732/732 731/731/731
f 738/738/738 737/737/737 736/736/736
f 739/739/739 737/737/737 738/738/738
f 732/732/732 735/735/735 740/740/740
f 742/742/742 736/736/736 741/741/741
f 742/742/742 741/741/741 743/743/743
f 737/737/737 741/741/741 736/736/736
f 743/743/743 741/741/741 744/744/744
f 745/745/745 737/737/737 739/739/739
f 744/744/744 747/747/747 746/746/746
f 747/747/747 744/744/744 741/741/741
f 737/737/737 745/745/745 748/748/748
f 749/749/749 748/748/748 745/745/745
f 750/750/750 740/740/740 735/735/735
f 746/746/746 752/752/752 751/751/751
f 752/752/752 746/746/746 747/747/747
f 748/748/748 749/749/749 753/753/753
f 754/754/754 753/753/753 749/749/749
f 741/741/741 737/737/737 755/755/755
f 737/737/737 756/756/756 755/755/755
f 753/753/753 754/754/754 757/757/757
f 758/758/758 757/757/757 754/754/754
f 756/756/756 737/737/737 759/759/759
f 759/759/759 737/737/737 760/760/760
f 733/733/733 734/734/734 761/761/761
f 762/762/762 760/760/760 737/737/737
f 737/737/737 763/763/763 762/762/762
f 764/764/764 751/751/751 752/752/752
f 757/757/757 758/758/758 765/765/765
f 763/763/763 766/766/766 762/762/762
f 767/767/767 765/765/765 758/758/758
f 751/751/751 764/764/764 768/768/768
f 765/765/765 767/767/767 769/769/769
f 763/763/763 770/770/770 766/766/766
f 770/770/770 763/763/763 771/771/771
f 772/772/772 769/769/769 767/767/767
f 769/769/769 772/772/772 773/773/773
f 774/774/774 768/768/768 764/764/764
f 773/773/773 772/772/772 775/775/775
f 775/775/775 772/772/772 776/776/776
f 777/777/777 776/776/776 772/772/772
f 777/777/777 772/772/772 778/778/778
f 779/779/779 770/770/770 771/771/771
f 772/772/772 780/780/780 778/778/778
f 780/780/780 772/772/772 781/781/781
f 781/781/781 772/772/772 782/782/782
f 783/783/783 782/782/782 772/772/772
f 768/768/768 774/774/774 784/784/784
f 785/785/785 778/778/778 780/780/780
f 786/786/786 784/784/784 774/774/774
f 787/787/787 782/782/782 783/783/783
f 787/787/787 783/783/783 788/788/788
f 789/789/789 788/788/788 783/783/783
f 788/788/788 789/789/789 790/790/790
f 791/791/791 790/790/790 789/789/789
f 784/784/784 786/786/786 792/792/792
f 793/793/793 792/792/792 786/786/786
f 790/790/790 791/791/791 794/794/794
f 795/795/795 794/794/794 791/791/791
f 792/792/792 793/793/793 796/796/796
f 794/794/794 795/795/795 797/797/797
f 798/798/798 797/797/797 795/795/795
f 799/799/799 796/796/796 793/793/793
f 797/797/797 798/798/798 800/800/800
f 796/796/796 799/799/799 801/801/801
f 802/802/802 800/800/800 798/798/798
f 800/800/800 802/802/802 803/803/803
f 804/804/804 801/801/801 799/799/799
f 805/805/805 803/803/803 802/802/802
f 803/803/803 805/805/805 806/806/806
f 801/801/801 804/804/804 807/807/807
f 808/808/808 806/806/806 805/805/805
f 809/809/809 807/807/807 804/804/804
f 806/806/806 808/808/808 810/810/810
f 812/812/812 811/811/811 750/750/750
f 740/740/740 750/750/750 811/811/811
f 807/807/807 809/809/809 813/813/813
f 814/814/814 810/810/810 808/808/808
f 815/815/815 813/813/813 809/809/809
f 810/810/810 814/814/814 816/816/816
f 813/813/813 815/815/815 817/817/817
f 818/818/818 817/817/817 815/815/815
f 819/819/819 816/816/816 814/814/814
f 821/821/821 820/820/820 818/818/818
f 817/817/817 818/818/818 820/820/820
f 822/822/822 761/761/761 734/734/734
f 824/824/824 823/823/823 821/821/821
f 820/820/820 821/821/821 823/823/823
f 816/816/816 819/819/819 825/825/825
f 827/827/827 826/826/826 824/824/824
f 823/823/823 824/824/824 826/826/826
f 828/828/828 825/825/825 819/819/819
f 825/825/825 828/828/828 829/829/829
f 831/831/831 830/830/830 827/827/827
f 826/826/826 827/827/827 830/830/830
f 832/832/832 829/829/829 828/828/828
f 829/829/829 832/832/832 833/833/833
f 835/835/835 834/834/834 831/831/831
f 830/830/830 831/831/831 834/834/834
f 837/837/837 836/836/836 835/835/835
f 834/834/834 835/835/835 836/836/836
f 839/839/839 838/838/838 812/812/812
f 811/811/811 812/812/812 838/838/838
f 840/840/840 833/833/833 832/832/832
f 833/833/833 840/840/840 841/841/841
f 843/843/843 842/842/842 837/837/837
f 836/836/836 837/837/837 842/842/842
f 845/845/845 844/844/844 843/843/843
f 842/842/842 843/843/843 844/844/844
f 846/846/846 841/841/841 840/840/840
f 841/841/841 846/846/846 847/847/847
f 761/761/761 849/849/849 848/848/848
f 849/849/849 761/761/761 822/822/822
f 851/851/851 850/850/850 845/845/845
f 844/844/844 845/845/845 850/850/850
f 852/852/852 847/847/847 846/846/846
f 847/847/847 852/852/852 853/853/853
f 855/855/855 854/854/854 851/851/851
f 850/850/850 851/851/851 854/854/854
f 856/856/856 853/853/853 852/852/852
f 853/853/853 856/856/856 857/857/857
f 858/858/858 848/848/848 849/849/849
f 860/860/860 859/859/859 855/855/855
f 854/854/854 855/855/855 859/859/859
f 861/861/861 857/857/857 856/856/856
f 857/857/857 861/861/861 862/862/862
f 864/864/864 863/863/863 860/860/860
f 859/859/859 860/860/860 863/863/863
f 865/865/865 862/862/862 861/861/861
f 862/862/862 865/865/865 866/866/866
f 868/868/868 867/867/867 864/864/864
f 863/863/863 864/864/864 867/867/867
f 869/869/869 866/866/866 865/865/865
f 866/866/866 869/869/869 870/870/870
f 870/870/870 871/871/871 868/868/868
f 867/867/867 868/868/868 871/871/871
f 871/871/871 870/870/870 869/869/869
f 873/873/873 872/872/872 839/839/839
f 838/838/838 839/839/839 872/872/872
f 848/848/848 875/875/875 874/874/874
f 875/875/875 848/848/848 858/858/858
f 874/874/874 876/876/876 873/873/873
f 872/872/872 873/873/873 876/876/876
f 876/876/876 874/874/874 875/875/875
f 879/879/879 878/878/878 877/877/877
f 880/880/880 877/877/877 878/878/878
f 877/877/877 880/880/880 881/881/881
f 882/882/882 881/881/881 880/880/880
f 881/881/881 882/882/882 883/883/883
f 884/884/884 883/883/883 882/882/882
f 883/883/883 884/884/884 885/885/885
f 886/886/886 885/885/885 884/884/884
f 885/885/885 886/886/886 887/887/887
f 888/888/888 887/887/887 886/886/886
f 887/887/887 888/888/888 889/889/889
f 890/890/890 889/889/889 888/888/888
f 889/889/889 890/890/890 891/891/891
f 892/892/892 891/891/891 890/890/890
f 891/891/891 892/892/892 893/893/893
f 894/894/894 893/893/893 892/892/892
f 893/893/893 894/894/894 895/895/895
f 896/896/896 895/895/895 894/894/894
f 895/895/895 896/896/896 897/897/897
f 898/898/898 897/897/897 896/896/896
f 897/897/897 898/898/898 899/899/899
f 902/902/902 901/901/901 900/900/900
f 903/903/903 900/900/900 901/901/901
f 900/900/900 903/903/903 904/904/904
f 905/905/905 904/904/904 903/903/903
f 904/904/904 905/905/905 906/906/906
f 907/907/907 906/906/906 905/905/905
f 906/906/906 907/907/907 908/908/908
f 909/909/909 908/908/908 907/907/907
f 908/908/908 909/909/909 879/879/879
f 878/878/878 879/879/879 909/909/909
f 910/910/910 899/899/899 898/898/898
f 899/899/899 910/910/910 911/911/911
f 912/912/912 911/911/911 910/910/910
f 911/911/911 912/912/912 913/913/913
f 914/914/914 913/913/913 912/912/912
f 913/913/913 914/914/914 915/915/915
f 916/916/916 915/915/915 914/914/914
f 915/915/915 916/916/916 917/917/917
f 918/918/918 917/917/917 916/916/916
f 917/917/917 918/918/918 919/919/919
f 920/920/920 919/919/919 918/918/918
f 919/919/919 920/920/920 921/921/921
f 922/922/922 921/921/921 920/920/920
f 921/921/921 922/922/922 923/923/923
f 924/924/924 923/923/923 922/922/922
f 923/923/923 924/924/924 925/925/925
f 926/926/926 925/925/925 924/924/924
f 925/925/925 926/926/926 927/927/927
f 928/928/928 927/927/927 926/926/926
f 927/927/927 928/928/928 929/929/929
f 930/930/930 929/929/929 928/928/928
f 929/929/929 930/930/930 931/931/931
f 932/932/932 931/931/931 930/930/930
f 931/931/931 932/932/932 933/933/933
f 934/934/934 933/933/933 932/932/932
f 933/933/933 934/934/934 935/935/935
f 936/936/936 935/935/935 934/934/934
f 935/935/935 936/936/936 937/937/937
f 938/938/938 937/937/937 936/936/936
f 937/937/937 938/938/938 939/939/939
f 940/940/940 939/939/939 938/938/938
f 939/939/939 940/940/940 941/941/941
f 942/942/942 941/941/941 940/940/940
f 941/941/941 942/942/942 943/943/943
f 944/944/944 943/943/943 942/942/942
f 943/943/943 944/944/944 902/902/902
f 901/901/901 902/902/902 944/944/944
f 947/947/947 946/946/946 945/945/945
f 948/948/948 946/946/946 947/947/947
f 946/946/946 948/948/948 949/949/949
f 950/950/950 949/949/949 948/948/948
f 952/952/952 951/951/951 950/950/950
f 949/949/949 950/950/950 951/951/951
f 945/945/945 946/946/946 953/953/953
f 953/953/953 955/955/955 954/954/954
f 955/955/955 953/953/953 946/946/946
f 954/954/954 957/957/957 956/956/956
f 957/957/957 954/954/954 955/955/955
f 956/956/956 959/959/959 958/958/958
f 959/959/959 956/956/956 957/957/957
f 951/951/951 952/952/952 960/960/960
f 961/961/961 960/960/960 952/952/952
f 958/958/958 963/963/963 962/962/962
f 963/963/963 958/958/958 959/959/959
f 962/962/962 965/965/965 964/964/964
f 965/965/965 962/962/962 963/963/963
f 960/960/960 961/961/961 966/966/966
f 967/967/967 966/966/966 961/961/961
f 964/964/964 969/969/969 968/968/968
f 969/969/969 964/964/964 965/965/965
f 968/968/968 971/971/971 970/970/970
f 971/971/971 968/968/968 969/969/969
f 966/966/966 967/967/967 972/972/972
f 973/973/973 972/972/972 967/967/967
f 970/970/970 975/975/975 974/974/974
f 975/975/975 970/970/970 971/971/971
f 978/978/978 977/977/977 976/976/976
f 977/977/977 978/978/978 979/979/979
f 980/980/980 979/979/979 978/978/978
f 979/979/979 980/980/980 981/981/981
f 982/982/982 981/981/981 980/980/980
f 981/981/981 982/982/982 983/983/983
f 984/984/984 983/983/983 982/982/982
f 983/983/983 984/984/984 985/985/985
f 986/986/986 985/985/985 984/984/984
f 985/985/985 986/986/986 987/987/987
f 988/988/988 987/987/987 986/986/986
f 987/987/987 988/988/988 989/989/989
f 990/990/990 989/989/989 988/988/988
f 989/989/989 990/990/990 991/991/991
f 992/992/992 991/991/991 990/990/990
f 991/991/991 992/992/992 993/993/993
f 994/994/994 993/993/993 992/992/992
f 993/993/993 994/994/994 995/995/995
f 996/996/996 995/995/995 994/994/994
f 995/995/995 996/996/996 997/997/997
f 998/998/998 997/997/997 996/996/996
f 997/997/997 998/998/998 999/999/999
f 1000/1000/1000 999/999/999 998/998/998
f 999/999/999 1000/1000/1000 1001/1001/1001
f 1002/1002/1002 1001/1001/1001 1000/1000/1000
f 1001/1001/1001 1002/1002/1002 1003/1003/1003
f 1004/1004/1004 1003/1003/1003 1002/1002/1002
f 1003/1003/1003 1004/1004/1004 1005/1005/1005
f 1006/1006/1006 1005/1005/1005 1004/1004/1004
f 1005/1005/1005 1006/1006/1006 1007/1007/1007
f 1008/1008/1008 1007/1007/1007 1006/1006/1006
f 1007/1007/1007 1008/1008/1008 1009/1009/1009
f 1010/1010/1010 1009/1009/1009 1008/1008/1008
f 1009/1009/1009 1010/1010/1010 1011/1011/1011
f 1012/1012/1012 1011/1011/1011 1010/1010/1010
f 1011/1011/1011 1012/1012/1012 1013/1013/1013
f 1014/1014/1014 1013/1013/1013 1012/1012/1012
f 1013/1013/1013 1014/1014/1014 1015/1015/1015
f 1016/1016/1016 1015/1015/1015 1014/1014/1014
f 1015/1015/1015 1016/1016/1016 1017/1017/1017
f 1018/1018/1018 1017/1017/1017 1016/1016/1016
f 1017/1017/1017 1018/1018/1018 1019/1019/1019
f 1020/1020/1020 1019/1019/1019 1018/1018/1018
f 1019/1019/1019 1020/1020/1020 1021/1021/1021
f 1022/1022/1022 1021/1021/1021 1020/1020/1020
f 1021/1021/1021 1022/1022/1022 1023/1023/1023
f 1024/1024/1024 1023/1023/1023 1022/1022/1022
f 1023/1023/1023 1024/1024/1024 1025/1025/1025
f 1026/1026/1026 1025/1025/1025 1024/1024/1024
f 1025/1025/1025 1026/1026/1026 1027/1027/1027
f 1028/1028/1028 1027/1027/1027 1026/1026/1026
f 1027/1027/1027 1028/1028/1028 1029/1029/1029
f 1030/1030/1030 1029/1029/1029 1028/1028/1028
f 1029/1029/1029 1030/1030/1030 1031/1031/1031
f 1032/1032/1032 1031/1031/1031 1030/1030/1030
f 1031/1031/1031 1032/1032/1032 1033/1033/1033
f 1034/1034/1034 1033/1033/1033 1032/1032/1032
f 1033/1033/1033 1034/1034/1034 1035/1035/1035
f 1036/1036/1036 1035/1035/1035 1034/1034/1034
f 1035/1035/1035 1036/1036/1036 1037/1037/1037
f 1038/1038/1038 1037/1037/1037 1036/1036/1036
f 1037/1037/1037 1038/1038/1038 1039/1039/1039
f 1040/1040/1040 1039/1039/1039 1038/1038/1038
f 1039/1039/1039 1040/1040/1040 1041/1041/1041
f 1042/1042/1042 1041/1041/1041 1040/1040/1040
f 1041/1041/1041 1042/1042/1042 1043/1043/1043
f 1044/1044/1044 1043/1043/1043 1042/1042/1042
f 1043/1043/1043 1044/1044/1044 1045/1045/1045
f 1046/1046/1046 1045/1045/1045 1044/1044/1044
f 1045/1045/1045 1046/1046/1046 1047/1047/1047
f 1048/1048/1048 1047/1047/1047 1046/1046/1046
f 1051/1051/1051 1050/1050/1050 1049/1049/1049
f 1052/1052/1052 1049/1049/1049 1050/1050/1050
f 1049/1049/1049 1052/1052/1052 1053/1053/1053
f 1054/1054/1054 1053/1053/1053 1052/1052/1052
f 1053/1053/1053 1054/1054/1054 1055/1055/1055
f 1056/1056/1056 1055/1055/1055 1054/1054/1054
f 1055/1055/1055 1056/1056/1056 1057/1057/1057
f 1058/1058/1058 1057/1057/1057 1056/1056/1056
f 1057/1057/1057 1058/1058/1058 1059/1059/1059
f 1060/1060/1060 1059/1059/1059 1058/1058/1058
f 1059/1059/1059 1060/1060/1060 1061/1061/1061
f 1062/1062/1062 1061/1061/1061 1060/1060/1060
f 1061/1061/1061 1062/1062/1062 1063/1063/1063
f 1064/1064/1064 1063/1063/1063 1062/1062/1062
f 1063/1063/1063 976/976/976 977/977/977
f 1047/1047/1047 1048/1048/1048 1065/1065/1065
f 1066/1066/1066 1065/1065/1065 1048/1048/1048
f 1065/1065/1065 1066/1066/1066 1067/1067/1067
f 1068/1068/1068 1067/1067/1067 1066/1066/1066
f 1067/1067/1067 1068/1068/1068 1069/1069/1069
f 1070/1070/1070 1069/1069/1069 1068/1068/1068
f 1069/1069/1069 1070/1070/1070 1071/1071/1071
f 1072/1072/1072 1071/1071/1071 1070/1070/1070
f 1071/1071/1071 1072/1072/1072 1073/1073/1073
f 1074/1074/1074 1073/1073/1073 1072/1072/1072
f 1073/1073/1073 1074/1074/1074 1075/1075/1075
f 1076/1076/1076 1075/1075/1075 1074/1074/1074
f 1075/1075/1075 1076/1076/1076 1077/1077/1077
f 1078/1078/1078 1077/1077/1077 1076/1076/1076
f 1077/1077/1077 1078/1078/1078 1079/1079/1079
f 1080/1080/1080 1079/1079/1079 1078/1078/1078
f 1079/1079/1079 1080/1080/1080 1081/1081/1081
f 1082/1082/1082 1081/1081/1081 1080/1080/1080
f 1081/1081/1081 1082/1082/1082 1083/1083/1083
f 976/976/976 1063/1063/1063 1064/1064/1064
f 1086/1086/1086 1085/1085/1085 1084/1084/1084
f 1087/1087/1087 1084/1084/1084 1085/1085/1085
f 1084/1084/1084 1087/1087/1087 1088/1088/1088
f 1089/1089/1089 1088/1088/1088 1087/1087/1087
f 1088/1088/1088 1089/1089/1089 1051/1051/1051
f 1050/1050/1050 1051/1051/1051 1089/1089/1089
f 1090/1090/1090 1083/1083/1083 1082/1082/1082
f 1083/1083/1083 1090/1090/1090 1091/1091/1091
f 1092/1092/1092 1091/1091/1091 1090/1090/1090
f 1091/1091/1091 1092/1092/1092 1093/1093/1093
f 1094/1094/1094 1093/1093/1093 1092/1092/1092
f 1093/1093/1093 1094/1094/1094 1095/1095/1095
f 1096/1096/1096 1095/1095/1095 1094/1094/1094
f 1095/1095/1095 1096/1096/1096 1097/1097/1097
f 1098/1098/1098 1097/1097/1097 1096/1096/1096
f 1097/1097/1097 1098/1098/1098 1099/1099/1099
f 1100/1100/1100 1099/1099/1099 1098/1098/1098
f 1099/1099/1099 1100/1100/1100 1101/1101/1101
f 1102/1102/1102 1101/1101/1101 1100/1100/1100
f 1101/1101/1101 1102/1102/1102 1103/1103/1103
f 1104/1104/1104 1103/1103/1103 1102/1102/1102
f 1103/1103/1103 1104/1104/1104 1105/1105/1105
f 1106/1106/1106 1105/1105/1105 1104/1104/1104
f 1105/1105/1105 1106/1106/1106 1107/1107/1107
f 1108/1108/1108 1107/1107/1107 1106/1106/1106
f 1107/1107/1107 1108/1108/1108 1109/1109/1109
f 1110/1110/1110 1109/1109/1109 1108/1108/1108
f 1109/1109/1109 1110/1110/1110 1111/1111/1111
f 1112/1112/1112 1111/1111/1111 1110/1110/1110
f 1111/1111/1111 1112/1112/1112 1113/1113/1113
f 1114/1114/1114 1113/1113/1113 1112/1112/1112
f 1113/1113/1113 1114/1114/1114 1115/1115/1115
f 1116/1116/1116 1115/1115/1115 1114/1114/1114
f 1115/1115/1115 1116/1116/1116 1117/1117/1117
f 1118/1118/1118 1117/1117/1117 1116/1116/1116
f 1117/1117/1117 1118/1118/1118 1119/1119/1119
f 1120/1120/1120 1119/1119/1119 1118/1118/1118
f 1119/1119/1119 1120/1120/1120 1121/1121/1121
f 1122/1122/1122 1121/1121/1121 1120/1120/1120
f 1121/1121/1121 1122/1122/1122 1123/1123/1123
f 1124/1124/1124 1123/1123/1123 1122/1122/1122
f 1123/1123/1123 1124/1124/1124 1125/1125/1125
f 1126/1126/1126 1125/1125/1125 1124/1124/1124
f 1125/1125/1125 1126/1126/1126 1127/1127/1127
f 1128/1128/1128 1127/1127/1127 1126/1126/1126
f 1127/1127/1127 1128/1128/1128 1129/1129/1129
f 1130/1130/1130 1129/1129/1129 1128/1128/1128
f 1129/1129/1129 1130/1130/1130 1131/1131/1131
f 1132/1132/1132 1131/1131/1131 1130/1130/1130
f 1131/1131/1131 1132/1132/1132 1133/1133/1133
f 1134/1134/1134 1133/1133/1133 1132/1132/1132
f 1133/1133/1133 1134/1134/1134 1135/1135/1135
f 1136/1136/1136 1135/1135/1135 1134/1134/1134
f 1135/1135/1135 1136/1136/1136 1137/1137/1137
f 1138/1138/1138 1137/1137/1137 1136/1136/1136
f 1137/1137/1137 1138/1138/1138 1139/1139/1139
f 1140/1140/1140 1139/1139/1139 1138/1138/1138
f 1139/1139/1139 1140/1140/1140 1141/1141/1141
f 1142/1142/1142 1141/1141/1141 1140/1140/1140
f 1141/1141/1141 1142/1142/1142 1143/1143/1143
f 1144/1144/1144 1143/1143/1143 1142/1142/1142
f 1143/1143/1143 1144/1144/1144 1145/1145/1145
f 1146/1146/1146 1145/1145/1145 1144/1144/1144
f 1145/1145/1145 1146/1146/1146 1147/1147/1147
f 1148/1148/1148 1147/1147/1147 1146/1146/1146
f 1147/1147/1147 1148/1148/1148 1149/1149/1149
f 1150/1150/1150 1149/1149/1149 1148/1148/1148
f 1149/1149/1149 1150/1150/1150 1151/1151/1151
f 1152/1152/1152 1151/1151/1151 1150/1150/1150
f 1151/1151/1151 1152/1152/1152 1153/1153/1153
f 1154/1154/1154 1153/1153/1153 1152/1152/1152
f 1153/1153/1153 1154/1154/1154 1155/1155/1155
f 1156/1156/1156 1155/1155/1155 1154/1154/1154
f 1155/1155/1155 1156/1156/1156 1157/1157/1157
f 1158/1158/1158 1157/1157/1157 1156/1156/1156
f 1157/1157/1157 1158/1158/1158 1159/1159/1159
f 1160/1160/1160 1159/1159/1159 1158/1158/1158
f 1159/1159/1159 1160/1160/1160 1161/1161/1161
f 1162/1162/1162 1161/1161/1161 1160/1160/1160
f 1161/1161/1161 1162/1162/1162 1163/1163/1163
f 1164/1164/1164 1163/1163/1163 1162/1162/1162
f 1163/1163/1163 1164/1164/1164 1165/1165/1165
f 1166/1166/1166 1165/1165/1165 1164/1164/1164
f 1165/1165/1165 1166/1166/1166 1167/1167/1167
f 1168/1168/1168 1167/1167/1167 1166/1166/1166
f 1167/1167/1167 1168/1168/1168 1169/1169/1169
f 1170/1170/1170 1169/1169/1169 1168/1168/1168
f 1169/1169/1169 1170/1170/1170 1171/1171/1171
f 1172/1172/1172 1171/1171/1171 1170/1170/1170
f 1171/1171/1171 1172/1172/1172 1173/1173/1173
f 1174/1174/1174 1173/1173/1173 1172/1172/1172
f 1173/1173/1173 1174/1174/1174 1175/1175/1175
f 1176/1176/1176 1175/1175/1175 1174/1174/1174
f 1175/1175/1175 1176/1176/1176 1177/1177/1177
f 1178/1178/1178 1177/1177/1177 1176/1176/1176
f 1177/1177/1177 1178/1178/1178 1179/1179/1179
f 1180/1180/1180 1179/1179/1179 1178/1178/1178
f 1179/1179/1179 1180/1180/1180 1181/1181/1181
f 1182/1182/1182 1181/1181/1181 1180/1180/1180
f 1181/1181/1181 1182/1182/1182 1183/1183/1183
f 1184/1184/1184 1183/1183/1183 1182/1182/1182
f 1183/1183/1183 1184/1184/1184 1185/1185/1185
f 1186/1186/1186 1185/1185/1185 1184/1184/1184
f 1185/1185/1185 1186/1186/1186 1187/1187/1187
f 1188/1188/1188 1187/1187/1187 1186/1186/1186
f 1187/1187/1187 1188/1188/1188 1189/1189/1189
f 1190/1190/1190 1189/1189/1189 1188/1188/1188
f 1189/1189/1189 1190/1190/1190 1191/1191/1191
f 1192/1192/1192 1191/1191/1191 1190/1190/1190
f 1191/1191/1191 1192/1192/1192 1193/1193/1193
f 1194/1194/1194 1193/1193/1193 1192/1192/1192
f 1193/1193/1193 1194/1194/1194 1195/1195/1195
f 1196/1196/1196 1195/1195/1195 1194/1194/1194
f 1195/1195/1195 1196/1196/1196 1197/1197/1197
f 1198/1198/1198 1197/1197/1197 1196/1196/1196
f 1197/1197/1197 1198/1198/1198 1199/1199/1199
f 1200/1200/1200 1199/1199/1199 1198/1198/1198
f 1199/1199/1199 1200/1200/1200 1201/1201/1201
f 1202/1202/1202 1201/1201/1201 1200/1200/1200
f 1201/1201/1201 1202/1202/1202 1203/1203/1203
f 1204/1204/1204 1203/1203/1203 1202/1202/1202
f 1203/1203/1203 1204/1204/1204 1205/1205/1205
f 1206/1206/1206 1205/1205/1205 1204/1204/1204
f 1205/1205/1205 1206/1206/1206 1207/1207/1207
f 1208/1208/1208 1207/1207/1207 1206/1206/1206
f 1207/1207/1207 1208/1208/1208 1209/1209/1209
f 1210/1210/1210 1209/1209/1209 1208/1208/1208
f 1209/1209/1209 1210/1210/1210 1211/1211/1211
f 1212/1212/1212 1211/1211/1211 1210/1210/1210
f 1211/1211/1211 1212/1212/1212 1213/1213/1213
f 1214/1214/1214 1213/1213/1213 1212/1212/1212
f 1213/1213/1213 1216/1216/1216 1215/1215/1215
f 1217/1217/1217 1215/1215/1215 1216/1216/1216
f 1215/1215/1215 1217/1217/1217 1218/1218/1218
f 1219/1219/1219 1218/1218/1218 1217/1217/1217
f 1218/1218/1218 1221/1221/1221 1220/1220/1220
f 1222/1222/1222 1220/1220/1220 1221/1221/1221
f 1220/1220/1220 1222/1222/1222 1086/1086/1086
f 1085/1085/1085 1086/1086/1086 1222/1222/1222
f 1216/1216/1216 1213/1213/1213 1214/1214/1214
f 1221/1221/1221 1218/1218/1218 1219/1219/1219
f 972/972/972 973/973/973 1223/1223/1223
f 1224/1224/1224 1223/1223/1223 973/973/973
f 974/974/974 1226/1226/1226 1225/1225/1225
f 1226/1226/1226 974/974/974 975/975/975
f 1227/1227/1227 1223/1223/1223 1224/1224/1224
f 1225/1225/1225 1229/1229/1229 1228/1228/1228
f 1229/1229/1229 1225/1225/1225 1226/1226/1226
f 1223/1223/1223 1227/1227/1227 1230/1230/1230
f 1231/1231/1231 1230/1230/1230 1227/1227/1227
f 1230/1230/1230 1231/1231/1231 1232/1232/1232
f 1233/1233/1233 1232/1232/1232 1231/1231/1231
f 1236/1236/1236 1235/1235/1235 1234/1234/1234
f 1235/1235/1235 1236/1236/1236 1237/1237/1237
f 1238/1238/1238 1237/1237/1237 1236/1236/1236
f 1237/1237/1237 1238/1238/1238 1239/1239/1239
f 1240/1240/1240 1239/1239/1239 1238/1238/1238
f 1234/1234/1234 1242/1242/1242 1241/1241/1241
f 1242/1242/1242 1234/1234/1234 1235/1235/1235
f 1243/1243/1243 1228/1228/1228 1229/1229/1229
f 1239/1239/1239 1240/1240/1240 1244/1244/1244
f 1245/1245/1245 1244/1244/1244 1240/1240/1240
f 1241/1241/1241 1247/1247/1247 1246/1246/1246
f 1247/1247/1247 1241/1241/1241 1242/1242/1242
f 1232/1232/1232 1233/1233/1233 1248/1248/1248
f 1249/1249/1249 1246/1246/1246 1247/1247/1247
f 1246/1246/1246 1249/1249/1249 1250/1250/1250
f 1245/1245/1245 1251/1251/1251 1244/1244/1244
f 1250/1250/1250 1249/1249/1249 1252/1252/1252
f 1228/1228/1228 1243/1243/1243 1253/1253/1253
f 1254/1254/1254 1248/1248/1248 1233/1233/1233
f 1255/1255/1255 1244/1244/1244 1251/1251/1251
f 1256/1256/1256 1255/1255/1255 1251/1251/1251
f 1252/1252/1252 1258/1258/1258 1257/1257/1257
f 1258/1258/1258 1252/1252/1252 1249/1249/1249
f 1259/1259/1259 1253/1253/1253 1243/1243/1243
f 1260/1260/1260 1255/1255/1255 1256/1256/1256
f 1248/1248/1248 1254/1254/1254 1261/1261/1261
f 1257/1257/1257 1263/1263/1263 1262/1262/1262
f 1263/1263/1263 1257/1257/1257 1258/1258/1258
f 1260/1260/1260 1256/1256/1256 1264/1264/1264
f 1265/1265/1265 1264/1264/1264 1256/1256/1256
f 1267/1267/1267 1266/1266/1266 1259/1259/1259
f 1253/1253/1253 1259/1259/1259 1266/1266/1266
f 1262/1262/1262 1269/1269/1269 1268/1268/1268
f 1269/1269/1269 1262/1262/1262 1263/1263/1263
f 1264/1264/1264 1265/1265/1265 1270/1270/1270
f 1271/1271/1271 1270/1270/1270 1265/1265/1265
f 1273/1273/1273 1272/1272/1272 1267/1267/1267
f 1266/1266/1266 1267/1267/1267 1272/1272/1272
f 1274/1274/1274 1261/1261/1261 1254/1254/1254
f 1261/1261/1261 1274/1274/1274 1275/1275/1275
f 1268/1268/1268 1277/1277/1277 1276/1276/1276
f 1277/1277/1277 1268/1268/1268 1269/1269/1269
f 1279/1279/1279 1278/1278/1278 1273/1273/1273
f 1272/1272/1272 1273/1273/1273 1278/1278/1278
f 1270/1270/1270 1271/1271/1271 1280/1280/1280
f 1281/1281/1281 1280/1280/1280 1271/1271/1271
f 1284/1284/1284 1283/1283/1283 1282/1282/1282
f 1283/1283/1283 1284/1284/1284 1285/1285/1285
f 1286/1286/1286 1285/1285/1285 1284/1284/1284
f 1282/1282/1282 1288/1288/1288 1287/1287/1287
f 1288/1288/1288 1282/1282/1282 1283/1283/1283
f 1290/1290/1290 1289/1289/1289 1279/1279/1279
f 1278/1278/1278 1279/1279/1279 1289/1289/1289
f 1291/1291/1291 1285/1285/1285 1286/1286/1286
f 1287/1287/1287 1293/1293/1293 1292/1292/1292
f 1293/1293/1293 1287/1287/1287 1288/1288/1288
f 1291/1291/1291 1286/1286/1286 1294/1294/1294
f 1286/1286/1286 1295/1295/1295 1294/1294/1294
f 1296/1296/1296 1294/1294/1294 1295/1295/1295
f 1297/1297/1297 1294/1294/1294 1296/1296/1296
f 1294/1294/1294 1297/1297/1297 1298/1298/1298
f 1299/1299/1299 1298/1298/1298 1297/1297/1297
f 1276/1276/1276 1301/1301/1301 1300/1300/1300
f 1301/1301/1301 1276/1276/1276 1277/1277/1277
f 1302/1302/1302 1292/1292/1292 1293/1293/1293
f 1292/1292/1292 1302/1302/1302 1303/1303/1303
f 1298/1298/1298 1299/1299/1299 1304/1304/1304
f 1305/1305/1305 1304/1304/1304 1299/1299/1299
f 1307/1307/1307 1306/1306/1306 1290/1290/1290
f 1289/1289/1289 1290/1290/1290 1306/1306/1306
f 1304/1304/1304 1305/1305/1305 1308/1308/1308
f 1309/1309/1309 1308/1308/1308 1305/1305/1305
f 1280/1280/1280 1281/1281/1281 1310/1310/1310
f 1311/1311/1311 1310/1310/1310 1281/1281/1281
f 1312/1312/1312 1275/1275/1275 1274/1274/1274
f 1303/1303/1303 1302/1302/1302 1313/1313/1313
f 1275/1275/1275 1312/1312/1312 1314/1314/1314
f 1308/1308/1308 1309/1309/1309 1315/1315/1315
f 1316/1316/1316 1315/1315/1315 1309/1309/1309
f 1291/1291/1291 1294/1294/1294 1317/1317/1317
f 1319/1319/1319 1318/1318/1318 1307/1307/1307
f 1306/1306/1306 1307/1307/1307 1318/1318/1318
f 1320/1320/1320 1313/1313/1313 1302/1302/1302
f 1321/1321/1321 1315/1315/1315 1316/1316/1316
f 1322/1322/1322 1300/1300/1300 1301/1301/1301
f 1300/1300/1300 1322/1322/1322 1323/1323/1323
f 1310/1310/1310 1311/1311/1311 1324/1324/1324
f 1325/1325/1325 1324/1324/1324 1311/1311/1311
f 1320/1320/1320 1326/1326/1326 1313/1313/1313
f 1313/1313/1313 1326/1326/1326 1327/1327/1327
f 1328/1328/1328 1314/1314/1314 1312/1312/1312
f 1314/1314/1314 1328/1328/1328 1329/1329/1329
f 1315/1315/1315 1321/1321/1321 1330/1330/1330
f 1331/1331/1331 1330/1330/1330 1321/1321/1321
f 1332/1332/1332 1327/1327/1327 1326/1326/1326
f 1335/1335/1335 1334/1334/1334 1333/1333/1333
f 1336/1336/1336 1334/1334/1334 1335/1335/1335
f 1338/1338/1338 1337/1337/1337 1319/1319/1319
f 1318/1318/1318 1319/1319/1319 1337/1337/1337
f 1339/1339/1339 1330/1330/1330 1331/1331/1331
f 1330/1330/1330 1341/1341/1341 1340/1340/1340
f 1341/1341/1341 1330/1330/1330 1339/1339/1339
f 1324/1324/1324 1325/1325/1325 1342/1342/1342
f 1343/1343/1343 1342/1342/1342 1325/1325/1325
f 1327/1327/1327 1332/1332/1332 1344/1344/1344
f 1345/1345/1345 1329/1329/1329 1328/1328/1328
f 1329/1329/1329 1345/1345/1345 1346/1346/1346
f 1334/1334/1334 1336/1336/1336 1347/1347/1347
f 1348/1348/1348 1347/1347/1347 1336/1336/1336
f 1349/1349/1349 1327/1327/1327 1344/1344/1344
f 1350/1350/1350 1346/1346/1346 1345/1345/1345
f 1346/1346/1346 1350/1350/1350 1351/1351/1351
f 1353/1353/1353 1352/1352/1352 1338/1338/1338
f 1337/1337/1337 1338/1338/1338 1352/1352/1352
f 1354/1354/1354 1340/1340/1340 1341/1341/1341
f 1355/1355/1355 1347/1347/1347 1348/1348/1348
f 1333/1333/1333 1357/1357/1357 1356/1356/1356
f 1357/1357/1357 1333/1333/1333 1334/1334/1334
f 1358/1358/1358 1351/1351/1351 1350/1350/1350
f 1351/1351/1351 1358/1358/1358 1359/1359/1359
f 1361/1361/1361 1360/1360/1360 1353/1353/1353
f 1352/1352/1352 1353/1353/1353 1360/1360/1360
f 1340/1340/1340 1354/1354/1354 1362/1362/1362
f 1363/1363/1363 1340/1340/1340 1362/1362/1362
f 1364/1364/1364 1349/1349/1349 1344/1344/1344
f 1362/1362/1362 1365/1365/1365 1363/1363/1363
f 1366/1366/1366 1323/1323/1323 1322/1322/1322
f 1365/1365/1365 1362/1362/1362 1367/1367/1367
f 1369/1369/1369 1368/1368/1368 1361/1361/1361
f 1359/1359/1359 1370/1370/1370 1369/1369/1369
f 1370/1370/1370 1359/1359/1359 1358/1358/1358
f 1323/1323/1323 1366/1366/1366 1371/1371/1371
f 1360/1360/1360 1361/1361/1361 1368/1368/1368
f 1368/1368/1368 1369/1369/1369 1370/1370/1370
f 1342/1342/1342 1343/1343/1343 1372/1372/1372
f 1373/1373/1373 1372/1372/1372 1343/1343/1343
f 1347/1347/1347 1355/1355/1355 1374/1374/1374
f 1375/1375/1375 1374/1374/1374 1355/1355/1355
f 1349/1349/1349 1364/1364/1364 1376/1376/1376
f 1377/1377/1377 1371/1371/1371 1366/1366/1366
f 1371/1371/1371 1377/1377/1377 1378/1378/1378
f 1379/1379/1379 1376/1376/1376 1364/1364/1364
f 1380/1380/1380 1367/1367/1367 1362/1362/1362
f 1381/1381/1381 1367/1367/1367 1380/1380/1380
f 1372/1372/1372 1373/1373/1373 1382/1382/1382
f 1383/1383/1383 1382/1382/1382 1373/1373/1373
f 1356/1356/1356 1385/1385/1385 1384/1384/1384
f 1385/1385/1385 1356/1356/1356 1357/1357/1357
f 1378/1378/1378 1387/1387/1387 1386/1386/1386
f 1387/1387/1387 1378/1378/1378 1377/1377/1377
f 1381/1381/1381 1380/1380/1380 1388/1388/1388
f 1389/1389/1389 1386/1386/1386 1387/1387/1387
f 1382/1382/1382 1383/1383/1383 1390/1390/1390
f 1391/1391/1391 1390/1390/1390 1383/1383/1383
f 1393/1393/1393 1392/1392/1392 1379/1379/1379
f 1376/1376/1376 1379/1379/1379 1392/1392/1392
f 1386/1386/1386 1389/1389/1389 1394/1394/1394
f 1395/1395/1395 1388/1388/1388 1380/1380/1380
f 1388/1388/1388 1395/1395/1395 1396/1396/1396
f 1396/1396/1396 1397/1397/1397 1393/1393/1393
f 1392/1392/1392 1393/1393/1393 1397/1397/1397
f 1374/1374/1374 1375/1375/1375 1398/1398/1398
f 1399/1399/1399 1398/1398/1398 1375/1375/1375
f 1397/1397/1397 1396/1396/1396 1395/1395/1395
f 1400/1400/1400 1394/1394/1394 1389/1389/1389
f 1390/1390/1390 1391/1391/1391 1401/1401/1401
f 1402/1402/1402 1401/1401/1401 1391/1391/1391
f 1401/1401/1401 1402/1402/1402 1403/1403/1403
f 1404/1404/1404 1403/1403/1403 1402/1402/1402
f 1406/1406/1406 1405/1405/1405 1400/1400/1400
f 1394/1394/1394 1400/1400/1400 1405/1405/1405
f 1403/1403/1403 1404/1404/1404 1407/1407/1407
f 1408/1408/1408 1407/1407/1407 1404/1404/1404
f 1408/1408/1408 1409/1409/1409 1407/1407/1407
f 1398/1398/1398 1399/1399/1399 1410/1410/1410
f 1411/1411/1411 1410/1410/1410 1399/1399/1399
f 1412/1412/1412 1384/1384/1384 1385/1385/1385
f 1384/1384/1384 1412/1412/1412 1413/1413/1413
f 1409/1409/1409 1408/1408/1408 1414/1414/1414
f 1415/1415/1415 1414/1414/1414 1408/1408/1408
f 1417/1417/1417 1416/1416/1416 1406/1406/1406
f 1405/1405/1405 1406/1406/1406 1416/1416/1416
f 1414/1414/1414 1415/1415/1415 1418/1418/1418
f 1419/1419/1419 1418/1418/1418 1415/1415/1415
f 1421/1421/1421 1420/1420/1420 1417/1417/1417
f 1416/1416/1416 1417/1417/1417 1420/1420/1420
f 1418/1418/1418 1419/1419/1419 1422/1422/1422
f 1423/1423/1423 1422/1422/1422 1419/1419/1419
f 1425/1425/1425 1424/1424/1424 1421/1421/1421
f 1420/1420/1420 1421/1421/1421 1424/1424/1424
f 1426/1426/1426 1413/1413/1413 1412/1412/1412
f 1413/1413/1413 1426/1426/1426 1427/1427/1427
f 1425/1425/1425 1428/1428/1428 1424/1424/1424
f 1422/1422/1422 1423/1423/1423 1429/1429/1429
f 1430/1430/1430 1429/1429/1429 1423/1423/1423
f 1428/1428/1428 1432/1432/1432 1431/1431/1431
f 1429/1429/1429 1430/1430/1430 1433/1433/1433
f 1424/1424/1424 1428/1428/1428 1434/1434/1434
f 1410/1410/1410 1411/1411/1411 1435/1435/1435
f 1436/1436/1436 1433/1433/1433 1430/1430/1430
f 1433/1433/1433 1436/1436/1436 1437/1437/1437
f 1438/1438/1438 1435/1435/1435 1411/1411/1411
f 1439/1439/1439 1437/1437/1437 1436/1436/1436
f 1437/1437/1437 1439/1439/1439 1440/1440/1440
f 1443/1443/1443 1442/1442/1442 1441/1441/1441
f 1444/1444/1444 1440/1440/1440 1439/1439/1439
f 1427/1427/1427 1426/1426/1426 1445/1445/1445
f 1446/1446/1446 1445/1445/1445 1426/1426/1426
f 1447/1447/1447 1428/1428/1428 1431/1431/1431
f 1428/1428/1428 1447/1447/1447 1434/1434/1434
f 1440/1440/1440 1444/1444/1444 1448/1448/1448
f 1449/1449/1449 1441/1441/1441 1442/1442/1442
f 1449/1449/1449 1450/1450/1450 1441/1441/1441
f 1453/1453/1453 1452/1452/1452 1451/1451/1451
f 1454/1454/1454 1447/1447/1447 1431/1431/1431
f 1450/1450/1450 1449/1449/1449 1452/1452/1452
f 1453/1453/1453 1451/1451/1451 1455/1455/1455
f 1455/1455/1455 1451/1451/1451 1456/1456/1456
f 1457/1457/1457 1448/1448/1448 1444/1444/1444
f 1458/1458/1458 1452/1452/1452 1449/1449/1449
f 1451/1451/1451 1452/1452/1452 1458/1458/1458
f 1435/1435/1435 1438/1438/1438 1459/1459/1459
f 1461/1461/1461 1460/1460/1460 1446/1446/1446
f 1445/1445/1445 1446/1446/1446 1460/1460/1460
f 1448/1448/1448 1457/1457/1457 1462/1462/1462
f 1465/1465/1465 1464/1464/1464 1463/1463/1463
f 1464/1464/1464 1465/1465/1465 1466/1466/1466
f 1467/1467/1467 1466/1466/1466 1465/1465/1465
f 1468/1468/1468 1451/1451/1451 1458/1458/1458
f 1451/1451/1451 1468/1468/1468 1469/1469/1469
f 1463/1463/1463 1471/1471/1471 1470/1470/1470
f 1471/1471/1471 1463/1463/1463 1464/1464/1464
f 1466/1466/1466 1467/1467/1467 1472/1472/1472
f 1473/1473/1473 1472/1472/1472 1467/1467/1467
f 1451/1451/1451 1469/1469/1469 1474/1474/1474
f 1470/1470/1470 1476/1476/1476 1475/1475/1475
f 1476/1476/1476 1470/1470/1470 1471/1471/1471
f 1477/1477/1477 1459/1459/1459 1438/1438/1438
f 1459/1459/1459 1477/1477/1477 1478/1478/1478
f 1472/1472/1472 1473/1473/1473 1479/1479/1479
f 1480/1480/1480 1479/1479/1479 1473/1473/1473
f 1475/1475/1475 1482/1482/1482 1481/1481/1481
f 1482/1482/1482 1475/1475/1475 1476/1476/1476
f 1484/1484/1484 1483/1483/1483 1454/1454/1454
f 1447/1447/1447 1454/1454/1454 1483/1483/1483
f 1485/1485/1485 1478/1478/1478 1477/1477/1477
f 1478/1478/1478 1485/1485/1485 1486/1486/1486
f 1487/1487/1487 1462/1462/1462 1457/1457/1457
f 1489/1489/1489 1488/1488/1488 1461/1461/1461
f 1460/1460/1460 1461/1461/1461 1488/1488/1488
f 1479/1479/1479 1480/1480/1480 1490/1490/1490
f 1491/1491/1491 1490/1490/1490 1480/1480/1480
f 1481/1481/1481 1493/1493/1493 1492/1492/1492
f 1493/1493/1493 1481/1481/1481 1482/1482/1482
f 1462/1462/1462 1487/1487/1487 1469/1469/1469
f 1496/1496/1496 1495/1495/1495 1494/1494/1494
f 1498/1498/1498 1497/1497/1497 1496/1496/1496
f 1494/1494/1494 1500/1500/1500 1499/1499/1499
f 1500/1500/1500 1494/1494/1494 1495/1495/1495
f 1495/1495/1495 1496/1496/1496 1497/1497/1497
f 1502/1502/1502 1501/1501/1501 1498/1498/1498
f 1499/1499/1499 1504/1504/1504 1503/1503/1503
f 1504/1504/1504 1499/1499/1499 1500/1500/1500
f 1497/1497/1497 1498/1498/1498 1501/1501/1501
f 1505/1505/1505 1501/1501/1501 1502/1502/1502
f 1503/1503/1503 1507/1507/1507 1506/1506/1506
f 1507/1507/1507 1503/1503/1503 1504/1504/1504
f 1501/1501/1501 1505/1505/1505 1508/1508/1508
f 1509/1509/1509 1508/1508/1508 1505/1505/1505
f 1492/1492/1492 1511/1511/1511 1510/1510/1510
f 1511/1511/1511 1492/1492/1492 1493/1493/1493
f 1512/1512/1512 1490/1490/1490 1491/1491/1491
f 1514/1514/1514 1513/1513/1513 1484/1484/1484
f 1483/1483/1483 1484/1484/1484 1513/1513/1513
f 1506/1506/1506 1516/1516/1516 1515/1515/1515
f 1516/1516/1516 1506/1506/1506 1507/1507/1507
f 1517/1517/1517 1486/1486/1486 1485/1485/1485
f 1486/1486/1486 1517/1517/1517 1518/1518/1518
f 1508/1508/1508 1509/1509/1509 1519/1519/1519
f 1520/1520/1520 1519/1519/1519 1509/1509/1509
f 1521/1521/1521 1469/1469/1469 1487/1487/1487
f 1515/1515/1515 1523/1523/1523 1522/1522/1522
f 1523/1523/1523 1515/1515/1515 1516/1516/1516
f 1510/1510/1510 1525/1525/1525 1524/1524/1524
f 1525/1525/1525 1510/1510/1510 1511/1511/1511
f 1474/1474/1474 1469/1469/1469 1526/1526/1526
f 1526/1526/1526 1469/1469/1469 1521/1521/1521
f 1513/1513/1513 1514/1514/1514 1527/1527/1527
f 1490/1490/1490 1512/1512/1512 1528/1528/1528
f 1529/1529/1529 1528/1528/1528 1512/1512/1512
f 1531/1531/1531 1474/1474/1474 1530/1530/1530
f 1514/1514/1514 1474/1474/1474 1531/1531/1531
f 1530/1530/1530 1474/1474/1474 1526/1526/1526
f 1533/1533/1533 1532/1532/1532 1489/1489/1489
f 1488/1488/1488 1489/1489/1489 1532/1532/1532
f 1522/1522/1522 1535/1535/1535 1534/1534/1534
f 1535/1535/1535 1522/1522/1522 1523/1523/1523
f 1527/1527/1527 1514/1514/1514 1536/1536/1536
f 1539/1539/1539 1538/1538/1538 1537/1537/1537
f 1538/1538/1538 1539/1539/1539 1540/1540/1540
f 1541/1541/1541 1540/1540/1540 1539/1539/1539
f 1540/1540/1540 1541/1541/1541 1542/1542/1542
f 1543/1543/1543 1542/1542/1542 1541/1541/1541
f 1542/1542/1542 1543/1543/1543 1544/1544/1544
f 1545/1545/1545 1544/1544/1544 1543/1543/1543
f 1544/1544/1544 1545/1545/1545 1546/1546/1546
f 1547/1547/1547 1546/1546/1546 1545/1545/1545
f 1546/1546/1546 1547/1547/1547 1548/1548/1548
f 1549/1549/1549 1548/1548/1548 1547/1547/1547
f 1548/1548/1548 1549/1549/1549 1550/1550/1550
f 1551/1551/1551 1550/1550/1550 1549/1549/1549
f 1550/1550/1550 1551/1551/1551 1552/1552/1552
f 1553/1553/1553 1552/1552/1552 1551/1551/1551
f 1552/1552/1552 1555/1555/1555 1554/1554/1554
f 1556/1556/1556 1554/1554/1554 1555/1555/1555
f 1554/1554/1554 1556/1556/1556 1557/1557/1557
f 1558/1558/1558 1557/1557/1557 1556/1556/1556
f 1557/1557/1557 1558/1558/1558 1559/1559/1559
f 1560/1560/1560 1559/1559/1559 1558/1558/1558
f 1559/1559/1559 1560/1560/1560 1561/1561/1561
f 1562/1562/1562 1561/1561/1561 1560/1560/1560
f 1561/1561/1561 1564/1564/1564 1563/1563/1563
f 1565/1565/1565 1563/1563/1563 1564/1564/1564
f 1563/1563/1563 1567/1567/1567 1566/1566/1566
f 1568/1568/1568 1566/1566/1566 1567/1567/1567
f 1566/1566/1566 1568/1568/1568 1569/1569/1569
f 1570/1570/1570 1569/1569/1569 1568/1568/1568
f 1569/1569/1569 1570/1570/1570 1571/1571/1571
f 1572/1572/1572 1571/1571/1571 1570/1570/1570
f 1571/1571/1571 1572/1572/1572 1573/1573/1573
f 1574/1574/1574 1573/1573/1573 1572/1572/1572
f 1573/1573/1573 1574/1574/1574 1575/1575/1575
f 1576/1576/1576 1575/1575/1575 1574/1574/1574
f 1575/1575/1575 1576/1576/1576 1577/1577/1577
f 1578/1578/1578 1577/1577/1577 1576/1576/1576
f 1577/1577/1577 1578/1578/1578 1579/1579/1579
f 1580/1580/1580 1579/1579/1579 1578/1578/1578
f 1579/1579/1579 1580/1580/1580 1581/1581/1581
f 1582/1582/1582 1581/1581/1581 1580/1580/1580
f 1581/1581/1581 1582/1582/1582 1583/1583/1583
f 1584/1584/1584 1583/1583/1583 1582/1582/1582
f 1583/1583/1583 1584/1584/1584 1585/1585/1585
f 1586/1586/1586 1585/1585/1585 1584/1584/1584
f 1585/1585/1585 1586/1586/1586 1587/1587/1587
f 1588/1588/1588 1587/1587/1587 1586/1586/1586
f 1587/1587/1587 1588/1588/1588 1589/1589/1589
f 1590/1590/1590 1589/1589/1589 1588/1588/1588
f 1589/1589/1589 1590/1590/1590 1591/1591/1591
f 1592/1592/1592 1591/1591/1591 1590/1590/1590
f 1591/1591/1591 1592/1592/1592 1593/1593/1593
f 1594/1594/1594 1593/1593/1593 1592/1592/1592
f 1593/1593/1593 1594/1594/1594 1595/1595/1595
f 1596/1596/1596 1595/1595/1595 1594/1594/1594
f 1595/1595/1595 1596/1596/1596 1597/1597/1597
f 1598/1598/1598 1597/1597/1597 1596/1596/1596
f 1555/1555/1555 1552/1552/1552 1553/1553/1553
f 1564/1564/1564 1561/1561/1561 1562/1562/1562
f 1567/1567/1567 1563/1563/1563 1565/1565/1565
f 1601/1601/1601 1600/1600/1600 1599/1599/1599
f 1602/1602/1602 1600/1600/1600 1601/1601/1601
f 1603/1603/1603 1602/1602/1602 1601/1601/1601
f 1604/1604/1604 1602/1602/1602 1603/1603/1603
f 1601/1601/1601 1605/1605/1605 1603/1603/1603
f 1606/1606/1606 1605/1605/1605 1601/1601/1601
f 1606/1606/1606 1601/1601/1601 1607/1607/1607
f 1608/1608/1608 1607/1607/1607 1601/1601/1601
f 1607/1607/1607 1608/1608/1608 1609/1609/1609
f 1537/1537/1537 1609/1609/1609 1608/1608/1608
f 1609/1609/1609 1537/1537/1537 1538/1538/1538
f 1597/1597/1597 1598/1598/1598 1610/1610/1610
f 1611/1611/1611 1610/1610/1610 1598/1598/1598
f 1610/1610/1610 1611/1611/1611 1612/1612/1612
f 1613/1613/1613 1612/1612/1612 1611/1611/1611
f 1612/1612/1612 1613/1613/1613 1614/1614/1614
f 1615/1615/1615 1614/1614/1614 1613/1613/1613
f 1614/1614/1614 1615/1615/1615 1616/1616/1616
f 1617/1617/1617 1616/1616/1616 1615/1615/1615
f 1616/1616/1616 1617/1617/1617 1618/1618/1618
f 1619/1619/1619 1618/1618/1618 1617/1617/1617
f 1620/1620/1620 1618/1618/1618 1619/1619/1619
f 1621/1621/1621 1618/1618/1618 1620/1620/1620
f 1623/1623/1623 1621/1621/1621 1622/1622/1622
f 1624/1624/1624 1621/1621/1621 1620/1620/1620
f 1622/1622/1622 1621/1621/1621 1624/1624/1624
f 1624/1624/1624 1620/1620/1620 1625/1625/1625
f 1625/1625/1625 1620/1620/1620 1626/1626/1626
f 1629/1629/1629 1628/1628/1628 1627/1627/1627
f 1599/1599/1599 1628/1628/1628 1629/1629/1629
f 1599/1599/1599 1600/1600/1600 1628/1628/1628
f 1603/1603/1603 1630/1630/1630 1604/1604/1604
f 1633/1633/1633 1632/1632/1632 1631/1631/1631
f 1634/1634/1634 1631/1631/1631 1632/1632/1632
f 1631/1631/1631 1634/1634/1634 1628/1628/1628
f 1635/1635/1635 1628/1628/1628 1634/1634/1634
f 1636/1636/1636 1626/1626/1626 1620/1620/1620
f 1626/1626/1626 1636/1636/1636 1637/1637/1637
f 1638/1638/1638 1637/1637/1637 1636/1636/1636
f 1637/1637/1637 1638/1638/1638 1639/1639/1639
f 1640/1640/1640 1639/1639/1639 1638/1638/1638
f 1639/1639/1639 1640/1640/1640 1641/1641/1641
f 1642/1642/1642 1641/1641/1641 1640/1640/1640
f 1641/1641/1641 1642/1642/1642 1643/1643/1643
f 1644/1644/1644 1643/1643/1643 1642/1642/1642
f 1643/1643/1643 1644/1644/1644 1633/1633/1633
f 1632/1632/1632 1633/1633/1633 1644/1644/1644
f 1627/1627/1627 1628/1628/1628 1635/1635/1635
f 1645/1645/1645 1514/1514/1514 1531/1531/1531
f 1536/1536/1536 1514/1514/1514 1645/1645/1645
f 1524/1524/1524 1647/1647/1647 1646/1646/1646
f 1647/1647/1647 1524/1524/1524 1525/1525/1525
f 1648/1648/1648 1534/1534/1534 1535/1535/1535
f 1649/1649/1649 1518/1518/1518 1517/1517/1517
f 1534/1534/1534 1648/1648/1648 1650/1650/1650
f 1528/1528/1528 1529/1529/1529 1651/1651/1651
f 1519/1519/1519 1520/1520/1520 1652/1652/1652
f 1653/1653/1653 1652/1652/1652 1520/1520/1520
f 1654/1654/1654 1650/1650/1650 1648/1648/1648
f 1518/1518/1518 1649/1649/1649 1655/1655/1655
f 1656/1656/1656 1651/1651/1651 1529/1529/1529
f 1657/1657/1657 1646/1646/1646 1647/1647/1647
f 1659/1659/1659 1658/1658/1658 1654/1654/1654
f 1650/1650/1650 1654/1654/1654 1658/1658/1658
f 1646/1646/1646 1657/1657/1657 1660/1660/1660
f 1661/1661/1661 1660/1660/1660 1657/1657/1657
f 1663/1663/1663 1662/1662/1662 1659/1659/1659
f 1658/1658/1658 1659/1659/1659 1662/1662/1662
f 1665/1665/1665 1664/1664/1664 1533/1533/1533
f 1532/1532/1532 1533/1533/1533 1664/1664/1664
f 1652/1652/1652 1653/1653/1653 1666/1666/1666
f 1668/1668/1668 1667/1667/1667 1661/1661/1661
f 1660/1660/1660 1661/1661/1661 1667/1667/1667
f 1651/1651/1651 1656/1656/1656 1669/1669/1669
f 1670/1670/1670 1655/1655/1655 1649/1649/1649
f 1672/1672/1672 1671/1671/1671 1663/1663/1663
f 1662/1662/1662 1663/1663/1663 1671/1671/1671
f 1673/1673/1673 1666/1666/1666 1653/1653/1653
f 1666/1666/1666 1673/1673/1673 1674/1674/1674
f 1655/1655/1655 1670/1670/1670 1675/1675/1675
f 1667/1667/1667 1668/1668/1668 1676/1676/1676
f 1678/1678/1678 1677/1677/1677 1672/1672/1672
f 1671/1671/1671 1672/1672/1672 1677/1677/1677
f 1680/1680/1680 1679/1679/1679 1668/1668/1668
f 1676/1676/1676 1668/1668/1668 1679/1679/1679
f 1681/1681/1681 1669/1669/1669 1656/1656/1656
f 1683/1683/1683 1682/1682/1682 1665/1665/1665
f 1664/1664/1664 1665/1665/1665 1682/1682/1682
f 1677/1677/1677 1678/1678/1678 1684/1684/1684
f 1685/1685/1685 1674/1674/1674 1673/1673/1673
f 1674/1674/1674 1685/1685/1685 1686/1686/1686
f 1687/1687/1687 1684/1684/1684 1678/1678/1678
f 1689/1689/1689 1688/1688/1688 1680/1680/1680
f 1679/1679/1679 1680/1680/1680 1688/1688/1688
f 1688/1688/1688 1689/1689/1689 1690/1690/1690
f 1691/1691/1691 1686/1686/1686 1685/1685/1685
f 1686/1686/1686 1691/1691/1691 1692/1692/1692
f 1684/1684/1684 1687/1687/1687 1693/1693/1693
f 1695/1695/1695 1694/1694/1694 1683/1683/1683
f 1682/1682/1682 1683/1683/1683 1694/1694/1694
f 1696/1696/1696 1675/1675/1675 1670/1670/1670
f 1684/1684/1684 1693/1693/1693 1697/1697/1697
f 1698/1698/1698 1675/1675/1675 1696/1696/1696
f 1669/1669/1669 1681/1681/1681 1699/1699/1699
f 1700/1700/1700 1692/1692/1692 1691/1691/1691
f 1692/1692/1692 1700/1700/1700 1701/1701/1701
f 1688/1688/1688 1690/1690/1690 1702/1702/1702
f 1703/1703/1703 1702/1702/1702 1690/1690/1690
f 1675/1675/1675 1704/1704/1704 1695/1695/1695
f 1704/1704/1704 1675/1675/1675 1698/1698/1698
f 1694/1694/1694 1695/1695/1695 1705/1705/1705
f 1697/1697/1697 1693/1693/1693 1706/1706/1706
f 1707/1707/1707 1701/1701/1701 1700/1700/1700
f 1701/1701/1701 1707/1707/1707 1708/1708/1708
f 1709/1709/1709 1695/1695/1695 1704/1704/1704
f 1711/1711/1711 1710/1710/1710 1693/1693/1693
f 1712/1712/1712 1708/1708/1708 1707/1707/1707
f 1708/1708/1708 1712/1712/1712 1711/1711/1711
f 1713/1713/1713 1693/1693/1693 1710/1710/1710
f 1706/1706/1706 1693/1693/1693 1713/1713/1713
f 1710/1710/1710 1711/1711/1711 1712/1712/1712
f 1714/1714/1714 1695/1695/1695 1709/1709/1709
f 1705/1705/1705 1695/1695/1695 1714/1714/1714
f 1702/1702/1702 1703/1703/1703 1715/1715/1715
f 1716/1716/1716 1715/1715/1715 1703/1703/1703
f 1717/1717/1717 1699/1699/1699 1681/1681/1681
f 1699/1699/1699 1717/1717/1717 1718/1718/1718
f 1719/1719/1719 1718/1718/1718 1717/1717/1717
f 1718/1718/1718 1719/1719/1719 1720/1720/1720
f 1715/1715/1715 1716/1716/1716 1721/1721/1721
f 1722/1722/1722 1721/1721/1721 1716/1716/1716
f 1723/1723/1723 1720/1720/1720 1719/1719/1719
f 1720/1720/1720 1723/1723/1723 1724/1724/1724
f 1725/1725/1725 1724/1724/1724 1723/1723/1723
f 1724/1724/1724 1725/1725/1725 1722/1722/1722
f 1726/1726/1726 1722/1722/1722 1725/1725/1725
f 1727/1727/1727 1722/1722/1722 1726/1726/1726
f 1721/1721/1721 1722/1722/1722 1727/1727/1727
g object_merge1_1
f 1730/1730/1730 1729/1729/1729 1728/1728/1728
f 1732/1732/1732 1731/1731/1731 1730/1730/1730
f 1733/1733/1733 1731/1731/1731 1732/1732/1732
f 1729/1729/1729 1730/1730/1730 1731/1731/1731
f 1734/1734/1734 1731/1731/1731 1733/1733/1733
f 1731/1731/1731 1734/1734/1734 1735/1735/1735
f 1736/1736/1736 1735/1735/1735 1734/1734/1734
f 1737/1737/1737 1728/1728/1728 1729/1729/1729
f 1728/1728/1728 1737/1737/1737 1738/1738/1738
f 1735/1735/1735 1736/1736/1736 1739/1739/1739
f 1740/1740/1740 1739/1739/1739 1736/1736/1736
f 1738/1738/1738 1737/1737/1737 1741/1741/1741
f 1739/1739/1739 1740/1740/1740 1742/1742/1742
f 1743/1743/1743 1742/1742/1742 1740/1740/1740
f 1742/1742/1742 1743/1743/1743 1744/1744/1744
f 1745/1745/1745 1744/1744/1744 1743/1743/1743
f 1746/1746/1746 1741/1741/1741 1737/1737/1737
f 1741/1741/1741 1746/1746/1746 1747/1747/1747
f 1744/1744/1744 1745/1745/1745 1748/1748/1748
f 1749/1749/1749 1748/1748/1748 1745/1745/1745
f 1748/1748/1748 1749/1749/1749 1750/1750/1750
f 1751/1751/1751 1750/1750/1750 1749/1749/1749
f 1752/1752/1752 1747/1747/1747 1746/1746/1746
f 1747/1747/1747 1752/1752/1752 1753/1753/1753
f 1753/1753/1753 1755/1755/1755 1754/1754/1754
f 1755/1755/1755 1753/1753/1753 1752/1752/1752
f 1750/1750/1750 1751/1751/1751 1756/1756/1756
f 1757/1757/1757 1756/1756/1756 1751/1751/1751
f 1754/1754/1754 1759/1759/1759 1758/1758/1758
f 1759/1759/1759 1754/1754/1754 1755/1755/1755
f 1758/1758/1758 1761/1761/1761 1760/1760/1760
f 1761/1761/1761 1758/1758/1758 1759/1759/1759
f 1756/1756/1756 1757/1757/1757 1762/1762/1762
f 1763/1763/1763 1762/1762/1762 1757/1757/1757
f 1760/1760/1760 1765/1765/1765 1764/1764/1764
f 1765/1765/1765 1760/1760/1760 1761/1761/1761
f 1764/1764/1764 1767/1767/1767 1766/1766/1766
f 1767/1767/1767 1764/1764/1764 1765/1765/1765
f 1766/1766/1766 1769/1769/1769 1768/1768/1768
f 1769/1769/1769 1766/1766/1766 1767/1767/1767
f 1768/1768/1768 1771/1771/1771 1770/1770/1770
f 1771/1771/1771 1768/1768/1768 1769/1769/1769
f 1770/1770/1770 1773/1773/1773 1772/1772/1772
f 1773/1773/1773 1770/1770/1770 1771/1771/1771
f 1762/1762/1762 1763/1763/1763 1774/1774/1774
f 1775/1775/1775 1774/1774/1774 1763/1763/1763
f 1772/1772/1772 1777/1777/1777 1776/1776/1776
f 1777/1777/1777 1772/1772/1772 1773/1773/1773
f 1776/1776/1776 1779/1779/1779 1778/1778/1778
f 1779/1779/1779 1776/1776/1776 1777/1777/1777
f 1778/1778/1778 1781/1781/1781 1780/1780/1780
f 1781/1781/1781 1778/1778/1778 1779/1779/1779
f 1780/1780/1780 1783/1783/1783 1782/1782/1782
f 1783/1783/1783 1780/1780/1780 1781/1781/1781
f 1782/1782/1782 1785/1785/1785 1784/1784/1784
f 1785/1785/1785 1782/1782/1782 1783/1783/1783
f 1784/1784/1784 1787/1787/1787 1786/1786/1786
f 1787/1787/1787 1784/1784/1784 1785/1785/1785
f 1786/1786/1786 1789/1789/1789 1788/1788/1788
f 1789/1789/1789 1786/1786/1786 1787/1787/1787
f 1774/1774/1774 1775/1775/1775 1790/1790/1790
f 1791/1791/1791 1790/1790/1790 1775/1775/1775
f 1788/1788/1788 1793/1793/1793 1792/1792/1792
f 1793/1793/1793 1788/1788/1788 1789/1789/1789
f 1792/1792/1792 1795/1795/1795 1794/1794/1794
f 1795/1795/1795 1792/1792/1792 1793/1793/1793
f 1794/1794/1794 1797/1797/1797 1796/1796/1796
f 1797/1797/1797 1794/1794/1794 1795/1795/1795
f 1796/1796/1796 1799/1799/1799 1798/1798/1798
f 1799/1799/1799 1796/1796/1796 1797/1797/1797
f 1800/1800/1800 1798/1798/1798 1799/1799/1799
f 1798/1798/1798 1802/1802/1802 1801/1801/1801
f 1798/1798/1798 1800/1800/1800 1802/1802/1802
f 1801/1801/1801 1804/1804/1804 1803/1803/1803
f 1804/1804/1804 1801/1801/1801 1802/1802/1802
f 1790/1790/1790 1791/1791/1791 1805/1805/1805
f 1806/1806/1806 1805/1805/1805 1791/1791/1791
f 1803/1803/1803 1808/1808/1808 1807/1807/1807
f 1808/1808/1808 1803/1803/1803 1804/1804/1804
f 1809/1809/1809 1807/1807/1807 1808/1808/1808
f 1807/1807/1807 1809/1809/1809 1810/1810/1810
f 1810/1810/1810 1809/1809/1809 1811/1811/1811
f 1812/1812/1812 1811/1811/1811 1809/1809/1809
f 1811/1811/1811 1812/1812/1812 1813/1813/1813
f 1805/1805/1805 1806/1806/1806 1814/1814/1814
f 1813/1813/1813 1816/1816/1816 1815/1815/1815
f 1813/1813/1813 1812/1812/1812 1816/1816/1816
f 1817/1817/1817 1814/1814/1814 1806/1806/1806
f 1815/1815/1815 1819/1819/1819 1818/1818/1818
f 1819/1819/1819 1815/1815/1815 1816/1816/1816
f 1818/1818/1818 1821/1821/1821 1820/1820/1820
f 1821/1821/1821 1818/1818/1818 1819/1819/1819
f 1814/1814/1814 1817/1817/1817 1822/1822/1822
f 1823/1823/1823 1820/1820/1820 1821/1821/1821
f 1820/1820/1820 1823/1823/1823 1824/1824/1824
f 1824/1824/1824 1823/1823/1823 1825/1825/1825
f 1826/1826/1826 1825/1825/1825 1823/1823/1823
f 1825/1825/1825 1828/1828/1828 1827/1827/1827
f 1825/1825/1825 1826/1826/1826 1828/1828/1828
f 1829/1829/1829 1822/1822/1822 1817/1817/1817
f 1827/1827/1827 1831/1831/1831 1830/1830/1830
f 1831/1831/1831 1827/1827/1827 1828/1828/1828
f 1822/1822/1822 1829/1829/1829 1832/1832/1832
f 1830/1830/1830 1834/1834/1834 1833/1833/1833
f 1834/1834/1834 1830/1830/1830 1831/1831/1831
f 1835/1835/1835 1832/1832/1832 1829/1829/1829
f 1832/1832/1832 1835/1835/1835 1836/1836/1836
f 1837/1837/1837 1833/1833/1833 1834/1834/1834
f 1833/1833/1833 1839/1839/1839 1838/1838/1838
f 1833/1833/1833 1837/1837/1837 1839/1839/1839
f 1840/1840/1840 1836/1836/1836 1835/1835/1835
f 1836/1836/1836 1840/1840/1840 1841/1841/1841
f 1838/1838/1838 1843/1843/1843 1842/1842/1842
f 1838/1838/1838 1839/1839/1839 1843/1843/1843
f 1842/1842/1842 1845/1845/1845 1844/1844/1844
f 1845/1845/1845 1842/1842/1842 1843/1843/1843
f 1846/1846/1846 1841/1841/1841 1840/1840/1840
f 1841/1841/1841 1846/1846/1846 1847/1847/1847
f 1844/1844/1844 1849/1849/1849 1848/1848/1848
f 1849/1849/1849 1844/1844/1844 1845/1845/1845
f 1848/1848/1848 1851/1851/1851 1850/1850/1850
f 1851/1851/1851 1848/1848/1848 1849/1849/1849
f 1852/1852/1852 1847/1847/1847 1846/1846/1846
f 1852/1852/1852 1853/1853/1853 1847/1847/1847
f 1853/1853/1853 1852/1852/1852 1854/1854/1854
f 1855/1855/1855 1854/1854/1854 1852/1852/1852
f 1855/1855/1855 1856/1856/1856 1854/1854/1854
f 1856/1856/1856 1855/1855/1855 1857/1857/1857
f 1858/1858/1858 1850/1850/1850 1851/1851/1851
f 1850/1850/1850 1858/1858/1858 1859/1859/1859
f 1860/1860/1860 1857/1857/1857 1855/1855/1855
f 1857/1857/1857 1860/1860/1860 1861/1861/1861
f 1862/1862/1862 1861/1861/1861 1860/1860/1860
f 1861/1861/1861 1862/1862/1862 1863/1863/1863
f 1864/1864/1864 1859/1859/1859 1858/1858/1858
f 1865/1865/1865 1863/1863/1863 1862/1862/1862
f 1863/1863/1863 1865/1865/1865 1866/1866/1866
f 1859/1859/1859 1864/1864/1864 1867/1867/1867
f 1868/1868/1868 1866/1866/1866 1865/1865/1865
f 1866/1866/1866 1868/1868/1868 1869/1869/1869
f 1870/1870/1870 1867/1867/1867 1864/1864/1864
f 1871/1871/1871 1869/1869/1869 1868/1868/1868
f 1869/1869/1869 1871/1871/1871 1872/1872/1872
f 1874/1874/1874 1873/1873/1873 1870/1870/1870
f 1867/1867/1867 1870/1870/1870 1873/1873/1873
f 1875/1875/1875 1872/1872/1872 1871/1871/1871
f 1872/1872/1872 1875/1875/1875 1876/1876/1876
f 1878/1878/1878 1877/1877/1877 1874/1874/1874
f 1873/1873/1873 1874/1874/1874 1877/1877/1877
f 1880/1880/1880 1879/1879/1879 1878/1878/1878
f 1877/1877/1877 1878/1878/1878 1879/1879/1879
f 1881/1881/1881 1876/1876/1876 1875/1875/1875
f 1876/1876/1876 1881/1881/1881 1882/1882/1882
f 1884/1884/1884 1883/1883/1883 1880/1880/1880
f 1879/1879/1879 1880/1880/1880 1883/1883/1883
f 1882/1882/1882 1886/1886/1886 1885/1885/1885
f 1886/1886/1886 1882/1882/1882 1881/1881/1881
f 1888/1888/1888 1887/1887/1887 1884/1884/1884
f 1883/1883/1883 1884/1884/1884 1887/1887/1887
f 1885/1885/1885 1889/1889/1889 1888/1888/1888
f 1887/1887/1887 1888/1888/1888 1889/1889/1889
f 1889/1889/1889 1885/1885/1885 1886/1886/1886
g object_merge1_2
f 1892/1892/1892 1891/1891/1891 1890/1890/1890
f 1894/1894/1894 1893/1893/1893 1892/1892/1892
f 1890/1890/1890 1896/1896/1896 1895/1895/1895
f 1896/1896/1896 1890/1890/1890 1891/1891/1891
f 1891/1891/1891 1892/1892/1892 1893/1893/1893
f 1895/1895/1895 1898/1898/1898 1897/1897/1897
f 1898/1898/1898 1895/1895/1895 1896/1896/1896
f 1900/1900/1900 1899/1899/1899 1894/1894/1894
f 1893/1893/1893 1894/1894/1894 1899/1899/1899
f 1901/1901/1901 1897/1897/1897 1898/1898/1898
f 1897/1897/1897 1901/1901/1901 1902/1902/1902
f 1904/1904/1904 1903/1903/1903 1900/1900/1900
f 1899/1899/1899 1900/1900/1900 1903/1903/1903
f 1905/1905/1905 1902/1902/1902 1901/1901/1901
f 1902/1902/1902 1905/1905/1905 1906/1906/1906
f 1908/1908/1908 1907/1907/1907 1904/1904/1904
f 1903/1903/1903 1904/1904/1904 1907/1907/1907
f 1909/1909/1909 1906/1906/1906 1905/1905/1905
f 1906/1906/1906 1909/1909/1909 1910/1910/1910
f 1911/1911/1911 1910/1910/1910 1909/1909/1909
f 1910/1910/1910 1911/1911/1911 1912/1912/1912
f 1914/1914/1914 1913/1913/1913 1908/1908/1908
f 1907/1907/1907 1908/1908/1908 1913/1913/1913
f 1915/1915/1915 1912/1912/1912 1911/1911/1911
f 1912/1912/1912 1915/1915/1915 1916/1916/1916
f 1917/1917/1917 1916/1916/1916 1915/1915/1915
f 1916/1916/1916 1917/1917/1917 1918/1918/1918
f 1913/1913/1913 1914/1914/1914 1919/1919/1919
f 1920/1920/1920 1918/1918/1918 1917/1917/1917
f 1918/1918/1918 1920/1920/1920 1921/1921/1921
f 1922/1922/1922 1919/1919/1919 1914/1914/1914
f 1919/1919/1919 1922/1922/1922 1923/1923/1923
f 1924/1924/1924 1921/1921/1921 1920/1920/1920
f 1921/1921/1921 1924/1924/1924 1925/1925/1925
f 1926/1926/1926 1925/1925/1925 1924/1924/1924
f 1925/1925/1925 1926/1926/1926 1927/1927/1927
f 1928/1928/1928 1927/1927/1927 1926/1926/1926
f 1927/1927/1927 1928/1928/1928 1929/1929/1929
f 1930/1930/1930 1929/1929/1929 1928/1928/1928
f 1931/1931/1931 1923/1923/1923 1922/1922/1922
f 1929/1929/1929 1930/1930/1930 1932/1932/1932
f 1933/1933/1933 1932/1932/1932 1930/1930/1930
f 1936/1936/1936 1935/1935/1935 1934/1934/1934
f 1923/1923/1923 1935/1935/1935 1936/1936/1936
f 1931/1931/1931 1935/1935/1935 1923/1923/1923
f 1937/1937/1937 1934/1934/1934 1935/1935/1935
f 1934/1934/1934 1937/1937/1937 1938/1938/1938
f 1938/1938/1938 1937/1937/1937 1939/1939/1939
f 1932/1932/1932 1933/1933/1933 1940/1940/1940
f 1941/1941/1941 1940/1940/1940 1933/1933/1933
f 1942/1942/1942 1939/1939/1939 1937/1937/1937
f 1939/1939/1939 1944/1944/1944 1943/1943/1943
f 1942/1942/1942 1944/1944/1944 1939/1939/1939
f 1943/1943/1943 1944/1944/1944 1945/1945/1945
f 1945/1945/1945 1944/1944/1944 1946/1946/1946
f 1940/1940/1940 1941/1941/1941 1947/1947/1947
f 1948/1948/1948 1947/1947/1947 1941/1941/1941
f 1946/1946/1946 1950/1950/1950 1949/1949/1949
f 1950/1950/1950 1946/1946/1946 1944/1944/1944
f 1951/1951/1951 1949/1949/1949 1950/1950/1950
f 1949/1949/1949 1951/1951/1951 1952/1952/1952
f 1952/1952/1952 1951/1951/1951 1953/1953/1953
f 1947/1947/1947 1948/1948/1948 1954/1954/1954
f 1955/1955/1955 1954/1954/1954 1948/1948/1948
f 1954/1954/1954 1955/1955/1955 1956/1956/1956
f 1957/1957/1957 1956/1956/1956 1955/1955/1955
f 1953/1953/1953 1951/1951/1951 1958/1958/1958
f 1961/1961/1961 1960/1960/1960 1959/1959/1959
f 1961/1961/1961 1959/1959/1959 1962/1962/1962
f 1956/1956/1956 1957/1957/1957 1963/1963/1963
f 1964/1964/1964 1963/1963/1963 1957/1957/1957
f 1967/1967/1967 1966/1966/1966 1965/1965/1965
f 1958/1958/1958 1968/1968/1968 1967/1967/1967
f 1970/1970/1970 1969/1969/1969 1960/1960/1960
f 1969/1969/1969 1970/1970/1970 1971/1971/1971
f 1968/1968/1968 1958/1958/1958 1951/1951/1951
f 1959/1959/1959 1960/1960/1960 1969/1969/1969
f 1972/1972/1972 1962/1962/1962 1959/1959/1959
f 1966/1966/1966 1967/1967/1967 1968/1968/1968
f 1974/1974/1974 1973/1973/1973 1971/1971/1971
f 1969/1969/1969 1971/1971/1971 1973/1973/1973
f 1976/1976/1976 1975/1975/1975 1974/1974/1974
f 1973/1973/1973 1974/1974/1974 1975/1975/1975
f 1965/1965/1965 1977/1977/1977 1959/1959/1959
f 1979/1979/1979 1978/1978/1978 1976/1976/1976
f 1975/1975/1975 1976/1976/1976 1978/1978/1978
f 1980/1980/1980 1977/1977/1977 1965/1965/1965
f 1980/1980/1980 1965/1965/1965 1966/1966/1966
f 1963/1963/1963 1964/1964/1964 1981/1981/1981
f 1982/1982/1982 1981/1981/1981 1964/1964/1964
f 1984/1984/1984 1983/1983/1983 1979/1979/1979
f 1978/1978/1978 1979/1979/1979 1983/1983/1983
f 1983/1983/1983 1984/1984/1984 1985/1985/1985
f 1986/1986/1986 1972/1972/1972 1977/1977/1977
f 1977/1977/1977 1972/1972/1972 1959/1959/1959
f 1988/1988/1988 1987/1987/1987 1985/1985/1985
f 1983/1983/1983 1985/1985/1985 1987/1987/1987
f 1986/1986/1986 1977/1977/1977 1989/1989/1989
f 1991/1991/1991 1990/1990/1990 1988/1988/1988
f 1987/1987/1987 1988/1988/1988 1990/1990/1990
f 1981/1981/1981 1982/1982/1982 1992/1992/1992
f 1993/1993/1993 1992/1992/1992 1982/1982/1982
f 1994/1994/1994 1992/1992/1992 1993/1993/1993
f 1996/1996/1996 1995/1995/1995 1991/1991/1991
f 1990/1990/1990 1991/1991/1991 1995/1995/1995
f 1998/1998/1998 1997/1997/1997 1996/1996/1996
f 1995/1995/1995 1996/1996/1996 1997/1997/1997
f 1992/1992/1992 1994/1994/1994 1999/1999/1999
f 2000/2000/2000 1999/1999/1999 1994/1994/1994
f 1997/1997/1997 1998/1998/1998 2001/2001/2001
f 1997/1997/1997 2001/2001/2001 2002/2002/2002
f 2003/2003/2003 2002/2002/2002 2001/2001/2001
f 2004/2004/2004 1999/1999/1999 2000/2000/2000
f 2002/2002/2002 2003/2003/2003 2005/2005/2005
f 1999/1999/1999 2004/2004/2004 2006/2006/2006
f 2007/2007/2007 2006/2006/2006 2004/2004/2004
f 2008/2008/2008 2005/2005/2005 2003/2003/2003
f 2006/2006/2006 2007/2007/2007 2009/2009/2009
f 2010/2010/2010 2009/2009/2009 2007/2007/2007
f 2009/2009/2009 2010/2010/2010 2011/2011/2011
f 2012/2012/2012 2011/2011/2011 2010/2010/2010
f 2005/2005/2005 2008/2008/2008 2013/2013/2013
f 2008/2008/2008 2014/2014/2014 2013/2013/2013
f 2011/2011/2011 2012/2012/2012 2015/2015/2015
f 2016/2016/2016 2015/2015/2015 2012/2012/2012
f 2018/2018/2018 2017/2017/2017 2016/2016/2016
f 2015/2015/2015 2016/2016/2016 2017/2017/2017
f 2020/2020/2020 2019/2019/2019 2014/2014/2014
f 2019/2019/2019 2013/2013/2013 2014/2014/2014
f 2017/2017/2017 2018/2018/2018 2021/2021/2021
f 2022/2022/2022 2021/2021/2021 2018/2018/2018
f 2024/2024/2024 2023/2023/2023 2020/2020/2020
f 2019/2019/2019 2020/2020/2020 2023/2023/2023
f 2021/2021/2021 2022/2022/2022 2025/2025/2025
f 2025/2025/2025 2027/2027/2027 2026/2026/2026
f 2027/2027/2027 2025/2025/2025 2022/2022/2022
f 2026/2026/2026 2029/2029/2029 2028/2028/2028
f 2029/2029/2029 2026/2026/2026 2027/2027/2027
f 2030/2030/2030 2028/2028/2028 2029/2029/2029
f 2028/2028/2028 2030/2030/2030 2031/2031/2031
f 2032/2032/2032 2031/2031/2031 2030/2030/2030
f 2031/2031/2031 2032/2032/2032 2033/2033/2033
f 2034/2034/2034 2033/2033/2033 2032/2032/2032
f 2033/2033/2033 2034/2034/2034 2035/2035/2035
f 2036/2036/2036 2035/2035/2035 2034/2034/2034
f 2035/2035/2035 2036/2036/2036 2037/2037/2037
f 2023/2023/2023 2024/2024/2024 2038/2038/2038
f 2039/2039/2039 2037/2037/2037 2036/2036/2036
f 2037/2037/2037 2039/2039/2039 2040/2040/2040
f 2041/2041/2041 2040/2040/2040 2039/2039/2039
f 2040/2040/2040 2041/2041/2041 2042/2042/2042
f 2042/2042/2042 2044/2044/2044 2043/2043/2043
f 2038/2038/2038 2024/2024/2024 2045/2045/2045
f 2046/2046/2046 2043/2043/2043 2044/2044/2044
f 2043/2043/2043 2046/2046/2046 2047/2047/2047
f 2044/2044/2044 2042/2042/2042 2041/2041/2041
f 2049/2049/2049 2048/2048/2048 2024/2024/2024
f 2045/2045/2045 2024/2024/2024 2048/2048/2048
f 2050/2050/2050 2047/2047/2047 2046/2046/2046
f 2047/2047/2047 2050/2050/2050 2051/2051/2051
f 2051/2051/2051 2053/2053/2053 2052/2052/2052
f 2055/2055/2055 2054/2054/2054 2049/2049/2049
f 2056/2056/2056 2052/2052/2052 2053/2053/2053
f 2052/2052/2052 2056/2056/2056 2057/2057/2057
f 2059/2059/2059 2058/2058/2058 2055/2055/2055
f 2054/2054/2054 2055/2055/2055 2058/2058/2058
f 2061/2061/2061 2060/2060/2060 2059/2059/2059
f 2058/2058/2058 2059/2059/2059 2060/2060/2060
f 2048/2048/2048 2049/2049/2049 2054/2054/2054
f 2062/2062/2062 2057/2057/2057 2056/2056/2056
f 2057/2057/2057 2062/2062/2062 2063/2063/2063
f 2053/2053/2053 2051/2051/2051 2050/2050/2050
f 2066/2066/2066 2065/2065/2065 2064/2064/2064
f 2069/2069/2069 2068/2068/2068 2067/2067/2067
f 2067/2067/2067 2071/2071/2071 2070/2070/2070
f 2072/2072/2072 2070/2070/2070 2071/2071/2071
f 2070/2070/2070 2072/2072/2072 2061/2061/2061
f 2071/2071/2071 2067/2067/2067 2068/2068/2068
f 2060/2060/2060 2061/2061/2061 2072/2072/2072
f 2073/2073/2073 2064/2064/2064 2065/2065/2065
f 2064/2064/2064 2073/2073/2073 2074/2074/2074
f 2075/2075/2075 2063/2063/2063 2062/2062/2062
f 2063/2063/2063 2075/2075/2075 2076/2076/2076
f 2077/2077/2077 2074/2074/2074 2073/2073/2073
f 2074/2074/2074 2077/2077/2077 2069/2069/2069
f 2079/2079/2079 2078/2078/2078 2066/2066/2066
f 2068/2068/2068 2069/2069/2069 2077/2077/2077
f 2080/2080/2080 2076/2076/2076 2075/2075/2075
f 2076/2076/2076 2080/2080/2080 2079/2079/2079
f 2065/2065/2065 2066/2066/2066 2078/2078/2078
f 2078/2078/2078 2079/2079/2079 2080/2080/2080
f 2083/2083/2083 2082/2082/2082 2081/2081/2081
f 2082/2082/2082 2083/2083/2083 2084/2084/2084
f 2085/2085/2085 2084/2084/2084 2083/2083/2083
f 2086/2086/2086 2084/2084/2084 2085/2085/2085
f 2088/2088/2088 2087/2087/2087 2086/2086/2086
f 2090/2090/2090 2089/2089/2089 2088/2088/2088
f 2091/2091/2091 2088/2088/2088 2089/2089/2089
f 2092/2092/2092 2084/2084/2084 2086/2086/2086
f 2086/2086/2086 2087/2087/2087 2092/2092/2092
f 2091/2091/2091 2087/2087/2087 2088/2088/2088
f 2095/2095/2095 2094/2094/2094 2093/2093/2093
f 2096/2096/2096 2094/2094/2094 2095/2095/2095
f 2081/2081/2081 2098/2098/2098 2097/2097/2097
f 2098/2098/2098 2081/2081/2081 2082/2082/2082
f 2089/2089/2089 2090/2090/2090 2099/2099/2099
f 2100/2100/2100 2099/2099/2099 2090/2090/2090
f 2094/2094/2094 2096/2096/2096 2101/2101/2101
f 2102/2102/2102 2101/2101/2101 2096/2096/2096
f 2101/2101/2101 2102/2102/2102 2103/2103/2103
f 2104/2104/2104 2103/2103/2103 2102/2102/2102
f 2106/2106/2106 2105/2105/2105 2104/2104/2104
f 2107/2107/2107 2105/2105/2105 2106/2106/2106
f 2108/2108/2108 2105/2105/2105 2107/2107/2107
f 2097/2097/2097 2110/2110/2110 2109/2109/2109
f 2110/2110/2110 2097/2097/2097 2098/2098/2098
f 2104/2104/2104 2111/2111/2111 2103/2103/2103
f 2111/2111/2111 2104/2104/2104 2105/2105/2105
f 2099/2099/2099 2100/2100/2100 2112/2112/2112
f 2113/2113/2113 2112/2112/2112 2100/2100/2100
f 2114/2114/2114 2105/2105/2105 2108/2108/2108
f 2109/2109/2109 2116/2116/2116 2115/2115/2115
f 2116/2116/2116 2109/2109/2109 2110/2110/2110
f 2105/2105/2105 2114/2114/2114 2117/2117/2117
f 2118/2118/2118 2117/2117/2117 2114/2114/2114
f 2118/2118/2118 2119/2119/2119 2117/2117/2117
f 2093/2093/2093 2094/2094/2094 2120/2120/2120
f 2121/2121/2121 2120/2120/2120 2094/2094/2094
f 2121/2121/2121 2122/2122/2122 2120/2120/2120
f 2115/2115/2115 2124/2124/2124 2123/2123/2123
f 2124/2124/2124 2115/2115/2115 2116/2116/2116
f 2125/2125/2125 2117/2117/2117 2119/2119/2119
f 2103/2103/2103 2111/2111/2111 2126/2126/2126
f 2128/2128/2128 2122/2122/2122 2127/2127/2127
f 2120/2120/2120 2122/2122/2122 2128/2128/2128
f 2126/2126/2126 2111/2111/2111 2129/2129/2129
f 2130/2130/2130 2129/2129/2129 2111/2111/2111
f 2129/2129/2129 2130/2130/2130 2131/2131/2131
f 2112/2112/2112 2113/2113/2113 2132/2132/2132
f 2128/2128/2128 2127/2127/2127 2133/2133/2133
f 2133/2133/2133 2127/2127/2127 2134/2134/2134
f 2123/2123/2123 2136/2136/2136 2135/2135/2135
f 2136/2136/2136 2123/2123/2123 2124/2124/2124
f 2125/2125/2125 2119/2119/2119 2137/2137/2137
f 2138/2138/2138 2137/2137/2137 2119/2119/2119
f 2139/2139/2139 2137/2137/2137 2138/2138/2138
f 2125/2125/2125 2141/2141/2141 2140/2140/2140
f 2142/2142/2142 2128/2128/2128 2133/2133/2133
f 2134/2134/2134 2143/2143/2143 2133/2133/2133
f 2143/2143/2143 2134/2134/2134 2144/2144/2144
f 2145/2145/2145 2141/2141/2141 2125/2125/2125
f 2146/2146/2146 2125/2125/2125 2137/2137/2137
f 2147/2147/2147 2132/2132/2132 2113/2113/2113
f 2125/2125/2125 2148/2148/2148 2145/2145/2145
f 2146/2146/2146 2148/2148/2148 2125/2125/2125
f 2149/2149/2149 2140/2140/2140 2141/2141/2141
f 2150/2150/2150 2092/2092/2092 2087/2087/2087
f 2135/2135/2135 2152/2152/2152 2151/2151/2151
f 2152/2152/2152 2135/2135/2135 2136/2136/2136
f 2153/2153/2153 2137/2137/2137 2139/2139/2139
f 2142/2142/2142 2133/2133/2133 2154/2154/2154
f 2133/2133/2133 2155/2155/2155 2154/2154/2154
f 2156/2156/2156 2155/2155/2155 2133/2133/2133
f 2145/2145/2145 2148/2148/2148 2157/2157/2157
f 2158/2158/2158 2155/2155/2155 2156/2156/2156
f 2092/2092/2092 2160/2160/2160 2159/2159/2159
f 2155/2155/2155 2158/2158/2158 2161/2161/2161
f 2137/2137/2137 2153/2153/2153 2162/2162/2162
f 2157/2157/2157 2148/2148/2148 2163/2163/2163
f 2160/2160/2160 2092/2092/2092 2164/2164/2164
f 2164/2164/2164 2092/2092/2092 2150/2150/2150
f 2165/2165/2165 2162/2162/2162 2153/2153/2153
f 2162/2162/2162 2165/2165/2165 2166/2166/2166
f 2167/2167/2167 2163/2163/2163 2148/2148/2148
f 2151/2151/2151 2169/2169/2169 2168/2168/2168
f 2169/2169/2169 2151/2151/2151 2152/2152/2152
f 2167/2167/2167 2170/2170/2170 2163/2163/2163
f 2161/2161/2161 2171/2171/2171 2155/2155/2155
f 2173/2173/2173 2172/2172/2172 2161/2161/2161
f 2172/2172/2172 2171/2171/2171 2161/2161/2161
f 2132/2132/2132 2147/2147/2147 2174/2174/2174
f 2175/2175/2175 2172/2172/2172 2173/2173/2173
f 2172/2172/2172 2175/2175/2175 2176/2176/2176
f 2172/2172/2172 2176/2176/2176 2177/2177/2177
f 2178/2178/2178 2177/2177/2177 2176/2176/2176
f 2179/2179/2179 2177/2177/2177 2178/2178/2178
f 2177/2177/2177 2179/2179/2179 2180/2180/2180
f 2180/2180/2180 2181/2181/2181 2177/2177/2177
f 2181/2181/2181 2182/2182/2182 2177/2177/2177
f 2182/2182/2182 2183/2183/2183 2177/2177/2177
f 2183/2183/2183 2184/2184/2184 2177/2177/2177
f 2185/2185/2185 2155/2155/2155 2171/2171/2171
f 2186/2186/2186 2168/2168/2168 2169/2169/2169
f 2162/2162/2162 2166/2166/2166 2187/2187/2187
f 2189/2189/2189 2162/2162/2162 2188/2188/2188
f 2162/2162/2162 2187/2187/2187 2188/2188/2188
f 2190/2190/2190 2177/2177/2177 2184/2184/2184
f 2191/2191/2191 2187/2187/2187 2166/2166/2166
f 2192/2192/2192 2187/2187/2187 2191/2191/2191
f 2194/2194/2194 2193/2193/2193 2171/2171/2171
f 2185/2185/2185 2171/2171/2171 2193/2193/2193
f 2177/2177/2177 2190/2190/2190 2195/2195/2195
f 2168/2168/2168 2186/2186/2186 2196/2196/2196
f 2197/2197/2197 2195/2195/2195 2190/2190/2190
f 2199/2199/2199 2198/2198/2198 2194/2194/2194
f 2193/2193/2193 2194/2194/2194 2198/2198/2198
f 2188/2188/2188 2200/2200/2200 2189/2189/2189
f 2197/2197/2197 2201/2201/2201 2195/2195/2195
f 2197/2197/2197 2202/2202/2202 2201/2201/2201
f 2203/2203/2203 2201/2201/2201 2202/2202/2202
f 2188/2188/2188 2204/2204/2204 2200/2200/2200
f 2206/2206/2206 2205/2205/2205 2199/2199/2199
f 2198/2198/2198 2199/2199/2199 2205/2205/2205
f 2204/2204/2204 2188/2188/2188 2207/2207/2207
f 2195/2195/2195 2201/2201/2201 2208/2208/2208
f 2207/2207/2207 2188/2188/2188 2209/2209/2209
f 2210/2210/2210 2187/2187/2187 2192/2192/2192
f 2209/2209/2209 2188/2188/2188 2211/2211/2211
f 2212/2212/2212 2211/2211/2211 2188/2188/2188
f 2213/2213/2213 2174/2174/2174 2147/2147/2147
f 2174/2174/2174 2213/2213/2213 2214/2214/2214
f 2212/2212/2212 2188/2188/2188 2215/2215/2215
f 2216/2216/2216 2215/2215/2215 2188/2188/2188
f 2187/2187/2187 2210/2210/2210 2217/2217/2217
f 2218/2218/2218 2215/2215/2215 2216/2216/2216
f 2220/2220/2220 2219/2219/2219 2206/2206/2206
f 2205/2205/2205 2206/2206/2206 2219/2219/2219
f 2215/2215/2215 2222/2222/2222 2221/2221/2221
f 2222/2222/2222 2215/2215/2215 2218/2218/2218
f 2223/2223/2223 2221/2221/2221 2222/2222/2222
f 2224/2224/2224 2196/2196/2196 2186/2186/2186
f 2225/2225/2225 2217/2217/2217 2210/2210/2210
f 2217/2217/2217 2225/2225/2225 2226/2226/2226
f 2227/2227/2227 2226/2226/2226 2225/2225/2225
f 2226/2226/2226 2227/2227/2227 2228/2228/2228
f 2229/2229/2229 2214/2214/2214 2213/2213/2213
f 2214/2214/2214 2229/2229/2229 2230/2230/2230
f 2224/2224/2224 2231/2231/2231 2196/2196/2196
f 2220/2220/2220 2232/2232/2232 2219/2219/2219
f 2233/2233/2233 2228/2228/2228 2227/2227/2227
f 2234/2234/2234 2228/2228/2228 2233/2233/2233
f 2235/2235/2235 2228/2228/2228 2234/2234/2234
f 2235/2235/2235 2234/2234/2234 2236/2236/2236
f 2237/2237/2237 2230/2230/2230 2229/2229/2229
f 2230/2230/2230 2237/2237/2237 2238/2238/2238
f 2239/2239/2239 2236/2236/2236 2234/2234/2234
f 2196/2196/2196 2231/2231/2231 2240/2240/2240
f 2241/2241/2241 2238/2238/2238 2237/2237/2237
f 2238/2238/2238 2241/2241/2241 2242/2242/2242
f 2219/2219/2219 2232/2232/2232 2243/2243/2243
f 2234/2234/2234 2245/2245/2245 2244/2244/2244
f 2239/2239/2239 2234/2234/2234 2244/2244/2244
f 2246/2246/2246 2242/2242/2242 2241/2241/2241
f 2242/2242/2242 2246/2246/2246 2247/2247/2247
f 2250/2250/2250 2249/2249/2249 2248/2248/2248
f 2244/2244/2244 2245/2245/2245 2251/2251/2251
f 2252/2252/2252 2251/2251/2251 2245/2245/2245
f 2243/2243/2243 2232/2232/2232 2253/2253/2253
f 2254/2254/2254 2247/2247/2247 2246/2246/2246
f 2247/2247/2247 2254/2254/2254 2255/2255/2255
f 2251/2251/2251 2252/2252/2252 2256/2256/2256
f 2257/2257/2257 2256/2256/2256 2252/2252/2252
f 2243/2243/2243 2259/2259/2259 2258/2258/2258
f 2253/2253/2253 2259/2259/2259 2243/2243/2243
f 2261/2261/2261 2260/2260/2260 2231/2231/2231
f 2256/2256/2256 2257/2257/2257 2262/2262/2262
f 2260/2260/2260 2261/2261/2261 2250/2250/2250
f 2263/2263/2263 2231/2231/2231 2260/2260/2260
f 2264/2264/2264 2255/2255/2255 2254/2254/2254
f 2255/2255/2255 2264/2264/2264 2265/2265/2265
f 2266/2266/2266 2262/2262/2262 2257/2257/2257
f 2258/2258/2258 2259/2259/2259 2267/2267/2267
f 2268/2268/2268 2267/2267/2267 2259/2259/2259
f 2248/2248/2248 2260/2260/2260 2250/2250/2250
f 2262/2262/2262 2266/2266/2266 2269/2269/2269
f 2270/2270/2270 2231/2231/2231 2263/2263/2263
f 2240/2240/2240 2231/2231/2231 2270/2270/2270
f 2272/2272/2272 2271/2271/2271 2268/2268/2268
f 2267/2267/2267 2268/2268/2268 2271/2271/2271
f 2273/2273/2273 2265/2265/2265 2264/2264/2264
f 2265/2265/2265 2273/2273/2273 2274/2274/2274
f 2276/2276/2276 2275/2275/2275 2272/2272/2272
f 2271/2271/2271 2272/2272/2272 2275/2275/2275
f 2277/2277/2277 2269/2269/2269 2266/2266/2266
f 2269/2269/2269 2277/2277/2277 2278/2278/2278
f 2280/2280/2280 2279/2279/2279 2276/2276/2276
f 2275/2275/2275 2276/2276/2276 2279/2279/2279
f 2283/2283/2283 2282/2282/2282 2281/2281/2281
f 2286/2286/2286 2285/2285/2285 2284/2284/2284
f 2289/2289/2289 2288/2288/2288 2287/2287/2287
f 2287/2287/2287 2288/2288/2288 2290/2290/2290
f 2290/2290/2290 2288/2288/2288 2291/2291/2291
f 2291/2291/2291 2288/2288/2288 2292/2292/2292
f 2285/2285/2285 2286/2286/2286 2293/2293/2293
f 2294/2294/2294 2293/2293/2293 2286/2286/2286
f 2295/2295/2295 2274/2274/2274 2273/2273/2273
f 2274/2274/2274 2295/2295/2295 2296/2296/2296
f 2282/2282/2282 2297/2297/2297 2281/2281/2281
f 2298/2298/2298 2297/2297/2297 2282/2282/2282
f 2299/2299/2299 2292/2292/2292 2288/2288/2288
f 2301/2301/2301 2300/2300/2300 2280/2280/2280
f 2279/2279/2279 2280/2280/2280 2300/2300/2300
f 2297/2297/2297 2298/2298/2298 2302/2302/2302
f 2303/2303/2303 2302/2302/2302 2298/2298/2298
f 2304/2304/2304 2278/2278/2278 2277/2277/2277
f 2278/2278/2278 2304/2304/2304 2305/2305/2305
f 2306/2306/2306 2288/2288/2288 2289/2289/2289
f 2302/2302/2302 2303/2303/2303 2307/2307/2307
f 2292/2292/2292 2308/2308/2308 2303/2303/2303
f 2299/2299/2299 2308/2308/2308 2292/2292/2292
f 2308/2308/2308 2307/2307/2307 2303/2303/2303
f 2310/2310/2310 2309/2309/2309 2301/2301/2301
f 2300/2300/2300 2301/2301/2301 2309/2309/2309
f 2281/2281/2281 2297/2297/2297 2311/2311/2311
f 2312/2312/2312 2305/2305/2305 2304/2304/2304
f 2313/2313/2313 2288/2288/2288 2306/2306/2306
f 2240/2240/2240 2315/2315/2315 2314/2314/2314
f 2270/2270/2270 2315/2315/2315 2240/2240/2240
f 2316/2316/2316 2311/2311/2311 2297/2297/2297
f 2317/2317/2317 2288/2288/2288 2313/2313/2313
f 2318/2318/2318 2288/2288/2288 2317/2317/2317
f 2311/2311/2311 2316/2316/2316 2319/2319/2319
f 2321/2321/2321 2320/2320/2320 2310/2310/2310
f 2309/2309/2309 2310/2310/2310 2320/2320/2320
f 2305/2305/2305 2323/2323/2323 2322/2322/2322
f 2323/2323/2323 2305/2305/2305 2312/2312/2312
f 2317/2317/2317 2324/2324/2324 2318/2318/2318
f 2325/2325/2325 2307/2307/2307 2308/2308/2308
f 2326/2326/2326 2307/2307/2307 2325/2325/2325
f 2293/2293/2293 2294/2294/2294 2327/2327/2327
f 2328/2328/2328 2327/2327/2327 2294/2294/2294
f 2307/2307/2307 2330/2330/2330 2329/2329/2329
f 2307/2307/2307 2326/2326/2326 2330/2330/2330
f 2332/2332/2332 2331/2331/2331 2321/2321/2321
f 2320/2320/2320 2321/2321/2321 2331/2331/2331
f 2334/2334/2334 2333/2333/2333 2318/2318/2318
f 2324/2324/2324 2334/2334/2334 2318/2318/2318
f 2335/2335/2335 2322/2322/2322 2323/2323/2323
f 2322/2322/2322 2335/2335/2335 2336/2336/2336
f 2319/2319/2319 2316/2316/2316 2337/2337/2337
f 2284/2284/2284 2339/2339/2339 2338/2338/2338
f 2324/2324/2324 2340/2340/2340 2334/2334/2334
f 2316/2316/2316 2341/2341/2341 2337/2337/2337
f 2342/2342/2342 2336/2336/2336 2335/2335/2335
f 2339/2339/2339 2284/2284/2284 2285/2285/2285
f 2344/2344/2344 2343/2343/2343 2332/2332/2332
f 2331/2331/2331 2332/2332/2332 2343/2343/2343
f 2336/2336/2336 2346/2346/2346 2345/2345/2345
f 2346/2346/2346 2336/2336/2336 2342/2342/2342
f 2347/2347/2347 2333/2333/2333 2334/2334/2334
f 2333/2333/2333 2347/2347/2347 2348/2348/2348
f 2349/2349/2349 2345/2345/2345 2346/2346/2346
f 2345/2345/2345 2351/2351/2351 2350/2350/2350
f 2351/2351/2351 2345/2345/2345 2349/2349/2349
f 2348/2348/2348 2352/2352/2352 2333/2333/2333
f 2341/2341/2341 2353/2353/2353 2337/2337/2337
f 2354/2354/2354 2340/2340/2340 2324/2324/2324
f 2355/2355/2355 2296/2296/2296 2295/2295/2295
f 2296/2296/2296 2355/2355/2355 2356/2356/2356
f 2358/2358/2358 2357/2357/2357 2344/2344/2344
f 2343/2343/2343 2344/2344/2344 2357/2357/2357
f 2359/2359/2359 2353/2353/2353 2341/2341/2341
f 2360/2360/2360 2359/2359/2359 2341/2341/2341
f 2350/2350/2350 2361/2361/2361 2358/2358/2358
f 2361/2361/2361 2350/2350/2350 2351/2351/2351
f 2357/2357/2357 2358/2358/2358 2361/2361/2361
f 2360/2360/2360 2362/2362/2362 2359/2359/2359
f 2363/2363/2363 2340/2340/2340 2354/2354/2354
f 2364/2364/2364 2340/2340/2340 2363/2363/2363
f 2364/2364/2364 2363/2363/2363 2365/2365/2365
f 2337/2337/2337 2353/2353/2353 2366/2366/2366
f 2362/2362/2362 2368/2368/2368 2367/2367/2367
f 2359/2359/2359 2362/2362/2362 2367/2367/2367
f 2367/2367/2367 2368/2368/2368 2369/2369/2369
f 2372/2372/2372 2371/2371/2371 2370/2370/2370
f 2374/2374/2374 2373/2373/2373 2353/2353/2353
f 2366/2366/2366 2353/2353/2353 2373/2373/2373
f 2371/2371/2371 2365/2365/2365 2363/2363/2363
f 2376/2376/2376 2375/2375/2375 2374/2374/2374
f 2373/2373/2373 2374/2374/2374 2375/2375/2375
f 2377/2377/2377 2375/2375/2375 2376/2376/2376
f 2359/2359/2359 2379/2379/2379 2378/2378/2378
f 2359/2359/2359 2367/2367/2367 2379/2379/2379
f 2380/2380/2380 2375/2375/2375 2377/2377/2377
f 2383/2383/2383 2382/2382/2382 2381/2381/2381
f 2371/2371/2371 2363/2363/2363 2384/2384/2384
f 2371/2371/2371 2385/2385/2385 2370/2370/2370
f 2384/2384/2384 2385/2385/2385 2371/2371/2371
f 2387/2387/2387 2386/2386/2386 2383/2383/2383
f 2388/2388/2388 2375/2375/2375 2380/2380/2380
f 2389/2389/2389 2375/2375/2375 2388/2388/2388
f 2390/2390/2390 2375/2375/2375 2389/2389/2389
f 2392/2392/2392 2391/2391/2391 2370/2370/2370
f 2370/2370/2370 2385/2385/2385 2392/2392/2392
f 2363/2363/2363 2393/2393/2393 2384/2384/2384
f 2391/2391/2391 2392/2392/2392 2381/2381/2381
f 2394/2394/2394 2384/2384/2384 2393/2393/2393
f 2395/2395/2395 2383/2383/2383 2381/2381/2381
f 2392/2392/2392 2395/2395/2395 2381/2381/2381
f 2384/2384/2384 2394/2394/2394 2396/2396/2396
f 2387/2387/2387 2383/2383/2383 2395/2395/2395
f 2397/2397/2397 2356/2356/2356 2355/2355/2355
f 2356/2356/2356 2397/2397/2397 2398/2398/2398
f 2399/2399/2399 2387/2387/2387 2395/2395/2395
f 2400/2400/2400 2396/2396/2396 2394/2394/2394
f 2396/2396/2396 2400/2400/2400 2401/2401/2401
f 2403/2403/2403 2375/2375/2375 2402/2402/2402
f 2375/2375/2375 2390/2390/2390 2402/2402/2402
f 2404/2404/2404 2402/2402/2402 2390/2390/2390
f 2399/2399/2399 2395/2395/2395 2405/2405/2405
f 2406/2406/2406 2375/2375/2375 2403/2403/2403
f 2375/2375/2375 2406/2406/2406 2407/2407/2407
f 2408/2408/2408 2401/2401/2401 2400/2400/2400
f 2409/2409/2409 2402/2402/2402 2404/2404/2404
f 2410/2410/2410 2402/2402/2402 2409/2409/2409
f 2411/2411/2411 2405/2405/2405 2395/2395/2395
f 2413/2413/2413 2412/2412/2412 2411/2411/2411
f 2401/2401/2401 2408/2408/2408 2414/2414/2414
f 2395/2395/2395 2413/2413/2413 2411/2411/2411
f 2416/2416/2416 2415/2415/2415 2410/2410/2410
f 2402/2402/2402 2410/2410/2410 2415/2415/2415
f 2314/2314/2314 2315/2315/2315 2417/2417/2417
f 2420/2420/2420 2419/2419/2419 2418/2418/2418
f 2421/2421/2421 2415/2415/2415 2416/2416/2416
f 2413/2413/2413 2395/2395/2395 2422/2422/2422
f 2415/2415/2415 2421/2421/2421 2423/2423/2423
f 2423/2423/2423 2424/2424/2424 2415/2415/2415
f 2426/2426/2426 2425/2425/2425 2420/2420/2420
f 2419/2419/2419 2420/2420/2420 2425/2425/2425
f 2427/2427/2427 2422/2422/2422 2395/2395/2395
f 2429/2429/2429 2422/2422/2422 2428/2428/2428
f 2422/2422/2422 2427/2427/2427 2428/2428/2428
f 2430/2430/2430 2414/2414/2414 2408/2408/2408
f 2424/2424/2424 2431/2431/2431 2415/2415/2415
f 2425/2425/2425 2426/2426/2426 2432/2432/2432
f 2433/2433/2433 2432/2432/2432 2426/2426/2426
f 2431/2431/2431 2435/2435/2435 2434/2434/2434
f 2415/2415/2415 2431/2431/2431 2434/2434/2434
f 2436/2436/2436 2435/2435/2435 2431/2431/2431
f 2414/2414/2414 2430/2430/2430 2437/2437/2437
f 2418/2418/2418 2439/2439/2439 2438/2438/2438
f 2439/2439/2439 2418/2418/2418 2419/2419/2419
f 2434/2434/2434 2435/2435/2435 2440/2440/2440
f 2435/2435/2435 2441/2441/2441 2440/2440/2440
f 2443/2443/2443 2442/2442/2442 2403/2403/2403
f 2406/2406/2406 2403/2403/2403 2442/2442/2442
f 2444/2444/2444 2437/2437/2437 2430/2430/2430
f 2437/2437/2437 2444/2444/2444 2445/2445/2445
f 2432/2432/2432 2433/2433/2433 2446/2446/2446
f 2447/2447/2447 2446/2446/2446 2433/2433/2433
f 2448/2448/2448 2445/2445/2445 2444/2444/2444
f 2442/2442/2442 2443/2443/2443 2449/2449/2449
f 2450/2450/2450 2449/2449/2449 2443/2443/2443
f 2445/2445/2445 2448/2448/2448 2451/2451/2451
f 2452/2452/2452 2451/2451/2451 2448/2448/2448
f 2451/2451/2451 2452/2452/2452 2453/2453/2453
f 2454/2454/2454 2453/2453/2453 2452/2452/2452
f 2455/2455/2455 2417/2417/2417 2315/2315/2315
f 2456/2456/2456 2398/2398/2398 2397/2397/2397
f 2398/2398/2398 2456/2456/2456 2457/2457/2457
f 2438/2438/2438 2459/2459/2459 2458/2458/2458
f 2459/2459/2459 2438/2438/2438 2439/2439/2439
f 2460/2460/2460 2453/2453/2453 2454/2454/2454
f 2449/2449/2449 2450/2450/2450 2461/2461/2461
f 2338/2338/2338 2463/2463/2463 2462/2462/2462
f 2463/2463/2463 2338/2338/2338 2339/2339/2339
f 2464/2464/2464 2461/2461/2461 2450/2450/2450
f 2327/2327/2327 2328/2328/2328 2465/2465/2465
f 2466/2466/2466 2465/2465/2465 2328/2328/2328
f 2461/2461/2461 2464/2464/2464 2467/2467/2467
f 2468/2468/2468 2453/2453/2453 2460/2460/2460
f 2469/2469/2469 2453/2453/2453 2468/2468/2468
f 2470/2470/2470 2467/2467/2467 2464/2464/2464
f 2467/2467/2467 2470/2470/2470 2471/2471/2471
f 2469/2469/2469 2468/2468/2468 2472/2472/2472
f 2471/2471/2471 2474/2474/2474 2473/2473/2473
f 2474/2474/2474 2471/2471/2471 2470/2470/2470
f 2460/2460/2460 2475/2475/2475 2468/2468/2468
f 2472/2472/2472 2468/2468/2468 2476/2476/2476
f 2478/2478/2478 2477/2477/2477 2460/2460/2460
f 2479/2479/2479 2457/2457/2457 2456/2456/2456
f 2457/2457/2457 2479/2479/2479 2480/2480/2480
f 2481/2481/2481 2460/2460/2460 2477/2477/2477
f 2460/2460/2460 2481/2481/2481 2475/2475/2475
f 2483/2483/2483 2482/2482/2482 2478/2478/2478
f 2484/2484/2484 2476/2476/2476 2468/2468/2468
f 2477/2477/2477 2478/2478/2478 2482/2482/2482
f 2485/2485/2485 2484/2484/2484 2468/2468/2468
f 2486/2486/2486 2482/2482/2482 2483/2483/2483
f 2489/2489/2489 2488/2488/2488 2487/2487/2487
f 2487/2487/2487 2482/2482/2482 2486/2486/2486
f 2490/2490/2490 2488/2488/2488 2489/2489/2489
f 2482/2482/2482 2487/2487/2487 2488/2488/2488
f 2488/2488/2488 2490/2490/2490 2491/2491/2491
f 2492/2492/2492 2468/2468/2468 2475/2475/2475
f 2473/2473/2473 2494/2494/2494 2493/2493/2493
f 2494/2494/2494 2473/2473/2473 2474/2474/2474
f 2495/2495/2495 2491/2491/2491 2490/2490/2490
f 2491/2491/2491 2495/2495/2495 2496/2496/2496
f 2458/2458/2458 2498/2498/2498 2497/2497/2497
f 2498/2498/2498 2458/2458/2458 2459/2459/2459
f 2499/2499/2499 2496/2496/2496 2495/2495/2495
f 2496/2496/2496 2499/2499/2499 2500/2500/2500
f 2446/2446/2446 2447/2447/2447 2501/2501/2501
f 2502/2502/2502 2501/2501/2501 2447/2447/2447
f 2503/2503/2503 2500/2500/2500 2499/2499/2499
f 2500/2500/2500 2503/2503/2503 2504/2504/2504
f 2505/2505/2505 2504/2504/2504 2503/2503/2503
f 2504/2504/2504 2505/2505/2505 2506/2506/2506
f 2507/2507/2507 2506/2506/2506 2505/2505/2505
f 2506/2506/2506 2507/2507/2507 2508/2508/2508
f 2509/2509/2509 2508/2508/2508 2507/2507/2507
f 2508/2508/2508 2509/2509/2509 2510/2510/2510
f 2513/2513/2513 2512/2512/2512 2511/2511/2511
f 2510/2510/2510 2515/2515/2515 2514/2514/2514
f 2515/2515/2515 2510/2510/2510 2509/2509/2509
f 2518/2518/2518 2517/2517/2517 2516/2516/2516
f 2511/2511/2511 2519/2519/2519 2518/2518/2518
f 2521/2521/2521 2520/2520/2520 2513/2513/2513
f 2512/2512/2512 2513/2513/2513 2520/2520/2520
f 2517/2517/2517 2518/2518/2518 2519/2519/2519
f 2519/2519/2519 2511/2511/2511 2512/2512/2512
f 2493/2493/2493 2523/2523/2523 2522/2522/2522
f 2523/2523/2523 2493/2493/2493 2494/2494/2494
f 2524/2524/2524 2516/2516/2516 2517/2517/2517
f 2514/2514/2514 2526/2526/2526 2525/2525/2525
f 2526/2526/2526 2514/2514/2514 2515/2515/2515
f 2528/2528/2528 2527/2527/2527 2524/2524/2524
f 2516/2516/2516 2524/2524/2524 2527/2527/2527
f 2522/2522/2522 2529/2529/2529 2528/2528/2528
f 2525/2525/2525 2531/2531/2531 2530/2530/2530
f 2531/2531/2531 2525/2525/2525 2526/2526/2526
f 2529/2529/2529 2522/2522/2522 2523/2523/2523
f 2520/2520/2520 2521/2521/2521 2532/2532/2532
f 2533/2533/2533 2530/2530/2530 2531/2531/2531
f 2533/2533/2533 2534/2534/2534 2530/2530/2530
f 2527/2527/2527 2528/2528/2528 2529/2529/2529
f 2535/2535/2535 2534/2534/2534 2533/2533/2533
f 2534/2534/2534 2537/2537/2537 2536/2536/2536
f 2537/2537/2537 2534/2534/2534 2535/2535/2535
f 2532/2532/2532 2521/2521/2521 2538/2538/2538
f 2539/2539/2539 2536/2536/2536 2537/2537/2537
f 2536/2536/2536 2539/2539/2539 2540/2540/2540
f 2542/2542/2542 2541/2541/2541 2521/2521/2521
f 2538/2538/2538 2521/2521/2521 2541/2541/2541
f 2540/2540/2540 2543/2543/2543 2542/2542/2542
f 2544/2544/2544 2540/2540/2540 2539/2539/2539
f 2543/2543/2543 2540/2540/2540 2544/2544/2544
f 2541/2541/2541 2542/2542/2542 2543/2543/2543
f 2545/2545/2545 2480/2480/2480 2479/2479/2479
f 2480/2480/2480 2545/2545/2545 2546/2546/2546
f 2548/2548/2548 2547/2547/2547 2455/2455/2455
f 2417/2417/2417 2455/2455/2455 2547/2547/2547
f 2549/2549/2549 2546/2546/2546 2545/2545/2545
f 2546/2546/2546 2549/2549/2549 2550/2550/2550
f 2501/2501/2501 2502/2502/2502 2551/2551/2551
f 2552/2552/2552 2551/2551/2551 2502/2502/2502
f 2553/2553/2553 2497/2497/2497 2498/2498/2498
f 2465/2465/2465 2466/2466/2466 2554/2554/2554
f 2555/2555/2555 2554/2554/2554 2466/2466/2466
f 2556/2556/2556 2550/2550/2550 2549/2549/2549
f 2550/2550/2550 2556/2556/2556 2557/2557/2557
f 2497/2497/2497 2553/2553/2553 2558/2558/2558
f 2560/2560/2560 2559/2559/2559 2548/2548/2548
f 2547/2547/2547 2548/2548/2548 2559/2559/2559
f 2561/2561/2561 2462/2462/2462 2463/2463/2463
f 2563/2563/2563 2562/2562/2562 2560/2560/2560
f 2559/2559/2559 2560/2560/2560 2562/2562/2562
f 2551/2551/2551 2552/2552/2552 2564/2564/2564
f 2565/2565/2565 2564/2564/2564 2552/2552/2552
f 2462/2462/2462 2561/2561/2561 2566/2566/2566
f 2567/2567/2567 2557/2557/2557 2556/2556/2556
f 2557/2557/2557 2567/2567/2567 2568/2568/2568
f 2569/2569/2569 2558/2558/2558 2553/2553/2553
f 2571/2571/2571 2570/2570/2570 2563/2563/2563
f 2562/2562/2562 2563/2563/2563 2570/2570/2570
f 2554/2554/2554 2555/2555/2555 2572/2572/2572
f 2573/2573/2573 2572/2572/2572 2555/2555/2555
f 2568/2568/2568 2574/2574/2574 2571/2571/2571
f 2570/2570/2570 2571/2571/2571 2574/2574/2574
f 2576/2576/2576 2575/2575/2575 2558/2558/2558
f 2558/2558/2558 2569/2569/2569 2576/2576/2576
f 2564/2564/2564 2565/2565/2565 2577/2577/2577
f 2578/2578/2578 2577/2577/2577 2565/2565/2565
f 2574/2574/2574 2568/2568/2568 2567/2567/2567
f 2579/2579/2579 2566/2566/2566 2561/2561/2561
f 2575/2575/2575 2581/2581/2581 2580/2580/2580
f 2581/2581/2581 2575/2575/2575 2576/2576/2576
f 2577/2577/2577 2578/2578/2578 2582/2582/2582
f 2583/2583/2583 2582/2582/2582 2578/2578/2578
f 2579/2579/2579 2584/2584/2584 2566/2566/2566
f 2587/2587/2587 2586/2586/2586 2585/2585/2585
f 2585/2585/2585 2589/2589/2589 2588/2588/2588
f 2589/2589/2589 2585/2585/2585 2586/2586/2586
f 2586/2586/2586 2587/2587/2587 2590/2590/2590
f 2591/2591/2591 2590/2590/2590 2587/2587/2587
f 2592/2592/2592 2588/2588/2588 2589/2589/2589
f 2588/2588/2588 2592/2592/2592 2593/2593/2593
f 2582/2582/2582 2583/2583/2583 2594/2594/2594
f 2595/2595/2595 2594/2594/2594 2583/2583/2583
f 2597/2597/2597 2596/2596/2596 2591/2591/2591
f 2590/2590/2590 2591/2591/2591 2596/2596/2596
f 2593/2593/2593 2592/2592/2592 2598/2598/2598
f 2572/2572/2572 2573/2573/2573 2599/2599/2599
f 2596/2596/2596 2597/2597/2597 2600/2600/2600
f 2601/2601/2601 2600/2600/2600 2597/2597/2597
f 2598/2598/2598 2603/2603/2603 2602/2602/2602
f 2603/2603/2603 2598/2598/2598 2592/2592/2592
f 2580/2580/2580 2605/2605/2605 2604/2604/2604
f 2605/2605/2605 2580/2580/2580 2581/2581/2581
f 2600/2600/2600 2601/2601/2601 2606/2606/2606
f 2607/2607/2607 2606/2606/2606 2601/2601/2601
f 2566/2566/2566 2584/2584/2584 2608/2608/2608
f 2595/2595/2595 2609/2609/2609 2594/2594/2594
f 2606/2606/2606 2607/2607/2607 2610/2610/2610
f 2611/2611/2611 2610/2610/2610 2607/2607/2607
f 2602/2602/2602 2613/2613/2613 2612/2612/2612
f 2613/2613/2613 2602/2602/2602 2603/2603/2603
f 2595/2595/2595 2614/2614/2614 2609/2609/2609
f 2616/2616/2616 2615/2615/2615 2611/2611/2611
f 2610/2610/2610 2611/2611/2611 2615/2615/2615
f 2614/2614/2614 2595/2595/2595 2617/2617/2617
f 2618/2618/2618 2612/2612/2612 2613/2613/2613
f 2615/2615/2615 2616/2616/2616 2619/2619/2619
f 2620/2620/2620 2619/2619/2619 2616/2616/2616
f 2621/2621/2621 2604/2604/2604 2605/2605/2605
f 2604/2604/2604 2621/2621/2621 2622/2622/2622
f 2612/2612/2612 2624/2624/2624 2623/2623/2623
f 2618/2618/2618 2624/2624/2624 2612/2612/2612
f 2625/2625/2625 2617/2617/2617 2595/2595/2595
f 2619/2619/2619 2620/2620/2620 2626/2626/2626
f 2627/2627/2627 2623/2623/2623 2624/2624/2624
f 2630/2630/2630 2629/2629/2629 2628/2628/2628
f 2631/2631/2631 2622/2622/2622 2621/2621/2621
f 2622/2622/2622 2631/2631/2631 2632/2632/2632
f 2633/2633/2633 2628/2628/2628 2629/2629/2629
f 2634/2634/2634 2626/2626/2626 2620/2620/2620
f 2635/2635/2635 2599/2599/2599 2573/2573/2573
f 2637/2637/2637 2628/2628/2628 2636/2636/2636
f 2628/2628/2628 2633/2633/2633 2636/2636/2636
f 2638/2638/2638 2637/2637/2637 2636/2636/2636
f 2638/2638/2638 2639/2639/2639 2637/2637/2637
f 2617/2617/2617 2625/2625/2625 2640/2640/2640
f 2623/2623/2623 2627/2627/2627 2641/2641/2641
f 2642/2642/2642 2623/2623/2623 2641/2641/2641
f 2626/2626/2626 2634/2634/2634 2643/2643/2643
f 2645/2645/2645 2644/2644/2644 2584/2584/2584
f 2608/2608/2608 2584/2584/2584 2644/2644/2644
f 2642/2642/2642 2641/2641/2641 2646/2646/2646
f 2648/2648/2648 2647/2647/2647 2631/2631/2631
f 2632/2632/2632 2631/2631/2631 2647/2647/2647
f 2599/2599/2599 2635/2635/2635 2649/2649/2649
f 2650/2650/2650 2640/2640/2640 2625/2625/2625
f 2646/2646/2646 2652/2652/2652 2651/2651/2651
f 2652/2652/2652 2646/2646/2646 2641/2641/2641
f 2636/2636/2636 2653/2653/2653 2638/2638/2638
f 2655/2655/2655 2654/2654/2654 2648/2648/2648
f 2647/2647/2647 2648/2648/2648 2654/2654/2654
f 2656/2656/2656 2651/2651/2651 2652/2652/2652
f 2653/2653/2653 2657/2657/2657 2638/2638/2638
f 2656/2656/2656 2658/2658/2658 2651/2651/2651
f 2644/2644/2644 2645/2645/2645 2659/2659/2659
f 2660/2660/2660 2651/2651/2651 2658/2658/2658
f 2651/2651/2651 2662/2662/2662 2661/2661/2661
f 2663/2663/2663 2662/2662/2662 2651/2651/2651
f 2664/2664/2664 2651/2651/2651 2660/2660/2660
f 2640/2640/2640 2650/2650/2650 2665/2665/2665
f 2666/2666/2666 2663/2663/2663 2651/2651/2651
f 2666/2666/2666 2651/2651/2651 2664/2664/2664
f 2669/2669/2669 2668/2668/2668 2667/2667/2667
f 2661/2661/2661 2662/2662/2662 2670/2670/2670
f 2671/2671/2671 2641/2641/2641 2627/2627/2627
f 2672/2672/2672 2643/2643/2643 2634/2634/2634
f 2643/2643/2643 2672/2672/2672 2673/2673/2673
f 2608/2608/2608 2644/2644/2644 2674/2674/2674
f 2669/2669/2669 2667/2667/2667 2675/2675/2675
f 2670/2670/2670 2677/2677/2677 2676/2676/2676
f 2677/2677/2677 2670/2670/2670 2662/2662/2662
f 2667/2667/2667 2668/2668/2668 2678/2678/2678
f 2654/2654/2654 2655/2655/2655 2679/2679/2679
f 2676/2676/2676 2681/2681/2681 2680/2680/2680
f 2681/2681/2681 2676/2676/2676 2677/2677/2677
f 2682/2682/2682 2667/2667/2667 2678/2678/2678
f 2683/2683/2683 2673/2673/2673 2672/2672/2672
f 2673/2673/2673 2683/2683/2683 2684/2684/2684
f 2657/2657/2657 2653/2653/2653 2685/2685/2685
f 2686/2686/2686 2685/2685/2685 2653/2653/2653
f 2680/2680/2680 2688/2688/2688 2687/2687/2687
f 2688/2688/2688 2680/2680/2680 2681/2681/2681
f 2689/2689/2689 2684/2684/2684 2683/2683/2683
f 2684/2684/2684 2689/2689/2689 2690/2690/2690
f 2687/2687/2687 2692/2692/2692 2691/2691/2691
f 2692/2692/2692 2687/2687/2687 2688/2688/2688
f 2693/2693/2693 2690/2690/2690 2689/2689/2689
f 2694/2694/2694 2663/2663/2663 2666/2666/2666
f 2695/2695/2695 2665/2665/2665 2650/2650/2650
f 2665/2665/2665 2695/2695/2695 2696/2696/2696
f 2666/2666/2666 2697/2697/2697 2694/2694/2694
f 2698/2698/2698 2690/2690/2690 2693/2693/2693
f 2699/2699/2699 2690/2690/2690 2698/2698/2698
f 2700/2700/2700 2690/2690/2690 2699/2699/2699
f 2701/2701/2701 2691/2691/2691 2692/2692/2692
f 2668/2668/2668 2700/2700/2700 2699/2699/2699
f 2703/2703/2703 2702/2702/2702 2655/2655/2655
f 2679/2679/2679 2655/2655/2655 2702/2702/2702
f 2678/2678/2678 2668/2668/2668 2699/2699/2699
f 2691/2691/2691 2701/2701/2701 2704/2704/2704
f 2705/2705/2705 2704/2704/2704 2701/2701/2701
f 2678/2678/2678 2699/2699/2699 2706/2706/2706
f 2707/2707/2707 2696/2696/2696 2695/2695/2695
f 2696/2696/2696 2707/2707/2707 2708/2708/2708
f 2710/2710/2710 2709/2709/2709 2705/2705/2705
f 2704/2704/2704 2705/2705/2705 2709/2709/2709
f 2674/2674/2674 2644/2644/2644 2711/2711/2711
f 2713/2713/2713 2712/2712/2712 2703/2703/2703
f 2702/2702/2702 2703/2703/2703 2712/2712/2712
f 2708/2708/2708 2714/2714/2714 2686/2686/2686
f 2714/2714/2714 2708/2708/2708 2707/2707/2707
f 2715/2715/2715 2706/2706/2706 2699/2699/2699
f 2706/2706/2706 2715/2715/2715 2716/2716/2716
f 2718/2718/2718 2717/2717/2717 2710/2710/2710
f 2709/2709/2709 2710/2710/2710 2717/2717/2717
f 2686/2686/2686 2719/2719/2719 2685/2685/2685
f 2714/2714/2714 2719/2719/2719 2686/2686/2686
f 2685/2685/2685 2719/2719/2719 2713/2713/2713
f 2712/2712/2712 2713/2713/2713 2719/2719/2719
f 2721/2721/2721 2720/2720/2720 2718/2718/2718
f 2717/2717/2717 2718/2718/2718 2720/2720/2720
f 2722/2722/2722 2716/2716/2716 2715/2715/2715
f 2716/2716/2716 2722/2722/2722 2723/2723/2723
f 2724/2724/2724 2723/2723/2723 2722/2722/2722
f 2723/2723/2723 2724/2724/2724 2725/2725/2725
f 2727/2727/2727 2726/2726/2726 2721/2721/2721
f 2720/2720/2720 2721/2721/2721 2726/2726/2726
f 2728/2728/2728 2649/2649/2649 2635/2635/2635
f 2649/2649/2649 2728/2728/2728 2729/2729/2729
f 2730/2730/2730 2725/2725/2725 2724/2724/2724
f 2729/2729/2729 2731/2731/2731 2644/2644/2644
f 2731/2731/2731 2729/2729/2729 2728/2728/2728
f 2732/2732/2732 2644/2644/2644 2731/2731/2731
f 2711/2711/2711 2644/2644/2644 2732/2732/2732
f 2725/2725/2725 2730/2730/2730 2733/2733/2733
f 2726/2726/2726 2727/2727/2727 2734/2734/2734
f 2735/2735/2735 2734/2734/2734 2727/2727/2727
f 2736/2736/2736 2733/2733/2733 2730/2730/2730
f 2733/2733/2733 2736/2736/2736 2737/2737/2737
f 2738/2738/2738 2737/2737/2737 2736/2736/2736
f 2734/2734/2734 2735/2735/2735 2739/2739/2739
f 2737/2737/2737 2738/2738/2738 2740/2740/2740
f 2742/2742/2742 2741/2741/2741 2735/2735/2735
f 2739/2739/2739 2735/2735/2735 2741/2741/2741
f 2743/2743/2743 2740/2740/2740 2738/2738/2738
f 2740/2740/2740 2743/2743/2743 2744/2744/2744
f 2746/2746/2746 2745/2745/2745 2742/2742/2742
f 2741/2741/2741 2742/2742/2742 2745/2745/2745
f 2747/2747/2747 2744/2744/2744 2743/2743/2743
f 2744/2744/2744 2747/2747/2747 2748/2748/2748
f 2750/2750/2750 2749/2749/2749 2746/2746/2746
f 2745/2745/2745 2746/2746/2746 2749/2749/2749
f 2751/2751/2751 2748/2748/2748 2747/2747/2747
f 2748/2748/2748 2751/2751/2751 2752/2752/2752
f 2754/2754/2754 2753/2753/2753 2750/2750/2750
f 2749/2749/2749 2750/2750/2750 2753/2753/2753
f 2755/2755/2755 2752/2752/2752 2751/2751/2751
f 2752/2752/2752 2755/2755/2755 2756/2756/2756
f 2758/2758/2758 2757/2757/2757 2754/2754/2754
f 2753/2753/2753 2754/2754/2754 2757/2757/2757
f 2756/2756/2756 2760/2760/2760 2759/2759/2759
f 2760/2760/2760 2756/2756/2756 2755/2755/2755
f 2762/2762/2762 2761/2761/2761 2758/2758/2758
f 2757/2757/2757 2758/2758/2758 2761/2761/2761
f 2761/2761/2761 2762/2762/2762 2763/2763/2763
f 2764/2764/2764 2759/2759/2759 2760/2760/2760
f 2759/2759/2759 2764/2764/2764 2765/2765/2765
f 2766/2766/2766 2765/2765/2765 2764/2764/2764
f 2765/2765/2765 2766/2766/2766 2762/2762/2762
f 2763/2763/2763 2762/2762/2762 2766/2766/2766
g object_merge1_3
f 2769/2769/2769 2768/2768/2768 2767/2767/2767
f 2767/2767/2767 2771/2771/2771 2770/2770/2770
f 2770/2770/2770 2773/2773/2773 2772/2772/2772
f 2775/2775/2775 2774/2774/2774 2769/2769/2769
f 2772/2772/2772 2777/2777/2777 2776/2776/2776
f 2771/2771/2771 2767/2767/2767 2768/2768/2768
f 2773/2773/2773 2770/2770/2770 2771/2771/2771
f 2779/2779/2779 2778/2778/2778 2775/2775/2775
f 2777/2777/2777 2772/2772/2772 2773/2773/2773
f 2776/2776/2776 2781/2781/2781 2780/2780/2780
f 2768/2768/2768 2769/2769/2769 2774/2774/2774
f 2781/2781/2781 2776/2776/2776 2777/2777/2777
f 2783/2783/2783 2782/2782/2782 2779/2779/2779
f 2780/2780/2780 2785/2785/2785 2784/2784/2784
f 2780/2780/2780 2786/2786/2786 2785/2785/2785
f 2786/2786/2786 2780/2780/2780 2781/2781/2781
f 2784/2784/2784 2785/2785/2785 2787/2787/2787
f 2782/2782/2782 2783/2783/2783 2788/2788/2788
f 2789/2789/2789 2788/2788/2788 2783/2783/2783
f 2791/2791/2791 2787/2787/2787 2790/2790/2790
f 2790/2790/2790 2787/2787/2787 2785/2785/2785
f 2778/2778/2778 2779/2779/2779 2782/2782/2782
f 2791/2791/2791 2793/2793/2793 2792/2792/2792
f 2791/2791/2791 2790/2790/2790 2793/2793/2793
f 2794/2794/2794 2788/2788/2788 2789/2789/2789
f 2792/2792/2792 2796/2796/2796 2795/2795/2795
f 2796/2796/2796 2792/2792/2792 2793/2793/2793
f 2795/2795/2795 2796/2796/2796 2797/2797/2797
f 2774/2774/2774 2775/2775/2775 2778/2778/2778
f 2797/2797/2797 2799/2799/2799 2798/2798/2798
f 2799/2799/2799 2797/2797/2797 2796/2796/2796
f 2788/2788/2788 2794/2794/2794 2800/2800/2800
f 2801/2801/2801 2800/2800/2800 2794/2794/2794
f 2798/2798/2798 2803/2803/2803 2802/2802/2802
f 2803/2803/2803 2798/2798/2798 2799/2799/2799
f 2804/2804/2804 2800/2800/2800 2801/2801/2801
f 2802/2802/2802 2806/2806/2806 2805/2805/2805
f 2806/2806/2806 2802/2802/2802 2803/2803/2803
f 2805/2805/2805 2808/2808/2808 2807/2807/2807
f 2808/2808/2808 2805/2805/2805 2806/2806/2806
f 2809/2809/2809 2800/2800/2800 2804/2804/2804
f 2810/2810/2810 2807/2807/2807 2808/2808/2808
f 2807/2807/2807 2812/2812/2812 2811/2811/2811
f 2807/2807/2807 2810/2810/2810 2812/2812/2812
f 2800/2800/2800 2809/2809/2809 2813/2813/2813
f 2814/2814/2814 2813/2813/2813 2809/2809/2809
f 2811/2811/2811 2816/2816/2816 2815/2815/2815
f 2816/2816/2816 2811/2811/2811 2812/2812/2812
f 2815/2815/2815 2818/2818/2818 2817/2817/2817
f 2818/2818/2818 2815/2815/2815 2816/2816/2816
f 2817/2817/2817 2820/2820/2820 2819/2819/2819
f 2820/2820/2820 2817/2817/2817 2818/2818/2818
f 2819/2819/2819 2822/2822/2822 2821/2821/2821
f 2822/2822/2822 2819/2819/2819 2820/2820/2820
f 2824/2824/2824 2823/2823/2823 2814/2814/2814
f 2813/2813/2813 2814/2814/2814 2823/2823/2823
f 2821/2821/2821 2826/2826/2826 2825/2825/2825
f 2826/2826/2826 2821/2821/2821 2822/2822/2822
f 2825/2825/2825 2828/2828/2828 2827/2827/2827
f 2828/2828/2828 2825/2825/2825 2826/2826/2826
f 2827/2827/2827 2830/2830/2830 2829/2829/2829
f 2830/2830/2830 2827/2827/2827 2828/2828/2828
f 2831/2831/2831 2829/2829/2829 2830/2830/2830
f 2829/2829/2829 2833/2833/2833 2832/2832/2832
f 2829/2829/2829 2831/2831/2831 2833/2833/2833
f 2832/2832/2832 2833/2833/2833 2834/2834/2834
f 2834/2834/2834 2836/2836/2836 2835/2835/2835
f 2836/2836/2836 2834/2834/2834 2833/2833/2833
f 2823/2823/2823 2824/2824/2824 2837/2837/2837
f 2838/2838/2838 2837/2837/2837 2824/2824/2824
f 2835/2835/2835 2840/2840/2840 2839/2839/2839
f 2840/2840/2840 2835/2835/2835 2836/2836/2836
f 2839/2839/2839 2842/2842/2842 2841/2841/2841
f 2842/2842/2842 2839/2839/2839 2840/2840/2840
f 2841/2841/2841 2844/2844/2844 2843/2843/2843
f 2844/2844/2844 2841/2841/2841 2842/2842/2842
f 2843/2843/2843 2846/2846/2846 2845/2845/2845
f 2846/2846/2846 2843/2843/2843 2844/2844/2844
f 2837/2837/2837 2838/2838/2838 2847/2847/2847
f 2848/2848/2848 2847/2847/2847 2838/2838/2838
f 2845/2845/2845 2850/2850/2850 2849/2849/2849
f 2850/2850/2850 2845/2845/2845 2846/2846/2846
f 2849/2849/2849 2852/2852/2852 2851/2851/2851
f 2852/2852/2852 2849/2849/2849 2850/2850/2850
f 2847/2847/2847 2848/2848/2848 2853/2853/2853
f 2854/2854/2854 2853/2853/2853 2848/2848/2848
f 2851/2851/2851 2856/2856/2856 2855/2855/2855
f 2856/2856/2856 2851/2851/2851 2852/2852/2852
f 2855/2855/2855 2858/2858/2858 2857/2857/2857
f 2858/2858/2858 2855/2855/2855 2856/2856/2856
f 2857/2857/2857 2860/2860/2860 2859/2859/2859
f 2860/2860/2860 2857/2857/2857 2858/2858/2858
f 2859/2859/2859 2862/2862/2862 2861/2861/2861
f 2862/2862/2862 2859/2859/2859 2860/2860/2860
f 2853/2853/2853 2854/2854/2854 2863/2863/2863
f 2864/2864/2864 2863/2863/2863 2854/2854/2854
f 2861/2861/2861 2866/2866/2866 2865/2865/2865
f 2866/2866/2866 2861/2861/2861 2862/2862/2862
f 2865/2865/2865 2868/2868/2868 2867/2867/2867
f 2868/2868/2868 2865/2865/2865 2866/2866/2866
f 2863/2863/2863 2864/2864/2864 2869/2869/2869
f 2870/2870/2870 2869/2869/2869 2864/2864/2864
f 2867/2867/2867 2872/2872/2872 2871/2871/2871
f 2872/2872/2872 2867/2867/2867 2868/2868/2868
f 2869/2869/2869 2870/2870/2870 2873/2873/2873
f 2874/2874/2874 2873/2873/2873 2870/2870/2870
f 2873/2873/2873 2874/2874/2874 2875/2875/2875
f 2876/2876/2876 2875/2875/2875 2874/2874/2874
f 2871/2871/2871 2878/2878/2878 2877/2877/2877
f 2878/2878/2878 2871/2871/2871 2872/2872/2872
f 2877/2877/2877 2880/2880/2880 2879/2879/2879
f 2880/2880/2880 2877/2877/2877 2878/2878/2878
f 2875/2875/2875 2876/2876/2876 2881/2881/2881
f 2882/2882/2882 2881/2881/2881 2876/2876/2876
f 2881/2881/2881 2882/2882/2882 2883/2883/2883
f 2879/2879/2879 2885/2885/2885 2884/2884/2884
f 2885/2885/2885 2879/2879/2879 2880/2880/2880
f 2886/2886/2886 2883/2883/2883 2882/2882/2882
f 2883/2883/2883 2886/2886/2886 2887/2887/2887
f 2884/2884/2884 2889/2889/2889 2888/2888/2888
f 2889/2889/2889 2884/2884/2884 2885/2885/2885
f 2890/2890/2890 2887/2887/2887 2886/2886/2886
f 2887/2887/2887 2890/2890/2890 2891/2891/2891
f 2892/2892/2892 2891/2891/2891 2890/2890/2890
f 2891/2891/2891 2892/2892/2892 2893/2893/2893
f 2888/2888/2888 2895/2895/2895 2894/2894/2894
f 2895/2895/2895 2888/2888/2888 2889/2889/2889
f 2896/2896/2896 2893/2893/2893 2892/2892/2892
f 2893/2893/2893 2896/2896/2896 2897/2897/2897
f 2894/2894/2894 2899/2899/2899 2898/2898/2898
f 2899/2899/2899 2894/2894/2894 2895/2895/2895
f 2900/2900/2900 2897/2897/2897 2896/2896/2896
f 2897/2897/2897 2900/2900/2900 2901/2901/2901
f 2902/2902/2902 2901/2901/2901 2900/2900/2900
f 2901/2901/2901 2902/2902/2902 2903/2903/2903
f 2904/2904/2904 2903/2903/2903 2902/2902/2902
f 2903/2903/2903 2904/2904/2904 2905/2905/2905
f 2898/2898/2898 2907/2907/2907 2906/2906/2906
f 2907/2907/2907 2898/2898/2898 2899/2899/2899
f 2908/2908/2908 2905/2905/2905 2904/2904/2904
f 2905/2905/2905 2908/2908/2908 2909/2909/2909
f 2906/2906/2906 2911/2911/2911 2910/2910/2910
f 2911/2911/2911 2906/2906/2906 2907/2907/2907
f 2910/2910/2910 2913/2913/2913 2912/2912/2912
f 2913/2913/2913 2910/2910/2910 2911/2911/2911
f 2914/2914/2914 2909/2909/2909 2908/2908/2908
f 2909/2909/2909 2914/2914/2914 2915/2915/2915
f 2912/2912/2912 2917/2917/2917 2916/2916/2916
f 2917/2917/2917 2912/2912/2912 2913/2913/2913
f 2916/2916/2916 2919/2919/2919 2918/2918/2918
f 2919/2919/2919 2916/2916/2916 2917/2917/2917
f 2920/2920/2920 2915/2915/2915 2914/2914/2914
f 2915/2915/2915 2920/2920/2920 2921/2921/2921
f 2918/2918/2918 2923/2923/2923 2922/2922/2922
f 2923/2923/2923 2918/2918/2918 2919/2919/2919
f 2924/2924/2924 2921/2921/2921 2920/2920/2920
f 2921/2921/2921 2924/2924/2924 2925/2925/2925
f 2926/2926/2926 2925/2925/2925 2924/2924/2924
f 2922/2922/2922 2928/2928/2928 2927/2927/2927
f 2928/2928/2928 2922/2922/2922 2923/2923/2923
f 2927/2927/2927 2930/2930/2930 2929/2929/2929
f 2930/2930/2930 2927/2927/2927 2928/2928/2928
f 2929/2929/2929 2932/2932/2932 2931/2931/2931
f 2932/2932/2932 2929/2929/2929 2930/2930/2930
f 2933/2933/2933 2931/2931/2931 2932/2932/2932
f 2931/2931/2931 2933/2933/2933 2934/2934/2934
f 2935/2935/2935 2934/2934/2934 2933/2933/2933
f 2934/2934/2934 2935/2935/2935 2936/2936/2936
f 2937/2937/2937 2936/2936/2936 2935/2935/2935
f 2936/2936/2936 2937/2937/2937 2938/2938/2938
f 2939/2939/2939 2938/2938/2938 2937/2937/2937
f 2938/2938/2938 2939/2939/2939 2940/2940/2940
f 2941/2941/2941 2940/2940/2940 2939/2939/2939
f 2925/2925/2925 2926/2926/2926 2942/2942/2942
f 2940/2940/2940 2941/2941/2941 2943/2943/2943
f 2944/2944/2944 2943/2943/2943 2941/2941/2941
f 2946/2946/2946 2945/2945/2945 2944/2944/2944
f 2943/2943/2943 2944/2944/2944 2945/2945/2945
f 2948/2948/2948 2946/2946/2946 2947/2947/2947
f 2945/2945/2945 2946/2946/2946 2948/2948/2948
f 2950/2950/2950 2947/2947/2947 2949/2949/2949
f 2948/2948/2948 2947/2947/2947 2950/2950/2950
f 2952/2952/2952 2951/2951/2951 2949/2949/2949
f 2950/2950/2950 2949/2949/2949 2951/2951/2951
f 2954/2954/2954 2952/2952/2952 2953/2953/2953
f 2951/2951/2951 2952/2952/2952 2954/2954/2954
f 2955/2955/2955 2942/2942/2942 2926/2926/2926
f 2957/2957/2957 2956/2956/2956 2953/2953/2953
f 2954/2954/2954 2953/2953/2953 2956/2956/2956
f 2959/2959/2959 2957/2957/2957 2958/2958/2958
f 2956/2956/2956 2957/2957/2957 2959/2959/2959
f 2959/2959/2959 2958/2958/2958 2960/2960/2960
f 2962/2962/2962 2961/2961/2961 2958/2958/2958
f 2960/2960/2960 2958/2958/2958 2961/2961/2961
f 2964/2964/2964 2963/2963/2963 2962/2962/2962
f 2961/2961/2961 2962/2962/2962 2963/2963/2963
f 2963/2963/2963 2964/2964/2964 2965/2965/2965
f 2967/2967/2967 2966/2966/2966 2964/2964/2964
f 2965/2965/2965 2964/2964/2964 2966/2966/2966
f 2969/2969/2969 2968/2968/2968 2967/2967/2967
f 2966/2966/2966 2967/2967/2967 2968/2968/2968
f 2971/2971/2971 2970/2970/2970 2969/2969/2969
f 2968/2968/2968 2969/2969/2969 2970/2970/2970
f 2973/2973/2973 2972/2972/2972 2971/2971/2971
f 2970/2970/2970 2971/2971/2971 2972/2972/2972
f 2975/2975/2975 2974/2974/2974 2973/2973/2973
f 2972/2972/2972 2973/2973/2973 2974/2974/2974
f 2942/2942/2942 2955/2955/2955 2976/2976/2976
f 2978/2978/2978 2977/2977/2977 2975/2975/2975
f 2974/2974/2974 2975/2975/2975 2977/2977/2977
f 2980/2980/2980 2979/2979/2979 2978/2978/2978
f 2977/2977/2977 2978/2978/2978 2979/2979/2979
f 2979/2979/2979 2980/2980/2980 2981/2981/2981
f 2982/2982/2982 2976/2976/2976 2955/2955/2955
f 2984/2984/2984 2983/2983/2983 2980/2980/2980
f 2981/2981/2981 2980/2980/2980 2983/2983/2983
f 2986/2986/2986 2985/2985/2985 2984/2984/2984
f 2983/2983/2983 2984/2984/2984 2985/2985/2985
f 2988/2988/2988 2987/2987/2987 2986/2986/2986
f 2985/2985/2985 2986/2986/2986 2987/2987/2987
f 2990/2990/2990 2989/2989/2989 2988/2988/2988
f 2987/2987/2987 2988/2988/2988 2989/2989/2989
f 2976/2976/2976 2982/2982/2982 2991/2991/2991
f 2993/2993/2993 2992/2992/2992 2990/2990/2990
f 2989/2989/2989 2990/2990/2990 2992/2992/2992
f 2995/2995/2995 2994/2994/2994 2993/2993/2993
f 2992/2992/2992 2993/2993/2993 2994/2994/2994
f 2996/2996/2996 2991/2991/2991 2982/2982/2982
f 2994/2994/2994 2995/2995/2995 2997/2997/2997
f 2991/2991/2991 2999/2999/2999 2998/2998/2998
f 2999/2999/2999 2991/2991/2991 2996/2996/2996
f 3001/3001/3001 3000/3000/3000 2995/2995/2995
f 2997/2997/2997 2995/2995/2995 3000/3000/3000
f 3002/3002/3002 2998/2998/2998 2999/2999/2999
f 2998/2998/2998 3004/3004/3004 3003/3003/3003
f 3004/3004/3004 2998/2998/2998 3002/3002/3002
f 3006/3006/3006 3005/3005/3005 3001/3001/3001
f 3000/3000/3000 3001/3001/3001 3005/3005/3005
f 3007/3007/3007 3003/3003/3003 3004/3004/3004
f 3003/3003/3003 3007/3007/3007 3008/3008/3008
f 3010/3010/3010 3009/3009/3009 3006/3006/3006
f 3005/3005/3005 3006/3006/3006 3009/3009/3009
f 3008/3008/3008 3011/3011/3011 3010/3010/3010
f 3009/3009/3009 3010/3010/3010 3011/3011/3011
f 3011/3011/3011 3008/3008/3008 3007/3007/3007
